nohup: ignoring input
=== 2026-09-01T03:46:46+00:00 starting task9-stability-r5-f02-retry1
task4-progress stage=candidate-data run_id=task4-candidate-r5-task9-preexec-stability-task9-stability-r5-a2-fold-1 event=start
task4-progress stage=training run_id=task4-candidate-r5-task9-preexec-stability-task9-stability-r5-a2-fold-1 event=start device=cuda:0
task4-progress stage=training run_id=task4-candidate-r5-task9-preexec-stability-task9-stability-r5-a2-fold-1 epoch=1/100 event=start
task4-progress stage=training run_id=task4-candidate-r5-task9-preexec-stability-task9-stability-r5-a2-fold-1 epoch=1/100 event=complete
task4-progress stage=training run_id=task4-candidate-r5-task9-preexec-stability-task9-stability-r5-a2-fold-1 epoch=2/100 event=start
task4-progress stage=training run_id=task4-candidate-r5-task9-preexec-stability-task9-stability-r5-a2-fold-1 epoch=2/100 event=complete
task4-progress stage=training run_id=task4-candidate-r5-task9-preexec-stability-task9-stability-r5-a2-fold-1 epoch=3/100 event=start
task4-progress stage=training run_id=task4-candidate-r5-task9-preexec-stability-task9-stability-r5-a2-fold-1 epoch=3/100 event=complete
task4-progress stage=training run_id=task4-candidate-r5-task9-preexec-stability-task9-stability-r5-a2-fold-1 epoch=4/100 event=start
task4-progress stage=training run_id=task4-candidate-r5-task9-preexec-stability-task9-stability-r5-a2-fold-1 epoch=4/100 event=complete
task4-progress stage=training run_id=task4-candidate-r5-task9-preexec-stability-task9-stability-r5-a2-fold-1 epoch=5/100 event=start
task4-progress stage=training run_id=task4-candidate-r5-task9-preexec-stability-task9-stability-r5-a2-fold-1 epoch=5/100 event=complete
task4-progress stage=training run_id=task4-candidate-r5-task9-preexec-stability-task9-stability-r5-a2-fold-1 epoch=6/100 event=start
task4-progress stage=training run_id=task4-candidate-r5-task9-preexec-stability-task9-stability-r5-a2-fold-1 epoch=6/100 event=complete
task4-progress stage=training run_id=task4-candidate-r5-task9-preexec-stability-task9-stability-r5-a2-fold-1 epoch=7/100 event=start
task4-progress stage=training run_id=task4-candidate-r5-task9-preexec-stability-task9-stability-r5-a2-fold-1 epoch=7/100 event=complete
task4-progress stage=training run_id=task4-candidate-r5-task9-preexec-stability-task9-stability-r5-a2-fold-1 epoch=8/100 event=start
task4-progress stage=training run_id=task4-candidate-r5-task9-preexec-stability-task9-stability-r5-a2-fold-1 epoch=8/100 event=complete
task4-progress stage=training run_id=task4-candidate-r5-task9-preexec-stability-task9-stability-r5-a2-fold-1 epoch=9/100 event=start
task4-progress stage=training run_id=task4-candidate-r5-task9-preexec-stability-task9-stability-r5-a2-fold-1 epoch=9/100 event=complete
task4-progress stage=training run_id=task4-candidate-r5-task9-preexec-stability-task9-stability-r5-a2-fold-1 epoch=10/100 event=start
task4-progress stage=training run_id=task4-candidate-r5-task9-preexec-stability-task9-stability-r5-a2-fold-1 epoch=10/100 event=complete
task4-progress stage=training run_id=task4-candidate-r5-task9-preexec-stability-task9-stability-r5-a2-fold-1 epoch=11/100 event=start
task4-progress stage=training run_id=task4-candidate-r5-task9-preexec-stability-task9-stability-r5-a2-fold-1 epoch=11/100 event=complete
task4-progress stage=training run_id=task4-candidate-r5-task9-preexec-stability-task9-stability-r5-a2-fold-1 epoch=12/100 event=start
task4-progress stage=training run_id=task4-candidate-r5-task9-preexec-stability-task9-stability-r5-a2-fold-1 epoch=12/100 event=complete
task4-progress stage=training run_id=task4-candidate-r5-task9-preexec-stability-task9-stability-r5-a2-fold-1 epoch=13/100 event=start
task4-progress stage=training run_id=task4-candidate-r5-task9-preexec-stability-task9-stability-r5-a2-fold-1 epoch=13/100 event=complete
task4-progress stage=training run_id=task4-candidate-r5-task9-preexec-stability-task9-stability-r5-a2-fold-1 epoch=14/100 event=start
task4-progress stage=training run_id=task4-candidate-r5-task9-preexec-stability-task9-stability-r5-a2-fold-1 epoch=14/100 event=complete
task4-progress stage=training run_id=task4-candidate-r5-task9-preexec-stability-task9-stability-r5-a2-fold-1 epoch=15/100 event=start
task4-progress stage=training run_id=task4-candidate-r5-task9-preexec-stability-task9-stability-r5-a2-fold-1 epoch=15/100 event=complete
task4-progress stage=training run_id=task4-candidate-r5-task9-preexec-stability-task9-stability-r5-a2-fold-1 epoch=16/100 event=start
task4-progress stage=training run_id=task4-candidate-r5-task9-preexec-stability-task9-stability-r5-a2-fold-1 epoch=16/100 event=complete
task4-progress stage=training run_id=task4-candidate-r5-task9-preexec-stability-task9-stability-r5-a2-fold-1 epoch=17/100 event=start
task4-progress stage=training run_id=task4-candidate-r5-task9-preexec-stability-task9-stability-r5-a2-fold-1 epoch=17/100 event=complete
task4-progress stage=training run_id=task4-candidate-r5-task9-preexec-stability-task9-stability-r5-a2-fold-1 epoch=18/100 event=start
task4-progress stage=training run_id=task4-candidate-r5-task9-preexec-stability-task9-stability-r5-a2-fold-1 epoch=18/100 event=complete
task4-progress stage=training run_id=task4-candidate-r5-task9-preexec-stability-task9-stability-r5-a2-fold-1 epoch=19/100 event=start
task4-progress stage=training run_id=task4-candidate-r5-task9-preexec-stability-task9-stability-r5-a2-fold-1 epoch=19/100 event=complete
task4-progress stage=training run_id=task4-candidate-r5-task9-preexec-stability-task9-stability-r5-a2-fold-1 epoch=20/100 event=start
task4-progress stage=checkpoint run_id=task4-candidate-r5-task9-preexec-stability-task9-stability-r5-a2-fold-1 epoch=20 event=score
task4-progress stage=checkpoint run_id=task4-candidate-r5-task9-preexec-stability-task9-stability-r5-a2-fold-1 epoch=20 event=saved checkpoint_sha256=c167d7528573d6ffe143db3ea7010d975162aaf429734bfecf4b764cb45d9051
task4-progress stage=training run_id=task4-candidate-r5-task9-preexec-stability-task9-stability-r5-a2-fold-1 epoch=20/100 event=complete
task4-progress stage=training run_id=task4-candidate-r5-task9-preexec-stability-task9-stability-r5-a2-fold-1 epoch=21/100 event=start
task4-progress stage=training run_id=task4-candidate-r5-task9-preexec-stability-task9-stability-r5-a2-fold-1 epoch=21/100 event=complete
task4-progress stage=training run_id=task4-candidate-r5-task9-preexec-stability-task9-stability-r5-a2-fold-1 epoch=22/100 event=start
task4-progress stage=training run_id=task4-candidate-r5-task9-preexec-stability-task9-stability-r5-a2-fold-1 epoch=22/100 event=complete
task4-progress stage=training run_id=task4-candidate-r5-task9-preexec-stability-task9-stability-r5-a2-fold-1 epoch=23/100 event=start
task4-progress stage=training run_id=task4-candidate-r5-task9-preexec-stability-task9-stability-r5-a2-fold-1 epoch=23/100 event=complete
task4-progress stage=training run_id=task4-candidate-r5-task9-preexec-stability-task9-stability-r5-a2-fold-1 epoch=24/100 event=start
task4-progress stage=training run_id=task4-candidate-r5-task9-preexec-stability-task9-stability-r5-a2-fold-1 epoch=24/100 event=complete
task4-progress stage=training run_id=task4-candidate-r5-task9-preexec-stability-task9-stability-r5-a2-fold-1 epoch=25/100 event=start
task4-progress stage=training run_id=task4-candidate-r5-task9-preexec-stability-task9-stability-r5-a2-fold-1 epoch=25/100 event=complete
task4-progress stage=training run_id=task4-candidate-r5-task9-preexec-stability-task9-stability-r5-a2-fold-1 epoch=26/100 event=start
task4-progress stage=training run_id=task4-candidate-r5-task9-preexec-stability-task9-stability-r5-a2-fold-1 epoch=26/100 event=complete
task4-progress stage=training run_id=task4-candidate-r5-task9-preexec-stability-task9-stability-r5-a2-fold-1 epoch=27/100 event=start
task4-progress stage=training run_id=task4-candidate-r5-task9-preexec-stability-task9-stability-r5-a2-fold-1 epoch=27/100 event=complete
task4-progress stage=training run_id=task4-candidate-r5-task9-preexec-stability-task9-stability-r5-a2-fold-1 epoch=28/100 event=start
task4-progress stage=training run_id=task4-candidate-r5-task9-preexec-stability-task9-stability-r5-a2-fold-1 epoch=28/100 event=complete
task4-progress stage=training run_id=task4-candidate-r5-task9-preexec-stability-task9-stability-r5-a2-fold-1 epoch=29/100 event=start
task4-progress stage=training run_id=task4-candidate-r5-task9-preexec-stability-task9-stability-r5-a2-fold-1 epoch=29/100 event=complete
task4-progress stage=training run_id=task4-candidate-r5-task9-preexec-stability-task9-stability-r5-a2-fold-1 epoch=30/100 event=start
task4-progress stage=training run_id=task4-candidate-r5-task9-preexec-stability-task9-stability-r5-a2-fold-1 epoch=30/100 event=complete
task4-progress stage=training run_id=task4-candidate-r5-task9-preexec-stability-task9-stability-r5-a2-fold-1 epoch=31/100 event=start
task4-progress stage=training run_id=task4-candidate-r5-task9-preexec-stability-task9-stability-r5-a2-fold-1 epoch=31/100 event=complete
task4-progress stage=training run_id=task4-candidate-r5-task9-preexec-stability-task9-stability-r5-a2-fold-1 epoch=32/100 event=start
task4-progress stage=training run_id=task4-candidate-r5-task9-preexec-stability-task9-stability-r5-a2-fold-1 epoch=32/100 event=complete
task4-progress stage=training run_id=task4-candidate-r5-task9-preexec-stability-task9-stability-r5-a2-fold-1 epoch=33/100 event=start
task4-progress stage=training run_id=task4-candidate-r5-task9-preexec-stability-task9-stability-r5-a2-fold-1 epoch=33/100 event=complete
task4-progress stage=training run_id=task4-candidate-r5-task9-preexec-stability-task9-stability-r5-a2-fold-1 epoch=34/100 event=start
task4-progress stage=training run_id=task4-candidate-r5-task9-preexec-stability-task9-stability-r5-a2-fold-1 epoch=34/100 event=complete
task4-progress stage=training run_id=task4-candidate-r5-task9-preexec-stability-task9-stability-r5-a2-fold-1 epoch=35/100 event=start
task4-progress stage=training run_id=task4-candidate-r5-task9-preexec-stability-task9-stability-r5-a2-fold-1 epoch=35/100 event=complete
task4-progress stage=training run_id=task4-candidate-r5-task9-preexec-stability-task9-stability-r5-a2-fold-1 epoch=36/100 event=start
task4-progress stage=training run_id=task4-candidate-r5-task9-preexec-stability-task9-stability-r5-a2-fold-1 epoch=36/100 event=complete
task4-progress stage=training run_id=task4-candidate-r5-task9-preexec-stability-task9-stability-r5-a2-fold-1 epoch=37/100 event=start
task4-progress stage=training run_id=task4-candidate-r5-task9-preexec-stability-task9-stability-r5-a2-fold-1 epoch=37/100 event=complete
task4-progress stage=training run_id=task4-candidate-r5-task9-preexec-stability-task9-stability-r5-a2-fold-1 epoch=38/100 event=start
task4-progress stage=training run_id=task4-candidate-r5-task9-preexec-stability-task9-stability-r5-a2-fold-1 epoch=38/100 event=complete
task4-progress stage=training run_id=task4-candidate-r5-task9-preexec-stability-task9-stability-r5-a2-fold-1 epoch=39/100 event=start
task4-progress stage=training run_id=task4-candidate-r5-task9-preexec-stability-task9-stability-r5-a2-fold-1 epoch=39/100 event=complete
task4-progress stage=training run_id=task4-candidate-r5-task9-preexec-stability-task9-stability-r5-a2-fold-1 epoch=40/100 event=start
task4-progress stage=checkpoint run_id=task4-candidate-r5-task9-preexec-stability-task9-stability-r5-a2-fold-1 epoch=40 event=score
task4-progress stage=checkpoint run_id=task4-candidate-r5-task9-preexec-stability-task9-stability-r5-a2-fold-1 epoch=40 event=saved checkpoint_sha256=7f79c6c29697133addaecb56e05cd4a85c9f2287fc79039e72106416d8a09c7b
task4-progress stage=training run_id=task4-candidate-r5-task9-preexec-stability-task9-stability-r5-a2-fold-1 epoch=40/100 event=complete
task4-progress stage=training run_id=task4-candidate-r5-task9-preexec-stability-task9-stability-r5-a2-fold-1 epoch=41/100 event=start
task4-progress stage=training run_id=task4-candidate-r5-task9-preexec-stability-task9-stability-r5-a2-fold-1 epoch=41/100 event=complete
task4-progress stage=training run_id=task4-candidate-r5-task9-preexec-stability-task9-stability-r5-a2-fold-1 epoch=42/100 event=start
task4-progress stage=training run_id=task4-candidate-r5-task9-preexec-stability-task9-stability-r5-a2-fold-1 epoch=42/100 event=complete
task4-progress stage=training run_id=task4-candidate-r5-task9-preexec-stability-task9-stability-r5-a2-fold-1 epoch=43/100 event=start
task4-progress stage=training run_id=task4-candidate-r5-task9-preexec-stability-task9-stability-r5-a2-fold-1 epoch=43/100 event=complete
task4-progress stage=training run_id=task4-candidate-r5-task9-preexec-stability-task9-stability-r5-a2-fold-1 epoch=44/100 event=start
task4-progress stage=training run_id=task4-candidate-r5-task9-preexec-stability-task9-stability-r5-a2-fold-1 epoch=44/100 event=complete
task4-progress stage=training run_id=task4-candidate-r5-task9-preexec-stability-task9-stability-r5-a2-fold-1 epoch=45/100 event=start
task4-progress stage=training run_id=task4-candidate-r5-task9-preexec-stability-task9-stability-r5-a2-fold-1 epoch=45/100 event=complete
task4-progress stage=training run_id=task4-candidate-r5-task9-preexec-stability-task9-stability-r5-a2-fold-1 epoch=46/100 event=start
task4-progress stage=training run_id=task4-candidate-r5-task9-preexec-stability-task9-stability-r5-a2-fold-1 epoch=46/100 event=complete
task4-progress stage=training run_id=task4-candidate-r5-task9-preexec-stability-task9-stability-r5-a2-fold-1 epoch=47/100 event=start
task4-progress stage=training run_id=task4-candidate-r5-task9-preexec-stability-task9-stability-r5-a2-fold-1 epoch=47/100 event=complete
task4-progress stage=training run_id=task4-candidate-r5-task9-preexec-stability-task9-stability-r5-a2-fold-1 epoch=48/100 event=start
task4-progress stage=training run_id=task4-candidate-r5-task9-preexec-stability-task9-stability-r5-a2-fold-1 epoch=48/100 event=complete
task4-progress stage=training run_id=task4-candidate-r5-task9-preexec-stability-task9-stability-r5-a2-fold-1 epoch=49/100 event=start
task4-progress stage=training run_id=task4-candidate-r5-task9-preexec-stability-task9-stability-r5-a2-fold-1 epoch=49/100 event=complete
task4-progress stage=training run_id=task4-candidate-r5-task9-preexec-stability-task9-stability-r5-a2-fold-1 epoch=50/100 event=start
task4-progress stage=training run_id=task4-candidate-r5-task9-preexec-stability-task9-stability-r5-a2-fold-1 epoch=50/100 event=complete
task4-progress stage=training run_id=task4-candidate-r5-task9-preexec-stability-task9-stability-r5-a2-fold-1 epoch=51/100 event=start
task4-progress stage=training run_id=task4-candidate-r5-task9-preexec-stability-task9-stability-r5-a2-fold-1 epoch=51/100 event=complete
task4-progress stage=training run_id=task4-candidate-r5-task9-preexec-stability-task9-stability-r5-a2-fold-1 epoch=52/100 event=start
task4-progress stage=training run_id=task4-candidate-r5-task9-preexec-stability-task9-stability-r5-a2-fold-1 epoch=52/100 event=complete
task4-progress stage=training run_id=task4-candidate-r5-task9-preexec-stability-task9-stability-r5-a2-fold-1 epoch=53/100 event=start
task4-progress stage=training run_id=task4-candidate-r5-task9-preexec-stability-task9-stability-r5-a2-fold-1 epoch=53/100 event=complete
task4-progress stage=training run_id=task4-candidate-r5-task9-preexec-stability-task9-stability-r5-a2-fold-1 epoch=54/100 event=start
task4-progress stage=training run_id=task4-candidate-r5-task9-preexec-stability-task9-stability-r5-a2-fold-1 epoch=54/100 event=complete
task4-progress stage=training run_id=task4-candidate-r5-task9-preexec-stability-task9-stability-r5-a2-fold-1 epoch=55/100 event=start
task4-progress stage=training run_id=task4-candidate-r5-task9-preexec-stability-task9-stability-r5-a2-fold-1 epoch=55/100 event=complete
task4-progress stage=training run_id=task4-candidate-r5-task9-preexec-stability-task9-stability-r5-a2-fold-1 epoch=56/100 event=start
task4-progress stage=training run_id=task4-candidate-r5-task9-preexec-stability-task9-stability-r5-a2-fold-1 epoch=56/100 event=complete
task4-progress stage=training run_id=task4-candidate-r5-task9-preexec-stability-task9-stability-r5-a2-fold-1 epoch=57/100 event=start
task4-progress stage=training run_id=task4-candidate-r5-task9-preexec-stability-task9-stability-r5-a2-fold-1 epoch=57/100 event=complete
task4-progress stage=training run_id=task4-candidate-r5-task9-preexec-stability-task9-stability-r5-a2-fold-1 epoch=58/100 event=start
task4-progress stage=training run_id=task4-candidate-r5-task9-preexec-stability-task9-stability-r5-a2-fold-1 epoch=58/100 event=complete
task4-progress stage=training run_id=task4-candidate-r5-task9-preexec-stability-task9-stability-r5-a2-fold-1 epoch=59/100 event=start
task4-progress stage=training run_id=task4-candidate-r5-task9-preexec-stability-task9-stability-r5-a2-fold-1 epoch=59/100 event=complete
task4-progress stage=training run_id=task4-candidate-r5-task9-preexec-stability-task9-stability-r5-a2-fold-1 epoch=60/100 event=start
task4-progress stage=checkpoint run_id=task4-candidate-r5-task9-preexec-stability-task9-stability-r5-a2-fold-1 epoch=60 event=score
task4-progress stage=checkpoint run_id=task4-candidate-r5-task9-preexec-stability-task9-stability-r5-a2-fold-1 epoch=60 event=saved checkpoint_sha256=d4aaaab3b7dc72aa80da557970b1e2c94bd385ea6acd9efc22d47ef65280e187
task4-progress stage=training run_id=task4-candidate-r5-task9-preexec-stability-task9-stability-r5-a2-fold-1 epoch=60/100 event=complete
task4-progress stage=training run_id=task4-candidate-r5-task9-preexec-stability-task9-stability-r5-a2-fold-1 epoch=61/100 event=start
task4-progress stage=training run_id=task4-candidate-r5-task9-preexec-stability-task9-stability-r5-a2-fold-1 epoch=61/100 event=complete
task4-progress stage=training run_id=task4-candidate-r5-task9-preexec-stability-task9-stability-r5-a2-fold-1 epoch=62/100 event=start
task4-progress stage=training run_id=task4-candidate-r5-task9-preexec-stability-task9-stability-r5-a2-fold-1 epoch=62/100 event=complete
task4-progress stage=training run_id=task4-candidate-r5-task9-preexec-stability-task9-stability-r5-a2-fold-1 epoch=63/100 event=start
task4-progress stage=training run_id=task4-candidate-r5-task9-preexec-stability-task9-stability-r5-a2-fold-1 epoch=63/100 event=complete
task4-progress stage=training run_id=task4-candidate-r5-task9-preexec-stability-task9-stability-r5-a2-fold-1 epoch=64/100 event=start
task4-progress stage=training run_id=task4-candidate-r5-task9-preexec-stability-task9-stability-r5-a2-fold-1 epoch=64/100 event=complete
task4-progress stage=training run_id=task4-candidate-r5-task9-preexec-stability-task9-stability-r5-a2-fold-1 epoch=65/100 event=start
task4-progress stage=training run_id=task4-candidate-r5-task9-preexec-stability-task9-stability-r5-a2-fold-1 epoch=65/100 event=complete
task4-progress stage=training run_id=task4-candidate-r5-task9-preexec-stability-task9-stability-r5-a2-fold-1 epoch=66/100 event=start
task4-progress stage=training run_id=task4-candidate-r5-task9-preexec-stability-task9-stability-r5-a2-fold-1 epoch=66/100 event=complete
task4-progress stage=training run_id=task4-candidate-r5-task9-preexec-stability-task9-stability-r5-a2-fold-1 epoch=67/100 event=start
task4-progress stage=training run_id=task4-candidate-r5-task9-preexec-stability-task9-stability-r5-a2-fold-1 epoch=67/100 event=complete
task4-progress stage=training run_id=task4-candidate-r5-task9-preexec-stability-task9-stability-r5-a2-fold-1 epoch=68/100 event=start
task4-progress stage=training run_id=task4-candidate-r5-task9-preexec-stability-task9-stability-r5-a2-fold-1 epoch=68/100 event=complete
task4-progress stage=training run_id=task4-candidate-r5-task9-preexec-stability-task9-stability-r5-a2-fold-1 epoch=69/100 event=start
task4-progress stage=training run_id=task4-candidate-r5-task9-preexec-stability-task9-stability-r5-a2-fold-1 epoch=69/100 event=complete
task4-progress stage=training run_id=task4-candidate-r5-task9-preexec-stability-task9-stability-r5-a2-fold-1 epoch=70/100 event=start
task4-progress stage=training run_id=task4-candidate-r5-task9-preexec-stability-task9-stability-r5-a2-fold-1 epoch=70/100 event=complete
task4-progress stage=training run_id=task4-candidate-r5-task9-preexec-stability-task9-stability-r5-a2-fold-1 epoch=71/100 event=start
task4-progress stage=training run_id=task4-candidate-r5-task9-preexec-stability-task9-stability-r5-a2-fold-1 epoch=71/100 event=complete
task4-progress stage=training run_id=task4-candidate-r5-task9-preexec-stability-task9-stability-r5-a2-fold-1 epoch=72/100 event=start
task4-progress stage=training run_id=task4-candidate-r5-task9-preexec-stability-task9-stability-r5-a2-fold-1 epoch=72/100 event=complete
task4-progress stage=training run_id=task4-candidate-r5-task9-preexec-stability-task9-stability-r5-a2-fold-1 epoch=73/100 event=start
task4-progress stage=training run_id=task4-candidate-r5-task9-preexec-stability-task9-stability-r5-a2-fold-1 epoch=73/100 event=complete
task4-progress stage=training run_id=task4-candidate-r5-task9-preexec-stability-task9-stability-r5-a2-fold-1 epoch=74/100 event=start
task4-progress stage=training run_id=task4-candidate-r5-task9-preexec-stability-task9-stability-r5-a2-fold-1 epoch=74/100 event=complete
task4-progress stage=training run_id=task4-candidate-r5-task9-preexec-stability-task9-stability-r5-a2-fold-1 epoch=75/100 event=start
task4-progress stage=training run_id=task4-candidate-r5-task9-preexec-stability-task9-stability-r5-a2-fold-1 epoch=75/100 event=complete
task4-progress stage=training run_id=task4-candidate-r5-task9-preexec-stability-task9-stability-r5-a2-fold-1 epoch=76/100 event=start
task4-progress stage=training run_id=task4-candidate-r5-task9-preexec-stability-task9-stability-r5-a2-fold-1 epoch=76/100 event=complete
task4-progress stage=training run_id=task4-candidate-r5-task9-preexec-stability-task9-stability-r5-a2-fold-1 epoch=77/100 event=start
task4-progress stage=training run_id=task4-candidate-r5-task9-preexec-stability-task9-stability-r5-a2-fold-1 epoch=77/100 event=complete
task4-progress stage=training run_id=task4-candidate-r5-task9-preexec-stability-task9-stability-r5-a2-fold-1 epoch=78/100 event=start
task4-progress stage=training run_id=task4-candidate-r5-task9-preexec-stability-task9-stability-r5-a2-fold-1 epoch=78/100 event=complete
task4-progress stage=training run_id=task4-candidate-r5-task9-preexec-stability-task9-stability-r5-a2-fold-1 epoch=79/100 event=start
task4-progress stage=training run_id=task4-candidate-r5-task9-preexec-stability-task9-stability-r5-a2-fold-1 epoch=79/100 event=complete
task4-progress stage=training run_id=task4-candidate-r5-task9-preexec-stability-task9-stability-r5-a2-fold-1 epoch=80/100 event=start
task4-progress stage=checkpoint run_id=task4-candidate-r5-task9-preexec-stability-task9-stability-r5-a2-fold-1 epoch=80 event=score
task4-progress stage=checkpoint run_id=task4-candidate-r5-task9-preexec-stability-task9-stability-r5-a2-fold-1 epoch=80 event=saved checkpoint_sha256=0b7b90d6a39a094516d11b404881a3dbfaf327a390a3341a6295f58d08153f91
task4-progress stage=training run_id=task4-candidate-r5-task9-preexec-stability-task9-stability-r5-a2-fold-1 epoch=80/100 event=complete
task4-progress stage=training run_id=task4-candidate-r5-task9-preexec-stability-task9-stability-r5-a2-fold-1 epoch=81/100 event=start
task4-progress stage=training run_id=task4-candidate-r5-task9-preexec-stability-task9-stability-r5-a2-fold-1 epoch=81/100 event=complete
task4-progress stage=training run_id=task4-candidate-r5-task9-preexec-stability-task9-stability-r5-a2-fold-1 epoch=82/100 event=start
task4-progress stage=training run_id=task4-candidate-r5-task9-preexec-stability-task9-stability-r5-a2-fold-1 epoch=82/100 event=complete
task4-progress stage=training run_id=task4-candidate-r5-task9-preexec-stability-task9-stability-r5-a2-fold-1 epoch=83/100 event=start
task4-progress stage=training run_id=task4-candidate-r5-task9-preexec-stability-task9-stability-r5-a2-fold-1 epoch=83/100 event=complete
task4-progress stage=training run_id=task4-candidate-r5-task9-preexec-stability-task9-stability-r5-a2-fold-1 epoch=84/100 event=start
task4-progress stage=training run_id=task4-candidate-r5-task9-preexec-stability-task9-stability-r5-a2-fold-1 epoch=84/100 event=complete
task4-progress stage=training run_id=task4-candidate-r5-task9-preexec-stability-task9-stability-r5-a2-fold-1 epoch=85/100 event=start
task4-progress stage=training run_id=task4-candidate-r5-task9-preexec-stability-task9-stability-r5-a2-fold-1 epoch=85/100 event=complete
task4-progress stage=training run_id=task4-candidate-r5-task9-preexec-stability-task9-stability-r5-a2-fold-1 epoch=86/100 event=start
task4-progress stage=training run_id=task4-candidate-r5-task9-preexec-stability-task9-stability-r5-a2-fold-1 epoch=86/100 event=complete
task4-progress stage=training run_id=task4-candidate-r5-task9-preexec-stability-task9-stability-r5-a2-fold-1 epoch=87/100 event=start
task4-progress stage=training run_id=task4-candidate-r5-task9-preexec-stability-task9-stability-r5-a2-fold-1 epoch=87/100 event=complete
task4-progress stage=training run_id=task4-candidate-r5-task9-preexec-stability-task9-stability-r5-a2-fold-1 epoch=88/100 event=start
task4-progress stage=training run_id=task4-candidate-r5-task9-preexec-stability-task9-stability-r5-a2-fold-1 epoch=88/100 event=complete
task4-progress stage=training run_id=task4-candidate-r5-task9-preexec-stability-task9-stability-r5-a2-fold-1 epoch=89/100 event=start
task4-progress stage=training run_id=task4-candidate-r5-task9-preexec-stability-task9-stability-r5-a2-fold-1 epoch=89/100 event=complete
task4-progress stage=training run_id=task4-candidate-r5-task9-preexec-stability-task9-stability-r5-a2-fold-1 epoch=90/100 event=start
task4-progress stage=training run_id=task4-candidate-r5-task9-preexec-stability-task9-stability-r5-a2-fold-1 epoch=90/100 event=complete
task4-progress stage=training run_id=task4-candidate-r5-task9-preexec-stability-task9-stability-r5-a2-fold-1 epoch=91/100 event=start
task4-progress stage=training run_id=task4-candidate-r5-task9-preexec-stability-task9-stability-r5-a2-fold-1 epoch=91/100 event=complete
task4-progress stage=training run_id=task4-candidate-r5-task9-preexec-stability-task9-stability-r5-a2-fold-1 epoch=92/100 event=start
task4-progress stage=training run_id=task4-candidate-r5-task9-preexec-stability-task9-stability-r5-a2-fold-1 epoch=92/100 event=complete
task4-progress stage=training run_id=task4-candidate-r5-task9-preexec-stability-task9-stability-r5-a2-fold-1 epoch=93/100 event=start
task4-progress stage=training run_id=task4-candidate-r5-task9-preexec-stability-task9-stability-r5-a2-fold-1 epoch=93/100 event=complete
task4-progress stage=training run_id=task4-candidate-r5-task9-preexec-stability-task9-stability-r5-a2-fold-1 epoch=94/100 event=start
task4-progress stage=training run_id=task4-candidate-r5-task9-preexec-stability-task9-stability-r5-a2-fold-1 epoch=94/100 event=complete
task4-progress stage=training run_id=task4-candidate-r5-task9-preexec-stability-task9-stability-r5-a2-fold-1 epoch=95/100 event=start
task4-progress stage=training run_id=task4-candidate-r5-task9-preexec-stability-task9-stability-r5-a2-fold-1 epoch=95/100 event=complete
task4-progress stage=training run_id=task4-candidate-r5-task9-preexec-stability-task9-stability-r5-a2-fold-1 epoch=96/100 event=start
task4-progress stage=training run_id=task4-candidate-r5-task9-preexec-stability-task9-stability-r5-a2-fold-1 epoch=96/100 event=complete
task4-progress stage=training run_id=task4-candidate-r5-task9-preexec-stability-task9-stability-r5-a2-fold-1 epoch=97/100 event=start
task4-progress stage=training run_id=task4-candidate-r5-task9-preexec-stability-task9-stability-r5-a2-fold-1 epoch=97/100 event=complete
task4-progress stage=training run_id=task4-candidate-r5-task9-preexec-stability-task9-stability-r5-a2-fold-1 epoch=98/100 event=start
task4-progress stage=training run_id=task4-candidate-r5-task9-preexec-stability-task9-stability-r5-a2-fold-1 epoch=98/100 event=complete
task4-progress stage=training run_id=task4-candidate-r5-task9-preexec-stability-task9-stability-r5-a2-fold-1 epoch=99/100 event=start
task4-progress stage=training run_id=task4-candidate-r5-task9-preexec-stability-task9-stability-r5-a2-fold-1 epoch=99/100 event=complete
task4-progress stage=training run_id=task4-candidate-r5-task9-preexec-stability-task9-stability-r5-a2-fold-1 epoch=100/100 event=start
task4-progress stage=checkpoint run_id=task4-candidate-r5-task9-preexec-stability-task9-stability-r5-a2-fold-1 epoch=100 event=score
task4-progress stage=checkpoint run_id=task4-candidate-r5-task9-preexec-stability-task9-stability-r5-a2-fold-1 epoch=100 event=saved checkpoint_sha256=397271445b046df985796e0807848bcbf0179b2995e138e3af27e8e190ea658e
task4-progress stage=training run_id=task4-candidate-r5-task9-preexec-stability-task9-stability-r5-a2-fold-1 epoch=100/100 event=complete
task4-progress stage=training run_id=task4-candidate-r5-task9-preexec-stability-task9-stability-r5-a2-fold-1 event=complete
task4-progress stage=evidence run_id=task4-candidate-r5-task9-preexec-stability-task9-stability-r5-a2-fold-1 event=start device=cuda:0
task4-progress stage=stability-evidence run_id=task4-candidate-r5-task9-preexec-stability-task9-stability-r5-a2-fold-1 event=feature-cache device=cuda:0
task4-progress stage=stability-evidence run_id=task4-candidate-r5-task9-preexec-stability-task9-stability-r5-a2-fold-1 event=primary-score
task4-progress stage=evidence run_id=task4-candidate-r5-task9-preexec-stability-task9-stability-r5-a2-fold-1 event=complete
stability: restartable package results/evidence/task4/phase_results/task9-stability-r5-f02-retry1-result.json
=== 2026-09-01T14:46:11+00:00 finished task9-stability-r5-f02-retry1
=== 2026-09-01T14:46:11+00:00 starting task9-stability-r5-f03
task4-progress stage=candidate-data run_id=task4-candidate-r5-task9-preexec-stability-task9-stability-r5-a1-fold-2 event=start
task4-progress stage=training run_id=task4-candidate-r5-task9-preexec-stability-task9-stability-r5-a1-fold-2 event=start device=cuda:0
task4-progress stage=training run_id=task4-candidate-r5-task9-preexec-stability-task9-stability-r5-a1-fold-2 epoch=1/100 event=start
task4-progress stage=training run_id=task4-candidate-r5-task9-preexec-stability-task9-stability-r5-a1-fold-2 epoch=1/100 event=complete
task4-progress stage=training run_id=task4-candidate-r5-task9-preexec-stability-task9-stability-r5-a1-fold-2 epoch=2/100 event=start
task4-progress stage=training run_id=task4-candidate-r5-task9-preexec-stability-task9-stability-r5-a1-fold-2 epoch=2/100 event=complete
task4-progress stage=training run_id=task4-candidate-r5-task9-preexec-stability-task9-stability-r5-a1-fold-2 epoch=3/100 event=start
task4-progress stage=training run_id=task4-candidate-r5-task9-preexec-stability-task9-stability-r5-a1-fold-2 epoch=3/100 event=complete
task4-progress stage=training run_id=task4-candidate-r5-task9-preexec-stability-task9-stability-r5-a1-fold-2 epoch=4/100 event=start
task4-progress stage=training run_id=task4-candidate-r5-task9-preexec-stability-task9-stability-r5-a1-fold-2 epoch=4/100 event=complete
task4-progress stage=training run_id=task4-candidate-r5-task9-preexec-stability-task9-stability-r5-a1-fold-2 epoch=5/100 event=start
task4-progress stage=training run_id=task4-candidate-r5-task9-preexec-stability-task9-stability-r5-a1-fold-2 epoch=5/100 event=complete
task4-progress stage=training run_id=task4-candidate-r5-task9-preexec-stability-task9-stability-r5-a1-fold-2 epoch=6/100 event=start
task4-progress stage=training run_id=task4-candidate-r5-task9-preexec-stability-task9-stability-r5-a1-fold-2 epoch=6/100 event=complete
task4-progress stage=training run_id=task4-candidate-r5-task9-preexec-stability-task9-stability-r5-a1-fold-2 epoch=7/100 event=start
task4-progress stage=training run_id=task4-candidate-r5-task9-preexec-stability-task9-stability-r5-a1-fold-2 epoch=7/100 event=complete
task4-progress stage=training run_id=task4-candidate-r5-task9-preexec-stability-task9-stability-r5-a1-fold-2 epoch=8/100 event=start
task4-progress stage=training run_id=task4-candidate-r5-task9-preexec-stability-task9-stability-r5-a1-fold-2 epoch=8/100 event=complete
task4-progress stage=training run_id=task4-candidate-r5-task9-preexec-stability-task9-stability-r5-a1-fold-2 epoch=9/100 event=start
task4-progress stage=training run_id=task4-candidate-r5-task9-preexec-stability-task9-stability-r5-a1-fold-2 epoch=9/100 event=complete
task4-progress stage=training run_id=task4-candidate-r5-task9-preexec-stability-task9-stability-r5-a1-fold-2 epoch=10/100 event=start
task4-progress stage=training run_id=task4-candidate-r5-task9-preexec-stability-task9-stability-r5-a1-fold-2 epoch=10/100 event=complete
task4-progress stage=training run_id=task4-candidate-r5-task9-preexec-stability-task9-stability-r5-a1-fold-2 epoch=11/100 event=start
task4-progress stage=training run_id=task4-candidate-r5-task9-preexec-stability-task9-stability-r5-a1-fold-2 epoch=11/100 event=complete
task4-progress stage=training run_id=task4-candidate-r5-task9-preexec-stability-task9-stability-r5-a1-fold-2 epoch=12/100 event=start
task4-progress stage=training run_id=task4-candidate-r5-task9-preexec-stability-task9-stability-r5-a1-fold-2 epoch=12/100 event=complete
task4-progress stage=training run_id=task4-candidate-r5-task9-preexec-stability-task9-stability-r5-a1-fold-2 epoch=13/100 event=start
task4-progress stage=training run_id=task4-candidate-r5-task9-preexec-stability-task9-stability-r5-a1-fold-2 epoch=13/100 event=complete
task4-progress stage=training run_id=task4-candidate-r5-task9-preexec-stability-task9-stability-r5-a1-fold-2 epoch=14/100 event=start
task4-progress stage=training run_id=task4-candidate-r5-task9-preexec-stability-task9-stability-r5-a1-fold-2 epoch=14/100 event=complete
task4-progress stage=training run_id=task4-candidate-r5-task9-preexec-stability-task9-stability-r5-a1-fold-2 epoch=15/100 event=start
task4-progress stage=training run_id=task4-candidate-r5-task9-preexec-stability-task9-stability-r5-a1-fold-2 epoch=15/100 event=complete
task4-progress stage=training run_id=task4-candidate-r5-task9-preexec-stability-task9-stability-r5-a1-fold-2 epoch=16/100 event=start
task4-progress stage=training run_id=task4-candidate-r5-task9-preexec-stability-task9-stability-r5-a1-fold-2 epoch=16/100 event=complete
task4-progress stage=training run_id=task4-candidate-r5-task9-preexec-stability-task9-stability-r5-a1-fold-2 epoch=17/100 event=start
task4-progress stage=training run_id=task4-candidate-r5-task9-preexec-stability-task9-stability-r5-a1-fold-2 epoch=17/100 event=complete
task4-progress stage=training run_id=task4-candidate-r5-task9-preexec-stability-task9-stability-r5-a1-fold-2 epoch=18/100 event=start
task4-progress stage=training run_id=task4-candidate-r5-task9-preexec-stability-task9-stability-r5-a1-fold-2 epoch=18/100 event=complete
task4-progress stage=training run_id=task4-candidate-r5-task9-preexec-stability-task9-stability-r5-a1-fold-2 epoch=19/100 event=start
task4-progress stage=training run_id=task4-candidate-r5-task9-preexec-stability-task9-stability-r5-a1-fold-2 epoch=19/100 event=complete
task4-progress stage=training run_id=task4-candidate-r5-task9-preexec-stability-task9-stability-r5-a1-fold-2 epoch=20/100 event=start
task4-progress stage=checkpoint run_id=task4-candidate-r5-task9-preexec-stability-task9-stability-r5-a1-fold-2 epoch=20 event=score
task4-progress stage=checkpoint run_id=task4-candidate-r5-task9-preexec-stability-task9-stability-r5-a1-fold-2 epoch=20 event=saved checkpoint_sha256=70998a71614f23a35696d2108a5d31fe856bf508a3a689fbe475a47b3f6b30e6
task4-progress stage=training run_id=task4-candidate-r5-task9-preexec-stability-task9-stability-r5-a1-fold-2 epoch=20/100 event=complete
task4-progress stage=training run_id=task4-candidate-r5-task9-preexec-stability-task9-stability-r5-a1-fold-2 epoch=21/100 event=start
task4-progress stage=training run_id=task4-candidate-r5-task9-preexec-stability-task9-stability-r5-a1-fold-2 epoch=21/100 event=complete
task4-progress stage=training run_id=task4-candidate-r5-task9-preexec-stability-task9-stability-r5-a1-fold-2 epoch=22/100 event=start
task4-progress stage=training run_id=task4-candidate-r5-task9-preexec-stability-task9-stability-r5-a1-fold-2 epoch=22/100 event=complete
task4-progress stage=training run_id=task4-candidate-r5-task9-preexec-stability-task9-stability-r5-a1-fold-2 epoch=23/100 event=start
task4-progress stage=training run_id=task4-candidate-r5-task9-preexec-stability-task9-stability-r5-a1-fold-2 epoch=23/100 event=complete
task4-progress stage=training run_id=task4-candidate-r5-task9-preexec-stability-task9-stability-r5-a1-fold-2 epoch=24/100 event=start
task4-progress stage=training run_id=task4-candidate-r5-task9-preexec-stability-task9-stability-r5-a1-fold-2 epoch=24/100 event=complete
task4-progress stage=training run_id=task4-candidate-r5-task9-preexec-stability-task9-stability-r5-a1-fold-2 epoch=25/100 event=start
task4-progress stage=training run_id=task4-candidate-r5-task9-preexec-stability-task9-stability-r5-a1-fold-2 epoch=25/100 event=complete
task4-progress stage=training run_id=task4-candidate-r5-task9-preexec-stability-task9-stability-r5-a1-fold-2 epoch=26/100 event=start
task4-progress stage=training run_id=task4-candidate-r5-task9-preexec-stability-task9-stability-r5-a1-fold-2 epoch=26/100 event=complete
task4-progress stage=training run_id=task4-candidate-r5-task9-preexec-stability-task9-stability-r5-a1-fold-2 epoch=27/100 event=start
task4-progress stage=training run_id=task4-candidate-r5-task9-preexec-stability-task9-stability-r5-a1-fold-2 epoch=27/100 event=complete
task4-progress stage=training run_id=task4-candidate-r5-task9-preexec-stability-task9-stability-r5-a1-fold-2 epoch=28/100 event=start
task4-progress stage=training run_id=task4-candidate-r5-task9-preexec-stability-task9-stability-r5-a1-fold-2 epoch=28/100 event=complete
task4-progress stage=training run_id=task4-candidate-r5-task9-preexec-stability-task9-stability-r5-a1-fold-2 epoch=29/100 event=start
task4-progress stage=training run_id=task4-candidate-r5-task9-preexec-stability-task9-stability-r5-a1-fold-2 epoch=29/100 event=complete
task4-progress stage=training run_id=task4-candidate-r5-task9-preexec-stability-task9-stability-r5-a1-fold-2 epoch=30/100 event=start
task4-progress stage=training run_id=task4-candidate-r5-task9-preexec-stability-task9-stability-r5-a1-fold-2 epoch=30/100 event=complete
task4-progress stage=training run_id=task4-candidate-r5-task9-preexec-stability-task9-stability-r5-a1-fold-2 epoch=31/100 event=start
task4-progress stage=training run_id=task4-candidate-r5-task9-preexec-stability-task9-stability-r5-a1-fold-2 epoch=31/100 event=complete
task4-progress stage=training run_id=task4-candidate-r5-task9-preexec-stability-task9-stability-r5-a1-fold-2 epoch=32/100 event=start
task4-progress stage=training run_id=task4-candidate-r5-task9-preexec-stability-task9-stability-r5-a1-fold-2 epoch=32/100 event=complete
task4-progress stage=training run_id=task4-candidate-r5-task9-preexec-stability-task9-stability-r5-a1-fold-2 epoch=33/100 event=start
task4-progress stage=training run_id=task4-candidate-r5-task9-preexec-stability-task9-stability-r5-a1-fold-2 epoch=33/100 event=complete
task4-progress stage=training run_id=task4-candidate-r5-task9-preexec-stability-task9-stability-r5-a1-fold-2 epoch=34/100 event=start
task4-progress stage=training run_id=task4-candidate-r5-task9-preexec-stability-task9-stability-r5-a1-fold-2 epoch=34/100 event=complete
task4-progress stage=training run_id=task4-candidate-r5-task9-preexec-stability-task9-stability-r5-a1-fold-2 epoch=35/100 event=start
task4-progress stage=training run_id=task4-candidate-r5-task9-preexec-stability-task9-stability-r5-a1-fold-2 epoch=35/100 event=complete
task4-progress stage=training run_id=task4-candidate-r5-task9-preexec-stability-task9-stability-r5-a1-fold-2 epoch=36/100 event=start
task4-progress stage=training run_id=task4-candidate-r5-task9-preexec-stability-task9-stability-r5-a1-fold-2 epoch=36/100 event=complete
task4-progress stage=training run_id=task4-candidate-r5-task9-preexec-stability-task9-stability-r5-a1-fold-2 epoch=37/100 event=start
task4-progress stage=training run_id=task4-candidate-r5-task9-preexec-stability-task9-stability-r5-a1-fold-2 epoch=37/100 event=complete
task4-progress stage=training run_id=task4-candidate-r5-task9-preexec-stability-task9-stability-r5-a1-fold-2 epoch=38/100 event=start
task4-progress stage=training run_id=task4-candidate-r5-task9-preexec-stability-task9-stability-r5-a1-fold-2 epoch=38/100 event=complete
task4-progress stage=training run_id=task4-candidate-r5-task9-preexec-stability-task9-stability-r5-a1-fold-2 epoch=39/100 event=start
task4-progress stage=training run_id=task4-candidate-r5-task9-preexec-stability-task9-stability-r5-a1-fold-2 epoch=39/100 event=complete
task4-progress stage=training run_id=task4-candidate-r5-task9-preexec-stability-task9-stability-r5-a1-fold-2 epoch=40/100 event=start
task4-progress stage=checkpoint run_id=task4-candidate-r5-task9-preexec-stability-task9-stability-r5-a1-fold-2 epoch=40 event=score
task4-progress stage=checkpoint run_id=task4-candidate-r5-task9-preexec-stability-task9-stability-r5-a1-fold-2 epoch=40 event=saved checkpoint_sha256=19ae9949b582baccb4e05c0d3543ccb2dc738f9873d9a02fa3f4f0015f290088
task4-progress stage=training run_id=task4-candidate-r5-task9-preexec-stability-task9-stability-r5-a1-fold-2 epoch=40/100 event=complete
task4-progress stage=training run_id=task4-candidate-r5-task9-preexec-stability-task9-stability-r5-a1-fold-2 epoch=41/100 event=start
task4-progress stage=training run_id=task4-candidate-r5-task9-preexec-stability-task9-stability-r5-a1-fold-2 epoch=41/100 event=complete
task4-progress stage=training run_id=task4-candidate-r5-task9-preexec-stability-task9-stability-r5-a1-fold-2 epoch=42/100 event=start
task4-progress stage=training run_id=task4-candidate-r5-task9-preexec-stability-task9-stability-r5-a1-fold-2 epoch=42/100 event=complete
task4-progress stage=training run_id=task4-candidate-r5-task9-preexec-stability-task9-stability-r5-a1-fold-2 epoch=43/100 event=start
task4-progress stage=training run_id=task4-candidate-r5-task9-preexec-stability-task9-stability-r5-a1-fold-2 epoch=43/100 event=complete
task4-progress stage=training run_id=task4-candidate-r5-task9-preexec-stability-task9-stability-r5-a1-fold-2 epoch=44/100 event=start
task4-progress stage=training run_id=task4-candidate-r5-task9-preexec-stability-task9-stability-r5-a1-fold-2 epoch=44/100 event=complete
task4-progress stage=training run_id=task4-candidate-r5-task9-preexec-stability-task9-stability-r5-a1-fold-2 epoch=45/100 event=start
task4-progress stage=training run_id=task4-candidate-r5-task9-preexec-stability-task9-stability-r5-a1-fold-2 epoch=45/100 event=complete
task4-progress stage=training run_id=task4-candidate-r5-task9-preexec-stability-task9-stability-r5-a1-fold-2 epoch=46/100 event=start
task4-progress stage=training run_id=task4-candidate-r5-task9-preexec-stability-task9-stability-r5-a1-fold-2 epoch=46/100 event=complete
task4-progress stage=training run_id=task4-candidate-r5-task9-preexec-stability-task9-stability-r5-a1-fold-2 epoch=47/100 event=start
task4-progress stage=training run_id=task4-candidate-r5-task9-preexec-stability-task9-stability-r5-a1-fold-2 epoch=47/100 event=complete
task4-progress stage=training run_id=task4-candidate-r5-task9-preexec-stability-task9-stability-r5-a1-fold-2 epoch=48/100 event=start
task4-progress stage=training run_id=task4-candidate-r5-task9-preexec-stability-task9-stability-r5-a1-fold-2 epoch=48/100 event=complete
task4-progress stage=training run_id=task4-candidate-r5-task9-preexec-stability-task9-stability-r5-a1-fold-2 epoch=49/100 event=start
task4-progress stage=training run_id=task4-candidate-r5-task9-preexec-stability-task9-stability-r5-a1-fold-2 epoch=49/100 event=complete
task4-progress stage=training run_id=task4-candidate-r5-task9-preexec-stability-task9-stability-r5-a1-fold-2 epoch=50/100 event=start
task4-progress stage=training run_id=task4-candidate-r5-task9-preexec-stability-task9-stability-r5-a1-fold-2 epoch=50/100 event=complete
task4-progress stage=training run_id=task4-candidate-r5-task9-preexec-stability-task9-stability-r5-a1-fold-2 epoch=51/100 event=start
task4-progress stage=training run_id=task4-candidate-r5-task9-preexec-stability-task9-stability-r5-a1-fold-2 epoch=51/100 event=complete
task4-progress stage=training run_id=task4-candidate-r5-task9-preexec-stability-task9-stability-r5-a1-fold-2 epoch=52/100 event=start
task4-progress stage=training run_id=task4-candidate-r5-task9-preexec-stability-task9-stability-r5-a1-fold-2 epoch=52/100 event=complete
task4-progress stage=training run_id=task4-candidate-r5-task9-preexec-stability-task9-stability-r5-a1-fold-2 epoch=53/100 event=start
task4-progress stage=training run_id=task4-candidate-r5-task9-preexec-stability-task9-stability-r5-a1-fold-2 epoch=53/100 event=complete
task4-progress stage=training run_id=task4-candidate-r5-task9-preexec-stability-task9-stability-r5-a1-fold-2 epoch=54/100 event=start
task4-progress stage=training run_id=task4-candidate-r5-task9-preexec-stability-task9-stability-r5-a1-fold-2 epoch=54/100 event=complete
task4-progress stage=training run_id=task4-candidate-r5-task9-preexec-stability-task9-stability-r5-a1-fold-2 epoch=55/100 event=start
task4-progress stage=training run_id=task4-candidate-r5-task9-preexec-stability-task9-stability-r5-a1-fold-2 epoch=55/100 event=complete
task4-progress stage=training run_id=task4-candidate-r5-task9-preexec-stability-task9-stability-r5-a1-fold-2 epoch=56/100 event=start
task4-progress stage=training run_id=task4-candidate-r5-task9-preexec-stability-task9-stability-r5-a1-fold-2 epoch=56/100 event=complete
task4-progress stage=training run_id=task4-candidate-r5-task9-preexec-stability-task9-stability-r5-a1-fold-2 epoch=57/100 event=start
task4-progress stage=training run_id=task4-candidate-r5-task9-preexec-stability-task9-stability-r5-a1-fold-2 epoch=57/100 event=complete
task4-progress stage=training run_id=task4-candidate-r5-task9-preexec-stability-task9-stability-r5-a1-fold-2 epoch=58/100 event=start
task4-progress stage=training run_id=task4-candidate-r5-task9-preexec-stability-task9-stability-r5-a1-fold-2 epoch=58/100 event=complete
task4-progress stage=training run_id=task4-candidate-r5-task9-preexec-stability-task9-stability-r5-a1-fold-2 epoch=59/100 event=start
task4-progress stage=training run_id=task4-candidate-r5-task9-preexec-stability-task9-stability-r5-a1-fold-2 epoch=59/100 event=complete
task4-progress stage=training run_id=task4-candidate-r5-task9-preexec-stability-task9-stability-r5-a1-fold-2 epoch=60/100 event=start
task4-progress stage=checkpoint run_id=task4-candidate-r5-task9-preexec-stability-task9-stability-r5-a1-fold-2 epoch=60 event=score
task4-progress stage=checkpoint run_id=task4-candidate-r5-task9-preexec-stability-task9-stability-r5-a1-fold-2 epoch=60 event=saved checkpoint_sha256=0cb047d87101c95f9a7032e0768a2eb7108855b96998dfb67a3de8e041758f39
task4-progress stage=training run_id=task4-candidate-r5-task9-preexec-stability-task9-stability-r5-a1-fold-2 epoch=60/100 event=complete
task4-progress stage=training run_id=task4-candidate-r5-task9-preexec-stability-task9-stability-r5-a1-fold-2 epoch=61/100 event=start
task4-progress stage=training run_id=task4-candidate-r5-task9-preexec-stability-task9-stability-r5-a1-fold-2 epoch=61/100 event=complete
task4-progress stage=training run_id=task4-candidate-r5-task9-preexec-stability-task9-stability-r5-a1-fold-2 epoch=62/100 event=start
task4-progress stage=training run_id=task4-candidate-r5-task9-preexec-stability-task9-stability-r5-a1-fold-2 epoch=62/100 event=complete
task4-progress stage=training run_id=task4-candidate-r5-task9-preexec-stability-task9-stability-r5-a1-fold-2 epoch=63/100 event=start
task4-progress stage=training run_id=task4-candidate-r5-task9-preexec-stability-task9-stability-r5-a1-fold-2 epoch=63/100 event=complete
task4-progress stage=training run_id=task4-candidate-r5-task9-preexec-stability-task9-stability-r5-a1-fold-2 epoch=64/100 event=start
task4-progress stage=training run_id=task4-candidate-r5-task9-preexec-stability-task9-stability-r5-a1-fold-2 epoch=64/100 event=complete
task4-progress stage=training run_id=task4-candidate-r5-task9-preexec-stability-task9-stability-r5-a1-fold-2 epoch=65/100 event=start
task4-progress stage=training run_id=task4-candidate-r5-task9-preexec-stability-task9-stability-r5-a1-fold-2 epoch=65/100 event=complete
task4-progress stage=training run_id=task4-candidate-r5-task9-preexec-stability-task9-stability-r5-a1-fold-2 epoch=66/100 event=start
task4-progress stage=training run_id=task4-candidate-r5-task9-preexec-stability-task9-stability-r5-a1-fold-2 epoch=66/100 event=complete
task4-progress stage=training run_id=task4-candidate-r5-task9-preexec-stability-task9-stability-r5-a1-fold-2 epoch=67/100 event=start
task4-progress stage=training run_id=task4-candidate-r5-task9-preexec-stability-task9-stability-r5-a1-fold-2 epoch=67/100 event=complete
task4-progress stage=training run_id=task4-candidate-r5-task9-preexec-stability-task9-stability-r5-a1-fold-2 epoch=68/100 event=start
task4-progress stage=training run_id=task4-candidate-r5-task9-preexec-stability-task9-stability-r5-a1-fold-2 epoch=68/100 event=complete
task4-progress stage=training run_id=task4-candidate-r5-task9-preexec-stability-task9-stability-r5-a1-fold-2 epoch=69/100 event=start
task4-progress stage=training run_id=task4-candidate-r5-task9-preexec-stability-task9-stability-r5-a1-fold-2 epoch=69/100 event=complete
task4-progress stage=training run_id=task4-candidate-r5-task9-preexec-stability-task9-stability-r5-a1-fold-2 epoch=70/100 event=start
task4-progress stage=training run_id=task4-candidate-r5-task9-preexec-stability-task9-stability-r5-a1-fold-2 epoch=70/100 event=complete
task4-progress stage=training run_id=task4-candidate-r5-task9-preexec-stability-task9-stability-r5-a1-fold-2 epoch=71/100 event=start
task4-progress stage=training run_id=task4-candidate-r5-task9-preexec-stability-task9-stability-r5-a1-fold-2 epoch=71/100 event=complete
task4-progress stage=training run_id=task4-candidate-r5-task9-preexec-stability-task9-stability-r5-a1-fold-2 epoch=72/100 event=start
task4-progress stage=training run_id=task4-candidate-r5-task9-preexec-stability-task9-stability-r5-a1-fold-2 epoch=72/100 event=complete
task4-progress stage=training run_id=task4-candidate-r5-task9-preexec-stability-task9-stability-r5-a1-fold-2 epoch=73/100 event=start
task4-progress stage=training run_id=task4-candidate-r5-task9-preexec-stability-task9-stability-r5-a1-fold-2 epoch=73/100 event=complete
task4-progress stage=training run_id=task4-candidate-r5-task9-preexec-stability-task9-stability-r5-a1-fold-2 epoch=74/100 event=start
task4-progress stage=training run_id=task4-candidate-r5-task9-preexec-stability-task9-stability-r5-a1-fold-2 epoch=74/100 event=complete
task4-progress stage=training run_id=task4-candidate-r5-task9-preexec-stability-task9-stability-r5-a1-fold-2 epoch=75/100 event=start
task4-progress stage=training run_id=task4-candidate-r5-task9-preexec-stability-task9-stability-r5-a1-fold-2 epoch=75/100 event=complete
task4-progress stage=training run_id=task4-candidate-r5-task9-preexec-stability-task9-stability-r5-a1-fold-2 epoch=76/100 event=start
task4-progress stage=training run_id=task4-candidate-r5-task9-preexec-stability-task9-stability-r5-a1-fold-2 epoch=76/100 event=complete
task4-progress stage=training run_id=task4-candidate-r5-task9-preexec-stability-task9-stability-r5-a1-fold-2 epoch=77/100 event=start
task4-progress stage=training run_id=task4-candidate-r5-task9-preexec-stability-task9-stability-r5-a1-fold-2 epoch=77/100 event=complete
task4-progress stage=training run_id=task4-candidate-r5-task9-preexec-stability-task9-stability-r5-a1-fold-2 epoch=78/100 event=start
task4-progress stage=training run_id=task4-candidate-r5-task9-preexec-stability-task9-stability-r5-a1-fold-2 epoch=78/100 event=complete
task4-progress stage=training run_id=task4-candidate-r5-task9-preexec-stability-task9-stability-r5-a1-fold-2 epoch=79/100 event=start
task4-progress stage=training run_id=task4-candidate-r5-task9-preexec-stability-task9-stability-r5-a1-fold-2 epoch=79/100 event=complete
task4-progress stage=training run_id=task4-candidate-r5-task9-preexec-stability-task9-stability-r5-a1-fold-2 epoch=80/100 event=start
task4-progress stage=checkpoint run_id=task4-candidate-r5-task9-preexec-stability-task9-stability-r5-a1-fold-2 epoch=80 event=score
task4-progress stage=checkpoint run_id=task4-candidate-r5-task9-preexec-stability-task9-stability-r5-a1-fold-2 epoch=80 event=saved checkpoint_sha256=e72e73365d34f59fd8737d0054e6b1a7f2303601209a80f51ae806a103fca72d
task4-progress stage=training run_id=task4-candidate-r5-task9-preexec-stability-task9-stability-r5-a1-fold-2 epoch=80/100 event=complete
task4-progress stage=training run_id=task4-candidate-r5-task9-preexec-stability-task9-stability-r5-a1-fold-2 epoch=81/100 event=start
task4-progress stage=training run_id=task4-candidate-r5-task9-preexec-stability-task9-stability-r5-a1-fold-2 epoch=81/100 event=complete
task4-progress stage=training run_id=task4-candidate-r5-task9-preexec-stability-task9-stability-r5-a1-fold-2 epoch=82/100 event=start
task4-progress stage=training run_id=task4-candidate-r5-task9-preexec-stability-task9-stability-r5-a1-fold-2 epoch=82/100 event=complete
task4-progress stage=training run_id=task4-candidate-r5-task9-preexec-stability-task9-stability-r5-a1-fold-2 epoch=83/100 event=start
task4-progress stage=training run_id=task4-candidate-r5-task9-preexec-stability-task9-stability-r5-a1-fold-2 epoch=83/100 event=complete
task4-progress stage=training run_id=task4-candidate-r5-task9-preexec-stability-task9-stability-r5-a1-fold-2 epoch=84/100 event=start
task4-progress stage=training run_id=task4-candidate-r5-task9-preexec-stability-task9-stability-r5-a1-fold-2 epoch=84/100 event=complete
task4-progress stage=training run_id=task4-candidate-r5-task9-preexec-stability-task9-stability-r5-a1-fold-2 epoch=85/100 event=start
task4-progress stage=training run_id=task4-candidate-r5-task9-preexec-stability-task9-stability-r5-a1-fold-2 epoch=85/100 event=complete
task4-progress stage=training run_id=task4-candidate-r5-task9-preexec-stability-task9-stability-r5-a1-fold-2 epoch=86/100 event=start
task4-progress stage=training run_id=task4-candidate-r5-task9-preexec-stability-task9-stability-r5-a1-fold-2 epoch=86/100 event=complete
task4-progress stage=training run_id=task4-candidate-r5-task9-preexec-stability-task9-stability-r5-a1-fold-2 epoch=87/100 event=start
task4-progress stage=training run_id=task4-candidate-r5-task9-preexec-stability-task9-stability-r5-a1-fold-2 epoch=87/100 event=complete
task4-progress stage=training run_id=task4-candidate-r5-task9-preexec-stability-task9-stability-r5-a1-fold-2 epoch=88/100 event=start
task4-progress stage=training run_id=task4-candidate-r5-task9-preexec-stability-task9-stability-r5-a1-fold-2 epoch=88/100 event=complete
task4-progress stage=training run_id=task4-candidate-r5-task9-preexec-stability-task9-stability-r5-a1-fold-2 epoch=89/100 event=start
task4-progress stage=training run_id=task4-candidate-r5-task9-preexec-stability-task9-stability-r5-a1-fold-2 epoch=89/100 event=complete
task4-progress stage=training run_id=task4-candidate-r5-task9-preexec-stability-task9-stability-r5-a1-fold-2 epoch=90/100 event=start
task4-progress stage=training run_id=task4-candidate-r5-task9-preexec-stability-task9-stability-r5-a1-fold-2 epoch=90/100 event=complete
task4-progress stage=training run_id=task4-candidate-r5-task9-preexec-stability-task9-stability-r5-a1-fold-2 epoch=91/100 event=start
task4-progress stage=training run_id=task4-candidate-r5-task9-preexec-stability-task9-stability-r5-a1-fold-2 epoch=91/100 event=complete
task4-progress stage=training run_id=task4-candidate-r5-task9-preexec-stability-task9-stability-r5-a1-fold-2 epoch=92/100 event=start
task4-progress stage=training run_id=task4-candidate-r5-task9-preexec-stability-task9-stability-r5-a1-fold-2 epoch=92/100 event=complete
task4-progress stage=training run_id=task4-candidate-r5-task9-preexec-stability-task9-stability-r5-a1-fold-2 epoch=93/100 event=start
task4-progress stage=training run_id=task4-candidate-r5-task9-preexec-stability-task9-stability-r5-a1-fold-2 epoch=93/100 event=complete
task4-progress stage=training run_id=task4-candidate-r5-task9-preexec-stability-task9-stability-r5-a1-fold-2 epoch=94/100 event=start
task4-progress stage=training run_id=task4-candidate-r5-task9-preexec-stability-task9-stability-r5-a1-fold-2 epoch=94/100 event=complete
task4-progress stage=training run_id=task4-candidate-r5-task9-preexec-stability-task9-stability-r5-a1-fold-2 epoch=95/100 event=start
task4-progress stage=training run_id=task4-candidate-r5-task9-preexec-stability-task9-stability-r5-a1-fold-2 epoch=95/100 event=complete
task4-progress stage=training run_id=task4-candidate-r5-task9-preexec-stability-task9-stability-r5-a1-fold-2 epoch=96/100 event=start
task4-progress stage=training run_id=task4-candidate-r5-task9-preexec-stability-task9-stability-r5-a1-fold-2 epoch=96/100 event=complete
task4-progress stage=training run_id=task4-candidate-r5-task9-preexec-stability-task9-stability-r5-a1-fold-2 epoch=97/100 event=start
task4-progress stage=training run_id=task4-candidate-r5-task9-preexec-stability-task9-stability-r5-a1-fold-2 epoch=97/100 event=complete
task4-progress stage=training run_id=task4-candidate-r5-task9-preexec-stability-task9-stability-r5-a1-fold-2 epoch=98/100 event=start
task4-progress stage=training run_id=task4-candidate-r5-task9-preexec-stability-task9-stability-r5-a1-fold-2 epoch=98/100 event=complete
task4-progress stage=training run_id=task4-candidate-r5-task9-preexec-stability-task9-stability-r5-a1-fold-2 epoch=99/100 event=start
task4-progress stage=training run_id=task4-candidate-r5-task9-preexec-stability-task9-stability-r5-a1-fold-2 epoch=99/100 event=complete
task4-progress stage=training run_id=task4-candidate-r5-task9-preexec-stability-task9-stability-r5-a1-fold-2 epoch=100/100 event=start
task4-progress stage=checkpoint run_id=task4-candidate-r5-task9-preexec-stability-task9-stability-r5-a1-fold-2 epoch=100 event=score
task4-progress stage=checkpoint run_id=task4-candidate-r5-task9-preexec-stability-task9-stability-r5-a1-fold-2 epoch=100 event=saved checkpoint_sha256=826ae1aa11457f729960fdf3cca151dcd844fbfce0110d01e4a1c7afd78c1bec
task4-progress stage=training run_id=task4-candidate-r5-task9-preexec-stability-task9-stability-r5-a1-fold-2 epoch=100/100 event=complete
task4-progress stage=training run_id=task4-candidate-r5-task9-preexec-stability-task9-stability-r5-a1-fold-2 event=complete
task4-progress stage=evidence run_id=task4-candidate-r5-task9-preexec-stability-task9-stability-r5-a1-fold-2 event=start device=cuda:0
task4-progress stage=stability-evidence run_id=task4-candidate-r5-task9-preexec-stability-task9-stability-r5-a1-fold-2 event=feature-cache device=cuda:0
task4-progress stage=stability-evidence run_id=task4-candidate-r5-task9-preexec-stability-task9-stability-r5-a1-fold-2 event=primary-score
task4-progress stage=evidence run_id=task4-candidate-r5-task9-preexec-stability-task9-stability-r5-a1-fold-2 event=complete
stability: restartable package results/evidence/task4/phase_results/task9-stability-r5-f03-result.json
=== 2026-09-02T01:43:38+00:00 finished task9-stability-r5-f03
=== 2026-09-02T01:43:38+00:00 starting task9-stability-r5-f04
task4-progress stage=candidate-data run_id=task4-candidate-r5-task9-preexec-stability-task9-stability-r5-a1-fold-3 event=start
task4-progress stage=training run_id=task4-candidate-r5-task9-preexec-stability-task9-stability-r5-a1-fold-3 event=start device=cuda:0
task4-progress stage=training run_id=task4-candidate-r5-task9-preexec-stability-task9-stability-r5-a1-fold-3 epoch=1/100 event=start
task4-progress stage=training run_id=task4-candidate-r5-task9-preexec-stability-task9-stability-r5-a1-fold-3 epoch=1/100 event=complete
task4-progress stage=training run_id=task4-candidate-r5-task9-preexec-stability-task9-stability-r5-a1-fold-3 epoch=2/100 event=start
task4-progress stage=training run_id=task4-candidate-r5-task9-preexec-stability-task9-stability-r5-a1-fold-3 epoch=2/100 event=complete
task4-progress stage=training run_id=task4-candidate-r5-task9-preexec-stability-task9-stability-r5-a1-fold-3 epoch=3/100 event=start
task4-progress stage=training run_id=task4-candidate-r5-task9-preexec-stability-task9-stability-r5-a1-fold-3 epoch=3/100 event=complete
task4-progress stage=training run_id=task4-candidate-r5-task9-preexec-stability-task9-stability-r5-a1-fold-3 epoch=4/100 event=start
task4-progress stage=training run_id=task4-candidate-r5-task9-preexec-stability-task9-stability-r5-a1-fold-3 epoch=4/100 event=complete
task4-progress stage=training run_id=task4-candidate-r5-task9-preexec-stability-task9-stability-r5-a1-fold-3 epoch=5/100 event=start
task4-progress stage=training run_id=task4-candidate-r5-task9-preexec-stability-task9-stability-r5-a1-fold-3 epoch=5/100 event=complete
task4-progress stage=training run_id=task4-candidate-r5-task9-preexec-stability-task9-stability-r5-a1-fold-3 epoch=6/100 event=start
task4-progress stage=training run_id=task4-candidate-r5-task9-preexec-stability-task9-stability-r5-a1-fold-3 epoch=6/100 event=complete
task4-progress stage=training run_id=task4-candidate-r5-task9-preexec-stability-task9-stability-r5-a1-fold-3 epoch=7/100 event=start
task4-progress stage=training run_id=task4-candidate-r5-task9-preexec-stability-task9-stability-r5-a1-fold-3 epoch=7/100 event=complete
task4-progress stage=training run_id=task4-candidate-r5-task9-preexec-stability-task9-stability-r5-a1-fold-3 epoch=8/100 event=start
task4-progress stage=training run_id=task4-candidate-r5-task9-preexec-stability-task9-stability-r5-a1-fold-3 epoch=8/100 event=complete
task4-progress stage=training run_id=task4-candidate-r5-task9-preexec-stability-task9-stability-r5-a1-fold-3 epoch=9/100 event=start
task4-progress stage=training run_id=task4-candidate-r5-task9-preexec-stability-task9-stability-r5-a1-fold-3 epoch=9/100 event=complete
task4-progress stage=training run_id=task4-candidate-r5-task9-preexec-stability-task9-stability-r5-a1-fold-3 epoch=10/100 event=start
task4-progress stage=training run_id=task4-candidate-r5-task9-preexec-stability-task9-stability-r5-a1-fold-3 epoch=10/100 event=complete
task4-progress stage=training run_id=task4-candidate-r5-task9-preexec-stability-task9-stability-r5-a1-fold-3 epoch=11/100 event=start
task4-progress stage=training run_id=task4-candidate-r5-task9-preexec-stability-task9-stability-r5-a1-fold-3 epoch=11/100 event=complete
task4-progress stage=training run_id=task4-candidate-r5-task9-preexec-stability-task9-stability-r5-a1-fold-3 epoch=12/100 event=start
task4-progress stage=training run_id=task4-candidate-r5-task9-preexec-stability-task9-stability-r5-a1-fold-3 epoch=12/100 event=complete
task4-progress stage=training run_id=task4-candidate-r5-task9-preexec-stability-task9-stability-r5-a1-fold-3 epoch=13/100 event=start
task4-progress stage=training run_id=task4-candidate-r5-task9-preexec-stability-task9-stability-r5-a1-fold-3 epoch=13/100 event=complete
task4-progress stage=training run_id=task4-candidate-r5-task9-preexec-stability-task9-stability-r5-a1-fold-3 epoch=14/100 event=start
task4-progress stage=training run_id=task4-candidate-r5-task9-preexec-stability-task9-stability-r5-a1-fold-3 epoch=14/100 event=complete
task4-progress stage=training run_id=task4-candidate-r5-task9-preexec-stability-task9-stability-r5-a1-fold-3 epoch=15/100 event=start
task4-progress stage=training run_id=task4-candidate-r5-task9-preexec-stability-task9-stability-r5-a1-fold-3 epoch=15/100 event=complete
task4-progress stage=training run_id=task4-candidate-r5-task9-preexec-stability-task9-stability-r5-a1-fold-3 epoch=16/100 event=start
task4-progress stage=training run_id=task4-candidate-r5-task9-preexec-stability-task9-stability-r5-a1-fold-3 epoch=16/100 event=complete
task4-progress stage=training run_id=task4-candidate-r5-task9-preexec-stability-task9-stability-r5-a1-fold-3 epoch=17/100 event=start
task4-progress stage=training run_id=task4-candidate-r5-task9-preexec-stability-task9-stability-r5-a1-fold-3 epoch=17/100 event=complete
task4-progress stage=training run_id=task4-candidate-r5-task9-preexec-stability-task9-stability-r5-a1-fold-3 epoch=18/100 event=start
task4-progress stage=training run_id=task4-candidate-r5-task9-preexec-stability-task9-stability-r5-a1-fold-3 epoch=18/100 event=complete
task4-progress stage=training run_id=task4-candidate-r5-task9-preexec-stability-task9-stability-r5-a1-fold-3 epoch=19/100 event=start
task4-progress stage=training run_id=task4-candidate-r5-task9-preexec-stability-task9-stability-r5-a1-fold-3 epoch=19/100 event=complete
task4-progress stage=training run_id=task4-candidate-r5-task9-preexec-stability-task9-stability-r5-a1-fold-3 epoch=20/100 event=start
task4-progress stage=checkpoint run_id=task4-candidate-r5-task9-preexec-stability-task9-stability-r5-a1-fold-3 epoch=20 event=score
task4-progress stage=checkpoint run_id=task4-candidate-r5-task9-preexec-stability-task9-stability-r5-a1-fold-3 epoch=20 event=saved checkpoint_sha256=81b406a5e31c3ee4f1aacdcb45eec0bd067b894f570b3c01e9075fcc319ebdee
task4-progress stage=training run_id=task4-candidate-r5-task9-preexec-stability-task9-stability-r5-a1-fold-3 epoch=20/100 event=complete
task4-progress stage=training run_id=task4-candidate-r5-task9-preexec-stability-task9-stability-r5-a1-fold-3 epoch=21/100 event=start
task4-progress stage=training run_id=task4-candidate-r5-task9-preexec-stability-task9-stability-r5-a1-fold-3 epoch=21/100 event=complete
task4-progress stage=training run_id=task4-candidate-r5-task9-preexec-stability-task9-stability-r5-a1-fold-3 epoch=22/100 event=start
task4-progress stage=training run_id=task4-candidate-r5-task9-preexec-stability-task9-stability-r5-a1-fold-3 epoch=22/100 event=complete
task4-progress stage=training run_id=task4-candidate-r5-task9-preexec-stability-task9-stability-r5-a1-fold-3 epoch=23/100 event=start
task4-progress stage=training run_id=task4-candidate-r5-task9-preexec-stability-task9-stability-r5-a1-fold-3 epoch=23/100 event=complete
task4-progress stage=training run_id=task4-candidate-r5-task9-preexec-stability-task9-stability-r5-a1-fold-3 epoch=24/100 event=start
task4-progress stage=training run_id=task4-candidate-r5-task9-preexec-stability-task9-stability-r5-a1-fold-3 epoch=24/100 event=complete
task4-progress stage=training run_id=task4-candidate-r5-task9-preexec-stability-task9-stability-r5-a1-fold-3 epoch=25/100 event=start
task4-progress stage=training run_id=task4-candidate-r5-task9-preexec-stability-task9-stability-r5-a1-fold-3 epoch=25/100 event=complete
task4-progress stage=training run_id=task4-candidate-r5-task9-preexec-stability-task9-stability-r5-a1-fold-3 epoch=26/100 event=start
task4-progress stage=training run_id=task4-candidate-r5-task9-preexec-stability-task9-stability-r5-a1-fold-3 epoch=26/100 event=complete
task4-progress stage=training run_id=task4-candidate-r5-task9-preexec-stability-task9-stability-r5-a1-fold-3 epoch=27/100 event=start
task4-progress stage=training run_id=task4-candidate-r5-task9-preexec-stability-task9-stability-r5-a1-fold-3 epoch=27/100 event=complete
task4-progress stage=training run_id=task4-candidate-r5-task9-preexec-stability-task9-stability-r5-a1-fold-3 epoch=28/100 event=start
task4-progress stage=training run_id=task4-candidate-r5-task9-preexec-stability-task9-stability-r5-a1-fold-3 epoch=28/100 event=complete
task4-progress stage=training run_id=task4-candidate-r5-task9-preexec-stability-task9-stability-r5-a1-fold-3 epoch=29/100 event=start
task4-progress stage=training run_id=task4-candidate-r5-task9-preexec-stability-task9-stability-r5-a1-fold-3 epoch=29/100 event=complete
task4-progress stage=training run_id=task4-candidate-r5-task9-preexec-stability-task9-stability-r5-a1-fold-3 epoch=30/100 event=start
task4-progress stage=training run_id=task4-candidate-r5-task9-preexec-stability-task9-stability-r5-a1-fold-3 epoch=30/100 event=complete
task4-progress stage=training run_id=task4-candidate-r5-task9-preexec-stability-task9-stability-r5-a1-fold-3 epoch=31/100 event=start
task4-progress stage=training run_id=task4-candidate-r5-task9-preexec-stability-task9-stability-r5-a1-fold-3 epoch=31/100 event=complete
task4-progress stage=training run_id=task4-candidate-r5-task9-preexec-stability-task9-stability-r5-a1-fold-3 epoch=32/100 event=start
task4-progress stage=training run_id=task4-candidate-r5-task9-preexec-stability-task9-stability-r5-a1-fold-3 epoch=32/100 event=complete
task4-progress stage=training run_id=task4-candidate-r5-task9-preexec-stability-task9-stability-r5-a1-fold-3 epoch=33/100 event=start
task4-progress stage=training run_id=task4-candidate-r5-task9-preexec-stability-task9-stability-r5-a1-fold-3 epoch=33/100 event=complete
task4-progress stage=training run_id=task4-candidate-r5-task9-preexec-stability-task9-stability-r5-a1-fold-3 epoch=34/100 event=start
task4-progress stage=training run_id=task4-candidate-r5-task9-preexec-stability-task9-stability-r5-a1-fold-3 epoch=34/100 event=complete
task4-progress stage=training run_id=task4-candidate-r5-task9-preexec-stability-task9-stability-r5-a1-fold-3 epoch=35/100 event=start
task4-progress stage=training run_id=task4-candidate-r5-task9-preexec-stability-task9-stability-r5-a1-fold-3 epoch=35/100 event=complete
task4-progress stage=training run_id=task4-candidate-r5-task9-preexec-stability-task9-stability-r5-a1-fold-3 epoch=36/100 event=start
task4-progress stage=training run_id=task4-candidate-r5-task9-preexec-stability-task9-stability-r5-a1-fold-3 epoch=36/100 event=complete
task4-progress stage=training run_id=task4-candidate-r5-task9-preexec-stability-task9-stability-r5-a1-fold-3 epoch=37/100 event=start
task4-progress stage=training run_id=task4-candidate-r5-task9-preexec-stability-task9-stability-r5-a1-fold-3 epoch=37/100 event=complete
task4-progress stage=training run_id=task4-candidate-r5-task9-preexec-stability-task9-stability-r5-a1-fold-3 epoch=38/100 event=start
task4-progress stage=training run_id=task4-candidate-r5-task9-preexec-stability-task9-stability-r5-a1-fold-3 epoch=38/100 event=complete
task4-progress stage=training run_id=task4-candidate-r5-task9-preexec-stability-task9-stability-r5-a1-fold-3 epoch=39/100 event=start
task4-progress stage=training run_id=task4-candidate-r5-task9-preexec-stability-task9-stability-r5-a1-fold-3 epoch=39/100 event=complete
task4-progress stage=training run_id=task4-candidate-r5-task9-preexec-stability-task9-stability-r5-a1-fold-3 epoch=40/100 event=start
task4-progress stage=checkpoint run_id=task4-candidate-r5-task9-preexec-stability-task9-stability-r5-a1-fold-3 epoch=40 event=score
task4-progress stage=checkpoint run_id=task4-candidate-r5-task9-preexec-stability-task9-stability-r5-a1-fold-3 epoch=40 event=saved checkpoint_sha256=80b744bd9c382d8a41e74cc7cc2f981b963b7c51e0809e2cf9c84fcc3e132228
task4-progress stage=training run_id=task4-candidate-r5-task9-preexec-stability-task9-stability-r5-a1-fold-3 epoch=40/100 event=complete
task4-progress stage=training run_id=task4-candidate-r5-task9-preexec-stability-task9-stability-r5-a1-fold-3 epoch=41/100 event=start
task4-progress stage=training run_id=task4-candidate-r5-task9-preexec-stability-task9-stability-r5-a1-fold-3 epoch=41/100 event=complete
task4-progress stage=training run_id=task4-candidate-r5-task9-preexec-stability-task9-stability-r5-a1-fold-3 epoch=42/100 event=start
task4-progress stage=training run_id=task4-candidate-r5-task9-preexec-stability-task9-stability-r5-a1-fold-3 epoch=42/100 event=complete
task4-progress stage=training run_id=task4-candidate-r5-task9-preexec-stability-task9-stability-r5-a1-fold-3 epoch=43/100 event=start
task4-progress stage=training run_id=task4-candidate-r5-task9-preexec-stability-task9-stability-r5-a1-fold-3 epoch=43/100 event=complete
task4-progress stage=training run_id=task4-candidate-r5-task9-preexec-stability-task9-stability-r5-a1-fold-3 epoch=44/100 event=start
task4-progress stage=training run_id=task4-candidate-r5-task9-preexec-stability-task9-stability-r5-a1-fold-3 epoch=44/100 event=complete
task4-progress stage=training run_id=task4-candidate-r5-task9-preexec-stability-task9-stability-r5-a1-fold-3 epoch=45/100 event=start
task4-progress stage=training run_id=task4-candidate-r5-task9-preexec-stability-task9-stability-r5-a1-fold-3 epoch=45/100 event=complete
task4-progress stage=training run_id=task4-candidate-r5-task9-preexec-stability-task9-stability-r5-a1-fold-3 epoch=46/100 event=start
task4-progress stage=training run_id=task4-candidate-r5-task9-preexec-stability-task9-stability-r5-a1-fold-3 epoch=46/100 event=complete
task4-progress stage=training run_id=task4-candidate-r5-task9-preexec-stability-task9-stability-r5-a1-fold-3 epoch=47/100 event=start
task4-progress stage=training run_id=task4-candidate-r5-task9-preexec-stability-task9-stability-r5-a1-fold-3 epoch=47/100 event=complete
task4-progress stage=training run_id=task4-candidate-r5-task9-preexec-stability-task9-stability-r5-a1-fold-3 epoch=48/100 event=start
task4-progress stage=training run_id=task4-candidate-r5-task9-preexec-stability-task9-stability-r5-a1-fold-3 epoch=48/100 event=complete
task4-progress stage=training run_id=task4-candidate-r5-task9-preexec-stability-task9-stability-r5-a1-fold-3 epoch=49/100 event=start
task4-progress stage=training run_id=task4-candidate-r5-task9-preexec-stability-task9-stability-r5-a1-fold-3 epoch=49/100 event=complete
task4-progress stage=training run_id=task4-candidate-r5-task9-preexec-stability-task9-stability-r5-a1-fold-3 epoch=50/100 event=start
task4-progress stage=training run_id=task4-candidate-r5-task9-preexec-stability-task9-stability-r5-a1-fold-3 epoch=50/100 event=complete
task4-progress stage=training run_id=task4-candidate-r5-task9-preexec-stability-task9-stability-r5-a1-fold-3 epoch=51/100 event=start
task4-progress stage=training run_id=task4-candidate-r5-task9-preexec-stability-task9-stability-r5-a1-fold-3 epoch=51/100 event=complete
task4-progress stage=training run_id=task4-candidate-r5-task9-preexec-stability-task9-stability-r5-a1-fold-3 epoch=52/100 event=start
task4-progress stage=training run_id=task4-candidate-r5-task9-preexec-stability-task9-stability-r5-a1-fold-3 epoch=52/100 event=complete
task4-progress stage=training run_id=task4-candidate-r5-task9-preexec-stability-task9-stability-r5-a1-fold-3 epoch=53/100 event=start
task4-progress stage=training run_id=task4-candidate-r5-task9-preexec-stability-task9-stability-r5-a1-fold-3 epoch=53/100 event=complete
task4-progress stage=training run_id=task4-candidate-r5-task9-preexec-stability-task9-stability-r5-a1-fold-3 epoch=54/100 event=start
task4-progress stage=training run_id=task4-candidate-r5-task9-preexec-stability-task9-stability-r5-a1-fold-3 epoch=54/100 event=complete
task4-progress stage=training run_id=task4-candidate-r5-task9-preexec-stability-task9-stability-r5-a1-fold-3 epoch=55/100 event=start
task4-progress stage=training run_id=task4-candidate-r5-task9-preexec-stability-task9-stability-r5-a1-fold-3 epoch=55/100 event=complete
task4-progress stage=training run_id=task4-candidate-r5-task9-preexec-stability-task9-stability-r5-a1-fold-3 epoch=56/100 event=start
task4-progress stage=training run_id=task4-candidate-r5-task9-preexec-stability-task9-stability-r5-a1-fold-3 epoch=56/100 event=complete
task4-progress stage=training run_id=task4-candidate-r5-task9-preexec-stability-task9-stability-r5-a1-fold-3 epoch=57/100 event=start
task4-progress stage=training run_id=task4-candidate-r5-task9-preexec-stability-task9-stability-r5-a1-fold-3 epoch=57/100 event=complete
task4-progress stage=training run_id=task4-candidate-r5-task9-preexec-stability-task9-stability-r5-a1-fold-3 epoch=58/100 event=start
task4-progress stage=training run_id=task4-candidate-r5-task9-preexec-stability-task9-stability-r5-a1-fold-3 epoch=58/100 event=complete
task4-progress stage=training run_id=task4-candidate-r5-task9-preexec-stability-task9-stability-r5-a1-fold-3 epoch=59/100 event=start
task4-progress stage=training run_id=task4-candidate-r5-task9-preexec-stability-task9-stability-r5-a1-fold-3 epoch=59/100 event=complete
task4-progress stage=training run_id=task4-candidate-r5-task9-preexec-stability-task9-stability-r5-a1-fold-3 epoch=60/100 event=start
task4-progress stage=checkpoint run_id=task4-candidate-r5-task9-preexec-stability-task9-stability-r5-a1-fold-3 epoch=60 event=score
task4-progress stage=checkpoint run_id=task4-candidate-r5-task9-preexec-stability-task9-stability-r5-a1-fold-3 epoch=60 event=saved checkpoint_sha256=e55a9be1e5ecee4311419b44c1f1c92ca396cc92e2c2c889b142861cb03319fc
task4-progress stage=training run_id=task4-candidate-r5-task9-preexec-stability-task9-stability-r5-a1-fold-3 epoch=60/100 event=complete
task4-progress stage=training run_id=task4-candidate-r5-task9-preexec-stability-task9-stability-r5-a1-fold-3 epoch=61/100 event=start
task4-progress stage=training run_id=task4-candidate-r5-task9-preexec-stability-task9-stability-r5-a1-fold-3 epoch=61/100 event=complete
task4-progress stage=training run_id=task4-candidate-r5-task9-preexec-stability-task9-stability-r5-a1-fold-3 epoch=62/100 event=start
task4-progress stage=training run_id=task4-candidate-r5-task9-preexec-stability-task9-stability-r5-a1-fold-3 epoch=62/100 event=complete
task4-progress stage=training run_id=task4-candidate-r5-task9-preexec-stability-task9-stability-r5-a1-fold-3 epoch=63/100 event=start
task4-progress stage=training run_id=task4-candidate-r5-task9-preexec-stability-task9-stability-r5-a1-fold-3 epoch=63/100 event=complete
task4-progress stage=training run_id=task4-candidate-r5-task9-preexec-stability-task9-stability-r5-a1-fold-3 epoch=64/100 event=start
task4-progress stage=training run_id=task4-candidate-r5-task9-preexec-stability-task9-stability-r5-a1-fold-3 epoch=64/100 event=complete
task4-progress stage=training run_id=task4-candidate-r5-task9-preexec-stability-task9-stability-r5-a1-fold-3 epoch=65/100 event=start
task4-progress stage=training run_id=task4-candidate-r5-task9-preexec-stability-task9-stability-r5-a1-fold-3 epoch=65/100 event=complete
task4-progress stage=training run_id=task4-candidate-r5-task9-preexec-stability-task9-stability-r5-a1-fold-3 epoch=66/100 event=start
task4-progress stage=training run_id=task4-candidate-r5-task9-preexec-stability-task9-stability-r5-a1-fold-3 epoch=66/100 event=complete
task4-progress stage=training run_id=task4-candidate-r5-task9-preexec-stability-task9-stability-r5-a1-fold-3 epoch=67/100 event=start
task4-progress stage=training run_id=task4-candidate-r5-task9-preexec-stability-task9-stability-r5-a1-fold-3 epoch=67/100 event=complete
task4-progress stage=training run_id=task4-candidate-r5-task9-preexec-stability-task9-stability-r5-a1-fold-3 epoch=68/100 event=start
task4-progress stage=training run_id=task4-candidate-r5-task9-preexec-stability-task9-stability-r5-a1-fold-3 epoch=68/100 event=complete
task4-progress stage=training run_id=task4-candidate-r5-task9-preexec-stability-task9-stability-r5-a1-fold-3 epoch=69/100 event=start
task4-progress stage=training run_id=task4-candidate-r5-task9-preexec-stability-task9-stability-r5-a1-fold-3 epoch=69/100 event=complete
task4-progress stage=training run_id=task4-candidate-r5-task9-preexec-stability-task9-stability-r5-a1-fold-3 epoch=70/100 event=start
task4-progress stage=training run_id=task4-candidate-r5-task9-preexec-stability-task9-stability-r5-a1-fold-3 epoch=70/100 event=complete
task4-progress stage=training run_id=task4-candidate-r5-task9-preexec-stability-task9-stability-r5-a1-fold-3 epoch=71/100 event=start
task4-progress stage=training run_id=task4-candidate-r5-task9-preexec-stability-task9-stability-r5-a1-fold-3 epoch=71/100 event=complete
task4-progress stage=training run_id=task4-candidate-r5-task9-preexec-stability-task9-stability-r5-a1-fold-3 epoch=72/100 event=start
task4-progress stage=training run_id=task4-candidate-r5-task9-preexec-stability-task9-stability-r5-a1-fold-3 epoch=72/100 event=complete
task4-progress stage=training run_id=task4-candidate-r5-task9-preexec-stability-task9-stability-r5-a1-fold-3 epoch=73/100 event=start
task4-progress stage=training run_id=task4-candidate-r5-task9-preexec-stability-task9-stability-r5-a1-fold-3 epoch=73/100 event=complete
task4-progress stage=training run_id=task4-candidate-r5-task9-preexec-stability-task9-stability-r5-a1-fold-3 epoch=74/100 event=start
task4-progress stage=training run_id=task4-candidate-r5-task9-preexec-stability-task9-stability-r5-a1-fold-3 epoch=74/100 event=complete
task4-progress stage=training run_id=task4-candidate-r5-task9-preexec-stability-task9-stability-r5-a1-fold-3 epoch=75/100 event=start
task4-progress stage=training run_id=task4-candidate-r5-task9-preexec-stability-task9-stability-r5-a1-fold-3 epoch=75/100 event=complete
task4-progress stage=training run_id=task4-candidate-r5-task9-preexec-stability-task9-stability-r5-a1-fold-3 epoch=76/100 event=start
task4-progress stage=training run_id=task4-candidate-r5-task9-preexec-stability-task9-stability-r5-a1-fold-3 epoch=76/100 event=complete
task4-progress stage=training run_id=task4-candidate-r5-task9-preexec-stability-task9-stability-r5-a1-fold-3 epoch=77/100 event=start
task4-progress stage=training run_id=task4-candidate-r5-task9-preexec-stability-task9-stability-r5-a1-fold-3 epoch=77/100 event=complete
task4-progress stage=training run_id=task4-candidate-r5-task9-preexec-stability-task9-stability-r5-a1-fold-3 epoch=78/100 event=start
task4-progress stage=training run_id=task4-candidate-r5-task9-preexec-stability-task9-stability-r5-a1-fold-3 epoch=78/100 event=complete
task4-progress stage=training run_id=task4-candidate-r5-task9-preexec-stability-task9-stability-r5-a1-fold-3 epoch=79/100 event=start
task4-progress stage=training run_id=task4-candidate-r5-task9-preexec-stability-task9-stability-r5-a1-fold-3 epoch=79/100 event=complete
task4-progress stage=training run_id=task4-candidate-r5-task9-preexec-stability-task9-stability-r5-a1-fold-3 epoch=80/100 event=start
task4-progress stage=checkpoint run_id=task4-candidate-r5-task9-preexec-stability-task9-stability-r5-a1-fold-3 epoch=80 event=score
task4-progress stage=checkpoint run_id=task4-candidate-r5-task9-preexec-stability-task9-stability-r5-a1-fold-3 epoch=80 event=saved checkpoint_sha256=a95b26bdd6f02eb925894e7fe3ee1adb27d253ad5ebbe44c6c99d07011da538a
task4-progress stage=training run_id=task4-candidate-r5-task9-preexec-stability-task9-stability-r5-a1-fold-3 epoch=80/100 event=complete
task4-progress stage=training run_id=task4-candidate-r5-task9-preexec-stability-task9-stability-r5-a1-fold-3 epoch=81/100 event=start
task4-progress stage=training run_id=task4-candidate-r5-task9-preexec-stability-task9-stability-r5-a1-fold-3 epoch=81/100 event=complete
task4-progress stage=training run_id=task4-candidate-r5-task9-preexec-stability-task9-stability-r5-a1-fold-3 epoch=82/100 event=start
task4-progress stage=training run_id=task4-candidate-r5-task9-preexec-stability-task9-stability-r5-a1-fold-3 epoch=82/100 event=complete
task4-progress stage=training run_id=task4-candidate-r5-task9-preexec-stability-task9-stability-r5-a1-fold-3 epoch=83/100 event=start
task4-progress stage=training run_id=task4-candidate-r5-task9-preexec-stability-task9-stability-r5-a1-fold-3 epoch=83/100 event=complete
task4-progress stage=training run_id=task4-candidate-r5-task9-preexec-stability-task9-stability-r5-a1-fold-3 epoch=84/100 event=start
task4-progress stage=training run_id=task4-candidate-r5-task9-preexec-stability-task9-stability-r5-a1-fold-3 epoch=84/100 event=complete
task4-progress stage=training run_id=task4-candidate-r5-task9-preexec-stability-task9-stability-r5-a1-fold-3 epoch=85/100 event=start
task4-progress stage=training run_id=task4-candidate-r5-task9-preexec-stability-task9-stability-r5-a1-fold-3 epoch=85/100 event=complete
task4-progress stage=training run_id=task4-candidate-r5-task9-preexec-stability-task9-stability-r5-a1-fold-3 epoch=86/100 event=start
task4-progress stage=training run_id=task4-candidate-r5-task9-preexec-stability-task9-stability-r5-a1-fold-3 epoch=86/100 event=complete
task4-progress stage=training run_id=task4-candidate-r5-task9-preexec-stability-task9-stability-r5-a1-fold-3 epoch=87/100 event=start
task4-progress stage=training run_id=task4-candidate-r5-task9-preexec-stability-task9-stability-r5-a1-fold-3 epoch=87/100 event=complete
task4-progress stage=training run_id=task4-candidate-r5-task9-preexec-stability-task9-stability-r5-a1-fold-3 epoch=88/100 event=start
task4-progress stage=training run_id=task4-candidate-r5-task9-preexec-stability-task9-stability-r5-a1-fold-3 epoch=88/100 event=complete
task4-progress stage=training run_id=task4-candidate-r5-task9-preexec-stability-task9-stability-r5-a1-fold-3 epoch=89/100 event=start
task4-progress stage=training run_id=task4-candidate-r5-task9-preexec-stability-task9-stability-r5-a1-fold-3 epoch=89/100 event=complete
task4-progress stage=training run_id=task4-candidate-r5-task9-preexec-stability-task9-stability-r5-a1-fold-3 epoch=90/100 event=start
task4-progress stage=training run_id=task4-candidate-r5-task9-preexec-stability-task9-stability-r5-a1-fold-3 epoch=90/100 event=complete
task4-progress stage=training run_id=task4-candidate-r5-task9-preexec-stability-task9-stability-r5-a1-fold-3 epoch=91/100 event=start
task4-progress stage=training run_id=task4-candidate-r5-task9-preexec-stability-task9-stability-r5-a1-fold-3 epoch=91/100 event=complete
task4-progress stage=training run_id=task4-candidate-r5-task9-preexec-stability-task9-stability-r5-a1-fold-3 epoch=92/100 event=start
task4-progress stage=training run_id=task4-candidate-r5-task9-preexec-stability-task9-stability-r5-a1-fold-3 epoch=92/100 event=complete
task4-progress stage=training run_id=task4-candidate-r5-task9-preexec-stability-task9-stability-r5-a1-fold-3 epoch=93/100 event=start
task4-progress stage=training run_id=task4-candidate-r5-task9-preexec-stability-task9-stability-r5-a1-fold-3 epoch=93/100 event=complete
task4-progress stage=training run_id=task4-candidate-r5-task9-preexec-stability-task9-stability-r5-a1-fold-3 epoch=94/100 event=start
task4-progress stage=training run_id=task4-candidate-r5-task9-preexec-stability-task9-stability-r5-a1-fold-3 epoch=94/100 event=complete
task4-progress stage=training run_id=task4-candidate-r5-task9-preexec-stability-task9-stability-r5-a1-fold-3 epoch=95/100 event=start
task4-progress stage=training run_id=task4-candidate-r5-task9-preexec-stability-task9-stability-r5-a1-fold-3 epoch=95/100 event=complete
task4-progress stage=training run_id=task4-candidate-r5-task9-preexec-stability-task9-stability-r5-a1-fold-3 epoch=96/100 event=start
task4-progress stage=training run_id=task4-candidate-r5-task9-preexec-stability-task9-stability-r5-a1-fold-3 epoch=96/100 event=complete
task4-progress stage=training run_id=task4-candidate-r5-task9-preexec-stability-task9-stability-r5-a1-fold-3 epoch=97/100 event=start
task4-progress stage=training run_id=task4-candidate-r5-task9-preexec-stability-task9-stability-r5-a1-fold-3 epoch=97/100 event=complete
task4-progress stage=training run_id=task4-candidate-r5-task9-preexec-stability-task9-stability-r5-a1-fold-3 epoch=98/100 event=start
task4-progress stage=training run_id=task4-candidate-r5-task9-preexec-stability-task9-stability-r5-a1-fold-3 epoch=98/100 event=complete
task4-progress stage=training run_id=task4-candidate-r5-task9-preexec-stability-task9-stability-r5-a1-fold-3 epoch=99/100 event=start
task4-progress stage=training run_id=task4-candidate-r5-task9-preexec-stability-task9-stability-r5-a1-fold-3 epoch=99/100 event=complete
task4-progress stage=training run_id=task4-candidate-r5-task9-preexec-stability-task9-stability-r5-a1-fold-3 epoch=100/100 event=start
task4-progress stage=checkpoint run_id=task4-candidate-r5-task9-preexec-stability-task9-stability-r5-a1-fold-3 epoch=100 event=score
task4-progress stage=checkpoint run_id=task4-candidate-r5-task9-preexec-stability-task9-stability-r5-a1-fold-3 epoch=100 event=saved checkpoint_sha256=00c7d20b1388bfc13fee894abfbbd6d53beaf6b713ee9ee1db56ee55813e595c
task4-progress stage=training run_id=task4-candidate-r5-task9-preexec-stability-task9-stability-r5-a1-fold-3 epoch=100/100 event=complete
task4-progress stage=training run_id=task4-candidate-r5-task9-preexec-stability-task9-stability-r5-a1-fold-3 event=complete
task4-progress stage=evidence run_id=task4-candidate-r5-task9-preexec-stability-task9-stability-r5-a1-fold-3 event=start device=cuda:0
task4-progress stage=stability-evidence run_id=task4-candidate-r5-task9-preexec-stability-task9-stability-r5-a1-fold-3 event=feature-cache device=cuda:0
task4-progress stage=stability-evidence run_id=task4-candidate-r5-task9-preexec-stability-task9-stability-r5-a1-fold-3 event=primary-score
task4-progress stage=evidence run_id=task4-candidate-r5-task9-preexec-stability-task9-stability-r5-a1-fold-3 event=complete
stability: restartable package results/evidence/task4/phase_results/task9-stability-r5-f04-result.json
=== 2026-09-02T12:36:31+00:00 finished task9-stability-r5-f04
=== 2026-09-02T12:36:31+00:00 starting task9-stability-r5-f05
task4-progress stage=candidate-data run_id=task4-candidate-r5-task9-preexec-stability-task9-stability-r5-a1-fold-4 event=start
task4-progress stage=training run_id=task4-candidate-r5-task9-preexec-stability-task9-stability-r5-a1-fold-4 event=start device=cuda:0
task4-progress stage=training run_id=task4-candidate-r5-task9-preexec-stability-task9-stability-r5-a1-fold-4 epoch=1/100 event=start
task4-progress stage=training run_id=task4-candidate-r5-task9-preexec-stability-task9-stability-r5-a1-fold-4 epoch=1/100 event=complete
task4-progress stage=training run_id=task4-candidate-r5-task9-preexec-stability-task9-stability-r5-a1-fold-4 epoch=2/100 event=start
task4-progress stage=training run_id=task4-candidate-r5-task9-preexec-stability-task9-stability-r5-a1-fold-4 epoch=2/100 event=complete
task4-progress stage=training run_id=task4-candidate-r5-task9-preexec-stability-task9-stability-r5-a1-fold-4 epoch=3/100 event=start
task4-progress stage=training run_id=task4-candidate-r5-task9-preexec-stability-task9-stability-r5-a1-fold-4 epoch=3/100 event=complete
task4-progress stage=training run_id=task4-candidate-r5-task9-preexec-stability-task9-stability-r5-a1-fold-4 epoch=4/100 event=start
task4-progress stage=training run_id=task4-candidate-r5-task9-preexec-stability-task9-stability-r5-a1-fold-4 epoch=4/100 event=complete
task4-progress stage=training run_id=task4-candidate-r5-task9-preexec-stability-task9-stability-r5-a1-fold-4 epoch=5/100 event=start
task4-progress stage=training run_id=task4-candidate-r5-task9-preexec-stability-task9-stability-r5-a1-fold-4 epoch=5/100 event=complete
task4-progress stage=training run_id=task4-candidate-r5-task9-preexec-stability-task9-stability-r5-a1-fold-4 epoch=6/100 event=start
task4-progress stage=training run_id=task4-candidate-r5-task9-preexec-stability-task9-stability-r5-a1-fold-4 epoch=6/100 event=complete
task4-progress stage=training run_id=task4-candidate-r5-task9-preexec-stability-task9-stability-r5-a1-fold-4 epoch=7/100 event=start
task4-progress stage=training run_id=task4-candidate-r5-task9-preexec-stability-task9-stability-r5-a1-fold-4 epoch=7/100 event=complete
task4-progress stage=training run_id=task4-candidate-r5-task9-preexec-stability-task9-stability-r5-a1-fold-4 epoch=8/100 event=start
task4-progress stage=training run_id=task4-candidate-r5-task9-preexec-stability-task9-stability-r5-a1-fold-4 epoch=8/100 event=complete
task4-progress stage=training run_id=task4-candidate-r5-task9-preexec-stability-task9-stability-r5-a1-fold-4 epoch=9/100 event=start
task4-progress stage=training run_id=task4-candidate-r5-task9-preexec-stability-task9-stability-r5-a1-fold-4 epoch=9/100 event=complete
task4-progress stage=training run_id=task4-candidate-r5-task9-preexec-stability-task9-stability-r5-a1-fold-4 epoch=10/100 event=start
task4-progress stage=training run_id=task4-candidate-r5-task9-preexec-stability-task9-stability-r5-a1-fold-4 epoch=10/100 event=complete
task4-progress stage=training run_id=task4-candidate-r5-task9-preexec-stability-task9-stability-r5-a1-fold-4 epoch=11/100 event=start
task4-progress stage=training run_id=task4-candidate-r5-task9-preexec-stability-task9-stability-r5-a1-fold-4 epoch=11/100 event=complete
task4-progress stage=training run_id=task4-candidate-r5-task9-preexec-stability-task9-stability-r5-a1-fold-4 epoch=12/100 event=start
task4-progress stage=training run_id=task4-candidate-r5-task9-preexec-stability-task9-stability-r5-a1-fold-4 epoch=12/100 event=complete
task4-progress stage=training run_id=task4-candidate-r5-task9-preexec-stability-task9-stability-r5-a1-fold-4 epoch=13/100 event=start
task4-progress stage=training run_id=task4-candidate-r5-task9-preexec-stability-task9-stability-r5-a1-fold-4 epoch=13/100 event=complete
task4-progress stage=training run_id=task4-candidate-r5-task9-preexec-stability-task9-stability-r5-a1-fold-4 epoch=14/100 event=start
task4-progress stage=training run_id=task4-candidate-r5-task9-preexec-stability-task9-stability-r5-a1-fold-4 epoch=14/100 event=complete
task4-progress stage=training run_id=task4-candidate-r5-task9-preexec-stability-task9-stability-r5-a1-fold-4 epoch=15/100 event=start
task4-progress stage=training run_id=task4-candidate-r5-task9-preexec-stability-task9-stability-r5-a1-fold-4 epoch=15/100 event=complete
task4-progress stage=training run_id=task4-candidate-r5-task9-preexec-stability-task9-stability-r5-a1-fold-4 epoch=16/100 event=start
task4-progress stage=training run_id=task4-candidate-r5-task9-preexec-stability-task9-stability-r5-a1-fold-4 epoch=16/100 event=complete
task4-progress stage=training run_id=task4-candidate-r5-task9-preexec-stability-task9-stability-r5-a1-fold-4 epoch=17/100 event=start
task4-progress stage=training run_id=task4-candidate-r5-task9-preexec-stability-task9-stability-r5-a1-fold-4 epoch=17/100 event=complete
task4-progress stage=training run_id=task4-candidate-r5-task9-preexec-stability-task9-stability-r5-a1-fold-4 epoch=18/100 event=start
task4-progress stage=training run_id=task4-candidate-r5-task9-preexec-stability-task9-stability-r5-a1-fold-4 epoch=18/100 event=complete
task4-progress stage=training run_id=task4-candidate-r5-task9-preexec-stability-task9-stability-r5-a1-fold-4 epoch=19/100 event=start
task4-progress stage=training run_id=task4-candidate-r5-task9-preexec-stability-task9-stability-r5-a1-fold-4 epoch=19/100 event=complete
task4-progress stage=training run_id=task4-candidate-r5-task9-preexec-stability-task9-stability-r5-a1-fold-4 epoch=20/100 event=start
task4-progress stage=checkpoint run_id=task4-candidate-r5-task9-preexec-stability-task9-stability-r5-a1-fold-4 epoch=20 event=score
task4-progress stage=checkpoint run_id=task4-candidate-r5-task9-preexec-stability-task9-stability-r5-a1-fold-4 epoch=20 event=saved checkpoint_sha256=38503139d34cb0c3bebfe5751e718be34ec20d60f170c15e9947074e5ae7efcc
task4-progress stage=training run_id=task4-candidate-r5-task9-preexec-stability-task9-stability-r5-a1-fold-4 epoch=20/100 event=complete
task4-progress stage=training run_id=task4-candidate-r5-task9-preexec-stability-task9-stability-r5-a1-fold-4 epoch=21/100 event=start
task4-progress stage=training run_id=task4-candidate-r5-task9-preexec-stability-task9-stability-r5-a1-fold-4 epoch=21/100 event=complete
task4-progress stage=training run_id=task4-candidate-r5-task9-preexec-stability-task9-stability-r5-a1-fold-4 epoch=22/100 event=start
task4-progress stage=training run_id=task4-candidate-r5-task9-preexec-stability-task9-stability-r5-a1-fold-4 epoch=22/100 event=complete
task4-progress stage=training run_id=task4-candidate-r5-task9-preexec-stability-task9-stability-r5-a1-fold-4 epoch=23/100 event=start
task4-progress stage=training run_id=task4-candidate-r5-task9-preexec-stability-task9-stability-r5-a1-fold-4 epoch=23/100 event=complete
task4-progress stage=training run_id=task4-candidate-r5-task9-preexec-stability-task9-stability-r5-a1-fold-4 epoch=24/100 event=start
task4-progress stage=training run_id=task4-candidate-r5-task9-preexec-stability-task9-stability-r5-a1-fold-4 epoch=24/100 event=complete
task4-progress stage=training run_id=task4-candidate-r5-task9-preexec-stability-task9-stability-r5-a1-fold-4 epoch=25/100 event=start
task4-progress stage=training run_id=task4-candidate-r5-task9-preexec-stability-task9-stability-r5-a1-fold-4 epoch=25/100 event=complete
task4-progress stage=training run_id=task4-candidate-r5-task9-preexec-stability-task9-stability-r5-a1-fold-4 epoch=26/100 event=start
task4-progress stage=training run_id=task4-candidate-r5-task9-preexec-stability-task9-stability-r5-a1-fold-4 epoch=26/100 event=complete
task4-progress stage=training run_id=task4-candidate-r5-task9-preexec-stability-task9-stability-r5-a1-fold-4 epoch=27/100 event=start
task4-progress stage=training run_id=task4-candidate-r5-task9-preexec-stability-task9-stability-r5-a1-fold-4 epoch=27/100 event=complete
task4-progress stage=training run_id=task4-candidate-r5-task9-preexec-stability-task9-stability-r5-a1-fold-4 epoch=28/100 event=start
task4-progress stage=training run_id=task4-candidate-r5-task9-preexec-stability-task9-stability-r5-a1-fold-4 epoch=28/100 event=complete
task4-progress stage=training run_id=task4-candidate-r5-task9-preexec-stability-task9-stability-r5-a1-fold-4 epoch=29/100 event=start
task4-progress stage=training run_id=task4-candidate-r5-task9-preexec-stability-task9-stability-r5-a1-fold-4 epoch=29/100 event=complete
task4-progress stage=training run_id=task4-candidate-r5-task9-preexec-stability-task9-stability-r5-a1-fold-4 epoch=30/100 event=start
task4-progress stage=training run_id=task4-candidate-r5-task9-preexec-stability-task9-stability-r5-a1-fold-4 epoch=30/100 event=complete
task4-progress stage=training run_id=task4-candidate-r5-task9-preexec-stability-task9-stability-r5-a1-fold-4 epoch=31/100 event=start
task4-progress stage=training run_id=task4-candidate-r5-task9-preexec-stability-task9-stability-r5-a1-fold-4 epoch=31/100 event=complete
task4-progress stage=training run_id=task4-candidate-r5-task9-preexec-stability-task9-stability-r5-a1-fold-4 epoch=32/100 event=start
task4-progress stage=training run_id=task4-candidate-r5-task9-preexec-stability-task9-stability-r5-a1-fold-4 epoch=32/100 event=complete
task4-progress stage=training run_id=task4-candidate-r5-task9-preexec-stability-task9-stability-r5-a1-fold-4 epoch=33/100 event=start
task4-progress stage=training run_id=task4-candidate-r5-task9-preexec-stability-task9-stability-r5-a1-fold-4 epoch=33/100 event=complete
task4-progress stage=training run_id=task4-candidate-r5-task9-preexec-stability-task9-stability-r5-a1-fold-4 epoch=34/100 event=start
task4-progress stage=training run_id=task4-candidate-r5-task9-preexec-stability-task9-stability-r5-a1-fold-4 epoch=34/100 event=complete
task4-progress stage=training run_id=task4-candidate-r5-task9-preexec-stability-task9-stability-r5-a1-fold-4 epoch=35/100 event=start
task4-progress stage=training run_id=task4-candidate-r5-task9-preexec-stability-task9-stability-r5-a1-fold-4 epoch=35/100 event=complete
task4-progress stage=training run_id=task4-candidate-r5-task9-preexec-stability-task9-stability-r5-a1-fold-4 epoch=36/100 event=start
task4-progress stage=training run_id=task4-candidate-r5-task9-preexec-stability-task9-stability-r5-a1-fold-4 epoch=36/100 event=complete
task4-progress stage=training run_id=task4-candidate-r5-task9-preexec-stability-task9-stability-r5-a1-fold-4 epoch=37/100 event=start
task4-progress stage=training run_id=task4-candidate-r5-task9-preexec-stability-task9-stability-r5-a1-fold-4 epoch=37/100 event=complete
task4-progress stage=training run_id=task4-candidate-r5-task9-preexec-stability-task9-stability-r5-a1-fold-4 epoch=38/100 event=start
task4-progress stage=training run_id=task4-candidate-r5-task9-preexec-stability-task9-stability-r5-a1-fold-4 epoch=38/100 event=complete
task4-progress stage=training run_id=task4-candidate-r5-task9-preexec-stability-task9-stability-r5-a1-fold-4 epoch=39/100 event=start
task4-progress stage=training run_id=task4-candidate-r5-task9-preexec-stability-task9-stability-r5-a1-fold-4 epoch=39/100 event=complete
task4-progress stage=training run_id=task4-candidate-r5-task9-preexec-stability-task9-stability-r5-a1-fold-4 epoch=40/100 event=start
task4-progress stage=checkpoint run_id=task4-candidate-r5-task9-preexec-stability-task9-stability-r5-a1-fold-4 epoch=40 event=score
task4-progress stage=checkpoint run_id=task4-candidate-r5-task9-preexec-stability-task9-stability-r5-a1-fold-4 epoch=40 event=saved checkpoint_sha256=ed8e04b8a13ddb36bdadc4acf1f6df9ed1c62efbf939da4c2f9ccad0985ac7e2
task4-progress stage=training run_id=task4-candidate-r5-task9-preexec-stability-task9-stability-r5-a1-fold-4 epoch=40/100 event=complete
task4-progress stage=training run_id=task4-candidate-r5-task9-preexec-stability-task9-stability-r5-a1-fold-4 epoch=41/100 event=start
task4-progress stage=training run_id=task4-candidate-r5-task9-preexec-stability-task9-stability-r5-a1-fold-4 epoch=41/100 event=complete
task4-progress stage=training run_id=task4-candidate-r5-task9-preexec-stability-task9-stability-r5-a1-fold-4 epoch=42/100 event=start
task4-progress stage=training run_id=task4-candidate-r5-task9-preexec-stability-task9-stability-r5-a1-fold-4 epoch=42/100 event=complete
task4-progress stage=training run_id=task4-candidate-r5-task9-preexec-stability-task9-stability-r5-a1-fold-4 epoch=43/100 event=start
task4-progress stage=training run_id=task4-candidate-r5-task9-preexec-stability-task9-stability-r5-a1-fold-4 epoch=43/100 event=complete
task4-progress stage=training run_id=task4-candidate-r5-task9-preexec-stability-task9-stability-r5-a1-fold-4 epoch=44/100 event=start
task4-progress stage=training run_id=task4-candidate-r5-task9-preexec-stability-task9-stability-r5-a1-fold-4 epoch=44/100 event=complete
task4-progress stage=training run_id=task4-candidate-r5-task9-preexec-stability-task9-stability-r5-a1-fold-4 epoch=45/100 event=start
task4-progress stage=training run_id=task4-candidate-r5-task9-preexec-stability-task9-stability-r5-a1-fold-4 epoch=45/100 event=complete
task4-progress stage=training run_id=task4-candidate-r5-task9-preexec-stability-task9-stability-r5-a1-fold-4 epoch=46/100 event=start
task4-progress stage=training run_id=task4-candidate-r5-task9-preexec-stability-task9-stability-r5-a1-fold-4 epoch=46/100 event=complete
task4-progress stage=training run_id=task4-candidate-r5-task9-preexec-stability-task9-stability-r5-a1-fold-4 epoch=47/100 event=start
task4-progress stage=training run_id=task4-candidate-r5-task9-preexec-stability-task9-stability-r5-a1-fold-4 epoch=47/100 event=complete
task4-progress stage=training run_id=task4-candidate-r5-task9-preexec-stability-task9-stability-r5-a1-fold-4 epoch=48/100 event=start
task4-progress stage=training run_id=task4-candidate-r5-task9-preexec-stability-task9-stability-r5-a1-fold-4 epoch=48/100 event=complete
task4-progress stage=training run_id=task4-candidate-r5-task9-preexec-stability-task9-stability-r5-a1-fold-4 epoch=49/100 event=start
task4-progress stage=training run_id=task4-candidate-r5-task9-preexec-stability-task9-stability-r5-a1-fold-4 epoch=49/100 event=complete
task4-progress stage=training run_id=task4-candidate-r5-task9-preexec-stability-task9-stability-r5-a1-fold-4 epoch=50/100 event=start
task4-progress stage=training run_id=task4-candidate-r5-task9-preexec-stability-task9-stability-r5-a1-fold-4 epoch=50/100 event=complete
task4-progress stage=training run_id=task4-candidate-r5-task9-preexec-stability-task9-stability-r5-a1-fold-4 epoch=51/100 event=start
task4-progress stage=training run_id=task4-candidate-r5-task9-preexec-stability-task9-stability-r5-a1-fold-4 epoch=51/100 event=complete
task4-progress stage=training run_id=task4-candidate-r5-task9-preexec-stability-task9-stability-r5-a1-fold-4 epoch=52/100 event=start
task4-progress stage=training run_id=task4-candidate-r5-task9-preexec-stability-task9-stability-r5-a1-fold-4 epoch=52/100 event=complete
task4-progress stage=training run_id=task4-candidate-r5-task9-preexec-stability-task9-stability-r5-a1-fold-4 epoch=53/100 event=start
task4-progress stage=training run_id=task4-candidate-r5-task9-preexec-stability-task9-stability-r5-a1-fold-4 epoch=53/100 event=complete
task4-progress stage=training run_id=task4-candidate-r5-task9-preexec-stability-task9-stability-r5-a1-fold-4 epoch=54/100 event=start
task4-progress stage=training run_id=task4-candidate-r5-task9-preexec-stability-task9-stability-r5-a1-fold-4 epoch=54/100 event=complete
task4-progress stage=training run_id=task4-candidate-r5-task9-preexec-stability-task9-stability-r5-a1-fold-4 epoch=55/100 event=start
task4-progress stage=training run_id=task4-candidate-r5-task9-preexec-stability-task9-stability-r5-a1-fold-4 epoch=55/100 event=complete
task4-progress stage=training run_id=task4-candidate-r5-task9-preexec-stability-task9-stability-r5-a1-fold-4 epoch=56/100 event=start
task4-progress stage=training run_id=task4-candidate-r5-task9-preexec-stability-task9-stability-r5-a1-fold-4 epoch=56/100 event=complete
task4-progress stage=training run_id=task4-candidate-r5-task9-preexec-stability-task9-stability-r5-a1-fold-4 epoch=57/100 event=start
task4-progress stage=training run_id=task4-candidate-r5-task9-preexec-stability-task9-stability-r5-a1-fold-4 epoch=57/100 event=complete
task4-progress stage=training run_id=task4-candidate-r5-task9-preexec-stability-task9-stability-r5-a1-fold-4 epoch=58/100 event=start
task4-progress stage=training run_id=task4-candidate-r5-task9-preexec-stability-task9-stability-r5-a1-fold-4 epoch=58/100 event=complete
task4-progress stage=training run_id=task4-candidate-r5-task9-preexec-stability-task9-stability-r5-a1-fold-4 epoch=59/100 event=start
task4-progress stage=training run_id=task4-candidate-r5-task9-preexec-stability-task9-stability-r5-a1-fold-4 epoch=59/100 event=complete
task4-progress stage=training run_id=task4-candidate-r5-task9-preexec-stability-task9-stability-r5-a1-fold-4 epoch=60/100 event=start
task4-progress stage=checkpoint run_id=task4-candidate-r5-task9-preexec-stability-task9-stability-r5-a1-fold-4 epoch=60 event=score
task4-progress stage=checkpoint run_id=task4-candidate-r5-task9-preexec-stability-task9-stability-r5-a1-fold-4 epoch=60 event=saved checkpoint_sha256=74ff2fcd6ffe54d4717e59e2720cc17c213a3cbe1b8769073de891dd07f9cdf4
task4-progress stage=training run_id=task4-candidate-r5-task9-preexec-stability-task9-stability-r5-a1-fold-4 epoch=60/100 event=complete
task4-progress stage=training run_id=task4-candidate-r5-task9-preexec-stability-task9-stability-r5-a1-fold-4 epoch=61/100 event=start
task4-progress stage=training run_id=task4-candidate-r5-task9-preexec-stability-task9-stability-r5-a1-fold-4 epoch=61/100 event=complete
task4-progress stage=training run_id=task4-candidate-r5-task9-preexec-stability-task9-stability-r5-a1-fold-4 epoch=62/100 event=start
task4-progress stage=training run_id=task4-candidate-r5-task9-preexec-stability-task9-stability-r5-a1-fold-4 epoch=62/100 event=complete
task4-progress stage=training run_id=task4-candidate-r5-task9-preexec-stability-task9-stability-r5-a1-fold-4 epoch=63/100 event=start
task4-progress stage=training run_id=task4-candidate-r5-task9-preexec-stability-task9-stability-r5-a1-fold-4 epoch=63/100 event=complete
task4-progress stage=training run_id=task4-candidate-r5-task9-preexec-stability-task9-stability-r5-a1-fold-4 epoch=64/100 event=start
task4-progress stage=training run_id=task4-candidate-r5-task9-preexec-stability-task9-stability-r5-a1-fold-4 epoch=64/100 event=complete
task4-progress stage=training run_id=task4-candidate-r5-task9-preexec-stability-task9-stability-r5-a1-fold-4 epoch=65/100 event=start
task4-progress stage=training run_id=task4-candidate-r5-task9-preexec-stability-task9-stability-r5-a1-fold-4 epoch=65/100 event=complete
task4-progress stage=training run_id=task4-candidate-r5-task9-preexec-stability-task9-stability-r5-a1-fold-4 epoch=66/100 event=start
task4-progress stage=training run_id=task4-candidate-r5-task9-preexec-stability-task9-stability-r5-a1-fold-4 epoch=66/100 event=complete
task4-progress stage=training run_id=task4-candidate-r5-task9-preexec-stability-task9-stability-r5-a1-fold-4 epoch=67/100 event=start
task4-progress stage=training run_id=task4-candidate-r5-task9-preexec-stability-task9-stability-r5-a1-fold-4 epoch=67/100 event=complete
task4-progress stage=training run_id=task4-candidate-r5-task9-preexec-stability-task9-stability-r5-a1-fold-4 epoch=68/100 event=start
task4-progress stage=training run_id=task4-candidate-r5-task9-preexec-stability-task9-stability-r5-a1-fold-4 epoch=68/100 event=complete
task4-progress stage=training run_id=task4-candidate-r5-task9-preexec-stability-task9-stability-r5-a1-fold-4 epoch=69/100 event=start
task4-progress stage=training run_id=task4-candidate-r5-task9-preexec-stability-task9-stability-r5-a1-fold-4 epoch=69/100 event=complete
task4-progress stage=training run_id=task4-candidate-r5-task9-preexec-stability-task9-stability-r5-a1-fold-4 epoch=70/100 event=start
task4-progress stage=training run_id=task4-candidate-r5-task9-preexec-stability-task9-stability-r5-a1-fold-4 epoch=70/100 event=complete
task4-progress stage=training run_id=task4-candidate-r5-task9-preexec-stability-task9-stability-r5-a1-fold-4 epoch=71/100 event=start
task4-progress stage=training run_id=task4-candidate-r5-task9-preexec-stability-task9-stability-r5-a1-fold-4 epoch=71/100 event=complete
task4-progress stage=training run_id=task4-candidate-r5-task9-preexec-stability-task9-stability-r5-a1-fold-4 epoch=72/100 event=start
task4-progress stage=training run_id=task4-candidate-r5-task9-preexec-stability-task9-stability-r5-a1-fold-4 epoch=72/100 event=complete
task4-progress stage=training run_id=task4-candidate-r5-task9-preexec-stability-task9-stability-r5-a1-fold-4 epoch=73/100 event=start
task4-progress stage=training run_id=task4-candidate-r5-task9-preexec-stability-task9-stability-r5-a1-fold-4 epoch=73/100 event=complete
task4-progress stage=training run_id=task4-candidate-r5-task9-preexec-stability-task9-stability-r5-a1-fold-4 epoch=74/100 event=start
task4-progress stage=training run_id=task4-candidate-r5-task9-preexec-stability-task9-stability-r5-a1-fold-4 epoch=74/100 event=complete
task4-progress stage=training run_id=task4-candidate-r5-task9-preexec-stability-task9-stability-r5-a1-fold-4 epoch=75/100 event=start
task4-progress stage=training run_id=task4-candidate-r5-task9-preexec-stability-task9-stability-r5-a1-fold-4 epoch=75/100 event=complete
task4-progress stage=training run_id=task4-candidate-r5-task9-preexec-stability-task9-stability-r5-a1-fold-4 epoch=76/100 event=start
task4-progress stage=training run_id=task4-candidate-r5-task9-preexec-stability-task9-stability-r5-a1-fold-4 epoch=76/100 event=complete
task4-progress stage=training run_id=task4-candidate-r5-task9-preexec-stability-task9-stability-r5-a1-fold-4 epoch=77/100 event=start
task4-progress stage=training run_id=task4-candidate-r5-task9-preexec-stability-task9-stability-r5-a1-fold-4 epoch=77/100 event=complete
task4-progress stage=training run_id=task4-candidate-r5-task9-preexec-stability-task9-stability-r5-a1-fold-4 epoch=78/100 event=start
task4-progress stage=training run_id=task4-candidate-r5-task9-preexec-stability-task9-stability-r5-a1-fold-4 epoch=78/100 event=complete
task4-progress stage=training run_id=task4-candidate-r5-task9-preexec-stability-task9-stability-r5-a1-fold-4 epoch=79/100 event=start
task4-progress stage=training run_id=task4-candidate-r5-task9-preexec-stability-task9-stability-r5-a1-fold-4 epoch=79/100 event=complete
task4-progress stage=training run_id=task4-candidate-r5-task9-preexec-stability-task9-stability-r5-a1-fold-4 epoch=80/100 event=start
task4-progress stage=checkpoint run_id=task4-candidate-r5-task9-preexec-stability-task9-stability-r5-a1-fold-4 epoch=80 event=score
task4-progress stage=checkpoint run_id=task4-candidate-r5-task9-preexec-stability-task9-stability-r5-a1-fold-4 epoch=80 event=saved checkpoint_sha256=640d4edbc6e3cf870ba8aef64b9ab1a8fd270edc91cb6e2c5e3c615834f14767
task4-progress stage=training run_id=task4-candidate-r5-task9-preexec-stability-task9-stability-r5-a1-fold-4 epoch=80/100 event=complete
task4-progress stage=training run_id=task4-candidate-r5-task9-preexec-stability-task9-stability-r5-a1-fold-4 epoch=81/100 event=start
task4-progress stage=training run_id=task4-candidate-r5-task9-preexec-stability-task9-stability-r5-a1-fold-4 epoch=81/100 event=complete
task4-progress stage=training run_id=task4-candidate-r5-task9-preexec-stability-task9-stability-r5-a1-fold-4 epoch=82/100 event=start
task4-progress stage=training run_id=task4-candidate-r5-task9-preexec-stability-task9-stability-r5-a1-fold-4 epoch=82/100 event=complete
task4-progress stage=training run_id=task4-candidate-r5-task9-preexec-stability-task9-stability-r5-a1-fold-4 epoch=83/100 event=start
task4-progress stage=training run_id=task4-candidate-r5-task9-preexec-stability-task9-stability-r5-a1-fold-4 epoch=83/100 event=complete
task4-progress stage=training run_id=task4-candidate-r5-task9-preexec-stability-task9-stability-r5-a1-fold-4 epoch=84/100 event=start
task4-progress stage=training run_id=task4-candidate-r5-task9-preexec-stability-task9-stability-r5-a1-fold-4 epoch=84/100 event=complete
task4-progress stage=training run_id=task4-candidate-r5-task9-preexec-stability-task9-stability-r5-a1-fold-4 epoch=85/100 event=start
task4-progress stage=training run_id=task4-candidate-r5-task9-preexec-stability-task9-stability-r5-a1-fold-4 epoch=85/100 event=complete
task4-progress stage=training run_id=task4-candidate-r5-task9-preexec-stability-task9-stability-r5-a1-fold-4 epoch=86/100 event=start
task4-progress stage=training run_id=task4-candidate-r5-task9-preexec-stability-task9-stability-r5-a1-fold-4 epoch=86/100 event=complete
task4-progress stage=training run_id=task4-candidate-r5-task9-preexec-stability-task9-stability-r5-a1-fold-4 epoch=87/100 event=start
task4-progress stage=training run_id=task4-candidate-r5-task9-preexec-stability-task9-stability-r5-a1-fold-4 epoch=87/100 event=complete
task4-progress stage=training run_id=task4-candidate-r5-task9-preexec-stability-task9-stability-r5-a1-fold-4 epoch=88/100 event=start
task4-progress stage=training run_id=task4-candidate-r5-task9-preexec-stability-task9-stability-r5-a1-fold-4 epoch=88/100 event=complete
task4-progress stage=training run_id=task4-candidate-r5-task9-preexec-stability-task9-stability-r5-a1-fold-4 epoch=89/100 event=start
task4-progress stage=training run_id=task4-candidate-r5-task9-preexec-stability-task9-stability-r5-a1-fold-4 epoch=89/100 event=complete
task4-progress stage=training run_id=task4-candidate-r5-task9-preexec-stability-task9-stability-r5-a1-fold-4 epoch=90/100 event=start
task4-progress stage=training run_id=task4-candidate-r5-task9-preexec-stability-task9-stability-r5-a1-fold-4 epoch=90/100 event=complete
task4-progress stage=training run_id=task4-candidate-r5-task9-preexec-stability-task9-stability-r5-a1-fold-4 epoch=91/100 event=start
task4-progress stage=training run_id=task4-candidate-r5-task9-preexec-stability-task9-stability-r5-a1-fold-4 epoch=91/100 event=complete
task4-progress stage=training run_id=task4-candidate-r5-task9-preexec-stability-task9-stability-r5-a1-fold-4 epoch=92/100 event=start
task4-progress stage=training run_id=task4-candidate-r5-task9-preexec-stability-task9-stability-r5-a1-fold-4 epoch=92/100 event=complete
task4-progress stage=training run_id=task4-candidate-r5-task9-preexec-stability-task9-stability-r5-a1-fold-4 epoch=93/100 event=start
task4-progress stage=training run_id=task4-candidate-r5-task9-preexec-stability-task9-stability-r5-a1-fold-4 epoch=93/100 event=complete
task4-progress stage=training run_id=task4-candidate-r5-task9-preexec-stability-task9-stability-r5-a1-fold-4 epoch=94/100 event=start
task4-progress stage=training run_id=task4-candidate-r5-task9-preexec-stability-task9-stability-r5-a1-fold-4 epoch=94/100 event=complete
task4-progress stage=training run_id=task4-candidate-r5-task9-preexec-stability-task9-stability-r5-a1-fold-4 epoch=95/100 event=start
task4-progress stage=training run_id=task4-candidate-r5-task9-preexec-stability-task9-stability-r5-a1-fold-4 epoch=95/100 event=complete
task4-progress stage=training run_id=task4-candidate-r5-task9-preexec-stability-task9-stability-r5-a1-fold-4 epoch=96/100 event=start
task4-progress stage=training run_id=task4-candidate-r5-task9-preexec-stability-task9-stability-r5-a1-fold-4 epoch=96/100 event=complete
task4-progress stage=training run_id=task4-candidate-r5-task9-preexec-stability-task9-stability-r5-a1-fold-4 epoch=97/100 event=start
task4-progress stage=training run_id=task4-candidate-r5-task9-preexec-stability-task9-stability-r5-a1-fold-4 epoch=97/100 event=complete
task4-progress stage=training run_id=task4-candidate-r5-task9-preexec-stability-task9-stability-r5-a1-fold-4 epoch=98/100 event=start
task4-progress stage=training run_id=task4-candidate-r5-task9-preexec-stability-task9-stability-r5-a1-fold-4 epoch=98/100 event=complete
task4-progress stage=training run_id=task4-candidate-r5-task9-preexec-stability-task9-stability-r5-a1-fold-4 epoch=99/100 event=start
task4-progress stage=training run_id=task4-candidate-r5-task9-preexec-stability-task9-stability-r5-a1-fold-4 epoch=99/100 event=complete
task4-progress stage=training run_id=task4-candidate-r5-task9-preexec-stability-task9-stability-r5-a1-fold-4 epoch=100/100 event=start
task4-progress stage=checkpoint run_id=task4-candidate-r5-task9-preexec-stability-task9-stability-r5-a1-fold-4 epoch=100 event=score
task4-progress stage=checkpoint run_id=task4-candidate-r5-task9-preexec-stability-task9-stability-r5-a1-fold-4 epoch=100 event=saved checkpoint_sha256=59449f7bdbe80894bcc06b80ad237b707664bf5cf225dd7f3e412ec72efff2a7
task4-progress stage=training run_id=task4-candidate-r5-task9-preexec-stability-task9-stability-r5-a1-fold-4 epoch=100/100 event=complete
task4-progress stage=training run_id=task4-candidate-r5-task9-preexec-stability-task9-stability-r5-a1-fold-4 event=complete
task4-progress stage=evidence run_id=task4-candidate-r5-task9-preexec-stability-task9-stability-r5-a1-fold-4 event=start device=cuda:0
task4-progress stage=stability-evidence run_id=task4-candidate-r5-task9-preexec-stability-task9-stability-r5-a1-fold-4 event=feature-cache device=cuda:0
task4-progress stage=stability-evidence run_id=task4-candidate-r5-task9-preexec-stability-task9-stability-r5-a1-fold-4 event=primary-score
task4-progress stage=evidence run_id=task4-candidate-r5-task9-preexec-stability-task9-stability-r5-a1-fold-4 event=complete
stability: restartable package results/evidence/task4/phase_results/task9-stability-r5-f05-result.json
=== 2026-09-02T23:32:28+00:00 finished task9-stability-r5-f05
=== 2026-09-02T23:32:28+00:00 GPU0 R5 stability queue complete
