id,cv_fold,product_family_group,usage,articleType,path
1164,3,family_9e468662812f45d0,Sports,Tshirts,data/raw/teacher/train/images_train/1164.jpg
1537,1,family_6a27eece1c1658b2,Sports,Tshirts,data/raw/teacher/train/images_train/1537.jpg
1559,3,family_1e797595727addd0,Travel,Backpacks,data/raw/teacher/train/images_train/1559.jpg
1563,2,family_e830a0d7d5f30372,Sports,Tshirts,data/raw/teacher/train/images_train/1563.jpg
1565,3,family_956b130106fbc089,Travel,Backpacks,data/raw/teacher/train/images_train/1565.jpg
1598,2,family_191024c47d6c2b3c,Travel,Handbags,data/raw/teacher/train/images_train/1598.jpg
1605,1,family_5909daa6fb5cf239,Sports,Track Pants,data/raw/teacher/train/images_train/1605.jpg
1609,3,family_8cd6cb7e1601eb5d,Sports,Sweatshirts,data/raw/teacher/train/images_train/1609.jpg
1620,1,family_3ce59e84971bc7e6,Sports,Shorts,data/raw/teacher/train/images_train/1620.jpg
1648,2,family_a16c0ab260e30b22,Travel,Backpacks,data/raw/teacher/train/images_train/1648.jpg
1656,1,family_681d12400213531e,Sports,Caps,data/raw/teacher/train/images_train/1656.jpg
1758,2,family_3404e567432e7e13,Sports,Jackets,data/raw/teacher/train/images_train/1758.jpg
1782,1,family_72b31cf00f8ab396,Sports,Sports Shoes,data/raw/teacher/train/images_train/1782.jpg
1800,2,family_e49ec846db7527df,Sports,Backpacks,data/raw/teacher/train/images_train/1800.jpg
1804,1,family_da28719dfd9c4da8,Sports,Shorts,data/raw/teacher/train/images_train/1804.jpg
1807,1,family_9589262630f775d9,Casual,Tshirts,data/raw/teacher/train/images_train/1807.jpg
1879,2,family_5f93230da0c7dd66,Casual,Tshirts,data/raw/teacher/train/images_train/1879.jpg
1916,2,family_c30c6b3aa67e27e0,Sports,Sports Shoes,data/raw/teacher/train/images_train/1916.jpg
1922,1,family_2c1f3f5f6523af84,Sports,Tshirts,data/raw/teacher/train/images_train/1922.jpg
1927,1,family_3d5d2c29712a9887,Sports,Backpacks,data/raw/teacher/train/images_train/1927.jpg
1936,1,family_3f46bdea034f311a,Sports,Backpacks,data/raw/teacher/train/images_train/1936.jpg
1989,3,family_9113b98df80f877c,Sports,Tshirts,data/raw/teacher/train/images_train/1989.jpg
2049,2,family_c7bf117459b94624,Sports,Tshirts,data/raw/teacher/train/images_train/2049.jpg
2108,3,family_0f70422e0f7cb2e5,Sports,Shorts,data/raw/teacher/train/images_train/2108.jpg
2118,1,family_1788c74b1c926286,Sports,Track Pants,data/raw/teacher/train/images_train/2118.jpg
2127,1,family_06ceef9715535b73,Casual,Shirts,data/raw/teacher/train/images_train/2127.jpg
2202,3,family_debe0627c254558a,Sports,Tshirts,data/raw/teacher/train/images_train/2202.jpg
2205,1,family_408311ba9b03d5d2,Sports,Tshirts,data/raw/teacher/train/images_train/2205.jpg
2207,3,family_c838df5335c1eba2,Sports,Tshirts,data/raw/teacher/train/images_train/2207.jpg
2215,1,family_7de25656de2fdb7d,Sports,Sandals,data/raw/teacher/train/images_train/2215.jpg
2235,3,family_b60300641c365f1d,Sports,Sandals,data/raw/teacher/train/images_train/2235.jpg
2246,2,family_36a1efbb5f1607a7,Sports,Backpacks,data/raw/teacher/train/images_train/2246.jpg
2264,2,family_314c8125db7e2d4c,Sports,Backpacks,data/raw/teacher/train/images_train/2264.jpg
2265,3,family_10fc5d072454fbc1,Sports,Tshirts,data/raw/teacher/train/images_train/2265.jpg
2272,3,family_7ab0d174946f7a44,Sports,Tshirts,data/raw/teacher/train/images_train/2272.jpg
2276,2,family_131127203c89e821,Sports,Tshirts,data/raw/teacher/train/images_train/2276.jpg
2282,2,family_71218e3cc6590d0a,Sports,Tshirts,data/raw/teacher/train/images_train/2282.jpg
2285,3,family_d8f548dedc438e25,Sports,Tshirts,data/raw/teacher/train/images_train/2285.jpg
2303,3,family_dc7b81fd2fff7f76,Sports,Tshirts,data/raw/teacher/train/images_train/2303.jpg
2319,2,family_4f272e2b15404e97,Sports,Tshirts,data/raw/teacher/train/images_train/2319.jpg
2322,2,family_63c5cd559eaf5679,Sports,Tshirts,data/raw/teacher/train/images_train/2322.jpg
2349,2,family_c29ee91a4bd5ffbe,Casual,Tshirts,data/raw/teacher/train/images_train/2349.jpg
2355,2,family_017ae987199a49a1,Sports,Footballs,data/raw/teacher/train/images_train/2355.jpg
2370,3,family_d0a8a882c042eea0,Formal,Formal Shoes,data/raw/teacher/train/images_train/2370.jpg
2373,3,family_aabe8732aabad9a7,Formal,Formal Shoes,data/raw/teacher/train/images_train/2373.jpg
2377,3,family_1a5de96b83081a02,Formal,Formal Shoes,data/raw/teacher/train/images_train/2377.jpg
2379,3,family_2bb0a71cf77521d5,Formal,Formal Shoes,data/raw/teacher/train/images_train/2379.jpg
2474,3,family_263522fa27768a70,Sports,Sports Shoes,data/raw/teacher/train/images_train/2474.jpg
2489,3,family_9a1cfcffdce419d6,Sports,Sports Shoes,data/raw/teacher/train/images_train/2489.jpg
2584,3,family_a1dc2a3800abc801,Sports,Track Pants,data/raw/teacher/train/images_train/2584.jpg
2616,1,family_3d216e1fd0323902,Sports,Flats,data/raw/teacher/train/images_train/2616.jpg
2637,2,family_4dc4e583a1ec69c4,Formal,Formal Shoes,data/raw/teacher/train/images_train/2637.jpg
2672,3,family_b11b916a54e9e274,Ethnic,Handbags,data/raw/teacher/train/images_train/2672.jpg
2724,1,family_b3152ebe9e7ee740,Casual,Tshirts,data/raw/teacher/train/images_train/2724.jpg
2823,3,family_bfaa492bc1eb6c25,Formal,Formal Shoes,data/raw/teacher/train/images_train/2823.jpg
2826,3,family_7d608decaea5ec08,Formal,Formal Shoes,data/raw/teacher/train/images_train/2826.jpg
2832,2,family_db5989a78dd31d0c,Casual,Casual Shoes,data/raw/teacher/train/images_train/2832.jpg
3067,3,family_77ac7d024218f4f3,Casual,Tshirts,data/raw/teacher/train/images_train/3067.jpg
3078,1,family_7ddc73742388547e,Casual,Tshirts,data/raw/teacher/train/images_train/3078.jpg
3152,1,family_b83d4086daad65f8,Sports,Sports Shoes,data/raw/teacher/train/images_train/3152.jpg
3167,2,family_dcd0ea5b0fea71aa,Sports,Sports Shoes,data/raw/teacher/train/images_train/3167.jpg
3175,2,family_cba8e6252ab5d5b8,Sports,Sports Shoes,data/raw/teacher/train/images_train/3175.jpg
3214,3,family_1ef3f6149e996293,Sports,Flip Flops,data/raw/teacher/train/images_train/3214.jpg
3237,1,family_078468f27b81b84b,Sports,Sports Shoes,data/raw/teacher/train/images_train/3237.jpg
3240,2,family_8e690b5f73876692,Sports,Sports Shoes,data/raw/teacher/train/images_train/3240.jpg
3245,2,family_7da08b799010a8dd,Casual,Casual Shoes,data/raw/teacher/train/images_train/3245.jpg
3252,3,family_9578b0e4a27925b1,Sports,Sports Shoes,data/raw/teacher/train/images_train/3252.jpg
3295,3,family_a1e1e86414fd481e,Sports,Sports Shoes,data/raw/teacher/train/images_train/3295.jpg
3309,2,family_cb2444adbea04590,Sports,Sports Shoes,data/raw/teacher/train/images_train/3309.jpg
3322,1,family_5b359f5fc2b1cbba,Sports,Tshirts,data/raw/teacher/train/images_train/3322.jpg
3330,2,family_896a19677bafa271,Sports,Tshirts,data/raw/teacher/train/images_train/3330.jpg
3363,2,family_0d59691515de478f,Casual,Tshirts,data/raw/teacher/train/images_train/3363.jpg
3366,1,family_0db1804a6beaabd4,Sports,Sports Shoes,data/raw/teacher/train/images_train/3366.jpg
3441,3,family_6b724a6630ccac9a,Sports,Tshirts,data/raw/teacher/train/images_train/3441.jpg
3446,3,family_62a728b0b2cb8efb,Sports,Tshirts,data/raw/teacher/train/images_train/3446.jpg
3468,1,family_11f4138f4d6ee3c5,Sports,Socks,data/raw/teacher/train/images_train/3468.jpg
3469,2,family_895ea7bfb9e6d993,Sports,Headband,data/raw/teacher/train/images_train/3469.jpg
3479,2,family_ce16559af2caf7bb,Sports,Tshirts,data/raw/teacher/train/images_train/3479.jpg
3490,3,family_22fefb3e2c6808a3,Sports,Sports Sandals,data/raw/teacher/train/images_train/3490.jpg
3507,3,family_736eb54066e30caa,Sports,Shorts,data/raw/teacher/train/images_train/3507.jpg
3556,3,family_df9b3513da966487,Casual,Casual Shoes,data/raw/teacher/train/images_train/3556.jpg
3567,2,family_7ab2883acc2a6841,Sports,Sports Shoes,data/raw/teacher/train/images_train/3567.jpg
3579,3,family_cc49091e6a3fa59a,Sports,Sports Shoes,data/raw/teacher/train/images_train/3579.jpg
3584,3,family_9955f4a562efd60e,Sports,Tshirts,data/raw/teacher/train/images_train/3584.jpg
3599,2,family_66849e29a8eb896b,Sports,Tshirts,data/raw/teacher/train/images_train/3599.jpg
3600,3,family_8b34042b7a96b3ba,Sports,Tshirts,data/raw/teacher/train/images_train/3600.jpg
3613,2,family_40d2273d85cf40f0,Sports,Tshirts,data/raw/teacher/train/images_train/3613.jpg
3614,1,family_cd2d7b379cbdcdfd,Sports,Tshirts,data/raw/teacher/train/images_train/3614.jpg
3615,3,family_120e52d7b556d767,Sports,Caps,data/raw/teacher/train/images_train/3615.jpg
3667,3,family_fc0acc74b0ae025e,Sports,Sports Shoes,data/raw/teacher/train/images_train/3667.jpg
3713,3,family_6581e4cbb8c4fb16,Casual,Tshirts,data/raw/teacher/train/images_train/3713.jpg
3732,3,family_1db2269b74d1467a,Sports,Tshirts,data/raw/teacher/train/images_train/3732.jpg
3733,3,family_d6c29d5bb1162b7b,Sports,Tshirts,data/raw/teacher/train/images_train/3733.jpg
3788,1,family_2c73b3b9ed664a18,Casual,Tshirts,data/raw/teacher/train/images_train/3788.jpg
3812,2,family_460143e6473f0614,Casual,Casual Shoes,data/raw/teacher/train/images_train/3812.jpg
3852,2,family_6c80d62adb987e5e,Casual,Tshirts,data/raw/teacher/train/images_train/3852.jpg
3869,2,family_83ba9bed955097ef,Casual,Tshirts,data/raw/teacher/train/images_train/3869.jpg
3876,3,family_af864b0a4f77d494,Casual,Tshirts,data/raw/teacher/train/images_train/3876.jpg
3907,2,family_96e85c9fe31daf26,Casual,Track Pants,data/raw/teacher/train/images_train/3907.jpg
3944,2,family_63d5537f693522a8,Casual,Tshirts,data/raw/teacher/train/images_train/3944.jpg
4008,3,family_1c8a1600842cc2a0,Sports,Basketballs,data/raw/teacher/train/images_train/4008.jpg
4031,1,family_2559813bc6529f69,Casual,Tshirts,data/raw/teacher/train/images_train/4031.jpg
4043,3,family_672947e34836142f,Sports,Sports Shoes,data/raw/teacher/train/images_train/4043.jpg
4049,2,family_9fc7ef2c7100149c,Sports,Sports Shoes,data/raw/teacher/train/images_train/4049.jpg
4097,1,family_95807b29ae7ff1c0,Sports,Tshirts,data/raw/teacher/train/images_train/4097.jpg
4101,1,family_354948ef61d10149,Sports,Sports Sandals,data/raw/teacher/train/images_train/4101.jpg
4103,1,family_0f9c6877b9e900ca,Casual,Sandals,data/raw/teacher/train/images_train/4103.jpg
4150,1,family_84bdcd156603935b,Sports,Sports Shoes,data/raw/teacher/train/images_train/4150.jpg
4156,1,family_2a31dee3cd372662,Sports,Sports Shoes,data/raw/teacher/train/images_train/4156.jpg
4179,1,family_5f9e5489871b8a64,Formal,Formal Shoes,data/raw/teacher/train/images_train/4179.jpg
4180,2,family_3b96b9d2dc7cd7d3,Smart Casual,Formal Shoes,data/raw/teacher/train/images_train/4180.jpg
4181,3,family_9faccbe3b88a40c4,Smart Casual,Formal Shoes,data/raw/teacher/train/images_train/4181.jpg
4206,3,family_2d9ca3096035d24a,Casual,Tshirts,data/raw/teacher/train/images_train/4206.jpg
4232,1,family_7f424708103a507c,Casual,Tshirts,data/raw/teacher/train/images_train/4232.jpg
4266,3,family_173deaaf2f52bf79,Sports,Sports Shoes,data/raw/teacher/train/images_train/4266.jpg
4279,3,family_b45048bf83d0e17f,Formal,Formal Shoes,data/raw/teacher/train/images_train/4279.jpg
4283,3,family_13138993ff1ce9cb,Formal,Formal Shoes,data/raw/teacher/train/images_train/4283.jpg
4388,2,family_e753559bf52404ed,Casual,Tshirts,data/raw/teacher/train/images_train/4388.jpg
4454,1,family_4fef435542047269,Casual,Casual Shoes,data/raw/teacher/train/images_train/4454.jpg
4461,3,family_fe36bba93dc4e44b,Sports,Jackets,data/raw/teacher/train/images_train/4461.jpg
4492,1,family_cb850da6bf12d5c4,Sports,Sports Shoes,data/raw/teacher/train/images_train/4492.jpg
4500,1,family_c746ee2edf45fa00,Sports,Sports Shoes,data/raw/teacher/train/images_train/4500.jpg
4513,3,family_34ac9f308cb2e1f6,Sports,Sports Shoes,data/raw/teacher/train/images_train/4513.jpg
4551,1,family_c196451df88696ab,Sports,Sports Shoes,data/raw/teacher/train/images_train/4551.jpg
4552,2,family_65cd1264927aa198,Sports,Sports Shoes,data/raw/teacher/train/images_train/4552.jpg
4556,2,family_d3812f5f273c85c6,Sports,Sports Shoes,data/raw/teacher/train/images_train/4556.jpg
4559,1,family_d68e83f92ed9cc20,Sports,Sports Shoes,data/raw/teacher/train/images_train/4559.jpg
4566,1,family_0454a8d72f0fda82,Sports,Sports Shoes,data/raw/teacher/train/images_train/4566.jpg
4568,2,family_7d91b762b534b3e2,Sports,Sports Shoes,data/raw/teacher/train/images_train/4568.jpg
4569,1,family_0b592c692713048f,Sports,Sports Shoes,data/raw/teacher/train/images_train/4569.jpg
4588,2,family_02ef15e2d08ad8c3,Casual,Backpacks,data/raw/teacher/train/images_train/4588.jpg
4601,3,family_1c0a41630b5cac33,Travel,Rucksacks,data/raw/teacher/train/images_train/4601.jpg
4602,1,family_f18c99b3daa260d7,Travel,Backpacks,data/raw/teacher/train/images_train/4602.jpg
4639,1,family_fd7d77de225b3254,Sports,Sports Shoes,data/raw/teacher/train/images_train/4639.jpg
4644,2,family_fcc687ca8d076689,Sports,Sports Shoes,data/raw/teacher/train/images_train/4644.jpg
4646,2,family_2725d2bcfac13cc0,Casual,Sports Sandals,data/raw/teacher/train/images_train/4646.jpg
4657,3,family_9f2b69296b69933a,Sports,Sports Shoes,data/raw/teacher/train/images_train/4657.jpg
4668,1,family_28aba8137d93763f,Sports,Backpacks,data/raw/teacher/train/images_train/4668.jpg
4671,1,family_997719bc7307a990,Sports,Backpacks,data/raw/teacher/train/images_train/4671.jpg
4673,2,family_a32a2b5b8ff5119a,Sports,Backpacks,data/raw/teacher/train/images_train/4673.jpg
4678,1,family_d845f041e1ad38ef,Sports,Backpacks,data/raw/teacher/train/images_train/4678.jpg
4689,3,family_20fa0bcc74ce3b21,Sports,Backpacks,data/raw/teacher/train/images_train/4689.jpg
4691,2,family_eaa7de80f155ad3c,Sports,Watches,data/raw/teacher/train/images_train/4691.jpg
4698,3,family_6230c4cfda01a5dc,Sports,Watches,data/raw/teacher/train/images_train/4698.jpg
4716,3,family_b4bc4cd30fd6f4d1,Sports,Watches,data/raw/teacher/train/images_train/4716.jpg
4751,1,family_bca06ec2f99bc26e,Sports,Tshirts,data/raw/teacher/train/images_train/4751.jpg
4767,2,family_36ac58bc96ad6e60,Sports,Tshirts,data/raw/teacher/train/images_train/4767.jpg
4774,2,family_e5b82b15c2c265c2,Sports,Track Pants,data/raw/teacher/train/images_train/4774.jpg
4781,2,family_d265908f76c0179e,Sports,Tshirts,data/raw/teacher/train/images_train/4781.jpg
4783,1,family_67deb854909b0e04,Sports,Tshirts,data/raw/teacher/train/images_train/4783.jpg
4796,1,family_ae46bd6ed6ba612b,Sports,Shorts,data/raw/teacher/train/images_train/4796.jpg
4805,2,family_b3e34e9fe5a79d4e,Sports,Tshirts,data/raw/teacher/train/images_train/4805.jpg
4806,3,family_ec447ac59d239b8c,Sports,Tshirts,data/raw/teacher/train/images_train/4806.jpg
4811,1,family_459ef54b95078ec1,Sports,Tshirts,data/raw/teacher/train/images_train/4811.jpg
4832,1,family_df9d46565657e21f,Sports,Track Pants,data/raw/teacher/train/images_train/4832.jpg
4835,1,family_56dc6c2bd0f7cd6b,Sports,Track Pants,data/raw/teacher/train/images_train/4835.jpg
4851,1,family_5588ef6ef806acb1,Sports,Track Pants,data/raw/teacher/train/images_train/4851.jpg
4861,1,family_21a84ad988ff6ec4,Sports,Tshirts,data/raw/teacher/train/images_train/4861.jpg
4862,1,family_d35c4fccb34675f9,Sports,Tshirts,data/raw/teacher/train/images_train/4862.jpg
4868,2,family_a0a9572cd10cca7f,Casual,Tshirts,data/raw/teacher/train/images_train/4868.jpg
4994,1,family_35b6af913d688028,Sports,Sports Shoes,data/raw/teacher/train/images_train/4994.jpg
5194,3,family_0a0b723dc39e4a96,Casual,Tshirts,data/raw/teacher/train/images_train/5194.jpg
5198,1,family_9b33321408c0602e,Casual,Tshirts,data/raw/teacher/train/images_train/5198.jpg
5224,1,family_c08d12b1da2796e8,Casual,Messenger Bag,data/raw/teacher/train/images_train/5224.jpg
5229,2,family_1a9953ed2d6b8973,Casual,Backpacks,data/raw/teacher/train/images_train/5229.jpg
5243,2,family_e206dd002a594e55,Sports,Sports Shoes,data/raw/teacher/train/images_train/5243.jpg
5257,2,family_53677d2d33ed62c2,Casual,Backpacks,data/raw/teacher/train/images_train/5257.jpg
5258,3,family_0e5cf35a8fa68753,Casual,Backpacks,data/raw/teacher/train/images_train/5258.jpg
5314,2,family_1e0b605fa2f516ae,Casual,Backpacks,data/raw/teacher/train/images_train/5314.jpg
5319,3,family_4657bf5fc7bfc8f0,Sports,Sports Shoes,data/raw/teacher/train/images_train/5319.jpg
5356,3,family_4c3046c31405a2de,Sports,Sports Shoes,data/raw/teacher/train/images_train/5356.jpg
5362,1,family_38bfb45a86fe3291,Sports,Sports Shoes,data/raw/teacher/train/images_train/5362.jpg
5364,3,family_b346a1b3ea918897,Sports,Sports Shoes,data/raw/teacher/train/images_train/5364.jpg
5372,2,family_0aa87b8bdb3232d7,Sports,Sports Shoes,data/raw/teacher/train/images_train/5372.jpg
5374,2,family_1b8f39475cb531e8,Sports,Sports Shoes,data/raw/teacher/train/images_train/5374.jpg
5375,2,family_ef1956ff4324600b,Sports,Sports Shoes,data/raw/teacher/train/images_train/5375.jpg
5377,3,family_aa4109a073057cef,Sports,Sports Shoes,data/raw/teacher/train/images_train/5377.jpg
5387,1,family_429df0dc020155e7,Sports,Sports Shoes,data/raw/teacher/train/images_train/5387.jpg
5451,2,family_43a70ba6b21894cd,Sports,Shorts,data/raw/teacher/train/images_train/5451.jpg
5457,2,family_56a5ec9c037f2945,Sports,Track Pants,data/raw/teacher/train/images_train/5457.jpg
5566,1,family_be41b7f1fa56ba2b,Casual,Dresses,data/raw/teacher/train/images_train/5566.jpg
5571,2,family_6ac49669e238276d,Sports,Sports Shoes,data/raw/teacher/train/images_train/5571.jpg
5576,2,family_a398152fa8e559b0,Sports,Sports Shoes,data/raw/teacher/train/images_train/5576.jpg
5578,3,family_18d84c13d3ca78ea,Sports,Sports Shoes,data/raw/teacher/train/images_train/5578.jpg
5583,3,family_8c6dfac15afa6dca,Sports,Sports Shoes,data/raw/teacher/train/images_train/5583.jpg
5599,3,family_a3f0fbc167fd1096,Sports,Sandals,data/raw/teacher/train/images_train/5599.jpg
5725,3,family_9cd990a7894fcb3a,Sports,Sports Shoes,data/raw/teacher/train/images_train/5725.jpg
5735,2,family_2c8956be0d58b5e7,Sports,Sports Shoes,data/raw/teacher/train/images_train/5735.jpg
5737,2,family_8506ef9d3ccb38bc,Sports,Sports Shoes,data/raw/teacher/train/images_train/5737.jpg
5740,3,family_24a720766ce095f1,Casual,Tshirts,data/raw/teacher/train/images_train/5740.jpg
5744,2,family_dae81895ba463473,Sports,Sports Shoes,data/raw/teacher/train/images_train/5744.jpg
5755,3,family_d885bca1f73f287e,Casual,Tops,data/raw/teacher/train/images_train/5755.jpg
5823,1,family_93a91475cca49cf5,Casual,Tshirts,data/raw/teacher/train/images_train/5823.jpg
5828,2,family_d7d145410c61e49f,Sports,Tshirts,data/raw/teacher/train/images_train/5828.jpg
5836,3,family_7bffd6c03696e17b,Casual,Tshirts,data/raw/teacher/train/images_train/5836.jpg
5899,3,family_14d50a4ddc86ebe3,Casual,Casual Shoes,data/raw/teacher/train/images_train/5899.jpg
5906,1,family_ecdd7308565e93e4,Casual,Casual Shoes,data/raw/teacher/train/images_train/5906.jpg
5930,1,family_faede57cfab74b18,Casual,Casual Shoes,data/raw/teacher/train/images_train/5930.jpg
5988,2,family_a49e54e5732c1d43,Casual,Shirts,data/raw/teacher/train/images_train/5988.jpg
5995,2,family_acb3c9307d7b58b6,Casual,Shirts,data/raw/teacher/train/images_train/5995.jpg
6007,1,family_26479677d11644f9,Casual,Shirts,data/raw/teacher/train/images_train/6007.jpg
6127,3,family_4391f8f1f45d20f3,Sports,Sports Shoes,data/raw/teacher/train/images_train/6127.jpg
6150,3,family_00476816e43cf2ef,Sports,Sports Shoes,data/raw/teacher/train/images_train/6150.jpg
6352,1,family_59c19c9775a66ea2,Casual,Sandals,data/raw/teacher/train/images_train/6352.jpg
6507,2,family_6c2240d234a0d849,Formal,Formal Shoes,data/raw/teacher/train/images_train/6507.jpg
6521,1,family_ee763a42d50fbbe9,Sports,Shorts,data/raw/teacher/train/images_train/6521.jpg
6524,1,family_9807fe182f3dc625,Sports,Shorts,data/raw/teacher/train/images_train/6524.jpg
6542,1,family_c7ad43af1258979d,Sports,Tshirts,data/raw/teacher/train/images_train/6542.jpg
6551,1,family_f462d26aa077aadb,Sports,Tshirts,data/raw/teacher/train/images_train/6551.jpg
6564,1,family_122961871d9f94be,Sports,Shorts,data/raw/teacher/train/images_train/6564.jpg
6600,2,family_1ff474b06c92dfea,Casual,Tshirts,data/raw/teacher/train/images_train/6600.jpg
6626,1,family_420cb7cc928da8d5,Sports,Sports Shoes,data/raw/teacher/train/images_train/6626.jpg
6649,2,family_be67fb66b3bea87e,Sports,Sports Shoes,data/raw/teacher/train/images_train/6649.jpg
6650,2,family_9699b743abfca576,Sports,Sports Shoes,data/raw/teacher/train/images_train/6650.jpg
6653,2,family_758977412c116fb9,Casual,Casual Shoes,data/raw/teacher/train/images_train/6653.jpg
6656,1,family_0fd688a63532750b,Sports,Sports Shoes,data/raw/teacher/train/images_train/6656.jpg
6715,2,family_479886b5a5401ed4,Casual,Tshirts,data/raw/teacher/train/images_train/6715.jpg
6721,3,family_ce0f260d26064118,Casual,Tshirts,data/raw/teacher/train/images_train/6721.jpg
6740,2,family_2a0107774dd2becf,Sports,Sports Shoes,data/raw/teacher/train/images_train/6740.jpg
6744,2,family_f5d2825fffa0e81e,Sports,Sports Shoes,data/raw/teacher/train/images_train/6744.jpg
6789,2,family_499bc7df9d8873c1,Casual,Shirts,data/raw/teacher/train/images_train/6789.jpg
6835,1,family_1caca1f2422580ca,NA,Shoe Accessories,data/raw/teacher/train/images_train/6835.jpg
6836,3,family_6da57e02084e6145,NA,Shoe Accessories,data/raw/teacher/train/images_train/6836.jpg
6837,3,family_463ffc4d4be10831,NA,Shoe Accessories,data/raw/teacher/train/images_train/6837.jpg
6838,1,family_37bb3ec91d1e7458,NA,Shoe Accessories,data/raw/teacher/train/images_train/6838.jpg
6848,2,family_2dc366499884c061,Sports,Sports Shoes,data/raw/teacher/train/images_train/6848.jpg
6855,3,family_fd0d5cf8daff925c,Sports,Sports Shoes,data/raw/teacher/train/images_train/6855.jpg
6913,2,family_26b0aaae6eedc3c6,Casual,Sandals,data/raw/teacher/train/images_train/6913.jpg
6915,1,family_dc345d015a47a211,Sports,Tshirts,data/raw/teacher/train/images_train/6915.jpg
6948,1,family_137ff590f6f44fab,Casual,Tshirts,data/raw/teacher/train/images_train/6948.jpg
6971,1,family_5f7635b6a1c0307f,Casual,Tshirts,data/raw/teacher/train/images_train/6971.jpg
7023,3,family_66c3230e5b7d13fe,Casual,Tshirts,data/raw/teacher/train/images_train/7023.jpg
7065,2,family_13324c96f0cb8550,Sports,Backpacks,data/raw/teacher/train/images_train/7065.jpg
7066,1,family_079415c05a4e0bef,Sports,Backpacks,data/raw/teacher/train/images_train/7066.jpg
7091,1,family_5e1febd65aa22808,Casual,Backpacks,data/raw/teacher/train/images_train/7091.jpg
7113,1,family_e02be5962e51741e,Travel,Rucksacks,data/raw/teacher/train/images_train/7113.jpg
7130,1,family_5bf77ae1f2bf7ff2,Casual,Tshirts,data/raw/teacher/train/images_train/7130.jpg
7139,2,family_f1690b016b2ce31b,Casual,Shirts,data/raw/teacher/train/images_train/7139.jpg
7216,2,family_2cc06d8b10636615,Formal,Formal Shoes,data/raw/teacher/train/images_train/7216.jpg
7217,1,family_5b10ca07ace1e66a,Formal,Formal Shoes,data/raw/teacher/train/images_train/7217.jpg
7220,2,family_ee28deeee58fc612,Formal,Formal Shoes,data/raw/teacher/train/images_train/7220.jpg
7221,1,family_c8ace20a55c88e4d,Formal,Formal Shoes,data/raw/teacher/train/images_train/7221.jpg
7226,2,family_ccc0c17a6e734fce,Formal,Formal Shoes,data/raw/teacher/train/images_train/7226.jpg
7227,2,family_7a866153fcd1a9ed,Formal,Formal Shoes,data/raw/teacher/train/images_train/7227.jpg
7235,1,family_c789a815d8bba2a3,Formal,Formal Shoes,data/raw/teacher/train/images_train/7235.jpg
7242,2,family_7599dc4548df4500,Formal,Formal Shoes,data/raw/teacher/train/images_train/7242.jpg
7243,2,family_e06f88267f246de6,Formal,Formal Shoes,data/raw/teacher/train/images_train/7243.jpg
7247,2,family_41bdad81f82b77b8,Formal,Formal Shoes,data/raw/teacher/train/images_train/7247.jpg
7254,1,family_647711bd268ce883,Formal,Formal Shoes,data/raw/teacher/train/images_train/7254.jpg
7269,1,family_94f6f1248ee5d1bd,Casual,Tshirts,data/raw/teacher/train/images_train/7269.jpg
7271,3,family_db52b9f28db37f73,Casual,Tshirts,data/raw/teacher/train/images_train/7271.jpg
7304,3,family_fef1d7bcfa6f264f,Casual,Tops,data/raw/teacher/train/images_train/7304.jpg
7331,1,family_f789909693b38986,Formal,Formal Shoes,data/raw/teacher/train/images_train/7331.jpg
7347,1,family_664fdaa31cf65482,Casual,Tshirts,data/raw/teacher/train/images_train/7347.jpg
7363,3,family_b1337e70bf4d06c7,Formal,Formal Shoes,data/raw/teacher/train/images_train/7363.jpg
7383,2,family_b8ba5925257ad206,Formal,Formal Shoes,data/raw/teacher/train/images_train/7383.jpg
7389,2,family_2a7185fd600ecd7b,Formal,Formal Shoes,data/raw/teacher/train/images_train/7389.jpg
7390,2,family_4ed6bd23c5514935,Formal,Formal Shoes,data/raw/teacher/train/images_train/7390.jpg
7417,2,family_7d4a25031f5a1514,Ethnic,Kurtas,data/raw/teacher/train/images_train/7417.jpg
7418,1,family_c39cb2c540b601f1,Ethnic,Kurtas,data/raw/teacher/train/images_train/7418.jpg
7421,1,family_4567f6e4059f4e6d,Ethnic,Kurtas,data/raw/teacher/train/images_train/7421.jpg
7459,1,family_ec88fb611271dde4,Casual,Tshirts,data/raw/teacher/train/images_train/7459.jpg
7499,2,family_4427dc2e32a1d099,Sports,Tshirts,data/raw/teacher/train/images_train/7499.jpg
7508,3,family_ead595aca2c88523,Sports,Tshirts,data/raw/teacher/train/images_train/7508.jpg
7512,3,family_1992a7b5f8d06c70,Sports,Tshirts,data/raw/teacher/train/images_train/7512.jpg
7517,1,family_5ce5209e0015f0bf,Sports,Tshirts,data/raw/teacher/train/images_train/7517.jpg
7528,2,family_3c3ccbacd3a07a48,Sports,Tshirts,data/raw/teacher/train/images_train/7528.jpg
7530,1,family_5fb1f2daaedc5908,Sports,Tshirts,data/raw/teacher/train/images_train/7530.jpg
7550,1,family_03fd186b374bfe3e,Sports,Tshirts,data/raw/teacher/train/images_train/7550.jpg
7563,2,family_69769ab78b2e30ed,Sports,Tshirts,data/raw/teacher/train/images_train/7563.jpg
7576,3,family_1cd4f57251bdb116,Sports,Sports Shoes,data/raw/teacher/train/images_train/7576.jpg
7583,3,family_06df4191d5461db5,Sports,Tshirts,data/raw/teacher/train/images_train/7583.jpg
7586,3,family_490d3f320e422627,Sports,Sports Shoes,data/raw/teacher/train/images_train/7586.jpg
7593,1,family_35bb78127c4f2c52,Sports,Sports Shoes,data/raw/teacher/train/images_train/7593.jpg
7639,1,family_9ba37a22e4f57405,Sports,Tshirts,data/raw/teacher/train/images_train/7639.jpg
7663,1,family_64502d55e7e89f45,Sports,Tshirts,data/raw/teacher/train/images_train/7663.jpg
7684,1,family_3e1884b53656e0d4,Sports,Tshirts,data/raw/teacher/train/images_train/7684.jpg
7694,1,family_c2fd16a452da1060,Casual,Tshirts,data/raw/teacher/train/images_train/7694.jpg
7722,1,family_d21753641f9e0831,Casual,Casual Shoes,data/raw/teacher/train/images_train/7722.jpg
7737,2,family_9b7c4f02b47b2fb4,Sports,Caps,data/raw/teacher/train/images_train/7737.jpg
7741,1,family_d975b6d649745e93,Sports,Sports Shoes,data/raw/teacher/train/images_train/7741.jpg
7748,3,family_750feb5dd619fc36,Sports,Sports Shoes,data/raw/teacher/train/images_train/7748.jpg
7756,2,family_c4e2e9a17e38d281,Casual,Tshirts,data/raw/teacher/train/images_train/7756.jpg
7845,1,family_5c5388933de21b9c,Sports,Sports Shoes,data/raw/teacher/train/images_train/7845.jpg
7853,1,family_a69a7896a1cbdcea,Sports,Backpacks,data/raw/teacher/train/images_train/7853.jpg
7864,3,family_ded97258d1eec809,Formal,Formal Shoes,data/raw/teacher/train/images_train/7864.jpg
7875,3,family_5820260936cae44e,Sports,Shorts,data/raw/teacher/train/images_train/7875.jpg
7932,3,family_d2150586010e3b31,Sports,Lounge Pants,data/raw/teacher/train/images_train/7932.jpg
7938,2,family_93bad48c1cec2fd8,Sports,Tshirts,data/raw/teacher/train/images_train/7938.jpg
7948,3,family_36ad951cbf273885,Sports,Tshirts,data/raw/teacher/train/images_train/7948.jpg
7960,1,family_498e0c0c414c0bf0,Sports,Tshirts,data/raw/teacher/train/images_train/7960.jpg
7964,2,family_fac919549c4a4c9f,Sports,Tshirts,data/raw/teacher/train/images_train/7964.jpg
7965,2,family_9da8780a381915da,Sports,Tshirts,data/raw/teacher/train/images_train/7965.jpg
8040,3,family_2fe78f3a5504de1b,Sports,Tshirts,data/raw/teacher/train/images_train/8040.jpg
8063,1,family_ae08ef776d536d49,Formal,Formal Shoes,data/raw/teacher/train/images_train/8063.jpg
8064,2,family_c3c17abf2f19f7a4,Casual,Wallets,data/raw/teacher/train/images_train/8064.jpg
8071,1,family_e58bb6dcf3948e6c,Sports,Sports Shoes,data/raw/teacher/train/images_train/8071.jpg
8084,2,family_7c7fead4c7112bf7,Sports,Sports Shoes,data/raw/teacher/train/images_train/8084.jpg
8112,2,family_30185966d0c2e770,Casual,Watches,data/raw/teacher/train/images_train/8112.jpg
8143,1,family_44175460886bd889,Casual,Watches,data/raw/teacher/train/images_train/8143.jpg
8182,3,family_30e9c9f71470191b,Casual,Shirts,data/raw/teacher/train/images_train/8182.jpg
8212,3,family_5f65bd0309b05d2a,Casual,Watches,data/raw/teacher/train/images_train/8212.jpg
8276,3,family_13848743748e0030,Casual,Tshirts,data/raw/teacher/train/images_train/8276.jpg
8291,1,family_1c753160f146c373,Casual,Tshirts,data/raw/teacher/train/images_train/8291.jpg
8389,3,family_1a4050a4a05b3b79,Sports,Tshirts,data/raw/teacher/train/images_train/8389.jpg
8394,2,family_f0f06e6a36f7cb80,Sports,Tshirts,data/raw/teacher/train/images_train/8394.jpg
8401,1,family_bac6d66266e89278,Sports,Tshirts,data/raw/teacher/train/images_train/8401.jpg
8403,2,family_c7e17652d2550c69,Sports,Tshirts,data/raw/teacher/train/images_train/8403.jpg
8408,2,family_b4d61dc34f0d9ac2,Sports,Tshirts,data/raw/teacher/train/images_train/8408.jpg
8412,1,family_e4a01106d28da364,Sports,Tshirts,data/raw/teacher/train/images_train/8412.jpg
8426,1,family_e78dcd2ab23bdc60,Sports,Basketballs,data/raw/teacher/train/images_train/8426.jpg
8439,3,family_7890391448702e41,Casual,Tops,data/raw/teacher/train/images_train/8439.jpg
8480,3,family_cc6a251fac8cad5d,Casual,Dresses,data/raw/teacher/train/images_train/8480.jpg
8513,2,family_9e17d9aef211177d,Sports,Backpacks,data/raw/teacher/train/images_train/8513.jpg
8636,1,family_d2fea184642c1e7e,Casual,Sunglasses,data/raw/teacher/train/images_train/8636.jpg
8653,2,family_ff9a64b244f71656,Casual,Sunglasses,data/raw/teacher/train/images_train/8653.jpg
8667,2,family_6ecfcccd10de676b,Casual,Sunglasses,data/raw/teacher/train/images_train/8667.jpg
8790,3,family_e89ff6fbc72de7c3,Formal,Shirts,data/raw/teacher/train/images_train/8790.jpg
8884,2,family_28f2f92442d4344a,Formal,Trousers,data/raw/teacher/train/images_train/8884.jpg
8888,1,family_2926a2731f4b312c,Formal,Shirts,data/raw/teacher/train/images_train/8888.jpg
8892,2,family_f13049b287e2ce65,Formal,Trousers,data/raw/teacher/train/images_train/8892.jpg
8904,1,family_f522915c780209c1,Formal,Trousers,data/raw/teacher/train/images_train/8904.jpg
8908,1,family_165e75840c3993a1,Sports,Sports Shoes,data/raw/teacher/train/images_train/8908.jpg
8911,1,family_b759ee249f22ecb6,Casual,Casual Shoes,data/raw/teacher/train/images_train/8911.jpg
8917,1,family_599a18be4f4e47d3,Casual,Belts,data/raw/teacher/train/images_train/8917.jpg
8948,3,family_098a1cf1c6d3dabb,Formal,Trousers,data/raw/teacher/train/images_train/8948.jpg
8952,3,family_6408d110f4b8a5e6,Formal,Trousers,data/raw/teacher/train/images_train/8952.jpg
8965,2,family_d206553aab2da3c3,Sports,Sports Shoes,data/raw/teacher/train/images_train/8965.jpg
8966,1,family_d9eac2f7abefa888,Sports,Sports Shoes,data/raw/teacher/train/images_train/8966.jpg
8972,2,family_3fa7c8121f5ff069,Sports,Sports Shoes,data/raw/teacher/train/images_train/8972.jpg
8989,2,family_03aaef0fd45d47ee,Casual,Casual Shoes,data/raw/teacher/train/images_train/8989.jpg
9024,2,family_d8e74bea72251416,NA,Sandals,data/raw/teacher/train/images_train/9024.jpg
9028,1,family_fc36afd4b44b6c4f,Casual,Casual Shoes,data/raw/teacher/train/images_train/9028.jpg
9037,1,family_b67e21816864c4f6,Formal,Formal Shoes,data/raw/teacher/train/images_train/9037.jpg
9038,3,family_a86656c677dcfeb4,Formal,Formal Shoes,data/raw/teacher/train/images_train/9038.jpg
9039,1,family_3b32bab39d4e9afe,Formal,Formal Shoes,data/raw/teacher/train/images_train/9039.jpg
9041,2,family_2ec1d83738358cd8,Formal,Formal Shoes,data/raw/teacher/train/images_train/9041.jpg
9042,1,family_ee4f8781fe28ccc7,Formal,Formal Shoes,data/raw/teacher/train/images_train/9042.jpg
9043,3,family_c8a3fdb7844b5c82,Formal,Formal Shoes,data/raw/teacher/train/images_train/9043.jpg
9061,2,family_36bc5077fa3b0cc3,Formal,Shirts,data/raw/teacher/train/images_train/9061.jpg
9069,3,family_7f64efa262b2637c,Formal,Shirts,data/raw/teacher/train/images_train/9069.jpg
9071,3,family_6ef06d822acc0bcb,Formal,Shirts,data/raw/teacher/train/images_train/9071.jpg
9075,1,family_62df359b89820ebe,Sports,Shorts,data/raw/teacher/train/images_train/9075.jpg
9079,1,family_fae26219b0f6340c,Sports,Shorts,data/raw/teacher/train/images_train/9079.jpg
9083,3,family_a1336c6de4926f9e,Sports,Track Pants,data/raw/teacher/train/images_train/9083.jpg
9112,3,family_cce19cc2cd213efd,Sports,Sports Shoes,data/raw/teacher/train/images_train/9112.jpg
9173,3,family_a58b724c8f5078b3,Casual,Jeans,data/raw/teacher/train/images_train/9173.jpg
9180,2,family_b838f5e640f108e4,Casual,Tshirts,data/raw/teacher/train/images_train/9180.jpg
9203,3,family_b21b2845209ad0b0,Sports,Sports Shoes,data/raw/teacher/train/images_train/9203.jpg
9231,1,family_79a24793eb849eba,Formal,Shirts,data/raw/teacher/train/images_train/9231.jpg
9239,1,family_b9037563f309325e,Formal,Shirts,data/raw/teacher/train/images_train/9239.jpg
9242,2,family_5ce4631674059041,Formal,Shirts,data/raw/teacher/train/images_train/9242.jpg
9250,2,family_6e1eb412d607ec13,Formal,Shirts,data/raw/teacher/train/images_train/9250.jpg
9270,2,family_8d2b7fd50d586b74,Formal,Shirts,data/raw/teacher/train/images_train/9270.jpg
9351,3,family_04786952027e5912,Casual,Socks,data/raw/teacher/train/images_train/9351.jpg
9358,3,family_0ae6ddf6317e9c68,Casual,Socks,data/raw/teacher/train/images_train/9358.jpg
9382,1,family_65439b2347e3c457,Casual,Casual Shoes,data/raw/teacher/train/images_train/9382.jpg
9401,1,family_1f4c90a452f1c8b8,Sports,Sports Shoes,data/raw/teacher/train/images_train/9401.jpg
9402,3,family_89ea3b15dd9ef756,Sports,Sports Shoes,data/raw/teacher/train/images_train/9402.jpg
9415,1,family_8c77895f23a54390,Formal,Shirts,data/raw/teacher/train/images_train/9415.jpg
9416,2,family_652c3c3753845d6c,Formal,Shirts,data/raw/teacher/train/images_train/9416.jpg
9420,3,family_4f3a221dd152c16c,Formal,Shirts,data/raw/teacher/train/images_train/9420.jpg
9451,3,family_1f6595a0e6faf8bf,Formal,Shirts,data/raw/teacher/train/images_train/9451.jpg
9453,3,family_14dde4854ebc9224,Formal,Shirts,data/raw/teacher/train/images_train/9453.jpg
9460,2,family_a0027863dd7419e5,Formal,Shirts,data/raw/teacher/train/images_train/9460.jpg
9465,3,family_c160d67699ae01e6,Formal,Shirts,data/raw/teacher/train/images_train/9465.jpg
9471,3,family_2e502f3968ad4c22,Formal,Shirts,data/raw/teacher/train/images_train/9471.jpg
9473,2,family_2e9dae7c19e02721,Formal,Shirts,data/raw/teacher/train/images_train/9473.jpg
9498,1,family_91f43bbe86e7ec58,Formal,Shirts,data/raw/teacher/train/images_train/9498.jpg
9521,1,family_7681f0387d875532,Formal,Shirts,data/raw/teacher/train/images_train/9521.jpg
9530,1,family_ebda43f475bb8d35,Sports,Tshirts,data/raw/teacher/train/images_train/9530.jpg
9537,3,family_cd7461b614c43ae7,Sports,Tshirts,data/raw/teacher/train/images_train/9537.jpg
9541,2,family_fadc157f46354d70,Sports,Tshirts,data/raw/teacher/train/images_train/9541.jpg
9546,3,family_220827bba803e974,Sports,Tshirts,data/raw/teacher/train/images_train/9546.jpg
9551,2,family_2d7653f05e02be2e,Sports,Tshirts,data/raw/teacher/train/images_train/9551.jpg
9552,1,family_5dc5bcd84be35949,Sports,Tshirts,data/raw/teacher/train/images_train/9552.jpg
9565,3,family_a23a9168827855aa,Formal,Shirts,data/raw/teacher/train/images_train/9565.jpg
9588,2,family_d9b03dd593468b4e,Formal,Shirts,data/raw/teacher/train/images_train/9588.jpg
9599,2,family_2b1aa576bd0c7ae2,Formal,Shirts,data/raw/teacher/train/images_train/9599.jpg
9604,3,family_6c80cf1e44d265f1,Formal,Shirts,data/raw/teacher/train/images_train/9604.jpg
9605,1,family_f83745bc2b36f8cf,Casual,Shirts,data/raw/teacher/train/images_train/9605.jpg
9636,2,family_fee49aa26d37f5e2,Casual,Shirts,data/raw/teacher/train/images_train/9636.jpg
9697,3,family_dad8f8d25311093a,Formal,Formal Shoes,data/raw/teacher/train/images_train/9697.jpg
9701,1,family_2306c899cdd84c7c,Formal,Formal Shoes,data/raw/teacher/train/images_train/9701.jpg
9702,2,family_73352dbe01eaf5e0,Formal,Formal Shoes,data/raw/teacher/train/images_train/9702.jpg
9705,3,family_9fe97dc2f4b0fcd0,Formal,Sandals,data/raw/teacher/train/images_train/9705.jpg
9707,1,family_ba26357006c2de21,Formal,Sandals,data/raw/teacher/train/images_train/9707.jpg
9752,3,family_37ce8e1e093e24e2,Smart Casual,Shirts,data/raw/teacher/train/images_train/9752.jpg
9762,2,family_0da4b104c4d8589f,Formal,Formal Shoes,data/raw/teacher/train/images_train/9762.jpg
9777,3,family_0f31c318c80aefd4,Casual,Track Pants,data/raw/teacher/train/images_train/9777.jpg
9854,3,family_4168d192b5bbc2be,Formal,Trousers,data/raw/teacher/train/images_train/9854.jpg
9892,2,family_b37cdc759f678ab5,Formal,Trousers,data/raw/teacher/train/images_train/9892.jpg
9900,2,family_21cedfef481c0e0c,Casual,Jeans,data/raw/teacher/train/images_train/9900.jpg
9954,1,family_541aa104195ce680,Sports,Tshirts,data/raw/teacher/train/images_train/9954.jpg
9956,3,family_637dab24bb4c101d,Sports,Tshirts,data/raw/teacher/train/images_train/9956.jpg
9964,3,family_ddfba1616217aeef,Sports,Tshirts,data/raw/teacher/train/images_train/9964.jpg
9965,1,family_3829de69d2b20187,Sports,Wristbands,data/raw/teacher/train/images_train/9965.jpg
9967,1,family_10e8d3c45549d119,Sports,Track Pants,data/raw/teacher/train/images_train/9967.jpg
9971,2,family_d1089d0df6e55a65,Sports,Sweatshirts,data/raw/teacher/train/images_train/9971.jpg
9972,1,family_afd625562b786f99,Sports,Tshirts,data/raw/teacher/train/images_train/9972.jpg
10013,3,family_5264efea3b4678d5,Sports,Tshirts,data/raw/teacher/train/images_train/10013.jpg
10014,2,family_21049fe0067fdec0,Sports,Caps,data/raw/teacher/train/images_train/10014.jpg
10017,3,family_7249e959389029a8,Sports,Jackets,data/raw/teacher/train/images_train/10017.jpg
10075,2,family_2239804df6c32522,Casual,Tshirts,data/raw/teacher/train/images_train/10075.jpg
10089,2,family_f887a1298b1981f1,Sports,Sports Shoes,data/raw/teacher/train/images_train/10089.jpg
10112,2,family_dfcea1df719388c3,Sports,Sports Shoes,data/raw/teacher/train/images_train/10112.jpg
10113,2,family_a85080a4a1662376,Sports,Sports Shoes,data/raw/teacher/train/images_train/10113.jpg
10153,2,family_40a7b25df619e088,Formal,Formal Shoes,data/raw/teacher/train/images_train/10153.jpg
10196,2,family_fd468dc562126502,Casual,Handbags,data/raw/teacher/train/images_train/10196.jpg
10239,1,family_c230f6b770dfcbfc,Casual,Watches,data/raw/teacher/train/images_train/10239.jpg
10254,3,family_85c525b08f8384df,Casual,Handbags,data/raw/teacher/train/images_train/10254.jpg
10257,3,family_9966121111d035d0,Formal,Trousers,data/raw/teacher/train/images_train/10257.jpg
10259,3,family_8f555090a20bdeb4,Formal,Trousers,data/raw/teacher/train/images_train/10259.jpg
10262,1,family_f3440b26ec8855fc,Formal,Trousers,data/raw/teacher/train/images_train/10262.jpg
10264,3,family_69ebeab6989b3506,Formal,Formal Shoes,data/raw/teacher/train/images_train/10264.jpg
10268,2,family_7dcf1501322b9be7,Formal,Formal Shoes,data/raw/teacher/train/images_train/10268.jpg
10275,1,family_6b454452a2b647e4,Formal,Formal Shoes,data/raw/teacher/train/images_train/10275.jpg
10277,2,family_a02f9fecad6c9eff,Smart Casual,Formal Shoes,data/raw/teacher/train/images_train/10277.jpg
10281,1,family_54409a01733cb9ff,Formal,Formal Shoes,data/raw/teacher/train/images_train/10281.jpg
10302,1,family_74d043c8f4a0a99f,Formal,Formal Shoes,data/raw/teacher/train/images_train/10302.jpg
10355,3,family_49d688549556fcb0,Formal,Shirts,data/raw/teacher/train/images_train/10355.jpg
10362,1,family_b343a2a74aab421d,Casual,Tshirts,data/raw/teacher/train/images_train/10362.jpg
10374,2,family_19c03c86c20ca0fb,Casual,Tshirts,data/raw/teacher/train/images_train/10374.jpg
10381,1,family_975ecb9268eebad2,Formal,Shirts,data/raw/teacher/train/images_train/10381.jpg
10382,3,family_9286c9820b0c1c39,Casual,Tops,data/raw/teacher/train/images_train/10382.jpg
10449,2,family_5451d4ebd9d5d4c9,Casual,Tshirts,data/raw/teacher/train/images_train/10449.jpg
10473,3,family_f86545578247ddc9,Casual,Shirts,data/raw/teacher/train/images_train/10473.jpg
10495,2,family_2e80f496de2bb84e,Casual,Shirts,data/raw/teacher/train/images_train/10495.jpg
10533,1,family_498f5fbc64890cf8,Sports,Sports Shoes,data/raw/teacher/train/images_train/10533.jpg
10583,2,family_8d246e711e70b26c,Formal,Watches,data/raw/teacher/train/images_train/10583.jpg
10630,2,family_5208ac35cc63a8d7,Casual,Casual Shoes,data/raw/teacher/train/images_train/10630.jpg
10637,1,family_4d79986143fd9eb5,Formal,Formal Shoes,data/raw/teacher/train/images_train/10637.jpg
10778,3,family_968a148ad72ff5d5,Sports,Shorts,data/raw/teacher/train/images_train/10778.jpg
10862,3,family_e187c25df3c7f7fc,Casual,Tshirts,data/raw/teacher/train/images_train/10862.jpg
11062,2,family_bedf1476e01b61b8,Casual,Shirts,data/raw/teacher/train/images_train/11062.jpg
11063,1,family_c1d9c0a95a7a13c5,Formal,Shirts,data/raw/teacher/train/images_train/11063.jpg
11067,3,family_5efcd827f4b7af3f,Formal,Shirts,data/raw/teacher/train/images_train/11067.jpg
11079,3,family_dc603647271943ad,Casual,Shirts,data/raw/teacher/train/images_train/11079.jpg
11099,2,family_b1c7f753016816ba,Ethnic,Leggings,data/raw/teacher/train/images_train/11099.jpg
11102,1,family_a3a224d824568a52,Formal,Shirts,data/raw/teacher/train/images_train/11102.jpg
11104,2,family_bc786939d2199467,Formal,Shirts,data/raw/teacher/train/images_train/11104.jpg
11114,2,family_9ddfc37d227e1417,Formal,Shirts,data/raw/teacher/train/images_train/11114.jpg
11147,3,family_04cd39af3040f67b,Casual,Shirts,data/raw/teacher/train/images_train/11147.jpg
11151,3,family_a97cfc50785e1b81,Formal,Ties,data/raw/teacher/train/images_train/11151.jpg
11152,2,family_b8266706c32c83c0,Formal,Ties,data/raw/teacher/train/images_train/11152.jpg
11156,3,family_3cdf6606f34d380d,Formal,Ties,data/raw/teacher/train/images_train/11156.jpg
11158,2,family_d0a50d26a514417b,Formal,Ties,data/raw/teacher/train/images_train/11158.jpg
11159,1,family_b07f013118ea1a47,Formal,Ties,data/raw/teacher/train/images_train/11159.jpg
11167,1,family_5ec0b368f71e26fc,Formal,Shirts,data/raw/teacher/train/images_train/11167.jpg
11172,2,family_1bfd011fd17d2901,Casual,Sweaters,data/raw/teacher/train/images_train/11172.jpg
11246,3,family_31365e4ed8b121b4,Sports,Sweatshirts,data/raw/teacher/train/images_train/11246.jpg
11324,2,family_d4ed6737078e4398,Smart Casual,Trousers,data/raw/teacher/train/images_train/11324.jpg
11359,2,family_40c2291301edbbcc,Casual,Tshirts,data/raw/teacher/train/images_train/11359.jpg
11366,3,family_02d26c9a4bd468f5,Casual,Tops,data/raw/teacher/train/images_train/11366.jpg
11486,1,family_25633ae9c1f96e84,Sports,Watches,data/raw/teacher/train/images_train/11486.jpg
11487,2,family_6a1befc44c314642,Sports,Watches,data/raw/teacher/train/images_train/11487.jpg
11534,1,family_f1f1de4292031011,Ethnic,Kurtas,data/raw/teacher/train/images_train/11534.jpg
11537,1,family_5908231e1e63a45f,Ethnic,Kurtas,data/raw/teacher/train/images_train/11537.jpg
11546,1,family_9b8d80dc61923eb6,Ethnic,Kurtas,data/raw/teacher/train/images_train/11546.jpg
11548,1,family_52b050bd4ab8dd73,Ethnic,Kurtas,data/raw/teacher/train/images_train/11548.jpg
11581,3,family_c5edab57e5ade17e,Ethnic,Kurtas,data/raw/teacher/train/images_train/11581.jpg
11605,2,family_ac388f09d79becec,Ethnic,Kurtis,data/raw/teacher/train/images_train/11605.jpg
11611,2,family_6caf8cb7c55f641e,Ethnic,Kurtas,data/raw/teacher/train/images_train/11611.jpg
11620,3,family_4bcdee47f1d76324,Ethnic,Kurtas,data/raw/teacher/train/images_train/11620.jpg
11622,3,family_1b023db7bba00593,Ethnic,Kurtas,data/raw/teacher/train/images_train/11622.jpg
11623,2,family_aac7d4dc2eb6e607,Ethnic,Kurtis,data/raw/teacher/train/images_train/11623.jpg
11638,1,family_ba03cd9ba89f9e73,Casual,Watches,data/raw/teacher/train/images_train/11638.jpg
11740,2,family_98c4dc334adef12e,Casual,Tshirts,data/raw/teacher/train/images_train/11740.jpg
11788,1,family_589488305d66fc88,Ethnic,Kurtas,data/raw/teacher/train/images_train/11788.jpg
11789,3,family_de79c1aa031f96e0,Ethnic,Kurtas,data/raw/teacher/train/images_train/11789.jpg
11793,3,family_df3c08c16d3293f5,Ethnic,Kurtas,data/raw/teacher/train/images_train/11793.jpg
11801,1,family_6783c71f418437a2,Ethnic,Kurtas,data/raw/teacher/train/images_train/11801.jpg
11803,2,family_90f57b00c1a634f5,Ethnic,Kurtas,data/raw/teacher/train/images_train/11803.jpg
11804,2,family_01b786ce9f6cee2a,Ethnic,Kurtas,data/raw/teacher/train/images_train/11804.jpg
11806,1,family_3b02f927c840a361,Ethnic,Kurtas,data/raw/teacher/train/images_train/11806.jpg
11869,1,family_57ee51d78ea428d1,Formal,Formal Shoes,data/raw/teacher/train/images_train/11869.jpg
11885,1,family_08ae804484bb82a1,Formal,Formal Shoes,data/raw/teacher/train/images_train/11885.jpg
11899,2,family_4f2557b700cdb11b,Formal,Formal Shoes,data/raw/teacher/train/images_train/11899.jpg
11908,3,family_3d53014704baaaee,Formal,Sandals,data/raw/teacher/train/images_train/11908.jpg
11920,1,family_6fe25e440e5dbafe,Formal,Formal Shoes,data/raw/teacher/train/images_train/11920.jpg
11921,3,family_ada89cd9e7907d7e,Formal,Formal Shoes,data/raw/teacher/train/images_train/11921.jpg
11930,1,family_c3c24b553e252bb3,Sports,Sports Shoes,data/raw/teacher/train/images_train/11930.jpg
11977,2,family_de24cf852f0270fe,Casual,Sandals,data/raw/teacher/train/images_train/11977.jpg
12011,2,family_b5d9c3c05080d2c9,Formal,Shirts,data/raw/teacher/train/images_train/12011.jpg
12012,1,family_de04949ec5cd89f5,Formal,Shirts,data/raw/teacher/train/images_train/12012.jpg
12016,3,family_1fef5a401be62462,Formal,Shirts,data/raw/teacher/train/images_train/12016.jpg
12018,1,family_f87507d7d6e37c82,Formal,Shirts,data/raw/teacher/train/images_train/12018.jpg
12025,1,family_71a64bbcb5c3b9dd,Formal,Shirts,data/raw/teacher/train/images_train/12025.jpg
12030,2,family_f3e0a5976e99b4c7,Formal,Shirts,data/raw/teacher/train/images_train/12030.jpg
12056,1,family_741fe09b6cf82394,Ethnic,Kurtas,data/raw/teacher/train/images_train/12056.jpg
12067,3,family_9a71b49e6bf06efd,Ethnic,Kurtas,data/raw/teacher/train/images_train/12067.jpg
12089,2,family_06235b5aed863034,Ethnic,Kurtas,data/raw/teacher/train/images_train/12089.jpg
12107,1,family_fbd039d88fe073c7,Ethnic,Kurtis,data/raw/teacher/train/images_train/12107.jpg
12122,1,family_dac83bb166491b23,Ethnic,Kurtas,data/raw/teacher/train/images_train/12122.jpg
12123,3,family_c492e2a3e4f6cc9c,Ethnic,Kurtas,data/raw/teacher/train/images_train/12123.jpg
12124,1,family_9766638817ec53c3,Ethnic,Kurtas,data/raw/teacher/train/images_train/12124.jpg
12126,2,family_75a98354e6532ce3,Ethnic,Kurtas,data/raw/teacher/train/images_train/12126.jpg
12134,2,family_42636ae0aa266163,Ethnic,Kurtas,data/raw/teacher/train/images_train/12134.jpg
12135,2,family_ec5428386afee3c3,Ethnic,Kurtas,data/raw/teacher/train/images_train/12135.jpg
12137,3,family_fd4ef6b8d5d5cd85,Ethnic,Kurtas,data/raw/teacher/train/images_train/12137.jpg
12146,1,family_879d43d2f0dbd425,Ethnic,Kurtis,data/raw/teacher/train/images_train/12146.jpg
12149,1,family_9db878fd06dd7587,Ethnic,Kurtis,data/raw/teacher/train/images_train/12149.jpg
12151,3,family_e27ff4a5d0f886f9,Ethnic,Kurtis,data/raw/teacher/train/images_train/12151.jpg
12156,3,family_e7d1f058d0666236,Ethnic,Leggings,data/raw/teacher/train/images_train/12156.jpg
12157,1,family_b1f423709270237d,Ethnic,Leggings,data/raw/teacher/train/images_train/12157.jpg
12160,1,family_e5940ff023c4b0e4,Ethnic,Leggings,data/raw/teacher/train/images_train/12160.jpg
12162,1,family_af83147e904690a9,Ethnic,Leggings,data/raw/teacher/train/images_train/12162.jpg
12163,3,family_d305006c273786c8,Ethnic,Leggings,data/raw/teacher/train/images_train/12163.jpg
12164,2,family_155ef8c3dcca4207,Ethnic,Dupatta,data/raw/teacher/train/images_train/12164.jpg
12167,2,family_78a59b56b6e64678,Ethnic,Dupatta,data/raw/teacher/train/images_train/12167.jpg
12213,1,family_57264ece047b09ae,Casual,Trousers,data/raw/teacher/train/images_train/12213.jpg
12214,1,family_e5cc06e39f70a9aa,Formal,Trousers,data/raw/teacher/train/images_train/12214.jpg
12217,3,family_e8001139c41a3465,Formal,Trousers,data/raw/teacher/train/images_train/12217.jpg
12220,1,family_d1faa63ee9644e85,Formal,Trousers,data/raw/teacher/train/images_train/12220.jpg
12223,2,family_f861f085b808d6d4,Formal,Trousers,data/raw/teacher/train/images_train/12223.jpg
12224,3,family_8cdf2de10225179c,Formal,Trousers,data/raw/teacher/train/images_train/12224.jpg
12234,1,family_b18c0492399adb60,Formal,Shirts,data/raw/teacher/train/images_train/12234.jpg
12237,2,family_ea73b925dc502d40,Formal,Shirts,data/raw/teacher/train/images_train/12237.jpg
12238,2,family_4131fea91206540f,Formal,Shirts,data/raw/teacher/train/images_train/12238.jpg
12242,3,family_b1f200df417b17b0,Formal,Shirts,data/raw/teacher/train/images_train/12242.jpg
12244,2,family_429c353370c9b361,Formal,Shirts,data/raw/teacher/train/images_train/12244.jpg
12246,1,family_942cc0da94bdf4d4,Formal,Shirts,data/raw/teacher/train/images_train/12246.jpg
12253,2,family_9fcabe19e7fb2580,Formal,Shirts,data/raw/teacher/train/images_train/12253.jpg
12259,2,family_7f869ca6e6671f80,Formal,Shirts,data/raw/teacher/train/images_train/12259.jpg
12266,3,family_2b356a4bc037a889,Formal,Shirts,data/raw/teacher/train/images_train/12266.jpg
12296,3,family_5db7fa704b475a15,Formal,Shirts,data/raw/teacher/train/images_train/12296.jpg
12316,3,family_1cfc0e728d7d533b,Formal,Shirts,data/raw/teacher/train/images_train/12316.jpg
12357,3,family_6e9ec3205510fbf7,Formal,Shirts,data/raw/teacher/train/images_train/12357.jpg
12360,3,family_463f5b811b7891a3,Formal,Shirts,data/raw/teacher/train/images_train/12360.jpg
12364,3,family_0f897999c802937e,Formal,Shirts,data/raw/teacher/train/images_train/12364.jpg
12371,3,family_118eb258575d890c,Formal,Shirts,data/raw/teacher/train/images_train/12371.jpg
12372,2,family_5675b0f0b189fe72,Formal,Shirts,data/raw/teacher/train/images_train/12372.jpg
12374,1,family_312979bbc038612c,Formal,Shirts,data/raw/teacher/train/images_train/12374.jpg
12381,1,family_fa9c04297f990f56,Formal,Shirts,data/raw/teacher/train/images_train/12381.jpg
12388,2,family_cb633ac0a288ee6a,Formal,Ties,data/raw/teacher/train/images_train/12388.jpg
12390,2,family_059787bfae244d88,Formal,Ties,data/raw/teacher/train/images_train/12390.jpg
12392,2,family_06a0554d3357222d,Formal,Socks,data/raw/teacher/train/images_train/12392.jpg
12393,2,family_89353aefff61f8e8,Formal,Socks,data/raw/teacher/train/images_train/12393.jpg
12396,1,family_c70d3faac0c3af4d,Formal,Socks,data/raw/teacher/train/images_train/12396.jpg
12407,1,family_70e759ac2b469665,Formal,Socks,data/raw/teacher/train/images_train/12407.jpg
12447,2,family_2add97f6cfa30252,NA,Shoe Accessories,data/raw/teacher/train/images_train/12447.jpg
12448,3,family_4ffa4fb7d1176010,NA,Shoe Accessories,data/raw/teacher/train/images_train/12448.jpg
12451,1,family_ee38e7799140fe2e,NA,Shoe Accessories,data/raw/teacher/train/images_train/12451.jpg
12467,1,family_b867324a34260ee1,Formal,Ties,data/raw/teacher/train/images_train/12467.jpg
12695,3,family_83e276764a37a6a5,Sports,Sports Shoes,data/raw/teacher/train/images_train/12695.jpg
12713,2,family_885bec1d0a921e9e,Sports,Sports Shoes,data/raw/teacher/train/images_train/12713.jpg
12768,2,family_dc270706e5a1bace,Ethnic,Tunics,data/raw/teacher/train/images_train/12768.jpg
12772,2,family_7a803cbe475643c4,Ethnic,Kurtas,data/raw/teacher/train/images_train/12772.jpg
12774,3,family_7cfa7cc617748dfa,Ethnic,Kurtas,data/raw/teacher/train/images_train/12774.jpg
12779,3,family_2016c50216de4653,Ethnic,Kurtas,data/raw/teacher/train/images_train/12779.jpg
12785,1,family_dc8feef608bbce28,Ethnic,Tops,data/raw/teacher/train/images_train/12785.jpg
12786,3,family_29b2350b186f7347,Ethnic,Kurtas,data/raw/teacher/train/images_train/12786.jpg
12788,3,family_7c7acf903ec43c5c,Ethnic,Kurtis,data/raw/teacher/train/images_train/12788.jpg
12789,1,family_3b63a2fa4a5e3429,Ethnic,Kurtas,data/raw/teacher/train/images_train/12789.jpg
12807,2,family_5f98ca7fbb1f1089,Sports,Jackets,data/raw/teacher/train/images_train/12807.jpg
12810,2,family_665b4bd9bae841df,Sports,Track Pants,data/raw/teacher/train/images_train/12810.jpg
12835,2,family_a7b2728f235e8a66,Casual,Dresses,data/raw/teacher/train/images_train/12835.jpg
12863,3,family_562696f7fa37c20d,Formal,Formal Shoes,data/raw/teacher/train/images_train/12863.jpg
12874,2,family_fbf29ca7bde8ffdd,Casual,Casual Shoes,data/raw/teacher/train/images_train/12874.jpg
12889,2,family_36b90715140a3ce1,Sports,Sports Shoes,data/raw/teacher/train/images_train/12889.jpg
12923,3,family_eab81a2c29a51214,Casual,Casual Shoes,data/raw/teacher/train/images_train/12923.jpg
12956,2,family_3d5c7afe8bb8e430,Sports,Sports Shoes,data/raw/teacher/train/images_train/12956.jpg
12968,3,family_2e8fae943093ee37,Sports,Sports Shoes,data/raw/teacher/train/images_train/12968.jpg
12973,1,family_6f575fdd10c9b07e,Sports,Sports Shoes,data/raw/teacher/train/images_train/12973.jpg
13047,3,family_8182553da16df7cc,Casual,Heels,data/raw/teacher/train/images_train/13047.jpg
13048,1,family_270a9a7d4ddf47d4,Casual,Tshirts,data/raw/teacher/train/images_train/13048.jpg
13085,3,family_0e399ff37c2c973d,Casual,Casual Shoes,data/raw/teacher/train/images_train/13085.jpg
13159,2,family_8d19ff19bf78b310,Casual,Tshirts,data/raw/teacher/train/images_train/13159.jpg
13168,3,family_9c8598dfb879d015,Sports,Sports Shoes,data/raw/teacher/train/images_train/13168.jpg
13180,2,family_1894a468fa31d5cc,Sports,Sports Shoes,data/raw/teacher/train/images_train/13180.jpg
13181,3,family_e914bf585648fd9c,Sports,Sports Shoes,data/raw/teacher/train/images_train/13181.jpg
13203,1,family_a5c44cf41754d8cc,Sports,Sports Shoes,data/raw/teacher/train/images_train/13203.jpg
13210,3,family_4eb3f2ab5abc8cef,Sports,Sports Shoes,data/raw/teacher/train/images_train/13210.jpg
13234,1,family_09f292a1154f2606,Casual,Tshirts,data/raw/teacher/train/images_train/13234.jpg
13373,3,family_5a8793f950946952,Casual,Casual Shoes,data/raw/teacher/train/images_train/13373.jpg
13437,2,family_ee1d6fb0927c61d0,Casual,Tshirts,data/raw/teacher/train/images_train/13437.jpg
13485,1,family_89d836dd5753bee3,Formal,Heels,data/raw/teacher/train/images_train/13485.jpg
13493,1,family_5c0af5de0595640d,Travel,Rucksacks,data/raw/teacher/train/images_train/13493.jpg
13500,3,family_2b9f60efe3cd4073,Casual,Tshirts,data/raw/teacher/train/images_train/13500.jpg
13529,2,family_a9ecd83c2d2d5295,Casual,Tshirts,data/raw/teacher/train/images_train/13529.jpg
13530,3,family_75048f79ea770c3f,Casual,Mufflers,data/raw/teacher/train/images_train/13530.jpg
13624,2,family_d919054469d4fbaf,Casual,Lounge Shorts,data/raw/teacher/train/images_train/13624.jpg
13659,3,family_b311a5bf116dae3a,Formal,Shirts,data/raw/teacher/train/images_train/13659.jpg
13669,1,family_835966964ffd2e95,Formal,Trousers,data/raw/teacher/train/images_train/13669.jpg
13682,3,family_e3e15853e9ac866a,Sports,Sports Shoes,data/raw/teacher/train/images_train/13682.jpg
13683,2,family_ad41ffa4623bbd9a,Sports,Sports Shoes,data/raw/teacher/train/images_train/13683.jpg
13731,1,family_7a1bd78c4069a578,Formal,Shirts,data/raw/teacher/train/images_train/13731.jpg
13744,2,family_ee4e410c9ca211a3,Formal,Shirts,data/raw/teacher/train/images_train/13744.jpg
13748,2,family_74c5b46f9ad73d94,Formal,Shirts,data/raw/teacher/train/images_train/13748.jpg
13754,2,family_0d92f48950196ed1,Formal,Shirts,data/raw/teacher/train/images_train/13754.jpg
13755,3,family_fd1b885968dc480f,Formal,Shirts,data/raw/teacher/train/images_train/13755.jpg
13781,1,family_90f2193d1643e049,Formal,Trousers,data/raw/teacher/train/images_train/13781.jpg
13784,1,family_1c7ef3ecb922f6fe,Formal,Trousers,data/raw/teacher/train/images_train/13784.jpg
13810,3,family_11b29812557057ad,Casual,Mufflers,data/raw/teacher/train/images_train/13810.jpg
13828,2,family_724a85744ed5d032,Casual,Sweaters,data/raw/teacher/train/images_train/13828.jpg
13874,3,family_8327fe36717a3fff,Casual,Shirts,data/raw/teacher/train/images_train/13874.jpg
13907,1,family_9cda552242fdd5c7,Casual,Casual Shoes,data/raw/teacher/train/images_train/13907.jpg
13912,1,family_ae97f8495a3b7b16,Sports,Sports Shoes,data/raw/teacher/train/images_train/13912.jpg
13915,2,family_ddb1a4a0a71172e2,Sports,Sports Shoes,data/raw/teacher/train/images_train/13915.jpg
13925,3,family_3a6783d3585ea5d1,Casual,Sandals,data/raw/teacher/train/images_train/13925.jpg
13964,3,family_ca730010a74de4f0,Formal,Shirts,data/raw/teacher/train/images_train/13964.jpg
14029,3,family_921420f6bedee92b,Sports,Track Pants,data/raw/teacher/train/images_train/14029.jpg
14060,3,family_641db3bce85876ca,Casual,Tshirts,data/raw/teacher/train/images_train/14060.jpg
14116,2,family_3bec1211ed92eeb7,Casual,Jeans,data/raw/teacher/train/images_train/14116.jpg
14145,2,family_c715aeec3cf4beae,Formal,Cufflinks,data/raw/teacher/train/images_train/14145.jpg
14171,3,family_58c6db79af2a8d0b,Formal,Belts,data/raw/teacher/train/images_train/14171.jpg
14285,2,family_6f49b07c950c3413,Formal,Trousers,data/raw/teacher/train/images_train/14285.jpg
14286,2,family_36596d03cefef923,Formal,Trousers,data/raw/teacher/train/images_train/14286.jpg
14287,1,family_38f47e05c354c18a,Formal,Shirts,data/raw/teacher/train/images_train/14287.jpg
14312,1,family_1172067564c5dbed,Sports,Tshirts,data/raw/teacher/train/images_train/14312.jpg
14321,2,family_9cc792987e19de6f,Sports,Shorts,data/raw/teacher/train/images_train/14321.jpg
14323,3,family_823e1f7988ef795a,Casual,Sweaters,data/raw/teacher/train/images_train/14323.jpg
14338,1,family_61f35d18e91a0c77,Sports,Sports Shoes,data/raw/teacher/train/images_train/14338.jpg
14351,2,family_db54ea722712f0d2,Casual,Heels,data/raw/teacher/train/images_train/14351.jpg
14508,3,family_9cf8a5a3d7cf6107,Sports,Tshirts,data/raw/teacher/train/images_train/14508.jpg
14513,3,family_c5202080402c2600,Formal,Shirts,data/raw/teacher/train/images_train/14513.jpg
14517,1,family_566c660bfabe0ad7,Formal,Shirts,data/raw/teacher/train/images_train/14517.jpg
14518,1,family_d20fdf0c14354aad,Formal,Shirts,data/raw/teacher/train/images_train/14518.jpg
14520,3,family_c36192f00d848c0d,Formal,Shirts,data/raw/teacher/train/images_train/14520.jpg
14523,3,family_226a90d66d72162b,Formal,Shirts,data/raw/teacher/train/images_train/14523.jpg
14526,1,family_b666f138103ccf27,Formal,Shirts,data/raw/teacher/train/images_train/14526.jpg
14535,3,family_61795ffc0fd067b3,Ethnic,Kurtas,data/raw/teacher/train/images_train/14535.jpg
14539,1,family_9a3eab0033b988a7,Ethnic,Kurtis,data/raw/teacher/train/images_train/14539.jpg
14546,2,family_4cd5fb7dbd4a7754,Ethnic,Kurtas,data/raw/teacher/train/images_train/14546.jpg
14547,2,family_28e30757e0288c03,Ethnic,Kurtas,data/raw/teacher/train/images_train/14547.jpg
14560,3,family_9568c7995e76c5a8,Casual,Casual Shoes,data/raw/teacher/train/images_train/14560.jpg
14715,2,family_5be677ab2f980cd2,Formal,Shirts,data/raw/teacher/train/images_train/14715.jpg
14734,2,family_fe80bbd59a5697ed,Formal,Shirts,data/raw/teacher/train/images_train/14734.jpg
14738,2,family_ad2cba0c116e8851,Formal,Shirts,data/raw/teacher/train/images_train/14738.jpg
14742,1,family_7c3bc048db5efafb,Formal,Shirts,data/raw/teacher/train/images_train/14742.jpg
14770,1,family_087eedfbccd7e6e0,Formal,Shirts,data/raw/teacher/train/images_train/14770.jpg
14771,3,family_30c0732e8357b2a5,Formal,Shirts,data/raw/teacher/train/images_train/14771.jpg
14889,3,family_a06b96c5eefd8f70,Casual,Travel Accessory,data/raw/teacher/train/images_train/14889.jpg
14962,1,family_83bb1dea91372022,Formal,Wallets,data/raw/teacher/train/images_train/14962.jpg
14963,2,family_1435f4a0759b94f3,Formal,Wallets,data/raw/teacher/train/images_train/14963.jpg
14965,1,family_dd0cef9895bdd493,Formal,Wallets,data/raw/teacher/train/images_train/14965.jpg
14966,3,family_331d6c4de07bcdd9,Formal,Wallets,data/raw/teacher/train/images_train/14966.jpg
14968,3,family_81bb263274dd6a8f,Formal,Wallets,data/raw/teacher/train/images_train/14968.jpg
14984,2,family_97c2313042d34423,Sports,Sweatshirts,data/raw/teacher/train/images_train/14984.jpg
14991,3,family_6798cf378b13ec2f,Casual,Sweaters,data/raw/teacher/train/images_train/14991.jpg
14995,3,family_ec03ee0bf4c423c3,Casual,Sweaters,data/raw/teacher/train/images_train/14995.jpg
14998,3,family_06979a58380a380e,Sports,Tshirts,data/raw/teacher/train/images_train/14998.jpg
15002,1,family_cac9d27c9f904cbe,Casual,Tshirts,data/raw/teacher/train/images_train/15002.jpg
15009,3,family_6323789431dea08f,Sports,Jackets,data/raw/teacher/train/images_train/15009.jpg
15025,1,family_add6df0e67e05c87,Sports,Caps,data/raw/teacher/train/images_train/15025.jpg
15050,1,family_418698f1e8ad04e6,Formal,Formal Shoes,data/raw/teacher/train/images_train/15050.jpg
15053,3,family_e49339091e6ca44a,Formal,Formal Shoes,data/raw/teacher/train/images_train/15053.jpg
15084,3,family_3d6f5073a2d630a1,Ethnic,Churidar,data/raw/teacher/train/images_train/15084.jpg
15085,1,family_5d128f81bd46b3a2,Ethnic,Kurtas,data/raw/teacher/train/images_train/15085.jpg
15088,2,family_fdbdac66541161b9,Ethnic,Kurtis,data/raw/teacher/train/images_train/15088.jpg
15094,2,family_b33722a436bb87d8,Ethnic,Kurtas,data/raw/teacher/train/images_train/15094.jpg
15096,2,family_9cb796ca68467758,Ethnic,Kurtas,data/raw/teacher/train/images_train/15096.jpg
15098,3,family_ebdbdc243cfa1097,Ethnic,Kurtas,data/raw/teacher/train/images_train/15098.jpg
15100,1,family_d0c15345f88c852c,Ethnic,Kurtas,data/raw/teacher/train/images_train/15100.jpg
15102,1,family_a190f309969254e5,Ethnic,Kurtas,data/raw/teacher/train/images_train/15102.jpg
15103,1,family_27143bad26a2b4b6,Ethnic,Kurtas,data/raw/teacher/train/images_train/15103.jpg
15107,2,family_a404ce80b10d8d58,Ethnic,Tops,data/raw/teacher/train/images_train/15107.jpg
15109,1,family_718b37289a48f3e7,Formal,Trousers,data/raw/teacher/train/images_train/15109.jpg
15110,1,family_0b154204d7697a56,Formal,Trousers,data/raw/teacher/train/images_train/15110.jpg
15111,3,family_0968ff942a3c374e,Formal,Trousers,data/raw/teacher/train/images_train/15111.jpg
15116,2,family_b3377d5149980f1f,Formal,Trousers,data/raw/teacher/train/images_train/15116.jpg
15120,2,family_e59172f418ceab0c,Formal,Trousers,data/raw/teacher/train/images_train/15120.jpg
15121,3,family_3b50a30e79b576bf,Formal,Trousers,data/raw/teacher/train/images_train/15121.jpg
15125,3,family_721b4bf269d27a16,Formal,Trousers,data/raw/teacher/train/images_train/15125.jpg
15241,2,family_6251ae39f21cf2ac,Casual,Casual Shoes,data/raw/teacher/train/images_train/15241.jpg
15245,3,family_66ed0ebd1bf4c956,Casual,Casual Shoes,data/raw/teacher/train/images_train/15245.jpg
15272,2,family_12b4ab3b46bc34f3,Sports,Backpacks,data/raw/teacher/train/images_train/15272.jpg
15279,3,family_df364962fca585d2,Sports,Socks,data/raw/teacher/train/images_train/15279.jpg
15295,3,family_f6fbbe8d8f806b02,Casual,Handbags,data/raw/teacher/train/images_train/15295.jpg
15301,1,family_380ebb4676ac2aa4,Sports,Sports Shoes,data/raw/teacher/train/images_train/15301.jpg
15331,3,family_fa3a46cee7a18cde,Sports,Shorts,data/raw/teacher/train/images_train/15331.jpg
15349,1,family_4e936592f1719078,Sports,Free Gifts,data/raw/teacher/train/images_train/15349.jpg
15408,3,family_b4ef302bb75ad3b7,Sports,Sports Shoes,data/raw/teacher/train/images_train/15408.jpg
15419,3,family_724d26237aa5ef39,Casual,Backpacks,data/raw/teacher/train/images_train/15419.jpg
15489,3,family_1e7742a209181ad0,Formal,Heels,data/raw/teacher/train/images_train/15489.jpg
15497,1,family_0b7b472bfcb3dd30,Formal,Heels,data/raw/teacher/train/images_train/15497.jpg
15506,2,family_1c17b607d29c175d,Formal,Formal Shoes,data/raw/teacher/train/images_train/15506.jpg
15512,3,family_46754534f799b3c8,Casual,Casual Shoes,data/raw/teacher/train/images_train/15512.jpg
15555,1,family_ae9c364532b2bb28,Casual,Sweaters,data/raw/teacher/train/images_train/15555.jpg
15588,1,family_5b8278409708b7a7,Casual,Shirts,data/raw/teacher/train/images_train/15588.jpg
15601,1,family_ff509528bfff2869,Sports,Jackets,data/raw/teacher/train/images_train/15601.jpg
15604,1,family_180bc8b20006f9f3,Sports,Tshirts,data/raw/teacher/train/images_train/15604.jpg
15615,1,family_26c1b8d4895d6b9a,Sports,Tshirts,data/raw/teacher/train/images_train/15615.jpg
15620,2,family_dac358f8357eae8b,Sports,Jackets,data/raw/teacher/train/images_train/15620.jpg
15643,3,family_b27684b1a7292708,Sports,Track Pants,data/raw/teacher/train/images_train/15643.jpg
15645,1,family_96973ed3605643a1,Sports,Shorts,data/raw/teacher/train/images_train/15645.jpg
15647,2,family_785bcc21d8fec165,Sports,Tshirts,data/raw/teacher/train/images_train/15647.jpg
15649,3,family_38265ce1296e5bc7,Sports,Tops,data/raw/teacher/train/images_train/15649.jpg
15662,3,family_f233186f4f8a960f,Formal,Laptop Bag,data/raw/teacher/train/images_train/15662.jpg
15693,3,family_daaeee1e8b6a2014,Formal,Shirts,data/raw/teacher/train/images_train/15693.jpg
15696,3,family_2419fa97fef005c2,Formal,Shirts,data/raw/teacher/train/images_train/15696.jpg
15711,1,family_0f5b8f41eca7c754,Casual,Casual Shoes,data/raw/teacher/train/images_train/15711.jpg
15721,3,family_bd6d1dee43fcb4f1,Sports,Sports Shoes,data/raw/teacher/train/images_train/15721.jpg
15726,3,family_10c957fe6fe132e6,Sports,Sports Shoes,data/raw/teacher/train/images_train/15726.jpg
15729,2,family_b3d251aedb1e11cd,Sports,Sports Shoes,data/raw/teacher/train/images_train/15729.jpg
15730,3,family_efd5454ea7d4ed3e,Sports,Sports Shoes,data/raw/teacher/train/images_train/15730.jpg
15735,3,family_7facf5867d64df2a,Sports,Sports Shoes,data/raw/teacher/train/images_train/15735.jpg
15746,1,family_bf89aeaf3b6d9a4d,Sports,Sports Shoes,data/raw/teacher/train/images_train/15746.jpg
15829,2,family_4074f680c2f44238,Ethnic,Kurtas,data/raw/teacher/train/images_train/15829.jpg
15838,3,family_edbc46f63ee62d96,Ethnic,Kurtas,data/raw/teacher/train/images_train/15838.jpg
15847,3,family_064ee0dd9d38180c,Casual,Sandals,data/raw/teacher/train/images_train/15847.jpg
15880,3,family_3462b805e0c628fa,Casual,Sandals,data/raw/teacher/train/images_train/15880.jpg
15912,3,family_1960bed91fbc7fe6,Formal,Shirts,data/raw/teacher/train/images_train/15912.jpg
15915,1,family_7c53617566fa67f7,Formal,Shirts,data/raw/teacher/train/images_train/15915.jpg
15946,3,family_742ae0746127ff16,Formal,Ties,data/raw/teacher/train/images_train/15946.jpg
15955,2,family_0917d991352aa42f,Formal,Ties,data/raw/teacher/train/images_train/15955.jpg
15997,1,family_f02f835ddd6dfb0f,Formal,Shirts,data/raw/teacher/train/images_train/15997.jpg
16084,2,family_e3f75a671da5b769,Casual,Sunglasses,data/raw/teacher/train/images_train/16084.jpg
16098,3,family_ce9017c1a75b6cfc,Casual,Sunglasses,data/raw/teacher/train/images_train/16098.jpg
16121,3,family_cb64baf4c8b96eff,Formal,Belts,data/raw/teacher/train/images_train/16121.jpg
16122,2,family_2557c1c418b6b7bc,Sports,Tshirts,data/raw/teacher/train/images_train/16122.jpg
16153,3,family_720951cc7798d0f2,Formal,Formal Shoes,data/raw/teacher/train/images_train/16153.jpg
16163,1,family_b83f4714cb782c3a,Formal,Formal Shoes,data/raw/teacher/train/images_train/16163.jpg
16246,2,family_dccadbe319b8a710,Casual,Sandals,data/raw/teacher/train/images_train/16246.jpg
16316,1,family_2c71175cee7028fd,Casual,Tshirts,data/raw/teacher/train/images_train/16316.jpg
16332,3,family_29fb828770031c6d,Formal,Shirts,data/raw/teacher/train/images_train/16332.jpg
16334,2,family_259ef349143f9f40,Formal,Shirts,data/raw/teacher/train/images_train/16334.jpg
16335,2,family_b0c441020b1d3eff,Formal,Shirts,data/raw/teacher/train/images_train/16335.jpg
16341,3,family_439248e338f7598f,Formal,Shirts,data/raw/teacher/train/images_train/16341.jpg
16345,3,family_bddeb4f856e130ee,Formal,Shirts,data/raw/teacher/train/images_train/16345.jpg
16350,3,family_ad00666b9291a034,Formal,Shirts,data/raw/teacher/train/images_train/16350.jpg
16358,1,family_4dd83fe8b6d8211d,Formal,Shirts,data/raw/teacher/train/images_train/16358.jpg
16369,2,family_c5492cd7a43ff564,Formal,Trousers,data/raw/teacher/train/images_train/16369.jpg
16379,1,family_19da5862243ec734,Formal,Trousers,data/raw/teacher/train/images_train/16379.jpg
16380,1,family_48a2ae653b0ff39c,Formal,Trousers,data/raw/teacher/train/images_train/16380.jpg
16387,1,family_519bb54e5f57b268,Formal,Shirts,data/raw/teacher/train/images_train/16387.jpg
16388,3,family_dc1966e51ffe0124,Formal,Shirts,data/raw/teacher/train/images_train/16388.jpg
16390,1,family_31b11d75b4a9a6d5,Formal,Trousers,data/raw/teacher/train/images_train/16390.jpg
16634,3,family_aaae00bf087b0f8e,Casual,Tshirts,data/raw/teacher/train/images_train/16634.jpg
16783,1,family_4e988b64dc21f3b4,Casual,Watches,data/raw/teacher/train/images_train/16783.jpg
16913,3,family_8e82695e0815f597,Casual,Tshirts,data/raw/teacher/train/images_train/16913.jpg
16966,2,family_acdf413fc2853756,Sports,Sports Shoes,data/raw/teacher/train/images_train/16966.jpg
17068,3,family_070167a5b89e9ff2,Casual,Belts,data/raw/teacher/train/images_train/17068.jpg
17150,2,family_bc468a73be8fc3e4,Casual,Jackets,data/raw/teacher/train/images_train/17150.jpg
17165,3,family_975e6876c7f1b6c0,Formal,Shirts,data/raw/teacher/train/images_train/17165.jpg
17196,2,family_0151ecc8e38ab911,Casual,Sweaters,data/raw/teacher/train/images_train/17196.jpg
17296,1,family_89298a8484e8e8c2,Sports,Socks,data/raw/teacher/train/images_train/17296.jpg
17359,1,family_2954f44d54965015,Formal,Accessory Gift Set,data/raw/teacher/train/images_train/17359.jpg
17428,2,family_ef870caa40e11eff,Casual,Watches,data/raw/teacher/train/images_train/17428.jpg
17462,1,family_09ef50940009e5bf,Casual,Watches,data/raw/teacher/train/images_train/17462.jpg
17483,2,family_880de37098f8ca8e,Casual,Casual Shoes,data/raw/teacher/train/images_train/17483.jpg
17535,3,family_75939267f9c35fc5,Formal,Shirts,data/raw/teacher/train/images_train/17535.jpg
17536,2,family_405b0a8c07a49332,Formal,Shirts,data/raw/teacher/train/images_train/17536.jpg
17537,2,family_c4c455745b9d35ff,Formal,Shirts,data/raw/teacher/train/images_train/17537.jpg
17539,1,family_9fdc2ddeb732265f,Formal,Shirts,data/raw/teacher/train/images_train/17539.jpg
17540,1,family_4de15ef8052640fc,Formal,Shirts,data/raw/teacher/train/images_train/17540.jpg
17541,1,family_fa2a95935058b286,Formal,Shirts,data/raw/teacher/train/images_train/17541.jpg
17542,3,family_1af3e5930442a1b5,Formal,Shirts,data/raw/teacher/train/images_train/17542.jpg
17552,3,family_9d137f2b45044092,Formal,Shirts,data/raw/teacher/train/images_train/17552.jpg
17560,2,family_656c6e7c71b5fe73,Formal,Shirts,data/raw/teacher/train/images_train/17560.jpg
17614,3,family_5ee88efb44a62c56,Casual,Tshirts,data/raw/teacher/train/images_train/17614.jpg
17631,3,family_39dd8755b9b8bfcd,Casual,Handbags,data/raw/teacher/train/images_train/17631.jpg
17742,2,family_bee686e3fcc9f388,Sports,Sports Shoes,data/raw/teacher/train/images_train/17742.jpg
17744,1,family_77f307e9dff1ea8f,Sports,Sports Shoes,data/raw/teacher/train/images_train/17744.jpg
17746,1,family_f8dac969c272aabb,Sports,Sports Shoes,data/raw/teacher/train/images_train/17746.jpg
17761,3,family_346959ce46ed84f6,Formal,Formal Shoes,data/raw/teacher/train/images_train/17761.jpg
17764,3,family_dea7966ebd885a67,Formal,Formal Shoes,data/raw/teacher/train/images_train/17764.jpg
17780,1,family_f633136d968f735d,Formal,Ties,data/raw/teacher/train/images_train/17780.jpg
17781,3,family_29a2de3c53a0710f,Formal,Ties,data/raw/teacher/train/images_train/17781.jpg
17819,2,family_4f13a9c248c10cde,Formal,Formal Shoes,data/raw/teacher/train/images_train/17819.jpg
17833,3,family_f8bb8ac0d0154c94,Sports,Sports Shoes,data/raw/teacher/train/images_train/17833.jpg
17836,1,family_1e07cd29e230f366,Casual,Flip Flops,data/raw/teacher/train/images_train/17836.jpg
17839,1,family_5d60fc4768a0d01e,Sports,Sports Shoes,data/raw/teacher/train/images_train/17839.jpg
17845,2,family_d0b78ae235e484b1,Sports,Sports Shoes,data/raw/teacher/train/images_train/17845.jpg
17860,1,family_d981675479ab4430,Casual,Trunk,data/raw/teacher/train/images_train/17860.jpg
17900,2,family_53a6166821a8283b,Sports,Jackets,data/raw/teacher/train/images_train/17900.jpg
17904,1,family_dc9a34cf6e387493,Sports,Jackets,data/raw/teacher/train/images_train/17904.jpg
17910,1,family_dbe64c7106f2d6ba,Sports,Sweatshirts,data/raw/teacher/train/images_train/17910.jpg
17917,2,family_ff86d28801139f82,Sports,Sweatshirts,data/raw/teacher/train/images_train/17917.jpg
17921,3,family_5bf51d9d55704746,Sports,Tshirts,data/raw/teacher/train/images_train/17921.jpg
17927,1,family_1c74dd0c87312999,Sports,Track Pants,data/raw/teacher/train/images_train/17927.jpg
17945,3,family_1fa47ac7759a6ce7,Sports,Track Pants,data/raw/teacher/train/images_train/17945.jpg
17948,2,family_67010df78663529a,Sports,Track Pants,data/raw/teacher/train/images_train/17948.jpg
17977,2,family_a4961676983a10f9,Sports,Sports Shoes,data/raw/teacher/train/images_train/17977.jpg
17988,2,family_8242cceae2ab030c,Formal,Belts,data/raw/teacher/train/images_train/17988.jpg
17991,1,family_987f32746376de3f,Formal,Ties,data/raw/teacher/train/images_train/17991.jpg
17998,1,family_15c5366a784c8d65,Sports,Tshirts,data/raw/teacher/train/images_train/17998.jpg
17999,1,family_164d9a5499b7224c,Casual,Track Pants,data/raw/teacher/train/images_train/17999.jpg
18005,2,family_53ce3faf6c77547b,Sports,Shorts,data/raw/teacher/train/images_train/18005.jpg
18028,3,family_88416dec347693cd,Casual,Wallets,data/raw/teacher/train/images_train/18028.jpg
18208,2,family_67254549113f79ff,Casual,Caps,data/raw/teacher/train/images_train/18208.jpg
18214,1,family_34bebf17d57f37dd,Casual,Caps,data/raw/teacher/train/images_train/18214.jpg
18222,2,family_2d7cbe0752517ecb,Casual,Socks,data/raw/teacher/train/images_train/18222.jpg
18226,3,family_5fa2304f3fc6ea59,Casual,Tshirts,data/raw/teacher/train/images_train/18226.jpg
18254,3,family_d085244490a025ca,Ethnic,Kurtas,data/raw/teacher/train/images_train/18254.jpg
18257,2,family_3154228fd99256c3,Ethnic,Kurtas,data/raw/teacher/train/images_train/18257.jpg
18261,3,family_6118e2d867f51103,Ethnic,Kurtas,data/raw/teacher/train/images_train/18261.jpg
18266,1,family_bda15b803ac1b8dc,Ethnic,Kurtas,data/raw/teacher/train/images_train/18266.jpg
18273,1,family_77f96608de11ae05,Ethnic,Kurtas,data/raw/teacher/train/images_train/18273.jpg
18274,3,family_735e378c69bdfb4f,Ethnic,Kurtas,data/raw/teacher/train/images_train/18274.jpg
18275,3,family_16dff97759c55857,Ethnic,Kurtas,data/raw/teacher/train/images_train/18275.jpg
18290,3,family_b8c8ff95d8a1a0af,Ethnic,Kurtas,data/raw/teacher/train/images_train/18290.jpg
18296,1,family_987cdf91dfe93923,Ethnic,Kurtas,data/raw/teacher/train/images_train/18296.jpg
18298,1,family_81402e065bc55c1a,Ethnic,Kurtas,data/raw/teacher/train/images_train/18298.jpg
18346,1,family_40e0e5c35df49b1e,Casual,Socks,data/raw/teacher/train/images_train/18346.jpg
18388,1,family_3eede367ef5469df,Casual,Briefs,data/raw/teacher/train/images_train/18388.jpg
18391,2,family_3476cf59c310e8bc,Casual,Briefs,data/raw/teacher/train/images_train/18391.jpg
18392,1,family_b2638609092076c8,Casual,Briefs,data/raw/teacher/train/images_train/18392.jpg
18414,2,family_cec971a0fa216b4f,Sports,Sports Shoes,data/raw/teacher/train/images_train/18414.jpg
18417,1,family_caf71d5527181d31,Sports,Sports Shoes,data/raw/teacher/train/images_train/18417.jpg
18497,1,family_a8c35eeef5474c3d,Casual,Sandals,data/raw/teacher/train/images_train/18497.jpg
18536,2,family_e30399d2d0d2de63,Sports,Sports Shoes,data/raw/teacher/train/images_train/18536.jpg
18590,2,family_4795e984b650a142,Casual,Socks,data/raw/teacher/train/images_train/18590.jpg
18593,1,family_01e876c46dc24b22,Sports,Sports Shoes,data/raw/teacher/train/images_train/18593.jpg
18594,2,family_5ccd5578e3a21eaa,Casual,Wallets,data/raw/teacher/train/images_train/18594.jpg
18614,2,family_035a8eab4b2a516b,Sports,Tshirts,data/raw/teacher/train/images_train/18614.jpg
18640,2,family_51dcd0b713642fba,Sports,Tshirts,data/raw/teacher/train/images_train/18640.jpg
18685,3,family_17f7334199f752e6,Casual,Briefs,data/raw/teacher/train/images_train/18685.jpg
18712,3,family_2ece4bc0dd01df50,Formal,Skirts,data/raw/teacher/train/images_train/18712.jpg
18715,2,family_c7a49b9fedfa779a,Casual,Tops,data/raw/teacher/train/images_train/18715.jpg
18733,1,family_f45a65af87c0df52,Casual,Tops,data/raw/teacher/train/images_train/18733.jpg
18763,1,family_887d4a13679fb9b6,Formal,Shirts,data/raw/teacher/train/images_train/18763.jpg
18784,3,family_62cef55ac1779b6e,Formal,Ties,data/raw/teacher/train/images_train/18784.jpg
18804,1,family_0ed08d1ebdba2a02,Casual,Belts,data/raw/teacher/train/images_train/18804.jpg
18821,3,family_f48715fb79b4bc69,Formal,Wallets,data/raw/teacher/train/images_train/18821.jpg
18871,2,family_5cd3fbb793ec6bfb,Formal,Formal Shoes,data/raw/teacher/train/images_train/18871.jpg
18872,3,family_57686929649acc13,Formal,Formal Shoes,data/raw/teacher/train/images_train/18872.jpg
18885,2,family_2d8169b99b738665,Formal,Shirts,data/raw/teacher/train/images_train/18885.jpg
18889,1,family_d74d7ffdb59bf50e,Formal,Shirts,data/raw/teacher/train/images_train/18889.jpg
18891,3,family_57ec442c8c29f058,Formal,Shirts,data/raw/teacher/train/images_train/18891.jpg
18916,2,family_9e8338170a33b76f,Casual,Shirts,data/raw/teacher/train/images_train/18916.jpg
18924,3,family_e726b9fb31e4288f,Casual,Tshirts,data/raw/teacher/train/images_train/18924.jpg
18950,3,family_ceaf383e95e6f118,Sports,Socks,data/raw/teacher/train/images_train/18950.jpg
18999,3,family_451bba1845d5d216,Casual,Jackets,data/raw/teacher/train/images_train/18999.jpg
19042,3,family_dbd83f083ad46b51,Casual,Heels,data/raw/teacher/train/images_train/19042.jpg
19061,2,family_bf2d8280e6320224,Ethnic,Kurtis,data/raw/teacher/train/images_train/19061.jpg
19062,2,family_9d414b12d28f3b7a,Ethnic,Kurtis,data/raw/teacher/train/images_train/19062.jpg
19068,2,family_b50825e9459d23ad,Ethnic,Kurtas,data/raw/teacher/train/images_train/19068.jpg
19073,3,family_61a57c39d2ed5a33,Ethnic,Kurtas,data/raw/teacher/train/images_train/19073.jpg
19075,1,family_9e24fe79723f8abd,Ethnic,Kurtas,data/raw/teacher/train/images_train/19075.jpg
19078,2,family_f9e425967f594460,Ethnic,Kurtas,data/raw/teacher/train/images_train/19078.jpg
19081,1,family_604410d157b0b462,Ethnic,Kurtas,data/raw/teacher/train/images_train/19081.jpg
19082,2,family_d8e2c47b911982b5,Ethnic,Kurtis,data/raw/teacher/train/images_train/19082.jpg
19087,2,family_84d74c3153bd3324,Ethnic,Kurtas,data/raw/teacher/train/images_train/19087.jpg
19089,1,family_606714d3f0456d52,Ethnic,Kurtas,data/raw/teacher/train/images_train/19089.jpg
19091,1,family_a181711dfc2c66a0,Ethnic,Kurtis,data/raw/teacher/train/images_train/19091.jpg
19094,3,family_15f833c83a109986,Ethnic,Kurtas,data/raw/teacher/train/images_train/19094.jpg
19102,1,family_1d16a2735c7e1355,Ethnic,Kurtas,data/raw/teacher/train/images_train/19102.jpg
19163,2,family_ead54fed9ff893fc,Casual,Tshirts,data/raw/teacher/train/images_train/19163.jpg
19177,3,family_b0adca661078ae47,Casual,Shirts,data/raw/teacher/train/images_train/19177.jpg
19218,1,family_0894458f17ff2b70,Formal,Ties,data/raw/teacher/train/images_train/19218.jpg
19224,1,family_2eae899fd1282605,Formal,Ties,data/raw/teacher/train/images_train/19224.jpg
19225,3,family_deb624045c7dcb8d,Formal,Ties,data/raw/teacher/train/images_train/19225.jpg
19226,1,family_e896ba64a7fc6d2c,Formal,Ties,data/raw/teacher/train/images_train/19226.jpg
19247,3,family_ee422f74051d59e9,Casual,Watches,data/raw/teacher/train/images_train/19247.jpg
19253,3,family_e94a5a3661d96037,Casual,Watches,data/raw/teacher/train/images_train/19253.jpg
19301,1,family_9f7399f648247801,Casual,Watches,data/raw/teacher/train/images_train/19301.jpg
19303,2,family_502ecbdd78ad4e8c,Sports,Sports Shoes,data/raw/teacher/train/images_train/19303.jpg
19322,1,family_5abaf756d5fb0dc2,Casual,Sweatshirts,data/raw/teacher/train/images_train/19322.jpg
19343,3,family_14f7cd0333436efc,Formal,Wallets,data/raw/teacher/train/images_train/19343.jpg
19349,1,family_6dff02de5ec6448e,Sports,Sports Shoes,data/raw/teacher/train/images_train/19349.jpg
19366,3,family_9a078ae21ac63ec6,Formal,Formal Shoes,data/raw/teacher/train/images_train/19366.jpg
19392,1,family_7450f0be0dafc441,Sports,Tshirts,data/raw/teacher/train/images_train/19392.jpg
19398,3,family_cf8f13c26b9db7e8,Sports,Tshirts,data/raw/teacher/train/images_train/19398.jpg
19406,3,family_cdff89631d34ef0f,Sports,Sports Shoes,data/raw/teacher/train/images_train/19406.jpg
19429,1,family_7f05b8eba770fe31,Smart Casual,Shirts,data/raw/teacher/train/images_train/19429.jpg
19485,3,family_50ce3796e0d93c0c,Casual,Briefs,data/raw/teacher/train/images_train/19485.jpg
19536,2,family_0548fd5c3d8c409f,Casual,Sweaters,data/raw/teacher/train/images_train/19536.jpg
19609,1,family_8ed6f5aada161b56,Casual,Tops,data/raw/teacher/train/images_train/19609.jpg
19616,3,family_e724aead69c8af00,Casual,Tops,data/raw/teacher/train/images_train/19616.jpg
19640,1,family_d3fcc612ec127ef8,Casual,Sweatshirts,data/raw/teacher/train/images_train/19640.jpg
19648,1,family_47587ad4ee7391f0,Casual,Tops,data/raw/teacher/train/images_train/19648.jpg
19738,2,family_bebeaf9cd87dc4d4,Casual,Wallets,data/raw/teacher/train/images_train/19738.jpg
19740,1,family_c84d32080086c0f9,Casual,Umbrellas,data/raw/teacher/train/images_train/19740.jpg
19812,3,family_9f30878bc32f106b,Casual,Sweatshirts,data/raw/teacher/train/images_train/19812.jpg
19856,1,family_c9f96f95732be31d,Casual,Jackets,data/raw/teacher/train/images_train/19856.jpg
19921,3,family_8876047aa8e7cfdb,Casual,Backpacks,data/raw/teacher/train/images_train/19921.jpg
19926,1,family_e128f3b9caba9343,Formal,Accessory Gift Set,data/raw/teacher/train/images_train/19926.jpg
20035,3,family_aded3e8831d8cf33,Casual,Backpacks,data/raw/teacher/train/images_train/20035.jpg
20040,3,family_61baadcd26a97f34,Casual,Stockings,data/raw/teacher/train/images_train/20040.jpg
20100,2,family_a72baf2ea0bfd03b,Ethnic,Kurtas,data/raw/teacher/train/images_train/20100.jpg
20108,1,family_04ce868ae7d609ac,Ethnic,Kurtas,data/raw/teacher/train/images_train/20108.jpg
20113,1,family_44b97f41a0fdce7b,Ethnic,Kurtas,data/raw/teacher/train/images_train/20113.jpg
20125,3,family_35e3731a0c1d9f13,Casual,Shirts,data/raw/teacher/train/images_train/20125.jpg
20222,2,family_6df29737f57162f8,Casual,Sweaters,data/raw/teacher/train/images_train/20222.jpg
20250,2,family_0643335fff27e209,Casual,Tshirts,data/raw/teacher/train/images_train/20250.jpg
20327,2,family_e334700677231d23,Ethnic,Kurtis,data/raw/teacher/train/images_train/20327.jpg
20329,1,family_54cf6231106ce71f,Ethnic,Kurtas,data/raw/teacher/train/images_train/20329.jpg
20333,1,family_73cf79f08b176a16,Casual,Tshirts,data/raw/teacher/train/images_train/20333.jpg
20382,3,family_ee23ee89480eb4bb,Ethnic,Kurtas,data/raw/teacher/train/images_train/20382.jpg
20384,1,family_8f8e94b16a5270eb,Sports,Tshirts,data/raw/teacher/train/images_train/20384.jpg
20423,1,family_d343529d3904685f,Casual,Belts,data/raw/teacher/train/images_train/20423.jpg
20445,2,family_7e908d2305e8ecb4,Casual,Casual Shoes,data/raw/teacher/train/images_train/20445.jpg
20709,3,family_a367433fe5c1c0f7,Smart Casual,Casual Shoes,data/raw/teacher/train/images_train/20709.jpg
20753,1,family_04a59b673938c758,Casual,Heels,data/raw/teacher/train/images_train/20753.jpg
20830,2,family_9f3faa01b66c04d2,Sports,Handbags,data/raw/teacher/train/images_train/20830.jpg
20831,1,family_4e8b64da9fd08fc8,Sports,Sports Shoes,data/raw/teacher/train/images_train/20831.jpg
20849,3,family_570e381027669b84,Casual,Clutches,data/raw/teacher/train/images_train/20849.jpg
20885,1,family_8568487b2b57fe2b,Sports,Sports Shoes,data/raw/teacher/train/images_train/20885.jpg
20894,3,family_8e3e0657ab5dc2ad,Casual,Casual Shoes,data/raw/teacher/train/images_train/20894.jpg
21014,1,family_c89931f8e9de01c4,Casual,Wallets,data/raw/teacher/train/images_train/21014.jpg
21021,2,family_3a2f7b6bfddc3c4e,Formal,Shirts,data/raw/teacher/train/images_train/21021.jpg
21022,2,family_89a93462f0d26c30,Formal,Shirts,data/raw/teacher/train/images_train/21022.jpg
21024,3,family_1dd5b8b8027be4f3,Formal,Shirts,data/raw/teacher/train/images_train/21024.jpg
21059,2,family_8ed4aa04a7909762,Formal,Formal Shoes,data/raw/teacher/train/images_train/21059.jpg
21071,1,family_e726bf319a44043b,Formal,Formal Shoes,data/raw/teacher/train/images_train/21071.jpg
21103,1,family_5ece9c58f44eaa78,Formal,Formal Shoes,data/raw/teacher/train/images_train/21103.jpg
21550,3,family_0207981d4837f441,Casual,Handbags,data/raw/teacher/train/images_train/21550.jpg
21599,1,family_d4526297f646cd42,Formal,Trousers,data/raw/teacher/train/images_train/21599.jpg
21672,3,family_91f6284d53632bca,Casual,Watches,data/raw/teacher/train/images_train/21672.jpg
21877,1,family_502d24baf4b6ff4d,Ethnic,Kurtas,data/raw/teacher/train/images_train/21877.jpg
21878,2,family_3098d3986df81b89,Ethnic,Kurtas,data/raw/teacher/train/images_train/21878.jpg
21879,1,family_233208029e702953,Ethnic,Kurtas,data/raw/teacher/train/images_train/21879.jpg
21882,2,family_dbf70bdbbe58eec2,Ethnic,Tunics,data/raw/teacher/train/images_train/21882.jpg
21893,2,family_83a38dbdf9cc6a55,Ethnic,Kurtas,data/raw/teacher/train/images_train/21893.jpg
21897,2,family_ed20dd00bf7d46e0,Ethnic,Kurtas,data/raw/teacher/train/images_train/21897.jpg
21904,1,family_775d053caf0e1372,Ethnic,Kurtas,data/raw/teacher/train/images_train/21904.jpg
21912,1,family_12fd7aeffa07aff0,Ethnic,Kurta Sets,data/raw/teacher/train/images_train/21912.jpg
21916,3,family_4196b3ad274af968,Ethnic,Kurta Sets,data/raw/teacher/train/images_train/21916.jpg
21925,2,family_050b51a0acfc2c1f,Ethnic,Kurtas,data/raw/teacher/train/images_train/21925.jpg
21927,3,family_dcfb60519e4d66d8,Ethnic,Kurtas,data/raw/teacher/train/images_train/21927.jpg
21944,3,family_66670d9a0702316e,Casual,Handbags,data/raw/teacher/train/images_train/21944.jpg
22033,2,family_872665d2d4a01045,Ethnic,Kurtas,data/raw/teacher/train/images_train/22033.jpg
22035,3,family_d2afe355d371278d,Ethnic,Kurtas,data/raw/teacher/train/images_train/22035.jpg
22037,3,family_0f8cb5417437dd5a,Ethnic,Kurtas,data/raw/teacher/train/images_train/22037.jpg
22053,2,family_2e9823dd691a1fad,Ethnic,Kurtas,data/raw/teacher/train/images_train/22053.jpg
22071,3,family_86f2a0c23daa83dc,Ethnic,Kurtas,data/raw/teacher/train/images_train/22071.jpg
22081,3,family_432fc7b6119cb288,Ethnic,Kurtas,data/raw/teacher/train/images_train/22081.jpg
22101,2,family_ea681cbbe7d36e56,Casual,Casual Shoes,data/raw/teacher/train/images_train/22101.jpg
22232,1,family_fa1aebb6cc06535d,NA,Shoe Accessories,data/raw/teacher/train/images_train/22232.jpg
22233,2,family_c0b802922272a380,NA,Shoe Accessories,data/raw/teacher/train/images_train/22233.jpg
22258,3,family_7243ae377c211a25,Casual,Heels,data/raw/teacher/train/images_train/22258.jpg
22305,2,family_b849841464d139b6,Casual,Heels,data/raw/teacher/train/images_train/22305.jpg
22323,3,family_3078b73baead9494,Casual,Jackets,data/raw/teacher/train/images_train/22323.jpg
22329,3,family_3d2e0eb68bb1ce53,Casual,Sweaters,data/raw/teacher/train/images_train/22329.jpg
22341,1,family_682b73e4ac2608d5,Casual,Tshirts,data/raw/teacher/train/images_train/22341.jpg
22355,1,family_6f192a4ddb29a726,Casual,Shirts,data/raw/teacher/train/images_train/22355.jpg
22453,2,family_99cb0818359fc323,Ethnic,Tops,data/raw/teacher/train/images_train/22453.jpg
22466,1,family_318b752fe20fa488,Casual,Leggings,data/raw/teacher/train/images_train/22466.jpg
22479,2,family_0fb229f415dac0f8,Casual,Tshirts,data/raw/teacher/train/images_train/22479.jpg
22484,3,family_c096cef28cfc00b5,Ethnic,Tops,data/raw/teacher/train/images_train/22484.jpg
22587,3,family_4523ae90cdb2a8cc,Sports,Tshirts,data/raw/teacher/train/images_train/22587.jpg
22621,2,family_ebbb46b7d5859af1,Sports,Tshirts,data/raw/teacher/train/images_train/22621.jpg
22624,1,family_a5ee7bd158491587,Sports,Tshirts,data/raw/teacher/train/images_train/22624.jpg
22625,2,family_b59998ca5b8ed2a1,Sports,Sweaters,data/raw/teacher/train/images_train/22625.jpg
22626,1,family_f87afe134edc0063,Sports,Sweaters,data/raw/teacher/train/images_train/22626.jpg
22638,1,family_fb9e8e57e0a1c777,Casual,Tshirts,data/raw/teacher/train/images_train/22638.jpg
22645,3,family_89479ffcb02e72e3,Casual,Duffel Bag,data/raw/teacher/train/images_train/22645.jpg
22683,2,family_bcbb7b59d35223ae,Travel,Duffel Bag,data/raw/teacher/train/images_train/22683.jpg
22693,3,family_f125093d94044cc2,Sports,Sports Shoes,data/raw/teacher/train/images_train/22693.jpg
22716,1,family_243e15330f3a9b16,Sports,Sports Shoes,data/raw/teacher/train/images_train/22716.jpg
22727,1,family_7195242ffc970357,Casual,Casual Shoes,data/raw/teacher/train/images_train/22727.jpg
22757,1,family_840fc03132b36007,Ethnic,Kurtas,data/raw/teacher/train/images_train/22757.jpg
22768,1,family_f232cb4d7c508d1c,Ethnic,Kurtas,data/raw/teacher/train/images_train/22768.jpg
22778,1,family_fafd75de55696827,Ethnic,Kurtas,data/raw/teacher/train/images_train/22778.jpg
22794,2,family_a1566aee6d429c16,Casual,Tshirts,data/raw/teacher/train/images_train/22794.jpg
22821,2,family_e0e81748ed2f5ca0,Sports,Casual Shoes,data/raw/teacher/train/images_train/22821.jpg
22898,3,family_b91645276640c0ef,Formal,Shirts,data/raw/teacher/train/images_train/22898.jpg
22905,2,family_46314c47201cb11a,Formal,Trousers,data/raw/teacher/train/images_train/22905.jpg
22952,3,family_4911a35c9d15a888,Sports,Sports Shoes,data/raw/teacher/train/images_train/22952.jpg
22959,2,family_b14f342c0793e76d,Sports,Sports Shoes,data/raw/teacher/train/images_train/22959.jpg
23032,1,family_385f5d858a43e0c9,Formal,Shirts,data/raw/teacher/train/images_train/23032.jpg
23048,3,family_0e1be4eca7cdaed6,Casual,Sweaters,data/raw/teacher/train/images_train/23048.jpg
23091,1,family_b56aa0fa969ee24a,Casual,Casual Shoes,data/raw/teacher/train/images_train/23091.jpg
23100,1,family_fe040ded48f845ff,Formal,Accessory Gift Set,data/raw/teacher/train/images_train/23100.jpg
23101,2,family_5cb4344f09b94a0d,Formal,Accessory Gift Set,data/raw/teacher/train/images_train/23101.jpg
23104,2,family_6fadcb39d171eec9,Formal,Accessory Gift Set,data/raw/teacher/train/images_train/23104.jpg
23106,1,family_7bc29487abf7f7b6,Formal,Accessory Gift Set,data/raw/teacher/train/images_train/23106.jpg
23110,3,family_11955c661e03358e,Formal,Accessory Gift Set,data/raw/teacher/train/images_train/23110.jpg
23112,2,family_16fb3b9908d7b62b,Formal,Accessory Gift Set,data/raw/teacher/train/images_train/23112.jpg
23180,1,family_62bf2b08649603aa,Formal,Shirts,data/raw/teacher/train/images_train/23180.jpg
23181,2,family_915ab427b6c7376d,Formal,Shirts,data/raw/teacher/train/images_train/23181.jpg
23212,2,family_ebbf2ec799973d46,Ethnic,Kurtis,data/raw/teacher/train/images_train/23212.jpg
23213,3,family_746475a970ac8838,Ethnic,Kurtas,data/raw/teacher/train/images_train/23213.jpg
23215,1,family_96cbd6baa0325f20,Ethnic,Kurtas,data/raw/teacher/train/images_train/23215.jpg
23216,1,family_9bd66f68e702a9d3,Ethnic,Kurtas,data/raw/teacher/train/images_train/23216.jpg
23226,2,family_f27e2e01881af41e,Ethnic,Kurtas,data/raw/teacher/train/images_train/23226.jpg
23238,2,family_b172f7427d02f7a2,Ethnic,Kurtas,data/raw/teacher/train/images_train/23238.jpg
23240,3,family_a137f18ce780ff3f,Ethnic,Kurtas,data/raw/teacher/train/images_train/23240.jpg
23242,2,family_7e3100be5f49c1c1,Formal,Formal Shoes,data/raw/teacher/train/images_train/23242.jpg
23296,3,family_0ec0a3a403223711,Casual,Sandals,data/raw/teacher/train/images_train/23296.jpg
23301,1,family_594bd7bbc0085851,Ethnic,Leggings,data/raw/teacher/train/images_train/23301.jpg
23313,3,family_9ed614721c31a065,Ethnic,Kurtas,data/raw/teacher/train/images_train/23313.jpg
23318,1,family_81e79fb161d3a142,Ethnic,Kurtas,data/raw/teacher/train/images_train/23318.jpg
23324,1,family_ac2d47b8cb51a487,Ethnic,Kurtas,data/raw/teacher/train/images_train/23324.jpg
23327,2,family_e3d0a9acc1aca162,Ethnic,Kurtas,data/raw/teacher/train/images_train/23327.jpg
23337,1,family_9306628cfdc9bce7,Ethnic,Dupatta,data/raw/teacher/train/images_train/23337.jpg
23350,1,family_ab40dd67c02ab149,Casual,Boxers,data/raw/teacher/train/images_train/23350.jpg
23447,3,family_c49eb6bbc8b52fd2,Ethnic,Tops,data/raw/teacher/train/images_train/23447.jpg
23527,1,family_bfe15d8a8a466033,Casual,Deodorant,data/raw/teacher/train/images_train/23527.jpg
23543,2,family_e30a4604a619793a,Casual,Perfume and Body Mist,data/raw/teacher/train/images_train/23543.jpg
23568,1,family_7a2e1bd4a69eb112,Casual,Perfume and Body Mist,data/raw/teacher/train/images_train/23568.jpg
23610,3,family_3a706c139b6a28e3,Casual,Deodorant,data/raw/teacher/train/images_train/23610.jpg
23803,3,family_55434843e359471b,Formal,Formal Shoes,data/raw/teacher/train/images_train/23803.jpg
23842,3,family_64487fe94f9ba142,Sports,Sports Shoes,data/raw/teacher/train/images_train/23842.jpg
23844,3,family_47c701a203f4c626,Sports,Sports Shoes,data/raw/teacher/train/images_train/23844.jpg
23925,2,family_9dc0081cfd80a9f4,Sports,Sports Shoes,data/raw/teacher/train/images_train/23925.jpg
23937,3,family_7b4119317d70302c,Sports,Sports Shoes,data/raw/teacher/train/images_train/23937.jpg
23963,3,family_d3684a5f095462f3,Casual,Tshirts,data/raw/teacher/train/images_train/23963.jpg
23964,1,family_ef2486a3061c5b28,Casual,Tshirts,data/raw/teacher/train/images_train/23964.jpg
23967,3,family_d0aa4001c2e1744b,Casual,Tshirts,data/raw/teacher/train/images_train/23967.jpg
23975,2,family_bd7fa0a57e1a01ea,Formal,Shirts,data/raw/teacher/train/images_train/23975.jpg
23976,1,family_0731dc0dcb0a97fd,Formal,Shirts,data/raw/teacher/train/images_train/23976.jpg
23982,1,family_7ec7276223f58a5d,Formal,Shirts,data/raw/teacher/train/images_train/23982.jpg
23985,1,family_246dc59d2ae87838,Formal,Shirts,data/raw/teacher/train/images_train/23985.jpg
24091,3,family_0d4b423f267d393f,Casual,Tshirts,data/raw/teacher/train/images_train/24091.jpg
24152,3,family_4d7a8c699e97684f,Ethnic,Kurtas,data/raw/teacher/train/images_train/24152.jpg
24156,1,family_221af3a551d3b92c,Ethnic,Kurtas,data/raw/teacher/train/images_train/24156.jpg
24163,3,family_7ff588834d3af39d,Ethnic,Kurtas,data/raw/teacher/train/images_train/24163.jpg
24164,1,family_d41acbe58a7c4af0,Ethnic,Kurtas,data/raw/teacher/train/images_train/24164.jpg
24166,1,family_fb9563430c00e2c2,Ethnic,Kurtis,data/raw/teacher/train/images_train/24166.jpg
24173,3,family_115a951f90d5713c,Ethnic,Kurtis,data/raw/teacher/train/images_train/24173.jpg
24175,1,family_066ff177ad75ac5a,Ethnic,Kurtis,data/raw/teacher/train/images_train/24175.jpg
24216,3,family_5c785282b0457120,Sports,Caps,data/raw/teacher/train/images_train/24216.jpg
24234,1,family_4981790a99cc213e,Ethnic,Kurtas,data/raw/teacher/train/images_train/24234.jpg
24237,3,family_e7bb748ea83711c9,Ethnic,Kurtas,data/raw/teacher/train/images_train/24237.jpg
24241,1,family_689d8cd0c4bfe7f7,Ethnic,Kurtas,data/raw/teacher/train/images_train/24241.jpg
24360,1,family_c5cf8e649b53bf13,Ethnic,Kurtas,data/raw/teacher/train/images_train/24360.jpg
24376,2,family_1a98a2893e2c91e9,Ethnic,Kurtas,data/raw/teacher/train/images_train/24376.jpg
24383,1,family_a3c1c7823ef60b16,Ethnic,Kurtas,data/raw/teacher/train/images_train/24383.jpg
24398,1,family_ab0495ca041d83f7,Ethnic,Kurtas,data/raw/teacher/train/images_train/24398.jpg
24422,2,family_428442ce2b8f69c2,Casual,Casual Shoes,data/raw/teacher/train/images_train/24422.jpg
24458,1,family_fd6d2849cce2c606,Casual,Flip Flops,data/raw/teacher/train/images_train/24458.jpg
24460,1,family_5263f085fdcf0a4f,Sports,Sports Shoes,data/raw/teacher/train/images_train/24460.jpg
24495,1,family_ff02bcdd8263f5e3,Ethnic,Kurtas,data/raw/teacher/train/images_train/24495.jpg
24496,3,family_be09f00dfec5c303,Ethnic,Kurtas,data/raw/teacher/train/images_train/24496.jpg
24498,3,family_d0e0c4e165afb9dd,Ethnic,Kurtas,data/raw/teacher/train/images_train/24498.jpg
24501,3,family_0f89393f9554eff6,Formal,Belts,data/raw/teacher/train/images_train/24501.jpg
24511,1,family_554bb8776966ecc5,Ethnic,Kurtas,data/raw/teacher/train/images_train/24511.jpg
24513,2,family_0fc626a9a09ecfac,Ethnic,Kurtas,data/raw/teacher/train/images_train/24513.jpg
24532,3,family_6a1a93728b822580,Ethnic,Kurtas,data/raw/teacher/train/images_train/24532.jpg
24538,3,family_9f457e3504c9ee07,Ethnic,Kurtas,data/raw/teacher/train/images_train/24538.jpg
24542,1,family_c435e9b7361042b9,Ethnic,Tops,data/raw/teacher/train/images_train/24542.jpg
24544,2,family_c4977b1390e74921,Ethnic,Tops,data/raw/teacher/train/images_train/24544.jpg
24551,2,family_3c5c0fcfb77259da,Ethnic,Kurtas,data/raw/teacher/train/images_train/24551.jpg
24614,1,family_2ceff69d8ce9f005,Sports,Shorts,data/raw/teacher/train/images_train/24614.jpg
24628,2,family_a380ea4f99c6c05d,Formal,Formal Shoes,data/raw/teacher/train/images_train/24628.jpg
24629,2,family_04933ba6067def19,Sports,Sports Shoes,data/raw/teacher/train/images_train/24629.jpg
24641,1,family_6fb9ed55ad3a85e6,Formal,Cufflinks,data/raw/teacher/train/images_train/24641.jpg
24642,2,family_790ddb68a874a8f6,Formal,Cufflinks,data/raw/teacher/train/images_train/24642.jpg
24644,2,family_f8e6996d6debd52a,Formal,Cufflinks,data/raw/teacher/train/images_train/24644.jpg
24676,1,family_22291579275193dc,Casual,Handbags,data/raw/teacher/train/images_train/24676.jpg
24695,2,family_8fc1e22b71d1dd3e,Casual,Sandals,data/raw/teacher/train/images_train/24695.jpg
24768,3,family_3237ca668906b9d8,Casual,Flip Flops,data/raw/teacher/train/images_train/24768.jpg
24853,1,family_be4d1ec8fdaf5d1f,Formal,Shirts,data/raw/teacher/train/images_train/24853.jpg
25039,3,family_fea810a04842ebb9,Sports,Shorts,data/raw/teacher/train/images_train/25039.jpg
25046,2,family_76ac2a0b0b1c7991,Formal,Accessory Gift Set,data/raw/teacher/train/images_train/25046.jpg
25049,3,family_f4f149b2aac6a444,Formal,Accessory Gift Set,data/raw/teacher/train/images_train/25049.jpg
25050,2,family_79d85a369ef4afa8,Formal,Accessory Gift Set,data/raw/teacher/train/images_train/25050.jpg
25072,1,family_ff54ce7f9bf687d8,Formal,Accessory Gift Set,data/raw/teacher/train/images_train/25072.jpg
25077,3,family_8116741001872c7a,Formal,Accessory Gift Set,data/raw/teacher/train/images_train/25077.jpg
25083,3,family_3744f6d28b227b68,Formal,Accessory Gift Set,data/raw/teacher/train/images_train/25083.jpg
25140,3,family_1ccb8d961c1599a3,Party,Clutches,data/raw/teacher/train/images_train/25140.jpg
25290,2,family_f358c29aa88f96f6,Casual,Handbags,data/raw/teacher/train/images_train/25290.jpg
25308,2,family_c564109fa340ce7d,Casual,Watches,data/raw/teacher/train/images_train/25308.jpg
25357,3,family_b03ecd0e38ec481f,Casual,Briefs,data/raw/teacher/train/images_train/25357.jpg
25366,1,family_497c831016bebe5f,Casual,Innerwear Vests,data/raw/teacher/train/images_train/25366.jpg
25369,3,family_6e2ff75cd125e31a,Casual,Innerwear Vests,data/raw/teacher/train/images_train/25369.jpg
25421,1,family_76a6a87131838d85,Sports,Sports Shoes,data/raw/teacher/train/images_train/25421.jpg
25442,2,family_1398233d4aab9fcc,Sports,Sports Shoes,data/raw/teacher/train/images_train/25442.jpg
25461,2,family_380b2b078e299923,Sports,Sports Shoes,data/raw/teacher/train/images_train/25461.jpg
25470,3,family_a19b8a38011a5401,Sports,Sports Shoes,data/raw/teacher/train/images_train/25470.jpg
25525,1,family_3461e590c08df4f2,Casual,Tops,data/raw/teacher/train/images_train/25525.jpg
25569,3,family_fd9f5a2f04e20a30,Sports,Sports Shoes,data/raw/teacher/train/images_train/25569.jpg
25577,2,family_89d38aad0c83246b,Sports,Sports Shoes,data/raw/teacher/train/images_train/25577.jpg
25588,2,family_e9a248798c11f28a,Ethnic,Kurta Sets,data/raw/teacher/train/images_train/25588.jpg
25589,2,family_119662bec06dd537,Ethnic,Kurta Sets,data/raw/teacher/train/images_train/25589.jpg
25591,2,family_6d798a55b3ef677b,Ethnic,Kurta Sets,data/raw/teacher/train/images_train/25591.jpg
25596,1,family_64f2c1b845d54078,Ethnic,Kurta Sets,data/raw/teacher/train/images_train/25596.jpg
25599,1,family_1cb667cb38be865b,Ethnic,Kurta Sets,data/raw/teacher/train/images_train/25599.jpg
25600,1,family_75f039cb113c55f2,Ethnic,Kurta Sets,data/raw/teacher/train/images_train/25600.jpg
25654,3,family_d5189ee1874366eb,Casual,Watches,data/raw/teacher/train/images_train/25654.jpg
25708,3,family_52d2ff304f5d38ca,Sports,Caps,data/raw/teacher/train/images_train/25708.jpg
25766,1,family_bdd9eade952a05d2,Formal,Suspenders,data/raw/teacher/train/images_train/25766.jpg
25777,1,family_549e6c7feed31173,Formal,Suspenders,data/raw/teacher/train/images_train/25777.jpg
25784,2,family_e4013758d7f71f7e,Formal,Suspenders,data/raw/teacher/train/images_train/25784.jpg
25787,2,family_390d83a323dba8d6,Formal,Suspenders,data/raw/teacher/train/images_train/25787.jpg
25794,2,family_cbf089651167edfa,Formal,Suspenders,data/raw/teacher/train/images_train/25794.jpg
25830,1,family_25e3f2cadb9cb75d,Ethnic,Kurtas,data/raw/teacher/train/images_train/25830.jpg
25841,2,family_65a718ce5af1057b,Ethnic,Kurtas,data/raw/teacher/train/images_train/25841.jpg
25886,2,family_80e87ef17bbbf90c,Travel,Backpacks,data/raw/teacher/train/images_train/25886.jpg
25887,1,family_0b9aa48866ec1033,Travel,Backpacks,data/raw/teacher/train/images_train/25887.jpg
25959,2,family_4bcc1b35cac5d474,Casual,Scarves,data/raw/teacher/train/images_train/25959.jpg
26049,1,family_ec959533ad3b6e6b,Formal,Shirts,data/raw/teacher/train/images_train/26049.jpg
26055,1,family_2a4f0331f63db1ad,Formal,Shirts,data/raw/teacher/train/images_train/26055.jpg
26056,2,family_77dee408f4cef22b,Formal,Shirts,data/raw/teacher/train/images_train/26056.jpg
26059,3,family_925dafc1a7d373db,Formal,Shirts,data/raw/teacher/train/images_train/26059.jpg
26066,2,family_eb922a6c233cd78e,Formal,Shirts,data/raw/teacher/train/images_train/26066.jpg
26077,2,family_6a7be5226d6adc32,Formal,Shirts,data/raw/teacher/train/images_train/26077.jpg
26124,2,family_afca2a092b95e549,Formal,Shirts,data/raw/teacher/train/images_train/26124.jpg
26125,1,family_8739fde8be022c8a,Formal,Shirts,data/raw/teacher/train/images_train/26125.jpg
26132,2,family_131f610d77caf372,Formal,Trousers,data/raw/teacher/train/images_train/26132.jpg
26133,2,family_7ebb03886ceadee1,Formal,Trousers,data/raw/teacher/train/images_train/26133.jpg
26140,1,family_68d4ef42987ff40b,Formal,Trousers,data/raw/teacher/train/images_train/26140.jpg
26143,1,family_980cc3cdb88a5471,Formal,Trousers,data/raw/teacher/train/images_train/26143.jpg
26172,1,family_e94d71764d5f3e55,Casual,Flats,data/raw/teacher/train/images_train/26172.jpg
26326,1,family_900f9a803807c073,Sports,Sports Shoes,data/raw/teacher/train/images_train/26326.jpg
26327,3,family_8042c7e27175300b,Sports,Sports Shoes,data/raw/teacher/train/images_train/26327.jpg
26372,2,family_99d0706534eb52d0,Formal,Trousers,data/raw/teacher/train/images_train/26372.jpg
26376,3,family_12b9509c9eca25f1,Formal,Shirts,data/raw/teacher/train/images_train/26376.jpg
26384,1,family_8733cdbba924ed10,Formal,Trousers,data/raw/teacher/train/images_train/26384.jpg
26396,2,family_a5b0e0d8e9d03429,Formal,Shirts,data/raw/teacher/train/images_train/26396.jpg
26448,2,family_d47fb0b9eafe7941,Sports,Sports Shoes,data/raw/teacher/train/images_train/26448.jpg
26527,3,family_feb85ee78d1fa52d,Casual,Casual Shoes,data/raw/teacher/train/images_train/26527.jpg
26541,2,family_1e8a15fbed2d0043,Casual,Casual Shoes,data/raw/teacher/train/images_train/26541.jpg
26597,1,family_889f33beab0fcc8e,Sports,Sports Shoes,data/raw/teacher/train/images_train/26597.jpg
26599,1,family_00b55fea626ea6af,Sports,Sports Shoes,data/raw/teacher/train/images_train/26599.jpg
26604,1,family_d26462feb3587feb,Sports,Sports Shoes,data/raw/teacher/train/images_train/26604.jpg
26608,1,family_b34205a272c03477,Sports,Sports Shoes,data/raw/teacher/train/images_train/26608.jpg
26654,2,family_1d6090a4e87a0ba4,Sports,Sports Shoes,data/raw/teacher/train/images_train/26654.jpg
26666,2,family_9c9a59388753c7a8,Casual,Casual Shoes,data/raw/teacher/train/images_train/26666.jpg
26692,2,family_2ec2e24407dfb31f,Casual,Sports Sandals,data/raw/teacher/train/images_train/26692.jpg
26693,1,family_af01e663006453bf,Casual,Waist Pouch,data/raw/teacher/train/images_train/26693.jpg
26697,3,family_c07e2f0f87e2949b,Casual,Casual Shoes,data/raw/teacher/train/images_train/26697.jpg
26792,2,family_e6ed90c969f3984d,Formal,Shirts,data/raw/teacher/train/images_train/26792.jpg
26797,3,family_1c769edd42577ac9,Formal,Shirts,data/raw/teacher/train/images_train/26797.jpg
26803,2,family_7d85a2858d4811bd,Formal,Shirts,data/raw/teacher/train/images_train/26803.jpg
26804,2,family_6a41714f5edcea0d,Formal,Shirts,data/raw/teacher/train/images_train/26804.jpg
26806,3,family_ef668296dc956151,Formal,Trousers,data/raw/teacher/train/images_train/26806.jpg
26807,3,family_ec62a3793b5cc050,Formal,Trousers,data/raw/teacher/train/images_train/26807.jpg
26815,3,family_315fc92d69f6c34e,Formal,Shirts,data/raw/teacher/train/images_train/26815.jpg
26858,3,family_19d3a0b09b5be0ae,Casual,Perfume and Body Mist,data/raw/teacher/train/images_train/26858.jpg
27088,2,family_5fe3675027b19e39,Ethnic,Kurtas,data/raw/teacher/train/images_train/27088.jpg
27101,2,family_f7881a7becc7914f,Ethnic,Kurtas,data/raw/teacher/train/images_train/27101.jpg
27104,3,family_f39b252b33df4057,Ethnic,Kurtas,data/raw/teacher/train/images_train/27104.jpg
27106,3,family_97045cf8a4df119e,Ethnic,Kurtas,data/raw/teacher/train/images_train/27106.jpg
27148,2,family_ee790b33ccea1e93,Formal,Shirts,data/raw/teacher/train/images_train/27148.jpg
27150,3,family_2ca1ec25e254e549,Formal,Shirts,data/raw/teacher/train/images_train/27150.jpg
27181,2,family_84a65739c9eb2fb7,Formal,Trousers,data/raw/teacher/train/images_train/27181.jpg
27182,2,family_1c5c61abc563c108,Formal,Trousers,data/raw/teacher/train/images_train/27182.jpg
27270,2,family_dcef788d05b6e75e,Ethnic,Kurtas,data/raw/teacher/train/images_train/27270.jpg
27271,2,family_d1977cf9d6a6d68b,Ethnic,Tunics,data/raw/teacher/train/images_train/27271.jpg
27273,3,family_a2830a72afa75669,Ethnic,Tunics,data/raw/teacher/train/images_train/27273.jpg
27287,1,family_9ecd87525d3e89a9,Ethnic,Kurtas,data/raw/teacher/train/images_train/27287.jpg
27414,2,family_0b8ee900601dfe55,Casual,Lounge Pants,data/raw/teacher/train/images_train/27414.jpg
27422,1,family_6ce05587aa5afa11,Casual,Lounge Pants,data/raw/teacher/train/images_train/27422.jpg
27435,3,family_df5e376b4fa26ae0,Sports,Bra,data/raw/teacher/train/images_train/27435.jpg
27438,2,family_e9a82bc98dfba46c,Sports,Tops,data/raw/teacher/train/images_train/27438.jpg
27511,3,family_5346c1aadb4b2941,Casual,Briefs,data/raw/teacher/train/images_train/27511.jpg
27640,2,family_da2a5943aba83f8c,Sports,Sports Shoes,data/raw/teacher/train/images_train/27640.jpg
27802,1,family_cc3ccf1230a6e809,Formal,Belts,data/raw/teacher/train/images_train/27802.jpg
27809,2,family_7ccca0feba8403d1,Formal,Belts,data/raw/teacher/train/images_train/27809.jpg
27813,2,family_5462140482b2f02c,Formal,Belts,data/raw/teacher/train/images_train/27813.jpg
27845,3,family_f50c0fc0f459b58a,Formal,Blazers,data/raw/teacher/train/images_train/27845.jpg
27864,3,family_43aa131843aa2102,Casual,Tops,data/raw/teacher/train/images_train/27864.jpg
27868,1,family_4fd14bc031dca5e9,Smart Casual,Shirts,data/raw/teacher/train/images_train/27868.jpg
27869,2,family_9a5972325d1ca2fc,Smart Casual,Shirts,data/raw/teacher/train/images_train/27869.jpg
27884,3,family_4fc2307febfa4997,Formal,Shirts,data/raw/teacher/train/images_train/27884.jpg
27889,3,family_5e617f2d7b736b66,Formal,Shirts,data/raw/teacher/train/images_train/27889.jpg
27891,1,family_d4228f4971f5b5ee,Formal,Shirts,data/raw/teacher/train/images_train/27891.jpg
27904,1,family_0097da727d99aef9,Formal,Trousers,data/raw/teacher/train/images_train/27904.jpg
27912,1,family_9e56b1a77aa69252,Formal,Trousers,data/raw/teacher/train/images_train/27912.jpg
27917,1,family_b99911f3ccbbae76,Formal,Trousers,data/raw/teacher/train/images_train/27917.jpg
27919,1,family_45586b60bb2a4f37,Formal,Trousers,data/raw/teacher/train/images_train/27919.jpg
27958,2,family_60e4f954fe09debf,Casual,Trunk,data/raw/teacher/train/images_train/27958.jpg
28005,2,family_152ba1a6beec6a16,Casual,Briefs,data/raw/teacher/train/images_train/28005.jpg
28077,1,family_ffecfc68a1d39d62,Casual,Trunk,data/raw/teacher/train/images_train/28077.jpg
28152,1,family_f5b87746176d7e61,Casual,Innerwear Vests,data/raw/teacher/train/images_train/28152.jpg
28331,1,family_f03795f50c73d122,Casual,Sandals,data/raw/teacher/train/images_train/28331.jpg
28430,1,family_312e587b9c29a559,Formal,Watches,data/raw/teacher/train/images_train/28430.jpg
28454,2,family_51309825c65d5240,Sports,Capris,data/raw/teacher/train/images_train/28454.jpg
28456,2,family_a0c4d14eb074fd10,Sports,Skirts,data/raw/teacher/train/images_train/28456.jpg
28461,2,family_51309825c65d5240,Casual,Capris,data/raw/teacher/train/images_train/28461.jpg
28503,1,family_2d2aae4045b9bcab,Sports,Shorts,data/raw/teacher/train/images_train/28503.jpg
28504,1,family_4901fe73bc2bf89e,Sports,Shorts,data/raw/teacher/train/images_train/28504.jpg
28506,3,family_1f76c2cc1d0d4001,Sports,Shorts,data/raw/teacher/train/images_train/28506.jpg
28522,3,family_8208d52595147162,Sports,Capris,data/raw/teacher/train/images_train/28522.jpg
28530,2,family_c848d22934461f1d,Sports,Tshirts,data/raw/teacher/train/images_train/28530.jpg
28543,1,family_f36b9f995925d4e3,Casual,Tshirts,data/raw/teacher/train/images_train/28543.jpg
28573,1,family_d5a9d93ae6b5b6db,Casual,Tshirts,data/raw/teacher/train/images_train/28573.jpg
28612,3,family_a51430351c719529,Sports,Tshirts,data/raw/teacher/train/images_train/28612.jpg
28613,3,family_8288faf63dd2052a,Sports,Sports Shoes,data/raw/teacher/train/images_train/28613.jpg
28643,1,family_dad7872b3ade004a,Sports,Tshirts,data/raw/teacher/train/images_train/28643.jpg
28646,3,family_7b7f6844eefbf5de,Sports,Tshirts,data/raw/teacher/train/images_train/28646.jpg
28657,1,family_9d8c8e1359b45987,Casual,Casual Shoes,data/raw/teacher/train/images_train/28657.jpg
28688,3,family_94ca274f7d0bbc95,Ethnic,Kurtas,data/raw/teacher/train/images_train/28688.jpg
28690,1,family_d6fab12abee3cbdc,Ethnic,Kurtas,data/raw/teacher/train/images_train/28690.jpg
28698,1,family_e7a719fb121e23fd,Ethnic,Kurtas,data/raw/teacher/train/images_train/28698.jpg
28700,3,family_cb778037c3bc0d5e,Ethnic,Kurtas,data/raw/teacher/train/images_train/28700.jpg
28701,2,family_4c52a23743ca06b0,Ethnic,Kurtas,data/raw/teacher/train/images_train/28701.jpg
28702,2,family_970b4649d4a9c855,Ethnic,Kurtas,data/raw/teacher/train/images_train/28702.jpg
28709,2,family_a8ecaaa0a4b19e69,Ethnic,Kurtas,data/raw/teacher/train/images_train/28709.jpg
28711,3,family_2796eca5a5c74097,Ethnic,Kurtas,data/raw/teacher/train/images_train/28711.jpg
28715,2,family_75faf240d5271439,Ethnic,Kurtas,data/raw/teacher/train/images_train/28715.jpg
28717,3,family_cefc589d6920e14a,Ethnic,Kurtas,data/raw/teacher/train/images_train/28717.jpg
28744,3,family_483239e59d63a147,Ethnic,Kurtas,data/raw/teacher/train/images_train/28744.jpg
28750,2,family_0576a2ac88df6251,Ethnic,Kurtas,data/raw/teacher/train/images_train/28750.jpg
28760,2,family_46b636c47bd6809d,Ethnic,Kurtas,data/raw/teacher/train/images_train/28760.jpg
28766,3,family_b33d558958dbc298,Ethnic,Kurtas,data/raw/teacher/train/images_train/28766.jpg
28777,1,family_87c3fb12edd62953,Ethnic,Kurtis,data/raw/teacher/train/images_train/28777.jpg
28910,2,family_3b5ca3967bcd001f,Ethnic,Kurtas,data/raw/teacher/train/images_train/28910.jpg
28941,2,family_4df619925e31615f,Ethnic,Kurtas,data/raw/teacher/train/images_train/28941.jpg
28942,2,family_9355cc26988f15df,Ethnic,Kurtas,data/raw/teacher/train/images_train/28942.jpg
28946,2,family_76f72372e55893f1,Ethnic,Tunics,data/raw/teacher/train/images_train/28946.jpg
28951,3,family_729a933944663e4f,Ethnic,Kurtis,data/raw/teacher/train/images_train/28951.jpg
28966,3,family_b2e47a5c94984d5d,Ethnic,Kurta Sets,data/raw/teacher/train/images_train/28966.jpg
28973,3,family_c3e004b4f5dfcdb5,Ethnic,Kurta Sets,data/raw/teacher/train/images_train/28973.jpg
28976,1,family_846097a98a222370,Ethnic,Kurta Sets,data/raw/teacher/train/images_train/28976.jpg
28978,2,family_ac4092b03c8d9e51,Ethnic,Kurta Sets,data/raw/teacher/train/images_train/28978.jpg
28982,2,family_49734575395e5bd5,Ethnic,Kurta Sets,data/raw/teacher/train/images_train/28982.jpg
28985,3,family_7196231caeb4b8ab,Ethnic,Kurta Sets,data/raw/teacher/train/images_train/28985.jpg
28987,2,family_1000fc6e1d5e15a3,Ethnic,Kurta Sets,data/raw/teacher/train/images_train/28987.jpg
29023,3,family_d17cfb4851ae84e9,Sports,Track Pants,data/raw/teacher/train/images_train/29023.jpg
29110,3,family_5ca2b613a1ffb395,Sports,Socks,data/raw/teacher/train/images_train/29110.jpg
29211,2,family_4611fd1c8f6c49da,Sports,Socks,data/raw/teacher/train/images_train/29211.jpg
29240,3,family_cb64ac7066616afd,Sports,Sports Shoes,data/raw/teacher/train/images_train/29240.jpg
29241,3,family_1b4e8a89ac5fa6dd,Sports,Sports Shoes,data/raw/teacher/train/images_train/29241.jpg
29243,3,family_7e2caf4f2e65b30f,Sports,Sports Shoes,data/raw/teacher/train/images_train/29243.jpg
29249,1,family_483fd453c04894b7,Sports,Sports Shoes,data/raw/teacher/train/images_train/29249.jpg
29256,3,family_5b971cc739db1d01,Sports,Sports Shoes,data/raw/teacher/train/images_train/29256.jpg
29266,1,family_505884c548ebd2a0,Sports,Sports Shoes,data/raw/teacher/train/images_train/29266.jpg
29320,2,family_2e53202648b3ae9e,Sports,Tshirts,data/raw/teacher/train/images_train/29320.jpg
29399,1,family_5f112a0632994866,Formal,Trousers,data/raw/teacher/train/images_train/29399.jpg
29409,1,family_3be120821eb2615c,Smart Casual,Watches,data/raw/teacher/train/images_train/29409.jpg
29457,2,family_0b61c882ee7a3b84,Smart Casual,Watches,data/raw/teacher/train/images_train/29457.jpg
29470,1,family_4e0c2a90b6922a5e,Smart Casual,Watches,data/raw/teacher/train/images_train/29470.jpg
29490,3,family_72b1bfbfce7f2d96,Casual,Watches,data/raw/teacher/train/images_train/29490.jpg
29594,1,family_3414eccf5d80d391,Casual,Tshirts,data/raw/teacher/train/images_train/29594.jpg
29629,3,family_19aed30fa5b6afa7,Formal,Shirts,data/raw/teacher/train/images_train/29629.jpg
29633,1,family_9227b99ede99cd2a,Formal,Shirts,data/raw/teacher/train/images_train/29633.jpg
29648,3,family_fb675c2292eaa39a,Formal,Shirts,data/raw/teacher/train/images_train/29648.jpg
29754,3,family_1b0dcae48246c428,Casual,Watches,data/raw/teacher/train/images_train/29754.jpg
29920,1,family_af824cc03633df0a,Casual,Watches,data/raw/teacher/train/images_train/29920.jpg
29988,3,family_8749eb8cab2b1bd3,Casual,Watches,data/raw/teacher/train/images_train/29988.jpg
30060,2,family_fbac49ad6b6973c8,Casual,Watches,data/raw/teacher/train/images_train/30060.jpg
30072,1,family_96ff6611ed5904a4,Casual,Watches,data/raw/teacher/train/images_train/30072.jpg
30144,3,family_220b2fcdd731c7dd,Casual,Tshirts,data/raw/teacher/train/images_train/30144.jpg
30193,2,family_7af657eb9fb4d412,Casual,Backpacks,data/raw/teacher/train/images_train/30193.jpg
30201,1,family_56c1b52704dad7bf,Casual,Backpacks,data/raw/teacher/train/images_train/30201.jpg
30314,2,family_e730440aa17ac7dc,Casual,Tshirts,data/raw/teacher/train/images_train/30314.jpg
30315,3,family_ba949d534d84e641,Casual,Tshirts,data/raw/teacher/train/images_train/30315.jpg
30356,1,family_8762cf8a60b621c9,Casual,Tshirts,data/raw/teacher/train/images_train/30356.jpg
30541,1,family_dae4b92bd8ed0c24,Sports,Socks,data/raw/teacher/train/images_train/30541.jpg
30598,2,family_00dffe17940aceb8,Sports,Shorts,data/raw/teacher/train/images_train/30598.jpg
30600,2,family_3df6d730b2b73e3d,Sports,Tshirts,data/raw/teacher/train/images_train/30600.jpg
30614,3,family_073b0f98e76264f5,Sports,Tshirts,data/raw/teacher/train/images_train/30614.jpg
30616,3,family_b7a170775bc00c17,Sports,Track Pants,data/raw/teacher/train/images_train/30616.jpg
30627,2,family_79cbfeced966a48d,Sports,Tshirts,data/raw/teacher/train/images_train/30627.jpg
30641,1,family_8633922a71717ecb,Sports,Caps,data/raw/teacher/train/images_train/30641.jpg
30645,2,family_715929f93019d95c,Sports,Tshirts,data/raw/teacher/train/images_train/30645.jpg
30713,3,family_dacfb3d8104edc05,Ethnic,Clutches,data/raw/teacher/train/images_train/30713.jpg
30714,1,family_aa1ed3a631cf1b80,Ethnic,Churidar,data/raw/teacher/train/images_train/30714.jpg
30720,3,family_3969b830b001f99a,Ethnic,Kurtas,data/raw/teacher/train/images_train/30720.jpg
30721,1,family_bde8d0b9f40d5273,Ethnic,Kurtas,data/raw/teacher/train/images_train/30721.jpg
30724,1,family_5251c8ffd35e47b7,Ethnic,Kurtas,data/raw/teacher/train/images_train/30724.jpg
30727,3,family_402db3633316c157,Ethnic,Salwar,data/raw/teacher/train/images_train/30727.jpg
30728,1,family_f4ee9d50108e40ca,Ethnic,Salwar,data/raw/teacher/train/images_train/30728.jpg
30730,2,family_5ce4594161813f5e,Ethnic,Salwar,data/raw/teacher/train/images_train/30730.jpg
30732,2,family_d636689a311bbcbb,Ethnic,Churidar,data/raw/teacher/train/images_train/30732.jpg
30734,3,family_2b599bd25f77aaaf,Ethnic,Churidar,data/raw/teacher/train/images_train/30734.jpg
30738,1,family_b51d6398dac74262,Ethnic,Nehru Jackets,data/raw/teacher/train/images_train/30738.jpg
30745,1,family_f994e5ed26d31d6b,Ethnic,Kurtas,data/raw/teacher/train/images_train/30745.jpg
30751,1,family_9a65f0891508ea3a,Ethnic,Kurtas,data/raw/teacher/train/images_train/30751.jpg
30753,3,family_93620d7dfe475268,Ethnic,Kurtas,data/raw/teacher/train/images_train/30753.jpg
30754,3,family_f515cd4dc89efeb1,Ethnic,Kurtas,data/raw/teacher/train/images_train/30754.jpg
30763,3,family_a3222dc1aa5524c0,Ethnic,Kurtas,data/raw/teacher/train/images_train/30763.jpg
30768,1,family_107ed349f859ea06,Ethnic,Kurtas,data/raw/teacher/train/images_train/30768.jpg
30771,1,family_dd0738101e984d47,Ethnic,Kurtas,data/raw/teacher/train/images_train/30771.jpg
30781,1,family_a7397a330350341b,Ethnic,Kurtas,data/raw/teacher/train/images_train/30781.jpg
30783,1,family_7d2ed968140ffe30,Ethnic,Kurtas,data/raw/teacher/train/images_train/30783.jpg
30786,1,family_d6b5acb744990916,Ethnic,Kurtas,data/raw/teacher/train/images_train/30786.jpg
30794,3,family_123c551bc0603235,Ethnic,Shirts,data/raw/teacher/train/images_train/30794.jpg
30796,2,family_e86444bc1a38f423,Ethnic,Shirts,data/raw/teacher/train/images_train/30796.jpg
30798,3,family_411645a7aa3a5779,Ethnic,Shirts,data/raw/teacher/train/images_train/30798.jpg
30816,3,family_5f988e6a16a7dcde,Ethnic,Leggings,data/raw/teacher/train/images_train/30816.jpg
30822,3,family_628a5a2db9fbe820,Ethnic,Churidar,data/raw/teacher/train/images_train/30822.jpg
30828,1,family_560cb0f549652343,Ethnic,Churidar,data/raw/teacher/train/images_train/30828.jpg
30833,1,family_744798e7aab1a5ad,Ethnic,Kurtas,data/raw/teacher/train/images_train/30833.jpg
30834,1,family_5b7955cdd7a4b9d2,Ethnic,Kurtas,data/raw/teacher/train/images_train/30834.jpg
30836,2,family_749e17c8f43ed535,Ethnic,Kurtas,data/raw/teacher/train/images_train/30836.jpg
30838,2,family_98a47d5f54fc470d,Ethnic,Kurtas,data/raw/teacher/train/images_train/30838.jpg
30839,1,family_e38b21bc86b3e678,Ethnic,Kurtas,data/raw/teacher/train/images_train/30839.jpg
30844,1,family_359927c12ddb9af2,Ethnic,Kurtas,data/raw/teacher/train/images_train/30844.jpg
30847,2,family_84eea408232ce61d,Ethnic,Kurtas,data/raw/teacher/train/images_train/30847.jpg
30861,3,family_71757e52b91f9bb0,Ethnic,Kurtas,data/raw/teacher/train/images_train/30861.jpg
30862,3,family_5e75e2fe74e1ada3,Ethnic,Kurtas,data/raw/teacher/train/images_train/30862.jpg
30863,2,family_de3d0af8236f47c3,Ethnic,Kurtas,data/raw/teacher/train/images_train/30863.jpg
30877,2,family_70ee540d4a9e5828,Ethnic,Kurtas,data/raw/teacher/train/images_train/30877.jpg
30880,1,family_e677557044023322,Ethnic,Kurtas,data/raw/teacher/train/images_train/30880.jpg
30888,1,family_13dfc55cc80d2e5b,Ethnic,Kurtas,data/raw/teacher/train/images_train/30888.jpg
30890,2,family_c52b0ff73f5137f8,Ethnic,Kurtas,data/raw/teacher/train/images_train/30890.jpg
30898,2,family_447d3b1d701523e5,Ethnic,Salwar,data/raw/teacher/train/images_train/30898.jpg
30902,1,family_bbcb07756bb35a71,Ethnic,Lounge Pants,data/raw/teacher/train/images_train/30902.jpg
30905,1,family_188c7861ae294048,Ethnic,Salwar,data/raw/teacher/train/images_train/30905.jpg
30910,1,family_fb98c83fa1f9e347,Ethnic,Kurtis,data/raw/teacher/train/images_train/30910.jpg
30913,1,family_11bd0a0259075843,Ethnic,Kurtis,data/raw/teacher/train/images_train/30913.jpg
30925,3,family_025b715449fed6d7,Ethnic,Skirts,data/raw/teacher/train/images_train/30925.jpg
30929,1,family_14dd60b197ced8bd,Ethnic,Skirts,data/raw/teacher/train/images_train/30929.jpg
30932,1,family_b542239b93089ef6,Ethnic,Kurtas,data/raw/teacher/train/images_train/30932.jpg
30933,2,family_31402d140687212f,Ethnic,Kurtas,data/raw/teacher/train/images_train/30933.jpg
30939,3,family_91636ae3e21e2e3b,Ethnic,Kurtis,data/raw/teacher/train/images_train/30939.jpg
30940,2,family_1a18b8876b431cb9,Ethnic,Kurtis,data/raw/teacher/train/images_train/30940.jpg
30942,2,family_e1572cbfa6acbb69,Ethnic,Kurtis,data/raw/teacher/train/images_train/30942.jpg
30947,1,family_eb79abe1b35ef3c3,Ethnic,Tops,data/raw/teacher/train/images_train/30947.jpg
30957,3,family_80df70e6d5fd87c8,Ethnic,Tops,data/raw/teacher/train/images_train/30957.jpg
30959,3,family_53cd54faf30fa82c,Ethnic,Tunics,data/raw/teacher/train/images_train/30959.jpg
30960,1,family_6aa51b60ef37b5bc,Ethnic,Tunics,data/raw/teacher/train/images_train/30960.jpg
30991,3,family_f52f074fb6bb07ec,NA,Perfume and Body Mist,data/raw/teacher/train/images_train/30991.jpg
30992,3,family_1f38da162e55a853,NA,Perfume and Body Mist,data/raw/teacher/train/images_train/30992.jpg
31024,2,family_461cac26a3965f73,Casual,Shirts,data/raw/teacher/train/images_train/31024.jpg
31040,1,family_95ea8c095efab738,Casual,Shirts,data/raw/teacher/train/images_train/31040.jpg
31064,1,family_de3ed5c3a48b667f,Ethnic,Dupatta,data/raw/teacher/train/images_train/31064.jpg
31075,1,family_a9a6952cac90d135,Ethnic,Stoles,data/raw/teacher/train/images_train/31075.jpg
31080,1,family_33b10f67a50f19b2,Ethnic,Stoles,data/raw/teacher/train/images_train/31080.jpg
31239,1,family_598444848fdc9702,Casual,Tshirts,data/raw/teacher/train/images_train/31239.jpg
31241,2,family_fb9af4f655bf3584,Casual,Tshirts,data/raw/teacher/train/images_train/31241.jpg
31280,1,family_03826f1c0aca055d,Sports,Tshirts,data/raw/teacher/train/images_train/31280.jpg
31290,1,family_c59461fa850dc503,Casual,Tshirts,data/raw/teacher/train/images_train/31290.jpg
31307,1,family_fc7b82f53c0af408,Ethnic,Kurtas,data/raw/teacher/train/images_train/31307.jpg
31312,2,family_90ca063007003b6b,Ethnic,Kurtas,data/raw/teacher/train/images_train/31312.jpg
31314,1,family_80ac2c38b68dbdd6,Ethnic,Kurtas,data/raw/teacher/train/images_train/31314.jpg
31411,1,family_9fa1c8cb37e5d5df,Casual,Briefs,data/raw/teacher/train/images_train/31411.jpg
31423,3,family_2605d0667096debf,Ethnic,Kurtas,data/raw/teacher/train/images_train/31423.jpg
31445,1,family_915746cbc4b53eb4,Sports,Tshirts,data/raw/teacher/train/images_train/31445.jpg
31447,1,family_78835b5920e30daa,Sports,Shorts,data/raw/teacher/train/images_train/31447.jpg
31457,3,family_9117a561be25589d,Sports,Shorts,data/raw/teacher/train/images_train/31457.jpg
31488,2,family_aeda27270ccb953f,Formal,Trousers,data/raw/teacher/train/images_train/31488.jpg
31581,3,family_28853ca123eb4e3a,Casual,Tshirts,data/raw/teacher/train/images_train/31581.jpg
31624,3,family_1b31129e50ac1111,Formal,Shirts,data/raw/teacher/train/images_train/31624.jpg
31694,2,family_d40eeb8dbf39f3eb,Ethnic,Kurtas,data/raw/teacher/train/images_train/31694.jpg
31697,1,family_b9a95e489f1694eb,Ethnic,Kurtas,data/raw/teacher/train/images_train/31697.jpg
31699,1,family_3bb76ee2cb595b51,Ethnic,Kurtas,data/raw/teacher/train/images_train/31699.jpg
31704,1,family_c2b97ed5f7ab9142,Ethnic,Earrings,data/raw/teacher/train/images_train/31704.jpg
31717,3,family_c8b05f8af7599b54,Ethnic,Earrings,data/raw/teacher/train/images_train/31717.jpg
31720,2,family_f09997b7f597f64a,Ethnic,Earrings,data/raw/teacher/train/images_train/31720.jpg
31729,2,family_0e7f1269f8611fc3,Formal,Blazers,data/raw/teacher/train/images_train/31729.jpg
31742,1,family_77438da3f3c4aae9,Formal,Blazers,data/raw/teacher/train/images_train/31742.jpg
31774,3,family_9fcdbb49f7a6551f,Ethnic,Kurtas,data/raw/teacher/train/images_train/31774.jpg
31878,2,family_a9631e51e6f8437d,Ethnic,Stoles,data/raw/teacher/train/images_train/31878.jpg
31879,1,family_da0608721c4a4426,Ethnic,Stoles,data/raw/teacher/train/images_train/31879.jpg
31880,1,family_065f6c05f122c53a,Ethnic,Stoles,data/raw/teacher/train/images_train/31880.jpg
31903,3,family_b2fa9a38453a129f,Casual,Briefs,data/raw/teacher/train/images_train/31903.jpg
31937,3,family_b8348dd39d070921,Ethnic,Tunics,data/raw/teacher/train/images_train/31937.jpg
31950,1,family_532badf01eab418d,Sports,Sports Shoes,data/raw/teacher/train/images_train/31950.jpg
31957,2,family_78196e68182b96ad,Sports,Sports Shoes,data/raw/teacher/train/images_train/31957.jpg
31971,2,family_ea40290f720c9cb4,Sports,Sports Shoes,data/raw/teacher/train/images_train/31971.jpg
31976,1,family_ef8bed3b8baa4bb8,Sports,Sports Shoes,data/raw/teacher/train/images_train/31976.jpg
31992,3,family_2a6614083e0493bb,Formal,Socks,data/raw/teacher/train/images_train/31992.jpg
31993,3,family_e654828eacc9a4f0,Formal,Socks,data/raw/teacher/train/images_train/31993.jpg
31994,1,family_e0027c922e0a8c24,Formal,Socks,data/raw/teacher/train/images_train/31994.jpg
31995,2,family_7267d7ad4f7a83b5,Formal,Socks,data/raw/teacher/train/images_train/31995.jpg
31996,3,family_89a40bfd09250acd,Formal,Socks,data/raw/teacher/train/images_train/31996.jpg
31998,2,family_8944cfa425a6b597,Formal,Socks,data/raw/teacher/train/images_train/31998.jpg
31999,1,family_abc0bc32e874de51,Formal,Socks,data/raw/teacher/train/images_train/31999.jpg
32156,3,family_cb24dd2eb9fb5391,Casual,Socks,data/raw/teacher/train/images_train/32156.jpg
32181,1,family_5a554f8f8fd65022,Sports,Sports Shoes,data/raw/teacher/train/images_train/32181.jpg
32188,1,family_072e71e0fb0805d2,Sports,Sports Shoes,data/raw/teacher/train/images_train/32188.jpg
32198,3,family_85b71af44c71036d,Ethnic,Kurtas,data/raw/teacher/train/images_train/32198.jpg
32224,1,family_62cf953c91dbc948,Ethnic,Kurtas,data/raw/teacher/train/images_train/32224.jpg
32225,2,family_9c2a5591ff7e7f55,Ethnic,Kurtas,data/raw/teacher/train/images_train/32225.jpg
32227,2,family_b6fd6bf1469509a3,Ethnic,Kurtas,data/raw/teacher/train/images_train/32227.jpg
32246,2,family_1eb2b42efada41ff,Ethnic,Patiala,data/raw/teacher/train/images_train/32246.jpg
32249,3,family_e1a2fcf4da3d53d2,Ethnic,Salwar,data/raw/teacher/train/images_train/32249.jpg
32252,3,family_3a09a90b53fd7e39,Ethnic,Skirts,data/raw/teacher/train/images_train/32252.jpg
32269,1,family_ddbb32ffb3784d7f,Ethnic,Kurtas,data/raw/teacher/train/images_train/32269.jpg
32276,2,family_2ff5a95d87f641e4,Ethnic,Kurtas,data/raw/teacher/train/images_train/32276.jpg
32336,1,family_22727e41215d2153,Casual,Watches,data/raw/teacher/train/images_train/32336.jpg
32337,2,family_07a69f119a889991,Casual,Watches,data/raw/teacher/train/images_train/32337.jpg
32365,3,family_53c46b267f9b0671,Casual,Watches,data/raw/teacher/train/images_train/32365.jpg
32378,1,family_86bdc772de9d628a,Casual,Dresses,data/raw/teacher/train/images_train/32378.jpg
32388,3,family_c077f24e0c8fd9b1,Casual,Sweaters,data/raw/teacher/train/images_train/32388.jpg
32404,2,family_7016ff03e8cdddf8,Formal,Trousers,data/raw/teacher/train/images_train/32404.jpg
32405,3,family_974b283102cf4e82,Formal,Trousers,data/raw/teacher/train/images_train/32405.jpg
32407,2,family_5fc3a070136f49b0,Formal,Trousers,data/raw/teacher/train/images_train/32407.jpg
32429,1,family_03ffe7fa8e0b277b,Sports,Shorts,data/raw/teacher/train/images_train/32429.jpg
32569,1,family_86b2f7b0df301f9b,Casual,Tops,data/raw/teacher/train/images_train/32569.jpg
32603,1,family_c8b6c96bc42a302d,NA,Wallets,data/raw/teacher/train/images_train/32603.jpg
32608,2,family_1b43859d1dc2922a,NA,Wallets,data/raw/teacher/train/images_train/32608.jpg
32612,3,family_efde7db29d234706,Formal,Belts,data/raw/teacher/train/images_train/32612.jpg
32621,1,family_22c74d0ac3629892,Sports,Shorts,data/raw/teacher/train/images_train/32621.jpg
32632,3,family_bf22fe29e6db1c60,Sports,Capris,data/raw/teacher/train/images_train/32632.jpg
32633,1,family_bcce4c968d9e9cac,Sports,Capris,data/raw/teacher/train/images_train/32633.jpg
32635,2,family_67c50306d9e8cf13,Sports,Track Pants,data/raw/teacher/train/images_train/32635.jpg
32657,2,family_ce00ef85148041a6,Sports,Tshirts,data/raw/teacher/train/images_train/32657.jpg
32717,3,family_ad5760c910858076,NA,Briefs,data/raw/teacher/train/images_train/32717.jpg
32719,2,family_9e3939c35a11bfa5,NA,Briefs,data/raw/teacher/train/images_train/32719.jpg
32727,3,family_37f344133f70453a,Casual,Casual Shoes,data/raw/teacher/train/images_train/32727.jpg
32738,3,family_2283f6c5c15d0895,Sports,Sports Shoes,data/raw/teacher/train/images_train/32738.jpg
32930,1,family_0c256181be761e10,Formal,Shirts,data/raw/teacher/train/images_train/32930.jpg
33016,3,family_74e16dac9019e1d0,Ethnic,Kurtas,data/raw/teacher/train/images_train/33016.jpg
33019,1,family_8d524acdeec208f8,Ethnic,Kurtas,data/raw/teacher/train/images_train/33019.jpg
33070,1,family_581f5db80fc7db1b,Casual,Tshirts,data/raw/teacher/train/images_train/33070.jpg
33080,2,family_738ea747c3d1db30,Casual,Tshirts,data/raw/teacher/train/images_train/33080.jpg
33082,2,family_d48f7c3bc485ddd6,Casual,Tshirts,data/raw/teacher/train/images_train/33082.jpg
33224,2,family_33077a585dbaa888,Casual,Tops,data/raw/teacher/train/images_train/33224.jpg
33232,2,family_a0911b94af62e739,Formal,Shirts,data/raw/teacher/train/images_train/33232.jpg
33234,1,family_86d45600c0f34037,Formal,Shirts,data/raw/teacher/train/images_train/33234.jpg
33238,1,family_8d1ef6957a967675,Formal,Shirts,data/raw/teacher/train/images_train/33238.jpg
33244,3,family_91ae111642b1309a,Formal,Shirts,data/raw/teacher/train/images_train/33244.jpg
33246,3,family_faf9e0f0d7bafe9b,Formal,Shirts,data/raw/teacher/train/images_train/33246.jpg
33329,2,family_25059ebb2ac9273e,Formal,Shirts,data/raw/teacher/train/images_train/33329.jpg
33330,2,family_06e540bcec768a1d,Formal,Shirts,data/raw/teacher/train/images_train/33330.jpg
33335,2,family_dcbdd4f08b9de17b,Formal,Formal Shoes,data/raw/teacher/train/images_train/33335.jpg
33336,2,family_61c9a69aadd7e5a3,Formal,Formal Shoes,data/raw/teacher/train/images_train/33336.jpg
33343,3,family_c71b6b1b32c8c837,Formal,Formal Shoes,data/raw/teacher/train/images_train/33343.jpg
33353,3,family_14e6b7b8fd345597,Formal,Formal Shoes,data/raw/teacher/train/images_train/33353.jpg
33526,2,family_eb0e6604c2fec4a8,Casual,Heels,data/raw/teacher/train/images_train/33526.jpg
33532,3,family_99fb2842e98a2628,Casual,Casual Shoes,data/raw/teacher/train/images_train/33532.jpg
33576,2,family_bb04b9e42f968f14,Casual,Tshirts,data/raw/teacher/train/images_train/33576.jpg
33580,3,family_2a00d0014618a576,Casual,Tshirts,data/raw/teacher/train/images_train/33580.jpg
33648,1,family_55022de2f1bfd670,Casual,Sandals,data/raw/teacher/train/images_train/33648.jpg
33692,2,family_dd90c22b3016884f,Formal,Formal Shoes,data/raw/teacher/train/images_train/33692.jpg
33693,2,family_c0be1469805b7c97,Formal,Formal Shoes,data/raw/teacher/train/images_train/33693.jpg
33695,1,family_fadf90be982a4d58,Smart Casual,Formal Shoes,data/raw/teacher/train/images_train/33695.jpg
33697,1,family_00d23cbcc9f63092,Smart Casual,Sandals,data/raw/teacher/train/images_train/33697.jpg
33699,3,family_1fc64d6521d7b3c0,Formal,Formal Shoes,data/raw/teacher/train/images_train/33699.jpg
33702,1,family_4ffd243d6af0be26,Smart Casual,Formal Shoes,data/raw/teacher/train/images_train/33702.jpg
33708,1,family_c8c2f18a3216846f,Formal,Formal Shoes,data/raw/teacher/train/images_train/33708.jpg
33735,2,family_7f7e24cf454ee7a2,Casual,Clutches,data/raw/teacher/train/images_train/33735.jpg
33815,2,family_e9de80c57da4fd42,Formal,Trousers,data/raw/teacher/train/images_train/33815.jpg
33824,1,family_cf8f0dd7bbabe53f,Sports,Sports Shoes,data/raw/teacher/train/images_train/33824.jpg
33838,3,family_ec084f1a037e9da9,Sports,Sports Shoes,data/raw/teacher/train/images_train/33838.jpg
33887,1,family_deeb64c93930cce6,Casual,Watches,data/raw/teacher/train/images_train/33887.jpg
33909,1,family_e87b3a287012a05e,Formal,Watches,data/raw/teacher/train/images_train/33909.jpg
33962,3,family_c9d2b8481d99866e,Casual,Tunics,data/raw/teacher/train/images_train/33962.jpg
33968,3,family_c59cbea98812f192,Casual,Shirts,data/raw/teacher/train/images_train/33968.jpg
33969,1,family_4032f48fbb449bd2,Party,Dresses,data/raw/teacher/train/images_train/33969.jpg
33990,3,family_7ba58ee0682f6052,Casual,Scarves,data/raw/teacher/train/images_train/33990.jpg
34072,2,family_fcd4fd0b9791723a,Formal,Heels,data/raw/teacher/train/images_train/34072.jpg
34075,2,family_8abab7f252b49983,Formal,Heels,data/raw/teacher/train/images_train/34075.jpg
34133,3,family_4ebef60a68166c55,Smart Casual,Wallets,data/raw/teacher/train/images_train/34133.jpg
34210,1,family_3fe02ccdf3e4f3c1,Casual,Tshirts,data/raw/teacher/train/images_train/34210.jpg
34216,1,family_713309ffe55310d5,Casual,Tshirts,data/raw/teacher/train/images_train/34216.jpg
34220,2,family_cdd7ba9eae460c57,Casual,Tshirts,data/raw/teacher/train/images_train/34220.jpg
34222,2,family_9be5fd860e1e8221,Casual,Tshirts,data/raw/teacher/train/images_train/34222.jpg
34271,3,family_702b2dc8c9f5d811,Ethnic,Dupatta,data/raw/teacher/train/images_train/34271.jpg
34274,1,family_23a22780a1b4bc60,Ethnic,Dupatta,data/raw/teacher/train/images_train/34274.jpg
34282,2,family_785af38d42fcb044,Ethnic,Dupatta,data/raw/teacher/train/images_train/34282.jpg
34283,1,family_f7b740e3552967a9,Ethnic,Dupatta,data/raw/teacher/train/images_train/34283.jpg
34296,3,family_82cb669af6c70071,Ethnic,Dupatta,data/raw/teacher/train/images_train/34296.jpg
34298,1,family_b5d9d298fd5fe85b,Ethnic,Dupatta,data/raw/teacher/train/images_train/34298.jpg
34299,1,family_9269da711071b0e0,Ethnic,Dupatta,data/raw/teacher/train/images_train/34299.jpg
34302,1,family_76160bff0670ab66,Ethnic,Sarees,data/raw/teacher/train/images_train/34302.jpg
34386,1,family_ca7e8ad5dcdac73d,Casual,Tshirts,data/raw/teacher/train/images_train/34386.jpg
34403,1,family_bda50a6db8fff5bd,Casual,Tshirts,data/raw/teacher/train/images_train/34403.jpg
34455,1,family_73431a99a1e0eea7,Formal,Heels,data/raw/teacher/train/images_train/34455.jpg
34456,1,family_bb0e3277eba24b70,Formal,Heels,data/raw/teacher/train/images_train/34456.jpg
34457,1,family_5c8131210a37f725,Formal,Heels,data/raw/teacher/train/images_train/34457.jpg
34493,2,family_009ae022a2e94f9f,Formal,Skirts,data/raw/teacher/train/images_train/34493.jpg
34504,3,family_236a75b2ceb98dd3,Formal,Trousers,data/raw/teacher/train/images_train/34504.jpg
34547,2,family_b0513a5ba4d3ddbf,Casual,Belts,data/raw/teacher/train/images_train/34547.jpg
34607,3,family_5fb5004f1cca08fa,Casual,Briefs,data/raw/teacher/train/images_train/34607.jpg
34611,3,family_b7d39cc7592a2391,Casual,Briefs,data/raw/teacher/train/images_train/34611.jpg
34631,1,family_60ac3c45122a3201,Sports,Sports Shoes,data/raw/teacher/train/images_train/34631.jpg
34632,3,family_6ef0c1deccf1458c,Sports,Sports Shoes,data/raw/teacher/train/images_train/34632.jpg
34652,3,family_373552777d0c35fe,Sports,Casual Shoes,data/raw/teacher/train/images_train/34652.jpg
34655,3,family_d0f99378a1ddf9d3,Sports,Sports Shoes,data/raw/teacher/train/images_train/34655.jpg
34734,2,family_ace512c344ae623f,Sports,Sports Shoes,data/raw/teacher/train/images_train/34734.jpg
34766,2,family_274330df4b396bb7,Casual,Handbags,data/raw/teacher/train/images_train/34766.jpg
34826,3,family_b12038c91cd88406,Sports,Sports Shoes,data/raw/teacher/train/images_train/34826.jpg
34906,2,family_e576eb00ef9d1d54,Ethnic,Dupatta,data/raw/teacher/train/images_train/34906.jpg
34908,3,family_b9da6402fed0312c,Ethnic,Dupatta,data/raw/teacher/train/images_train/34908.jpg
34910,3,family_2440444855b577ed,Ethnic,Dupatta,data/raw/teacher/train/images_train/34910.jpg
34917,1,family_30390193e871950a,Ethnic,Dupatta,data/raw/teacher/train/images_train/34917.jpg
34926,3,family_835272a0936faa9e,Ethnic,Dupatta,data/raw/teacher/train/images_train/34926.jpg
34930,1,family_acaf0ed6f0d6e785,Ethnic,Dupatta,data/raw/teacher/train/images_train/34930.jpg
34931,1,family_c38fc1bc73a8dbef,Ethnic,Dupatta,data/raw/teacher/train/images_train/34931.jpg
34938,2,family_89e80f14077535e1,Ethnic,Dupatta,data/raw/teacher/train/images_train/34938.jpg
34948,1,family_1a8714eac6e3995d,Ethnic,Dupatta,data/raw/teacher/train/images_train/34948.jpg
34958,2,family_80408427bf40d185,Ethnic,Sarees,data/raw/teacher/train/images_train/34958.jpg
34963,3,family_7224f4ca9e8d0d98,Ethnic,Sarees,data/raw/teacher/train/images_train/34963.jpg
34966,3,family_3ce34b141039b39b,Ethnic,Stoles,data/raw/teacher/train/images_train/34966.jpg
34969,1,family_459d0481d5e35cc0,Ethnic,Stoles,data/raw/teacher/train/images_train/34969.jpg
34973,2,family_ee4892a7770d4598,Ethnic,Stoles,data/raw/teacher/train/images_train/34973.jpg
34975,3,family_a064ec666c63509b,Ethnic,Stoles,data/raw/teacher/train/images_train/34975.jpg
35000,1,family_498675139022f40a,Ethnic,Stoles,data/raw/teacher/train/images_train/35000.jpg
35008,3,family_01b924f51c317922,Ethnic,Stoles,data/raw/teacher/train/images_train/35008.jpg
35036,2,family_c324f7de6ff2e9eb,Ethnic,Churidar,data/raw/teacher/train/images_train/35036.jpg
35037,2,family_a62625aea234a477,Ethnic,Churidar,data/raw/teacher/train/images_train/35037.jpg
35042,1,family_706a170d5cae239d,Ethnic,Kurtas,data/raw/teacher/train/images_train/35042.jpg
35051,2,family_f106bca47fb80745,Ethnic,Kurtis,data/raw/teacher/train/images_train/35051.jpg
35087,3,family_65747e0d1a649371,Formal,Ties,data/raw/teacher/train/images_train/35087.jpg
35095,1,family_1d99204e1cedfa12,Casual,Scarves,data/raw/teacher/train/images_train/35095.jpg
35219,2,family_8b6781f6713979b4,Casual,Casual Shoes,data/raw/teacher/train/images_train/35219.jpg
35304,1,family_97d3c3344c245422,Ethnic,Earrings,data/raw/teacher/train/images_train/35304.jpg
35317,3,family_1d0e40079ea05c7e,Ethnic,Earrings,data/raw/teacher/train/images_train/35317.jpg
35332,1,family_4577ac22e0156bda,Ethnic,Earrings,data/raw/teacher/train/images_train/35332.jpg
35395,1,family_d6d01059e6eab1f7,Formal,Formal Shoes,data/raw/teacher/train/images_train/35395.jpg
35399,2,family_ed532c91f2a1f7e1,Formal,Formal Shoes,data/raw/teacher/train/images_train/35399.jpg
35429,3,family_3e500fbbdaf3642a,Sports,Sports Shoes,data/raw/teacher/train/images_train/35429.jpg
35475,1,family_7d05fdd0bb864d34,Formal,Formal Shoes,data/raw/teacher/train/images_train/35475.jpg
35483,3,family_0120cc15ec29a980,Formal,Formal Shoes,data/raw/teacher/train/images_train/35483.jpg
35592,1,family_982ed5e775f04460,Casual,Sandals,data/raw/teacher/train/images_train/35592.jpg
35651,1,family_3bf14fa89586a5db,Formal,Formal Shoes,data/raw/teacher/train/images_train/35651.jpg
35654,1,family_d55f912c8cb90d65,Formal,Formal Shoes,data/raw/teacher/train/images_train/35654.jpg
35675,1,family_02b41dff920a5380,Casual,Casual Shoes,data/raw/teacher/train/images_train/35675.jpg
35828,1,family_26c5ec5cc1281542,Travel,Handbags,data/raw/teacher/train/images_train/35828.jpg
35899,1,family_a6cdf4d8257618d3,Casual,Handbags,data/raw/teacher/train/images_train/35899.jpg
35909,2,family_29c4e007e13a0657,Casual,Handbags,data/raw/teacher/train/images_train/35909.jpg
35931,2,family_ef0150515a76ddc8,Sports,Sports Shoes,data/raw/teacher/train/images_train/35931.jpg
35935,1,family_fcb4af9732624c2b,Sports,Sports Shoes,data/raw/teacher/train/images_train/35935.jpg
36016,1,family_3e89881de1a894e8,Formal,Belts,data/raw/teacher/train/images_train/36016.jpg
36026,3,family_a3dcd90731862038,Formal,Belts,data/raw/teacher/train/images_train/36026.jpg
36221,3,family_5b05db014e08b4c4,Sports,Sports Shoes,data/raw/teacher/train/images_train/36221.jpg
36231,2,family_756e167bdb64f9c2,Sports,Sports Shoes,data/raw/teacher/train/images_train/36231.jpg
36234,3,family_db8eac0288693507,Ethnic,Kurtas,data/raw/teacher/train/images_train/36234.jpg
36235,2,family_85edae05d7d32aed,Ethnic,Kurtas,data/raw/teacher/train/images_train/36235.jpg
36295,2,family_31c36b70710b4dcc,Casual,Flats,data/raw/teacher/train/images_train/36295.jpg
36335,3,family_2019801a454c8366,Casual,Socks,data/raw/teacher/train/images_train/36335.jpg
36342,1,family_ad7c6d9977f2d695,Formal,Ties,data/raw/teacher/train/images_train/36342.jpg
36348,1,family_6aec8b10e1e303a8,Formal,Ties,data/raw/teacher/train/images_train/36348.jpg
36349,1,family_eb92708a47d31e28,Formal,Ties,data/raw/teacher/train/images_train/36349.jpg
36352,2,family_bf88c4809c07ecb1,Formal,Ties,data/raw/teacher/train/images_train/36352.jpg
36353,1,family_0cb0ff22c24564f5,Formal,Ties,data/raw/teacher/train/images_train/36353.jpg
36355,2,family_922e6e8a8361ae57,Formal,Ties,data/raw/teacher/train/images_train/36355.jpg
36427,1,family_8346c223da180656,Sports,Sports Shoes,data/raw/teacher/train/images_train/36427.jpg
36445,2,family_95a65e9ef72d15f0,Sports,Sports Shoes,data/raw/teacher/train/images_train/36445.jpg
36448,3,family_c14ed1ae54105a24,Casual,Casual Shoes,data/raw/teacher/train/images_train/36448.jpg
36450,1,family_27f0d121be62fa00,Sports,Sports Shoes,data/raw/teacher/train/images_train/36450.jpg
36462,1,family_2e30b7a37b02fba0,Sports,Sports Shoes,data/raw/teacher/train/images_train/36462.jpg
36493,1,family_1ce331b2e44e5c98,Ethnic,Kurtas,data/raw/teacher/train/images_train/36493.jpg
36509,2,family_3094453015a01467,Casual,Handbags,data/raw/teacher/train/images_train/36509.jpg
36536,1,family_f0837c6899900b20,Casual,Handbags,data/raw/teacher/train/images_train/36536.jpg
36735,1,family_72f4776f8b267cd4,Casual,Tshirts,data/raw/teacher/train/images_train/36735.jpg
36778,1,family_e20623a4fcb736a4,Casual,Watches,data/raw/teacher/train/images_train/36778.jpg
36810,3,family_f5882bd952cdb9e4,Ethnic,Perfume and Body Mist,data/raw/teacher/train/images_train/36810.jpg
36815,2,family_38f563d37716591b,Ethnic,Kurtas,data/raw/teacher/train/images_train/36815.jpg
36832,1,family_b2e2a13dd4903194,Ethnic,Kurtas,data/raw/teacher/train/images_train/36832.jpg
36954,3,family_85aa71b9b79ca1f3,Sports,Sports Shoes,data/raw/teacher/train/images_train/36954.jpg
37102,1,family_889c7cc00d3902ca,Formal,Trousers,data/raw/teacher/train/images_train/37102.jpg
37129,1,family_d7777555076b9231,Formal,Shirts,data/raw/teacher/train/images_train/37129.jpg
37139,2,family_6a17fa1aa6c85bf0,Formal,Shirts,data/raw/teacher/train/images_train/37139.jpg
37224,3,family_f4f88697fe9ef5bc,Casual,Shirts,data/raw/teacher/train/images_train/37224.jpg
37302,3,family_a721554f2c7348b0,Casual,Watches,data/raw/teacher/train/images_train/37302.jpg
37321,1,family_45bcad1cc5830107,Casual,Watches,data/raw/teacher/train/images_train/37321.jpg
37335,3,family_852e2ff9a8f9a9dc,Casual,Watches,data/raw/teacher/train/images_train/37335.jpg
37630,3,family_5e9e7b9a8d72357f,Casual,Tshirts,data/raw/teacher/train/images_train/37630.jpg
37789,1,family_d53ca6382859ef87,Formal,Shirts,data/raw/teacher/train/images_train/37789.jpg
37791,1,family_6f192a4ddb29a726,Formal,Shirts,data/raw/teacher/train/images_train/37791.jpg
37794,2,family_351618eed3ba9420,Formal,Shirts,data/raw/teacher/train/images_train/37794.jpg
37795,1,family_3069abac91e9456a,Formal,Shirts,data/raw/teacher/train/images_train/37795.jpg
37796,2,family_a21ad5953ec9946c,Formal,Shirts,data/raw/teacher/train/images_train/37796.jpg
37808,2,family_1afdb27221b32af4,Formal,Shirts,data/raw/teacher/train/images_train/37808.jpg
37970,2,family_600fdcf1724854e6,Formal,Heels,data/raw/teacher/train/images_train/37970.jpg
38049,3,family_99c256240982368a,Casual,Watches,data/raw/teacher/train/images_train/38049.jpg
38192,3,family_75c14393b0c17612,Casual,Sunglasses,data/raw/teacher/train/images_train/38192.jpg
38342,3,family_9855a9cf6a953078,Casual,Tops,data/raw/teacher/train/images_train/38342.jpg
38402,3,family_c129cbb2ea096514,Casual,Belts,data/raw/teacher/train/images_train/38402.jpg
38562,2,family_6f6fa4100c73e88a,Sports,Shorts,data/raw/teacher/train/images_train/38562.jpg
38577,1,family_5f90d84b6d8fe61d,Sports,Track Pants,data/raw/teacher/train/images_train/38577.jpg
38646,3,family_143bbf3270e0bd72,Sports,Sports Shoes,data/raw/teacher/train/images_train/38646.jpg
38661,2,family_c9e9185c5f86c372,Sports,Sports Shoes,data/raw/teacher/train/images_train/38661.jpg
38666,1,family_ea70d448e302c3e5,Sports,Sports Shoes,data/raw/teacher/train/images_train/38666.jpg
38671,2,family_376647bdc4fe8473,Sports,Sports Shoes,data/raw/teacher/train/images_train/38671.jpg
38673,2,family_c82e51c703faae04,Sports,Sports Shoes,data/raw/teacher/train/images_train/38673.jpg
38722,1,family_310f620398e64fb9,Ethnic,Tunics,data/raw/teacher/train/images_train/38722.jpg
38962,3,family_18238e3107363de9,Travel,Rucksacks,data/raw/teacher/train/images_train/38962.jpg
38971,1,family_df639663d4b3c2b1,Casual,Tshirts,data/raw/teacher/train/images_train/38971.jpg
38974,3,family_f465a6f6cef74bd5,Formal,Shirts,data/raw/teacher/train/images_train/38974.jpg
39031,2,family_03d9b2ed14e352f7,Casual,Free Gifts,data/raw/teacher/train/images_train/39031.jpg
39036,3,family_17583a751501649c,Formal,Cufflinks,data/raw/teacher/train/images_train/39036.jpg
39039,2,family_c50e5b1c39953f1b,Formal,Cufflinks,data/raw/teacher/train/images_train/39039.jpg
39058,1,family_01971954b192a53b,Formal,Cufflinks,data/raw/teacher/train/images_train/39058.jpg
39059,2,family_ddf964e5f9a85f5b,Formal,Cufflinks,data/raw/teacher/train/images_train/39059.jpg
39076,3,family_c93c6a9ccafb2368,Casual,Shirts,data/raw/teacher/train/images_train/39076.jpg
39103,3,family_44843b0a968d6d21,Formal,Trousers,data/raw/teacher/train/images_train/39103.jpg
39134,1,family_69f6b7cdad4c9c00,Ethnic,Kurta Sets,data/raw/teacher/train/images_train/39134.jpg
39136,2,family_822123036e83f22a,Ethnic,Kurta Sets,data/raw/teacher/train/images_train/39136.jpg
39137,3,family_67e48d4a3f62f258,Ethnic,Kurta Sets,data/raw/teacher/train/images_train/39137.jpg
39140,2,family_eea2b5c324624106,Ethnic,Kurta Sets,data/raw/teacher/train/images_train/39140.jpg
39142,1,family_6eb6dd00a4fa6fdf,Ethnic,Kurta Sets,data/raw/teacher/train/images_train/39142.jpg
39149,2,family_c05d29ca9fba513b,Ethnic,Kurtas,data/raw/teacher/train/images_train/39149.jpg
39151,3,family_c5aa8d66926dc2d8,Ethnic,Kurtas,data/raw/teacher/train/images_train/39151.jpg
39152,1,family_4e267aae4c0af1f7,Ethnic,Kurtas,data/raw/teacher/train/images_train/39152.jpg
39167,1,family_a466b6a93a11b935,Ethnic,Kurtas,data/raw/teacher/train/images_train/39167.jpg
39182,2,family_d66d3f2c187ac599,Ethnic,Kurtas,data/raw/teacher/train/images_train/39182.jpg
39283,2,family_143cf46d1f95191a,Casual,Sandals,data/raw/teacher/train/images_train/39283.jpg
39405,1,family_44db076bf44591fd,Smart Casual,Shirts,data/raw/teacher/train/images_train/39405.jpg
39449,3,family_8091dff4a90a7600,Ethnic,Kurtas,data/raw/teacher/train/images_train/39449.jpg
39451,3,family_ef3532c2b52ca0fc,Ethnic,Kurtas,data/raw/teacher/train/images_train/39451.jpg
39467,1,family_222ba9df7a3946e7,Ethnic,Kurtis,data/raw/teacher/train/images_train/39467.jpg
39472,3,family_515719ff99cd197d,Ethnic,Kurtis,data/raw/teacher/train/images_train/39472.jpg
39481,2,family_8115aab29ce26c5c,Ethnic,Kurtis,data/raw/teacher/train/images_train/39481.jpg
39485,1,family_94e6b339de96fb4e,Casual,Backpacks,data/raw/teacher/train/images_train/39485.jpg
39487,3,family_32b984ff506adc13,Travel,Mobile Pouch,data/raw/teacher/train/images_train/39487.jpg
39527,2,family_38bb5c322d729152,Casual,Travel Accessory,data/raw/teacher/train/images_train/39527.jpg
39630,1,family_872f2bc22b04a42f,Sports,Sports Shoes,data/raw/teacher/train/images_train/39630.jpg
39632,3,family_3cd23097df077d65,Sports,Sports Shoes,data/raw/teacher/train/images_train/39632.jpg
39781,2,family_8e7947817c2d816e,Formal,Shirts,data/raw/teacher/train/images_train/39781.jpg
39784,2,family_86b9ee4b2f04251f,Formal,Shirts,data/raw/teacher/train/images_train/39784.jpg
39785,2,family_90bfd28eb0b74f55,Formal,Shirts,data/raw/teacher/train/images_train/39785.jpg
39788,2,family_bb36855f8a8c95d8,Formal,Shirts,data/raw/teacher/train/images_train/39788.jpg
39793,3,family_f79c36e4076bae20,Formal,Trousers,data/raw/teacher/train/images_train/39793.jpg
39795,3,family_b9e4d479b9762fe5,Formal,Trousers,data/raw/teacher/train/images_train/39795.jpg
39801,1,family_c665a6b3d1cb1ed8,Formal,Shirts,data/raw/teacher/train/images_train/39801.jpg
39803,1,family_9cce1d5bcdcb3d08,Formal,Shirts,data/raw/teacher/train/images_train/39803.jpg
39807,3,family_76429ddd2cdcc392,Formal,Trousers,data/raw/teacher/train/images_train/39807.jpg
39889,1,family_e3459fcf533a7dde,Sports,Sports Shoes,data/raw/teacher/train/images_train/39889.jpg
39890,1,family_1ee0efc3865375d4,Sports,Sports Shoes,data/raw/teacher/train/images_train/39890.jpg
39902,1,family_1ecf6ed9c078bee9,Casual,Flats,data/raw/teacher/train/images_train/39902.jpg
39906,3,family_f95607dc97066b06,Sports,Sports Shoes,data/raw/teacher/train/images_train/39906.jpg
39951,1,family_894fec21ceb2b618,Casual,Flip Flops,data/raw/teacher/train/images_train/39951.jpg
39993,2,family_c5a5e53840269e8b,Casual,Casual Shoes,data/raw/teacher/train/images_train/39993.jpg
40081,3,family_8fbf17e6868dba68,Sports,Tshirts,data/raw/teacher/train/images_train/40081.jpg
40126,3,family_9aca39b65e723184,Casual,Shorts,data/raw/teacher/train/images_train/40126.jpg
40166,1,family_ccd660273131deaf,Casual,Sunglasses,data/raw/teacher/train/images_train/40166.jpg
40186,1,family_9ee60235c1c5952d,Ethnic,Kurtis,data/raw/teacher/train/images_train/40186.jpg
40190,1,family_a814c97a9930a999,Ethnic,Kurtis,data/raw/teacher/train/images_train/40190.jpg
40206,1,family_a14ddced14bea896,Formal,Ties,data/raw/teacher/train/images_train/40206.jpg
40216,2,family_e699c7af6e351eec,Formal,Ties,data/raw/teacher/train/images_train/40216.jpg
40221,3,family_b9f1731c2d391c9b,Casual,Belts,data/raw/teacher/train/images_train/40221.jpg
40325,2,family_1068bd02b9da2b09,Sports,Sports Shoes,data/raw/teacher/train/images_train/40325.jpg
40387,3,family_c6f09db9685f3469,Casual,Tops,data/raw/teacher/train/images_train/40387.jpg
40428,3,family_ff9ed79ef130f3e9,Formal,Skirts,data/raw/teacher/train/images_train/40428.jpg
40432,3,family_02fec877e61887d5,Formal,Skirts,data/raw/teacher/train/images_train/40432.jpg
40464,1,family_34469826533fe261,Sports,Sports Shoes,data/raw/teacher/train/images_train/40464.jpg
40473,3,family_fc77d31218a94c91,Sports,Sports Shoes,data/raw/teacher/train/images_train/40473.jpg
40528,1,family_d00633eee37879c9,Formal,Watches,data/raw/teacher/train/images_train/40528.jpg
40558,3,family_187636c16c6623d9,Casual,Watches,data/raw/teacher/train/images_train/40558.jpg
40560,2,family_16bb1f79a950a88f,Casual,Watches,data/raw/teacher/train/images_train/40560.jpg
40569,3,family_c0e8b72b36cb50bf,Ethnic,Kurtas,data/raw/teacher/train/images_train/40569.jpg
40579,2,family_fd0a42c191c01f87,Ethnic,Kurtas,data/raw/teacher/train/images_train/40579.jpg
40581,3,family_4aea4a50b8e3fff8,Ethnic,Kurtas,data/raw/teacher/train/images_train/40581.jpg
40598,2,family_cefffe84c424a755,Ethnic,Kurtis,data/raw/teacher/train/images_train/40598.jpg
40601,1,family_268a601746f2b824,Ethnic,Kurtas,data/raw/teacher/train/images_train/40601.jpg
40606,2,family_1aa7ffa7098c262a,Ethnic,Kurtas,data/raw/teacher/train/images_train/40606.jpg
40609,2,family_ff05531f2d146f7a,Ethnic,Kurtas,data/raw/teacher/train/images_train/40609.jpg
40624,2,family_e419fbe8fce091bd,Ethnic,Kurtas,data/raw/teacher/train/images_train/40624.jpg
40630,3,family_01bfdd8c5bbae84c,Ethnic,Kurtas,data/raw/teacher/train/images_train/40630.jpg
40632,1,family_e5a4595d92a0611a,Ethnic,Kurtas,data/raw/teacher/train/images_train/40632.jpg
40649,1,family_833da6fa90fa2232,Ethnic,Kurtas,data/raw/teacher/train/images_train/40649.jpg
40650,2,family_69e3f18461101257,Ethnic,Kurtas,data/raw/teacher/train/images_train/40650.jpg
40652,2,family_24edf6a2b3eb0d53,Ethnic,Kurtas,data/raw/teacher/train/images_train/40652.jpg
40658,3,family_88ec5b35c310d155,Ethnic,Kurtas,data/raw/teacher/train/images_train/40658.jpg
40670,3,family_c5121d6e22ce7a4a,Casual,Shirts,data/raw/teacher/train/images_train/40670.jpg
40688,1,family_a5dd98f4d148914d,Formal,Formal Shoes,data/raw/teacher/train/images_train/40688.jpg
40691,3,family_a9c78455bba61051,Formal,Formal Shoes,data/raw/teacher/train/images_train/40691.jpg
41209,1,family_123bb1e9ca37efe4,Sports,Sports Shoes,data/raw/teacher/train/images_train/41209.jpg
41324,3,family_57b6bba22fb2ed07,Ethnic,Dupatta,data/raw/teacher/train/images_train/41324.jpg
41328,3,family_3fa32559c64517f3,Ethnic,Dupatta,data/raw/teacher/train/images_train/41328.jpg
41405,1,family_f17cdca67b85200e,Casual,Tops,data/raw/teacher/train/images_train/41405.jpg
41433,3,family_a22fa0cb24b4eba3,Sports,Sports Shoes,data/raw/teacher/train/images_train/41433.jpg
41447,3,family_9e62de335b052185,Sports,Casual Shoes,data/raw/teacher/train/images_train/41447.jpg
41468,2,family_628b9da6dfad4351,Casual,Casual Shoes,data/raw/teacher/train/images_train/41468.jpg
41476,2,family_46bda01ba286f6dd,Formal,Formal Shoes,data/raw/teacher/train/images_train/41476.jpg
41477,1,family_91d40a98253e5966,Casual,Casual Shoes,data/raw/teacher/train/images_train/41477.jpg
41605,2,family_50e066b5e4c1f8f9,Casual,Shirts,data/raw/teacher/train/images_train/41605.jpg
41747,2,family_b58caf08af102adc,Casual,Tshirts,data/raw/teacher/train/images_train/41747.jpg
41781,1,family_1da0e51a062e42e5,Casual,Tunics,data/raw/teacher/train/images_train/41781.jpg
41799,3,family_8de49405be022e4d,Casual,Tops,data/raw/teacher/train/images_train/41799.jpg
41906,1,family_0c28fd69b05e1cb0,Casual,Fragrance Gift Set,data/raw/teacher/train/images_train/41906.jpg
41909,1,family_eac6adc7c167f1bc,Casual,Fragrance Gift Set,data/raw/teacher/train/images_train/41909.jpg
41980,2,family_47afe56cb47294cc,Casual,Tshirts,data/raw/teacher/train/images_train/41980.jpg
42023,2,family_8fde4603de0c8a60,Sports,Sports Shoes,data/raw/teacher/train/images_train/42023.jpg
42028,3,family_afb922e38473fab8,Sports,Sports Shoes,data/raw/teacher/train/images_train/42028.jpg
42042,2,family_591cc969d97601f6,Sports,Sports Shoes,data/raw/teacher/train/images_train/42042.jpg
42164,2,family_ca81b66ce5e88907,Casual,Tshirts,data/raw/teacher/train/images_train/42164.jpg
42308,2,family_f67c37f5a0471d08,Ethnic,Sarees,data/raw/teacher/train/images_train/42308.jpg
42309,2,family_2dd734af245ffc2c,Ethnic,Sarees,data/raw/teacher/train/images_train/42309.jpg
42319,1,family_e76aa4d7f1c70528,Ethnic,Sarees,data/raw/teacher/train/images_train/42319.jpg
42322,1,family_fe1516a549fd3d15,Ethnic,Sarees,data/raw/teacher/train/images_train/42322.jpg
42323,2,family_17c0ce852b7b6f64,Ethnic,Sarees,data/raw/teacher/train/images_train/42323.jpg
42326,2,family_70f9fc2b476a505b,Ethnic,Sarees,data/raw/teacher/train/images_train/42326.jpg
42329,2,family_ff2f0917585e45c8,Ethnic,Sarees,data/raw/teacher/train/images_train/42329.jpg
42422,2,family_33f526965203b3ff,Ethnic,Kurtas,data/raw/teacher/train/images_train/42422.jpg
42426,1,family_aa941199ce10f3b6,Ethnic,Kurtas,data/raw/teacher/train/images_train/42426.jpg
42518,3,family_af9165d07a4d6062,Ethnic,Kurtas,data/raw/teacher/train/images_train/42518.jpg
42561,2,family_38c9def0b74c0f12,Ethnic,Tops,data/raw/teacher/train/images_train/42561.jpg
42646,3,family_e644343dde685f25,Ethnic,Kurtas,data/raw/teacher/train/images_train/42646.jpg
42647,3,family_a663d8f81ba372d0,Ethnic,Kurtas,data/raw/teacher/train/images_train/42647.jpg
42648,2,family_442ddfcff1bf94f6,Ethnic,Kurtas,data/raw/teacher/train/images_train/42648.jpg
42649,2,family_2b0ace5ebf730291,Ethnic,Kurtas,data/raw/teacher/train/images_train/42649.jpg
42651,2,family_15a3582879ea068d,Ethnic,Kurtas,data/raw/teacher/train/images_train/42651.jpg
42657,2,family_5dbf0f63bb3ad136,Ethnic,Kurtas,data/raw/teacher/train/images_train/42657.jpg
42660,1,family_004318e4925cb289,Ethnic,Kurtas,data/raw/teacher/train/images_train/42660.jpg
42669,3,family_2b3904447a98df4f,Ethnic,Kurtas,data/raw/teacher/train/images_train/42669.jpg
42829,3,family_9f18f85186108633,Sports,Wristbands,data/raw/teacher/train/images_train/42829.jpg
42899,2,family_447adc5e95842785,Casual,Belts,data/raw/teacher/train/images_train/42899.jpg
42943,3,family_0fa3dd19d5fefdaa,Casual,Belts,data/raw/teacher/train/images_train/42943.jpg
42986,2,family_3f082294317269db,Casual,Flip Flops,data/raw/teacher/train/images_train/42986.jpg
42990,2,family_1bc64b41e2d109d8,Sports,Sports Shoes,data/raw/teacher/train/images_train/42990.jpg
43000,2,family_b255720517f7c131,Sports,Sports Shoes,data/raw/teacher/train/images_train/43000.jpg
43002,1,family_c7ef7ba5038aa3f2,Sports,Sports Shoes,data/raw/teacher/train/images_train/43002.jpg
43014,3,family_163b18bcfaee7c34,Casual,Briefs,data/raw/teacher/train/images_train/43014.jpg
43047,2,family_65cd2f667ae4d596,Sports,Tshirts,data/raw/teacher/train/images_train/43047.jpg
43049,2,family_e9da1a2a4ca4805b,Sports,Tshirts,data/raw/teacher/train/images_train/43049.jpg
43113,3,family_7f5dfd14298bc6be,NA,Perfume and Body Mist,data/raw/teacher/train/images_train/43113.jpg
43218,1,family_616984ae206c8879,Casual,Watches,data/raw/teacher/train/images_train/43218.jpg
43265,1,family_f89be8629862f5a9,Ethnic,Kurtas,data/raw/teacher/train/images_train/43265.jpg
43371,3,family_71bf2da4be46d4ab,Sports,Sports Shoes,data/raw/teacher/train/images_train/43371.jpg
43372,1,family_dd3e79b089b18fd7,Sports,Sports Shoes,data/raw/teacher/train/images_train/43372.jpg
43437,2,family_62b802c45460c045,Ethnic,Kurta Sets,data/raw/teacher/train/images_train/43437.jpg
43511,2,family_08fd4842da3ee231,Formal,Dresses,data/raw/teacher/train/images_train/43511.jpg
43520,3,family_65dad6e7090344b1,Formal,Skirts,data/raw/teacher/train/images_train/43520.jpg
43522,1,family_4672b10f23d5811d,Formal,Trousers,data/raw/teacher/train/images_train/43522.jpg
43527,1,family_a817360f756a6934,Casual,Tops,data/raw/teacher/train/images_train/43527.jpg
43538,2,family_aa5074eedcaff86d,Casual,Tops,data/raw/teacher/train/images_train/43538.jpg
43569,1,family_cbb27d06b84ccc33,Casual,Backpacks,data/raw/teacher/train/images_train/43569.jpg
43635,2,family_925d85fac5ae3777,Casual,Tops,data/raw/teacher/train/images_train/43635.jpg
43643,3,family_a6987e506a027371,Party,Dresses,data/raw/teacher/train/images_train/43643.jpg
43644,2,family_7a669cfe713bb793,Party,Dresses,data/raw/teacher/train/images_train/43644.jpg
43653,2,family_72ff5ba99c1fee97,Casual,Dresses,data/raw/teacher/train/images_train/43653.jpg
43771,2,family_d370e7fc52a8a971,Ethnic,Earrings,data/raw/teacher/train/images_train/43771.jpg
43776,3,family_804876de1165a559,Ethnic,Earrings,data/raw/teacher/train/images_train/43776.jpg
43778,2,family_535e2662a04d006a,Ethnic,Earrings,data/raw/teacher/train/images_train/43778.jpg
43791,1,family_1ccdb4b938fe2831,Ethnic,Earrings,data/raw/teacher/train/images_train/43791.jpg
43792,1,family_0f22dc29bd02dd56,Ethnic,Earrings,data/raw/teacher/train/images_train/43792.jpg
43815,3,family_dd5b94e312075a22,Ethnic,Earrings,data/raw/teacher/train/images_train/43815.jpg
43818,3,family_4b6c8f9e9b3f5de2,Ethnic,Earrings,data/raw/teacher/train/images_train/43818.jpg
43846,1,family_bccf25957ac8a254,Ethnic,Earrings,data/raw/teacher/train/images_train/43846.jpg
43856,3,family_79272de2eeac485d,Ethnic,Earrings,data/raw/teacher/train/images_train/43856.jpg
43872,3,family_3a91c8c323908475,Casual,Casual Shoes,data/raw/teacher/train/images_train/43872.jpg
44131,1,family_560ea672a79b9af5,Party,Perfume and Body Mist,data/raw/teacher/train/images_train/44131.jpg
44166,1,family_2e9a48551ebd90da,Casual,Fragrance Gift Set,data/raw/teacher/train/images_train/44166.jpg
44221,3,family_cf987ddfe8820c7c,Casual,Tshirts,data/raw/teacher/train/images_train/44221.jpg
44266,3,family_d41e102ad1b6e590,Formal,Wallets,data/raw/teacher/train/images_train/44266.jpg
44384,3,family_94efe9186cb71c9e,Casual,Deodorant,data/raw/teacher/train/images_train/44384.jpg
44428,1,family_ac2ada096e7b5b2b,Formal,Formal Shoes,data/raw/teacher/train/images_train/44428.jpg
44433,1,family_20b999f9a142bd91,Casual,Casual Shoes,data/raw/teacher/train/images_train/44433.jpg
44581,2,family_93fd9be716ef29d9,Casual,Jeans,data/raw/teacher/train/images_train/44581.jpg
44589,1,family_8f960ae5796ade55,Formal,Belts,data/raw/teacher/train/images_train/44589.jpg
44632,3,family_2ea9535c25b6f0bb,Sports,Track Pants,data/raw/teacher/train/images_train/44632.jpg
44664,3,family_fd1e3f20b0be82f7,Formal,Trousers,data/raw/teacher/train/images_train/44664.jpg
44668,1,family_30992bb875372c61,Casual,Shirts,data/raw/teacher/train/images_train/44668.jpg
44670,2,family_ac65f02939823eca,Smart Casual,Shirts,data/raw/teacher/train/images_train/44670.jpg
44799,3,family_265d5de2b862ece6,Casual,Tops,data/raw/teacher/train/images_train/44799.jpg
44841,1,family_d11e5709586798ed,Casual,Tshirts,data/raw/teacher/train/images_train/44841.jpg
44922,3,family_4e71a37fbb42630b,Casual,Shorts,data/raw/teacher/train/images_train/44922.jpg
44941,2,family_69842886034d8abb,Formal,Formal Shoes,data/raw/teacher/train/images_train/44941.jpg
44954,1,family_580c8e7ec9fab009,Casual,Deodorant,data/raw/teacher/train/images_train/44954.jpg
45114,3,family_5d88354e57faf086,Smart Casual,Watches,data/raw/teacher/train/images_train/45114.jpg
45122,1,family_d5ca8a4f07d5d72e,Smart Casual,Watches,data/raw/teacher/train/images_train/45122.jpg
45137,2,family_20fc475035f9e924,Smart Casual,Watches,data/raw/teacher/train/images_train/45137.jpg
45139,3,family_8b00fc0cc001f170,Smart Casual,Watches,data/raw/teacher/train/images_train/45139.jpg
45146,2,family_2a4bd7956a0a5e9a,Formal,Watches,data/raw/teacher/train/images_train/45146.jpg
45187,3,family_9826e35c2fd1dd0f,Casual,Watches,data/raw/teacher/train/images_train/45187.jpg
45190,1,family_cdfca8e9f50076cc,Casual,Watches,data/raw/teacher/train/images_train/45190.jpg
45192,1,family_c429a93454c5aead,Formal,Watches,data/raw/teacher/train/images_train/45192.jpg
45210,3,family_19a606fdd809e41d,Smart Casual,Watches,data/raw/teacher/train/images_train/45210.jpg
45240,3,family_0be1307fc191fd21,Smart Casual,Watches,data/raw/teacher/train/images_train/45240.jpg
45274,1,family_694db85e40f4ca09,Casual,Wallets,data/raw/teacher/train/images_train/45274.jpg
45294,3,family_e927ca3bd2e68179,Casual,Watches,data/raw/teacher/train/images_train/45294.jpg
45307,3,family_e093a824409e2808,Formal,Belts,data/raw/teacher/train/images_train/45307.jpg
45333,2,family_9b15b8c5814cfb6d,Casual,Heels,data/raw/teacher/train/images_train/45333.jpg
45340,2,family_af779e2d865dfa0f,Party,Heels,data/raw/teacher/train/images_train/45340.jpg
45351,1,family_00d23cbcc9f63092,Casual,Heels,data/raw/teacher/train/images_train/45351.jpg
45565,1,family_43fe21ab144079f5,Casual,Deodorant,data/raw/teacher/train/images_train/45565.jpg
45615,3,family_f0261287faca266a,Formal,Formal Shoes,data/raw/teacher/train/images_train/45615.jpg
45687,2,family_11dfff7d11be89c5,NA,Perfume and Body Mist,data/raw/teacher/train/images_train/45687.jpg
45796,3,family_104997646f339b23,Casual,Flats,data/raw/teacher/train/images_train/45796.jpg
45990,1,family_8191236a378c7c2c,Ethnic,Sarees,data/raw/teacher/train/images_train/45990.jpg
45992,2,family_823034ea7928387d,Ethnic,Sarees,data/raw/teacher/train/images_train/45992.jpg
45994,3,family_02d9199a9f4d31be,Ethnic,Sarees,data/raw/teacher/train/images_train/45994.jpg
46004,3,family_3fe1f8aa6815b093,Ethnic,Sarees,data/raw/teacher/train/images_train/46004.jpg
46012,2,family_d1a782044bb2322c,Ethnic,Sarees,data/raw/teacher/train/images_train/46012.jpg
46069,1,family_096d46600c14c10c,Formal,Belts,data/raw/teacher/train/images_train/46069.jpg
46090,2,family_c9c8cc039c74795d,Sports,Sports Shoes,data/raw/teacher/train/images_train/46090.jpg
46144,3,family_3161b70f742afc98,Casual,Necklace and Chains,data/raw/teacher/train/images_train/46144.jpg
46145,1,family_699ebbad5a9a17fd,Casual,Necklace and Chains,data/raw/teacher/train/images_train/46145.jpg
46153,3,family_cc6c89d34def5a29,Ethnic,Necklace and Chains,data/raw/teacher/train/images_train/46153.jpg
46205,2,family_26b2961c88fde4fa,Ethnic,Bangle,data/raw/teacher/train/images_train/46205.jpg
46207,2,family_87cbff40bc1e6947,Casual,Bangle,data/raw/teacher/train/images_train/46207.jpg
46249,2,family_0ecdfe9b1ae166de,Ethnic,Tunics,data/raw/teacher/train/images_train/46249.jpg
46253,2,family_d828e12e5b2546bd,Ethnic,Kurtas,data/raw/teacher/train/images_train/46253.jpg
46279,2,family_81cebeb14d7ffdbf,Casual,Tunics,data/raw/teacher/train/images_train/46279.jpg
46334,1,family_8566e1b225229473,Sports,Sports Shoes,data/raw/teacher/train/images_train/46334.jpg
46502,3,family_eb9eba07b34ceba3,Casual,Watches,data/raw/teacher/train/images_train/46502.jpg
46545,3,family_cb7dd06fb4d2c162,Casual,Watches,data/raw/teacher/train/images_train/46545.jpg
46650,2,family_aa46d9f458fe6f0b,Casual,Deodorant,data/raw/teacher/train/images_train/46650.jpg
46674,1,family_2f7c17967a43a4e2,Casual,Perfume and Body Mist,data/raw/teacher/train/images_train/46674.jpg
46754,3,family_820b6fa183c70199,Casual,Perfume and Body Mist,data/raw/teacher/train/images_train/46754.jpg
46755,3,family_77ec6841b64d0d0c,Casual,Perfume and Body Mist,data/raw/teacher/train/images_train/46755.jpg
46804,2,family_514008eb6d60e2b8,Sports,Sports Shoes,data/raw/teacher/train/images_train/46804.jpg
46807,3,family_acc144ee41828b45,Sports,Sports Shoes,data/raw/teacher/train/images_train/46807.jpg
46836,3,family_07ae83b18e56f4c8,Casual,Flip Flops,data/raw/teacher/train/images_train/46836.jpg
46943,3,family_55c3c562d053986a,Casual,Perfume and Body Mist,data/raw/teacher/train/images_train/46943.jpg
46995,2,family_21f1932337b52b9e,Ethnic,Kurtas,data/raw/teacher/train/images_train/46995.jpg
47008,2,family_3b706e082532f720,Ethnic,Kurtas,data/raw/teacher/train/images_train/47008.jpg
47010,1,family_91f18740b2fb1370,Ethnic,Kurtas,data/raw/teacher/train/images_train/47010.jpg
47015,3,family_26b9c09370fcee94,Ethnic,Kurtas,data/raw/teacher/train/images_train/47015.jpg
47018,3,family_4ac7da97cc5ca704,Ethnic,Kurtas,data/raw/teacher/train/images_train/47018.jpg
47019,1,family_41ca235e08ea6757,Ethnic,Kurtas,data/raw/teacher/train/images_train/47019.jpg
47023,2,family_8d0756f105dbdca5,Ethnic,Kurtas,data/raw/teacher/train/images_train/47023.jpg
47031,2,family_c3bc0e4028055f7c,Ethnic,Kurtas,data/raw/teacher/train/images_train/47031.jpg
47037,2,family_2ef5c200126aa3f6,Ethnic,Kurtas,data/raw/teacher/train/images_train/47037.jpg
47039,1,family_ddb31955de4e4771,Ethnic,Kurtas,data/raw/teacher/train/images_train/47039.jpg
47041,3,family_550a296a05d191b6,Ethnic,Salwar,data/raw/teacher/train/images_train/47041.jpg
47047,1,family_ed648ffee6292d85,Ethnic,Salwar,data/raw/teacher/train/images_train/47047.jpg
47053,2,family_7ddd0df0e9b03aaf,Ethnic,Salwar,data/raw/teacher/train/images_train/47053.jpg
47060,2,family_e1ccd54ff1e97e6a,Ethnic,Salwar,data/raw/teacher/train/images_train/47060.jpg
47067,3,family_a0e73857681d1c7c,Ethnic,Patiala,data/raw/teacher/train/images_train/47067.jpg
47068,3,family_1edfdd7b3bf5e99a,Ethnic,Patiala,data/raw/teacher/train/images_train/47068.jpg
47069,2,family_4eba0861b89da671,Ethnic,Patiala,data/raw/teacher/train/images_train/47069.jpg
47071,3,family_6a49d2b74f274aef,Ethnic,Patiala,data/raw/teacher/train/images_train/47071.jpg
47080,3,family_182580067634f7fd,Ethnic,Patiala,data/raw/teacher/train/images_train/47080.jpg
47153,2,family_aa45018bc5d1c7bc,Casual,Capris,data/raw/teacher/train/images_train/47153.jpg
47199,3,family_94361481db210112,Formal,Formal Shoes,data/raw/teacher/train/images_train/47199.jpg
47250,1,family_fb93e5eb5d71c8d5,Casual,Briefs,data/raw/teacher/train/images_train/47250.jpg
47422,2,family_dbfcbed49ca27d3a,Casual,Wallets,data/raw/teacher/train/images_train/47422.jpg
47431,2,family_7c04c7f9263c2e46,Casual,Backpacks,data/raw/teacher/train/images_train/47431.jpg
47517,1,family_685e8ba47b21c609,Casual,Briefs,data/raw/teacher/train/images_train/47517.jpg
47548,2,family_b4794787950ff5eb,Ethnic,Heels,data/raw/teacher/train/images_train/47548.jpg
47674,1,family_57780bffd8cf4859,Casual,Dresses,data/raw/teacher/train/images_train/47674.jpg
48114,2,family_437a44bc3459e67a,Casual,Belts,data/raw/teacher/train/images_train/48114.jpg
48237,3,family_6a37b476744179b2,Casual,Sunglasses,data/raw/teacher/train/images_train/48237.jpg
49071,1,family_a52aa2b4d85edbfd,NA,Nail Polish,data/raw/teacher/train/images_train/49071.jpg
49076,2,family_bb0a51779d8580af,NA,Eyeshadow,data/raw/teacher/train/images_train/49076.jpg
49113,3,family_590410ace0d2479b,Casual,Foundation and Primer,data/raw/teacher/train/images_train/49113.jpg
49138,2,family_bfcd5d6e155dfd1b,Casual,Foundation and Primer,data/raw/teacher/train/images_train/49138.jpg
49145,3,family_982b6e303d38eded,Casual,Nail Polish,data/raw/teacher/train/images_train/49145.jpg
49146,1,family_5796baf6fae54a98,NA,Nail Polish,data/raw/teacher/train/images_train/49146.jpg
49148,3,family_3720d12bf37c38dc,NA,Lip Liner,data/raw/teacher/train/images_train/49148.jpg
49152,2,family_24826c5b7156bbb2,NA,Lip Liner,data/raw/teacher/train/images_train/49152.jpg
49153,3,family_38f8625d6a77d0f6,NA,Highlighter and Blush,data/raw/teacher/train/images_train/49153.jpg
49164,2,family_a2128886f31a73df,NA,Kajal and Eyeliner,data/raw/teacher/train/images_train/49164.jpg
49553,1,family_5c64abad9863289c,Casual,Handbags,data/raw/teacher/train/images_train/49553.jpg
49569,2,family_155e0a2ec01b2253,Formal,Belts,data/raw/teacher/train/images_train/49569.jpg
49589,1,family_1743769034e49326,Ethnic,Heels,data/raw/teacher/train/images_train/49589.jpg
49684,2,family_82a330401fcb0b46,Formal,Ties,data/raw/teacher/train/images_train/49684.jpg
49696,1,family_a1cd5ba6be0aa32c,Formal,Ties,data/raw/teacher/train/images_train/49696.jpg
49700,1,family_1cce0b35984fd1af,Ethnic,Ties,data/raw/teacher/train/images_train/49700.jpg
49717,3,family_15d73bb4b445e490,Formal,Ties,data/raw/teacher/train/images_train/49717.jpg
49718,3,family_bf8550069ea97768,Formal,Ties,data/raw/teacher/train/images_train/49718.jpg
49727,1,family_1cce0b35984fd1af,Formal,Ties,data/raw/teacher/train/images_train/49727.jpg
49742,2,family_ea55711d0876b350,Formal,Ties,data/raw/teacher/train/images_train/49742.jpg
49753,2,family_d7a8958e18fe4db2,Formal,Ties,data/raw/teacher/train/images_train/49753.jpg
49869,2,family_436a172d3af396cf,Casual,Watches,data/raw/teacher/train/images_train/49869.jpg
49900,3,family_3cfb982e045d7bc0,Casual,Watches,data/raw/teacher/train/images_train/49900.jpg
49916,1,family_09324e19e60038ea,Ethnic,Sarees,data/raw/teacher/train/images_train/49916.jpg
49918,1,family_d6b487251742fd08,Ethnic,Sarees,data/raw/teacher/train/images_train/49918.jpg
49920,1,family_5e5a173330561f30,Ethnic,Sarees,data/raw/teacher/train/images_train/49920.jpg
49925,3,family_a02de874fb7457af,Ethnic,Sarees,data/raw/teacher/train/images_train/49925.jpg
49926,3,family_754a15820c27fe89,Ethnic,Sarees,data/raw/teacher/train/images_train/49926.jpg
49929,2,family_112e696619b30951,Ethnic,Sarees,data/raw/teacher/train/images_train/49929.jpg
50004,1,family_4b4b5c4f8809b2d8,Sports,Bra,data/raw/teacher/train/images_train/50004.jpg
50013,3,family_06da3bdf2c1cf973,Sports,Bra,data/raw/teacher/train/images_train/50013.jpg
50282,1,family_3833170c370689e3,Formal,Ties,data/raw/teacher/train/images_train/50282.jpg
50283,2,family_8ae09171d764a82f,Formal,Ties,data/raw/teacher/train/images_train/50283.jpg
50327,3,family_d900b33e0e99c5c6,Ethnic,Kurtas,data/raw/teacher/train/images_train/50327.jpg
50331,1,family_2c3437ec8e4c37f1,Ethnic,Kurtas,data/raw/teacher/train/images_train/50331.jpg
50341,1,family_727ef0de2b481631,Ethnic,Kurtas,data/raw/teacher/train/images_train/50341.jpg
50346,2,family_3c5230d774a00ab3,Ethnic,Kurtas,data/raw/teacher/train/images_train/50346.jpg
50383,1,family_31abe7977f55546c,Ethnic,Salwar and Dupatta,data/raw/teacher/train/images_train/50383.jpg
50385,2,family_e837d21ac9830bd3,Ethnic,Salwar and Dupatta,data/raw/teacher/train/images_train/50385.jpg
50386,3,family_4a57292149df039d,Ethnic,Salwar and Dupatta,data/raw/teacher/train/images_train/50386.jpg
50473,1,family_d5392e9b2bec5d2f,Casual,Briefs,data/raw/teacher/train/images_train/50473.jpg
50579,3,family_162adf4ce3f26d6f,Casual,Briefs,data/raw/teacher/train/images_train/50579.jpg
50649,2,family_df2919e45869657b,Casual,Lounge Pants,data/raw/teacher/train/images_train/50649.jpg
50662,1,family_c641295e5b62b9f4,Sports,Lounge Pants,data/raw/teacher/train/images_train/50662.jpg
50667,1,family_0287a41136a0712f,Sports,Lounge Pants,data/raw/teacher/train/images_train/50667.jpg
50777,1,family_10ca30205e1db8db,Formal,Formal Shoes,data/raw/teacher/train/images_train/50777.jpg
50829,1,family_d047097720c720a7,Formal,Belts,data/raw/teacher/train/images_train/50829.jpg
50835,3,family_86d9583b516ce1c8,Formal,Belts,data/raw/teacher/train/images_train/50835.jpg
50843,2,family_fa9f85a00e3392d9,Ethnic,Dupatta,data/raw/teacher/train/images_train/50843.jpg
50844,2,family_668add9940d905ce,Ethnic,Dupatta,data/raw/teacher/train/images_train/50844.jpg
50851,2,family_a97763569b273cf2,Ethnic,Sarees,data/raw/teacher/train/images_train/50851.jpg
50856,3,family_07af5b3a99cee745,Ethnic,Sarees,data/raw/teacher/train/images_train/50856.jpg
50859,3,family_f9e256279fab8d26,Ethnic,Sarees,data/raw/teacher/train/images_train/50859.jpg
50864,1,family_471731be648d653c,Ethnic,Sarees,data/raw/teacher/train/images_train/50864.jpg
50871,3,family_93c350b86a981d9e,Ethnic,Sarees,data/raw/teacher/train/images_train/50871.jpg
50873,1,family_3cac80be40adc300,Ethnic,Sarees,data/raw/teacher/train/images_train/50873.jpg
50890,1,family_1db4c9ff1f10df90,Ethnic,Sarees,data/raw/teacher/train/images_train/50890.jpg
50892,3,family_d35887181cc8e4e9,Ethnic,Sarees,data/raw/teacher/train/images_train/50892.jpg
50899,2,family_70f44a95a8c47606,Ethnic,Sarees,data/raw/teacher/train/images_train/50899.jpg
50900,3,family_6a0420a3e38cf0d6,Ethnic,Sarees,data/raw/teacher/train/images_train/50900.jpg
50901,1,family_4cab85efe9108cc4,Ethnic,Sarees,data/raw/teacher/train/images_train/50901.jpg
50903,3,family_a4131b027e0c4609,Ethnic,Sarees,data/raw/teacher/train/images_train/50903.jpg
50908,2,family_b94d70a6ddee9105,Ethnic,Sarees,data/raw/teacher/train/images_train/50908.jpg
50911,3,family_16edb479c19a61d4,Ethnic,Sarees,data/raw/teacher/train/images_train/50911.jpg
51044,2,family_7773ec00f7c66929,NA,Baby Dolls,data/raw/teacher/train/images_train/51044.jpg
51045,1,family_f60328d4c3982e75,NA,Baby Dolls,data/raw/teacher/train/images_train/51045.jpg
51061,2,family_4e120bc719a8ee5f,NA,Nightdress,data/raw/teacher/train/images_train/51061.jpg
51078,3,family_523698119eed5557,Ethnic,Free Gifts,data/raw/teacher/train/images_train/51078.jpg
51092,3,family_5a3689c22259973b,Ethnic,Free Gifts,data/raw/teacher/train/images_train/51092.jpg
51115,1,family_3a591f9c132bc5cc,Ethnic,Free Gifts,data/raw/teacher/train/images_train/51115.jpg
51253,2,family_c876bf4716844d88,Formal,Belts,data/raw/teacher/train/images_train/51253.jpg
51257,2,family_af8742ec5ceea057,Formal,Belts,data/raw/teacher/train/images_train/51257.jpg
51262,1,family_ff3e3dcd5449e302,Formal,Belts,data/raw/teacher/train/images_train/51262.jpg
51263,1,family_eb35acfd346379e2,Formal,Belts,data/raw/teacher/train/images_train/51263.jpg
51372,2,family_2ff0a29a1ba61052,Casual,Tshirts,data/raw/teacher/train/images_train/51372.jpg
51400,1,family_fa0f0251213d2440,Formal,Shirts,data/raw/teacher/train/images_train/51400.jpg
51402,2,family_6237c32d30631c3e,Casual,Shirts,data/raw/teacher/train/images_train/51402.jpg
51410,2,family_b262d5779e3069bc,Formal,Shirts,data/raw/teacher/train/images_train/51410.jpg
51424,3,family_697b27c1df0f398e,Formal,Shirts,data/raw/teacher/train/images_train/51424.jpg
51478,3,family_59629672cfe5d701,Casual,Tshirts,data/raw/teacher/train/images_train/51478.jpg
51528,1,family_97e5c7a66436ad50,Casual,Watches,data/raw/teacher/train/images_train/51528.jpg
51689,2,family_e42e7f8b3b457e38,Casual,Sunglasses,data/raw/teacher/train/images_train/51689.jpg
51719,1,family_b3ddb20c40f6c2fc,Casual,Sunglasses,data/raw/teacher/train/images_train/51719.jpg
51769,3,family_f280778c6337fd29,Formal,Belts,data/raw/teacher/train/images_train/51769.jpg
51906,3,family_5d9b2aa0eb6fe59c,Casual,Handbags,data/raw/teacher/train/images_train/51906.jpg
51926,3,family_a71c50cd045b5926,Casual,Handbags,data/raw/teacher/train/images_train/51926.jpg
51948,2,family_1207cea6aa7f726f,Casual,Laptop Bag,data/raw/teacher/train/images_train/51948.jpg
