id,path,width,height,aspect_ratio,mode,format,file_size_bytes,sha256
52003,data/raw/teacher/test/images_test/52003.jpg,60.0,80.0,0.75,RGB,JPEG,3226,1db9db8531ac96f30563eb50768a1ff895c3c0137ea3704fc4c2ecdac0ba0d5c
52007,data/raw/teacher/test/images_test/52007.jpg,60.0,80.0,0.75,RGB,JPEG,14625,34a65eb1a937f9ca424e702c73fec7300b272e00aa61121a77061c62a308f75d
52017,data/raw/teacher/test/images_test/52017.jpg,60.0,80.0,0.75,RGB,JPEG,4124,426b2a6fb15bd4adbbf8d4f173b153667044ea5cb845546837434d5c0c4ec467
52021,data/raw/teacher/test/images_test/52021.jpg,60.0,80.0,0.75,RGB,JPEG,3927,9f1758a63f4d1737116706280a9dd9e77754b2722e4c2a1f874438cd69063ee1
52023,data/raw/teacher/test/images_test/52023.jpg,60.0,80.0,0.75,RGB,JPEG,17196,188a3a51cfaa6d109615f30904969529a7f58e545bafb8d6ba7ecb3b2ace95ca
52026,data/raw/teacher/test/images_test/52026.jpg,60.0,80.0,0.75,RGB,JPEG,23414,a8026b854019c7b2127dd738ff9763f3eb15ce159291068074c071f146ca2df4
52027,data/raw/teacher/test/images_test/52027.jpg,60.0,80.0,0.75,RGB,JPEG,23044,909b9671cd0a8b1fccb56799e7b09500e49d4b450f5b360fc715d61eb2cdad75
52028,data/raw/teacher/test/images_test/52028.jpg,60.0,80.0,0.75,RGB,JPEG,23878,c362c23957dd20dbb8ced618ff5386acfab65a4073ff2b097f3807b328fd60a2
52029,data/raw/teacher/test/images_test/52029.jpg,60.0,80.0,0.75,RGB,JPEG,23869,7a89e0cc96e99ddea5d2cd39ff8933b56d926e8c312d7d83879a4a69707ecb9f
52030,data/raw/teacher/test/images_test/52030.jpg,60.0,80.0,0.75,RGB,JPEG,23148,1793ab3cf084cb4a6f702519ba5974388df7ae2d4e38fafc422a6064726d799e
52031,data/raw/teacher/test/images_test/52031.jpg,60.0,80.0,0.75,RGB,JPEG,22544,60e847a4686df4c9a72ef470e1b5d6c2e1e2ab6cbcc630099c3adb6c66865c8d
52032,data/raw/teacher/test/images_test/52032.jpg,60.0,80.0,0.75,RGB,JPEG,18371,56c5c017052d6119cdff53ddf0989493dc940d0117deba28008eea73430f36ff
52034,data/raw/teacher/test/images_test/52034.jpg,60.0,80.0,0.75,RGB,JPEG,15868,75b6769454796dc55a043db5316434c56a70a36597fa434fb50fcfe28e98a8c0
52042,data/raw/teacher/test/images_test/52042.jpg,60.0,80.0,0.75,RGB,JPEG,17290,d591676e50453036add97b21b4179e20955e71a1d34a41f4c59ae9cdf349d718
52043,data/raw/teacher/test/images_test/52043.jpg,60.0,80.0,0.75,RGB,JPEG,17410,6a02906bb06ca683487578346802fdb80b926b388aca929c51db4447bc7f5cad
52044,data/raw/teacher/test/images_test/52044.jpg,60.0,80.0,0.75,RGB,JPEG,17652,28419ae53b55d6536e488e9f6425a1ac4016141e6afabf68b9f41136e9153b92
52045,data/raw/teacher/test/images_test/52045.jpg,60.0,80.0,0.75,RGB,JPEG,16277,9d0005420abf08bbb4ac9d8d0d55f93a58a478472d26e84c463c7c1512c117d8
52049,data/raw/teacher/test/images_test/52049.jpg,60.0,80.0,0.75,RGB,JPEG,15142,81dbdbecae627ed909b12a9330dcb8a6c70986ad39d326dd2c163c32cab8480f
52050,data/raw/teacher/test/images_test/52050.jpg,60.0,80.0,0.75,RGB,JPEG,16221,5b46a7f33145f7b482bd35335866e8fdd0f2d477a4673c412e81a8a3ef922cd0
52051,data/raw/teacher/test/images_test/52051.jpg,60.0,80.0,0.75,RGB,JPEG,22767,721c418279fb86d3fd79e23c6abae557cbcdcc48acf96a31da41e9404c3106cf
52052,data/raw/teacher/test/images_test/52052.jpg,60.0,80.0,0.75,RGB,JPEG,15850,79fb2080a41ba89d9b5d1866407dc645efe9cfd23ceed17614c87f9a6bd1d310
52053,data/raw/teacher/test/images_test/52053.jpg,60.0,80.0,0.75,RGB,JPEG,22163,a03ad8f40e522c605508b5e559a7f1033891c551d5a86936ebcf99c5525b95d3
52054,data/raw/teacher/test/images_test/52054.jpg,60.0,80.0,0.75,RGB,JPEG,3767,eb9b90ca8384b45739f479efcc43f57610ec0e65ca51929986f6268410f173f3
52055,data/raw/teacher/test/images_test/52055.jpg,60.0,80.0,0.75,RGB,JPEG,15166,878405c7425ca5cffb0ab92a19a14de2fbe3494028df81c124324de0f0fddb1b
52056,data/raw/teacher/test/images_test/52056.jpg,60.0,80.0,0.75,RGB,JPEG,15971,5b5339781ccb1b0a53e8a736e1bd92e887a05fb0ca5793cb5420977710c52d47
52057,data/raw/teacher/test/images_test/52057.jpg,60.0,80.0,0.75,RGB,JPEG,15902,792107e44abc58ebf138552bf1f5e17c805f0ae59bab025777160eaa3e344af4
52058,data/raw/teacher/test/images_test/52058.jpg,60.0,80.0,0.75,RGB,JPEG,16475,410cc5389437bbb8e80bf8f49cca52c904b88c6ea4a51e0c326b422448c6cde4
52059,data/raw/teacher/test/images_test/52059.jpg,60.0,80.0,0.75,RGB,JPEG,16725,bcc937f65faca2a5a0be51bfe877467c6d0ba098c76f98686ef5d12085fb6f3a
52060,data/raw/teacher/test/images_test/52060.jpg,60.0,80.0,0.75,RGB,JPEG,16142,113aea31dd5f62752b9485cc1f71eb3ad9d0a95b603f02ea824337b8829ee1a8
52061,data/raw/teacher/test/images_test/52061.jpg,60.0,80.0,0.75,RGB,JPEG,17504,ba4624ea06ba3aa71ed22cce5a1d7a313b3b4ca13a66a1e1de284b979d375926
52062,data/raw/teacher/test/images_test/52062.jpg,60.0,80.0,0.75,RGB,JPEG,24582,1a696abb11b41c8a48c88d24fa42a9416f338d2636fe906664855ee0870971b5
52063,data/raw/teacher/test/images_test/52063.jpg,60.0,80.0,0.75,RGB,JPEG,17177,f3d89ef6b8e1fe5e04d3e8dec321879a8a191d106497c50fc883258d6a881b36
52064,data/raw/teacher/test/images_test/52064.jpg,60.0,80.0,0.75,RGB,JPEG,16645,c387a45398ce855b24054686dd6e311136d8d5123a3f8bf73a3f731fc0c873f7
52065,data/raw/teacher/test/images_test/52065.jpg,60.0,80.0,0.75,RGB,JPEG,16742,0aef3ee4688c531f602747b0e88151973bbb6062d484984625887c1bcd17ed33
52066,data/raw/teacher/test/images_test/52066.jpg,60.0,80.0,0.75,RGB,JPEG,17730,5a7062d8e20314fbb08ed87facee590f6ec910d94c5bc2abeb3a8be27f4b2fb1
52067,data/raw/teacher/test/images_test/52067.jpg,60.0,80.0,0.75,RGB,JPEG,3748,b1e11c6b4394ff4279c2d4533b4f4fbb2908bfe6284cd0d31b73b2676a67d00a
52068,data/raw/teacher/test/images_test/52068.jpg,60.0,80.0,0.75,RGB,JPEG,16230,1f7b578ca94f8fe77af49cfaf1140ab91faf48fd7cfa60300b82cd8cbb3ee3c9
52069,data/raw/teacher/test/images_test/52069.jpg,60.0,80.0,0.75,RGB,JPEG,16920,7d229a2fc050c3e905a6a461f68af70558fb39f5eee249529246d9284f4a1a17
52070,data/raw/teacher/test/images_test/52070.jpg,60.0,80.0,0.75,RGB,JPEG,4525,42a2e8ba9fbfb35e7f3fd1b5d4a8842f3a6d71d54facaee3359150773f041320
52071,data/raw/teacher/test/images_test/52071.jpg,60.0,80.0,0.75,RGB,JPEG,16741,180b2e4266ab88dda73cad59f44bcddeae2c11cd2f3fa4703a53ab00257efa55
52072,data/raw/teacher/test/images_test/52072.jpg,60.0,80.0,0.75,RGB,JPEG,16950,aaa260af2efdf8f98ab8bd7e062524a1624f926bab00fe3834084bce961532ba
52073,data/raw/teacher/test/images_test/52073.jpg,60.0,80.0,0.75,RGB,JPEG,3829,2a5842e3714200cffcb636d83f90f03e1caacd9119760cc7cd76bde6eec63e09
52074,data/raw/teacher/test/images_test/52074.jpg,60.0,80.0,0.75,RGB,JPEG,22575,2279a0eb41cd439265a13670e22a5024ad4833cd1ecaf51bd31f070a51da25b9
52075,data/raw/teacher/test/images_test/52075.jpg,60.0,80.0,0.75,RGB,JPEG,24668,58b6fe070937d5756d3df1ddf62d48a715322af09ca49113abb12aff61b67cf4
52076,data/raw/teacher/test/images_test/52076.jpg,60.0,80.0,0.75,RGB,JPEG,3560,f04c50acba42ea6c195480f26888fb2e8622a3d83a5041134a75c28822e6d748
52077,data/raw/teacher/test/images_test/52077.jpg,60.0,80.0,0.75,RGB,JPEG,23796,4a2756a1372ce2870dedd203d9ca16c849791446c07d832dab8b52cb5a5d8d32
52078,data/raw/teacher/test/images_test/52078.jpg,60.0,80.0,0.75,RGB,JPEG,4148,5cae43d71e311040703844e86f9394e1bc55d42b9953776f09b28428200894aa
52079,data/raw/teacher/test/images_test/52079.jpg,60.0,80.0,0.75,RGB,JPEG,24495,abed5e61b3760eec94e5e2029a70171fccdc1f38d1cff72b956f97726c0e4a07
52080,data/raw/teacher/test/images_test/52080.jpg,60.0,80.0,0.75,RGB,JPEG,24894,1e83cb35db05f65d2af54c04d423b805f3bd28c5764630dce07b6c3a5d91a258
52081,data/raw/teacher/test/images_test/52081.jpg,60.0,80.0,0.75,RGB,JPEG,17600,f0dcf764335550846d82bdea7557d3ef3c199933f12a9a85cc13fb54785aca56
52082,data/raw/teacher/test/images_test/52082.jpg,60.0,80.0,0.75,RGB,JPEG,18406,e210f0db9d4005aa7f7ca8dfed0c1b03c0b498f3eb2167abc1f371c8d9256eef
52083,data/raw/teacher/test/images_test/52083.jpg,60.0,80.0,0.75,RGB,JPEG,4407,aee6eb6e7e2e1bf2b895742a62cc421cd90c75cfe584ee6fc90acc70f32d2fb1
52084,data/raw/teacher/test/images_test/52084.jpg,60.0,80.0,0.75,RGB,JPEG,15710,7ac4f6c1f8623f5ff1452dab82c5435587f987c0caf818569706a23d0fea342f
52085,data/raw/teacher/test/images_test/52085.jpg,60.0,80.0,0.75,RGB,JPEG,6352,e565f092c6f400144033579d49e299e2ba540c7231513dd56802314211655121
52086,data/raw/teacher/test/images_test/52086.jpg,60.0,80.0,0.75,RGB,JPEG,23775,a891be552b5a7d2dce3a8a85136eaf82846b0acfe3e5855a7482c265a1cebd1e
52087,data/raw/teacher/test/images_test/52087.jpg,60.0,80.0,0.75,RGB,JPEG,22060,60da092045909965e4a0617cb4ad54a4fbf997c80d3cdb305d4b74c8bc4c1a96
52088,data/raw/teacher/test/images_test/52088.jpg,60.0,80.0,0.75,RGB,JPEG,3704,82fc3cf89ec7795517678f42245d17ff81019c3ac84b4f4e30ee49d92889e053
52089,data/raw/teacher/test/images_test/52089.jpg,60.0,80.0,0.75,RGB,JPEG,5656,17766e68d1de34f32563a7f0b1c4ea02d1ba46fe5394788b5d2467c5230653f0
52090,data/raw/teacher/test/images_test/52090.jpg,60.0,80.0,0.75,RGB,JPEG,4054,34528fde3681da7698068ba288a05778bb73b2606a8e194a373cf3d14fc982ba
52091,data/raw/teacher/test/images_test/52091.jpg,60.0,80.0,0.75,RGB,JPEG,4584,617d3eda4fc4962b853d23cd31b6d09c6814c3cc6a6e1c6ce2179562c66b919a
52092,data/raw/teacher/test/images_test/52092.jpg,60.0,80.0,0.75,RGB,JPEG,4171,ec6d3e9005bfc4d9928d287ccde433fcfbe8d0290495429bf0e0d96f55105708
52093,data/raw/teacher/test/images_test/52093.jpg,60.0,80.0,0.75,RGB,JPEG,22610,c6c3c6005f93c42929c4dc4dd341c7fc474439976e5287330b9305d3299e9f01
52094,data/raw/teacher/test/images_test/52094.jpg,60.0,80.0,0.75,RGB,JPEG,22772,b433b56f2ce6bb1a64ecca599cb00e783197ecf089323ad4dd18e03fef85f91b
52095,data/raw/teacher/test/images_test/52095.jpg,60.0,80.0,0.75,RGB,JPEG,15078,458391367a94bc1447d6dfa1a8105b78bfb679738ebb1295544cb64a269f76c0
52096,data/raw/teacher/test/images_test/52096.jpg,60.0,80.0,0.75,RGB,JPEG,24116,004f1533c2050769f7de5cf7dd763c6e6d5db8b49e19acee933008146d74accf
52097,data/raw/teacher/test/images_test/52097.jpg,60.0,80.0,0.75,RGB,JPEG,23099,035312138512360c91656c32a599e64897a280fe7be3f17d8ef013069afed3f6
52098,data/raw/teacher/test/images_test/52098.jpg,60.0,80.0,0.75,RGB,JPEG,22531,8f299dbfec781c454a5ace5a1e8882ea9540a656100456a4b7b34393214f3a8f
52099,data/raw/teacher/test/images_test/52099.jpg,60.0,80.0,0.75,RGB,JPEG,26894,102316c7f4ce5d3beca58096518bececdeab2aa1cc3ef58dcb4c0712e8be914d
52100,data/raw/teacher/test/images_test/52100.jpg,60.0,80.0,0.75,RGB,JPEG,3765,ce8a3098b2c3769f88659591b7cd54b08ff81142d935a8c412df73379e145b70
52101,data/raw/teacher/test/images_test/52101.jpg,60.0,80.0,0.75,RGB,JPEG,3871,c29712116783b5fe33a0b536edc6d6f5538b6b37c2e2553dc194e057a8120fac
52102,data/raw/teacher/test/images_test/52102.jpg,60.0,80.0,0.75,RGB,JPEG,3539,4ffcd317303f783f5907a3858eb95d5a53726040a468d6dfc612fdd7bed383da
52103,data/raw/teacher/test/images_test/52103.jpg,60.0,80.0,0.75,RGB,JPEG,21366,eec041a1b3f7454870d02db8a518e94f464e33be98a11485bb2aeb0ec026f791
52104,data/raw/teacher/test/images_test/52104.jpg,60.0,80.0,0.75,RGB,JPEG,27106,74d5f69c69e5552d037e7308a7d26f801a13ad4678bb0f9457d1b6f9adf26927
52105,data/raw/teacher/test/images_test/52105.jpg,60.0,80.0,0.75,RGB,JPEG,3886,8cfee92c9069c5475587dfcdadb9519d9948b1607d87617bba0351ce10ccff10
52106,data/raw/teacher/test/images_test/52106.jpg,60.0,80.0,0.75,RGB,JPEG,2890,a49847c330f42b4660a8ae97146f79e10bc4b0f48f89d7320cc12c2bd93d64b3
52107,data/raw/teacher/test/images_test/52107.jpg,60.0,80.0,0.75,RGB,JPEG,24920,d6dfbedc8419e0d9cb99e2bef0836ba36bd5380d8deab4498fff3cfc0a30e0f3
52108,data/raw/teacher/test/images_test/52108.jpg,60.0,80.0,0.75,RGB,JPEG,17888,0f1e41d89911084aaec97fb5c1e6c3b4567ea7e1e912590bd7f3940237c345ca
52109,data/raw/teacher/test/images_test/52109.jpg,60.0,80.0,0.75,RGB,JPEG,16584,afcebd501021a78755a3921b0bacc8a4c2937e807ff407c8c952614785d4b880
52110,data/raw/teacher/test/images_test/52110.jpg,60.0,80.0,0.75,RGB,JPEG,4106,cbb96583dff681053dda7d886bf50d6cafb7d1c3a7222d5f4adde097259987e0
52111,data/raw/teacher/test/images_test/52111.jpg,60.0,80.0,0.75,RGB,JPEG,27042,6f20f1499762ef6dd64ede3cce893b7e87f9b20916efea0f26320bb758149497
52112,data/raw/teacher/test/images_test/52112.jpg,60.0,80.0,0.75,RGB,JPEG,24511,8ff7e1963c2c7a448d87990f1a92db5dc2dcb5485d85e51198d2f57b5c12d263
52113,data/raw/teacher/test/images_test/52113.jpg,60.0,80.0,0.75,RGB,JPEG,18527,6ee6850eece2d7e573ee7f165807ca958c00da301245ac211e4824efabcb3909
52114,data/raw/teacher/test/images_test/52114.jpg,60.0,80.0,0.75,RGB,JPEG,24638,5342775161f4409ab1a38b53b0e755e49af860b0596de7d581cdcdfe731dade6
52115,data/raw/teacher/test/images_test/52115.jpg,60.0,80.0,0.75,RGB,JPEG,4603,593bdc46ab3856abd4ea6c1b7152d4a2a49cba01b492bc062bc48233a6c02930
52116,data/raw/teacher/test/images_test/52116.jpg,60.0,80.0,0.75,RGB,JPEG,4397,7105997725e7e0d1f91802fb72e0d9ea08d625f1271cc79d29bdc2b228704b40
52117,data/raw/teacher/test/images_test/52117.jpg,60.0,80.0,0.75,RGB,JPEG,3594,996a88301d43e950f0c647766d85bf1cd0bd01e33678302693dc4a671d1adf60
52118,data/raw/teacher/test/images_test/52118.jpg,60.0,80.0,0.75,RGB,JPEG,26028,eb51969b267aad3446625e2e7721ac3c95c06e6794caaad29190290b9473ad42
52119,data/raw/teacher/test/images_test/52119.jpg,60.0,80.0,0.75,RGB,JPEG,3803,de1665aa281473f40f11f22e34e610980aa08d95414556610456894bba6857a2
52120,data/raw/teacher/test/images_test/52120.jpg,60.0,80.0,0.75,RGB,JPEG,18822,8847a0e3859218bc4f5b9fac4a4856c99ae53374184ab313bd62025efbe92338
52121,data/raw/teacher/test/images_test/52121.jpg,60.0,80.0,0.75,RGB,JPEG,3373,f34206c9b0d2667c5b12ec44599f9799a3f9cafc0fe948bc782f295a773cf30d
52122,data/raw/teacher/test/images_test/52122.jpg,60.0,80.0,0.75,RGB,JPEG,12842,ea745935c5593ce36f11221a8026ff9ce867aa683578e95eb5dda4412a1c5a37
52123,data/raw/teacher/test/images_test/52123.jpg,60.0,80.0,0.75,RGB,JPEG,20615,00e05f4a91ac3afc798c7232a0ca991ab357bd518ad8ed72a488768d063e86e9
52124,data/raw/teacher/test/images_test/52124.jpg,60.0,80.0,0.75,RGB,JPEG,20840,b0a2399d6d2415a348eeabe3c9f4ca814c31d34cb7a1c9d2886e8eb747110e44
52125,data/raw/teacher/test/images_test/52125.jpg,60.0,80.0,0.75,RGB,JPEG,3980,5e545c4057364cda11f5ac9f8998d94a7c2710c7163ecf3d7319f9629a91491f
52126,data/raw/teacher/test/images_test/52126.jpg,60.0,80.0,0.75,RGB,JPEG,20135,d37a9432c4cf864513b56fa54f4bec96b8b34e9589f87428d4d2f66a878f916e
52127,data/raw/teacher/test/images_test/52127.jpg,60.0,80.0,0.75,RGB,JPEG,4349,0ea7a42b45bf2afad400d5cb9c17f70648694fb635e05ce07af05e1bb9580476
52128,data/raw/teacher/test/images_test/52128.jpg,60.0,80.0,0.75,RGB,JPEG,19245,c89c7c49a5004da01d37fc1386b0d0d91d836105ad988821da4a94e3a5a4be68
52129,data/raw/teacher/test/images_test/52129.jpg,60.0,80.0,0.75,RGB,JPEG,19435,03e03c9614c74867ec1cd4bd7cea184e4f7414eddaf7bff7022f719422b75ab0
52130,data/raw/teacher/test/images_test/52130.jpg,60.0,80.0,0.75,RGB,JPEG,22309,f07c639b9fae870d753bfb313f9f497e6b546759ed5d1f14a211b13ce93bbe01
52131,data/raw/teacher/test/images_test/52131.jpg,60.0,80.0,0.75,RGB,JPEG,1063,97871cc0eba61ee9b9d0d82aa2f3a9249b3ef63603bb0f280af59ad0b194629b
52132,data/raw/teacher/test/images_test/52132.jpg,60.0,80.0,0.75,RGB,JPEG,20255,a75b916c9af412b3782a9e3f0da9fc14654da2ee7ca7e9946bde58f64511fada
52133,data/raw/teacher/test/images_test/52133.jpg,60.0,80.0,0.75,RGB,JPEG,22122,d4f8a4429a7e0e6be76ca1e057bce137721ac4b546f175701509879ad214b035
52134,data/raw/teacher/test/images_test/52134.jpg,60.0,80.0,0.75,RGB,JPEG,2604,0a596bd3b6585039b934655c8bda0034b127c509f3989ce38f7edbdac83b4ccd
52135,data/raw/teacher/test/images_test/52135.jpg,60.0,80.0,0.75,RGB,JPEG,22377,ea1729bb9399a87d0526328a7761e6fd167d65145f6acbe396ec0fb314ab48c9
52136,data/raw/teacher/test/images_test/52136.jpg,60.0,80.0,0.75,RGB,JPEG,24182,1fd54cdb2576ea4ad258a4651e495cd681e0325dae7b9e2dfef3270c006ae215
52137,data/raw/teacher/test/images_test/52137.jpg,60.0,80.0,0.75,RGB,JPEG,23940,530433696fa955054923956120de69aeb1184f1af7eb1801b007e3ec36463846
52138,data/raw/teacher/test/images_test/52138.jpg,60.0,80.0,0.75,RGB,JPEG,22912,2367118a3fac4857915a2b3cbe5a155cb9fbd3e495474b978239e496a492f93a
52139,data/raw/teacher/test/images_test/52139.jpg,60.0,80.0,0.75,RGB,JPEG,23472,41ead6dd8af109f16fd35e1e604145d7f1328d69716a2a14a79ddeaa184ab4e6
52140,data/raw/teacher/test/images_test/52140.jpg,60.0,80.0,0.75,RGB,JPEG,4343,50a9ab290d41a8789e1addf87fe04d584427883e0c0caef30c75c117e45e8926
52141,data/raw/teacher/test/images_test/52141.jpg,60.0,80.0,0.75,RGB,JPEG,23321,5cbe8db193a2596591550e7c1b571e73b29333b082ff8f055df10b7c7cbb169c
52142,data/raw/teacher/test/images_test/52142.jpg,60.0,80.0,0.75,RGB,JPEG,4428,c743dc412b3e9ee3acad5079652587810a805d9b442fbe44cb73108cb75ca9fd
52143,data/raw/teacher/test/images_test/52143.jpg,60.0,80.0,0.75,RGB,JPEG,4357,0f869c3b4ac50b4d1ba358f11f62e8d71fe3400a35f3ff0dcc1ea4b0aa82dc14
52144,data/raw/teacher/test/images_test/52144.jpg,60.0,80.0,0.75,RGB,JPEG,4294,507c3f26f404f273c079f3c99916851996b79188608c1b2274e0c22d400000a5
52145,data/raw/teacher/test/images_test/52145.jpg,60.0,80.0,0.75,RGB,JPEG,3968,015775638c2bad704531c304e5e54bfec599a51f461edbe2eb8a1f4eb12ebd0b
52146,data/raw/teacher/test/images_test/52146.jpg,60.0,80.0,0.75,RGB,JPEG,5580,1aa7c2d732cc0fc0d46c8a51c8778b1eae914f4fe3ae43e9a9d467d38ac4d676
52147,data/raw/teacher/test/images_test/52147.jpg,60.0,80.0,0.75,RGB,JPEG,22030,a7e8e62f77fbfc96c38957fabbe1a210b6e142aab432902e3039ae216af5f539
52148,data/raw/teacher/test/images_test/52148.jpg,60.0,80.0,0.75,RGB,JPEG,4817,8497b062b37566f8c0a9551649447b3fd5ecd5b65ce365d0c27e97c9b112b2f9
52149,data/raw/teacher/test/images_test/52149.jpg,60.0,80.0,0.75,RGB,JPEG,22872,534b8887dbd9768262e13c7a582a3ed63a1e479a9b89428f4e6c338516e80d3f
52150,data/raw/teacher/test/images_test/52150.jpg,60.0,80.0,0.75,RGB,JPEG,4747,96559f11c47e957f5943109139d16cc542d83a7774ff0ad405fb2264cf061480
52151,data/raw/teacher/test/images_test/52151.jpg,60.0,80.0,0.75,RGB,JPEG,22566,b499112dcd514d494bcf1d0d424b710bde4cfac49aab8e7990f7c9a8913db70d
52153,data/raw/teacher/test/images_test/52153.jpg,60.0,80.0,0.75,RGB,JPEG,16114,7fb1f95793be00446dcbd3540c228dac485ac19bc09f5277303fe27c4c88b1c5
52154,data/raw/teacher/test/images_test/52154.jpg,60.0,80.0,0.75,RGB,JPEG,4463,e3280a3b9e608b9455aaa67348002d2c331aaf1ec89d82d1d27dae10f5f8130d
52155,data/raw/teacher/test/images_test/52155.jpg,60.0,80.0,0.75,RGB,JPEG,24050,cdf111e6cca1f46612f6e9918d7829401a5b80cf2617a2a8dfccb9bbf7c38816
52156,data/raw/teacher/test/images_test/52156.jpg,60.0,80.0,0.75,RGB,JPEG,22611,d33eee4a003b984e0a9cc5be85021b09b7a7a844f0a9e93dfcc7c6128b8aeb18
52157,data/raw/teacher/test/images_test/52157.jpg,60.0,80.0,0.75,RGB,JPEG,23067,54147fc5fafd44bc3fa0a4cf2d8644f9d59570b263041d7fec9de580d7bee3f8
52158,data/raw/teacher/test/images_test/52158.jpg,60.0,80.0,0.75,RGB,JPEG,4084,476a727a7095499aefc409da0b016dcbffee86681b7951f0705b9024908ae216
52159,data/raw/teacher/test/images_test/52159.jpg,60.0,80.0,0.75,RGB,JPEG,5334,da097041edb8ec3b83912efed513d4c55aa2441623e50f19e6433004e4d3c87a
52160,data/raw/teacher/test/images_test/52160.jpg,60.0,80.0,0.75,RGB,JPEG,4191,87659fcc0ad72ca612997203788f4595b62a453037ad7e3db919095f2904528a
52161,data/raw/teacher/test/images_test/52161.jpg,60.0,80.0,0.75,RGB,JPEG,3846,6eebb1ccd1d62da9543ef1c4b8c984cf74d852cdc6f48b0055c1de86ddb4f628
52162,data/raw/teacher/test/images_test/52162.jpg,60.0,80.0,0.75,RGB,JPEG,4170,86476192cefb595dd5b2c2e6376fab3d6cae0f46da712c91b37ee0b1d8c12ab9
52163,data/raw/teacher/test/images_test/52163.jpg,60.0,80.0,0.75,RGB,JPEG,4918,ce7e187891305191cdf78c0c4b31c1b52abf6bdfcfc6122c2a2a9bb191728cee
52164,data/raw/teacher/test/images_test/52164.jpg,60.0,80.0,0.75,RGB,JPEG,4819,154fd236548960c8435326f08cfe8c12324be5a2c8599eb2aa660bc6852ee916
52165,data/raw/teacher/test/images_test/52165.jpg,60.0,80.0,0.75,RGB,JPEG,14492,77856715d59b9ab7bcddd8b584a70c26ab7a5665e40c56da0e4a5c7dc208d76a
52166,data/raw/teacher/test/images_test/52166.jpg,53.0,80.0,0.6625,RGB,JPEG,21240,c490e4ac053fd4ddb269fb2bdcb7f12e1076f225f2c9651b1e71aa57d68b7359
52168,data/raw/teacher/test/images_test/52168.jpg,60.0,80.0,0.75,RGB,JPEG,19100,4c6a469df7554838a0567d950e3548488209c0b439221e7258504d69c34521b3
52169,data/raw/teacher/test/images_test/52169.jpg,60.0,80.0,0.75,RGB,JPEG,17458,ce822bc982348f7503b37e1cdd8ff7c30420060221ba416a25f647d02a2ef0b4
52172,data/raw/teacher/test/images_test/52172.jpg,60.0,80.0,0.75,RGB,JPEG,15887,1ac211e3472a479840f857548781b8195bb2cad971d38f81a9f8e2b4aaa779c6
52173,data/raw/teacher/test/images_test/52173.jpg,60.0,80.0,0.75,RGB,JPEG,17358,9a79a151f69a5db06cd7f04dbbf3a06d0711e047663e01a4aa30519d255ac37c
52176,data/raw/teacher/test/images_test/52176.jpg,60.0,80.0,0.75,RGB,JPEG,21530,24da44fde312f0912bca9f769375282d32db261b5edcb55154fbe55546225794
52177,data/raw/teacher/test/images_test/52177.jpg,60.0,80.0,0.75,RGB,JPEG,16800,0424b4d60424d57f5599bd824ce4ca9bcaa8202865fe35d7e1b11c612d592ee7
52178,data/raw/teacher/test/images_test/52178.jpg,60.0,80.0,0.75,RGB,JPEG,18394,4ef2964c415d44669272b8718b56fb0ec6402c892abc02ceaad9109d1dee62b5
52179,data/raw/teacher/test/images_test/52179.jpg,60.0,80.0,0.75,RGB,JPEG,24360,a4f093876ab0be9a016416ecc136a43e44e7d4ed6b923067a82f5702f20c0d7b
52180,data/raw/teacher/test/images_test/52180.jpg,60.0,80.0,0.75,RGB,JPEG,14890,a2dbe794fffa85558cea9acb9ba862cdbea54115be12764204e7d76e51161f03
52181,data/raw/teacher/test/images_test/52181.jpg,60.0,80.0,0.75,RGB,JPEG,22054,68e08d1116c406ce2274b90e943dd8929d9a4fb0a4a7ce41290eee6badd28ce6
52182,data/raw/teacher/test/images_test/52182.jpg,60.0,80.0,0.75,RGB,JPEG,23035,1d9b5ff5dc43181266203b8b7765a2cad1c5d18e3890720be95b68679837b582
52183,data/raw/teacher/test/images_test/52183.jpg,60.0,80.0,0.75,RGB,JPEG,14198,267c17093e0c8e57087c7729bad67aad1b8378c05c315ad32fc55ce04a9bb3db
52185,data/raw/teacher/test/images_test/52185.jpg,60.0,80.0,0.75,RGB,JPEG,20851,2e3615265f1d9eca78066e81cfc2b1be003e8933aaa0d329c3dd03a4663c86e1
52186,data/raw/teacher/test/images_test/52186.jpg,60.0,80.0,0.75,RGB,JPEG,14478,4fbedb6d393599568805d9eab2345edd3476bb3ee185dfcc50c966058f0c9d18
52187,data/raw/teacher/test/images_test/52187.jpg,60.0,80.0,0.75,RGB,JPEG,12405,b3a53efb1309236a9f9e3b316c2e9059e768179034ef2052b612a42d30dd7060
52190,data/raw/teacher/test/images_test/52190.jpg,60.0,80.0,0.75,RGB,JPEG,3406,a0b3b5d4f205dd036d43af73c358386f80d6f34996fc9ba55f4fffa7667a9787
52191,data/raw/teacher/test/images_test/52191.jpg,60.0,80.0,0.75,RGB,JPEG,19446,5b602a744d312f55c9be0f648b3a3967f52f1f3455685351946943b362f75fac
52193,data/raw/teacher/test/images_test/52193.jpg,60.0,80.0,0.75,RGB,JPEG,14223,a6894c4df205e9c7dc14b301bc065bdf2505302ce3cb5c36ab9042082d7ad6a3
52195,data/raw/teacher/test/images_test/52195.jpg,60.0,80.0,0.75,RGB,JPEG,12775,5def23b2d898cf4a1d97c5b7187cfe4ee2b0c74e4d94e49dd93e17a206c98fd2
52198,data/raw/teacher/test/images_test/52198.jpg,60.0,80.0,0.75,RGB,JPEG,16628,4a4b19a8025c4eeceb8daeb3ed02b475fdad574cd971b2181cd0af7ec4521388
52200,data/raw/teacher/test/images_test/52200.jpg,60.0,80.0,0.75,RGB,JPEG,13779,e5d644186c4888a84f62e11b18801d944a642ad8e30053823be323359fa3f149
52202,data/raw/teacher/test/images_test/52202.jpg,60.0,80.0,0.75,RGB,JPEG,13815,91f0af9186c910ddb5afc433c6ef3177c0afce3429359c92802561cd3f0251ef
52204,data/raw/teacher/test/images_test/52204.jpg,60.0,80.0,0.75,RGB,JPEG,20711,1cc37a48e391dc12b853654ec4fd4b03379e9884b72457ee42a03aa341ecb2ff
52205,data/raw/teacher/test/images_test/52205.jpg,60.0,80.0,0.75,L,JPEG,14179,bb38fe8cae8720b00607c30b1f1e1d53462e3d3e62212237577dc524904357d9
52209,data/raw/teacher/test/images_test/52209.jpg,60.0,80.0,0.75,RGB,JPEG,13201,4762e7ebdd0413c3cd3e074996f22689ffec4be6fe7367472f42bdcdf42098a0
52210,data/raw/teacher/test/images_test/52210.jpg,60.0,80.0,0.75,RGB,JPEG,26653,357e21af18d4329d8d67151a1be705ef7bb97162f699670fe084f8108c86f066
52211,data/raw/teacher/test/images_test/52211.jpg,60.0,80.0,0.75,RGB,JPEG,20210,3093d55061300edc08d77dfa2d5fd8d71eaaf296a3dd81ced8a5216c6b700cd2
52214,data/raw/teacher/test/images_test/52214.jpg,60.0,80.0,0.75,RGB,JPEG,11126,fad0ff14bd8ae2aee69a4014a67e0838c22bfbfba7d64971aef2e38fb5674a72
52220,data/raw/teacher/test/images_test/52220.jpg,60.0,80.0,0.75,RGB,JPEG,14353,0295f44094a3a296bcf1fa30467a3d2400418c040e91cb136fe9241abeccb050
52221,data/raw/teacher/test/images_test/52221.jpg,60.0,80.0,0.75,RGB,JPEG,14432,c4de3cab56f209341d10f4ee262f0357283794c034e05e6bd758f14e435b8c3e
52222,data/raw/teacher/test/images_test/52222.jpg,60.0,80.0,0.75,RGB,JPEG,21750,6d163e51a60e65c4a9f26514b8ddf71665f068cb901d590de89f0f091e7c002c
52223,data/raw/teacher/test/images_test/52223.jpg,60.0,80.0,0.75,RGB,JPEG,16604,d40ff01d9b167bcca80cfc899c1e31e63674753abb77b31ed37aacfd57fe562e
52224,data/raw/teacher/test/images_test/52224.jpg,60.0,80.0,0.75,RGB,JPEG,24988,04ba13fdb885c614a7de9c6b0154d67b068f5b742c25c0e6403b4c2d826af37c
52225,data/raw/teacher/test/images_test/52225.jpg,60.0,80.0,0.75,RGB,JPEG,14461,b96dddf4222c117921182b8dc2c1e0ab63bfa5878c3c7e0b9121261393befa50
52228,data/raw/teacher/test/images_test/52228.jpg,60.0,80.0,0.75,RGB,JPEG,21379,de0f1b5048091627b143a828dabbac68838cdd4db79a4828f4d02c7b8f8d7352
52230,data/raw/teacher/test/images_test/52230.jpg,60.0,80.0,0.75,RGB,JPEG,26282,7294df24b93a01a5a79a401ce1f453fc78a755af54ffa27d2676d7251a500aa4
52235,data/raw/teacher/test/images_test/52235.jpg,60.0,80.0,0.75,RGB,JPEG,16052,7d5e397ad971bc4187d8472b6c637e9afcdc44514846dd4fc8f727aad36456aa
52254,data/raw/teacher/test/images_test/52254.jpg,60.0,80.0,0.75,RGB,JPEG,24350,573f45a82cfb20e3cb721704378a45e6cc199e3876dcdc8ddf7e0e3f236a2a66
52255,data/raw/teacher/test/images_test/52255.jpg,60.0,80.0,0.75,RGB,JPEG,4486,5f93eb36c1bfa78b3f895341ba3f5ffe20f812ea24390ce2ac26dd27b0c30b7b
52256,data/raw/teacher/test/images_test/52256.jpg,60.0,80.0,0.75,RGB,JPEG,17516,9f6501752ddea766f076fbed4e369566f6704641ae57105dfc8d756f5c2eeda3
52257,data/raw/teacher/test/images_test/52257.jpg,60.0,80.0,0.75,RGB,JPEG,24346,93d7601710865d8cfe4d6bf52b951b8be96f3969d548fbd6af965f2964a8c986
52299,data/raw/teacher/test/images_test/52299.jpg,60.0,80.0,0.75,RGB,JPEG,25385,3ce2cc38efad27a643389ca8cd9bd8a325c606ff865f20f8d309e71ab5232948
52303,data/raw/teacher/test/images_test/52303.jpg,60.0,80.0,0.75,RGB,JPEG,19257,f48c3d0c5fc2bc593c621d6585fb90e944a43fb7aa8697b925e7a6021e253d5f
52304,data/raw/teacher/test/images_test/52304.jpg,60.0,80.0,0.75,RGB,JPEG,18855,038c5e9f00645203d4c2e243c33560ec1c7fe89ea87bdcb6956f2d3528a5db92
52305,data/raw/teacher/test/images_test/52305.jpg,60.0,80.0,0.75,RGB,JPEG,17242,a3dbd7bb1cf481c574126c27b36def1db192661af5ead9f6b33235ab313ec0ee
52306,data/raw/teacher/test/images_test/52306.jpg,60.0,80.0,0.75,RGB,JPEG,18575,21c192516afc40c78448032b96a4d830fb54be0b4b098e999113921e09d949b4
52307,data/raw/teacher/test/images_test/52307.jpg,60.0,80.0,0.75,L,JPEG,19540,bf6c8874966b644b67e29fefd1b5185617f815478ab36b0f3c23c16206569ccc
52308,data/raw/teacher/test/images_test/52308.jpg,60.0,80.0,0.75,RGB,JPEG,16989,8ff6a8ed729cba383f6434f819862c5fcc1955604ad1ae1062836d391023648f
52309,data/raw/teacher/test/images_test/52309.jpg,60.0,80.0,0.75,RGB,JPEG,32470,6303e612891ce51b57314f73238f61c7fab03e520b3ab3a4de2ae9a5b46a28bd
52310,data/raw/teacher/test/images_test/52310.jpg,60.0,80.0,0.75,RGB,JPEG,19253,3ca56933a86c4886ef5997e0287b1ebc0cf7db3a74844eaa0305a7462e45d0c3
52311,data/raw/teacher/test/images_test/52311.jpg,60.0,80.0,0.75,RGB,JPEG,16177,b1aee5d934a359a3bba72841b525cdc38d5ea3ff0f4634a9dc1cc0f246dc40d4
52312,data/raw/teacher/test/images_test/52312.jpg,60.0,80.0,0.75,RGB,JPEG,23397,06f92451defd161de3b8a59b39f8196a0f8c746a6e7f2909487ab58b4c6a2f49
52313,data/raw/teacher/test/images_test/52313.jpg,60.0,80.0,0.75,RGB,JPEG,4461,26a253ee75721920ca336eb20b34a53c4b7abb9574988d1c39ce8231cc803db6
52314,data/raw/teacher/test/images_test/52314.jpg,60.0,80.0,0.75,RGB,JPEG,17274,d9dc98fbccb26a933ee0685248acfcadb1d6e6b230ed57518538e7d612836437
52315,data/raw/teacher/test/images_test/52315.jpg,60.0,80.0,0.75,RGB,JPEG,13564,ba9a601b7954be020150c218bb6a3649a8a18210b1bd6b190ae0e69fa89d9417
52316,data/raw/teacher/test/images_test/52316.jpg,60.0,80.0,0.75,RGB,JPEG,21025,8bfd6db8491fed11c5390da487ae43e16b978020f4fa1293db8f4c6dc982a061
52317,data/raw/teacher/test/images_test/52317.jpg,60.0,80.0,0.75,RGB,JPEG,21265,3aa77ef036d981f6e72e834f44bbb97c1fde2588c851e99beda18ac9d7499ba5
52318,data/raw/teacher/test/images_test/52318.jpg,60.0,80.0,0.75,RGB,JPEG,20208,34ae41a7de3ff9664e907df7c177db565a4f62f3bc026ab3935c0989f4e411a8
52320,data/raw/teacher/test/images_test/52320.jpg,60.0,80.0,0.75,RGB,JPEG,19440,7564ee7fcd14e2b16b02f3104a178587a4cd7b9fd81dd39f3655dbc418de90d9
52322,data/raw/teacher/test/images_test/52322.jpg,60.0,80.0,0.75,RGB,JPEG,20666,8b97f2ae6fd115dff09c3551e17ffe629ac99367aecf9840de3ea2d742ae3854
52323,data/raw/teacher/test/images_test/52323.jpg,60.0,80.0,0.75,RGB,JPEG,11620,738446d872eca364b3daa96834a4b871a59e142b812fce2b9d425926c3ae4660
52324,data/raw/teacher/test/images_test/52324.jpg,60.0,80.0,0.75,L,JPEG,19571,de0cf63a926189148e421efb1bc47b62c7f2589eb8178fc80876534180d4e08b
52325,data/raw/teacher/test/images_test/52325.jpg,60.0,80.0,0.75,RGB,JPEG,14417,266524ac02db3d3d3399edb9a752e96900bb943e16c16e6157c442d6c957ca80
52326,data/raw/teacher/test/images_test/52326.jpg,60.0,80.0,0.75,RGB,JPEG,13378,842c42e8fc40f8d5efc84b68da854ded0dc82b1ff84ebbcb8061c9dbc96c3525
52327,data/raw/teacher/test/images_test/52327.jpg,60.0,80.0,0.75,RGB,JPEG,15653,1bbe86827c3bc73faf55567fced433174586261617a38835c38990d86c3c6fae
52328,data/raw/teacher/test/images_test/52328.jpg,60.0,80.0,0.75,RGB,JPEG,20287,72da8402c77622ee6c67e3677e3f0e318cdc637ed49acd0a6cd77787abf340c6
52329,data/raw/teacher/test/images_test/52329.jpg,60.0,80.0,0.75,RGB,JPEG,17451,c74076435d2e95eed0f29ca43aefb40abe34880c606f60fe67010565268b9d8e
52330,data/raw/teacher/test/images_test/52330.jpg,60.0,80.0,0.75,RGB,JPEG,18045,20b89c4156e245cc8e4719e6eafea9be1983a0fabbffe102c83203d4bd9182c7
52331,data/raw/teacher/test/images_test/52331.jpg,60.0,80.0,0.75,RGB,JPEG,11745,d89ce165eeb7b8e649a48e58bf7d6ddc52bd572037fe37ab95c08d91c860ede0
52332,data/raw/teacher/test/images_test/52332.jpg,60.0,80.0,0.75,RGB,JPEG,18802,fcc83d078345c62ddb4bc18924a1366eed5bdb00c67f16786ed71ed35c97340b
52333,data/raw/teacher/test/images_test/52333.jpg,60.0,80.0,0.75,RGB,JPEG,20653,21165c116ca0888e9d88703fe956e8c7804994c05910274c41b7a5af346c94bf
52334,data/raw/teacher/test/images_test/52334.jpg,60.0,80.0,0.75,RGB,JPEG,19898,b0d5d90087aad3826f5e7904127193a0aea3a069d088b7ee710c5e7110c67efe
52335,data/raw/teacher/test/images_test/52335.jpg,60.0,80.0,0.75,RGB,JPEG,12313,40c3932de2d44e4180dd820ec7d0a5f92ced5db08d328a9f330270f089e4d897
52336,data/raw/teacher/test/images_test/52336.jpg,60.0,80.0,0.75,L,JPEG,17909,dd336e9bb658082f3434c59f787d98bb31f158b698f5a759fc5321ce99f13f01
52337,data/raw/teacher/test/images_test/52337.jpg,60.0,80.0,0.75,RGB,JPEG,12546,d34e126bc00f5e7b98a8d35a881c42bbb930c205c32567895f0b3573bad9b79c
52338,data/raw/teacher/test/images_test/52338.jpg,60.0,80.0,0.75,RGB,JPEG,23644,2b7a6e1ec0cc10c7454fce4316bfd7332a5d41fe5b773f5a79f3df05c8d88d60
52339,data/raw/teacher/test/images_test/52339.jpg,60.0,80.0,0.75,RGB,JPEG,12174,b4d85579d8c4e012033f4d14cdae3021bc0f0251e4de746ffdf5bd3577eb43a5
52340,data/raw/teacher/test/images_test/52340.jpg,60.0,80.0,0.75,RGB,JPEG,25914,a5b12fae0a68fb3a280b7cbb49793ff2e235b6ed0c8d26489659b01a67379eed
52341,data/raw/teacher/test/images_test/52341.jpg,60.0,80.0,0.75,RGB,JPEG,4060,bcc63d157a3439e8623525d3dc6fa9b52fb819a2998b93b142e3572e8ace1e96
52342,data/raw/teacher/test/images_test/52342.jpg,60.0,80.0,0.75,RGB,JPEG,24461,63d1af19bd1fe7e5f2ee93f0ae3dad6b97f0419dc9985703bd5774060eebc386
52343,data/raw/teacher/test/images_test/52343.jpg,60.0,80.0,0.75,RGB,JPEG,22575,06aaf7d5242104148f19ca11f9fc4ff977b05feb54db081be07b79a8fbfc85e4
52344,data/raw/teacher/test/images_test/52344.jpg,60.0,80.0,0.75,RGB,JPEG,1457,797f145ae5d092afb4279203eebfa8b5d6edd069972bc14968e1a882b2167d67
52345,data/raw/teacher/test/images_test/52345.jpg,60.0,80.0,0.75,RGB,JPEG,1279,35dabd3e294a7b134fb074c8b4d70540e66940ec69e3e473d57b4a3f28eb09b4
52346,data/raw/teacher/test/images_test/52346.jpg,60.0,80.0,0.75,RGB,JPEG,5080,1d573e704e4c3b8e7025f967384d68a603baeb043bd3554159baa67e9eceda32
52347,data/raw/teacher/test/images_test/52347.jpg,60.0,80.0,0.75,RGB,JPEG,5372,6d25fef9b54f78ee27c11bfafce843839365b782835e1f4259f5ef74c6a6ce50
52348,data/raw/teacher/test/images_test/52348.jpg,60.0,80.0,0.75,RGB,JPEG,22410,fafbf5245e1de16cdcdafc48e3ef9548a4b102c56543e83d327042ec808559a6
52349,data/raw/teacher/test/images_test/52349.jpg,60.0,80.0,0.75,RGB,JPEG,22438,9061349b5511e3ac699f04a7dd2b05d51c2d07ac4886a3989b2a94d7e548fc81
52350,data/raw/teacher/test/images_test/52350.jpg,60.0,80.0,0.75,RGB,JPEG,15537,727c09858042af86a881a17259c7f5e8ce84c2ec47671f1a45f6d9ca476b15f6
52351,data/raw/teacher/test/images_test/52351.jpg,60.0,80.0,0.75,RGB,JPEG,21924,93c111000e98e45931c94dda6bf91e5da05730df172980e6f71e9ab4c8281162
52352,data/raw/teacher/test/images_test/52352.jpg,60.0,80.0,0.75,RGB,JPEG,14693,a1d5ab46ae111ffae7bb0eb18d725a92e52359040d1ca93219805d517a1a84b3
52353,data/raw/teacher/test/images_test/52353.jpg,60.0,80.0,0.75,RGB,JPEG,19741,fd94118288bfa984d74cb4276152cfcc6cefc67f97fe734ca442c018b5899f8d
52354,data/raw/teacher/test/images_test/52354.jpg,60.0,80.0,0.75,RGB,JPEG,4668,870fa23fb78809d3555cff94d0a17ee143b14ae6cd74e1e8d27b3fc97c4eb4af
52355,data/raw/teacher/test/images_test/52355.jpg,60.0,80.0,0.75,RGB,JPEG,14358,9f7ebb4324781754c600ddda43176ebf46c4af2fdc797681a49dec2e2120a58a
52356,data/raw/teacher/test/images_test/52356.jpg,60.0,80.0,0.75,RGB,JPEG,20218,d35a109dbd6966139c340d11fa738024c3c601d62b41a0f05f3aa4d0b3df5e4f
52357,data/raw/teacher/test/images_test/52357.jpg,60.0,80.0,0.75,RGB,JPEG,4308,44a55373201781f5c0de98cd13203c3fd3ab9629496252df7c5ed623859049b3
52358,data/raw/teacher/test/images_test/52358.jpg,60.0,80.0,0.75,RGB,JPEG,22739,5d40724aff3bf3d20ab18241de6fb9fab33eacf973c435a80424760269949c20
52359,data/raw/teacher/test/images_test/52359.jpg,60.0,80.0,0.75,RGB,JPEG,23752,0351150825cd990b4465402ae3b9c59f3554e6f8ac7b47eef94e74c7ba9ac5d5
52360,data/raw/teacher/test/images_test/52360.jpg,60.0,80.0,0.75,RGB,JPEG,21505,1536ae73ea787c1c67deae19d044626cd5ea3217a4c66fa5a6873513473c2af5
52361,data/raw/teacher/test/images_test/52361.jpg,60.0,80.0,0.75,RGB,JPEG,21534,1c6b7f22ce6b7c4f992395cca6510c8cc6f526acdce6427d2f1bddaddb850e2d
52362,data/raw/teacher/test/images_test/52362.jpg,60.0,80.0,0.75,RGB,JPEG,14680,e6ac6ac523479d5b2c13c11774841e43f315de05cc6a260f1c5cae0b9e6e0213
52363,data/raw/teacher/test/images_test/52363.jpg,60.0,80.0,0.75,RGB,JPEG,4125,f72d5096df09b4cf8dcd11fb63a914c06aa0428af1941bb660a9a92d3c77f2ca
52364,data/raw/teacher/test/images_test/52364.jpg,60.0,80.0,0.75,RGB,JPEG,14612,45d0e2e77daac18497ce9c4332a8d7c810b05deb257df07cd709804d0d01fa3a
52366,data/raw/teacher/test/images_test/52366.jpg,60.0,80.0,0.75,RGB,JPEG,4391,1caa06cec771cc1875d0ca450b24d65c62b7fa848a0ec18105ccfce6390a0e51
52367,data/raw/teacher/test/images_test/52367.jpg,60.0,80.0,0.75,RGB,JPEG,21043,f630a9262890205698f707fce3e7a1c240849a696a25ea94ce43ca0e525f1945
52368,data/raw/teacher/test/images_test/52368.jpg,60.0,80.0,0.75,RGB,JPEG,15831,2c7bd46081f54f09b8bbb90cda7c809ab43807c35eaf418f14c7f02bce5344fb
52369,data/raw/teacher/test/images_test/52369.jpg,60.0,80.0,0.75,RGB,JPEG,4897,682f71ca8811bc946d7dc57b8b6303959f1552a267bed4ee770dd018b46be6bf
52370,data/raw/teacher/test/images_test/52370.jpg,60.0,80.0,0.75,RGB,JPEG,4598,14859a2d5ca7110623e3ce3b25df27e724d39219c57f4dfe36f5f36b90969597
52371,data/raw/teacher/test/images_test/52371.jpg,60.0,80.0,0.75,RGB,JPEG,18070,976aa387641eafa50c033228692e71d505e438f9003e9ffa444554b459a04d0e
52372,data/raw/teacher/test/images_test/52372.jpg,60.0,80.0,0.75,RGB,JPEG,21068,6d95043457ed4667b03a67fc95224203844f36158b1f06f80152a20f0969ec24
52373,data/raw/teacher/test/images_test/52373.jpg,60.0,80.0,0.75,RGB,JPEG,15889,50e3a6778acbc9f75a17321670f32a300193fcda3dd27fa9d71fd34778b6b1fd
52374,data/raw/teacher/test/images_test/52374.jpg,60.0,80.0,0.75,RGB,JPEG,22726,c44f00158758ff360d5a2f516c66b3e0d43145f70fbf7356783d23f3b3a67267
52375,data/raw/teacher/test/images_test/52375.jpg,60.0,80.0,0.75,RGB,JPEG,14680,05acc13559c677df89aaec0fd388a33ac9619f174326c5e6c717e464af032dec
52376,data/raw/teacher/test/images_test/52376.jpg,60.0,80.0,0.75,RGB,JPEG,4606,6775e56cd2e36655d086d52e773817e289649804d0563c84e35f695dff776032
52377,data/raw/teacher/test/images_test/52377.jpg,60.0,80.0,0.75,RGB,JPEG,19912,d1582ea7446357ace440b79e03ae239ab495388084bfb9c3c290bd9c1541bc0b
52378,data/raw/teacher/test/images_test/52378.jpg,60.0,80.0,0.75,RGB,JPEG,17225,75409e8ee5adc4ca40ae12e8e12911cbe050b0cc9f67d934fd0ec01476650008
52379,data/raw/teacher/test/images_test/52379.jpg,60.0,80.0,0.75,RGB,JPEG,24979,3d58e43ec8ad89f4ee4723659965d8fa24e7e6aff0b80577f97a28586204bacb
52380,data/raw/teacher/test/images_test/52380.jpg,60.0,80.0,0.75,RGB,JPEG,3212,209ef7b8a321cb1b43a51ecafd31008bba9418b3282232624cd4d63fe5bce80d
52381,data/raw/teacher/test/images_test/52381.jpg,60.0,80.0,0.75,RGB,JPEG,4744,5a0bab433bfeb5bcf1dbc28886034cf107c519e8ab312dce2b5e3afbc756ba49
52382,data/raw/teacher/test/images_test/52382.jpg,60.0,80.0,0.75,RGB,JPEG,22939,3ebafac47664b2f5e107028bae3779d8a833ff586cf42a6bed52bad23281e920
52383,data/raw/teacher/test/images_test/52383.jpg,60.0,80.0,0.75,RGB,JPEG,15312,847ddd4f4d594d8fcf9d6056745672c039201d888831f1b7fbf19550c32bb3a2
52384,data/raw/teacher/test/images_test/52384.jpg,60.0,80.0,0.75,RGB,JPEG,15712,2739b319b58c4b3ba8dd3708d44272461999ea9b9f876ca2005b22963b587653
52385,data/raw/teacher/test/images_test/52385.jpg,60.0,80.0,0.75,RGB,JPEG,23328,2df2fb6d94aaae9513f80bf8894a99aefefd496fa7de30cee96beb0aad2f5f25
52386,data/raw/teacher/test/images_test/52386.jpg,60.0,80.0,0.75,RGB,JPEG,22895,0cc50e95d6620a593dc874d9929377fcf3e396e163ed14f31c526d92fb85a91a
52387,data/raw/teacher/test/images_test/52387.jpg,60.0,80.0,0.75,RGB,JPEG,23067,bd341f37ee8add05d96fae5d2ac1b5c2a88df47fc110617c5cf547af22d45956
52390,data/raw/teacher/test/images_test/52390.jpg,60.0,80.0,0.75,RGB,JPEG,4122,b3c4c9b6eb9cc219215fd6c12d718c6cc9fd3f214cd0b044817574b9711bcb88
52391,data/raw/teacher/test/images_test/52391.jpg,60.0,80.0,0.75,RGB,JPEG,23084,5a3e897a7285a7859d917fdbe99180f8c93d24c44da3384403919287f99235c4
52392,data/raw/teacher/test/images_test/52392.jpg,60.0,80.0,0.75,RGB,JPEG,16961,b0b0722dc8eccddd129f58793b59c97d23c9df15aff48afbd8e6c69fbf53f979
52393,data/raw/teacher/test/images_test/52393.jpg,60.0,80.0,0.75,RGB,JPEG,1288,cc544b82baa368c20661ec256ac250de52332bd659fb38d6fbb5416da6107b26
52394,data/raw/teacher/test/images_test/52394.jpg,60.0,80.0,0.75,RGB,JPEG,1361,b93bbf043248a18288d1dcf9aefb2738b415e23ffc82a3082c5a15bf16fcf56c
52395,data/raw/teacher/test/images_test/52395.jpg,60.0,80.0,0.75,RGB,JPEG,4200,e257b4a8da6e4079af0ff7988da2da690134a5c9339616128d4a34719bd9e1a7
52396,data/raw/teacher/test/images_test/52396.jpg,60.0,80.0,0.75,RGB,JPEG,17118,0c97737bddc60944dd7b9a8d8d47f3ba989a2e8e5eea7a87322c31759ec053ad
52397,data/raw/teacher/test/images_test/52397.jpg,60.0,80.0,0.75,RGB,JPEG,22487,c7e75d6134f30a0ec9a2fd6506a0baa0f6e067d568807ba90e6fb056b2de6e94
52398,data/raw/teacher/test/images_test/52398.jpg,60.0,80.0,0.75,RGB,JPEG,22942,edde261bd687ee583e321ec143d6f532ae826e6f5d1578b97424f59e2038a19b
52399,data/raw/teacher/test/images_test/52399.jpg,60.0,80.0,0.75,RGB,JPEG,4807,978332e96ae83dadb980fb203e8ae8804952fba4c67eb82403af3f6ca1412d37
52400,data/raw/teacher/test/images_test/52400.jpg,60.0,80.0,0.75,RGB,JPEG,15649,8b671d856fc11dc8e49f61312b4e6f8d7797421336cf7247dae429381ab7398a
52401,data/raw/teacher/test/images_test/52401.jpg,60.0,80.0,0.75,RGB,JPEG,22108,c2ab0baaaba4bbbbdd01bf6deb1294644e3d1e4dfc4159792ed10d8ba1e2bb45
52402,data/raw/teacher/test/images_test/52402.jpg,60.0,80.0,0.75,RGB,JPEG,3939,ed3f791ccc87db98625e98e1feaf161c5b5dc03b4ff91944487cc2ff036e3184
52403,data/raw/teacher/test/images_test/52403.jpg,60.0,80.0,0.75,RGB,JPEG,16467,24f56244685edf21d5a3738fc006211c3518d850d3b75113ebdedd8c23f12969
52404,data/raw/teacher/test/images_test/52404.jpg,60.0,80.0,0.75,RGB,JPEG,22962,9bd1c9be7728636bab442c05a287f74958c2402981e9accab0c17b45f67c5467
52405,data/raw/teacher/test/images_test/52405.jpg,60.0,80.0,0.75,RGB,JPEG,23159,2f42af71a19422f5d76f193e827952533b84eb618f24d7204ea690c812796417
52406,data/raw/teacher/test/images_test/52406.jpg,60.0,80.0,0.75,RGB,JPEG,16144,15d99be6e5c2b31846dc49fff0b4232a93be562f8a10a97eca944c5f9f315bd4
52407,data/raw/teacher/test/images_test/52407.jpg,60.0,80.0,0.75,RGB,JPEG,22116,ba2991234008e709dd8cdc904c6a7474b69ea19a1914dbc781dae4d6d29281d6
52408,data/raw/teacher/test/images_test/52408.jpg,60.0,80.0,0.75,RGB,JPEG,16994,8819a907ddab157978bc56a8de78fcb7d3cbb7bcddc7d32e743f7052091c7cd2
52409,data/raw/teacher/test/images_test/52409.jpg,60.0,80.0,0.75,RGB,JPEG,15099,d151753a5f0347b3ebbc0b32109056cb35a3c10e13b27c387148eea2091493cf
52410,data/raw/teacher/test/images_test/52410.jpg,60.0,80.0,0.75,RGB,JPEG,16119,0ca0ac13c0f864539374db93c2afb6f3bdd7d84d577f8d9694768121f8dd14e1
52411,data/raw/teacher/test/images_test/52411.jpg,60.0,80.0,0.75,RGB,JPEG,22470,f1ae6453f0690f8b02e05c6d3aee45860dfb8de9ab52c98af5256c14590ea629
52412,data/raw/teacher/test/images_test/52412.jpg,60.0,80.0,0.75,RGB,JPEG,15585,43d4b52eb47b4457f2790f9d45acd69ce01e21c848a38d0c2eae5f701a3dbc51
52413,data/raw/teacher/test/images_test/52413.jpg,60.0,80.0,0.75,RGB,JPEG,26356,fc01f9a058aaa7e7946a71d62242690ac0d254abd9c1cd635ae8007b6d46857c
52414,data/raw/teacher/test/images_test/52414.jpg,60.0,80.0,0.75,RGB,JPEG,19985,6322a498649029443e77d3bbeed18af6bb2f3d5a2a6b611e0495f63d67869353
52415,data/raw/teacher/test/images_test/52415.jpg,60.0,80.0,0.75,RGB,JPEG,23081,2ab104789db3c73f935717c73e4543bea7c3662ab50049b4d2b747e6c428d1f8
52416,data/raw/teacher/test/images_test/52416.jpg,60.0,80.0,0.75,RGB,JPEG,23922,03f3486d97d0baee32d42268b876608aaf35da396b33345eaa3b4b070a51e8dd
52417,data/raw/teacher/test/images_test/52417.jpg,60.0,80.0,0.75,RGB,JPEG,17281,65622821df06b6d0ce73e21bd6c31a2696f6ae577e191ce31ef2dd8af2760889
52418,data/raw/teacher/test/images_test/52418.jpg,60.0,80.0,0.75,RGB,JPEG,16693,0ef96f8dc8a194c2307706993c87fee9b5acc8b2755724a6a6d31123117dcf79
52419,data/raw/teacher/test/images_test/52419.jpg,60.0,80.0,0.75,RGB,JPEG,23328,01ca650bcbb59c2625cb0ba03c025243824a3e9f95668d7618efaa3a1b285c7b
52420,data/raw/teacher/test/images_test/52420.jpg,60.0,80.0,0.75,RGB,JPEG,16788,b6cd607cfc58888cd3ca312383de67239e018517cd974aa31634ecf83529a9df
52421,data/raw/teacher/test/images_test/52421.jpg,60.0,80.0,0.75,RGB,JPEG,4251,66061c085a46ffbe1ab8fa372adf803c423ca1d7f4bca72d45e1f6bb9fb0de22
52422,data/raw/teacher/test/images_test/52422.jpg,60.0,80.0,0.75,RGB,JPEG,24239,9c1ed797f45c29cb0ea3180df8dcf628827b960b7939ef52f5e4c983995cb709
52423,data/raw/teacher/test/images_test/52423.jpg,60.0,80.0,0.75,RGB,JPEG,18482,c7c1e376b9d731799164aaf2a32cb8bab1abdae836f51bfdefebbe074f1c2272
52424,data/raw/teacher/test/images_test/52424.jpg,60.0,80.0,0.75,RGB,JPEG,23785,df695c6dc941862081858d94ded3eda6b90ba8ec799a00b5b9d4899ced9dfc37
52425,data/raw/teacher/test/images_test/52425.jpg,60.0,80.0,0.75,RGB,JPEG,19110,f80fa7a8fc14536892b4c6039dcfb4cdf31da779211098c2b0ce7b624c8dc651
52426,data/raw/teacher/test/images_test/52426.jpg,60.0,80.0,0.75,RGB,JPEG,23848,0ca98aef500ed4508bf9ac3c9e875c245570e2dee963401c0e4c7da84a0260b5
52427,data/raw/teacher/test/images_test/52427.jpg,60.0,80.0,0.75,RGB,JPEG,3720,518a449fcb5520505e80bd0b2505b9862f3531cdae048b4aaaa7ed81e1fbd64b
52428,data/raw/teacher/test/images_test/52428.jpg,60.0,80.0,0.75,RGB,JPEG,21084,f3b8ef2d55fa5abc305df2cb0532f2978afa5d90b24efe3f067af0aa06f33ebe
52429,data/raw/teacher/test/images_test/52429.jpg,60.0,80.0,0.75,RGB,JPEG,15685,73dc3a29e91749d41556052421f1e1d19ca52c4fff29ec8ab3bf93adb2bff9a7
52430,data/raw/teacher/test/images_test/52430.jpg,60.0,80.0,0.75,RGB,JPEG,17629,0566e6f3b76c54406c2564c79aa027ead34cecb9b2130344b52684348579b62f
52431,data/raw/teacher/test/images_test/52431.jpg,60.0,80.0,0.75,RGB,JPEG,24649,6840711fe41251d2bf8e638cfecd3c4b6a776d8f356d536395d8ff714af39f30
52432,data/raw/teacher/test/images_test/52432.jpg,60.0,80.0,0.75,RGB,JPEG,4285,f51682fe752b96c630ce3a9989a9338b8c50e515fe8330ee3562918168c82a02
52434,data/raw/teacher/test/images_test/52434.jpg,60.0,80.0,0.75,RGB,JPEG,22132,bcdc909a20ae294b7722f9242d2bbba3d0c8b2e082a0f78e3d2385f08b676741
52435,data/raw/teacher/test/images_test/52435.jpg,60.0,80.0,0.75,RGB,JPEG,21874,84dc74c56474a267452d94778f02db7a1f8e8a8bbb92b808314d2fb57932a608
52436,data/raw/teacher/test/images_test/52436.jpg,60.0,80.0,0.75,RGB,JPEG,16039,16e03efa9a56dfba2495a8bdc35e22718b4d3154e04622805a1b3d8e98dc6fe1
52437,data/raw/teacher/test/images_test/52437.jpg,60.0,80.0,0.75,RGB,JPEG,3611,b04f97562ca2c3185bf55bb6a663823df4eb01bf68daf5f3cdaaab43b513bb69
52438,data/raw/teacher/test/images_test/52438.jpg,60.0,80.0,0.75,RGB,JPEG,3527,c57ec7322c1dd5a060636d028221402841192eca3ed74917f3dc52eeb771a082
52439,data/raw/teacher/test/images_test/52439.jpg,60.0,80.0,0.75,RGB,JPEG,15981,855be56394c2e0c4a7214314d2d209a2f7d5ff88699bced8ed10c03c2c345851
52440,data/raw/teacher/test/images_test/52440.jpg,60.0,80.0,0.75,RGB,JPEG,16924,0508e7b57b4443337498e2c4d1e3ea38b865c588f13c8a05f17245f6943a0436
52441,data/raw/teacher/test/images_test/52441.jpg,60.0,80.0,0.75,RGB,JPEG,15297,6492876f90840cd7d36d62684db6c7d5a82cb276595dc54298b08aeee7eacd72
52442,data/raw/teacher/test/images_test/52442.jpg,60.0,80.0,0.75,RGB,JPEG,5193,659aafa7011def34edb64dcdc09e5d3021a24f0cf4ebd24d2203b7ebda5911de
52443,data/raw/teacher/test/images_test/52443.jpg,60.0,80.0,0.75,RGB,JPEG,3478,1a27ac21804dac89f8798635de8b9539751b7e2e5c018023db22595072c19505
52444,data/raw/teacher/test/images_test/52444.jpg,60.0,80.0,0.75,RGB,JPEG,22771,64bbc195fcaf6f46e4698c456479c46ce8b07353b175e99f29e4236fd4cee0e4
52445,data/raw/teacher/test/images_test/52445.jpg,60.0,80.0,0.75,RGB,JPEG,3636,d9778e6e0bf138aa438bc88431da659eba1331afe11d6990ce96f713586f41c3
52446,data/raw/teacher/test/images_test/52446.jpg,60.0,80.0,0.75,RGB,JPEG,22189,ed4eb1b13ad3ae2a81464ac57ec9340b5e49b814d8122f1882a3f655e6777ab1
52447,data/raw/teacher/test/images_test/52447.jpg,60.0,80.0,0.75,RGB,JPEG,1106,b99f0cc1974e9818fa3086aa8fa96a07c9242781bfd086abf98a69b68fa2098b
52448,data/raw/teacher/test/images_test/52448.jpg,60.0,80.0,0.75,RGB,JPEG,1363,74d25a7c2c586e6637a3af2fa9f77ca8ab9d4d0cae887847f8b254f031ac6d84
52449,data/raw/teacher/test/images_test/52449.jpg,60.0,80.0,0.75,RGB,JPEG,4023,31455ef5f8ff87cc717049aabe5807a530cf4dee2d2e1d802d90ebf9b186ad64
52450,data/raw/teacher/test/images_test/52450.jpg,60.0,80.0,0.75,RGB,JPEG,4748,e6c644aecbd4ac8f41bfc6f6f50964909ce7bd2e248b13a0c3943faf8bdd93da
52451,data/raw/teacher/test/images_test/52451.jpg,60.0,80.0,0.75,RGB,JPEG,22234,8adafd025c43c86a4f6c28db189018b4ca8dfb1bf9aebb588c27edca264bbde0
52452,data/raw/teacher/test/images_test/52452.jpg,60.0,80.0,0.75,RGB,JPEG,5379,a887e9fdca7d9887948e10ae7d9fa14dc288b30c6e63be222bd9ce5a20c6cceb
52453,data/raw/teacher/test/images_test/52453.jpg,60.0,80.0,0.75,RGB,JPEG,17290,d0faf821711eff9b2318fcdf65512b332347f909ab28efb766a6de4d9bf24875
52454,data/raw/teacher/test/images_test/52454.jpg,60.0,80.0,0.75,RGB,JPEG,4623,ebed1723a31a2d7f3fdfb87e60b8982414df92d690e5f20b70641238010be1b0
52455,data/raw/teacher/test/images_test/52455.jpg,60.0,80.0,0.75,RGB,JPEG,18981,ac4b55dc414af31618a8e6342ccd7fcc4611e6fd4da3811b1b8b4c8de98bb116
52456,data/raw/teacher/test/images_test/52456.jpg,60.0,80.0,0.75,RGB,JPEG,3858,325a9da57897cc66819886a4a9aa263551e0fc995d9e51662edd17094bf160bd
52457,data/raw/teacher/test/images_test/52457.jpg,60.0,80.0,0.75,RGB,JPEG,4707,dc2bb910d7423319d5c434abdb5f756c781b82301cf5ba81b0339e193098c36e
52458,data/raw/teacher/test/images_test/52458.jpg,60.0,80.0,0.75,RGB,JPEG,5221,d0a27570e0e39e670bdba5ce8c950fcb7fc59edda7906ad8e1179f379f228322
52459,data/raw/teacher/test/images_test/52459.jpg,60.0,80.0,0.75,RGB,JPEG,23613,b0d34752a7d3719520d79c7e015d8f7c0f031548a9223100498202d656bbba07
52460,data/raw/teacher/test/images_test/52460.jpg,60.0,80.0,0.75,RGB,JPEG,4482,05841b8afc565ae4fc125aeaf4a88f8c8941f274ffa7d588b12adfb171304ab3
52461,data/raw/teacher/test/images_test/52461.jpg,60.0,80.0,0.75,RGB,JPEG,4163,9e368b8bfb395a284d4700259e619d792bc4d13416fc6f3f7e06212f959c84b9
52462,data/raw/teacher/test/images_test/52462.jpg,60.0,80.0,0.75,RGB,JPEG,24413,eb9b30ce7aba7495a35394cbe886f682f70105ddfd031271da80444e50e7cae7
52463,data/raw/teacher/test/images_test/52463.jpg,60.0,80.0,0.75,RGB,JPEG,4342,5b9b0d60d18639616cb585162e24ad6e1c662d4565043ce84200030eb00d52ec
52464,data/raw/teacher/test/images_test/52464.jpg,60.0,80.0,0.75,RGB,JPEG,3620,b487a25623c93d6ca3c3c5e1d1e31aa2102ae4f49d7bcae616a6d175ffdca7d2
52465,data/raw/teacher/test/images_test/52465.jpg,60.0,80.0,0.75,RGB,JPEG,24232,355915960ba5cf16ae84b7ca6dc5a4f5c9c3c332156f56fc3148295295795054
52466,data/raw/teacher/test/images_test/52466.jpg,60.0,80.0,0.75,RGB,JPEG,4976,8481dbbfc04e6b0b22c999af787ad5d9c164fb9cf86fe9f46a6d4295b99d2574
52467,data/raw/teacher/test/images_test/52467.jpg,60.0,80.0,0.75,RGB,JPEG,21110,9c8b1c23f522fa96d7374121810baba265a412cad14ee15182acc8a1cd419dca
52468,data/raw/teacher/test/images_test/52468.jpg,60.0,80.0,0.75,RGB,JPEG,23808,0aba3c45d3c3f7477ba9fa3125427573f550710b5693d89cb4819faa99629717
52469,data/raw/teacher/test/images_test/52469.jpg,60.0,80.0,0.75,RGB,JPEG,16729,b4141a8df619bdaaf38c88d0b66e000c15388eb7bb531416394394dca83e4abd
52470,data/raw/teacher/test/images_test/52470.jpg,60.0,80.0,0.75,RGB,JPEG,17294,228c4933855fc5a3197e8285776d4101d03825e9160be5e61b48c787f341f50c
52472,data/raw/teacher/test/images_test/52472.jpg,60.0,80.0,0.75,RGB,JPEG,17835,04dc088c923aab1fb6084abc79d8e91b3f57358d2e2f3dc8a99b9b16fdf31da1
52473,data/raw/teacher/test/images_test/52473.jpg,60.0,80.0,0.75,RGB,JPEG,25387,d7d553c46eb7f05ff4e44fa05f8bad8f9b66b4c01994baf16469bc2eaad0fa33
52474,data/raw/teacher/test/images_test/52474.jpg,60.0,80.0,0.75,RGB,JPEG,18507,ed298ae189967714d46e2f3eb02f731af3d5e38f8343e8e43cabaf2ea3fb98f4
52475,data/raw/teacher/test/images_test/52475.jpg,60.0,80.0,0.75,RGB,JPEG,6264,1d9166579e390f19a630ac9533198b672dceef4ef7faa69bbf724147d9e2b811
52476,data/raw/teacher/test/images_test/52476.jpg,60.0,80.0,0.75,RGB,JPEG,17283,8f48be9db756d11068b0511e6328d7008da4bf42745fb4b2e3dca4bf24c87ec5
52477,data/raw/teacher/test/images_test/52477.jpg,60.0,80.0,0.75,RGB,JPEG,5176,966bf23e70131bb0a507f413429e150a8c5703fcbfb8740e9019703300f8c9a6
52478,data/raw/teacher/test/images_test/52478.jpg,60.0,80.0,0.75,RGB,JPEG,1380,cb2daf2d4dc6a47095ca150fe9deb307b375ef1fcb1187cdec1afc97350bc1a1
52479,data/raw/teacher/test/images_test/52479.jpg,60.0,80.0,0.75,RGB,JPEG,4734,8b21f5fe1e24db45abf6a37e962af2677da3b3a4ee6bc516b208e331cc152c3c
52480,data/raw/teacher/test/images_test/52480.jpg,60.0,80.0,0.75,RGB,JPEG,23268,08af6c4d05b4b7db9e98443e56f0f273100ddfc76516328b493eae15b1054e3c
52481,data/raw/teacher/test/images_test/52481.jpg,60.0,80.0,0.75,RGB,JPEG,17533,43da2aa416aa9a0ab8c68e1306504f67e1c29ab5180e1a2379c7a4dfca060dd1
52482,data/raw/teacher/test/images_test/52482.jpg,60.0,80.0,0.75,RGB,JPEG,22130,15e8297a54afb3abf6ec1382a963a8a6871397ea2710ad09e4ef52c1464057f4
52483,data/raw/teacher/test/images_test/52483.jpg,60.0,80.0,0.75,RGB,JPEG,26354,a087c0705c2dcb2573e44ae0970f57efccb28169393b14ee7a4cdf1758330002
52484,data/raw/teacher/test/images_test/52484.jpg,60.0,80.0,0.75,RGB,JPEG,5480,95908dbe1a8e56f68d3f6d9af9fb249355c269e4ac300ffdb7c65541de5c4a7f
52485,data/raw/teacher/test/images_test/52485.jpg,60.0,80.0,0.75,RGB,JPEG,22788,5a8f78f485d79684b6954068c18e991b45f90e4b4624be1a3d607d48121e4851
52486,data/raw/teacher/test/images_test/52486.jpg,60.0,80.0,0.75,RGB,JPEG,17940,7f2ff26ea134fa1de4be3b5114ffe75ef04c23ec389c15efbb5f65f003702c7d
52487,data/raw/teacher/test/images_test/52487.jpg,60.0,80.0,0.75,RGB,JPEG,23414,5bc44428be4271e066b71208487a70fba08a35aa578da5930f9c477899634ad0
52488,data/raw/teacher/test/images_test/52488.jpg,60.0,80.0,0.75,RGB,JPEG,23694,d2bb1e4a93d98d115ff49adb3440f3256333df113b25809e4af0aefa95817ee3
52489,data/raw/teacher/test/images_test/52489.jpg,60.0,80.0,0.75,RGB,JPEG,22675,e641d45c1cd6809cbd0e252e9b51e82cef705fd8ab1e7524de4d3a9a921c0244
52490,data/raw/teacher/test/images_test/52490.jpg,60.0,80.0,0.75,RGB,JPEG,22818,8ffd14494a4806caae58b8239da2cd78cdd27a314824ad849bea0aa4d310509f
52491,data/raw/teacher/test/images_test/52491.jpg,60.0,80.0,0.75,RGB,JPEG,22662,d854fb619b04153322681be56e4de382a9e584328d4d0a8e0ef8e06cb4a6d0c7
52492,data/raw/teacher/test/images_test/52492.jpg,60.0,80.0,0.75,RGB,JPEG,1222,98da4fa918c667bff68d4e832874aa22d910acfa545366a2c2ba22e3384604b2
52493,data/raw/teacher/test/images_test/52493.jpg,60.0,80.0,0.75,RGB,JPEG,21949,4b9ff50d96613b89494befb5e9565099423818f25711ef1fb09d2942b9d555f8
52494,data/raw/teacher/test/images_test/52494.jpg,60.0,80.0,0.75,RGB,JPEG,5299,7356af294852a55fa2df9a66e891cb30d40e23b339f7243ba75fb153099e32ac
52495,data/raw/teacher/test/images_test/52495.jpg,60.0,80.0,0.75,RGB,JPEG,15581,4697dcb6021c45f02c1ab82b7d7cebe9531f9a81581c0ca6a35042db299f949e
52496,data/raw/teacher/test/images_test/52496.jpg,60.0,80.0,0.75,RGB,JPEG,22478,2f610a1dafa1d6d7cf79adca046d665f9be91e233751955060c5360e55569ee2
52497,data/raw/teacher/test/images_test/52497.jpg,60.0,80.0,0.75,RGB,JPEG,48324,69ecd602c5f1eacc2a7f30f5104f18d7b1539f30b07617240dac4875cd6c7dd4
52498,data/raw/teacher/test/images_test/52498.jpg,60.0,80.0,0.75,RGB,JPEG,21566,eb12c81cb15bdc648c4578d281b1a427262ba4ab9061739b080c4bffe56e3f2d
52499,data/raw/teacher/test/images_test/52499.jpg,60.0,80.0,0.75,RGB,JPEG,5246,02c7045d62f13993c7bfd773eb570fbc3ba38ac9106edc64033ba92b5a401062
52500,data/raw/teacher/test/images_test/52500.jpg,60.0,80.0,0.75,RGB,JPEG,4662,46cf59b91873748ba768b0fa2338838cbc4d69477d00f75dc9e9d910d8fcab83
52501,data/raw/teacher/test/images_test/52501.jpg,60.0,80.0,0.75,RGB,JPEG,15727,41cc923299482b911010bb5e35648914810340ba51bf95cf17059258e551c38b
52502,data/raw/teacher/test/images_test/52502.jpg,60.0,80.0,0.75,RGB,JPEG,22345,62ae9280da522254d27056240951d8b46a7028990511017d566e7f6aff9ed9be
52503,data/raw/teacher/test/images_test/52503.jpg,60.0,80.0,0.75,RGB,JPEG,17771,4958e0ae70b6f16b15cc05961669b7ee57fda2fdf30aa5e562f1a57675e4982e
52504,data/raw/teacher/test/images_test/52504.jpg,60.0,80.0,0.75,RGB,JPEG,16423,33fc2d19f2911c3779da1287a25e9dae1612df5971963160437c6cb189102972
52505,data/raw/teacher/test/images_test/52505.jpg,60.0,80.0,0.75,RGB,JPEG,21803,bc047cfc43895b3501d8c4405c32fcb3d6ab3ba62d00adba20e896b6e598aeba
52506,data/raw/teacher/test/images_test/52506.jpg,60.0,80.0,0.75,RGB,JPEG,22239,30ac01580f8c815922943a96c4831d488dbfdd1bf1e05f6b910e1128ca537be2
52507,data/raw/teacher/test/images_test/52507.jpg,60.0,80.0,0.75,RGB,JPEG,1413,9e60a3cb206f602979695b08b7b0385d54d95cf19e6582ebf07bc752182896fb
52508,data/raw/teacher/test/images_test/52508.jpg,60.0,80.0,0.75,RGB,JPEG,24313,f8da70ae42cb08b2d0598f5f6ad464fb0d6f5894ac944b1778192d14e75c0dca
52509,data/raw/teacher/test/images_test/52509.jpg,60.0,80.0,0.75,RGB,JPEG,4695,32bcb2bef6e28069ffe031482d38b3a4e5f68538f78afbeffac434c82f800e1b
52510,data/raw/teacher/test/images_test/52510.jpg,60.0,80.0,0.75,RGB,JPEG,21216,66063f51e8249d61b6529508d34fb221e8ed3194a1cd6e853e48bac7514e138b
52511,data/raw/teacher/test/images_test/52511.jpg,60.0,80.0,0.75,RGB,JPEG,2797,f1509f8d0bec8aa32c12646f21fe69e6fe4429ab24694b3b9911eadb29da5412
52512,data/raw/teacher/test/images_test/52512.jpg,60.0,80.0,0.75,RGB,JPEG,4173,5c3bf9293ff19e6247bf510d9b2720638ed7cdd5ce2c7685784e397b24775ea1
52513,data/raw/teacher/test/images_test/52513.jpg,60.0,80.0,0.75,RGB,JPEG,14235,5647feb3dccfc3a19d7471b46b6a068f0e76f0fef639321e4febcbccd2375981
52514,data/raw/teacher/test/images_test/52514.jpg,60.0,80.0,0.75,RGB,JPEG,24103,ef0014ab270867e7bd9c56d5b022df73ffd0c093bc359b99f4a2440b9c6e12c0
52515,data/raw/teacher/test/images_test/52515.jpg,60.0,80.0,0.75,RGB,JPEG,22989,8f9d6ab4153185d21a4c3e0a79b691467600d3760a1df79a99f8cabed2de3ed3
52516,data/raw/teacher/test/images_test/52516.jpg,60.0,80.0,0.75,RGB,JPEG,23216,03fa89b082ca442f218a5b343ba3d61dd431849d3e24d510c14de3919bc7b750
52517,data/raw/teacher/test/images_test/52517.jpg,60.0,80.0,0.75,RGB,JPEG,22639,5bdd6a0b0da556e41c0cd3710b36c1b9dfecbc6c763eacceff2ae96940433604
52518,data/raw/teacher/test/images_test/52518.jpg,60.0,80.0,0.75,RGB,JPEG,4741,ba12087adccdcae0aa49fd7dd82caa2eb02f5f21e65a505529893491924c653e
52519,data/raw/teacher/test/images_test/52519.jpg,60.0,80.0,0.75,RGB,JPEG,15001,fdbb7aebd7f622b22ff8b62cff5856580eedecd8ef29c8fd0c94bd33438ccf27
52520,data/raw/teacher/test/images_test/52520.jpg,60.0,80.0,0.75,RGB,JPEG,22214,1bd8e83ccacb9f7d737e8d125ca665d4e0d56df7641d91979f45e7d8a5acdb33
52522,data/raw/teacher/test/images_test/52522.jpg,60.0,80.0,0.75,RGB,JPEG,15241,a426d0c0f347edb1d6519bd81a076fe932c71190967b624526edf5ad7d30a4c8
52523,data/raw/teacher/test/images_test/52523.jpg,60.0,80.0,0.75,RGB,JPEG,14079,29cfa12a2c97bf626fe074684bae52856c0afff11baa2f63588e020a16292382
52524,data/raw/teacher/test/images_test/52524.jpg,60.0,80.0,0.75,RGB,JPEG,4223,d0f0c27f1caa57ba40e986c2c6d0607e8cbbe7311ca32ff848ff747c2e015129
52525,data/raw/teacher/test/images_test/52525.jpg,60.0,80.0,0.75,RGB,JPEG,4320,88ba5bcfd4b6ca621cff4bc6ebe677b0be9aa8d322821e30236ff65cfc539fa8
52528,data/raw/teacher/test/images_test/52528.jpg,60.0,80.0,0.75,RGB,JPEG,3924,ed42088101ae31fae896017e62e18b24f38f7781876a4afe081acc0ac5b8163f
52529,data/raw/teacher/test/images_test/52529.jpg,60.0,80.0,0.75,RGB,JPEG,15152,36f364e7f46324db1ea0ef86aa8eedb63a76de0b70d45e6cb8a2237fb505cb23
52536,data/raw/teacher/test/images_test/52536.jpg,60.0,80.0,0.75,RGB,JPEG,22172,93d5ff36c45a6e51189d1bb6a306b044dabcbf04c70a05133ac480b60fa4068f
52539,data/raw/teacher/test/images_test/52539.jpg,60.0,80.0,0.75,RGB,JPEG,13774,6263a7829e63be2a293bc62da32af2f25b7573321b971a608a1dee020d45e365
52547,data/raw/teacher/test/images_test/52547.jpg,60.0,80.0,0.75,RGB,JPEG,4452,2cee999be46fd3002a3882e65eeb44ca755fd776c9c2c71b90696b78845b1adc
52548,data/raw/teacher/test/images_test/52548.jpg,60.0,80.0,0.75,RGB,JPEG,15326,3a5cc19c043c779ead1cec796886f7811a889d730b4d09f303167e25fa46271b
52553,data/raw/teacher/test/images_test/52553.jpg,60.0,80.0,0.75,RGB,JPEG,14833,0dd62fec9037eaa35673fbeef1f7ff81a924fef8a40123131c71b40399cc52ce
52554,data/raw/teacher/test/images_test/52554.jpg,60.0,80.0,0.75,RGB,JPEG,14393,1b9371feb66bf1280308a05e37d56b62280d682a6e09a3cbef0f2726f568f983
52555,data/raw/teacher/test/images_test/52555.jpg,60.0,80.0,0.75,RGB,JPEG,15002,25112aa47d442b34683c2872aca5846914f422c07c24ae4bd5586ac606a7f3e8
52556,data/raw/teacher/test/images_test/52556.jpg,60.0,80.0,0.75,RGB,JPEG,3987,29fdb658c64ee41d8cf4f1ce5a8fb95ca4dbc1e9f9598d52fb6e80e271630cac
52557,data/raw/teacher/test/images_test/52557.jpg,60.0,80.0,0.75,RGB,JPEG,3754,1bffb22e40e196ada3c29e3e0cff5496ba07e46485212cf88033323c71caf2d0
52558,data/raw/teacher/test/images_test/52558.jpg,60.0,80.0,0.75,RGB,JPEG,30296,3d1106f01b2bdfcbae0fd4b88b7c8a4e7739e9ea0e2f115cd9b7df40f5703655
52559,data/raw/teacher/test/images_test/52559.jpg,60.0,80.0,0.75,RGB,JPEG,21599,0be9f0dce5273b33332ee564e742ea9c3a3a536b198e92e3c235a82fb317ff9e
52560,data/raw/teacher/test/images_test/52560.jpg,60.0,80.0,0.75,RGB,JPEG,23004,34001b254e98607d7e45a48cc1f28db2eeb6592ec5b87794a2af9757d3ed389a
52561,data/raw/teacher/test/images_test/52561.jpg,60.0,80.0,0.75,RGB,JPEG,10542,282f2bd4df6ebf427a9108b002654935b44e7e7e07772f0a2a93b5ad40c5603d
52563,data/raw/teacher/test/images_test/52563.jpg,60.0,80.0,0.75,RGB,JPEG,18265,94c09eeca3adc435fba03cf2c362fb3775b8d005fe82c94c91c0edb5b219de56
52564,data/raw/teacher/test/images_test/52564.jpg,60.0,80.0,0.75,RGB,JPEG,13991,efc2b1f020efafe22755f2ed97e9960529296d810883c82677e6e2acc5f50d38
52565,data/raw/teacher/test/images_test/52565.jpg,60.0,80.0,0.75,RGB,JPEG,30050,d61550e788d3cfa4c29f998327626b2a27c0fcff5971cc5eb49b781c498ead52
52568,data/raw/teacher/test/images_test/52568.jpg,60.0,80.0,0.75,RGB,JPEG,21408,ad8a21439ec1b61d3ffc5c9cd86bb17ae990e853935ad910355d7c5c14ac2dde
52569,data/raw/teacher/test/images_test/52569.jpg,60.0,80.0,0.75,RGB,JPEG,15807,7ca868f16b27c42c2a412cc06a71bead3f09f8256e6951101f789ae15f262042
52570,data/raw/teacher/test/images_test/52570.jpg,60.0,80.0,0.75,RGB,JPEG,19500,1849e04d9a69e05080df278a9160eb744959b47e8a82f3a9edadb12fc4bfff28
52574,data/raw/teacher/test/images_test/52574.jpg,60.0,80.0,0.75,RGB,JPEG,19277,7dfd1c82821f6fe7146cc1148dcb1a091677f267d7af670150e1488514b1a593
52575,data/raw/teacher/test/images_test/52575.jpg,60.0,80.0,0.75,RGB,JPEG,19768,2818bb3c887c7c1b4045d8f20b73e5a764b4483c78c0280007514144ef16d9cb
52576,data/raw/teacher/test/images_test/52576.jpg,60.0,80.0,0.75,RGB,JPEG,27925,d8b362aefaf200994d5283a2d0d157a5a84f747de84092c386843f153fcc4e18
52577,data/raw/teacher/test/images_test/52577.jpg,60.0,80.0,0.75,RGB,JPEG,21411,f3a7c646b733d1cdc851e7d64ef2292f0f4ca05e46ddc2be29cdb660f60e19ed
52579,data/raw/teacher/test/images_test/52579.jpg,60.0,80.0,0.75,RGB,JPEG,20296,4bf7e7147650815ab55986fda7b349e9988e572f4924270d1334ddb09a395757
52581,data/raw/teacher/test/images_test/52581.jpg,60.0,80.0,0.75,RGB,JPEG,19168,441a62587ac48963d3bddb38af117d77e69d5aea05538b465effb27a4bea9e47
52582,data/raw/teacher/test/images_test/52582.jpg,60.0,80.0,0.75,RGB,JPEG,20399,e9a77bc957476e8ff939ccf5cb2f9cef6f4c9b2195c02107916799146b6fc0c8
52585,data/raw/teacher/test/images_test/52585.jpg,60.0,80.0,0.75,RGB,JPEG,19103,43b1f5498a39d7994ce42a5ece3d2f3fb43a390f3b9798d8053ceeac9fc679ce
52586,data/raw/teacher/test/images_test/52586.jpg,60.0,80.0,0.75,RGB,JPEG,14663,a349a1b54ad7b70be444f62326c9b9f42813afa28e0a783b15b3b6ce09984e9b
52588,data/raw/teacher/test/images_test/52588.jpg,60.0,80.0,0.75,RGB,JPEG,15104,5dec502c7febdbb83b425c3d0d433b38f8b6c9a6abc7b2953f1103fcc0104316
52589,data/raw/teacher/test/images_test/52589.jpg,60.0,80.0,0.75,RGB,JPEG,43751,ddabdde4874dd72b932ef529e9b44380675b5b7918939f99e50dac67d977a9b0
52593,data/raw/teacher/test/images_test/52593.jpg,60.0,80.0,0.75,RGB,JPEG,35946,7fabb0d5910b6b4ccae4469ef837855c24e85035e1fb941a487f1c07defe4805
52594,data/raw/teacher/test/images_test/52594.jpg,60.0,80.0,0.75,RGB,JPEG,23177,abba5d49d8c73123d5f03e0baaf1ed84c7751d5178e30856613b5b879f29a0d4
52599,data/raw/teacher/test/images_test/52599.jpg,60.0,80.0,0.75,RGB,JPEG,13108,c6d2425170958922a3298ea6754a54c24fd4aeef6bb589aa8e6837fc4858cee6
52602,data/raw/teacher/test/images_test/52602.jpg,60.0,80.0,0.75,RGB,JPEG,15521,06c0445626c130ee346fcc2dfa54b712206bbfbb97e5a0337bb876abf963eb17
52603,data/raw/teacher/test/images_test/52603.jpg,60.0,80.0,0.75,RGB,JPEG,14957,b7a8d0edfd0bd4bae20736a145b6a043830112d9fc74cadd8c54c35f5fbfa8b2
52604,data/raw/teacher/test/images_test/52604.jpg,60.0,80.0,0.75,RGB,JPEG,16227,835f609b2486b805964746cf2b9c4db6edda1f83d65a9c4f06ee4e39b7c4c094
52609,data/raw/teacher/test/images_test/52609.jpg,60.0,80.0,0.75,RGB,JPEG,21217,aba6147bfa32d1c9e875afb6f3495f194dc1c34be2b6fdbaa877f9ce1cf34428
52616,data/raw/teacher/test/images_test/52616.jpg,60.0,80.0,0.75,RGB,JPEG,23214,598aea97a05c888bd8f0685efb2047b01e35f5b2ee734bc2d591427722f15cd8
52618,data/raw/teacher/test/images_test/52618.jpg,60.0,80.0,0.75,RGB,JPEG,23547,0de6f418d38dd2488ae8eb2ff2ce1e16d2557ebd4e1428893bc52c916ac1881d
52622,data/raw/teacher/test/images_test/52622.jpg,60.0,80.0,0.75,RGB,JPEG,21839,cc7f9ded9d25cd70dc92108eff884dd43704d5c3023ee2cadbbaec8834919760
52623,data/raw/teacher/test/images_test/52623.jpg,60.0,80.0,0.75,RGB,JPEG,23004,3375b8cee0e928ab8e0a7d2054748a823064b70b297d6cb3852a97f7d2d0e5fe
52626,data/raw/teacher/test/images_test/52626.jpg,60.0,80.0,0.75,RGB,JPEG,22630,e480afa673cdefd274b49aafa231034c026d904f8a91ba3f01e600a2aabe28dd
52632,data/raw/teacher/test/images_test/52632.jpg,60.0,80.0,0.75,RGB,JPEG,15465,29169f2cb21cb49b21d6b5def796a2693b1ddb68ea05daa4537688e025d891b8
52633,data/raw/teacher/test/images_test/52633.jpg,60.0,80.0,0.75,RGB,JPEG,15003,f1f1aa74daac6776cc34b506f2263de9bf87d59a7bce938b5940b4bfa907323b
52634,data/raw/teacher/test/images_test/52634.jpg,60.0,80.0,0.75,RGB,JPEG,22170,bd3e57b2d2f249e19c487dc53193bbea2773c5858fd9726194f53778de3996d5
52635,data/raw/teacher/test/images_test/52635.jpg,60.0,80.0,0.75,RGB,JPEG,21514,9ecba89c84505aa8e9b610e938d3c7bc312eae5171ff5a50a7ab7cf62715aaad
52636,data/raw/teacher/test/images_test/52636.jpg,60.0,80.0,0.75,RGB,JPEG,30453,9150ed7559520f0a98055f1224ec7b2e251c63ec16a3cfce6a29559514132eca
52637,data/raw/teacher/test/images_test/52637.jpg,60.0,80.0,0.75,RGB,JPEG,21485,21ad74591985446998984fde5a5adeb9949d6d0f772060b1300291a8f45b54ce
52638,data/raw/teacher/test/images_test/52638.jpg,60.0,80.0,0.75,RGB,JPEG,17703,5e96f05a7ea501c7b3039dc7e4e46fa521b011975e46832a6d29d5954330355e
52639,data/raw/teacher/test/images_test/52639.jpg,60.0,80.0,0.75,RGB,JPEG,23769,37397c9ce5ef1dc8768719c2037f8a9edcd540770ce40966308b1210aebfbf2c
52641,data/raw/teacher/test/images_test/52641.jpg,60.0,80.0,0.75,RGB,JPEG,14780,bd4038ceac32f6ea7f1ad9c1699f605c20cbc5cb9ea6785ee07ba35158fa6bab
52642,data/raw/teacher/test/images_test/52642.jpg,60.0,80.0,0.75,RGB,JPEG,14549,ba12fc9d969818c61f263609e3bba2e1aa5a5480b6db2caf0dcc25878d8621f1
52643,data/raw/teacher/test/images_test/52643.jpg,60.0,80.0,0.75,RGB,JPEG,22947,5827a5d744d3e53e2ba52a037072468fbc1756c40aa11044a4f34a3bf2a3ed3e
52647,data/raw/teacher/test/images_test/52647.jpg,60.0,80.0,0.75,RGB,JPEG,23178,20b8f8d9640a46bc0ecea327a7e702b651a60d9ddc234678541b2e00c4b995e4
52648,data/raw/teacher/test/images_test/52648.jpg,60.0,80.0,0.75,RGB,JPEG,15463,9fe7a445db8051c709cd5ebabf67136c55b34d4a07c362dc85b6babea7835e90
52649,data/raw/teacher/test/images_test/52649.jpg,60.0,80.0,0.75,RGB,JPEG,18802,50ca31776a8e0f6d43d7a83c1828f0fceaa430a03daa621fea9aa3e561bcc902
52650,data/raw/teacher/test/images_test/52650.jpg,60.0,80.0,0.75,RGB,JPEG,18375,88a49ad13290bc14d241a9910fd6c775c1ed59902e5013d54cf3ccbeb0e4b4d6
52651,data/raw/teacher/test/images_test/52651.jpg,60.0,80.0,0.75,RGB,JPEG,20908,0663b7803bf8ae33c98389e0fa6e4b6774d7b884c65ac566ce4b93b0bed11262
52652,data/raw/teacher/test/images_test/52652.jpg,60.0,80.0,0.75,RGB,JPEG,21797,67153645c3ea17a4ebdf4ff9f1819cf8486311da3fd13c1b610c0816c0c74d02
52653,data/raw/teacher/test/images_test/52653.jpg,60.0,80.0,0.75,RGB,JPEG,25490,f4780f96886b2f77480c1121b423a42676526a21f85d5941020a25652e186120
52654,data/raw/teacher/test/images_test/52654.jpg,60.0,80.0,0.75,RGB,JPEG,18860,95ed5c3a25579f4406f14866604a9faa65e6c8dd004fe3058c377428b9dcc7cb
52655,data/raw/teacher/test/images_test/52655.jpg,60.0,80.0,0.75,RGB,JPEG,17238,aea8d40227cd2ca59f5916aa6577da467becd003df13610d567265f51ce82f0e
52656,data/raw/teacher/test/images_test/52656.jpg,60.0,80.0,0.75,RGB,JPEG,17347,5d5a4f09a5b953f4939d90522ca2643156c2537c78d637337bd0edb385f28149
52657,data/raw/teacher/test/images_test/52657.jpg,60.0,80.0,0.75,RGB,JPEG,14229,775724769cd39c45c0bde8b0e94c355941f0be4c90b331565580d9861dc29ac8
52658,data/raw/teacher/test/images_test/52658.jpg,60.0,80.0,0.75,RGB,JPEG,20966,0a03ff38109ab0b9634fa77b5b751984c69fde69b6d80ed0a3c51107818245e6
52659,data/raw/teacher/test/images_test/52659.jpg,60.0,80.0,0.75,RGB,JPEG,23081,cc1151c57d733bee678c12d05caff84cdc3cbcc48d9a486550b1e653cff09eef
52660,data/raw/teacher/test/images_test/52660.jpg,60.0,80.0,0.75,RGB,JPEG,23016,3958ae0b7e2220b40e4f2db61b300dd56763323b8223385d94302916f31ab0e0
52661,data/raw/teacher/test/images_test/52661.jpg,60.0,80.0,0.75,RGB,JPEG,16199,e2f42786b091d1b3083266fc6906a1c97626b993ad770bcc021a6a620e1e8b1f
52665,data/raw/teacher/test/images_test/52665.jpg,60.0,80.0,0.75,RGB,JPEG,23152,180701fb706e9d9bacbf385bf9df35445dd754b1ec0ad02ae5a7182add567ed0
52670,data/raw/teacher/test/images_test/52670.jpg,60.0,80.0,0.75,RGB,JPEG,1079,80fe71c372759d7ff17d2639a8521c151be6faf9338b8cb7a95a6ffa28a606ee
52671,data/raw/teacher/test/images_test/52671.jpg,60.0,80.0,0.75,RGB,JPEG,1378,7bcbb6b651d95bb5055ee588924e139619477a5aea34504ce0278ad9ec81f78e
52673,data/raw/teacher/test/images_test/52673.jpg,60.0,80.0,0.75,RGB,JPEG,1050,e2b5f39847b5fccba406de5afd1a465a47ba9d81c3b223ec257a42632b8a0432
52675,data/raw/teacher/test/images_test/52675.jpg,60.0,80.0,0.75,RGB,JPEG,1609,9e69ed19057cf5bd2c94a8e3a104c7e1e069df9dc69db160deb80dcd74416b8c
52676,data/raw/teacher/test/images_test/52676.jpg,60.0,80.0,0.75,RGB,JPEG,17321,55926219d4f138bec0717b379853e5f12d8e4fc14a0ac89bbbc204140bf235f8
52677,data/raw/teacher/test/images_test/52677.jpg,60.0,80.0,0.75,RGB,JPEG,1176,cc9b58f596d7506927ec45f8698007ee05b3d401b6a32c3c2a3940931e583bca
52678,data/raw/teacher/test/images_test/52678.jpg,60.0,80.0,0.75,RGB,JPEG,1310,06407e16bddb46e02ada46a9a167bf996851d942f8a368004d4ff2ce1382bd90
52679,data/raw/teacher/test/images_test/52679.jpg,60.0,80.0,0.75,RGB,JPEG,23616,7873fe186c886d788dcda26b081da9bfabd64480465d6c00bc2fbaa78b70f0a2
52680,data/raw/teacher/test/images_test/52680.jpg,60.0,80.0,0.75,RGB,JPEG,1421,3c39d0a3bb9a158b696e89591ca1db8ed5666eeb15d2b383a1cefe33ec69c87c
52681,data/raw/teacher/test/images_test/52681.jpg,60.0,80.0,0.75,RGB,JPEG,1395,b1911e1f3b9eeaf78fc62283a19f7908d55d5dceb1d89451bde3c4dbab7970b7
52682,data/raw/teacher/test/images_test/52682.jpg,60.0,80.0,0.75,RGB,JPEG,1033,24c2ce35ed799f6f7c1dbd4588f9c55c1a674ab06bb9bc90d3189950eae6d1e5
52683,data/raw/teacher/test/images_test/52683.jpg,60.0,80.0,0.75,RGB,JPEG,1265,e34e2229708123f98d85140ed3cf5dbada08df2d90a9cddc7fb328ed5c12d648
52684,data/raw/teacher/test/images_test/52684.jpg,60.0,80.0,0.75,RGB,JPEG,1142,0a16169d9c09cfa875859f8e9ff8d21e813fb2058829aebcf63d83198fa95c9e
52686,data/raw/teacher/test/images_test/52686.jpg,60.0,80.0,0.75,RGB,JPEG,22271,6eb6a541d67da4f7c3fb7425795cce6961acaf3bf8dc9ae86511fab55b8c8865
52687,data/raw/teacher/test/images_test/52687.jpg,60.0,80.0,0.75,RGB,JPEG,20887,4e5ce4ff3631946a5a1ab01e7b67001db30a6aa7bfa479533c371011577c00a6
52688,data/raw/teacher/test/images_test/52688.jpg,60.0,80.0,0.75,RGB,JPEG,20240,733c15872cd8a4992f7885e7d602de6547e67338db951d69abbf03edb3f66802
52690,data/raw/teacher/test/images_test/52690.jpg,60.0,80.0,0.75,RGB,JPEG,16766,88fcf237f3bba9f130dbb6a68ab2f4ea6efeb97cd5ecb0d7e50ef2254243f995
52691,data/raw/teacher/test/images_test/52691.jpg,60.0,80.0,0.75,RGB,JPEG,19596,f4375b51df9e6068fe7d6a8e329113cbd5630427c14d0e03507eff7dcfd0a315
52692,data/raw/teacher/test/images_test/52692.jpg,60.0,80.0,0.75,RGB,JPEG,14855,aca79b4a9457f75616a0142e631a3b4fd87b05fa0f1055facf805f2f948b90f3
52693,data/raw/teacher/test/images_test/52693.jpg,60.0,80.0,0.75,RGB,JPEG,15539,6dc34842590dc3398984638445997a5a97c7701549d99425f54df9544e6d2458
52694,data/raw/teacher/test/images_test/52694.jpg,60.0,80.0,0.75,RGB,JPEG,21874,b95027e48aeb6414475aa3734f3852e0d596b152091f867d50c240db77514d5f
52695,data/raw/teacher/test/images_test/52695.jpg,60.0,80.0,0.75,RGB,JPEG,18442,2ef6e1e1770c364672d33733f7066038038c243858d1d697ce30b57d8a60169a
52749,data/raw/teacher/test/images_test/52749.jpg,60.0,80.0,0.75,RGB,JPEG,17309,328ca2063b1fc2a27f2dc636b28b6e9328d2c5d7945abbbf497f2383edc3a421
52751,data/raw/teacher/test/images_test/52751.jpg,60.0,80.0,0.75,RGB,JPEG,18208,4755190d1b20ec24f3e6a273a853ad1d9d2c7279a9cebd5df32fe16408794b09
52754,data/raw/teacher/test/images_test/52754.jpg,60.0,80.0,0.75,RGB,JPEG,13444,03980f6f8befd228b3b7281819f61d2ae976e26c3892df32b71159ca8bbb8f22
52756,data/raw/teacher/test/images_test/52756.jpg,60.0,80.0,0.75,RGB,JPEG,16675,3443793bc5cd4db322837b105f8ea5668ca146c19bfbf10113726bf7a08a2ce6
52758,data/raw/teacher/test/images_test/52758.jpg,60.0,80.0,0.75,RGB,JPEG,20092,96fdfe527f032a60205796f35b1daf5ccf4d722a9d914530eecef4df4eed4db3
52759,data/raw/teacher/test/images_test/52759.jpg,60.0,80.0,0.75,RGB,JPEG,20791,86a54d3da9d6da9f5a9250d73e5a027f4bbb0b8edf1fb467cebbf0f1dda2937c
52766,data/raw/teacher/test/images_test/52766.jpg,60.0,80.0,0.75,RGB,JPEG,20141,9c89cc1a5bf69a4d01ab83918ee3eb1bf7b4eec872c2e9140cf7c5ea7efd8acc
52767,data/raw/teacher/test/images_test/52767.jpg,60.0,80.0,0.75,RGB,JPEG,12411,f0d6b2fce8ac15b8f927fb56fe2f79b5bf7b9892f52f3f749bc40f79e00e7f64
52768,data/raw/teacher/test/images_test/52768.jpg,60.0,80.0,0.75,RGB,JPEG,19204,696a7d0049f94e99db286fab914078a194c3ae56adba06b0d3b80b5807b82c14
52772,data/raw/teacher/test/images_test/52772.jpg,60.0,80.0,0.75,RGB,JPEG,11667,7d6008a24cef6e65784558725bb071406e8ad47d274a0e514c94ae042d87fa93
52773,data/raw/teacher/test/images_test/52773.jpg,60.0,80.0,0.75,RGB,JPEG,10692,8e636e7579e29ed203b5eec59f282690283d589ad9fddf126eae1faeef06a151
52774,data/raw/teacher/test/images_test/52774.jpg,60.0,80.0,0.75,RGB,JPEG,2645,248de75e98800ac1cae66bd6d96bbf15e637c6bd64cfba83b67c56bca8f5fd5b
52775,data/raw/teacher/test/images_test/52775.jpg,60.0,80.0,0.75,L,JPEG,2117,9346863ab260754b355fb22289aad2d4199e69dd41de3428eb8aaddd46d52c23
52776,data/raw/teacher/test/images_test/52776.jpg,60.0,80.0,0.75,RGB,JPEG,3125,d86eb87180559530dbf16c110b5609bc0c709aa1818e4b4921e880f34c620124
52777,data/raw/teacher/test/images_test/52777.jpg,60.0,80.0,0.75,RGB,JPEG,20268,22fe2f965b745f698afc435f31820fcc42dc1f161bcf373524ad38f20872c163
52778,data/raw/teacher/test/images_test/52778.jpg,60.0,80.0,0.75,L,JPEG,2109,60ca42a34af8d09abc7507814a2765fabd823f8dc2cac4ed27628682fcc524ac
52779,data/raw/teacher/test/images_test/52779.jpg,60.0,80.0,0.75,RGB,JPEG,17876,660f9b80760b9da8c41d04fd6a843b3af1c0c30c855cb6642119dfc2f73fe316
52780,data/raw/teacher/test/images_test/52780.jpg,60.0,80.0,0.75,RGB,JPEG,18459,f6cc7e64c01143008fed97b2cb0d1a9bbf18d1030b46e2ff2c8842c87df43867
52781,data/raw/teacher/test/images_test/52781.jpg,60.0,80.0,0.75,L,JPEG,11802,2b74f92255aab9850a23993603083d4ea7f9b1648aaa7f894132fa8f3d6fb239
52782,data/raw/teacher/test/images_test/52782.jpg,60.0,80.0,0.75,RGB,JPEG,3186,a5ed94e3e60247d21b5e519a422347f06b06bd07e380f12ff3acf3ad5bd0a771
52784,data/raw/teacher/test/images_test/52784.jpg,60.0,80.0,0.75,L,JPEG,17861,c13d4e326611205fb7fda3c102ea046c02072f2fce68710ca4c6c0445a386716
52785,data/raw/teacher/test/images_test/52785.jpg,60.0,80.0,0.75,RGB,JPEG,1886,ed4392a933282c54bc4ede320a6d74ed6978462197c59a650da7e7e846810ca0
52786,data/raw/teacher/test/images_test/52786.jpg,60.0,80.0,0.75,RGB,JPEG,14389,c7f23a1c5c568e5af16e179ebdb68fdbc835625cc33779782f07d11a5770798c
52789,data/raw/teacher/test/images_test/52789.jpg,60.0,80.0,0.75,RGB,JPEG,17603,bc9164c9a391dbfccf275d3435d1c50f0f91eacaa3a3c98698ce7be9b4659738
52791,data/raw/teacher/test/images_test/52791.jpg,60.0,80.0,0.75,RGB,JPEG,17777,7dacbebd3bf6df38157506e3855e5ced25e2cddc768f7ac1d208038df0fe6bec
52792,data/raw/teacher/test/images_test/52792.jpg,60.0,80.0,0.75,RGB,JPEG,16970,2482a06428dd42f4839a7375b432cc2997beba5ca7b2cb7587eaa0efe6a63641
52793,data/raw/teacher/test/images_test/52793.jpg,60.0,80.0,0.75,RGB,JPEG,12430,c3d49a749fdee2021ecedfbff93a40ccc8ecdc2cf932e383f510f6f3090a968b
52794,data/raw/teacher/test/images_test/52794.jpg,60.0,80.0,0.75,RGB,JPEG,17549,e9e0cd532c83381ba02d7932dbaaf41d797d14df27089a9544a6ea55a771008d
52795,data/raw/teacher/test/images_test/52795.jpg,60.0,80.0,0.75,RGB,JPEG,11204,cef9cd08c8e7cb1309d91e39e1610da6cb5481a8a3482950a3d8be390b1d9da0
52796,data/raw/teacher/test/images_test/52796.jpg,60.0,80.0,0.75,RGB,JPEG,17343,fa9799483bc1c66acc9671188047d8bd165db5e94b4ca1ab9b8851ebfabd8a2b
52797,data/raw/teacher/test/images_test/52797.jpg,60.0,80.0,0.75,RGB,JPEG,11426,a48f75fbc79cad67680b7d4d2b41c531d564decbbf6ed471ed6c988a8c62fc35
52798,data/raw/teacher/test/images_test/52798.jpg,60.0,80.0,0.75,RGB,JPEG,17820,43d6ea9e3c56bb8f2f161c7ff7a9e1587f36c00573c8743663dafc6fb8da1157
52799,data/raw/teacher/test/images_test/52799.jpg,60.0,80.0,0.75,RGB,JPEG,11075,41c9535efce198ed31776c29a5525612406981f76f5a280e6bc93869f5d13264
52800,data/raw/teacher/test/images_test/52800.jpg,60.0,80.0,0.75,RGB,JPEG,17745,aca8ca0f1cfb04f5ce39879cd7d48fcee66d07c8f00277dcb378b45f26479896
52801,data/raw/teacher/test/images_test/52801.jpg,60.0,80.0,0.75,RGB,JPEG,17865,b9514920e03af4595b6e31d496d372203fffd7d20901e0e51c3547250d98b75f
52802,data/raw/teacher/test/images_test/52802.jpg,60.0,80.0,0.75,RGB,JPEG,17813,0a1568f8d06904ef4ef25a114731bfcf5d2cf5be563a7927e31bf2a68bf84182
52803,data/raw/teacher/test/images_test/52803.jpg,60.0,80.0,0.75,RGB,JPEG,13243,28c0029f64b334a672cc9d78064754d72c7553909c13fe5134cb68054cf43510
52804,data/raw/teacher/test/images_test/52804.jpg,60.0,80.0,0.75,RGB,JPEG,17675,436ee43914de46d3d683cc745f0d4195574d4d563b07e6ca55dbee71e44f90f2
52805,data/raw/teacher/test/images_test/52805.jpg,60.0,80.0,0.75,RGB,JPEG,11763,449f024eb9c281cc64b7052b1e76c3ad0d04e6b68727601043ca4e0400ce27e4
52806,data/raw/teacher/test/images_test/52806.jpg,60.0,80.0,0.75,RGB,JPEG,18234,7e68f841b2a2b2bc96e651a57176d7082a31d46f058d53bd061fed21959cf838
52807,data/raw/teacher/test/images_test/52807.jpg,60.0,80.0,0.75,RGB,JPEG,12026,066164dd88bf4df45c0420b6ce0002cc8146c14cd8b12b19622db753c2bc6abf
52808,data/raw/teacher/test/images_test/52808.jpg,60.0,80.0,0.75,RGB,JPEG,18254,32a53470577ebc63d3ff1ec08e169dd48752a573bcd654e494d4b411aca6e07c
52809,data/raw/teacher/test/images_test/52809.jpg,60.0,80.0,0.75,RGB,JPEG,12280,29aef1ffd3eb683d645954ac088e36d70567810eefbad81597fe95a656949f24
52810,data/raw/teacher/test/images_test/52810.jpg,60.0,80.0,0.75,RGB,JPEG,12675,a18e9cfe4327514764b67542aa2260310ad6bf11079a7f34bcda0c3c9405a4eb
52811,data/raw/teacher/test/images_test/52811.jpg,60.0,80.0,0.75,RGB,JPEG,17846,a6864b269f9a3a9e9ddedea898badde460e92adc56822abfd75959b509316d97
52812,data/raw/teacher/test/images_test/52812.jpg,60.0,80.0,0.75,RGB,JPEG,18261,244a1e6f9460a0a02d03b0b08c8860cbf9e02f90b3046c7fc38bb1eda3ef38c5
52813,data/raw/teacher/test/images_test/52813.jpg,60.0,80.0,0.75,RGB,JPEG,12193,904755ceb7c42201cbb3a26ad1c95e82c30cd7d86f93dce5c68a2ae681886239
52814,data/raw/teacher/test/images_test/52814.jpg,60.0,80.0,0.75,RGB,JPEG,18162,977611422a1e9d49b4d08d750a85c3fa0400af12e309da236d61c718e8b7b52f
52816,data/raw/teacher/test/images_test/52816.jpg,60.0,80.0,0.75,RGB,JPEG,1639,2176e80fefdac78aea74fd35db28550cbe6507bb786cf070dd4d02aef8329661
52817,data/raw/teacher/test/images_test/52817.jpg,60.0,80.0,0.75,RGB,JPEG,11854,a4176abbc90ecaa6ed9034e62309539a80cc9a5cfa011a30af4e69a2ff39866c
52818,data/raw/teacher/test/images_test/52818.jpg,60.0,80.0,0.75,RGB,JPEG,14644,01aac022f92ce6542c8a443fd01b92a580b52387a25a2ef9e09d449c45f56b4b
52819,data/raw/teacher/test/images_test/52819.jpg,60.0,80.0,0.75,RGB,JPEG,17058,347a2f1327b557be0868973fec47d91950cfa758d65359d161f571a5ab4cca02
52820,data/raw/teacher/test/images_test/52820.jpg,60.0,80.0,0.75,RGB,JPEG,10443,78b4549401edc7661f15834dc024e8da2b00a3bebf8db6709bd0ddf2e6e41710
52822,data/raw/teacher/test/images_test/52822.jpg,60.0,80.0,0.75,RGB,JPEG,14893,c3d4ca66f9526c5be444e9acd88f1b6c7fd23a23abc48b24199cc5f198bd22c3
52823,data/raw/teacher/test/images_test/52823.jpg,60.0,80.0,0.75,RGB,JPEG,3114,071dc66a44b934b317a2fab772796db35a85e439d1658883c0b4f77881e07aa6
52825,data/raw/teacher/test/images_test/52825.jpg,60.0,80.0,0.75,RGB,JPEG,19666,fb779d22b91070e5de71979d71edef5128a7fffd646175da2136a45c70b192a6
52827,data/raw/teacher/test/images_test/52827.jpg,60.0,80.0,0.75,RGB,JPEG,20707,d508e679a25589ddb103e19e64d1969cf5acda3bde801ea632eb565cae30e934
52828,data/raw/teacher/test/images_test/52828.jpg,60.0,80.0,0.75,RGB,JPEG,3029,4fbaf2c801b8663aabb3dbf4cb2c36e2b2f1d4d52bbd407ca6a58eff65dd5a0c
52831,data/raw/teacher/test/images_test/52831.jpg,60.0,80.0,0.75,RGB,JPEG,33376,61cb8eea9522c9157538fbe701d89eac86dc5efca4f76031c2176b0c9f6bcb46
52834,data/raw/teacher/test/images_test/52834.jpg,60.0,80.0,0.75,RGB,JPEG,3067,79cd348b93fce9a62bdfd7520fd25026da196373343f875edc684a1e8e74633d
52835,data/raw/teacher/test/images_test/52835.jpg,60.0,80.0,0.75,RGB,JPEG,20277,20887d80ae42d910887fcc0e34332de2bc2bc6ece50a55a6cc39618165655863
52836,data/raw/teacher/test/images_test/52836.jpg,60.0,80.0,0.75,RGB,JPEG,20908,27e216fe2ce0e1fc141c8b8d9db69e0e0c18a53b656bb812b5fad8ff699420ac
52837,data/raw/teacher/test/images_test/52837.jpg,60.0,80.0,0.75,RGB,JPEG,18570,91e47b289525f0da5a61449c5c10fa3cb21e219afe6071c0aba413d25e0d943b
52839,data/raw/teacher/test/images_test/52839.jpg,60.0,80.0,0.75,RGB,JPEG,20223,a6367e9c73a15a0d433ca2c1da3bf614401c2aa051bec1d5c78d53877a7d4ecd
52840,data/raw/teacher/test/images_test/52840.jpg,60.0,80.0,0.75,RGB,JPEG,18005,b9499cb8c99a6c12bdb3e9a65509e3a59eaf05f06ab6cad12b3a3b225d5d1ea3
52841,data/raw/teacher/test/images_test/52841.jpg,60.0,80.0,0.75,RGB,JPEG,14529,5c83197489cc637228f0db084cfcab922dab1c2c8e3de52d7ddb6f49cba3b387
52842,data/raw/teacher/test/images_test/52842.jpg,60.0,80.0,0.75,RGB,JPEG,19388,11a38d3a183c4f7cfb51110ebd4a5b865b241573caad7c304705f12ad0e5ab09
52846,data/raw/teacher/test/images_test/52846.jpg,60.0,80.0,0.75,RGB,JPEG,13381,72263a841ab316c2d46e49d8095c2bdbbfc60e0b790d21cfda2320302a88b6d7
52847,data/raw/teacher/test/images_test/52847.jpg,60.0,80.0,0.75,RGB,JPEG,60423,b64b7d5bcafe5fa2cee72d4283de56d4cd7507e46c5ea66613091b1dde1db071
52848,data/raw/teacher/test/images_test/52848.jpg,60.0,80.0,0.75,RGB,JPEG,3704,d2816b73f81d4eefc298ebaca5892b53cea1e6ff4ee63d9d0df147c48c96b3d7
52850,data/raw/teacher/test/images_test/52850.jpg,60.0,80.0,0.75,RGB,JPEG,14543,f966ef0dec98dbf9757897aeeac8c66b2e8279331f08fd04556091a0ae13f92a
52851,data/raw/teacher/test/images_test/52851.jpg,60.0,80.0,0.75,RGB,JPEG,13727,38933823254163eb66f74b911ddbcf9e40e6f8302c52ce4ca8fbc2a040b2d9a3
52852,data/raw/teacher/test/images_test/52852.jpg,60.0,80.0,0.75,RGB,JPEG,16837,4cfcf11526be3a2f37e9b251c8063d9c8efe2d2ed25616844fe465644de94450
52854,data/raw/teacher/test/images_test/52854.jpg,60.0,80.0,0.75,RGB,JPEG,23006,57cdc3b63614dd7e4f1495479f15cc4deda571a44ce001866a3f7644020ba348
52855,data/raw/teacher/test/images_test/52855.jpg,60.0,80.0,0.75,RGB,JPEG,57695,43ff570c1ff63d479344ef38e77356851d6b5b5fa144bcbbfa16e3d9f1842b02
52859,data/raw/teacher/test/images_test/52859.jpg,60.0,80.0,0.75,RGB,JPEG,20056,4cf632f8c50e9ac6b1920c02476eb8fefb727351e0c25ec14833743a9e7142c0
52860,data/raw/teacher/test/images_test/52860.jpg,60.0,80.0,0.75,RGB,JPEG,13706,f0ec129ba7624e21c7944bc52fc1e26ed5670edac582407d9fccaed3dc78164d
52862,data/raw/teacher/test/images_test/52862.jpg,60.0,80.0,0.75,RGB,JPEG,3266,6332710daae30ae22e7cc5cf895ec23295feeafdba2054d0a81b0f4e5af021d5
52863,data/raw/teacher/test/images_test/52863.jpg,60.0,80.0,0.75,RGB,JPEG,36289,0ad7a640a6af77bee0e8d61be785d82d75c7a20f5782f78fbeb7ade938e42fda
52864,data/raw/teacher/test/images_test/52864.jpg,60.0,80.0,0.75,RGB,JPEG,20326,4162b033de33f85c0d2c4c600549381ccc59961568a5e936103b19152598e60e
52868,data/raw/teacher/test/images_test/52868.jpg,60.0,80.0,0.75,RGB,JPEG,17576,ba6b42f5f8c3ed7d760110780a6c03e259f42e361cafc17d168fe1ce22514856
52869,data/raw/teacher/test/images_test/52869.jpg,60.0,80.0,0.75,RGB,JPEG,68591,1c38d5e80fc915f411e2e8ae6f32f5e068b7285077832c1b72cb56e60c2da2f3
52871,data/raw/teacher/test/images_test/52871.jpg,60.0,80.0,0.75,RGB,JPEG,25302,269a258619fe59b2dba1300127daf3226bbfcbbc59d79bcac8c94841714e3d5d
52874,data/raw/teacher/test/images_test/52874.jpg,60.0,80.0,0.75,RGB,JPEG,19539,f350ffe3130684fe1d9366ea0c2aeb87b87d2c967e3d0d9d1e5d1df25b6822b1
52875,data/raw/teacher/test/images_test/52875.jpg,60.0,80.0,0.75,RGB,JPEG,17208,d80d0686f829f908757b06fcf5818803ec0bc7a41a22e909dd170da5f9c684ec
52876,data/raw/teacher/test/images_test/52876.jpg,60.0,80.0,0.75,RGB,JPEG,18503,9c456df78990789cc89b9b7210e749a3ef7b1bd5b5a937fd39d8e0469290ac69
52877,data/raw/teacher/test/images_test/52877.jpg,60.0,80.0,0.75,RGB,JPEG,25386,15201df05099ed1bbd59c3281b075bbb0df7ccf8c4a25db3b86dc810d49765d2
52878,data/raw/teacher/test/images_test/52878.jpg,60.0,80.0,0.75,RGB,JPEG,15793,28f98e77997b0c7fbeff1d6eb52ed17ed36f55ca0176b683ff8bdb6cf7e10547
52879,data/raw/teacher/test/images_test/52879.jpg,60.0,80.0,0.75,RGB,JPEG,15265,073207e71942611406bdc7dccbd12db7241f860f39904e72e0a5da4bd3f1556c
52880,data/raw/teacher/test/images_test/52880.jpg,60.0,80.0,0.75,RGB,JPEG,24506,ddb3db851450c3f42648710f51dacf9f742c60a32d093b4d127a1343dfb9900e
52881,data/raw/teacher/test/images_test/52881.jpg,60.0,80.0,0.75,RGB,JPEG,21141,ffb60e8b88a2247cef301f784ba3d74a5b71016f8b42509631cbdcc9f41a88a3
52882,data/raw/teacher/test/images_test/52882.jpg,60.0,80.0,0.75,RGB,JPEG,3480,d3933939f53281689a9ca05639dcdf088a8c472e5e4786ab495be6e4fb52f823
52883,data/raw/teacher/test/images_test/52883.jpg,60.0,80.0,0.75,RGB,JPEG,3513,1d4eac0549a22df78fea328e5d9336fdab2cdac0028014fc9dc5b1ddf1867a7f
52884,data/raw/teacher/test/images_test/52884.jpg,60.0,80.0,0.75,RGB,JPEG,23615,9c046011a85f84e322fef0afd59cc10a9e04890b7e7d142d54da03d61f1ff14a
52885,data/raw/teacher/test/images_test/52885.jpg,60.0,80.0,0.75,RGB,JPEG,16219,566331c62a4e1a3f98a8f2df53599af950f7d3c6509bb39348f2df4687e2726b
52886,data/raw/teacher/test/images_test/52886.jpg,60.0,80.0,0.75,RGB,JPEG,24014,cdc3cd427b36184da846de5cbe0bf8c27e8debcedb3e62cc4791eccf91b32862
52887,data/raw/teacher/test/images_test/52887.jpg,60.0,80.0,0.75,RGB,JPEG,16881,32f7238cf504a93499403d5602c4e9116f34b2034d166bc8b196ec65f68f126a
52888,data/raw/teacher/test/images_test/52888.jpg,60.0,80.0,0.75,RGB,JPEG,23157,e9cfe9ff839ad3e486d9213bcce309753539d6f67ba493f58e61ebb692caa35c
52889,data/raw/teacher/test/images_test/52889.jpg,60.0,80.0,0.75,RGB,JPEG,16928,f5fe76c0449cd5f39ec98d4fb350e8e7fbf4c0d43f55cb3ed9c14c938cc9af3b
52890,data/raw/teacher/test/images_test/52890.jpg,60.0,80.0,0.75,RGB,JPEG,23200,15ad5a861882fada8a5da5e819363990acc2581d76e109536ce77c97bcc13aa9
52891,data/raw/teacher/test/images_test/52891.jpg,60.0,80.0,0.75,RGB,JPEG,23291,c7ca4cbc09dd8497100458d8072070b2c6218edd79c9bc668a5a893786e673e5
52892,data/raw/teacher/test/images_test/52892.jpg,60.0,80.0,0.75,RGB,JPEG,25396,c841f33fab8d68ddefabea4b5ffea567a6174657fc9780ecccaf2fdeff2bc86f
52893,data/raw/teacher/test/images_test/52893.jpg,60.0,80.0,0.75,RGB,JPEG,19179,96d1489bda03490b634d6cc25de4a4ccce41be8227f18d9a68516f638a8da452
52894,data/raw/teacher/test/images_test/52894.jpg,60.0,80.0,0.75,RGB,JPEG,3496,a8a3c26e96a0ef7e1f2070f2123b4499b1ab46c06bf57ee73e0035ef2afde412
52895,data/raw/teacher/test/images_test/52895.jpg,60.0,80.0,0.75,RGB,JPEG,16681,d56257d8139fd3f4b986ff3f38b7deae9915b52e147067cef5ad5ee9ee1504bf
52896,data/raw/teacher/test/images_test/52896.jpg,60.0,80.0,0.75,RGB,JPEG,23180,6837deaf8cfd554f9dc27f10b4f2845e2363a57959b7059c313087f66e98f931
52897,data/raw/teacher/test/images_test/52897.jpg,60.0,80.0,0.75,RGB,JPEG,15739,53da95485d089f07fe1c2fcccd50b6460bb1eb421084ad9a72ec3ab7217f0385
52898,data/raw/teacher/test/images_test/52898.jpg,60.0,80.0,0.75,RGB,JPEG,16899,46bb61d1e66587d96c8fe1546acac7aa4c4e762268f2456e18b155907e234cdd
52899,data/raw/teacher/test/images_test/52899.jpg,60.0,80.0,0.75,RGB,JPEG,16113,50484af93401e4edd170e4e2566e492bdee3b1915846d90886a3d3a8c6e29b7f
52901,data/raw/teacher/test/images_test/52901.jpg,60.0,80.0,0.75,RGB,JPEG,16859,dc9e778a013c9fe20322e43bcc794cc609a371c64d4d8ec6fe28a09ee2431f25
52902,data/raw/teacher/test/images_test/52902.jpg,60.0,80.0,0.75,RGB,JPEG,24705,151cb4a6f455e11f7b798e82bd26c242d4b12034fb109fc8d44d3d48d1c9de5d
52903,data/raw/teacher/test/images_test/52903.jpg,60.0,80.0,0.75,RGB,JPEG,2737,6b25ed314f568e1b5ea4aa54061b349d36efe3233aaf2c47c65818b7d9336249
52904,data/raw/teacher/test/images_test/52904.jpg,60.0,80.0,0.75,RGB,JPEG,16489,fc2df31c51dc7ab416ca09b836f8602123f93387afa9a6b008fd91c6a6cdc37d
52905,data/raw/teacher/test/images_test/52905.jpg,60.0,80.0,0.75,RGB,JPEG,16772,dcbddca0c707c0436f290cd8b1aaf5c41b7d55ad6b2178571eb1e2452f5aa8e0
52906,data/raw/teacher/test/images_test/52906.jpg,60.0,80.0,0.75,RGB,JPEG,23247,01282c7416a46e0907fea8c96a70c2e5e0e7bc3637a8e41469ed912fd9c50df6
52907,data/raw/teacher/test/images_test/52907.jpg,60.0,80.0,0.75,RGB,JPEG,17412,923773ef4f93efc062f0ae2982839121b320b52eedb5d82fe6a84cd6d04d60ae
52908,data/raw/teacher/test/images_test/52908.jpg,60.0,80.0,0.75,RGB,JPEG,25182,bf2319a731e920e5aca2d967752063e1178f24cc48b74d40a28ca26c6f66b786
52909,data/raw/teacher/test/images_test/52909.jpg,60.0,80.0,0.75,RGB,JPEG,22924,e03be4b58cf9941ccc65fe836a50a77db12e345fee4fae99f7c432fd5544b3bf
52910,data/raw/teacher/test/images_test/52910.jpg,60.0,80.0,0.75,RGB,JPEG,23498,1abc9a64846e552d13b79729df346775fc539273941f5c33ec8eb34b45729e98
52911,data/raw/teacher/test/images_test/52911.jpg,60.0,80.0,0.75,RGB,JPEG,16149,8e5f72222088d775b2f83558d8258ccad27c2e37b21284b7936d15b8f5ba8b2b
52912,data/raw/teacher/test/images_test/52912.jpg,60.0,80.0,0.75,RGB,JPEG,23739,29ac9dc06400e9877fd71db2f877c9bf1721355325423e6e8ffef987c2a1ece9
52913,data/raw/teacher/test/images_test/52913.jpg,60.0,80.0,0.75,RGB,JPEG,16700,dfa2d5b74bfcf4af3bf9a6b69b105577b8e361a2e7ea4471fec48d86f10eb93e
52914,data/raw/teacher/test/images_test/52914.jpg,60.0,80.0,0.75,RGB,JPEG,4076,f43a11d548daab314a164102b77ca5cfb93e082430292589cd53510cf760cde0
52915,data/raw/teacher/test/images_test/52915.jpg,60.0,80.0,0.75,RGB,JPEG,20481,bdf2367643162d1829680164cdec20cf0f1f26ec150e35b258c339da1cfaf580
52916,data/raw/teacher/test/images_test/52916.jpg,60.0,80.0,0.75,RGB,JPEG,4091,d755b3e4d485e0f07a45ca0defda2d3559bf474daf3ef05fc5054678fb8875a7
52917,data/raw/teacher/test/images_test/52917.jpg,60.0,80.0,0.75,RGB,JPEG,23401,8a6472e65bd07fdb31d94186eca10989953cd98f0d468e517bd1254062fa519e
52918,data/raw/teacher/test/images_test/52918.jpg,60.0,80.0,0.75,RGB,JPEG,22666,0848390d036ba556e5dab06016016f4e7f858594f2e7aa8965af1255b2d04d1e
52919,data/raw/teacher/test/images_test/52919.jpg,60.0,80.0,0.75,RGB,JPEG,23338,a9b80a9281641fd9ef89dfd71718227a6e864d2b072cdbc4cb5591c262ee3121
52920,data/raw/teacher/test/images_test/52920.jpg,60.0,80.0,0.75,RGB,JPEG,3023,10edb9e352326b18cfd77ae6e5934ad047b84cc64394a1de7317f6020be58c00
52921,data/raw/teacher/test/images_test/52921.jpg,60.0,80.0,0.75,RGB,JPEG,23615,ff64d85c09d86d9dc6dbe767b7bd36fa6990a2211d0f92d64c394b2fd323538e
52922,data/raw/teacher/test/images_test/52922.jpg,60.0,80.0,0.75,RGB,JPEG,16894,b0492171d88a8fac92e71021fe334a44bf457948bca95b7fab21a7a43b6e3dbb
52923,data/raw/teacher/test/images_test/52923.jpg,60.0,80.0,0.75,RGB,JPEG,14800,b52a9ea45decee6b0f46ced0d397bab43fd719c69131833f394aca9d2bcea97f
52924,data/raw/teacher/test/images_test/52924.jpg,60.0,80.0,0.75,RGB,JPEG,22587,fbe53e6c9f6b98c6a696784c1a2b250c2333d9aca6af11e7b747ed9c65be1b42
52925,data/raw/teacher/test/images_test/52925.jpg,60.0,80.0,0.75,RGB,JPEG,21451,1aca8b6fa0b68107f2ab23e0d288dbdfe52b6cb5cc507622da65b40240045f85
52926,data/raw/teacher/test/images_test/52926.jpg,60.0,80.0,0.75,RGB,JPEG,22179,e146d2fab3d8cf578846ea342ace5d896c02420d9c2dfaab25dcc1fc1aa4da17
52927,data/raw/teacher/test/images_test/52927.jpg,60.0,80.0,0.75,RGB,JPEG,26069,91896cab368ce71e38c2a68528a7302cf91cd701afed752b1296f4caac963821
52928,data/raw/teacher/test/images_test/52928.jpg,60.0,80.0,0.75,RGB,JPEG,25268,162dbf9f05095573210c2b7dd75dca76f080f261126253239663202e91ad4f6c
52929,data/raw/teacher/test/images_test/52929.jpg,60.0,80.0,0.75,RGB,JPEG,19269,492a5667e0d9ea0fc41d25c9c3bc54e3f38292fcfafa58cd29888ec514c8052d
52930,data/raw/teacher/test/images_test/52930.jpg,60.0,80.0,0.75,RGB,JPEG,16993,636d2430596847f512cc60ecc9b07af940c0ec50863059acf795019471b33c0a
52931,data/raw/teacher/test/images_test/52931.jpg,60.0,80.0,0.75,RGB,JPEG,25520,eb5deb2ddf9401c596b8204813e3112da6044b8c1e18c2e5ba4920a977f52406
52934,data/raw/teacher/test/images_test/52934.jpg,60.0,80.0,0.75,RGB,JPEG,21711,6ab2465fadc5b7b1fc4d49fc84547a2a09f28cf918f01e368b9a2315c4c63a84
52935,data/raw/teacher/test/images_test/52935.jpg,60.0,80.0,0.75,RGB,JPEG,24757,0dd141f8ba7e2ae4668c5a13b81a4fda7b323dfb4b3eb98b2538e5646465c144
52936,data/raw/teacher/test/images_test/52936.jpg,60.0,80.0,0.75,RGB,JPEG,25159,74fdf519fe5dfb099b6d13441334c4297719bf38a1705df42e4429997c74de27
52937,data/raw/teacher/test/images_test/52937.jpg,60.0,80.0,0.75,RGB,JPEG,24660,2749255cbfc47fd89693b2507b81b2a17f3b761a08f4c5e0fede2238ff169fc1
52938,data/raw/teacher/test/images_test/52938.jpg,60.0,80.0,0.75,RGB,JPEG,14770,5ec9bcf6a0e32342ee995f6657aa02d7383e31810faa202770a34c4074845c49
52940,data/raw/teacher/test/images_test/52940.jpg,60.0,80.0,0.75,RGB,JPEG,25477,3e4464824ff92bcabcafe2e4e30632c4cfb21597dd584eb02f99e657aacd2624
52941,data/raw/teacher/test/images_test/52941.jpg,60.0,80.0,0.75,RGB,JPEG,26033,1874f85b305443472ef952f7639876a9d818f6be72204fd41f5fe16abe53e96d
52942,data/raw/teacher/test/images_test/52942.jpg,60.0,80.0,0.75,RGB,JPEG,24179,a738ff0d8307d45da9e966f0f1d56d91c656e84246e887e814147459111a6fdc
52943,data/raw/teacher/test/images_test/52943.jpg,60.0,80.0,0.75,RGB,JPEG,24491,9191e784b1b0ddce6f11ea2edd469e6073e04e61bfd9a69be44f9bd4297717f7
52944,data/raw/teacher/test/images_test/52944.jpg,60.0,80.0,0.75,RGB,JPEG,17445,79a6a9537a3a9ca64c1c7f16b7bc487b348f1ae2acca331a3a6f014b06ba35ca
52945,data/raw/teacher/test/images_test/52945.jpg,60.0,80.0,0.75,RGB,JPEG,25652,73e070e23cd93989d01ae12540a8c608f773231f4b8ab36c362c037ca80139b3
52946,data/raw/teacher/test/images_test/52946.jpg,60.0,80.0,0.75,RGB,JPEG,16907,03969968deba5acd4a72a1beed42989de1ab5443295c8ba4e2afd8636f7df3f7
52947,data/raw/teacher/test/images_test/52947.jpg,60.0,80.0,0.75,RGB,JPEG,4240,291f912236e1147179d8086daf02919c8dcf32f5fea467fdc89efebb5bd7bc1a
52948,data/raw/teacher/test/images_test/52948.jpg,60.0,80.0,0.75,RGB,JPEG,17544,35f31e353d68d7188904db5c3b4217f129281e857608226bb63ef6bc390028a8
52949,data/raw/teacher/test/images_test/52949.jpg,60.0,80.0,0.75,RGB,JPEG,17243,14a49fe12c896b3d622fd926b81b5926d3e85cd5801993eaafd8b1e5a20c776e
52950,data/raw/teacher/test/images_test/52950.jpg,60.0,80.0,0.75,RGB,JPEG,3756,a6d8535ba1aa5d408a0aab6e5c42c92f040f575f56c49998d15a3bd88bddbea3
52951,data/raw/teacher/test/images_test/52951.jpg,60.0,80.0,0.75,RGB,JPEG,3669,fb7ad2a2e897528d7e54be89307af44786e207eab1e88b4293d45d6937e06330
52952,data/raw/teacher/test/images_test/52952.jpg,60.0,80.0,0.75,RGB,JPEG,17394,31afb47b3d376bbc0b533ba071595ec0660192105fd1548d39e4fd3fad418ab8
52953,data/raw/teacher/test/images_test/52953.jpg,60.0,80.0,0.75,RGB,JPEG,4622,c3628b9134018d639db06268f1a795b201da1ae81acf7242398d3f8dc8fbb074
52954,data/raw/teacher/test/images_test/52954.jpg,60.0,80.0,0.75,RGB,JPEG,3921,093ede6840fe92181044b6276749ff06d80c94a240bc099623944185695160f2
52955,data/raw/teacher/test/images_test/52955.jpg,60.0,80.0,0.75,RGB,JPEG,15895,56365ae4b9d2a64d3caa8f67386545134004f1618c42c6c1cedea8a881f80892
52956,data/raw/teacher/test/images_test/52956.jpg,60.0,80.0,0.75,RGB,JPEG,3800,057b535f9a38b4d151df23314e3c046ee302d3ee1dbdfdfe9e589d7a4204e6ae
52957,data/raw/teacher/test/images_test/52957.jpg,60.0,80.0,0.75,RGB,JPEG,24130,a660d708033f50a00e1d5d9c8f3e8a8ac4469b91866b315946409c1c19701855
52958,data/raw/teacher/test/images_test/52958.jpg,60.0,80.0,0.75,RGB,JPEG,4105,59cc2a369ca2dd7b53b895d6ae117654508c9f9a76385a578e4975bdf270be49
52959,data/raw/teacher/test/images_test/52959.jpg,60.0,80.0,0.75,RGB,JPEG,16214,939fe3baa593b189d3130518bb1a7451099a6c148a48f98318ce85ca9340b6d6
52960,data/raw/teacher/test/images_test/52960.jpg,60.0,80.0,0.75,RGB,JPEG,28579,96af5fb04d8e3f1793a0ecfd8ed59fb75f86407938a5af851a7be73ab02da6d8
52961,data/raw/teacher/test/images_test/52961.jpg,60.0,80.0,0.75,RGB,JPEG,3636,68fe849efdeb3ac1baffd96588842a623f34ccf184a251653285fa656e647f5c
52962,data/raw/teacher/test/images_test/52962.jpg,60.0,80.0,0.75,RGB,JPEG,3748,b4f3b5a2d368056cfff458f35f990e961a1ab22212b012c28a151cd60b96caed
52963,data/raw/teacher/test/images_test/52963.jpg,60.0,80.0,0.75,RGB,JPEG,16341,2d9bde0483925ab50dc9bc014e54ce8b4f3ed7fe584a43c51611d74014da5f9a
52964,data/raw/teacher/test/images_test/52964.jpg,60.0,80.0,0.75,RGB,JPEG,17313,a66385f81cdc1f81fc923cf56fae60d7540050f02f4e9bcff766a41d4fbfa177
52965,data/raw/teacher/test/images_test/52965.jpg,60.0,80.0,0.75,RGB,JPEG,16512,28b81ef7f8f5d3f1af7048f3db423c91c1ea5e6123267387d589c66867157b71
52966,data/raw/teacher/test/images_test/52966.jpg,60.0,80.0,0.75,RGB,JPEG,3675,822daa12289382bf9ace1e56b6ebd835430ed3c23de4ca15371d26d3a30508be
52967,data/raw/teacher/test/images_test/52967.jpg,60.0,80.0,0.75,RGB,JPEG,16834,7ebe4b2729a88a5052c0a73a2206c9c13a6c61dafd31125b25143abe306d80fd
52968,data/raw/teacher/test/images_test/52968.jpg,60.0,80.0,0.75,RGB,JPEG,16620,8f6cacd7d186a1cb0490e9fa3402603d2e8578e10a6a74d8e4090925716ed921
52969,data/raw/teacher/test/images_test/52969.jpg,60.0,80.0,0.75,RGB,JPEG,3403,c03b77c3600d15b2624861008ddf8345c941a243f717324f70c9551ac1167793
52970,data/raw/teacher/test/images_test/52970.jpg,60.0,80.0,0.75,RGB,JPEG,17094,cd1f517307882d1bf0c5522a87d409c90c19688ab06a3de973217bbf066e27d5
52971,data/raw/teacher/test/images_test/52971.jpg,60.0,80.0,0.75,RGB,JPEG,18346,7084944c8b771a696f838a6e6151af03959bdaa06c9837370ac3c61811770fdc
52972,data/raw/teacher/test/images_test/52972.jpg,60.0,80.0,0.75,RGB,JPEG,23779,e3cef7b4103f5d042e1bf7cfb2cb6e3756112c9d6da8ab7305de82ebfde86bdb
52973,data/raw/teacher/test/images_test/52973.jpg,60.0,80.0,0.75,RGB,JPEG,3316,4a8f186c28f87acb0e1c0075d9e6facef734b628f808cd33abb75080db0024df
52975,data/raw/teacher/test/images_test/52975.jpg,60.0,80.0,0.75,RGB,JPEG,17279,47940213d542eef55f2ba9fbdad9e9ac7c9679f9506667cf1faf2e29bf9c696f
52976,data/raw/teacher/test/images_test/52976.jpg,60.0,80.0,0.75,RGB,JPEG,18653,f50ae5ee47166cabc5823260d499ab62fb23f6439e46a2604226c53dacdf9268
52978,data/raw/teacher/test/images_test/52978.jpg,60.0,80.0,0.75,RGB,JPEG,15652,05992a18b512659fe531b3be5ff7c99fa8cd02d569d22972b586840731c1f52f
52979,data/raw/teacher/test/images_test/52979.jpg,60.0,80.0,0.75,RGB,JPEG,23022,854ff439ff9887f69838e55d46081eeef9d91672f14bef7947f88b900c0fe204
52980,data/raw/teacher/test/images_test/52980.jpg,60.0,80.0,0.75,RGB,JPEG,17449,2fb96007a47e6f53171d8e154bc9a877bf411ac99646291e0528827910ba2630
52981,data/raw/teacher/test/images_test/52981.jpg,60.0,80.0,0.75,RGB,JPEG,22195,f777460878b1d622b00c495c7501ffede626c388ea889c2c703a1e6e10cab48d
52982,data/raw/teacher/test/images_test/52982.jpg,60.0,80.0,0.75,RGB,JPEG,3754,62d02a7b731698fb3302c7e60b34907d4a5fcf1798701ae776a5bffa3faef9c6
52983,data/raw/teacher/test/images_test/52983.jpg,60.0,80.0,0.75,RGB,JPEG,17637,6eadb937fe641065628bde1cb6bf89c3eacdfd4063d320969984494d91fe2f2f
52986,data/raw/teacher/test/images_test/52986.jpg,60.0,80.0,0.75,RGB,JPEG,15897,1151187f4be0f22634f2d7c589ec758b5a6010dacb547edda245ce7296485380
52987,data/raw/teacher/test/images_test/52987.jpg,60.0,80.0,0.75,RGB,JPEG,16578,489f2546b73daa6c7fd036339341bbfe45ea4569cfb8f0597a121fe5f7cb7446
52988,data/raw/teacher/test/images_test/52988.jpg,60.0,80.0,0.75,RGB,JPEG,18351,fa2be0734cd406e6a4e32059c64b2efa4d1506b4dbdbfcd632a8d3657ef22433
52989,data/raw/teacher/test/images_test/52989.jpg,60.0,80.0,0.75,RGB,JPEG,3703,94bd0b4dc4a130fcaab42e60be4a4e95fb70d25285219b58fc6064c918d7c8e7
52990,data/raw/teacher/test/images_test/52990.jpg,60.0,80.0,0.75,RGB,JPEG,17884,1884c8bd74afc417c6df5b85efacfef3b805a3b288845e05d16540effcdc88d4
52991,data/raw/teacher/test/images_test/52991.jpg,60.0,80.0,0.75,RGB,JPEG,4376,29a6f801b4546ced35e6b37f447f683533e1a461c2691bab13574629672d7092
52992,data/raw/teacher/test/images_test/52992.jpg,60.0,80.0,0.75,RGB,JPEG,16051,bf711503f8f3856168350e1791812528facb0e7506530adb465cce781f8dc483
52993,data/raw/teacher/test/images_test/52993.jpg,60.0,80.0,0.75,RGB,JPEG,21910,6697e2185fdd47f3429af2d55659375d94fd7cffb29fce470101e63f907fc7ae
52996,data/raw/teacher/test/images_test/52996.jpg,60.0,80.0,0.75,RGB,JPEG,3493,2853013ea612058c299dead9c977b98cf4dd0396063f81b277ae3a1ed777ba3f
52998,data/raw/teacher/test/images_test/52998.jpg,60.0,80.0,0.75,RGB,JPEG,17051,5f73f05d317c41fc51e3608b6f2f864ed4d14204d30ea28c5e809398f8d2a13c
52999,data/raw/teacher/test/images_test/52999.jpg,60.0,80.0,0.75,RGB,JPEG,24823,c7655d4338e92d7cd060c2796ffabc98d1e3b58265cb17a96d68f2ccc7d8c996
53000,data/raw/teacher/test/images_test/53000.jpg,60.0,80.0,0.75,RGB,JPEG,4077,00f87373d624ccd97f0e6003f9152558177eb23a3bd5af4ed2b1f925fc40e06d
53001,data/raw/teacher/test/images_test/53001.jpg,60.0,80.0,0.75,RGB,JPEG,26078,91150735e82692fa04c1ab0ffe60df1bab87a3004479f6e02fce142b0435076f
53002,data/raw/teacher/test/images_test/53002.jpg,60.0,80.0,0.75,RGB,JPEG,25509,761ca6d27e64eca1cda21e393229f28e8a42b28ffb5ea2e88b6cbf7ab0dc0307
53003,data/raw/teacher/test/images_test/53003.jpg,60.0,80.0,0.75,RGB,JPEG,25606,198b65111c2f9fafb0cdcf1949d4732fda694f5b30d532f24776ad0d01c0d239
53004,data/raw/teacher/test/images_test/53004.jpg,60.0,80.0,0.75,RGB,JPEG,27377,d0d0ddb56560f84f2c8fd3fc11c7aaa7fd84fb1514135b3759af7bd0a11a943f
53006,data/raw/teacher/test/images_test/53006.jpg,60.0,80.0,0.75,RGB,JPEG,26417,544d48954702969fba6aeb78ba5c60e2d7152afb7b8e424af957dbcc6152e3c0
53007,data/raw/teacher/test/images_test/53007.jpg,60.0,80.0,0.75,RGB,JPEG,26552,a84c75a85ecf5c9362089423108e2d691f7bec12217da59ccc245cb7e7c5ee3b
53008,data/raw/teacher/test/images_test/53008.jpg,60.0,80.0,0.75,RGB,JPEG,25152,c9ff0ca7a120d52f28fc007fef8b571f06b1f613b4a6b5c7881c18da59d5ba2e
53009,data/raw/teacher/test/images_test/53009.jpg,60.0,80.0,0.75,RGB,JPEG,16116,943c7c2f155196e945ae27dc60f2931ae08455dff0468911146e60903d8ea9e8
53010,data/raw/teacher/test/images_test/53010.jpg,60.0,80.0,0.75,RGB,JPEG,25994,4372e580a0f9aa7b982b14fd07f7b3b6c90ebe8c3cba175eb2b92219a80959ce
53011,data/raw/teacher/test/images_test/53011.jpg,60.0,80.0,0.75,RGB,JPEG,23798,dc9d33cf9cb36f35d3d3e197ffe76fbd8c8077d4e91516711c0352e2b2a829b2
53013,data/raw/teacher/test/images_test/53013.jpg,60.0,80.0,0.75,RGB,JPEG,16110,efd0357550d1dacabce4911791743755e93b0de952bd564b28ca0fe2c1095f3b
53014,data/raw/teacher/test/images_test/53014.jpg,60.0,80.0,0.75,RGB,JPEG,24369,e4a5637939b1c50d5c816a0cd5a4357685e62204d93d9c808cb391f2d65fb7e1
53015,data/raw/teacher/test/images_test/53015.jpg,60.0,80.0,0.75,RGB,JPEG,16646,9d1e77ac6742f915fcac318d23718500dad8c7214fec1f0408d3966abc0c3324
53016,data/raw/teacher/test/images_test/53016.jpg,60.0,80.0,0.75,RGB,JPEG,16534,4b09183f8ccb43d44590bac2dba2a5c358197babe21eddb9a0d43342287bb6f3
53017,data/raw/teacher/test/images_test/53017.jpg,60.0,80.0,0.75,RGB,JPEG,24393,a10a14f45fac568c45bdb66aa544038b4120f9e15f6c5ebf1e7de4f744e274b6
53019,data/raw/teacher/test/images_test/53019.jpg,60.0,80.0,0.75,RGB,JPEG,24425,787432cdc51e82219d88af58896755edaeec0ce632b120d9c4fd32ca7a75f84f
53020,data/raw/teacher/test/images_test/53020.jpg,60.0,80.0,0.75,RGB,JPEG,23306,48d8dc16496243b1935276845d2536e8d8b401bfb303c861040bbef86ebb045d
53021,data/raw/teacher/test/images_test/53021.jpg,60.0,80.0,0.75,RGB,JPEG,23716,19dc29b93bbe2fc5d8b1427d66fc210c91cfb95099b3cfbb29c55e909c26d897
53023,data/raw/teacher/test/images_test/53023.jpg,60.0,80.0,0.75,RGB,JPEG,3054,fe072a560d9a6d8e582ecf15d90ed4b2d92f136f36ac00b7d08346974d0bb437
53024,data/raw/teacher/test/images_test/53024.jpg,60.0,80.0,0.75,RGB,JPEG,16703,185eb5ff580d12b36e7325cf5c0e906f969638ca637e31fc408ea549eda2d419
53025,data/raw/teacher/test/images_test/53025.jpg,60.0,80.0,0.75,RGB,JPEG,16459,b84df1faa4ce5482d95b3a75bd8504fa9caffb483973b0f7eaba4ef6d9c335f7
53026,data/raw/teacher/test/images_test/53026.jpg,60.0,80.0,0.75,RGB,JPEG,22510,4043dab3984e4438564ef5815f7bbfb3434b2a6d4c831863e473b0e25c111dc7
53027,data/raw/teacher/test/images_test/53027.jpg,60.0,80.0,0.75,RGB,JPEG,16218,42c20a49b65c1f1b871700365d61121e796627c0b6ea6a1331de4822bea5801e
53029,data/raw/teacher/test/images_test/53029.jpg,60.0,80.0,0.75,RGB,JPEG,17548,da2c65667ae032111bbd7ba2efdb38624977aa87a0c1bec3dc9704000e653a5b
53030,data/raw/teacher/test/images_test/53030.jpg,60.0,80.0,0.75,RGB,JPEG,16532,00922e7637b9a80f35243eab4cc978fe0f613adbf3dbf187b9bae3fda8817cd0
53031,data/raw/teacher/test/images_test/53031.jpg,60.0,80.0,0.75,RGB,JPEG,16178,ef96552abcc201b5be255f32579bfa51fc9b9817da7e261d2fd69f7eca914a34
53032,data/raw/teacher/test/images_test/53032.jpg,60.0,80.0,0.75,RGB,JPEG,18349,7632061404f22d1e184e8886dd0bd689548dad6481be7c1cb531b7420ff95d7b
53033,data/raw/teacher/test/images_test/53033.jpg,60.0,80.0,0.75,RGB,JPEG,3772,151228fd040f2c8ea75b46067bc2abed8df988609a9f66a9b01c0dc89124280c
53034,data/raw/teacher/test/images_test/53034.jpg,60.0,80.0,0.75,RGB,JPEG,18162,e9db50beb2fa28b4287bfb96174fd33098d54daffe6c3c01a94245988682b873
53035,data/raw/teacher/test/images_test/53035.jpg,60.0,80.0,0.75,RGB,JPEG,3730,0fff2e34acd43f09e5b51517c1cf1d0b3692aff112841a31e16b7b46a92e7115
53036,data/raw/teacher/test/images_test/53036.jpg,60.0,80.0,0.75,RGB,JPEG,4092,b6c516ec860d8a66114e99317c0d4e45a06785c5cef85e866fec5ac8dbacf5dc
53037,data/raw/teacher/test/images_test/53037.jpg,60.0,80.0,0.75,RGB,JPEG,16668,c373bac6bcf5b193f1067d3a315bbdeef6332d2fc83a11684b166e32d46cec12
53038,data/raw/teacher/test/images_test/53038.jpg,60.0,80.0,0.75,RGB,JPEG,24112,93ff6c4f899ac0e96978e6fc7fe73095a8f2cb4c3c3206bd6a982a0cebe5f286
53039,data/raw/teacher/test/images_test/53039.jpg,60.0,80.0,0.75,RGB,JPEG,17955,aebea79b9ef6e38fc5dac1c6bf35151d7899be05d783d7425420f8b87c8e912e
53040,data/raw/teacher/test/images_test/53040.jpg,60.0,80.0,0.75,RGB,JPEG,17269,3e85f7e47b1317e13edfe5a67a1b3d1329069b758e593dcddcf2589596f9697d
53041,data/raw/teacher/test/images_test/53041.jpg,60.0,80.0,0.75,RGB,JPEG,16991,0f2405733cca052f4481a3adfa0b6d1d1462b8916cb7d7a069c2c7e6959e508e
53042,data/raw/teacher/test/images_test/53042.jpg,60.0,80.0,0.75,RGB,JPEG,16034,025efec4c7fa96e43e2ca739e6926b86567c386fcf7cc6d5ab027f6119e59aee
53043,data/raw/teacher/test/images_test/53043.jpg,60.0,80.0,0.75,RGB,JPEG,16306,617f77f3c2f481051c24991fe942ea4754df2c51d15eb264d8451b904c28faa8
53044,data/raw/teacher/test/images_test/53044.jpg,60.0,80.0,0.75,RGB,JPEG,17147,d644ea11076d3f8261f50687d39603c7f1f604e63d0788177a56f982d217d2f7
53045,data/raw/teacher/test/images_test/53045.jpg,60.0,80.0,0.75,RGB,JPEG,22248,fc1a2eb70430e8c8ac95a6845301387e5a3a7372d1117c1bd3a2ed6141fc82a7
53046,data/raw/teacher/test/images_test/53046.jpg,60.0,80.0,0.75,RGB,JPEG,22192,d911a23b2cde5a25c7ca622f06663d7efa9fd5e4a380857059097bf24be19ab9
53047,data/raw/teacher/test/images_test/53047.jpg,60.0,80.0,0.75,RGB,JPEG,16669,f215bf9163067b3a4c33250b3201b15a5f9c4cd48207fe5b2b0eb8478907938c
53048,data/raw/teacher/test/images_test/53048.jpg,60.0,80.0,0.75,RGB,JPEG,17090,29e27435c36d76749e50d168a9860b73e43c10e7bb1584d999ca03bf626a2428
53049,data/raw/teacher/test/images_test/53049.jpg,60.0,80.0,0.75,RGB,JPEG,17640,be175ced15466e8f9eb3328ecfb7b78d050970730b44d03d2484151cfd2fe133
53050,data/raw/teacher/test/images_test/53050.jpg,60.0,80.0,0.75,RGB,JPEG,22136,8c8ee7c017cb5a2e359e3ccb83ab2cdda7897c2ef5bff1cb4ad7801032e7eb96
53051,data/raw/teacher/test/images_test/53051.jpg,60.0,80.0,0.75,RGB,JPEG,22557,d017f1d6386af5e94c483ff41f639b3ca75d8635087216a55845a69cbc026e8c
53052,data/raw/teacher/test/images_test/53052.jpg,60.0,80.0,0.75,RGB,JPEG,4166,375880b89b289146c79a2a8ec644cb7511d7916ab6dbeeba4ebd81b080e5ffe5
53053,data/raw/teacher/test/images_test/53053.jpg,60.0,80.0,0.75,RGB,JPEG,17441,70b496ae3755e2ab9c7f871c918d3c4aaf325de4308a339833dbe09134a883d3
53054,data/raw/teacher/test/images_test/53054.jpg,60.0,80.0,0.75,RGB,JPEG,15725,d05cbfcf0ea3d479bbcc91c720aa0795ba3e372913f40e2518e6e5583c0a427b
53055,data/raw/teacher/test/images_test/53055.jpg,60.0,80.0,0.75,RGB,JPEG,23118,584fb98251e0e27d780bebf9486adb5b09f174091f2831e0e80b8999e6bb6822
53056,data/raw/teacher/test/images_test/53056.jpg,60.0,80.0,0.75,RGB,JPEG,3496,0e5814edb26b4a8cf11eb8309400b9dbf43b82911f1169697083aad7a7973f22
53057,data/raw/teacher/test/images_test/53057.jpg,60.0,80.0,0.75,RGB,JPEG,15957,8f7a1432003bbdceae35d83530d70fd4d9305eddd9f402832dfc78f69445aefb
53058,data/raw/teacher/test/images_test/53058.jpg,60.0,80.0,0.75,RGB,JPEG,17109,3fbd757ef2cf8c70af599d6e9b9f10fb916b78da169cd2261779a0e03281d20c
53059,data/raw/teacher/test/images_test/53059.jpg,60.0,80.0,0.75,RGB,JPEG,21943,b86e53c1539ba102cbce65a0d3b3672a32c554d977109fb483cd32435f27790c
53060,data/raw/teacher/test/images_test/53060.jpg,60.0,80.0,0.75,RGB,JPEG,25283,510242b800aa1b6fa4b376e2b4c6985ea5aa1ff25859569f61fbdac41d6f1071
53061,data/raw/teacher/test/images_test/53061.jpg,60.0,80.0,0.75,RGB,JPEG,23500,ded50717eacb4d834ea672701c12e81ce666c9a9cf8bc31eed4b32e2b8f37916
53062,data/raw/teacher/test/images_test/53062.jpg,60.0,80.0,0.75,RGB,JPEG,16522,cf8218cd193208a59d0ab934915093ecafe09fa2eaebc9f466cf904ffbe515e3
53063,data/raw/teacher/test/images_test/53063.jpg,60.0,80.0,0.75,RGB,JPEG,22875,6d0ff55066ea7db009907af5e1a48b5e3a9c68a80617058296af9df3f9fb108c
53064,data/raw/teacher/test/images_test/53064.jpg,60.0,80.0,0.75,RGB,JPEG,13895,4e0d7ffa584faafc834fce264d4a8981cf0ab67047b6723b9b6cd2cc270c0062
53065,data/raw/teacher/test/images_test/53065.jpg,60.0,80.0,0.75,RGB,JPEG,13856,ec9678b8bf04dea8b4fc62132f8c50ffa9d1f9668308bdc7e110a38b242a3d20
53066,data/raw/teacher/test/images_test/53066.jpg,60.0,80.0,0.75,RGB,JPEG,21038,ff6bcc74a635fe18ae1a82545dc4e7b78364cfa25adc9f2ec15873694934e217
53067,data/raw/teacher/test/images_test/53067.jpg,60.0,80.0,0.75,RGB,JPEG,20005,3ad716da7e023ec947b7644e3e039152d6bee0fd12d45fab378ae2bbe7915541
53068,data/raw/teacher/test/images_test/53068.jpg,60.0,80.0,0.75,RGB,JPEG,16548,b728a97eabd9a1b8e3cd9c878390296d2390c8d2099ca2a97107ae6176472ebf
53069,data/raw/teacher/test/images_test/53069.jpg,60.0,80.0,0.75,RGB,JPEG,14514,a701c855aa22174c1926404142e1e866f84a5737a62fa39120b050e50afb23b6
53070,data/raw/teacher/test/images_test/53070.jpg,60.0,80.0,0.75,RGB,JPEG,1357,986a747d69a2547f4262fea7e9f69bf462f30648943eeee3a32e5fc506289109
53071,data/raw/teacher/test/images_test/53071.jpg,60.0,80.0,0.75,RGB,JPEG,16474,78bad7580895d02936716c301dfd534519d75285c87592f67be7475dfec3cf82
53072,data/raw/teacher/test/images_test/53072.jpg,60.0,80.0,0.75,RGB,JPEG,19913,7fbc1e7e2815dda61054d42b4c5b298feecffe2e4255aff0a762e8a320c06077
53073,data/raw/teacher/test/images_test/53073.jpg,60.0,80.0,0.75,RGB,JPEG,18189,7cf4cb589b9eb212ad9781cc467ccaed06f251a6877ad62eed024afe0c102c9c
53075,data/raw/teacher/test/images_test/53075.jpg,60.0,80.0,0.75,RGB,JPEG,22539,daf8d43e515aa960948c151f24806273327a65266507c6d58a991a78e36a33bb
53076,data/raw/teacher/test/images_test/53076.jpg,60.0,80.0,0.75,RGB,JPEG,16848,481c5f7fb62950707556922abcc572071c943de6f75dd1260b4d5f8cfe8327f7
53077,data/raw/teacher/test/images_test/53077.jpg,60.0,80.0,0.75,RGB,JPEG,20961,b01ff8fa8cefdd63f2fce68aff02553150ff9a8917ee7af11b247e649f048baa
53078,data/raw/teacher/test/images_test/53078.jpg,60.0,80.0,0.75,RGB,JPEG,15479,449e5ef23e9bcbe311f3e964b71ac96f1100be4815b6e39f66850c85e4e6c57b
53079,data/raw/teacher/test/images_test/53079.jpg,60.0,80.0,0.75,RGB,JPEG,14664,1b586330371b93b68f4fb09200c29ee83da12da2b417450058389025d6728926
53080,data/raw/teacher/test/images_test/53080.jpg,60.0,80.0,0.75,RGB,JPEG,19315,3ce4cd302147c1929a0312da1d4c4619fd0d7efc1242c121c3393a912fb4c65f
53081,data/raw/teacher/test/images_test/53081.jpg,60.0,80.0,0.75,RGB,JPEG,14008,f56349cbdca0e1e22fb767f480b3f610786c0944fd3fe2cd36e59b23b7430875
53082,data/raw/teacher/test/images_test/53082.jpg,60.0,80.0,0.75,RGB,JPEG,19373,ead92c8d90f7944df06d0f1b2494c0e8e382dad3b96af0c417569d9d20752fec
53083,data/raw/teacher/test/images_test/53083.jpg,60.0,80.0,0.75,RGB,JPEG,912,8cc032fd021574181fca00119b40fa2ec096e7bfa2ccd601da8c84472010a08b
53084,data/raw/teacher/test/images_test/53084.jpg,60.0,80.0,0.75,RGB,JPEG,13538,b0f10797757d2de6c809803908232f3a230d7d4f74d6185daddf861a1c07a936
53085,data/raw/teacher/test/images_test/53085.jpg,60.0,80.0,0.75,RGB,JPEG,4492,a7ce8c5110730dccf260f625573945f598d6cc698ad40d8f188b2b2cf021c6e5
53086,data/raw/teacher/test/images_test/53086.jpg,60.0,80.0,0.75,RGB,JPEG,4419,fe75eb71098d8e4589ab01c11781a800216ce7cecd559efaa57d8a2f607cd879
53087,data/raw/teacher/test/images_test/53087.jpg,60.0,80.0,0.75,RGB,JPEG,4317,9b3575973b7e3c4ee3ae42b2053919ebb1fd3243cda0bc6bca55906c7f604d3f
53088,data/raw/teacher/test/images_test/53088.jpg,60.0,80.0,0.75,RGB,JPEG,10620,b7600b71ab97327f4fa94b94dd0b77e359bf9b55cc2d92e89a24da3612bc5fed
53089,data/raw/teacher/test/images_test/53089.jpg,60.0,80.0,0.75,RGB,JPEG,9818,fc197311cf023455152f7445210d80880f6c6c9270d7616acf59ec53cf0fcbbe
53090,data/raw/teacher/test/images_test/53090.jpg,60.0,80.0,0.75,RGB,JPEG,10210,9c2c6f501a542e961961f68e46d78be9db4a410b380d7db0be04ad59ca8b9de1
53091,data/raw/teacher/test/images_test/53091.jpg,60.0,80.0,0.75,RGB,JPEG,23334,46068a66db64b192a8284247488e097e4e85f1fe2659a32ed368d4f962ae712b
53092,data/raw/teacher/test/images_test/53092.jpg,60.0,80.0,0.75,RGB,JPEG,18502,f524aaacfb292cc63f9cf85904bc78e8970059a9ca5b5a87d8f5bbc99744bbb3
53093,data/raw/teacher/test/images_test/53093.jpg,60.0,80.0,0.75,RGB,JPEG,11097,aaaee45371b45da5cb277448445c109c70e97e9c6af8328eb2ae74084d4aadda
53094,data/raw/teacher/test/images_test/53094.jpg,60.0,80.0,0.75,RGB,JPEG,18816,a4f463dbec2b356cf3c87d6b267d914e97b56b193754d4f1a6e4bb08fb44d39d
53095,data/raw/teacher/test/images_test/53095.jpg,60.0,80.0,0.75,RGB,JPEG,18401,673fa15af7e748c95ada7265e37d7d85d7b3ac24077380c14aba6d4cdd10c0a4
53096,data/raw/teacher/test/images_test/53096.jpg,60.0,80.0,0.75,RGB,JPEG,18265,217fed3e724938ab9a87be131a5eee79abce22c184d22242b68039d675c7558a
53097,data/raw/teacher/test/images_test/53097.jpg,60.0,80.0,0.75,RGB,JPEG,13652,14f7e842e291c991acd39d7985a32bde45e88f5d8f21694ac8153c45d21a2379
53098,data/raw/teacher/test/images_test/53098.jpg,60.0,80.0,0.75,RGB,JPEG,27183,a16f2702cfe983bf72d18ac73cb6372eb311766b749d2a833ed9a6dd8031defc
53099,data/raw/teacher/test/images_test/53099.jpg,60.0,80.0,0.75,RGB,JPEG,11017,546366d2e5c9ceb3104693184eba70d1aa31939a9185a9205e3140c704c674bf
53100,data/raw/teacher/test/images_test/53100.jpg,60.0,80.0,0.75,RGB,JPEG,11093,a242e2588bd225513492ba4d16952cd39e2794cc2efd4fe3753dc6ccba3d1161
53101,data/raw/teacher/test/images_test/53101.jpg,60.0,80.0,0.75,RGB,JPEG,21798,28766afe99b03bc82b001d9cb3c79aa770e4e7d9f49a0cec38dc9c3d14249e4d
53102,data/raw/teacher/test/images_test/53102.jpg,60.0,80.0,0.75,RGB,JPEG,18384,0e26fbabd5fc9323844d9510a7ca4b6198ae88d2969432157d1094987120bb05
53103,data/raw/teacher/test/images_test/53103.jpg,60.0,80.0,0.75,RGB,JPEG,23099,a8ec866616cde357279acbbda5debdcc7870bbb3258d567e241849d2d43bfad0
53104,data/raw/teacher/test/images_test/53104.jpg,60.0,80.0,0.75,RGB,JPEG,17393,374054e800b636caedb4f720eba3160c7720409caf24b4ec0c4b09d177114a04
53105,data/raw/teacher/test/images_test/53105.jpg,60.0,80.0,0.75,RGB,JPEG,10925,43261f6f5f7d4d649b7f14d67b725ad62361fbf8b0bc7f3c330a3044323d487c
53106,data/raw/teacher/test/images_test/53106.jpg,60.0,80.0,0.75,RGB,JPEG,16033,9cc2155a3446d554e24afeee12fb6e95ba39765b0e7103eab7f0e9ba4f22fdd4
53107,data/raw/teacher/test/images_test/53107.jpg,60.0,80.0,0.75,RGB,JPEG,17659,fb33ef4591e38e9be5d8d71e2c0f25280dd6c8c5c0e84cda43cf363bdec02f88
53108,data/raw/teacher/test/images_test/53108.jpg,60.0,80.0,0.75,RGB,JPEG,18323,c65b6ed5e37cfe06850d976c8c4e065e75fcdb056301742d041fcec13f642f26
53109,data/raw/teacher/test/images_test/53109.jpg,60.0,80.0,0.75,RGB,JPEG,17784,f22946ea996c8ac944b59b1a109ecc7ddcf6c2f6e5a5dd0c15ab33fa9303fc7b
53110,data/raw/teacher/test/images_test/53110.jpg,60.0,80.0,0.75,RGB,JPEG,43232,80b1604b8be1ec5ccb532f3c6e8696b2a00065bc768899559d7d4d351a007a8f
53111,data/raw/teacher/test/images_test/53111.jpg,60.0,80.0,0.75,RGB,JPEG,23279,595cd7cfad5bb716a2213e58ee48e7b8a7d46e6d3b5ded24a1156ba92d889bb1
53112,data/raw/teacher/test/images_test/53112.jpg,60.0,80.0,0.75,RGB,JPEG,16827,016e0ebbdad52aace577ee6da1a82574db8b4d77f9ccd15684ca1070e0c02ada
53113,data/raw/teacher/test/images_test/53113.jpg,60.0,80.0,0.75,RGB,JPEG,16284,f32f98dbe9c0d28966cd2370a70e3f1fefdf77aa18183e095a3c090f13790ee1
53114,data/raw/teacher/test/images_test/53114.jpg,60.0,80.0,0.75,RGB,JPEG,23105,d97dccc93cdc1c78379af84e5e2f248ce6d37faadbf9cf27ab2f23763988b04b
53115,data/raw/teacher/test/images_test/53115.jpg,60.0,80.0,0.75,RGB,JPEG,16092,b169f2a838ea862c7c5fb04c586460cc5902ab64a7f1e1156e0c88ae787207bd
53116,data/raw/teacher/test/images_test/53116.jpg,60.0,80.0,0.75,RGB,JPEG,21682,08157248f2a3f472bbcdcd3acfd765015c49ad2d002239f651215a34f76e73e0
53117,data/raw/teacher/test/images_test/53117.jpg,60.0,80.0,0.75,RGB,JPEG,4371,1d5ce1d35bd40c07c98fd2773d3692d3823ddc0163a08817913a8585dfc4f9b8
53118,data/raw/teacher/test/images_test/53118.jpg,60.0,80.0,0.75,RGB,JPEG,17724,1da4eaf9f5e88cfea68fd5d2c5e67d1574923f08601bba13913a55e5b636f6e1
53119,data/raw/teacher/test/images_test/53119.jpg,60.0,80.0,0.75,RGB,JPEG,23037,40b951fe1f9ec1559c19e095da9c2cb369664c2f5e0407b78fca7a07d0a85898
53120,data/raw/teacher/test/images_test/53120.jpg,60.0,80.0,0.75,RGB,JPEG,4474,67a1f7eed2cb10f52c0e7485c5ae0a76a050e41bfce28f35c1c5c78a6f647937
53121,data/raw/teacher/test/images_test/53121.jpg,60.0,80.0,0.75,RGB,JPEG,22808,fac89c169c4b854b38ae249dd527ba60b49c574fb2a572ae8c68ad251f200503
53122,data/raw/teacher/test/images_test/53122.jpg,60.0,80.0,0.75,RGB,JPEG,3970,fda58d15469ae155bb7c6abf957bc6135558f9e3eee4b3c44ba535022d32d88b
53123,data/raw/teacher/test/images_test/53123.jpg,60.0,80.0,0.75,RGB,JPEG,23003,5b5a873172e466e27a1c2b6c8fbafda38ce783f1bde036ae5c14ef0f96def457
53124,data/raw/teacher/test/images_test/53124.jpg,60.0,80.0,0.75,RGB,JPEG,3995,70aaeecd892872753ab7b191547687cc12ebbce5709ba0eba7871a40d3c51aff
53125,data/raw/teacher/test/images_test/53125.jpg,60.0,80.0,0.75,RGB,JPEG,5958,ab6aefedf58ee8606598d914dd7c666cf220898cbe37c8e0de7883579d58260f
53126,data/raw/teacher/test/images_test/53126.jpg,60.0,80.0,0.75,RGB,JPEG,16082,a7d62d402d3a8e2e2b8f9446431931271242956bf5aba80cdcf9266e9e6946e3
53127,data/raw/teacher/test/images_test/53127.jpg,60.0,80.0,0.75,RGB,JPEG,20213,5d1fa8cabd6154f4a2b72172f7b03aa3a4d7d68ec9a0b0d0fcf48cf19e0e3bd1
53128,data/raw/teacher/test/images_test/53128.jpg,60.0,80.0,0.75,RGB,JPEG,20115,1f8510dc16375d99b88d08e5453b97501731a630406ecd734e3708c4bcb433ce
53129,data/raw/teacher/test/images_test/53129.jpg,60.0,80.0,0.75,RGB,JPEG,13746,19a5923929ccba02e59eca20028b03d683c62d85acd7c00a25f5ad2d8f494514
53130,data/raw/teacher/test/images_test/53130.jpg,60.0,80.0,0.75,RGB,JPEG,19820,cac7ebda2eaec7d67d51040f2a1520235debe682ce3ac28cc009e6ebab660417
53131,data/raw/teacher/test/images_test/53131.jpg,60.0,80.0,0.75,RGB,JPEG,19708,e9fed75504f8621a7bdfcf94d145ab81b29271c2be698b00b02e9ee4a85dc3d0
53132,data/raw/teacher/test/images_test/53132.jpg,60.0,80.0,0.75,RGB,JPEG,39084,5b6931b8822baddd3ef271677f3de83273685624fe9f1c7bf59ebc1fac97289c
53133,data/raw/teacher/test/images_test/53133.jpg,60.0,80.0,0.75,RGB,JPEG,13207,db10d25bbfb151ede3d5b8afd993dccd8d3660a77574610d4f1643c00c0bcbc2
53134,data/raw/teacher/test/images_test/53134.jpg,60.0,80.0,0.75,RGB,JPEG,13710,089b67124d8d96fa412c96253dc02834979a15eac6ad0dde4e330a91231b524c
53135,data/raw/teacher/test/images_test/53135.jpg,60.0,80.0,0.75,RGB,JPEG,44130,4a8cfa9832e358457cf1ae44efc8535ff28e7a2de0253b76d83ce0dda7158b4e
53136,data/raw/teacher/test/images_test/53136.jpg,60.0,80.0,0.75,RGB,JPEG,13455,be2135e39949278c6edfd850bb1c7d3ea1f251041e2f90ce8b93a7d6b88c5dff
53137,data/raw/teacher/test/images_test/53137.jpg,60.0,80.0,0.75,RGB,JPEG,12478,c211a67ad60aa4a26373db1a5b8e40bbd7100cbe1b94d86bc621ae21c105fdf6
53138,data/raw/teacher/test/images_test/53138.jpg,60.0,80.0,0.75,RGB,JPEG,20541,4d47dd762bae605933efb78d4bf266ec21a0ed183f405ce66cfbfcfe25f5ee17
53139,data/raw/teacher/test/images_test/53139.jpg,60.0,80.0,0.75,RGB,JPEG,20142,a429aa2c3c1e536e19a797a2983f9e14ee54d8e4e95f1c353eea9479053a294a
53140,data/raw/teacher/test/images_test/53140.jpg,60.0,80.0,0.75,RGB,JPEG,14624,ad98b2d66647f108dadc36fb32323aa76b4f80b6b3a56891fb2064027103b775
53141,data/raw/teacher/test/images_test/53141.jpg,60.0,80.0,0.75,RGB,JPEG,25227,c98387d9e7a5ab7f66504a6368ec1632275fcb5f8af434ed450924f24b535576
53142,data/raw/teacher/test/images_test/53142.jpg,60.0,80.0,0.75,RGB,JPEG,12447,2d844a6cd72c10b84a0560421643eeac493aab4795c6b2737eb66e14f4395616
53143,data/raw/teacher/test/images_test/53143.jpg,60.0,80.0,0.75,RGB,JPEG,14366,d091a591ae5a0effe7ea30be4a8d864f5eb77d1e5fd7d4ab6c8c50c16629752b
53144,data/raw/teacher/test/images_test/53144.jpg,60.0,80.0,0.75,RGB,JPEG,19647,cbbfd11fde06ca3a12149eb66b60dfb7c041cef052e756d8e349005efeacd8e9
53145,data/raw/teacher/test/images_test/53145.jpg,60.0,80.0,0.75,RGB,JPEG,26975,41ea14116ecf1557afb2704f3f47ad8c174fc4775c97b38a0979cb8cdccaba72
53146,data/raw/teacher/test/images_test/53146.jpg,60.0,80.0,0.75,RGB,JPEG,18458,cbdf088c84b44a49e5696358f6b3ac0f7bdacf9ac2e85247ee7d29d69eac94d9
53147,data/raw/teacher/test/images_test/53147.jpg,60.0,80.0,0.75,RGB,JPEG,13430,c9419a0d4e48fdb474394665288c529b8037cdd1a4bc3608b97f969900706dca
53148,data/raw/teacher/test/images_test/53148.jpg,60.0,80.0,0.75,RGB,JPEG,18686,97f69d1744035f5aa0c5994bd033f3c2f45659a8241345d11e70d894894e6167
53149,data/raw/teacher/test/images_test/53149.jpg,60.0,80.0,0.75,RGB,JPEG,14089,4358fbf607e4bd2b35da08fb409a38272bb8bf4001dc1b96b4c77d4fa272c31a
53150,data/raw/teacher/test/images_test/53150.jpg,60.0,80.0,0.75,RGB,JPEG,20214,06211744dbdfddcbdf7d6c751872a05568b2c157513d4ba44e55af416520c3bb
53152,data/raw/teacher/test/images_test/53152.jpg,60.0,80.0,0.75,RGB,JPEG,16890,586a8c13e7c69fbb35e7192f882119b46582551576e6ac91217437f8cec040d4
53159,data/raw/teacher/test/images_test/53159.jpg,60.0,80.0,0.75,RGB,JPEG,20613,809a33066014501594844ff8eeac40eb362204affa9fb8976f2e5ed9a3339dd4
53211,data/raw/teacher/test/images_test/53211.jpg,60.0,80.0,0.75,RGB,JPEG,22012,10fe503bc20476336b2dc2683f244098091713bb171c48e470067dd703b3f583
53215,data/raw/teacher/test/images_test/53215.jpg,60.0,80.0,0.75,RGB,JPEG,15694,5f4d5933769a4f29cf840df49bdce8adc052d35df4045eecfa34daa2d3b65468
53226,data/raw/teacher/test/images_test/53226.jpg,60.0,80.0,0.75,RGB,JPEG,21964,8d8e86c3a723b75ae1c65568c9b08f68895bbe5d3094e0c70d8d8ad1e786e672
53228,data/raw/teacher/test/images_test/53228.jpg,60.0,80.0,0.75,RGB,JPEG,22368,58f8fd0d06ec7631310b444c4f329d98b80543dc78c388fc3bde53d8f7dcbf3c
53248,data/raw/teacher/test/images_test/53248.jpg,60.0,80.0,0.75,RGB,JPEG,23163,472f7f672dc4d9d05d26724374c4f084905be43ffe2a6e16c6e893e7fe97ce10
53252,data/raw/teacher/test/images_test/53252.jpg,60.0,80.0,0.75,RGB,JPEG,3469,056d5a5ef136bc41be33dc6c4b6dd8af66dc9c3c14d7948073aeb38f04ba7255
53264,data/raw/teacher/test/images_test/53264.jpg,60.0,80.0,0.75,RGB,JPEG,23484,8bb087c859ecaa4dd9f31815680a75dd8bc4a95b1ebc71196a0b7bfbb5750fdc
53269,data/raw/teacher/test/images_test/53269.jpg,60.0,80.0,0.75,RGB,JPEG,22101,c72397adb7fbd3edc4b9e26995d9843fe45afa36a458bd213eab8851d6a19827
53278,data/raw/teacher/test/images_test/53278.jpg,60.0,80.0,0.75,RGB,JPEG,18682,f53c3cbdcfee7d7da4695e6b468c31c1b169b504a7b1b8adc459547803cb8ecf
53282,data/raw/teacher/test/images_test/53282.jpg,60.0,80.0,0.75,RGB,JPEG,24831,37ffe4b2dc09958ff63d1376e304e109bbde3216b9a0210961c2eeea57910043
53286,data/raw/teacher/test/images_test/53286.jpg,60.0,80.0,0.75,RGB,JPEG,21868,d364b8b55e7147ce55765fec2b0c8c341bf62b388392488f3e5a06cb240caaee
53287,data/raw/teacher/test/images_test/53287.jpg,60.0,80.0,0.75,RGB,JPEG,16769,d02017503494a73ce6da5d73cf10d3a21c46418ddb9e7fdc9629bc2942e3bfe9
53296,data/raw/teacher/test/images_test/53296.jpg,60.0,80.0,0.75,RGB,JPEG,17496,4dd1ee566cc54ead0bbe87682a61db0843d8cc2c8afadea7f124d960e8e6e06d
53303,data/raw/teacher/test/images_test/53303.jpg,60.0,80.0,0.75,RGB,JPEG,3851,d098590eb665e0198edb8e3bae62247ba5df667b252d92438f0531667819ed9e
53307,data/raw/teacher/test/images_test/53307.jpg,60.0,80.0,0.75,RGB,JPEG,16858,1c35e1a1ca8af940bd91cca7425d3c7d2d7313b5470542e3f8aa093fa6504167
53312,data/raw/teacher/test/images_test/53312.jpg,60.0,80.0,0.75,RGB,JPEG,24104,16d52e2502de1ce40a1104d7aba67ae3ed49b0f1a92cee7ebf9a08c0e67306d3
53313,data/raw/teacher/test/images_test/53313.jpg,60.0,80.0,0.75,RGB,JPEG,24027,a09a9d9102364ff51ff1f51386cc41dcff1c183bd18df4ac68f359b377217d0c
53314,data/raw/teacher/test/images_test/53314.jpg,60.0,80.0,0.75,RGB,JPEG,18350,2b8a08a9b3abc542cafedd8b43563dcad5c733c71c83d4e218fecdc369dfb544
53318,data/raw/teacher/test/images_test/53318.jpg,60.0,80.0,0.75,RGB,JPEG,23406,f95fed17eb86926eb937ee3fd2833127a9550dbce391163555ea97adc00d5e02
53319,data/raw/teacher/test/images_test/53319.jpg,60.0,80.0,0.75,RGB,JPEG,23209,161ad7316bc11a9179075197129f95b40e178be076629a86feabea08a8a277ef
53328,data/raw/teacher/test/images_test/53328.jpg,60.0,80.0,0.75,RGB,JPEG,4401,6ec22f0aaeea7f409f95ab04b26c0ebd52a7f73ef9aee5b7dcf76128887e9948
53329,data/raw/teacher/test/images_test/53329.jpg,60.0,80.0,0.75,RGB,JPEG,27466,7688b4f405306a8f06012129f5333fabf93fa7e3c2da96589dcb3b2aa1b3d603
53332,data/raw/teacher/test/images_test/53332.jpg,60.0,80.0,0.75,RGB,JPEG,27184,926fedf0ad952775125994c59768429ac6967034cc1a605148e9405eaaa66dd5
53338,data/raw/teacher/test/images_test/53338.jpg,60.0,80.0,0.75,RGB,JPEG,26807,40d8bd6428883d90915dddd90880a7f1af477d6e7607c4c4d4eebb935986e91e
53345,data/raw/teacher/test/images_test/53345.jpg,60.0,80.0,0.75,RGB,JPEG,4358,2ee15539850241ab2f6355d92a228fa0ff877d5e493e595cd56016c139895700
53348,data/raw/teacher/test/images_test/53348.jpg,60.0,80.0,0.75,RGB,JPEG,26965,7a3ba16f1fdade9248de2557a7494d3587e07af89804704806e085943cf792a4
53357,data/raw/teacher/test/images_test/53357.jpg,60.0,80.0,0.75,RGB,JPEG,14246,590bf377d7e9fba8ab11a8e65895643298408b29e553335eed25dee1be06ae4e
53358,data/raw/teacher/test/images_test/53358.jpg,60.0,80.0,0.75,RGB,JPEG,20385,6a6e0f765ce7f45a823482be1e03fc54d9ef643b67f31bf3453bd4d10841459a
53360,data/raw/teacher/test/images_test/53360.jpg,60.0,80.0,0.75,RGB,JPEG,19313,aea2e9785073ae765f0049cc809725762d6e2fbe395a62141704a77cb1dd9c14
53361,data/raw/teacher/test/images_test/53361.jpg,60.0,80.0,0.75,RGB,JPEG,17015,f0caeb2d2f79023d16d5eb3592dc232b3ba11411dd442c89d7ec124f3d09b630
53362,data/raw/teacher/test/images_test/53362.jpg,60.0,80.0,0.75,RGB,JPEG,15222,b25b7b443ceec19453a903c2a97095e4545b022280356f63a17cb6ff20c9d64c
53363,data/raw/teacher/test/images_test/53363.jpg,60.0,80.0,0.75,RGB,JPEG,19945,c49de675de08505e54ebc1f1886a0c16ccc63c4059ababc274aa1aed25aafffa
53364,data/raw/teacher/test/images_test/53364.jpg,60.0,80.0,0.75,RGB,JPEG,16558,95c188cc60b1d5da238ef388f6d0b17fa9e8caeccd8fc9cef490c7e96affa130
53365,data/raw/teacher/test/images_test/53365.jpg,60.0,80.0,0.75,L,JPEG,15294,fa288231a5b21bc0daf0b581e8806349e6512c25694bc3fafa6b363243033055
53366,data/raw/teacher/test/images_test/53366.jpg,60.0,80.0,0.75,RGB,JPEG,16446,ddfc1a63bb32f924f6524045a20b1d76a51a319ff0f3bd707751ce44fa9e39f1
53367,data/raw/teacher/test/images_test/53367.jpg,60.0,80.0,0.75,RGB,JPEG,16728,7e2a437d32143edbd54be3355f761190afe8b6e66674c729df95bdd0781e8ab6
53368,data/raw/teacher/test/images_test/53368.jpg,60.0,80.0,0.75,L,JPEG,14095,aa0799a2c69270df5bd3ed2c8fdbcd67ff71e92cb94268102caad4a84f07e67b
53369,data/raw/teacher/test/images_test/53369.jpg,60.0,80.0,0.75,L,JPEG,22216,2bf88fc970e5342e3b307deaea66002a32062406fda322badd825a5fe63fce09
53370,data/raw/teacher/test/images_test/53370.jpg,60.0,80.0,0.75,RGB,JPEG,17047,7948b3a744e7324ab826dc713f7cc5f8f6a28fe5c237af6a4ee3a5b043101362
53371,data/raw/teacher/test/images_test/53371.jpg,60.0,80.0,0.75,RGB,JPEG,15802,c4f6aab3ce023c2c902863b31ea2dbc470b5fb270dec1a3c02f6c77742ac0c77
53372,data/raw/teacher/test/images_test/53372.jpg,60.0,80.0,0.75,RGB,JPEG,23667,58f69549e4cde308eb13b3dccccb6eac7b4aa8c90ceea8f4ad89ec1e3eeb9e62
53373,data/raw/teacher/test/images_test/53373.jpg,60.0,80.0,0.75,RGB,JPEG,21407,31dc96c89365c2289109ad41027d2495504c3f1c5902f36566f989d96b0a6eeb
53374,data/raw/teacher/test/images_test/53374.jpg,60.0,80.0,0.75,RGB,JPEG,17621,77e1c2438f5123aadc7fd678aff644095d95c757fae1cb860896f6acc806c012
53376,data/raw/teacher/test/images_test/53376.jpg,60.0,80.0,0.75,RGB,JPEG,17450,fb49c776d7fa5e000868bec16a4480b75ae786d78b51a0d5a0543ca4b6fc791a
53377,data/raw/teacher/test/images_test/53377.jpg,60.0,80.0,0.75,RGB,JPEG,18385,48b214f32aae1022d76384c94da60571fee2a4a5ac4cbc52846198f45dc45e1d
53378,data/raw/teacher/test/images_test/53378.jpg,60.0,80.0,0.75,RGB,JPEG,19742,e1b76c80400dd2d838815e212b152b2c78bcf8b830b9b6c81ac4c44683a20576
53379,data/raw/teacher/test/images_test/53379.jpg,60.0,80.0,0.75,RGB,JPEG,20322,84d3d0d23f7c9acad2f4d15cf62a7125658a2ea419f7d91e7df90c4842b212c6
53380,data/raw/teacher/test/images_test/53380.jpg,60.0,80.0,0.75,RGB,JPEG,20358,f3ab0aa1dfd82979c320ad499881931b5b580e3ed2732e1957ff5cda3725fa24
53381,data/raw/teacher/test/images_test/53381.jpg,60.0,80.0,0.75,RGB,JPEG,20401,4ab8f5068299ac0845c9127bc428e9deffee6f657820c94d8f85cded2dc5f091
53382,data/raw/teacher/test/images_test/53382.jpg,60.0,80.0,0.75,RGB,JPEG,19410,a4e139a0779422ca59b5f6ebe870180b1ef99cebac4f6947fb6b1f757d765b3c
53383,data/raw/teacher/test/images_test/53383.jpg,60.0,80.0,0.75,RGB,JPEG,20970,027ff45c2c3035609f9b3313c8210cec132620abcc08e12158d98441e2181f96
53384,data/raw/teacher/test/images_test/53384.jpg,60.0,80.0,0.75,RGB,JPEG,14352,fc0c44efca322d50c914a97d9f9e55190b7b0039bb62eaeed710759a29b4d3b9
53386,data/raw/teacher/test/images_test/53386.jpg,60.0,80.0,0.75,RGB,JPEG,13064,4bd69734d6717db877299a90a5f1f044075e59ed6ba6acdb787c300a149508fd
53387,data/raw/teacher/test/images_test/53387.jpg,60.0,80.0,0.75,RGB,JPEG,19189,f58bcad56e57f75c9119ded143505c7a850f02844bd293ccef910819cc3ce1bc
53388,data/raw/teacher/test/images_test/53388.jpg,60.0,80.0,0.75,RGB,JPEG,23451,762ab3e9138b8b03c8d0bb6fd72bdcb091ad17af59fc0529295e6747bf7040e2
53389,data/raw/teacher/test/images_test/53389.jpg,60.0,80.0,0.75,RGB,JPEG,24437,55f76cfb65a1435e830a6a9c1b872e4b7455d2f4d34203785307f9db7ec0e256
53390,data/raw/teacher/test/images_test/53390.jpg,60.0,80.0,0.75,RGB,JPEG,3518,2ccd26cc6e22e998cbefb40ab60cac21eeac59dd6c3fc6c8b62540927b542beb
53391,data/raw/teacher/test/images_test/53391.jpg,60.0,80.0,0.75,RGB,JPEG,22849,853175375d59d49279aa241212de757ae6017e6642ce52d04449d0f87f6c5d04
53392,data/raw/teacher/test/images_test/53392.jpg,60.0,80.0,0.75,RGB,JPEG,3315,82cf367f341bf9d7734f00cef6b3c54b45da22c517bab09f19ecf7a4001fe727
53393,data/raw/teacher/test/images_test/53393.jpg,60.0,80.0,0.75,RGB,JPEG,23051,0419258f714243149ee9a76faa93d48e189d44125ac9bc3b2f9361aac2eee3ba
53394,data/raw/teacher/test/images_test/53394.jpg,60.0,80.0,0.75,RGB,JPEG,23347,dd8c3e732496a50eb5168ce2c7c8e9800918d2ffc4ecf827107090713bafeaaa
53395,data/raw/teacher/test/images_test/53395.jpg,60.0,80.0,0.75,RGB,JPEG,25802,de3202d6dfb4d6cb03a947c730d1d09531a9b95c118d437eed76aea29e1ebed0
53396,data/raw/teacher/test/images_test/53396.jpg,60.0,80.0,0.75,RGB,JPEG,21883,2679a12f750f724e36b2a0d62d309a05d7b1b17d4ef8d99c8d9a1d173b63fd3d
53397,data/raw/teacher/test/images_test/53397.jpg,60.0,80.0,0.75,RGB,JPEG,16861,de4d370d0e700166308938212a6ef01ee780ae18e108a8039e4850d3c289a987
53398,data/raw/teacher/test/images_test/53398.jpg,60.0,80.0,0.75,RGB,JPEG,3462,d02bb25f08e2620edd464d2706dc91ab8de08503f531b1d66a4dfdc3876e960c
53399,data/raw/teacher/test/images_test/53399.jpg,60.0,80.0,0.75,RGB,JPEG,3430,f9460d00d764573a989168299f383db71b397fde62cac271cb02b8f09f000548
53401,data/raw/teacher/test/images_test/53401.jpg,60.0,80.0,0.75,RGB,JPEG,4287,20b6be7ec243e269da539f34cb137e4ce9aab4dc88a6ae11cd783b7d68f45e62
53402,data/raw/teacher/test/images_test/53402.jpg,60.0,80.0,0.75,RGB,JPEG,4221,914d705f72f5a974f9bfc859099a59a861e696c8a5f88ba2d6e95e6d6ab83690
53403,data/raw/teacher/test/images_test/53403.jpg,60.0,80.0,0.75,RGB,JPEG,2885,560544bb1c1501baa3a75c25413654827372658527d3a8b64ddf1576507750ee
53404,data/raw/teacher/test/images_test/53404.jpg,60.0,80.0,0.75,RGB,JPEG,4015,0090ab5dc6819a1bea7f9faed59f5d8a17a170584d9626d886e3c058fccca5d9
53405,data/raw/teacher/test/images_test/53405.jpg,60.0,80.0,0.75,RGB,JPEG,4071,bcaca46db4674780c8c89a9c14b196d907fe1b6bd6edd236da7efd5c0d831537
53406,data/raw/teacher/test/images_test/53406.jpg,60.0,80.0,0.75,RGB,JPEG,3629,c7c8605edd6529be177630a5ecfd613460a2aac87a8889659220d1e03db6f7b9
53408,data/raw/teacher/test/images_test/53408.jpg,60.0,80.0,0.75,RGB,JPEG,2894,b8402179b6387efd6695a8c03d9e5c1b1e812f34edaad20b81b543e68bbf3bc2
53409,data/raw/teacher/test/images_test/53409.jpg,60.0,80.0,0.75,RGB,JPEG,22758,bccef1d583402fde85e94424decf428eee586dea708450280de0abb05204f8c9
53410,data/raw/teacher/test/images_test/53410.jpg,60.0,80.0,0.75,RGB,JPEG,3674,ebfcc8d173fec5693ccde9dafba0aefb886ad536237ea88aa2bb63d2d965839c
53411,data/raw/teacher/test/images_test/53411.jpg,60.0,80.0,0.75,RGB,JPEG,3643,4eb230d225311937baf87632073bc6d3158c83dec3533996fde9d4cdc61a6246
53412,data/raw/teacher/test/images_test/53412.jpg,60.0,80.0,0.75,RGB,JPEG,3367,8247cc3d8b81aa4fcd7506fe85d56d14bf2e4cb0b45b6fc868aec80eee347c0e
53413,data/raw/teacher/test/images_test/53413.jpg,60.0,80.0,0.75,RGB,JPEG,4675,a503db2b80908b66cd8d19cc84b0e941550efc08e0e9d0299b8588408340e316
53414,data/raw/teacher/test/images_test/53414.jpg,60.0,80.0,0.75,RGB,JPEG,4253,1d68ec4b6b7e1d1a3010f2d804c8d76a6b248495f36c687c476a87f24d84d354
53415,data/raw/teacher/test/images_test/53415.jpg,60.0,80.0,0.75,RGB,JPEG,4152,7705cf1c86547befa2ba480e9666d353084b03348c07fb6e2f7ee95a1260593b
53416,data/raw/teacher/test/images_test/53416.jpg,60.0,80.0,0.75,RGB,JPEG,24591,7be104c7f3a74cc6dde261a6545853db7c7090b5134c57403c40cbbe742bcfbe
53417,data/raw/teacher/test/images_test/53417.jpg,60.0,80.0,0.75,RGB,JPEG,3761,fcdfd655c1905c0e007601f5ee652f9eadf251e9d0882d5aac6baa2d851ebc41
53418,data/raw/teacher/test/images_test/53418.jpg,60.0,80.0,0.75,RGB,JPEG,3786,7994ebed3df8c3eebbf2a32e552830c9cc7a0a5a005e857e1de19c58f068efd9
53419,data/raw/teacher/test/images_test/53419.jpg,60.0,80.0,0.75,RGB,JPEG,3618,4259541fb829e26afb2feb781a54c44a57aa0c5a671b4e3c801d673f2dd6a129
53420,data/raw/teacher/test/images_test/53420.jpg,60.0,80.0,0.75,RGB,JPEG,3597,ef9625409a64a2a55eb8eaf2c0615ecbcb4f96e355afc44a70c459b8537c69fb
53421,data/raw/teacher/test/images_test/53421.jpg,60.0,80.0,0.75,RGB,JPEG,3331,aa2b20996372c33c813e838d5da239d57de8afeb47d20ea3670ee008c9fe046a
53422,data/raw/teacher/test/images_test/53422.jpg,60.0,80.0,0.75,RGB,JPEG,3545,6fa203f8e136c5b932a80255b6252e89ea12b4423d0bdff20f46b3ade074658d
53423,data/raw/teacher/test/images_test/53423.jpg,60.0,80.0,0.75,RGB,JPEG,24378,7bd86a6c8a83f062eede5d6c7198dee33d776140de75f3422544f3d92669a822
53424,data/raw/teacher/test/images_test/53424.jpg,60.0,80.0,0.75,RGB,JPEG,23176,481018fc6df81a4dae150e4c873e939a628cee886d05224604193f4f8bb621da
53425,data/raw/teacher/test/images_test/53425.jpg,60.0,80.0,0.75,RGB,JPEG,3477,4c26a8e586b8e17a9a0c57e556c7acd03e75c1f4ae0bf3616993bfa64cd01809
53426,data/raw/teacher/test/images_test/53426.jpg,60.0,80.0,0.75,RGB,JPEG,15763,2cbe5ea920db5531f2765444cc50c0a0a12ab95f8fedb9a9ab554b57d46fce5a
53427,data/raw/teacher/test/images_test/53427.jpg,60.0,80.0,0.75,RGB,JPEG,16911,32b8385b3d71defadc483710f5d64efe8e4e1202a7f03be6cce25b47477bd1b5
53428,data/raw/teacher/test/images_test/53428.jpg,60.0,80.0,0.75,RGB,JPEG,2763,417f7e310a22b1b1cadbd3a87b382181b48b638b0236edf69ad44c0dffb990e7
53429,data/raw/teacher/test/images_test/53429.jpg,60.0,80.0,0.75,RGB,JPEG,4502,bdcf4018d2a3297fde18e5a1d89b54a2c0e010f427ef5d82a05733104a669568
53430,data/raw/teacher/test/images_test/53430.jpg,60.0,80.0,0.75,RGB,JPEG,24852,010601eafaeb71fec7b3db5a9a9ac66b874a93320acddb03d587298d09643ec8
53431,data/raw/teacher/test/images_test/53431.jpg,60.0,80.0,0.75,RGB,JPEG,3268,02235ef96a08a56fba6ff298888bfb2c0522004680c0d14c5440662902306133
53432,data/raw/teacher/test/images_test/53432.jpg,60.0,80.0,0.75,RGB,JPEG,15994,eba97a40674c899e8e87a9e5abe091bd193b3711d45ff24a224d54b380340a9c
53433,data/raw/teacher/test/images_test/53433.jpg,60.0,80.0,0.75,RGB,JPEG,16207,81b5ffe95b9f0cdfe95b3b9f1ceb4a152f9e3c1f6758d53a34fb6f27162cbadc
53434,data/raw/teacher/test/images_test/53434.jpg,60.0,80.0,0.75,RGB,JPEG,22601,94c36a022ea03757ca2b4c2d056e4daf36d65c737798ae17fe229186c16d86f1
53435,data/raw/teacher/test/images_test/53435.jpg,60.0,80.0,0.75,RGB,JPEG,24117,412d94686bdedd285d9141eb401b49fc3597a20bd3998ecd1c1205a6a340d96c
53436,data/raw/teacher/test/images_test/53436.jpg,60.0,80.0,0.75,L,JPEG,13758,98e048b930f93d3600b1141160b41d32ebe514e033efc7b0d6666504b435ac53
53437,data/raw/teacher/test/images_test/53437.jpg,60.0,80.0,0.75,RGB,JPEG,21657,c44b912eb3ece03b1dd89e69b935234e1c26f56f29fe12072c4593b5516e6d19
53438,data/raw/teacher/test/images_test/53438.jpg,60.0,80.0,0.75,RGB,JPEG,13871,e07995ac224e183f54de7b87d780f741014d68ff4f3c239c5105ef7b090080e1
53439,data/raw/teacher/test/images_test/53439.jpg,60.0,80.0,0.75,RGB,JPEG,13164,f4e444e47c4ae962d0b0fc10d5e0a45ed16fb253298ab41d7e8ed2b571478984
53440,data/raw/teacher/test/images_test/53440.jpg,60.0,80.0,0.75,RGB,JPEG,21506,f74762a74106b04da965fd18cf0b345571ec2074337f3427499d18276ae908df
53441,data/raw/teacher/test/images_test/53441.jpg,60.0,80.0,0.75,RGB,JPEG,33533,de747f28e03c3591e44b88e04c085df0781b628388273c21bfb203c6347fab27
53442,data/raw/teacher/test/images_test/53442.jpg,60.0,80.0,0.75,RGB,JPEG,18473,b5de9a91143ec142b1d4c67feb71c82b227a34747332eda1485a34e26da66376
53444,data/raw/teacher/test/images_test/53444.jpg,60.0,80.0,0.75,RGB,JPEG,12788,aa6cd4b6ad0eedcdc56d733728832ab85e79cd51f6d3215bab2415d6f141be78
53445,data/raw/teacher/test/images_test/53445.jpg,60.0,80.0,0.75,RGB,JPEG,19619,e1e1fd2dcc5226dabc50bfbc70b1c4ea27c21eb1ba121c953843f6b6da99b148
53446,data/raw/teacher/test/images_test/53446.jpg,60.0,80.0,0.75,RGB,JPEG,13187,8dbeda888b0d6ab016d9388a01bd62d357f52793818079229f01d1b2dbf90975
53447,data/raw/teacher/test/images_test/53447.jpg,60.0,80.0,0.75,RGB,JPEG,12718,976dbfa45acdb8941b0050b301e831287a2fa4f4287758d7591aaa634495936b
53448,data/raw/teacher/test/images_test/53448.jpg,60.0,80.0,0.75,RGB,JPEG,27118,d14a0f5573b5c848550947c82544811cc12eaed374f0850ce34e364908b1c4c9
53449,data/raw/teacher/test/images_test/53449.jpg,60.0,80.0,0.75,RGB,JPEG,35336,6e82eda442dcccef413e176d1969f7f4e0db9d7e8d1b5fa363e838fd7707185f
53450,data/raw/teacher/test/images_test/53450.jpg,60.0,80.0,0.75,RGB,JPEG,32247,1d7d6d19ebdc837bf09c37ebfad063f9d7ed16c1bc07ded15d2ec2b9dd3f4aa5
53452,data/raw/teacher/test/images_test/53452.jpg,60.0,80.0,0.75,RGB,JPEG,18692,bd00cf492c16f90ce2c66c845e0c71389a40b770e2f3945f83d7d29602cb481a
53453,data/raw/teacher/test/images_test/53453.jpg,60.0,80.0,0.75,RGB,JPEG,11708,3847d2435aa2b35d8d6381b7603d66b0c68d150be4b07100e34e7f5c42533b80
53454,data/raw/teacher/test/images_test/53454.jpg,60.0,80.0,0.75,RGB,JPEG,19994,9bf2a66e99643019cd4e5bc1ac6cf68aa0e8d80ffa01248c94c02701c5d04b00
53455,data/raw/teacher/test/images_test/53455.jpg,60.0,80.0,0.75,RGB,JPEG,35495,1a8d1705a3c0d3471f535331bf053bd0da24add88e4a2f14874b0b2f83b66c27
53456,data/raw/teacher/test/images_test/53456.jpg,60.0,80.0,0.75,RGB,JPEG,12891,4805fb245d91839eba224449688d82274685916c601015f3841eda45479ac532
53457,data/raw/teacher/test/images_test/53457.jpg,60.0,80.0,0.75,RGB,JPEG,13153,8335464b0c9735e7c9a6d538f2bf78585c7618c75b28fea9043c4cf5cb99f1e9
53458,data/raw/teacher/test/images_test/53458.jpg,60.0,80.0,0.75,RGB,JPEG,13469,99065c77b0e16af6550f755f132ab4880256322732158731a9ec0359eb7c6679
53459,data/raw/teacher/test/images_test/53459.jpg,60.0,80.0,0.75,RGB,JPEG,19438,8233df270ddb104db980111027300f1dc949bec4385aee5456f11513b3fb2426
53460,data/raw/teacher/test/images_test/53460.jpg,60.0,80.0,0.75,RGB,JPEG,19384,a57147ed4ac25dc154101f008578f509b45cad6361dba6dcf782d9c9703d42a8
53461,data/raw/teacher/test/images_test/53461.jpg,60.0,80.0,0.75,RGB,JPEG,5678,ee4c8f676052a4f64c8ee649f9a4634ace2d1513d738336dc5ce56c8d87a59ba
53462,data/raw/teacher/test/images_test/53462.jpg,60.0,80.0,0.75,RGB,JPEG,21015,5d1d1014aba3d16593a4d28b7ba82cdaa859e710f27e82765b1293189ea8b4a0
53463,data/raw/teacher/test/images_test/53463.jpg,60.0,80.0,0.75,RGB,JPEG,20153,e7fdb29c52d5915860d3a179a2fa2d398b90e77601ab4f2aa04c94e4d53b885c
53464,data/raw/teacher/test/images_test/53464.jpg,60.0,80.0,0.75,RGB,JPEG,5003,4296364f93be259e23dc7ce3d920e63c313eb1c3c3a95a80e864973deb1c7e15
53465,data/raw/teacher/test/images_test/53465.jpg,60.0,80.0,0.75,RGB,JPEG,4922,5f95a78df92838863402943c68145216e55f234246047cb6e928bf96c38ca485
53466,data/raw/teacher/test/images_test/53466.jpg,60.0,80.0,0.75,RGB,JPEG,4935,9e5a393845aaa54a56ba3c27c53f9485a14a0566e772eead732185f122ac462d
53467,data/raw/teacher/test/images_test/53467.jpg,60.0,80.0,0.75,RGB,JPEG,25750,584898be77358f83efa262aaecfabb6dfbfdf090fc9d0954aaf35e1029c08740
53468,data/raw/teacher/test/images_test/53468.jpg,60.0,80.0,0.75,RGB,JPEG,3225,32dea853ce46b0d6ac4c9ad68e83faaf812db31bc0e56d2354e2a5d9911ab3d8
53469,data/raw/teacher/test/images_test/53469.jpg,60.0,80.0,0.75,RGB,JPEG,16018,02e77345714300ea424198a5fb04cbd02671c4b8dd33ad9cc26c9f742d243d34
53470,data/raw/teacher/test/images_test/53470.jpg,60.0,80.0,0.75,RGB,JPEG,4597,6cf67b5108916b7a9ab458f5efd1970828f6a50c8b512d91e04ef09d27cc735a
53473,data/raw/teacher/test/images_test/53473.jpg,60.0,80.0,0.75,RGB,JPEG,21704,218545d13d687e1739aea02742b5179a1b1fe941adf0ae5a6bcaa1ff58660b52
53474,data/raw/teacher/test/images_test/53474.jpg,60.0,80.0,0.75,RGB,JPEG,4929,ee83132e60c324ea45449a0d401023be9f8c2bd2794bcf1a60e482b9655599f2
53475,data/raw/teacher/test/images_test/53475.jpg,60.0,80.0,0.75,RGB,JPEG,26868,823d9147eb4205d1a7b1758925c8a7c2077ed41fc792a4a3537f732157590deb
53476,data/raw/teacher/test/images_test/53476.jpg,60.0,80.0,0.75,RGB,JPEG,5104,9b424aed942808b22c30601cb178e32788c5f1620cab3fc236eb41ad0dbdfc83
53477,data/raw/teacher/test/images_test/53477.jpg,60.0,80.0,0.75,RGB,JPEG,5015,eb40901b3e5d435cd9bfaed656dfbed15dadfaae0ba3225def3fd40d8515003f
53478,data/raw/teacher/test/images_test/53478.jpg,60.0,80.0,0.75,RGB,JPEG,26647,d2c40c29d3f05177ca6603858e74f4c8101875d84374ec54fa68d14ca3a9d434
53479,data/raw/teacher/test/images_test/53479.jpg,60.0,80.0,0.75,RGB,JPEG,21304,8c31f543b414a8e05984d6da081ecd2e4fc3870cc439919f993e1f4b94ef24e7
53480,data/raw/teacher/test/images_test/53480.jpg,60.0,80.0,0.75,RGB,JPEG,4921,130e6c70bf341614a09ecb67f7ad1b62aef57fea09487bc0daaabb5bc680390b
53484,data/raw/teacher/test/images_test/53484.jpg,60.0,80.0,0.75,RGB,JPEG,25001,f12958d3cebd9157abefc79b3ed26bd6e8cb30fe5c9ea8150efcc16148260fc3
53485,data/raw/teacher/test/images_test/53485.jpg,60.0,80.0,0.75,RGB,JPEG,18342,bab351f6758e22b21f3fc2f41a82c121435537fde3d518d4f4f6cf4d971898fe
53486,data/raw/teacher/test/images_test/53486.jpg,60.0,80.0,0.75,RGB,JPEG,25066,151d5049af183a9b8278df92ae540a6127c91c8e000eb8fbf44a8d006e6ad649
53487,data/raw/teacher/test/images_test/53487.jpg,60.0,80.0,0.75,RGB,JPEG,24892,b15dcd10c292a2e92717efe1fa39671a200f3294d0de8083e1f371ce9f2ff46f
53488,data/raw/teacher/test/images_test/53488.jpg,60.0,80.0,0.75,RGB,JPEG,23458,ad824fe050f88d34689dd1d37a91aa87b85095b7d6fcc152941ad1e0f41031c9
53489,data/raw/teacher/test/images_test/53489.jpg,60.0,80.0,0.75,RGB,JPEG,23714,02b1f7449a18aaef4a325a5572194d1901545c57de9d995b09e5c6117b0d4ab4
53490,data/raw/teacher/test/images_test/53490.jpg,60.0,80.0,0.75,RGB,JPEG,5111,9bcf63cac2bc0f53f931013eed2b858c9bda230cd9b644bd77a6aae8cb2beaea
53491,data/raw/teacher/test/images_test/53491.jpg,60.0,80.0,0.75,RGB,JPEG,20462,5cbf0295fbb85d0b40e8f89b87612ee9eac4a32dd93c9eea83ea56a2aeb61980
53492,data/raw/teacher/test/images_test/53492.jpg,60.0,80.0,0.75,RGB,JPEG,25736,cdbd211510d47116a729b54aae3eed2a4d7254e5d26c61e11c3104e835291bd5
53493,data/raw/teacher/test/images_test/53493.jpg,60.0,80.0,0.75,RGB,JPEG,4660,64856bf54c6b36d882974cb81d2fc789dcc1e7d723b70de543f6cd709f7610c6
53498,data/raw/teacher/test/images_test/53498.jpg,60.0,80.0,0.75,RGB,JPEG,26869,77ac40d8c7164e6bf8696dfdcd073719960dd60dfcbcc7835867ab238485abf7
53506,data/raw/teacher/test/images_test/53506.jpg,60.0,80.0,0.75,RGB,JPEG,31650,b2db4d367ec6bfb2f35e361f17d92d8be94ebd0567647d6b7bc1fe849dec9ad1
53507,data/raw/teacher/test/images_test/53507.jpg,60.0,80.0,0.75,RGB,JPEG,17668,aaae3445550d77c593f10276dabc5cf31fba223d14913724ba7218b8fd42f8e5
53508,data/raw/teacher/test/images_test/53508.jpg,60.0,80.0,0.75,RGB,JPEG,21973,5ae2002f1dd4c02844f57c04a730ee0c99117e08ab04f940f08a013a170ebc54
53520,data/raw/teacher/test/images_test/53520.jpg,60.0,80.0,0.75,RGB,JPEG,26368,ad1cbf72bf36f8c21ef1b8ca98879eced39d939fbf5bdd6843c2280dc1c8ae0e
53525,data/raw/teacher/test/images_test/53525.jpg,60.0,80.0,0.75,RGB,JPEG,23883,502728cfbf5210413b90f2d86c42c78cd392001fb4edfc8894f05393ff80f506
53526,data/raw/teacher/test/images_test/53526.jpg,60.0,80.0,0.75,RGB,JPEG,19245,6167d7e6a9c61cd8d61a9ec3b64325acc72fbca5851831c699e0061533f3f52a
53527,data/raw/teacher/test/images_test/53527.jpg,60.0,80.0,0.75,RGB,JPEG,16390,d717ed456576fa3f9e3d12cdecca4286cb21f3ff4195f1a0619fb3edb0d08ab2
53528,data/raw/teacher/test/images_test/53528.jpg,60.0,80.0,0.75,RGB,JPEG,16539,c6fa1c74bc363b007f38b5c194c77228df06db6f0ffd9d312d35d42d3c9d9c10
53529,data/raw/teacher/test/images_test/53529.jpg,60.0,80.0,0.75,RGB,JPEG,22388,e4ba80f8ea74c63db86e0575bbaff8870b23dc2c1e346dc495954d9f2a48b842
53530,data/raw/teacher/test/images_test/53530.jpg,60.0,80.0,0.75,RGB,JPEG,18863,c1f7661a04462aaa7b609f53ea6ad0a9d9466c8c5f05d962dc3054e173081a67
53531,data/raw/teacher/test/images_test/53531.jpg,60.0,80.0,0.75,RGB,JPEG,18949,886d7bd9cf40e7ceba7dc16539bc3d514089221d9b03467a3bcd55ce53bc10f1
53532,data/raw/teacher/test/images_test/53532.jpg,60.0,80.0,0.75,RGB,JPEG,4021,84c2008e74c804827aad9432d89fcf90312209fdad18239c2671b1475f899775
53533,data/raw/teacher/test/images_test/53533.jpg,60.0,80.0,0.75,RGB,JPEG,16939,fde841efdcd0ede8c8594028d02789179e27bda28f2be8903df91604a4acaadd
53534,data/raw/teacher/test/images_test/53534.jpg,60.0,80.0,0.75,RGB,JPEG,14994,502cfa7e67d3c86a2de019c534bcac947482d035043b9ef86b588d241272121e
53535,data/raw/teacher/test/images_test/53535.jpg,60.0,80.0,0.75,RGB,JPEG,21321,86c838e2f2d3965a28562bb68500e0563650599df3b69009dcd82296af5f0c1c
53536,data/raw/teacher/test/images_test/53536.jpg,60.0,80.0,0.75,RGB,JPEG,22081,87146ba7a336a1c8084d65818a3b3e4f04a74a3fce6eaeee30ef2409bfa3d46a
53537,data/raw/teacher/test/images_test/53537.jpg,60.0,80.0,0.75,RGB,JPEG,21940,d30a6ede7c2f328cc5e5d3882f70963644ad9c4b89e15cb369c5237bdebd9461
53538,data/raw/teacher/test/images_test/53538.jpg,60.0,80.0,0.75,RGB,JPEG,19316,dd795315760bf0aa8363410a9d9dbd80749d5b879273a528b736c10af471f349
53539,data/raw/teacher/test/images_test/53539.jpg,60.0,80.0,0.75,RGB,JPEG,3671,e21e07a65366ccc871d238ff62e317ec017724495145b295a86dc96733b51d99
53540,data/raw/teacher/test/images_test/53540.jpg,60.0,80.0,0.75,RGB,JPEG,3673,481a98139a9630f0b5e679f8e3cb2f336c4129524a8cb94f54d5eab7b4f39d26
53541,data/raw/teacher/test/images_test/53541.jpg,60.0,80.0,0.75,RGB,JPEG,23037,34f7bc61e025b905b4f1e64f2326d8ea4ce3cc8b24f196830ed111da58eb575a
53542,data/raw/teacher/test/images_test/53542.jpg,60.0,80.0,0.75,RGB,JPEG,22947,9ed3410d84694755239d5f2d310f0e5d6180f3de00de6b0f53f4ad2f748408a6
53543,data/raw/teacher/test/images_test/53543.jpg,60.0,80.0,0.75,RGB,JPEG,21034,9e78b3f4c4c42bcd0667df03dd3008cf7957df3ddb9314d468eaaeb0390e99f3
53545,data/raw/teacher/test/images_test/53545.jpg,60.0,80.0,0.75,RGB,JPEG,22060,1e3c45634aa13f1d9062f4a492acd3d751bd8e0be756048037128d300c23d445
53546,data/raw/teacher/test/images_test/53546.jpg,60.0,80.0,0.75,RGB,JPEG,22746,cb66ad421edea0eb4a8643be19b3b2b7835542cc82cb5de9dc285b5e14abf34e
53547,data/raw/teacher/test/images_test/53547.jpg,60.0,80.0,0.75,RGB,JPEG,17454,c4aabaf07701b625f54d2e01ce3ba501dd863890cd357c8d9d07bcb191a7caaf
53548,data/raw/teacher/test/images_test/53548.jpg,60.0,80.0,0.75,RGB,JPEG,6990,3a48e56878fdb28ec066e3e6d08d6018ba5883864d98bc11fe94d38ea583bef7
53554,data/raw/teacher/test/images_test/53554.jpg,60.0,80.0,0.75,RGB,JPEG,28728,285a81e1f066470c481f7fcc6650dbbef2a98f69d3dc1847ecc4d33664545b5d
53555,data/raw/teacher/test/images_test/53555.jpg,60.0,80.0,0.75,RGB,JPEG,29513,9454d01181cbe721319082d6d7fe04be9a4acefe9b592586854d77cf913535c4
53556,data/raw/teacher/test/images_test/53556.jpg,60.0,80.0,0.75,RGB,JPEG,29378,cfb64c79ec7faa19de1531d514464ee27182111b3b22b77c62bccc06ee9f5d55
53557,data/raw/teacher/test/images_test/53557.jpg,60.0,80.0,0.75,RGB,JPEG,27713,53ae5573fd0a086e4bc0c1298171f9e315ef51f3c59b84444d938bc6dedf79fc
53558,data/raw/teacher/test/images_test/53558.jpg,60.0,80.0,0.75,RGB,JPEG,27829,e85627f58d37a1a93280d332b95a74a0af39dfe73bc7db23a01e986ad40768be
53559,data/raw/teacher/test/images_test/53559.jpg,60.0,80.0,0.75,RGB,JPEG,28533,a8368ce9b67ab8c5f478b43b7e632725090a18e66bb19a71e3804c8d8d8736ab
53560,data/raw/teacher/test/images_test/53560.jpg,60.0,80.0,0.75,RGB,JPEG,21777,8aaabc4a63c82428061a5848a2386b5ef5c2bc72280e8bcaeae184f227cebdf8
53561,data/raw/teacher/test/images_test/53561.jpg,60.0,80.0,0.75,RGB,JPEG,17096,d3e2788fae4585ccea709d592a378f2724925c7236c585a7060c5ed0fe2daab9
53562,data/raw/teacher/test/images_test/53562.jpg,60.0,80.0,0.75,RGB,JPEG,23253,3357d3501f8e0059119d4146b32cf3728605d1dda56610569a372a2699ac9004
53563,data/raw/teacher/test/images_test/53563.jpg,60.0,80.0,0.75,RGB,JPEG,22249,84dd961656cc30cfe2dc069ef02ba29f56f71056fc4676449ba2abae098e6bec
53564,data/raw/teacher/test/images_test/53564.jpg,60.0,80.0,0.75,RGB,JPEG,26417,43274201f5fc6151e4bc9364fab3f132760cde5f7f9d838f47ded42da003cc4c
53565,data/raw/teacher/test/images_test/53565.jpg,60.0,80.0,0.75,RGB,JPEG,49202,e1cddf46ac0024bb378e7e4723864392f9f9dab992ddd02acb354ab3819cb851
53566,data/raw/teacher/test/images_test/53566.jpg,60.0,80.0,0.75,RGB,JPEG,22364,d05b2c40d4c49399f59813dab99cc7f6e4e7aab718e7e065ec1977e2d89ad6a8
53567,data/raw/teacher/test/images_test/53567.jpg,60.0,80.0,0.75,RGB,JPEG,27235,971f96c733f5ddf4ff1ba6ecb1154ef8c04c77e028c5613a74b66ee01feda5cd
53568,data/raw/teacher/test/images_test/53568.jpg,60.0,80.0,0.75,RGB,JPEG,16031,f903412b042b49d45a515af19a19f97f513ca1bdb9c624a09cb3359997359550
53569,data/raw/teacher/test/images_test/53569.jpg,60.0,80.0,0.75,RGB,JPEG,21342,e668f808fd6208646eb7675af97c8d509b1308cd753e187ededf686a1e2aa01f
53570,data/raw/teacher/test/images_test/53570.jpg,60.0,80.0,0.75,RGB,JPEG,21192,8d1722aca0a43ae27ede54f4d9267080f4a331477a76eb3057b87383a6adfe3f
53571,data/raw/teacher/test/images_test/53571.jpg,60.0,80.0,0.75,RGB,JPEG,37787,0b2479043fad5fe6f3496f1219689b89e05b070b91ad0c1144776d3345f07f45
53572,data/raw/teacher/test/images_test/53572.jpg,60.0,80.0,0.75,RGB,JPEG,14534,884c91d9b3b0b81ca140d54d0f7f9ae0bad3b8a2268471c9971ef84a846d7cce
53573,data/raw/teacher/test/images_test/53573.jpg,60.0,80.0,0.75,RGB,JPEG,15020,589d0ca8e9db66a160f5f62d88db6781a92fd2f6f7f94565cc999250e7d9aa12
53574,data/raw/teacher/test/images_test/53574.jpg,60.0,80.0,0.75,RGB,JPEG,15255,b9012e84c11766c8250559b8aad3c43fb7b8cb20510b613a46f9ce8ad542f208
53575,data/raw/teacher/test/images_test/53575.jpg,60.0,80.0,0.75,RGB,JPEG,20444,eaa96d9c28ce59eae8c0e5f30ad8c14467135456aee9e6c56433f7a65aedac82
53576,data/raw/teacher/test/images_test/53576.jpg,60.0,80.0,0.75,RGB,JPEG,21317,a111885aecbde6f34ba68caeb34d66c767c22bcc9470d0693ffa30d67d390253
53577,data/raw/teacher/test/images_test/53577.jpg,60.0,80.0,0.75,RGB,JPEG,4658,eba379f118c94729cf33529903ceabc56d8e224879c2efa335143eb32ad2386f
53578,data/raw/teacher/test/images_test/53578.jpg,60.0,80.0,0.75,RGB,JPEG,14344,92e98a08323b91d9881e2eb1ffa23e0d1037effe86ad1ca00d57a161525231e0
53579,data/raw/teacher/test/images_test/53579.jpg,60.0,80.0,0.75,RGB,JPEG,1011,f30511a2b1e5fe42efb8deb0835004389ed612c82f0698b3483e7fbfcf0b47eb
53580,data/raw/teacher/test/images_test/53580.jpg,60.0,80.0,0.75,RGB,JPEG,1201,e93d0d9c5e4ed4cb7db4063e77e1ed64b57cff4071e2516560a18cb9d41c859b
53581,data/raw/teacher/test/images_test/53581.jpg,60.0,80.0,0.75,RGB,JPEG,1151,000bf363b2282e2172898856f946459a3a498cc2bb14a5a210ef4246ebaf12a3
53582,data/raw/teacher/test/images_test/53582.jpg,60.0,80.0,0.75,RGB,JPEG,19052,c4515bd421d759695075505baeb236dd66bdd93faaf3ec06b5692d8c8c09fc14
53583,data/raw/teacher/test/images_test/53583.jpg,60.0,80.0,0.75,RGB,JPEG,1290,21a996f4e4ef2c63279dfbf729d56aa59b41642716f57c1e2c44a0f16ba773fe
53584,data/raw/teacher/test/images_test/53584.jpg,60.0,80.0,0.75,RGB,JPEG,1101,5a16d35068ac2476ac0fff3009dd3a1f8d6a7189e2a99ed779090917988824ce
53585,data/raw/teacher/test/images_test/53585.jpg,60.0,80.0,0.75,RGB,JPEG,20500,11c4af819deaa6cba6cf63ab54ba918057bbbe954050924d397ec281b3f8662f
53586,data/raw/teacher/test/images_test/53586.jpg,60.0,80.0,0.75,RGB,JPEG,24517,400b4eb364090d5528ec7bf1908f112b08af8dc634193dd50c75e375376e5049
53587,data/raw/teacher/test/images_test/53587.jpg,60.0,80.0,0.75,RGB,JPEG,21853,3e0430a44764a7d38f3b4ad9033703d6597455e50ccdffb59971870eac68c482
53588,data/raw/teacher/test/images_test/53588.jpg,60.0,80.0,0.75,RGB,JPEG,20937,da86f8af49e72dda20fa3654ae45b61a29394be081bb7590f815edeec02e4bf5
53589,data/raw/teacher/test/images_test/53589.jpg,60.0,80.0,0.75,RGB,JPEG,26719,e94db1403e4a7836f9d8901ecde702609160bcca954884e672cd3f730973831a
53590,data/raw/teacher/test/images_test/53590.jpg,60.0,80.0,0.75,RGB,JPEG,16647,75f7469d1890c804028add9430bcc396c1bb7c6efe857f902b5e1178e9d621a6
53591,data/raw/teacher/test/images_test/53591.jpg,60.0,80.0,0.75,RGB,JPEG,1223,2bae756281fa7684ca7c22f7b5eae6543fdbf9d6001368685e65c700e082baf6
53592,data/raw/teacher/test/images_test/53592.jpg,60.0,80.0,0.75,RGB,JPEG,1040,7065bd570d5d3061a97d91f26456c909ef1a764c8f9ec3cd4fbef31724802f41
53593,data/raw/teacher/test/images_test/53593.jpg,60.0,80.0,0.75,RGB,JPEG,1361,4089aaa2989bcc58c8dc38ce405929d63319e49d2213279b08736a84c217a779
53594,data/raw/teacher/test/images_test/53594.jpg,60.0,80.0,0.75,RGB,JPEG,1405,97b93e8069df5bd3d6426cc8b65cf128fc610c11fa51953bd818a8b360be3ec2
53595,data/raw/teacher/test/images_test/53595.jpg,60.0,80.0,0.75,RGB,JPEG,1558,6ad74c433e5233e02c32de1bbfb9f51f34c812b20dae9c0c0f90de7b746e0877
53596,data/raw/teacher/test/images_test/53596.jpg,60.0,80.0,0.75,RGB,JPEG,1343,839f058dece33f0237edf7771c09eaa0ae86fe815d385d9b7478f9c72c069da3
53597,data/raw/teacher/test/images_test/53597.jpg,60.0,80.0,0.75,RGB,JPEG,1366,a802ba739e298ea0faac732ef70930768f817a46e1c882c10f8a5dba88770ccb
53598,data/raw/teacher/test/images_test/53598.jpg,60.0,80.0,0.75,RGB,JPEG,1348,4af728e234d3b2769a4a8cd861958eb286ef932dd1e301431dd97a6875f147b6
53599,data/raw/teacher/test/images_test/53599.jpg,60.0,80.0,0.75,RGB,JPEG,1379,5a342681bfd36c03b4b7f1196b17e229c912a90d7b8ef5b515aa6966fd06c0f1
53600,data/raw/teacher/test/images_test/53600.jpg,60.0,80.0,0.75,RGB,JPEG,1548,52fd838dc49b03d8da80a7c187440fe3e6219e68234c28d66f5a7e8a5405fb35
53601,data/raw/teacher/test/images_test/53601.jpg,60.0,80.0,0.75,RGB,JPEG,1439,c59b76867c4ee9b501bb6526b85b7d8c15e566e6d4cd64fcafc8df9b9c6ca643
53602,data/raw/teacher/test/images_test/53602.jpg,60.0,80.0,0.75,RGB,JPEG,1541,c743f902664c6a98f2a28380e2992b244a288966fe6e0861c191ae74d4eb5fb3
53603,data/raw/teacher/test/images_test/53603.jpg,60.0,80.0,0.75,RGB,JPEG,26611,a4d8898c2df4b4b57d27f1752685807fff9e74dbc2ce5bacb1a5ec301735b5a4
53604,data/raw/teacher/test/images_test/53604.jpg,60.0,80.0,0.75,RGB,JPEG,1544,b368952e259acc0ca65041f7e1297ce5ba3be9b9a1654ac58c41828da4dda492
53605,data/raw/teacher/test/images_test/53605.jpg,60.0,80.0,0.75,RGB,JPEG,3667,c8df698e672bff3ca60866c65f1e355a0f4c9a260b55c91a33a9ed8132d9a0bf
53606,data/raw/teacher/test/images_test/53606.jpg,60.0,80.0,0.75,RGB,JPEG,1459,1345a2c7b8e52e914c10c95339a9e6fd404aff3534a1eb1ef20e086caacb044a
53608,data/raw/teacher/test/images_test/53608.jpg,60.0,80.0,0.75,RGB,JPEG,1106,b51b94f0bb03dbb45a127014aafc75426af78996cdc870dea3981ead63b0c710
53609,data/raw/teacher/test/images_test/53609.jpg,60.0,80.0,0.75,L,JPEG,25307,e83cffc32b850957ab22d403ffc170f735745d70d5e8e1f3045f6db4d98bbb90
53611,data/raw/teacher/test/images_test/53611.jpg,60.0,80.0,0.75,RGB,JPEG,1552,a58e268f448a2634c97be7bfd6700a222cfaa50fbf111ad3791b488678c32e72
53612,data/raw/teacher/test/images_test/53612.jpg,60.0,80.0,0.75,RGB,JPEG,1389,f6bc38d6d68893d48883d150431fbde58829407b5cdb276209d184b8d1a702c4
53613,data/raw/teacher/test/images_test/53613.jpg,60.0,80.0,0.75,RGB,JPEG,19593,22adfa8baaf9a0fcafadb6b776009a067279083437e5ac2070555d25f7cdc47d
53614,data/raw/teacher/test/images_test/53614.jpg,60.0,80.0,0.75,RGB,JPEG,1443,7e50faf2f1829a9158c8c7777501b366c37a2760e9faf6083d8ff848a6100f48
53615,data/raw/teacher/test/images_test/53615.jpg,60.0,80.0,0.75,RGB,JPEG,26510,021d8a298949fd1ffbf4dd14c689d7acd1d771dc3a51c648c54ecc19923a7477
53616,data/raw/teacher/test/images_test/53616.jpg,60.0,80.0,0.75,RGB,JPEG,19424,995f8f166ba314d6bf466c0ce7d573d6d4ae4d94b91ba0e6a91fd9b6c2307ad0
53617,data/raw/teacher/test/images_test/53617.jpg,60.0,80.0,0.75,RGB,JPEG,41922,38d0d22a8a245fc90e1bbcf1e604af980e5b4a7896136a5692e9417bcf479a96
53618,data/raw/teacher/test/images_test/53618.jpg,60.0,80.0,0.75,RGB,JPEG,42902,479967e9d014e6c1b7c7059cd262994c1ed51ef58d32ad99c00e61a3fe454386
53619,data/raw/teacher/test/images_test/53619.jpg,60.0,80.0,0.75,RGB,JPEG,23691,431bd896db340eb5c7dd341488bdbfaafdf43409ec06ff7ce9832c9fe42e9ffa
53620,data/raw/teacher/test/images_test/53620.jpg,60.0,80.0,0.75,RGB,JPEG,873,87ac9fb2e1058e1ecf83cc3187b160be8ca4a200095a73b90f8160a28ed9b9db
53621,data/raw/teacher/test/images_test/53621.jpg,60.0,80.0,0.75,RGB,JPEG,24495,db995ee4f71a6f212d1ac6c777fb58cc3f50cb29f2111cc708de1650892d8fcc
53622,data/raw/teacher/test/images_test/53622.jpg,60.0,80.0,0.75,RGB,JPEG,1311,43667e3eb4ac4184562c7ba693a5ccf107b0e0a145b3b5ddc1c0e624a3d60754
53623,data/raw/teacher/test/images_test/53623.jpg,60.0,80.0,0.75,RGB,JPEG,1462,f808c09c9a1769b76ca391cf05fda4b07fcfc40108055a79ab14a7679e54b66a
53624,data/raw/teacher/test/images_test/53624.jpg,60.0,80.0,0.75,RGB,JPEG,826,6438c2e1826806ee37940a7ef745fbf9c401c93f9bc67396cb68bd05e2f65e6e
53625,data/raw/teacher/test/images_test/53625.jpg,60.0,80.0,0.75,RGB,JPEG,1382,15f3bc6f8c3017c6a5c4cb13f26ba56b0388b700281bd9a2fa0d9f37309b0a2b
53626,data/raw/teacher/test/images_test/53626.jpg,60.0,80.0,0.75,RGB,JPEG,1425,c384ee3bbcec2e962766bf65914bdf3007d2999e39ddb891dc8d8cace4ab14d6
53627,data/raw/teacher/test/images_test/53627.jpg,60.0,80.0,0.75,RGB,JPEG,1144,ee8d5d7d4f7f3c590118f3d3692c776ca4abfc30600b370abad9d57a4c49c8a2
53628,data/raw/teacher/test/images_test/53628.jpg,60.0,80.0,0.75,RGB,JPEG,1188,b4f166761995c200c85cb6af8de136d4b13e463839f29555da971fc16028e0e6
53629,data/raw/teacher/test/images_test/53629.jpg,60.0,80.0,0.75,RGB,JPEG,1586,7eb842bde020f6651b57427e24d62c427a689a2ca66c90313b01ee00c05e19a7
53630,data/raw/teacher/test/images_test/53630.jpg,60.0,80.0,0.75,RGB,JPEG,25320,da2c9620b9e17df4668c8ee4f752eee56af0588196dcf2c5799b6073b4d24e79
53631,data/raw/teacher/test/images_test/53631.jpg,60.0,80.0,0.75,RGB,JPEG,23149,a8d5330859ff805603c67702911b0c05f11f72911141620067f656a878427baf
53632,data/raw/teacher/test/images_test/53632.jpg,60.0,80.0,0.75,RGB,JPEG,11917,ac33fefd76a9d77bf64d70e369dae8dd8fcc618317fdbf968ac1e17aa5dd2dd5
53633,data/raw/teacher/test/images_test/53633.jpg,60.0,80.0,0.75,RGB,JPEG,32722,f759729428e8dd91c60e749d4a03559708b89aae1ae8848f4b99f12de215ae75
53634,data/raw/teacher/test/images_test/53634.jpg,60.0,80.0,0.75,RGB,JPEG,20692,ce2e2c53d8b4786744d24c0a55e6f9e711f84de0822abe12abb7cdf80648f802
53635,data/raw/teacher/test/images_test/53635.jpg,60.0,80.0,0.75,RGB,JPEG,20442,1dbfdee21d005d2d2f77ff767fe87a01a2bff31608b8549155d7e26ab14af43b
53636,data/raw/teacher/test/images_test/53636.jpg,60.0,80.0,0.75,RGB,JPEG,15583,7de29fe4f189577a1bffa2a91c25947c96e4bbf47d901e5e4e4d2d43c97a8121
53637,data/raw/teacher/test/images_test/53637.jpg,60.0,80.0,0.75,L,JPEG,13473,6b1a36dc65f1333b71a1bd705ee631cb18b4402815249df47a0c5568ec37d3fd
53638,data/raw/teacher/test/images_test/53638.jpg,60.0,80.0,0.75,RGB,JPEG,13926,b50b0029f22aebd80e5154dd1dcfac6ee86f39837713d3c5f233c5710f7bf14c
53639,data/raw/teacher/test/images_test/53639.jpg,60.0,80.0,0.75,RGB,JPEG,20128,02fff0a7017329dd413222c452509e53ef3cd28da4a2f285f60c31c7f9229fdb
53640,data/raw/teacher/test/images_test/53640.jpg,60.0,80.0,0.75,RGB,JPEG,34987,3b32009657f020b25fb6e093857adf38bbd06b59a3fcb8f2c7cc90d63633d9c4
53648,data/raw/teacher/test/images_test/53648.jpg,60.0,80.0,0.75,RGB,JPEG,22115,c34c969f5e4af30208f0e0f32b7356a33a60d73136859541747e2381fb2dea57
53649,data/raw/teacher/test/images_test/53649.jpg,60.0,80.0,0.75,RGB,JPEG,14348,c95f6264a49d7e66e25a6ab6c5e493542b092a5d71a958ef2cfa0deff497de0d
53651,data/raw/teacher/test/images_test/53651.jpg,60.0,80.0,0.75,RGB,JPEG,42183,aec860ef674c005c2898df9e22a93bfb5f1c532306e5e41678b6079fd6deb479
53652,data/raw/teacher/test/images_test/53652.jpg,60.0,80.0,0.75,L,JPEG,19944,aa2f6f475de431220bdab24182d906216195d2cb3fdf704db3a466e8d6efd439
53653,data/raw/teacher/test/images_test/53653.jpg,60.0,80.0,0.75,RGB,JPEG,19393,b75f33c6ee4923057522dab9517f639add1b2a29a0874a9011b01a5540d0c82c
53654,data/raw/teacher/test/images_test/53654.jpg,60.0,80.0,0.75,RGB,JPEG,13617,de9cef0034ef0bedd1c86c62489ce8860de9c2a47a46e648c7a210e2a8749645
53655,data/raw/teacher/test/images_test/53655.jpg,60.0,80.0,0.75,RGB,JPEG,3876,708f25582bb4b8c0de4b5fb559a6c403bfe49627bbbbf01c07135da028a93cf4
53656,data/raw/teacher/test/images_test/53656.jpg,60.0,80.0,0.75,RGB,JPEG,14358,4b07c3614f80790697588b3572298680646cc4bbcb9bbadacdb33cf62dd7a8d2
53657,data/raw/teacher/test/images_test/53657.jpg,60.0,80.0,0.75,RGB,JPEG,4280,029f4db4e7872c953c65f2cc2ce296b7875ec1db9f165b920a591300a4a47460
53659,data/raw/teacher/test/images_test/53659.jpg,60.0,80.0,0.75,RGB,JPEG,15035,8af30c8504dd0588d56815bfb183c5df87b2e9db07c5f7d51bcbea9a3c7dbf96
53660,data/raw/teacher/test/images_test/53660.jpg,60.0,80.0,0.75,RGB,JPEG,14896,e9a40a02792413bd63d8b6333c9ae5463e1af7aa3ec874ce5a22b9cf3913b805
53661,data/raw/teacher/test/images_test/53661.jpg,60.0,80.0,0.75,RGB,JPEG,21695,2a1ac2a737d40fe8752a29f55c9537540f1183e723aa2e58812df4ae5c344bf3
53663,data/raw/teacher/test/images_test/53663.jpg,60.0,80.0,0.75,RGB,JPEG,20668,78abed7d3622177b35ed7a623c9582ca3fd3c8ae9ddaffdfd018b3cbeaf0a538
53665,data/raw/teacher/test/images_test/53665.jpg,60.0,80.0,0.75,RGB,JPEG,32810,eff4a95bc0fa09a9e5249f197c4095a12c96f16068bbd1dba78e22c6064dd45b
53666,data/raw/teacher/test/images_test/53666.jpg,60.0,80.0,0.75,RGB,JPEG,14935,2c0909a7ed9df75d5950718219b15db839535b55d06b650dce8935b2e5f2fc94
53667,data/raw/teacher/test/images_test/53667.jpg,60.0,80.0,0.75,RGB,JPEG,21800,985bdf66237c76dab16161e5e33c3bd1299ee29b0a2facd28432392fae4898d7
53668,data/raw/teacher/test/images_test/53668.jpg,60.0,80.0,0.75,RGB,JPEG,16137,c6fc4fa7701027cf2a967caffca7c984d29dc7f671d9777444e1dfca217c1c98
53669,data/raw/teacher/test/images_test/53669.jpg,60.0,80.0,0.75,RGB,JPEG,15630,e3794041a9c0a9396c6566e6831d52bab6d6cb1553ca39c943d4015cac18959d
53670,data/raw/teacher/test/images_test/53670.jpg,60.0,80.0,0.75,RGB,JPEG,22512,548136bb1da4dfbcde61a193e089668d2ba0cd7e98b87544b69db25c0ad900fa
53671,data/raw/teacher/test/images_test/53671.jpg,60.0,80.0,0.75,RGB,JPEG,34202,b3dd42ac148f938938f2f1ff5cd9fb62ef7cfdaf9d93eed5a7422d2e6ae30a5d
53672,data/raw/teacher/test/images_test/53672.jpg,60.0,80.0,0.75,RGB,JPEG,15136,f71b0b4b7401b2a965288007bcd4835ec9aa05cfa85b47792d98a2163a85915d
53673,data/raw/teacher/test/images_test/53673.jpg,60.0,80.0,0.75,RGB,JPEG,31275,a1d272243f5bdbdd010cb1fb9812bb14b7c93104e2a4317301bfd3fc3e17b597
53674,data/raw/teacher/test/images_test/53674.jpg,60.0,80.0,0.75,RGB,JPEG,20997,838fb73473acb6ed3c28e326b94e44ac2a5235fdcfd9c483efee75bca1c33551
53675,data/raw/teacher/test/images_test/53675.jpg,60.0,80.0,0.75,RGB,JPEG,32852,f4d420d9f396bbe0209190a207a9e0c63b8f8cbe29b6fc0555be33298760da15
53676,data/raw/teacher/test/images_test/53676.jpg,60.0,80.0,0.75,RGB,JPEG,3006,d9426b25c53b31a76c6b234d90a38c567f0240442d7c8a348f45275fa71adc71
53677,data/raw/teacher/test/images_test/53677.jpg,60.0,80.0,0.75,RGB,JPEG,42159,e908dc2b7f9098961dd404d0dd307106f702f4fda25b417f963dc5a4279a449c
53678,data/raw/teacher/test/images_test/53678.jpg,60.0,80.0,0.75,RGB,JPEG,37409,aeffd295446ade6bf41708ac040b601e94c237711e06dc95a0fa548b30866e95
53679,data/raw/teacher/test/images_test/53679.jpg,60.0,80.0,0.75,RGB,JPEG,21979,1620f2fda3746d8ef4059e932d237c5cb55c24f4c13b672346f1f57d5166e0b6
53680,data/raw/teacher/test/images_test/53680.jpg,60.0,80.0,0.75,RGB,JPEG,16882,edef6fbc32d4a6956cce54cf4cd10099a4c9f05ccbf80e6a98a66ad8554e7d99
53681,data/raw/teacher/test/images_test/53681.jpg,60.0,80.0,0.75,RGB,JPEG,21012,91806f0054ef3facfb26a153367b98c82e0e7e427258bf3fb8913e62a91c2816
53682,data/raw/teacher/test/images_test/53682.jpg,60.0,80.0,0.75,RGB,JPEG,14521,c381b6e6c3805eee8050d8b67cbf4f65fc4f828c383d02aa05aa74ce3375e051
53683,data/raw/teacher/test/images_test/53683.jpg,60.0,80.0,0.75,RGB,JPEG,22571,d1a92f5e0d5f637693c6ac63a1558e2926c365621dcba6b206f543314cbfe0da
53684,data/raw/teacher/test/images_test/53684.jpg,60.0,80.0,0.75,RGB,JPEG,21564,a5926afaf0d2a8e182865fa30cdd377d582910245be9a0b697bf93fbcd80c600
53685,data/raw/teacher/test/images_test/53685.jpg,60.0,80.0,0.75,RGB,JPEG,41344,4abbbf9d34bfba8a9b3db047f39eaf6338663d0e845692d915340541f61b8887
53686,data/raw/teacher/test/images_test/53686.jpg,60.0,80.0,0.75,RGB,JPEG,22027,3bd85f2ef4db94dfa23af46fa75ec910ab5741d2f646fffd5de59c84be3bba78
53687,data/raw/teacher/test/images_test/53687.jpg,60.0,80.0,0.75,RGB,JPEG,16746,75c884422e54cd470da53039b8cfeb35561bee7250b41d4bf6272aa600f77902
53688,data/raw/teacher/test/images_test/53688.jpg,60.0,80.0,0.75,RGB,JPEG,15655,eb00002167f34a01b4abba6a6792e0d61e88585fccacf08e15fae99e231eb565
53689,data/raw/teacher/test/images_test/53689.jpg,60.0,80.0,0.75,RGB,JPEG,22647,607826157dc8ae80dce654211780290753f87cbb86bb2521790ca1f3b6490d8b
53692,data/raw/teacher/test/images_test/53692.jpg,60.0,80.0,0.75,RGB,JPEG,16273,3c28654d0314bb68f0c1cfcefb9b506efc1f7769d00a5ab3b817e7f480a594e8
53695,data/raw/teacher/test/images_test/53695.jpg,60.0,80.0,0.75,RGB,JPEG,20079,afd530916e2602a18e28ed3165d7699e50f6324bf934a5f350b8bd0bb1001b5c
53696,data/raw/teacher/test/images_test/53696.jpg,60.0,80.0,0.75,RGB,JPEG,21193,44e0eb9d59a26d656e597b9f90186f6128d1532ee63192d2801d9bb71ecbf4ed
53698,data/raw/teacher/test/images_test/53698.jpg,60.0,80.0,0.75,RGB,JPEG,21062,3a88dec4a80fe83c5c01feefa27805da54fe62d7abe2f3dcaad6696af3dd06b9
53702,data/raw/teacher/test/images_test/53702.jpg,60.0,80.0,0.75,RGB,JPEG,23154,c71a9e100d84145e655b6282e90341afdf24d13be6b260ab003482806b60969c
53706,data/raw/teacher/test/images_test/53706.jpg,60.0,80.0,0.75,RGB,JPEG,15721,52d0bbd5ca780e72c8c8a599bfb7bf27208b32b167ba927b5562c21c5a44a3c0
53708,data/raw/teacher/test/images_test/53708.jpg,60.0,80.0,0.75,RGB,JPEG,4384,599657500fd0fb40a1ac4d08d7f098bd6e8e53239861a533b4ade26bca8221a6
53710,data/raw/teacher/test/images_test/53710.jpg,60.0,80.0,0.75,RGB,JPEG,3864,fc6de020a80e22dda02b4de4b070956866f6de5aaa64bfa37ecf90e456987303
53715,data/raw/teacher/test/images_test/53715.jpg,60.0,80.0,0.75,RGB,JPEG,14490,ea69629abc846f53e35da20c2efccd659b48c2df4d65373f075a00042590fd65
53719,data/raw/teacher/test/images_test/53719.jpg,60.0,80.0,0.75,RGB,JPEG,15913,95658cdc3a8cb60371feab9d0d399dec8ea617579d5d4418d15e0f665bbbbdac
53720,data/raw/teacher/test/images_test/53720.jpg,60.0,80.0,0.75,RGB,JPEG,22586,a8668ea39147c55909b357686fe902c9ffa0ac219fbff791dcaa5a2caf88af0e
53723,data/raw/teacher/test/images_test/53723.jpg,60.0,80.0,0.75,RGB,JPEG,13308,c8b73dedde33fbb5801f1f4c8d449ba4194733d244145fa68f00908a20ffca53
53724,data/raw/teacher/test/images_test/53724.jpg,60.0,80.0,0.75,RGB,JPEG,19737,56965a46b2a0aa018d12ddb304d6d52b1b8a87c37ce158abd5624b523739ad4d
53725,data/raw/teacher/test/images_test/53725.jpg,60.0,80.0,0.75,RGB,JPEG,19594,6d2bc8e5dda725f8024367c20c641ac2c37fb89f9637197b9b760a4dc5effb88
53726,data/raw/teacher/test/images_test/53726.jpg,60.0,80.0,0.75,RGB,JPEG,19089,f757ab4196e804a51b3dd9f3d9320a4ca3428bcf310b456c2c2661c959766393
53727,data/raw/teacher/test/images_test/53727.jpg,60.0,80.0,0.75,RGB,JPEG,19637,06b8a193ecced157ad77aa051b8a2aaf33a2388f317dbb9c65f829537a5e12fa
53729,data/raw/teacher/test/images_test/53729.jpg,60.0,80.0,0.75,RGB,JPEG,14389,9950dafb27a6db69b0ae1b0fa709754b261db48fb20633634b86b8fb1f52ddb0
53731,data/raw/teacher/test/images_test/53731.jpg,60.0,80.0,0.75,L,JPEG,21715,4aa65bda1bc41b630a0ae680779e10370f68bd08fd561f0c4cb7a2ef3e0684c2
53732,data/raw/teacher/test/images_test/53732.jpg,60.0,80.0,0.75,RGB,JPEG,15663,ccb7dd7d171851b0bf4fce988273c7b90969745707fced968c39fa9f0337673d
53734,data/raw/teacher/test/images_test/53734.jpg,60.0,80.0,0.75,RGB,JPEG,32810,98be905de7a8a1b7297f3fb6b4a497bb13c1ea8691b361d8c7f30acf925b72ba
53735,data/raw/teacher/test/images_test/53735.jpg,60.0,80.0,0.75,RGB,JPEG,30648,0a42f6818d33e84d7b0fbe2186fa0ae0854223b79d53fd07a7864fa1d03e595b
53737,data/raw/teacher/test/images_test/53737.jpg,60.0,80.0,0.75,RGB,JPEG,21952,07c3bdd21b12197b7c4213c744c85c24c5f14ed709e749a6a0e0bc05e163aad7
53738,data/raw/teacher/test/images_test/53738.jpg,60.0,80.0,0.75,RGB,JPEG,4253,37f3dc88737ad20ed5d84f0817775b2a09f7e9bbf9571b580be3fbff3c47e7bd
53740,data/raw/teacher/test/images_test/53740.jpg,60.0,80.0,0.75,RGB,JPEG,15613,d964605b71ce0c1e278edd02acfc5b7fa46e84fb6db5250bdcbe5ad4a24f33c6
53741,data/raw/teacher/test/images_test/53741.jpg,60.0,80.0,0.75,RGB,JPEG,3794,7648ad6ef2618462a8865cb3eeac8b804710f892fb7c4c3fb9ae72fdc5b774ab
53742,data/raw/teacher/test/images_test/53742.jpg,60.0,80.0,0.75,RGB,JPEG,3783,b42578ffd80a8307d360b6d3fc98410617d439bf0a1848201ce87af05db720b0
53743,data/raw/teacher/test/images_test/53743.jpg,60.0,80.0,0.75,RGB,JPEG,3767,6b1a6a6a33fc10586c075d646d3f4a47f95ac7377c04a44444b995f4bd262733
53744,data/raw/teacher/test/images_test/53744.jpg,60.0,80.0,0.75,RGB,JPEG,3384,0dd04abaef9add3ca086af30bbc88b65e56f47396f9b83603e4c280941cd7e28
53745,data/raw/teacher/test/images_test/53745.jpg,60.0,80.0,0.75,RGB,JPEG,3402,a5905f0676804f55f172de53dea02c4b53fccd55c0f3d0e63bd8500809bd0a31
53747,data/raw/teacher/test/images_test/53747.jpg,60.0,80.0,0.75,RGB,JPEG,3171,a63e948d444691376e635f925b373ecdd7077ed2ce30877c2374968974e8b169
53748,data/raw/teacher/test/images_test/53748.jpg,60.0,80.0,0.75,RGB,JPEG,3998,25ab1468ea085268b9b9bdd6e753028be2fa4a11ed02c17863189867ece98914
53749,data/raw/teacher/test/images_test/53749.jpg,60.0,80.0,0.75,RGB,JPEG,3497,fc2e601910bd8c8f1b8d2b9a0d5e17af71e63e5eca4242845606cc0e8982e9ea
53750,data/raw/teacher/test/images_test/53750.jpg,60.0,80.0,0.75,RGB,JPEG,3442,8403276fa18ab879b68f59c1c4b04cd9893369fe8f5cfb2ad93ef600eacaa4a4
53751,data/raw/teacher/test/images_test/53751.jpg,60.0,80.0,0.75,RGB,JPEG,3256,ef2402213d0c2cae2318587f4fe9460838d68bb8f330625e68bd4b064177655b
53752,data/raw/teacher/test/images_test/53752.jpg,60.0,80.0,0.75,RGB,JPEG,3488,9cce744b7abc03660fc37a5a8af9e76b4e6c84c05fe37f0f13ab75f7ec105c27
53753,data/raw/teacher/test/images_test/53753.jpg,60.0,80.0,0.75,RGB,JPEG,22302,debdcab158226b32a05c65a76a93558998152a81ed285d7fa3851f5c7a1b6b8b
53754,data/raw/teacher/test/images_test/53754.jpg,60.0,80.0,0.75,RGB,JPEG,2981,a4907f2f8d97564795d939d8dc01f737886e536f95d00722d7eec0cf5bf19184
53755,data/raw/teacher/test/images_test/53755.jpg,60.0,80.0,0.75,RGB,JPEG,17009,4685ef47ad99fc670f12623074d32b125e314a9a3cd70b78f5fe87b9d22ab4ae
53756,data/raw/teacher/test/images_test/53756.jpg,60.0,80.0,0.75,RGB,JPEG,15720,a5500179818d2c7ccad8d8a08b88005c82aa819c865d932265181df6c2ebc94c
53757,data/raw/teacher/test/images_test/53757.jpg,60.0,80.0,0.75,RGB,JPEG,20099,d1a3a42372fc377d83e8a3fe1b5315b0703f6bad09fecd38d2e1b5429071357a
53759,data/raw/teacher/test/images_test/53759.jpg,60.0,80.0,0.75,RGB,JPEG,17798,473f8ea5d7a17c1d8117dafc2a21fffc43172b476958ba40ebaf84f3f726f1b1
53760,data/raw/teacher/test/images_test/53760.jpg,60.0,80.0,0.75,RGB,JPEG,4669,6f0e6e9200bcf7a4a11fa58b9bf6f24a2e5a8b8fb18354a6dc4e799fee258087
53761,data/raw/teacher/test/images_test/53761.jpg,60.0,80.0,0.75,RGB,JPEG,4448,b59bb27e359b4d2ca735a95f0b62ba649f8eb7516da82c12a611c7593d75baae
53762,data/raw/teacher/test/images_test/53762.jpg,60.0,80.0,0.75,RGB,JPEG,4577,9a234466bf34464ab727dcf529a74c5fba511fc638455b381245a66ca4a182ff
53763,data/raw/teacher/test/images_test/53763.jpg,60.0,80.0,0.75,RGB,JPEG,4040,9eaac68acd4c2650d309a7f1f1211ab2bc237013d5fd81ff86f0300ff5eb5834
53764,data/raw/teacher/test/images_test/53764.jpg,60.0,80.0,0.75,RGB,JPEG,26926,51e0f8797ab59e4d1c94aa206b9521bfa30b28aac07f9420554643825d232836
53765,data/raw/teacher/test/images_test/53765.jpg,60.0,80.0,0.75,RGB,JPEG,24388,5c973be6765808561df5d0708c429ce58e7b8099f7aee147ca56370b737cd0d4
53766,data/raw/teacher/test/images_test/53766.jpg,60.0,80.0,0.75,RGB,JPEG,24467,3a56c9d8aaa16d02de53c73e9d658a4a4f1d61adb08f6a1d252632c35b8cdaef
53767,data/raw/teacher/test/images_test/53767.jpg,60.0,80.0,0.75,RGB,JPEG,24495,631f3751b4c1e4ec554007d2f3a335653a7c54b60c184a92216468ef10da134b
53768,data/raw/teacher/test/images_test/53768.jpg,60.0,80.0,0.75,RGB,JPEG,18701,e034580cbdc8406f7c78555cb49991b0e82a1e2b1e4334d77db49eb4003cd962
53770,data/raw/teacher/test/images_test/53770.jpg,60.0,80.0,0.75,RGB,JPEG,3361,da0c05d1a243cad3e74be6cf152dd4af1e2f86a6ee0177ced2fa0e1d26c27320
53771,data/raw/teacher/test/images_test/53771.jpg,60.0,80.0,0.75,RGB,JPEG,4472,5f5cbb17ff9448bbfd5660a5e74416273b43376a3eb577854f0e6c1f85238040
53772,data/raw/teacher/test/images_test/53772.jpg,60.0,80.0,0.75,RGB,JPEG,15901,5dde9e37f1385163baae2092abb29a0ea7aba37960e4e8365100e488c03f1bc1
53773,data/raw/teacher/test/images_test/53773.jpg,60.0,80.0,0.75,RGB,JPEG,16973,3f13e15629c354f5b34d3aba6ae79b2de2814e43b9db8a5ffa0c97f166e23183
53774,data/raw/teacher/test/images_test/53774.jpg,60.0,80.0,0.75,RGB,JPEG,4055,a9d02ddfa473e8a8cb86e07ac7949a6e21ed6b3e738c7263fe2c409fff2c64c7
53775,data/raw/teacher/test/images_test/53775.jpg,60.0,80.0,0.75,RGB,JPEG,17162,c9ccfb924b852aef69b55321b53a30a2c4567698cd674ea80d68d8492b251bb8
53776,data/raw/teacher/test/images_test/53776.jpg,60.0,80.0,0.75,RGB,JPEG,15653,0a8fb8398f59b21a014181bd1b854ee403b754f2e556b4649f560eb5df5eb52d
53777,data/raw/teacher/test/images_test/53777.jpg,60.0,80.0,0.75,RGB,JPEG,14840,2c6caec262f10dca8b811c054dc85df62e4678265888c69ebb019397995e0d21
53778,data/raw/teacher/test/images_test/53778.jpg,60.0,80.0,0.75,RGB,JPEG,24777,4af0c5bca98722cb6d30daba24a32085c776b6328b1d6227586d05f5392bacf6
53779,data/raw/teacher/test/images_test/53779.jpg,60.0,80.0,0.75,RGB,JPEG,16766,05aab9b4aa2a9795de792a9f79e5adf06ac39a85554b4eb9c9da8806a951816f
53780,data/raw/teacher/test/images_test/53780.jpg,60.0,80.0,0.75,RGB,JPEG,17696,7082c489e50a0033c28d645bcdee12635f61fd78134a8f6256bea895a9c73899
53781,data/raw/teacher/test/images_test/53781.jpg,60.0,80.0,0.75,RGB,JPEG,29848,902e8c5d19a5c11d32a984b46be76ba32181486f54ecf1eff58353338fa45ad8
53782,data/raw/teacher/test/images_test/53782.jpg,60.0,80.0,0.75,RGB,JPEG,22780,ba06c2c774299b45d99976460b39592e40c9aae265731f63219ffa36443ce638
53783,data/raw/teacher/test/images_test/53783.jpg,60.0,80.0,0.75,RGB,JPEG,20683,54302d7ec20aa35a1901864bb09202783422c19c3935ccc3fdab365d5c740feb
53784,data/raw/teacher/test/images_test/53784.jpg,60.0,80.0,0.75,RGB,JPEG,19243,c6f6b199502eb2081907473480060f355c793ae29e769d52659d22fb73cf4cc5
53785,data/raw/teacher/test/images_test/53785.jpg,60.0,80.0,0.75,RGB,JPEG,21279,797faa0116cd765e5e0bda54024971ccfab14298cd587b6ae0dea55480ba80ff
53786,data/raw/teacher/test/images_test/53786.jpg,60.0,80.0,0.75,RGB,JPEG,24216,7413adb64f39411393be17919cf0673e266f1a9f10ddd6d0d1aee5f63b4155bc
53787,data/raw/teacher/test/images_test/53787.jpg,60.0,80.0,0.75,RGB,JPEG,23006,dfd7a00103f2add2a528c3943ee03b9640b177221269d04b59511e929e4f9680
53788,data/raw/teacher/test/images_test/53788.jpg,60.0,80.0,0.75,RGB,JPEG,18665,6350a7df7109e1bb1a22f3a494ebe08ee513b23b0e3a165ad37763aada711ce5
53791,data/raw/teacher/test/images_test/53791.jpg,60.0,80.0,0.75,RGB,JPEG,22836,4e6d5780c7e372126d07c1220fcf9eb38e06b8e7b7a948cdc32972681b74f08c
53793,data/raw/teacher/test/images_test/53793.jpg,60.0,80.0,0.75,RGB,JPEG,16326,d2aea341bb0ae6b2d6c1b1ac1aa478ee8d2271094163ec82e3de1da13a6d5370
53794,data/raw/teacher/test/images_test/53794.jpg,60.0,80.0,0.75,RGB,JPEG,18046,665f0990a192aba1f85f8898f87a9f163bc5e1c74cdaf960db00b7e41f18e446
53795,data/raw/teacher/test/images_test/53795.jpg,60.0,80.0,0.75,RGB,JPEG,16510,8a7058ce50ff254d18eab06609770dd4ff65e6459ae67f8aa3385f340c7c7d71
53796,data/raw/teacher/test/images_test/53796.jpg,60.0,80.0,0.75,RGB,JPEG,24004,ecb1de089b11fbf1a41c23b558667d4a7e01cf34252e6780156a899eeaba0fd8
53797,data/raw/teacher/test/images_test/53797.jpg,60.0,80.0,0.75,RGB,JPEG,23432,be38f72ff092e03d1b3695e0f3d26c88e555a9a43ce52f9516e246dc5e6ce9b3
53798,data/raw/teacher/test/images_test/53798.jpg,60.0,80.0,0.75,RGB,JPEG,24714,2b90ece53e95dec3d797544df83b9ce02182446677db00cd482fc492193e1420
53799,data/raw/teacher/test/images_test/53799.jpg,60.0,80.0,0.75,RGB,JPEG,24955,d2d963048a20c1aad3f4bce3c02f212f87eb75358b17ab967f6b88e9504c5e73
53800,data/raw/teacher/test/images_test/53800.jpg,60.0,80.0,0.75,RGB,JPEG,23264,9e0edb2f8273647277adfed755acb30cb421818f94744b9bbdc2e3393c013b0f
53801,data/raw/teacher/test/images_test/53801.jpg,60.0,80.0,0.75,RGB,JPEG,4151,69f406d8cfabdbacd2d87f2a33b42181e2d8ac5d4bb70c79f69fcf12c68987a9
53802,data/raw/teacher/test/images_test/53802.jpg,60.0,80.0,0.75,RGB,JPEG,4896,33f8c670935b5099bb0951e8c539104ae67e50740fa4b94cc5f8775e0342b6a6
53803,data/raw/teacher/test/images_test/53803.jpg,60.0,80.0,0.75,RGB,JPEG,24173,3310085ba4446971bf6fd161b310cc2c245f156891ec40f4ce7c1fae630c5121
53804,data/raw/teacher/test/images_test/53804.jpg,60.0,80.0,0.75,RGB,JPEG,3742,b6a2cfdcdad943bd4e7ebab2d61102b89003260b4b6bb9a77cf16fd37f3ac8e5
53805,data/raw/teacher/test/images_test/53805.jpg,60.0,80.0,0.75,RGB,JPEG,39551,4d853aec51aafbcfdeead5ed13cfd7f4914c1a83c9496ba0e9d300bb58e1d941
53806,data/raw/teacher/test/images_test/53806.jpg,60.0,80.0,0.75,RGB,JPEG,20073,b944c55cd77ba7af31b4365344ad8b6dc2797afc490fb1a9bca90a42d66f7898
53807,data/raw/teacher/test/images_test/53807.jpg,60.0,80.0,0.75,RGB,JPEG,17261,3740b30e95a03f1d6b70506d0ced6320b17f00453e84f7e85d9e941c4395d15d
53808,data/raw/teacher/test/images_test/53808.jpg,60.0,80.0,0.75,RGB,JPEG,3251,8cb97052c04b0153b2bf224edde3cff65aff63a002c2106c6f6103fef9f336c0
53809,data/raw/teacher/test/images_test/53809.jpg,60.0,80.0,0.75,RGB,JPEG,2654,1a8bb35413e1a8beda1427e0270f37158789cd7c00cc5b223af8bb79e4378adb
53810,data/raw/teacher/test/images_test/53810.jpg,60.0,80.0,0.75,RGB,JPEG,3755,3365a00dbc5bdd590c000cdc001e1a04417effd82b7b917d2bad3c5ed9a49c5d
53811,data/raw/teacher/test/images_test/53811.jpg,60.0,80.0,0.75,RGB,JPEG,4176,3008ebda9c29023ce82206cfc225a4e442922a7635e5a17d1be6a5fe390d2095
53812,data/raw/teacher/test/images_test/53812.jpg,60.0,80.0,0.75,RGB,JPEG,3310,448c506dd98604e86cd34edcb55a1948dcaf74d580c6675250356a04c5153f8e
53813,data/raw/teacher/test/images_test/53813.jpg,60.0,80.0,0.75,RGB,JPEG,22349,b12ce96786b4ebdd9ff2a9d0aa24d7bd4e7f48e9611a9f86aa45de4797434072
53814,data/raw/teacher/test/images_test/53814.jpg,60.0,80.0,0.75,RGB,JPEG,15297,c1d575c9234739847e5417f5a1124d24b65c4ef15240b932b952b6f4865badc3
53815,data/raw/teacher/test/images_test/53815.jpg,60.0,80.0,0.75,RGB,JPEG,3951,894cd9290959344f7a2bf4da5e16354cfbf771d591649305dd3fd5dfada1ed99
53816,data/raw/teacher/test/images_test/53816.jpg,60.0,80.0,0.75,RGB,JPEG,3895,04e399a34b01051d013382a11dbb7b3da9f9eb360a04907ca2a8222a2a9d0c61
53817,data/raw/teacher/test/images_test/53817.jpg,60.0,80.0,0.75,RGB,JPEG,14567,9900a44e85577a13b9cca034f43f6bf3b5ce295740adb2f34fa7d9d7f396ce60
53818,data/raw/teacher/test/images_test/53818.jpg,60.0,80.0,0.75,RGB,JPEG,2789,b9ae5d2da41dcc974fbd06467f2f68de9bfb2bb8615d8a1f738c3f2783c8d257
53819,data/raw/teacher/test/images_test/53819.jpg,60.0,80.0,0.75,RGB,JPEG,2940,18ab56ea55925621d1a99a3fb5d0e7b3930f523019827d8b9200e19b100c33e2
53820,data/raw/teacher/test/images_test/53820.jpg,60.0,80.0,0.75,RGB,JPEG,3134,6404de97539c5f2af5a186fc5c11531ff8388c7dac26563290c1896bda790f1a
53822,data/raw/teacher/test/images_test/53822.jpg,60.0,80.0,0.75,RGB,JPEG,4742,1316bc7d33083db180e131b2259ab5861d7adaaecd64213070ba145926faba88
53823,data/raw/teacher/test/images_test/53823.jpg,60.0,80.0,0.75,RGB,JPEG,3137,5bd8c5175ce82200a3663061e5c1e3541a86129e3b014a2ccd06ed4409e77585
53824,data/raw/teacher/test/images_test/53824.jpg,60.0,80.0,0.75,RGB,JPEG,5003,315e91876ef793916a6418a385703af5a992e593874de85d7b8e072f26e9603b
53825,data/raw/teacher/test/images_test/53825.jpg,60.0,80.0,0.75,RGB,JPEG,15368,d7ddb180fda20936d5efa7219ac3be0a0fd6546b52c02632fc3a2a86d9489d21
53826,data/raw/teacher/test/images_test/53826.jpg,60.0,80.0,0.75,RGB,JPEG,3024,4c22aa264dd0ff05ac452fd145311fc1af7a34d71640f633f62a07ebcf87512d
53829,data/raw/teacher/test/images_test/53829.jpg,60.0,80.0,0.75,RGB,JPEG,23307,95b1feb7c617a9cc05f057d65a828f63a773165e9d66eeef81b5097bafd4aecb
53830,data/raw/teacher/test/images_test/53830.jpg,60.0,80.0,0.75,RGB,JPEG,23069,79c2c6371b911526d0c360f8a6e65e0f3ba66a435c6565392402bfc9ef34fcea
53832,data/raw/teacher/test/images_test/53832.jpg,60.0,80.0,0.75,RGB,JPEG,21851,9a21cfebc76602cf345e6fc36fcc54fc18f013353cfbc10eafd801340a8d7c98
53833,data/raw/teacher/test/images_test/53833.jpg,60.0,80.0,0.75,RGB,JPEG,3084,2796f2e06ecfcbe88d534bc0cc787368853bf27ea425622be8cf062580e67642
53834,data/raw/teacher/test/images_test/53834.jpg,60.0,80.0,0.75,RGB,JPEG,3067,fac04ab8922996b761e17655ffbbabe9f00b637673335c665d424f3ed6da1b5b
53835,data/raw/teacher/test/images_test/53835.jpg,60.0,80.0,0.75,RGB,JPEG,21593,5dd5f7796b7b15e32964b9575fd43b1c27611948b1ff3b942cd70f8871c9d1bb
53836,data/raw/teacher/test/images_test/53836.jpg,60.0,80.0,0.75,RGB,JPEG,3193,b1c95893680f54308b873507660ba523fa45398ff75ada8c3c0bb6e921f63359
53837,data/raw/teacher/test/images_test/53837.jpg,60.0,80.0,0.75,RGB,JPEG,3539,cd0f5928514ea450d2bb5239911d38e470f95f2dd787c5621e2239211f77c212
53838,data/raw/teacher/test/images_test/53838.jpg,60.0,80.0,0.75,RGB,JPEG,3630,555b7c23a94db85ba2fd8cb35e06050f0a8d9d76b239b03cc84ba345cbaeaff2
53839,data/raw/teacher/test/images_test/53839.jpg,60.0,80.0,0.75,RGB,JPEG,2720,bbaf01eeb251e870cc374afb310ebd470a50f2b88340accbc1e72e1917c2d473
53840,data/raw/teacher/test/images_test/53840.jpg,60.0,80.0,0.75,RGB,JPEG,22233,431e191e83ce7ef8c26962c416c0598b23b91b188d5964b278c06bffdb267d71
53841,data/raw/teacher/test/images_test/53841.jpg,60.0,80.0,0.75,RGB,JPEG,29835,616219d6cd7d337397d6217b25b79c5405e63f6e324e14dedfdc8f26314bfb43
53842,data/raw/teacher/test/images_test/53842.jpg,60.0,80.0,0.75,RGB,JPEG,25837,76733b0e2cb745ac0d5ae2ea2f8a998a1a90967d5dfe740760927e530a896267
53843,data/raw/teacher/test/images_test/53843.jpg,60.0,80.0,0.75,RGB,JPEG,26215,7e11016cc678ff5e68e61ad74303fa63ca8ce258bbe63d5b090de3df6fd9ce3f
53849,data/raw/teacher/test/images_test/53849.jpg,60.0,80.0,0.75,RGB,JPEG,3099,d6846b80084dbda4f30033afad00d5cb72184ca58974f4cab1e8448d2661cbda
53850,data/raw/teacher/test/images_test/53850.jpg,60.0,80.0,0.75,RGB,JPEG,23070,dbb747c6bb0689cc4630a171e943acdc6b9e824b72ba979071f1b515171878fb
53851,data/raw/teacher/test/images_test/53851.jpg,60.0,80.0,0.75,RGB,JPEG,3377,1d4cddc18f22a2cab514723e50025ee3e5ffbe77e337d080d75516b09aa677a6
53852,data/raw/teacher/test/images_test/53852.jpg,60.0,80.0,0.75,RGB,JPEG,22452,4e5bee17870a30a622af09e694541577d7276890ee630ca92a64359d1d4870b5
53856,data/raw/teacher/test/images_test/53856.jpg,60.0,80.0,0.75,RGB,JPEG,2690,cb98d27211fcdf6d284aa4ba509def8c357eea2ae13623bda82b7918bce4b1bb
53857,data/raw/teacher/test/images_test/53857.jpg,60.0,80.0,0.75,RGB,JPEG,16380,0a60d83d10f528247180dfa678a2be909aea6484e887587984b2921d3d7c851c
53859,data/raw/teacher/test/images_test/53859.jpg,60.0,80.0,0.75,RGB,JPEG,17011,7f299531a862a6f473b4c5ca07758f7066e37c48ff5fef800c5210604c81d4ca
53861,data/raw/teacher/test/images_test/53861.jpg,60.0,80.0,0.75,RGB,JPEG,2997,4f12af2323e1146b669a0eee502584829e0f8128ee9f6096511a9e1ac9f68753
53863,data/raw/teacher/test/images_test/53863.jpg,60.0,80.0,0.75,RGB,JPEG,2854,059818db4a69b91d814336f7ccfc8348238f9888bede2afae2d79b5615c608de
53864,data/raw/teacher/test/images_test/53864.jpg,60.0,80.0,0.75,RGB,JPEG,16032,fbe8e996cb208dbc57a4a882b7d87f442b7211383bd53c6c3f4140fb96d1b06b
53866,data/raw/teacher/test/images_test/53866.jpg,60.0,80.0,0.75,RGB,JPEG,16117,bc6bd2ae454237f30180337a74a473950f943473e0b9d158726d14926023a0dc
53867,data/raw/teacher/test/images_test/53867.jpg,60.0,80.0,0.75,RGB,JPEG,18917,7092f5adf483a684042b45540c3ed20a8fbe931d2bcbe093a5f438533d890f46
53868,data/raw/teacher/test/images_test/53868.jpg,60.0,80.0,0.75,RGB,JPEG,12954,beb1fac582a3b7028e8d2f286ff9701bf0bf6535d68bf6086fefffe764b3a52b
53869,data/raw/teacher/test/images_test/53869.jpg,60.0,80.0,0.75,RGB,JPEG,26737,3a27dea141fd1c3ad4790408d4f44104657aa77e6aaf72a4463f22e3b7cb554a
53870,data/raw/teacher/test/images_test/53870.jpg,60.0,80.0,0.75,RGB,JPEG,12417,bf6f1789d094f240ecbf3c2fabf40e102d8dca63998d5abca96255c8071f9417
53871,data/raw/teacher/test/images_test/53871.jpg,60.0,80.0,0.75,RGB,JPEG,1484,0f5e987c815b769481e9c23060b680f25801c0458d401cb72c616b6acb0d20d9
53872,data/raw/teacher/test/images_test/53872.jpg,60.0,80.0,0.75,RGB,JPEG,29862,fa9c9f273c93dcd77d93e73c41de1992e1d93425df2b7fca638f848030e7ccac
53873,data/raw/teacher/test/images_test/53873.jpg,60.0,80.0,0.75,RGB,JPEG,20275,74aa0701ae8f854047e68d7c59a1ab6afab3c3259f941ad325356465968e7f52
53874,data/raw/teacher/test/images_test/53874.jpg,60.0,80.0,0.75,RGB,JPEG,19543,6e48884b14b92864e9f0921229fa4538455913adf06e2c4cd02ceaa1fdac21ab
53875,data/raw/teacher/test/images_test/53875.jpg,60.0,80.0,0.75,RGB,JPEG,34398,09d51b1c69157f2e0c5e02a4c35d9627ea5b238e7e9189ccb7dc98a2ea86bfcd
53876,data/raw/teacher/test/images_test/53876.jpg,60.0,80.0,0.75,RGB,JPEG,38384,aaf94bf3b6a1856abbd9f862eea2f16f9ebe520d2533e7fb027a50597ad96948
53877,data/raw/teacher/test/images_test/53877.jpg,60.0,80.0,0.75,RGB,JPEG,38929,76b9e172138817cfd6cafcf4be85fb7db069a72d3dbf1a8a67dc345f1981a675
53878,data/raw/teacher/test/images_test/53878.jpg,60.0,80.0,0.75,RGB,JPEG,20253,23c57479be880870af9f5385bd876c766d242f5b388fb02351c24b2921c72ef5
53879,data/raw/teacher/test/images_test/53879.jpg,60.0,80.0,0.75,RGB,JPEG,20643,830364b0a5ed883f4c4ef0d232bd00f0b6c75aeb4a7e25fc0b0e304b7acd477a
53880,data/raw/teacher/test/images_test/53880.jpg,60.0,80.0,0.75,RGB,JPEG,32427,2d17291718e6d7946b8376f67f932c6d1481902524b856fd099d2c83e2a079d6
53881,data/raw/teacher/test/images_test/53881.jpg,60.0,80.0,0.75,RGB,JPEG,26679,dd1280697425bd07811e4c1f6a66bf6fc0dc39d815951d50f58777b1ec3dd326
53882,data/raw/teacher/test/images_test/53882.jpg,60.0,80.0,0.75,RGB,JPEG,27944,adcb399f37d60fdda24b5aef65a2229b04960f1a8149eaa0aedc17b70a79473a
53883,data/raw/teacher/test/images_test/53883.jpg,60.0,80.0,0.75,RGB,JPEG,33317,b909bb49ec179a09f75e6246f100e8bec8095ce6615e56566aef0acbb31872ac
53884,data/raw/teacher/test/images_test/53884.jpg,60.0,80.0,0.75,RGB,JPEG,14063,8781b83a96ce6f36e80fe0e41836619562fe2ae08211d6efa625a2d2e2efe2c5
53886,data/raw/teacher/test/images_test/53886.jpg,60.0,80.0,0.75,RGB,JPEG,16359,cbefab4a55509bb216605dca3e64b7d16eecce980b9aecb2fa370f3852d0a725
53887,data/raw/teacher/test/images_test/53887.jpg,60.0,80.0,0.75,RGB,JPEG,20252,752b945c4bacd9699bdde80f73725f898736bc0ca648e2b117aa319da07b57d4
53888,data/raw/teacher/test/images_test/53888.jpg,60.0,80.0,0.75,RGB,JPEG,21720,af79ddd2884b06c10748e15308ab01916bd1cb8561d9a525eea26def70400304
53889,data/raw/teacher/test/images_test/53889.jpg,60.0,80.0,0.75,RGB,JPEG,57841,6b1a2eff1229a42cf0a649b2d4f53f60532a972bc7b02c5b90309c625b73329c
53890,data/raw/teacher/test/images_test/53890.jpg,60.0,80.0,0.75,RGB,JPEG,21238,b5c1b9f091ddf0f7960cd5c0fba8ab3595d8971bbb8c0df5992cc6bfa7d59ad0
53891,data/raw/teacher/test/images_test/53891.jpg,60.0,80.0,0.75,RGB,JPEG,19998,8dc529d97fba10413918c8a61c5770e9ae55c9f60bb02fbeb3243ec746453d63
53892,data/raw/teacher/test/images_test/53892.jpg,60.0,80.0,0.75,RGB,JPEG,20096,38a014dfbc70cbb7baebf6913b1a03d5093f62dcb06fca46f05b6b046f8fe158
53893,data/raw/teacher/test/images_test/53893.jpg,60.0,80.0,0.75,RGB,JPEG,22604,40a0d1d2fd3a08873621e66925c7b8183a122434ddfdb8c3566bb8dafa23c7ec
53894,data/raw/teacher/test/images_test/53894.jpg,60.0,80.0,0.75,RGB,JPEG,23514,b656cfbe716d652d0286559ed99b3167b92760e6b1bdf438abad7829d7d8a744
53895,data/raw/teacher/test/images_test/53895.jpg,60.0,80.0,0.75,RGB,JPEG,24256,71a8c9c92b37ccbe234813ab0af09f63b9707f62d153163c16306015acfd710c
53896,data/raw/teacher/test/images_test/53896.jpg,60.0,80.0,0.75,RGB,JPEG,18565,673e43798ac86d7b20090af10029f035c5cf634c2bc5a7c5695b406aeec197aa
53897,data/raw/teacher/test/images_test/53897.jpg,60.0,80.0,0.75,RGB,JPEG,15717,71983fbe21f620d9fb85b171f4225c0cac4d5f4b7e87cd5e514bb0e506c82ca4
53900,data/raw/teacher/test/images_test/53900.jpg,60.0,80.0,0.75,RGB,JPEG,20534,66ec3b133c61d5002f43b765d293cc13610500952d7505048c4f680b522edf17
53902,data/raw/teacher/test/images_test/53902.jpg,60.0,80.0,0.75,RGB,JPEG,16608,e8040ab13a8bfdeaf5207602ee098fe3be85ac5f924a9f6287fb36cfcdac8730
53905,data/raw/teacher/test/images_test/53905.jpg,60.0,80.0,0.75,RGB,JPEG,17407,3af2bf013a2df4d8c0a10bfd72c8eccbb07f2e7f6f10babd2b5b8b97dd1f485a
53907,data/raw/teacher/test/images_test/53907.jpg,60.0,80.0,0.75,RGB,JPEG,21690,c8a0c6fad1573ad95e86c9a34bf32209c752ee6dd8b16f9255c4db9bdcc04440
53911,data/raw/teacher/test/images_test/53911.jpg,60.0,80.0,0.75,RGB,JPEG,16266,a1a11d3fcc42ef1cf793258816ca1340a99c6d29ad0231e773b335100bf92ea1
53914,data/raw/teacher/test/images_test/53914.jpg,60.0,80.0,0.75,RGB,JPEG,12754,c6892e50bcb5cc880332f921f16c5876d4fb1c00859174edfed8bed9925b1820
53918,data/raw/teacher/test/images_test/53918.jpg,60.0,80.0,0.75,RGB,JPEG,22397,b63a54a9445f02baa1a1ce3fe87b6d7cf60d1c41d33763c944c7c7d68c7f2815
53921,data/raw/teacher/test/images_test/53921.jpg,60.0,80.0,0.75,RGB,JPEG,15131,979ad139ad5c7cb30705be0d7b0f8fa87d985868845577457c3a631508c2351b
53927,data/raw/teacher/test/images_test/53927.jpg,60.0,80.0,0.75,RGB,JPEG,22190,1048683e81bbf4f1e3f29463629ab4143cfdacbaaa5668b9b68106f647a528ba
53928,data/raw/teacher/test/images_test/53928.jpg,60.0,80.0,0.75,RGB,JPEG,13611,182e578e37dd5ecce948dda6b9dcf8f96cd64d5cb3f4dd02d6a591da7445059b
53930,data/raw/teacher/test/images_test/53930.jpg,60.0,80.0,0.75,RGB,JPEG,15612,fb4c829fea9e24e095efb1f9dc3b9d92b863d99eb3b355e1b61c11d24ff71261
53931,data/raw/teacher/test/images_test/53931.jpg,60.0,80.0,0.75,RGB,JPEG,21362,09936f3e274624f559ffe8ae0bddc38433529fdeac30a8a297475ed3f7b95f6a
53934,data/raw/teacher/test/images_test/53934.jpg,60.0,80.0,0.75,RGB,JPEG,16329,69263e060a7d6b7aebae437a24e8b25cf9a582880824a2ec26605cfa3b558289
53935,data/raw/teacher/test/images_test/53935.jpg,60.0,80.0,0.75,RGB,JPEG,17471,ca23e4a7fe9d0cb1ea26bf18263c8b58c7386ea75c9ca371418dfbfabeb24e0f
53941,data/raw/teacher/test/images_test/53941.jpg,60.0,80.0,0.75,RGB,JPEG,21258,3e5a0ae639c69d1170dbbdb9bb541e1d6c3a3165f124ef2587b9dccf2186d488
53942,data/raw/teacher/test/images_test/53942.jpg,60.0,80.0,0.75,RGB,JPEG,14826,4cc05901f399c0441f4cf8555b0b70022b881aba43494b9049b0893c4fc37bbd
53943,data/raw/teacher/test/images_test/53943.jpg,60.0,80.0,0.75,RGB,JPEG,21147,5b3aab4e1579c5f2665691fb7a1faf9768db441abf60217e6db1e792dc2f6d58
53944,data/raw/teacher/test/images_test/53944.jpg,60.0,80.0,0.75,RGB,JPEG,15262,46017c070ad0def2930fa84b53ff8b61bb9af5450d4f5d135561649b5458b829
53946,data/raw/teacher/test/images_test/53946.jpg,60.0,80.0,0.75,RGB,JPEG,16080,bccb36f296fbc69ec42d30505a11f7db0cedb0a01ff6231e0ce9945eace515af
53961,data/raw/teacher/test/images_test/53961.jpg,60.0,80.0,0.75,RGB,JPEG,14798,1ccca1cd8e09fff8d8e0843b9bf28edcf67fdd2632c07b22d8ae435df9d02dd1
53963,data/raw/teacher/test/images_test/53963.jpg,60.0,80.0,0.75,RGB,JPEG,23941,ea5fbecfeeaafa1539fd84977fa3ad553fba79f843739c911a6545133a3d7b76
53964,data/raw/teacher/test/images_test/53964.jpg,60.0,80.0,0.75,RGB,JPEG,15097,31a6fa025ab8f59b2963e173744f44db6a2aa832a6fc8b21eae4598eee5ac66f
53979,data/raw/teacher/test/images_test/53979.jpg,60.0,80.0,0.75,RGB,JPEG,15525,987d42eeca4a05e83242b172ed8fdf2cbfa5766c3d8381b57c4f7da1cabe6ebd
53981,data/raw/teacher/test/images_test/53981.jpg,60.0,80.0,0.75,RGB,JPEG,20852,c91b0bdda6b887ee6f1261f2fce9ec6b3587ea0b3d692f9b00605de4bf02c162
53985,data/raw/teacher/test/images_test/53985.jpg,60.0,80.0,0.75,RGB,JPEG,14484,000a130d7d163174c4f42306c79fbab591495a833f54bcfd066636626cacfbea
53990,data/raw/teacher/test/images_test/53990.jpg,60.0,80.0,0.75,RGB,JPEG,19906,e2a6d9dac6e3c8ed5a1c5a1048216dd2e13e34cba793a384ae7d77fe8ff69522
53991,data/raw/teacher/test/images_test/53991.jpg,60.0,80.0,0.75,RGB,JPEG,21454,7bb11187a64df58c2171b60e2c429050fdf94a199267fbbe4f766d879c43f6b7
53994,data/raw/teacher/test/images_test/53994.jpg,60.0,80.0,0.75,RGB,JPEG,17589,b1e626b3ab9f8ba666ec9e647f1bafcff78b498a886e9e5bfffe39a4c5495184
53997,data/raw/teacher/test/images_test/53997.jpg,60.0,80.0,0.75,RGB,JPEG,22583,41f7878e2076353e4eafb2a132062fe9c5cd05a9c33230219fb890457b341006
53999,data/raw/teacher/test/images_test/53999.jpg,60.0,80.0,0.75,L,JPEG,15767,e4df9d6b3bdf0098fcd006c817785ee798d2a6c429a6747c758d2b9fecc5ffb2
54000,data/raw/teacher/test/images_test/54000.jpg,60.0,80.0,0.75,RGB,JPEG,14708,0a7babd57d6c71868f27aa00e0f97982af8255c49f80c7100b3fb5d15afe89c3
54002,data/raw/teacher/test/images_test/54002.jpg,60.0,80.0,0.75,RGB,JPEG,23113,c28a3edcd97254b92c06c19755e5456be7dcf79dc78df1974141c8b54590c5d4
54003,data/raw/teacher/test/images_test/54003.jpg,60.0,80.0,0.75,RGB,JPEG,15829,191a772d552a19a7a8ab01c0001ad1ed4c2e0c0c7f1f5a7967df1ce9dfd121ac
54007,data/raw/teacher/test/images_test/54007.jpg,60.0,80.0,0.75,RGB,JPEG,22058,bd44c4620ef3d3311fa645c81cbddf8e68b6546d91bb60ffe27768775b15d94f
54008,data/raw/teacher/test/images_test/54008.jpg,60.0,80.0,0.75,RGB,JPEG,15363,6a4e4037b064e25396309f1a0aa6e7bf9f29d575e83a9141cb53ce0db410f850
54009,data/raw/teacher/test/images_test/54009.jpg,60.0,80.0,0.75,RGB,JPEG,22722,64f72a89d87c8edb839c35ab0b97d0c14d3a411b12ffe79204fbfab8c8df1a9e
54014,data/raw/teacher/test/images_test/54014.jpg,60.0,80.0,0.75,RGB,JPEG,14003,4b5b595b7af1353ae13d67d212e30d0abba7f60191dc85c100ce554644d61aa6
54016,data/raw/teacher/test/images_test/54016.jpg,60.0,80.0,0.75,RGB,JPEG,14523,32d49c4e8a6bb852de4b73ac846a7b9c076ffde6ce07d64e784de893fc45f2f7
54017,data/raw/teacher/test/images_test/54017.jpg,60.0,80.0,0.75,RGB,JPEG,15380,b0c9533c82d96c270b918651a04f54209d0d18dc46c2c40276954469b1bbaa83
54018,data/raw/teacher/test/images_test/54018.jpg,60.0,80.0,0.75,RGB,JPEG,14653,99b05eac78baa93af8892101bf9052aa0acf65f87d4e765d6db63e7f0fb8ccdb
54019,data/raw/teacher/test/images_test/54019.jpg,60.0,80.0,0.75,RGB,JPEG,20073,9b576fa680aba12d89c35c355929bcc5a295d88622f778cbec8e2b077b3df259
54020,data/raw/teacher/test/images_test/54020.jpg,60.0,80.0,0.75,RGB,JPEG,21290,6526bb7490077e52187c56b1deb5f6d46fa2fae46a695e369911c065a361a19a
54031,data/raw/teacher/test/images_test/54031.jpg,60.0,80.0,0.75,RGB,JPEG,3502,d22d4bd1e1fe94d36de3e496df0bbbf885435bddeec81b8e9ff39802abf332fb
54032,data/raw/teacher/test/images_test/54032.jpg,60.0,80.0,0.75,RGB,JPEG,2555,f202ea73399ef81fcd9d7cf7b5f97ef335bd996a5c74ea3bd6fddd2c60859173
54033,data/raw/teacher/test/images_test/54033.jpg,60.0,80.0,0.75,RGB,JPEG,19977,de51e55beb6cbd0d9389e7285e8a9cccadda41ead605696071f2213a7b886a01
54035,data/raw/teacher/test/images_test/54035.jpg,60.0,80.0,0.75,RGB,JPEG,13320,5dc91ea72d3c23318e51a94946b39fba5fa9e33460bf992aec0c576f9fbff39d
54036,data/raw/teacher/test/images_test/54036.jpg,60.0,80.0,0.75,RGB,JPEG,20222,3e2dc9c35dd6d1e77f89948eac4471939b0bff73091c4c6721760b45044609d1
54040,data/raw/teacher/test/images_test/54040.jpg,60.0,80.0,0.75,RGB,JPEG,17173,0cb97bf1a641d5dc8f259051aef9e862c95ece5c2a6a8620b951292f32685252
54041,data/raw/teacher/test/images_test/54041.jpg,60.0,80.0,0.75,RGB,JPEG,20319,c9b925e87653d7c864d1ccc194ca872dfb7aba8ea3d6cca4caf51fa43dcead9a
54049,data/raw/teacher/test/images_test/54049.jpg,60.0,80.0,0.75,RGB,JPEG,4432,f9644d8a3bb0c67d610cae29d289e6e828221d4d30b20baa5bfe6ced279ede0b
54050,data/raw/teacher/test/images_test/54050.jpg,60.0,80.0,0.75,RGB,JPEG,22959,3273c1bf41d81d2d628e94ee99b658d58a71c42ca4f32a531ba429e2e1bd6c72
54051,data/raw/teacher/test/images_test/54051.jpg,60.0,80.0,0.75,RGB,JPEG,22000,1166eb66558ae962a29c3b568a6774a65cea628a0e47c00f5dd94134ccdffd51
54052,data/raw/teacher/test/images_test/54052.jpg,60.0,80.0,0.75,RGB,JPEG,3195,1b6afe579bf8d22a4df2f23d970a1fb5c0256e64a7d8c106e017b89a9cacdec2
54053,data/raw/teacher/test/images_test/54053.jpg,60.0,80.0,0.75,RGB,JPEG,3253,47fe2a6ea4d3596a81d23b6971cbc47dfe8324b756899d5bc8adf24279124163
54054,data/raw/teacher/test/images_test/54054.jpg,60.0,80.0,0.75,RGB,JPEG,20617,0c5da722b062d300fd5299c9181ed4dc873447ae50a6b5366e2c3a11a551b554
54055,data/raw/teacher/test/images_test/54055.jpg,60.0,80.0,0.75,RGB,JPEG,3647,c0a3ac6335f7312fdaf75d650258acaf20c830fba36f917d1a361054ac0d2d1f
54056,data/raw/teacher/test/images_test/54056.jpg,60.0,80.0,0.75,RGB,JPEG,21295,8a85e338aa3144917cd30310466ad7a2306004e9dcc98addb9de45ec8ded34b3
54057,data/raw/teacher/test/images_test/54057.jpg,60.0,80.0,0.75,RGB,JPEG,17581,079318b2da937f0d19b664adfb2713ba18a50f7772aba36ee5effacce68fb4b3
54058,data/raw/teacher/test/images_test/54058.jpg,60.0,80.0,0.75,RGB,JPEG,16928,a4a8d566ddbb36b5a709efd03792d5df992c4c66a5af252b6cb6b41c8735bed4
54059,data/raw/teacher/test/images_test/54059.jpg,60.0,80.0,0.75,RGB,JPEG,15949,118132e2ad9d2a69e0308e58a0f304a45749888ae75be294a3aa23a9f98dd9cf
54060,data/raw/teacher/test/images_test/54060.jpg,60.0,80.0,0.75,RGB,JPEG,16090,13a4fd6f0cce24b47f2c8b471209c7d87c516682dc204853d50bc7af04237198
54061,data/raw/teacher/test/images_test/54061.jpg,60.0,80.0,0.75,RGB,JPEG,18676,b81b54bc1b48e7a05cd83177ed6ae822420c25a0942e7cc35715a5d6f563502f
54062,data/raw/teacher/test/images_test/54062.jpg,60.0,80.0,0.75,RGB,JPEG,18586,4653add4cca4f73ccbd1f03a3d0e17d28bb3e763083a3b3eb90fbc796f0d7d05
54063,data/raw/teacher/test/images_test/54063.jpg,60.0,80.0,0.75,RGB,JPEG,19010,93c21985c86caa77f58bc8f01932c07685beb1d89133580b5fd77ca494763244
54064,data/raw/teacher/test/images_test/54064.jpg,60.0,80.0,0.75,RGB,JPEG,18747,85383f93138dcbc37a84a2aba83b1adccea6e2d9196ba77b57bc035585de6c63
54065,data/raw/teacher/test/images_test/54065.jpg,60.0,80.0,0.75,RGB,JPEG,14916,8e6de923822252ce0180b789737af0ad8d77e127d5cf1fbfc5a5e00ab2ed6774
54066,data/raw/teacher/test/images_test/54066.jpg,60.0,80.0,0.75,RGB,JPEG,20361,ecb7ff1438cd0d114a93f6e960bdee277c35a8bef3fd3e1c1e92f16427829c96
54068,data/raw/teacher/test/images_test/54068.jpg,60.0,80.0,0.75,RGB,JPEG,20117,320dd4c15fb17a967dcba71878a4a68bb89fb72aa31684d1c49d182ad2e43b94
54069,data/raw/teacher/test/images_test/54069.jpg,60.0,80.0,0.75,RGB,JPEG,19863,887d0374026d9e87eceed9c430ba503ae7cf93b32c61320b2f0f492afdbde167
54070,data/raw/teacher/test/images_test/54070.jpg,60.0,80.0,0.75,RGB,JPEG,13743,769704c65b85d8675113b81178a80352304572f607dffcab772ec8439d6b0552
54071,data/raw/teacher/test/images_test/54071.jpg,60.0,80.0,0.75,RGB,JPEG,23273,df01ea526a0f0972994d92baef7cf002d60e98b22519be0a88fac67af756ef44
54072,data/raw/teacher/test/images_test/54072.jpg,60.0,80.0,0.75,RGB,JPEG,24141,ebbd44a39aaea507b57ca2080437b0b38644c9163e930c14d91e299c9143c02c
54073,data/raw/teacher/test/images_test/54073.jpg,60.0,80.0,0.75,RGB,JPEG,22270,b7fe8fe0b94c596cc865e45febea139b6496b818585685644842f9abe05cd3e3
54076,data/raw/teacher/test/images_test/54076.jpg,60.0,80.0,0.75,RGB,JPEG,20200,c8740e5e82f318f1b27c433a5b83b2dbfb3dd2c5fe1a2b61dc71b9c1fd1d00db
54077,data/raw/teacher/test/images_test/54077.jpg,60.0,80.0,0.75,RGB,JPEG,19236,70174d0dedc2a3a9a261b312d3f5edc19a547b8adcd70eef8ab0aa9129ec82b1
54078,data/raw/teacher/test/images_test/54078.jpg,60.0,80.0,0.75,RGB,JPEG,16266,448839ef5996991a46f9c5ccd792d16454fe9b63a75a6e1c39953b48890512e1
54079,data/raw/teacher/test/images_test/54079.jpg,60.0,80.0,0.75,RGB,JPEG,24570,113eadeada6c72823fd2739a334875bea7c0e59956b99ab96168f8f89a9a667c
54080,data/raw/teacher/test/images_test/54080.jpg,60.0,80.0,0.75,RGB,JPEG,24138,dfadc399a897d8d0ea4145e430749e8667f6f984ea775e890dbe1a5232fef044
54081,data/raw/teacher/test/images_test/54081.jpg,60.0,80.0,0.75,RGB,JPEG,23217,027fe6de27bc60d59774cc182aa7b40b4e73048834ba186f58b4fe6b7e9f98e3
54082,data/raw/teacher/test/images_test/54082.jpg,60.0,80.0,0.75,RGB,JPEG,4298,90dd51dde672e6adea019cddb8ef1e30ee69047ecff8b8ae740771a51dd21c3d
54083,data/raw/teacher/test/images_test/54083.jpg,60.0,80.0,0.75,RGB,JPEG,24074,63293562883779839ce2bccce615a5dedd2fb2664ee4deec66bd920ae7992be6
54084,data/raw/teacher/test/images_test/54084.jpg,60.0,80.0,0.75,RGB,JPEG,25394,85d6eae76da0fa45afb6ee548a642b24c001228746faf1a95a87232a48b1497b
54086,data/raw/teacher/test/images_test/54086.jpg,60.0,80.0,0.75,RGB,JPEG,4020,5f0bff34683e211670bf30bf6da3790789447e913ba3dd6c67e6e531cb6e18fa
54087,data/raw/teacher/test/images_test/54087.jpg,60.0,80.0,0.75,RGB,JPEG,4191,5deb7edb0df5ba28bd08ee074046c515b411f0dc9e2995355ed0a0c77f49478f
54088,data/raw/teacher/test/images_test/54088.jpg,60.0,80.0,0.75,RGB,JPEG,24157,d86f9311c8e1dbff5e497989547b6a464f92f4e9de0b7e94ab382c77901d828a
54089,data/raw/teacher/test/images_test/54089.jpg,60.0,80.0,0.75,RGB,JPEG,4567,360c953c5b28ac710f34913dcb559ca9bec4a9e13ee84af87e54129e219e258e
54090,data/raw/teacher/test/images_test/54090.jpg,60.0,80.0,0.75,RGB,JPEG,3935,fd79e558279ad800b40a31f033baac39bfafd2cd8efd216f281c4519d5be88f6
54095,data/raw/teacher/test/images_test/54095.jpg,60.0,80.0,0.75,RGB,JPEG,13588,6ef58b87313caaa4014bc0df66d012b569380f5e4cb362122b0a136642ddb17c
54103,data/raw/teacher/test/images_test/54103.jpg,60.0,80.0,0.75,RGB,JPEG,19901,32baf2034522bfd3e4b2dfb548480fe169c80fe79a9585a538e4a54fbd6efea8
54104,data/raw/teacher/test/images_test/54104.jpg,60.0,80.0,0.75,RGB,JPEG,13278,b4df5c7b6144a2fdb049dfd9e2e625bb1392af4ffae3728882679ede119a4b3a
54105,data/raw/teacher/test/images_test/54105.jpg,60.0,80.0,0.75,RGB,JPEG,19474,f1677b73ee09cc75130e84dc4a377976eb65fb5156036e10da0458a053a0ef54
54106,data/raw/teacher/test/images_test/54106.jpg,60.0,80.0,0.75,RGB,JPEG,19089,f584d6cdad5455eaea00fe83532c8e473dc739f1d2b9af8b026e4ccc36312580
54107,data/raw/teacher/test/images_test/54107.jpg,60.0,80.0,0.75,RGB,JPEG,12554,004c9735699b849b0665d1d851b6e40f311d95f8f69c9566787447ec9e34c8bd
54108,data/raw/teacher/test/images_test/54108.jpg,60.0,80.0,0.75,RGB,JPEG,13531,e930d64a90f4d5c42846d9db588fddb4b1443f8c74010f50cd06ed219c43e30d
54109,data/raw/teacher/test/images_test/54109.jpg,60.0,80.0,0.75,RGB,JPEG,12080,3774b3af123826714aefefb127f360738487fe9aad60ebb669c9da79505cdf30
54110,data/raw/teacher/test/images_test/54110.jpg,60.0,80.0,0.75,RGB,JPEG,12004,237bb51695dc11cb049965d57ae9839f4564ae3d0d0acc76fd2eb00a52151f38
54111,data/raw/teacher/test/images_test/54111.jpg,60.0,80.0,0.75,RGB,JPEG,18418,52dd0a8b0513d32c48245c5f04867a8ece60b4e5f3aa8a1b264712079914ef2c
54112,data/raw/teacher/test/images_test/54112.jpg,60.0,80.0,0.75,RGB,JPEG,37147,64676daef2bd610562b89502ffc2d6be3b801244ccc2764bf57bf3db20178dbc
54113,data/raw/teacher/test/images_test/54113.jpg,60.0,80.0,0.75,RGB,JPEG,12519,a9926b0a7ebe87f404da92a881dc68d95cf99cae900d7189444cfb0f05de99f3
54114,data/raw/teacher/test/images_test/54114.jpg,60.0,80.0,0.75,RGB,JPEG,18573,232f0ce0ec6f7795207ffd04908ec54039a7066647bf26eb624f8b8fabfd5d8b
54115,data/raw/teacher/test/images_test/54115.jpg,60.0,80.0,0.75,RGB,JPEG,13143,94412b53063c52c8d3ee10329ba5bdef94f81467599d984b6ab765a645da8f33
54116,data/raw/teacher/test/images_test/54116.jpg,60.0,80.0,0.75,RGB,JPEG,13443,99c0dadb6af6d3e3cab80ba5e0a57b34cc7b3e0e3a030ff20410aef6c40d1dd9
54117,data/raw/teacher/test/images_test/54117.jpg,60.0,80.0,0.75,RGB,JPEG,12637,80dc02c7c9e1f0fa9631d86f7ad80fef0fefd0eac983f01c87d88ab21a1bcfa8
54118,data/raw/teacher/test/images_test/54118.jpg,60.0,80.0,0.75,RGB,JPEG,18982,385fa1f2f22a9fc53c1c3af11d88392de458b9fee131d666e92d25b36a53ef9f
54119,data/raw/teacher/test/images_test/54119.jpg,60.0,80.0,0.75,RGB,JPEG,12780,8797e707a8b1c8229c005707637ff465986a627b94c0372d545cc3ffeb387ed3
54120,data/raw/teacher/test/images_test/54120.jpg,60.0,80.0,0.75,RGB,JPEG,12824,1473a81915f9d6751242bb248c714dca9fb85947757b336d2dd6100e80c02892
54121,data/raw/teacher/test/images_test/54121.jpg,60.0,80.0,0.75,RGB,JPEG,12663,96a44b5d54752a864ba3bec68e36676eda31e062932896217f37b56b886c0999
54122,data/raw/teacher/test/images_test/54122.jpg,60.0,80.0,0.75,RGB,JPEG,12618,e70987d6a70badf28d1cd9d0f8bb9a43bc29dbd26ac98385f3f838a859c4d240
54123,data/raw/teacher/test/images_test/54123.jpg,60.0,80.0,0.75,RGB,JPEG,13054,2215e98090144ff1762fab7437e6e788bc0f853afcbe4162ee0c5a2e7fbfd609
54124,data/raw/teacher/test/images_test/54124.jpg,60.0,80.0,0.75,RGB,JPEG,12397,a4e0cf5c365e4673053203a1a49d0699adec997cb3958689cd5155005aa22f13
54125,data/raw/teacher/test/images_test/54125.jpg,60.0,80.0,0.75,RGB,JPEG,18617,7b935601f7ada88cc14e8224456cdae1e5b78d0d6c3e2e2a9557fcd8271974a1
54126,data/raw/teacher/test/images_test/54126.jpg,60.0,80.0,0.75,RGB,JPEG,20913,72e8ae68a1806da5cc4dcaa15fdefbb7b8c3e04fc020587e778f42a930879ec4
54127,data/raw/teacher/test/images_test/54127.jpg,60.0,80.0,0.75,RGB,JPEG,21221,8c8f8ca1a25c601f3c1daa35ae7f2d0e32d69274d723743f0f954d652513a870
54128,data/raw/teacher/test/images_test/54128.jpg,60.0,80.0,0.75,RGB,JPEG,14565,5017a55dd5293dfeb6df8b19f436f277c69429936b111677a9baadac3b91d15c
54129,data/raw/teacher/test/images_test/54129.jpg,60.0,80.0,0.75,RGB,JPEG,12637,74c83da55e00d59dbd2288b45aa239d3ae1830701afc6125dd3b67278df2dce5
54130,data/raw/teacher/test/images_test/54130.jpg,60.0,80.0,0.75,RGB,JPEG,32518,1827feb1f01128bc90dfea7b8150b00d381ba1ab8001137d487ed54138dd02cd
54131,data/raw/teacher/test/images_test/54131.jpg,60.0,80.0,0.75,RGB,JPEG,19014,1660f68fc63695bd840b2769e0d905612d43a7a9912394f15d4b56165e64aa52
54132,data/raw/teacher/test/images_test/54132.jpg,60.0,80.0,0.75,RGB,JPEG,13270,aa91a67be9896ea3601ce1100be038b1844c4cd2832bd085f41f6e08a19406ef
54133,data/raw/teacher/test/images_test/54133.jpg,60.0,80.0,0.75,RGB,JPEG,31341,91a32172862ae51027ab1ec92052c24a77949778dbec05744cf9d76d3845fa38
54134,data/raw/teacher/test/images_test/54134.jpg,60.0,80.0,0.75,RGB,JPEG,30242,2af8d02e41a29588122aa0072a3001900f55577e5a00135f2916bd25ffe48e16
54135,data/raw/teacher/test/images_test/54135.jpg,60.0,80.0,0.75,RGB,JPEG,18825,eba60ac83bdbd12610ee12105ec1af5a69c6697643d96882cfa808abfba8b7d2
54136,data/raw/teacher/test/images_test/54136.jpg,60.0,80.0,0.75,RGB,JPEG,12245,d3855c59a109f046da470d3798a7b01f308a79db3ef1a017c6c3537d247cb4f4
54137,data/raw/teacher/test/images_test/54137.jpg,60.0,80.0,0.75,RGB,JPEG,19053,9b2e1dca930a2cde6430b4fc88edcb60bcdc7dd9cf7ac9ac59a673b738560586
54138,data/raw/teacher/test/images_test/54138.jpg,60.0,80.0,0.75,RGB,JPEG,34473,196d37339a51047bfaca3206b823d85d637cc269b8b5a9db1b9a66fd2110ab5f
54139,data/raw/teacher/test/images_test/54139.jpg,60.0,80.0,0.75,RGB,JPEG,14731,53c46c04bc086aa43ebe8021b810f6a51a5bfc1d252a4e77e3b36a254bc64666
54140,data/raw/teacher/test/images_test/54140.jpg,60.0,80.0,0.75,RGB,JPEG,13814,dc3e267ac583edc93cd44167216aaee5a1669093833d2e43dba8c6ecc9334d7d
54141,data/raw/teacher/test/images_test/54141.jpg,60.0,80.0,0.75,RGB,JPEG,13960,00624ef81ed97b9d9d4db4bc22dd63b800514e690ddb11c895fda8fc9b6a5bac
54142,data/raw/teacher/test/images_test/54142.jpg,60.0,80.0,0.75,RGB,JPEG,13100,12ac2b11ae287dd13e5966b9e53b29d9cec6a1ed35aca592db84e2754badd9ab
54143,data/raw/teacher/test/images_test/54143.jpg,60.0,80.0,0.75,L,JPEG,19403,63e14ef28c7a436e0d34fb37699c9599fdaac12950675a63ace0ba474898dcd9
54144,data/raw/teacher/test/images_test/54144.jpg,60.0,80.0,0.75,RGB,JPEG,19623,93821147da037a839e3fb1ac7a858c0013aaec451fc65365928312c2201b8f53
54145,data/raw/teacher/test/images_test/54145.jpg,60.0,80.0,0.75,RGB,JPEG,33535,cb1a09e31c1adffa9bf962b585e7f772eec36a8173b31fc06a2d28a716f697a7
54146,data/raw/teacher/test/images_test/54146.jpg,60.0,80.0,0.75,RGB,JPEG,3562,9e23d03c55c8edf99284645acbc0c2a8c2b32666dfe0809c37f60c45ecba8062
54147,data/raw/teacher/test/images_test/54147.jpg,60.0,80.0,0.75,RGB,JPEG,15644,e12672d0f39d394f36eeb1d42c50b13ef3a7303aa13a78b83b638829639bc51a
54148,data/raw/teacher/test/images_test/54148.jpg,60.0,80.0,0.75,RGB,JPEG,14398,0a2b2f19c3c19d6b39ed88572b62a2b5168b4fc41d0774eed758d4451abfd62c
54149,data/raw/teacher/test/images_test/54149.jpg,60.0,80.0,0.75,RGB,JPEG,12838,dda281563bf10c892820ef45b0bc81e8ae82a162e3f4627b8c55cc0e742fac8d
54150,data/raw/teacher/test/images_test/54150.jpg,60.0,80.0,0.75,RGB,JPEG,16471,0152cab39184bca0609784661b7e7951c9e6b468adbbbb26bc7fb5c865e6c07f
54151,data/raw/teacher/test/images_test/54151.jpg,60.0,80.0,0.75,RGB,JPEG,14328,8b665d97e2b9c487b9552d838532a6b9765aa3dcc944409fbccde1e533611a18
54152,data/raw/teacher/test/images_test/54152.jpg,60.0,80.0,0.75,RGB,JPEG,18821,0a8cdab6892b19f607be5c5b6e198f7a084687b4bceaccf58101890574c69f4b
54153,data/raw/teacher/test/images_test/54153.jpg,60.0,80.0,0.75,RGB,JPEG,4387,1a4ed1410104d285b2166af1497afb430a0f8cdad7b261b0f152fa79c6bbf50f
54154,data/raw/teacher/test/images_test/54154.jpg,60.0,80.0,0.75,RGB,JPEG,14114,5af82de93810c47b3dbf610c51b2f5688b6914f5b1b209fb377cd8291d9f5e18
54155,data/raw/teacher/test/images_test/54155.jpg,60.0,80.0,0.75,RGB,JPEG,16447,de1d329ef9c1a6f6197829319c816178e715ad44858dca97ed2d19e62d453f1b
54156,data/raw/teacher/test/images_test/54156.jpg,60.0,80.0,0.75,RGB,JPEG,13260,75dd7759f5ac2fc15d69b6882dfaf451d5683f0b18d0dd673e15f69e8efa5a9f
54157,data/raw/teacher/test/images_test/54157.jpg,60.0,80.0,0.75,RGB,JPEG,4595,7a74016ca36df2b4ff990b55e1fa4d524a71ffa282cca566030f5f301cc9abf0
54158,data/raw/teacher/test/images_test/54158.jpg,60.0,80.0,0.75,RGB,JPEG,3970,f982cc209113101d563afde6e34a138e14c94eba20e4869dd0675b9215116102
54159,data/raw/teacher/test/images_test/54159.jpg,60.0,80.0,0.75,RGB,JPEG,3805,6c0be151e8d430da7b217887054d07e39e1a28e597f0235545bf17a3c90640d6
54160,data/raw/teacher/test/images_test/54160.jpg,60.0,80.0,0.75,RGB,JPEG,13140,48ca8fd5c10bf4736bfd050fe46a5c26e8498dea166edefc094318960e0eecaf
54161,data/raw/teacher/test/images_test/54161.jpg,60.0,80.0,0.75,RGB,JPEG,19967,5ca6ac44c6741d762661caf0c0117335b67353aa21c07692e4377940ade5e1a2
54162,data/raw/teacher/test/images_test/54162.jpg,60.0,80.0,0.75,RGB,JPEG,18041,f4349b31ccb37c2ffb2f9adf74aa1fb55926a9afa8ac6af330fcbe5b07f03a48
54163,data/raw/teacher/test/images_test/54163.jpg,60.0,80.0,0.75,RGB,JPEG,11621,7502b70dab6174ba73447a180e31a60c1ae68b9d709338fb131d27289d686ed6
54164,data/raw/teacher/test/images_test/54164.jpg,60.0,80.0,0.75,RGB,JPEG,4724,18a79b39e721ce551547c12ec31bb0ba90010221e9cbbbb9265651743a03ba6f
54165,data/raw/teacher/test/images_test/54165.jpg,60.0,80.0,0.75,RGB,JPEG,13608,f5763b1da2b113a4e59043745a3a91289ef890f147c94919c62bb080a739c890
54166,data/raw/teacher/test/images_test/54166.jpg,60.0,80.0,0.75,RGB,JPEG,12056,520357e0d8d1cd26415a3bf46c1aeb4dae75554e48fb5ebf58cd6db0776a8c55
54167,data/raw/teacher/test/images_test/54167.jpg,60.0,80.0,0.75,RGB,JPEG,14651,ec26e89159b8655514a5909f90358a000489bb75c96fc050059c9ed74f5ed481
54168,data/raw/teacher/test/images_test/54168.jpg,60.0,80.0,0.75,RGB,JPEG,15204,9e6afc9938fe392e3191b2a55296be98073a380cf103caa4068be5a68446d3af
54169,data/raw/teacher/test/images_test/54169.jpg,60.0,80.0,0.75,RGB,JPEG,14810,5b623afc1ace1566e4c5abb6a7cf35331763df87e293f3636e0e7a25f641055e
54170,data/raw/teacher/test/images_test/54170.jpg,60.0,80.0,0.75,RGB,JPEG,19496,2efa6eae2842235bea5ef4a13c01c79696bdb438ade840812ff5091dab50ec0b
54171,data/raw/teacher/test/images_test/54171.jpg,60.0,80.0,0.75,RGB,JPEG,15378,dd1cc8cb8e60ad91607a1e673cf0519dd12ddb3575892bcefd3542a19916be83
54172,data/raw/teacher/test/images_test/54172.jpg,60.0,80.0,0.75,RGB,JPEG,4179,0bb2b3450868c1dd84165b1b44b8ca30814969603ab3f0e1a05eb556d469e402
54173,data/raw/teacher/test/images_test/54173.jpg,60.0,80.0,0.75,RGB,JPEG,11971,7dcd7aeb64ec138d04c3c3aead626d2a155f74059b947203c6c34c4d38acb4fa
54174,data/raw/teacher/test/images_test/54174.jpg,60.0,80.0,0.75,RGB,JPEG,3414,44fc68d6ec9160f137fdd10a523e288025003d25d0b267aa4aa4d171057af9b3
54175,data/raw/teacher/test/images_test/54175.jpg,60.0,80.0,0.75,RGB,JPEG,13223,1a7ffa402f2f44b6a8492cf2acc40b0d77e2cae9ab92a44264866c8ba12f6d4b
54176,data/raw/teacher/test/images_test/54176.jpg,60.0,80.0,0.75,RGB,JPEG,12956,98ea0672ff79a0572663ba8937f341e19f9357f8453ddde68f884db0e243afe8
54177,data/raw/teacher/test/images_test/54177.jpg,60.0,80.0,0.75,RGB,JPEG,21150,965a3de163629915f8ef9224e9cae00c696674cedab25bea2fa8d52ccb5fa288
54178,data/raw/teacher/test/images_test/54178.jpg,60.0,80.0,0.75,RGB,JPEG,14504,a9afbfb2b0b07b194b3d61b9abb1bd4ed3891d331ef16d2fa7dd9f4d17fae840
54182,data/raw/teacher/test/images_test/54182.jpg,60.0,80.0,0.75,RGB,JPEG,15177,27111a9cff4fcdbd97e4ae8e55b35c144aa7ba35e632bb5a2056aa0b4db62ee1
54183,data/raw/teacher/test/images_test/54183.jpg,60.0,80.0,0.75,RGB,JPEG,13356,fa21e92d913c988452ee6ffc080d121919bb36fe03ff9d74696be1f69aa85996
54185,data/raw/teacher/test/images_test/54185.jpg,60.0,80.0,0.75,RGB,JPEG,35011,84bacd0387ede5b2260d67634fbe644a41c9418ac10f3e0d2b0c347f2119bf3c
54186,data/raw/teacher/test/images_test/54186.jpg,60.0,80.0,0.75,RGB,JPEG,2847,e1a77dc4d4da251c0dde100df5f90858ebffdd039b651e1e791a2ff4a048990c
54187,data/raw/teacher/test/images_test/54187.jpg,60.0,80.0,0.75,RGB,JPEG,18792,d121dec88e439c63bbf866411b80fe49438a6b38835f95ee4b3ec12acf752ab1
54188,data/raw/teacher/test/images_test/54188.jpg,60.0,80.0,0.75,RGB,JPEG,20215,6209e3a391919fad3299df24a668a51e699d551ac5ae09a7d51218ccc0f89084
54189,data/raw/teacher/test/images_test/54189.jpg,60.0,80.0,0.75,RGB,JPEG,21612,ceb19967f29466612e63fd0f36684344c85d3e2f12a45733adf6baddf2c9c8b8
54192,data/raw/teacher/test/images_test/54192.jpg,60.0,80.0,0.75,RGB,JPEG,22086,689fbbb4eb3e61a3b17622bbfd087f788278e429cdd537425bd1e4d57b25a73e
54194,data/raw/teacher/test/images_test/54194.jpg,60.0,80.0,0.75,RGB,JPEG,23805,070a4414a590f1d5505cc683a5331d801c66cf7867a49124e0c1e9e0fb0a4032
54200,data/raw/teacher/test/images_test/54200.jpg,60.0,80.0,0.75,RGB,JPEG,24189,2b9df14aee33815e0b44b1e41ad7d25a9503ce8a97158f5642938fbdc828b8a1
54202,data/raw/teacher/test/images_test/54202.jpg,60.0,80.0,0.75,RGB,JPEG,22202,60e48847f351de8af0b72e041844f242807fdb613e044dd3358edca07d130a2a
54225,data/raw/teacher/test/images_test/54225.jpg,60.0,80.0,0.75,RGB,JPEG,22032,aec1bb6cb9f38d41e88a22149a4eb7d138986e2d1d2317040183d5c44b71cabc
54226,data/raw/teacher/test/images_test/54226.jpg,60.0,80.0,0.75,RGB,JPEG,21776,00938d5e672a37ae6980199f6cde514fc756de7fe4a13d5b7f2b32abcb8b9f48
54228,data/raw/teacher/test/images_test/54228.jpg,60.0,80.0,0.75,RGB,JPEG,12470,3f7152ee6cba6aade069cfd3d9f283f54ac177827da0d0b44975044fe8e5a3d1
54229,data/raw/teacher/test/images_test/54229.jpg,60.0,80.0,0.75,RGB,JPEG,15597,001c23a9ab92d11a764537f8c0a8c8ca047dbea0c9ff73f5e0b132fa0261c659
54252,data/raw/teacher/test/images_test/54252.jpg,60.0,80.0,0.75,RGB,JPEG,21469,f74ce2569a34698a8d97493ac86a63824dac3856bcf88838da95aacd4410c20a
54280,data/raw/teacher/test/images_test/54280.jpg,60.0,80.0,0.75,RGB,JPEG,22272,a1e6d407812c0e910428d66662cb6009197f1853a9168e18c0046e6e868ec878
54302,data/raw/teacher/test/images_test/54302.jpg,60.0,80.0,0.75,RGB,JPEG,5222,03ea46f134330df14f9c20e8eae2197c442a9235e7e0e8245c0d276ab864e796
54303,data/raw/teacher/test/images_test/54303.jpg,60.0,80.0,0.75,RGB,JPEG,5540,ad5f625d54d0eb5ed677bafb04cc0bb37ab334223dcb98a759595e410530714b
54304,data/raw/teacher/test/images_test/54304.jpg,60.0,80.0,0.75,RGB,JPEG,5633,bd418c92f0abee7bd68535f55d14ab8b2748f72c5e387fb3a4344a06da18ab1a
54305,data/raw/teacher/test/images_test/54305.jpg,60.0,80.0,0.75,RGB,JPEG,6272,077d12decab9e02223d94e61cf17173bf2de4a2a0264429af30d06adda152b3e
54306,data/raw/teacher/test/images_test/54306.jpg,60.0,80.0,0.75,RGB,JPEG,23773,abe2f014180f050edd521b77ae38e0c1772c21c0a33f59f1ab6458cb9f70f0ba
54307,data/raw/teacher/test/images_test/54307.jpg,60.0,80.0,0.75,RGB,JPEG,3682,46c164a15fb7e94d737158af2831c09e7cf9998978ac2c6422ffc4ab19f7f0b2
54311,data/raw/teacher/test/images_test/54311.jpg,60.0,80.0,0.75,RGB,JPEG,5051,9badd29784675d4a9d478e6141735e0e010b4d09f6e37ddfd5dfc6e8d77e11a1
54318,data/raw/teacher/test/images_test/54318.jpg,60.0,80.0,0.75,RGB,JPEG,5723,ccdeb2d817970229d4545da94a91bb18cd653d735501e129ffb53fe7459d20dc
54319,data/raw/teacher/test/images_test/54319.jpg,60.0,80.0,0.75,RGB,JPEG,5045,df9ad0ca959b1ded2b6d229d645d5bb3685d3da60037fc1f5219603bb14c388b
54320,data/raw/teacher/test/images_test/54320.jpg,60.0,80.0,0.75,RGB,JPEG,17599,83f4b1d058de617f0f8061a8679b3093a88d16a156605b79bf564123ef7fd3cc
54325,data/raw/teacher/test/images_test/54325.jpg,60.0,80.0,0.75,RGB,JPEG,17248,05e99c467a7a2deb2d3e4ec99fb80a9b1097fe43a0308db0e4f0ac77fac04370
54326,data/raw/teacher/test/images_test/54326.jpg,60.0,80.0,0.75,RGB,JPEG,4937,c99b78fd8fbeb0cdd808ada96524fbea2959d93f2bc3a6f6adc71b3f4b84e792
54327,data/raw/teacher/test/images_test/54327.jpg,60.0,80.0,0.75,RGB,JPEG,28273,9ef632d43aa7aaa02f7633cdc711d62fe94fcea1d1a58ea1ada8c17f1c9ee576
54328,data/raw/teacher/test/images_test/54328.jpg,60.0,80.0,0.75,RGB,JPEG,25418,16472e3d9179ca27cd81f203578597a26eb247993484deab9561610de0db4e74
54329,data/raw/teacher/test/images_test/54329.jpg,60.0,80.0,0.75,RGB,JPEG,5451,8bfa20400d906011515b3dda0c4fef026390675bfa6929a29772dfddfd89cc0a
54330,data/raw/teacher/test/images_test/54330.jpg,60.0,80.0,0.75,RGB,JPEG,19398,01ef99a711802ee4cb768edac7a66f75dd2f123cd574dab10171d313655ad452
54332,data/raw/teacher/test/images_test/54332.jpg,60.0,80.0,0.75,RGB,JPEG,19426,b59d9fda143cdb711b6cde9b4fb644e9d00ae62bbaa5fc119b8cfd9c18b878cc
54334,data/raw/teacher/test/images_test/54334.jpg,60.0,80.0,0.75,RGB,JPEG,16539,ab51010c263f15b59a9eefdde7add887736f23725e12f84d737d7e9ba26efb62
54338,data/raw/teacher/test/images_test/54338.jpg,60.0,80.0,0.75,RGB,JPEG,23226,4688b5e4852c3d2cd10ecb9a7903528d5007e6e78d552cb3a58490adf121cd8b
54339,data/raw/teacher/test/images_test/54339.jpg,60.0,80.0,0.75,RGB,JPEG,23349,e217aaf5ea633a1292206fab4f112482a14122cece4dcfd4b90e40dc27c623c5
54340,data/raw/teacher/test/images_test/54340.jpg,60.0,80.0,0.75,RGB,JPEG,23284,e44b0d10b228c83f928aea8ce584dadcaca63f796f5a02017351bcf99d5c5de5
54341,data/raw/teacher/test/images_test/54341.jpg,60.0,80.0,0.75,RGB,JPEG,15223,29976c4190762534d6dd2b3885bd040bed75c45e4835b170f1ca199465eb1848
54342,data/raw/teacher/test/images_test/54342.jpg,60.0,80.0,0.75,RGB,JPEG,20285,57070c012f27d78bfd9741bc66e71363e3cca396117a7ff40eaa20a90e3edee5
54343,data/raw/teacher/test/images_test/54343.jpg,60.0,80.0,0.75,RGB,JPEG,17491,3327f034c631ddd8e3db380a599fd8656e79f5c4692b4e6baada62ec3a784669
54344,data/raw/teacher/test/images_test/54344.jpg,60.0,80.0,0.75,RGB,JPEG,19162,755d394341f82afd821fadd4dd62baa7e13d290133b6871683d129490154d27b
54345,data/raw/teacher/test/images_test/54345.jpg,60.0,80.0,0.75,RGB,JPEG,19194,58b1e128dadbab95eb91e4e16e3e0b098a0421d1bb2adbf679b5e43b75a9488c
54346,data/raw/teacher/test/images_test/54346.jpg,60.0,80.0,0.75,RGB,JPEG,19886,7c8866456f4c1683f9dea2ba5d0a3200d8f17b44ca5b8a83c4d3777d196737a6
54375,data/raw/teacher/test/images_test/54375.jpg,60.0,80.0,0.75,RGB,JPEG,20812,b77b5e320004d410c8a090a4b946be693a43f37109e375a98d042734393d71ed
54380,data/raw/teacher/test/images_test/54380.jpg,60.0,80.0,0.75,RGB,JPEG,47754,73ad4f6a3fa57adf9024176325b991acda176ff7848328b0ad2b7d1b351fb1af
54381,data/raw/teacher/test/images_test/54381.jpg,60.0,80.0,0.75,RGB,JPEG,11949,be172f14554ad333eb3074e2ffc6e2a00743d32425beae830502c8f567fa5190
54382,data/raw/teacher/test/images_test/54382.jpg,60.0,80.0,0.75,RGB,JPEG,44864,c88a400ede8afa14d70996c21e23cf86585f8e77625749c3d9aee4f5f0fcfdc6
54383,data/raw/teacher/test/images_test/54383.jpg,60.0,80.0,0.75,RGB,JPEG,12765,bfef15df9727620e0aa1479ac715db1fa4d332cb04df3221ed6a22ebf4b68aa3
54384,data/raw/teacher/test/images_test/54384.jpg,60.0,80.0,0.75,RGB,JPEG,20581,6a9fbfa8713506cb3b0e1b7fdd4005a2201712ff7e727a9ea95aae7e0aba34b2
54385,data/raw/teacher/test/images_test/54385.jpg,60.0,80.0,0.75,RGB,JPEG,19850,7a79e59795fbf037c0554184ae8d62b90101b8c38b390c99df1fdef5addd35df
54386,data/raw/teacher/test/images_test/54386.jpg,60.0,80.0,0.75,RGB,JPEG,20249,efeb538b5dbe7707559c04ef8ba8871e866cafbfd9edd2f5f791b49c72c64b3f
54387,data/raw/teacher/test/images_test/54387.jpg,60.0,80.0,0.75,RGB,JPEG,14387,e21cafee27f9fb9561dfff8f2797ed01d413c640541e8312b1b1085690d4ce5e
54388,data/raw/teacher/test/images_test/54388.jpg,60.0,80.0,0.75,RGB,JPEG,14638,3485c5dd7217a5155ac6693f54f10b8c009ea784627382103c39264980c82cfa
54389,data/raw/teacher/test/images_test/54389.jpg,60.0,80.0,0.75,RGB,JPEG,13017,d18894031df587e42c257574f4d9076da9aa1c07b7c09c065b49403a0293c242
54390,data/raw/teacher/test/images_test/54390.jpg,60.0,80.0,0.75,RGB,JPEG,12254,1a2cf8161730b96429c09146ac4df4d90ef51fe3351f4beb14e10c3020c77c95
54391,data/raw/teacher/test/images_test/54391.jpg,60.0,80.0,0.75,RGB,JPEG,21242,776a34452f9c7d69a1a6e8b6cd21721e894aa4c252504661d8f59ce9b7c83017
54392,data/raw/teacher/test/images_test/54392.jpg,60.0,80.0,0.75,RGB,JPEG,14534,fd0cc337ecbd6ff40aeac0e42d9775a9ee9224c2f72cab0c4a00b662db3948a9
54393,data/raw/teacher/test/images_test/54393.jpg,60.0,80.0,0.75,RGB,JPEG,21320,8b9b7fca4826a93f7aa4fea9a4532c05e4b64f2d97614f5a72262b9da4742854
54394,data/raw/teacher/test/images_test/54394.jpg,60.0,80.0,0.75,RGB,JPEG,22225,1c64ce64f0cc27402b64518f6f9a3822ed45ae8db5e6bd1c1556088f9f46e504
54395,data/raw/teacher/test/images_test/54395.jpg,60.0,80.0,0.75,RGB,JPEG,13301,897aed6cd0ce2bc6e4ea4c8fa246f06ad5b528474b0f8a263e2d79cc0ade4e13
54396,data/raw/teacher/test/images_test/54396.jpg,60.0,80.0,0.75,RGB,JPEG,19264,2a09bc216b98d7b8db21739204080191d3d9916b4511cd09467eec7ce5649fc3
54397,data/raw/teacher/test/images_test/54397.jpg,60.0,80.0,0.75,RGB,JPEG,14620,76bc167ffb7c669a8a815c9289b76f32969bfd6a934747d763f557a132e80c8e
54398,data/raw/teacher/test/images_test/54398.jpg,60.0,80.0,0.75,RGB,JPEG,15270,b2879651fcc8ff39e747d35871cbdf5ce2b32edf7b97d37e5508e3393cfe755c
54399,data/raw/teacher/test/images_test/54399.jpg,60.0,80.0,0.75,RGB,JPEG,12083,5f0157208684b40fc6cbce05316d5c1acb035133dedd91c2cc70f199a7ec7d1c
54400,data/raw/teacher/test/images_test/54400.jpg,60.0,80.0,0.75,RGB,JPEG,12788,5bf2f78fac708dd8429d459269b18ed50d8cddee0cca6476ef46f796591e0b7d
54401,data/raw/teacher/test/images_test/54401.jpg,60.0,80.0,0.75,RGB,JPEG,12480,c8827028ba5c7126757d7b80b106ef959ec36da437f0f131e4dc4ec1fbfb441d
54402,data/raw/teacher/test/images_test/54402.jpg,60.0,80.0,0.75,RGB,JPEG,11141,01eaddd9ea91500623017b21da6167f21d690aea34f6df4c31f88bd20b2072b1
54403,data/raw/teacher/test/images_test/54403.jpg,60.0,80.0,0.75,RGB,JPEG,18752,f1d5b009e019f20fce09685fc49a02ac83c9d36c94c0edbeadbf8b801cd63ccd
54404,data/raw/teacher/test/images_test/54404.jpg,60.0,80.0,0.75,RGB,JPEG,15626,273322cd017af909187dfdd2b192e2ca7d5a3e7cd2d22ddf008151c7b950654d
54405,data/raw/teacher/test/images_test/54405.jpg,60.0,80.0,0.75,RGB,JPEG,13203,5a73d6446c0311ebebb5e5ef9bdb0404228e2325a2bf4e1ab12e72a82385ef79
54406,data/raw/teacher/test/images_test/54406.jpg,60.0,80.0,0.75,RGB,JPEG,21266,30ec6db0c18d4599bcf75d4bc5f183e735f2a30b96c73441e8119d612f16b6aa
54407,data/raw/teacher/test/images_test/54407.jpg,60.0,80.0,0.75,RGB,JPEG,21457,171ca3fc3928a829e914d76d4f6c11fcd7106c0825aa63ed777aa68499efb0b1
54408,data/raw/teacher/test/images_test/54408.jpg,60.0,80.0,0.75,RGB,JPEG,20331,f649f3987addb20628a20eff26ca4534010fdabd401a533184ac09c4e8034009
54409,data/raw/teacher/test/images_test/54409.jpg,60.0,80.0,0.75,RGB,JPEG,17542,8100e00e310bcf26f9b5f274dad97164a67e2070362b1310b8adf50009cb642c
54410,data/raw/teacher/test/images_test/54410.jpg,60.0,80.0,0.75,RGB,JPEG,15008,061b125a408da6cdc735f1a6e34e953087ccba75a38716d3bebf4d450fccf456
54411,data/raw/teacher/test/images_test/54411.jpg,60.0,80.0,0.75,RGB,JPEG,19086,6bc2d54f6a1f481c8309b710927ae716c50bdfe0a2503b69f389841f48198db4
54412,data/raw/teacher/test/images_test/54412.jpg,60.0,80.0,0.75,RGB,JPEG,19281,9c13050de2424842a53878fe0b5635c272038c2dc506c828e39c0176cc7e6d6c
54475,data/raw/teacher/test/images_test/54475.jpg,60.0,80.0,0.75,RGB,JPEG,13099,44e43711ef71e1adf58057a458b8890be153f37c82584a6a77d76efe1823b89f
54476,data/raw/teacher/test/images_test/54476.jpg,60.0,80.0,0.75,RGB,JPEG,14394,c19b723bda1db4c2fa534998d4c2a9394c4f064b9beafb0aeb97d20a501aeeec
54477,data/raw/teacher/test/images_test/54477.jpg,60.0,80.0,0.75,RGB,JPEG,19558,387333036231cfcda11b9b8ec0083f317c47817ae5a0c68081c976a352f61b30
54478,data/raw/teacher/test/images_test/54478.jpg,60.0,80.0,0.75,RGB,JPEG,26922,256fb55d56739b32bc1f1f9e5d4b53614af50bee6c0c8797adcde35d1cfcf5f5
54479,data/raw/teacher/test/images_test/54479.jpg,60.0,80.0,0.75,RGB,JPEG,5506,a531f5aa431c0ed72950c32981770a6ab41f7d733819f2f79afe81be59e8ea01
54480,data/raw/teacher/test/images_test/54480.jpg,60.0,80.0,0.75,RGB,JPEG,26781,541be0f9d113a2b9f0838e8a1493b5a4656738f69d055c5bb110f470b683c0ec
54481,data/raw/teacher/test/images_test/54481.jpg,60.0,80.0,0.75,RGB,JPEG,25589,4ac17cfe2923f90e3018ffd2e507c9d93f33860b91cb24779db2e17a91d7b244
54482,data/raw/teacher/test/images_test/54482.jpg,60.0,80.0,0.75,RGB,JPEG,3370,69318444ff3855aa48465e640652f8886f7623aaa884aa805dd923dc04e9aba0
54483,data/raw/teacher/test/images_test/54483.jpg,60.0,80.0,0.75,RGB,JPEG,3166,c126ff8f5472da5b17f818f2667ec56dbc7c9ef4d95017793111f0be5a84e66c
54484,data/raw/teacher/test/images_test/54484.jpg,60.0,80.0,0.75,RGB,JPEG,19712,e037257d46858b1b17da5e3f8ce88d5b2da424dbf7fc765e9554189c48c39c5b
54485,data/raw/teacher/test/images_test/54485.jpg,60.0,80.0,0.75,RGB,JPEG,3036,836337773a5493b227abad4e17dab80daeacc4cd3cb92bc6c4bca48543055c43
54486,data/raw/teacher/test/images_test/54486.jpg,60.0,80.0,0.75,RGB,JPEG,3724,a7fbb20cc19561c78dbea8d8ca2e64f508922a455a0d430f09a9422afa890a1c
54487,data/raw/teacher/test/images_test/54487.jpg,60.0,80.0,0.75,RGB,JPEG,15646,8a9d2e68dac036a8f82faf174105b4f6c80f591b34493ddfe1c2867807b78a12
54488,data/raw/teacher/test/images_test/54488.jpg,60.0,80.0,0.75,RGB,JPEG,4592,cc387fc3aaddb51c6b8dac17f4ded676bd3ea88d5df5fc79488ed363989c24a6
54489,data/raw/teacher/test/images_test/54489.jpg,60.0,80.0,0.75,RGB,JPEG,4664,255feb64e23306525f4affb63b97ec49314b98d71691ee0c6779e8c747d10d6c
54490,data/raw/teacher/test/images_test/54490.jpg,60.0,80.0,0.75,RGB,JPEG,16770,1a77f078d0e6580eab1696ddf15b49308621521d82b5182fe81d1ce4ab9925b2
54491,data/raw/teacher/test/images_test/54491.jpg,60.0,80.0,0.75,RGB,JPEG,21683,0e080f04febc929d8f748c827aed1958659419321402ddad7b8b270b3723e608
54492,data/raw/teacher/test/images_test/54492.jpg,60.0,80.0,0.75,RGB,JPEG,17618,c9d3244aa4765bb2dda967a07b3c5a944b60ed9f528c48de67f0846a4e31ce91
54493,data/raw/teacher/test/images_test/54493.jpg,60.0,80.0,0.75,RGB,JPEG,22394,b016ae855c3ec47af09e4d7a3b2bb7aaa33c74a551aaad50513000268f5ea01c
54494,data/raw/teacher/test/images_test/54494.jpg,60.0,80.0,0.75,RGB,JPEG,20130,54f4b19769874e74a14f17c6af6ba226a6763dfa1fe23a9186e329f7a27400c0
54495,data/raw/teacher/test/images_test/54495.jpg,60.0,80.0,0.75,RGB,JPEG,24408,779f3c57411bbeea7f3c7b8f23164f2ca5ec06d69258e49633ad1efc53cc2a1d
54496,data/raw/teacher/test/images_test/54496.jpg,60.0,80.0,0.75,RGB,JPEG,22602,2242c4dbeb3d4384a3aae243d2e8a86e0222d29d34d941db1fc744d3cc8af014
54497,data/raw/teacher/test/images_test/54497.jpg,60.0,80.0,0.75,RGB,JPEG,50352,4ecd835bf05633c6eba158e7b0068657a7898139b2211862e4d878fbe158d65b
54498,data/raw/teacher/test/images_test/54498.jpg,60.0,80.0,0.75,RGB,JPEG,20923,53307be024fcc5e0ac5f3c39b1d317b820149cd39a109d295672f1272bfa83c1
54499,data/raw/teacher/test/images_test/54499.jpg,60.0,80.0,0.75,RGB,JPEG,21299,8d51b1c0abf116ecfe1ea91ba7b314e5b87a8aa8b4b40b913046bf8cb6f54847
54500,data/raw/teacher/test/images_test/54500.jpg,60.0,80.0,0.75,RGB,JPEG,16003,73ce22582ac14e4637c44bb588de31aae1d41a4e6d01a5431a9e5f3fb0086542
54501,data/raw/teacher/test/images_test/54501.jpg,60.0,80.0,0.75,RGB,JPEG,13512,0a2c40fc9ed2c246a30f411434efc1cdf12eaf3f8d54c33c7afc4ce3448f8dbe
54502,data/raw/teacher/test/images_test/54502.jpg,60.0,80.0,0.75,RGB,JPEG,15117,af639687251e8065a62a0ec8ef6f56e7aecb17c247d3bf24f1c174e4cd7f3508
54503,data/raw/teacher/test/images_test/54503.jpg,60.0,80.0,0.75,RGB,JPEG,24451,d8d5407cfba8bc8671d2fc620f9c131a914550633c5ceb76cc938814717416fd
54504,data/raw/teacher/test/images_test/54504.jpg,60.0,80.0,0.75,RGB,JPEG,23372,90ec7c5d966f84d4da686b2197f49e49e27de5385229fbb0efa87e7acbb1b2c6
54505,data/raw/teacher/test/images_test/54505.jpg,60.0,80.0,0.75,RGB,JPEG,21744,41ef48a7ccecc06f41549949c3b400a5a833cff95632add2941335ddf6e914d9
54506,data/raw/teacher/test/images_test/54506.jpg,60.0,80.0,0.75,RGB,JPEG,14504,901a4971d327a9dc818531ddf80dece1a56b1e03e53d15da3f5c7cd01ba56cd2
54507,data/raw/teacher/test/images_test/54507.jpg,60.0,80.0,0.75,RGB,JPEG,21265,9460d279342af8be3d6b5ab4d4b91a96ab08b3f2d37ddbb4f831e774ae278ff4
54508,data/raw/teacher/test/images_test/54508.jpg,60.0,80.0,0.75,RGB,JPEG,14742,8a4b6c27313239dfcba512dd8cbbded927e78325e9623867fc39aad31995e973
54509,data/raw/teacher/test/images_test/54509.jpg,60.0,80.0,0.75,RGB,JPEG,20564,2baa0458f641dcc0e3f51b1be4b34d9b73e924ca52a21b66fdb1dba340d18548
54510,data/raw/teacher/test/images_test/54510.jpg,60.0,80.0,0.75,RGB,JPEG,14876,ceefa8ef9988ed45a714722fc4e23e07a38327171e28944fcd0b2f8dc83b8e70
54511,data/raw/teacher/test/images_test/54511.jpg,60.0,80.0,0.75,RGB,JPEG,21080,40bdf68df11dfc01f6a8ea24e29421c45a102559df51118710f44cfd2752cc94
54512,data/raw/teacher/test/images_test/54512.jpg,60.0,80.0,0.75,RGB,JPEG,14983,16ba471c47e47e7b60ed76d2e07fe5bd2d5e1566d1487fc5126ce1d53dbe2c82
54513,data/raw/teacher/test/images_test/54513.jpg,60.0,80.0,0.75,RGB,JPEG,19282,6d30460eb14f67695281c0a7cf78c60b50390a1a2aeac81c035149324e8247cb
54514,data/raw/teacher/test/images_test/54514.jpg,60.0,80.0,0.75,RGB,JPEG,19748,be9250d2f62538ddc616b07dc0a9e0c0358efafab2252c849a1123002194c6f5
54515,data/raw/teacher/test/images_test/54515.jpg,60.0,80.0,0.75,RGB,JPEG,14145,6207e3254643ee7a15c0d27744385edae40fbeaa374d189aa853c060488cb7e1
54516,data/raw/teacher/test/images_test/54516.jpg,60.0,80.0,0.75,RGB,JPEG,20812,bbea374b21d78b9df91e83daf50819ddd3d937ab08866df4459c6d9ce6247ba7
54517,data/raw/teacher/test/images_test/54517.jpg,60.0,80.0,0.75,RGB,JPEG,40384,3ca45ab8c4ce9889a0f27063f2488a4b73d79672ce947e9a2a0e3386a1141bcb
54518,data/raw/teacher/test/images_test/54518.jpg,60.0,80.0,0.75,RGB,JPEG,13739,c7e6cb8c1cc4351b8939f0b679931724dab42fa0c3b0b5e353d2f7a841ed5f6f
54519,data/raw/teacher/test/images_test/54519.jpg,60.0,80.0,0.75,RGB,JPEG,39390,29af5ef3aabed4af65f5d6473c61918ac840f7e18d9c6a805b0be649c87b5f3f
54520,data/raw/teacher/test/images_test/54520.jpg,60.0,80.0,0.75,RGB,JPEG,33781,c55183f63c2d27d6b8edaa9a6e28489d5bfbd74e157de31274a92f7fffbb8f6d
54521,data/raw/teacher/test/images_test/54521.jpg,60.0,80.0,0.75,RGB,JPEG,14060,f85684a60dae9c4056df59edb6b16ce272a7265f6a1059b4bfda77ec468cd496
54522,data/raw/teacher/test/images_test/54522.jpg,60.0,80.0,0.75,RGB,JPEG,20261,35ecb2cc5479cc5b5fd2e71b3e2e57aa6003857f323ac6e261fd571957ce082f
54523,data/raw/teacher/test/images_test/54523.jpg,60.0,80.0,0.75,RGB,JPEG,20182,d76deb0b88e5e7a8165623247b5f617e95079171c79429f9c66a99313d6de013
54524,data/raw/teacher/test/images_test/54524.jpg,60.0,80.0,0.75,RGB,JPEG,21134,6f5bd04a68515e0f7740729648ea586b0b2fa94a30a15506e55e2327171b2d35
54525,data/raw/teacher/test/images_test/54525.jpg,60.0,80.0,0.75,RGB,JPEG,20369,271d8b976ad04a38eb661fc01e59848694dc7716974f2818c8db61c146ce6749
54526,data/raw/teacher/test/images_test/54526.jpg,60.0,80.0,0.75,RGB,JPEG,20656,73629e0267763956399f2167b4115948ebe89fc991fad1b2f6c71668aa70bebb
54527,data/raw/teacher/test/images_test/54527.jpg,60.0,80.0,0.75,RGB,JPEG,19547,49d54aa24f3d2fa0671b439149bea35b9f9319afe0f111f7a3947ddbecf600c0
54528,data/raw/teacher/test/images_test/54528.jpg,60.0,80.0,0.75,RGB,JPEG,18292,b7e9d19e00cab247b19cacd4ab8063cc9fcf09924bf4f51eb3ff3d95bc5f88cb
54529,data/raw/teacher/test/images_test/54529.jpg,60.0,80.0,0.75,RGB,JPEG,1239,6a15356ddc8f01d198917e2a97380ac519daff6921b2f1b8a226c0ac3a2be951
54530,data/raw/teacher/test/images_test/54530.jpg,60.0,80.0,0.75,RGB,JPEG,14351,9461303cd2ee4ecfa6dcb8514d249e911ef74a5dfb34efb4327a8262680def50
54533,data/raw/teacher/test/images_test/54533.jpg,60.0,80.0,0.75,RGB,JPEG,21402,92fcfbdfa4d4777558a9b63af43e99e6e4a7478ad48c6b0cb0564e38c2b56ebd
54534,data/raw/teacher/test/images_test/54534.jpg,60.0,80.0,0.75,RGB,JPEG,21565,88d4e382bd695951e40054803867783fdacc90107ec711ea3bd8fe0e80f27341
54535,data/raw/teacher/test/images_test/54535.jpg,60.0,80.0,0.75,RGB,JPEG,21561,60949b508ad429b56c27ee4ab35ff6f23f60fa9daab9344ebe7e35d62dbd6ffd
54536,data/raw/teacher/test/images_test/54536.jpg,60.0,80.0,0.75,RGB,JPEG,14333,b63d82ffbfca49a4ab1829dc6403edfbc8a9bc1da5fc3699a72d228571a712fd
54537,data/raw/teacher/test/images_test/54537.jpg,60.0,80.0,0.75,RGB,JPEG,20658,3ff942668bee65f9088c9d9d472bcc495864603618ab68646346eea58ae2996f
54538,data/raw/teacher/test/images_test/54538.jpg,60.0,80.0,0.75,RGB,JPEG,21204,12310f3e8903d65661ae38777e3837351f01d124e80d061d78aca98146951cb7
54539,data/raw/teacher/test/images_test/54539.jpg,60.0,80.0,0.75,RGB,JPEG,21801,2330bed0232f643f07df4ce1552a5a71023b2678cf745358406bbbd58a4064cc
54540,data/raw/teacher/test/images_test/54540.jpg,60.0,80.0,0.75,RGB,JPEG,21210,89fe533ef5b70c5b25f5cfc2372c667a6af6643b7bef5f802e6dd2973f6af029
54541,data/raw/teacher/test/images_test/54541.jpg,60.0,80.0,0.75,RGB,JPEG,13616,65a99fbbb723e1969ae8267a35699eea4386d8cd7fd9ee4421edcf1ffc2354f4
54542,data/raw/teacher/test/images_test/54542.jpg,60.0,80.0,0.75,RGB,JPEG,20436,7b71f5aaf062f98c907819627e9269b90101b9b9afcf22d1b76bc5481992e38e
54543,data/raw/teacher/test/images_test/54543.jpg,60.0,80.0,0.75,RGB,JPEG,22140,46df0b60fa1a743b132233fcd31b768b961ae6fd23b05d16e728ec5a1f5df998
54544,data/raw/teacher/test/images_test/54544.jpg,60.0,80.0,0.75,RGB,JPEG,14925,018a7ab3aba63ce3f5b20b6810221c053410056511d5a82d56d560390e02608d
54545,data/raw/teacher/test/images_test/54545.jpg,60.0,80.0,0.75,RGB,JPEG,21242,3c6fef406928320839fc7ae5fc5c34d16ec85d7f1aa8c77c03ae83b3f1b3732a
54546,data/raw/teacher/test/images_test/54546.jpg,60.0,80.0,0.75,RGB,JPEG,13873,6b0d6a8934ac04f5cf5c88ed27599a156add7fdb3d8cb583f02b861c0a2eaa09
54547,data/raw/teacher/test/images_test/54547.jpg,60.0,80.0,0.75,RGB,JPEG,4130,da6bc014b6cc89438f9975d59112b43207bc553c9139fb1538b61c2aef51b4bb
54548,data/raw/teacher/test/images_test/54548.jpg,60.0,80.0,0.75,RGB,JPEG,3845,3e89bbc9ffd681b0c9675909ed35b475f29b4bd859a4807d8872b0ec89daed3d
54549,data/raw/teacher/test/images_test/54549.jpg,60.0,80.0,0.75,RGB,JPEG,4021,1e4e940fe14ec35427195e42e4556edcd4cc9c05cf98b81c1a5b64ffa90865df
54550,data/raw/teacher/test/images_test/54550.jpg,60.0,80.0,0.75,RGB,JPEG,3577,818b4abbd595188f093bac248a7bdddd50280a8f664bcccbc333159cd531f4f5
54551,data/raw/teacher/test/images_test/54551.jpg,60.0,80.0,0.75,RGB,JPEG,16540,7960b9bc220ead95e1e68c5e53f71aa1600e73f3ed721688377be9fb53744670
54553,data/raw/teacher/test/images_test/54553.jpg,60.0,80.0,0.75,RGB,JPEG,3666,b79ab2ae2d4ebd4eb254022d564a1a6b07270a772ac2598ac92e9604b426cfb5
54554,data/raw/teacher/test/images_test/54554.jpg,60.0,80.0,0.75,RGB,JPEG,4083,3272c8b9dbb45ce5f35bf61a038005e2b54c84cf130f8cd539f4ac1a8c9cedad
54555,data/raw/teacher/test/images_test/54555.jpg,60.0,80.0,0.75,RGB,JPEG,3809,d334a216a12325f8c8020a053da5190dfd551c50d4e90fcc540fdfedaf315f6b
54556,data/raw/teacher/test/images_test/54556.jpg,60.0,80.0,0.75,RGB,JPEG,3851,0a0e8a7c7788e432418c9600e6950317a1a6d8ccd52c4e1257897702b1fa5095
54557,data/raw/teacher/test/images_test/54557.jpg,60.0,80.0,0.75,RGB,JPEG,3991,d2bbb29a49dd4261a689229c10d2f116677b031fa9a13ca31b8b1c02d51d928f
54558,data/raw/teacher/test/images_test/54558.jpg,60.0,80.0,0.75,RGB,JPEG,2943,fa4bb249bb7054607862710bd250bca82a41c1b3dda4399ece3956f31cc7a4ad
54559,data/raw/teacher/test/images_test/54559.jpg,60.0,80.0,0.75,RGB,JPEG,4687,7b4e27cf7e9395c8c946b9f96e0f267dbc04316fb2220244f7a46353005b0310
54561,data/raw/teacher/test/images_test/54561.jpg,60.0,80.0,0.75,RGB,JPEG,3551,3aec92e48c32eaafd785bf1f1ef14301350aa176b98ee7bafacbf7998986a60b
54562,data/raw/teacher/test/images_test/54562.jpg,60.0,80.0,0.75,RGB,JPEG,17085,93ea5d6e76cf8ebe9305b1a4d5d2144c3633262c113e322797370d9100fd8512
54563,data/raw/teacher/test/images_test/54563.jpg,60.0,80.0,0.75,RGB,JPEG,3802,889c3f6a24b256e70001d3ed0bea74f3c98b230cc4a89f25542432b4fe901196
54564,data/raw/teacher/test/images_test/54564.jpg,60.0,80.0,0.75,RGB,JPEG,18289,7a69a3dcd3da87cad522600e5e5b4393fb17ade5a18227cea6d43066e33085d0
54565,data/raw/teacher/test/images_test/54565.jpg,60.0,80.0,0.75,RGB,JPEG,19250,e220eb5fb8a8a81244c6eb2eb155ca0f59abe1d11af905ac9ae871ddbef3c511
54566,data/raw/teacher/test/images_test/54566.jpg,60.0,80.0,0.75,RGB,JPEG,25624,c75fd1d5c67dde0f9bfaec591a8032b8d75bfb5ca70ab2c0344cc484ce43db32
54567,data/raw/teacher/test/images_test/54567.jpg,60.0,80.0,0.75,RGB,JPEG,23651,5efa9f029c1f8320921c78b7c411719357c41a3e0221bd6795e1dab2a9eb4397
54568,data/raw/teacher/test/images_test/54568.jpg,60.0,80.0,0.75,RGB,JPEG,24986,acf91d4e762940c6f5da31855ea5684d09de95a342f752be04872cdbdf5172a7
54569,data/raw/teacher/test/images_test/54569.jpg,60.0,80.0,0.75,RGB,JPEG,24572,d2fd07e64d3fe1594d84ab1444b018e9849ac51c936d0eb8857cadec9a3c772a
54570,data/raw/teacher/test/images_test/54570.jpg,60.0,80.0,0.75,RGB,JPEG,23919,be6a990beef201a12eea584157aad2132d729ebc7bc9789b8af0dc00760310f1
54571,data/raw/teacher/test/images_test/54571.jpg,60.0,80.0,0.75,RGB,JPEG,27866,52df94e41ff1eb517f10f9bd5a2f8d92cfdfa9e6df9cb7e598c70364a9350162
54572,data/raw/teacher/test/images_test/54572.jpg,60.0,80.0,0.75,RGB,JPEG,27507,7af7aa923987238a994275f89980421124fc2bfffa782f7e61e66532a14a492c
54573,data/raw/teacher/test/images_test/54573.jpg,60.0,80.0,0.75,RGB,JPEG,24657,e171c1359e54d63a2cc98ad9d754ebc130600c07ad41e511e9d9f864923a5cd3
54574,data/raw/teacher/test/images_test/54574.jpg,60.0,80.0,0.75,RGB,JPEG,24554,2dffc7bcc43374be1a7ec7ee4b277f10f9fe6e3bb13541ae199aca82bfdf717c
54575,data/raw/teacher/test/images_test/54575.jpg,60.0,80.0,0.75,RGB,JPEG,24772,91eddd28b2223b8213c05bb2586bbd2d006d21867d6b0c3ca5d5521965393656
54576,data/raw/teacher/test/images_test/54576.jpg,60.0,80.0,0.75,RGB,JPEG,23604,d9a540632b1b4dfceb301b752702f4ba4ab88223a86a6475c2517e00b57c87ab
54577,data/raw/teacher/test/images_test/54577.jpg,60.0,80.0,0.75,RGB,JPEG,17470,badbb3e12a759f8c62c924a8c1319c020aad155d2b657f1bbf829543b9b87c42
54578,data/raw/teacher/test/images_test/54578.jpg,60.0,80.0,0.75,RGB,JPEG,19074,4828745cb57042d8e994c92305324e1f4063d9f8e437cee62d47489348cb80b3
54579,data/raw/teacher/test/images_test/54579.jpg,60.0,80.0,0.75,RGB,JPEG,25319,e5d4ba7160c6386c24fca9a294140f2a5305de0472c4c42592df1ecf202cbe39
54580,data/raw/teacher/test/images_test/54580.jpg,60.0,80.0,0.75,RGB,JPEG,24411,127f87f03723411beefd8a859b853c11783b6aa5931369226a485f446c6aa963
54581,data/raw/teacher/test/images_test/54581.jpg,60.0,80.0,0.75,RGB,JPEG,25664,f2d9f4b3aa4d5775a7f5bbf1b8d39c99e6b8c36c6019fe29abd3444d970c8c0d
54582,data/raw/teacher/test/images_test/54582.jpg,60.0,80.0,0.75,RGB,JPEG,26787,e68dc161983250adae11d282e9d3effad3b2e993e4e262a933c08b2353fd4ae2
54584,data/raw/teacher/test/images_test/54584.jpg,60.0,80.0,0.75,RGB,JPEG,24956,e8e6db8ab7224f0daf7913bca64621e8f2c7e1c8e65e5b6efb94800e0a71f50c
54585,data/raw/teacher/test/images_test/54585.jpg,60.0,80.0,0.75,RGB,JPEG,25187,b91421e1fc6f00c684f40df9ca0d25acd305a0679a0734f2aea0b31502e7e01e
54586,data/raw/teacher/test/images_test/54586.jpg,60.0,80.0,0.75,RGB,JPEG,17320,c903b1ad5376207d3a1220bd11592972c94ed172dfedc515c911663906e9fb35
54587,data/raw/teacher/test/images_test/54587.jpg,60.0,80.0,0.75,RGB,JPEG,17295,79f626fa96025e40039df3042838e9c009450f0d27257f7f28157daaa7976bb8
54588,data/raw/teacher/test/images_test/54588.jpg,60.0,80.0,0.75,RGB,JPEG,16838,44d6559f846bc32bcbcda4063cc6f2c44eec95810302df1a90600faebe5f2ff1
54589,data/raw/teacher/test/images_test/54589.jpg,60.0,80.0,0.75,RGB,JPEG,19148,96613225224d548519c4656a61f49bd0070f1bf02bcd4bca3a9bfc5f23dd9dea
54590,data/raw/teacher/test/images_test/54590.jpg,60.0,80.0,0.75,RGB,JPEG,24859,6b95936af4c3fa9de3be2524765577f6bf4afc4e4dae8b41f65a3e5ed99583ad
54595,data/raw/teacher/test/images_test/54595.jpg,60.0,80.0,0.75,RGB,JPEG,27244,2795a87a6aa29ac3c65b5ee7a3b2cd930724d3c8ebf0fd93c74ce12257b005fd
54596,data/raw/teacher/test/images_test/54596.jpg,60.0,80.0,0.75,RGB,JPEG,20309,34e247654903a5577b97ee7a46e1d37bb37abdfaf32680456aa204bb8af69799
54597,data/raw/teacher/test/images_test/54597.jpg,60.0,80.0,0.75,RGB,JPEG,20890,6713e8e3f44cf0498e8258b32085c64bce6310f37283e9ab9886b831a4816120
54598,data/raw/teacher/test/images_test/54598.jpg,60.0,80.0,0.75,RGB,JPEG,28265,c53136b3eaa7e1263028f706dad6d8e4db536c05168e1b5248b4e71e75f4a85a
54599,data/raw/teacher/test/images_test/54599.jpg,60.0,80.0,0.75,RGB,JPEG,18412,b1ef34a1728556b178225c0087e56e0663c28b7ae51aef6a17d4f2272920dd79
54600,data/raw/teacher/test/images_test/54600.jpg,60.0,80.0,0.75,RGB,JPEG,18459,ab82bc76f59ec068592190186b8762651afe01943c26cca6b10ddfac95bc28cd
54601,data/raw/teacher/test/images_test/54601.jpg,60.0,80.0,0.75,L,JPEG,11215,dfc1ecb62e590e167536eb461cbabafec1f97884805649cf499aa39c9a9425ba
54602,data/raw/teacher/test/images_test/54602.jpg,60.0,80.0,0.75,RGB,JPEG,18314,dce5414101c036d15324101b71bb90833ae30949a4050d92f8642baa6f7cdd01
54603,data/raw/teacher/test/images_test/54603.jpg,60.0,80.0,0.75,RGB,JPEG,17605,9abb6a4e5104d62944244f7672e9129adeaeb2fb70a562ee8965c6ac9716771b
54604,data/raw/teacher/test/images_test/54604.jpg,60.0,80.0,0.75,RGB,JPEG,18846,348d5ace0c5f9f5b29a9deae63a780f1b085d80a887bcd5164bf54a79839fa4a
54605,data/raw/teacher/test/images_test/54605.jpg,60.0,80.0,0.75,RGB,JPEG,18170,d7ecdec13a28342e41ace940bb518edb6da1e7f2f43bc70f006db5dff45d60e1
54606,data/raw/teacher/test/images_test/54606.jpg,60.0,80.0,0.75,RGB,JPEG,18509,e624b2d853e7aa81b270941154aabc3966a5d353d8581de6c73d254363f781e3
54607,data/raw/teacher/test/images_test/54607.jpg,60.0,80.0,0.75,RGB,JPEG,17306,e5d59230f58da1d59425f4f87eee84957fa54b8440a8b00eb54237405425014e
54608,data/raw/teacher/test/images_test/54608.jpg,60.0,80.0,0.75,RGB,JPEG,34125,9ff29ed6cdcbcea174cd3734b191d2ba0377cd5e8183216dde08041a4103d8cd
54609,data/raw/teacher/test/images_test/54609.jpg,60.0,80.0,0.75,RGB,JPEG,17574,49d4c94b47bf09d0d47d104ecf1df9659fd41d257bec04d16f9457bb25bc0b57
54610,data/raw/teacher/test/images_test/54610.jpg,60.0,80.0,0.75,RGB,JPEG,18220,0ace74f3e413270b5baac0de10c89b4f664b3ee0abcc18662907d30703e052ac
54611,data/raw/teacher/test/images_test/54611.jpg,60.0,80.0,0.75,RGB,JPEG,11822,39c47722619de91aa1f62eb3e21dd9580521cbe837d456183f6bd1cc9ca42e3e
54612,data/raw/teacher/test/images_test/54612.jpg,60.0,80.0,0.75,RGB,JPEG,16549,a34e5a6a109f6d0d7372fb086008004b5082b7002767ee4377776b92f7610c95
54613,data/raw/teacher/test/images_test/54613.jpg,60.0,80.0,0.75,RGB,JPEG,5852,a52b3e142ee18563ee0d2143aeeebd5aef17172189b191c310f5cdc1339e498a
54614,data/raw/teacher/test/images_test/54614.jpg,60.0,80.0,0.75,RGB,JPEG,5802,13e565a60a6867b9bd830d2ba3cb3b5fdb651a355664a562595a24f7fe381296
54615,data/raw/teacher/test/images_test/54615.jpg,60.0,80.0,0.75,RGB,JPEG,19732,6fb281e2a8c8c31ddc43c02c9a9f1617a9d8db04c0ce5e75e436fe5b6af4ed8c
54616,data/raw/teacher/test/images_test/54616.jpg,60.0,80.0,0.75,RGB,JPEG,19453,1c864c3643e0680c0ad56f412a089e81ae10f37623f2fe2c7a4b67c23bb9d3b0
54617,data/raw/teacher/test/images_test/54617.jpg,60.0,80.0,0.75,RGB,JPEG,5929,365b29337181e94c35dd9fa9142c14ac6470b7a54b47565a08626f5e8f0a43e0
54618,data/raw/teacher/test/images_test/54618.jpg,60.0,80.0,0.75,RGB,JPEG,18633,44b7f91bd0206f50ef1eb4f0337f794de06275ef7883ca937c48307da1e06daa
54619,data/raw/teacher/test/images_test/54619.jpg,60.0,80.0,0.75,RGB,JPEG,1403,6c51d7115bdb9d898fdad2078c8b1052cab58a8171a70468f6e5db07b410c256
54620,data/raw/teacher/test/images_test/54620.jpg,60.0,80.0,0.75,RGB,JPEG,1748,7dcc2c73b8d4a0c363e179bf23571bbfe6547dd794deb38f61d8064672a76ad1
54621,data/raw/teacher/test/images_test/54621.jpg,60.0,80.0,0.75,RGB,JPEG,1490,4974c78e208832e4c27e129b51f465f269a5e148bae3dc728b5f5c121736de09
54622,data/raw/teacher/test/images_test/54622.jpg,60.0,80.0,0.75,RGB,JPEG,1525,8f8a492896591e9ec8e58f609ae43ac7a4c6ede8901e45174b1f7cf73263b370
54623,data/raw/teacher/test/images_test/54623.jpg,60.0,80.0,0.75,RGB,JPEG,1380,bbd814928ca231fa76b12b1c06d1d7a697cde34f0d02edcaa308d20d2decf64a
54625,data/raw/teacher/test/images_test/54625.jpg,60.0,80.0,0.75,RGB,JPEG,1326,9c01854dd8e2142002920a83b2d5ac5aa72c9e281359af38d92468c4e670dfd4
54626,data/raw/teacher/test/images_test/54626.jpg,60.0,80.0,0.75,RGB,JPEG,1466,d59aaa536c530cdd5e6db3fd942f8f90daec431dd1684d8977a241dcbb599bdc
54627,data/raw/teacher/test/images_test/54627.jpg,60.0,80.0,0.75,RGB,JPEG,1262,ecdf4c99caf01b250b1185ae17a10bdd879bd74263512d5bf2ba6a13cad92557
54628,data/raw/teacher/test/images_test/54628.jpg,60.0,80.0,0.75,RGB,JPEG,1417,29157a0149921c014a1a89d1537488d5d136894cd3313a69e96d2d2da4af15f7
54629,data/raw/teacher/test/images_test/54629.jpg,60.0,80.0,0.75,L,JPEG,1278,289e66df21fa53c9c9628ff8620583f01e4411fb5c5da7889df4e0af062173b2
54630,data/raw/teacher/test/images_test/54630.jpg,60.0,80.0,0.75,RGB,JPEG,1445,57b517ac20b3155d8a4d9fe7fcbb4c928059fb63d9eee57889936eeabe25c67e
54631,data/raw/teacher/test/images_test/54631.jpg,60.0,80.0,0.75,RGB,JPEG,1452,d72ed290900d33333d7f884535b2bf6dc25a2f76b61a16f7c7ccb488732809f9
54632,data/raw/teacher/test/images_test/54632.jpg,60.0,80.0,0.75,RGB,JPEG,1440,21661c86ae2704522f4b9f84f326830a8d18a1cb07c65b511f340bb634dfc94d
54633,data/raw/teacher/test/images_test/54633.jpg,60.0,80.0,0.75,RGB,JPEG,1383,4553df834da5b770c5a649d906040caa4090c217455825ecf80f4d7123ecf672
54634,data/raw/teacher/test/images_test/54634.jpg,60.0,80.0,0.75,RGB,JPEG,1515,c110b37e4d50ba487de9ab98b248113cf2e8c1edfb22cea0e728731100e73ae9
54635,data/raw/teacher/test/images_test/54635.jpg,60.0,80.0,0.75,RGB,JPEG,1529,6eb98b7987e5cd245a6655c3852f70157da0282624c8cf30bbdc5d0acf5fc5ac
54636,data/raw/teacher/test/images_test/54636.jpg,60.0,80.0,0.75,RGB,JPEG,26386,4103e1bc310f4219c6cf574134922ab643e12ee1964381781a65d3fb334a66e4
54637,data/raw/teacher/test/images_test/54637.jpg,60.0,80.0,0.75,RGB,JPEG,1358,058715bc3192d8d9f82559b69c44f17e2c7bb551d55088c69c286285dbe6a1d7
54638,data/raw/teacher/test/images_test/54638.jpg,60.0,80.0,0.75,RGB,JPEG,18309,f7d56b9a5e41be2444d06558fde7e899ae330f74776033bb602428d3b5f9ba47
54639,data/raw/teacher/test/images_test/54639.jpg,60.0,80.0,0.75,RGB,JPEG,1336,73c11adcbb1fe0169dffe62f75d299af20a839601372c48dcf7d7db91551e599
54640,data/raw/teacher/test/images_test/54640.jpg,60.0,80.0,0.75,RGB,JPEG,22629,31bee5dea5ec62596f6c281c8fa5f16753b28d0f125b5bdacc040cb14345cd94
54641,data/raw/teacher/test/images_test/54641.jpg,60.0,80.0,0.75,RGB,JPEG,1771,41431a8a6bd4eac779f27cb68c3b2c2831c85cb94ba236b2e8b98b3c1a486cd7
54642,data/raw/teacher/test/images_test/54642.jpg,60.0,80.0,0.75,L,JPEG,47062,cc3fa20d9b8d24ea8542642b5160cbe567d16d7b7f8b4a733dcb61ad1e10faee
54643,data/raw/teacher/test/images_test/54643.jpg,60.0,80.0,0.75,RGB,JPEG,16434,45c91767020ea1c06ce830c1747b80368eda19c7bc1dfbff10e362f4d4df3ef1
54644,data/raw/teacher/test/images_test/54644.jpg,60.0,80.0,0.75,RGB,JPEG,1423,e22beab0f9e544abaf0a46a47597441e18566bbdf94aef123f7e8348331df9bb
54645,data/raw/teacher/test/images_test/54645.jpg,60.0,80.0,0.75,RGB,JPEG,1189,18b1f229698c63ba367e8136052581c64afc56ad26cf5f788acbd2adf35f0847
54646,data/raw/teacher/test/images_test/54646.jpg,60.0,80.0,0.75,RGB,JPEG,1050,d0960abbba95cb2af915d0f2ed71d1ecb8ba57c1379d6338cdb830af9ac23f31
54647,data/raw/teacher/test/images_test/54647.jpg,60.0,80.0,0.75,RGB,JPEG,1132,2ae35dde376fe33bba48991ba4e4dbc611ec5d794c3fb86d69b04b0887035d9f
54648,data/raw/teacher/test/images_test/54648.jpg,60.0,80.0,0.75,RGB,JPEG,19496,d2062135c0c47e37b202924d4ae7cb525ddc4420634ef4e29c47b4ed93e8ce1e
54649,data/raw/teacher/test/images_test/54649.jpg,60.0,80.0,0.75,RGB,JPEG,19740,968e41e155f42b4f19c0c4569a3571337348fe956caba5ced70f7d4f43372b45
54650,data/raw/teacher/test/images_test/54650.jpg,60.0,80.0,0.75,RGB,JPEG,20952,5c5bac46f0137169b9eed84c58eb2130009e5ba1ec1b033c123f25bfbf81b4e1
54651,data/raw/teacher/test/images_test/54651.jpg,60.0,80.0,0.75,RGB,JPEG,17090,753bbf454fd16e624c5f78967640a3045900893d20166e511f544a6fa4f97102
54652,data/raw/teacher/test/images_test/54652.jpg,60.0,80.0,0.75,RGB,JPEG,14593,003c74ff315bab69e4672f856d4fdd98b97a436b0390e18c713ea6d3e85d4f3a
54653,data/raw/teacher/test/images_test/54653.jpg,60.0,80.0,0.75,RGB,JPEG,20667,60805a64d41cf71ec7628daabd467673b29c832ef3c58e14835a1aeb6091ca90
54654,data/raw/teacher/test/images_test/54654.jpg,60.0,80.0,0.75,RGB,JPEG,21411,c6288f10c518e76a64c20cdb0c3c06940feeb591b9bdfd9c460e5fbe5461d6fb
54655,data/raw/teacher/test/images_test/54655.jpg,60.0,80.0,0.75,RGB,JPEG,17112,7d887ed72cd79993530d82a5c2abcaa10aa8adf64d818c7d2c087886e7eede52
54656,data/raw/teacher/test/images_test/54656.jpg,60.0,80.0,0.75,RGB,JPEG,19652,11a5a297a71d1fc7b1c17a6e885c35edb03ad7c21c6e46bb64dcd8b5ed5763f6
54657,data/raw/teacher/test/images_test/54657.jpg,60.0,80.0,0.75,RGB,JPEG,15605,1be18a97006357a8bafeb5bf65c18d84f79d095a66a34014e75d0da752b21a49
54658,data/raw/teacher/test/images_test/54658.jpg,60.0,80.0,0.75,RGB,JPEG,21824,c7612b627951c47cde48878c6520b6e464ec2026c00bda21598ef504b1f6cd9b
54659,data/raw/teacher/test/images_test/54659.jpg,60.0,80.0,0.75,RGB,JPEG,21763,adb4c6e17e62ba9d0f0bfd859767822f122e0c3cdc5f081cdd542f9633e9204f
54660,data/raw/teacher/test/images_test/54660.jpg,60.0,80.0,0.75,RGB,JPEG,21440,f4eecfba9e814418d5f6dd5ede6ff2a6739566a1ed3765e8fb9fcf26a3193864
54661,data/raw/teacher/test/images_test/54661.jpg,60.0,80.0,0.75,RGB,JPEG,16101,5dbc47e0a522df59d989a54229f5a9189eb322d4489407bb3fc5558a726e4128
54662,data/raw/teacher/test/images_test/54662.jpg,60.0,80.0,0.75,RGB,JPEG,1168,d7a5962953a23318de61ace303ee288894bf68302331b39a39af76da7be5fa7a
54663,data/raw/teacher/test/images_test/54663.jpg,60.0,80.0,0.75,RGB,JPEG,981,eae502e7873483138ac88c56fdedea83ac1ed8b6e9a0c3a516bae8243d00016b
54664,data/raw/teacher/test/images_test/54664.jpg,60.0,80.0,0.75,RGB,JPEG,19408,9b5c1717436ce5c10596d4489dadb58fb1d77247cc9c65adedbefe34c366c7b8
54665,data/raw/teacher/test/images_test/54665.jpg,60.0,80.0,0.75,RGB,JPEG,1441,ec7bab991e9fe395f90c87c7b43b43eaca228e5732fc374791d3d463221b39b4
54666,data/raw/teacher/test/images_test/54666.jpg,60.0,80.0,0.75,RGB,JPEG,1150,d2132252861223c7b669fd467d89a4972b41c0522fb6d7048cbebc1adb2a628c
54667,data/raw/teacher/test/images_test/54667.jpg,60.0,80.0,0.75,RGB,JPEG,17016,8856562718d575e4b3b2dec98803bf7456cbed402f0baf08520fc274a335da0a
54668,data/raw/teacher/test/images_test/54668.jpg,60.0,80.0,0.75,RGB,JPEG,1253,b6ab57ee506e4b035924afdc3e4bfe40acb71eddcd9c3d9a7d12dd5e1010f90d
54669,data/raw/teacher/test/images_test/54669.jpg,60.0,80.0,0.75,RGB,JPEG,20852,3ded5505ab64275c92aa38a36bb409bfe693330af7b0c2c638f3f014527ec7f8
54670,data/raw/teacher/test/images_test/54670.jpg,60.0,80.0,0.75,RGB,JPEG,1261,98f06ebc279c0fb1c9efc52f0e29f431b1dc22889d1f028ac855bf171154bb70
54671,data/raw/teacher/test/images_test/54671.jpg,60.0,80.0,0.75,RGB,JPEG,1316,33577e537d8701c4f37c77cd9a5f7f8d519196becc64cf47fc3ec27662caaa18
54672,data/raw/teacher/test/images_test/54672.jpg,60.0,80.0,0.75,RGB,JPEG,1229,6e93fd230f840fc7a6e9eea9cc336f837541f5e6a952cfcc623c93ad55500d34
54674,data/raw/teacher/test/images_test/54674.jpg,60.0,80.0,0.75,RGB,JPEG,15377,9b60bd7a82fe4b7882aeaf3f9cae9bf76fd0cb07ca9e1f3b650b5019f8f79996
54675,data/raw/teacher/test/images_test/54675.jpg,60.0,80.0,0.75,RGB,JPEG,21980,eda9f4b4b57c653553aabbc25c5310f7dabae2e0f56b76a9b0b9e247f02f9ae3
54676,data/raw/teacher/test/images_test/54676.jpg,60.0,80.0,0.75,RGB,JPEG,22247,443224ffb8527510cdc8ad7d11920d49797ed073f6a7f327d386ae076e269957
54677,data/raw/teacher/test/images_test/54677.jpg,60.0,80.0,0.75,RGB,JPEG,21561,3529143d35224f942bc808dc61c292e6755f715778192b9f82b5eceed7abd66d
54678,data/raw/teacher/test/images_test/54678.jpg,60.0,80.0,0.75,RGB,JPEG,17350,23d9137e0e250e44d75ce8a8d35bd6e994091ebb0aa82ee5437afb5dfbba0117
54679,data/raw/teacher/test/images_test/54679.jpg,60.0,80.0,0.75,RGB,JPEG,38685,e92a213b06cfdf059076806af3f0baeb34e1acef079ac8899e514ebb85159ed9
54680,data/raw/teacher/test/images_test/54680.jpg,60.0,80.0,0.75,RGB,JPEG,22106,0486a3fc3d1f82c029b08df618b50e2ebdd1f300234eee08530b7d6faf260aa7
54681,data/raw/teacher/test/images_test/54681.jpg,60.0,80.0,0.75,RGB,JPEG,3704,db4c27549573d30a43c034bd6bcb99039c43e7aeb217507dc2b69011f9ade38b
54682,data/raw/teacher/test/images_test/54682.jpg,60.0,80.0,0.75,RGB,JPEG,25625,9b86e169803fea36189abd9100a65f9c49d2e4a11d77beee7ae596151672b2a6
54683,data/raw/teacher/test/images_test/54683.jpg,60.0,80.0,0.75,RGB,JPEG,3729,7f1f4b2332403bf1d81aed484c936040b9947ffa542489fd19e7b337807d2482
54684,data/raw/teacher/test/images_test/54684.jpg,60.0,80.0,0.75,RGB,JPEG,3722,ca35bdd3decbe01f0b8bfc8cac38c3801f73b2f2b9a5589efcef857cd01cbc49
54685,data/raw/teacher/test/images_test/54685.jpg,60.0,80.0,0.75,RGB,JPEG,3853,722c8c81db0fc1020b0e51ad73f2d4ffe2aebba93e6f2d4d64648441520bf96e
54686,data/raw/teacher/test/images_test/54686.jpg,60.0,80.0,0.75,RGB,JPEG,15643,19e10ffed32406a5653a035c03964a3052d690135eea7d5e2b2b3a76a6952c06
54687,data/raw/teacher/test/images_test/54687.jpg,60.0,80.0,0.75,RGB,JPEG,4508,ff380a2d38c4ae685fad721d991bf8dbbbfe39ba630d90a23291d9e9fa11f5a0
54688,data/raw/teacher/test/images_test/54688.jpg,60.0,80.0,0.75,RGB,JPEG,4088,87bf750f111654ed6c455c5cf6665be49f5399819e157d7bb48cf44402e564af
54689,data/raw/teacher/test/images_test/54689.jpg,60.0,80.0,0.75,RGB,JPEG,3367,d06d7a4dbe2092fa66e1d4aaea07955f352ce8ad87c62860c431bf95b3498344
54690,data/raw/teacher/test/images_test/54690.jpg,60.0,80.0,0.75,RGB,JPEG,3508,b20ee96027a14a72c8c50de0dae3e59a3c362508400ba9d3d5dd553b7da1f04a
54691,data/raw/teacher/test/images_test/54691.jpg,60.0,80.0,0.75,RGB,JPEG,2818,57a0860782ad118666b53f3ef3aa8ebe2d938c6fcc3d1abd01573cc2b1632b0e
54692,data/raw/teacher/test/images_test/54692.jpg,60.0,80.0,0.75,RGB,JPEG,25763,25f38d4475a5cd4171b5a477730c42dfd191eac3c7ee6f736d6f0571e9f8f3d9
54693,data/raw/teacher/test/images_test/54693.jpg,60.0,80.0,0.75,RGB,JPEG,2805,9697673dbe022761079911e4cca192e23b7b67b8cc8508f0c009d1e509ed3e39
54694,data/raw/teacher/test/images_test/54694.jpg,60.0,80.0,0.75,RGB,JPEG,3617,32cb91c1036ed84fe4ff276e5aa73fb9f9604b26c7b2785ad450595ff863485e
54695,data/raw/teacher/test/images_test/54695.jpg,60.0,80.0,0.75,RGB,JPEG,3050,5f0a8b2f337fa55ac258a1ffe369f46a344ca04434fb9b0db8ef66b00713f547
54696,data/raw/teacher/test/images_test/54696.jpg,60.0,80.0,0.75,RGB,JPEG,2483,16e64fffac9f307c74829d59bc62a4beebc5b8d91b93fa44659566ae617aeffb
54697,data/raw/teacher/test/images_test/54697.jpg,60.0,80.0,0.75,RGB,JPEG,2098,9bc79f2f00eaba658e54b45b8da7fab74e07cfcf1c5a5f59bfaed71e186402f7
54698,data/raw/teacher/test/images_test/54698.jpg,60.0,80.0,0.75,RGB,JPEG,3053,df0993539b7c81fc7a55a412a84d0db645d22165afac5d010f91e57668e82841
54699,data/raw/teacher/test/images_test/54699.jpg,60.0,80.0,0.75,RGB,JPEG,3179,c4387d80a4f4606447ee64face7b028c28cceb20161e8a0663a4eff2e35e920d
54700,data/raw/teacher/test/images_test/54700.jpg,60.0,80.0,0.75,RGB,JPEG,18483,f70b376d72bd170815bc2ba31d94387135b5ff47715f6d7e8962faa8d8fdcacd
54702,data/raw/teacher/test/images_test/54702.jpg,60.0,80.0,0.75,RGB,JPEG,3024,349661f21b24d9976d41a5cd5e69822aa8389808fda1af5ae96bcf3d05336f32
54703,data/raw/teacher/test/images_test/54703.jpg,60.0,80.0,0.75,RGB,JPEG,3794,cb936170625b8768d2cf6cc2293972dc0e4463c3a6c5553fd6f7110b47e72e66
54704,data/raw/teacher/test/images_test/54704.jpg,60.0,80.0,0.75,RGB,JPEG,3718,8c3a7f6e5c2e5668de6c20b219267d1ad2cb04254a9b6c33ad09d430bb9b8935
54705,data/raw/teacher/test/images_test/54705.jpg,60.0,80.0,0.75,RGB,JPEG,4078,fd5c293aca7c368b18c4fd0db6b51a875098479b5f18098bf3f3bf18577a0fd7
54706,data/raw/teacher/test/images_test/54706.jpg,60.0,80.0,0.75,RGB,JPEG,3649,a000e0e748206b0cc32d96d00f1f2176de4e0d7e6483af23e7c8d2213b3f06b3
54708,data/raw/teacher/test/images_test/54708.jpg,60.0,80.0,0.75,RGB,JPEG,3130,5003d2bf026a9389d50d0dda0ce924e09fcd2262be6100fe4accd15638c3e724
54710,data/raw/teacher/test/images_test/54710.jpg,60.0,80.0,0.75,RGB,JPEG,3265,6b5630d3e9df5c853c4c2212b98c7104eb951011c2132f60a0bcfece3c9ca787
54711,data/raw/teacher/test/images_test/54711.jpg,60.0,80.0,0.75,RGB,JPEG,26000,2813ab486c8f53b3eb5ee1de0fab2db82cbd79d0a475cf5bbbd48b24ff8f422c
54712,data/raw/teacher/test/images_test/54712.jpg,60.0,80.0,0.75,RGB,JPEG,3303,9cb368599199fc295544c30fb88bd0dfe3918268c2f527c00ddc576114dc83c4
54713,data/raw/teacher/test/images_test/54713.jpg,60.0,80.0,0.75,RGB,JPEG,3436,fdac3adfd24cd93c37e6f24927c45114a1d0bb9d50da67ec3c6d556120cfc9d8
54714,data/raw/teacher/test/images_test/54714.jpg,60.0,80.0,0.75,RGB,JPEG,22152,48750acf55e90fd254b89e496cdd2d7a95dd02876b62c7dc761e7979b6ba0325
54715,data/raw/teacher/test/images_test/54715.jpg,60.0,80.0,0.75,RGB,JPEG,4234,b11bd6f63c790925d054e2a43fba261c1e9312512f4ffa09a3d0a7348172dcd5
54716,data/raw/teacher/test/images_test/54716.jpg,60.0,80.0,0.75,RGB,JPEG,25329,72c402ed5b1258140dcd15ce7dfdea0fa4ef08ffe2c2b10f859ac3b1b74cbd0f
54717,data/raw/teacher/test/images_test/54717.jpg,60.0,80.0,0.75,RGB,JPEG,25029,5078f2cad4f8fcd643ce8c1782cc6f768bacc5515abb56fb4077dbab88329465
54718,data/raw/teacher/test/images_test/54718.jpg,60.0,80.0,0.75,RGB,JPEG,3001,850621dc3d1161f919ad99e8c37362f0f6b93c4796189fca3ff69ad318701099
54719,data/raw/teacher/test/images_test/54719.jpg,60.0,80.0,0.75,RGB,JPEG,3634,b1af9a783a7cc68d58c19880e76c0f21ef4ef081791cd9b6b7b327d9c3c021dc
54720,data/raw/teacher/test/images_test/54720.jpg,60.0,80.0,0.75,RGB,JPEG,3586,c27291c253ca91da9488abc15682ab190bfed92254d1f3b211b9d13a6b6936ce
54721,data/raw/teacher/test/images_test/54721.jpg,60.0,80.0,0.75,RGB,JPEG,3682,22da658b5cbfdab2ca654e0155a895f5fba2578fdcb0e044d88fa40970dcce60
54722,data/raw/teacher/test/images_test/54722.jpg,60.0,80.0,0.75,RGB,JPEG,16531,be227d4f686c2effd28836c0e0dae6ff32833fce1eb0a326c7560a3d55ce39b4
54723,data/raw/teacher/test/images_test/54723.jpg,60.0,80.0,0.75,RGB,JPEG,3489,5985ace972b92dab3eb36adeb1945ed06100a79a788fe5a58a047195ee29f3d6
54724,data/raw/teacher/test/images_test/54724.jpg,60.0,80.0,0.75,RGB,JPEG,3728,c660c4712f83f1fb048cbd2e7ea87f64f512a3aa0a09a1d10b338255906937d6
54725,data/raw/teacher/test/images_test/54725.jpg,60.0,80.0,0.75,RGB,JPEG,26286,d7d5420e4c786bf3e81c20c3648a52acf838dc78d12316beb06d48194bff519b
54726,data/raw/teacher/test/images_test/54726.jpg,60.0,80.0,0.75,RGB,JPEG,3322,b2f59517a53f9639e69f4c46f6cfc2f8b1d1bf14632661079c92c76cc0f45595
54727,data/raw/teacher/test/images_test/54727.jpg,60.0,80.0,0.75,RGB,JPEG,4021,5da55759bb9f907cdfb56fa6fa2a1403cb39421368f868325b4ed20d51631983
54728,data/raw/teacher/test/images_test/54728.jpg,60.0,80.0,0.75,RGB,JPEG,19015,cbfa3f32cfc3af80869b792c43edaf442c5f71998dc1a812c00a8d01fc7297bc
54729,data/raw/teacher/test/images_test/54729.jpg,60.0,80.0,0.75,L,JPEG,13356,ae3716fea60b618257285f5821b1adbfa34e3a1576b1637d6ebcb134e35ce1af
54730,data/raw/teacher/test/images_test/54730.jpg,60.0,80.0,0.75,RGB,JPEG,13621,1bb723289498d932924d2535d8a7dad4542965a5784de021f71506af39cb3f1b
54731,data/raw/teacher/test/images_test/54731.jpg,60.0,80.0,0.75,RGB,JPEG,18617,3d88c1b65527c53055a582f19c05dc13067112df0909903ce76c8ee1a92db879
54732,data/raw/teacher/test/images_test/54732.jpg,60.0,80.0,0.75,L,JPEG,28517,4aca89e23935f213b1ab6d8ecbd802d7a9e7f9e577202dcff4c126191eb44f8c
54733,data/raw/teacher/test/images_test/54733.jpg,60.0,80.0,0.75,RGB,JPEG,14277,1f2a9f79254e2e81b06559f4677fda7a53b1a87d4500753bb271a8599c0325a5
54734,data/raw/teacher/test/images_test/54734.jpg,60.0,80.0,0.75,RGB,JPEG,13409,4b9d6a21e3bfe3376f27f29306894be2ceefb010625716a741d0851b906b6d91
54735,data/raw/teacher/test/images_test/54735.jpg,60.0,80.0,0.75,RGB,JPEG,12885,0e88bd2a71c05f41da8f053d9c85b7116e326787e2f17bbc454c114f9cf87604
54736,data/raw/teacher/test/images_test/54736.jpg,60.0,80.0,0.75,RGB,JPEG,19986,75ab49d3213057bfddd42ca8dbaa17d111937c28824f80d80ac664ec0292ea53
54737,data/raw/teacher/test/images_test/54737.jpg,60.0,80.0,0.75,RGB,JPEG,20242,c66a4a64cbea5b58b62f5222cba5f5e4780fa1bf033f6f187214b578c6aed232
54738,data/raw/teacher/test/images_test/54738.jpg,60.0,80.0,0.75,RGB,JPEG,20519,6396b32bfa0bbb2fd04ecb9ec1699d0687126360f8493daecaabbeade9f0872f
54739,data/raw/teacher/test/images_test/54739.jpg,60.0,80.0,0.75,RGB,JPEG,18312,308b08d1024c44b700ec2b5c61e35427a7cf8f509e938de68a46fc1eee875b16
54740,data/raw/teacher/test/images_test/54740.jpg,60.0,80.0,0.75,RGB,JPEG,13968,2272ad1075126af4f3fa406b062a427454eb69e5b52aec71ea57f03fd9108647
54741,data/raw/teacher/test/images_test/54741.jpg,60.0,80.0,0.75,RGB,JPEG,2985,104bb14fe69f05496031881129551c3a08ba4af4029f250a1d63b86bc07e1a63
54742,data/raw/teacher/test/images_test/54742.jpg,60.0,80.0,0.75,RGB,JPEG,14351,375b8e9fb631f3254144f611b46a35d19a9a244e3e7760c6e108a996739c6eda
54744,data/raw/teacher/test/images_test/54744.jpg,60.0,80.0,0.75,RGB,JPEG,22144,5001a1d5f39e8954f1bde3be5b2ae7b14bddecaac9e696855b5a945182110bea
54767,data/raw/teacher/test/images_test/54767.jpg,60.0,80.0,0.75,RGB,JPEG,23265,5fdb490e07bcea27166b06fdd733a2b519536e7166994e1014aa7377d9384eb4
54792,data/raw/teacher/test/images_test/54792.jpg,60.0,80.0,0.75,RGB,JPEG,23439,f775c48531282b8bd59d780fa753324c2732db40fe163cc99a0edbf94ca1c43e
54794,data/raw/teacher/test/images_test/54794.jpg,60.0,80.0,0.75,RGB,JPEG,23427,b8996e82b504f3fb6b91abd87e3ce5f427cf8d605d40c632396a01ddb14052a6
54796,data/raw/teacher/test/images_test/54796.jpg,60.0,80.0,0.75,RGB,JPEG,16997,e29a042d5ce77ffb12475852e0c135b16630d054b009a7a9d6098f14993e692d
54800,data/raw/teacher/test/images_test/54800.jpg,60.0,80.0,0.75,RGB,JPEG,22548,257ab57080ec9f73b00101426715e1f47554c6e0ce351f15c314e2634ab5b755
54804,data/raw/teacher/test/images_test/54804.jpg,60.0,80.0,0.75,RGB,JPEG,15113,b10cba7d23c0db23bb9a217e8f4cf653dee916c83a584a0260397e62d435ea27
54805,data/raw/teacher/test/images_test/54805.jpg,60.0,80.0,0.75,RGB,JPEG,17146,570ad39c5b14c16f4085e994a504faf5b91dd83b164961b3e33234dd8e6449db
54807,data/raw/teacher/test/images_test/54807.jpg,60.0,80.0,0.75,RGB,JPEG,22463,e2e212f964517d99834a68ecf19e879a0ee8fd03dfae80bf08e0e4db073520dc
54808,data/raw/teacher/test/images_test/54808.jpg,60.0,80.0,0.75,RGB,JPEG,20467,91ca68f7ec59e3d4a265fb554d7f69e2a2c9c75edab481128f046f602d8f0f9e
54812,data/raw/teacher/test/images_test/54812.jpg,60.0,80.0,0.75,RGB,JPEG,16934,9d4f9b1a5d27050b43b558dcddf62af741fc260ffa08c069b3f269751f71968f
54813,data/raw/teacher/test/images_test/54813.jpg,60.0,80.0,0.75,RGB,JPEG,24876,b9c47868867d0ad2f057e6661973ec94695c3eb883d19f97a97a37f766fa7fdd
54819,data/raw/teacher/test/images_test/54819.jpg,60.0,80.0,0.75,RGB,JPEG,51002,032c4b56cc86e09db4938a020c1209a7b53e4b1f967c33a4aa32f517ddb73a32
54823,data/raw/teacher/test/images_test/54823.jpg,60.0,80.0,0.75,RGB,JPEG,16093,ea203044ef4b1efc199ea5524c6daeb0852c13d4d75e4d3b57d65dbe28d67814
54827,data/raw/teacher/test/images_test/54827.jpg,60.0,80.0,0.75,RGB,JPEG,20624,89cce536bdf0639940a118b2ea487cf885992a42ae11a2768ca6f5c6f46f86df
54828,data/raw/teacher/test/images_test/54828.jpg,60.0,80.0,0.75,RGB,JPEG,14006,a98024966a4ce60cd979de19915159697318eec2f885569d4867a92e904688de
54829,data/raw/teacher/test/images_test/54829.jpg,60.0,80.0,0.75,RGB,JPEG,14052,dddd60e62a0eb153c46131060107ed8a9319380ac0f0eac8033b7ea7477ff9e9
54831,data/raw/teacher/test/images_test/54831.jpg,60.0,80.0,0.75,RGB,JPEG,15622,be05fe03ed18028495a6e3daf88c061f7a706fe456779ae179a0976241562361
54834,data/raw/teacher/test/images_test/54834.jpg,60.0,80.0,0.75,RGB,JPEG,20851,516698581f1965b908894b42bb855427fcc61934d297b5f8f16228bfec8793d0
54836,data/raw/teacher/test/images_test/54836.jpg,60.0,80.0,0.75,RGB,JPEG,22367,eb180eb8507c060fab0a317b96415ea5907e99f4fcdf073fccdd7fdaaf0fe708
54838,data/raw/teacher/test/images_test/54838.jpg,60.0,80.0,0.75,RGB,JPEG,15479,6f42d49ed53e4847fefeb9750d2d4b99f9fe5b21bba35caec139cc1736e99261
54842,data/raw/teacher/test/images_test/54842.jpg,60.0,80.0,0.75,RGB,JPEG,974,feaa7bcd20eba87ca8a075616faf10253569d8b38485996a4c49028bc824d2be
54849,data/raw/teacher/test/images_test/54849.jpg,60.0,80.0,0.75,RGB,JPEG,17147,39322f4e0692f3cd266ad43822ddc8cf469308cc9d9ff4ab65d2bd35c4508eca
54850,data/raw/teacher/test/images_test/54850.jpg,60.0,80.0,0.75,RGB,JPEG,14273,b1f602c895e336027388ad5b8da9f3c450b9e746120bde7892cfaf5feb77ec46
54851,data/raw/teacher/test/images_test/54851.jpg,60.0,80.0,0.75,RGB,JPEG,15601,1a512a1448e5f12a9957cf7a187fdf1a08340300098990b21b045f12963980f7
54852,data/raw/teacher/test/images_test/54852.jpg,60.0,80.0,0.75,RGB,JPEG,15634,48f9e91eb02dcf0099e3582e1b9d8fb3fba5be39ed4d405894d9576ec5446f1f
54853,data/raw/teacher/test/images_test/54853.jpg,60.0,80.0,0.75,RGB,JPEG,18351,ebc7bf1149a0cbec0aa53ff90aedb6826bdc1e7c092306b64ce54b5dcc6fb952
54854,data/raw/teacher/test/images_test/54854.jpg,60.0,80.0,0.75,RGB,JPEG,23363,e93e13f058e1b9d4baa0154c1bf6d28d62d4f6e1e32e7b2a2817439a0ae56b93
54856,data/raw/teacher/test/images_test/54856.jpg,60.0,80.0,0.75,RGB,JPEG,23023,b38c092eb9f8f2b0228d166be5323b7930f1e337d74a8eba16b3b0129d5b84cc
54857,data/raw/teacher/test/images_test/54857.jpg,60.0,80.0,0.75,RGB,JPEG,14218,4012f26fabb6951e62f412b7cd94b262bffd442f52311c05d0e8190db30404ee
54858,data/raw/teacher/test/images_test/54858.jpg,60.0,80.0,0.75,RGB,JPEG,23431,fd959408a0aadc73a0ff3f9ab63294dccf0e04be9ba3135cd41f31e647942d93
54859,data/raw/teacher/test/images_test/54859.jpg,60.0,80.0,0.75,RGB,JPEG,4307,9d66a0808221d2371162a157acd70c7026b52caa5d2b25c4927bf91b92d1ac22
54860,data/raw/teacher/test/images_test/54860.jpg,60.0,80.0,0.75,RGB,JPEG,16934,8a04a73dcae210c5e28f47de8d98ee52e84f6acfb9c73c048afb336b682cf101
54861,data/raw/teacher/test/images_test/54861.jpg,60.0,80.0,0.75,RGB,JPEG,23124,697d406133806dfd3b7221512b0a3e172849214b42366cefb7d1bb66916cbc82
54862,data/raw/teacher/test/images_test/54862.jpg,60.0,80.0,0.75,RGB,JPEG,15378,f417ee3ae9d5b43efb3e96d4c30e6fb2eb4aadcba5f6b7b88602a091399622d8
54863,data/raw/teacher/test/images_test/54863.jpg,60.0,80.0,0.75,RGB,JPEG,16364,682a0c115974a5853893a8cf60339971eab768ca6fae198e272100fd2e9eff4d
54864,data/raw/teacher/test/images_test/54864.jpg,60.0,80.0,0.75,RGB,JPEG,14898,6d8c02bdc1d2b49980e097a34af48efc0d3cd52495b29a12183193001420b35a
54865,data/raw/teacher/test/images_test/54865.jpg,60.0,80.0,0.75,RGB,JPEG,19661,3c37ef831d177acd2ab544d5db61beaada9c2915420eadade1387662f1635492
54866,data/raw/teacher/test/images_test/54866.jpg,60.0,80.0,0.75,RGB,JPEG,21687,56475fbd63e1652462ce7452b127a9e887fb7d711ddf8a2ea02a1df22ff1c44e
54867,data/raw/teacher/test/images_test/54867.jpg,60.0,80.0,0.75,RGB,JPEG,19904,9ae5fc66c83789789ac264e8452aa539d24b5215b1ea01a301db3240da681aa5
54868,data/raw/teacher/test/images_test/54868.jpg,60.0,80.0,0.75,RGB,JPEG,113932,9f9921580b9a568848cd734f281a82a96fd6526bb83a664846e6bca01a695699
54869,data/raw/teacher/test/images_test/54869.jpg,60.0,80.0,0.75,RGB,JPEG,22853,904037cbcc965c761860a8470b9d700158e6cac2ad5c3625f20a8abd96b3df2c
54870,data/raw/teacher/test/images_test/54870.jpg,60.0,80.0,0.75,RGB,JPEG,3643,248246bf9a3ec50003b81200596bf0028c29e2f9d6b3b73eb389ccd4f9b2cd82
54871,data/raw/teacher/test/images_test/54871.jpg,60.0,80.0,0.75,RGB,JPEG,23550,20c27d825d83c5fdccd165b940d8843b890be3ff0678c1b9ee5addec8378b9ec
54872,data/raw/teacher/test/images_test/54872.jpg,60.0,80.0,0.75,RGB,JPEG,22021,fe722b4826cc2ccd08e49c12bade842152bd727259064348556e218c379a517a
54873,data/raw/teacher/test/images_test/54873.jpg,60.0,80.0,0.75,RGB,JPEG,22145,4a195d419ef6683841cde99932c76324706de8354efc8f231198a8f7d6c49665
54874,data/raw/teacher/test/images_test/54874.jpg,60.0,80.0,0.75,RGB,JPEG,3782,25b75afc195a1923fef543670fe4d9d6ce11e77e59b2694691b65b87a99fa390
54875,data/raw/teacher/test/images_test/54875.jpg,60.0,80.0,0.75,RGB,JPEG,23290,50addf539844f82b88c8fb07fd1c020b3123e5996ef3a1cc70985b34bc2fdfa1
54876,data/raw/teacher/test/images_test/54876.jpg,60.0,80.0,0.75,RGB,JPEG,15646,dd341d8f022655d13064bbd94692a95ee4aeee099077fd6a2ed5e10132a94fb2
54877,data/raw/teacher/test/images_test/54877.jpg,60.0,80.0,0.75,RGB,JPEG,17130,121568cc9ee54725d171f355939eb77e5ea977707f6fa3674bda546c48745064
54878,data/raw/teacher/test/images_test/54878.jpg,60.0,80.0,0.75,RGB,JPEG,21311,630781f7b0bac2241ed13bac345bc7e2c40105fbfc178d9539741f953e563a4a
54879,data/raw/teacher/test/images_test/54879.jpg,60.0,80.0,0.75,RGB,JPEG,5173,009e272c90fc7f53a7a622c2855743421c928cf6d64d106e06617245105952a4
54880,data/raw/teacher/test/images_test/54880.jpg,60.0,80.0,0.75,RGB,JPEG,27746,f72e6f51fcc16d6ce8732a2d5e9a50bd0b75c9f86b5a2889e4913063029b3f3a
54881,data/raw/teacher/test/images_test/54881.jpg,60.0,80.0,0.75,RGB,JPEG,16572,ea2e27987f5c952b567e435deba064d8f9723c948d5fee4c051d823d0708003d
54882,data/raw/teacher/test/images_test/54882.jpg,60.0,80.0,0.75,RGB,JPEG,15006,ccaf0988d7c79ac7395578a13d9e7fe4a86ccfd2850b41cf45290e7af9543bab
54883,data/raw/teacher/test/images_test/54883.jpg,60.0,80.0,0.75,RGB,JPEG,18851,15a935706c8c6161debb1ee195b8b6e329a90bab854a5b72cae5739275509fc3
54884,data/raw/teacher/test/images_test/54884.jpg,60.0,80.0,0.75,RGB,JPEG,98954,0ddd840ec891854b1f44d3c7f08b7937c48a6f60f7c68b06a28f17cc2bd858c1
54885,data/raw/teacher/test/images_test/54885.jpg,60.0,80.0,0.75,RGB,JPEG,21614,ffbccd40f0b43a87246cb3ec9307284a3a46e0f0439142426338e8a387d5546a
54886,data/raw/teacher/test/images_test/54886.jpg,60.0,80.0,0.75,RGB,JPEG,22937,8133289a0f22ad20688ce9a83bba13d8809cae7bd2871bce880200f10310a0d0
54888,data/raw/teacher/test/images_test/54888.jpg,60.0,80.0,0.75,RGB,JPEG,16716,f0bdbbfbd79dbc29e6d1f45ebcfc7dec999e8cc05f26ca66350441c495734388
54889,data/raw/teacher/test/images_test/54889.jpg,60.0,80.0,0.75,RGB,JPEG,2890,152672573d1ae27d568bf772bd085ede37c95a109175db8741ed0aa0cfed299e
54890,data/raw/teacher/test/images_test/54890.jpg,60.0,80.0,0.75,RGB,JPEG,17135,797730950706c328dcc993623a3b636d88df958a63096240e1da726964d71a61
54891,data/raw/teacher/test/images_test/54891.jpg,60.0,80.0,0.75,RGB,JPEG,3796,de30c8301a20d2b71375171e021b9d3e2b294fad23c0df91a320cd33a7f4c4cc
54894,data/raw/teacher/test/images_test/54894.jpg,60.0,80.0,0.75,RGB,JPEG,14868,b3613eee92f44730f7b98fa6fb240e6358a94f0c2dfc711d869d57d65ac0471d
54896,data/raw/teacher/test/images_test/54896.jpg,60.0,80.0,0.75,RGB,JPEG,21599,d7df9ac2dbaf3ad628b645ebf6794ff464d9214d1b9aeb05288751e6e583a73d
54897,data/raw/teacher/test/images_test/54897.jpg,60.0,80.0,0.75,RGB,JPEG,3693,4c4df49018efd8d4b30cf89cf0094311e48007d743bd62273065e2e06f16eb08
54899,data/raw/teacher/test/images_test/54899.jpg,60.0,80.0,0.75,RGB,JPEG,17300,5b52036ccd0dc5f324d5ea13083e9d3dd3426a47c73aa115f3a79e4d14c70d3f
54900,data/raw/teacher/test/images_test/54900.jpg,60.0,80.0,0.75,RGB,JPEG,22503,8398aca77d75b2a83622021c09ccec087d8b2362615531efdd3f22ea01467cf1
54901,data/raw/teacher/test/images_test/54901.jpg,60.0,80.0,0.75,RGB,JPEG,3303,97430d33c708abe12cb0b8d077e60500dfe695b9780fd824befd05afc1bd77c2
54902,data/raw/teacher/test/images_test/54902.jpg,60.0,80.0,0.75,RGB,JPEG,3872,432166fbf1891a6102aa9241d1279fb1dffa7a0e2822768bd924c29c0693dd49
54903,data/raw/teacher/test/images_test/54903.jpg,60.0,80.0,0.75,RGB,JPEG,3368,b5db18c1a60520b93f3c7ee937937add87bcd83053c411f861ac845334c7f316
54904,data/raw/teacher/test/images_test/54904.jpg,60.0,80.0,0.75,RGB,JPEG,3204,5891754156ab610067538d5d2368859b2fdcd76fd237902efcf5e001f737ef02
54905,data/raw/teacher/test/images_test/54905.jpg,60.0,80.0,0.75,RGB,JPEG,3239,4f297615bf044611d8c653aeb0cad27ba966eb06d7e05c67cee83bf6ad4db4ca
54906,data/raw/teacher/test/images_test/54906.jpg,60.0,80.0,0.75,RGB,JPEG,2804,b6ee7b5de872e9bf4dfa76fcaa37b7aa79a20beb2b4d03222ef4e4c866a13f9d
54907,data/raw/teacher/test/images_test/54907.jpg,60.0,80.0,0.75,RGB,JPEG,2976,cc5b421a948a84dcf3f38fb948088ac758c55d7971d78d080801b90983aa3f7d
54908,data/raw/teacher/test/images_test/54908.jpg,60.0,80.0,0.75,RGB,JPEG,3338,e284077aba48c69cff3b181f1d83793ca22aba11879540301584ebce603a972f
54909,data/raw/teacher/test/images_test/54909.jpg,60.0,80.0,0.75,RGB,JPEG,28477,6a528532bc539033df251d80a4b559589a15e7bf199c66bb2abedd9962f97bbd
54911,data/raw/teacher/test/images_test/54911.jpg,60.0,80.0,0.75,RGB,JPEG,3809,c3e7892b3f3204cd578455d9ac7cc464da86fde0802c59f788ad79426e8b975e
54913,data/raw/teacher/test/images_test/54913.jpg,60.0,80.0,0.75,RGB,JPEG,4035,ea35691e778a6b84c6ad4b0dbe0132569eeb8809346aecad1cf22b088022349e
54914,data/raw/teacher/test/images_test/54914.jpg,60.0,80.0,0.75,RGB,JPEG,3853,a85acc43955fd45574a014abdaf8a0ff1f0e8f5e94443e1aca74203218af432c
54915,data/raw/teacher/test/images_test/54915.jpg,60.0,80.0,0.75,RGB,JPEG,3733,959cdb4ace92001a7ab02b79e1ce5da2cd3b7c4f894b9878ba8d95a0fb724aae
54918,data/raw/teacher/test/images_test/54918.jpg,60.0,80.0,0.75,RGB,JPEG,21837,9c4cfa48ece806dd3b34156ff6da6d23bd6f0c28fec8931b7e4580ccf5bbec8b
54919,data/raw/teacher/test/images_test/54919.jpg,60.0,80.0,0.75,RGB,JPEG,22772,2123e6d3c75be44c7ff973cc64fae73c4a1dd8db6c2adb376ed2e3b5c7fa3b32
54921,data/raw/teacher/test/images_test/54921.jpg,60.0,80.0,0.75,RGB,JPEG,3838,4e1b2f058aea9ac8b40b674514261b0be753adf57dc0d305ef0e0c55f62a0b42
54923,data/raw/teacher/test/images_test/54923.jpg,60.0,80.0,0.75,RGB,JPEG,2597,6b3eb1e7d52c90e53bad2b7dd0cb8823daf030e32ee5a441590d29bad3e554c3
54924,data/raw/teacher/test/images_test/54924.jpg,60.0,80.0,0.75,RGB,JPEG,3447,6e6daf76038e7ed924fa49a6f60b20f306471dd5d68075b39817fc6dc78fdcc2
54925,data/raw/teacher/test/images_test/54925.jpg,60.0,80.0,0.75,RGB,JPEG,16120,9e999f24b3099e9fdc2e4fa3173e6e5b3aa95577713e6aa2cff35b4e456a020f
54926,data/raw/teacher/test/images_test/54926.jpg,60.0,80.0,0.75,RGB,JPEG,22351,566573f5a558551f7f4f5bb6368052194b5a3ef4fff8d65e3cd56d35e7ccb3c3
54927,data/raw/teacher/test/images_test/54927.jpg,60.0,80.0,0.75,RGB,JPEG,3146,28e15bcdf3a1bc0630aca42efb8561ec7d1b65c86493f6409afcb4ae0d5ec729
54928,data/raw/teacher/test/images_test/54928.jpg,60.0,80.0,0.75,RGB,JPEG,22565,c30cd8cb9b827a946f4fe7c55c060f19b2589f31390415ab9793f2d7c35e8104
54929,data/raw/teacher/test/images_test/54929.jpg,60.0,80.0,0.75,RGB,JPEG,3906,b8c10c0b0dd28d08493c19bd0ab95db4646223fc72fe6777d767e5dec3731c6b
54930,data/raw/teacher/test/images_test/54930.jpg,60.0,80.0,0.75,RGB,JPEG,3772,e97603dafb467d22c8f2d321c74e4d962f7bb9fb947805319457d5e457fd18e8
54931,data/raw/teacher/test/images_test/54931.jpg,60.0,80.0,0.75,RGB,JPEG,3414,eff9b9ad79fedbd0310fbdf434b1fd7ce7014e32cc944d46e2e60d6dd9eb6853
54932,data/raw/teacher/test/images_test/54932.jpg,60.0,80.0,0.75,RGB,JPEG,2558,820ad46058c4f68ad2ff9ee5ae7466be883c6f0a5c9746c6f4aea14bfdc592e1
54933,data/raw/teacher/test/images_test/54933.jpg,60.0,80.0,0.75,RGB,JPEG,780,cfbc8c0e2d74b42c2f04cd0c0f01f32f52760ffc53685c5cb043c99b37b59b8f
54934,data/raw/teacher/test/images_test/54934.jpg,60.0,80.0,0.75,RGB,JPEG,4062,05c2fb61eb6223fc6fcc0fbedcb66da7d7a2ee0e6a6ed773aad9351369d6a4ed
54935,data/raw/teacher/test/images_test/54935.jpg,60.0,80.0,0.75,RGB,JPEG,4070,33d36dcec38b3f89da62428a29b89c0f42660d6bb1218e06eb4efc386fe0d610
54936,data/raw/teacher/test/images_test/54936.jpg,60.0,80.0,0.75,RGB,JPEG,4632,b6dd397f9327581fbb15604b2abc8eaa4c61504477ddb53e25840ac0eaad1114
54937,data/raw/teacher/test/images_test/54937.jpg,60.0,80.0,0.75,RGB,JPEG,4126,0bd99184017f7aaae02fdf5d0b35ce21747961de00bd1f9f529689bd7df1aae4
54938,data/raw/teacher/test/images_test/54938.jpg,60.0,80.0,0.75,RGB,JPEG,4528,f91be5f752d2fafd3594b2c8583058602d77a59df03afaffbf99ded780fbaf40
54939,data/raw/teacher/test/images_test/54939.jpg,60.0,80.0,0.75,RGB,JPEG,3254,0600914b7c5709dd005f54ea218c7fc5d2a6567c925548f5ce4d3a0cd79c152e
54940,data/raw/teacher/test/images_test/54940.jpg,60.0,80.0,0.75,RGB,JPEG,18530,3fd1fbd1b629cdba94a2ea614db335e3314cc3a1185f143e724223770aaa3dea
54941,data/raw/teacher/test/images_test/54941.jpg,60.0,80.0,0.75,RGB,JPEG,4246,3f9ced993dc60d8e3b3b7d30089dccc3a0959db047a869d5a6cda9a15eae0107
54942,data/raw/teacher/test/images_test/54942.jpg,60.0,80.0,0.75,RGB,JPEG,3989,5b8f31fa65a873b3813a36fb594154b947efd65a57d3c1861a6b7eba5f68062c
54943,data/raw/teacher/test/images_test/54943.jpg,60.0,80.0,0.75,RGB,JPEG,3303,51d2662e2be13ca36e3d64febc566fc6bdc0c84b630736ab4d4f9dc26b7ae93b
54944,data/raw/teacher/test/images_test/54944.jpg,60.0,80.0,0.75,RGB,JPEG,4135,4a2f598e8d6e0b58afe3ab8a1d55746f0769201aba55cf36612a30b62c7549af
54945,data/raw/teacher/test/images_test/54945.jpg,60.0,80.0,0.75,RGB,JPEG,24146,b81080da5ba134709d618924a0aba7c0df7dba5aaae724b7d66c51f880d95e48
54946,data/raw/teacher/test/images_test/54946.jpg,60.0,80.0,0.75,RGB,JPEG,3517,f85b15ae55a603820d04da11b6d0dc3b71e5e8a8359d1d822349923f6e19d3df
54947,data/raw/teacher/test/images_test/54947.jpg,60.0,80.0,0.75,RGB,JPEG,3939,74a884cb3f96e99f7afc4c94963f4c8c77ece134cc67bcab25a7bceca81bf2fa
54948,data/raw/teacher/test/images_test/54948.jpg,60.0,80.0,0.75,RGB,JPEG,2591,858a18cd846be0d3ab1646c4a5edf02a077290869fa20e112c0620d03e5b6cb9
54949,data/raw/teacher/test/images_test/54949.jpg,60.0,80.0,0.75,RGB,JPEG,2930,a84f29f2cfe2450c9a9347b4c2e6ee148ddc8dcee89416b3e28c4599fa3e4367
54950,data/raw/teacher/test/images_test/54950.jpg,60.0,80.0,0.75,RGB,JPEG,23695,3e662e68e3143670631c4064fd65b47a55e1eda6626543adcc34c5d3d804e687
54951,data/raw/teacher/test/images_test/54951.jpg,60.0,80.0,0.75,RGB,JPEG,23723,d33054f3e5586f981785fb6c1f6d74bba201b5a53ed296b645cb29cefe55dcdd
54953,data/raw/teacher/test/images_test/54953.jpg,60.0,80.0,0.75,RGB,JPEG,24489,0eef5ffdda5e1c9b24194b53b47231c59bbad869d6b4df76675e746b9aa8bc67
54954,data/raw/teacher/test/images_test/54954.jpg,60.0,80.0,0.75,RGB,JPEG,4190,da73fe6277aad8c543e430bfabb8bfb1a8e94a8fbbb3e43fb0854783432be456
54955,data/raw/teacher/test/images_test/54955.jpg,60.0,80.0,0.75,RGB,JPEG,3720,d7f6923c15d71ad4d4ff313a9909e9369bf449da0d756de2d3293d09cc9b99d8
54957,data/raw/teacher/test/images_test/54957.jpg,60.0,80.0,0.75,RGB,JPEG,3830,2638296f33bd71f2cd8426e2cb1abe44dbb8847db4753c3e8e5e90b768d08fdb
54958,data/raw/teacher/test/images_test/54958.jpg,60.0,80.0,0.75,RGB,JPEG,2631,fa60b1b8df92602a48d0e92431cb1da1fc797e851fe98d920cb86889e84b2203
54959,data/raw/teacher/test/images_test/54959.jpg,60.0,80.0,0.75,RGB,JPEG,3757,df43059750c678a92c1c31f12f6bbbbb64aef018757b91bc0bb0856586c57720
54960,data/raw/teacher/test/images_test/54960.jpg,60.0,80.0,0.75,RGB,JPEG,3777,6dc9d81a6cf749b54dce35301457608e3588fa7ad638aded57df31f141160f63
54961,data/raw/teacher/test/images_test/54961.jpg,60.0,80.0,0.75,RGB,JPEG,3272,3faa1c130c5464a26f5c11d28717a437bf1ba794fae65f2c013e0601a76fb628
54964,data/raw/teacher/test/images_test/54964.jpg,60.0,80.0,0.75,RGB,JPEG,16526,45fc94daa1362d3ff29c50e8360b9cc822d9e5f85264e1118d2e0854ea485707
54965,data/raw/teacher/test/images_test/54965.jpg,60.0,80.0,0.75,RGB,JPEG,21724,2e42b015c6d84a34348f1d948b99f4cd9e741b7ac4e922ca06908c7cbc5b3db4
54966,data/raw/teacher/test/images_test/54966.jpg,60.0,80.0,0.75,RGB,JPEG,13650,b69e231332076bcc28b0a415cf6fcfaca4b767d11c208065168cf74d53deaa05
54967,data/raw/teacher/test/images_test/54967.jpg,60.0,80.0,0.75,RGB,JPEG,20919,2912652600fc006ffd8abe3bbdcdbcde854ea61f01fa305a73e5329d33e4ebed
54968,data/raw/teacher/test/images_test/54968.jpg,60.0,80.0,0.75,RGB,JPEG,14344,a524fbbae34a4d032726b7360dcb945cfb37fbdfe6299d7449a1fb3371f1d370
54969,data/raw/teacher/test/images_test/54969.jpg,60.0,80.0,0.75,RGB,JPEG,20805,3e0e74c5c6a606a171fa9c5f5564704d25c1f8a40dcef51c63a55f2184c9abbd
54970,data/raw/teacher/test/images_test/54970.jpg,60.0,80.0,0.75,RGB,JPEG,18790,21f2107a12fc159f1e2c7cff50fdfa2277a83e5929ce3ded4006f17041f9db51
54971,data/raw/teacher/test/images_test/54971.jpg,60.0,80.0,0.75,RGB,JPEG,4154,942f5ca8ef2a7862fb6aa102075d6eb0e45d440cea60f53557bdaf9f6af55df4
54972,data/raw/teacher/test/images_test/54972.jpg,60.0,80.0,0.75,RGB,JPEG,5179,b4bb23f4025fe165904adb99538c436e7b016b690f0703aaa9c8b6e3594c8d92
54973,data/raw/teacher/test/images_test/54973.jpg,60.0,80.0,0.75,RGB,JPEG,5082,aa07a1ecc4880c2a1d08dcf01f0fcb790e92566c4ff6d2f5943624e04ae5ff7a
54974,data/raw/teacher/test/images_test/54974.jpg,60.0,80.0,0.75,RGB,JPEG,5130,7e23627b417bf01731f24393c34dc34078c519759fdef800e9f0e0f6efcfbc01
54975,data/raw/teacher/test/images_test/54975.jpg,60.0,80.0,0.75,RGB,JPEG,5124,128df8d7f00c1e9f545bc87083d8feca3f49a2b23a515dcd35440d137f0d59fa
54976,data/raw/teacher/test/images_test/54976.jpg,60.0,80.0,0.75,RGB,JPEG,4699,3741ad8c701c934a932d3cf37659e27940bfed174d16499dbf4c03e5d5200fc5
54977,data/raw/teacher/test/images_test/54977.jpg,60.0,80.0,0.75,RGB,JPEG,3713,bf5fdae60b86728e0e41149ca1369d1ce6989db7eb3c0c1ba94e249e2f4fc92b
54978,data/raw/teacher/test/images_test/54978.jpg,60.0,80.0,0.75,RGB,JPEG,4034,d646ddee2740b9a96fd20d2af25a5a87d114cae29211e2ca155fdc3e6188d28e
54979,data/raw/teacher/test/images_test/54979.jpg,60.0,80.0,0.75,RGB,JPEG,3158,91be390c1f9531cae7af7d91c353d293e40421e09586b920345448017d754b60
54980,data/raw/teacher/test/images_test/54980.jpg,60.0,80.0,0.75,RGB,JPEG,4379,8af4ca609a622889881356dc77648624d204ef60a17a31c51d19dc1a50700219
54981,data/raw/teacher/test/images_test/54981.jpg,60.0,80.0,0.75,RGB,JPEG,19070,36c84c4466155d7a3c90bb425bdfc687656a50ea63259bebfc0c00da1e98eb19
54982,data/raw/teacher/test/images_test/54982.jpg,60.0,80.0,0.75,RGB,JPEG,3097,8015b9fe84c7848f1729ccece47255c81a023ae7e83e916f86efbe7aef8d46c8
54983,data/raw/teacher/test/images_test/54983.jpg,60.0,80.0,0.75,RGB,JPEG,3568,14de8fa5cf5cabe92da0c7378696306e65fd0ab2219da498933836d548e7e995
54984,data/raw/teacher/test/images_test/54984.jpg,60.0,80.0,0.75,RGB,JPEG,4760,8b77d9f61f7bd0cfd2c022c48b4196889b2d64c3ae80ed951ea5bbc8ddf8bbfd
54985,data/raw/teacher/test/images_test/54985.jpg,60.0,80.0,0.75,RGB,JPEG,3997,24c1157e81a649fca9ef3748df20582a79db7b21d6c02f9d45dcce8074683dc5
54986,data/raw/teacher/test/images_test/54986.jpg,60.0,80.0,0.75,RGB,JPEG,24773,775e582044779431dc74fffe8173305b426db3b25c10a3f5ff86dcda8bbc96e3
54987,data/raw/teacher/test/images_test/54987.jpg,60.0,80.0,0.75,RGB,JPEG,4577,a0d47d56d6982a395f87c210c703e0c4b6f1a328e8c20b29672b2601de85a94e
54988,data/raw/teacher/test/images_test/54988.jpg,60.0,80.0,0.75,RGB,JPEG,15930,c3d7df64be2efc52ed26d05fce1ebe47c4b0ea1e0bc123f9f4117a87b809a2d6
54989,data/raw/teacher/test/images_test/54989.jpg,60.0,80.0,0.75,RGB,JPEG,3459,767ce51e19899f6c22f63c4ef3ad3746b39fed754f8eef13980bf57f85b73886
54990,data/raw/teacher/test/images_test/54990.jpg,60.0,80.0,0.75,RGB,JPEG,4682,09888bb6d01c46e21f410ed8e7b976abd368a2b27d6cc7b4caeca25e4079c49b
54991,data/raw/teacher/test/images_test/54991.jpg,60.0,80.0,0.75,RGB,JPEG,25452,e46c14fd6ccfa0fb04192910382420b5162ba54f65bb61efd6a39b455b2f8563
54992,data/raw/teacher/test/images_test/54992.jpg,60.0,80.0,0.75,RGB,JPEG,3943,18cc4677146dfa5c90eb711e3eddee7d512b14f22bcb1d51b1ad1f20b31e0e91
54993,data/raw/teacher/test/images_test/54993.jpg,60.0,80.0,0.75,RGB,JPEG,3595,f66ab9410160cf08cc7be2d1ce5731f041360066b26cf311c274d7ad5d4e3ab4
54995,data/raw/teacher/test/images_test/54995.jpg,60.0,80.0,0.75,RGB,JPEG,2795,4c0d378568b324fb96a8ec804efb030d29aa9e01951076ec522fbc09376ca0e9
54997,data/raw/teacher/test/images_test/54997.jpg,60.0,80.0,0.75,RGB,JPEG,19396,22fea3112f7f69c4b24b35437979bbf47973a071393084bf00ee4cd2bb8ca9f1
55000,data/raw/teacher/test/images_test/55000.jpg,60.0,80.0,0.75,RGB,JPEG,19429,76d546c41e7b25f395afa846724f50053e3303644d16986504bb2b623b188779
55001,data/raw/teacher/test/images_test/55001.jpg,60.0,80.0,0.75,RGB,JPEG,2697,33695e0551d3be3c6396400ed79fcdceb7ca56645f09366d2e9fa1b987a78200
55002,data/raw/teacher/test/images_test/55002.jpg,60.0,80.0,0.75,RGB,JPEG,19366,edab4e27dc07d30d07e9521de433cd7ccc1796108d8b5de98eab3c9447fdae42
55003,data/raw/teacher/test/images_test/55003.jpg,60.0,80.0,0.75,RGB,JPEG,19423,c3ca3da541dad25f8203b088018b51acb07a5a9dfd7f36f8cf19cba67e25090f
55004,data/raw/teacher/test/images_test/55004.jpg,60.0,80.0,0.75,RGB,JPEG,22597,ec244b77aa968cddd5267e03bcba7c50ea84c45c7a581982a6db7c39d987683a
55005,data/raw/teacher/test/images_test/55005.jpg,60.0,80.0,0.75,RGB,JPEG,17512,d2d0649f6bfb4e61e447f2fb38fbbc471050cb7337dedf0ee38b0c2aa1677b26
55006,data/raw/teacher/test/images_test/55006.jpg,60.0,80.0,0.75,RGB,JPEG,19886,91d1d3854dd60d5be1229539f4ea33f223e91119cf9c61d08b1e3a07bea1b90c
55007,data/raw/teacher/test/images_test/55007.jpg,60.0,80.0,0.75,RGB,JPEG,19548,987ee7280f664f71e1b558a970ee1f16c304f056aa89ba3d6b1573fd76da9a9f
55008,data/raw/teacher/test/images_test/55008.jpg,60.0,80.0,0.75,RGB,JPEG,18974,094623a1a11a6c7ecfb65599ca73e20ee9af60e0930bb2b7dcb8ed424c989a4e
55009,data/raw/teacher/test/images_test/55009.jpg,60.0,80.0,0.75,RGB,JPEG,19154,32800b4120a5fe45e33af6710f48dc851228f95d8ad07cd756009a9a3ecfffdb
55010,data/raw/teacher/test/images_test/55010.jpg,60.0,80.0,0.75,RGB,JPEG,19922,cde29ab5f85bf004a4b589ad39a21dfc0a28db931e2ae32e66509d740a5b8f00
55012,data/raw/teacher/test/images_test/55012.jpg,60.0,80.0,0.75,RGB,JPEG,30426,fbdb1fa996b24eadf051697dfbe2afab2473cb75c7061f7f3395b297ef67c998
55013,data/raw/teacher/test/images_test/55013.jpg,60.0,80.0,0.75,RGB,JPEG,17765,31b4f359bca7e77c27ff7c578c871ad1139d31e0d463d766eb821f1e709bd2d7
55015,data/raw/teacher/test/images_test/55015.jpg,60.0,80.0,0.75,RGB,JPEG,30453,655636dfbc912cedc8629a23f4e3e0f1181ea0d776ac15d9f39639d9c482ff92
55016,data/raw/teacher/test/images_test/55016.jpg,60.0,80.0,0.75,RGB,JPEG,11646,700dcb9c14801971a01963c1306af2ebb1aeb536237a7062cd6cf5c2bf008ec9
55018,data/raw/teacher/test/images_test/55018.jpg,60.0,80.0,0.75,RGB,JPEG,30811,d9946275667f1f83af4cca51db2c9f8c2acbb970b0165c12e98fbaf0f3188855
55020,data/raw/teacher/test/images_test/55020.jpg,60.0,80.0,0.75,RGB,JPEG,31607,ac4c6100b64ee154414ddb3de0cf1c337c826425aa631b81163cf89488616677
55021,data/raw/teacher/test/images_test/55021.jpg,60.0,80.0,0.75,RGB,JPEG,29122,d799305bfa48a0798f737f207fcfe663fe009e5fcec5bf6428c5b690d7050e3f
55022,data/raw/teacher/test/images_test/55022.jpg,60.0,80.0,0.75,RGB,JPEG,28313,4ffb166652557a321b92d5ce84b7d71c6d9574605495596bc5f59e51ab065bbf
55023,data/raw/teacher/test/images_test/55023.jpg,60.0,80.0,0.75,RGB,JPEG,26307,9b635ab1dd2ec3a568b95aa1732b594ee15812c2468fe6702d1b5bcf5f0c5b39
55024,data/raw/teacher/test/images_test/55024.jpg,60.0,80.0,0.75,RGB,JPEG,30137,064299f6dc356fe06d5a0ebb96d335c6d7e3a662eb2425f7a83acd9a3f3a080a
55025,data/raw/teacher/test/images_test/55025.jpg,60.0,80.0,0.75,RGB,JPEG,29521,050d06d2e0529d08d65eaef1da07e9de4ae226c5aee90f0bf5e0cc003e8f1eeb
55026,data/raw/teacher/test/images_test/55026.jpg,60.0,80.0,0.75,RGB,JPEG,25142,89b21e4a1a6d5e39e10516a44d3a93f2b177133378b468cb5818caa989dd8355
55027,data/raw/teacher/test/images_test/55027.jpg,60.0,80.0,0.75,RGB,JPEG,29066,94a7a2363ffa5114b7645e6c03ab43023b9b1743308905655964ec5a50157a8e
55028,data/raw/teacher/test/images_test/55028.jpg,60.0,80.0,0.75,RGB,JPEG,27545,09c69524ab45023a466dbb436f48bc84a577eef62f97467b90181cbe95c9e817
55029,data/raw/teacher/test/images_test/55029.jpg,60.0,80.0,0.75,RGB,JPEG,28304,804e84b5996db23fbba1ff2a0dd394ac2e699beeb3aabc92573c82d366ff01e3
55030,data/raw/teacher/test/images_test/55030.jpg,60.0,80.0,0.75,RGB,JPEG,27899,3e1bd48802df28b70cfe455629e3f52a849335015e3f9a587f2b821ebe39f8a9
55031,data/raw/teacher/test/images_test/55031.jpg,60.0,80.0,0.75,RGB,JPEG,28689,d419566981f84f364551047195844ebf6b8bbb5b8766cd344ba38bbcb2e96596
55032,data/raw/teacher/test/images_test/55032.jpg,60.0,80.0,0.75,RGB,JPEG,17497,440aa34226d64a509f4852d2457c4de41cd98c9d0d1d96cebeb25c48df054007
55033,data/raw/teacher/test/images_test/55033.jpg,60.0,80.0,0.75,RGB,JPEG,29737,ca8bf410e1d0ed53942c0e4745208e111d1ead446f68dafb12afa0c7b1df00fd
55034,data/raw/teacher/test/images_test/55034.jpg,60.0,80.0,0.75,RGB,JPEG,17680,ee00c5c3b4718f9d440693fed784ff17c39ee1f2a472ac743c77b29bcef04128
55035,data/raw/teacher/test/images_test/55035.jpg,60.0,80.0,0.75,RGB,JPEG,27526,0c01a6721dff640cb837b1a24ee11a4f9d09573a8b15d7a53449f7f5278a3fee
55036,data/raw/teacher/test/images_test/55036.jpg,60.0,80.0,0.75,RGB,JPEG,30523,8de2c2314822f3458fdeaa3ebf40fdc1cbfcaf63aa9923f01be24f212721f1dc
55037,data/raw/teacher/test/images_test/55037.jpg,60.0,80.0,0.75,RGB,JPEG,26702,d10e7b7734723f4d79211a6010ad7b07038710a900ecd68562bdb7bcbe7092a8
55038,data/raw/teacher/test/images_test/55038.jpg,60.0,80.0,0.75,RGB,JPEG,28724,3b4a0e956b989f1ce75912749404da67d9512759f2484c18be8c38066aaccbaa
55039,data/raw/teacher/test/images_test/55039.jpg,60.0,80.0,0.75,RGB,JPEG,835,fccaa7d2b0a7005582ec6fd97a137dccab5afb053185aaffa7919013e4632fc3
55040,data/raw/teacher/test/images_test/55040.jpg,60.0,80.0,0.75,RGB,JPEG,11463,978d5254a7aa86afd4a126aec8341d24c6ccc4bfb26609955b28f0de9fb6417a
55041,data/raw/teacher/test/images_test/55041.jpg,60.0,80.0,0.75,RGB,JPEG,17852,e0765c754df9ea2192f27bf4ceceb7f6f4ae8985383b4796f9809da949809f3c
55042,data/raw/teacher/test/images_test/55042.jpg,60.0,80.0,0.75,RGB,JPEG,27970,085203fa56aa78f5e4ac4ecb6b15615c73bf807412831e46fbbc3e84d2f3e34a
55043,data/raw/teacher/test/images_test/55043.jpg,60.0,80.0,0.75,RGB,JPEG,27074,dd7ef222140c670954ec695f0bfb5129f6ed6a63c9cc16b886766b0fa1fdf4cd
55044,data/raw/teacher/test/images_test/55044.jpg,60.0,80.0,0.75,RGB,JPEG,25923,d182e517d25fc9ab892f6a898bac8c0e989f3d9ddf3a776cd6cdfa3940b8435e
55045,data/raw/teacher/test/images_test/55045.jpg,60.0,80.0,0.75,RGB,JPEG,2671,bcfb390d04e0b82085c2d17e4052808f6602a0573439456f9be078086a355bbd
55046,data/raw/teacher/test/images_test/55046.jpg,60.0,80.0,0.75,RGB,JPEG,2661,1a8f8b382912190fe2d34f1ee25c90a19b39bc68f8b31cf48f6658fc30d8996f
55047,data/raw/teacher/test/images_test/55047.jpg,60.0,80.0,0.75,RGB,JPEG,20086,0c867a8e74ed2cabbdd013e73b1210d0ee46e8e336e21c9b925eb76dd10edcd3
55048,data/raw/teacher/test/images_test/55048.jpg,60.0,80.0,0.75,RGB,JPEG,2726,f94111e76659329b1561d71969a64ef4a9e8eeb83237cd31cf5f78f4a9f40d26
55049,data/raw/teacher/test/images_test/55049.jpg,60.0,80.0,0.75,RGB,JPEG,2732,6bd1bedea92d5f38a875b5f863a7b583d2e5ec9572b0de480e49c71f753b9862
55050,data/raw/teacher/test/images_test/55050.jpg,60.0,80.0,0.75,RGB,JPEG,2720,c5904544d14dedc04440791d72631518a28a7728d5b6954c5f155104cb10ccf2
55051,data/raw/teacher/test/images_test/55051.jpg,60.0,80.0,0.75,RGB,JPEG,2707,e44269a72bf2bf3b42003fec79407a9e0331f710e389a785783b3382db952540
55052,data/raw/teacher/test/images_test/55052.jpg,60.0,80.0,0.75,RGB,JPEG,2724,38320f83101cc8f26f176f6be4ff916898c2a8c1621d2bf0fc4b7473686ef5ea
55053,data/raw/teacher/test/images_test/55053.jpg,60.0,80.0,0.75,RGB,JPEG,2696,bdd91dc33b8c86e84fc3835c95598dd113de815a998e7c1798f9e2897e35b132
55054,data/raw/teacher/test/images_test/55054.jpg,60.0,80.0,0.75,RGB,JPEG,2704,77889b4fffe296abcaf3444c64bce3edcbc602dfc8a72e6ef04ad34373806871
55055,data/raw/teacher/test/images_test/55055.jpg,60.0,80.0,0.75,RGB,JPEG,2741,9e9c37e39fa2d83c62c93f49c278a03d07565382a611eb38a1174495e04f72d9
55056,data/raw/teacher/test/images_test/55056.jpg,60.0,80.0,0.75,RGB,JPEG,2706,dc461374d0cc5bc796f355680394e6976ed09242e2bcb8104e3e365f18fd6a85
55057,data/raw/teacher/test/images_test/55057.jpg,60.0,80.0,0.75,RGB,JPEG,764,aa1e3e560ec9c148b7272ee0c04bf54f03685149e03f08b2b3f595a1a4f05131
55058,data/raw/teacher/test/images_test/55058.jpg,60.0,80.0,0.75,RGB,JPEG,2675,aba0637e9fc8ff1d1f1907c8533db33cc2454ef310cd829014d732e3d1706a5b
55059,data/raw/teacher/test/images_test/55059.jpg,60.0,80.0,0.75,RGB,JPEG,2689,c94cf323d4b1ff4e1b3a1c86f15c937e6478d588a4fc02f7bc98da6eeaf6b1d6
55060,data/raw/teacher/test/images_test/55060.jpg,60.0,80.0,0.75,RGB,JPEG,2694,8103b58c2fc2d6210c46e6b0ca9b1d5dc34059707b45a770967d5a6a8dcff2a9
55061,data/raw/teacher/test/images_test/55061.jpg,60.0,80.0,0.75,RGB,JPEG,2677,582a59f1fe5f8db17d1b9d85d299029edec2343b4b388ce0ba50723e665ad9e7
55062,data/raw/teacher/test/images_test/55062.jpg,60.0,80.0,0.75,RGB,JPEG,2726,676b0f3fc75e845b9e4b0a505c742107c7a6a548b370f7105834d1354ab64ab2
55063,data/raw/teacher/test/images_test/55063.jpg,60.0,80.0,0.75,RGB,JPEG,13262,e1a599cd2eb480029cb924525ef1ab6abb032d9caac730fdca9d7255b02a18ba
55064,data/raw/teacher/test/images_test/55064.jpg,60.0,80.0,0.75,RGB,JPEG,2675,f8acc8605533de017742e0a817b516a8724aaabe6bf2769d93bb4cb113a65c35
55065,data/raw/teacher/test/images_test/55065.jpg,60.0,80.0,0.75,RGB,JPEG,2717,4abbd6e68f48e59f573c8f7c0a4b16729f3e351494bfb2d7ca66f7a61b4a5f1f
55066,data/raw/teacher/test/images_test/55066.jpg,60.0,80.0,0.75,RGB,JPEG,2693,b6ac8a65bce9a987d50a2861205df7599f7469ab2362647d08c85533e3d995dd
55067,data/raw/teacher/test/images_test/55067.jpg,60.0,80.0,0.75,RGB,JPEG,19712,efbdd16d19c42d4e933f96f32d5b218ca218d496f609f23c74e6423391f53971
55068,data/raw/teacher/test/images_test/55068.jpg,60.0,80.0,0.75,RGB,JPEG,2748,e21375129cb48336dfcda6d33c4ab5e850b1bebe209b49a190d4f68627ba7dac
55069,data/raw/teacher/test/images_test/55069.jpg,60.0,80.0,0.75,RGB,JPEG,16811,a6498c0a4a94a74fa39d773ad92b070a11f5e6fb38f5655e0c0602f97ead17d4
55070,data/raw/teacher/test/images_test/55070.jpg,60.0,80.0,0.75,RGB,JPEG,15824,6b37e5089a07845e1aa19a3705c79b50ded81d2a8313990d8c6a764e6a2e2be9
55071,data/raw/teacher/test/images_test/55071.jpg,60.0,80.0,0.75,L,JPEG,10088,0e981fe4c5f288518280ee42cf46da58b8f9b4d0c1360758b7639116d550037f
55072,data/raw/teacher/test/images_test/55072.jpg,60.0,80.0,0.75,RGB,JPEG,2696,4882fb5a877eae24bc7827f4dbd42adc32d25cd6323e73e8e4426e13a07d3f1f
55073,data/raw/teacher/test/images_test/55073.jpg,60.0,80.0,0.75,RGB,JPEG,2105,72aee9d2c7ffedf11abc36baaf2141d6d5a9e58199224241c2edc322cb542e8a
55074,data/raw/teacher/test/images_test/55074.jpg,60.0,80.0,0.75,RGB,JPEG,16312,a2c1e84ae9c137144c64749e090ef2495681b7da78537bb5878ca264c8d2b6f3
55075,data/raw/teacher/test/images_test/55075.jpg,60.0,80.0,0.75,RGB,JPEG,2111,7eb9ccd3b9a6ba19a68da01aa8bca90d219ee9fe8bf5147396a46d05679ec5d2
55078,data/raw/teacher/test/images_test/55078.jpg,60.0,80.0,0.75,RGB,JPEG,4316,356b0a33d92840caebbfa1b23ba90e465f6be3f41779f9bd1508447c25f91aca
55079,data/raw/teacher/test/images_test/55079.jpg,60.0,80.0,0.75,RGB,JPEG,4312,932a30e4c9984b504f7de4ecf21f1dadf8165b2087d13098b61e02323a2cf9fe
55080,data/raw/teacher/test/images_test/55080.jpg,60.0,80.0,0.75,RGB,JPEG,20408,7a1193bb0b61cdcb6efdf772d2138998292d025181ef7101bddf4b164e4f4f0b
55081,data/raw/teacher/test/images_test/55081.jpg,60.0,80.0,0.75,RGB,JPEG,2786,4a7e5ff6cff9fe4e37cb06a681412f4f2b5533ada2d0da74e4b116edf7942da4
55083,data/raw/teacher/test/images_test/55083.jpg,60.0,80.0,0.75,RGB,JPEG,16493,e4e0bbc676699264b825bb5eba6a468d14df6797eb8d8b47bcf3a1661e363f14
55086,data/raw/teacher/test/images_test/55086.jpg,60.0,80.0,0.75,RGB,JPEG,11551,602fc3ee28e128da50d1dd63e654b33aed520b00d424ddef349e8123d87d0bb1
55087,data/raw/teacher/test/images_test/55087.jpg,60.0,80.0,0.75,RGB,JPEG,18754,7a2c3f8ba5e2bacdf6ea38936d2c45403c4f9323e8eea796b2db5d805a61a9bc
55089,data/raw/teacher/test/images_test/55089.jpg,60.0,80.0,0.75,RGB,JPEG,15405,5b32f49e088b460c2f01237b9a37df5a153a6bff9c162c5ff16a819fc09a6846
55090,data/raw/teacher/test/images_test/55090.jpg,60.0,80.0,0.75,RGB,JPEG,4280,ff3968960a33057c91435e421a1958aafa99dfbdf70e15108a5b6751d27790d3
55093,data/raw/teacher/test/images_test/55093.jpg,60.0,80.0,0.75,RGB,JPEG,16466,b0b3d3e07ecb0ef39bc9617765e35d655c56f831a7174f2a13785769ab8d87b8
55094,data/raw/teacher/test/images_test/55094.jpg,60.0,80.0,0.75,RGB,JPEG,11307,1f7d263c440133f039975d80f64439ecb32c3958ad14911a2460043a0aa26ece
55095,data/raw/teacher/test/images_test/55095.jpg,60.0,80.0,0.75,RGB,JPEG,17722,c7e3729598cb8073f285ecc43f60e82714bcc6f647308593e71ed364555a3a4b
55097,data/raw/teacher/test/images_test/55097.jpg,60.0,80.0,0.75,RGB,JPEG,1398,32d1fa8efe4db902b10d671b78a2c57b5504c52468d31f72c557703765f068bf
55098,data/raw/teacher/test/images_test/55098.jpg,60.0,80.0,0.75,RGB,JPEG,4333,bc3753701fff08465c34c4b743f3fa3571c4c75012fd26e878ea64f17086bcb4
55099,data/raw/teacher/test/images_test/55099.jpg,60.0,80.0,0.75,RGB,JPEG,18374,07dccc736a9ebc1437efb240b4e8eeed672d6d1e09236d840732555e5dabe65a
55100,data/raw/teacher/test/images_test/55100.jpg,60.0,80.0,0.75,RGB,JPEG,11694,82f498f1a0458bd2b84f21e78d9ccb86b2035bd96785c84b144c63659b72e52f
55101,data/raw/teacher/test/images_test/55101.jpg,60.0,80.0,0.75,RGB,JPEG,4852,9d016023e3ef7004736514358cb62d114a3d327ea411bdb8cefe801f6df4b439
55107,data/raw/teacher/test/images_test/55107.jpg,60.0,80.0,0.75,RGB,JPEG,18306,e10f6adf152329462526edc80dd1258200a9351db450a720848456ced8b25288
55108,data/raw/teacher/test/images_test/55108.jpg,60.0,80.0,0.75,RGB,JPEG,17883,9986757377d774abaa55cda072c31736470c8f454c2cc64cc4857b15377d5367
55109,data/raw/teacher/test/images_test/55109.jpg,60.0,80.0,0.75,RGB,JPEG,3089,782bcfe44f84f7f18b2f754645d253a76c9684693e7c04852c47b58d2ef7b5b7
55110,data/raw/teacher/test/images_test/55110.jpg,60.0,80.0,0.75,RGB,JPEG,26769,24bf109b3481dd298569b9774d1c533706785e61ca911f668e839624a42f40ac
55111,data/raw/teacher/test/images_test/55111.jpg,60.0,80.0,0.75,RGB,JPEG,25772,059598b5a2794ac59bbe6955eeb0e4b2dfa3b3eb8c2b669304f02776963b1889
55112,data/raw/teacher/test/images_test/55112.jpg,60.0,80.0,0.75,RGB,JPEG,32647,afd31ca87e1a8c2aa473dcdaff44dfff32786e287b7d61156344bd277a213336
55113,data/raw/teacher/test/images_test/55113.jpg,60.0,80.0,0.75,RGB,JPEG,22494,90227ab0543c37202cd4df9c79ff2191427cffe4be8404840d9597aec9695848
55114,data/raw/teacher/test/images_test/55114.jpg,60.0,80.0,0.75,RGB,JPEG,22937,01e53e9c27fa46d5232307d71e4724c5ae6ffde840a27b1c89d7fd3115b9f2d0
55115,data/raw/teacher/test/images_test/55115.jpg,60.0,80.0,0.75,RGB,JPEG,21923,9c6ae89313bf143305204167b35291cf4dcfab5ec7f39a6fe9ca5f87c22281dd
55116,data/raw/teacher/test/images_test/55116.jpg,60.0,80.0,0.75,RGB,JPEG,21377,e31f56191029e136a14545520b8ffa0665f27b21c48c2e3901b21b29f79a469f
55117,data/raw/teacher/test/images_test/55117.jpg,60.0,80.0,0.75,RGB,JPEG,14987,a372a2e15dec72d380db2c42c875e2f59fd697ffa71b2fdafa5f6eba65f6fcfd
55118,data/raw/teacher/test/images_test/55118.jpg,60.0,80.0,0.75,RGB,JPEG,21343,8878eee101fb8088b0ab1eb74c152f14623e81645fee3dc2faf7a0a58f7047a0
55119,data/raw/teacher/test/images_test/55119.jpg,60.0,80.0,0.75,RGB,JPEG,14010,c83422348d3595619db5dcccab39f51d290ca5614ab8268ef77f288d61c3ec40
55120,data/raw/teacher/test/images_test/55120.jpg,60.0,80.0,0.75,RGB,JPEG,18846,e2b5c4fb253fd423590d44aede9a2f6c57862cdf9a0dc2a48938730b2e5c92cc
55121,data/raw/teacher/test/images_test/55121.jpg,60.0,80.0,0.75,RGB,JPEG,12851,6391ce98219c29e470c5fa4854b6ce1305f3bfb631fd6ce7f8039a1c7f996d7e
55122,data/raw/teacher/test/images_test/55122.jpg,60.0,80.0,0.75,RGB,JPEG,3140,e0b8bd80f0daa1b25a107e877538f7f2ca7bf9e54f1b4694a2b9fdbef0f75ca3
55123,data/raw/teacher/test/images_test/55123.jpg,60.0,80.0,0.75,RGB,JPEG,3676,b4264b5cb184874c65d4c88cc5e28f776c07a9325c3b7b33249f484233359b92
55124,data/raw/teacher/test/images_test/55124.jpg,60.0,80.0,0.75,RGB,JPEG,3133,7fb64066874b759c2c95d7d868ab4dbcfe29f22e38a41f3a68b667e3f904575a
55125,data/raw/teacher/test/images_test/55125.jpg,60.0,80.0,0.75,RGB,JPEG,3035,08dba2a9d5d61f7dff8ce73ee7dd7799abaa0ac6ceffbce0b9acf5d9156573bc
55126,data/raw/teacher/test/images_test/55126.jpg,60.0,80.0,0.75,RGB,JPEG,2978,c13587673926947d44f46f98c098b9df8f916b1746644122f0dbacf8d0cfc51f
55127,data/raw/teacher/test/images_test/55127.jpg,60.0,80.0,0.75,RGB,JPEG,3030,1c0dc5ab83de10798b5e4a6f76fc49841323aa3393c314284405fed3b3b13c12
55128,data/raw/teacher/test/images_test/55128.jpg,60.0,80.0,0.75,RGB,JPEG,18951,814c3a381ab2891098e0819ec743470b425ed4ad7cb9248cc3c03f01a97471b7
55129,data/raw/teacher/test/images_test/55129.jpg,60.0,80.0,0.75,RGB,JPEG,3065,abdb7a6a2b677c75e4124c53a0488e7b12d2e1b9577fc222d4633d6d72a320b7
55130,data/raw/teacher/test/images_test/55130.jpg,60.0,80.0,0.75,RGB,JPEG,19041,c90b11f520b239840cad17b96f0b0113ad0b3cbd2c0d7bcd9a9d191c2006baa2
55131,data/raw/teacher/test/images_test/55131.jpg,60.0,80.0,0.75,RGB,JPEG,11603,746d064562e9ff0b1cf206488b92a2844d25f92c755a100f651184925ef7a172
55132,data/raw/teacher/test/images_test/55132.jpg,60.0,80.0,0.75,RGB,JPEG,2385,f02844e2b12dc63bb1b96783f77d2cfe2e214d96115b66aa194fcb2f7330e528
55133,data/raw/teacher/test/images_test/55133.jpg,60.0,80.0,0.75,RGB,JPEG,3210,aa00fd79252385cb5836946f54bbcee3631c8d82e51eb84860187d16a2150d5d
55134,data/raw/teacher/test/images_test/55134.jpg,60.0,80.0,0.75,RGB,JPEG,3253,e98c115f9147e10d7486ab0cbd094691dcaa14ea0452473662a1cc98a070de7f
55135,data/raw/teacher/test/images_test/55135.jpg,60.0,80.0,0.75,RGB,JPEG,12342,20a92118fc5b0fc41e5ed7a667fcf328b582f2e730411864c7d731b0ce23789c
55136,data/raw/teacher/test/images_test/55136.jpg,60.0,80.0,0.75,RGB,JPEG,12868,3dd57068ec9aabc9415b0b8d0b1867bdc9cab30b5fb8e73cb9dcc09c0ec4929f
55137,data/raw/teacher/test/images_test/55137.jpg,60.0,80.0,0.75,RGB,JPEG,3067,a0c1e8d8dbf844c715ce6862aa661320436a9970f908b8f08eee9219a30c6602
55138,data/raw/teacher/test/images_test/55138.jpg,60.0,80.0,0.75,RGB,JPEG,17889,61b91992a3839bf9055021128642388c075fa8c318b170634f830601111c1533
55139,data/raw/teacher/test/images_test/55139.jpg,60.0,80.0,0.75,RGB,JPEG,19171,6c80de65f5ea04d3ea8c8c949d48c789bd2b9ed050074c598407de462970776a
55140,data/raw/teacher/test/images_test/55140.jpg,60.0,80.0,0.75,RGB,JPEG,16206,53f61e6b3b06e35cfb4b989a657da833bd6f05615fbbdbeb170ed53f2e87a988
55141,data/raw/teacher/test/images_test/55141.jpg,60.0,80.0,0.75,RGB,JPEG,20911,88c3935fed8ade27c1914325826de12942f9ebc3cf0fb91cf984db1d679dde3f
55142,data/raw/teacher/test/images_test/55142.jpg,60.0,80.0,0.75,RGB,JPEG,16787,ae61adf9fb1bec47e55858218ad026f056173fe58de8e700958fda281e1e5e72
55143,data/raw/teacher/test/images_test/55143.jpg,60.0,80.0,0.75,RGB,JPEG,19374,bf9743caceda414086ec70b13caffcd54901ca924985d44aa6b32cfe2c6ebd49
55144,data/raw/teacher/test/images_test/55144.jpg,60.0,80.0,0.75,RGB,JPEG,16599,4d94ee7610743fefca536b7524df763bb325457c4c86da7f615519a1075d5355
55145,data/raw/teacher/test/images_test/55145.jpg,60.0,80.0,0.75,RGB,JPEG,21077,711d678ebdfdd4a197adf178759105d1adb4fced9db98364d058880c140f4a6b
55146,data/raw/teacher/test/images_test/55146.jpg,60.0,80.0,0.75,RGB,JPEG,21681,f0f60da06b67dece4d175414c118e20ef7cc1b958f791d4bc5624d11526e5ab4
55147,data/raw/teacher/test/images_test/55147.jpg,60.0,80.0,0.75,RGB,JPEG,21895,3de4cce07fad887a3a330529a023727d88c8031d53d6f41edb3f641b36ee2c03
55148,data/raw/teacher/test/images_test/55148.jpg,60.0,80.0,0.75,RGB,JPEG,19592,b510796747dddcf0affcc5a66b4e3809980444d8c84c07448a436f2f0887cca7
55149,data/raw/teacher/test/images_test/55149.jpg,60.0,80.0,0.75,RGB,JPEG,20844,d5a2c6aa9c25dfecbfbb170707e13bf0ef43e28c1f7058d8eabc3d09e8cf3d96
55150,data/raw/teacher/test/images_test/55150.jpg,60.0,80.0,0.75,RGB,JPEG,19576,4aa5581241e36e0be5db4831c78469cc911d0bbedd8cffeedc93f787220da23f
55151,data/raw/teacher/test/images_test/55151.jpg,60.0,80.0,0.75,RGB,JPEG,21314,3aa9dd380caa4bad1b337ade7ac92fcd36528b8e62c4330d9870842b318b9e69
55152,data/raw/teacher/test/images_test/55152.jpg,60.0,80.0,0.75,RGB,JPEG,20095,0ebb547db5dab7c5991b5533cda156ac1df4f4539f6622513cc2b6a64c482425
55153,data/raw/teacher/test/images_test/55153.jpg,60.0,80.0,0.75,RGB,JPEG,12025,5d1819e58b0f5ab2c6a73f07b6380a657c74e61ab1b5f6cf9f56b5631a2759bf
55154,data/raw/teacher/test/images_test/55154.jpg,60.0,80.0,0.75,RGB,JPEG,19717,88f0581a51ee6cd7b1646d10a4d6fd4a7e7e5280dc7d3f09c382de1fec28d70e
55155,data/raw/teacher/test/images_test/55155.jpg,60.0,80.0,0.75,RGB,JPEG,24381,a19d01e4250a617adacf2a2491ac8e9095fc80217e160cb1b8625d827bea9d76
55156,data/raw/teacher/test/images_test/55156.jpg,60.0,80.0,0.75,RGB,JPEG,12725,a01d4fb3d223d1801b8976ceaf3a38be0c7b7ca52b5d3c623975a7ce3405b6b4
55157,data/raw/teacher/test/images_test/55157.jpg,60.0,80.0,0.75,RGB,JPEG,20036,6d4444ab841ddf056bf61f73d780a3db6bd410c191f4b3dcc82225d63bf0b962
55158,data/raw/teacher/test/images_test/55158.jpg,60.0,80.0,0.75,RGB,JPEG,19896,4131c462e3c93b8edfb75f41c59de58280de2983ead6bf58d01f7fdb35ceef82
55159,data/raw/teacher/test/images_test/55159.jpg,60.0,80.0,0.75,RGB,JPEG,20578,ff984bac1ab12b930bcdad35ea140335cc7d924e3174521c280286756651ddd7
55160,data/raw/teacher/test/images_test/55160.jpg,60.0,80.0,0.75,RGB,JPEG,21556,d3e288d002d6bac0c7b9e364e67309826feae891806d2fcced6fe39db3168234
55161,data/raw/teacher/test/images_test/55161.jpg,60.0,80.0,0.75,RGB,JPEG,20572,4d26506c2d230247440f979aa5105bf4014d9666f53b1f1f87d4ea8ec20013d4
55162,data/raw/teacher/test/images_test/55162.jpg,60.0,80.0,0.75,RGB,JPEG,19612,1269f3e56015050b91aee7c074ce71b1e177256623b2c702a3656f29836b19fd
55163,data/raw/teacher/test/images_test/55163.jpg,60.0,80.0,0.75,RGB,JPEG,20037,ac082440b84e18538327806462b972481d726178c9f15ba6b79268f5e1d626df
55164,data/raw/teacher/test/images_test/55164.jpg,60.0,80.0,0.75,RGB,JPEG,17668,1872594f61f3cf5cf788fdda8f9e93c074fc06506afbfaa1f6761f5905b707b3
55165,data/raw/teacher/test/images_test/55165.jpg,60.0,80.0,0.75,RGB,JPEG,20033,c68026967b16b0201e4b5383c197ef21b684151ca8bfeeb7dee5e396e5d9be61
55166,data/raw/teacher/test/images_test/55166.jpg,60.0,80.0,0.75,RGB,JPEG,19448,44be2976584d853fb555d95542beb07688944d367bf6021038f091689aef63d8
55168,data/raw/teacher/test/images_test/55168.jpg,60.0,80.0,0.75,RGB,JPEG,19146,45666b0030feb3afda6dfaa16fdb2873b8807c830a0c28cf0ba832cd96334066
55170,data/raw/teacher/test/images_test/55170.jpg,60.0,80.0,0.75,RGB,JPEG,3045,87902a07feea5a11d2c4a43dc294bbc55431f399cdd815e6d0636926431402fb
55172,data/raw/teacher/test/images_test/55172.jpg,60.0,80.0,0.75,RGB,JPEG,3386,a093547ebad133d12cf4e47be93b1e27ea3a220fb380cfc3f190e80130d41921
55173,data/raw/teacher/test/images_test/55173.jpg,60.0,80.0,0.75,RGB,JPEG,19216,04549f4b766164c93d2bf5f8a75af50ab1dfaba4d2d001a23e2feceadff0c192
55175,data/raw/teacher/test/images_test/55175.jpg,60.0,80.0,0.75,RGB,JPEG,12378,32a1fac18023e2ca714221eb52b7c905ccd65961f4242c50d685392c395711bf
55177,data/raw/teacher/test/images_test/55177.jpg,60.0,80.0,0.75,RGB,JPEG,18516,74010cc6d4bd082b5a37b96516e4532a5d993ef041793a1d0954d7e875ba0866
55179,data/raw/teacher/test/images_test/55179.jpg,60.0,80.0,0.75,RGB,JPEG,12489,f4ace0611f380177baba4894443dda3e853b63b9337bb2dc5b78e0efaf231379
55180,data/raw/teacher/test/images_test/55180.jpg,60.0,80.0,0.75,RGB,JPEG,19203,7a3e853d6258b8b85e67994c1fc0a0ef382d42fdca26b1148e5b40c6b31e3f56
55181,data/raw/teacher/test/images_test/55181.jpg,60.0,80.0,0.75,RGB,JPEG,17597,fd06e7ba9bf53f6fabc110587cdc3eb38cd36b70e73d3c6aac605cc6ed29fe04
55184,data/raw/teacher/test/images_test/55184.jpg,60.0,80.0,0.75,RGB,JPEG,20669,5ca7e36aeb9735ed651b888b7354d910a542603f5d7229b2e89721751e2da2dd
55185,data/raw/teacher/test/images_test/55185.jpg,60.0,80.0,0.75,RGB,JPEG,2144,18978deaf527619b4af76f78d649d608fcfe1ddf89781714cc6e511050d265d5
55186,data/raw/teacher/test/images_test/55186.jpg,60.0,80.0,0.75,RGB,JPEG,11352,931ef740b478071a56695656334ba6815e38fa9cd70651f5a9a78c8bea1cd3de
55187,data/raw/teacher/test/images_test/55187.jpg,60.0,80.0,0.75,RGB,JPEG,17555,ed49ad4aa81b30d3c7e1328ecd074ba2476ca95d8c00636a73983a283d986924
55190,data/raw/teacher/test/images_test/55190.jpg,60.0,80.0,0.75,RGB,JPEG,20770,983d410270e3f1589d2c983e4630b8a66c63f36569569194f84e3cceeeda07c0
55191,data/raw/teacher/test/images_test/55191.jpg,60.0,80.0,0.75,RGB,JPEG,11779,816dfe859ee72a7cbbcb101050a149ffd946d1212f5dccfc3770270a61f0559d
55192,data/raw/teacher/test/images_test/55192.jpg,60.0,80.0,0.75,RGB,JPEG,2334,4b865f023d1e849760c89534bfb9553048eb5d252bca7bce814196f982b29e82
55194,data/raw/teacher/test/images_test/55194.jpg,60.0,80.0,0.75,RGB,JPEG,2580,d874961612dde3cd09eca2c8432a4d6a0388bc9121d52606cb46f2e912af0180
55195,data/raw/teacher/test/images_test/55195.jpg,60.0,80.0,0.75,RGB,JPEG,19807,a83600c4e55f64d1d41e36d952aa27bd8ed2471151b46e54143741d170da1be0
55196,data/raw/teacher/test/images_test/55196.jpg,60.0,80.0,0.75,RGB,JPEG,17825,06ff5e50f1cb15b547a491d2859000b0cd92938cda0c697a8a3ad0466ffaffc8
55197,data/raw/teacher/test/images_test/55197.jpg,60.0,80.0,0.75,RGB,JPEG,3242,a554dee04e9b61e2999ea76c4b02912009e7972527c69289a035443cdf15d72d
55198,data/raw/teacher/test/images_test/55198.jpg,60.0,80.0,0.75,RGB,JPEG,12858,02fac03d9377dcdff521748595906b4cff6b214439af9382d03b9bdc53e8ac29
55200,data/raw/teacher/test/images_test/55200.jpg,60.0,80.0,0.75,RGB,JPEG,2518,1e772a0e481b7b7d5e8910e020bddac189503fb036d7a8618a39b042e7524ec7
55201,data/raw/teacher/test/images_test/55201.jpg,60.0,80.0,0.75,RGB,JPEG,2543,b3382634419987bce8849a4a73515585dafab673762253bf45e9027a2372eab1
55202,data/raw/teacher/test/images_test/55202.jpg,60.0,80.0,0.75,RGB,JPEG,19804,87e79f79d6daa9e8f318fc4c8c0e51cc71cd9f233f766792fab8064cf534e74e
55203,data/raw/teacher/test/images_test/55203.jpg,60.0,80.0,0.75,RGB,JPEG,12402,e3e750f4bc55ef138401c13c87c234b87e908e17c33c45a5d066e1ffe87f5fe3
55205,data/raw/teacher/test/images_test/55205.jpg,60.0,80.0,0.75,RGB,JPEG,13591,4bbaf7fcc036309efa1da85b606d0956914aa50e67e800afcdf56d423715a9df
55206,data/raw/teacher/test/images_test/55206.jpg,60.0,80.0,0.75,RGB,JPEG,15021,5dbf863ad8f39bd9d6f5e95af43615a28e35d406bd6c02f9e2d554187a60a08b
55208,data/raw/teacher/test/images_test/55208.jpg,60.0,80.0,0.75,RGB,JPEG,21172,20e00f83389d0c08197b85d8aa175fbd6435c9eb9a4a8ba0f380e2a381ddbf0f
55209,data/raw/teacher/test/images_test/55209.jpg,60.0,80.0,0.75,RGB,JPEG,20611,fa17e475be39785bf9705488d6f01526c8b572dfb2120178d2ddaec393968e0b
55210,data/raw/teacher/test/images_test/55210.jpg,60.0,80.0,0.75,RGB,JPEG,20863,4fc365724499fa878339bbef2afc4f6aca8bf61cb79ccead4e6f9eba0f6905ba
55211,data/raw/teacher/test/images_test/55211.jpg,60.0,80.0,0.75,RGB,JPEG,25669,268bd310e47e9877bc1263b89ae6c9bcf4f559d17e1d453ae331e261259ea10a
55212,data/raw/teacher/test/images_test/55212.jpg,60.0,80.0,0.75,RGB,JPEG,18914,4ad8ba05095af84faa72602fd08b0c6580a30a7c95fa47cb960fd06e69f8a418
55213,data/raw/teacher/test/images_test/55213.jpg,60.0,80.0,0.75,RGB,JPEG,19141,3dfcd9fe96020d036bde17794286919532816da609bdacf16157ade6de50b669
55214,data/raw/teacher/test/images_test/55214.jpg,60.0,80.0,0.75,RGB,JPEG,19095,8373e90b9446ea991c32e5592442dfafdf8e59e6c391f66639274a0d8e189e68
55215,data/raw/teacher/test/images_test/55215.jpg,60.0,80.0,0.75,RGB,JPEG,17294,6e11c99a1fcea74e4f834ed292f1ac2b7978b2027e705b7aa6115f110d600912
55216,data/raw/teacher/test/images_test/55216.jpg,60.0,80.0,0.75,RGB,JPEG,19573,02188d4ce79dee9b7cc5a274aea2e4da7c4948c3a1c7d1572b1c9b3afa855cd4
55217,data/raw/teacher/test/images_test/55217.jpg,60.0,80.0,0.75,RGB,JPEG,16631,0abfe1c888f6e32fff9f3d21310868184b81a01acbaa13e134462ed16365326a
55218,data/raw/teacher/test/images_test/55218.jpg,60.0,80.0,0.75,RGB,JPEG,12723,20159fcb714412a596a69d405b8fcfa667a0b0706013a0c2a6c9d072e4c035f1
55219,data/raw/teacher/test/images_test/55219.jpg,60.0,80.0,0.75,RGB,JPEG,1910,56402318540e8ee6dce06523c298bb17dcc5f6de708588554391273b15e43df8
55220,data/raw/teacher/test/images_test/55220.jpg,60.0,80.0,0.75,RGB,JPEG,1937,b3044cb148349b773299c28da404ea2b6494b434a739f0c3df414479d37bd578
55221,data/raw/teacher/test/images_test/55221.jpg,60.0,80.0,0.75,RGB,JPEG,1893,e42948de0ca1287d09b13d303f19af81f741fcaca503a58f0832d8f824c1c818
55222,data/raw/teacher/test/images_test/55222.jpg,60.0,80.0,0.75,RGB,JPEG,17413,74903723a933fa52a5ae88cbe5fe3fe7a82e41d6b49d54c768e273be1a06f20c
55223,data/raw/teacher/test/images_test/55223.jpg,60.0,80.0,0.75,RGB,JPEG,10546,389fc9d5325f61679635cfe501095b7015fe08c870bc57e476731dc7ff5549e7
55224,data/raw/teacher/test/images_test/55224.jpg,60.0,80.0,0.75,RGB,JPEG,10314,46268c813873c5ae2fa2795282294d17920b5ed41be3bb0beb9677a43fc25f01
55225,data/raw/teacher/test/images_test/55225.jpg,60.0,80.0,0.75,RGB,JPEG,2604,7854134f91600e2754b259e3c6ab60babd0d91b762495810c3c89d2f9ab4d520
55226,data/raw/teacher/test/images_test/55226.jpg,60.0,80.0,0.75,RGB,JPEG,19102,003a04a2b5b54546fae409b76320c755b81cab0c61bd65fba2ac394422a7003b
55227,data/raw/teacher/test/images_test/55227.jpg,60.0,80.0,0.75,RGB,JPEG,2874,b277cb793dc2912e509b5b2ea44ecd056edfd44409e14fd863dc9c137f2408a2
55228,data/raw/teacher/test/images_test/55228.jpg,60.0,80.0,0.75,RGB,JPEG,14136,73aef1a828bfc9f81e966136871c5bba6dd444db27a57dc6b0d880bb8ed173c4
55229,data/raw/teacher/test/images_test/55229.jpg,60.0,80.0,0.75,RGB,JPEG,2668,9372ad4ee0416f90cd7d7eab88e6a5f288fde7ceba475a777d59bc6fc1cdb578
55230,data/raw/teacher/test/images_test/55230.jpg,60.0,80.0,0.75,RGB,JPEG,14126,02d0db881e158fe4cc324287d09d1853e66d1118b5e374760193ab601df50c07
55231,data/raw/teacher/test/images_test/55231.jpg,60.0,80.0,0.75,RGB,JPEG,14111,9590ecfe36254a758fa7d6dd334b8d53d0769b0da63b30f3079e13ead1f1a56b
55232,data/raw/teacher/test/images_test/55232.jpg,60.0,80.0,0.75,RGB,JPEG,14141,dc6810a6cd0e9328128ecc7a9fe008c1be9e68a063bfa3e46a2245c15913b750
55233,data/raw/teacher/test/images_test/55233.jpg,60.0,80.0,0.75,RGB,JPEG,19574,c168d3947daa7e66cedcfe285c5890326ffdaecd2b4b77198240f973496e7e4f
55234,data/raw/teacher/test/images_test/55234.jpg,60.0,80.0,0.75,RGB,JPEG,12005,53172bdd9a116ec984b42d743baa7d4aa43d1bb6131856669b60c87d83ed5d59
55235,data/raw/teacher/test/images_test/55235.jpg,60.0,80.0,0.75,RGB,JPEG,3100,38fb66b3c979a1591b296757bc1021a8309eea30e1e2e38c815efe315a75f72f
55236,data/raw/teacher/test/images_test/55236.jpg,60.0,80.0,0.75,RGB,JPEG,18116,2e69f443dfd527cce317ccb44755bac02e8eb344f0206b516f054dfbe785da5b
55237,data/raw/teacher/test/images_test/55237.jpg,60.0,80.0,0.75,RGB,JPEG,17825,4d4fded5f5bc5d5bfad3d927829d38751953e0a065d981459a61f0717849bd76
55238,data/raw/teacher/test/images_test/55238.jpg,60.0,80.0,0.75,RGB,JPEG,12150,79a93a015dee81aa543b3bc04f69b2ec7c91d7a554f43d9d72f11a66ef9c7bfc
55239,data/raw/teacher/test/images_test/55239.jpg,60.0,80.0,0.75,RGB,JPEG,19027,2e613cbc240b5158da320bebf7cdca7498be86f7c2db8159a7150f2ce29fa641
55240,data/raw/teacher/test/images_test/55240.jpg,60.0,80.0,0.75,RGB,JPEG,3142,1ed6f8e524eeaa33f48483cf2d4e226b3c4ba2e49df4724e49b109af1ef252f9
55241,data/raw/teacher/test/images_test/55241.jpg,60.0,80.0,0.75,RGB,JPEG,18338,2cc33a10ffe3338c3a73a2459d485ae5ba77a6c9d5e608337a83e55e32fc0b41
55242,data/raw/teacher/test/images_test/55242.jpg,60.0,80.0,0.75,RGB,JPEG,3115,9416224c38a42a876c1173694e8f987e34cdd9656b2b955815fa1e1a937c03da
55243,data/raw/teacher/test/images_test/55243.jpg,60.0,80.0,0.75,RGB,JPEG,3207,faf38a6eb23289f02137f2ac49d8320997e0ec7a5e52b58be9fe7bb63d581a2d
55244,data/raw/teacher/test/images_test/55244.jpg,60.0,80.0,0.75,RGB,JPEG,20126,4e00ae0de02d4ee6e8564beb1f364c029da1b3289d19f3c86bf6c5273a6fdfa6
55245,data/raw/teacher/test/images_test/55245.jpg,60.0,80.0,0.75,RGB,JPEG,20119,6512688f7bd46e33332f0d927137b51e751a761a183b63a3a109a7eb5929c313
55246,data/raw/teacher/test/images_test/55246.jpg,60.0,80.0,0.75,RGB,JPEG,20265,e9699a3903fdd1b4ca9776aeb6366c8bc7da13f50474eb309a019a1ab039cc77
55247,data/raw/teacher/test/images_test/55247.jpg,60.0,80.0,0.75,RGB,JPEG,18944,0d1ec64194b60240233ae9dab3e985f57db06cfb19bc66b09b61e7ed5dbced70
55248,data/raw/teacher/test/images_test/55248.jpg,60.0,80.0,0.75,RGB,JPEG,18681,003522dc0bf5d26edbec03285369ffc5bd6b78892579b7dde99f18f9d3de042b
55249,data/raw/teacher/test/images_test/55249.jpg,60.0,80.0,0.75,RGB,JPEG,12938,25845ba252910ac2033861721e1df6c9b381964eb9770c6c927c7cb2a03dc159
55250,data/raw/teacher/test/images_test/55250.jpg,60.0,80.0,0.75,RGB,JPEG,3104,14cd01b9e80d5bde0dc83aff7d55743d51a9b7e62ccf64af39d384592f6777a6
55251,data/raw/teacher/test/images_test/55251.jpg,60.0,80.0,0.75,RGB,JPEG,19260,1ce0f4efc17769fb5e35098da2e7a8e69c9722d526e8a7ad8c6d867d42379103
55252,data/raw/teacher/test/images_test/55252.jpg,60.0,80.0,0.75,RGB,JPEG,1531,8844d7d811e548820ba757cae892fafcb06b021ac8392a863fc18db1befbf7b5
55253,data/raw/teacher/test/images_test/55253.jpg,60.0,80.0,0.75,RGB,JPEG,16950,7409301cdb78abc1f9887cc768891582f0ab3e1d6463609455372ab5ad403681
55254,data/raw/teacher/test/images_test/55254.jpg,60.0,80.0,0.75,RGB,JPEG,16724,79ca45d930087474fa40c65d3e78010abccd3370afa8621801b1235baefbd2e4
55255,data/raw/teacher/test/images_test/55255.jpg,60.0,80.0,0.75,RGB,JPEG,16675,2a7f163a2b70b86ccb8c42b8900150bdfe604eaebd44abc825be87b1bbfb6fd7
55256,data/raw/teacher/test/images_test/55256.jpg,60.0,80.0,0.75,RGB,JPEG,11964,65a325f550246d44825c8742695c1006999058e5c1ec9e62b8e4336b6c7d7cc6
55257,data/raw/teacher/test/images_test/55257.jpg,60.0,80.0,0.75,RGB,JPEG,1883,1cb4baca0014d258f427b0c528107b3bc14dca43fdfa7ba88562e65be0b9e725
55258,data/raw/teacher/test/images_test/55258.jpg,60.0,80.0,0.75,RGB,JPEG,16211,7efd3b2fff6aecafa45b0125a918d8e1efc214ca8467046703cc7691bfa39d06
55259,data/raw/teacher/test/images_test/55259.jpg,60.0,80.0,0.75,RGB,JPEG,10610,4519068471777304dc5e4140f8c0e4cc6cd1fd9fb94032ed44d5591de4783697
55260,data/raw/teacher/test/images_test/55260.jpg,60.0,80.0,0.75,RGB,JPEG,16494,60def1c72274908a6cad71628de6f881f635459479489af4dda48c214b1fdd8c
55261,data/raw/teacher/test/images_test/55261.jpg,60.0,80.0,0.75,RGB,JPEG,10336,17d5b5f26e43e58ebb6f0d700c27cfa93f09fca9a53cce9b7dc82b999dd3426c
55262,data/raw/teacher/test/images_test/55262.jpg,60.0,80.0,0.75,RGB,JPEG,9860,51fa89d1f2149abc5b9a43d1ed8c32b23c0f48d136f3be27a538e6763562431b
55263,data/raw/teacher/test/images_test/55263.jpg,60.0,80.0,0.75,RGB,JPEG,14389,b930a798877a0291eba5230fa38268d84b75ea81364fab3907851ffad19adf86
55264,data/raw/teacher/test/images_test/55264.jpg,60.0,80.0,0.75,RGB,JPEG,20696,9f97726f1326143b8e4f1c374664cbfe815f46d76619286bf3df853d6375fed0
55265,data/raw/teacher/test/images_test/55265.jpg,60.0,80.0,0.75,RGB,JPEG,20882,b34b10193c703da7e6bfdebf7e7226ddcb02d282f185f71a70135979a0e43711
55266,data/raw/teacher/test/images_test/55266.jpg,60.0,80.0,0.75,RGB,JPEG,17447,0324ddb783c0a4225c710f44a0f9cb17f46658ff3562551a47c2b1c0441736f2
55267,data/raw/teacher/test/images_test/55267.jpg,60.0,80.0,0.75,RGB,JPEG,17426,c4820c31a26aaefd9d3c31c15e33c7221324b8b6403238a311c47dcc3a825e9a
55268,data/raw/teacher/test/images_test/55268.jpg,60.0,80.0,0.75,RGB,JPEG,2027,7f77ff1aebb124dcb9d82278cc120ea7d50e7d1e77008e4bdc5e8222ecdcb07d
55269,data/raw/teacher/test/images_test/55269.jpg,60.0,80.0,0.75,RGB,JPEG,2036,a1c525984ca7901da2a5c87eac90b65094a7a19d6a25e80c2860acca6bd6a354
55270,data/raw/teacher/test/images_test/55270.jpg,60.0,80.0,0.75,RGB,JPEG,10433,c0b55b0a2d5bb2c002c1f5dd8acfcf75f09db9cdb7907766a29c63735037191c
55271,data/raw/teacher/test/images_test/55271.jpg,60.0,80.0,0.75,RGB,JPEG,16921,5168e75a6be5cc5a4392a864008e1affb27039a791ebc9e2a6b3ee6200c5a307
55272,data/raw/teacher/test/images_test/55272.jpg,60.0,80.0,0.75,L,JPEG,15948,63dbb4a035cca42cf49b2ffc36b2dce880a6a4fb3a3d95fbd4a45734ac9657bb
55273,data/raw/teacher/test/images_test/55273.jpg,60.0,80.0,0.75,RGB,JPEG,16837,77718d81d578eae54d577eac66402605462e67c35d72adf538e0ce682c91ce99
55274,data/raw/teacher/test/images_test/55274.jpg,60.0,80.0,0.75,RGB,JPEG,2219,6dd9359f207113faf26dee93ccfe8901dfa73277da584188ba9ea0a2bd4dd352
55275,data/raw/teacher/test/images_test/55275.jpg,60.0,80.0,0.75,RGB,JPEG,19075,d466a6ecc94b56f688d04e1ca6dbbfaa329d3af747b0b17afef47993bce717c9
55276,data/raw/teacher/test/images_test/55276.jpg,60.0,80.0,0.75,RGB,JPEG,2711,66c1ee8e61380d3a01254e1555963698d1f5600bca830959670464f4d8854753
55277,data/raw/teacher/test/images_test/55277.jpg,60.0,80.0,0.75,RGB,JPEG,11303,5517745f000c82b33c81791c40fb8b3feac302eeae2dca8789cc536b38cb9e0c
55278,data/raw/teacher/test/images_test/55278.jpg,60.0,80.0,0.75,RGB,JPEG,3193,d41ac6f7a7ed55d9f2ca422a0abea386f941e9db5f825395eff79573fa1224c4
55280,data/raw/teacher/test/images_test/55280.jpg,60.0,80.0,0.75,RGB,JPEG,3190,1f840cad42d8b2fc9f2c63dff76d22441de2f5586092d4b7200c19789ece9837
55281,data/raw/teacher/test/images_test/55281.jpg,60.0,80.0,0.75,RGB,JPEG,13994,2ed07ecdf2dd7902aa75c184a9f38029cd1558224fd32271027c91b1e44eb5cc
55282,data/raw/teacher/test/images_test/55282.jpg,60.0,80.0,0.75,RGB,JPEG,3090,c2e9270d79ff4d700242bfca7e49bf690e56946db81794b87c5117a0699701d2
55283,data/raw/teacher/test/images_test/55283.jpg,60.0,80.0,0.75,RGB,JPEG,19975,df1888e3ab651bfa677ab46bbe4b50c492e679d87df50a2eb69e4e22fbab98b5
55284,data/raw/teacher/test/images_test/55284.jpg,60.0,80.0,0.75,RGB,JPEG,19786,c831c9f8c90295a538594630a1e6cfe105e71fd6914e9005092673f04fd9ec3e
55285,data/raw/teacher/test/images_test/55285.jpg,60.0,80.0,0.75,RGB,JPEG,23105,57b96013b0a29642a2ef48983e2501e7c3ea0318d0cf7b7245736ee863e33d7b
55286,data/raw/teacher/test/images_test/55286.jpg,60.0,80.0,0.75,RGB,JPEG,3420,753b45d5bed630fa03894e597aa4e8863bd87f1e98cfa575667ce35b328a8c3e
55287,data/raw/teacher/test/images_test/55287.jpg,60.0,80.0,0.75,RGB,JPEG,3234,ce5663489ce706556c747012044181de18779f40d2f75ddf3291d0ab2e775389
55288,data/raw/teacher/test/images_test/55288.jpg,60.0,80.0,0.75,RGB,JPEG,3233,7ffcb24b97ff83c78b17029311a422f89183037b9a4601c4dc307ce89cf0a9e1
55289,data/raw/teacher/test/images_test/55289.jpg,60.0,80.0,0.75,RGB,JPEG,3233,7ffcb24b97ff83c78b17029311a422f89183037b9a4601c4dc307ce89cf0a9e1
55290,data/raw/teacher/test/images_test/55290.jpg,60.0,80.0,0.75,RGB,JPEG,14896,db80d6735980738a2da09079398939a22c0573afa56d2fed1660fbe4f00841b3
55291,data/raw/teacher/test/images_test/55291.jpg,60.0,80.0,0.75,RGB,JPEG,15339,b43be26ae7aaf31bcd45860b6c0d3e3a1cd8e3fc465dad83f09206ed5a2db9b3
55292,data/raw/teacher/test/images_test/55292.jpg,60.0,80.0,0.75,RGB,JPEG,15189,bdbfcce41a8625fb5c8944d00958fe4e971fe7dc026d766e80152f9154a0bf26
55293,data/raw/teacher/test/images_test/55293.jpg,60.0,80.0,0.75,RGB,JPEG,19897,ae37c4b850314f62be972d5f5dc4daa059e0f44d5090d46a04bc757238f02dac
55294,data/raw/teacher/test/images_test/55294.jpg,60.0,80.0,0.75,RGB,JPEG,19587,e257de1f880a705d7b70bb21be4f3e7334f7b04d595c4c9bb544ffc0764f73e3
55295,data/raw/teacher/test/images_test/55295.jpg,60.0,80.0,0.75,RGB,JPEG,19029,034b75accaf0265e65944dc74b874525c577d7b9ce4ba67a0df36f601e909755
55296,data/raw/teacher/test/images_test/55296.jpg,60.0,80.0,0.75,RGB,JPEG,19559,51788a4a78617dd8ed3228bcf4a0ae98cfc3202f58eaf1ec2f8871c9808a8471
55297,data/raw/teacher/test/images_test/55297.jpg,60.0,80.0,0.75,RGB,JPEG,12899,fd4ebfdcb9a92635ce7d5bf4da63bc1974e56f753bb44288b5c0415e7b51e851
55298,data/raw/teacher/test/images_test/55298.jpg,60.0,80.0,0.75,RGB,JPEG,19869,38963d05af59f5550ada6575a6213554699f2a5d91267f5c57b734757d50b91e
55299,data/raw/teacher/test/images_test/55299.jpg,60.0,80.0,0.75,RGB,JPEG,19990,242deda45818d4cf4c88889e96fcdf6357f634a6806c3ef3719ea75d7a2e3e56
55300,data/raw/teacher/test/images_test/55300.jpg,60.0,80.0,0.75,RGB,JPEG,2691,2c0fde6553b1007e9ade7c09aa13a006704b802d3e8d3056b344f05fc9d0fd04
55301,data/raw/teacher/test/images_test/55301.jpg,60.0,80.0,0.75,RGB,JPEG,17231,66c28fb4cc2684126e80c1204bfcadb20521652d7af3b34925b25a8751ce69d5
55306,data/raw/teacher/test/images_test/55306.jpg,60.0,80.0,0.75,RGB,JPEG,20763,aff0a363b93e19f1f9650cc131898cef2572a6372190c7db964a163c687dd992
55307,data/raw/teacher/test/images_test/55307.jpg,60.0,80.0,0.75,RGB,JPEG,12733,8ce18c33d37072d7f788528a167035debe970a30df6c23e6a6b6d9ac2a715850
55314,data/raw/teacher/test/images_test/55314.jpg,60.0,80.0,0.75,RGB,JPEG,15324,17916be91dc785ff22d3d9856629c84db4af5338f81c2cf41317f7ee6df52849
55315,data/raw/teacher/test/images_test/55315.jpg,60.0,80.0,0.75,RGB,JPEG,19162,b38a860b6dad7502192db4b7b8e5ad617587a9a4654eb008741bcabb088b93d7
55316,data/raw/teacher/test/images_test/55316.jpg,60.0,80.0,0.75,RGB,JPEG,20888,584a11156ba853f8da41472c7cc47cdc1da1f66a4e08d0fffbae5a98546ec0e8
55317,data/raw/teacher/test/images_test/55317.jpg,60.0,80.0,0.75,RGB,JPEG,15477,64d3d5ac53360d7347176e0c1d83e5a7f9263ac159acc4d17b3aad1c17f7b0f3
55318,data/raw/teacher/test/images_test/55318.jpg,60.0,80.0,0.75,RGB,JPEG,23107,9e3599620d3603cf99511690bbd0c477ce14843c880f6b3551ae964916e9900b
55319,data/raw/teacher/test/images_test/55319.jpg,60.0,80.0,0.75,RGB,JPEG,733,320a2b2d5d457b5f51958d7416a8473a4e1ac9bfe851360f456f4a35383f2482
55320,data/raw/teacher/test/images_test/55320.jpg,60.0,80.0,0.75,RGB,JPEG,23922,9458758f23318ae0d3b83909dce6dd9c40e30608d919ebcd8fec9c6f8a2228af
55321,data/raw/teacher/test/images_test/55321.jpg,60.0,80.0,0.75,RGB,JPEG,3110,c1645bfeb7f7a7c3ac75c1c12fbd7ecce58027794cce7bed1b4343051f5192ad
55322,data/raw/teacher/test/images_test/55322.jpg,60.0,80.0,0.75,RGB,JPEG,917,c296dd0d8d0eea31a1ca8e57bd6b13b48b1236f6c02b887f88169c5157dfc806
55323,data/raw/teacher/test/images_test/55323.jpg,60.0,80.0,0.75,RGB,JPEG,22273,e78531d07017182df0a7c03719d113e98319b70e09459411fcb795321b31e9bd
55324,data/raw/teacher/test/images_test/55324.jpg,60.0,80.0,0.75,RGB,JPEG,16343,8e44840c122922f979882405ee22e130d2f19932aa9000896173008c59541205
55325,data/raw/teacher/test/images_test/55325.jpg,60.0,80.0,0.75,RGB,JPEG,23096,b28c931df80159781bbddcf57013b0fe80bfe696bb59b3710f53d049fd6d2d3e
55326,data/raw/teacher/test/images_test/55326.jpg,60.0,80.0,0.75,RGB,JPEG,20430,98b337a2aead761b504945f1ec08e23663d3c671d701179127e0c96c53ef3625
55328,data/raw/teacher/test/images_test/55328.jpg,60.0,80.0,0.75,RGB,JPEG,3383,de76b2eec9ab9cf534aee58dda08101387e01a4a2f1126347bd0361a3deac877
55329,data/raw/teacher/test/images_test/55329.jpg,60.0,80.0,0.75,RGB,JPEG,3327,f8efb2def1824181fb74f7c729dac425a9f57b67c58c56231cfb436802ca25a3
55330,data/raw/teacher/test/images_test/55330.jpg,60.0,80.0,0.75,RGB,JPEG,3347,0041d9ff7d3f0504e5533e4e3d9edd313886a881f61bed0db237b0914e935621
55331,data/raw/teacher/test/images_test/55331.jpg,60.0,80.0,0.75,RGB,JPEG,21971,6251f7fd295f6d10bd2fbc8715709cab0c5dcadb94b76c1c9424f2906768d6cf
55332,data/raw/teacher/test/images_test/55332.jpg,60.0,80.0,0.75,RGB,JPEG,23642,f45b39e4c903e4455f0d75c533b73e922194f27989e2fa34eea28fa03a905134
55333,data/raw/teacher/test/images_test/55333.jpg,60.0,80.0,0.75,RGB,JPEG,3480,0dffc6a2daaddc4df62847671a4dcacbe8263625de4d3c4995c367cfe68283e5
55334,data/raw/teacher/test/images_test/55334.jpg,60.0,80.0,0.75,RGB,JPEG,3684,3dd2d75aa2c73c46c13aee1be480fc87aa7e5aa319043a648a2ed99bb6e9e993
55335,data/raw/teacher/test/images_test/55335.jpg,60.0,80.0,0.75,RGB,JPEG,26436,ab91b052598da932d533c19559b8e6fbdd5d4ce1c539cf58cc028658f802ec68
55336,data/raw/teacher/test/images_test/55336.jpg,60.0,80.0,0.75,RGB,JPEG,3311,cef607b527625784157092af253e312dd7d1c4bb60c45447d8833e6728b62721
55337,data/raw/teacher/test/images_test/55337.jpg,60.0,80.0,0.75,RGB,JPEG,2464,7475f3d0693fd5efb2eb6993dfaea7410456c4071f6bc04dac96ad4d4dad7133
55338,data/raw/teacher/test/images_test/55338.jpg,60.0,80.0,0.75,RGB,JPEG,10211,dc8f887d98ab538d689ad9e9f6984a00e2ae832cf658c51040bb1031a5c4dbee
55339,data/raw/teacher/test/images_test/55339.jpg,60.0,80.0,0.75,RGB,JPEG,11744,aa8b4af916dfc08b96416224ec72094371629a230404727d097996eae329e4d8
55344,data/raw/teacher/test/images_test/55344.jpg,60.0,80.0,0.75,RGB,JPEG,18096,07d358ce655376edcc043591d731b32367481a73a537bd7cef51aba63f8d2793
55347,data/raw/teacher/test/images_test/55347.jpg,60.0,80.0,0.75,RGB,JPEG,18412,b0661c9b4afac5c61657b3e0239a700b4609cd4f2eceb2e344cda8e2a3ea64d3
55349,data/raw/teacher/test/images_test/55349.jpg,60.0,80.0,0.75,RGB,JPEG,22259,5c66ff8bae929148533d68e11a483b7c272b3e51cc60d0a11c93a7929f1c3912
55350,data/raw/teacher/test/images_test/55350.jpg,60.0,80.0,0.75,RGB,JPEG,22080,e1b280ef66b8801fc556ab2f9455ca2ccdeb67ddfc6424ce25a4a7a9c6016e75
55351,data/raw/teacher/test/images_test/55351.jpg,60.0,80.0,0.75,RGB,JPEG,20521,df06d902202f9aa47afd1b6500622b1f1a9915a7772b5bed1a31ebc143fa58f7
55352,data/raw/teacher/test/images_test/55352.jpg,60.0,80.0,0.75,RGB,JPEG,4269,6e0b985fbbd5eabb5c573955458fe0be66f7052fb8a5249a2dc3172f1af0cbd4
55354,data/raw/teacher/test/images_test/55354.jpg,60.0,80.0,0.75,RGB,JPEG,12490,fceaf6c7e1257d3c669060d54be62727c665379bd0a2e5618e383e7f11a95695
55357,data/raw/teacher/test/images_test/55357.jpg,60.0,80.0,0.75,RGB,JPEG,3233,207b8e6f03a4ee500cdf4fca654b05de087352188ec2e42203383129cb32b874
55358,data/raw/teacher/test/images_test/55358.jpg,60.0,80.0,0.75,RGB,JPEG,19354,bc09e1b313fdf3ab4ce4a8400ee666303e97784330dd0d08db86bff3c1eda367
55359,data/raw/teacher/test/images_test/55359.jpg,60.0,80.0,0.75,RGB,JPEG,18428,03a72e27f1e0f44aa84ab3a19e4bc44a45f2475fcdeea6bd271d9452f99753e3
55361,data/raw/teacher/test/images_test/55361.jpg,60.0,80.0,0.75,RGB,JPEG,12182,c000cacbfd190931582ae55b553d9ad3881fe0122f933ac3a3de91a49d0a1766
55362,data/raw/teacher/test/images_test/55362.jpg,60.0,80.0,0.75,RGB,JPEG,18229,9a785d7e2786b03ba26850c96b63453a2b9565729c77a661a6e9dffad017e246
55363,data/raw/teacher/test/images_test/55363.jpg,60.0,80.0,0.75,RGB,JPEG,19699,ece46068a103edefe5d678c6e32429b92138ce528329e3f7130c44d8ebc43eb8
55364,data/raw/teacher/test/images_test/55364.jpg,60.0,80.0,0.75,RGB,JPEG,20879,64799d3d4c01effb012cc6654b82550fd24a109d67700b273737394a0c47a848
55365,data/raw/teacher/test/images_test/55365.jpg,60.0,80.0,0.75,RGB,JPEG,14524,b7e9a90299e43c6465b79d71810186c68c004bfbb8a3ea51488e39c77acb0c9a
55366,data/raw/teacher/test/images_test/55366.jpg,60.0,80.0,0.75,RGB,JPEG,19381,4e455a04609d763b7e082eb455fee642ba26c15ec15a2eec7ff5d2f640764fb6
55368,data/raw/teacher/test/images_test/55368.jpg,60.0,80.0,0.75,RGB,JPEG,19103,a99fc003baf8d02700a03d314bbdbbe42fa517829faee2646f34fbf7d94e8f31
55369,data/raw/teacher/test/images_test/55369.jpg,60.0,80.0,0.75,RGB,JPEG,12960,a89a4f2fae8c5542905bcb2543b0aa8da16bc198beec41dbe38d980c02fef62b
55370,data/raw/teacher/test/images_test/55370.jpg,60.0,80.0,0.75,RGB,JPEG,18657,12b3d2fb1e3a490f67453478716885c021cb58f8a2f2993620d4c4027fd5a646
55373,data/raw/teacher/test/images_test/55373.jpg,60.0,80.0,0.75,RGB,JPEG,12856,8ab5939b5ae82b2e7156b6c8236ec74b2b4951de42f34687836ce8ffe5a8670c
55375,data/raw/teacher/test/images_test/55375.jpg,60.0,80.0,0.75,RGB,JPEG,3268,feb32b897a7a72ab3f56c9f7bcc760995142e40902a5cad5436d0649a90cb9f2
55376,data/raw/teacher/test/images_test/55376.jpg,60.0,80.0,0.75,RGB,JPEG,19752,f526a59248ff96f756833b522ecedc2feb1db1419e7f38314aec630d3bd807ea
55377,data/raw/teacher/test/images_test/55377.jpg,60.0,80.0,0.75,RGB,JPEG,3179,79e3efc7ff16c0ac2968b3e0bf96d300f8ec506300f3ffde9decd7b32eb3ecb8
55378,data/raw/teacher/test/images_test/55378.jpg,60.0,80.0,0.75,RGB,JPEG,3103,1c863ca678e464b127f20098c5e7030353435f3b8f015f3985987b65e637f862
55379,data/raw/teacher/test/images_test/55379.jpg,60.0,80.0,0.75,RGB,JPEG,18929,3a5dbfaa55bd0399cd2e25953770de5d049aec8746fb0aefddff09a9fdf489c9
55380,data/raw/teacher/test/images_test/55380.jpg,60.0,80.0,0.75,RGB,JPEG,19599,c3d649f7f04eba72b63bfc3e7985290e84d40d10238dc409f7acc82164b4a54b
55381,data/raw/teacher/test/images_test/55381.jpg,60.0,80.0,0.75,RGB,JPEG,19886,c8e5fe9ff3d2269c7781f5282bd8b2cb1e28e27be7fd3658a06d1861b65ec389
55382,data/raw/teacher/test/images_test/55382.jpg,60.0,80.0,0.75,RGB,JPEG,20547,2a31614dd460b301d896590cf5f4b2d531cae7b7f63393ab6fd984afeaedc246
55383,data/raw/teacher/test/images_test/55383.jpg,60.0,80.0,0.75,RGB,JPEG,21998,f2d1635fc52a601dca9a46ff9df590274871115de7411fa9c2980ad38fe66488
55384,data/raw/teacher/test/images_test/55384.jpg,60.0,80.0,0.75,RGB,JPEG,3377,b9783422554db9c8d90c0c5095224e84a1e494008883ec340e9aed842a91e099
55385,data/raw/teacher/test/images_test/55385.jpg,60.0,80.0,0.75,RGB,JPEG,16452,8986c823ba7c0145a7dec7b96e2f9686ee0e52f6a6c91fdc7826b2234a01ee43
55387,data/raw/teacher/test/images_test/55387.jpg,60.0,80.0,0.75,RGB,JPEG,3381,cdf7cd714b4aee0df1740ef1ccc595a966e03234a50c7d2627290703651d6078
55388,data/raw/teacher/test/images_test/55388.jpg,60.0,80.0,0.75,RGB,JPEG,13461,d4d1d02d1aef6e1f64868eb240bce0f320cbffb5dc82edd9d198df5a0b838554
55389,data/raw/teacher/test/images_test/55389.jpg,60.0,80.0,0.75,RGB,JPEG,18471,f550037eb1cfce430fbb5d6f5209ae52b729a1751d2bda634d4e0afda4e57f84
55390,data/raw/teacher/test/images_test/55390.jpg,60.0,80.0,0.75,RGB,JPEG,19024,f9038118f1e98983395b115d6dabb64c9bb7a7653127ad985b8496ad60d49b30
55391,data/raw/teacher/test/images_test/55391.jpg,60.0,80.0,0.75,RGB,JPEG,20905,00db08cf18bf312c1812ed4cee4d9e7a8afc50d6e8526dea5bba927be9843474
55392,data/raw/teacher/test/images_test/55392.jpg,60.0,80.0,0.75,RGB,JPEG,12883,4fdd14c8c3510d833bc25134767c13bf40b340b235a89543ed0aa2fecd705c10
55394,data/raw/teacher/test/images_test/55394.jpg,60.0,80.0,0.75,RGB,JPEG,2554,03a0d6d8c6b84c2166a71e3a83b15f0ac7ce7e94668003140f81a7517637419b
55395,data/raw/teacher/test/images_test/55395.jpg,60.0,80.0,0.75,RGB,JPEG,19985,4e165c70dd0315b43df536afd72761e13157fefb88a87f6bcf2a5a1c070d84e2
55396,data/raw/teacher/test/images_test/55396.jpg,60.0,80.0,0.75,RGB,JPEG,19773,d1774a0b40623ced759f258baceb030c39c4788ef1a26e4c0138ea95eac8be5f
55397,data/raw/teacher/test/images_test/55397.jpg,60.0,80.0,0.75,RGB,JPEG,23063,0a810a431c0f4cb1d6bb1a518811bc04b3788554e0ba9867fe067d51874384fa
55398,data/raw/teacher/test/images_test/55398.jpg,60.0,80.0,0.75,RGB,JPEG,19854,35aead03caa6814bc301a68fd3853f4d864a648db09ada214bc13e0070b6f707
55399,data/raw/teacher/test/images_test/55399.jpg,60.0,80.0,0.75,RGB,JPEG,2348,0adb3c1732d6d7d4e7ff453f35c0684a95bdd74adcd6e3e8422de25d901e25c4
55400,data/raw/teacher/test/images_test/55400.jpg,60.0,80.0,0.75,RGB,JPEG,2201,7125404107b3b8abea79fcf878326a0ae3697120162033682e85119ac3ebaee9
55402,data/raw/teacher/test/images_test/55402.jpg,60.0,80.0,0.75,RGB,JPEG,2181,6e91092007f5816aea3056d786f9f77026d60b3fa0cd3a7137fcc5a5cb684810
55407,data/raw/teacher/test/images_test/55407.jpg,60.0,80.0,0.75,RGB,JPEG,20613,e578c1f088a0eb0c4b76f8dff6d6d0300b63e91ba30fca5d8953f680c765105f
55408,data/raw/teacher/test/images_test/55408.jpg,60.0,80.0,0.75,RGB,JPEG,17329,a6b8a49cad8b981704bb6d43d6ed6d87ade966f7b5d52eec2631b0e15224e32f
55409,data/raw/teacher/test/images_test/55409.jpg,60.0,80.0,0.75,RGB,JPEG,17025,8ea76a67866b0192e35cffaf91a148a3cbec132e7ea6052327c6093dc3b8e9b9
55410,data/raw/teacher/test/images_test/55410.jpg,60.0,80.0,0.75,RGB,JPEG,21268,6de87cb917d9afb3a47786ba7959c56f079fd4d8946f570e47b1593e3583ed75
55418,data/raw/teacher/test/images_test/55418.jpg,60.0,80.0,0.75,RGB,JPEG,2772,ebcd0340d73969edd07a93383c592d643af242ac045fbba93cb28e45a772a608
55419,data/raw/teacher/test/images_test/55419.jpg,60.0,80.0,0.75,RGB,JPEG,18686,76bfc946b5f134be8bc43a5580bf80cda07c6b9579d42c80fe7e0ee07844aa6a
55420,data/raw/teacher/test/images_test/55420.jpg,60.0,80.0,0.75,RGB,JPEG,18201,4d8b3b8d316c5cb126c567ea150d9311b6be77bfbd10bd73141c23c24d6bde39
55421,data/raw/teacher/test/images_test/55421.jpg,60.0,80.0,0.75,RGB,JPEG,2743,de9a80948de2462ae3febd7da3741f0f3c60e3ede3ff92ae7e63d769aa78be26
55423,data/raw/teacher/test/images_test/55423.jpg,60.0,80.0,0.75,RGB,JPEG,2933,925d9e53032d5544b19daaf13513cd9d2bced4214859992999ea0a8175b09b16
55424,data/raw/teacher/test/images_test/55424.jpg,60.0,80.0,0.75,RGB,JPEG,2788,54685a6c327ffa80e9c32287813a76b61de24dc6c7931dd2883bf3f55a2cc63f
55425,data/raw/teacher/test/images_test/55425.jpg,60.0,80.0,0.75,RGB,JPEG,2823,f603f5a89730e44aff1f4288fb631bb6346f9d8c68d2f508815e1742c45efcc2
55426,data/raw/teacher/test/images_test/55426.jpg,60.0,80.0,0.75,RGB,JPEG,3072,4e59e6f8db55bbef589c30baf3dd5290a870c0f5c70a59b284caec31d11ecb73
55427,data/raw/teacher/test/images_test/55427.jpg,60.0,80.0,0.75,RGB,JPEG,2763,83fefe278a5c1378d4fddfe97f9c9ed9705049c3181c8f964838539fd5b700aa
55428,data/raw/teacher/test/images_test/55428.jpg,60.0,80.0,0.75,RGB,JPEG,18243,1c764b7dbbe7f508860b18b85827089fd4e4351b96f2bd81a695e3387ce56a67
55429,data/raw/teacher/test/images_test/55429.jpg,60.0,80.0,0.75,RGB,JPEG,12411,271adc789079126b01f5b180e2f88b7cead76809be86a0568385bc2e55ecdfa9
55430,data/raw/teacher/test/images_test/55430.jpg,60.0,80.0,0.75,RGB,JPEG,19563,7c087386d023b51603c8f83a8a0b300b50342602a1678c1613ae6d5483473c45
55431,data/raw/teacher/test/images_test/55431.jpg,60.0,80.0,0.75,RGB,JPEG,23944,c3c3a064277e8ff06b644f51045d4c179ab083970e1ee40edc9dadae81ec205e
55432,data/raw/teacher/test/images_test/55432.jpg,60.0,80.0,0.75,RGB,JPEG,23412,221a75140dad6a8bcc46aaf2d9a3fbbd1c6b62bc5f7c513d86f95cb86aece696
55433,data/raw/teacher/test/images_test/55433.jpg,60.0,80.0,0.75,RGB,JPEG,23170,0c1b63ba745dd45a268f49a9a4e2cc0c84e4f32f5456bfb87e49d4050d44965a
55434,data/raw/teacher/test/images_test/55434.jpg,60.0,80.0,0.75,RGB,JPEG,23372,ebe606fb349f82dbe3d5ac96f812a1416b9eb993ec0a5c9acbd52df0f1a5093d
55436,data/raw/teacher/test/images_test/55436.jpg,60.0,80.0,0.75,RGB,JPEG,24228,375b0352aacb74d423fe41318b43f305bde5d9478c8892f4f3ba243d89c629fa
55437,data/raw/teacher/test/images_test/55437.jpg,60.0,80.0,0.75,RGB,JPEG,23359,295bc81ba4138d05ea8cb20fc9b55310227d3e1be348688bf36ddeedabb94718
55438,data/raw/teacher/test/images_test/55438.jpg,60.0,80.0,0.75,RGB,JPEG,16732,ec19809e9624fded7df2a63542a1867ab3815c3353f0f49fee468ad0b09f3155
55439,data/raw/teacher/test/images_test/55439.jpg,60.0,80.0,0.75,RGB,JPEG,19130,c89235f82359a2b3da688e1c8382dc9ec22162f9f491f7863b76ad2628fc6468
55440,data/raw/teacher/test/images_test/55440.jpg,60.0,80.0,0.75,RGB,JPEG,19899,c95a90c3335d37d2741eda02cfe4dd1b8f0dad69e1665d1f36a503ff48a01f73
55441,data/raw/teacher/test/images_test/55441.jpg,60.0,80.0,0.75,RGB,JPEG,19241,7dab28e2baea105293fb43d6ece2fa793eeed23663b841b22e7ae6c67e31ed24
55442,data/raw/teacher/test/images_test/55442.jpg,60.0,80.0,0.75,RGB,JPEG,19315,c2111d590d1bc4565bf6ec422b1bb19ea46b6c30aec40b2338fc84bbaef2a538
55443,data/raw/teacher/test/images_test/55443.jpg,60.0,80.0,0.75,RGB,JPEG,18294,d83e47e9dd6fcf9f7fbf818f6994e3bb3128650f878f4fe55b6ca8cbbe705059
55444,data/raw/teacher/test/images_test/55444.jpg,60.0,80.0,0.75,RGB,JPEG,2855,d0e30b738a8ed51b2230ed68755339cc442e117a4a0c93fb8c97c4474551b5f4
55445,data/raw/teacher/test/images_test/55445.jpg,60.0,80.0,0.75,RGB,JPEG,18529,3ceefddb86aa84db3d819b6bb31aa602240907301ab217f55998f81935fe4096
55446,data/raw/teacher/test/images_test/55446.jpg,60.0,80.0,0.75,RGB,JPEG,2820,e03e632e98f568e76cba23581a5621392d8688c6ef32f11fab80487814b825bf
55447,data/raw/teacher/test/images_test/55447.jpg,60.0,80.0,0.75,RGB,JPEG,11829,256a21da867bad4807c5a679b3b8050a887f7b55589ad1acddce3a0a5bc5c087
55448,data/raw/teacher/test/images_test/55448.jpg,60.0,80.0,0.75,RGB,JPEG,24610,9f40414b0057f568735bc565ed687a25fb473624226bba73de24f29a8196a964
55449,data/raw/teacher/test/images_test/55449.jpg,60.0,80.0,0.75,RGB,JPEG,2874,a60b701921ae3bee7922150681e2890cb9fabb00ede500c91698b4481d87629a
55450,data/raw/teacher/test/images_test/55450.jpg,60.0,80.0,0.75,RGB,JPEG,10842,780f6f3d50f4801952cd143ad34a3f8a8d28ab6eb77a13bc055dd2361f99780d
55451,data/raw/teacher/test/images_test/55451.jpg,60.0,80.0,0.75,RGB,JPEG,23757,68e84f43a3c3fda42ca37f3118cc2c743a4dccbbc3af10e2bff752cb735befaa
55454,data/raw/teacher/test/images_test/55454.jpg,60.0,80.0,0.75,RGB,JPEG,2944,f50040698a0c5f5b3c21f0a60d1aac80bf5ee898f21807e8c554f70c21639041
55455,data/raw/teacher/test/images_test/55455.jpg,60.0,80.0,0.75,RGB,JPEG,12696,1234ee2c5d06fc2ca81ea342b55b47ae2800ef9658de1e9e4e167f94a2a14eda
55456,data/raw/teacher/test/images_test/55456.jpg,60.0,80.0,0.75,RGB,JPEG,11923,9c76d5d08e0dfdb94f4f8ed2f3f73494695d404c605221393523664178ee2106
55457,data/raw/teacher/test/images_test/55457.jpg,60.0,80.0,0.75,RGB,JPEG,3041,9300c5a138a6ff9f012671fd9bb8f5f088200013211da5c2c934e61bab537283
55458,data/raw/teacher/test/images_test/55458.jpg,60.0,80.0,0.75,RGB,JPEG,3053,1f40388c9aa165634e1ea30cbb84e1ceab0ae9b2a7a51e42a5022e55b08f605f
55459,data/raw/teacher/test/images_test/55459.jpg,60.0,80.0,0.75,RGB,JPEG,18048,4d3e9e50dab745adfbb11a146d60459f95dc1be813cf26722f751818925f0361
55460,data/raw/teacher/test/images_test/55460.jpg,60.0,80.0,0.75,RGB,JPEG,20876,d5cde4e8bf9173786249291a4a173f371a944a7c7d804255db0b982e389b8329
55461,data/raw/teacher/test/images_test/55461.jpg,60.0,80.0,0.75,RGB,JPEG,18052,fe0bffc9ba7f6a59edc160ba74c7b0f298c67fd13041092b7580f1a4924a9ac4
55462,data/raw/teacher/test/images_test/55462.jpg,60.0,80.0,0.75,RGB,JPEG,23790,89f950cc1afa069f0ea94d78d94bd23e6836d231a443d52f3eda716515cccb66
55463,data/raw/teacher/test/images_test/55463.jpg,60.0,80.0,0.75,RGB,JPEG,2779,30803eb763b2b3ccb3dddc6210a7824047363ab8b90431a5618752535b9bbb6d
55464,data/raw/teacher/test/images_test/55464.jpg,60.0,80.0,0.75,RGB,JPEG,2814,98a471d9186b9b4cc2c36e231cc5af5e15f075c6d655376d7c9d5cbc4f39e6f8
55465,data/raw/teacher/test/images_test/55465.jpg,60.0,80.0,0.75,RGB,JPEG,2811,e5d66856fc168977938f5d3699ba89a632aa80f91af77a44900634d74f7d1d40
55466,data/raw/teacher/test/images_test/55466.jpg,60.0,80.0,0.75,RGB,JPEG,21801,bf452c993e438b127b64317d6828b92b686cb824ec18234063cc179de788979b
55467,data/raw/teacher/test/images_test/55467.jpg,60.0,80.0,0.75,RGB,JPEG,18021,689b8a8a498053ca9605bdbc582315b0d33628c7b82fe7e04e366ca9238d32bd
55468,data/raw/teacher/test/images_test/55468.jpg,60.0,80.0,0.75,RGB,JPEG,2802,2aa6cd1c365051be405f4a145873d0ab6727a64e90befd08d54d0148c93fdbbe
55469,data/raw/teacher/test/images_test/55469.jpg,60.0,80.0,0.75,RGB,JPEG,2799,02bed9edace5f208ca4675f15c9904d89ba02831857969b0cd902606f638e5ac
55470,data/raw/teacher/test/images_test/55470.jpg,60.0,80.0,0.75,RGB,JPEG,14637,48325ad24e740fad341dd7e8e7394912b174b434e5b2a6889d4a2e6b54cb8144
55471,data/raw/teacher/test/images_test/55471.jpg,60.0,80.0,0.75,RGB,JPEG,18083,62a64f156b40b7452a2ba65601a38e66332b806fb76ff2757edd37d3b8531a24
55472,data/raw/teacher/test/images_test/55472.jpg,60.0,80.0,0.75,RGB,JPEG,18046,0aa70d5eb90e78eb18cd724fb2792aee7e8dedf63590ca52fab0500de81e7042
55473,data/raw/teacher/test/images_test/55473.jpg,60.0,80.0,0.75,RGB,JPEG,18445,9f15130941b0761707a98f5926cd69a6971f605cde763ff56da5f07b2c63a856
55474,data/raw/teacher/test/images_test/55474.jpg,60.0,80.0,0.75,RGB,JPEG,2426,0df8faa6d21ca46ee906bf63398cba697c075b5a5cc9ac4b26ab38b2bd39cdf1
55475,data/raw/teacher/test/images_test/55475.jpg,60.0,80.0,0.75,RGB,JPEG,2522,8e2acb7ffd95bcada8d402b241e7ec3dc2c785a19e81d4e51f56f96e3415e21a
55476,data/raw/teacher/test/images_test/55476.jpg,60.0,80.0,0.75,RGB,JPEG,2502,74e49edcf6ce99f744947bad48aec198e6b3dedea2a357bcb31c6dd8b485ce95
55477,data/raw/teacher/test/images_test/55477.jpg,60.0,80.0,0.75,RGB,JPEG,2493,66025a4c3995f907f038707c101ab992643ab4e36b5f04d3e3fc26b0464e98e5
55478,data/raw/teacher/test/images_test/55478.jpg,60.0,80.0,0.75,RGB,JPEG,16733,70c6fb9173432837132519e5ded36f8c8f5be61de480ca2e2ede4b573ca3aa21
55479,data/raw/teacher/test/images_test/55479.jpg,60.0,80.0,0.75,RGB,JPEG,2494,07019a14a2e06adb40da26f994b15027adf3c7cbb5aa19fcc9b3269adea0caaa
55480,data/raw/teacher/test/images_test/55480.jpg,60.0,80.0,0.75,RGB,JPEG,696,6170be01aa43eb8af28c22413a437829b71ffb7388dbfbadbac3911429127178
55482,data/raw/teacher/test/images_test/55482.jpg,60.0,80.0,0.75,RGB,JPEG,12676,bb40fb3ad8f5c36e74b680b4de8914c756f6467a2ff5a49deda09964953a66f7
55485,data/raw/teacher/test/images_test/55485.jpg,60.0,80.0,0.75,RGB,JPEG,2021,1fd180f5b1dd6024dff7499e3b41473062a515a3f664efe41b1d3bb530a5e76a
55486,data/raw/teacher/test/images_test/55486.jpg,60.0,80.0,0.75,RGB,JPEG,23910,2c8a7d9bf01846736987740afe4de7acfc70d27d727ceb3e9082d89c4ed53f81
55487,data/raw/teacher/test/images_test/55487.jpg,60.0,80.0,0.75,RGB,JPEG,12795,6dd5ddf89afc2683f2618bf1ae84fd6cfd9449474c3731958da200641cb49354
55488,data/raw/teacher/test/images_test/55488.jpg,60.0,80.0,0.75,RGB,JPEG,18546,37335a14bac79fbc673afa74ab1be6b444027bd280cf3961656e51318da1b041
55489,data/raw/teacher/test/images_test/55489.jpg,60.0,80.0,0.75,RGB,JPEG,12126,e6ec41ba2b23e800cabb2a9f5f90ace901f108c02687cad7b7a5b8e42986d78d
55490,data/raw/teacher/test/images_test/55490.jpg,60.0,80.0,0.75,RGB,JPEG,18880,b8b2d6be9324b3c8dd8bed9a4d414afc87bb5c83b825bd75099786356f127306
55491,data/raw/teacher/test/images_test/55491.jpg,60.0,80.0,0.75,RGB,JPEG,18595,80dbab3fa9681330701e914219e44c1609c7b7dd725a10e8d692f32ee1a6b6d6
55492,data/raw/teacher/test/images_test/55492.jpg,60.0,80.0,0.75,RGB,JPEG,3159,d66e9b4585e8e53f26b9c925abef215e28c6c53065c4384e7a7c1b212ef73199
55493,data/raw/teacher/test/images_test/55493.jpg,60.0,80.0,0.75,RGB,JPEG,18213,ef1cc216339eeaada10f8062f34a5981e0343a2406e4b0a4ba81f5f0d1af26f9
55494,data/raw/teacher/test/images_test/55494.jpg,60.0,80.0,0.75,RGB,JPEG,18606,df3133864c5952256a2cfe4fc63d0216c17a3fdd66a4a591239a2c1d8c9ad0f4
55495,data/raw/teacher/test/images_test/55495.jpg,60.0,80.0,0.75,RGB,JPEG,2981,82d40ef425a499c179ffd9ca0b974e4cc80a26e8ba361c3bbd5b42cabd523f94
55496,data/raw/teacher/test/images_test/55496.jpg,60.0,80.0,0.75,RGB,JPEG,3021,33ec4164dcf8a8b9dabe9e38e2e41462fecec8ce7547d9bea519e07f02109a7c
55497,data/raw/teacher/test/images_test/55497.jpg,60.0,80.0,0.75,RGB,JPEG,18835,b2b18a283f902ea6a9910899dd7770219ef42ce3b79832be2846e3f283ce1734
55498,data/raw/teacher/test/images_test/55498.jpg,60.0,80.0,0.75,RGB,JPEG,3075,7a92f6c972b662a4ca6c34bcd539d59f816f3cce8640e04d8e0c73a4acb37d48
55499,data/raw/teacher/test/images_test/55499.jpg,60.0,80.0,0.75,RGB,JPEG,18285,60338bbda2edd9c39599e2731fe8935f16a5b9d68dad7738f0d24dec7d90a452
55500,data/raw/teacher/test/images_test/55500.jpg,60.0,80.0,0.75,RGB,JPEG,18467,1dfd80e96e252a39a50c37b42d583bc47178824cb1ab95a32f7ead6e51cebbc3
55501,data/raw/teacher/test/images_test/55501.jpg,60.0,80.0,0.75,RGB,JPEG,11862,1e6f513787e11308617d75805372b0444f1c6721cc35f8af36fb627f878260ae
55502,data/raw/teacher/test/images_test/55502.jpg,60.0,80.0,0.75,RGB,JPEG,11008,7c816ab248208d449653bdca4e971fcf33a708722e5be2a51cc4e309bc2714dc
55503,data/raw/teacher/test/images_test/55503.jpg,60.0,80.0,0.75,RGB,JPEG,2336,3ce620b3722949b6eadc51d6e52886d170b2e9ce886f5a38527252c561641d61
55504,data/raw/teacher/test/images_test/55504.jpg,60.0,80.0,0.75,RGB,JPEG,20056,b655a20a3ac376c4eb6366dfce3ccd9fd2e0c6577200957d5b4515661826d509
55505,data/raw/teacher/test/images_test/55505.jpg,60.0,80.0,0.75,RGB,JPEG,10759,3d7beafeeee7942cfb6507a3433a2668699b7465284fe8bf9f45e2506443ab09
55506,data/raw/teacher/test/images_test/55506.jpg,60.0,80.0,0.75,RGB,JPEG,2461,53a9d15cce8d2ad44fa186ffcda26a7e07da776ac9164f85d18fe9091680dbf5
55507,data/raw/teacher/test/images_test/55507.jpg,60.0,80.0,0.75,RGB,JPEG,11567,d7784b40433c8b0707879c2800350f4481cb34a74dd1f5895c381a3ba94f45a4
55508,data/raw/teacher/test/images_test/55508.jpg,60.0,80.0,0.75,RGB,JPEG,17711,793e3589447bc07bb0bad13d33173c291b6a6516f0eb90903f211619ddd0407f
55509,data/raw/teacher/test/images_test/55509.jpg,60.0,80.0,0.75,RGB,JPEG,2499,ae6ab76ab180cd83fbcb2bd50593295e3fa55d758c347fff00147b6f31d41851
55510,data/raw/teacher/test/images_test/55510.jpg,60.0,80.0,0.75,RGB,JPEG,2457,f319a090f92f0e62068bfac24d12801464945fd0d7eb3e3a339dac75dab1155f
55511,data/raw/teacher/test/images_test/55511.jpg,60.0,80.0,0.75,RGB,JPEG,2550,3a59500db06cd502a43256a89a610a8040c23b436855416d3c352d7e98fcad7a
55512,data/raw/teacher/test/images_test/55512.jpg,60.0,80.0,0.75,RGB,JPEG,2394,ab14391f753577f0707d713eb4cb4a166f76636e8a722f819b9719d5e9a20bdc
55513,data/raw/teacher/test/images_test/55513.jpg,60.0,80.0,0.75,RGB,JPEG,17085,4a2d47bf952a9b7e86778ce9998a31558afc49778fe02aea61cc90100d6a9d5f
55514,data/raw/teacher/test/images_test/55514.jpg,60.0,80.0,0.75,RGB,JPEG,22855,c5b8a7a6422c4ccb16ba61d4f0b6925786020a8d947933e512decf98a61694ba
55516,data/raw/teacher/test/images_test/55516.jpg,60.0,80.0,0.75,RGB,JPEG,25643,b09a0631c6b41c624542ce32dfecb6b424235f3b0494bb440c23cc300c8dfc8a
55517,data/raw/teacher/test/images_test/55517.jpg,60.0,80.0,0.75,RGB,JPEG,26760,93fb566d65cec9a470eaf5221b34265b08fb02dfe309d2d5bae73f315cd174d9
55518,data/raw/teacher/test/images_test/55518.jpg,60.0,80.0,0.75,RGB,JPEG,4976,600ff77f92de8c8332c34d192df3aa86c1bb059cfde344e58c79a4aa1667e00f
55519,data/raw/teacher/test/images_test/55519.jpg,60.0,80.0,0.75,RGB,JPEG,20159,9b6497c35398bffd277cb721fcb537b283f5511261ed5cfb69bdebfd497070f4
55520,data/raw/teacher/test/images_test/55520.jpg,60.0,80.0,0.75,RGB,JPEG,13589,a8ad69edfaa2185e39bf4ef605e1824176c947583bb65a8e6f0f69fb3ff59b6e
55521,data/raw/teacher/test/images_test/55521.jpg,60.0,80.0,0.75,RGB,JPEG,20911,5725b4b1e665a826d3da16b1a6468a1a8a63593480ab910621e987d545bfe6d3
55522,data/raw/teacher/test/images_test/55522.jpg,60.0,80.0,0.75,RGB,JPEG,12458,849fdd79c8a98ebaab38370706261d7dbb9c450b082214d6a09ac51af8c8d1ed
55523,data/raw/teacher/test/images_test/55523.jpg,60.0,80.0,0.75,RGB,JPEG,13769,a05bb3749ef72e5bb5ef0581fab294588605b279aab9bf474430628704dc572e
55524,data/raw/teacher/test/images_test/55524.jpg,60.0,80.0,0.75,RGB,JPEG,3963,db614d30da3168f904a0199b39324b7d7763b21189e995637ca981ecc916ff97
55525,data/raw/teacher/test/images_test/55525.jpg,60.0,80.0,0.75,RGB,JPEG,3966,eddbd94c462e5948207754ac8324a5e14ff2f5c63dd2fc0341eb1ba3648a0aa4
55526,data/raw/teacher/test/images_test/55526.jpg,60.0,80.0,0.75,RGB,JPEG,22621,702916f774995f68d90e3ff20ba94baf0d354192ed2874648db785034b8629ca
55527,data/raw/teacher/test/images_test/55527.jpg,60.0,80.0,0.75,RGB,JPEG,2878,73645948dcaaffc1d51c0bd30c1fe8caa7f6639d8dad0f074801d8ffdc91af5d
55528,data/raw/teacher/test/images_test/55528.jpg,60.0,80.0,0.75,RGB,JPEG,10993,3d8d647ecd523ea743b1aaaac393949d276f466804a4e5db2da4d2c8d52414e8
55529,data/raw/teacher/test/images_test/55529.jpg,60.0,80.0,0.75,RGB,JPEG,2938,2ce772e1bfe0eda138e20483841365ec181407362d406d414af3ae36d1584147
55530,data/raw/teacher/test/images_test/55530.jpg,60.0,80.0,0.75,RGB,JPEG,2985,7fd5950a720f0462b9956740ca9927d92c0bb610546476255f0e55e46263dcc3
55531,data/raw/teacher/test/images_test/55531.jpg,60.0,80.0,0.75,RGB,JPEG,3042,6416846fbfe5a4ff4ba337a6310802e874ddecb124ef3bee42078d3b219c0067
55532,data/raw/teacher/test/images_test/55532.jpg,60.0,80.0,0.75,RGB,JPEG,3064,07e89c6fa7a958bd76eee97ab832c6e1c90c2285495903d27b586838e7fc82a1
55533,data/raw/teacher/test/images_test/55533.jpg,60.0,80.0,0.75,RGB,JPEG,3144,d50e7ed09959193bef752d0c4114ded1595781616d79b8b452fb6c461157b84c
55534,data/raw/teacher/test/images_test/55534.jpg,60.0,80.0,0.75,RGB,JPEG,16218,770c1f42038e3d5176351afb10e082e88e2f0ca040741e61122db5c0eae45dd7
55535,data/raw/teacher/test/images_test/55535.jpg,60.0,80.0,0.75,RGB,JPEG,24417,c0458c2dfbd768cbe34d7fa254b61b4750f9de63d6293c65f06aa748a83a7f14
55536,data/raw/teacher/test/images_test/55536.jpg,60.0,80.0,0.75,RGB,JPEG,17422,59a1b0fd833149078ab749aacfa416b3333fb76bff5b747c983a0466a3d6b500
55537,data/raw/teacher/test/images_test/55537.jpg,60.0,80.0,0.75,RGB,JPEG,24181,687149bc3d092986278f0ed75be4e0ba8f86c870d16a99d67e1d4fbf0926fc22
55538,data/raw/teacher/test/images_test/55538.jpg,60.0,80.0,0.75,RGB,JPEG,21614,c8827e40f624632be5eca09b694701f926e7ea7f83661cd8dd594edfc1f16fad
55539,data/raw/teacher/test/images_test/55539.jpg,60.0,80.0,0.75,RGB,JPEG,18833,ace91288ab0b64227156190cb917d49458b2c4df2f5c68588c9667cb9f489540
55540,data/raw/teacher/test/images_test/55540.jpg,60.0,80.0,0.75,RGB,JPEG,3392,64ca69e9e3be86293ce9b862aeb0920225acf922ca42468342e491b238d34937
55541,data/raw/teacher/test/images_test/55541.jpg,60.0,80.0,0.75,RGB,JPEG,16456,39034a4f004f0a3f91ab2802dd2c646426b1f1942b73da2f755bf5c7b25e4ad3
55542,data/raw/teacher/test/images_test/55542.jpg,60.0,80.0,0.75,RGB,JPEG,19966,3d817f0cdb15f58aaef6e98f286aea0e73c700677f019024e6d40b68297c4af9
55543,data/raw/teacher/test/images_test/55543.jpg,60.0,80.0,0.75,RGB,JPEG,12413,d4f4d179f8142719a5bf1e6bfb8d79990b6e90e9680ad12d4e24f78f5c4a7abf
55544,data/raw/teacher/test/images_test/55544.jpg,60.0,80.0,0.75,RGB,JPEG,10064,ab513cbff45081fb2c8c11ccb4c7306ae0e62a3a276377dfaa21ee6aa8b0162e
55545,data/raw/teacher/test/images_test/55545.jpg,60.0,80.0,0.75,RGB,JPEG,2219,6c863fac7b04bc951b0054224e6eecc9c6348af47763772ba474ae5b588212dc
55546,data/raw/teacher/test/images_test/55546.jpg,60.0,80.0,0.75,RGB,JPEG,1985,31ebbd251f367e177c7f1b83e1e777523777aaaa57a566b7c678c4903391d8d2
55547,data/raw/teacher/test/images_test/55547.jpg,60.0,80.0,0.75,RGB,JPEG,16086,36609c2001466ad06c6371015ffe7db33303f3faad5929b9d1e30c0222ffc010
55548,data/raw/teacher/test/images_test/55548.jpg,60.0,80.0,0.75,RGB,JPEG,9809,2dc8449be1027b8d156fe63def3b53e835594f1d8efff4d3b550d19726f895b6
55549,data/raw/teacher/test/images_test/55549.jpg,60.0,80.0,0.75,RGB,JPEG,10415,87db10ec72ab7bb2e820632751636b7ae7e03cb27e86a9e260037c54c13c10ba
55550,data/raw/teacher/test/images_test/55550.jpg,60.0,80.0,0.75,RGB,JPEG,2099,3567968b78ec1970457bb92ea0217911b2f8ca82f5edd5d83004cc181ecf0bda
55551,data/raw/teacher/test/images_test/55551.jpg,60.0,80.0,0.75,RGB,JPEG,1859,677c9c1c3bbb6c311d091a63074a776c678520abe7eee81f6677a4d61638ab90
55553,data/raw/teacher/test/images_test/55553.jpg,60.0,80.0,0.75,RGB,JPEG,18634,9b15062fcdc4f267394f48d04f6a26317c23ea22fd6d99e61921d8e287948885
55556,data/raw/teacher/test/images_test/55556.jpg,60.0,80.0,0.75,RGB,JPEG,10499,a553a5ddb986207b37f9734c98dc08a107ddfa07ff457b158e5c2f024d9ed7ed
55557,data/raw/teacher/test/images_test/55557.jpg,60.0,80.0,0.75,RGB,JPEG,21788,29ae478c665bb2ec602554c2b80e5fbc60c87794eab3aaea90827150dc2055d3
55558,data/raw/teacher/test/images_test/55558.jpg,60.0,80.0,0.75,RGB,JPEG,17474,4bbd746fae1d2a6e1776906d7c830df7ec8a46dd1b7885bfaca859764fc52460
55559,data/raw/teacher/test/images_test/55559.jpg,60.0,80.0,0.75,RGB,JPEG,3214,69a3d7c88dad573c903c68005b283ba9f9b0a02b0f605c4c2c2ee192dc470ea6
55560,data/raw/teacher/test/images_test/55560.jpg,60.0,80.0,0.75,RGB,JPEG,2253,3cf0a3f00c21ca6959bcc45bb24612f6bad1af418a3551a344fd6e79d7bb3180
55561,data/raw/teacher/test/images_test/55561.jpg,60.0,80.0,0.75,RGB,JPEG,17070,428ef4ce481ab402c242ce47ebc367d393ba70b224f7dacb9b461e6cc96675d1
55564,data/raw/teacher/test/images_test/55564.jpg,60.0,80.0,0.75,RGB,JPEG,19403,94983cddd8993f5766bbce03a7abf4c14d2fb8b6d1d5e71a99d35970505ffd45
55565,data/raw/teacher/test/images_test/55565.jpg,60.0,80.0,0.75,RGB,JPEG,18763,36c7cac4455e88568f4cd05fcadcbca6266a5482795fd80fbd1b866c65346eef
55568,data/raw/teacher/test/images_test/55568.jpg,60.0,80.0,0.75,RGB,JPEG,12010,82e5585df8895bf527f0188f0a1f6a1195ccb1b28185e2fa86631bd4195da1b0
55569,data/raw/teacher/test/images_test/55569.jpg,60.0,80.0,0.75,RGB,JPEG,13171,166f2aa0bbc6807bbe798fa46dc947e46026d080ed4a849c7d13fd5b784e5186
55570,data/raw/teacher/test/images_test/55570.jpg,60.0,80.0,0.75,RGB,JPEG,19581,c519091857b3d74bc40c87beab1ff35a68491d37ba59c791fe0d809bcfb39dfe
55571,data/raw/teacher/test/images_test/55571.jpg,60.0,80.0,0.75,RGB,JPEG,12979,07215d1971927ac09cf58bab35c29f670c10a01836345e02e0d8765ea76ba0dc
55572,data/raw/teacher/test/images_test/55572.jpg,60.0,80.0,0.75,RGB,JPEG,3060,7fe0fc8aadfc1dd9c1d4e56a71211519424636f89d53fc053c51b1ab426d5073
55573,data/raw/teacher/test/images_test/55573.jpg,60.0,80.0,0.75,RGB,JPEG,2941,92891586607bf38b9710d28fb2e8514b2f0cafdcffc75cb27f3b2a61a09b5314
55574,data/raw/teacher/test/images_test/55574.jpg,60.0,80.0,0.75,RGB,JPEG,3509,c0c552f044fca2a9cccdf63878034e72df884a07bbe9d8cc2ed1c0f7edf9ff55
55575,data/raw/teacher/test/images_test/55575.jpg,60.0,80.0,0.75,RGB,JPEG,15555,f3e8f89e395a745ce66991f0ca2300f636c11c10d3ad49545ba82359ed8c47f3
55576,data/raw/teacher/test/images_test/55576.jpg,60.0,80.0,0.75,RGB,JPEG,3452,efdf957806ae314d2c0dc595beda690ed53cac2fe87ee8aee9872122f4f0c14e
55577,data/raw/teacher/test/images_test/55577.jpg,60.0,80.0,0.75,RGB,JPEG,15738,7e634e54032b2a0b0fbfae5eb44d50570011ef47c01f632df0b85c70782329fc
55578,data/raw/teacher/test/images_test/55578.jpg,60.0,80.0,0.75,RGB,JPEG,27112,b44361349e400bf4a788d7c2afb51388f165cd4f3094784b258a0e9eeda0f7a6
55579,data/raw/teacher/test/images_test/55579.jpg,60.0,80.0,0.75,RGB,JPEG,26738,a5a15c00bd06d3456dfe39852c309845794f7a78943114387f4d2577baadde84
55580,data/raw/teacher/test/images_test/55580.jpg,60.0,80.0,0.75,RGB,JPEG,3970,342354221d5defde12d05831d58e8d09486e20a63121cb90f59086cf914fbe48
55581,data/raw/teacher/test/images_test/55581.jpg,60.0,80.0,0.75,RGB,JPEG,2852,4dafcb19f4de8fea272b698b1ebe3834966049bebc3ad11db1255d17a9277151
55582,data/raw/teacher/test/images_test/55582.jpg,60.0,80.0,0.75,RGB,JPEG,2801,5d4472d094813f24d889ed2a50078f4bdd9d878801a18bee12b3cc66fd05b71f
55583,data/raw/teacher/test/images_test/55583.jpg,60.0,80.0,0.75,RGB,JPEG,2527,bb5c8650f76a484ea2a27fb3633b44b23ff5a934ddc760e3b6ec49b5e87dc631
55584,data/raw/teacher/test/images_test/55584.jpg,60.0,80.0,0.75,RGB,JPEG,2891,40bb35646ff8cbfc56086de974a133a977ac061fefcbc492b89e98ddfe95968c
55585,data/raw/teacher/test/images_test/55585.jpg,60.0,80.0,0.75,RGB,JPEG,2951,31289e6463753691034c63beb3d789b0376e108cec518877f259ecef568a32ba
55586,data/raw/teacher/test/images_test/55586.jpg,60.0,80.0,0.75,RGB,JPEG,2942,3ea2c68edc99c71f72331b7ef66ef6a3924525d6ab7dd09c34c6f73b60a09601
55587,data/raw/teacher/test/images_test/55587.jpg,60.0,80.0,0.75,RGB,JPEG,20985,d9be8151b20f1f12ff612cc8d64dffbaf96163897460b7dd27e69d59ceab41e3
55590,data/raw/teacher/test/images_test/55590.jpg,60.0,80.0,0.75,RGB,JPEG,14783,25c84e799901c521edbd5a1e9422e60111b37be7803d8f7741b05a79ef3427db
55591,data/raw/teacher/test/images_test/55591.jpg,60.0,80.0,0.75,RGB,JPEG,16889,a4718771073fa8cb818202234f59b54bf8f38fa4902e4f6ca26f5d7cb932bf75
55595,data/raw/teacher/test/images_test/55595.jpg,60.0,80.0,0.75,RGB,JPEG,22222,097bd0b5d98cd3c6f6fae001a2d55e16f83bc742fb46fe961f47a5fc0f867f87
55597,data/raw/teacher/test/images_test/55597.jpg,60.0,80.0,0.75,RGB,JPEG,24297,a7d39d827126f21c8f9da110c921c3614bfa6fbef079dda3a6f38bad4baa2319
55599,data/raw/teacher/test/images_test/55599.jpg,60.0,80.0,0.75,RGB,JPEG,22300,72e88f22e1b0227b0b3bdad119747ea439b92a004187b0db8e970d8a680fe4b2
55608,data/raw/teacher/test/images_test/55608.jpg,60.0,80.0,0.75,RGB,JPEG,4434,efa5db31ae0cf6a46db6101085e8573c823d59a99983745fc97ba9aca43d472c
55612,data/raw/teacher/test/images_test/55612.jpg,60.0,80.0,0.75,RGB,JPEG,12629,028ad64ecee7484b2749016c29a5e081df6637898fe043915dfbde8c2ce18768
55613,data/raw/teacher/test/images_test/55613.jpg,60.0,80.0,0.75,RGB,JPEG,3386,dad16db3fe354e49e8a430af378f238bca53e4118afd012ce059a469787fa29c
55614,data/raw/teacher/test/images_test/55614.jpg,60.0,80.0,0.75,RGB,JPEG,20024,cf6a0691c6fe0d65ea947e76725baf4aa31daa5c567df4eabafedbe5d1d28960
55615,data/raw/teacher/test/images_test/55615.jpg,60.0,80.0,0.75,L,JPEG,18677,42551136576049fda57cfb849b5bddaf0df329cbdca8e678bfefe65cabef0046
55616,data/raw/teacher/test/images_test/55616.jpg,60.0,80.0,0.75,RGB,JPEG,18794,7bd317af0301d778377c0608238844365ba09e6eaa8687ec154e4b18a34f2ed8
55617,data/raw/teacher/test/images_test/55617.jpg,60.0,80.0,0.75,RGB,JPEG,18775,2b1d3089d099e58a1b484518899408270349588ca1aaafa7c791316cc5045579
55618,data/raw/teacher/test/images_test/55618.jpg,60.0,80.0,0.75,RGB,JPEG,19182,a248c283e452f8ddccf8570cfc6725360c7c6a4db8f92ad86de6822e630711ce
55619,data/raw/teacher/test/images_test/55619.jpg,60.0,80.0,0.75,L,JPEG,12952,218e5aeffd6c3c057aeb06131dcdf9e76a7da0b3e8463223dc39394e7fd9ae8b
55620,data/raw/teacher/test/images_test/55620.jpg,60.0,80.0,0.75,RGB,JPEG,19226,34b7a78e5586c2b9dd0a9f2b21a9552d1634a491bf29e7efd6043838dc0eaa26
55621,data/raw/teacher/test/images_test/55621.jpg,60.0,80.0,0.75,L,JPEG,18842,1883c123e47a3bb913ec71b963e2e3a142d6e33b4995e34cae321b1634aa5492
55622,data/raw/teacher/test/images_test/55622.jpg,60.0,80.0,0.75,RGB,JPEG,12708,f1d76f61094682f801a93499955391a8ed3212d4dffc91ef984e169829762e5e
55623,data/raw/teacher/test/images_test/55623.jpg,60.0,80.0,0.75,RGB,JPEG,19646,707d08c59170d2b6d9a3a5887717e7f816d226987146c6daaabdbd42a92db8f6
55624,data/raw/teacher/test/images_test/55624.jpg,60.0,80.0,0.75,L,JPEG,19188,7fbef41c4cb4da84df9a30390ee6bb476e1f6eb4932fccb122541ed8e24b127c
55625,data/raw/teacher/test/images_test/55625.jpg,60.0,80.0,0.75,RGB,JPEG,19548,268d37cd01c2059f0b316c203f7150bc6a7fc3e2e8159ee6bb63aeeac474c33f
55626,data/raw/teacher/test/images_test/55626.jpg,60.0,80.0,0.75,RGB,JPEG,19752,207d28a9b35d4cd9416a9105d4a1160637d7abbc98ff7e4efaad9a091c448ea5
55627,data/raw/teacher/test/images_test/55627.jpg,60.0,80.0,0.75,RGB,JPEG,19631,bf2659198fd02e16611ab444d6985f4ed19c6f20bc3f31821650228604468b85
55628,data/raw/teacher/test/images_test/55628.jpg,60.0,80.0,0.75,RGB,JPEG,12970,462deffb5147996c970c52607f30622b1d598ed67b280bc704fbf18f42b21fc3
55629,data/raw/teacher/test/images_test/55629.jpg,60.0,80.0,0.75,RGB,JPEG,19906,c143ffbc10220aa85ceb8b31e07039de5ccf1812125aa6582eed595be4832602
55630,data/raw/teacher/test/images_test/55630.jpg,60.0,80.0,0.75,RGB,JPEG,12165,e283ed5e7fc519a32b041d46582c43ea5393879487e47457ca81ccdbea792af3
55631,data/raw/teacher/test/images_test/55631.jpg,60.0,80.0,0.75,RGB,JPEG,20214,03deeb02d43bd29880412a57b2f60ee094ff6646c272e7c97e31bc98acaa3815
55632,data/raw/teacher/test/images_test/55632.jpg,60.0,80.0,0.75,RGB,JPEG,19982,4f210ed1f7586c669b312d53a696b4196493a1ee37bcf40b267c12683e54d83d
55633,data/raw/teacher/test/images_test/55633.jpg,60.0,80.0,0.75,RGB,JPEG,19520,46061b4326ec913693f29964d7c76b60fdd7de15373a9cdf4c6df41332fe77d1
55634,data/raw/teacher/test/images_test/55634.jpg,60.0,80.0,0.75,RGB,JPEG,13646,6af17c6d4682231b0312ace3f836b6321ab3df4ea7662956b17181a98c763870
55635,data/raw/teacher/test/images_test/55635.jpg,60.0,80.0,0.75,RGB,JPEG,18877,d80aa8483936b7ffe92cfe0d5be57d430b586050e0349eec5391317c9f04a798
55636,data/raw/teacher/test/images_test/55636.jpg,60.0,80.0,0.75,RGB,JPEG,19278,7c2fd89ce63efd0aad0f6cf0a935630c85dc999daed10db5228a84ce160ff444
55637,data/raw/teacher/test/images_test/55637.jpg,60.0,80.0,0.75,RGB,JPEG,36946,639bcd34d27dd6f9e8196a593fc109318e0aee24df8626884eb4e90fc01befd1
55638,data/raw/teacher/test/images_test/55638.jpg,60.0,80.0,0.75,RGB,JPEG,21295,94f121a427dae29c772e2ca453baa17a19e51c79cda5e2c3eeeea2b5ae535e47
55639,data/raw/teacher/test/images_test/55639.jpg,60.0,80.0,0.75,RGB,JPEG,20071,dc8df6f38cca87f816a6b1ba8d85ddce421a9444444d7eb76447ef07a14f5af4
55640,data/raw/teacher/test/images_test/55640.jpg,60.0,80.0,0.75,RGB,JPEG,41593,1bf0738a5dcd7264941e4186a58d5e3f4b8d18eb0f7fe40222583558431d5946
55641,data/raw/teacher/test/images_test/55641.jpg,60.0,80.0,0.75,RGB,JPEG,22781,21446b52f9c7365ee8672dcf7fa7478e105b3bae4d37656ea8fa638ba94b36ed
55642,data/raw/teacher/test/images_test/55642.jpg,60.0,80.0,0.75,RGB,JPEG,13698,86f3e2a09c11c9dbf57a0542456c4c757347830079eaed1c82517c6831a0653a
55643,data/raw/teacher/test/images_test/55643.jpg,60.0,80.0,0.75,RGB,JPEG,15224,87f44d84e6f10be47f7628a405feff25fd6c2ecc94ee4483196e0f97df589848
55644,data/raw/teacher/test/images_test/55644.jpg,60.0,80.0,0.75,RGB,JPEG,20678,36c2b28a166d07e7240d1d80846d19bd09b9e53dc4be48e8c00546e6d558bf0a
55645,data/raw/teacher/test/images_test/55645.jpg,60.0,80.0,0.75,RGB,JPEG,19978,fbe91ac65d4ad41f72b657855512fd2ba56a423cf89f9a70a1e8526f19e0a4f3
55646,data/raw/teacher/test/images_test/55646.jpg,60.0,80.0,0.75,RGB,JPEG,14008,2f7afeef414102f700c329659925b921049d083c3337d0ea8453480f09ae69ef
55647,data/raw/teacher/test/images_test/55647.jpg,60.0,80.0,0.75,RGB,JPEG,13169,a65e967b385966336d890090233c8feb7b1aa6b71a5c73b34b8d1b2046449d2b
55648,data/raw/teacher/test/images_test/55648.jpg,60.0,80.0,0.75,RGB,JPEG,19587,c75cd4303866662938746a5955110d1e27252b5a581a1a135c38b39559bff785
55649,data/raw/teacher/test/images_test/55649.jpg,60.0,80.0,0.75,RGB,JPEG,22051,3122da7b572fdcf54a5a0237ad44e005a506ef7cdc1a48125994ca82620c0459
55650,data/raw/teacher/test/images_test/55650.jpg,60.0,80.0,0.75,RGB,JPEG,19443,cf00929295ee48f5d125e5ca80c88f337bc5262df488a29c7226e24bf7de4d46
55651,data/raw/teacher/test/images_test/55651.jpg,60.0,80.0,0.75,RGB,JPEG,19623,ee1fad73042638712c89b346cb01c932caef07166779d0fba925d62bd812c7f1
55652,data/raw/teacher/test/images_test/55652.jpg,60.0,80.0,0.75,RGB,JPEG,19458,25fe16485d92772515277444bd363ac61f3ce19bfc7344a2ee325fb5bd06af3a
55653,data/raw/teacher/test/images_test/55653.jpg,60.0,80.0,0.75,RGB,JPEG,19587,93689c7192d670e8b2d58cd2ef95e46bc68667dad0c191f9e8a46fda21ce46ac
55654,data/raw/teacher/test/images_test/55654.jpg,60.0,80.0,0.75,RGB,JPEG,14412,a2031010b484271adca73c6540e429ce2423f594eb27bd967163098304b0a948
55655,data/raw/teacher/test/images_test/55655.jpg,60.0,80.0,0.75,RGB,JPEG,14530,6aa651994f12840f7c9662e77fba615108df51660f9bab82c6057a3cab3d64a7
55656,data/raw/teacher/test/images_test/55656.jpg,60.0,80.0,0.75,RGB,JPEG,19841,c46c9210a710599211dfcfeda43c7d10caf9964a6468b393194dfdfce2c04684
55657,data/raw/teacher/test/images_test/55657.jpg,60.0,80.0,0.75,RGB,JPEG,20319,f23acbe55d8cdd6b18f3019e2402b1963c99a115d4ebbbe5e4160d20ec587c25
55783,data/raw/teacher/test/images_test/55783.jpg,60.0,80.0,0.75,RGB,JPEG,19916,7a815b2dac8cacaf35ef62d28b4000f966195721a97e2b4cad4f2429465e5400
55784,data/raw/teacher/test/images_test/55784.jpg,60.0,80.0,0.75,RGB,JPEG,21755,3c7a5be708bb388c2e465a7b053ce62ae6dcd61e7d86be1e492777b2da3348c1
55785,data/raw/teacher/test/images_test/55785.jpg,60.0,80.0,0.75,RGB,JPEG,23534,269786d6fa9fd43e072ce083a8a64b33963fe958d2d9966ff150fde7b66c165e
55786,data/raw/teacher/test/images_test/55786.jpg,60.0,80.0,0.75,RGB,JPEG,3577,bbd00c43f072e8c298b09d1a738c46e525d9a8bee54570652c41df488af28d63
55787,data/raw/teacher/test/images_test/55787.jpg,60.0,80.0,0.75,RGB,JPEG,3554,9dc0489fa40bbb31d556ec2f4aaa0247d6287cbce4c05f2db437576e2d92aade
55788,data/raw/teacher/test/images_test/55788.jpg,60.0,80.0,0.75,RGB,JPEG,3604,35c67370dcddd0bd4d5529773fe982a8c2140cb65e7f791269e0ce5d6d9d006d
55789,data/raw/teacher/test/images_test/55789.jpg,60.0,80.0,0.75,RGB,JPEG,4384,6f0e8492a090678444be30dd7408a40b78a474228b593cd0db9c81fa9b09dc80
55790,data/raw/teacher/test/images_test/55790.jpg,60.0,80.0,0.75,RGB,JPEG,15125,1ae7e5d1029ae7f249030bd37915df7ee66c8612d5a7b202ccb24fc7804cf93a
55791,data/raw/teacher/test/images_test/55791.jpg,60.0,80.0,0.75,RGB,JPEG,13911,4d911dfda1174faab029220964aba3d9a7a34673925a7a2402c14fb71e6d63a9
55794,data/raw/teacher/test/images_test/55794.jpg,60.0,80.0,0.75,RGB,JPEG,3352,546db31c7e9838cd5873afed085d6bfbe5aed7f95877995038a55298ca3cbe87
55795,data/raw/teacher/test/images_test/55795.jpg,60.0,80.0,0.75,RGB,JPEG,4018,f08724a453d90fd849eda897b6e2847ae8d4255b6fa5268cc030c94ddbe03d8c
55796,data/raw/teacher/test/images_test/55796.jpg,60.0,80.0,0.75,RGB,JPEG,4737,a2187b7d5d6b4003e376103b85500725ec5eff975fa0b3ac6b544a4c0361d0af
55797,data/raw/teacher/test/images_test/55797.jpg,60.0,80.0,0.75,RGB,JPEG,3973,db60035d836d3671c783a1a1edbad87f52986df50a7a25b467a3e27e780beb7c
55798,data/raw/teacher/test/images_test/55798.jpg,60.0,80.0,0.75,RGB,JPEG,3759,a5af822c9159262765d9fc893fbe8ba5050ef2b5bf2c1bed44eaf32fba2f2c7d
55799,data/raw/teacher/test/images_test/55799.jpg,60.0,80.0,0.75,RGB,JPEG,3971,dae328757a5959fc5b5bed2f224ce665d01118a101185d8601a4c146a3e45989
55800,data/raw/teacher/test/images_test/55800.jpg,60.0,80.0,0.75,RGB,JPEG,3682,669fbd2ca9ac130250879d85e91d90d9c783e8af671fa71cd6c22baa3578517c
55801,data/raw/teacher/test/images_test/55801.jpg,60.0,80.0,0.75,RGB,JPEG,4242,a7299356b5dd16b4ce9896bee94939edcb67ed58833e704f67ed3efa24e6abc1
55802,data/raw/teacher/test/images_test/55802.jpg,60.0,80.0,0.75,RGB,JPEG,3324,5d33163c3389d27ce69542ed5299f5feb24ac112189bc897f1d35e823b878bab
55803,data/raw/teacher/test/images_test/55803.jpg,60.0,80.0,0.75,RGB,JPEG,3657,1808e8313fe9fb6660e14b585aff63725f922d2f56b5b85bdf2507a65c8933f7
55804,data/raw/teacher/test/images_test/55804.jpg,60.0,80.0,0.75,RGB,JPEG,3614,fd05768850722e155be7f139b6709576cc3395ad1741518e9542731647451539
55805,data/raw/teacher/test/images_test/55805.jpg,60.0,80.0,0.75,RGB,JPEG,3941,da4c7687d1b7227bbf0a6b7d753c3e64c72fa12263d882eccc576ea375acc2bd
55806,data/raw/teacher/test/images_test/55806.jpg,60.0,80.0,0.75,RGB,JPEG,20495,3b054253be0b36aafd759e5aed7364955b0260db39fca68f7e2c046bd20214fb
55807,data/raw/teacher/test/images_test/55807.jpg,60.0,80.0,0.75,RGB,JPEG,3538,dbda52c54da1e8e3299620919cd0dc8aacced8ce78f5118820d638cc52b369ea
55809,data/raw/teacher/test/images_test/55809.jpg,60.0,80.0,0.75,RGB,JPEG,13705,378be11eef42efb1bfa7fb1b09d61ded0385f11bbd12f8df0259195092609b2e
55810,data/raw/teacher/test/images_test/55810.jpg,60.0,80.0,0.75,RGB,JPEG,3673,07fa8c5da808eb74a7ba0dba11986632f78171907794bbf37938e54c39d288d7
55811,data/raw/teacher/test/images_test/55811.jpg,60.0,80.0,0.75,RGB,JPEG,4623,8cc38827b4a9c22036b232712af72bcf760c0290e1f94f340c8edade5e8290e5
55812,data/raw/teacher/test/images_test/55812.jpg,60.0,80.0,0.75,RGB,JPEG,4007,bb7d014e4f54dee9bcdb199a337f60fd4e65148d891a060a8576f35f42e86b6e
55813,data/raw/teacher/test/images_test/55813.jpg,60.0,80.0,0.75,RGB,JPEG,3527,6ab47ba1f74caf2eb2ba907a3c88241a5c36113a7685fef6b38460e131c3df47
55814,data/raw/teacher/test/images_test/55814.jpg,60.0,80.0,0.75,RGB,JPEG,5077,0aea324a0ac7e3901f5f88558d5b342e4a895e7d54e0341871e0a4c951c76642
55817,data/raw/teacher/test/images_test/55817.jpg,60.0,80.0,0.75,RGB,JPEG,3428,c89485178dc7e4863d199fee4bd4adfc8c1e0500666fc637cb8f0a4c705aed79
55818,data/raw/teacher/test/images_test/55818.jpg,60.0,80.0,0.75,RGB,JPEG,3639,82c29b0cdf4a2e1ea010ddf4ee510a9b40a3fe10ca6bafe950afc250f2227e24
55819,data/raw/teacher/test/images_test/55819.jpg,60.0,80.0,0.75,RGB,JPEG,3350,7156ba22b083ad7a34cdeaf426414f92d6850ecc9a203aa2a57d164ba8e26925
55821,data/raw/teacher/test/images_test/55821.jpg,60.0,80.0,0.75,RGB,JPEG,3183,ee92deeee24b6ae2866e83c9f7e785846988dda14d2c08aa04de66266e329dfb
55822,data/raw/teacher/test/images_test/55822.jpg,60.0,80.0,0.75,RGB,JPEG,14990,10352d0bcd2a10ce23be5414c24dadd954ac94cabf5ecba72821ec7495f5c9ca
55823,data/raw/teacher/test/images_test/55823.jpg,60.0,80.0,0.75,RGB,JPEG,3110,4650c0f722ed474e2b900adc828d6f85e52e7f19bbad0d131f2205e9aca54f67
55824,data/raw/teacher/test/images_test/55824.jpg,60.0,80.0,0.75,RGB,JPEG,3539,d06cdbce42f570ff8b9495cc375805d85cf2fcf924d930e80f239300862db885
55825,data/raw/teacher/test/images_test/55825.jpg,60.0,80.0,0.75,RGB,JPEG,3657,fea42685a66c21f79734af691de18eaf69f0a0c8105bd96c7268754de1e23172
55826,data/raw/teacher/test/images_test/55826.jpg,60.0,80.0,0.75,RGB,JPEG,3590,e1f94f11b0c53340ba6f3f92ceb2feb90824bcfdee7d7813608b2fe309eeee60
55827,data/raw/teacher/test/images_test/55827.jpg,60.0,80.0,0.75,RGB,JPEG,2890,63671a8b9e31d6f4ca55f2376edcb7e4591769e49e0cb6f939e6f5ed412eb369
55828,data/raw/teacher/test/images_test/55828.jpg,60.0,80.0,0.75,RGB,JPEG,3340,644836e60064ec7249246fc7835da896067dee8a8855ab7bcbf022f497adaaf6
55829,data/raw/teacher/test/images_test/55829.jpg,60.0,80.0,0.75,RGB,JPEG,3590,90412f74369d13c8a73f1cbdaef88d1c4dd49eb713e8307753458145c0c47518
55830,data/raw/teacher/test/images_test/55830.jpg,60.0,80.0,0.75,RGB,JPEG,3681,60cc700f9debb76df4663d8832333653a7e48aebdc2431ab916ede0c30c6d613
55831,data/raw/teacher/test/images_test/55831.jpg,60.0,80.0,0.75,RGB,JPEG,3462,2d9d8628f02ba7fabc623348cff3ee1fddeab34d0ee890f2bcdaae95ed570926
55832,data/raw/teacher/test/images_test/55832.jpg,60.0,80.0,0.75,RGB,JPEG,3671,0941ca5eabb87be49bee5cbccbf41ccdfc5cabdad15f631065910f5c35d23db1
55833,data/raw/teacher/test/images_test/55833.jpg,60.0,80.0,0.75,RGB,JPEG,15795,ceac45a598e15270ca2d40434b44f42ed9748d7d4622d5363c4e1fecf343bce8
55834,data/raw/teacher/test/images_test/55834.jpg,60.0,80.0,0.75,RGB,JPEG,19165,939c4bf1e8106be399cde4d60fa08f8728316f4e55192a0e66d9923d90260fe1
55835,data/raw/teacher/test/images_test/55835.jpg,60.0,80.0,0.75,RGB,JPEG,2421,79c1bb6ddc38b73d4a890ead061b6c585fb2d3e8084a22152f27ae8c0982ba60
55836,data/raw/teacher/test/images_test/55836.jpg,60.0,80.0,0.75,RGB,JPEG,18193,c0fe40a96eeed95dc618ed06b5cde9cce0ff3c497b8735e5a7b027698facee62
55837,data/raw/teacher/test/images_test/55837.jpg,60.0,80.0,0.75,RGB,JPEG,11099,b3711e0793093967fda9d737e51cf8118cd01acf4c3e2548db14bcfc0fe6d710
55838,data/raw/teacher/test/images_test/55838.jpg,60.0,80.0,0.75,RGB,JPEG,17930,6fdfd61df432345a13e49607147835b7b484925498612ba531ae16368097c66a
55839,data/raw/teacher/test/images_test/55839.jpg,60.0,80.0,0.75,RGB,JPEG,17804,df8ad1520704e47d0c2ca551009c55f952cb52407532562ad7a317bc1e0c601a
55840,data/raw/teacher/test/images_test/55840.jpg,60.0,80.0,0.75,RGB,JPEG,11520,ac3265d285e3af77eb63b00f21d05de2b48557ad550af90cf06b7406680d47fc
55841,data/raw/teacher/test/images_test/55841.jpg,60.0,80.0,0.75,RGB,JPEG,17594,97c688e81746589c333fda44b1d6b6e49e16647e62ed03752f34d51c46e83d14
55842,data/raw/teacher/test/images_test/55842.jpg,60.0,80.0,0.75,RGB,JPEG,2752,b899b993625d204cff889904edf7ba8d359f208c0fe157075adcf20ec1f6020b
55843,data/raw/teacher/test/images_test/55843.jpg,60.0,80.0,0.75,RGB,JPEG,2870,d294cf52049d41acbf44363cac32a59fdafc5c1f235081865fff54d142a1fb30
55844,data/raw/teacher/test/images_test/55844.jpg,60.0,80.0,0.75,RGB,JPEG,11495,bdf1f66602cfc0311e1ef5ec5fa8ae96f05b0a177b734358b3df723693b0ad79
55845,data/raw/teacher/test/images_test/55845.jpg,60.0,80.0,0.75,RGB,JPEG,17843,c8ef2aca62279cbfc6fabb125cdcdccb583ee10fd4c5a81a120035158f99a10f
55846,data/raw/teacher/test/images_test/55846.jpg,60.0,80.0,0.75,RGB,JPEG,2793,7a3c9e9cb18c890b8529167840387f1497130781b7067d16fe682c8d29cd5c2b
55847,data/raw/teacher/test/images_test/55847.jpg,60.0,80.0,0.75,RGB,JPEG,2881,8cc44521b74f1ac6b63870675b6e11fdf9a55d1abf531ede84b63c55209cbeea
55848,data/raw/teacher/test/images_test/55848.jpg,60.0,80.0,0.75,RGB,JPEG,16146,bc60b34ba1f8cf8ed3fc8cb18f940d2144f0df295910ef6fcea0bb8426a404cd
55849,data/raw/teacher/test/images_test/55849.jpg,60.0,80.0,0.75,RGB,JPEG,2888,f3fad6efc7f4d1235b6cb7ab39d0f8d1a9c9fcfd996160a3f469602301753b1c
55850,data/raw/teacher/test/images_test/55850.jpg,60.0,80.0,0.75,RGB,JPEG,3080,5054abf1018d1cf0e72959d4fd2a8c849ef4b9f36284c31d72c27471f42f0309
55851,data/raw/teacher/test/images_test/55851.jpg,60.0,80.0,0.75,RGB,JPEG,2898,1ce08ace1bf81d52092886e1150b12c67a8d4e089c98eaf3f5314cf8325a5779
55852,data/raw/teacher/test/images_test/55852.jpg,60.0,80.0,0.75,RGB,JPEG,2896,3a2f1203e9a45f410e0fe82d0ded29bbf8c65c4817254c880176963cee16f0c7
55853,data/raw/teacher/test/images_test/55853.jpg,60.0,80.0,0.75,RGB,JPEG,11156,033cbce1f0e89a6bd1db087f69742a7715022228bb30e16a592f7a3be6391882
55854,data/raw/teacher/test/images_test/55854.jpg,60.0,80.0,0.75,RGB,JPEG,2896,32b0afe97165d35f5a86449be7c458b816bb413e49e6e2ecf6ef99823455c4f3
55855,data/raw/teacher/test/images_test/55855.jpg,60.0,80.0,0.75,RGB,JPEG,2888,21ff19777f5eca4ce765ba638e49f762a95048b3522a04d30a0a57c6e778d9f4
55856,data/raw/teacher/test/images_test/55856.jpg,60.0,80.0,0.75,RGB,JPEG,3083,31d2a7552ff9dc00a20865a77524fe03b99b0670a71c05543ef1d10ff2b464a9
55857,data/raw/teacher/test/images_test/55857.jpg,60.0,80.0,0.75,RGB,JPEG,17833,3c0f11424a058f2f05721baa3a5174ddfee24035341aca718be12259676015a3
55858,data/raw/teacher/test/images_test/55858.jpg,60.0,80.0,0.75,RGB,JPEG,2831,3f62c75c0dbc401dc4e1037f6005e2f1f54622ca90f45ce694afed563373fe3e
55859,data/raw/teacher/test/images_test/55859.jpg,60.0,80.0,0.75,RGB,JPEG,2761,0601228902e20ff20d503ecd80af78b0f5cba98546937abadd5ef61f80bb719d
55860,data/raw/teacher/test/images_test/55860.jpg,60.0,80.0,0.75,RGB,JPEG,2664,3724e0ad205d8e0a7fb24f71ba7b07dbc46f6488ff294c98d3060dcb4522e929
55861,data/raw/teacher/test/images_test/55861.jpg,60.0,80.0,0.75,RGB,JPEG,2493,16418907d8e3ff26d0da91607e612882a2c68d2221a7da43496672ba9d9c0c42
55862,data/raw/teacher/test/images_test/55862.jpg,60.0,80.0,0.75,RGB,JPEG,2566,3d1a30d76580104e47ca7149ee74fae4e614bf1d5c779febcb6c9a813b6cdd8a
55863,data/raw/teacher/test/images_test/55863.jpg,60.0,80.0,0.75,RGB,JPEG,2580,b743ced71fb36890e00e85c0cf1670209b6470441f9fc13e6b246f5a319c75df
55864,data/raw/teacher/test/images_test/55864.jpg,60.0,80.0,0.75,RGB,JPEG,2563,417fa94ad81e0aabe198cadcb5a585b5e0a8d2bdf067773ea0a0be7addbdbf69
55865,data/raw/teacher/test/images_test/55865.jpg,60.0,80.0,0.75,RGB,JPEG,2676,5c6db9408d2ef39114979163f74fa93e030216f8f500d9245edaee48f026f8d7
55866,data/raw/teacher/test/images_test/55866.jpg,60.0,80.0,0.75,RGB,JPEG,11909,6b8a643e321502ce85ac6cba9867abd3deda4607fecfd09858b68672885186b5
55867,data/raw/teacher/test/images_test/55867.jpg,60.0,80.0,0.75,RGB,JPEG,15620,d36f7d77479ee507664858d799208767ded0d8f7b7de4c1f3b8f44d35c9dbc89
55868,data/raw/teacher/test/images_test/55868.jpg,60.0,80.0,0.75,RGB,JPEG,17542,78fb2bfd9e16536c5531d3d7328cc0fe1ef3a12625f0354b4d9c942f816cbf31
55869,data/raw/teacher/test/images_test/55869.jpg,60.0,80.0,0.75,RGB,JPEG,14895,126e4c8ff11b19acb72723443252e8d66ff537189edba77e086066fc0beb0278
55870,data/raw/teacher/test/images_test/55870.jpg,60.0,80.0,0.75,RGB,JPEG,2539,8e0a015ee63acf061b160716bdec3fb7f91fbd5d26ec4833fd995ad9da89e6bf
55871,data/raw/teacher/test/images_test/55871.jpg,60.0,80.0,0.75,RGB,JPEG,2574,24949a71d66ede437d810fe4175c6aa6018b8942ce6057b4999d327f9e0c92c8
55872,data/raw/teacher/test/images_test/55872.jpg,60.0,80.0,0.75,RGB,JPEG,18524,0f363427d904287ce64f77fee85303efe994cf8753384726d3a610c5108be719
55873,data/raw/teacher/test/images_test/55873.jpg,60.0,80.0,0.75,RGB,JPEG,2557,4c020d78a6015ea98a3818a081835969f48f7550cb1506b6b621783a67c0173c
55874,data/raw/teacher/test/images_test/55874.jpg,60.0,80.0,0.75,RGB,JPEG,2622,914fecbbcc69a21768bafa2bd33056850a6477383a8b7488a343d0a87e7dc4a5
55875,data/raw/teacher/test/images_test/55875.jpg,60.0,80.0,0.75,RGB,JPEG,18478,35374fb442e5f5d3e5c142b149b3eaaa1172523a31f28df6fbb4f445be45ec25
55876,data/raw/teacher/test/images_test/55876.jpg,60.0,80.0,0.75,RGB,JPEG,2331,2347983343fb2cd747644129ab6abf6ef679f4121dae49e3287dc6596b3f8602
55877,data/raw/teacher/test/images_test/55877.jpg,60.0,80.0,0.75,RGB,JPEG,2613,588e8b9ccec1db4f16372432e5a570eadd674557ceafef31ce1b1c8690834d88
55878,data/raw/teacher/test/images_test/55878.jpg,60.0,80.0,0.75,RGB,JPEG,2498,266bc4f429aa0408603eab4a336065e3c2842a7f29c77ff5cdf2fab7d1fce3e1
55879,data/raw/teacher/test/images_test/55879.jpg,60.0,80.0,0.75,RGB,JPEG,2440,cf9cf89993221add9d13e29cca1dc2427c7466408c11a1eb99488118e9439c15
55880,data/raw/teacher/test/images_test/55880.jpg,60.0,80.0,0.75,RGB,JPEG,17126,e0cf4f795fe87edfb20e0991f8c622bfeecc911b761296c6829c6541e4e719a0
55881,data/raw/teacher/test/images_test/55881.jpg,60.0,80.0,0.75,RGB,JPEG,2719,ebbf081e3a562dde219f53e3b7b0e9ddb8948bfe4282b0c2e51526d892c0bb70
55882,data/raw/teacher/test/images_test/55882.jpg,60.0,80.0,0.75,RGB,JPEG,2596,d47d10f2efe610f23522c9837c2d4b578402525765237c3c30fd9bf2556429ef
55883,data/raw/teacher/test/images_test/55883.jpg,60.0,80.0,0.75,RGB,JPEG,3522,085c485421cc6905509a581453f656429f78a7934e9440cf93b9373f04d06a0b
55884,data/raw/teacher/test/images_test/55884.jpg,60.0,80.0,0.75,RGB,JPEG,2493,c703d10125612f6e74029f21d1fbea50f9bc334f1970cb9fd76141a3c81b7537
55885,data/raw/teacher/test/images_test/55885.jpg,60.0,80.0,0.75,RGB,JPEG,16409,035c028f51e7af359d7250dbb8c159a4655491096e1452035f3c926d2cbc36db
55886,data/raw/teacher/test/images_test/55886.jpg,60.0,80.0,0.75,RGB,JPEG,17959,5a3c54afbdd5e1ac28862bf0d4fa0c659ed7a511cc3761b99a014d38c442871b
55887,data/raw/teacher/test/images_test/55887.jpg,60.0,80.0,0.75,RGB,JPEG,2599,e25a9b314af3f7e4a25d29c99b9f52b8622979e683fc01bd616d5f4b63577119
55888,data/raw/teacher/test/images_test/55888.jpg,60.0,80.0,0.75,RGB,JPEG,2608,7417500e5f70b8172a933c6756b2c04fedadac58e13ff1cc9b036743d8604c3e
55889,data/raw/teacher/test/images_test/55889.jpg,60.0,80.0,0.75,RGB,JPEG,2450,bdb4abb7d53511ff97d552869c76d89d4ae37e3bf4deb17b07aac5b69e1a930c
55890,data/raw/teacher/test/images_test/55890.jpg,60.0,80.0,0.75,RGB,JPEG,17565,921596f277b5fa880e73faf644ee22e6d5f2edae0abe272126af172928ef9c26
55891,data/raw/teacher/test/images_test/55891.jpg,60.0,80.0,0.75,RGB,JPEG,2722,cd5fa2703d41ced192c4e2d1422055e6091159f1ef7241ad06e9f917f0ac6180
55892,data/raw/teacher/test/images_test/55892.jpg,60.0,80.0,0.75,RGB,JPEG,2333,a60dd3fce589c4a97d46257ad9f2d911fc64f59523df8eea9b8f8cb1eee53c46
55893,data/raw/teacher/test/images_test/55893.jpg,60.0,80.0,0.75,RGB,JPEG,2724,90b03dc691bd835eac461fce8cab41b1c99a9ae0820e6d5abe5c5233a893468c
55894,data/raw/teacher/test/images_test/55894.jpg,60.0,80.0,0.75,RGB,JPEG,2832,b543aebf1f9331320dcf8415b36dc4a543d666809b25a492c74bf816c4a548c4
55895,data/raw/teacher/test/images_test/55895.jpg,60.0,80.0,0.75,RGB,JPEG,2594,ce733fe98d7cc0a3c14997f5f4ad763d7da82bcae701be97ae30057d6a2e68fe
55896,data/raw/teacher/test/images_test/55896.jpg,60.0,80.0,0.75,RGB,JPEG,2696,425ec0842239e27cfb9fa2d9fb1be826742afc15cad4d7e79be2181a3e617f4a
55897,data/raw/teacher/test/images_test/55897.jpg,60.0,80.0,0.75,RGB,JPEG,19181,1685cddbd8a39b0534d62cfa75d81b080ee10ac21fce41d8541bd286d7a7add7
55898,data/raw/teacher/test/images_test/55898.jpg,60.0,80.0,0.75,RGB,JPEG,20213,3ccf44cbb198b81bbbbd5cc1685c66824b486fa5e41d130ffe806a2cceb88477
55899,data/raw/teacher/test/images_test/55899.jpg,60.0,80.0,0.75,RGB,JPEG,17873,1c9f59591b16b5db2cea7d8746a0989675ead10f513a9139ea9cc101b6777c09
55900,data/raw/teacher/test/images_test/55900.jpg,60.0,80.0,0.75,RGB,JPEG,17648,b9b5d83a42ee2bea0f29c233937bb1d7eca285537437bd84a1b07871f1d19647
55901,data/raw/teacher/test/images_test/55901.jpg,60.0,80.0,0.75,RGB,JPEG,15509,6e124cd560978fca6ef7abb204e2d4ef7b506b7c061bf44cc336abb2f63720ff
55902,data/raw/teacher/test/images_test/55902.jpg,60.0,80.0,0.75,RGB,JPEG,22178,ba8454a323b4493e4d4265c85bad7bf14f3bdc3a13aa73335f16839e7e0ef8ae
55903,data/raw/teacher/test/images_test/55903.jpg,60.0,80.0,0.75,RGB,JPEG,2658,a30482fb9db262bb10d2f7758df19e3449b5005381328c33ad3a7b85bc0720e6
55904,data/raw/teacher/test/images_test/55904.jpg,60.0,80.0,0.75,RGB,JPEG,2731,01681eca4aad18034e51da06e19f68d54a4acea75a0edbf47462ea4680b81193
55905,data/raw/teacher/test/images_test/55905.jpg,60.0,80.0,0.75,RGB,JPEG,19844,96a78844756aae4c9bc93b82ed794a2e848d4faefdb5efcc2bd213cbfc05a60a
55906,data/raw/teacher/test/images_test/55906.jpg,60.0,80.0,0.75,RGB,JPEG,2675,b14be882012f4a0212ec17fd6d4142973ebda2545bf3201514db689ac838a92a
55907,data/raw/teacher/test/images_test/55907.jpg,60.0,80.0,0.75,RGB,JPEG,2603,cfaef605da2cb7cc063abac7d236ac6fd9586732b75923c98ce9f44b39a47b20
55909,data/raw/teacher/test/images_test/55909.jpg,60.0,80.0,0.75,RGB,JPEG,2136,d54c518a7709a28df301a32cc85f34493fdbcae861a244ad652bc8c60e44c682
55910,data/raw/teacher/test/images_test/55910.jpg,60.0,80.0,0.75,RGB,JPEG,2630,4ba7d267180d337c73f490c812621032355033da3635a934d44a7f631b00a849
55911,data/raw/teacher/test/images_test/55911.jpg,60.0,80.0,0.75,RGB,JPEG,2686,090b6ea865a487c8fe6ff3bd41b82762afa60b37e9883bc23d2c1509ea01577a
55912,data/raw/teacher/test/images_test/55912.jpg,60.0,80.0,0.75,RGB,JPEG,2497,77cc21c044565bcf5ea3abd4e8e77eb96073d61872cefd4050985e165f2cf572
55913,data/raw/teacher/test/images_test/55913.jpg,60.0,80.0,0.75,RGB,JPEG,2204,72632935d4e7bcd76d642a616c4c4678874214b85366b3e11e94073831b0012a
55914,data/raw/teacher/test/images_test/55914.jpg,60.0,80.0,0.75,RGB,JPEG,17640,0761e41df6284cbf693c23c4927955020357e1377772da637f58c586454cd593
55915,data/raw/teacher/test/images_test/55915.jpg,60.0,80.0,0.75,RGB,JPEG,17499,7ac0cce38223a64ca29ddfba2ea2ae9e5103c322319fa0ea5df4758d5d46ef0e
55916,data/raw/teacher/test/images_test/55916.jpg,60.0,80.0,0.75,RGB,JPEG,2531,87487fde8aebf3bdd29dc0be3c2a431b3b153df4090188ec91170ddedcd16d5b
55917,data/raw/teacher/test/images_test/55917.jpg,60.0,80.0,0.75,RGB,JPEG,2792,d2affbb8e97e8a65e2d49d6af94b9e07784136a9f400ce0eb0dcac7710b0d48b
55918,data/raw/teacher/test/images_test/55918.jpg,60.0,80.0,0.75,RGB,JPEG,2679,618b9dcf17cfb4ebd85cda814eff068cce1565bd51510b0bf14dcdf3dff42968
55919,data/raw/teacher/test/images_test/55919.jpg,60.0,80.0,0.75,RGB,JPEG,2639,ad2bc908025bce20a54ef826e82262748326e28832352467367090a929038eb9
55920,data/raw/teacher/test/images_test/55920.jpg,60.0,80.0,0.75,RGB,JPEG,2417,7ad596a2ec635523098d96082c1fed8e681e5dec8b74698e3540980140c6d965
55921,data/raw/teacher/test/images_test/55921.jpg,60.0,80.0,0.75,RGB,JPEG,2451,d1d68aac2c677843b6c6202eac3877bdf9d25b9d5d7b7a893dbc7ad303e755aa
55922,data/raw/teacher/test/images_test/55922.jpg,60.0,80.0,0.75,RGB,JPEG,2677,582cea94ff0271d1863c1eb194210b7d7a27aba4e98bf8949ab14a3a089b5a11
55923,data/raw/teacher/test/images_test/55923.jpg,60.0,80.0,0.75,RGB,JPEG,2632,6b94a022e114a154bea39571d0eaefd6d9979abbaf5b08786af0ed53563dc35d
55924,data/raw/teacher/test/images_test/55924.jpg,60.0,80.0,0.75,RGB,JPEG,2549,df7385607e3e60b561f610d3fbbdd973ff5e45e73965b995cfad805c73eb0cdd
55925,data/raw/teacher/test/images_test/55925.jpg,60.0,80.0,0.75,RGB,JPEG,18272,62305557eae24a5773088eb4c3dd7b93bcfcd7b8b2bc9f8f3c2bb58fb9ebd3a9
55926,data/raw/teacher/test/images_test/55926.jpg,60.0,80.0,0.75,RGB,JPEG,2431,4bda68fab9556588455ca4d1396e6c1530ed8373bc2a627309d4d098fe145c3e
55927,data/raw/teacher/test/images_test/55927.jpg,60.0,80.0,0.75,RGB,JPEG,2579,46b57ec0024fea8143791dfe2f1a8b7b157cb9d42302589b2d79912281831eff
55928,data/raw/teacher/test/images_test/55928.jpg,60.0,80.0,0.75,RGB,JPEG,2818,79e116ad06062d6b5558e4c7ab558a8091817afb69f7c26a54e6614cb09d67d1
55929,data/raw/teacher/test/images_test/55929.jpg,60.0,80.0,0.75,RGB,JPEG,2561,f1f8e710669b5331f85aa20425756e372d3cb3f476f541f3bfee874fdfb494be
55930,data/raw/teacher/test/images_test/55930.jpg,60.0,80.0,0.75,RGB,JPEG,2672,f80b3836f778d1eae5022a9a6fcf3f493c2b79e1585b15be9ddb7e81284705d2
55931,data/raw/teacher/test/images_test/55931.jpg,60.0,80.0,0.75,RGB,JPEG,17068,053d79eb7bf084143bc7b41b7c062894a27b8a86ce70a7a0408d106186d67888
55932,data/raw/teacher/test/images_test/55932.jpg,60.0,80.0,0.75,RGB,JPEG,2560,9eb70d256b784db212eebe5f5ef0b205f57df051e50d3a9c8cdcb54d94e38945
55933,data/raw/teacher/test/images_test/55933.jpg,60.0,80.0,0.75,RGB,JPEG,2561,981c5d584c36c9c80fed83eb50077ce39fe366d2d43d5b8efeedf02dbb32b7ba
55935,data/raw/teacher/test/images_test/55935.jpg,60.0,80.0,0.75,RGB,JPEG,17148,c45ddb67d5e2d45494bcdb70484ee4bea4bb09c53f1592a65864fc32542e98cd
55936,data/raw/teacher/test/images_test/55936.jpg,60.0,80.0,0.75,RGB,JPEG,17195,7f0018f5c534ca38d814f2ca5b660ad77ac63146d09d7155d12b09bd245bb6bc
55937,data/raw/teacher/test/images_test/55937.jpg,60.0,80.0,0.75,RGB,JPEG,2622,326ef4b1d463e9464cade5c9e281edfd834786fa68d5b8f427fee4c1f42b569d
55938,data/raw/teacher/test/images_test/55938.jpg,60.0,80.0,0.75,RGB,JPEG,2507,f7f26367e8b94f2c20c0f6fac21f096abef8dc53fc887b0a6df3312cb39063dc
55939,data/raw/teacher/test/images_test/55939.jpg,60.0,80.0,0.75,RGB,JPEG,17665,1afa22200a2c4f10cd5e06f7f2de2817f6a466063b682572e5646f99563ea732
55940,data/raw/teacher/test/images_test/55940.jpg,60.0,80.0,0.75,RGB,JPEG,2726,ee8d7c4fc521bcbf0921e4aa76ac035fb45a8ffdfcc50d5ac7cb7de1a1a49b94
55941,data/raw/teacher/test/images_test/55941.jpg,60.0,80.0,0.75,RGB,JPEG,2461,224853b1cd1d25139f08b6c804b806bbd78e9584d37e9eea3f7c43ed4e4ff995
55942,data/raw/teacher/test/images_test/55942.jpg,60.0,80.0,0.75,RGB,JPEG,17315,391f6af919b71f04730a1118a66c963f05d93b192533822e0104085fd335ce0f
55943,data/raw/teacher/test/images_test/55943.jpg,60.0,80.0,0.75,RGB,JPEG,2543,d925d2379ef70f661478352869767b7770d77e97be95afcbd96dd77adc268113
55944,data/raw/teacher/test/images_test/55944.jpg,60.0,80.0,0.75,RGB,JPEG,2505,5743bbf697f9972e5b6d959fc25907b9850b8543ebfdd5f4e383e479287d2a53
55945,data/raw/teacher/test/images_test/55945.jpg,60.0,80.0,0.75,RGB,JPEG,17834,7704bfe2e04744210d5e006e800ab34304667b8c0429608c5b51c2c7d77b5a4b
55946,data/raw/teacher/test/images_test/55946.jpg,60.0,80.0,0.75,RGB,JPEG,18219,f62b0e59e27bfdc84fe95aed9c8b21ee9ab1d863be1ea0dc3d712897af5e1dd9
55947,data/raw/teacher/test/images_test/55947.jpg,60.0,80.0,0.75,RGB,JPEG,2748,539aa0cf008f22e41e347d31a9cc69e1a79635a28960bacbbdd9c72c26f16813
55948,data/raw/teacher/test/images_test/55948.jpg,60.0,80.0,0.75,RGB,JPEG,2126,691fe8173711bb91c9590208c0fc2faff82b3365dae958e3132a694123ae492c
55949,data/raw/teacher/test/images_test/55949.jpg,60.0,80.0,0.75,RGB,JPEG,2527,dc559eb05d7938bc51570d92ef777b42dc7aff36d2731805bcc5c3fb0997e876
55950,data/raw/teacher/test/images_test/55950.jpg,60.0,80.0,0.75,RGB,JPEG,2586,100924f308f7dd4cafa14b8d25c99d37c067268f9ad4d1cf4481a28b062bc761
55951,data/raw/teacher/test/images_test/55951.jpg,60.0,80.0,0.75,RGB,JPEG,2495,f2d4224154fdbaa2b6efaa082128417d9a68a8624749f0c615c2ad140d63972c
55952,data/raw/teacher/test/images_test/55952.jpg,60.0,80.0,0.75,RGB,JPEG,17401,ceb2cd1fb2d6928ad2e290fa17394832797cf8f034b5e2e33c8fb46aceb15590
55953,data/raw/teacher/test/images_test/55953.jpg,60.0,80.0,0.75,RGB,JPEG,18135,4d263bd39815337126ec7e632a2bdc5844cde74a99ec24d65052150c46a94f1f
55954,data/raw/teacher/test/images_test/55954.jpg,60.0,80.0,0.75,RGB,JPEG,2645,ddc664918440e4a6168b72538cde9136604beac2aea09a217cee512ed8cb8c66
55955,data/raw/teacher/test/images_test/55955.jpg,60.0,80.0,0.75,RGB,JPEG,18635,2f35ace95502fe76700b30090771ebc49819cd7c6d25fb54c953ecde4512eee3
55956,data/raw/teacher/test/images_test/55956.jpg,60.0,80.0,0.75,RGB,JPEG,18085,16e18f4a1a62ddaa8f9e13ff0fb944f05da573d5f319ab03eb82cdaf18d27483
55957,data/raw/teacher/test/images_test/55957.jpg,60.0,80.0,0.75,RGB,JPEG,20210,0b9c40ef167e8111ce6a9085373b67f74f7c248418af2da4c7a3fd947f06f6f9
55958,data/raw/teacher/test/images_test/55958.jpg,60.0,80.0,0.75,RGB,JPEG,13169,0e880ff9f65034ff6c721758a9b4daebb9190f173ed645b07dd2ab6fae7a2c6b
55959,data/raw/teacher/test/images_test/55959.jpg,60.0,80.0,0.75,RGB,JPEG,13839,619449805cae6ebffb0fd16f0db4b5993f7697308a61c52e0e5579ca5e791877
55960,data/raw/teacher/test/images_test/55960.jpg,60.0,80.0,0.75,RGB,JPEG,3462,cb15116253937683780a3894c7aff3431dfe4e99a108929f8882f0e1a91facf3
55961,data/raw/teacher/test/images_test/55961.jpg,60.0,80.0,0.75,RGB,JPEG,13797,3503611679c18fdac65f4458f99bf3f2db31157bf4d1f3380ac9989dcd4dee7c
55962,data/raw/teacher/test/images_test/55962.jpg,60.0,80.0,0.75,RGB,JPEG,15233,60b334e0b316aaf06c31ca4c00551fcfd1b9887e2e7deba27781dd88d30d335a
55963,data/raw/teacher/test/images_test/55963.jpg,60.0,80.0,0.75,RGB,JPEG,12163,a59fd7724128cccd295a31824220dd78c7a6e36fdee8cbd99bbc33e0772c5375
55964,data/raw/teacher/test/images_test/55964.jpg,60.0,80.0,0.75,RGB,JPEG,14243,13bc59ca364009484c1ca567130f23ac537f7b9566558c0c8b582681cf9e33ef
55965,data/raw/teacher/test/images_test/55965.jpg,60.0,80.0,0.75,RGB,JPEG,12927,d914fdb465113bed5a75ab7bb9c1ae0a367dca744961ee5c8198498c41cab6cf
55966,data/raw/teacher/test/images_test/55966.jpg,60.0,80.0,0.75,RGB,JPEG,3161,e1ca9b77cc24e3e0a45ebe9d4598c7dc8c5cac62034508ca01fd5f6ffe12c17d
55967,data/raw/teacher/test/images_test/55967.jpg,60.0,80.0,0.75,RGB,JPEG,3243,462aba01f1851340f508a955c333bdb22313eaedc9f018539a86c0847965f671
55968,data/raw/teacher/test/images_test/55968.jpg,60.0,80.0,0.75,RGB,JPEG,3093,fc9bcc31e3a03a7c279bc6890bf5000501f8e9c854499f3ecb3f1f08c3d0f5ca
55969,data/raw/teacher/test/images_test/55969.jpg,60.0,80.0,0.75,RGB,JPEG,3248,2c1900eadbf51836ac619750317e5255974afce829a6da444d9e53377fc8e052
55970,data/raw/teacher/test/images_test/55970.jpg,60.0,80.0,0.75,RGB,JPEG,19554,f01c859a56cc862998c7bfa12616d324a07396b79ac0a0269cc69f1dbb5bf907
55971,data/raw/teacher/test/images_test/55971.jpg,60.0,80.0,0.75,RGB,JPEG,3327,c7c7d40909327731e479c7ec8fc2b2c674a6c67bed20eca0d3ff02e84e7d3429
55972,data/raw/teacher/test/images_test/55972.jpg,60.0,80.0,0.75,RGB,JPEG,21001,37f6aceaf0e65a42b4bffe9f83c4613348804c1d3ab9179197c7d20840b7cec5
55973,data/raw/teacher/test/images_test/55973.jpg,60.0,80.0,0.75,RGB,JPEG,19121,77462e5377de5584ede7c45c2170f685976f245af43460ba4d16e43f81199c83
55974,data/raw/teacher/test/images_test/55974.jpg,60.0,80.0,0.75,RGB,JPEG,12589,ad41f4edc942d6d259e1062afc0afb588039ccdd9ad6a960facd715a491b4fef
55975,data/raw/teacher/test/images_test/55975.jpg,60.0,80.0,0.75,RGB,JPEG,3332,2d8961d07f503ef7a234191fa818fd0c1a6a35cda482750cfcc485c18cf4ad5d
55976,data/raw/teacher/test/images_test/55976.jpg,60.0,80.0,0.75,RGB,JPEG,3209,4510055d1a19372eab0f75de1d2c63904621891bd93537c3bad7024d57c192b6
55977,data/raw/teacher/test/images_test/55977.jpg,60.0,80.0,0.75,RGB,JPEG,4067,ee0ce58b307c254a70ef100ae3abde6aaafb000f7d372788dee2f00d8a9a7469
55978,data/raw/teacher/test/images_test/55978.jpg,60.0,80.0,0.75,RGB,JPEG,20919,a32ff4ed93edfae9108be1be83185cfbd6e0310dadd184bce57c2b5c42769494
55979,data/raw/teacher/test/images_test/55979.jpg,60.0,80.0,0.75,RGB,JPEG,11741,2da70afb646d14d522e459ffe5745edd209bd1ec8facb06aabc9604da45865ea
55980,data/raw/teacher/test/images_test/55980.jpg,60.0,80.0,0.75,RGB,JPEG,3127,7186078f7fda4a8f23c2d39422383d41f5925dd00e2e404caa588f0cace4f020
55981,data/raw/teacher/test/images_test/55981.jpg,60.0,80.0,0.75,RGB,JPEG,3058,5640d02ad38f706de748c71429b39642a419bb15509316fb957eb8d11b9f0a1e
55982,data/raw/teacher/test/images_test/55982.jpg,60.0,80.0,0.75,RGB,JPEG,11592,02b8e2681eab0a08c79bbceb9b8436c51262fb9a3accda8bb20e89a020c39d6a
55983,data/raw/teacher/test/images_test/55983.jpg,60.0,80.0,0.75,RGB,JPEG,3063,10225c021c320f33c16e13b1f9201c5ab1cbb3066016c30c7eade131001d26ab
55984,data/raw/teacher/test/images_test/55984.jpg,60.0,80.0,0.75,RGB,JPEG,3176,72774792359e4e22a7edf935621621129396432b6c7644b2d188bd0a3169c313
55985,data/raw/teacher/test/images_test/55985.jpg,60.0,80.0,0.75,RGB,JPEG,3011,a2b624f373dd1b71400de5d20fe6d94cef56eb62384c8f85c2a4af53a670a806
55986,data/raw/teacher/test/images_test/55986.jpg,60.0,80.0,0.75,RGB,JPEG,3168,da7e986a7107f652c3812a08d47e58b0a3367c3e7ea04b3a5ceba34ed1f52672
55987,data/raw/teacher/test/images_test/55987.jpg,60.0,80.0,0.75,RGB,JPEG,18781,a38f4b69e5c471448d34dc1461886b8414bcd070a97a2326951aa770c72c53a3
55988,data/raw/teacher/test/images_test/55988.jpg,60.0,80.0,0.75,RGB,JPEG,908,40c654eb2c99877346710fd6ed37aac4c69b6edc05c51d7bd33a554d0d1c9f6e
55989,data/raw/teacher/test/images_test/55989.jpg,60.0,80.0,0.75,RGB,JPEG,20507,1259810bac022f74e9befd09c91dcc9f156eb83dce1b232d84550247dbf1d44c
55990,data/raw/teacher/test/images_test/55990.jpg,60.0,80.0,0.75,RGB,JPEG,3114,1dc0d794e45894d0015eb7e6350b7fda0227479029eef8872b84b017c266e08f
55991,data/raw/teacher/test/images_test/55991.jpg,60.0,80.0,0.75,RGB,JPEG,17930,66301625ab9b2a7430d0ff73bd360d3bc202ed3cb88ed651575d8f1a26e3e63d
55992,data/raw/teacher/test/images_test/55992.jpg,60.0,80.0,0.75,RGB,JPEG,18941,0fb4a0eeda97851d7835713523aaa07c105fcc58fc6b85749296f508f1c918ce
55993,data/raw/teacher/test/images_test/55993.jpg,60.0,80.0,0.75,RGB,JPEG,12938,10bb5c1d80b003933419dc29b72e7243416f72a50b2eddf5bff366b0e4d5d43b
55994,data/raw/teacher/test/images_test/55994.jpg,60.0,80.0,0.75,RGB,JPEG,12656,34c780a3040a3bff06d3198dd4dbed9dede7162b74fee5682d88c732b01df7ca
55995,data/raw/teacher/test/images_test/55995.jpg,60.0,80.0,0.75,RGB,JPEG,2982,e5167615ecef114176bf0641f8d59cf310b421c41ef447c7707074a873ed31e0
55996,data/raw/teacher/test/images_test/55996.jpg,60.0,80.0,0.75,RGB,JPEG,18621,8d194109d5f7c5c8ed0a6326df21c6cf89e592c17a9a07910fb027f5344f6bc3
55997,data/raw/teacher/test/images_test/55997.jpg,60.0,80.0,0.75,RGB,JPEG,12375,8d55e02654bd0b70418d04d679ec9f260390c74caddc04c66a25e3ee8027de6a
55998,data/raw/teacher/test/images_test/55998.jpg,60.0,80.0,0.75,RGB,JPEG,3253,fedd7e675dcc60632677fb73ca77659b5f65b8f94e31a7b784bc133b076f26c7
55999,data/raw/teacher/test/images_test/55999.jpg,60.0,80.0,0.75,RGB,JPEG,3037,75803722b555e116c41bf2c5e5a2d03f49cfcbc3e2bd2f23a5d7aff94e1323e8
56000,data/raw/teacher/test/images_test/56000.jpg,60.0,80.0,0.75,RGB,JPEG,3062,00b27b64b644cbccdb5b7998f62d644836ae5f603e4f4117fcd8667ace95993f
56001,data/raw/teacher/test/images_test/56001.jpg,60.0,80.0,0.75,RGB,JPEG,19261,adf05adfd1600a40d3d8b2e126cc3a04286b6d3ba5ad160f9d9573f9de70b053
56002,data/raw/teacher/test/images_test/56002.jpg,60.0,80.0,0.75,RGB,JPEG,18852,56e73a6b2b9b2877e8eb800597f2c1c694eb686edc8d27ed3d9008025d322d07
56003,data/raw/teacher/test/images_test/56003.jpg,60.0,80.0,0.75,RGB,JPEG,19488,1734d8fabcbed2f6c62d2169be681bfc977a3423088433d8cd8be15a5aa58040
56004,data/raw/teacher/test/images_test/56004.jpg,60.0,80.0,0.75,RGB,JPEG,3053,1f652b70e52a5bb24bb6a9b0504ae8bd15c98dd7418b6daaa2c1ffa9f887d977
56005,data/raw/teacher/test/images_test/56005.jpg,60.0,80.0,0.75,RGB,JPEG,3111,7b7ffb1bae2c375e08f101bb2c4170a5293be9127a64aabfe8de56ddb9fae4a6
56006,data/raw/teacher/test/images_test/56006.jpg,60.0,80.0,0.75,RGB,JPEG,19443,7fc542df363323a204ba511bba181d622270ceb4fdbdbd1a6c2a98684c2377f1
56007,data/raw/teacher/test/images_test/56007.jpg,60.0,80.0,0.75,RGB,JPEG,19230,0a108d966b83fb010e9a23e225a0ac0789849a166ba417351626de1f04f42be5
56008,data/raw/teacher/test/images_test/56008.jpg,60.0,80.0,0.75,RGB,JPEG,3811,380e81895e07182640d9bdaf090228770db8f7c317b78526d5cec24ea442bf0e
56009,data/raw/teacher/test/images_test/56009.jpg,60.0,80.0,0.75,RGB,JPEG,21330,823c77dcbb7bd38c04ba1800b7cad4ffbbd44aed35fe2b67105cb7bf3f5a0b82
56010,data/raw/teacher/test/images_test/56010.jpg,60.0,80.0,0.75,RGB,JPEG,3407,a81afe1506a33dd0641173b59a61144aeef169fa41dbef0408798310f64b933f
56011,data/raw/teacher/test/images_test/56011.jpg,60.0,80.0,0.75,RGB,JPEG,17988,208727bd2b775952091483061c52d4754945e56fc4ed54d3404ff3a7d16b99ed
56012,data/raw/teacher/test/images_test/56012.jpg,60.0,80.0,0.75,RGB,JPEG,19368,0db46908773b9e4e19c467d85921f42e8d9a23278a75998b8bd053d1a2c11e52
56013,data/raw/teacher/test/images_test/56013.jpg,60.0,80.0,0.75,RGB,JPEG,19130,0761ca4fd95ddadff55c33ebd8d1c9ea757c034d969bc8ea1a6076cb790b759f
56014,data/raw/teacher/test/images_test/56014.jpg,60.0,80.0,0.75,RGB,JPEG,19037,bf7e3441d5962e9eedc9c556ef828a80c08dcccc479881d724d1d1b0c70b345c
56015,data/raw/teacher/test/images_test/56015.jpg,60.0,80.0,0.75,RGB,JPEG,18028,a007ec836922786b2d7154667fc043e42e05a2f88d7f6e4b78b9717c6a3eb35d
56016,data/raw/teacher/test/images_test/56016.jpg,60.0,80.0,0.75,RGB,JPEG,3457,0fe46f6530255ce72c942d42728dfbba0024775ef9df41fdf7bee9a8e410aed4
56017,data/raw/teacher/test/images_test/56017.jpg,60.0,80.0,0.75,RGB,JPEG,17861,a275fa9d2db436d02247c8f685f686d10e55611c32a39d55f21c0dc920c52a60
56018,data/raw/teacher/test/images_test/56018.jpg,60.0,80.0,0.75,RGB,JPEG,19174,d3f1d6cd22708b01a7586ad39dbf00dcd5505f56a73dbec8aa4b9be0e9ac2ea4
56019,data/raw/teacher/test/images_test/56019.jpg,60.0,80.0,0.75,RGB,JPEG,19148,4c644820ff3f5c81073ce6c98a7f540f0ca17ba11ff36521b7db5f69b17b7c53
56020,data/raw/teacher/test/images_test/56020.jpg,60.0,80.0,0.75,RGB,JPEG,916,5fa10938d8498c225c4a2603ea726956c064be83e11bdd12696573ed5d091f51
56021,data/raw/teacher/test/images_test/56021.jpg,60.0,80.0,0.75,RGB,JPEG,19115,e4f128b877a26dd2498b3f967d76a2e38c35fb3e57a410fd3b43b6e43a9013a2
56022,data/raw/teacher/test/images_test/56022.jpg,60.0,80.0,0.75,RGB,JPEG,19086,a813dc5d27f7aa601a511f4edf74372e58bd65bdd1871762f7034b5127395cbb
56023,data/raw/teacher/test/images_test/56023.jpg,60.0,80.0,0.75,RGB,JPEG,2975,c309701ae4c5a79e28a85f47c1fcc7c64d12121a72bf2e06cb915ac62e3a506a
56024,data/raw/teacher/test/images_test/56024.jpg,60.0,80.0,0.75,RGB,JPEG,2847,5b3c02d1c9bd54837e91d0b46a30805ddfd04b762087c2cc4a744765345c9f31
56025,data/raw/teacher/test/images_test/56025.jpg,60.0,80.0,0.75,RGB,JPEG,19092,510b0dc80ff64778fc1f300d40edc7975dd8bb3f3c302a87b87c04d9f039317a
56026,data/raw/teacher/test/images_test/56026.jpg,60.0,80.0,0.75,RGB,JPEG,19443,73a6e41b0533d1955eb43e1adc8e4006e73a933ab18ca42e4aa85305a1f80eac
56027,data/raw/teacher/test/images_test/56027.jpg,60.0,80.0,0.75,RGB,JPEG,943,eebedc17aaefbf7820ddbcbbd0775c674e1540c2994cb603525ddfe83f3b3eec
56028,data/raw/teacher/test/images_test/56028.jpg,60.0,80.0,0.75,RGB,JPEG,19161,a5e1a111fa0168092f76535462b8b1b18e476ff2d39308265f19822819c9e934
56029,data/raw/teacher/test/images_test/56029.jpg,60.0,80.0,0.75,RGB,JPEG,19120,0338a8aad649661bb807a697f01e8605c1cbf060866495383d2a7c3c4e2b43db
56030,data/raw/teacher/test/images_test/56030.jpg,60.0,80.0,0.75,RGB,JPEG,2992,c542348d108fe220f3721c89fba96d56969d37341c4507c3eb45a34caa4de76f
56031,data/raw/teacher/test/images_test/56031.jpg,60.0,80.0,0.75,RGB,JPEG,19157,4fc2e03ba13945bc38417b2a7ca52f4a70128e2dc016aa840e2d40858e854f48
56032,data/raw/teacher/test/images_test/56032.jpg,60.0,80.0,0.75,RGB,JPEG,3016,b3eb9066e7cc5bb8eed73699f547423c1ce9e9d0da4327ee349b13edefdf7929
56033,data/raw/teacher/test/images_test/56033.jpg,60.0,80.0,0.75,RGB,JPEG,2976,37dafd121150c0b38fce5f7f3caa0b3736fd01339201b59dc9ae3713638bff3f
56034,data/raw/teacher/test/images_test/56034.jpg,60.0,80.0,0.75,RGB,JPEG,18689,55221da5d6ff57a39e55ae0e5d9f17f744a26d3f6c0bca7ff0014bde1afc4caa
56035,data/raw/teacher/test/images_test/56035.jpg,60.0,80.0,0.75,RGB,JPEG,3019,330634a8257f8a03c0f6c8b47c6312b506afb5dfe2f70896b3059a9d482f3a3b
56036,data/raw/teacher/test/images_test/56036.jpg,60.0,80.0,0.75,RGB,JPEG,17915,84ddd49c82a7403fa6fbb244a725d5da69f9f16943c00abab2c0f01b91f8ada0
56037,data/raw/teacher/test/images_test/56037.jpg,60.0,80.0,0.75,RGB,JPEG,19305,a032af7bcfa8ef40dfc726de363bdb29be88da18e182617ab53ab1678f06f2fd
56038,data/raw/teacher/test/images_test/56038.jpg,60.0,80.0,0.75,RGB,JPEG,19012,3934a125e0e3b7f9487f33e12a93ad6d6bf5aed18ce2ce2c8e78d758d5f8c85c
56039,data/raw/teacher/test/images_test/56039.jpg,60.0,80.0,0.75,RGB,JPEG,17663,503ccea6076bd2b1bc5896cb981976dd060306c7a5d789da4c5f74fc83a4865d
56040,data/raw/teacher/test/images_test/56040.jpg,60.0,80.0,0.75,RGB,JPEG,17428,6bd3d506b6badf9625250d67a6129f06562cb05e074907612ea536e02e7994b5
56041,data/raw/teacher/test/images_test/56041.jpg,60.0,80.0,0.75,RGB,JPEG,2304,83b1109f9a4f2c90d8c10edc7ad6671f4bb4288287045c7d05dbd58b8d156777
56042,data/raw/teacher/test/images_test/56042.jpg,60.0,80.0,0.75,RGB,JPEG,20790,a4698c83415150e4c64487f748f9c73dadc94fcb091aa810b8271ab84e968238
56043,data/raw/teacher/test/images_test/56043.jpg,60.0,80.0,0.75,RGB,JPEG,10577,2fe78a600334f35c0d28badb3188dcbf6cba4a1dd7c33b6eb3222019bf83cbbf
56044,data/raw/teacher/test/images_test/56044.jpg,60.0,80.0,0.75,RGB,JPEG,17088,8be20a5783d5cb32deb8a52b8e29d6e7bcb4ccc48419940d7ea2fc05823211d4
56045,data/raw/teacher/test/images_test/56045.jpg,60.0,80.0,0.75,RGB,JPEG,17089,e7dc649e42d02533ba86da64bfa7b369962de74ea33fc86da0905ee8835d951c
56046,data/raw/teacher/test/images_test/56046.jpg,60.0,80.0,0.75,RGB,JPEG,17113,739016441e574ef7074b87789122ea5bae0d3873df0690ce3d045fe88ae21c5e
56047,data/raw/teacher/test/images_test/56047.jpg,60.0,80.0,0.75,RGB,JPEG,2439,dcf3ad5c2f7ee26992dba8e73f8cdc48f482de207d3e721334cc718afaf1dfed
56048,data/raw/teacher/test/images_test/56048.jpg,60.0,80.0,0.75,RGB,JPEG,20421,aca3ee43d0a72f044d8c1aaa8bd08ddd848c01aa862681d6dcc099b964e3e63a
56049,data/raw/teacher/test/images_test/56049.jpg,60.0,80.0,0.75,RGB,JPEG,2497,86b3d643449ae929d4f4c00185fb2d9aa5dbbc6b9df31c8620c0b861c4f6d9a0
56050,data/raw/teacher/test/images_test/56050.jpg,60.0,80.0,0.75,RGB,JPEG,657,29052f0ccba89e3ea2e6b618e834c8549e8bd7480e6157d8de8ee0ebaa928d2e
56051,data/raw/teacher/test/images_test/56051.jpg,60.0,80.0,0.75,RGB,JPEG,10433,963d600b8c25a6badde023c15f5bca6f519f217582364497e29e917e799dad79
56052,data/raw/teacher/test/images_test/56052.jpg,60.0,80.0,0.75,RGB,JPEG,16781,c19faeb840316b43dcf4ee2689e1004c4b2532760f9e59c740e800a245f0b0c0
56053,data/raw/teacher/test/images_test/56053.jpg,60.0,80.0,0.75,RGB,JPEG,17400,8528bacad22b86de2b8d38fdb9d58573fec1e8284c443452b075aae20b45b64f
56054,data/raw/teacher/test/images_test/56054.jpg,60.0,80.0,0.75,RGB,JPEG,2853,af76daca66fb3ce0fa8b0c9ff8007d24daecc275e7beb64b282364fa93426928
56055,data/raw/teacher/test/images_test/56055.jpg,60.0,80.0,0.75,RGB,JPEG,10832,99e47178d0676953faa6422f4f82f37eef8bb08fbd035d6f6f41f68345f4cf28
56056,data/raw/teacher/test/images_test/56056.jpg,60.0,80.0,0.75,RGB,JPEG,17097,b10e9b44aee8e1c6875890400e21ddd188c87108e3e3b1bb1a4689620ef41aa4
56057,data/raw/teacher/test/images_test/56057.jpg,60.0,80.0,0.75,RGB,JPEG,2558,f947530cf71e094093aa1b82295c27f568ae3a849678770c3edeac35d6cb3f5a
56058,data/raw/teacher/test/images_test/56058.jpg,60.0,80.0,0.75,RGB,JPEG,2585,d5aeeb9de5e94c669b5689b9cde35581c14d328a4a96a487c1ae7a4ef89eb847
56059,data/raw/teacher/test/images_test/56059.jpg,60.0,80.0,0.75,RGB,JPEG,2528,24eb6dce7756a01daca2c300d663e91a04f66fa38398c534df5eaa5f3be0b9b9
56060,data/raw/teacher/test/images_test/56060.jpg,60.0,80.0,0.75,RGB,JPEG,10975,59c1c897e4ee1e65d7977ea11c87be0348af932ac28b7a2ef3e87788caee1126
56061,data/raw/teacher/test/images_test/56061.jpg,60.0,80.0,0.75,RGB,JPEG,10793,055b6f843290ed66be2a9f4fe596be46cf29376350d051020b7a1498d8dc50dc
56062,data/raw/teacher/test/images_test/56062.jpg,60.0,80.0,0.75,RGB,JPEG,2579,8eb7a305a1c769d39390c386b4093fa2459d0dcca261d7f9d77283c1e3939fd9
56063,data/raw/teacher/test/images_test/56063.jpg,60.0,80.0,0.75,RGB,JPEG,2765,51e773c7855d129ec9fb4e48c17ceead232a63f0e9e2ad8158e25ae9af3d216f
56064,data/raw/teacher/test/images_test/56064.jpg,60.0,80.0,0.75,RGB,JPEG,10926,4a83b6100be4ee103f4bb799320f9ec8ce7f9500f6564344a1989ebaf74eb05f
56065,data/raw/teacher/test/images_test/56065.jpg,60.0,80.0,0.75,RGB,JPEG,17449,e5bd5b62434aad39296a7cbb224e6c5c94742c02a7147073d75e94b5ffe96cdf
56066,data/raw/teacher/test/images_test/56066.jpg,60.0,80.0,0.75,RGB,JPEG,14144,02beed77eb089db46b85e5cd526efe4a7af7858b37de298a6648ee64751bb75b
56067,data/raw/teacher/test/images_test/56067.jpg,60.0,80.0,0.75,RGB,JPEG,16822,5d9bb81d294fdca33a35532cd7aa1773fc3f3033191a08775d54e4fe988d09aa
56068,data/raw/teacher/test/images_test/56068.jpg,60.0,80.0,0.75,RGB,JPEG,25731,f53d7a2e2b54ac657cccb5d8c6fffe03c771325ea6794ee0ae30c010c2547cd8
56069,data/raw/teacher/test/images_test/56069.jpg,60.0,80.0,0.75,RGB,JPEG,18506,1878290db00edee3e8f217a24bc89751601076691043164e1cdd1807505b75bb
56070,data/raw/teacher/test/images_test/56070.jpg,60.0,80.0,0.75,RGB,JPEG,16165,a6fc80ae6477f420090a64edb3c7f8588a7d19a439a15b0b6a333057c2b07906
56071,data/raw/teacher/test/images_test/56071.jpg,60.0,80.0,0.75,RGB,JPEG,23085,02bd24c047d8311bb250668970c6f3e9d517bf25d44e33998505139dca394c2e
56072,data/raw/teacher/test/images_test/56072.jpg,60.0,80.0,0.75,RGB,JPEG,11015,fb2c3968c19684c08e6a4b3b1d45b450816a6f7d90eac208102c8859b5324072
56073,data/raw/teacher/test/images_test/56073.jpg,60.0,80.0,0.75,RGB,JPEG,2734,4e58c717255c39061cb65a15917ad79dc975c80714506287f76d0ca5c0d239a9
56074,data/raw/teacher/test/images_test/56074.jpg,60.0,80.0,0.75,RGB,JPEG,2487,5cce3330df378e787b1dee385ac4a893cce66015c74ff1a6ecc544585dcbb35c
56075,data/raw/teacher/test/images_test/56075.jpg,60.0,80.0,0.75,RGB,JPEG,2221,480addd7eb9f9bc2bf1ea3bc1c9186297959d3f8a9435719553c1e4021672d54
56076,data/raw/teacher/test/images_test/56076.jpg,60.0,80.0,0.75,RGB,JPEG,2639,05cc746579f10448f39322e008e1436672fc73dcea0aa8a091a0d0e8986e04d6
56077,data/raw/teacher/test/images_test/56077.jpg,60.0,80.0,0.75,RGB,JPEG,2716,0c830bff046ef7060e3bb9cf8dafb67be195d8a68cfa315591f5b9ade6c7f967
56078,data/raw/teacher/test/images_test/56078.jpg,60.0,80.0,0.75,RGB,JPEG,9945,af7f6bb3bf0b42eb647b34a5651574b2573d480e122cd164931b2bd989ea1d5e
56079,data/raw/teacher/test/images_test/56079.jpg,60.0,80.0,0.75,RGB,JPEG,17239,eddb0f2a0cb2a2975d34196227bc7d71f3f9a47b3e7173ca475be427fa25d804
56080,data/raw/teacher/test/images_test/56080.jpg,60.0,80.0,0.75,RGB,JPEG,17415,bb738ac37b2e8150cd2df44f1ddf951e8226b3bedc104ffa95c1b1f7a62a734a
56081,data/raw/teacher/test/images_test/56081.jpg,60.0,80.0,0.75,RGB,JPEG,16536,761b7e6ed61b64571cffb05fb6618c7f3aa4f3a421de88713b4774a4bd7a6586
56082,data/raw/teacher/test/images_test/56082.jpg,60.0,80.0,0.75,RGB,JPEG,2918,b8a03eff2187e95ac7a87e1d468bb84e5913d012d0c084ae98783db1147b3727
56083,data/raw/teacher/test/images_test/56083.jpg,60.0,80.0,0.75,RGB,JPEG,10674,94a15ba76961f43cf651c9c3090d8fe20de7679fcb531011db4d95c94ec3785a
56084,data/raw/teacher/test/images_test/56084.jpg,60.0,80.0,0.75,RGB,JPEG,10959,0cb9a878edb9f26cbb0253c4f77fd4ca838c25abef4713a03968f624e1b651cb
56085,data/raw/teacher/test/images_test/56085.jpg,60.0,80.0,0.75,RGB,JPEG,2199,996b6b99e50382f2d64d84f251dc816f3f76c735673e5e4a99d9aaa54ddd5826
56086,data/raw/teacher/test/images_test/56086.jpg,60.0,80.0,0.75,RGB,JPEG,2774,ac5f5a4a3f147f3fa77e0e5a688a197ff4aa8800b1beea54a0b89861352a0c95
56087,data/raw/teacher/test/images_test/56087.jpg,60.0,80.0,0.75,RGB,JPEG,11134,e07e989b703c382283cba95f706535740ec9fd33d5ac623a55553748689d1e05
56088,data/raw/teacher/test/images_test/56088.jpg,60.0,80.0,0.75,RGB,JPEG,2714,a795cb6eb9108f1573e0a5904ae5af2d9e397c1d95301d045bf8161e4cd3fae1
56089,data/raw/teacher/test/images_test/56089.jpg,60.0,80.0,0.75,RGB,JPEG,11009,c3d13f23a824e30801b42f2d85e136ced05a19be810c19e8b6122fbcc84a359f
56090,data/raw/teacher/test/images_test/56090.jpg,60.0,80.0,0.75,RGB,JPEG,11102,679bfa6630b5573de575264975742a1c7aea5c2ac82f04e49bc6812279b96f56
56091,data/raw/teacher/test/images_test/56091.jpg,60.0,80.0,0.75,RGB,JPEG,11205,6c24926cd18829d4b41f2ebb4da88446c21578fee8461e22907b8224a08bd206
56092,data/raw/teacher/test/images_test/56092.jpg,60.0,80.0,0.75,RGB,JPEG,2565,06f2ac7f66488f599119da81dcb39a90db7003b26b188de96d62ce0620584ca1
56093,data/raw/teacher/test/images_test/56093.jpg,60.0,80.0,0.75,RGB,JPEG,10701,21b2b1929a66f8e778efaa347b019969ea063fc85993fd0d42025e58ad669af5
56094,data/raw/teacher/test/images_test/56094.jpg,60.0,80.0,0.75,RGB,JPEG,10886,4ebe935bc38e33e7b8ec9ccf362ee3b143cde082662bc3bdfeaab201a7524b80
56095,data/raw/teacher/test/images_test/56095.jpg,60.0,80.0,0.75,RGB,JPEG,2409,bc2f8bf2ae4633bb7d7ab61f47c95804a646e32aa703c0c160c217a4e94092a8
56096,data/raw/teacher/test/images_test/56096.jpg,60.0,80.0,0.75,RGB,JPEG,17798,1e77d841b80e2ea02cb63659573cdde1cc0016b50a2397e44bac690885e51119
56097,data/raw/teacher/test/images_test/56097.jpg,60.0,80.0,0.75,RGB,JPEG,11668,bfeb1dbda3e9277ae93ad9befb35063db3282d3b37c39b692f66104f1feac321
56098,data/raw/teacher/test/images_test/56098.jpg,60.0,80.0,0.75,RGB,JPEG,2942,20b7a522a441ec432fb29a0a98f2c8dcfe4326edb200fdc9420d62bb507e7091
56099,data/raw/teacher/test/images_test/56099.jpg,60.0,80.0,0.75,RGB,JPEG,17772,b4db4b27539daee72ebc6a657dc4825f7b9ebda2f39001853ef1639be71ece9d
56100,data/raw/teacher/test/images_test/56100.jpg,60.0,80.0,0.75,RGB,JPEG,17032,11800af9789fca88aa89c12882f76130dcf8a72805829b8ce2bae4cea747e47b
56101,data/raw/teacher/test/images_test/56101.jpg,60.0,80.0,0.75,RGB,JPEG,2738,95278e8e7ec54455c9c9588ed3b613638f958a6f109b98d933256db55651e504
56102,data/raw/teacher/test/images_test/56102.jpg,60.0,80.0,0.75,RGB,JPEG,2760,d57ecab28a390862739bb2cfe58e0849282ff574aa364109727d2293114efe3d
56103,data/raw/teacher/test/images_test/56103.jpg,60.0,80.0,0.75,RGB,JPEG,2280,5a51854d79b3012769798065c28f7898ac389023f062aa643be9dce47fb80ce5
56104,data/raw/teacher/test/images_test/56104.jpg,60.0,80.0,0.75,RGB,JPEG,17640,3324fd978f4d1a6f76b45511a51d5391debb7017963eb4b6a5ee94091a393045
56105,data/raw/teacher/test/images_test/56105.jpg,60.0,80.0,0.75,RGB,JPEG,17318,5af96f5bbd342c09a044121d3aa1dabb103c270a9ab1e84df28db4b92ed1fbf2
56106,data/raw/teacher/test/images_test/56106.jpg,60.0,80.0,0.75,RGB,JPEG,17867,587a11d5b8032d4e83b95021764e77781ec4789938cb266417bb12e3729c1cff
56107,data/raw/teacher/test/images_test/56107.jpg,60.0,80.0,0.75,RGB,JPEG,2798,e62ada5ad5e1acbb59baab5d05ab5a592d118f650b19e2f46470011d04d3b2ab
56108,data/raw/teacher/test/images_test/56108.jpg,60.0,80.0,0.75,RGB,JPEG,2820,e9910663b434790bb714dfb9d785d475a8e42006cbe622a73ee3f7a7f524df61
56109,data/raw/teacher/test/images_test/56109.jpg,60.0,80.0,0.75,RGB,JPEG,3307,41e27cd02796ea707fc2507ca4917a2b5590927da31f06a233f083ece40a46a4
56110,data/raw/teacher/test/images_test/56110.jpg,60.0,80.0,0.75,RGB,JPEG,18617,3344d7fff5c6a269e387a57b0c944c9fccafdb88d6d17b508e5029458a9d970f
56111,data/raw/teacher/test/images_test/56111.jpg,60.0,80.0,0.75,RGB,JPEG,3087,8ef2b950367835b59e835e38828767a794e55d394026c4644510390e443aa96f
56112,data/raw/teacher/test/images_test/56112.jpg,60.0,80.0,0.75,RGB,JPEG,18812,61738b1826b79b410436f4ae40d9df4e13beba51efea3c686d0c5a97ea590281
56113,data/raw/teacher/test/images_test/56113.jpg,60.0,80.0,0.75,RGB,JPEG,18478,d962667258710068b827251b2b541cbf76e086b9bcc5886a03961f4f94f2a44c
56114,data/raw/teacher/test/images_test/56114.jpg,60.0,80.0,0.75,RGB,JPEG,18311,11ad5ea74ad1a124efa1c4cb3ac03c2d36912cc4ee982995809a508852d1e6bd
56115,data/raw/teacher/test/images_test/56115.jpg,60.0,80.0,0.75,RGB,JPEG,18264,e57179d32cd2e22c48432c37876def2f5dce337028b4ed3816c1f9c9cc8a0ffb
56116,data/raw/teacher/test/images_test/56116.jpg,60.0,80.0,0.75,RGB,JPEG,3090,c6b132a5f0a45384b36988482a23ca95df091cc9c5a487a6efb168ad1734a62e
56117,data/raw/teacher/test/images_test/56117.jpg,60.0,80.0,0.75,RGB,JPEG,11855,5ccc3ecd700ee4fe7b646cc64cc986b89391106aece7f55d59ff3a4961bc068c
56118,data/raw/teacher/test/images_test/56118.jpg,60.0,80.0,0.75,RGB,JPEG,18580,ff610e810bcf1ffa72af79f39b0d9b36a89c434e340449ee3e898307ac6ed531
56119,data/raw/teacher/test/images_test/56119.jpg,60.0,80.0,0.75,RGB,JPEG,18669,ea77ad71023dc2de2a32806a958a17c253bafb9fa5b1e87a261277efff9d4d71
56120,data/raw/teacher/test/images_test/56120.jpg,60.0,80.0,0.75,RGB,JPEG,11866,70f92ab29c8187933c8b27ef4fc1c691333daafa407b83eb97c615406a6aaab3
56121,data/raw/teacher/test/images_test/56121.jpg,60.0,80.0,0.75,RGB,JPEG,1900,4543f61ff5b35ad8aa92c7422c27ef993424f0120c7fc72cc60d7eea2dc0906c
56122,data/raw/teacher/test/images_test/56122.jpg,60.0,80.0,0.75,RGB,JPEG,18594,80f6cf1dd9ad04a90bdd64a8512f1149cb24e8a11d42f3d90b9ce0bf93d13fe7
56123,data/raw/teacher/test/images_test/56123.jpg,60.0,80.0,0.75,RGB,JPEG,18629,e99b67745fc45998b05cedbcbb382dd3b110fcf005240c047928eedd6330cc4f
56124,data/raw/teacher/test/images_test/56124.jpg,60.0,80.0,0.75,RGB,JPEG,3305,a5c64130d638bcef1e873ddc06e29fc6462be026f1ef30b748b615de4821c25d
56125,data/raw/teacher/test/images_test/56125.jpg,60.0,80.0,0.75,RGB,JPEG,13027,acb8c8306c3082acca33a6abd1a307227615bd0054b05c2aa2c6dcb6e932f483
56126,data/raw/teacher/test/images_test/56126.jpg,60.0,80.0,0.75,RGB,JPEG,12631,3e32f12a50a6c7e87742f48fd95f708d20e2df84cd954c51986a4bf31ecaa5ac
56127,data/raw/teacher/test/images_test/56127.jpg,60.0,80.0,0.75,RGB,JPEG,17196,898121bdfcc1f82642dac754e3bfb4ad14f5abe1207ce992d95b0bbc1773e0db
56128,data/raw/teacher/test/images_test/56128.jpg,60.0,79.0,0.7595,RGB,JPEG,17364,157b591671ca19e962461d33e94221da03bf080a8ff1384ffed3d25fff48de14
56129,data/raw/teacher/test/images_test/56129.jpg,60.0,80.0,0.75,RGB,JPEG,11551,6b603f690abdcd44b2af3d65b4be905d7f37eb58e3dbf19e177358529d9984c2
56133,data/raw/teacher/test/images_test/56133.jpg,60.0,80.0,0.75,RGB,JPEG,19069,7ff0a8764277df5b4f34d7d8e58129e4f1ac639ed86e70b6e59875532faf2bb0
56134,data/raw/teacher/test/images_test/56134.jpg,60.0,80.0,0.75,RGB,JPEG,17176,868f5a68c34524dcab56e716a39459d0f27400a18e1976f638c8cb082b334372
56135,data/raw/teacher/test/images_test/56135.jpg,60.0,80.0,0.75,RGB,JPEG,3439,1b0c50248a2841bb5e9eac72e251059bfa50d85a08ad34e16d19f270154c4375
56136,data/raw/teacher/test/images_test/56136.jpg,60.0,80.0,0.75,RGB,JPEG,3470,31a51f44d26cf59e5c329d20b0c2bb84b2590839a2e7e0641c651643e903cd7e
56137,data/raw/teacher/test/images_test/56137.jpg,60.0,80.0,0.75,RGB,JPEG,13090,56b4ed498b8abf7b4459761cc86699d01df8f10c79427da8ed0c950396e82ad3
56138,data/raw/teacher/test/images_test/56138.jpg,60.0,80.0,0.75,RGB,JPEG,20165,9c984bdcf6ace27fb2c677abb8a997ad72191283d2620ee5156b03d185e3788c
56139,data/raw/teacher/test/images_test/56139.jpg,60.0,80.0,0.75,RGB,JPEG,19119,4cc75b247bfa8128791f6bb27ad721772663e892b53d42b909135d6723a97133
56140,data/raw/teacher/test/images_test/56140.jpg,60.0,80.0,0.75,RGB,JPEG,14311,da68a7b6020129ea045cc9b9c263f00055721a92695580b4a9b82559fb3b87dc
56141,data/raw/teacher/test/images_test/56141.jpg,60.0,80.0,0.75,RGB,JPEG,4033,9482726df610833b025512d0cbbdd150a008eaa4f784e08f4bef6dfb1f1910c9
56142,data/raw/teacher/test/images_test/56142.jpg,60.0,80.0,0.75,RGB,JPEG,19617,2dec158bd2c437477db57ae4ff9dc25b8b822537690139df424ad0a575c74cc8
56143,data/raw/teacher/test/images_test/56143.jpg,60.0,80.0,0.75,RGB,JPEG,14254,66d8640121367bfa85f39587db3a982bc1173804e96c0b5d262920e16fdcbb68
56144,data/raw/teacher/test/images_test/56144.jpg,60.0,80.0,0.75,RGB,JPEG,20142,48d445b491cc96082d6866fe60eaafdead17435d13c1fe3a81b6a4c995f0be2c
56145,data/raw/teacher/test/images_test/56145.jpg,60.0,80.0,0.75,RGB,JPEG,19787,3a9dd07ece8205b8953e8fe988cba3679dc413d4e7e3379e875093df3e81b310
56146,data/raw/teacher/test/images_test/56146.jpg,60.0,80.0,0.75,RGB,JPEG,13703,60677e124833dcef13ef0c24298e3c2f4baaad2916d9bf0319c810839d6d3fd1
56147,data/raw/teacher/test/images_test/56147.jpg,60.0,80.0,0.75,RGB,JPEG,13600,5ff6b5f408287c57d2a9efc80f7a40863ac5610e23c461e02194f61b723bd255
56148,data/raw/teacher/test/images_test/56148.jpg,60.0,80.0,0.75,RGB,JPEG,14760,c8e316e46b01af6d4a7bf938c865aed19fb156482ed623c60f5ce63c15b86853
56149,data/raw/teacher/test/images_test/56149.jpg,60.0,80.0,0.75,RGB,JPEG,12513,3f1259d28c1c5e92c6d715b0a9f20da28f81c88646ec8a58c74917bd28798f40
56150,data/raw/teacher/test/images_test/56150.jpg,60.0,80.0,0.75,RGB,JPEG,2611,ef364328cd480d3fd404c0e859027d34577721d5a917feb219ee11557af094da
56151,data/raw/teacher/test/images_test/56151.jpg,60.0,80.0,0.75,RGB,JPEG,16703,9f96893ded817e07dba471b9472879a7ab3e7c244ca0b99316d7c8c327b31e82
56152,data/raw/teacher/test/images_test/56152.jpg,60.0,80.0,0.75,RGB,JPEG,11540,f6b4b29671668ff0d241fd38d4aa98207cf799786a1ebb96e7ef296712c03770
56153,data/raw/teacher/test/images_test/56153.jpg,60.0,80.0,0.75,RGB,JPEG,12925,6dbb912ccd660386808f940ecdc1cbfd918326d8440767247ba5e54ed1ad3e21
56154,data/raw/teacher/test/images_test/56154.jpg,60.0,80.0,0.75,RGB,JPEG,12129,dd4d8a8463361e37256c4dc7a026701b16841e365c9bc6975cfcf4f7f2efc484
56155,data/raw/teacher/test/images_test/56155.jpg,60.0,80.0,0.75,RGB,JPEG,2448,65c9377aca9662ffb6b562ffe668e43bd5cf6f793798641e3ec9e8921f1f9137
56156,data/raw/teacher/test/images_test/56156.jpg,60.0,80.0,0.75,RGB,JPEG,2630,747cb1fae80b69c08788b0b4a3eaa2dd5c78e5f9e63621f6cf0ec9339f6ba55f
56157,data/raw/teacher/test/images_test/56157.jpg,60.0,80.0,0.75,RGB,JPEG,12129,dd4d8a8463361e37256c4dc7a026701b16841e365c9bc6975cfcf4f7f2efc484
56158,data/raw/teacher/test/images_test/56158.jpg,60.0,80.0,0.75,RGB,JPEG,2598,6bcf59d119ccc4954d7f1d143b39685c884624038d89f2250e4e8a075da22df2
56159,data/raw/teacher/test/images_test/56159.jpg,60.0,80.0,0.75,RGB,JPEG,2717,affdea9f9ecdaaef405b6c27252a2130b31bd88b6de93bd3baa9939f1db4609b
56160,data/raw/teacher/test/images_test/56160.jpg,60.0,80.0,0.75,RGB,JPEG,2499,81ab6bab2668c73b6322b736e5e4f8a092ae0b5c65eb3c6a7f77b65ecd28f0fb
56161,data/raw/teacher/test/images_test/56161.jpg,60.0,80.0,0.75,RGB,JPEG,2304,b312bc739094427b13cfdb6b8f44c4a802c5a8029437064bde9806bcd9305360
56162,data/raw/teacher/test/images_test/56162.jpg,60.0,80.0,0.75,RGB,JPEG,2135,8e6dd28ed11b096f4f0cfcd4dd0a4726d576f2a2a1372614f5565a3f0c192182
56164,data/raw/teacher/test/images_test/56164.jpg,60.0,80.0,0.75,RGB,JPEG,16967,32917dd34d7f778cb394dee87a2dc81a96b19cca2be4125e3215d38506326789
56165,data/raw/teacher/test/images_test/56165.jpg,60.0,80.0,0.75,RGB,JPEG,17549,351a73d95727206ae834b246046904af8355eed767687c3785534e68a627b573
56166,data/raw/teacher/test/images_test/56166.jpg,60.0,80.0,0.75,RGB,JPEG,10588,b9d4b99ce2bcc327ec48b29356d0620bc30a4f8d44927220ef7abc62f32a8ee3
56167,data/raw/teacher/test/images_test/56167.jpg,60.0,80.0,0.75,RGB,JPEG,17118,4312575b62be6ea047f39c26851fb74bba95ee00e4a4a0f5b7a475fceae15a0b
56168,data/raw/teacher/test/images_test/56168.jpg,60.0,80.0,0.75,RGB,JPEG,15846,46cd429e8d1b12d6618540164ffa4f154df90335c873f4f112d4f6f4a945723c
56170,data/raw/teacher/test/images_test/56170.jpg,60.0,80.0,0.75,RGB,JPEG,19778,0509650e6ce9edbfe73e27c31e62652e5ea6b2f8629546611c148817f7b0abdc
56171,data/raw/teacher/test/images_test/56171.jpg,60.0,80.0,0.75,RGB,JPEG,17445,ab19cfc364da8333d5199e16490e3c26d9efb15f3b046d4674147c58f843d927
56172,data/raw/teacher/test/images_test/56172.jpg,60.0,80.0,0.75,RGB,JPEG,10091,ee38576b15298344b4436cab4e405163815c5f44e3e149d8a41d6a46ae9ae6fa
56173,data/raw/teacher/test/images_test/56173.jpg,60.0,80.0,0.75,RGB,JPEG,2565,665edac532ba0a96bbbf57165460f3780029b1010455348a7751812e0d1bfc41
56174,data/raw/teacher/test/images_test/56174.jpg,60.0,80.0,0.75,RGB,JPEG,2481,fd6850431daf2d6f87bab71de15c37e402291479f80d734f4891623b939fa5f3
56175,data/raw/teacher/test/images_test/56175.jpg,60.0,80.0,0.75,RGB,JPEG,2722,f3e987dc0ba50b5ec0f8c5fb8723fb28c3424deb350038934a6a18846c0bd153
56176,data/raw/teacher/test/images_test/56176.jpg,60.0,80.0,0.75,RGB,JPEG,2601,bbf08e9dfb5274430c27c213e30b871deb2f3077d4b3e472bb33c35e696cd215
56177,data/raw/teacher/test/images_test/56177.jpg,60.0,80.0,0.75,RGB,JPEG,11221,10540308727a503d33127eefc8e6532adee900d347fa03ca02fa662568e7b105
56178,data/raw/teacher/test/images_test/56178.jpg,60.0,80.0,0.75,RGB,JPEG,11201,28c89c81dfb7db6f66d5ec229cb73214f47e5877fdc76e61f881b2dd106d7b9a
56179,data/raw/teacher/test/images_test/56179.jpg,60.0,80.0,0.75,RGB,JPEG,2868,ed0445f915a007a52633498756d5bafd02735b9aba7e49730c57dd0ab2d9088b
56180,data/raw/teacher/test/images_test/56180.jpg,60.0,80.0,0.75,RGB,JPEG,17426,d664b1acf3fb61cd085b5f8f698097c22d78ae546bb2f1c6ada246446f2b9d7c
56181,data/raw/teacher/test/images_test/56181.jpg,60.0,80.0,0.75,RGB,JPEG,20654,e3a90fefa0db6265d1657ab24de9d5672a8079a1d0437170486446d88c90d9a4
56182,data/raw/teacher/test/images_test/56182.jpg,60.0,80.0,0.75,RGB,JPEG,21305,677aa396f481ec97fd8ec559456381b1a830da76e921e9b60a2f5df13b78d7e8
56183,data/raw/teacher/test/images_test/56183.jpg,60.0,80.0,0.75,RGB,JPEG,21258,dcc2c2b3e83f122607021dc7af50c921195fde09e24322a0082acc8f742eaf04
56184,data/raw/teacher/test/images_test/56184.jpg,60.0,80.0,0.75,RGB,JPEG,21326,ec6f3620b94d8cedee90afcde34b9f4c11d69bd99a22c493ced348dc6b911f39
56185,data/raw/teacher/test/images_test/56185.jpg,60.0,80.0,0.75,RGB,JPEG,3473,8fbe1a3fec86ef9cad0efc8fe3d5f5a8debc8c8fdfbfb07ad1d8546c63284a79
56186,data/raw/teacher/test/images_test/56186.jpg,60.0,80.0,0.75,RGB,JPEG,3438,d5919edbac6de892409533752b8aca01387a113e900f7ffacdfa7803af67c81b
56187,data/raw/teacher/test/images_test/56187.jpg,60.0,80.0,0.75,RGB,JPEG,12192,34a6bbbaa4ac08cf0ae2d65072df0aa3df1e6dd6a1230aa2d2a6bd3d733d1305
56188,data/raw/teacher/test/images_test/56188.jpg,60.0,80.0,0.75,RGB,JPEG,3445,2b8589ce2ca69551d08bab5b1af70dbbdb4190f5eeeb5bf09db2cc52ac6e38e1
56189,data/raw/teacher/test/images_test/56189.jpg,60.0,80.0,0.75,RGB,JPEG,20481,cbf6f68b5dec75a27bd38d008ed6f3882a22d360eae38a1bcf30e17651fe7194
56190,data/raw/teacher/test/images_test/56190.jpg,60.0,80.0,0.75,RGB,JPEG,13982,59b6c1168c0cf10df6d99bccf58f3fe9948b3242cfeaba9d78da50196653d6d0
56191,data/raw/teacher/test/images_test/56191.jpg,60.0,80.0,0.75,RGB,JPEG,3476,49882a21ccacd8288e7ccd0fe6782b6a3af61124515e64d95fb44908d8cad896
56192,data/raw/teacher/test/images_test/56192.jpg,60.0,80.0,0.75,RGB,JPEG,19743,fe20dd21f8ded19b667c457798e127bb3ac779b3a62b6f225cf5c879efd5a462
56193,data/raw/teacher/test/images_test/56193.jpg,60.0,80.0,0.75,RGB,JPEG,4038,bcf474eb74c0e1116d9feb2a0ca498d98a186bd444c68e3cef4551264f2b4c47
56194,data/raw/teacher/test/images_test/56194.jpg,60.0,80.0,0.75,RGB,JPEG,14094,1f594807d216d0825319f41e92652aa4bdb0175ab632dff718a4bba7fef804a0
56195,data/raw/teacher/test/images_test/56195.jpg,60.0,80.0,0.75,RGB,JPEG,13428,5a790a8b0f7914cd30904ec30994dff4d7a35ade0da951d9b89150f99528ad44
56196,data/raw/teacher/test/images_test/56196.jpg,60.0,80.0,0.75,RGB,JPEG,19515,7a2f9ed6259e3e626a4f89e998132a3bf34aa76a94d307c23665b25eb5880eb8
56198,data/raw/teacher/test/images_test/56198.jpg,60.0,80.0,0.75,RGB,JPEG,10200,1f230ee27eb6b028c96375134af72bd12357fe54619cc0234f7e676de7eac264
56199,data/raw/teacher/test/images_test/56199.jpg,60.0,80.0,0.75,RGB,JPEG,12592,472c3ef33d2863c4f0904dc85ef99c5338ab1447cd6bdb75763e9003bbeb7e41
56201,data/raw/teacher/test/images_test/56201.jpg,60.0,80.0,0.75,RGB,JPEG,17755,d6a8eaa471ba592e5fe882371a922f72c40b5e3c5d59d0a3b14f048c9f7702f5
56202,data/raw/teacher/test/images_test/56202.jpg,60.0,80.0,0.75,RGB,JPEG,1953,8f867c977c3fac6d34d422353e3f4d49a74c08e07ad5f9a234a8c98d15fee2be
56203,data/raw/teacher/test/images_test/56203.jpg,60.0,80.0,0.75,RGB,JPEG,9160,cf339d0633134d269fea187e256d5ea3e36102c6315886f17b0cc111edb5f4ae
56205,data/raw/teacher/test/images_test/56205.jpg,60.0,80.0,0.75,RGB,JPEG,1743,c7cb98e2e4c704fda117231bb94037e23e4f1040ba0108313ab91e64137ee0fa
56206,data/raw/teacher/test/images_test/56206.jpg,60.0,80.0,0.75,RGB,JPEG,15457,ed137d0b0a3af4fb9382bf1f5c04eb6431c2e3326ad99ff0072303a46665e004
56207,data/raw/teacher/test/images_test/56207.jpg,60.0,80.0,0.75,RGB,JPEG,18844,4e20d13efae4159a499c1e8c628c01155e34bd12eef5533ae36bc1995d1d2234
56208,data/raw/teacher/test/images_test/56208.jpg,60.0,80.0,0.75,RGB,JPEG,15567,126e4d63628d2d0fd634e4a20a1a25d4370546da6a1dc57d145b682dc70e5673
56209,data/raw/teacher/test/images_test/56209.jpg,60.0,80.0,0.75,RGB,JPEG,18859,f6e846efc99e215aad7cd7b7ed5f86a853d830d0fcc67b287030f6e775fdbd17
56210,data/raw/teacher/test/images_test/56210.jpg,60.0,80.0,0.75,RGB,JPEG,1789,43054122c6d955645da96c68aaeecb60bc4b7f87c7fcd0b3683b83d080c91468
56211,data/raw/teacher/test/images_test/56211.jpg,60.0,80.0,0.75,RGB,JPEG,15354,e36e8ec41b900a00eedaaad31c78629b2e2d17caebc256c4633fbef74250c533
56212,data/raw/teacher/test/images_test/56212.jpg,60.0,80.0,0.75,RGB,JPEG,15823,0e0248ddb81f879216d7fc830d05d7d28d9d19ed8273cbc5156e8146283d8b3c
56213,data/raw/teacher/test/images_test/56213.jpg,60.0,80.0,0.75,RGB,JPEG,16597,9d80f3c7c842288e41a9e4790e7682bd78be21d0edb37e4d98d2197b4988a56a
56214,data/raw/teacher/test/images_test/56214.jpg,60.0,80.0,0.75,RGB,JPEG,2437,df31644c8a0c2c928a2823ebad4d1886f37266a37e3bcf6aad8bd49f32812964
56215,data/raw/teacher/test/images_test/56215.jpg,60.0,80.0,0.75,RGB,JPEG,15848,7d3c4e71210c5f0139f3a2c0e3f365bb9ca597717cc74969b516dae43e2f955a
56216,data/raw/teacher/test/images_test/56216.jpg,60.0,80.0,0.75,RGB,JPEG,17907,7693d949e0b23a0a6fd0f24de0980e2ceb5438dcbf10d3ea16b8b8e9224862f5
56217,data/raw/teacher/test/images_test/56217.jpg,60.0,80.0,0.75,RGB,JPEG,17763,8414d75f654344fc6ede6bd1ec55bd4fbc1dccc6dd17288732d6250034043b72
56218,data/raw/teacher/test/images_test/56218.jpg,60.0,80.0,0.75,RGB,JPEG,22394,1ddff327c2dd135271ffdc7b8b53dc3de6490aa6d9e2a3ad302563137b43404e
56219,data/raw/teacher/test/images_test/56219.jpg,60.0,80.0,0.75,RGB,JPEG,16230,0865f7f4e9f5289758b56bd11ee79c5a9f1cb3a2f947204fd3e5310698014a21
56220,data/raw/teacher/test/images_test/56220.jpg,60.0,80.0,0.75,RGB,JPEG,12644,a6750fb8bfd5c8476645739400d107a9c0db83a72d86939a8635cd7de05bab9c
56221,data/raw/teacher/test/images_test/56221.jpg,60.0,80.0,0.75,RGB,JPEG,18245,0f58c3e1e46bae480798bde8ad2e25892849f0f46968dd73a0ab9a092f46b3a9
56222,data/raw/teacher/test/images_test/56222.jpg,60.0,80.0,0.75,RGB,JPEG,20953,c5558b7277e19dfbb2b9954af6c773ea1ce4c579c18393674ecb84e1c9110eeb
56223,data/raw/teacher/test/images_test/56223.jpg,60.0,80.0,0.75,RGB,JPEG,20927,2390829531e75d71c3a7580f6bc783cfb119d5a2376e28fc806000c97b2f0375
56224,data/raw/teacher/test/images_test/56224.jpg,60.0,80.0,0.75,RGB,JPEG,4309,25e9e0f984cacdaa09f371b2e1dac11d0e01cffec975303a2a54a4f05240212e
56225,data/raw/teacher/test/images_test/56225.jpg,60.0,80.0,0.75,RGB,JPEG,21427,7c51cbad9df0235e48da9908013a5e7b8fbcbc521c814f20f3c1acb5ac7a540e
56226,data/raw/teacher/test/images_test/56226.jpg,60.0,80.0,0.75,RGB,JPEG,4496,26d5cd88877f9104c331c57391db7d74a1bc63a3e3880b19b8f1f3c56ff48cba
56227,data/raw/teacher/test/images_test/56227.jpg,60.0,80.0,0.75,RGB,JPEG,21130,37b967919a3e9a78a3dd36d940f449969e89dc81991d26c37e72feed0f751868
56228,data/raw/teacher/test/images_test/56228.jpg,60.0,80.0,0.75,RGB,JPEG,14108,1239feee78d510973c38938c5595a6c9c79cc655d3e7e770fe063b9961589a81
56229,data/raw/teacher/test/images_test/56229.jpg,60.0,80.0,0.75,RGB,JPEG,21401,f4eb1d594f67c46a0f39732ada367ae47664f07a3f78998648ea77f40e08e738
56230,data/raw/teacher/test/images_test/56230.jpg,60.0,80.0,0.75,RGB,JPEG,4366,bc173b6e8e00bf5848c4e04527fa8f98c6d19670bdb1f22e27291bb65d7c43c7
56231,data/raw/teacher/test/images_test/56231.jpg,60.0,80.0,0.75,RGB,JPEG,20844,f6ea8fa96aaba24ac3103b00ed410fa0cfc7d8cd205eed4965c2e5ec294dcc48
56232,data/raw/teacher/test/images_test/56232.jpg,60.0,80.0,0.75,RGB,JPEG,3956,cf8d8726c5ce49c216e2f06986ec23e32459d2cb58c12a7e38cbcdd2013ae433
56233,data/raw/teacher/test/images_test/56233.jpg,60.0,80.0,0.75,RGB,JPEG,14910,535958e9d391f6f88ff017e67838413d86a3931e40adbbdebdf568f004e5fca0
56234,data/raw/teacher/test/images_test/56234.jpg,60.0,80.0,0.75,RGB,JPEG,3848,e658593b7590be2e2ef79ff4fc1b001a3c611e550a6adad76633dd61b176e229
56235,data/raw/teacher/test/images_test/56235.jpg,60.0,80.0,0.75,RGB,JPEG,21840,79e23ab4aacba7b2da2c2186ec5ec06a5cc4093ff8c43339fd35563801456e3d
56236,data/raw/teacher/test/images_test/56236.jpg,60.0,80.0,0.75,RGB,JPEG,20605,c25dcc33e2abe034c3516a8daa9b6e808b69792d173df0ca95576e47faba3924
56237,data/raw/teacher/test/images_test/56237.jpg,60.0,80.0,0.75,RGB,JPEG,21112,b3ccca812aeec0a6ceb07f99bb732c2e372fc165c79224b58863e66ed3a09e20
56238,data/raw/teacher/test/images_test/56238.jpg,60.0,80.0,0.75,RGB,JPEG,14439,2c442eecee15b4a131464c7674fbd64b0fec9764683737a0ffe75b10ce23b5ab
56239,data/raw/teacher/test/images_test/56239.jpg,60.0,80.0,0.75,RGB,JPEG,21405,985411d6b1844f46209b6ae15ca97f2f9a9cd622db3ebf4fd74063785d740087
56240,data/raw/teacher/test/images_test/56240.jpg,60.0,80.0,0.75,RGB,JPEG,3755,aef659f4e0eee79a344512ef9410cd7fc2c3ef12dce97c77f3d04a7a49deca04
56241,data/raw/teacher/test/images_test/56241.jpg,60.0,80.0,0.75,RGB,JPEG,3953,16649caecb0f418ac673bd558ed0503b2922c26254850ecb05f132de916995ad
56243,data/raw/teacher/test/images_test/56243.jpg,60.0,80.0,0.75,RGB,JPEG,21026,9fd3054056b793596044cd5d449db863d6821c4cd8295334c2e143cb1b7c6ca1
56244,data/raw/teacher/test/images_test/56244.jpg,60.0,80.0,0.75,RGB,JPEG,4132,c4984d2ae99b25d531b5c230441dd2edc5fd0b42596b44e9f8d4db83ba5a7406
56245,data/raw/teacher/test/images_test/56245.jpg,60.0,80.0,0.75,RGB,JPEG,20777,9bf96bf261091448fb9485b7e63863a60d2f36975572ea779fd62df11be6e3e4
56247,data/raw/teacher/test/images_test/56247.jpg,60.0,80.0,0.75,RGB,JPEG,14697,f18c4c67ef78d6fa5b8336e92498e15607bbcb99e257cb02052ee588f186af43
56248,data/raw/teacher/test/images_test/56248.jpg,60.0,80.0,0.75,RGB,JPEG,14987,8f5d0334be19bdeba7f1a12fdc3f86a3ed53e5380b1728c1bcce7afd134c85c2
56249,data/raw/teacher/test/images_test/56249.jpg,60.0,80.0,0.75,RGB,JPEG,15467,d47fc0c4067adefef6e6411e621b71b15abca6185c1bd273d2705180c510a503
56250,data/raw/teacher/test/images_test/56250.jpg,60.0,80.0,0.75,RGB,JPEG,4451,2fe13030605a48d368ced8d7633439e704489c849e4a2aa0e229a11fa07f2976
56251,data/raw/teacher/test/images_test/56251.jpg,60.0,80.0,0.75,RGB,JPEG,14700,8c2463403a7d35ffbe330fa12ff242250ffa33c7b82dc61bd6c8f374abef763f
56252,data/raw/teacher/test/images_test/56252.jpg,60.0,80.0,0.75,RGB,JPEG,4610,ac8f297398342798118e560dd407b6a2f8bdad003102b50cb216d6cd21502f8c
56253,data/raw/teacher/test/images_test/56253.jpg,60.0,80.0,0.75,RGB,JPEG,15383,cc22530e3730ff969bf761323547a871d7dc2cc01862208d139a741832241502
56254,data/raw/teacher/test/images_test/56254.jpg,60.0,80.0,0.75,RGB,JPEG,15308,bb6f5bd734af214ebe9f95412ff90648522a5b12a9acd44c2394ed94b9c4a43e
56255,data/raw/teacher/test/images_test/56255.jpg,60.0,80.0,0.75,RGB,JPEG,16306,ffd89fa4c1e687275a32d942a688f9d35c3bcb23fd4488f84a35d6bd960ef56a
56256,data/raw/teacher/test/images_test/56256.jpg,60.0,80.0,0.75,RGB,JPEG,14797,f22be72b832c10f1d04fc78135eb143aae2564352638de55fc5196ba51354790
56257,data/raw/teacher/test/images_test/56257.jpg,60.0,80.0,0.75,RGB,JPEG,21442,b1c03ada0eb66b0b522c9881660f155b04bb8b7e4d897b5431386cca6b7dcc06
56258,data/raw/teacher/test/images_test/56258.jpg,60.0,80.0,0.75,RGB,JPEG,15109,37181d9ae94e294f13d259452466a4f5a464d67cd268a11352832e407180bd84
56260,data/raw/teacher/test/images_test/56260.jpg,60.0,80.0,0.75,RGB,JPEG,21981,4280dc46031e9bb3723834d8bacd859ef94c20584c5164737e94dccf60eb3683
56261,data/raw/teacher/test/images_test/56261.jpg,60.0,80.0,0.75,RGB,JPEG,4574,5df1d58883114ad2d35f01672dbf27f3db58c583e3da2861c4d139ca698732d3
56262,data/raw/teacher/test/images_test/56262.jpg,60.0,80.0,0.75,RGB,JPEG,14664,922fc526df341c941f1f0dd2535beb35e59c9a9a2a45567e5203969099851f89
56263,data/raw/teacher/test/images_test/56263.jpg,60.0,80.0,0.75,RGB,JPEG,21690,571143777882cba4f2b1cc6d12884ac88be8d641940304c8f806ec54b4d5bddd
56265,data/raw/teacher/test/images_test/56265.jpg,60.0,80.0,0.75,RGB,JPEG,4017,6724636462d368428d0a5c09fd86128b16e92373814a428224a749a69f11b2fa
56266,data/raw/teacher/test/images_test/56266.jpg,60.0,80.0,0.75,RGB,JPEG,4507,6e0b818e82d984cbb6d1f51edfbf752173d19dd07eb361672d4f763d3b970c6d
56267,data/raw/teacher/test/images_test/56267.jpg,60.0,80.0,0.75,RGB,JPEG,23035,c6bd9d686d00f62d67ef613193ebefbd484fe47f8d9bed9c5208833aa8bded50
56268,data/raw/teacher/test/images_test/56268.jpg,60.0,80.0,0.75,RGB,JPEG,21611,13ae5f40785479b03f0a86f80010112b89e6037d590d6d3d4aba8503fc3c3b06
56269,data/raw/teacher/test/images_test/56269.jpg,60.0,80.0,0.75,RGB,JPEG,15748,ce00175f715b3551645ecd7b25d5879da13efacb75cd4316af6b611571264f5d
56270,data/raw/teacher/test/images_test/56270.jpg,60.0,80.0,0.75,RGB,JPEG,25258,8df04f30d7d4bb561830bb8ab558ca244f2e131fa4ab60df28bd7a3c65aa2346
56271,data/raw/teacher/test/images_test/56271.jpg,60.0,80.0,0.75,RGB,JPEG,5265,a7b5acc9979d459ab181e60af2649e70cf76479f3b37568fdd7f9f8a8cd1edc9
56272,data/raw/teacher/test/images_test/56272.jpg,60.0,80.0,0.75,RGB,JPEG,23096,fa6a14df6b6c908b91705e689c3a28f4098a3d461e807ca0157eb9b2e9579f20
56273,data/raw/teacher/test/images_test/56273.jpg,60.0,80.0,0.75,RGB,JPEG,24100,e9fdf31e4e592091fb1f8602980ac7903b0e9925db6136f75709bab0aaa33e86
56274,data/raw/teacher/test/images_test/56274.jpg,60.0,80.0,0.75,RGB,JPEG,5238,d5dfae724d27608ed52877bcaf92cd1aa906080acb9ddfe345313d34fb4aa442
56275,data/raw/teacher/test/images_test/56275.jpg,60.0,80.0,0.75,RGB,JPEG,23485,ae2b012c8dc54d017b651f643814065707bb90955c2c4faf9ec8c46585893305
56276,data/raw/teacher/test/images_test/56276.jpg,60.0,80.0,0.75,RGB,JPEG,6385,5f7ac6e415c0e92a3390ced3a335775d1c2d8a4ef235d095f913454c8f81880a
56277,data/raw/teacher/test/images_test/56277.jpg,60.0,80.0,0.75,RGB,JPEG,4444,490052fc8fc2335d06b744c7f0d143887443ce67cadaf93fa8a1b010ba58ecc3
56278,data/raw/teacher/test/images_test/56278.jpg,60.0,80.0,0.75,RGB,JPEG,4286,9b84544aca43b1496192d51bff339dbb879be65e762db0ebfd1944d041c4f4eb
56279,data/raw/teacher/test/images_test/56279.jpg,60.0,80.0,0.75,RGB,JPEG,7285,fba21e3b3264f26d0fc3296cfa1a672ba3a48898765b20a6e1b10cedde613610
56280,data/raw/teacher/test/images_test/56280.jpg,60.0,80.0,0.75,RGB,JPEG,4462,2cb1faf77274309101473cb51ec2cb97b408209440109df1b15e63609a3c178b
56281,data/raw/teacher/test/images_test/56281.jpg,60.0,80.0,0.75,RGB,JPEG,23938,bacca734fd5da189b201c1d4568ede2b9bdc20feb0ef248a910209328076a27e
56282,data/raw/teacher/test/images_test/56282.jpg,60.0,80.0,0.75,RGB,JPEG,27402,5ee04d1fc05cc88365402d90495c5999afa056ac02091319f7ff0fd98f9f1960
56283,data/raw/teacher/test/images_test/56283.jpg,60.0,80.0,0.75,RGB,JPEG,4193,eeb5bf31e65522b43494f0ad2d4efb688575af8d6292c3e8f020c78223901b38
56284,data/raw/teacher/test/images_test/56284.jpg,60.0,80.0,0.75,RGB,JPEG,17963,c555f0b5c36b5c9c643a809bfa5cd6c35cee6ea48df34b0561482f710a5f436b
56285,data/raw/teacher/test/images_test/56285.jpg,60.0,80.0,0.75,RGB,JPEG,4994,ee27bbeb68d208d1c48639b6aa11a12d019f2b3529fe3a3091689c3e6408cef6
56286,data/raw/teacher/test/images_test/56286.jpg,60.0,80.0,0.75,RGB,JPEG,4986,71f0575782121a3c4f0aad26cefb9663df24f4dd1be31f010c07fec261b18d95
56287,data/raw/teacher/test/images_test/56287.jpg,60.0,80.0,0.75,RGB,JPEG,17144,488643782713b39c854a914d5b5fe409766681b332ddc88a1eb8227e3f68fdb6
56288,data/raw/teacher/test/images_test/56288.jpg,60.0,80.0,0.75,RGB,JPEG,1535,0668e016ac7ad2781e5436312848f2512df48bbd23d9030dbc013553365ae0d7
56289,data/raw/teacher/test/images_test/56289.jpg,60.0,80.0,0.75,RGB,JPEG,4964,452a7e4c23f91380b1862fe63437c50ef5eb83878590b4ed40ed1990e8cd735a
56290,data/raw/teacher/test/images_test/56290.jpg,60.0,80.0,0.75,RGB,JPEG,16828,16fecd9e43c6e165f1fe4686264997ffcfbb7b19e47f48349ab8c3120834a084
56291,data/raw/teacher/test/images_test/56291.jpg,60.0,80.0,0.75,RGB,JPEG,22870,c6cc7a4f754ef38c66703398492e8421908499ea374c4627812dcecf5bba88f4
56292,data/raw/teacher/test/images_test/56292.jpg,60.0,80.0,0.75,RGB,JPEG,24094,46a640e5c776270a337a9894aef5b9a1d331e7617525c632403f80ac6198d124
56293,data/raw/teacher/test/images_test/56293.jpg,60.0,80.0,0.75,RGB,JPEG,17060,863cbd6e4b33f6c0c1a34e02ec7e58acd00a68aa1c31a702e55e3d3d04314087
56294,data/raw/teacher/test/images_test/56294.jpg,60.0,80.0,0.75,RGB,JPEG,5229,f31bc1c81c7bdab43e6e376fa0c7c45384839f909d444f380e8e28748e0c4d23
56295,data/raw/teacher/test/images_test/56295.jpg,60.0,80.0,0.75,RGB,JPEG,4700,b9445d7674654155a55f01bb1cc30956476c05a094c915d0a85227ed0a989e1e
56296,data/raw/teacher/test/images_test/56296.jpg,60.0,80.0,0.75,RGB,JPEG,22934,c5c6e8cf4f1c6c67e1bcc48a1ac5574840c8652e1413f465b35133e83461295a
56297,data/raw/teacher/test/images_test/56297.jpg,60.0,80.0,0.75,RGB,JPEG,23350,804dca5f757b97dc1014e5f00e6916e2bbd5f046e3808e239f33ce1ccb31a39f
56298,data/raw/teacher/test/images_test/56298.jpg,60.0,80.0,0.75,RGB,JPEG,4987,eefe7496e3eaaec4f75cd3af72fb9091be7fd79d3c95e70ccf8dfce613386141
56299,data/raw/teacher/test/images_test/56299.jpg,60.0,80.0,0.75,RGB,JPEG,4923,7321d6014f234b402a95c2291137385a4dbc9baafdc727703c12e68584454f7a
56300,data/raw/teacher/test/images_test/56300.jpg,60.0,80.0,0.75,RGB,JPEG,5097,d154618ad1556eedb5292fd58156296949cda85edf6af6a9e35fbca11f310e1d
56301,data/raw/teacher/test/images_test/56301.jpg,60.0,80.0,0.75,RGB,JPEG,4917,a6a977ec91e2e49276dd7dabe54f932efa57e6e8cefcad061611a535bf9578f3
56302,data/raw/teacher/test/images_test/56302.jpg,60.0,80.0,0.75,RGB,JPEG,5273,69fa3a7124112ce6524aadf53dea5a0f2c099ac8daf6af816fa9f385e79005a1
56303,data/raw/teacher/test/images_test/56303.jpg,60.0,80.0,0.75,RGB,JPEG,16653,c6cd8852a451a903353875cfa391eac2fa999acd7b7596942112fd624bf4eda9
56304,data/raw/teacher/test/images_test/56304.jpg,60.0,80.0,0.75,RGB,JPEG,16669,561235d45561f688027a63cc8e86759e6a2b076cb25ef8a88bdf8c0c26b57e44
56305,data/raw/teacher/test/images_test/56305.jpg,60.0,80.0,0.75,RGB,JPEG,24526,8bba479b5eedc317b941cf4df17417a8115d24d133b5c36cde6cbcf4b8c385c8
56306,data/raw/teacher/test/images_test/56306.jpg,60.0,80.0,0.75,RGB,JPEG,17402,a8f1c898e9ea0df8aa9c9580f568d8c866885ab80e4ecc31754167b12d4c78c8
56307,data/raw/teacher/test/images_test/56307.jpg,60.0,80.0,0.75,RGB,JPEG,24946,592072f81104b5c7fd63cc4ca57be6c789bfe0af9fafbbd1d789f967bd96b311
56308,data/raw/teacher/test/images_test/56308.jpg,60.0,80.0,0.75,RGB,JPEG,25898,25bb72b7eef5b26b33cf662cff6ccd7767826b37d34f5bb6734ac1d8d279e49e
56309,data/raw/teacher/test/images_test/56309.jpg,60.0,80.0,0.75,RGB,JPEG,19442,d2c2029694853859cdc1c2aedc8da195e68880d7b9294e097b0eea355ddb4bd8
56310,data/raw/teacher/test/images_test/56310.jpg,60.0,80.0,0.75,RGB,JPEG,4403,b4c1ae8bb357accd43f57c9b01e80e76311515f3918969b4b818d57567343e28
56311,data/raw/teacher/test/images_test/56311.jpg,60.0,80.0,0.75,RGB,JPEG,17931,600298eec4fcbd39625e29fa7ba81441c29cec929e3bbe69d1b284dda2278766
56312,data/raw/teacher/test/images_test/56312.jpg,60.0,80.0,0.75,RGB,JPEG,24002,f41d92e535bcf70cf019b5cc3b7eefd2f8b07d55821968072de248a6a836a64e
56313,data/raw/teacher/test/images_test/56313.jpg,60.0,80.0,0.75,RGB,JPEG,25800,52b64f70b7d1018f2c3043f2d9d5a370719cd4d96e12281318df6d05578f7346
56314,data/raw/teacher/test/images_test/56314.jpg,60.0,80.0,0.75,RGB,JPEG,14337,92635b849425b6faa91058a5a6f6be5cb0dba79e5678c986ce0a49c07a3491f2
56315,data/raw/teacher/test/images_test/56315.jpg,60.0,80.0,0.75,RGB,JPEG,21501,b2fb794c59b508759146e65fc8b823332a50dc36dd801c9b7281167acd0dcc0b
56316,data/raw/teacher/test/images_test/56316.jpg,60.0,80.0,0.75,RGB,JPEG,21984,dc15cb7bf2ce9045fc3218396d6b2542dd8a0a3f01465a28428c4de05575372a
56317,data/raw/teacher/test/images_test/56317.jpg,60.0,80.0,0.75,RGB,JPEG,19199,54a152813ccf34afb7a5a6f49b0b2a7b42d08205e5eda8769b901713b9ac16f2
56318,data/raw/teacher/test/images_test/56318.jpg,60.0,80.0,0.75,RGB,JPEG,12803,16c071d10cc33622b110d5a14c447fedf414c2ee3947d21d44831caa8dcac002
56319,data/raw/teacher/test/images_test/56319.jpg,60.0,80.0,0.75,RGB,JPEG,22035,7d94ea781773f0b9c45074e8d9bb51389543de10cb29dfa1ac368443248d841b
56320,data/raw/teacher/test/images_test/56320.jpg,60.0,80.0,0.75,RGB,JPEG,13871,1b27f820356ee20fc9795e3ce299d575d35272848fb7e412b16fbed679c5ad5d
56321,data/raw/teacher/test/images_test/56321.jpg,60.0,80.0,0.75,RGB,JPEG,21955,b105a184217e397fbd323bb7f5136035a7e6a2c091c7fbba6a7c0a8ffa1e75e4
56322,data/raw/teacher/test/images_test/56322.jpg,60.0,80.0,0.75,RGB,JPEG,37690,6ba978f3b010201eef207ce7b7f9f4ffdb81f2384f493b7712033a7c64d02bd0
56323,data/raw/teacher/test/images_test/56323.jpg,60.0,80.0,0.75,RGB,JPEG,13651,b056f25a4a1ff12bd76faad50d5214856f539f415486419dc6063e849cb0b683
56324,data/raw/teacher/test/images_test/56324.jpg,60.0,80.0,0.75,RGB,JPEG,4395,97325052374b8847fc30dc90758fec758a1819b156230ebb72e01a60beeffd8a
56326,data/raw/teacher/test/images_test/56326.jpg,60.0,80.0,0.75,L,JPEG,19813,65c8f317afe53f96d236b4f9f6458b5f832ee6f5b2c1dbf53382ae6c47eaa97c
56327,data/raw/teacher/test/images_test/56327.jpg,60.0,80.0,0.75,RGB,JPEG,22881,e436c7339a4ff55d2fd3f4e7abf2e23df901481c70114fd81a81c1dc82616a3c
56329,data/raw/teacher/test/images_test/56329.jpg,60.0,80.0,0.75,RGB,JPEG,22895,df446aeebe3d31c02a4f3f4c0ff6909278c034c38ce75a558560e24ce66228fa
56330,data/raw/teacher/test/images_test/56330.jpg,60.0,80.0,0.75,RGB,JPEG,28066,c79bd0c337063a4f8cd8503496780dbe7bb8328d877036b8a72ebbacbfce791b
56331,data/raw/teacher/test/images_test/56331.jpg,60.0,80.0,0.75,RGB,JPEG,5238,7d8909eec15715d9dca3afb4f98628bc75957d866e8a87f9710fbbf3e354c6b0
56332,data/raw/teacher/test/images_test/56332.jpg,60.0,80.0,0.75,RGB,JPEG,17938,3df225ffc3e282e4946b219aeee57bbbfd3f09bca7ede0e1fe4df7350e72beec
56333,data/raw/teacher/test/images_test/56333.jpg,60.0,80.0,0.75,RGB,JPEG,23086,b2fb88bdceb76e4bcd6dddc4e7f661324118488a9b9f5124a109bb976331a6b6
56335,data/raw/teacher/test/images_test/56335.jpg,60.0,80.0,0.75,RGB,JPEG,25177,282b33d9d372e6ac9b5f7ad69be86244a29ba3c85ea1975df4a5105451598a12
56336,data/raw/teacher/test/images_test/56336.jpg,60.0,80.0,0.75,RGB,JPEG,22043,0f35ab7cb30e4d00e8455b6d9cb0a799388801c853c17e546fa10752d1e70d20
56337,data/raw/teacher/test/images_test/56337.jpg,60.0,80.0,0.75,RGB,JPEG,27849,9e50dc3236438907ebda16c532eaa52f58300c6722a100e707702a97abe14dc2
56338,data/raw/teacher/test/images_test/56338.jpg,60.0,80.0,0.75,RGB,JPEG,16523,deaa4a5b13249a21955ad6a53c401347b17bdfdf8868571811d4d5050872b03d
56339,data/raw/teacher/test/images_test/56339.jpg,60.0,80.0,0.75,RGB,JPEG,22943,e6fcbeb079043b2067beac6e640c8502fabbf021a3d2171f1b102ee2bcbda312
56340,data/raw/teacher/test/images_test/56340.jpg,60.0,80.0,0.75,RGB,JPEG,23716,dbe120542135c709d8b5b250df05977558fef10909ca096d6298508a5e8af50b
56341,data/raw/teacher/test/images_test/56341.jpg,60.0,80.0,0.75,RGB,JPEG,2044,3c751ed7c56e3951de540c33a3e59efc25f554c1134bdd82749b70af514158b4
56342,data/raw/teacher/test/images_test/56342.jpg,60.0,80.0,0.75,RGB,JPEG,55409,16cf467bbb0ff6f560f21d52c0e2d2a9a19e12da0ffb1374d19ba3bbd12d7d8f
56343,data/raw/teacher/test/images_test/56343.jpg,60.0,80.0,0.75,RGB,JPEG,24078,e8b55690b7e3682436bb94c073046a0f2bffc0eaac8ba0776f18ac080b6058bf
56344,data/raw/teacher/test/images_test/56344.jpg,60.0,80.0,0.75,RGB,JPEG,19711,4e13f506de1f3ab0f15343e2f212d9e9243c8859588b7603b2cfce7554964687
56346,data/raw/teacher/test/images_test/56346.jpg,60.0,80.0,0.75,RGB,JPEG,15877,4d7e05fea2c4a208d83a75f2b95acabb7782fb448629428e7fd8e5967436b816
56348,data/raw/teacher/test/images_test/56348.jpg,60.0,80.0,0.75,RGB,JPEG,17664,e631c9f5e7a621b1965f2cc199e94f185ee1efa20659593adb58491338431a12
56349,data/raw/teacher/test/images_test/56349.jpg,60.0,80.0,0.75,RGB,JPEG,20187,28b2878002c11443868a816ad2a19bb77feefc62bacd3d117bd9e1ce885190cd
56351,data/raw/teacher/test/images_test/56351.jpg,60.0,80.0,0.75,RGB,JPEG,20271,8a49770babd8f7176c47544bf22af1fce07109e66b79b441f80a7166f952e069
56352,data/raw/teacher/test/images_test/56352.jpg,60.0,80.0,0.75,RGB,JPEG,19970,a433bbb92c8781b7e7640ca3506a4c77668425c08087e0d6b810ca8d49e27b6f
56353,data/raw/teacher/test/images_test/56353.jpg,60.0,80.0,0.75,RGB,JPEG,19313,6b6eab12874dd3d3106c469a81d01aaf4e2f1b1200bce55e588d8325859a7814
56354,data/raw/teacher/test/images_test/56354.jpg,60.0,80.0,0.75,RGB,JPEG,19875,77e4dbdc1ff64ef605c32381d343ff7a4351bd37a566e473bdb4f61d0e223782
56355,data/raw/teacher/test/images_test/56355.jpg,60.0,80.0,0.75,RGB,JPEG,22158,4e2681f3fc7acdc0615f759cd33670e243533e62d32fec7935a45f09e397778c
56356,data/raw/teacher/test/images_test/56356.jpg,60.0,80.0,0.75,RGB,JPEG,20733,e12c3837fccec4a92230d74a1c5e821a208a5739bd2839f445d464097ef5f674
56359,data/raw/teacher/test/images_test/56359.jpg,60.0,80.0,0.75,RGB,JPEG,10499,b013d18b42311a695941de4f8c03d3684a334c1c6dee23eab4731ecac20231ef
56360,data/raw/teacher/test/images_test/56360.jpg,60.0,80.0,0.75,RGB,JPEG,1821,97d7fbf740cc59929175f3bc5e0602336b3f0a29d8e91a62349b60bd19f48046
56361,data/raw/teacher/test/images_test/56361.jpg,60.0,80.0,0.75,RGB,JPEG,11059,2ee5dfba11e210ec2c00cd50435dd2e1815e16b14e3f731b619ce659fe82792a
56362,data/raw/teacher/test/images_test/56362.jpg,60.0,80.0,0.75,RGB,JPEG,1764,52896a162d504235341a8c8e7040a33252fb9574bf7f625d89b8a607f45bf7d9
56363,data/raw/teacher/test/images_test/56363.jpg,60.0,80.0,0.75,RGB,JPEG,1871,b209e54b43caf5b2a27dfd721b0c118be9b6fe0e5c98c41bb67a4fbf11d3a256
56364,data/raw/teacher/test/images_test/56364.jpg,60.0,80.0,0.75,RGB,JPEG,1716,3ae763614df665247a9b1870e44c2115b01145e1244ca4a4d1290e2b9b657fd9
56365,data/raw/teacher/test/images_test/56365.jpg,60.0,80.0,0.75,RGB,JPEG,17936,10903b42529e58d8d4ef54bee9c25f5dbdde9529b8852c347b43f2be945d6278
56366,data/raw/teacher/test/images_test/56366.jpg,60.0,80.0,0.75,RGB,JPEG,17921,ab286b42f9c9d6938ebb554834fb004ea2b6b0113e01b4b0818afe311ae348ea
56367,data/raw/teacher/test/images_test/56367.jpg,60.0,80.0,0.75,RGB,JPEG,18784,0ee9ddf1a135c6c42352ede840110731a00d5bf444ca97561507cd28e8cb14b0
56368,data/raw/teacher/test/images_test/56368.jpg,60.0,80.0,0.75,RGB,JPEG,12121,6ad807e1338b19a091fd4297c68adeb6ae9ac38d1f44e8b567b4c3f4e962856d
56375,data/raw/teacher/test/images_test/56375.jpg,60.0,80.0,0.75,RGB,JPEG,17747,57e2c0f628c3be7987edc4cc6e2016f39c59c9e577bb1055d242ab1f3986c2d9
56376,data/raw/teacher/test/images_test/56376.jpg,60.0,80.0,0.75,RGB,JPEG,19413,7412d911f3790edeb0f3f23bed212bfc20a8108b8eb3ab03dc1197ae3b97ec55
56377,data/raw/teacher/test/images_test/56377.jpg,60.0,80.0,0.75,RGB,JPEG,16889,968e6df8803a5b5217cb6d22f90e524441ead200560794a302391e421baa0c87
56378,data/raw/teacher/test/images_test/56378.jpg,60.0,80.0,0.75,RGB,JPEG,16983,6dbdbe75ef2a51545ee341cd0636e294da3a97dd01b330c186a7e4c6604b1ff6
56379,data/raw/teacher/test/images_test/56379.jpg,60.0,80.0,0.75,RGB,JPEG,16978,677b4f1fe95f39ec49d160e0932da63417e7935a5c2f4df13156d24dbd8fd03d
56380,data/raw/teacher/test/images_test/56380.jpg,60.0,80.0,0.75,RGB,JPEG,17369,11d4d5ef62b2675d599d41b864d4fed8d349e323d81c9b7a2d8a65de081ce9f8
56381,data/raw/teacher/test/images_test/56381.jpg,60.0,80.0,0.75,RGB,JPEG,17353,28f5055d077e20ebd149a56365461eafd052b62da434c97db473fe9f22401aa3
56385,data/raw/teacher/test/images_test/56385.jpg,60.0,80.0,0.75,RGB,JPEG,19739,a0e8d09ba1ece5cc8f3d88ae1aa74b3e0a6bf629d14e3b49d7abce46671bb887
56386,data/raw/teacher/test/images_test/56386.jpg,60.0,80.0,0.75,RGB,JPEG,18221,997001cc4b5932b46a4963a5630128461cc4d83848847ffbd1d9e08607873ba3
56388,data/raw/teacher/test/images_test/56388.jpg,60.0,80.0,0.75,RGB,JPEG,18994,b5fbdb1df80b8bf23e792a4512323e42b7e179e5746f50202da0551b4fa10ba0
56389,data/raw/teacher/test/images_test/56389.jpg,60.0,80.0,0.75,RGB,JPEG,20164,7f2f0c0ce0e074a3cac11a7edfef14fd34937892b75d2158c01dd574bfe8f093
56390,data/raw/teacher/test/images_test/56390.jpg,60.0,80.0,0.75,RGB,JPEG,13121,3e381241722f37d664d3f240dbdeae653689c818b32954d534d3cfd9f506491c
56391,data/raw/teacher/test/images_test/56391.jpg,60.0,80.0,0.75,RGB,JPEG,18362,fe011e13ff49e6df2279590d42dc683cd3c5bc37d01b3d12ba1d2e7b0990d0e9
56392,data/raw/teacher/test/images_test/56392.jpg,60.0,80.0,0.75,RGB,JPEG,11383,40b79ee648c9b58bdbe7d98dca386609e57d16901cf1df438ce94f98b7470a08
56393,data/raw/teacher/test/images_test/56393.jpg,60.0,80.0,0.75,RGB,JPEG,12026,c6ed88799416a2966ccefd6bef284d3c76dbe989c0cd5d94298d52cad720735a
56394,data/raw/teacher/test/images_test/56394.jpg,60.0,80.0,0.75,RGB,JPEG,19456,cacd6cbd88dfc4efbb21215879a73a7c2ba55c4582c5175b02b32d17bae0c518
56395,data/raw/teacher/test/images_test/56395.jpg,60.0,80.0,0.75,RGB,JPEG,13522,f305958589056e0cdbffc5c5f8ba27566ad46d6fbc8d6977dc5c8d756d475c32
56402,data/raw/teacher/test/images_test/56402.jpg,60.0,80.0,0.75,RGB,JPEG,12897,ac3c9cf05fa404e1825fb7ba71b7ca15c1a6399780d28fbe0eb79ecfb467edc4
56403,data/raw/teacher/test/images_test/56403.jpg,60.0,80.0,0.75,RGB,JPEG,19019,f2f47d42fb565590353c507d68c925fd74a45afdce316948611b7f2413a0e8db
56404,data/raw/teacher/test/images_test/56404.jpg,60.0,80.0,0.75,RGB,JPEG,18411,4a194011d1838d7b3e0ad80737c1ac5a584024844fb16dea920ba4b2718457a6
56405,data/raw/teacher/test/images_test/56405.jpg,60.0,80.0,0.75,RGB,JPEG,12620,fd6145c5b25d8d8744c00988cd07dbb2db7ebfd48235459345ea477c1d3f3195
56406,data/raw/teacher/test/images_test/56406.jpg,60.0,80.0,0.75,RGB,JPEG,18434,342d50ecb4a8fab4581af326307b72174bf76404237fa77544982dceb0834b74
56407,data/raw/teacher/test/images_test/56407.jpg,60.0,80.0,0.75,RGB,JPEG,18288,736831266ba507be9346cfa85ac14069d104279581e34f333be4a6b9ecf29890
56410,data/raw/teacher/test/images_test/56410.jpg,60.0,80.0,0.75,RGB,JPEG,13715,02907fc778bd9595e29dd2d02e2e255cd440b97ed21553e40feb22730b4a698a
56411,data/raw/teacher/test/images_test/56411.jpg,60.0,80.0,0.75,RGB,JPEG,19518,93e6d71e4f6a85a79d9f32dd485b38c7fec543cb96551d227c9c57013870ddcb
56412,data/raw/teacher/test/images_test/56412.jpg,60.0,80.0,0.75,RGB,JPEG,19404,c3c7be0176aa45ac40e90382bcd0ec7c06ab3b4222f1557fe44a01c509ff9e82
56413,data/raw/teacher/test/images_test/56413.jpg,60.0,80.0,0.75,RGB,JPEG,14201,5ef77582b7765355e78dce38fc1adc3978fe2702fef4ee0458c84f3ed58dad7e
56414,data/raw/teacher/test/images_test/56414.jpg,60.0,80.0,0.75,RGB,JPEG,13115,826bc31f36627130268330d3815fcfa699791cacc2aa9ebfc882acde31f16402
56415,data/raw/teacher/test/images_test/56415.jpg,60.0,80.0,0.75,RGB,JPEG,19553,66b21795b22a055936f5a0495c2520a62c369b4d814d7784e8e512bdbccc1bb7
56416,data/raw/teacher/test/images_test/56416.jpg,60.0,80.0,0.75,RGB,JPEG,23830,bd556a91885310c68bc35f3c7748a4bcc5715470923efc90d3c1fb724b616718
56417,data/raw/teacher/test/images_test/56417.jpg,60.0,80.0,0.75,RGB,JPEG,5099,e74df538c337aba573e3ab750b970c1117c2e7fb2bc6c756ae204b47e0dfe7a7
56418,data/raw/teacher/test/images_test/56418.jpg,60.0,80.0,0.75,RGB,JPEG,4937,2ad60f85393564fb00e0349e0c4f36ba338cd1a00d57eac5f3436a91e25567b1
56419,data/raw/teacher/test/images_test/56419.jpg,60.0,80.0,0.75,RGB,JPEG,4784,390b0bef320a7164f19bea78e42ba32901fdc9fdf015a9e62a1c724a02cc3701
56420,data/raw/teacher/test/images_test/56420.jpg,60.0,80.0,0.75,RGB,JPEG,4608,3a222c0610ef43675358e390a03241a544421089f8f8fb8764b5a67dc0496b7a
56421,data/raw/teacher/test/images_test/56421.jpg,60.0,80.0,0.75,RGB,JPEG,5121,c08d816aa21271c46341ef6d1195ddf2f358ebd6b086d4bf7d480232717bfb95
56422,data/raw/teacher/test/images_test/56422.jpg,60.0,80.0,0.75,RGB,JPEG,25721,5ef7e76d68db4de2671528df24dbebde785a4c0a9db40efed12ed639d1cd5c53
56423,data/raw/teacher/test/images_test/56423.jpg,60.0,80.0,0.75,RGB,JPEG,7585,49a0e023ca67f9e2810aa5f96640847f35b3ec7a13b396bd72ef26f602f87b7d
56424,data/raw/teacher/test/images_test/56424.jpg,60.0,80.0,0.75,RGB,JPEG,3642,ce2fa750a26df9674a5a27eb86d84c4c8ce12ab9be8225d0ccc3526ad8704ddb
56425,data/raw/teacher/test/images_test/56425.jpg,60.0,80.0,0.75,RGB,JPEG,3219,c2284f47197149e009dd59d1316960151dddb0834aed21bb0de207b9668f5241
56427,data/raw/teacher/test/images_test/56427.jpg,60.0,80.0,0.75,RGB,JPEG,3018,b5a2b1d3a3c1fd388d8273d6353ebd3d6d311ce219f122c3ade251f8ad6b4067
56428,data/raw/teacher/test/images_test/56428.jpg,60.0,80.0,0.75,RGB,JPEG,18100,993aeb5fedff885d1aefad6e8c525519f4473a0c1222bdfc149c758c165b4897
56429,data/raw/teacher/test/images_test/56429.jpg,60.0,80.0,0.75,RGB,JPEG,19556,a125d6c11f6bdc01b3ef7c1c581678445b3318c4ac4584e9b9b980f2570709b6
56432,data/raw/teacher/test/images_test/56432.jpg,60.0,80.0,0.75,RGB,JPEG,18983,bfcdb0e3f7be6e26e54408b7c445b3e31e377266f0e7ada4c4695d06a81e1fb1
56436,data/raw/teacher/test/images_test/56436.jpg,60.0,80.0,0.75,RGB,JPEG,19652,142d5dd8642c5f02c6925bd1aa0e7e5c5e615f6df666701796cb450cb1775073
56440,data/raw/teacher/test/images_test/56440.jpg,60.0,80.0,0.75,RGB,JPEG,3286,3cd5ab9ccd5db3c1f705f29f4c40dae9986a7e0de9b13abe8045fb084035ead2
56443,data/raw/teacher/test/images_test/56443.jpg,60.0,80.0,0.75,RGB,JPEG,13030,f76dc9319013db83f15e335553112f9bf32853392f14e5b9505ab770a2c8a5cf
56444,data/raw/teacher/test/images_test/56444.jpg,60.0,80.0,0.75,RGB,JPEG,20219,0560f274b6df9d231793ca307b5d7adf7fb27720296dbf01a27cb3a7e6122572
56446,data/raw/teacher/test/images_test/56446.jpg,60.0,80.0,0.75,RGB,JPEG,20673,c41d3c19c12d2ac61ea55eb0b81cfd38914043242f65def5e5ccda1d9082ca8c
56447,data/raw/teacher/test/images_test/56447.jpg,60.0,80.0,0.75,RGB,JPEG,12943,fab17994e404d643375a65861c797a0857a8ee9ab9024c940de864e16d104d4a
56448,data/raw/teacher/test/images_test/56448.jpg,60.0,80.0,0.75,RGB,JPEG,3324,6aa25ac3adbd41060c57ec93a2ce3c78c422dfe3778e90fdbe30be412ef81b60
56450,data/raw/teacher/test/images_test/56450.jpg,60.0,80.0,0.75,RGB,JPEG,11082,3331fc9e42748faa2281054c545a670d7160a06a26016c3a794ebfad36ed89e1
56451,data/raw/teacher/test/images_test/56451.jpg,60.0,80.0,0.75,RGB,JPEG,12964,eec1f1e34da29148e9b64f6d4a2e62f9ade408bc35205c667aeed1882bc5a14c
56452,data/raw/teacher/test/images_test/56452.jpg,60.0,80.0,0.75,RGB,JPEG,12463,16d7209e14f9413671d7f19a64ca9d5a5c91897470eff9bdb34fb3c741376038
56454,data/raw/teacher/test/images_test/56454.jpg,60.0,80.0,0.75,RGB,JPEG,18750,62b4c5db9310ce6c307e8bcee11327bcef8be04b6af84b4952618c7601abf11a
56455,data/raw/teacher/test/images_test/56455.jpg,60.0,80.0,0.75,RGB,JPEG,11751,cd8d8af98268971de905d711893c7582614f5eee04ab0a246802191f8650ac85
56456,data/raw/teacher/test/images_test/56456.jpg,60.0,80.0,0.75,RGB,JPEG,19270,5aa0de66eb49413c8d3e3eb44ca07ece0f90db20c0828ed7bcc646c21e746658
56458,data/raw/teacher/test/images_test/56458.jpg,60.0,80.0,0.75,RGB,JPEG,12553,a08f1cf6dc8a94c48f7ba7df198c44a49918b6fd0b200af71b84dade58f4aa6b
56460,data/raw/teacher/test/images_test/56460.jpg,60.0,80.0,0.75,RGB,JPEG,19002,b2b1ca4e55ee101485430fed24b28a9ad9539673fd230613e4753b02838c35a6
56461,data/raw/teacher/test/images_test/56461.jpg,60.0,80.0,0.75,RGB,JPEG,18527,5e5781123690e38d153cf9794050ce39d7b9c6cc1552e039f089e4fd569bf632
56462,data/raw/teacher/test/images_test/56462.jpg,60.0,80.0,0.75,RGB,JPEG,18965,cd3fa8af70743ea8da5b650a1698bfbc23977f1a2c0aceef98b4bbe0277c136b
56463,data/raw/teacher/test/images_test/56463.jpg,60.0,80.0,0.75,RGB,JPEG,18041,2fc2f17bdf8ab920fcb896f0653da450c6500b434c5b11f0998f5867881ae908
56464,data/raw/teacher/test/images_test/56464.jpg,60.0,80.0,0.75,RGB,JPEG,18158,cd20c69c0802a6352bac9855b03f6425ac2da8f1232a2235566f3b362dabc122
56465,data/raw/teacher/test/images_test/56465.jpg,60.0,80.0,0.75,RGB,JPEG,18044,64a7a0a84fe2bea5796daf0f2d5fe438be5c73af4a0fffcda5e599598863ba89
56466,data/raw/teacher/test/images_test/56466.jpg,60.0,80.0,0.75,RGB,JPEG,17941,08900e7d9d5206612d188c0db494616546ac2dd04adf913c76f63545c020ae0a
56467,data/raw/teacher/test/images_test/56467.jpg,60.0,80.0,0.75,RGB,JPEG,14334,7f8c4260242dd141a3357a0675bc8ce8ae14ce95149fe9ea8aa73c3bfe7fe1b3
56468,data/raw/teacher/test/images_test/56468.jpg,60.0,80.0,0.75,RGB,JPEG,2651,b95f41edd4d83261eb177646a1812e0c7f7621ea0c07b98743f83affd4fdacd7
56469,data/raw/teacher/test/images_test/56469.jpg,60.0,80.0,0.75,RGB,JPEG,18355,a5680af7d1915c524fff48b119f8a622df250f5482065c00eb43ae46c65ba2ef
56470,data/raw/teacher/test/images_test/56470.jpg,60.0,80.0,0.75,RGB,JPEG,3075,7a8a735ba08475dde1b88932e43410a26604557626c7147e44af4e1131212e51
56471,data/raw/teacher/test/images_test/56471.jpg,60.0,80.0,0.75,RGB,JPEG,12022,6637e2c4cdf74cc22957cbbd93847e9736b44c9258d8afbd5bd38f6ec32fc7ce
56472,data/raw/teacher/test/images_test/56472.jpg,60.0,80.0,0.75,RGB,JPEG,11574,b2f25639118e1a66a4bce2369aabb8406204984bf0598b1cc9d92f4e10fa78cc
56473,data/raw/teacher/test/images_test/56473.jpg,60.0,80.0,0.75,RGB,JPEG,19927,7bd17c2a67b3cc9798b45b13c1a5609c1ce262620073bd40018ea85d51b219d8
56474,data/raw/teacher/test/images_test/56474.jpg,60.0,80.0,0.75,RGB,JPEG,19319,461705ef473fb0045df2ac13f348d3e71bdf1cfae782abb8bbfb52a92a237ab4
56475,data/raw/teacher/test/images_test/56475.jpg,60.0,80.0,0.75,RGB,JPEG,2745,9941961b49c4c0dc2af9533f2eb1fa4ef6c99276e7788c7fc57601054d3110ad
56476,data/raw/teacher/test/images_test/56476.jpg,60.0,80.0,0.75,RGB,JPEG,11244,02d9f771cf5e73b2c6db8c08a5755f6cddeb807d812da3bd9a74ac83806d9b34
56477,data/raw/teacher/test/images_test/56477.jpg,60.0,80.0,0.75,RGB,JPEG,18821,cfcb54bf43347bc68d9dbd2dfda7bfcdcfc1b0b861c05c41a5140f59d9b6205a
56478,data/raw/teacher/test/images_test/56478.jpg,60.0,80.0,0.75,RGB,JPEG,18035,74679e646e0c9cc7f293167e6f6f4cb5f9afb9d822cd369e781778d9be6f6270
56479,data/raw/teacher/test/images_test/56479.jpg,60.0,80.0,0.75,RGB,JPEG,2996,ab15b30e435ef51c2a2e25d9e7d41171ce34bda1abb02a10bf2a729a05036f16
56480,data/raw/teacher/test/images_test/56480.jpg,60.0,80.0,0.75,RGB,JPEG,18515,18032e9ace4f81055d3094efaa6aedf1d387882ded2ed6e2d4688cbc98bd7d03
56481,data/raw/teacher/test/images_test/56481.jpg,60.0,80.0,0.75,RGB,JPEG,3174,f1c466404b95f8a4026433360ee9d02b9be87d8602e509108a5db16786cf3cde
56482,data/raw/teacher/test/images_test/56482.jpg,60.0,80.0,0.75,RGB,JPEG,10993,b7e5e1d7cbc5e8971643c676dd046952ad9698025a6d1283ba9671bcaebacd1f
56483,data/raw/teacher/test/images_test/56483.jpg,60.0,80.0,0.75,RGB,JPEG,18732,785cb14b4c234a1591f45b891c4160a75960a2e5500ffc52b159d3c5f4f61f26
56484,data/raw/teacher/test/images_test/56484.jpg,60.0,80.0,0.75,RGB,JPEG,18434,648b579bb83b52b06fe797df00a5c6562ad89fcd0e38c3c6dc6e7e398de4c570
56485,data/raw/teacher/test/images_test/56485.jpg,60.0,80.0,0.75,RGB,JPEG,18459,818955d5b7c2982b2de849432c644e254e382eb34d6fe5c8ddc72da7ee767e4e
56486,data/raw/teacher/test/images_test/56486.jpg,60.0,80.0,0.75,RGB,JPEG,3270,628f2a424b19d2c1d53ab01d9f8ce8f512f865e1aff2492f6059741b37990ea9
56488,data/raw/teacher/test/images_test/56488.jpg,60.0,80.0,0.75,RGB,JPEG,11629,88a7b8efa56e0b8d9280ec2556562084a7f17e4ecb14d7e605e5b8f990f15156
56489,data/raw/teacher/test/images_test/56489.jpg,60.0,80.0,0.75,RGB,JPEG,18467,90ef16c472afa14c804eaa88b0f59303b9b70075416308b4eab50eeb56e0ccdc
56490,data/raw/teacher/test/images_test/56490.jpg,60.0,80.0,0.75,RGB,JPEG,3175,f1f22c8e1cc273663a5ccb5cd66eca7b52021e9278dbc7b2c3a175bae00aaf34
56491,data/raw/teacher/test/images_test/56491.jpg,60.0,80.0,0.75,RGB,JPEG,12332,4853030329d00de458af82eb1cfa558db6ded4b67b904e8e55fca66f5414e410
56492,data/raw/teacher/test/images_test/56492.jpg,60.0,80.0,0.75,RGB,JPEG,2884,4d6daec4dcc0c2fec32fc0a30f3efccfe9277aa0e328eabd8317db1d8e4c43df
56493,data/raw/teacher/test/images_test/56493.jpg,60.0,80.0,0.75,RGB,JPEG,18696,ebb7ed10cc1dbec3a7deafe75ac7511f7e0be6e40ab107ac9b93eb87385e94c7
56494,data/raw/teacher/test/images_test/56494.jpg,60.0,80.0,0.75,RGB,JPEG,12074,8934d562a435bd134b4fe76c2a68b026e4479c24a0dad812655cbc0e0532816c
56495,data/raw/teacher/test/images_test/56495.jpg,60.0,80.0,0.75,RGB,JPEG,17730,b4e7d6368b5243e0c8a22d30346e27cb9116bea87c907fc7ce03df8ab71b14c2
56496,data/raw/teacher/test/images_test/56496.jpg,60.0,80.0,0.75,RGB,JPEG,18800,0dd6646256029c53a4ffbeb1b2bfb2fb14bcf525d2bda82189fe179aaef3203b
56497,data/raw/teacher/test/images_test/56497.jpg,60.0,80.0,0.75,RGB,JPEG,12669,17840f8f7a409217faf19d9cdb91d6ddce4480ef1cca2e1bc3500cfb3926c542
56498,data/raw/teacher/test/images_test/56498.jpg,60.0,80.0,0.75,RGB,JPEG,18687,f37eee4ba83f3e76993e012cd03206dfe61294776f061428f4143ab3b4fb64b9
56499,data/raw/teacher/test/images_test/56499.jpg,60.0,80.0,0.75,RGB,JPEG,11938,6af56cb7c8a4b011a350f0cb8bc200073d6338d10d40b5435b3156ae72fdc767
56500,data/raw/teacher/test/images_test/56500.jpg,60.0,80.0,0.75,RGB,JPEG,18955,28cfe9eef8950cc280206cd74c90f15d589942adc92fa4b2dcec8246c708fbac
56501,data/raw/teacher/test/images_test/56501.jpg,60.0,80.0,0.75,RGB,JPEG,12758,8a9c8d0602742069cc3aa3ebf11c6718d1eef3d13fd718a4da5b2df2db942c93
56502,data/raw/teacher/test/images_test/56502.jpg,60.0,80.0,0.75,RGB,JPEG,3566,02860937caa4204403790e52f346cb0013fc3e8280cb996c7af777ebd0377651
56503,data/raw/teacher/test/images_test/56503.jpg,60.0,80.0,0.75,RGB,JPEG,19257,b0f2acb058e48cfdf12458d39ab8acdbd09b1691567104e489fb735833263a84
56504,data/raw/teacher/test/images_test/56504.jpg,60.0,80.0,0.75,RGB,JPEG,3198,0864cf7c12d1e69588d9e7d14f82e41eb41861d2368126c1f9ae937ebddb856d
56505,data/raw/teacher/test/images_test/56505.jpg,60.0,80.0,0.75,RGB,JPEG,19324,81fcfdc6b6733b0cf8944f6f12a9d5f1951c20090c249df377a4af4dbe621b02
56506,data/raw/teacher/test/images_test/56506.jpg,60.0,80.0,0.75,RGB,JPEG,2475,30d29536842fc7cf5b87b79aeceb1d3f6ad34737a675d82706b4b400331b591d
56507,data/raw/teacher/test/images_test/56507.jpg,60.0,80.0,0.75,RGB,JPEG,17237,3588bdd50dd27a26290b2d9c3ede94f325e685f17652fc368408ba7fbc15bfc3
56508,data/raw/teacher/test/images_test/56508.jpg,60.0,80.0,0.75,RGB,JPEG,24127,c64e98dd5f1b26f75519e8b84b62bcbad467c597509133496e1abc148c76990c
56509,data/raw/teacher/test/images_test/56509.jpg,60.0,80.0,0.75,RGB,JPEG,24584,4dcd0bb2abdb750a5b4a678bbc7f1159b8b67059b7033c1559bd7d5f9500674c
56511,data/raw/teacher/test/images_test/56511.jpg,60.0,80.0,0.75,RGB,JPEG,24516,cdb630bbe3c91c442d32cb070cef49109a3c5307ce1008ef4d547f40801a7420
56512,data/raw/teacher/test/images_test/56512.jpg,60.0,80.0,0.75,RGB,JPEG,23749,33e7ec0c5173705689465de0a4f15e4f05b2070e3f94f02b3292e73400a3cb6d
56513,data/raw/teacher/test/images_test/56513.jpg,60.0,80.0,0.75,RGB,JPEG,22151,0c878717252b288050eb2a4ffe2726324ba833e077c58fe2cbd4186e72261b94
56515,data/raw/teacher/test/images_test/56515.jpg,60.0,80.0,0.75,RGB,JPEG,2396,a67736a5e04f55e21f98bdd34c7ccdc6b57b06e316abacb5e8dc2d3e035526ad
56516,data/raw/teacher/test/images_test/56516.jpg,60.0,80.0,0.75,RGB,JPEG,2389,fc30b953b6a3d735718d6c108e4b374efe7921941d1119fc83e54f24ac454899
56517,data/raw/teacher/test/images_test/56517.jpg,60.0,80.0,0.75,RGB,JPEG,24304,1b1bad99c35fd90b662c162607c59f1a0296302e4a58096d09da0669c296c101
56518,data/raw/teacher/test/images_test/56518.jpg,60.0,80.0,0.75,RGB,JPEG,2416,42b8898416584df2f5d39b0f811135c9b2c065bb67791c724dd8e67ea5b9ae47
56519,data/raw/teacher/test/images_test/56519.jpg,60.0,80.0,0.75,RGB,JPEG,12186,21f3d3ab4187fce7897952f06912d33fbfc9c820f538afc4dd27d5f5da531835
56520,data/raw/teacher/test/images_test/56520.jpg,60.0,80.0,0.75,RGB,JPEG,3284,326f3819b555b7b3b04a8398d071b36de9b5daa34e4ba24cc9e05c3275c6e558
56521,data/raw/teacher/test/images_test/56521.jpg,60.0,80.0,0.75,RGB,JPEG,19436,bc725b4a5eecd16705b27fc102ab0df14b9377235d48f1bdda0709081386156f
56522,data/raw/teacher/test/images_test/56522.jpg,60.0,80.0,0.75,RGB,JPEG,19672,15bb9e2a52724aef60067d32c305d628f556de571e6b610ac4e113cf532cba69
56523,data/raw/teacher/test/images_test/56523.jpg,60.0,80.0,0.75,RGB,JPEG,18826,58e89aebcfb11befc4dcaa63d3a87d8685cacb7e97674f5f296f6dba8c606aa1
56524,data/raw/teacher/test/images_test/56524.jpg,60.0,80.0,0.75,RGB,JPEG,12469,fdc49e55e8119342d445046cba7a8e20dbf02724badf6dc676f66ce43c8e2cc9
56525,data/raw/teacher/test/images_test/56525.jpg,60.0,80.0,0.75,RGB,JPEG,3297,a6d66e07c1314cf653d9466ca427e5d0749c78349a50b36512c081e4239d925b
56526,data/raw/teacher/test/images_test/56526.jpg,60.0,80.0,0.75,RGB,JPEG,19320,2bc4a953be9541b3450ea6ae822b66937bd04e8629ea18ef9c858af6667ddeed
56527,data/raw/teacher/test/images_test/56527.jpg,60.0,80.0,0.75,RGB,JPEG,19082,b73a5a238a37b16d7cd4803f8e24d054c575f1f692686b2b25a8e8f895754d99
56528,data/raw/teacher/test/images_test/56528.jpg,60.0,80.0,0.75,RGB,JPEG,19297,94e2f3197e99a9109cf67701b9d807e992b95e462e52b169da8a117f7e260f62
56529,data/raw/teacher/test/images_test/56529.jpg,60.0,80.0,0.75,RGB,JPEG,3319,c8c6009533112bac4756c508e5ca7671a3c95c8888f0d57f6a3d907416804cf6
56530,data/raw/teacher/test/images_test/56530.jpg,60.0,80.0,0.75,RGB,JPEG,18840,e666886bc9141c49695ef1c0fdf446f6e47fa5e1cdae70d5dab369c391ad9bc1
56531,data/raw/teacher/test/images_test/56531.jpg,60.0,80.0,0.75,RGB,JPEG,19922,fd6b8f1d91d56dc85cb3bc256f1c1320d41e0887e4482858f84ae400fe6c3bd4
56532,data/raw/teacher/test/images_test/56532.jpg,60.0,80.0,0.75,RGB,JPEG,19816,82a1bb11947303cb5061e78d2eb46b25b25532ee1becd3892200e6145521b71c
56533,data/raw/teacher/test/images_test/56533.jpg,60.0,80.0,0.75,RGB,JPEG,12673,d1a34a4fdf7baf81829663e688c6dbdcb3b2260d66ee57c29c13c3b1481bae33
56534,data/raw/teacher/test/images_test/56534.jpg,60.0,80.0,0.75,RGB,JPEG,20320,f89b79dfc47a87e7b3a70ffa6fa36866f82203f055fdc5dc91f27827012b3d8d
56535,data/raw/teacher/test/images_test/56535.jpg,60.0,80.0,0.75,RGB,JPEG,19794,ff4ab53b4e7c57e861bfafd174ca235963d137bd83a885774b84431204df3d38
56536,data/raw/teacher/test/images_test/56536.jpg,60.0,80.0,0.75,RGB,JPEG,18837,ce3b4f65a3d78dc06a5dce8bc4371af1f81861f1c9c2f1ec989e6c4d0fc64164
56537,data/raw/teacher/test/images_test/56537.jpg,60.0,80.0,0.75,RGB,JPEG,3344,c5cd08c2a16d5ad24d9df5e353aa53c215630c4c045726d3a63c12a3d4a0c073
56539,data/raw/teacher/test/images_test/56539.jpg,60.0,80.0,0.75,RGB,JPEG,18891,9a02c2605cb9e83b03d45040b855b0410b0d8094c54926c71208e6e4b3e8f47c
56540,data/raw/teacher/test/images_test/56540.jpg,60.0,80.0,0.75,RGB,JPEG,3218,0adb5f1ce96e602309c7bb33b29c9cfeb4be70c191634ed5eb29cd4cecc93899
56541,data/raw/teacher/test/images_test/56541.jpg,60.0,80.0,0.75,RGB,JPEG,19022,402535fdfe4e916076aff13214204a72dcdbafae07fc7bde3a686627e3c00cb8
56542,data/raw/teacher/test/images_test/56542.jpg,60.0,80.0,0.75,RGB,JPEG,20230,62aa6fc86df1aaff8e03b41a4823949d4f7e21526c67a9406c8dbc0efcf45053
56543,data/raw/teacher/test/images_test/56543.jpg,60.0,80.0,0.75,RGB,JPEG,2743,dc2ef8a841d1ef2036a8af714ad050f9f3bf7fea00ac224d4f9cdf1f850a336f
56544,data/raw/teacher/test/images_test/56544.jpg,60.0,80.0,0.75,RGB,JPEG,20560,5563a41425eeb9b109fb4524d1f1ee74546323155f4015e23be51ebcf7af8dc5
56545,data/raw/teacher/test/images_test/56545.jpg,60.0,80.0,0.75,RGB,JPEG,19861,a1bbb4b783abe31753c9fd138e3a53cf817a10db74f0a93a29f19e7c179019b2
56546,data/raw/teacher/test/images_test/56546.jpg,60.0,80.0,0.75,RGB,JPEG,12655,258b3c36a2f2a8e017a6583ba4e2d189de94faf4949870b7260cf0b3b3ccfbf6
56547,data/raw/teacher/test/images_test/56547.jpg,60.0,80.0,0.75,RGB,JPEG,2021,2259eff3f7af8604dac19b173a99e49d93caea6bcebc5f2186b308a2e6dc6ab1
56548,data/raw/teacher/test/images_test/56548.jpg,60.0,80.0,0.75,RGB,JPEG,16069,74343e77ec63532fdf856dc928e338d5c470c7fd2732e4dfe5d1a43eb23e4d1c
56549,data/raw/teacher/test/images_test/56549.jpg,60.0,80.0,0.75,RGB,JPEG,15945,c87ce4dd31fe3c2b594869cbe4704a8c0d8411a34d73e7ed6b182ff99cd46a23
56550,data/raw/teacher/test/images_test/56550.jpg,60.0,80.0,0.75,RGB,JPEG,16007,229457b82d307524ed8e8d2bfeee7b6e4cf5c62710901d8377b52f82a7b4da5b
56551,data/raw/teacher/test/images_test/56551.jpg,60.0,80.0,0.75,RGB,JPEG,2628,83ebadb13f3786694dcc092006016ed421d6b754054407acee6fc00cfa5a139f
56553,data/raw/teacher/test/images_test/56553.jpg,60.0,80.0,0.75,RGB,JPEG,17549,1a866b36e879a465ed036d603923ed0b10dc8183ac2092d0aa9de19d4456fce2
56554,data/raw/teacher/test/images_test/56554.jpg,60.0,80.0,0.75,RGB,JPEG,2635,98071727b35e09fd77d78a9bb761a4089a00f6f3bcadbf31b8ea758ec4320a67
56555,data/raw/teacher/test/images_test/56555.jpg,60.0,80.0,0.75,RGB,JPEG,21862,a09b722048257c081a5b51a5d8f114c14a182cef7ef38e3ca70529c1be3163d8
56556,data/raw/teacher/test/images_test/56556.jpg,60.0,80.0,0.75,RGB,JPEG,19302,7710fd2303c338ffb40e60cea863065683ff711c2592625d9fd85f7a6d73fb75
56558,data/raw/teacher/test/images_test/56558.jpg,60.0,80.0,0.75,RGB,JPEG,12206,ba2bad23aa248688ef93479e3d65b97dd7cc571ccfbe9f3cd1fe2c6e9b4dc30d
56559,data/raw/teacher/test/images_test/56559.jpg,60.0,80.0,0.75,RGB,JPEG,17988,06f00b2162e6aa92cd189f8351e4e691472d5affa42d675ce9c4d766a124df37
56560,data/raw/teacher/test/images_test/56560.jpg,60.0,80.0,0.75,RGB,JPEG,21536,b08511b8c3629491d7c27e140db82d69b75f2ba758679cb38f57e5e46189aa12
56561,data/raw/teacher/test/images_test/56561.jpg,60.0,80.0,0.75,RGB,JPEG,18848,4a3552cd6041b113163de2fdf3a5671e7594225b45b37599a59621e097507fe8
56562,data/raw/teacher/test/images_test/56562.jpg,60.0,80.0,0.75,RGB,JPEG,18928,10b41c1f2d0bfe963642e6f0ae46c14cdcabe0bfe4df5a8976f758bbeef3170e
56563,data/raw/teacher/test/images_test/56563.jpg,60.0,80.0,0.75,RGB,JPEG,2600,f6b30378f82596ddf6b8dc2b0fd79b2c33a017bafeaeed7a1c5a79c362675642
56564,data/raw/teacher/test/images_test/56564.jpg,60.0,80.0,0.75,RGB,JPEG,2679,59581b8e831b391a2f54c8a0ec6acdc7c7fcd9659a05552850d5a5ad2d181894
56565,data/raw/teacher/test/images_test/56565.jpg,60.0,80.0,0.75,RGB,JPEG,2634,a8367579aaa00be3040d6bbb4c4a2151368f387f1257a5ffdab922ed99f541cd
56566,data/raw/teacher/test/images_test/56566.jpg,60.0,80.0,0.75,RGB,JPEG,19532,991a1f2a7cb84bfe2cef368fc5f21b6aef73039dbdd4684edd9fe30f9ee25a06
56568,data/raw/teacher/test/images_test/56568.jpg,60.0,80.0,0.75,RGB,JPEG,12895,c9aaf556e2805887940d2eeffcd875652b27de53703a8e1c50c45dce90be00fb
56569,data/raw/teacher/test/images_test/56569.jpg,60.0,80.0,0.75,RGB,JPEG,12553,a9158ae2503de537c7af33b0e7726dda2488ff975ab1e4cb58c7e95ebc552292
56570,data/raw/teacher/test/images_test/56570.jpg,60.0,80.0,0.75,RGB,JPEG,12553,a9158ae2503de537c7af33b0e7726dda2488ff975ab1e4cb58c7e95ebc552292
56571,data/raw/teacher/test/images_test/56571.jpg,60.0,80.0,0.75,RGB,JPEG,3193,cb190375cdf80f2cb649916ab7f9c9caad88ddadff3e2ec4bdf1fcba21207377
56572,data/raw/teacher/test/images_test/56572.jpg,60.0,80.0,0.75,RGB,JPEG,12023,4582f628a1e7507641ccad76ff82d122b14cc48338afa87a1cee1e070cde56db
56573,data/raw/teacher/test/images_test/56573.jpg,60.0,80.0,0.75,RGB,JPEG,12718,f48a49eebac08953a6b01ed6c3d86264b97bc5db3f77aac65a05ce291f7c7318
56574,data/raw/teacher/test/images_test/56574.jpg,60.0,80.0,0.75,RGB,JPEG,23147,5adf42f0a85dfaf1b59182641c55ea3144e375279dd86a6b0b85ffb910417463
56575,data/raw/teacher/test/images_test/56575.jpg,60.0,80.0,0.75,RGB,JPEG,23123,542bb3357457d0af90c509d7958bd3b30bf8385023f06813551d42a5bd4578be
56576,data/raw/teacher/test/images_test/56576.jpg,60.0,80.0,0.75,RGB,JPEG,16728,ef4013bd06a2254812ca4f004ca1c75bc034dfec096e38ed4f38f544e6e72c1d
56579,data/raw/teacher/test/images_test/56579.jpg,60.0,80.0,0.75,RGB,JPEG,21082,aab6d6ef14c551b4a74a81d95787e8d4e22046f79c5eff8a7ddfce818c0a42e5
56580,data/raw/teacher/test/images_test/56580.jpg,60.0,80.0,0.75,RGB,JPEG,2451,a582fccb8cb689de40ed85267c6ba6e18d71e6609856ddc817c3f4914cc3e198
56581,data/raw/teacher/test/images_test/56581.jpg,60.0,80.0,0.75,RGB,JPEG,12991,a7f5c3bc0b5f214732401b0e329254f38861e3b16ce91e908634d5e1a17cb5c9
56582,data/raw/teacher/test/images_test/56582.jpg,60.0,80.0,0.75,RGB,JPEG,12652,54d555feec0e0a66895e160c137b69852d40411f1c4881dcb3ab5745e0d59821
56583,data/raw/teacher/test/images_test/56583.jpg,60.0,80.0,0.75,RGB,JPEG,17745,50638d261e0cd0a9a1a9add3f8bec47c3e52ff03735727e83e36f0de9450dbb8
56584,data/raw/teacher/test/images_test/56584.jpg,60.0,80.0,0.75,RGB,JPEG,18759,62c3cbed1d7a5c8a73cd94815242ef8f46f6cfb83ae9e90bbe8476ea12372c00
56585,data/raw/teacher/test/images_test/56585.jpg,60.0,80.0,0.75,RGB,JPEG,19198,34e36f0e95e3006429772cff55b7e39b5b58e7801334bea8cc1a66a0b50192dc
56588,data/raw/teacher/test/images_test/56588.jpg,60.0,80.0,0.75,RGB,JPEG,24260,8605fe7a84ef4af813126f17dae8726e2b385994e1073c8d547164382d604ae0
56590,data/raw/teacher/test/images_test/56590.jpg,60.0,80.0,0.75,RGB,JPEG,18732,94226fee2f6c0e1b6329127cbe04963c7dd612f4e78dd1a5bd1d247378952d1b
56591,data/raw/teacher/test/images_test/56591.jpg,60.0,80.0,0.75,RGB,JPEG,18519,d312178ba3fcb6141d15ed9ad297cfed284d00b274c07b97c67d26ebacc2afba
56592,data/raw/teacher/test/images_test/56592.jpg,60.0,80.0,0.75,RGB,JPEG,19224,83acfb0a728479ea556687831813ad7e488712eefe4670208bd9fdc1bcfd0964
56593,data/raw/teacher/test/images_test/56593.jpg,60.0,80.0,0.75,RGB,JPEG,18753,6a658f62d82cdba5a314d51bd28afe1c11f3af285cc2d27e5ab9610aea88f95f
56594,data/raw/teacher/test/images_test/56594.jpg,60.0,80.0,0.75,RGB,JPEG,10729,caabb1ef414e06306695b1a8f5d62df8e0370e776801fc9d0dbda9e071c6f0a5
56597,data/raw/teacher/test/images_test/56597.jpg,60.0,80.0,0.75,L,JPEG,15340,2124f9c01b1e7ca30728d09679f43a8ffe5776dea24a57c23ffc490cc0a4507d
56598,data/raw/teacher/test/images_test/56598.jpg,60.0,80.0,0.75,RGB,JPEG,15793,e47c8f6f6ba3441454ddda36ed41de2793880da5716ba8ed122172d335c2fd19
56599,data/raw/teacher/test/images_test/56599.jpg,60.0,80.0,0.75,RGB,JPEG,15797,fbec7b5bbf990c4ad92b06e0434768c3b49b03d6d0e11e4b8d682ec6757c75e6
56600,data/raw/teacher/test/images_test/56600.jpg,60.0,80.0,0.75,RGB,JPEG,20152,6d8ddd0464f40f68240f93abfad90bdc2397d0f6fd263ad248cb869f0134adbc
56601,data/raw/teacher/test/images_test/56601.jpg,60.0,80.0,0.75,RGB,JPEG,15696,2d168def0ce6e33dd1b5ff8a6f5f60832ccee9ffe391f2181208a51fb16de631
56602,data/raw/teacher/test/images_test/56602.jpg,60.0,80.0,0.75,L,JPEG,15316,69ba9f553a8cb50233f2096ab45c356bd6dbbe2311e5425943f0dae54d6b6135
56603,data/raw/teacher/test/images_test/56603.jpg,60.0,80.0,0.75,RGB,JPEG,16038,e17fd6fc7847603d39276436cfda7960af0403bc5c59b622c439926382381d30
56604,data/raw/teacher/test/images_test/56604.jpg,60.0,80.0,0.75,L,JPEG,12839,7fffcc7ff8d59999332f67d8fc7bce387f78f843017e4bb04044ee208d66397e
56605,data/raw/teacher/test/images_test/56605.jpg,60.0,80.0,0.75,RGB,JPEG,13489,6f89d3bd42ffd62a38643cda5e4b985d3ca22c99bb2c92a0b16dab3d2b15698b
56606,data/raw/teacher/test/images_test/56606.jpg,60.0,80.0,0.75,RGB,JPEG,20023,8a7dc4d88e814e8a359ccf791ed703ca40666dfb77bf25f35c9b6342f645e742
56607,data/raw/teacher/test/images_test/56607.jpg,60.0,80.0,0.75,RGB,JPEG,3225,bd7686c32ec023d508dd71972ce6e0e7cb47a182ef46109a31427036755b80ee
56608,data/raw/teacher/test/images_test/56608.jpg,60.0,80.0,0.75,RGB,JPEG,3164,0226a4e522851c9e0b30eb4281cbe3e91656d85ebf9178c070b186eb6fd7e6a0
56609,data/raw/teacher/test/images_test/56609.jpg,60.0,80.0,0.75,RGB,JPEG,20860,f2e4f1d0e119d2b8bc7efb6637b7b561d78f1793a6980b6e255b7d9bfee65aac
56610,data/raw/teacher/test/images_test/56610.jpg,60.0,80.0,0.75,RGB,JPEG,3747,fd9147e76179f63250a1c91a2d79f4ccda947a0b3d32fcf79984a81e3716fdd8
56611,data/raw/teacher/test/images_test/56611.jpg,60.0,80.0,0.75,RGB,JPEG,20500,7ae793472b50156906bbc7824d54ea0c0d78c0b9e84c611507ef9889dbe4c597
56612,data/raw/teacher/test/images_test/56612.jpg,60.0,80.0,0.75,RGB,JPEG,17726,5675bc643ae59643175369d2fc87c7df1b93e0a44d81ec8f0041ff62659d241f
56613,data/raw/teacher/test/images_test/56613.jpg,60.0,80.0,0.75,RGB,JPEG,2706,5d126988e1e7136f4b4e35ef79213044fd1a80b280ece11c4974c9ed180e64bc
56614,data/raw/teacher/test/images_test/56614.jpg,60.0,80.0,0.75,RGB,JPEG,17717,b8f2fb726f499626736b256fcb863a6dec58983db17219f096371006762b2fbe
56615,data/raw/teacher/test/images_test/56615.jpg,60.0,80.0,0.75,RGB,JPEG,20695,8284dfa7f27308d6ebde4b5e1c8bf5515a08556b28ac59e70760a7166cf0bf29
56616,data/raw/teacher/test/images_test/56616.jpg,60.0,80.0,0.75,RGB,JPEG,21312,ef14dbe8211244fc24854670c10ed22cef3f5dc958419df0da12d56cc3b41375
56617,data/raw/teacher/test/images_test/56617.jpg,60.0,80.0,0.75,RGB,JPEG,18234,979f0ae2e680486d7e06678893b9d0cbadac2f1d01f7ced8e7d8616a4e31c2e9
56618,data/raw/teacher/test/images_test/56618.jpg,60.0,80.0,0.75,RGB,JPEG,23826,e81d29d1604ad185ac8010c3b43d37f79884231a3f767b514cf2d529192ace7c
56619,data/raw/teacher/test/images_test/56619.jpg,60.0,80.0,0.75,RGB,JPEG,14480,0093544b7e56bdee0c9667e50c2c05e94d0da3abdf6aa109959badeac510a3b6
56620,data/raw/teacher/test/images_test/56620.jpg,60.0,80.0,0.75,RGB,JPEG,13173,882ff2046bad048453bfb0e0f6b58eaaed1e5ad8f0eac9bd3211cfc1286d740f
56622,data/raw/teacher/test/images_test/56622.jpg,60.0,80.0,0.75,RGB,JPEG,23007,43b38a79c6ac6a53d06a31477a29c02d075f8b921c19874a788cd2a25886ddb2
56624,data/raw/teacher/test/images_test/56624.jpg,53.0,80.0,0.6625,RGB,JPEG,2124,67d5f7eeaeb0f9615b914ef493e2b0ac6fed21db5b9acd6c1ce93391e5beada5
56626,data/raw/teacher/test/images_test/56626.jpg,60.0,80.0,0.75,RGB,JPEG,24116,83c2acf48be5439fb8a9a3d21e6fbc5f63cc683d20e526c1748d366443c96509
56627,data/raw/teacher/test/images_test/56627.jpg,60.0,80.0,0.75,RGB,JPEG,17712,287e33b9b3e3ad66447cf9e1052ef5d07b92712ff5fee612035356fc22fa9cc0
56631,data/raw/teacher/test/images_test/56631.jpg,60.0,80.0,0.75,RGB,JPEG,19034,3a05fb6f5606d4df0cfd18683abbd47c77bc77585db750a2027a746c9be3a1f9
56632,data/raw/teacher/test/images_test/56632.jpg,60.0,80.0,0.75,RGB,JPEG,21623,ea95e6540aa443e3b793f2c0dfcf326315caa58027cddc515cb1c70b76232f77
56634,data/raw/teacher/test/images_test/56634.jpg,60.0,80.0,0.75,RGB,JPEG,20654,1d3828aab96e83397bc90b6e3f2ada1fcbf1ec553c92ba85a6d262446a386818
56638,data/raw/teacher/test/images_test/56638.jpg,60.0,80.0,0.75,RGB,JPEG,26355,bc9ea75369ef2d46e0e0f74175ec8a420a292288d39308eb54497a278cb49213
56639,data/raw/teacher/test/images_test/56639.jpg,60.0,80.0,0.75,RGB,JPEG,20857,55def0edf2d8bbfeca8ddfa4766301eacbdd2bf1250895665f5287445df6c198
56640,data/raw/teacher/test/images_test/56640.jpg,60.0,80.0,0.75,RGB,JPEG,3881,d8119bf13581c7a835bd865db770e4e92899273e5ecf64faedd0b0cab76bc721
56642,data/raw/teacher/test/images_test/56642.jpg,60.0,80.0,0.75,RGB,JPEG,3179,92d5967eb1b603abc9f5d1f29d1a7eddee226abd12f7b4cbbb155d479e76b995
56643,data/raw/teacher/test/images_test/56643.jpg,60.0,80.0,0.75,RGB,JPEG,24044,334b8071d6413f29942866bc92259500a2224f3da81b8ba5f09cb8395fe3b334
56646,data/raw/teacher/test/images_test/56646.jpg,60.0,80.0,0.75,RGB,JPEG,2848,050579b7ca6445ba315c8e2325480e10ae832fbba634d21602d2042acd6a5f71
56647,data/raw/teacher/test/images_test/56647.jpg,60.0,80.0,0.75,RGB,JPEG,3057,60ed0cb186926b87c6c8110fc619f651485615ac5a915f28328eb094f660c56f
56649,data/raw/teacher/test/images_test/56649.jpg,60.0,80.0,0.75,RGB,JPEG,3338,2324d71152f76b2c1635b9a683c3231a633e00a2cbcb8f93d70932883b43a634
56650,data/raw/teacher/test/images_test/56650.jpg,60.0,80.0,0.75,RGB,JPEG,3583,64ddf873a6d96f27b8427770f1bb879c7d59abe876b4c40c67c6919661135f93
56651,data/raw/teacher/test/images_test/56651.jpg,60.0,80.0,0.75,RGB,JPEG,17619,5868505bdb0a19bb7f3f50698ab7f4e2d5b3a8438721729a09991e4964586bcf
56652,data/raw/teacher/test/images_test/56652.jpg,60.0,80.0,0.75,RGB,JPEG,19602,f583017b947e283550b715eaff63b45538106c77248758719590624d8ebc405a
56653,data/raw/teacher/test/images_test/56653.jpg,60.0,80.0,0.75,RGB,JPEG,19518,6860a54486e6a25d01200101a4b547b3dd0e28e3c249aada89bf04aba0334fa1
56654,data/raw/teacher/test/images_test/56654.jpg,60.0,80.0,0.75,RGB,JPEG,29764,e6e28058522e9e2eeff005d925d1d1224c3da4dd506d55f4f0e81a9b67822301
56655,data/raw/teacher/test/images_test/56655.jpg,60.0,80.0,0.75,RGB,JPEG,19634,faf28d82cfbe7a3cfb902731b387253a2ebd3fb00d153d869d370e193e087bb0
56656,data/raw/teacher/test/images_test/56656.jpg,60.0,80.0,0.75,RGB,JPEG,19216,697be89ec4dc931fe3bc4f462fc63f1ad82d299dcfed016dbb5012b7b3402a5d
56657,data/raw/teacher/test/images_test/56657.jpg,60.0,80.0,0.75,RGB,JPEG,20106,6fe7433a3a65863b3485d830540afc2899d70d601d2497145f2308a05973d179
56658,data/raw/teacher/test/images_test/56658.jpg,60.0,80.0,0.75,RGB,JPEG,20112,77e60c6f79db884a59832ec404a0a7a9d24f9bfee90e2b5bc0cafe5a8e108060
56659,data/raw/teacher/test/images_test/56659.jpg,60.0,80.0,0.75,L,JPEG,13055,611cacb3322a2165e0e885e94b6e4a80c856bd5ef2ba2127f926cc401bbf44d6
56660,data/raw/teacher/test/images_test/56660.jpg,60.0,80.0,0.75,RGB,JPEG,19151,ca0e1a67e760d64ede2cd981e79d6739c020e8d8e435a5f46c8ee87c08604b38
56661,data/raw/teacher/test/images_test/56661.jpg,60.0,80.0,0.75,RGB,JPEG,19561,b5c16a954a3ec25f2e3039fe584a02c76fe7fdc1015c0182032c2b8749773845
56662,data/raw/teacher/test/images_test/56662.jpg,60.0,80.0,0.75,RGB,JPEG,18189,5683baf4bcb2d0f844d8e83d8f30f1d08f629fc5139aaf6de020955329c2ad61
56663,data/raw/teacher/test/images_test/56663.jpg,60.0,80.0,0.75,RGB,JPEG,12742,77aa81c7f978bc14d594e24a126513233aae09d5dc42b9035ada12076bebc47e
56664,data/raw/teacher/test/images_test/56664.jpg,60.0,80.0,0.75,RGB,JPEG,13326,78259ca89d9dc04a409b19a92c52932b8fc06b4408791eeb22c6ae19e95a087c
56665,data/raw/teacher/test/images_test/56665.jpg,60.0,80.0,0.75,RGB,JPEG,32971,ad823768bc3aee79e73234db343f2dbe2d93b193cd0685bb47538e297eda94d5
56666,data/raw/teacher/test/images_test/56666.jpg,60.0,80.0,0.75,RGB,JPEG,19384,e34570fc9bd0b27e766f94ec307319bc19b5a3fa21419530eba5fe9b8ac9fb2e
56667,data/raw/teacher/test/images_test/56667.jpg,60.0,80.0,0.75,RGB,JPEG,27438,958d9150ccbb542631813c365d8c46f95b5cb22854e069e3996a16544ac5d722
56668,data/raw/teacher/test/images_test/56668.jpg,60.0,80.0,0.75,RGB,JPEG,24074,a0388670593c6a82f5224e02c5090c07eb8debe98e93d7e0feca9faefd9b1119
56669,data/raw/teacher/test/images_test/56669.jpg,60.0,80.0,0.75,RGB,JPEG,15949,ab87ae45fefb4c788d5d441d76e7d060ef9e83260023110253de9f99f0938a20
56670,data/raw/teacher/test/images_test/56670.jpg,60.0,80.0,0.75,RGB,JPEG,34480,42f4ef1b2203fbdfbcad03e0ace0254da51cda05018bd7fa49c846e5df69d789
56671,data/raw/teacher/test/images_test/56671.jpg,60.0,80.0,0.75,L,JPEG,15556,bf49f580056670616a9680da1f0451e98c92651a4dd1651d3519f62f324eab92
56672,data/raw/teacher/test/images_test/56672.jpg,60.0,80.0,0.75,L,JPEG,25489,7431adc7dc01f1e54a888e9bc7ccf1b157b91a53bb71cf4250b4af68c7fb8743
56673,data/raw/teacher/test/images_test/56673.jpg,60.0,80.0,0.75,RGB,JPEG,26245,a98eda4f2948a5bd129748d6478dd83a3ecf3f29dce8d2beb412fadb1f50bf64
56674,data/raw/teacher/test/images_test/56674.jpg,60.0,80.0,0.75,RGB,JPEG,27642,18383563a1bdc5fda2a812b4db60d2e5a42e8299223fbe8a6cd0ec36986a7bd0
56675,data/raw/teacher/test/images_test/56675.jpg,60.0,80.0,0.75,RGB,JPEG,25708,e3d901f0ec8a61d4ee4b91b956dccdb0778882f7c49ec43b38e94b36352db91b
56676,data/raw/teacher/test/images_test/56676.jpg,60.0,80.0,0.75,L,JPEG,25022,6c54810729877c4bcbf398bc45d9c02fd9784e44f2e850328dbe792476e82790
56677,data/raw/teacher/test/images_test/56677.jpg,60.0,80.0,0.75,RGB,JPEG,28100,7f3bc1aa68e5a604649205011a397ddd004d7bed3303d563e7c624ddf8e584b3
56678,data/raw/teacher/test/images_test/56678.jpg,60.0,80.0,0.75,RGB,JPEG,25572,410dedcde2b4e7f63f31fb184c61f784bb6e0261aad597621a1f2d9a86407a23
56679,data/raw/teacher/test/images_test/56679.jpg,60.0,80.0,0.75,RGB,JPEG,35583,7f6d533ab6d90600179177bb7572821f7da230bc6cc977cb05ee55c6f6f7dc3e
56680,data/raw/teacher/test/images_test/56680.jpg,60.0,80.0,0.75,L,JPEG,41591,86e034d2342e7f9f605a63499e176da353c6ba0602d04f8043fd10b6e27cd2b5
56681,data/raw/teacher/test/images_test/56681.jpg,60.0,80.0,0.75,RGB,JPEG,59626,a05bcba1cd3f13470669dd0dfbc7478046219a3e923ab15598f79f6e014bd7ab
56682,data/raw/teacher/test/images_test/56682.jpg,60.0,80.0,0.75,RGB,JPEG,26048,1a1d5e6765133cb022d720c64f0bbe512baae94537fa5c7383da0ffad9528e2d
56684,data/raw/teacher/test/images_test/56684.jpg,60.0,80.0,0.75,RGB,JPEG,3376,0ac91e22e89ebb63826f779a8164b0aa4dfb4d3f75d79bc5a3f923c34ac651d7
56685,data/raw/teacher/test/images_test/56685.jpg,60.0,80.0,0.75,RGB,JPEG,15442,b4ebac7bc07fb7635f236cb1a5e58ea6e30eeadbe5dc6bb3892a029ffba3cc73
56686,data/raw/teacher/test/images_test/56686.jpg,60.0,80.0,0.75,RGB,JPEG,15864,a73014af7ae2d8712f1f8f86d7698832589adef67b6b73af689373850536bcb0
56687,data/raw/teacher/test/images_test/56687.jpg,60.0,80.0,0.75,RGB,JPEG,3725,5c8f6658c7261af6aaad5fbfdc0024cd3ef1c7da27130019bbc8bcf7f0989756
56688,data/raw/teacher/test/images_test/56688.jpg,60.0,80.0,0.75,RGB,JPEG,3045,ea5632761d35efa5f00d8bd6f0034dcca5044ffcb4049d943ed8d89cecb82150
56689,data/raw/teacher/test/images_test/56689.jpg,60.0,80.0,0.75,RGB,JPEG,3285,ca5f07a2437df2e2390f63c9aa67dd4e5d42d268ec480bd46efdc3c57c0ada99
56691,data/raw/teacher/test/images_test/56691.jpg,60.0,80.0,0.75,RGB,JPEG,22583,0181d39f1ad3f254b81be7fe5f505d298c7b3c4f0952db4c6395257801838d08
56692,data/raw/teacher/test/images_test/56692.jpg,60.0,80.0,0.75,RGB,JPEG,3299,5c94d7903612f921aa25bc5115e2a2f3030b0ea65a7708b82b1df7ac304af574
56693,data/raw/teacher/test/images_test/56693.jpg,60.0,80.0,0.75,RGB,JPEG,2556,202b2204c93e5c714459c0dcad5867ce3cbb476bd54de119abcad714a5c20964
56694,data/raw/teacher/test/images_test/56694.jpg,60.0,80.0,0.75,RGB,JPEG,2617,a360764d6afdca331009b593fb4c3fb693e2c0db6e1f05fc0cd636cb521f7ace
56695,data/raw/teacher/test/images_test/56695.jpg,60.0,80.0,0.75,RGB,JPEG,22827,f120c788ac59dfca6a0272d2e96abd3c51b0ecf612483f42dbb867e1104b1c71
56696,data/raw/teacher/test/images_test/56696.jpg,60.0,80.0,0.75,RGB,JPEG,3475,cb0f0c5ac3615b1cdb846f2b4bdeae441a13960e2792ba4d691e3b7ecbb49a0c
56697,data/raw/teacher/test/images_test/56697.jpg,60.0,80.0,0.75,RGB,JPEG,2139,bb723ab048e5c05bcd351dde67a85cfa31738929c90d6f86de11fbfe9b6d26de
56698,data/raw/teacher/test/images_test/56698.jpg,60.0,80.0,0.75,RGB,JPEG,3220,279c4bd6e59f6a0f184360d21b3b0b93d6499ccee21628ef0e648e197790e65b
56699,data/raw/teacher/test/images_test/56699.jpg,60.0,80.0,0.75,RGB,JPEG,3099,eb6406c3d56280c650e264d32c0ebb9d9164720d9b3823a73681d5dd7ae20df0
56700,data/raw/teacher/test/images_test/56700.jpg,60.0,80.0,0.75,RGB,JPEG,3632,ab2fe0bae80d344cce9ec911b61858477deedc686c7038b8d4b03adc41405515
56701,data/raw/teacher/test/images_test/56701.jpg,60.0,80.0,0.75,RGB,JPEG,2657,ef994b055ae06551a9dcecb35eec9510ec72023f0d2a3f5c2f337ffc9f9f53f0
56702,data/raw/teacher/test/images_test/56702.jpg,60.0,80.0,0.75,RGB,JPEG,3838,d353ceb837fdcabb81eafae05712fc2ecc161512f93436168365e055190f7e90
56703,data/raw/teacher/test/images_test/56703.jpg,60.0,80.0,0.75,RGB,JPEG,2625,b48511c37984a226d13ae1ec886b43cbf0a2b9e329da09dd6281bd7b1dd568ed
56704,data/raw/teacher/test/images_test/56704.jpg,60.0,80.0,0.75,RGB,JPEG,3916,d42c04e3c2eb894b3c9f5982d2327758f254a046d28ba99b9d89cd0601c49e2e
56705,data/raw/teacher/test/images_test/56705.jpg,60.0,80.0,0.75,RGB,JPEG,18963,2b2ee1d5b34ee03357f6daa29b6505d0c37ef015be60a88a2b7e02e69a6051c0
56709,data/raw/teacher/test/images_test/56709.jpg,60.0,80.0,0.75,RGB,JPEG,22988,acf590bbdc0941d36bcc4ff46f76a9b50fd25132dba236f033fe14f67f53c8df
56711,data/raw/teacher/test/images_test/56711.jpg,60.0,80.0,0.75,RGB,JPEG,22717,f6276e8233e3aef458366a6c2e1a09edc06b635e88e191ad4578b1750191a416
56713,data/raw/teacher/test/images_test/56713.jpg,60.0,80.0,0.75,RGB,JPEG,15033,4f9629a656c17c19c3756ef8381e7459683069476c1465b2cabccba1c528c73c
56714,data/raw/teacher/test/images_test/56714.jpg,60.0,80.0,0.75,RGB,JPEG,3005,722100609a61e8d2131dd622bbe5c4a2734222a3866f93f27f4c7ee659beef85
56715,data/raw/teacher/test/images_test/56715.jpg,60.0,80.0,0.75,RGB,JPEG,3159,510bb5da43149aede7ff788cc77ba59a96b032137e668ae664f9519b90f582ed
56718,data/raw/teacher/test/images_test/56718.jpg,60.0,80.0,0.75,RGB,JPEG,4185,20859c52e8e9c71d251230f9b27c8928ee51db1cd96f1cadf3be631ef13df397
56720,data/raw/teacher/test/images_test/56720.jpg,60.0,80.0,0.75,RGB,JPEG,19893,8c2459d391bf74643f26ee9473b61bbd01867d3d23331f8c8d5ab5fa1470908f
56721,data/raw/teacher/test/images_test/56721.jpg,60.0,80.0,0.75,RGB,JPEG,14184,c3f1eaaa76b86b3e1759a40b8a02d9f959a6960523255e46adffc97348533360
56722,data/raw/teacher/test/images_test/56722.jpg,60.0,80.0,0.75,RGB,JPEG,20638,669bcde22f3ed8dfffcb7bc5f368fecaf04781964ebfdc73ac4e5626f4b7206b
56723,data/raw/teacher/test/images_test/56723.jpg,60.0,80.0,0.75,RGB,JPEG,15108,b83c4b0820d0026678797ce589d3480ecc1fb826d690f3af26ae42cb02643920
56724,data/raw/teacher/test/images_test/56724.jpg,60.0,80.0,0.75,RGB,JPEG,19254,48ed2b345f2364dce4169266af3e96c846ca930733155e613f4b0c419103378c
56725,data/raw/teacher/test/images_test/56725.jpg,60.0,80.0,0.75,RGB,JPEG,17268,175096f13c07a507859206ada55a05341ef3637c5e7694e552be4ee83d20e8b4
56733,data/raw/teacher/test/images_test/56733.jpg,60.0,80.0,0.75,RGB,JPEG,23912,ee12ff00ad6eb4c2a557069c3c50bcc376d66f4b3fae04fb5e4df81ccef011eb
56734,data/raw/teacher/test/images_test/56734.jpg,60.0,80.0,0.75,RGB,JPEG,24664,4b6fd1b65312d369b8a6efa5bbd0aef71f7df998f2b66ada07d02e6115e0cbab
56736,data/raw/teacher/test/images_test/56736.jpg,60.0,80.0,0.75,RGB,JPEG,23062,576f2e152359aae41bd4e207a01f0f7f4f5c951277f619046700450f649d9f72
56752,data/raw/teacher/test/images_test/56752.jpg,60.0,80.0,0.75,RGB,JPEG,22977,462cffd708ce518d60af898a216bdc4193df86dfc4a12d3d41549d0400367500
56753,data/raw/teacher/test/images_test/56753.jpg,60.0,80.0,0.75,RGB,JPEG,4533,042b3c5c6965e99544b2b90870211a1d9d25fc0e9e80cae0e0c3d83adbb14025
56765,data/raw/teacher/test/images_test/56765.jpg,60.0,80.0,0.75,RGB,JPEG,2908,cc5d70c394710f9635be249291cdc15a918f170de48ed87a988ec851c021bb4b
56769,data/raw/teacher/test/images_test/56769.jpg,60.0,80.0,0.75,RGB,JPEG,3336,fdbab3e8bb054bdf20a7cd9fdea73ee2d0b04915d776e61a85910af3f3df45c0
56770,data/raw/teacher/test/images_test/56770.jpg,60.0,80.0,0.75,RGB,JPEG,15753,18a4c3a3b443cd6db7b377798c5924d772a93ec8f0c650c434f6fd3fa5e2a25f
56771,data/raw/teacher/test/images_test/56771.jpg,60.0,80.0,0.75,RGB,JPEG,3422,23c9a9c3daa9de051278844ce8b01deaffa2d7acf9eba0f687fc68bb01d07ab4
56787,data/raw/teacher/test/images_test/56787.jpg,60.0,80.0,0.75,RGB,JPEG,3154,445133b5dd4c698cd7a725bda30328d191cdc1255b29335d096f1d0ae6db14e2
56795,data/raw/teacher/test/images_test/56795.jpg,60.0,80.0,0.75,RGB,JPEG,22835,5079315dbe8dffd9d4d6a499a03d7bd04f7f505fc9d5886917c3e70c7b194520
56798,data/raw/teacher/test/images_test/56798.jpg,60.0,80.0,0.75,RGB,JPEG,22823,22bb648192df44e7baa52aa9c689e99d341e48148d2471a344a385170ca9ff3d
56805,data/raw/teacher/test/images_test/56805.jpg,60.0,80.0,0.75,RGB,JPEG,15723,0f976817e1bb3ba49d6d7e52f814d3b149c57311a1ddfe93882fb6737d62b451
56806,data/raw/teacher/test/images_test/56806.jpg,60.0,80.0,0.75,RGB,JPEG,26434,7917c70de09910a5e9ec4065373d6625b25e117de1ba08fba719775755c02d9e
56807,data/raw/teacher/test/images_test/56807.jpg,60.0,80.0,0.75,RGB,JPEG,20081,e31238572b9cee62dd6ba4bc4d071f5a64a261d92207b55bbeddffbebad6ae59
56808,data/raw/teacher/test/images_test/56808.jpg,60.0,80.0,0.75,RGB,JPEG,2867,43a98896598c4d98bb2f83262aa193ba4d78283bc05d8a6375b49a6909fa9199
56809,data/raw/teacher/test/images_test/56809.jpg,60.0,80.0,0.75,RGB,JPEG,16910,a0b509394ece181b597bc436834bbef00d3e49815b79357625df50164a2ba020
56810,data/raw/teacher/test/images_test/56810.jpg,60.0,80.0,0.75,RGB,JPEG,3922,7a2b755b7605898a7f814cd23638f17da4572b91070ab61f7541b159e07ecd22
56811,data/raw/teacher/test/images_test/56811.jpg,60.0,80.0,0.75,RGB,JPEG,18589,510669f0ee61c32123fe8ce47ce302b37504722bd81c5d6e4d8908b5545d367d
56812,data/raw/teacher/test/images_test/56812.jpg,60.0,80.0,0.75,RGB,JPEG,20894,a7ad0af6c37611aa69fa13b1b973121a19f391a554c137ed1a07b1810c1c68c8
56813,data/raw/teacher/test/images_test/56813.jpg,60.0,80.0,0.75,RGB,JPEG,25652,743e0030c7b14808bbe3e3c39d6ac5eefd506f6c98c9c4268c3166e2d88581d9
56814,data/raw/teacher/test/images_test/56814.jpg,60.0,80.0,0.75,RGB,JPEG,19776,9e703d41987f4ba3b6bc51092433c27cb148a2e057c7fdfead59a50c8109f794
56815,data/raw/teacher/test/images_test/56815.jpg,60.0,80.0,0.75,RGB,JPEG,2192,ee3e198f9eb5f7b21ade86289ae7a0e85521d82697185919683be3353c35e615
56816,data/raw/teacher/test/images_test/56816.jpg,60.0,80.0,0.75,RGB,JPEG,2874,67c3b2833fe131b20294922cdc4cd269f02c4f75e5224ab62824e1bfe6d5ce39
56817,data/raw/teacher/test/images_test/56817.jpg,60.0,80.0,0.75,RGB,JPEG,22561,d8f0629271bc0283fc6d4362760e09ceb565456ec62632a10e13a7a7953de00b
56818,data/raw/teacher/test/images_test/56818.jpg,60.0,80.0,0.75,RGB,JPEG,2883,27fb6425b44431987ec5a135fa6339d18edc0910b76b95970f1065afbba6fed9
56819,data/raw/teacher/test/images_test/56819.jpg,60.0,80.0,0.75,RGB,JPEG,2730,473b47a8c7a48ba7c65954c120946c3de3d1b257cd9191292cfbf0f4deca6501
56820,data/raw/teacher/test/images_test/56820.jpg,60.0,80.0,0.75,RGB,JPEG,3540,792d0702c32871e4590663b24f0d296cec26a9380fee50138ab6a0afba147d4c
56821,data/raw/teacher/test/images_test/56821.jpg,60.0,80.0,0.75,RGB,JPEG,15142,47147e28d3cf2d03e34958206cc625fa9d230d926ffb04cf11549bd11e0655d6
56822,data/raw/teacher/test/images_test/56822.jpg,60.0,80.0,0.75,RGB,JPEG,3657,d24cbd481dd5fdf44fe24b1b1102d74b3132506dab8fbf89d5dbd9fc432dc05b
56825,data/raw/teacher/test/images_test/56825.jpg,60.0,80.0,0.75,RGB,JPEG,2926,c0dcb8010e9729ee22f6cfc71ff996891b9d671ee87cf7d18d8500b6c0bb54c0
56827,data/raw/teacher/test/images_test/56827.jpg,60.0,80.0,0.75,RGB,JPEG,15111,2825630725fed84da22170ac1436568dcfb5f55b7eaf60a02551d3ffad45fdb8
56828,data/raw/teacher/test/images_test/56828.jpg,60.0,80.0,0.75,RGB,JPEG,4702,7fd717be2d5665ad707a457e1cf976ea6ec6eb39e58a823142d264f700cd1c65
56829,data/raw/teacher/test/images_test/56829.jpg,60.0,80.0,0.75,RGB,JPEG,8158,9a86925b9a0feeac79551c62225ad2be444ece4cdb4364dd1a9126c60814e42f
56843,data/raw/teacher/test/images_test/56843.jpg,60.0,80.0,0.75,RGB,JPEG,3528,301753820f09b7139e14a03f913dcdc81b583bdab5b2bc44a85a97122fda3939
56844,data/raw/teacher/test/images_test/56844.jpg,60.0,80.0,0.75,RGB,JPEG,3014,328dbfcff9b423e3c4f0f9b12088bf2146717ce19a4e8f8280dc179e0dd97bdc
56845,data/raw/teacher/test/images_test/56845.jpg,60.0,80.0,0.75,RGB,JPEG,5955,0d3d5d8da8b4c8774e3ebe8bd31890209f15c124f062c14f8ad3f5af1e26c532
56846,data/raw/teacher/test/images_test/56846.jpg,60.0,80.0,0.75,RGB,JPEG,18236,8cbd5fef1dd6b464ec15dcdb6e129a9ea45e3977ff47e10cafe51c1bda0af93b
56847,data/raw/teacher/test/images_test/56847.jpg,60.0,80.0,0.75,RGB,JPEG,3096,3f194d6744e10ae6aab290e00108e79c7a75736f84799619a22b366fb93befa7
56849,data/raw/teacher/test/images_test/56849.jpg,60.0,80.0,0.75,RGB,JPEG,16436,a383881fd601412f6a90e6ba04541a75cac15a77358b50c7a39cc8088d0e64f2
56850,data/raw/teacher/test/images_test/56850.jpg,60.0,80.0,0.75,RGB,JPEG,3019,40f0bfe176bd7cdc0394bc82a1ab5d01ddc2526efe3448be17987b3e56012b65
56852,data/raw/teacher/test/images_test/56852.jpg,60.0,80.0,0.75,RGB,JPEG,24688,73aef920b46acfffc35e976c3808795122f5a0fa952f9b94f64ea90962c3dc6d
56854,data/raw/teacher/test/images_test/56854.jpg,60.0,80.0,0.75,RGB,JPEG,3608,5db9b4bef58d302166fc83c52f922e2bdd383c7b885b8b6557445b3e7bdbc118
56855,data/raw/teacher/test/images_test/56855.jpg,60.0,80.0,0.75,RGB,JPEG,4209,d8d0ed1250e31dcc1a8c540770b5cfe3c617138a7ee4381468c2153c45de95f0
56856,data/raw/teacher/test/images_test/56856.jpg,60.0,80.0,0.75,RGB,JPEG,13452,2b5cea98f0e020b43c878ddb63ee81921ac60a30f8df5319b024d9e8209e09c4
56857,data/raw/teacher/test/images_test/56857.jpg,60.0,80.0,0.75,RGB,JPEG,14638,9bf565803c50950ea23d72f831a6e7607e768f0680dc911258ff756d8eabd96a
56858,data/raw/teacher/test/images_test/56858.jpg,60.0,80.0,0.75,RGB,JPEG,19857,64f27349a0f6990437c761fc99d756fe4e8213ed446794cc2e631815ccb8cc9f
56859,data/raw/teacher/test/images_test/56859.jpg,60.0,80.0,0.75,RGB,JPEG,18949,a1a60ca0c75aef025b26bc7ab9f70132f330f98b3c80327a8f82204ada9785d2
56860,data/raw/teacher/test/images_test/56860.jpg,60.0,80.0,0.75,RGB,JPEG,13054,807ccb6e3b17ff4b2006ca4e7c89c0acd9150b430bab4590b1fd70cf44b5be5c
56861,data/raw/teacher/test/images_test/56861.jpg,60.0,80.0,0.75,RGB,JPEG,17904,fafd81ea0e013053b2a28f6217947f9d9dd8208575747c30f0de186b9e0cbe3f
56862,data/raw/teacher/test/images_test/56862.jpg,60.0,80.0,0.75,RGB,JPEG,18832,5f5f4e7d4b69082be67cb2688483dbde0f351fadee67a6d30faa304fe556509c
56863,data/raw/teacher/test/images_test/56863.jpg,60.0,80.0,0.75,RGB,JPEG,19700,f1a05a20539a8f539be24b2cebaeaf94b11a1ed1f45b2ea4d576c891df8e725b
56864,data/raw/teacher/test/images_test/56864.jpg,60.0,80.0,0.75,RGB,JPEG,13132,f07e365b78f435372df6d4231390e7fd27410c79b1be4349c744d4b3c74b2c6c
56865,data/raw/teacher/test/images_test/56865.jpg,60.0,80.0,0.75,RGB,JPEG,19832,af57c6238576bd2e58afd1c430fb327a3e3e554ba92415d7e43de97ed8ad96b0
56866,data/raw/teacher/test/images_test/56866.jpg,60.0,80.0,0.75,RGB,JPEG,13502,71a1a2d5297f41bab501c43382e459e40783879116d1ff153aeae0b833a542d8
56867,data/raw/teacher/test/images_test/56867.jpg,60.0,80.0,0.75,RGB,JPEG,20246,c88ab156639e85aa0b6ea07bbcb6dc06a7ac3703104e27ae131fca90c0a3e020
56868,data/raw/teacher/test/images_test/56868.jpg,60.0,80.0,0.75,RGB,JPEG,45407,86351f71b9fc6bf85c42b5e128b4691435417922bff9fd389dd1fe13fc7c5725
56869,data/raw/teacher/test/images_test/56869.jpg,60.0,80.0,0.75,RGB,JPEG,20510,19a71b7bf7acc7d65bc6a619559731940876fada298a4a987c4708f99aa3c539
56870,data/raw/teacher/test/images_test/56870.jpg,60.0,80.0,0.75,RGB,JPEG,19526,098499004584d2a98d62f3434f0b3316b16d98f26e0da398aac42bc86b926a79
56871,data/raw/teacher/test/images_test/56871.jpg,60.0,80.0,0.75,RGB,JPEG,14561,6754e4117aaee6defac2f1cae275a1f8d4bbe484912dd470b1e558bcfe78725e
56872,data/raw/teacher/test/images_test/56872.jpg,60.0,80.0,0.75,RGB,JPEG,19155,b5183a6f6017c092cea164ddb071c213eee70702b1ece9c7ab0eb955f1881a33
56873,data/raw/teacher/test/images_test/56873.jpg,60.0,80.0,0.75,RGB,JPEG,12982,a03c35aceab32e71a81cf0f3c565ec24524918e5e57cc2519e4440a9e69fb5c2
56874,data/raw/teacher/test/images_test/56874.jpg,60.0,80.0,0.75,RGB,JPEG,19887,ded85460943757ae81999363cf91083a75e7314939f1a5a75df7608d054235e5
56875,data/raw/teacher/test/images_test/56875.jpg,60.0,80.0,0.75,RGB,JPEG,19120,42ce48274717e0131ab802b06fa609fff81f3e8eca130d4e6cdc31aad92134dd
56876,data/raw/teacher/test/images_test/56876.jpg,60.0,80.0,0.75,RGB,JPEG,13648,35d2420c90c9563c7188ba9cdece01691b7f70a4327a7c9528bf4e15649103e6
56877,data/raw/teacher/test/images_test/56877.jpg,60.0,80.0,0.75,RGB,JPEG,13311,604ac822faae53fe91f8edfd3caebd7fccb63ae43e760da218af797d016ec394
56878,data/raw/teacher/test/images_test/56878.jpg,60.0,80.0,0.75,RGB,JPEG,19238,468531a1be338215f9e58210e5f85684c345962fc8d2fc3ee133df39bfef7808
56879,data/raw/teacher/test/images_test/56879.jpg,60.0,80.0,0.75,RGB,JPEG,19481,6585b37cd78d28e3bfda085265bf074455bb839878ad896c24f4fbe6f83767b6
56880,data/raw/teacher/test/images_test/56880.jpg,60.0,80.0,0.75,RGB,JPEG,13187,df6995cf22dde73ca4587c4445e906b2e762ba5deff6134d6b113fd51585f087
56881,data/raw/teacher/test/images_test/56881.jpg,60.0,80.0,0.75,RGB,JPEG,12476,35229362b43687e4e31cbfadb92ee7f7d0e56facdb52070da6b9a3e4a3043a50
56882,data/raw/teacher/test/images_test/56882.jpg,60.0,80.0,0.75,RGB,JPEG,14338,f2bdcf440c38d41e5b0610932d9e45ff25dce60e7892b97fbd31aec2b4fb35f6
56883,data/raw/teacher/test/images_test/56883.jpg,60.0,80.0,0.75,RGB,JPEG,19261,dc852e260987effe20b8dc1ee09121eb684e44654186a48d065f10e8cfbd9cbb
56884,data/raw/teacher/test/images_test/56884.jpg,60.0,80.0,0.75,RGB,JPEG,20585,50beb9c28a9bf075f5a966765c0aeb6a569c193ff84b6f5f9b3f1363995e3425
56885,data/raw/teacher/test/images_test/56885.jpg,60.0,80.0,0.75,RGB,JPEG,13210,8a1e4cef3c85645fd458c83a251595cfb3c4bbacefe3f075976ea4c4e2832231
56886,data/raw/teacher/test/images_test/56886.jpg,60.0,80.0,0.75,RGB,JPEG,13136,2951c000ad7c68c17d3730fc9d2740d7f77f3d495cbf906168940ca644aeebfb
56887,data/raw/teacher/test/images_test/56887.jpg,60.0,80.0,0.75,RGB,JPEG,38845,1c39571f8bb7cc88c1473518fd8dcd0bf465f65dc1edc9caa33d9723763e5783
56888,data/raw/teacher/test/images_test/56888.jpg,60.0,80.0,0.75,RGB,JPEG,18106,e7cec3619caa9f5b4bb1d2b9af7050b4bb62bbbe146de556e6fe5e48a171e8aa
56889,data/raw/teacher/test/images_test/56889.jpg,60.0,80.0,0.75,RGB,JPEG,19324,f848171fbb4bd9c03fa1514117551d952488be255e23f51fb60aa8d4ebb1fceb
56890,data/raw/teacher/test/images_test/56890.jpg,60.0,80.0,0.75,RGB,JPEG,17749,c16cc7a1605d1debb92f93920f6b40019cb70e09903101e6f906fbd779ec572a
56891,data/raw/teacher/test/images_test/56891.jpg,60.0,80.0,0.75,RGB,JPEG,19679,65cf3fd30fa3ecf98bedbe3146d192f9bb117a43485cabe97cb95c3009ac8fce
56893,data/raw/teacher/test/images_test/56893.jpg,60.0,80.0,0.75,RGB,JPEG,14602,0c9dc05214ae572f209aa9322c94d5f6b55fa0bab912dfb042e7760f6e47c0cf
56894,data/raw/teacher/test/images_test/56894.jpg,60.0,80.0,0.75,RGB,JPEG,20390,a9de807b448e3690014eb3b0c379bbce71a46de00eea3f3172035796c0989902
56895,data/raw/teacher/test/images_test/56895.jpg,60.0,80.0,0.75,RGB,JPEG,14713,26a3fcd09048ba67d8716639595e104df212019cf94e11cca6481442b781255c
56896,data/raw/teacher/test/images_test/56896.jpg,60.0,80.0,0.75,RGB,JPEG,36384,0d444f506e6da065ce1ccc86dea55e1936bf7709ac8b4d06c49140cc58cd3a3a
56897,data/raw/teacher/test/images_test/56897.jpg,60.0,80.0,0.75,RGB,JPEG,20718,3030a48ce3b1d43548eca3353ea894e7a155c6e1fc4fdd1630d98c6c855469f9
56898,data/raw/teacher/test/images_test/56898.jpg,60.0,80.0,0.75,RGB,JPEG,30920,75c866df42d50c107d43cfa690e24da1a145a6b07f19fe96476541ef9326d3c4
56899,data/raw/teacher/test/images_test/56899.jpg,60.0,80.0,0.75,RGB,JPEG,12343,3ca693a3b3d7f906c3c7fbd50f36b1ae865057848106dacb9b2c3a42d049bcf4
56900,data/raw/teacher/test/images_test/56900.jpg,60.0,80.0,0.75,RGB,JPEG,19697,44d161b1eecff298d4795205bb6b2a531aac82de0d73d281d992629836612c6a
56901,data/raw/teacher/test/images_test/56901.jpg,60.0,80.0,0.75,RGB,JPEG,39836,5b0358f8816d5fb6eedb802789720fbfe2b24f6dab22f14fb0ba33bca9bb202b
56902,data/raw/teacher/test/images_test/56902.jpg,60.0,80.0,0.75,RGB,JPEG,13437,4c81119ba09f61cf1efdf1362ca437cab5184d091eea82e13822ca8808ad4025
56903,data/raw/teacher/test/images_test/56903.jpg,60.0,80.0,0.75,RGB,JPEG,39756,b350fc2957ca09d4f34d8b08da2dce3fb8a05d9ecb72a8c8c65bb6319f4d076b
56904,data/raw/teacher/test/images_test/56904.jpg,60.0,80.0,0.75,RGB,JPEG,19545,42223c9888d9f483627ea1f9b3c680cadc6abc05cb9af8ba1fa8954d56970ca7
56905,data/raw/teacher/test/images_test/56905.jpg,60.0,80.0,0.75,RGB,JPEG,21430,d43c66135d0fda6e1889caeba1b7e7466a439732c02c71d7ac0d4874498a9e74
56906,data/raw/teacher/test/images_test/56906.jpg,60.0,80.0,0.75,RGB,JPEG,18873,5472b8fb3213ad5c4ffa9412e2114f72a243a20a18e6dfb40ea39fde4826d5c4
56907,data/raw/teacher/test/images_test/56907.jpg,60.0,80.0,0.75,RGB,JPEG,19333,b92c55e7eafc0e463dbc75fed0fdb3b6337e1a4d8d246c715d08c694cb702976
56908,data/raw/teacher/test/images_test/56908.jpg,60.0,80.0,0.75,RGB,JPEG,13712,c635da0696e371a9de2f84ae1470ba42ae9aac8dc970947e2cb47b90da56ac25
56909,data/raw/teacher/test/images_test/56909.jpg,60.0,80.0,0.75,RGB,JPEG,12142,84aa964d25522f2d3fd0f8508f45fb7d667c49b4aedfbb52cd98b21b943dfa41
56910,data/raw/teacher/test/images_test/56910.jpg,60.0,80.0,0.75,RGB,JPEG,13744,042b749881c0d06fdc631883a7998f7da82bd750a197350408ca8701c72aa80d
56911,data/raw/teacher/test/images_test/56911.jpg,60.0,80.0,0.75,RGB,JPEG,13353,fd5c57416c9d38a680df17dbb0e9039798938f85cdb46d2763f8caacc05c525c
56912,data/raw/teacher/test/images_test/56912.jpg,60.0,80.0,0.75,RGB,JPEG,19179,660b4c40fe91c3ede295e5a47da4b32c45fae0334f16c5358b83400f9f7c61e0
56913,data/raw/teacher/test/images_test/56913.jpg,60.0,80.0,0.75,RGB,JPEG,12881,5526dc6b9b80c722ae42667689b1c1a90fec1269229b121ce15678d479dceefb
56914,data/raw/teacher/test/images_test/56914.jpg,60.0,80.0,0.75,RGB,JPEG,12203,76558525a0c8412703937a731087307d0021f1f969d4455f600e13b99aa01b07
56915,data/raw/teacher/test/images_test/56915.jpg,60.0,80.0,0.75,RGB,JPEG,19725,3df915b0500d126ffcb051fcfdd42df2023d32090b43b8ba199d6dbe67fc0b23
56916,data/raw/teacher/test/images_test/56916.jpg,60.0,80.0,0.75,RGB,JPEG,18491,e90cb4452842e9c967834edc733d7932de2f834469b8da8c7dbdf5c01bb68073
56917,data/raw/teacher/test/images_test/56917.jpg,60.0,80.0,0.75,RGB,JPEG,36354,7f6588229e33fa1678274d45e1ad24139199ffeeeb687c9d6eb4ea0edd03030f
56918,data/raw/teacher/test/images_test/56918.jpg,60.0,80.0,0.75,RGB,JPEG,12331,f248c07882b3fd3eb1df65f1729cca92c1879bff916e4027df5932687aa73277
56919,data/raw/teacher/test/images_test/56919.jpg,60.0,80.0,0.75,RGB,JPEG,18553,811f5dd9322892fff9e67718bf31e2d7203ce7ac4a3136166e0169dad73a43bd
56920,data/raw/teacher/test/images_test/56920.jpg,60.0,80.0,0.75,RGB,JPEG,13669,1956935e85c09aea1ed36362da3f4b11bf193c3c1a4446fa6de27a69864529f7
56921,data/raw/teacher/test/images_test/56921.jpg,60.0,80.0,0.75,RGB,JPEG,47503,a84a45059b77644494b50a271bea48db1645086b3f55982f2d452333691b3a95
56922,data/raw/teacher/test/images_test/56922.jpg,60.0,80.0,0.75,RGB,JPEG,14313,aa49a8eba5000ba03373250c3299bafb67f58d290c5686830a17499dbdc322ab
56923,data/raw/teacher/test/images_test/56923.jpg,60.0,80.0,0.75,RGB,JPEG,19919,58edcd5a699196ecbd050ad16e7cac90b5fa57b173911f67949f4125e97aaa6c
56924,data/raw/teacher/test/images_test/56924.jpg,60.0,80.0,0.75,RGB,JPEG,13683,6ac9b7bb29085af2e656c8c14ee505ef0d61bf9c74bf4917756c9c388e130a2c
56925,data/raw/teacher/test/images_test/56925.jpg,60.0,80.0,0.75,RGB,JPEG,37883,8a161da1da00992f821f75b4f3ecd7b0d30717a34cb8ebbccb7c2cd8b05ad54e
56926,data/raw/teacher/test/images_test/56926.jpg,60.0,80.0,0.75,RGB,JPEG,18914,fd1eb5540249d9136cef52b51a3846f63a1313ce3c16056118899b61e56ea756
56927,data/raw/teacher/test/images_test/56927.jpg,60.0,80.0,0.75,RGB,JPEG,13212,9a4d7967893f7789aed69861884415e29e7c759ae05008ac8b18d8dfd3eb8572
56928,data/raw/teacher/test/images_test/56928.jpg,60.0,80.0,0.75,RGB,JPEG,13123,905cf53c8ae0734585521074fe11549ae4aef54d4f71bdf1b8b098d54171a47c
56929,data/raw/teacher/test/images_test/56929.jpg,60.0,80.0,0.75,RGB,JPEG,18992,86fd46e917ed26e0fed22922cabbdc8b8fb70fe5fe2c0f6179a459c0fd7aeb5d
56930,data/raw/teacher/test/images_test/56930.jpg,60.0,80.0,0.75,RGB,JPEG,12622,a3a1a68112baa6d7482e277204ffaf0a124a1c3ea6bd92b4ffd779893a07911d
56931,data/raw/teacher/test/images_test/56931.jpg,60.0,80.0,0.75,RGB,JPEG,12803,fccf48d71b58fbfb1e0a9ff49a83f4f548777639562846cf9b878eed0cfdd120
56932,data/raw/teacher/test/images_test/56932.jpg,60.0,80.0,0.75,RGB,JPEG,12716,7d45c44f2d55a7f0b4adbeb2c054d241cbe40bf528677c8c4fcf1197aacdb497
56933,data/raw/teacher/test/images_test/56933.jpg,60.0,80.0,0.75,RGB,JPEG,19948,09ad9e53315daa486a82e5dd2bccb03d25e53fce4c01ea5f2c5886d8bc6805af
56934,data/raw/teacher/test/images_test/56934.jpg,60.0,80.0,0.75,RGB,JPEG,11732,a5f0c1886f5aec48ad4ad4a639f409bfe479cf8df4005045b6987bd3c22e34f7
56935,data/raw/teacher/test/images_test/56935.jpg,60.0,80.0,0.75,RGB,JPEG,30528,62eb0275e660d800b4883fb79d5d4cb93a5eab61d43bc564b4954d30566e33ce
56936,data/raw/teacher/test/images_test/56936.jpg,60.0,80.0,0.75,RGB,JPEG,13261,b5b82a5daa7cdfca1a30d77b4c6d3c51c39e51181b045fea4e752ebd39d583ba
56937,data/raw/teacher/test/images_test/56937.jpg,60.0,80.0,0.75,RGB,JPEG,13151,1aeacffc5397600ba03ab7935682c4abdc91e5bfc1a0119c6cb210ea62d37973
56938,data/raw/teacher/test/images_test/56938.jpg,60.0,80.0,0.75,RGB,JPEG,20116,3d313dba0c72fde1ab79fd7692044c7791038e07499cb608adbc42a08359c69b
56939,data/raw/teacher/test/images_test/56939.jpg,60.0,80.0,0.75,RGB,JPEG,19964,d7136dd1eba09cead2918b86d3abe435ca66aa343c35b6040db95caefa42057c
56940,data/raw/teacher/test/images_test/56940.jpg,60.0,80.0,0.75,RGB,JPEG,18660,b9cf09f152cc992853a13a1cffd5269be9129f8525d45e3d21c23f56c7f1e1c1
56941,data/raw/teacher/test/images_test/56941.jpg,60.0,80.0,0.75,RGB,JPEG,19353,368af2c18e7d66aba11fe2ba1f3d63d2c95115e7da939a9edec79e179fb36d2d
56942,data/raw/teacher/test/images_test/56942.jpg,60.0,80.0,0.75,RGB,JPEG,3724,fdd32bba83a3894ceb622b51b0c51d58921c0b7ca18ba8435a54ce9fc0e6c8fb
56943,data/raw/teacher/test/images_test/56943.jpg,60.0,80.0,0.75,RGB,JPEG,21141,5d63c181e51d78e685025b4e0400e33a30ccb189ca4b08f4c101898b40547e2d
56944,data/raw/teacher/test/images_test/56944.jpg,60.0,80.0,0.75,RGB,JPEG,13393,4049436b74f381bd64416f1f4f73260980e6e512d0682036119cb891d08b1046
56945,data/raw/teacher/test/images_test/56945.jpg,60.0,80.0,0.75,RGB,JPEG,13886,bfa6bbc340ee0bc719c44187d04b34501d6a0ce5d41840e62f34fc6e5d7a6d35
56946,data/raw/teacher/test/images_test/56946.jpg,60.0,80.0,0.75,RGB,JPEG,36042,66826cc6eb75a9f6bcdd3abafa266957b1d8a5ee3cad23dabc80d2228452e0aa
56947,data/raw/teacher/test/images_test/56947.jpg,60.0,80.0,0.75,RGB,JPEG,15365,3b09444b40ed167e8ce99ffed5ff2b0a01a9eed4e671896ce8d1469ce7a6b6e2
56948,data/raw/teacher/test/images_test/56948.jpg,60.0,80.0,0.75,RGB,JPEG,15876,10735e2088d52d721af6f92100b7f215795870d60a2607d629dec2c8f5b4ffef
56949,data/raw/teacher/test/images_test/56949.jpg,60.0,80.0,0.75,RGB,JPEG,13077,951c24115ed7ca4a4bc59574745115a2350613ec07fbc3346b109e44414a0b8d
56950,data/raw/teacher/test/images_test/56950.jpg,60.0,80.0,0.75,RGB,JPEG,19147,8e4c1b11fef9d0bf0ed3e9accc3962555c00bf79358768789de4c93f1c9e5f57
56951,data/raw/teacher/test/images_test/56951.jpg,60.0,80.0,0.75,RGB,JPEG,19195,15e802daf4d836dcc8a1a5ec7c52062c34369251b3fa11e218e6e45adeb1fa2b
56952,data/raw/teacher/test/images_test/56952.jpg,60.0,80.0,0.75,RGB,JPEG,19310,78ac2f9f98c390aa0c0d1e469ebf1f9168546698d36d4c73048102c93dde99d8
56953,data/raw/teacher/test/images_test/56953.jpg,60.0,80.0,0.75,RGB,JPEG,20686,02a7b5bf6518e4755254cc24a10063ea02ce140fd60b1839117be8ab2cf0855b
56954,data/raw/teacher/test/images_test/56954.jpg,60.0,80.0,0.75,RGB,JPEG,13792,17a316f2043c6965b194fec0a71906a553c8a3e5b64fdb865ee69c7a1ff0ef3e
56955,data/raw/teacher/test/images_test/56955.jpg,60.0,80.0,0.75,RGB,JPEG,13750,bf4e82a37526b8ec42cb058738203c512efef6fd199de86e91022c42f356ce5d
56956,data/raw/teacher/test/images_test/56956.jpg,60.0,80.0,0.75,RGB,JPEG,20395,6723b92d7532a72d75f23445e855c7715f69d40d4d09ee10be93428a674e299a
56957,data/raw/teacher/test/images_test/56957.jpg,60.0,80.0,0.75,RGB,JPEG,13374,d9212d94555f90303188a3154aa6d32a5e9d13f945f1c83b8ca54342af4fcd41
56958,data/raw/teacher/test/images_test/56958.jpg,60.0,80.0,0.75,RGB,JPEG,20584,23300006bdd0ec11180e7e0df3902f5ee8837ff30241b7f085b45e52844c16ef
56959,data/raw/teacher/test/images_test/56959.jpg,60.0,80.0,0.75,RGB,JPEG,20846,a7d0f9c9c8493409080f354a48530cf90e9d77949bd13955fc43d7572c184b64
56960,data/raw/teacher/test/images_test/56960.jpg,60.0,80.0,0.75,RGB,JPEG,19517,85e9185faa8d708b47890df5c6b6676f199e5ecfd50eba915235af05cabae187
56961,data/raw/teacher/test/images_test/56961.jpg,60.0,80.0,0.75,RGB,JPEG,12706,68d8c12e4611c420549dd1b5284da2b3f2a83b0b9ac1c7fe20258d8e3fccab8a
56962,data/raw/teacher/test/images_test/56962.jpg,60.0,80.0,0.75,RGB,JPEG,19831,0980f02ce3bca3578f0c2f33892bde2de1c27f1a02ce34ec7232450c8101e36d
56963,data/raw/teacher/test/images_test/56963.jpg,60.0,80.0,0.75,RGB,JPEG,20196,95388bb3bfa04073872a299f1ab8d8ed51a448264eef4c92c7cb1bcf31e8878d
56964,data/raw/teacher/test/images_test/56964.jpg,60.0,80.0,0.75,RGB,JPEG,35320,8d8e69ced99b97ed40a6226ea1acac943b8bc3ec1703cc40e350ae31b709a13a
56965,data/raw/teacher/test/images_test/56965.jpg,60.0,80.0,0.75,RGB,JPEG,13067,283d051145869aca093087d9b150beaace1a5d1824b36703d244d44f7021073d
56966,data/raw/teacher/test/images_test/56966.jpg,60.0,80.0,0.75,RGB,JPEG,41168,502cd0268d6961f7f0aee46ec0d80617259daed1074270fde72f8be8ae42b802
56967,data/raw/teacher/test/images_test/56967.jpg,60.0,80.0,0.75,RGB,JPEG,14347,581b3f278674d7274ab20c1bc6d9d32d95b499b04f6710977747a780c3ce6661
56968,data/raw/teacher/test/images_test/56968.jpg,60.0,80.0,0.75,RGB,JPEG,18848,32574ca44fd37cc13813fb31f22a667c9892c96ab0bd899d33527c5df844f06b
56969,data/raw/teacher/test/images_test/56969.jpg,60.0,80.0,0.75,RGB,JPEG,19035,c40d05328c111e0a6714ddf9b4d1f9b787b0d75200e14f995091509b43b4467c
56970,data/raw/teacher/test/images_test/56970.jpg,60.0,80.0,0.75,RGB,JPEG,11852,974ebc931883df3ebf79fb08f17dc9f891c87f6d6d96cfad5897a90f39ffeff7
56971,data/raw/teacher/test/images_test/56971.jpg,60.0,80.0,0.75,RGB,JPEG,19407,3ebbfb069e91b5bbd85e4ee58500b3f47c9d8e6f5ded678b3606b25a31f93b1c
56972,data/raw/teacher/test/images_test/56972.jpg,60.0,80.0,0.75,RGB,JPEG,20356,fe4e639f0b667a27f6a3eccfe9647f38286e9cfc4c543867e9701f07065673b4
56973,data/raw/teacher/test/images_test/56973.jpg,60.0,80.0,0.75,RGB,JPEG,20327,b6d892f357bbe98f39e001e44b2360d3377160ac8d1d956666a2de6376e99778
56974,data/raw/teacher/test/images_test/56974.jpg,60.0,80.0,0.75,RGB,JPEG,12897,dd00107b2e74a883733b4ca2c19ad23495ce898dfab8aea025dd27d73ff415c4
56975,data/raw/teacher/test/images_test/56975.jpg,60.0,80.0,0.75,RGB,JPEG,12237,69c7b07809daa26434418abc87b8090748c80a4f8ba131c6a5dea1e28eb3fe2a
56976,data/raw/teacher/test/images_test/56976.jpg,60.0,80.0,0.75,RGB,JPEG,20274,a811ecdd933be6e3247b7b779512f7e57803884b742b89df3221fa944a3d91e8
56977,data/raw/teacher/test/images_test/56977.jpg,60.0,80.0,0.75,RGB,JPEG,20478,156dc6191d9b3d4386d706c88c25b5caa732514eeb072d7ef6eda72894572b17
56978,data/raw/teacher/test/images_test/56978.jpg,60.0,80.0,0.75,RGB,JPEG,12807,1b929b53a41bee4bf1956d1d7ee3858c93b69ff490e76e8701bde08a275459ed
56979,data/raw/teacher/test/images_test/56979.jpg,60.0,80.0,0.75,RGB,JPEG,12993,fdbcfff491b8f6f8fbdec7882918de975783d07a89bf7ee2c05acf60bfbb0ed9
56980,data/raw/teacher/test/images_test/56980.jpg,60.0,80.0,0.75,RGB,JPEG,19262,7f25d4902146a74681cc9f7250be974fc70b9b65d0eabfbf0c78ee2df7360765
56981,data/raw/teacher/test/images_test/56981.jpg,60.0,80.0,0.75,RGB,JPEG,33906,80babb9a5261a3771f887d56e819a6cd2c7cc8a9a813a01660d87bbbc07705dd
56982,data/raw/teacher/test/images_test/56982.jpg,60.0,80.0,0.75,RGB,JPEG,19794,193005a128ab072b1831f71eabb892bebc768416e00ccfddf62d266059638eb5
56983,data/raw/teacher/test/images_test/56983.jpg,60.0,80.0,0.75,RGB,JPEG,13205,0525fabeccf8cc5596f79b3e0dc13a160e09baf991d2fa7e22038c451e166685
56984,data/raw/teacher/test/images_test/56984.jpg,60.0,80.0,0.75,RGB,JPEG,18205,e14482f8a844c24babb30f83752f0b64d96963c4924159bc987147a617406e7b
56985,data/raw/teacher/test/images_test/56985.jpg,60.0,80.0,0.75,RGB,JPEG,14246,5ef3eb1104b1cca6b91e4eaa8c63ee84b9c0a30f6322d2b76fa1796a7119866c
56986,data/raw/teacher/test/images_test/56986.jpg,60.0,80.0,0.75,RGB,JPEG,19678,01cab396bc9155a69bd55e63327bc2d6d6e24ddb22311de84a0b4a5462668fdf
56987,data/raw/teacher/test/images_test/56987.jpg,60.0,80.0,0.75,RGB,JPEG,19634,c6d8949d24d0ba2ffbfb2f936e5fc9f826c89fbf6187c0d68b93d72c225e97f4
56988,data/raw/teacher/test/images_test/56988.jpg,60.0,80.0,0.75,RGB,JPEG,19545,91140572e62ee6c710881ebd9acf726b99690e03ad3814be743a6d0e7a022e24
56989,data/raw/teacher/test/images_test/56989.jpg,60.0,80.0,0.75,RGB,JPEG,13327,f1559cd835f16cabb361bfc4e4393e554cf6a73897ef2118dffeef19438a8446
56990,data/raw/teacher/test/images_test/56990.jpg,60.0,80.0,0.75,RGB,JPEG,12667,46c0240bc1787a5a3898a026400665a7ab2ce9cda405b169b8ca846043a204a7
56991,data/raw/teacher/test/images_test/56991.jpg,60.0,80.0,0.75,RGB,JPEG,12966,3ea93224dd8e541d2526d59cf8ead198a4b7eb913e3698590024f2e402e29e13
56992,data/raw/teacher/test/images_test/56992.jpg,60.0,80.0,0.75,RGB,JPEG,20033,a225726779249de29d2b70f7cd6df44dd7788dc7e15f0930eafa27b2e72b65a6
56993,data/raw/teacher/test/images_test/56993.jpg,60.0,80.0,0.75,RGB,JPEG,19412,60bf10740802a06dfdf829a160ce116e4bcd2f980a3f0fa20686287ddc3328a2
56994,data/raw/teacher/test/images_test/56994.jpg,60.0,80.0,0.75,RGB,JPEG,14095,50d71e16723c6534b17b26203c3bddc0bb7f645a7d1ee241e04b5bbe6e68e463
56995,data/raw/teacher/test/images_test/56995.jpg,60.0,80.0,0.75,RGB,JPEG,19960,cdfb89232b82aa1bae55adc1297111996b44dfb66ce6ce04b727dd07048dcdd5
56996,data/raw/teacher/test/images_test/56996.jpg,60.0,80.0,0.75,RGB,JPEG,20116,978c9a5fcfafda88acc9a5a011306ec735ad804b3b397cbfe500e16cfd7ec919
56997,data/raw/teacher/test/images_test/56997.jpg,60.0,80.0,0.75,RGB,JPEG,20399,d328254e12a9386640ee75a7e944a8868d801a997e886576446c0b2c71ad090f
56998,data/raw/teacher/test/images_test/56998.jpg,60.0,80.0,0.75,RGB,JPEG,20090,5887d6ae39c073bb290bbcd8ff295b386d7bb2a6ae5cee6e397319062499666d
56999,data/raw/teacher/test/images_test/56999.jpg,60.0,80.0,0.75,RGB,JPEG,14097,5bb6e92a24fd292bb908905dbb721b91c943a302c1c585c9204b89f53c202888
57000,data/raw/teacher/test/images_test/57000.jpg,60.0,80.0,0.75,RGB,JPEG,12163,2c65b8d7bb79afc4034743342b545a81863b12407e42bba611557d97bf3dbead
57001,data/raw/teacher/test/images_test/57001.jpg,60.0,80.0,0.75,RGB,JPEG,18909,fbe12592769635e3fe6789dae780db9c75113fc870a34ed883eb1fc1b9bfee0e
57002,data/raw/teacher/test/images_test/57002.jpg,60.0,80.0,0.75,RGB,JPEG,17961,05b4bf864fd21ca006cd551908008969171d7198c610d95d4d1b1613129773c1
57003,data/raw/teacher/test/images_test/57003.jpg,60.0,80.0,0.75,RGB,JPEG,39201,0729bb27708d0b13097c1cd46ace6ac80c0b2a84a596ba6ed8de7d8e9865aaf3
57004,data/raw/teacher/test/images_test/57004.jpg,60.0,80.0,0.75,RGB,JPEG,18923,52ab5c07efc4a2fdd2a512989c1eccf283c64d68715c47e0f6d5e79f0173e8d5
57005,data/raw/teacher/test/images_test/57005.jpg,60.0,80.0,0.75,RGB,JPEG,13907,77dd4a144a275d90a7583f9d4bf976903bdb443bc2523a93fb0e600a48ca555e
57006,data/raw/teacher/test/images_test/57006.jpg,60.0,80.0,0.75,RGB,JPEG,13867,b829e11141d05fdbe9ee9814adb2e022bdbf99ba6bb59d43854173a5a16153bc
57007,data/raw/teacher/test/images_test/57007.jpg,60.0,80.0,0.75,RGB,JPEG,13747,c3302d631b21cb5be888e159645a3bcd5c329319809cbfa9ff99a25f755f90a5
57008,data/raw/teacher/test/images_test/57008.jpg,60.0,80.0,0.75,RGB,JPEG,18962,803f7018e134b35439864633c8bfb25bdef1b420ef94babf6f895fd1c15c8b9c
57009,data/raw/teacher/test/images_test/57009.jpg,60.0,80.0,0.75,RGB,JPEG,11943,b51cc9ec3c4f25e9a410ee2753f73f8649461f2165ffb9ca07d65bbfa63e83b8
57010,data/raw/teacher/test/images_test/57010.jpg,60.0,80.0,0.75,RGB,JPEG,19699,14fe8f2f6e220ddc8e9d66c6ed4e2a0e7d31bc94f87fbe5ee536869aa04317f6
57011,data/raw/teacher/test/images_test/57011.jpg,60.0,80.0,0.75,RGB,JPEG,19177,1d57f85c9529db0574daa7cdd62333b507ff01ba013dc3c04261607948eb4bc9
57012,data/raw/teacher/test/images_test/57012.jpg,60.0,80.0,0.75,RGB,JPEG,3110,690409365b334edb242d299c412e39c250074032dd141ecbe39d5187b7fa1e26
57013,data/raw/teacher/test/images_test/57013.jpg,60.0,80.0,0.75,RGB,JPEG,13778,a279fcb42cb3a11d5160efbe8752ba32c80e9e05994c48f3c1e8495357d06808
57014,data/raw/teacher/test/images_test/57014.jpg,60.0,80.0,0.75,RGB,JPEG,19702,5919d479c3657ca11e9b11aa0d4513e229b9df99248b46549c76feb534c51352
57015,data/raw/teacher/test/images_test/57015.jpg,60.0,80.0,0.75,RGB,JPEG,17618,a46fe82e2366bb75ea10eff322136ea59a3f2434f2a85f337c7c59979933fae3
57016,data/raw/teacher/test/images_test/57016.jpg,60.0,80.0,0.75,RGB,JPEG,18379,934cd14e899c4b2206ef674656392733fb04277925d097e045ee6b1d4f5b3d97
57017,data/raw/teacher/test/images_test/57017.jpg,60.0,80.0,0.75,RGB,JPEG,2721,909d5146412e55cb44a573f9f2fba31108d6e51fdc71846735325c468921b170
57018,data/raw/teacher/test/images_test/57018.jpg,60.0,80.0,0.75,RGB,JPEG,5844,162832982e6d000a0263c55b29c4fe9a16dcf34e660f91d905e719724d318905
57019,data/raw/teacher/test/images_test/57019.jpg,60.0,80.0,0.75,RGB,JPEG,6128,dfae2195a233142a2fb3c3bc37a821edede419b6a6bfee740e0680973a9bf0e7
57021,data/raw/teacher/test/images_test/57021.jpg,60.0,80.0,0.75,RGB,JPEG,19211,3393c46a2b78b1e523511a9a54f4d18b8e4beac048b4d8a9f415d1f3579acc08
57022,data/raw/teacher/test/images_test/57022.jpg,60.0,80.0,0.75,RGB,JPEG,2897,922cfe64fb5a77f3144f6b5e1438a2a6b2efe5682cb347adfbbc4d1c7e1c20fa
57023,data/raw/teacher/test/images_test/57023.jpg,60.0,80.0,0.75,RGB,JPEG,18419,788ea61b76ef6420ba842ae8d344a4c919ab0bb61e183ae1f53337bb2c2cb9a6
57024,data/raw/teacher/test/images_test/57024.jpg,60.0,80.0,0.75,RGB,JPEG,18960,f30e4acc46a882daf671498556ead12076f5ed21dafa7290d56da5be8a5c8fe6
57025,data/raw/teacher/test/images_test/57025.jpg,60.0,80.0,0.75,RGB,JPEG,18669,1ff254569faf6e05683e1d717112774f9de5c59e7ee581cc26c9ac7b527ef216
57026,data/raw/teacher/test/images_test/57026.jpg,60.0,80.0,0.75,RGB,JPEG,11825,f042878682f35010bb0e0f8376a75d6a70bbc34fdbaa83410c9c6282741bb971
57027,data/raw/teacher/test/images_test/57027.jpg,60.0,80.0,0.75,RGB,JPEG,17322,7035d0cb2bf3792eb165843f8b64653ca86a515ab9f7dfea21453d88e8bf1d0d
57028,data/raw/teacher/test/images_test/57028.jpg,60.0,80.0,0.75,RGB,JPEG,17042,67ca69ee4acb1f976579d76e57773c4d79dbca8d59e36c504fe160012165464f
57029,data/raw/teacher/test/images_test/57029.jpg,60.0,80.0,0.75,RGB,JPEG,23875,37bdfea13e2ae51977e30f4be8229a4702d4b8c1c46b8fc35b08d8abea255b3a
57030,data/raw/teacher/test/images_test/57030.jpg,60.0,80.0,0.75,RGB,JPEG,16761,8bf913cb1c964634efd60c5d2c3a8e42e4bed3236fa4a7dabea0d883966258e8
57031,data/raw/teacher/test/images_test/57031.jpg,60.0,80.0,0.75,RGB,JPEG,24637,24260bf784399f400d9f198f6757f1be13a869a8ee0c77a9cd20c898b2fa694f
57032,data/raw/teacher/test/images_test/57032.jpg,60.0,80.0,0.75,RGB,JPEG,23691,f609cc507c9f8f966c0dcdbb26c196af637f3c590dc9f8b771e6c8fa6f95fb69
57033,data/raw/teacher/test/images_test/57033.jpg,60.0,80.0,0.75,RGB,JPEG,17143,0c67372b053e67ec70568f32f6b8cac6d8efbb7a9422b3bfad51e373bf02e27d
57034,data/raw/teacher/test/images_test/57034.jpg,60.0,80.0,0.75,RGB,JPEG,16050,889b22eccb43fbff688386c71da52f00a0a3459d088a542ae7cd798fe7d5a819
57035,data/raw/teacher/test/images_test/57035.jpg,60.0,80.0,0.75,RGB,JPEG,22528,556b725897e96b54f165b89a1f371a6ca583e67d34daf098219ca79ada23383b
57036,data/raw/teacher/test/images_test/57036.jpg,60.0,80.0,0.75,RGB,JPEG,3004,810281313fc291cfad9c6fa021a84058dc300c1a59dce1ddf443754bf5a31307
57037,data/raw/teacher/test/images_test/57037.jpg,60.0,80.0,0.75,RGB,JPEG,4447,3dd3317d0be8a727d727d6b0ad605e492dc80d1a99eaa95fff84121f2ba671f4
57038,data/raw/teacher/test/images_test/57038.jpg,60.0,80.0,0.75,RGB,JPEG,4427,2d4fd7d9b7151cda59c7b4fb8d2bfff6be36f3ebd2436e310de8d4c82369624d
57039,data/raw/teacher/test/images_test/57039.jpg,60.0,80.0,0.75,RGB,JPEG,4907,7b409335c44504b69578504c5dd80338e8f70c993ab5df08902fa12c9706d020
57040,data/raw/teacher/test/images_test/57040.jpg,60.0,80.0,0.75,RGB,JPEG,21671,684d03fed310b178ede5e553b7955987fc81e990e4c04e842ce4615f646d82e3
57041,data/raw/teacher/test/images_test/57041.jpg,60.0,80.0,0.75,RGB,JPEG,21998,a8798103e1e13f50a49c4e694b2e575a9a8aa8f974c20baea6ef49b89ebbb8da
57042,data/raw/teacher/test/images_test/57042.jpg,60.0,80.0,0.75,RGB,JPEG,3677,ecaf28b069612a011ada5f14b408e0410ee2cb54c5a62cd24917c135f1f110cf
57043,data/raw/teacher/test/images_test/57043.jpg,60.0,80.0,0.75,RGB,JPEG,3724,516ed65cd7a931ee1601485355dc2c3653d9a3b532e3a85e031d7fa586e47392
57044,data/raw/teacher/test/images_test/57044.jpg,60.0,80.0,0.75,RGB,JPEG,22383,5db72f2a33faa91dbb94e4a33e7581378db73ccb5a7c535f43b3b5e5a2cdfabb
57045,data/raw/teacher/test/images_test/57045.jpg,60.0,80.0,0.75,RGB,JPEG,5099,0fae6ed61f2e29f09e496e76277182f21cb2d1ea67cca30488769c757f5ac543
57046,data/raw/teacher/test/images_test/57046.jpg,60.0,80.0,0.75,RGB,JPEG,21504,13b58cc103a1829471d785377980889c0cfca31b50595b2f25d8495266e631ff
57047,data/raw/teacher/test/images_test/57047.jpg,60.0,80.0,0.75,RGB,JPEG,21528,b394796a21d56ce5492132dc5c29d916cf75a070343e0907af6718d4394f3134
57048,data/raw/teacher/test/images_test/57048.jpg,60.0,80.0,0.75,RGB,JPEG,21762,06505b122e35a0778803b9e84416e4ed3aa462109454c334dd5badc8db1abddc
57049,data/raw/teacher/test/images_test/57049.jpg,60.0,80.0,0.75,RGB,JPEG,4374,c6606ba013602c37f54b6608932edb50c995b6bc3ecead93420e2dfa9ecfa557
57050,data/raw/teacher/test/images_test/57050.jpg,60.0,80.0,0.75,RGB,JPEG,4084,96884acef08e1758be394a0015a42edbf3268a6eb33ae72b9447eb53468c8182
57051,data/raw/teacher/test/images_test/57051.jpg,60.0,80.0,0.75,RGB,JPEG,20430,881a4494df24152c66dbbfa56750263b6bb0b1e84d67c88c44bde4552266ba6a
57052,data/raw/teacher/test/images_test/57052.jpg,60.0,80.0,0.75,RGB,JPEG,21770,3288fdd17c28861c664bf9d46c902c4b8e2d3a0553fd3e7fb8d8543ad03f6267
57053,data/raw/teacher/test/images_test/57053.jpg,60.0,80.0,0.75,RGB,JPEG,4209,34fab1b5e3196d69786f60ee7584a672f68207e60f70a3e3a7a3dd316c5d6873
57054,data/raw/teacher/test/images_test/57054.jpg,60.0,80.0,0.75,RGB,JPEG,21160,9b4a84afa4a66df3bc41b32e6346d46e1f481bd9d28832ff2be1c4801989e613
57055,data/raw/teacher/test/images_test/57055.jpg,60.0,80.0,0.75,RGB,JPEG,4473,a2195e43414c48c9c0820e27cdab9773c48a185aac7bef6359e4c0a74a4a3605
57056,data/raw/teacher/test/images_test/57056.jpg,60.0,80.0,0.75,RGB,JPEG,3794,07bed2e4dea72f2c2ee76c585070cf4429591d6590e27899c78a0c7bb12c5444
57057,data/raw/teacher/test/images_test/57057.jpg,60.0,80.0,0.75,RGB,JPEG,4698,9d6f7e53bbdf7c63dc8783915ccadc930d6ed0d663b835b054c80a0b777ff488
57058,data/raw/teacher/test/images_test/57058.jpg,60.0,80.0,0.75,RGB,JPEG,18165,58c27ad0bf846a7652f1ecc4a078c659bd0e58e7d545aad6ec7eef5f69e2e7ca
57059,data/raw/teacher/test/images_test/57059.jpg,60.0,80.0,0.75,RGB,JPEG,21764,52375cbd88ad0be5a6270f0c4959396957a8bcedcb350f63de1fea57a00d4cda
57060,data/raw/teacher/test/images_test/57060.jpg,60.0,80.0,0.75,RGB,JPEG,21767,57a8444237b276f70551fc207bfe960c3781aaef96247db57588eeff2507866e
57061,data/raw/teacher/test/images_test/57061.jpg,60.0,80.0,0.75,RGB,JPEG,22868,a57b8849e094f83b4ec52d0c9980cdea5e59d07f89e3849e853f47b0f965cfca
57062,data/raw/teacher/test/images_test/57062.jpg,60.0,80.0,0.75,RGB,JPEG,3682,45fb77134eb10cb45e708ccb3965c79d2ad25e5ba2e740326280bf7d575620c3
57063,data/raw/teacher/test/images_test/57063.jpg,60.0,80.0,0.75,RGB,JPEG,16051,9bcc4dd0cf4dab6f6ad428c15c41c80901c7e04d6f4dc1715b8158355401e6a4
57064,data/raw/teacher/test/images_test/57064.jpg,60.0,80.0,0.75,RGB,JPEG,4590,8fbc3a37382b5b1fab1cb064edb3fd6150833680307195ce3c939426087168b4
57065,data/raw/teacher/test/images_test/57065.jpg,60.0,80.0,0.75,RGB,JPEG,4439,164fc59a9cb4e00450b35211f62db5ff9aad4c54600d92152a07b9c73ee0536f
57066,data/raw/teacher/test/images_test/57066.jpg,60.0,80.0,0.75,RGB,JPEG,4247,5625c131280ab82915d0e797ac933806d68f66d9a2d801f96df7e24eb6f9636b
57067,data/raw/teacher/test/images_test/57067.jpg,60.0,80.0,0.75,RGB,JPEG,18318,50e2b43fc978a838c3f9acf89d9c421d9460fb0708a414e4f87e6ca7519b6d1b
57068,data/raw/teacher/test/images_test/57068.jpg,60.0,80.0,0.75,RGB,JPEG,24752,763560e78dee0d72ed82ae89fd6b95d55dfbc1ebc7fb6da6d73a36ebf2f01ca6
57069,data/raw/teacher/test/images_test/57069.jpg,60.0,80.0,0.75,RGB,JPEG,4647,674707f23360166e718c9be5624875529c42b6647219f59fed54ea857069e1ed
57070,data/raw/teacher/test/images_test/57070.jpg,60.0,80.0,0.75,RGB,JPEG,16002,a05426006554eab43b690a91d3344abcb0e548e17a72074edaee93518bf995a3
57071,data/raw/teacher/test/images_test/57071.jpg,60.0,80.0,0.75,RGB,JPEG,14638,11bd2f9d6cb4874c9443b7947cd2acfacaff8cd14d8f1a727a6ec2759d9fc9db
57072,data/raw/teacher/test/images_test/57072.jpg,60.0,80.0,0.75,RGB,JPEG,21073,c4ed88cbf8857e58c18672dab962bcaa3cff07fbf30c7113042abcc10f2cbac2
57073,data/raw/teacher/test/images_test/57073.jpg,60.0,80.0,0.75,RGB,JPEG,19859,9291641418110fa7323849f5f73767ffb3fe789fa334c758bb11514c41a568cf
57074,data/raw/teacher/test/images_test/57074.jpg,60.0,80.0,0.75,RGB,JPEG,15685,92cea6e5ac2c3a198547ff2d6844e294259b621a1932e8793596520920122632
57075,data/raw/teacher/test/images_test/57075.jpg,60.0,80.0,0.75,RGB,JPEG,15472,653a0ee9d3b27603086e0522e550791fb52b114848054c89d514e7cd91b2b297
57076,data/raw/teacher/test/images_test/57076.jpg,60.0,80.0,0.75,RGB,JPEG,15000,e14bc4fba0c7ad1b7bc45977d164c4c9183126072aa9467c06781b9153dabf3e
57077,data/raw/teacher/test/images_test/57077.jpg,60.0,80.0,0.75,RGB,JPEG,21202,d0212787ca88d90d2dde2bdda928ac179800a226a3dbf42b19ac791ffafd282a
57078,data/raw/teacher/test/images_test/57078.jpg,60.0,80.0,0.75,RGB,JPEG,15891,7b2f74eb21825302a12c2d3da1b27b4a1f8fdedede7b7925e3f59abac4972dd9
57079,data/raw/teacher/test/images_test/57079.jpg,60.0,80.0,0.75,RGB,JPEG,22217,cfde6b30e62eeca9a45650a3d531babd7771e0bbd973aae94dff809d80fc5f3d
57080,data/raw/teacher/test/images_test/57080.jpg,60.0,80.0,0.75,RGB,JPEG,25136,190e32847d50b49baf0895cc32094214e9cc1d525261bc148c01e769794f8326
57081,data/raw/teacher/test/images_test/57081.jpg,60.0,80.0,0.75,RGB,JPEG,24527,d2f3aa5a72dee0e38534e93ad2ebd3f9019d55947d7631f225a90d55abbc9977
57082,data/raw/teacher/test/images_test/57082.jpg,60.0,80.0,0.75,RGB,JPEG,15823,218d4e01979043a052299339fb07e55d20c0fc916f553c6807483eb2a664d8b4
57083,data/raw/teacher/test/images_test/57083.jpg,60.0,80.0,0.75,RGB,JPEG,21206,84b1e6f7b36bb8cc427a113e071d6908e388ccffa6265a18a72db8b3ae23c5db
57084,data/raw/teacher/test/images_test/57084.jpg,60.0,80.0,0.75,RGB,JPEG,21007,810b82d9fd4a640ef9f44c4d598606d2f7e18ec24633cce4dbd4a22532a00e35
57085,data/raw/teacher/test/images_test/57085.jpg,60.0,80.0,0.75,RGB,JPEG,18796,0b9b2650c58c9ea14c364e886aee9633e86a12573543777298c934cf97a3f6ad
57086,data/raw/teacher/test/images_test/57086.jpg,60.0,80.0,0.75,RGB,JPEG,3498,6d673dbc3ccea347b8e4312a5e3b6dcd81863e7be0bd6eae8e5895f455ce3ce8
57087,data/raw/teacher/test/images_test/57087.jpg,60.0,80.0,0.75,RGB,JPEG,4476,205f45eb3b063885c802e23cab1ace142a84892d342220187dcec85a506236f5
57088,data/raw/teacher/test/images_test/57088.jpg,60.0,80.0,0.75,RGB,JPEG,3937,ff68ad1ad61a5b7c6847cb8cc61acfd0efdfcecc8ccf105d880b3455af4c2b08
57089,data/raw/teacher/test/images_test/57089.jpg,60.0,80.0,0.75,RGB,JPEG,21453,09eb85cf02fe0888651658a2358c76578bff63219bad6e4d4f5d9e3cfaa2087e
57090,data/raw/teacher/test/images_test/57090.jpg,60.0,80.0,0.75,RGB,JPEG,21227,dbfafd91232e5741039a73538e7626afde3b474b574cb1f29e73a094c68c7817
57091,data/raw/teacher/test/images_test/57091.jpg,60.0,80.0,0.75,RGB,JPEG,4333,90f3210560354b1ec5981fedbb2770c8846cf81c0031ab0bcfa40aee1673aa84
57092,data/raw/teacher/test/images_test/57092.jpg,60.0,80.0,0.75,RGB,JPEG,4309,9b200c1f941ce643b2ca0c30443712ef0abfcecc82b46c6e11160755d5eb538c
57093,data/raw/teacher/test/images_test/57093.jpg,60.0,80.0,0.75,RGB,JPEG,3788,cbcc13c0b6789b48e53a91a895b19c18b4d677a3c85bd8bfa2050c1ac4135903
57094,data/raw/teacher/test/images_test/57094.jpg,60.0,80.0,0.75,RGB,JPEG,14724,46d672864eb12ab64d6c0fdddf9ff07afb304b2dad103265f8f0d45c952bd19d
57095,data/raw/teacher/test/images_test/57095.jpg,60.0,80.0,0.75,RGB,JPEG,4615,0508aa9aa15773ed0a6c5b8b36a01a830d4f789a9fbe8ab48b3e86226bfeb2ae
57096,data/raw/teacher/test/images_test/57096.jpg,60.0,80.0,0.75,RGB,JPEG,17280,0ea0cff1b2dbd2cafde82f9e48d0b61dc69d1b74cbe778570225ec50cdea8960
57097,data/raw/teacher/test/images_test/57097.jpg,60.0,80.0,0.75,RGB,JPEG,14852,2ad9fd05906ec6f47193a5a9be72f1e9953830cf9ca6a215d890c2feefbbad2f
57099,data/raw/teacher/test/images_test/57099.jpg,60.0,80.0,0.75,RGB,JPEG,4836,992b93c9edbaef5b6c3996a9ffa787691979316f9b9db2c5418dfc4f0f281cea
57100,data/raw/teacher/test/images_test/57100.jpg,60.0,80.0,0.75,RGB,JPEG,21826,c3b2706fd88f71e9cf8a6a52bc8e1e8a11127de746f3f2ad6d4d3d3b6bca7d4a
57101,data/raw/teacher/test/images_test/57101.jpg,60.0,80.0,0.75,RGB,JPEG,2980,647fff437ee512594ac7fd6bf58c63ffb8ad5ffd713d88736f0a1ab339e4c27d
57102,data/raw/teacher/test/images_test/57102.jpg,60.0,80.0,0.75,RGB,JPEG,26620,33fc3e442fd01cc1b1b88007164fcaeece91be79bf249c2c5d51034e877d90eb
57103,data/raw/teacher/test/images_test/57103.jpg,60.0,80.0,0.75,RGB,JPEG,17778,6100a3001bc79a89462024474bf6f552fd34dd71adfeef1e988abad12f0fc3ce
57104,data/raw/teacher/test/images_test/57104.jpg,60.0,80.0,0.75,RGB,JPEG,16463,a4963fa3b170ba6e75e987078d094cbe1ff87bffb338f728df1b22d4762b554f
57105,data/raw/teacher/test/images_test/57105.jpg,60.0,80.0,0.75,RGB,JPEG,21877,d3ea89cc3eaee3b2ef6d1fa22199bc99d1e95057b00a7f8902a3c3fdae166c44
57106,data/raw/teacher/test/images_test/57106.jpg,60.0,80.0,0.75,RGB,JPEG,4116,fc7de92d7979947ab5464e4ccc1d88aa098da7a3cac066b42dbd316497ebff50
57107,data/raw/teacher/test/images_test/57107.jpg,60.0,80.0,0.75,RGB,JPEG,4343,1d3ac258fc47dd1625cb94611d1e23ea142a2449a7438adf5515c322005d92ac
57108,data/raw/teacher/test/images_test/57108.jpg,60.0,80.0,0.75,RGB,JPEG,4635,60d25f0fe5d3f6478345e9ff4b5e4261083d7394d0443a147408a17422c30457
57109,data/raw/teacher/test/images_test/57109.jpg,60.0,80.0,0.75,RGB,JPEG,3929,3fc1c8b0349a43939aa28901e10e51d005a2837a79622c8156f72e1005d700cf
57110,data/raw/teacher/test/images_test/57110.jpg,60.0,80.0,0.75,RGB,JPEG,4245,c94376704fe71d95d3ac265c716c6a893b4054838f350da004d85910c56dfad7
57111,data/raw/teacher/test/images_test/57111.jpg,60.0,80.0,0.75,RGB,JPEG,4334,8e9a7ac4026a361dda7dc2b27f146ddd663a3046ac6f78bb72ec8447679a0ba6
57112,data/raw/teacher/test/images_test/57112.jpg,60.0,80.0,0.75,RGB,JPEG,3800,4f6932b21b76759eef872a551487ab9b7d853173ff335ca4426a0c75db0d42b1
57114,data/raw/teacher/test/images_test/57114.jpg,60.0,80.0,0.75,RGB,JPEG,4277,057664d02a356657306612bcf4ee6bdb0daea3b1ec339b918cb67611adfe1f86
57115,data/raw/teacher/test/images_test/57115.jpg,60.0,80.0,0.75,RGB,JPEG,22961,b59b4a21ebebb7db01b2ec905d3796073566ccf4005441d332a541da94efeec9
57116,data/raw/teacher/test/images_test/57116.jpg,60.0,80.0,0.75,RGB,JPEG,15296,880a9dc57f4deb4577525c8d5cbabff203cf44b9498ee60d1cb89b6b0a91e05f
57117,data/raw/teacher/test/images_test/57117.jpg,60.0,80.0,0.75,RGB,JPEG,4448,494b405694d6f8d2b5b64146ef96e16de1ea69e4966bd3fd6a1051836035f97c
57118,data/raw/teacher/test/images_test/57118.jpg,60.0,80.0,0.75,RGB,JPEG,4666,ade67e58c930abfab6502bfd1b21a4126b4886684e51950177950d187aa0e7e2
57119,data/raw/teacher/test/images_test/57119.jpg,60.0,80.0,0.75,RGB,JPEG,15757,697b27a95c71a677c54192e6f7a3b7cf32011e1f0f26b2eaead584a64162d716
57120,data/raw/teacher/test/images_test/57120.jpg,60.0,80.0,0.75,RGB,JPEG,4424,9b82e2c99529c91ba225bc7c1973c8cda4c375880d56b8283c6fc502d34d1b4e
57121,data/raw/teacher/test/images_test/57121.jpg,60.0,80.0,0.75,RGB,JPEG,4456,079c9fd65ac5c3ec5f2ca2a20359fbc3a875fd0262c312c820b95e263111e779
57122,data/raw/teacher/test/images_test/57122.jpg,60.0,80.0,0.75,RGB,JPEG,15541,f184ace0b1ce8ca6bbf317d7bb4cf5f109ef11cb6a7d5e143b291ab2ea079926
57123,data/raw/teacher/test/images_test/57123.jpg,60.0,80.0,0.75,RGB,JPEG,23263,33325ca8c85204c1de1385beaa7fe7cd1cf397cae71db12011af53a24fe9d939
57124,data/raw/teacher/test/images_test/57124.jpg,60.0,80.0,0.75,RGB,JPEG,4290,6e0ba1cb5459203bc30db90ec3c767f2fda98243145ce6bd145fae682c704d7d
57125,data/raw/teacher/test/images_test/57125.jpg,60.0,80.0,0.75,RGB,JPEG,4295,910ecb14203bad29483b7ec800ec4303c3614fb743daec1619051fbc58230e57
57126,data/raw/teacher/test/images_test/57126.jpg,60.0,80.0,0.75,RGB,JPEG,3867,dbefa1ffdd05ea02e5574693e6a77e634c0ba63241806d980edd55ac518417e9
57127,data/raw/teacher/test/images_test/57127.jpg,60.0,80.0,0.75,RGB,JPEG,3825,b1e2c0a70170803e646938962dab0bf43abe6895e4d44a88a58ec2f0237023b8
57128,data/raw/teacher/test/images_test/57128.jpg,60.0,80.0,0.75,RGB,JPEG,16386,7300b9b608390fd58ccc8264c84b47c4148101b31cce5582588292a4c930bf9e
57129,data/raw/teacher/test/images_test/57129.jpg,60.0,80.0,0.75,RGB,JPEG,26069,3cdd09e4b3d4ef45155599dafb82b1af3205747c79743f81912355edddb51cbd
57130,data/raw/teacher/test/images_test/57130.jpg,60.0,80.0,0.75,RGB,JPEG,4235,6b6270105ea401e20927a9381e7f75d4683eab281f68bfb2866b277fc8d74d74
57131,data/raw/teacher/test/images_test/57131.jpg,60.0,80.0,0.75,RGB,JPEG,18251,3b6e98f1afa148464dfb222ccb4f1beb1d055754b17558a285daa9e4f8833e89
57132,data/raw/teacher/test/images_test/57132.jpg,60.0,80.0,0.75,RGB,JPEG,4465,bbd62b5c8cd4ed2ac7b90fe90781145f9b6f9e92538cd6e5e2e0b5bdf0fc19c0
57133,data/raw/teacher/test/images_test/57133.jpg,60.0,80.0,0.75,RGB,JPEG,4669,f51465d49f3d2c3fea35dc2663ba6dfccabbf0ac593f906502ec9b789ca7a092
57134,data/raw/teacher/test/images_test/57134.jpg,60.0,80.0,0.75,RGB,JPEG,3941,a0f8dbe0834030ac8096387f0a4f7665295532fa584628ebf384ff6a1cc5e314
57135,data/raw/teacher/test/images_test/57135.jpg,60.0,80.0,0.75,RGB,JPEG,4671,57fd5cbc7a9b33ccc0fb0aca1d537e7e22ec08015f37feaab12b91ed52770765
57136,data/raw/teacher/test/images_test/57136.jpg,60.0,80.0,0.75,RGB,JPEG,4394,49db66268fc705ebd89204835e23318a6ec49bfcdd2b78bf5d6a39c022dec40f
57137,data/raw/teacher/test/images_test/57137.jpg,60.0,80.0,0.75,RGB,JPEG,15173,f50548762140f53104b0f50b6accd851810cdff2e0ca83612685df3d316c2b1c
57138,data/raw/teacher/test/images_test/57138.jpg,60.0,80.0,0.75,RGB,JPEG,16012,7121e38d6e73bcd429dd6ad8a43763741824ab2fc9cc5839a50a7e922f82024e
57139,data/raw/teacher/test/images_test/57139.jpg,60.0,80.0,0.75,RGB,JPEG,21463,d36f97faedda249aec1edbca36f278ba99441df7fa753a5da6ab8c6560209da5
57140,data/raw/teacher/test/images_test/57140.jpg,60.0,80.0,0.75,RGB,JPEG,15454,c2da608bfaf1d8dc1e380b4b943911948e876d1012d06a3ebe6b1553a9af4c67
57141,data/raw/teacher/test/images_test/57141.jpg,60.0,80.0,0.75,RGB,JPEG,15643,e41cbebb25bf441762097db187db4f6088c655d97991385e82ab999303798149
57142,data/raw/teacher/test/images_test/57142.jpg,60.0,80.0,0.75,RGB,JPEG,4459,3effabe0ebac93586b950872f1f5c49e588f666f8cd65b6792b32a9b31029faf
57143,data/raw/teacher/test/images_test/57143.jpg,60.0,80.0,0.75,RGB,JPEG,17466,0d6aadc5875d4cc4aaf74f7e6684d2eb0e32e12d327acd7849772002c6136387
57144,data/raw/teacher/test/images_test/57144.jpg,60.0,80.0,0.75,RGB,JPEG,23224,8c6830da6530b37ddda6f505fdf54cdc508e3969b2202042fea8d89888b03594
57145,data/raw/teacher/test/images_test/57145.jpg,60.0,80.0,0.75,RGB,JPEG,21135,b34616ec6ec279f2f975ee634429338d59cab22221ec74c6e069b39f15e9d676
57146,data/raw/teacher/test/images_test/57146.jpg,60.0,80.0,0.75,RGB,JPEG,23461,1d35348260883fb0e0506a5872c2faebfd119eadffd991bba5fc4ba97b92bf21
57147,data/raw/teacher/test/images_test/57147.jpg,60.0,80.0,0.75,RGB,JPEG,1297,7a8cc1460ea988e7d150db984126450b44ab788c0690b80a92e7305e32d398e9
57148,data/raw/teacher/test/images_test/57148.jpg,60.0,80.0,0.75,RGB,JPEG,22446,06bc1eb143224a0adf8d26dda1afb3d332498eebfc42752f2baf86499e033c60
57149,data/raw/teacher/test/images_test/57149.jpg,60.0,80.0,0.75,RGB,JPEG,15745,01b3e9ed36804a43832526649c647845f5826c1572a1fbaa04bb39a1d2520f05
57150,data/raw/teacher/test/images_test/57150.jpg,60.0,80.0,0.75,RGB,JPEG,17014,0e0adf3517d503d67beb889bedf4fe84613ab41e71e2a4dbdec00f2e3e6727c1
57151,data/raw/teacher/test/images_test/57151.jpg,60.0,80.0,0.75,RGB,JPEG,16273,6f2abf23b93ea4989b533d1e9390a1478e67e76e90f4f1adca030aa6a33fe71a
57152,data/raw/teacher/test/images_test/57152.jpg,60.0,80.0,0.75,RGB,JPEG,22061,49f7038812d9304267e3846e7af8ff1db77e3f84b94f0967f033f7c72e43ed27
57153,data/raw/teacher/test/images_test/57153.jpg,60.0,80.0,0.75,RGB,JPEG,22178,bb9767ea6048fab515f7f4c959b0b6c139d0f29cd4c92a69bf61a404c563e5d2
57154,data/raw/teacher/test/images_test/57154.jpg,60.0,80.0,0.75,RGB,JPEG,4464,9657ac9ce1a482cd853fc2754449340f6a35ef8ab055f30f0301154dee5a3590
57155,data/raw/teacher/test/images_test/57155.jpg,60.0,80.0,0.75,RGB,JPEG,21586,43f2ff568ff60e1d144ad0e810184699340f192c203186f323467d0ad0d41b7d
57156,data/raw/teacher/test/images_test/57156.jpg,60.0,80.0,0.75,RGB,JPEG,4680,dcabd9972c58ef561e52824cd00d6025197ff338fcd242da48f346dc18688cc2
57157,data/raw/teacher/test/images_test/57157.jpg,60.0,80.0,0.75,RGB,JPEG,16944,dced361523384ac305cbbce889d567c24baa817abe74b8c3c653f6dc05d77a88
57158,data/raw/teacher/test/images_test/57158.jpg,60.0,80.0,0.75,RGB,JPEG,23813,a4d3ad420288b7aacb71a9763740c342b75b35f3c3eb0b4674425696e5abe8ac
57159,data/raw/teacher/test/images_test/57159.jpg,60.0,80.0,0.75,RGB,JPEG,4882,5236f73c9003bf3b4e1abc46f42d016fb9132a9b39c1d57cdec60e80b9cc13a6
57160,data/raw/teacher/test/images_test/57160.jpg,60.0,80.0,0.75,RGB,JPEG,23535,c6cfcf4ec5695606607410329c0ecfe36a0a1b060f30c433e37d087c539cef99
57161,data/raw/teacher/test/images_test/57161.jpg,60.0,80.0,0.75,RGB,JPEG,4805,bea12e8e4e48d37ce129aca566ac54d92ab8547435580aa4fd92782b4f44adf1
57162,data/raw/teacher/test/images_test/57162.jpg,60.0,80.0,0.75,RGB,JPEG,4943,442ed58938374a0d3aca645f0aada825a2da3be0a820da402ddfc48643acf316
57163,data/raw/teacher/test/images_test/57163.jpg,60.0,80.0,0.75,RGB,JPEG,23424,656683ee7edbdf11558c08ea6f1a109498694108b5b67282ac6fd951f1970c9e
57164,data/raw/teacher/test/images_test/57164.jpg,60.0,80.0,0.75,RGB,JPEG,16040,7902dc9b07d158f2144b88b05613ee6271f42463f30abddb8dd1df3977df7a95
57165,data/raw/teacher/test/images_test/57165.jpg,60.0,80.0,0.75,RGB,JPEG,22183,30029998738c38a0b76b603d82d93b3b0ed26efe6fedc7468423fb962162b902
57166,data/raw/teacher/test/images_test/57166.jpg,60.0,80.0,0.75,RGB,JPEG,22420,04a35ebb3464bb5763590c8f10025d60cd1b00616109d4a94cb9c04375291696
57167,data/raw/teacher/test/images_test/57167.jpg,60.0,80.0,0.75,RGB,JPEG,24128,2da3ef2b7c7f7103a50614258028b4c11675428042cf9d642e4549d40be01edf
57168,data/raw/teacher/test/images_test/57168.jpg,60.0,80.0,0.75,RGB,JPEG,24328,46cedb421be7e63303006985559735da165b883ebf61b0ea307017ee4720596d
57169,data/raw/teacher/test/images_test/57169.jpg,60.0,80.0,0.75,RGB,JPEG,23424,54d57012bdf79e863f8a1c1920899373c318406f8b4ddd8c936e0c14ae450e76
57170,data/raw/teacher/test/images_test/57170.jpg,60.0,80.0,0.75,RGB,JPEG,16431,7bc63821939668a612fa5bcc8d866b4379799fe5b26d3d088c4561c0975db15e
57171,data/raw/teacher/test/images_test/57171.jpg,60.0,80.0,0.75,RGB,JPEG,3572,77d49386e8b686dc4fbebef8c49c3c1e953ce654fdf1e141d6090ab178f509eb
57172,data/raw/teacher/test/images_test/57172.jpg,60.0,80.0,0.75,RGB,JPEG,5157,abfedc9ced04e8c9b464d9086feb4ba7dce31d010590507fae4e115ad8e504b0
57173,data/raw/teacher/test/images_test/57173.jpg,60.0,80.0,0.75,RGB,JPEG,4314,6bca4ccd05b4a219292ac53555ce1976516839174d66deefa7e55d79df93d696
57174,data/raw/teacher/test/images_test/57174.jpg,60.0,80.0,0.75,RGB,JPEG,22831,86b84937444f660c936a53cdaafc484fccfad6b5e75fe34aa8bf340e1fe212e1
57175,data/raw/teacher/test/images_test/57175.jpg,60.0,80.0,0.75,RGB,JPEG,21556,ca96c9cc324c8a730cdf5caca29d5877c17f5997005f8b1dfe74200f7b6f4fee
57176,data/raw/teacher/test/images_test/57176.jpg,60.0,80.0,0.75,RGB,JPEG,16836,5d9e0340719905e8a7407088b785b0f34fbc1dfaab21127e97b4a31ce0b134d6
57177,data/raw/teacher/test/images_test/57177.jpg,60.0,80.0,0.75,RGB,JPEG,4280,4ade9a0644e0e535b0102e4940883b895f5f5761c8606fcf0e1ce957cd2b131d
57178,data/raw/teacher/test/images_test/57178.jpg,60.0,80.0,0.75,RGB,JPEG,16783,f74692dd4e38a28ee681b98cb974705658aaba98f17785eeba010638692846d8
57179,data/raw/teacher/test/images_test/57179.jpg,60.0,80.0,0.75,RGB,JPEG,23969,5bf5e82f24d84a05fcea06d7e888f3f438549e2a9a45c1332e29bc94002697de
57180,data/raw/teacher/test/images_test/57180.jpg,60.0,80.0,0.75,RGB,JPEG,16958,90fe7b77c6199a7a749e9ff04adb88cf6c68058048a70b6e60d640c025eb5bbe
57181,data/raw/teacher/test/images_test/57181.jpg,60.0,80.0,0.75,RGB,JPEG,22823,71d320381f0d12abda1ffae3e5d7970cd7cef8aeff53e38c558eeddeb4c0dd63
57182,data/raw/teacher/test/images_test/57182.jpg,60.0,80.0,0.75,RGB,JPEG,22584,95a6cd43b8c5ac4845d18ecc0836578af51b483c24faa5be25a08227e5a03a8b
57183,data/raw/teacher/test/images_test/57183.jpg,60.0,80.0,0.75,RGB,JPEG,16728,d9ffbf2c2ac9c90dfc6965743d7ca2500b0dfbd65985eed2a29287817e1cad5c
57184,data/raw/teacher/test/images_test/57184.jpg,60.0,80.0,0.75,RGB,JPEG,22787,7ef7fa16d21ff409c33db6dbd5b0da83e4e283fc7ed8f6683c146c8375b9827e
57185,data/raw/teacher/test/images_test/57185.jpg,60.0,80.0,0.75,RGB,JPEG,15849,c118d277cef311618f0b7b12fbcf4fada1cfeed77a69558436046f62cb69b4fb
57186,data/raw/teacher/test/images_test/57186.jpg,60.0,80.0,0.75,RGB,JPEG,22071,fc3d3b2595c9a27a03dce97787656b30213dce87cd1a7c73152a25c07ac26021
57187,data/raw/teacher/test/images_test/57187.jpg,60.0,80.0,0.75,RGB,JPEG,22745,cfb07965fde0bfe34ce212987f592815abc9c876d6b365148cc521b26aca8da4
57188,data/raw/teacher/test/images_test/57188.jpg,60.0,80.0,0.75,RGB,JPEG,4500,bba1e63bcd552411cabe227430a947d39656b5909afed13e8924693fe8817fd6
57189,data/raw/teacher/test/images_test/57189.jpg,60.0,80.0,0.75,RGB,JPEG,4535,f565f3d7b6cc5f8c67dd6368f6218b61f5caa86a8aed5aa341a12af6128bd42a
57190,data/raw/teacher/test/images_test/57190.jpg,60.0,80.0,0.75,RGB,JPEG,4521,1479e8a932e98fb40ab59c528917f5f9de625627150b838bff06b5b5a4756528
57191,data/raw/teacher/test/images_test/57191.jpg,60.0,80.0,0.75,RGB,JPEG,4318,4bcc671acb69aaebfe116579eddc432d1b5fade86d5876ad70435f5f078c742b
57192,data/raw/teacher/test/images_test/57192.jpg,60.0,80.0,0.75,RGB,JPEG,4150,0b2a62ae13ee2daaf72ad7503fd9058160aefd531edfacf781c14b69b2de82fb
57193,data/raw/teacher/test/images_test/57193.jpg,60.0,80.0,0.75,RGB,JPEG,3746,bfff9f8078ba2ad71cbf09094dadec792968ca5292351da66aff0e745a05f856
57194,data/raw/teacher/test/images_test/57194.jpg,60.0,80.0,0.75,RGB,JPEG,4485,bf3ac9f8370856d3b63aac7240c47ad0e4db6e8d2baeaa17926dcde27bdb83e4
57195,data/raw/teacher/test/images_test/57195.jpg,60.0,80.0,0.75,RGB,JPEG,3473,81977fbe1370d82449d8051320ba33917344260051d5db7c87f9cd6f7aeded82
57196,data/raw/teacher/test/images_test/57196.jpg,60.0,80.0,0.75,RGB,JPEG,4007,a37f905f0987b03f9469a865868312d99933c79eae2814c2b34525b180233da6
57197,data/raw/teacher/test/images_test/57197.jpg,60.0,80.0,0.75,RGB,JPEG,22328,e08ea84461dbec3992b6bca78adf138c97554d783cc348dcaf025fa6cb316463
57198,data/raw/teacher/test/images_test/57198.jpg,60.0,80.0,0.75,RGB,JPEG,17909,89c3d394801bce7a5c7cb3edf550d16101e84f31c144f89b9c0753ed8e257c87
57199,data/raw/teacher/test/images_test/57199.jpg,60.0,80.0,0.75,RGB,JPEG,25892,fa53f9cac7380d3d6e02e2dacea742a5515784a1481bc8f933001d6ef649970c
57200,data/raw/teacher/test/images_test/57200.jpg,60.0,80.0,0.75,RGB,JPEG,4115,685ff93473e799549260068466eefe99fe6b59299a9759a6f7dae505b27d64b9
57201,data/raw/teacher/test/images_test/57201.jpg,60.0,80.0,0.75,RGB,JPEG,22175,10792b716f42a93878e3c3037a23f603cafb6c7c000626553e8a53fec6d50f72
57202,data/raw/teacher/test/images_test/57202.jpg,60.0,80.0,0.75,RGB,JPEG,5724,4f3b124e3220606e881c0307a501bf5b4926ded6a9c9c9b1faea3918a6bb5038
57203,data/raw/teacher/test/images_test/57203.jpg,60.0,80.0,0.75,RGB,JPEG,4213,6763db80eb2877060016e49b69b59dfdaadb9d1104c28a2ad8a8d69e4700f86c
57204,data/raw/teacher/test/images_test/57204.jpg,60.0,80.0,0.75,RGB,JPEG,3600,8bc6ae74960fc191257b125b0581ee417cd5aa6dea5c06e4a0abdc079be09ed6
57205,data/raw/teacher/test/images_test/57205.jpg,60.0,80.0,0.75,RGB,JPEG,3911,23e38e645a208797bf014b125c0fa056c44311b3e06070cc39c99dd4f23567f3
57207,data/raw/teacher/test/images_test/57207.jpg,60.0,80.0,0.75,RGB,JPEG,3352,8137ad5f1285a72b2b24408b8aedbcc027a13ee5dc8a136df4bc200febadee6d
57208,data/raw/teacher/test/images_test/57208.jpg,60.0,80.0,0.75,RGB,JPEG,3221,ce1cd6524e1a4b3b501bed980f36d088f4a4a68c325cfa08e1eb76bddb1f0e35
57209,data/raw/teacher/test/images_test/57209.jpg,60.0,80.0,0.75,RGB,JPEG,3125,a26ffaff714d6b67c0e61edcb71458401609c19648633c07016f5f589bee4142
57210,data/raw/teacher/test/images_test/57210.jpg,60.0,80.0,0.75,RGB,JPEG,20972,04b8592a54c621c65fd5d21cb4758412ffa4eb2533e28051875b9050871c5857
57211,data/raw/teacher/test/images_test/57211.jpg,60.0,80.0,0.75,RGB,JPEG,3665,de11082b68cf3696670ee56aa0cb9bba406d07237c8a5ab6a0539926538f3dd2
57212,data/raw/teacher/test/images_test/57212.jpg,60.0,80.0,0.75,RGB,JPEG,2958,bef98dc1758cba68fe367fb2fb66c147bb640bf34ed72ee429c9c75935dbfb1b
57213,data/raw/teacher/test/images_test/57213.jpg,60.0,80.0,0.75,RGB,JPEG,3333,73b3f2eda014ce55a422825440efe48758caaf0273f4cef65be561466798253d
57214,data/raw/teacher/test/images_test/57214.jpg,60.0,80.0,0.75,RGB,JPEG,14727,b31b7fd85e15110e8d178fe9260a22dd7bd2ead9784a7619916259df69e93450
57215,data/raw/teacher/test/images_test/57215.jpg,60.0,80.0,0.75,RGB,JPEG,4251,c8cc4b34c15e09eafdcbe73b70d3e3ec46a65c473d46324106b2c221f1834213
57216,data/raw/teacher/test/images_test/57216.jpg,60.0,80.0,0.75,RGB,JPEG,4116,d1d57404b29c78ed97a836987ebdc7d510e1c27a89d70db1118cf1a76637c005
57217,data/raw/teacher/test/images_test/57217.jpg,60.0,80.0,0.75,RGB,JPEG,3211,fc2bd1f4fa76230bcb5df0b6ea13ba8b9f7cbb75319439c1abf621b88a0468f5
57218,data/raw/teacher/test/images_test/57218.jpg,60.0,80.0,0.75,RGB,JPEG,3212,aeeb2c342e4a4d3dbeacf73d5d6d64c86f8157a489882f29148ace2e1393eb99
57225,data/raw/teacher/test/images_test/57225.jpg,60.0,80.0,0.75,RGB,JPEG,37878,ff3e840647abfb08a3a655f47de45e20a4596c568e847b8f4cbc3432167da251
57226,data/raw/teacher/test/images_test/57226.jpg,60.0,80.0,0.75,L,JPEG,14629,14b81ff6eb3a65063817f37aa84f54cfd454ee4bc20cfc0eb7329caf0eaf33d3
57229,data/raw/teacher/test/images_test/57229.jpg,60.0,80.0,0.75,RGB,JPEG,14630,c1c671d2b438fe73859a95a9fe7278bf499aaabb4a5822e5159b90b28e9f9399
57230,data/raw/teacher/test/images_test/57230.jpg,60.0,80.0,0.75,RGB,JPEG,14941,c0e9d972ce01ea4b5a935ff918f9ce0389ee9da4225a30764829ed8f14a26f90
57231,data/raw/teacher/test/images_test/57231.jpg,60.0,80.0,0.75,RGB,JPEG,21353,e6631ddfe1ffb8f42839cf7352721b7a4532b909e5888439a684162ade1063a6
57235,data/raw/teacher/test/images_test/57235.jpg,60.0,80.0,0.75,RGB,JPEG,13649,ae2e08907146a8d06b3f475dcdb6d90b5338a53eeed068d60aa27cb3d0c22939
57236,data/raw/teacher/test/images_test/57236.jpg,60.0,80.0,0.75,RGB,JPEG,20116,a7200f0e79fcfbed9406762d4392101332282e027faabdce283e9d38a0796aee
57237,data/raw/teacher/test/images_test/57237.jpg,60.0,80.0,0.75,RGB,JPEG,19774,b80494fc4cac71c1f2a8254a1e996afe32c03a6b6975054819753fcbc193701d
57238,data/raw/teacher/test/images_test/57238.jpg,60.0,80.0,0.75,RGB,JPEG,18987,c2fd099869d9f1b83a7b5cdcf75c6c1ff627a04574722f47bafa19ed58822f19
57239,data/raw/teacher/test/images_test/57239.jpg,60.0,80.0,0.75,RGB,JPEG,21354,17d9313770ca4c8e7ff3f8419ce24b9d7b317756e2d1c7da797632a949d21480
57240,data/raw/teacher/test/images_test/57240.jpg,60.0,80.0,0.75,RGB,JPEG,21965,7a43b18ba19cc4d9ca13f712fdfc0d92706952a35bb354c1801c42d44a464df9
57241,data/raw/teacher/test/images_test/57241.jpg,60.0,80.0,0.75,RGB,JPEG,21675,a6f016a808cb29234079a0487f9e6d2f25fa173d72cce0ea68bf22b6375dfdef
57242,data/raw/teacher/test/images_test/57242.jpg,60.0,80.0,0.75,RGB,JPEG,39141,4c81f6980c48c19195ca4f454dd9a2e630094ee07fb7e6d2c169592acd3537ae
57243,data/raw/teacher/test/images_test/57243.jpg,60.0,80.0,0.75,RGB,JPEG,14377,4f9351b8b2cc6c2b77daab3d84d409164e3fae5c4ddab2a647f86f94286e9f9e
57244,data/raw/teacher/test/images_test/57244.jpg,60.0,80.0,0.75,RGB,JPEG,19241,7d9bc2f4118849abb51fcd683ee1e28b5567f06141a964344ad16a23b2bf76c3
57246,data/raw/teacher/test/images_test/57246.jpg,60.0,80.0,0.75,RGB,JPEG,20932,7e450b3a5d7073a1c1494915fec73bf3714a97181dd2eaefff9460bc14f04225
57247,data/raw/teacher/test/images_test/57247.jpg,60.0,80.0,0.75,RGB,JPEG,20884,8718141425ab4f67a3674a486e67c0b63fe0a359a25a36dfcdcd60038548b89d
57252,data/raw/teacher/test/images_test/57252.jpg,60.0,80.0,0.75,RGB,JPEG,24189,72bac6d1388b77d1653bcd1e5b2fee8b2ff654093ddd0e07191ac440f479c5bd
57253,data/raw/teacher/test/images_test/57253.jpg,60.0,80.0,0.75,RGB,JPEG,17931,1ea5bd268022ecf7f07750005f82c5ed7b5605351178119ead2c4d7f04d5a484
57254,data/raw/teacher/test/images_test/57254.jpg,60.0,80.0,0.75,RGB,JPEG,24052,34601e6cffcd75d2d6576c522098118f4230646ec8db919cf4b655e3fb3c35e5
57255,data/raw/teacher/test/images_test/57255.jpg,60.0,80.0,0.75,RGB,JPEG,19637,91723e2efead582361218847e7cd7f8aab6080c6065faf6871c1bdf579925b2c
57256,data/raw/teacher/test/images_test/57256.jpg,60.0,80.0,0.75,RGB,JPEG,15681,7bb695e38a9ed0f230761311dc9865894e6ad82a05724e1c2159345a98418d56
57258,data/raw/teacher/test/images_test/57258.jpg,60.0,80.0,0.75,RGB,JPEG,14884,113ebeeb93a68f78cc0068318aa091b2b93c2216bc5ac63a87b79fbd355f0dfd
57259,data/raw/teacher/test/images_test/57259.jpg,60.0,80.0,0.75,RGB,JPEG,43446,83653826decedaef8336697b483b95fcb113f9a46a7822d016c013b92c21515f
57261,data/raw/teacher/test/images_test/57261.jpg,60.0,80.0,0.75,RGB,JPEG,16267,2d4e45a8f7ab821446d48d7c5d0ed8c4e1d8e6b96d0f5eb77a9ed68ea730abb2
57262,data/raw/teacher/test/images_test/57262.jpg,60.0,80.0,0.75,RGB,JPEG,16681,0eefd41537064630209987e85f7a6b88f559dfe56d98516dfac309480b5afb20
57263,data/raw/teacher/test/images_test/57263.jpg,60.0,80.0,0.75,RGB,JPEG,19642,8b4deee715132fc90b3ef90d608129f651be8d19ac2325c3e258a69486fd09fd
57264,data/raw/teacher/test/images_test/57264.jpg,60.0,80.0,0.75,RGB,JPEG,21392,d268de810d1fee11d76006d90e2abc0f5e3ec633fd16dec34ca2a37f6a2211dd
57266,data/raw/teacher/test/images_test/57266.jpg,60.0,80.0,0.75,RGB,JPEG,21526,e70037cfc5f092b360e488aab1d234a2f76d6cd97c6d53f41c2f1278b2c110fd
57268,data/raw/teacher/test/images_test/57268.jpg,60.0,80.0,0.75,RGB,JPEG,18875,74827f163a99f3d9aea0dcdf32349511940e5adf506d855a51e774732b8aff09
57273,data/raw/teacher/test/images_test/57273.jpg,60.0,80.0,0.75,RGB,JPEG,3679,8dbce1c5bb703aba5cc0763b65fe39de60e447102c881cceb033a85fd6d214c7
57274,data/raw/teacher/test/images_test/57274.jpg,60.0,80.0,0.75,RGB,JPEG,19241,de717670777e3d5be0984e121af2ceaa14b3e24efbc44144740cc0b5d4722b9f
57275,data/raw/teacher/test/images_test/57275.jpg,60.0,80.0,0.75,RGB,JPEG,3153,a99dfdb3ec12036d09834740d3d1a32776f69559f0419253ee322866b6f03920
57276,data/raw/teacher/test/images_test/57276.jpg,60.0,80.0,0.75,RGB,JPEG,3179,548fc3d4b1f56333e7ecb644e572cc3a1682006fbc5b850058413b955807f8e6
57277,data/raw/teacher/test/images_test/57277.jpg,60.0,80.0,0.75,RGB,JPEG,1951,f9315452fa522921c099a3dd942546100c1da69860c82029b205dc58bf8d81ad
57280,data/raw/teacher/test/images_test/57280.jpg,60.0,80.0,0.75,RGB,JPEG,2179,be6cb01fffacdc75e40dc596b882abddf454b1233acd87d7c1bacd9d654fcb82
57281,data/raw/teacher/test/images_test/57281.jpg,60.0,80.0,0.75,RGB,JPEG,2302,40a312b164a4d79b97164df89eaa6cd0db429fd518493fdcf56525ae956c8ad9
57282,data/raw/teacher/test/images_test/57282.jpg,60.0,80.0,0.75,RGB,JPEG,3032,bdee4c56c136e391d907a739e481e05a0e6d2df85062264f5a39be4ee207b677
57283,data/raw/teacher/test/images_test/57283.jpg,60.0,80.0,0.75,RGB,JPEG,3965,af9204f8e9d88a1156ec3782e67e1c446bc0e88fe02881f8ee9822758c7d03c7
57284,data/raw/teacher/test/images_test/57284.jpg,60.0,80.0,0.75,RGB,JPEG,2766,b53b784a3d1b4d4c3229179bcf49dfa942e39d05281c34d7b35e94759f84d8be
57285,data/raw/teacher/test/images_test/57285.jpg,60.0,80.0,0.75,RGB,JPEG,3031,044842361ea72955be50dc9776673e79e60854b6e7e1f2b133c2b6aff6cb4ad7
57286,data/raw/teacher/test/images_test/57286.jpg,60.0,80.0,0.75,RGB,JPEG,3084,ca0626e6c7fa751686a9a7c17d9786c3cf755d8b6f45ba76d7ee4f06165c47d6
57287,data/raw/teacher/test/images_test/57287.jpg,60.0,80.0,0.75,RGB,JPEG,3788,0234b69eaa9e9887055882449c1186cc906bd782006769049c62d0eb5f2362d2
57288,data/raw/teacher/test/images_test/57288.jpg,60.0,80.0,0.75,RGB,JPEG,3825,83f3f93ad190a7d002521329d12e154a05af8d07646ddcb8c2f3adc9e2a0866b
57289,data/raw/teacher/test/images_test/57289.jpg,60.0,80.0,0.75,RGB,JPEG,2469,fa823b65d066059488e56c840dfc8670df25f00fa1ac69eddc04bf2f759add92
57290,data/raw/teacher/test/images_test/57290.jpg,60.0,80.0,0.75,RGB,JPEG,2986,99fbfe6b81b9cb1beeebd41de4aa7c886e2b0db9c06d605b5cb9e897596fb3bb
57291,data/raw/teacher/test/images_test/57291.jpg,60.0,80.0,0.75,RGB,JPEG,16190,7fbab8dc8334e72be6d1590111b2de2db9228bd58c3d5ac56e6cf117403b5103
57292,data/raw/teacher/test/images_test/57292.jpg,60.0,80.0,0.75,RGB,JPEG,2676,e7b273d9d137d8e33449530e282e6ada68a779cf57f6ff4a568a79b2f2b7f457
57293,data/raw/teacher/test/images_test/57293.jpg,60.0,80.0,0.75,RGB,JPEG,2648,50530f08a8bddeed4b1bd20b2b0fcb743b51fe762ebeff8198fd3ba2ae67519a
57294,data/raw/teacher/test/images_test/57294.jpg,60.0,80.0,0.75,RGB,JPEG,3072,5c9b093280dc505f3dd7dffc47d2d65f65cc7ec65e0277500ff2ab96342f83bb
57295,data/raw/teacher/test/images_test/57295.jpg,60.0,80.0,0.75,RGB,JPEG,2583,a3a9faa04fc360efac9c528571affc85cc23b64e6f5bf9fc0d72dd9cc14257ff
57296,data/raw/teacher/test/images_test/57296.jpg,60.0,80.0,0.75,RGB,JPEG,2794,31cb0c14e754febecd0a76d57e46af1c03b1440e9c721cc612504164e9adb072
57297,data/raw/teacher/test/images_test/57297.jpg,60.0,80.0,0.75,RGB,JPEG,3034,d5eacd6fce32a9b71199169900555fb7f00a1342e4313c6c0bf6be7bca71db55
57298,data/raw/teacher/test/images_test/57298.jpg,60.0,80.0,0.75,RGB,JPEG,19210,ad9b5f4ca8ef9a43a7d50f55cf272522f177edbbf686d2ad16795ed90d2f07ef
57299,data/raw/teacher/test/images_test/57299.jpg,60.0,80.0,0.75,RGB,JPEG,18236,8615e7a24894e41db25d4336bcbb20c60f1967b773f669d6abfa02cc5d57386f
57300,data/raw/teacher/test/images_test/57300.jpg,60.0,80.0,0.75,RGB,JPEG,12158,98de3e937d7060f4178d077817ced4679765ef1d04f606a3118f639e0a76851b
57301,data/raw/teacher/test/images_test/57301.jpg,60.0,80.0,0.75,RGB,JPEG,18013,e5f3616c5283825d320a36bbcf3d033cef69b54f4ce5cc1edee7815065312e2d
57302,data/raw/teacher/test/images_test/57302.jpg,60.0,80.0,0.75,RGB,JPEG,12589,584939c163ff222cf25d4033e63eb144263d44120c26860133f156c710e10202
57303,data/raw/teacher/test/images_test/57303.jpg,60.0,80.0,0.75,RGB,JPEG,18845,3e9a38dcd406fb0e3c4eba018c7f83c0b1e4df303c0896c93745a25105069b52
57304,data/raw/teacher/test/images_test/57304.jpg,60.0,80.0,0.75,RGB,JPEG,12851,f522652c2e620404509970283769b358ea8ad579abb7dbaa20454b2cccb10d83
57305,data/raw/teacher/test/images_test/57305.jpg,60.0,80.0,0.75,RGB,JPEG,19575,c376ebe333b7fc26af08f96234926b89124682200740eadcaae6505a55dcb013
57306,data/raw/teacher/test/images_test/57306.jpg,60.0,80.0,0.75,RGB,JPEG,13416,2a8fcab1a9ca0902ef7c8bc06c582ce88bf600d92c66172f5b33cdb24a854da8
57307,data/raw/teacher/test/images_test/57307.jpg,60.0,80.0,0.75,RGB,JPEG,12281,5b9e8bc43db461c8e78a228f0042ff45d7cc3ade1c3ec4d484c54f77329720f5
57308,data/raw/teacher/test/images_test/57308.jpg,60.0,80.0,0.75,RGB,JPEG,18967,198bea7d6ab6788a6fc924d4cc04055f7b8e13e78e5b4bc8dda713f2628baaa9
57309,data/raw/teacher/test/images_test/57309.jpg,60.0,80.0,0.75,RGB,JPEG,12330,92765b0108629703b2ce15504b9e83e9f6cc536e8cdf1d536abc8536a3d683b6
57310,data/raw/teacher/test/images_test/57310.jpg,60.0,80.0,0.75,RGB,JPEG,3654,0bcc6c3b091fe83710786488accf4d91c153d5b6424a425023cef5d0159ba1f9
57311,data/raw/teacher/test/images_test/57311.jpg,60.0,80.0,0.75,RGB,JPEG,19362,0c945cc84e727b2d1bbb6a03dc4212ec95f3ab868786f6592b8b0fb2091534db
57312,data/raw/teacher/test/images_test/57312.jpg,60.0,80.0,0.75,RGB,JPEG,16422,eb93eea283f962821f8738ff926bb87959911d3dbfc81052240125853d0565f4
57313,data/raw/teacher/test/images_test/57313.jpg,60.0,80.0,0.75,RGB,JPEG,24375,28dd4a151f22837288fc51e0d41a9b32167173e65662adc95a7dcabfec981332
57316,data/raw/teacher/test/images_test/57316.jpg,60.0,80.0,0.75,RGB,JPEG,21019,d52be00d75f47809b400bdf74be3f3e750de958dc2c83461d552eaab38d32185
57318,data/raw/teacher/test/images_test/57318.jpg,60.0,80.0,0.75,RGB,JPEG,25245,c496eeb9adb0a4fd4f74c97f6e51cd040d81c0fd7a0691344653c4a25d6e6b00
57319,data/raw/teacher/test/images_test/57319.jpg,60.0,80.0,0.75,RGB,JPEG,5399,87862f1f9e10c705b8ae83e01d8816276e547417159abb4acffe181cfde3fa30
57320,data/raw/teacher/test/images_test/57320.jpg,60.0,80.0,0.75,RGB,JPEG,24992,1ae4567cd450588a85e97317bda306f603ceccd22d224f41ee19fd0a355fe5df
57321,data/raw/teacher/test/images_test/57321.jpg,60.0,80.0,0.75,RGB,JPEG,5121,904006e7cac9300646990083e978cdc94049abf710a160788422ca5ca0ced382
57322,data/raw/teacher/test/images_test/57322.jpg,60.0,80.0,0.75,RGB,JPEG,24789,f871ac277d8ff8922c303b88b5f2148a99f7985431d86cfc0a190e042e4bba38
57323,data/raw/teacher/test/images_test/57323.jpg,60.0,80.0,0.75,RGB,JPEG,6716,6f87351a361855908feca2e73a5392bcb807628a50d96bc12f4b36f7a4887796
57324,data/raw/teacher/test/images_test/57324.jpg,60.0,80.0,0.75,RGB,JPEG,24878,0a538b368666f19bcac664dafccd2b0e66f45eefda27d0656c02e65de6581f0d
57325,data/raw/teacher/test/images_test/57325.jpg,60.0,80.0,0.75,RGB,JPEG,23694,2784e6358774b38f4874c3e6883aadb8af3e2073abe907197c84923c45811bc6
57326,data/raw/teacher/test/images_test/57326.jpg,60.0,80.0,0.75,RGB,JPEG,18903,d2cd7ab06343dd668c36bd329ffa55213b2a66d1f9d40d7a38ca8e72944bba45
57327,data/raw/teacher/test/images_test/57327.jpg,60.0,80.0,0.75,RGB,JPEG,25151,e505a21282d119d17bf73d18e061ab654feb1a9f21d0cc39fef594c769643272
57328,data/raw/teacher/test/images_test/57328.jpg,60.0,80.0,0.75,RGB,JPEG,19022,86a3288babac7dee9697ca2b8dcd084792f487b2ce84fc8a768685d36b5e7b02
57329,data/raw/teacher/test/images_test/57329.jpg,60.0,80.0,0.75,RGB,JPEG,6831,63fcfd90e70d1e46073f95e42225c1e0707c0394d434ee5596c6c48547b9301d
57330,data/raw/teacher/test/images_test/57330.jpg,60.0,80.0,0.75,RGB,JPEG,4887,43de5ba93a5230fd4b6d4b688c6909a6a5a04033a7e000698685ee3b678b0c21
57331,data/raw/teacher/test/images_test/57331.jpg,60.0,80.0,0.75,RGB,JPEG,16921,fc3aae6b7c2a792861fa5887813fa01521c5651e2d22d3c3221f610eea54a8c2
57333,data/raw/teacher/test/images_test/57333.jpg,60.0,80.0,0.75,RGB,JPEG,26121,4ce89a911768a4540be2e427efd69fc6a43524cc37a5b96ff650c5fffeeb0ed4
57334,data/raw/teacher/test/images_test/57334.jpg,60.0,80.0,0.75,RGB,JPEG,28910,bd761695fc26624db326cab41a9138e987ad77ec5cc832b33209a751edb2e0b0
57335,data/raw/teacher/test/images_test/57335.jpg,60.0,80.0,0.75,RGB,JPEG,6197,d6953bac7a635f4534df09e9e780ecf291dd283aa96b1c4e9ac417049add291d
57336,data/raw/teacher/test/images_test/57336.jpg,60.0,80.0,0.75,RGB,JPEG,24488,204e7946a9d58e745d73cc1a2dc19e94b25f421438e8b9b463bcf417b121fd6c
57338,data/raw/teacher/test/images_test/57338.jpg,60.0,80.0,0.75,RGB,JPEG,6283,cf0c282e4b3e3750230c51e3405cb0c2861aee0eb15fe6bdb430a406fb839976
57339,data/raw/teacher/test/images_test/57339.jpg,60.0,80.0,0.75,RGB,JPEG,6676,5d070f61f662e63564513b1d22d916e68a1251d2e94a615c094ef234bc821eb3
57340,data/raw/teacher/test/images_test/57340.jpg,60.0,80.0,0.75,RGB,JPEG,26772,dc4f058842664dcdd9023395bdbac35cc89f6337ba2f955a0a55c83abad5da6d
57342,data/raw/teacher/test/images_test/57342.jpg,60.0,80.0,0.75,RGB,JPEG,18158,5ceea2bb515050bbaa3dde3efa7233da3e2a4f241866a2cfbd975d4f80dc737d
57343,data/raw/teacher/test/images_test/57343.jpg,60.0,80.0,0.75,RGB,JPEG,6726,f2010bdab6d0c269fa0e400002873b32d8b9dd2fd75933256264d65c65f95f1d
57344,data/raw/teacher/test/images_test/57344.jpg,60.0,80.0,0.75,RGB,JPEG,19699,644368d3d60b3a8f5d0c07cb03dbe409b8d0c30c04205fee00a5600d4cb88713
57345,data/raw/teacher/test/images_test/57345.jpg,60.0,80.0,0.75,RGB,JPEG,24248,8eef048e2a922d16fbd94eb8be263d01911cbf3199ccae89ea762d9dd592da1b
57346,data/raw/teacher/test/images_test/57346.jpg,60.0,80.0,0.75,RGB,JPEG,4438,70509292c7546a9c41eafea0071ac49fc8b40da69c5427198983b6858d88db37
57347,data/raw/teacher/test/images_test/57347.jpg,60.0,80.0,0.75,RGB,JPEG,25784,b2d6a5ce0315a0d08fe2794c3d6d0c998d18b2c5cd6b772123ca00f167774539
57348,data/raw/teacher/test/images_test/57348.jpg,60.0,80.0,0.75,RGB,JPEG,23870,2cc94661c375e7a2ef947c0fe65b187d491b2f4871bd7e70ef8260a9ba325073
57349,data/raw/teacher/test/images_test/57349.jpg,60.0,80.0,0.75,RGB,JPEG,23326,a36b45c485786e164361b3757f48d8d9854974e9b90c9ce48ce8531385303d07
57350,data/raw/teacher/test/images_test/57350.jpg,60.0,80.0,0.75,RGB,JPEG,18847,8ea0afc585bf918a5258e8029879f345d998e7a31fb87e53a1ac486c44327ecb
57351,data/raw/teacher/test/images_test/57351.jpg,60.0,80.0,0.75,RGB,JPEG,24628,099be79bc391b22a3673db2fa72127b4f0d6143e10480303042e5aa4c2f90c09
57352,data/raw/teacher/test/images_test/57352.jpg,60.0,80.0,0.75,RGB,JPEG,25179,75d8d3a36e2ae78c3e90a23aee3633694a7a561e148871b65c742d178d56a500
57353,data/raw/teacher/test/images_test/57353.jpg,60.0,80.0,0.75,RGB,JPEG,6138,b6c96866b354264f8c80ea864c7cf4bc95636be7c08a4bcb551cc4d22417e3f6
57354,data/raw/teacher/test/images_test/57354.jpg,60.0,80.0,0.75,RGB,JPEG,27665,60039201b316a7c9fea17ef49111098765c649ce87da494089587f98208e5a3d
57355,data/raw/teacher/test/images_test/57355.jpg,60.0,80.0,0.75,RGB,JPEG,25498,8d7cb9337e43b4b23b64ae16423bda0afb4d5c2becd283f1c0468cf265cc10f4
57356,data/raw/teacher/test/images_test/57356.jpg,60.0,80.0,0.75,RGB,JPEG,6717,05e7472de2c7844e54b4cee92a827a05556fd746edef4860122f9dc80b7d0120
57357,data/raw/teacher/test/images_test/57357.jpg,60.0,80.0,0.75,RGB,JPEG,18384,482311d2fa348a00d8f50bcefcb7b4f33c177fc27a9d3c291c6cb92a2a5c0ad8
57358,data/raw/teacher/test/images_test/57358.jpg,60.0,80.0,0.75,RGB,JPEG,5703,a3d0515321e91666e3bef48b4a9d7d484aacae3c9207da423856be26d742f55c
57359,data/raw/teacher/test/images_test/57359.jpg,60.0,80.0,0.75,RGB,JPEG,25458,1b0ba44754f1f06a7b3a434fc2ba925f2a61673a081f7c7161a1160e7689d448
57360,data/raw/teacher/test/images_test/57360.jpg,60.0,80.0,0.75,RGB,JPEG,7075,5baa255d902d95c37c57d3b83ff376392cb34304711e6ea984ac81d5edb1d9cd
57361,data/raw/teacher/test/images_test/57361.jpg,60.0,80.0,0.75,RGB,JPEG,23888,899ee95784ab5a55658b760b8adf040a55d38d1bca8bccc07dcfaa51b2fc9f25
57362,data/raw/teacher/test/images_test/57362.jpg,60.0,80.0,0.75,RGB,JPEG,19772,cf097eb8e2ba0ad666f041e76f540683da3c1c40c15decbb364891e3b2bc5a34
57363,data/raw/teacher/test/images_test/57363.jpg,60.0,80.0,0.75,RGB,JPEG,19000,0529146642ddbdefc719a917dc31bd793f46d216b4159bac9b4407ab4b5da303
57365,data/raw/teacher/test/images_test/57365.jpg,60.0,80.0,0.75,RGB,JPEG,16255,982223451a2b7dd4d186182eb704efca12c981eb7d1481ae40f5ca14fc826a18
57366,data/raw/teacher/test/images_test/57366.jpg,60.0,80.0,0.75,RGB,JPEG,16142,f6e4a24ec41570b21cbb9384b09e21a8a9a2c0b40576ed9ded3b01008f00f71e
57367,data/raw/teacher/test/images_test/57367.jpg,60.0,80.0,0.75,RGB,JPEG,3583,f05f6427d45189cd6595f9185806839c1cb015f1c9746bfa4d7eb4a06e2d777b
57368,data/raw/teacher/test/images_test/57368.jpg,60.0,80.0,0.75,RGB,JPEG,16309,f17737009aba57311e5cf0369a616c795f7ff94b96697902a5c5477534435d4b
57369,data/raw/teacher/test/images_test/57369.jpg,60.0,80.0,0.75,RGB,JPEG,16113,89e1c0ebfe728414051e089171264e6623d4f37ab6d0a1f9ddd30cdb9d6511b4
57370,data/raw/teacher/test/images_test/57370.jpg,60.0,80.0,0.75,RGB,JPEG,4100,ecaeaf22fe736f541dcc27ab51f69777f80f7e8c24b2b52b4f8ae24770588a09
57371,data/raw/teacher/test/images_test/57371.jpg,60.0,80.0,0.75,RGB,JPEG,15572,87b30d8e1f8561a8e4d56d8d11cfd1787c4b452af6328041344cd88ec6808a02
57372,data/raw/teacher/test/images_test/57372.jpg,60.0,80.0,0.75,RGB,JPEG,22539,eab00fec051c1e4ae90c3cf1df5b5261f7c341c0b3fcee599b13ceeb070b38ef
57373,data/raw/teacher/test/images_test/57373.jpg,60.0,80.0,0.75,RGB,JPEG,16609,fe4370815e8c89a2ffeb2c08b28a01a60921a4990b56c2172df5e738ddce38e2
57374,data/raw/teacher/test/images_test/57374.jpg,60.0,80.0,0.75,RGB,JPEG,16028,8adc73b0726623041398b2dc8a76d22333086d451d5f20e2549caea593fcc16d
57375,data/raw/teacher/test/images_test/57375.jpg,60.0,80.0,0.75,RGB,JPEG,16656,6fb3819e577a2937c502d9cdad1d682eeb8035e741e24f1af46048d1d8d2fea0
57376,data/raw/teacher/test/images_test/57376.jpg,60.0,80.0,0.75,RGB,JPEG,12400,6a029d5412b5fd9608ec7915d2f6d619339e31f6fcc1d5eeca1514f7e4044cf0
57378,data/raw/teacher/test/images_test/57378.jpg,60.0,80.0,0.75,RGB,JPEG,15719,bb50d567b9521da8091b6ab81203e2d13527eae154a876ed57b9e8dcb8efeadd
57379,data/raw/teacher/test/images_test/57379.jpg,60.0,80.0,0.75,RGB,JPEG,17298,09c5949a5992ceea76779235482f05c7ff7e12a982b08f801eeb18f95f9c3885
57380,data/raw/teacher/test/images_test/57380.jpg,60.0,80.0,0.75,RGB,JPEG,23400,55d9410c5e6647c55bcbd95260a920d5a95d812247e7dc0dbeccb50176584299
57382,data/raw/teacher/test/images_test/57382.jpg,60.0,80.0,0.75,RGB,JPEG,12943,fa5005497ef36a574db8a5f2a06bd0f920147a5522afcad070c50cd28d60c89b
57383,data/raw/teacher/test/images_test/57383.jpg,60.0,80.0,0.75,RGB,JPEG,3403,ea7de769d491ef4a50595590192be42f023013c2052aade50871298bb04dbea2
57384,data/raw/teacher/test/images_test/57384.jpg,60.0,80.0,0.75,RGB,JPEG,15249,f92964e5c543e51c8033ffea495b17561a580b2611f3b0388b0be0af18f18361
57388,data/raw/teacher/test/images_test/57388.jpg,60.0,80.0,0.75,RGB,JPEG,3479,503fb3dd47a47ea1f5a128b7f68812645165c0dfdfcb4c82d79fbaaa00dc633d
57389,data/raw/teacher/test/images_test/57389.jpg,60.0,80.0,0.75,RGB,JPEG,24781,f9f906f4a6b15e49fec7942266bc2d99b38d4325e29535a1dcbc0ba4a05d461b
57390,data/raw/teacher/test/images_test/57390.jpg,60.0,80.0,0.75,RGB,JPEG,18893,9b92968e582987c4cb6e3ddf0be2e3858318213420d20c97f7092727d5f737a0
57391,data/raw/teacher/test/images_test/57391.jpg,60.0,80.0,0.75,RGB,JPEG,19158,28f9b96446bd7e631b995ee08fd6d7841a2d27ab9e5c2cf4dac133c8bd1b437e
57392,data/raw/teacher/test/images_test/57392.jpg,60.0,80.0,0.75,RGB,JPEG,19240,ef16ae63dea541299d1a3ba68908eee42ac4b712db156060357a1f5587e6123d
57393,data/raw/teacher/test/images_test/57393.jpg,60.0,80.0,0.75,RGB,JPEG,20928,dcf75a42de934aad324ca46eeb8e7d12a3c40464a32c275b90356e67089898c3
57395,data/raw/teacher/test/images_test/57395.jpg,60.0,80.0,0.75,RGB,JPEG,17100,4fadc12fca4efa3054452f26eaa1071aa713ed86fb73c9b0dcedc089a0cdcdd3
57397,data/raw/teacher/test/images_test/57397.jpg,60.0,80.0,0.75,RGB,JPEG,23453,6211e7fa849ba19b24b301ccdfe70d439d6e14c13dbd88d56cba063850dc76ea
57398,data/raw/teacher/test/images_test/57398.jpg,60.0,80.0,0.75,RGB,JPEG,17528,755a40a5354b5c6924825124bb6b949b91d17afadccd97e0d31f15b42d258c9c
57399,data/raw/teacher/test/images_test/57399.jpg,60.0,80.0,0.75,RGB,JPEG,24927,b152ca76dd1eea9ca3745e2c44510644882d4d331a13ea2508b353e71a2d1f0c
57400,data/raw/teacher/test/images_test/57400.jpg,60.0,80.0,0.75,RGB,JPEG,16380,806bf4d3808e39e4dbb247e5b341eba27ae5ccfa56bb8e8f3eb2e9257be26ad3
57401,data/raw/teacher/test/images_test/57401.jpg,60.0,80.0,0.75,RGB,JPEG,17824,90747a219ef45bc161460d96cc06dc9121aba6b8f5cde8f6454b48a3533620b3
57402,data/raw/teacher/test/images_test/57402.jpg,60.0,80.0,0.75,RGB,JPEG,23385,c8dcdb8402d594adc12b6477b05b747bcd4b932a78a839d44ca89d142c3807f2
57403,data/raw/teacher/test/images_test/57403.jpg,60.0,80.0,0.75,RGB,JPEG,15345,149630e356595d816be93d709533f42b306d0a2b51316bcdc467955fd470655e
57404,data/raw/teacher/test/images_test/57404.jpg,60.0,80.0,0.75,RGB,JPEG,20395,09cce61b7a2a6a38e8f3293e42599614d518116a1327dba22c227b970aa3bcf8
57405,data/raw/teacher/test/images_test/57405.jpg,60.0,80.0,0.75,RGB,JPEG,23435,12c19bece98c62fc9c737e256588533fee1ecc6dabf1c6d5b17f63c5e1aeae20
57406,data/raw/teacher/test/images_test/57406.jpg,60.0,80.0,0.75,RGB,JPEG,22326,ae443cbb55380833c567240b386aaf702f01ddadd71f093575605534a276212e
57407,data/raw/teacher/test/images_test/57407.jpg,60.0,80.0,0.75,RGB,JPEG,16562,eb508cb2cc9e0d31763867e7bf38578df8e15f6c4b2b2fb3204b710570fe5f1e
57408,data/raw/teacher/test/images_test/57408.jpg,60.0,80.0,0.75,RGB,JPEG,23135,acaa72d48f8b60c5a99f1aedbba8d017a232387d1bf610c7d23cb684cc79a530
57409,data/raw/teacher/test/images_test/57409.jpg,60.0,80.0,0.75,RGB,JPEG,18699,ada2a690c7b23f066ca8e7c2eab09ad75ede43106b733ec57918a7d7bf44a8c2
57410,data/raw/teacher/test/images_test/57410.jpg,60.0,80.0,0.75,RGB,JPEG,6865,24fcfc8fae5dab1b403610a0a1757aa146ff93ab37d35ca3dd4c36c53b730851
57411,data/raw/teacher/test/images_test/57411.jpg,60.0,80.0,0.75,RGB,JPEG,17317,f9fa2ce194aef5b7a8f50c3eec0633a619fd9c48958a3ff1451a60aaed7b2a09
57412,data/raw/teacher/test/images_test/57412.jpg,60.0,80.0,0.75,RGB,JPEG,23194,64907dbaf9c94704f8d15044bac42effb60d83344a929219b8d55648e1ae7619
57413,data/raw/teacher/test/images_test/57413.jpg,60.0,80.0,0.75,RGB,JPEG,16795,c48427e6fe761485e1496993a18d6f33b81a865aa6921ca446f890b8abd62c56
57414,data/raw/teacher/test/images_test/57414.jpg,60.0,80.0,0.75,RGB,JPEG,17556,f835b66919d0e4c683716c6a98cb4c174b2ed4b90ba904f04caf53a16ae0149a
57415,data/raw/teacher/test/images_test/57415.jpg,60.0,80.0,0.75,RGB,JPEG,17041,ab93f9d6e8251783b6347a0e95624311b97ac111d79289d13ef30efba4e18bc5
57416,data/raw/teacher/test/images_test/57416.jpg,60.0,80.0,0.75,RGB,JPEG,21151,81b01b04528d69aaad24c1532dbea985ea8560e970d828da3b12a8b61d63f7dd
57418,data/raw/teacher/test/images_test/57418.jpg,60.0,80.0,0.75,RGB,JPEG,22613,0efd27274599ccd5103ce0fcc8ea9b7e4fde35337f08618f0d1052ba55ac466b
57419,data/raw/teacher/test/images_test/57419.jpg,60.0,80.0,0.75,RGB,JPEG,22455,90241002f223a6acbaa8a8b016094b12b7f805ad2f2022a7c1936d4fbeddba57
57420,data/raw/teacher/test/images_test/57420.jpg,60.0,80.0,0.75,RGB,JPEG,4011,f39ae0c84b92294b9518c7a9e345bd44159a64518cad295c5a26d740f2b7783f
57421,data/raw/teacher/test/images_test/57421.jpg,60.0,80.0,0.75,RGB,JPEG,3908,134b1ca84742306113c5db58ae999899fd538386b4b583cc07db7795e2ac6e00
57422,data/raw/teacher/test/images_test/57422.jpg,60.0,80.0,0.75,RGB,JPEG,4375,3eaa81d1a91f6b583d15e592d4f7d3d69e9a273e180be7a2cc849aa84b0dbedc
57423,data/raw/teacher/test/images_test/57423.jpg,60.0,80.0,0.75,RGB,JPEG,4472,9cf3a80e37e32dcb1e64f6cab219536c26e9261ab0073362419788eba5e66c5b
57424,data/raw/teacher/test/images_test/57424.jpg,60.0,80.0,0.75,RGB,JPEG,3648,840241de510a906bea32d86ec49a95d2a05180e5cc2885c4ebe4dfed0098d7ff
57425,data/raw/teacher/test/images_test/57425.jpg,60.0,80.0,0.75,RGB,JPEG,3829,ac36bfe3de5d41e7dd0707a199b071308446be59532a9601232b54675adf5cb1
57426,data/raw/teacher/test/images_test/57426.jpg,60.0,80.0,0.75,RGB,JPEG,4354,c66ba6149b4aaa32e098a07676eb9a0256c70b6d17f3878605e8b1db48c4372a
57427,data/raw/teacher/test/images_test/57427.jpg,60.0,80.0,0.75,RGB,JPEG,3759,07164e14adf1734f20bf6ee73d51a8a4a9d4b34f2b3274f338699814effdfb9a
57428,data/raw/teacher/test/images_test/57428.jpg,60.0,80.0,0.75,RGB,JPEG,25082,b41833acf085b02586be369b35aba1a3b388c6fc67801e8c75bb7ba7ed1a1a3c
57429,data/raw/teacher/test/images_test/57429.jpg,60.0,80.0,0.75,RGB,JPEG,4139,334aeff19ac8729ee5438e558a61ad300440dacbfd908c5b8ad721466ccfc7fc
57430,data/raw/teacher/test/images_test/57430.jpg,60.0,80.0,0.75,RGB,JPEG,4031,959f09d5eeeed257d65b1ce6f413581f96b774bdce6b1616918e098a6e9902f3
57431,data/raw/teacher/test/images_test/57431.jpg,60.0,80.0,0.75,RGB,JPEG,17095,dfc430b2068ae32811d98482fb48f09350669b3095ee123b0c9a6a8bc8f6f0a8
57432,data/raw/teacher/test/images_test/57432.jpg,60.0,80.0,0.75,RGB,JPEG,4263,1bc310577a89c718ad01bc185ae3528f52584fc7e1cb5fcdf48da1a7b5d4871d
57433,data/raw/teacher/test/images_test/57433.jpg,60.0,80.0,0.75,RGB,JPEG,4463,f805d9a33aa146fb1d6af82cce567f64780614fcd1efe4e7b2ef98a4c0d78ca6
57434,data/raw/teacher/test/images_test/57434.jpg,60.0,80.0,0.75,RGB,JPEG,3942,2d432b477d7385b405282e7bcbfbb901b3638bf61a0a61a89e8511bffd7af419
57435,data/raw/teacher/test/images_test/57435.jpg,60.0,80.0,0.75,RGB,JPEG,4211,b31e420bdc1b0a73c244974a48574bf51532b0b6ca941516fa6def730b9e080f
57436,data/raw/teacher/test/images_test/57436.jpg,60.0,80.0,0.75,RGB,JPEG,3806,c406494d48f8f7b36264f05bc77d0848a4a2a765051b962a3a6da3618dba1b86
57437,data/raw/teacher/test/images_test/57437.jpg,60.0,80.0,0.75,RGB,JPEG,3744,be2089e2a385505b209d4e6048294d85f5cacd21471d2e0eee468df15eb4771f
57438,data/raw/teacher/test/images_test/57438.jpg,60.0,80.0,0.75,RGB,JPEG,4320,fbebbbbf857302d29767d0312cef33368020634f4d65c00d749f4e429861eb57
57439,data/raw/teacher/test/images_test/57439.jpg,60.0,80.0,0.75,RGB,JPEG,18471,aa3bea6e98a10f12954c00d1a575ae31e92f2fa61e67946ea6f85f60e6ab46dd
57440,data/raw/teacher/test/images_test/57440.jpg,60.0,80.0,0.75,RGB,JPEG,24416,26bab8ad266464d08de44ca7cbe71f1e92c46e1c939de83e25b6fada2e4fb011
57441,data/raw/teacher/test/images_test/57441.jpg,60.0,80.0,0.75,RGB,JPEG,16727,613d9e892183826d2f840563ac99e79b3f5f8fbccef2e6fc142c80deb7bd5886
57442,data/raw/teacher/test/images_test/57442.jpg,60.0,80.0,0.75,RGB,JPEG,3741,806e191550a44b9945514946ffde7c3a1392e2226df0045c5c80865dcb0e2256
57443,data/raw/teacher/test/images_test/57443.jpg,60.0,80.0,0.75,RGB,JPEG,3566,a52e4569159e29237a746287c291aba5a91c4fe8966dc076159350964df38915
57444,data/raw/teacher/test/images_test/57444.jpg,60.0,80.0,0.75,RGB,JPEG,4496,b1fe4b525d98d203638c1ba0f5e91015c3e9327c5abcf797b3f3ce2e3058ebba
57445,data/raw/teacher/test/images_test/57445.jpg,60.0,80.0,0.75,RGB,JPEG,4443,38bf8c796521ec2a432ac39e8ec0ddeb0b3b15b811b95285b5114809f3533f60
57446,data/raw/teacher/test/images_test/57446.jpg,60.0,80.0,0.75,RGB,JPEG,5068,30674f052bc3629a7f3634b4efa811a62ba416b3ee20be3478be3bfc76eb89e6
57447,data/raw/teacher/test/images_test/57447.jpg,60.0,80.0,0.75,RGB,JPEG,24474,5ba531b699ae82ddc81d71f0398eee47f989dad3d3ac495764365be44030f3f9
57448,data/raw/teacher/test/images_test/57448.jpg,60.0,80.0,0.75,RGB,JPEG,4024,a951825397f2eb22c65054ea94d94b967bfdcc58845b5f4ac799f81f26dfedc4
57449,data/raw/teacher/test/images_test/57449.jpg,60.0,80.0,0.75,RGB,JPEG,4360,243b999c9e029ba8e87b0e8d2df89d2d0ec0cc91acc274a1c48bf3849a65c4a1
57450,data/raw/teacher/test/images_test/57450.jpg,60.0,80.0,0.75,RGB,JPEG,3920,8ebf23ffcefa6634a7440af39c7475138627fcb35a4c57912f2ba08f195b4ace
57457,data/raw/teacher/test/images_test/57457.jpg,60.0,80.0,0.75,RGB,JPEG,13843,ceba4eff2068993b000409d848a68faede9c5667ac9f81e8b8206e630b33dbc3
57458,data/raw/teacher/test/images_test/57458.jpg,60.0,80.0,0.75,RGB,JPEG,13577,4d58e954d099ebc3e8d1902271d21b81f7fb72012db8b099766b6d8899eb6f19
57459,data/raw/teacher/test/images_test/57459.jpg,60.0,80.0,0.75,RGB,JPEG,14229,0cde1b04d7415cf9335570d90c12efa13546be2fe6dc9f604367efff0ab5ff16
57462,data/raw/teacher/test/images_test/57462.jpg,60.0,80.0,0.75,RGB,JPEG,12575,499d27178e0faf4ffeef682280e6b4e1265b6920465479491637c331dbe77a8f
57463,data/raw/teacher/test/images_test/57463.jpg,60.0,80.0,0.75,RGB,JPEG,13541,492a39ae85196c898ed4cef64dd1d7326f29df98b149c86cfb1aa557094a68d3
57466,data/raw/teacher/test/images_test/57466.jpg,60.0,80.0,0.75,RGB,JPEG,19763,529b929ecd9c6effbde8ffcb96650623a5471beac092c0c6abd20121cc0f5fa1
57467,data/raw/teacher/test/images_test/57467.jpg,60.0,80.0,0.75,RGB,JPEG,13004,d32188d55db57c97e2da9e767268be160487f64f4d5497e6d7d2b8266bd12c01
57468,data/raw/teacher/test/images_test/57468.jpg,60.0,80.0,0.75,RGB,JPEG,19118,5965da85b08c0c48619aa08331477b94eefd0d7f082d5f2ffd1efa260111ec6d
57469,data/raw/teacher/test/images_test/57469.jpg,60.0,80.0,0.75,RGB,JPEG,21872,4c8d8d7a0280a38d7a056b2e82dfac191eef16f044ffb3859492229544bb7869
57470,data/raw/teacher/test/images_test/57470.jpg,60.0,80.0,0.75,RGB,JPEG,12942,9cb2d47a1cdb0ecdc95fc484bbf7010085b48fc6ba92974f16dd423d1ca26ba4
57471,data/raw/teacher/test/images_test/57471.jpg,60.0,80.0,0.75,RGB,JPEG,13232,ef02a7f28c4da6f3827ff31e6fe2ceab02d64f16ecff0cb43e342b3bf81fd376
57475,data/raw/teacher/test/images_test/57475.jpg,60.0,80.0,0.75,RGB,JPEG,19842,4a79c42924986af5b290608a0feff88461d34a6d265c4798eb8e7d696991496f
57476,data/raw/teacher/test/images_test/57476.jpg,60.0,80.0,0.75,RGB,JPEG,19996,b4cf3494257a565c2e2d033cf7c5dcff98381686fb842845067bde1402f99d1a
57477,data/raw/teacher/test/images_test/57477.jpg,60.0,80.0,0.75,RGB,JPEG,20504,25ee96bb96cd7e6cadc2e64e0e656c6e2c9a9b5ec9a5532252f9dbc61add6df4
57478,data/raw/teacher/test/images_test/57478.jpg,60.0,80.0,0.75,RGB,JPEG,13776,f232bc5e2a4986c11ddce2824257cf2ff214c06ae5e2095c684e06ac8086ad32
57479,data/raw/teacher/test/images_test/57479.jpg,60.0,80.0,0.75,RGB,JPEG,15351,df4624e5a94e8385bcd81e9e1b36bb3d84331642f9da7d9808844cbbaf4c4788
57480,data/raw/teacher/test/images_test/57480.jpg,60.0,80.0,0.75,RGB,JPEG,22915,00d435fdfc914ed95a0029fa0e90cfeefe104620e7eb943ca37998491e00fdfc
57481,data/raw/teacher/test/images_test/57481.jpg,60.0,80.0,0.75,RGB,JPEG,15226,13f53ac4d5f93d4677e1af1ef9528d030f856a90a27b268de31c58a3574aa58a
57482,data/raw/teacher/test/images_test/57482.jpg,60.0,80.0,0.75,RGB,JPEG,20598,71c27ed1c12ff4098b55e71b4696e0449f9582e833485acf1953a3a9ffe426dd
57483,data/raw/teacher/test/images_test/57483.jpg,60.0,80.0,0.75,RGB,JPEG,20869,60805ef434393df1e5641311b9b315cc66759327381941f33138aa351b07955b
57484,data/raw/teacher/test/images_test/57484.jpg,60.0,80.0,0.75,RGB,JPEG,20112,5021bc5dbf2289cd68ab38840f452c5e2a3bee221664f19e8034ca2da5fc0e05
57487,data/raw/teacher/test/images_test/57487.jpg,60.0,80.0,0.75,RGB,JPEG,13072,65af1a09f46da843e0e8d88b4288584635c90da92e971d03329befa709b24e07
57488,data/raw/teacher/test/images_test/57488.jpg,60.0,80.0,0.75,RGB,JPEG,19242,8af2ff98c5d76dd719ad86b4a87bc27a627dae4c54027501dc897fe412f1d68c
57489,data/raw/teacher/test/images_test/57489.jpg,60.0,80.0,0.75,RGB,JPEG,20013,5adf39e103a9bd1ef4db72222bb3812d14ff8ae1cae6b3b4c41203291ad545df
57490,data/raw/teacher/test/images_test/57490.jpg,60.0,80.0,0.75,RGB,JPEG,18999,1abdec56fe84aaf9f35d259eeccc4367581ef24d87b6874c70a8f3af3b5edfef
57491,data/raw/teacher/test/images_test/57491.jpg,60.0,80.0,0.75,RGB,JPEG,19491,27dd299035f8f56849c31350614cd6c4ec41cc16540a3fd0cb3b8df427c7f0ee
57492,data/raw/teacher/test/images_test/57492.jpg,60.0,80.0,0.75,RGB,JPEG,20149,75bce2341be1ab2f8c7d664512441462b6867abfea0f17128b1ec05b8817ef2c
57493,data/raw/teacher/test/images_test/57493.jpg,60.0,80.0,0.75,RGB,JPEG,19286,fe40c77c36b6142699e919dc3e0c3f93e316f6604135bb01781577742fd92689
57494,data/raw/teacher/test/images_test/57494.jpg,60.0,80.0,0.75,RGB,JPEG,13046,9e5e9b0a22dfa128cda864df4c4e967acab0f24b029f20a302ddb626aec50035
57495,data/raw/teacher/test/images_test/57495.jpg,60.0,80.0,0.75,RGB,JPEG,13207,7b1c0775b2293a407777f8d472b8f6b798287702771c8f145d5fc62e2f3d11e6
57496,data/raw/teacher/test/images_test/57496.jpg,60.0,80.0,0.75,L,JPEG,18917,81a355c6a44dc7ba5de71c3d1e7964cdd08d3fdd04b23227c3eeddc9b5620952
57497,data/raw/teacher/test/images_test/57497.jpg,60.0,80.0,0.75,RGB,JPEG,13332,567e02e3c17f026bef435eeaa21664ad475bb5e64ea6eebd8aabecf4b24c7a72
57498,data/raw/teacher/test/images_test/57498.jpg,60.0,80.0,0.75,RGB,JPEG,36796,66999eedf558dcfaf313d296168a54a8b48fb5e19859dc233483d741514378e8
57499,data/raw/teacher/test/images_test/57499.jpg,60.0,80.0,0.75,RGB,JPEG,19042,9fe5ad8970a3ddb3682c16ede899b21de31faa295919b8a60510e638676dc1db
57500,data/raw/teacher/test/images_test/57500.jpg,60.0,80.0,0.75,RGB,JPEG,19637,f313f461700f44abd9101474699a207c5d1325ca9e8b1b859e2733eaedf0235b
57501,data/raw/teacher/test/images_test/57501.jpg,60.0,80.0,0.75,RGB,JPEG,13254,f3c6b26907c0534f4ad92081e5d9033bba24d6ef98097d12a7dfa3ac8094e841
57502,data/raw/teacher/test/images_test/57502.jpg,60.0,80.0,0.75,RGB,JPEG,18425,a71515b6aa8592491f99819d4a0f4efbfae9160ff71b8295898f376371aac737
57503,data/raw/teacher/test/images_test/57503.jpg,60.0,80.0,0.75,RGB,JPEG,20832,6df62b970866c4e2d8e936cbdf12d40357de9e07a16c1561c19383f9d61a975c
57504,data/raw/teacher/test/images_test/57504.jpg,60.0,80.0,0.75,RGB,JPEG,20163,fd79e20b8baca0c11233f1faa5fcc95a44cf74d89e8dfe24b223e12ac63de717
57505,data/raw/teacher/test/images_test/57505.jpg,60.0,80.0,0.75,RGB,JPEG,13259,e457841323e9de74f181b8f7fee7fa6526d2572dff711b8a2c7412c4e6486227
57506,data/raw/teacher/test/images_test/57506.jpg,60.0,80.0,0.75,RGB,JPEG,3306,78fde845e7edfc6b70e3790a0c908d7b200c20cac691d0b8238e5c5abcb190ae
57507,data/raw/teacher/test/images_test/57507.jpg,60.0,80.0,0.75,RGB,JPEG,13374,4e692bdf8838cad0608617e29ce3ccc2220342d18ed188c72cc8cd5b6c2c0890
57508,data/raw/teacher/test/images_test/57508.jpg,60.0,80.0,0.75,RGB,JPEG,20854,012c481bb0f4dba7a519312e387060e50c256cff9e4817972cd251d267c6426a
57509,data/raw/teacher/test/images_test/57509.jpg,60.0,80.0,0.75,RGB,JPEG,19516,866cc51d921e8caafe2f4d526f41d23bc0bae5eebecfaf02628b7fe421c7cba1
57510,data/raw/teacher/test/images_test/57510.jpg,60.0,80.0,0.75,RGB,JPEG,19464,051c479b0ec3c46d491fbdcb6765b22c154a1e88f9ae91a378ec92f325af0977
57511,data/raw/teacher/test/images_test/57511.jpg,60.0,80.0,0.75,RGB,JPEG,13726,f8dcfd471c54e1f51f5ef7375c72bd0e5d655313c55b04b8f1dfef07ba6c4393
57512,data/raw/teacher/test/images_test/57512.jpg,60.0,80.0,0.75,RGB,JPEG,20096,693ce8252c14ff69c3eb5752732f380b24cb932d31cd77872d4cbc86e6d75e6d
57513,data/raw/teacher/test/images_test/57513.jpg,60.0,80.0,0.75,RGB,JPEG,19546,ba5a5fd685793f41bbd29ad78dc1381673d888a9768492ed41b33c4c70dbce16
57514,data/raw/teacher/test/images_test/57514.jpg,60.0,80.0,0.75,RGB,JPEG,13304,ec129e667450a280ef975168e4d3b461f780653cd3dab4d95eff609a77543826
57515,data/raw/teacher/test/images_test/57515.jpg,60.0,80.0,0.75,RGB,JPEG,13350,50abc6a36fd165324a55a47143fe87bc157b3fc2f886ab25b4d226e5bf215326
57516,data/raw/teacher/test/images_test/57516.jpg,60.0,80.0,0.75,RGB,JPEG,32627,e9783d76c0d93d5eda402f2853f1f483c4905ad341e8d160bd410b680d91cde8
57517,data/raw/teacher/test/images_test/57517.jpg,60.0,80.0,0.75,RGB,JPEG,13407,c6edc4eb1666538b0ab1a87097fdde32cace01d07ba2cc3c3dd3f461de57d24b
57518,data/raw/teacher/test/images_test/57518.jpg,60.0,80.0,0.75,RGB,JPEG,13987,5417e71a2afa819fa791428c90a937e3a42d2557f98144026c254484c18d47c3
57519,data/raw/teacher/test/images_test/57519.jpg,60.0,80.0,0.75,L,JPEG,19284,ee021a9d5c7beebc3e1537251e4ab6730314d07a2f97c2bbbfd96c0cb30da965
57520,data/raw/teacher/test/images_test/57520.jpg,60.0,80.0,0.75,RGB,JPEG,13541,0e87bf354e531cb074384276fa9f28460564c724c84c4de56c8cc76a26701b43
57521,data/raw/teacher/test/images_test/57521.jpg,60.0,80.0,0.75,RGB,JPEG,19125,a30444a2fe7c5120a4b58e8943f8084f6200cacd4e84ce24c07741e18aebb850
57522,data/raw/teacher/test/images_test/57522.jpg,60.0,80.0,0.75,RGB,JPEG,13033,2b35517960b10a6fcc986a2180555cfe2c845a65231e2db378bd74409d5d85a4
57523,data/raw/teacher/test/images_test/57523.jpg,60.0,80.0,0.75,RGB,JPEG,12704,7213c26bc6d4a053970877d4fa8bec127b85da428c78e2f3c9ba627d376ca191
57524,data/raw/teacher/test/images_test/57524.jpg,60.0,80.0,0.75,RGB,JPEG,18632,9127a7159511c4d02087e3a76eb631ee9ca3bbbb2cb70ca6dc2df910402bbbcd
57525,data/raw/teacher/test/images_test/57525.jpg,60.0,80.0,0.75,RGB,JPEG,19794,49767b3e412b088aea6ee3400e9c71848445ee9a1d57325f7d03a4c37fb4e63a
57526,data/raw/teacher/test/images_test/57526.jpg,60.0,80.0,0.75,RGB,JPEG,35702,cd0981461d1c2d354bd696f16922e2978898171c3eb44789d5ac27fb148966fd
57527,data/raw/teacher/test/images_test/57527.jpg,60.0,80.0,0.75,RGB,JPEG,19579,a6a408403483c6bc719388c0323dca2650947b0a61310077d1e4e351005b29a1
57528,data/raw/teacher/test/images_test/57528.jpg,60.0,80.0,0.75,L,JPEG,19268,d48cafaf69e461dd4b1c8f3477e114fb6176612e06914194f811a7529df728fb
57529,data/raw/teacher/test/images_test/57529.jpg,60.0,80.0,0.75,RGB,JPEG,19302,0dd888adc286d62b712aa1fff1d9d52573affa8dfcf8788242cc98a545aded88
57530,data/raw/teacher/test/images_test/57530.jpg,60.0,80.0,0.75,RGB,JPEG,18942,c95880dc6a1e3893a0e52718cb8bb5daa5bd9a4aa46eeb2c3fc8db17f8ccaccd
57531,data/raw/teacher/test/images_test/57531.jpg,60.0,80.0,0.75,RGB,JPEG,20634,9785bd1c6e4493d968284d07e08c9dbdfe1225f261cd674e09c7d96de137abdf
57532,data/raw/teacher/test/images_test/57532.jpg,60.0,80.0,0.75,RGB,JPEG,18970,f062e9ead07a80c4435b24a1fedd46c3f811339c5e72c52b3993faf30e66a7bb
57533,data/raw/teacher/test/images_test/57533.jpg,60.0,80.0,0.75,RGB,JPEG,13224,a49e877b1eb93b3154416056a26b3bae8807fdd654e5dfd9fbadb33818ab08b8
57534,data/raw/teacher/test/images_test/57534.jpg,60.0,80.0,0.75,RGB,JPEG,19937,77986aa760febf63d8124bd27df33ad53eb641d977e3f5575d487bc481a5a285
57536,data/raw/teacher/test/images_test/57536.jpg,60.0,80.0,0.75,RGB,JPEG,20855,e4bdaf4c895ed3bb9cafd54f5e8b61ffe6e274dba9f0cc87a7439a445413fe00
57539,data/raw/teacher/test/images_test/57539.jpg,60.0,80.0,0.75,RGB,JPEG,12842,5fe7d872b2f6e5f8f644c4eb28ed1621259ffa60261ae18406f457bf57bf3a02
57543,data/raw/teacher/test/images_test/57543.jpg,60.0,80.0,0.75,RGB,JPEG,17764,b20a88a01b5643bfb5e4bf1e13f1aa58fe4d938f88d9932f5cd4520a44d371f0
57544,data/raw/teacher/test/images_test/57544.jpg,60.0,80.0,0.75,RGB,JPEG,17245,6bf88c20792b8acb1535a347010628ad4bdcb0966044796438a0ef6a653890d2
57545,data/raw/teacher/test/images_test/57545.jpg,60.0,80.0,0.75,RGB,JPEG,17208,7670e9889e898323b32e58d81227aa2e883b39a60fdfa230044dd10d688172e5
57547,data/raw/teacher/test/images_test/57547.jpg,60.0,80.0,0.75,RGB,JPEG,19994,c943f79cedb7ce6270bc2799f7cc1299600c3ecca79591937443a0c05c55caeb
57548,data/raw/teacher/test/images_test/57548.jpg,60.0,80.0,0.75,RGB,JPEG,2500,d09e36b4f54c7b482e7f5dd5c70eb8a1746763e307b2ff058c0b749eebd13b96
57549,data/raw/teacher/test/images_test/57549.jpg,60.0,80.0,0.75,RGB,JPEG,2403,eb689982776c5fd81219955b92e016e0e03ab84790e48def5183dbfe1c0bf55f
57550,data/raw/teacher/test/images_test/57550.jpg,60.0,80.0,0.75,RGB,JPEG,16841,9d1fd1b4f443e84fd540a616a276b1f122bc10edcf73ac888f7f3b668e66cbdf
57552,data/raw/teacher/test/images_test/57552.jpg,60.0,80.0,0.75,RGB,JPEG,2831,b5bd022419de7d7d1802826ffe9034580d5df399ed328424c712ff6a32ae2d7f
57553,data/raw/teacher/test/images_test/57553.jpg,60.0,80.0,0.75,RGB,JPEG,2736,a1514702890c3aa1331658650ef0272be4971306d541fa49e5dc1ded6fda4406
57554,data/raw/teacher/test/images_test/57554.jpg,60.0,80.0,0.75,RGB,JPEG,13233,d1f2973d9818941f42409ef2f9b4f0d4ec51b1ff540d11912fefe12a8274e252
57555,data/raw/teacher/test/images_test/57555.jpg,60.0,80.0,0.75,RGB,JPEG,18799,1b28aed352bdefa5dd932c1548e203c6d22962c9cfb0df17fef3b2278522a1d0
57556,data/raw/teacher/test/images_test/57556.jpg,60.0,80.0,0.75,RGB,JPEG,2748,bbe05a122664ef09fd4955268ae71419119168f971c9074bd16defca609992fd
57557,data/raw/teacher/test/images_test/57557.jpg,60.0,80.0,0.75,RGB,JPEG,2830,b630331d4832cfedc04bc61d024d2584d8720a309e7486498735182c9177d3a0
57558,data/raw/teacher/test/images_test/57558.jpg,60.0,80.0,0.75,RGB,JPEG,19169,05b79f4b88641c205cc7d45110a8971cab8743b156780f2bd840e5591af5757c
57559,data/raw/teacher/test/images_test/57559.jpg,60.0,80.0,0.75,RGB,JPEG,2861,9519ff842a2e60159f036a4dc61fc21b8bffcb62a77c05b24b40244668409b38
57560,data/raw/teacher/test/images_test/57560.jpg,60.0,80.0,0.75,RGB,JPEG,18624,0d5f7bf7614c2b8b7dafddceb8452296d3760d9f5b528f8620bdc6177ca8cb10
57561,data/raw/teacher/test/images_test/57561.jpg,60.0,80.0,0.75,RGB,JPEG,20691,ca33875e643949b4d888965bc71d941a381943b577996ec3cdb43f3a19947d9c
57562,data/raw/teacher/test/images_test/57562.jpg,60.0,80.0,0.75,RGB,JPEG,13735,eb378071f5f892a1bb34ebfc52ff4f69c5c969d7f3ea19c705387c84f23cd77b
57563,data/raw/teacher/test/images_test/57563.jpg,60.0,80.0,0.75,RGB,JPEG,15483,f8b65970deab620aee189323bc468b32b6cd7833cb7d20ebc0bcce97c07c40cd
57566,data/raw/teacher/test/images_test/57566.jpg,60.0,80.0,0.75,RGB,JPEG,20305,b2cfbb3fed5d6da2f92f725906519413196e979940ac0c40505875975eb6c659
57567,data/raw/teacher/test/images_test/57567.jpg,60.0,80.0,0.75,RGB,JPEG,14469,4984739f71c9af70282335c550d7bcacd4dde9eac6afbeda1b3a947c3b477063
57568,data/raw/teacher/test/images_test/57568.jpg,60.0,80.0,0.75,RGB,JPEG,3432,7084ed72a79f7f1b78a788cf5b214b7ed5a5918ca23699aadea8bf53b4303805
57569,data/raw/teacher/test/images_test/57569.jpg,60.0,80.0,0.75,RGB,JPEG,18369,7fda0bebb6274fe1ce4ba203f4e559acdca5ff1b269c23b331abf5d96bb5eff4
57570,data/raw/teacher/test/images_test/57570.jpg,60.0,80.0,0.75,RGB,JPEG,18275,6b29029bf4ff4b1b962dedf1097f290352340894aa895434c99a88a4c549bfc7
57571,data/raw/teacher/test/images_test/57571.jpg,60.0,80.0,0.75,RGB,JPEG,20358,97035524b2bac26fa4cc7d80b6119f3a747343734481635abc19cdf96ab6cdfc
57572,data/raw/teacher/test/images_test/57572.jpg,60.0,80.0,0.75,RGB,JPEG,15258,cd765bb425aea51991041dbabb578103d49cf2a77855de7bec8eb3ae42d961ca
57573,data/raw/teacher/test/images_test/57573.jpg,60.0,80.0,0.75,RGB,JPEG,18275,dae4e11bc79b2ea45ff33c28d48d4e1ccf8c2de45b05e994c3e9da81d45fe427
57574,data/raw/teacher/test/images_test/57574.jpg,60.0,80.0,0.75,RGB,JPEG,20363,86be45811a46c3c323175e5ab90f65bba1e3470ccb7d055642cfefdba67be0c0
57575,data/raw/teacher/test/images_test/57575.jpg,60.0,80.0,0.75,RGB,JPEG,14227,83b985443dd79afa4b0fe7ac88a36c245ce08d4c0349c7684d9cadc99fc9eea4
57576,data/raw/teacher/test/images_test/57576.jpg,60.0,80.0,0.75,RGB,JPEG,14013,7d4c0458f3321bba1cce67efcca7fa3d897611187d05a1c281ee294ea6bcb918
57577,data/raw/teacher/test/images_test/57577.jpg,60.0,80.0,0.75,RGB,JPEG,14076,43eeb624f1f6712b3a8fd443fd8e2a7e1028959ab59b328e36370540c59e255c
57578,data/raw/teacher/test/images_test/57578.jpg,60.0,80.0,0.75,RGB,JPEG,21670,07727c4846979e0b222b0c4a052fbdce5a5fe65a3b635f4c0cfa739e5098ee2a
57579,data/raw/teacher/test/images_test/57579.jpg,60.0,80.0,0.75,RGB,JPEG,14347,0ecab26a646b11a11ee18d8d8581e04a9d1a67954f13475878f0171cfcf0de89
57580,data/raw/teacher/test/images_test/57580.jpg,60.0,80.0,0.75,RGB,JPEG,18560,64a4e65efeb629ac9452f53ff5cfe394d7e2ddc19fd44d7aa16a592a09a849ad
57581,data/raw/teacher/test/images_test/57581.jpg,60.0,80.0,0.75,RGB,JPEG,17056,26cadb2619f30916797f85572eac9f09aec14df4922426d5573bbe2d98ab4c20
57582,data/raw/teacher/test/images_test/57582.jpg,60.0,80.0,0.75,RGB,JPEG,19184,2c5a114ee1116c8c0b7892366dbe107c473e007cea0a5d236142c8182f7f411b
57583,data/raw/teacher/test/images_test/57583.jpg,60.0,80.0,0.75,RGB,JPEG,19168,89814e0bf086bb10826e9f7bac8742ab56f3cbbebadc8108d1ed0c808b999791
57584,data/raw/teacher/test/images_test/57584.jpg,60.0,80.0,0.75,RGB,JPEG,19165,af1228a4a1f5470a098a47a2fb6a2203e1da064945016c2a64b1c2767b0b3ed4
57586,data/raw/teacher/test/images_test/57586.jpg,60.0,80.0,0.75,RGB,JPEG,19233,2bab4e098546b6e249bd34af6af6a1238303d398a0291e70afbcaeb4d2eb26ca
57587,data/raw/teacher/test/images_test/57587.jpg,60.0,80.0,0.75,RGB,JPEG,19186,6c87936e93204051030fce07502d49cf881e32399cd1d663e448cd5f541d18c5
57588,data/raw/teacher/test/images_test/57588.jpg,60.0,80.0,0.75,RGB,JPEG,16125,29e091a4fa2a35bee942f509103666dc9a8fb4486dee7f67e7f8c5944d281fe5
57589,data/raw/teacher/test/images_test/57589.jpg,60.0,80.0,0.75,RGB,JPEG,3418,6d67d4124301371c593d1417ab6c600e58e515215e32a723b757eae398ff59ff
57591,data/raw/teacher/test/images_test/57591.jpg,60.0,80.0,0.75,RGB,JPEG,23018,6e34b355a892eac84eaf587ba685fd35488b278d667fd6d23e3b42c9191a46f3
57592,data/raw/teacher/test/images_test/57592.jpg,60.0,80.0,0.75,RGB,JPEG,16565,355e2241ea9cfb6a25adbb2d2f83c74e882eb40b7fc4fd77f919dd770d670e4c
57593,data/raw/teacher/test/images_test/57593.jpg,60.0,80.0,0.75,RGB,JPEG,19212,a07434b33f57da672368795b88c892a0533d93986920034ffa896e75270c32e1
57594,data/raw/teacher/test/images_test/57594.jpg,60.0,80.0,0.75,RGB,JPEG,19285,f9b82f476b1ade3322950741270281dd3346f232decee40381b6c3f2e0e472a9
57595,data/raw/teacher/test/images_test/57595.jpg,60.0,80.0,0.75,RGB,JPEG,19214,06da2401d84113442a36e190fff1b076bdccb0daf14acbad76886648160715d6
57596,data/raw/teacher/test/images_test/57596.jpg,60.0,80.0,0.75,RGB,JPEG,16202,1823d188d325175db205682a01ee44a1520046c829aa7aef12238b04357db39d
57597,data/raw/teacher/test/images_test/57597.jpg,60.0,80.0,0.75,RGB,JPEG,19677,5527aba28fd65303f520e88f9fb846071849b3be41b3ad5b6a6e152375c8bbf4
57598,data/raw/teacher/test/images_test/57598.jpg,60.0,80.0,0.75,RGB,JPEG,14339,af47e743eeee57375376509c253a0c65697f65178a2f28dabd64f6476ae21203
57599,data/raw/teacher/test/images_test/57599.jpg,60.0,80.0,0.75,RGB,JPEG,19150,30b1563daecd8b2776366afacb95b94d55ea49529b56ee25803e72dbfea7033f
57600,data/raw/teacher/test/images_test/57600.jpg,60.0,80.0,0.75,RGB,JPEG,19911,95a3cab933d3e057a0b23614aad1128a3e1038af55c17b3797bf4885497f2dc2
57601,data/raw/teacher/test/images_test/57601.jpg,60.0,80.0,0.75,RGB,JPEG,19183,c1734f37ea3b2ae6ae2d058bd44d1c1951303a2584e5a2489addd532ac437975
57603,data/raw/teacher/test/images_test/57603.jpg,60.0,80.0,0.75,RGB,JPEG,13395,c08af0e011ae8db529e1cf906c104d841de0207741a9d30b99f43b37da3605a9
57604,data/raw/teacher/test/images_test/57604.jpg,60.0,80.0,0.75,RGB,JPEG,19701,5950663dce0785723a442d9ec1ffadce16f5df556bcbc5c18ab9be56d004175f
57605,data/raw/teacher/test/images_test/57605.jpg,60.0,80.0,0.75,RGB,JPEG,19651,f0f5d0e2c46e49614e9b1075516f07eb0b29a737f679e8c916113b6a1a66aa1b
57606,data/raw/teacher/test/images_test/57606.jpg,60.0,80.0,0.75,RGB,JPEG,19253,1e648b507be4b2789308d5f158a079b778db1696ed57a598308a165cd498f7db
57607,data/raw/teacher/test/images_test/57607.jpg,60.0,80.0,0.75,RGB,JPEG,2763,9f07eea083ab629224ed55a227197bfb8fea4a9cf0bf35c03dcbbf5624909365
57608,data/raw/teacher/test/images_test/57608.jpg,60.0,80.0,0.75,RGB,JPEG,12643,3aba3e036ae931faac555fe42844f2cf1a29c1b7fcc31ec1f9efad8f0f5ae4dc
57609,data/raw/teacher/test/images_test/57609.jpg,60.0,80.0,0.75,RGB,JPEG,3130,7157be2c06e8cea3c4eae0871c62bd5b3b99160b2a1899a63918d422f5a138aa
57610,data/raw/teacher/test/images_test/57610.jpg,60.0,80.0,0.75,RGB,JPEG,3112,8f4d5c6c61166a4c1220aed1c94de032f5698fa7f0d2c0e2b8426a7667a04917
57611,data/raw/teacher/test/images_test/57611.jpg,60.0,80.0,0.75,RGB,JPEG,18882,66e75b699fe3dd0261f68d586f831ca03202fe87106d9bc4307a182c85f0641d
57613,data/raw/teacher/test/images_test/57613.jpg,60.0,80.0,0.75,RGB,JPEG,3817,3cf36bfa14c96633cada138dbae2922eb562fc632939dfc517aad4f17a67f1cc
57614,data/raw/teacher/test/images_test/57614.jpg,60.0,80.0,0.75,RGB,JPEG,3184,a279ac801c773a84c65d26dd8f32b17f1bba371dcf7e0455f2f2ecf0916b4e08
57615,data/raw/teacher/test/images_test/57615.jpg,60.0,80.0,0.75,RGB,JPEG,20603,a0d9ef9669a9897879879e084d4376b7e329ee301321687f8afadfcec9c7a6a6
57616,data/raw/teacher/test/images_test/57616.jpg,60.0,80.0,0.75,RGB,JPEG,2822,39379d19362722343a7978c1f56a34586abcee29c021901070da69d0a2915f4d
57617,data/raw/teacher/test/images_test/57617.jpg,60.0,80.0,0.75,RGB,JPEG,3205,525681ded7807f32493342e7aab405e770573bdc4af91cf92a253886ccf1d23e
57619,data/raw/teacher/test/images_test/57619.jpg,60.0,80.0,0.75,RGB,JPEG,4248,ae8596bf6f44a17d4aec65932df2ac9f74a7282700e221d3c1ddc37cb1cca1e1
57620,data/raw/teacher/test/images_test/57620.jpg,60.0,80.0,0.75,RGB,JPEG,2769,fa4a7642de8f9e8dbcf4b42751f14c0202af6ecc553609fff496585d652251c7
57621,data/raw/teacher/test/images_test/57621.jpg,60.0,80.0,0.75,RGB,JPEG,3032,b5327007dee73c81ffbfd0d7fef968d36c2d4ba8b66808032ef2719e988c9a60
57622,data/raw/teacher/test/images_test/57622.jpg,60.0,80.0,0.75,RGB,JPEG,19150,a486eda215313e828e5bf220f33b0678c790c63018a129bf06ebbabc780fd765
57623,data/raw/teacher/test/images_test/57623.jpg,60.0,80.0,0.75,RGB,JPEG,3587,25e18e3e3fd08b1622dac1acdd9490de96ca03748e7efe6e3e7cc50bdc422eb1
57624,data/raw/teacher/test/images_test/57624.jpg,60.0,80.0,0.75,RGB,JPEG,3060,f938fac9ce3aaa86584f07818861e16610aedad3eeb38b8af4a38afc5d6218f9
57625,data/raw/teacher/test/images_test/57625.jpg,60.0,80.0,0.75,RGB,JPEG,20771,0a5c37f9628060a2db72730ea228904a937ab27feed906699323c3b2394374e6
57627,data/raw/teacher/test/images_test/57627.jpg,60.0,80.0,0.75,RGB,JPEG,3089,b9b74eef26a3f3c25f44c73b6fad9cb452d7c172de5ab9dd5a856074c56c4901
57628,data/raw/teacher/test/images_test/57628.jpg,60.0,80.0,0.75,RGB,JPEG,3654,1cbf86a9a41cde4d79837a4629148f59750300f7a524c49600251c27edfcf220
57629,data/raw/teacher/test/images_test/57629.jpg,60.0,80.0,0.75,RGB,JPEG,2840,1735effef38f4989e22a1dfbb31be3565de55cc265c17ed6db0c155a837fa28c
57630,data/raw/teacher/test/images_test/57630.jpg,60.0,80.0,0.75,RGB,JPEG,4523,b03fc4dcb0da0b4914da1508f0e9c481270042bd3421c61fce19d21b07c8cc54
57631,data/raw/teacher/test/images_test/57631.jpg,60.0,80.0,0.75,RGB,JPEG,11650,a1b8401265a14772a3ed6cf7fafff569ce92d4355f20610ae21ccbae7afb2ac9
57632,data/raw/teacher/test/images_test/57632.jpg,60.0,80.0,0.75,RGB,JPEG,2611,d1c05f8f486f44aa02e9ee9c2c5eae657ca4c2954eae8248dd2e8b6dddf075f7
57633,data/raw/teacher/test/images_test/57633.jpg,60.0,80.0,0.75,RGB,JPEG,12337,e546112d8b890ce76d5d156ca58d531f3ea96c2d7bda3d717a3152f8279f5bf0
57634,data/raw/teacher/test/images_test/57634.jpg,60.0,80.0,0.75,RGB,JPEG,2513,94fbbcac4874acd0f10da5486ef5c795496770089990f2a10c36b68dc8dce9c8
57635,data/raw/teacher/test/images_test/57635.jpg,60.0,80.0,0.75,RGB,JPEG,11024,8b127e9d3584187dff658636f7d02603b1ebe1d181dd129461777c5de640e9d6
57636,data/raw/teacher/test/images_test/57636.jpg,60.0,80.0,0.75,RGB,JPEG,2508,456639c8ba46287db90908254137e87886ad69a31daa0910ccd3b0fb0bcf5866
57637,data/raw/teacher/test/images_test/57637.jpg,60.0,80.0,0.75,RGB,JPEG,2489,78f7741c63113de7c084e2cbae7cf5c6533e3e3bf3dd89cc80eb0914c5bc407f
57638,data/raw/teacher/test/images_test/57638.jpg,60.0,80.0,0.75,RGB,JPEG,2207,ce834ebac6876aa31f24126787fbe94cd4eedfab8722dbff01a1ef203615ca68
57639,data/raw/teacher/test/images_test/57639.jpg,60.0,80.0,0.75,RGB,JPEG,18350,61a1f088a625684c92c1ed327e49b845d2cf506396b49457d622498dc193ac38
57640,data/raw/teacher/test/images_test/57640.jpg,60.0,80.0,0.75,RGB,JPEG,11094,01973830171b87a0f4f19945bce79865421cac01cfca94036e74abf37ceee2be
57642,data/raw/teacher/test/images_test/57642.jpg,60.0,80.0,0.75,RGB,JPEG,2537,13307ca926122fcf33338a20f1b748ea843f72c9f901e9f557c8ec9b3001c2b9
57643,data/raw/teacher/test/images_test/57643.jpg,60.0,80.0,0.75,RGB,JPEG,2219,8ba2851583d63b50044eeb7f19d869b5838c575c335ff8ba7c828303199ecc97
57644,data/raw/teacher/test/images_test/57644.jpg,60.0,80.0,0.75,RGB,JPEG,711,897eb8d149ccd1eb200d2a0c7b0416595af0982215c05c9f64413d64b8d40929
57645,data/raw/teacher/test/images_test/57645.jpg,60.0,80.0,0.75,RGB,JPEG,11020,e672f8ad903dbf698126a19215c98651af690d8fe2958efebbdf61bf29828530
57646,data/raw/teacher/test/images_test/57646.jpg,60.0,80.0,0.75,RGB,JPEG,11048,e8bf0fecac2c9f741652fde09fbbe1410a61e8e07a7cf4fa37c085610e8f17da
57647,data/raw/teacher/test/images_test/57647.jpg,60.0,80.0,0.75,RGB,JPEG,10889,61e9e8dc59038b8d380d1b57f9079d5b263b27106ab415980e571714b66496bc
57649,data/raw/teacher/test/images_test/57649.jpg,60.0,80.0,0.75,RGB,JPEG,17475,2994f2ecfb70e09180b5b184bdbcea31115a9d4e999ffe98e83cfed1d5130350
57650,data/raw/teacher/test/images_test/57650.jpg,60.0,80.0,0.75,RGB,JPEG,17886,d00990944dada531edaae54e12e95c3decfb70b691e31079f4f727ee1f9f8eb3
57651,data/raw/teacher/test/images_test/57651.jpg,60.0,80.0,0.75,RGB,JPEG,771,6310c0096221cecdc0dd296776498ab985a813b7abcdcbce39e6de082baed292
57652,data/raw/teacher/test/images_test/57652.jpg,60.0,80.0,0.75,RGB,JPEG,11188,c9001d91325c478b4784c41648d4ada1b3cf0b484fa8e610676a7e1de8e9e995
57653,data/raw/teacher/test/images_test/57653.jpg,60.0,80.0,0.75,RGB,JPEG,10863,bc17fc68cfd2e693b991e8949a992d98dc8e168344eb93f133455c5122b0d2b6
57654,data/raw/teacher/test/images_test/57654.jpg,60.0,80.0,0.75,RGB,JPEG,2465,348eba9adc5cc6d806d4d9d0de168db3d192984b6d37e21c70381e354998c77f
57655,data/raw/teacher/test/images_test/57655.jpg,60.0,80.0,0.75,RGB,JPEG,11098,2334ecfefa6af0e1f411fc66520a2e78b7b22f5cbf8e75d96923257d255a12c9
57656,data/raw/teacher/test/images_test/57656.jpg,60.0,80.0,0.75,RGB,JPEG,17881,623ebd798d8c54dbee12126f41348799a0b01f8c2a88b6548764653a3ad76eb7
57657,data/raw/teacher/test/images_test/57657.jpg,60.0,80.0,0.75,RGB,JPEG,19441,255131a691443a0f58240236da6cf1050b98197708d748146589425446d1e235
57658,data/raw/teacher/test/images_test/57658.jpg,60.0,80.0,0.75,RGB,JPEG,1970,13457c83535c316d0a5e65812ec0a37cdfa1c8e06a7e7a9dfb32c0abfb35443d
57660,data/raw/teacher/test/images_test/57660.jpg,60.0,80.0,0.75,RGB,JPEG,18001,2bcb736c7439952c83769d50df4037d07d830e35393c40c2cfbc4076f2e9ab69
57661,data/raw/teacher/test/images_test/57661.jpg,60.0,80.0,0.75,RGB,JPEG,11303,86f0d5924383c93531a66d448c111a4f0933d481be3695a5b3f43639e3ded181
57662,data/raw/teacher/test/images_test/57662.jpg,60.0,80.0,0.75,RGB,JPEG,17376,23f648976c2a0a613ce0d81a492ad57360d93474e993751c4b316b01a25652bd
57664,data/raw/teacher/test/images_test/57664.jpg,60.0,80.0,0.75,RGB,JPEG,19430,067a99fde4369b6d8d6e9110462fc36f22d4d4c60290c83748fb120f1c3a08f9
57667,data/raw/teacher/test/images_test/57667.jpg,60.0,80.0,0.75,RGB,JPEG,11394,e76374114d15d2ec13a1fa04d7fbb73d5c14dafd46ef9e9bdea72f65f853dda4
57668,data/raw/teacher/test/images_test/57668.jpg,60.0,80.0,0.75,RGB,JPEG,2718,9f3e17f4c82054eedf029988905c8d5c3be08fd8215dc1fb8d91b0d97b1b874a
57669,data/raw/teacher/test/images_test/57669.jpg,60.0,80.0,0.75,RGB,JPEG,10998,92f74f961fbc4b41b7f2c95f1a00e4383fd8ebd47cbd19c59474d3808bbe63e8
57670,data/raw/teacher/test/images_test/57670.jpg,60.0,80.0,0.75,RGB,JPEG,10887,735d3f906db1e81b932bc4bf75f1f9c07c7898cb9cc2ddb58e923af0eeb13a3f
57671,data/raw/teacher/test/images_test/57671.jpg,60.0,80.0,0.75,RGB,JPEG,10675,ebe6edeacd9f46a61dd59452309e7b027dc6bd4776f7665797494d9b885a879f
57672,data/raw/teacher/test/images_test/57672.jpg,60.0,80.0,0.75,RGB,JPEG,10970,89cbe17019d6834ce6501efada224281f223be409c51136de3d8e5c0884e7ff4
57673,data/raw/teacher/test/images_test/57673.jpg,60.0,80.0,0.75,RGB,JPEG,16191,6367ffa415c30baaccbc15c633fe081b93ab1c00380d03944dfd1706eaf5de58
57674,data/raw/teacher/test/images_test/57674.jpg,60.0,80.0,0.75,RGB,JPEG,17830,408c35bf165c2e85f5fe0cf42c699159bd8f55f7d351cdebe446afdc587086bb
57675,data/raw/teacher/test/images_test/57675.jpg,60.0,80.0,0.75,RGB,JPEG,34513,912bd3d7a07b4435d9911e84b1d4920b17401d7d3d3d83f888129213afac7e86
57676,data/raw/teacher/test/images_test/57676.jpg,60.0,80.0,0.75,RGB,JPEG,2800,208b1684e0cb739894d80221e6d296fa6edee40d4a7d6f3677c190ab7dea8b04
57677,data/raw/teacher/test/images_test/57677.jpg,60.0,80.0,0.75,RGB,JPEG,3193,e25c92c99e74d2a92222e053c1c5ff91f7b88c6d1d2426efb8d91a4e749e1d02
57678,data/raw/teacher/test/images_test/57678.jpg,60.0,80.0,0.75,RGB,JPEG,2755,187cde7d48c3d0bc7c8ef00ec9473fd845ca0d3a31861f1c724575c95c9db73a
57679,data/raw/teacher/test/images_test/57679.jpg,60.0,80.0,0.75,RGB,JPEG,3431,a8b565d64404939ec78314d1949785a8e210f3327a652027f1c10d306eb18774
57681,data/raw/teacher/test/images_test/57681.jpg,60.0,80.0,0.75,RGB,JPEG,3669,c1b838f87182ce3bcb36f7164f528875dc93d91ac0bb1a54e8f8065b0376a54b
57683,data/raw/teacher/test/images_test/57683.jpg,60.0,80.0,0.75,RGB,JPEG,3337,62276323551798260b8e62fb1f834d6370830934f58958193c08eeb309f52b44
57685,data/raw/teacher/test/images_test/57685.jpg,60.0,80.0,0.75,RGB,JPEG,19888,091a5e990f65b647c2ea6d5bf01e1e8e456a93c8e64ae51c61cd488b1a51f987
57687,data/raw/teacher/test/images_test/57687.jpg,60.0,80.0,0.75,RGB,JPEG,3189,f08bc0123b8da510dad7a728f7b9c198d513d249e5d15f7807842d9fc820e41a
57689,data/raw/teacher/test/images_test/57689.jpg,60.0,80.0,0.75,RGB,JPEG,2753,dfaa0a56074145caaaf36a3b1348ca144be7e899d8fb8e75027cfab5d686ca90
57690,data/raw/teacher/test/images_test/57690.jpg,60.0,80.0,0.75,RGB,JPEG,2970,3ce6f80feefd2b124969f33ec3260826fb29a64a7d25f7684786161fe4f6f861
57691,data/raw/teacher/test/images_test/57691.jpg,60.0,80.0,0.75,RGB,JPEG,2853,c2de1a20bfb96a09b72948eb4a07367983565ebaae23d3455163d31ea61372cd
57692,data/raw/teacher/test/images_test/57692.jpg,60.0,80.0,0.75,RGB,JPEG,3302,ca5b5047de703cb136b6822c7b318c00aa081f2bbbc3e64b37cb98ffb0079359
57694,data/raw/teacher/test/images_test/57694.jpg,60.0,80.0,0.75,RGB,JPEG,2855,38b8147386c4ea68e1b431362e9a2836b8b1c72b5550458974bd6bc307a85daf
57696,data/raw/teacher/test/images_test/57696.jpg,60.0,80.0,0.75,RGB,JPEG,3380,134e249b45bc5cc8f49defc8ebc5eb0e889cccbb6ff28df3a08afa7a84ea7098
57697,data/raw/teacher/test/images_test/57697.jpg,60.0,80.0,0.75,RGB,JPEG,20832,a07d51c2e03f14acdd3caecc17021ec068884dd595c5224a2615adf16343029c
57698,data/raw/teacher/test/images_test/57698.jpg,60.0,80.0,0.75,RGB,JPEG,4363,a09ebd31151ef954048d747287c780622b942d8d592e1ba4d4415894c3d1688f
57699,data/raw/teacher/test/images_test/57699.jpg,60.0,80.0,0.75,RGB,JPEG,20735,f67d946a1ad54d05d6b959a2a6388dba5bf15f6908a9f18b04c663f9302ee56d
57700,data/raw/teacher/test/images_test/57700.jpg,60.0,80.0,0.75,RGB,JPEG,20968,ec7961637a4cc0ee1eae4fae5b67ecd3d62ceca463dadfb47a15281cf28a432e
57701,data/raw/teacher/test/images_test/57701.jpg,60.0,80.0,0.75,RGB,JPEG,20416,a07adbd9f2d8239c62699596100faa4688eae5185f02a9fc84f780a14bbabff6
57702,data/raw/teacher/test/images_test/57702.jpg,60.0,80.0,0.75,RGB,JPEG,18043,dca7aa606eaca7dda363417fc31df976a688d0f1bb60c12dd86f7552f79af7e0
57703,data/raw/teacher/test/images_test/57703.jpg,60.0,80.0,0.75,RGB,JPEG,23717,9d650ddab8bbbb756f96eb6e9eac7745edc6499de0b9c594e3b2a3e87a4c6a07
57704,data/raw/teacher/test/images_test/57704.jpg,60.0,80.0,0.75,RGB,JPEG,22560,1b690796ccf2bec6483477dfb8da7ef6ebabdf04feef042da877279ea548a196
57705,data/raw/teacher/test/images_test/57705.jpg,60.0,80.0,0.75,RGB,JPEG,18789,35475349f90bb94d53276e80f692ae69c49210b9309ed7a56db212999f9f9821
57706,data/raw/teacher/test/images_test/57706.jpg,60.0,80.0,0.75,RGB,JPEG,22836,e775b2e00949037fa14b92ca872ba1a705e537ca5bb0e2f82e7c12e5c191b4ac
57707,data/raw/teacher/test/images_test/57707.jpg,60.0,80.0,0.75,RGB,JPEG,2395,33c4a811ae0bfd7595f02d7c9e261f1660e5f88d7b475f5f30aca885edd27c7a
57708,data/raw/teacher/test/images_test/57708.jpg,60.0,80.0,0.75,RGB,JPEG,2236,b21439b0ee9a2dc5605201f769e1d6e0e49e55461af51d93aba1016a2f7b4206
57709,data/raw/teacher/test/images_test/57709.jpg,60.0,80.0,0.75,RGB,JPEG,14580,524020935e5ce7af1398e2d68c94f9d1b8674ad0e0bdec78cb89062e0853008f
57710,data/raw/teacher/test/images_test/57710.jpg,60.0,80.0,0.75,RGB,JPEG,2239,a3a08af3dd53b1e4d6af497fc02655f5255fafe87e35de77a423a4c809fb1982
57711,data/raw/teacher/test/images_test/57711.jpg,60.0,80.0,0.75,RGB,JPEG,2139,84011dfdcc5b2766fabc6cd98f8fcc714824dce51e828f02f85e5bd77047a60c
57712,data/raw/teacher/test/images_test/57712.jpg,60.0,80.0,0.75,RGB,JPEG,2220,f21dd298f5d94fde66d71508921a30d50e2c0b49407cf4030ec385868e2eb521
57713,data/raw/teacher/test/images_test/57713.jpg,60.0,80.0,0.75,RGB,JPEG,22777,8efed71a0aa316a4bc45ef487aa5a2ee1244b07bc03ca3f8cd198c385fb71476
57714,data/raw/teacher/test/images_test/57714.jpg,60.0,80.0,0.75,RGB,JPEG,2151,8ae4ec605a5a8a8b8971093b6fd7da65b3ffeed29421eaecf9728af7d6ff8f13
57715,data/raw/teacher/test/images_test/57715.jpg,60.0,80.0,0.75,RGB,JPEG,2130,c07dfe08491de4f209628f3a6d2c2469fc1df8c457ec6dbb1dc51a086ed3fe27
57716,data/raw/teacher/test/images_test/57716.jpg,60.0,80.0,0.75,RGB,JPEG,18103,9d3ee53322e21890a5f8e9d3aed7f8b8733f250e74965d7ef5bfd6c7300a7b4c
57717,data/raw/teacher/test/images_test/57717.jpg,60.0,80.0,0.75,RGB,JPEG,16746,eb9a809baf0282f730e0abf85f6c3db7ec2958c237e4a4617dce10c1734dec75
57718,data/raw/teacher/test/images_test/57718.jpg,60.0,80.0,0.75,RGB,JPEG,2621,c24106686b1e8adc9d4e150cd78d7328c7bec2b2f1b610bd969f886096230f4c
57719,data/raw/teacher/test/images_test/57719.jpg,60.0,80.0,0.75,RGB,JPEG,2140,5689a6c69caf6042d3b57526aebfd112314bf51b3d9d13370f9d9c2b421c5c7b
57720,data/raw/teacher/test/images_test/57720.jpg,60.0,80.0,0.75,RGB,JPEG,22430,f6e769fd34bb115f1ff77c2bf15adcf7362f1d79b993f0728e1557c0ba476b35
57721,data/raw/teacher/test/images_test/57721.jpg,60.0,80.0,0.75,RGB,JPEG,10108,5a2852ec0ddcad740615d42a0b84734629642d4c0e93ac76c28a68b346f97224
57724,data/raw/teacher/test/images_test/57724.jpg,60.0,80.0,0.75,RGB,JPEG,21658,b0a7b6740e6481eaacdbbafd732e020d42a7404dfc1d100fc597ee89b435e763
57725,data/raw/teacher/test/images_test/57725.jpg,60.0,80.0,0.75,RGB,JPEG,1983,53b73b01027998e7fd8b55721a0f2dfd3de390ab09b55e1bb5914d8a96afafb3
57727,data/raw/teacher/test/images_test/57727.jpg,60.0,80.0,0.75,RGB,JPEG,16466,d621118e27594d2fb663ebe456e34fcfe338a32f5e6b02d4c81edd47e70c7e54
57728,data/raw/teacher/test/images_test/57728.jpg,60.0,80.0,0.75,RGB,JPEG,3375,cc8db415a3e96b1377cf553a9ee36b32011d48c6bfa6eb430e80a3b5dbecbd25
57729,data/raw/teacher/test/images_test/57729.jpg,60.0,80.0,0.75,RGB,JPEG,3470,95d599378f3f8bedf29a31d5c0d3d4106d705b08a4c1efe74fd7c765661a183d
57730,data/raw/teacher/test/images_test/57730.jpg,60.0,79.0,0.7595,RGB,JPEG,12302,dbb2d301738dbaa10f88e0f82cc61ff5e264cd820125afcd4d1af385280af002
57731,data/raw/teacher/test/images_test/57731.jpg,60.0,80.0,0.75,RGB,JPEG,19643,282ad75f4bc307eaf3aad7515f5545f13ea73ff972ce9041374729100afbd908
57732,data/raw/teacher/test/images_test/57732.jpg,60.0,80.0,0.75,RGB,JPEG,3398,8cdd22a5986cd968a70bef4b5e5ff8ac6f29b46259a903d35fafc5cc8f3d452c
57733,data/raw/teacher/test/images_test/57733.jpg,60.0,80.0,0.75,RGB,JPEG,3373,fecfc3116f20b00e9b3ebed3f87c58114bd34cd97cf77efd6a6344901cae7f1f
57734,data/raw/teacher/test/images_test/57734.jpg,60.0,80.0,0.75,RGB,JPEG,3136,e64c82779c50465157a454b6ec16ed07f63ead003750ea1e3bd2666623da08b2
57735,data/raw/teacher/test/images_test/57735.jpg,60.0,80.0,0.75,RGB,JPEG,3142,e05e1385874ff76ebda7394395256abc72de3f5b9ce3038bda2e80aaff61c200
57736,data/raw/teacher/test/images_test/57736.jpg,60.0,80.0,0.75,RGB,JPEG,3112,18bd6c75abd3b2d46712684e6e7eb6ce8835724b00bf376d3771be277751b838
57737,data/raw/teacher/test/images_test/57737.jpg,60.0,80.0,0.75,RGB,JPEG,3128,1436f3ee57101f57c0af2b85c5961530ac386a46a0e69aa223b8b4147a6df5a6
57738,data/raw/teacher/test/images_test/57738.jpg,60.0,80.0,0.75,RGB,JPEG,3610,d379c49b929478278373a3e4070a564bada6f80f22344f729c9c64744b865f3d
57739,data/raw/teacher/test/images_test/57739.jpg,60.0,80.0,0.75,RGB,JPEG,17785,0988574c79f81af2d8ca6ecda04d60350d62357dfdb8a72917101538cb84ed91
57740,data/raw/teacher/test/images_test/57740.jpg,60.0,80.0,0.75,RGB,JPEG,17672,9538a5a479d140baafae87cfaf5e0923ba2410ff9e26704ce5af8fc100828d80
57741,data/raw/teacher/test/images_test/57741.jpg,60.0,80.0,0.75,RGB,JPEG,17852,cf332ac07185a95e6c531fb578ef3366e9ec02f145c6cf89134422c630c4ea75
57742,data/raw/teacher/test/images_test/57742.jpg,60.0,80.0,0.75,RGB,JPEG,17964,0f54a2097301dde94050b5ffe9d0f68a5d20e30c43857d889d51780587986aac
57743,data/raw/teacher/test/images_test/57743.jpg,60.0,80.0,0.75,RGB,JPEG,18012,de9c0657f2dc0b806e3f9844faae9986d364932b3d5c68c95ea6ee2c2a3f6360
57744,data/raw/teacher/test/images_test/57744.jpg,60.0,80.0,0.75,RGB,JPEG,17867,38b2df81ccedbd96ccc47e358fe0a4784335d1b56528c24c8fafafacc05c5a1d
57745,data/raw/teacher/test/images_test/57745.jpg,60.0,80.0,0.75,RGB,JPEG,15962,38e300f970f8987aed5215cfca0c0d019570be3fac7ff005a718b9ac6a102d2c
57746,data/raw/teacher/test/images_test/57746.jpg,60.0,80.0,0.75,RGB,JPEG,23093,bab7f45ff1f30aae692734768b76ef326f9bf8c2a3529321f14ab46a728ef4a1
57747,data/raw/teacher/test/images_test/57747.jpg,60.0,80.0,0.75,RGB,JPEG,22717,fa4ae74472e5e6579659ea7eccb669700378a6333d454296dc6d37e880b94216
57749,data/raw/teacher/test/images_test/57749.jpg,60.0,80.0,0.75,RGB,JPEG,3099,a0ee695de9a1cb9fb903fba47af164aab2aefcba6555b6fde16a706efe5310c7
57750,data/raw/teacher/test/images_test/57750.jpg,60.0,80.0,0.75,RGB,JPEG,3095,03b2d80165a7591898b4dd035b18fb322866909834e17d365d8465339c6bf51c
57752,data/raw/teacher/test/images_test/57752.jpg,60.0,80.0,0.75,RGB,JPEG,2970,77228ccd0ae803e5954589d9a9cef59f2c6bb42b16e5b4152e343d9fffcc79fc
57753,data/raw/teacher/test/images_test/57753.jpg,60.0,80.0,0.75,RGB,JPEG,10683,c98a2b36d93676b000308fe8dfa9af00d6c5a5b8c894080c9fd9cdde832eb750
57754,data/raw/teacher/test/images_test/57754.jpg,60.0,80.0,0.75,RGB,JPEG,13043,1d4a58235f2bb4c37f63e0421f5fd5556b881fd21a0aaaff4472324ebff427c3
57755,data/raw/teacher/test/images_test/57755.jpg,60.0,80.0,0.75,RGB,JPEG,2475,e000fc73b27417a21eea2f5a86687efce4f28ebfd6c3b192f7386706c0696138
57756,data/raw/teacher/test/images_test/57756.jpg,60.0,80.0,0.75,RGB,JPEG,13749,5c70de7b0ed94d3a6d9ba344408fc24d78dc21f0c4692f7cd4009146fe8084bf
57757,data/raw/teacher/test/images_test/57757.jpg,60.0,80.0,0.75,RGB,JPEG,2708,04b301b0e4a52849717d9d63529ed3a729122934f433a5de7e1fe28c6accfd1d
57758,data/raw/teacher/test/images_test/57758.jpg,60.0,80.0,0.75,RGB,JPEG,12930,f1acaadd8032d27e60be0e13f7dbf15fd1feca53ecf37ee6b96efe3ec16a9f5e
57759,data/raw/teacher/test/images_test/57759.jpg,60.0,80.0,0.75,RGB,JPEG,2960,b3f73ed21e2385d736d46b86f5b61a1b2014781f3dd5e7f90050c28e2786d9f8
57760,data/raw/teacher/test/images_test/57760.jpg,60.0,80.0,0.75,RGB,JPEG,2675,2bc14e9a5155fa7c5cdaa99111453da8d2120c8de71bf6b4ca96ead2fff699b1
57761,data/raw/teacher/test/images_test/57761.jpg,60.0,80.0,0.75,RGB,JPEG,19553,f56c987e9f4b96d25792f5c7482d1a52dc22ff182f052642ac6044928db42b07
57762,data/raw/teacher/test/images_test/57762.jpg,60.0,80.0,0.75,RGB,JPEG,2930,9cbc9d709f400c998399a465ccf452d8b7a942bb638cac7c62efbfc6c5bcc668
57763,data/raw/teacher/test/images_test/57763.jpg,60.0,80.0,0.75,RGB,JPEG,13378,1531eb385dae1641eb5ffacdecb81a45c8684803347e9bc45dfc74e84ce4976d
57764,data/raw/teacher/test/images_test/57764.jpg,60.0,80.0,0.75,RGB,JPEG,19926,7a6eb11196a3ba27181c80a17c9421269a27aeb1c6a4ecf15da8bf95ba09a9aa
57765,data/raw/teacher/test/images_test/57765.jpg,60.0,80.0,0.75,RGB,JPEG,11897,2c793408d1ca52338403a9233930672b7b931df69bf1deae06e7eb4af7629811
57766,data/raw/teacher/test/images_test/57766.jpg,60.0,80.0,0.75,RGB,JPEG,18744,f3c213739e0883b247daa68628977f705be5ca5e65dcae6a2f23a5f406b260c2
57767,data/raw/teacher/test/images_test/57767.jpg,60.0,80.0,0.75,RGB,JPEG,19393,494364bdd54359eb3bbc8f4517fc74ea761a0ec344603161e8dc9f980b997692
57768,data/raw/teacher/test/images_test/57768.jpg,60.0,80.0,0.75,RGB,JPEG,3470,4b00124f8cafcd4ebd23b683094b8d25bcbec073419d1d839c62b54af576232a
57770,data/raw/teacher/test/images_test/57770.jpg,60.0,80.0,0.75,RGB,JPEG,4247,fda8540b92a2e09b2375afc2971c6c6418abc1d13d109e12d497f4451ec4a471
57771,data/raw/teacher/test/images_test/57771.jpg,60.0,80.0,0.75,RGB,JPEG,17662,792e7e731a46089f27a32e3c64a9fdc4905c3570a4d0739e154fb0626a4db589
57772,data/raw/teacher/test/images_test/57772.jpg,60.0,80.0,0.75,RGB,JPEG,20052,458e9ac920398a60b09d724707307df39a06bf8a3c793d7ecec748dccdc0f559
57773,data/raw/teacher/test/images_test/57773.jpg,60.0,80.0,0.75,RGB,JPEG,18707,3b0f013ec132c54a0f9ae068878bbe5ebd8f1ce95c614cd9ded74b436148dac4
57774,data/raw/teacher/test/images_test/57774.jpg,60.0,80.0,0.75,RGB,JPEG,2778,7affe086cff58d053a7052c9645b4504a0b64d4174767428c281e1a8c7526360
57776,data/raw/teacher/test/images_test/57776.jpg,60.0,80.0,0.75,RGB,JPEG,19623,6a8fec577d980a4b919efb41eeb626853aed908499161c02b14c1772532fb32d
57777,data/raw/teacher/test/images_test/57777.jpg,60.0,80.0,0.75,RGB,JPEG,18700,985998561b289ba6c08879efa0b52b2a344a4faa8482e26727a5fd802eecbda5
57778,data/raw/teacher/test/images_test/57778.jpg,60.0,80.0,0.75,RGB,JPEG,19844,682fb6953cc90625e21f37793167240e5fd26be26bb04af4d03328f0f4dc5818
57779,data/raw/teacher/test/images_test/57779.jpg,60.0,80.0,0.75,RGB,JPEG,20723,ef9e94336e12b0691432b7598a0e18f441473c18328c67dd900ad4bbbc3d42e7
57780,data/raw/teacher/test/images_test/57780.jpg,60.0,80.0,0.75,RGB,JPEG,1514,e7e77d50772775c09b6e4a66d6c20e9215e37388374234c12700e9129fb9ef85
57781,data/raw/teacher/test/images_test/57781.jpg,60.0,80.0,0.75,RGB,JPEG,3628,082f7a87afc0ecb36b5f9fa5435b863f55933b2d04e5f1ebbf0ba9b7c60cee7a
57782,data/raw/teacher/test/images_test/57782.jpg,60.0,80.0,0.75,RGB,JPEG,25015,bc5424712774ad96c802c4379ef2ecb6422025f60e88624988884422b43820bf
57783,data/raw/teacher/test/images_test/57783.jpg,60.0,80.0,0.75,RGB,JPEG,24551,b2fe3fec31c3ea1e3e4eb83174b1106e27c0992b217e6309882ac32e0047839a
57784,data/raw/teacher/test/images_test/57784.jpg,60.0,80.0,0.75,RGB,JPEG,21172,d47b777d3c62e976fa9dc797700ee2c5f33ff584441dfa13d5f3fecaf3a52ae0
57785,data/raw/teacher/test/images_test/57785.jpg,60.0,80.0,0.75,RGB,JPEG,12866,426f5b0e829e3aa26b24018fd72203a2f10b03bb2e30f98432ed063ae9ed6028
57786,data/raw/teacher/test/images_test/57786.jpg,60.0,80.0,0.75,RGB,JPEG,3019,0888d647f0b5c9d73b303f313726ff85e9baa95925c0eb7386dc8689bd45d03f
57787,data/raw/teacher/test/images_test/57787.jpg,60.0,80.0,0.75,RGB,JPEG,24171,d059d4213d3ae7c6bcfd657c57ec8ff2ca6b4ceeefb4b9362e80b4968fe0bb44
57788,data/raw/teacher/test/images_test/57788.jpg,60.0,80.0,0.75,RGB,JPEG,15096,4b61d2c4aad8b19637abb599c240a78723a438002153fbf8cdcb9f8b55985bb1
57789,data/raw/teacher/test/images_test/57789.jpg,60.0,80.0,0.75,RGB,JPEG,24215,7d20d2025ef4ecc175dd160873046ea38011821bdbba72acd4e44c763325f142
57790,data/raw/teacher/test/images_test/57790.jpg,60.0,80.0,0.75,RGB,JPEG,14967,4ff0976cb8d147f42f439c82c9002113a285e2303d9895258c6c39742d1fb794
57791,data/raw/teacher/test/images_test/57791.jpg,60.0,80.0,0.75,RGB,JPEG,13750,cf40a323e49534659652c98ee61644dd7568b3a6a9e31a37c8eccc4462097165
57792,data/raw/teacher/test/images_test/57792.jpg,60.0,80.0,0.75,RGB,JPEG,3534,6cd1eb46df96c02949f449db58c5a889c6403aee37ba618a413367da1cece406
57793,data/raw/teacher/test/images_test/57793.jpg,60.0,80.0,0.75,RGB,JPEG,13322,8da7deead53313f7f5aacdb8661604880cb5c2ecfea6f9625284d66fc66f782d
57794,data/raw/teacher/test/images_test/57794.jpg,60.0,80.0,0.75,RGB,JPEG,3396,0cc16d7f6bf60b17d05fbea6f5929a453ab69da266e6b92416cc0401d509561e
57795,data/raw/teacher/test/images_test/57795.jpg,60.0,80.0,0.75,RGB,JPEG,3684,32076c5785ef944e078bc2616e529a887e0ce6a0204fb6c23f670e16e092f44c
57796,data/raw/teacher/test/images_test/57796.jpg,60.0,80.0,0.75,RGB,JPEG,4146,76c212f6b48b7dc46c38bc2275528d8a9660eef81d8132435851c3ee6c77f379
57798,data/raw/teacher/test/images_test/57798.jpg,60.0,80.0,0.75,RGB,JPEG,2926,14198b4fdc0770a6485cd4307e7e76e7c9c82e46a2c454943e56c2e6d02926de
57800,data/raw/teacher/test/images_test/57800.jpg,60.0,80.0,0.75,RGB,JPEG,3055,fe367ee9ab6c4743a8405fb17f93b7effc456fc953f150aef8b5e0d830ce1cd2
57801,data/raw/teacher/test/images_test/57801.jpg,60.0,80.0,0.75,RGB,JPEG,21253,f747d3495885c7e3c25f34b65f59eaa6a92a514fcf877da94c57e4ca536b5db6
57802,data/raw/teacher/test/images_test/57802.jpg,60.0,80.0,0.75,RGB,JPEG,27728,76cafa21b639decdf413dda52fe353ead5272e43d2f7fa57dec2b155d26b805b
57803,data/raw/teacher/test/images_test/57803.jpg,60.0,80.0,0.75,RGB,JPEG,4333,c0111cecb4c0a14e02cfdb39713ef76a02a74b457562394aa19277fbb85e015c
57804,data/raw/teacher/test/images_test/57804.jpg,60.0,80.0,0.75,RGB,JPEG,18926,676b2a596ee5c863fa7a8522b679553e102dbd9cb680c5c86fc6304199bac518
57805,data/raw/teacher/test/images_test/57805.jpg,60.0,80.0,0.75,RGB,JPEG,18317,ba2031eb7e0ef5bff73a57f273ce48359cb47716b53421159c2f74f073e79dc0
57810,data/raw/teacher/test/images_test/57810.jpg,60.0,80.0,0.75,RGB,JPEG,19931,b45926deeeba42aa81e904f6c0d26e736395755af70faa83436817b0dafc7af9
57811,data/raw/teacher/test/images_test/57811.jpg,60.0,80.0,0.75,RGB,JPEG,18023,dadb78b388790bb90b5e9adbc319037972ae375b3aee7596bbb7804ac46086fc
57812,data/raw/teacher/test/images_test/57812.jpg,60.0,80.0,0.75,RGB,JPEG,15267,6a0f8bd9b7e8d3dbad8e6874f4c58d05b2bc89a90f4008a0c128d2c6017892ef
57815,data/raw/teacher/test/images_test/57815.jpg,60.0,80.0,0.75,RGB,JPEG,16548,92c3a95727ddf475e43f80e0e2128489ea3f7796af0be93271198928913efec3
57816,data/raw/teacher/test/images_test/57816.jpg,60.0,80.0,0.75,RGB,JPEG,4784,6b7f79ebbead607981515af884d91c467e627abaf4e14e3e9f5020a81c3b3ab7
57817,data/raw/teacher/test/images_test/57817.jpg,60.0,80.0,0.75,RGB,JPEG,23940,c93f57b3b435d4497e0fccab5ff60e43b41304550669c4d0e88b6804b268a5e2
57818,data/raw/teacher/test/images_test/57818.jpg,60.0,80.0,0.75,RGB,JPEG,4220,64e68a05b6c02710fedada8ae242037b8b9cf71e4885d44405e211ed1e2e2bb5
57819,data/raw/teacher/test/images_test/57819.jpg,60.0,80.0,0.75,RGB,JPEG,2025,d91de9ebe65b8faac0f049a754aa4f7ed1a0854fe9f61f0de2210dcf80537a2b
57820,data/raw/teacher/test/images_test/57820.jpg,60.0,80.0,0.75,RGB,JPEG,4752,e76dfd05a7c23bfbc0d612d45761acdeec324664f28832d954f22d4669f85da1
57823,data/raw/teacher/test/images_test/57823.jpg,60.0,80.0,0.75,RGB,JPEG,4350,780261995e3a53267cf264ce6aeec0ed002af03fb774ffed4145a5ee762af5b4
57824,data/raw/teacher/test/images_test/57824.jpg,60.0,80.0,0.75,RGB,JPEG,20660,f82c8ddb951c7e4cb22ad60e20f3076274df4b907dee37d38d400b13c1844705
57832,data/raw/teacher/test/images_test/57832.jpg,60.0,80.0,0.75,RGB,JPEG,17095,bc1e78838a08c80da7c18d281b726c35c776aec714da7a517890021fa479c288
57833,data/raw/teacher/test/images_test/57833.jpg,60.0,80.0,0.75,RGB,JPEG,22370,b59bc34a4a8296943474fbe9285c741dd6635896df1ef6ae2847837c0397c5e5
57834,data/raw/teacher/test/images_test/57834.jpg,60.0,80.0,0.75,RGB,JPEG,22330,694dc67ae5323c36a84c912cf1581e86c419d740625ce26bf3a220418c27a4e3
57835,data/raw/teacher/test/images_test/57835.jpg,60.0,80.0,0.75,RGB,JPEG,13383,28572be7c2b0759a2f0ff3ffade205a73009b0be2da9a510a1eae4d60c0d8482
57836,data/raw/teacher/test/images_test/57836.jpg,60.0,80.0,0.75,RGB,JPEG,12888,d2453b7a9087d6ac14cc2af49d2e4e80e3001c661400a8fbe3134350b1747220
57837,data/raw/teacher/test/images_test/57837.jpg,60.0,80.0,0.75,RGB,JPEG,11967,227e9ddea2e6bd8eaec2fc3d27f36afba24bfe5861fa38aab7e0806901fb5836
57838,data/raw/teacher/test/images_test/57838.jpg,60.0,80.0,0.75,RGB,JPEG,13057,052032343e0a5459ef3b6d765285806840f63ca1e4750a96b8310acbf49d728c
57845,data/raw/teacher/test/images_test/57845.jpg,60.0,80.0,0.75,RGB,JPEG,20232,2914ba2460092a5733c861f5f88764e7033415243977b23d9b7cea1d1f04f972
57846,data/raw/teacher/test/images_test/57846.jpg,60.0,80.0,0.75,RGB,JPEG,20098,a6a8f7ba59ddb9c92416c89b0a22c81995a49ae697e3cdc6026e4d0dcf517712
57847,data/raw/teacher/test/images_test/57847.jpg,60.0,80.0,0.75,RGB,JPEG,19699,a71b80087d0dc0e7bba355ec00bff136a988349855452a92331f13b5065877ca
57849,data/raw/teacher/test/images_test/57849.jpg,60.0,80.0,0.75,RGB,JPEG,13129,0ad85a5d875452cde1e7a900867cb27b11eda7bfac523ecbf9449a802cdea892
57850,data/raw/teacher/test/images_test/57850.jpg,60.0,80.0,0.75,RGB,JPEG,19758,f99a2820ae46d68d2527573408c18058b09a70c7d2da4146ed8ea47d908033af
57851,data/raw/teacher/test/images_test/57851.jpg,60.0,80.0,0.75,RGB,JPEG,19592,92725156c48ef51f87e522d3d14efbeb17c3b12b2b93cee05c9adadb78dd92c4
57852,data/raw/teacher/test/images_test/57852.jpg,60.0,80.0,0.75,RGB,JPEG,12644,f42d140c4a9e6184d433a5332ac30aa70f5c1382323f34bea5ae36f34ed23958
57853,data/raw/teacher/test/images_test/57853.jpg,60.0,80.0,0.75,RGB,JPEG,19360,32894daa3bfaae471ec9d2c547e0081967c77fd33cf3d0a008b4fef7b82bcb3e
57854,data/raw/teacher/test/images_test/57854.jpg,60.0,80.0,0.75,RGB,JPEG,18708,8443bbbd2559f749b3463669efef8daf90d942c2c24cca4ed830b1ab38aa54af
57855,data/raw/teacher/test/images_test/57855.jpg,60.0,80.0,0.75,RGB,JPEG,12821,0cbe74af440108ac7618ed359203e1aa94891671256fb0fd5638622349e5dfbf
57856,data/raw/teacher/test/images_test/57856.jpg,60.0,80.0,0.75,RGB,JPEG,3604,4ceb84e3dfce6c50d2971ac703cee3b31b3874ba9beebcfec71081924edfcd23
57857,data/raw/teacher/test/images_test/57857.jpg,60.0,80.0,0.75,RGB,JPEG,12968,723d9e004a6e87ec56f60f51226cb7f49c0d596f61965a377fc364efb75dcfe7
57858,data/raw/teacher/test/images_test/57858.jpg,60.0,80.0,0.75,RGB,JPEG,19668,1c06cb1acf1ffff852c8d5c6010bbeba5af92abc604e9df71bb53b331a58836b
57859,data/raw/teacher/test/images_test/57859.jpg,60.0,80.0,0.75,RGB,JPEG,14451,6c9c5c3d76d207237af46ac6008b86fc0e3b985b17c5a1fab9e9e502353e59fe
57860,data/raw/teacher/test/images_test/57860.jpg,60.0,80.0,0.75,RGB,JPEG,3002,08c6ed2689621d0ce5cc6876d65b4495bc62b702e04e19df0e77b3657747071c
57861,data/raw/teacher/test/images_test/57861.jpg,60.0,80.0,0.75,RGB,JPEG,19569,60e7ee7c312a14b868d49c3ffd1fb862e0e37119f679b664faaa06a1c5549aaf
57862,data/raw/teacher/test/images_test/57862.jpg,60.0,80.0,0.75,RGB,JPEG,11993,d1c990af8e8bfabab52909f688ee0240fd7f730b4d88761d37b020f374515ba2
57863,data/raw/teacher/test/images_test/57863.jpg,60.0,80.0,0.75,RGB,JPEG,14902,28ebd5c3228c2fd57eaef154847c9e424ea3b72ffaec92853bacf25bb60ae38b
57864,data/raw/teacher/test/images_test/57864.jpg,60.0,80.0,0.75,RGB,JPEG,19179,a2bdd99fdf27fc3a84e955f8860a9177f97cec74438c149813fcc0f614cc937f
57865,data/raw/teacher/test/images_test/57865.jpg,60.0,80.0,0.75,RGB,JPEG,11917,07603e8b558aacf6bf76a56d253b5ca92c4f90f9ad675f9757f449ea57ee02a6
57866,data/raw/teacher/test/images_test/57866.jpg,60.0,80.0,0.75,RGB,JPEG,17312,860b53a203c11fac741aa619f062b978ed63f68e5d5e4b5d60d53ce9e651efed
57867,data/raw/teacher/test/images_test/57867.jpg,60.0,80.0,0.75,RGB,JPEG,18328,f3b149cd3b7677222e93f4f2685bb0370d03ddd75c6eaf7202f46cd16ba3ce12
57868,data/raw/teacher/test/images_test/57868.jpg,60.0,80.0,0.75,RGB,JPEG,19658,9ca9af289d5da52d431cbf55888aad920428c755e5876661052738dea4a70479
57869,data/raw/teacher/test/images_test/57869.jpg,60.0,80.0,0.75,RGB,JPEG,20564,670e4742a5c0687f61386339677b2aff708c7f6348f2dbe6d2aacf536ccd0cb1
57870,data/raw/teacher/test/images_test/57870.jpg,60.0,80.0,0.75,RGB,JPEG,3384,e9260e00414615477ab76a132b90614bac68aa12eb6af0f439c7ec4466825ce8
57871,data/raw/teacher/test/images_test/57871.jpg,60.0,80.0,0.75,RGB,JPEG,12800,2bb6684f408b68054c0039a93b90d07cbea0216bf68df5c6c1419f1dc1f833a1
57872,data/raw/teacher/test/images_test/57872.jpg,60.0,80.0,0.75,RGB,JPEG,4138,84732f6cfffb709b0fe64019fb3f07d530eb308257cfc8076705ed09404658cd
57873,data/raw/teacher/test/images_test/57873.jpg,60.0,80.0,0.75,RGB,JPEG,21342,2b32825de1d0a49d4750e66f9fdac25b3b12ce456b78e0d85b0510550126538c
57874,data/raw/teacher/test/images_test/57874.jpg,60.0,80.0,0.75,RGB,JPEG,15686,8152cda3f9c8b2b7c49474ace4d74542c5abeb41f9d970b54ffc72d4861f3255
57875,data/raw/teacher/test/images_test/57875.jpg,60.0,80.0,0.75,RGB,JPEG,11707,c48578a34318198db1c2b1bca721d66f18e215453dd0daee5d9c81bec694f5de
57876,data/raw/teacher/test/images_test/57876.jpg,60.0,80.0,0.75,RGB,JPEG,2606,eb9c2fe434c41126153b4f7ac75db94203362d332f32beb95dbe5d039c4d8be0
57877,data/raw/teacher/test/images_test/57877.jpg,60.0,80.0,0.75,RGB,JPEG,12108,ffc461cb32d90b2410cd633e78599fd5da9d75c02b2344c476068060a8eb5e92
57878,data/raw/teacher/test/images_test/57878.jpg,60.0,80.0,0.75,RGB,JPEG,15782,ea80eb6eaf09add9aff82f65529b4e0bb8113d13704b8d7262960f4cef10819b
57879,data/raw/teacher/test/images_test/57879.jpg,60.0,80.0,0.75,RGB,JPEG,22825,e55896f5081890b3c497b7f69b775b609f7fef753fce7b65b36669e605649ebf
57880,data/raw/teacher/test/images_test/57880.jpg,60.0,80.0,0.75,RGB,JPEG,13676,4776359829c0556e9b4d2ada05efadb67329ef181c14c3fcb91cc3c95db8c688
57881,data/raw/teacher/test/images_test/57881.jpg,60.0,80.0,0.75,RGB,JPEG,19831,1e374403f7656ecd82d2723dededb48668984e5ce43db28e468455f1a38870b1
57883,data/raw/teacher/test/images_test/57883.jpg,60.0,80.0,0.75,RGB,JPEG,12194,d093539fe96313bc95f51062d6775a3bf13c7b3134bde10b2e8a50714a14b060
57884,data/raw/teacher/test/images_test/57884.jpg,60.0,80.0,0.75,RGB,JPEG,19364,ff40eb65b6f28d0de70b7f989ace93618613de10e4d1233e5f09d7e0f47f3f09
57885,data/raw/teacher/test/images_test/57885.jpg,60.0,80.0,0.75,RGB,JPEG,14856,53227d8f5a1ba9a880408c44d307ab2f134cc5b132b367ee4728ade583e9195d
57886,data/raw/teacher/test/images_test/57886.jpg,60.0,80.0,0.75,RGB,JPEG,12742,afe04c1c96266d8f530adff915fe0c7442ed32b79f940bfd6a3359388f9f848a
57887,data/raw/teacher/test/images_test/57887.jpg,60.0,80.0,0.75,RGB,JPEG,13023,3d80d9e5685d49cf872191cdf516b95e4e9e99233f318b200e4e4c142040ba97
57888,data/raw/teacher/test/images_test/57888.jpg,60.0,80.0,0.75,RGB,JPEG,15626,07af3570ca6fb83ef3daa0c7496acb00848beb538d3d7d7c742e6a1327c62c30
57889,data/raw/teacher/test/images_test/57889.jpg,60.0,80.0,0.75,RGB,JPEG,14574,cb9232adc6600814db8733e96a3dbd61dc0b0dff9b96e6273b3429157fcd9d4a
57890,data/raw/teacher/test/images_test/57890.jpg,60.0,80.0,0.75,RGB,JPEG,3610,aef1213c37b62e408f31fa8d7a92d20e3e43506ce75e340747ff5c14668968be
57891,data/raw/teacher/test/images_test/57891.jpg,60.0,80.0,0.75,RGB,JPEG,2598,95ee5eb5310fb74e420771e8ff99a946e8fd717325b25445d22d5252042671ff
57892,data/raw/teacher/test/images_test/57892.jpg,60.0,80.0,0.75,RGB,JPEG,21632,0549c029643afb3814f71ead6c0803fcd26ce4ec578e788f114964aad0120572
57893,data/raw/teacher/test/images_test/57893.jpg,60.0,80.0,0.75,RGB,JPEG,4530,8ba7cd1090af6f9ffca4e981fae9a994b4de908b4f4d6e3e113da443ada3e7de
57894,data/raw/teacher/test/images_test/57894.jpg,60.0,80.0,0.75,RGB,JPEG,3569,9a0396288d00322d47bacc7e542f5cccb1e94e26c39fe5dfa1815374b073e2ad
57895,data/raw/teacher/test/images_test/57895.jpg,60.0,80.0,0.75,RGB,JPEG,6720,cbd1236ce88bc3995bb80ff86023e2c9c0bad3625a88dd0d3c668910d2219e02
57896,data/raw/teacher/test/images_test/57896.jpg,60.0,80.0,0.75,RGB,JPEG,4268,63ce362235b7ff36535f713d0046c0d14dc84e8bc6333398b55d3a59bc0bb486
57897,data/raw/teacher/test/images_test/57897.jpg,60.0,80.0,0.75,RGB,JPEG,18128,0af452132172d5b3f1eaa91f4f01152999a1204f8b1b1a1d45ca786ddc02e5cb
57898,data/raw/teacher/test/images_test/57898.jpg,60.0,80.0,0.75,RGB,JPEG,23734,287c0221ebaa3adc9694ca733a32dc69e3e501f1e7f7bb1c7a317dd46d03e83e
57899,data/raw/teacher/test/images_test/57899.jpg,60.0,80.0,0.75,RGB,JPEG,22826,e813d6fe16a2a27a0f9a6ccfd51bc197057cdbbe1b0b86ad2282b732a8dae59f
57906,data/raw/teacher/test/images_test/57906.jpg,60.0,80.0,0.75,L,JPEG,46412,6340940a3693e174881fba904bc9b2a038c7f78597dc44f9b3a0ab25d92462c6
57907,data/raw/teacher/test/images_test/57907.jpg,60.0,80.0,0.75,RGB,JPEG,19086,015273cd388cdfddf00d3618141f75ef9f943ff95c66f80761aa6c479cec0dad
57908,data/raw/teacher/test/images_test/57908.jpg,60.0,80.0,0.75,L,JPEG,11716,c9d4f2c229a8af517327d18c9757a1c9c80901369ddfe321f19d2aaa4702205d
57909,data/raw/teacher/test/images_test/57909.jpg,60.0,80.0,0.75,RGB,JPEG,19256,bc2ee7fe2325511e8b04351afaea855f17441e24e8318da5315244ae7f9159f8
57910,data/raw/teacher/test/images_test/57910.jpg,60.0,80.0,0.75,RGB,JPEG,20616,b4720c27e6a5409356d2b7a452ed631f78a167fd3a6096a3347d2b9f6d5280d7
57911,data/raw/teacher/test/images_test/57911.jpg,60.0,80.0,0.75,RGB,JPEG,21999,af974f2845d250c8f614898dc36ee70e36cc1796f5f23fde2b6595be60e9f55e
57912,data/raw/teacher/test/images_test/57912.jpg,60.0,80.0,0.75,RGB,JPEG,13623,06e33ecc1d179d8815fdcfe1c459aebe453192e75c0f881ec2458348fbc0e4c6
57913,data/raw/teacher/test/images_test/57913.jpg,60.0,80.0,0.75,RGB,JPEG,21685,de5bcbae62c7f673d48e0a320c08896e9e5523a77cad0d5a1c79e2a187e79fbe
57914,data/raw/teacher/test/images_test/57914.jpg,60.0,80.0,0.75,RGB,JPEG,17592,036a3118a8bf4dfb84ccc49c6d26fa2c3bf52f33a62708c33477bb511daa77d6
57915,data/raw/teacher/test/images_test/57915.jpg,60.0,80.0,0.75,RGB,JPEG,21066,dc9b4e6f1f1c5ecac46aa8e5d415bdc54d8682734eddf4d0b5a2bc078add9a04
57916,data/raw/teacher/test/images_test/57916.jpg,60.0,80.0,0.75,RGB,JPEG,21335,a02277cf36eee416689a36445fcd2d6d09ef4b15fd50821d70783fa66f4cdb4c
57917,data/raw/teacher/test/images_test/57917.jpg,60.0,80.0,0.75,L,JPEG,46412,6340940a3693e174881fba904bc9b2a038c7f78597dc44f9b3a0ab25d92462c6
57918,data/raw/teacher/test/images_test/57918.jpg,60.0,80.0,0.75,RGB,JPEG,20955,36bb8aed7c1a36788b8edf52c3c353b767f2f509aa73b3fa9585527240316ec0
57919,data/raw/teacher/test/images_test/57919.jpg,60.0,80.0,0.75,RGB,JPEG,20303,793e39fac6a5f09d583aa98a59fe91c93ef12179a0a0c586650f09e54b8eaae4
57920,data/raw/teacher/test/images_test/57920.jpg,60.0,80.0,0.75,RGB,JPEG,18900,3a8c393c858b48f38006f04190271cf60b49d06f4aea0a0c1394f253322b089d
57921,data/raw/teacher/test/images_test/57921.jpg,60.0,80.0,0.75,RGB,JPEG,12484,876eaefea43089f6403078fe10e2f8fb40ffa869d8a79e2698f89727660606ab
57922,data/raw/teacher/test/images_test/57922.jpg,60.0,80.0,0.75,RGB,JPEG,3785,62de0b14e273d160364ec23ca5d54639a1400349b1e864f39325047b693115df
57923,data/raw/teacher/test/images_test/57923.jpg,60.0,80.0,0.75,RGB,JPEG,3907,4772c5b470fcea9e39511a088441aafa1d63f8a9b5be28ec7c05358133dad2be
57924,data/raw/teacher/test/images_test/57924.jpg,60.0,80.0,0.75,RGB,JPEG,4509,53dba83ca323fbf9688d4ba1024965d8968404e7663e815432502f2417b08177
57925,data/raw/teacher/test/images_test/57925.jpg,60.0,80.0,0.75,RGB,JPEG,15558,1d9653274bb1c21767cf5e952cfc3142ee6153e13bfa872b51242af09c1ef5a2
57930,data/raw/teacher/test/images_test/57930.jpg,60.0,80.0,0.75,RGB,JPEG,19238,aca5a230246e50fa6a134303fc32256df3066af95944069d0893338b7a00811d
57931,data/raw/teacher/test/images_test/57931.jpg,60.0,80.0,0.75,RGB,JPEG,23613,423607ba59f1f6ad87fccfb424c75a2c43b6c58e15791f37e0e00f70670084cd
57932,data/raw/teacher/test/images_test/57932.jpg,60.0,80.0,0.75,RGB,JPEG,17275,227e07e87489a1dd627a222652f50f224b9f758f1f256904c1f7e466642bd223
57933,data/raw/teacher/test/images_test/57933.jpg,60.0,80.0,0.75,RGB,JPEG,18685,f962b81dfc28d4546fea0a8a7477c722a53e3354e75f34fc7e5f70b37bcde578
57934,data/raw/teacher/test/images_test/57934.jpg,60.0,80.0,0.75,RGB,JPEG,13889,9dc4c2b6a583320689679766730a6e20f47cb9b4d5f2e098735960d7c1e08154
57935,data/raw/teacher/test/images_test/57935.jpg,60.0,80.0,0.75,RGB,JPEG,14400,c74b56f5e0efb15b9d4300f95c408042f0c252f7129c4c90e010160247f94b72
57936,data/raw/teacher/test/images_test/57936.jpg,60.0,80.0,0.75,RGB,JPEG,21299,54db956ab5967119f7b7f27ec59b95a3e0a223b1869157a97ecfafdb333ffe4c
57937,data/raw/teacher/test/images_test/57937.jpg,60.0,80.0,0.75,RGB,JPEG,22571,e4a87b9bf76d2afac81c23a56a5513e39123a9673bbb6cfd4babecdc04a87e68
57938,data/raw/teacher/test/images_test/57938.jpg,60.0,80.0,0.75,RGB,JPEG,21810,d7deeaf7fb3f707a1aafc89b72cce48fb7359634ab013e290347e1880254aa3e
57939,data/raw/teacher/test/images_test/57939.jpg,60.0,80.0,0.75,RGB,JPEG,40101,31cc1cf7e2c584d19db4b7fde7a22274fc9f67e4093b6a234aa3bc1ed865aaa7
57940,data/raw/teacher/test/images_test/57940.jpg,60.0,80.0,0.75,RGB,JPEG,12191,d00d2ec45566fcf3b77e6518cdb8b1ecc776d8b6f2bb6ccf2b2740fa96cf43c5
57941,data/raw/teacher/test/images_test/57941.jpg,60.0,80.0,0.75,RGB,JPEG,14498,c3bf7395f436b49ea39c7b86bb24d7af3119a09cf8f27f64eeb8f834fe084eb3
57942,data/raw/teacher/test/images_test/57942.jpg,60.0,80.0,0.75,RGB,JPEG,14906,46cc73a175120c158752bf7d76a3b8c57409edb9b9a4bf93d8fc97606eeac4a5
57943,data/raw/teacher/test/images_test/57943.jpg,60.0,80.0,0.75,RGB,JPEG,14549,63970967014d92e89d50c64c13ba1e5b73bb9b93d45b4f85b3549691124aadd0
57944,data/raw/teacher/test/images_test/57944.jpg,60.0,80.0,0.75,L,JPEG,12504,63dfdbe144a322b0f784116b28abd3495d480b1a4539f9465e6eb83df45aeebe
57945,data/raw/teacher/test/images_test/57945.jpg,60.0,80.0,0.75,RGB,JPEG,13522,edd73616c3450a0e54567ec77ef625c816905bc9e86dd6e8988876a4880796cc
57946,data/raw/teacher/test/images_test/57946.jpg,60.0,80.0,0.75,RGB,JPEG,14109,764b2936c0e69c0442d25bb8b12ee884c19b6ef6ef4a855534f5b6fcde00f18c
57947,data/raw/teacher/test/images_test/57947.jpg,60.0,80.0,0.75,RGB,JPEG,19384,971f62a6f2147c55c6854da075858383a95ae413201ca3ee939e154dfa538ddc
57948,data/raw/teacher/test/images_test/57948.jpg,60.0,80.0,0.75,RGB,JPEG,13228,0d87f11ff6f0dfe80930fce8b9d237ba0d4e011c892d31479d0d6c3d5583f013
57949,data/raw/teacher/test/images_test/57949.jpg,60.0,80.0,0.75,RGB,JPEG,13479,28b63bb09829f7cde2eb742f0e645a37b8dfdfe0af10b5568333440281159ae3
57950,data/raw/teacher/test/images_test/57950.jpg,60.0,80.0,0.75,RGB,JPEG,19270,7697ebbb550aa39353e1ebe1f951494f71382a70f1e12c24197b029bf8fc5112
57952,data/raw/teacher/test/images_test/57952.jpg,60.0,80.0,0.75,RGB,JPEG,4492,e70270ffca81aaa66b451108fe9bf896f469e3879bd32a5f0a47115ee40c1376
57953,data/raw/teacher/test/images_test/57953.jpg,60.0,80.0,0.75,RGB,JPEG,23356,5d46efb12658b7ac71a44881cdb5ed83011f7217ac9b22af1d8a321cb27f55a0
57954,data/raw/teacher/test/images_test/57954.jpg,60.0,80.0,0.75,RGB,JPEG,17282,b8473c14bb0a67e1c5e85ec0c0ea586d418ef25dd88dcbd681d39f2b573f941f
57956,data/raw/teacher/test/images_test/57956.jpg,60.0,80.0,0.75,RGB,JPEG,18858,ba203f698fe7f0380f9e349b74c2f3df735c707219f6be0ba0a204e4d2c9e9bb
57957,data/raw/teacher/test/images_test/57957.jpg,60.0,80.0,0.75,RGB,JPEG,3539,cbcb6d628cb91f7ee93632812e2fe65f1876b220b96f073956b26221d89f8f8a
57958,data/raw/teacher/test/images_test/57958.jpg,60.0,80.0,0.75,RGB,JPEG,18325,95f6e2e83e02a6d2f978a1e759194918d3e18a6c72d37b0182dc4c2fdf843f41
57959,data/raw/teacher/test/images_test/57959.jpg,60.0,80.0,0.75,RGB,JPEG,17563,d14d7c9ace630cb6bcbd696afc678aa3dd773626836bbbf84203f8cbbb4bff2f
57960,data/raw/teacher/test/images_test/57960.jpg,60.0,80.0,0.75,RGB,JPEG,18445,e9c4115fcd0da98b2d899943671a2f73730a646bc40d236966b962beaf94f44d
57961,data/raw/teacher/test/images_test/57961.jpg,60.0,80.0,0.75,RGB,JPEG,23956,b4ae535e3273a65e7240eeb7e5c5e88c63783d234eb9ec5c403c2a0ccc5d62e1
57962,data/raw/teacher/test/images_test/57962.jpg,60.0,80.0,0.75,RGB,JPEG,23941,da6eca0b8ec062420edaff764b81e157154c62093ad489bb44848a197f603638
57963,data/raw/teacher/test/images_test/57963.jpg,60.0,80.0,0.75,RGB,JPEG,32259,892680257113a1a756b2b233bb9de8699d66f6560a4d690134949c4b7d13c152
57964,data/raw/teacher/test/images_test/57964.jpg,60.0,80.0,0.75,RGB,JPEG,19425,3cc0e83f9611794a50de8dfc49dccecb1fd2df0cdc402403a2647bc2bb086f10
57965,data/raw/teacher/test/images_test/57965.jpg,60.0,80.0,0.75,RGB,JPEG,23123,a8ff8a46d006ed11cd1800b2db252ce7faf8bc438dd98748ef27d16fb81b8a8f
57966,data/raw/teacher/test/images_test/57966.jpg,60.0,80.0,0.75,RGB,JPEG,24009,65b36105ba68194d2e545052fe41af025764c31e93c2f68ab1ae5e64ebac8d9a
57967,data/raw/teacher/test/images_test/57967.jpg,60.0,80.0,0.75,RGB,JPEG,17178,2c9af72b932990a57696a635dd06f431b385f84370d22e75996d4e31b93020ae
57968,data/raw/teacher/test/images_test/57968.jpg,60.0,80.0,0.75,RGB,JPEG,23662,858d44bd8d97d13c1dda8f9188cbe24b49044010210a3322ab7697424ea59a79
57969,data/raw/teacher/test/images_test/57969.jpg,60.0,80.0,0.75,RGB,JPEG,23712,7120e54de45718c4da0138b9036fe74b9abc128fd0070687387b200302dd1260
57970,data/raw/teacher/test/images_test/57970.jpg,60.0,80.0,0.75,RGB,JPEG,26598,27c76c4fcfd5b0078a4b324d31ac1f562a157ea9339dfe02ef0ac869e0a81af7
57971,data/raw/teacher/test/images_test/57971.jpg,60.0,80.0,0.75,RGB,JPEG,18368,7b18d39bcdf3e52ee7f35f45405cf363e78da0f056b69c7554e90bcbf3223037
57972,data/raw/teacher/test/images_test/57972.jpg,60.0,80.0,0.75,RGB,JPEG,24275,39aa40839d1ce177a5ca27bbecccf97db588d7a7b452f8127479a720a3872f87
57973,data/raw/teacher/test/images_test/57973.jpg,60.0,80.0,0.75,RGB,JPEG,16250,ae9788163d93e3bb69632a46087f9e48ed42930b0d6c0b4795df9322416240dd
57974,data/raw/teacher/test/images_test/57974.jpg,60.0,80.0,0.75,RGB,JPEG,16175,ae39d53c7c4b8048b5d18bd5408d36cec19d4c05fd9d963454f7f4a496b8895f
57975,data/raw/teacher/test/images_test/57975.jpg,60.0,80.0,0.75,RGB,JPEG,22933,f128178f2d6bdf74d8c59138fac863cb4a1b50d550167ca755e45b07c3f505f3
57976,data/raw/teacher/test/images_test/57976.jpg,60.0,80.0,0.75,RGB,JPEG,19298,ba3e43d75410cfde7e9b2e5b50911b5a31da2ee6d8f7a6e1a700e6c8539b4bba
57980,data/raw/teacher/test/images_test/57980.jpg,60.0,80.0,0.75,RGB,JPEG,2950,60999ba63ee33ef70c22f4fc1a31568c3da8d69ef3c1ad2927775c7f4bf729e0
57981,data/raw/teacher/test/images_test/57981.jpg,60.0,80.0,0.75,RGB,JPEG,17493,f85b4cbe08a9c1c3b1eb3f742a682aa9354f08face3257b11c39d0a3669fabd6
57982,data/raw/teacher/test/images_test/57982.jpg,60.0,80.0,0.75,RGB,JPEG,27065,b199006e18f97f625d03605e41142ee08566b7049ef63cf31acca262fc0a8adb
57983,data/raw/teacher/test/images_test/57983.jpg,60.0,80.0,0.75,RGB,JPEG,4307,50028c364826046e40ebb9fd52c73e8752147848f62031d528b02ac7ef34707d
57985,data/raw/teacher/test/images_test/57985.jpg,60.0,80.0,0.75,RGB,JPEG,4806,8f0c9edbd5315c395e0b0b4707dc4ecedb4850d7faa836f8c63daff6ad65d844
57986,data/raw/teacher/test/images_test/57986.jpg,60.0,80.0,0.75,RGB,JPEG,23827,c0cda06f5d1c46521c8449e65285bc4013c95cb19277ae00507d822b8ca0fdec
57987,data/raw/teacher/test/images_test/57987.jpg,60.0,80.0,0.75,RGB,JPEG,20070,2d85e6335b6aae0506cc6fd61bac5ad9d0adc71d077531e353d0158b37388457
57988,data/raw/teacher/test/images_test/57988.jpg,60.0,80.0,0.75,RGB,JPEG,22822,9c088ba001dfa096f5934669858e8ebf073e8d83688e93d9a57f549ad63f9c35
57989,data/raw/teacher/test/images_test/57989.jpg,60.0,80.0,0.75,RGB,JPEG,17684,84b7ee810c3c3522b0f816dc79a0820c99ff34816d7e20fe959d2b6b6d438c1d
57990,data/raw/teacher/test/images_test/57990.jpg,60.0,80.0,0.75,RGB,JPEG,3657,751a78a0b3698175d1ee5a79f59c03584f78c63810ae3a8f4633069cb4d84444
57991,data/raw/teacher/test/images_test/57991.jpg,60.0,80.0,0.75,RGB,JPEG,18310,fd20c98ce3c32eaede1184ba4f753b64b0c58e69d6f0f1e2316aeae06e23221e
57992,data/raw/teacher/test/images_test/57992.jpg,60.0,80.0,0.75,RGB,JPEG,3867,5181ac3888feecd4e336b62b353dcdc2fb607d051f82cb64f550e47a3f76999a
57993,data/raw/teacher/test/images_test/57993.jpg,60.0,80.0,0.75,RGB,JPEG,14874,c26be8b53fb578dc6da029fd1cabcdc6c101be3d116c7bfcb9d4aecb9791480b
57994,data/raw/teacher/test/images_test/57994.jpg,60.0,80.0,0.75,RGB,JPEG,4181,cc9009a7ef3428913fd0ccbd7aed937023763bbfa88c5f0e54ac524b81a0e1be
57995,data/raw/teacher/test/images_test/57995.jpg,60.0,80.0,0.75,RGB,JPEG,20151,43051c8a5716a6fd58a944e4a225daa5db7838a9d5bc38759db6baef659ccdc7
57996,data/raw/teacher/test/images_test/57996.jpg,60.0,80.0,0.75,RGB,JPEG,21931,5e34fd9c47dfba71d5fc8b5cc80266db39c1e39edb30f8aa1d138f9584229ef8
57997,data/raw/teacher/test/images_test/57997.jpg,60.0,80.0,0.75,RGB,JPEG,16183,69534e2cc9263e7ef4743bbd9fcc52a17d2399f421669126137868106f691ea1
57998,data/raw/teacher/test/images_test/57998.jpg,60.0,80.0,0.75,RGB,JPEG,4356,4619371ceaf159313066e1d0f6d4df1f9e64cb52ea5c1d1c6ee4f15f09ffb109
57999,data/raw/teacher/test/images_test/57999.jpg,60.0,80.0,0.75,RGB,JPEG,3570,7d50546314bb7774982f870990bba9f4d9a93c02fe6dd9f5cd34133d332dccef
58000,data/raw/teacher/test/images_test/58000.jpg,60.0,80.0,0.75,RGB,JPEG,25751,2067837c4a1d8f9f709fcb0859f884d87fb86691989ffdf518d806e65b05b199
58001,data/raw/teacher/test/images_test/58001.jpg,60.0,80.0,0.75,RGB,JPEG,19210,854fd80c6bfd1b961328e9c8ffe305b16d541e360eb8a780c43c318eb8364c44
58002,data/raw/teacher/test/images_test/58002.jpg,60.0,80.0,0.75,RGB,JPEG,3606,fd6f0fd0dd298cfcde26c26f71554542e311a3644a5178de9f34ee0acf156070
58003,data/raw/teacher/test/images_test/58003.jpg,60.0,80.0,0.75,RGB,JPEG,3822,6180ed1b4093ba17b17ed83758ae15a4066da0813ac0e257c826bcfb05f95b7e
58004,data/raw/teacher/test/images_test/58004.jpg,60.0,80.0,0.75,RGB,JPEG,22542,a9c6f6d4038a1a77abdaf43255465bc7e88b78cce0c0fb183cb101fe331207b4
58005,data/raw/teacher/test/images_test/58005.jpg,60.0,80.0,0.75,RGB,JPEG,18677,42d3a41441fbf8a6b4dce210757c46dfa2e22fa7d6615e81239df616f1889dd2
58006,data/raw/teacher/test/images_test/58006.jpg,60.0,80.0,0.75,RGB,JPEG,24093,de44b777dc5d5952fb49d121c85798af719d31528e4f75dafe1522e7bb58c004
58007,data/raw/teacher/test/images_test/58007.jpg,60.0,80.0,0.75,RGB,JPEG,17660,dac62bd12405539c72c5cb28ffd3b888519f3c4423dcca2ea39d9dd36dd23c9e
58008,data/raw/teacher/test/images_test/58008.jpg,60.0,80.0,0.75,RGB,JPEG,3941,74f2e07ba910847b76e6c2831cb0e43a3ce27a566fea3a32e48342b8f2b3e22a
58009,data/raw/teacher/test/images_test/58009.jpg,60.0,80.0,0.75,RGB,JPEG,17756,6d82b5c71d8eec28c4f491ce3905c745c9786b75dc745af71a70497e34b8473b
58010,data/raw/teacher/test/images_test/58010.jpg,60.0,80.0,0.75,RGB,JPEG,22844,f262022dbb01c1540e983505bba706bc4cfe6ed755bea2fa4c6f26f2ea6bb6fe
58011,data/raw/teacher/test/images_test/58011.jpg,60.0,80.0,0.75,RGB,JPEG,16667,b383bb329638640ba6ccaa63b1b41a7dcf6f5f37e0f39eeabd80035ef66537c8
58012,data/raw/teacher/test/images_test/58012.jpg,60.0,80.0,0.75,RGB,JPEG,5738,31cd0a044b3fd165b32d0bdbc10c153c04e6588dcdd8e40c5823f663365b2526
58013,data/raw/teacher/test/images_test/58013.jpg,60.0,80.0,0.75,RGB,JPEG,20729,b38034312752b025190e78441cf2a77ae34ffae1c6f13922ea0979e53b05816f
58014,data/raw/teacher/test/images_test/58014.jpg,60.0,80.0,0.75,RGB,JPEG,22917,9a9168f9566d5ed56ee3519b8dac7395febda6122ac85958710d817316113b92
58015,data/raw/teacher/test/images_test/58015.jpg,60.0,80.0,0.75,RGB,JPEG,26350,69b30e4bf1dacb9864e17cf9c1a9fd9a4b406df6a8d98621f974bb000f07dff4
58016,data/raw/teacher/test/images_test/58016.jpg,60.0,80.0,0.75,RGB,JPEG,16441,644573a12fbc74ea431ac0b2b7383a0243b173d1d181cbb2115c8b6845004ea7
58017,data/raw/teacher/test/images_test/58017.jpg,60.0,80.0,0.75,RGB,JPEG,18450,146238732944606e8e57f7210533cbc3194a9b3d1ab152116fc5525f5bdc0dac
58018,data/raw/teacher/test/images_test/58018.jpg,60.0,80.0,0.75,RGB,JPEG,11956,1ba35c8b39a41850bf1434ef4f5a612ff14772d4a950958dd2531cf096f5065b
58020,data/raw/teacher/test/images_test/58020.jpg,60.0,80.0,0.75,RGB,JPEG,3891,78ae781692d814c167169ee82cb6dab5be84dbd3c479322e76926f0d8d622bc5
58022,data/raw/teacher/test/images_test/58022.jpg,60.0,80.0,0.75,RGB,JPEG,17029,bb4623c620a225cc2f7b2e75689bfa1b2fb9d3575921c0dd2d7077395b4309ee
58023,data/raw/teacher/test/images_test/58023.jpg,60.0,80.0,0.75,RGB,JPEG,18157,b44f484cca3fcc340ac472ca542da86336bbcfb119b478553f30f2555afbcb00
58024,data/raw/teacher/test/images_test/58024.jpg,60.0,80.0,0.75,RGB,JPEG,19149,7e2415fa39e1bc52d7b2a70c8dd694992da8defee8ad42277683d9e43a1fb428
58027,data/raw/teacher/test/images_test/58027.jpg,60.0,80.0,0.75,RGB,JPEG,18141,cc6b2cb76a8ae5bee27fee7b1a6bd1e6160c4743ac9cc5bd2d969749dc50ecc7
58028,data/raw/teacher/test/images_test/58028.jpg,60.0,80.0,0.75,RGB,JPEG,27069,6fc341843106d1f9cae553bbd4f193ca017e7aaafd3b4b56696c479f86dd81b6
58030,data/raw/teacher/test/images_test/58030.jpg,60.0,80.0,0.75,RGB,JPEG,19405,acf6d5f9dd42ec3a6423c976667fa553a3d710c9944ae1129661e32865a2093e
58032,data/raw/teacher/test/images_test/58032.jpg,60.0,80.0,0.75,RGB,JPEG,17989,33cef9de9fb9a8329f4efe28f595797f06902abcc43e06c56e0b0d8ec5786a57
58035,data/raw/teacher/test/images_test/58035.jpg,60.0,80.0,0.75,RGB,JPEG,19920,9795f6c40c87eb0eb4c6ad6d4adb64d8a5c0f6ed0ea6520dd5b644a5730e70d8
58037,data/raw/teacher/test/images_test/58037.jpg,60.0,80.0,0.75,RGB,JPEG,17163,3bddb05bac8cda6e3900b06aa6bef3807b6e9d292d64833a32400e8547ca2ea7
58039,data/raw/teacher/test/images_test/58039.jpg,60.0,80.0,0.75,RGB,JPEG,19681,3d2e7fa9564949f055b4fafb21b2a068d708ad89596239aa06d85668ea5059aa
58041,data/raw/teacher/test/images_test/58041.jpg,60.0,80.0,0.75,RGB,JPEG,9964,8468424cf8f78056465bdd8572e9f35f2b954915965f2e9f1ee5fd2d604fe7f3
58042,data/raw/teacher/test/images_test/58042.jpg,60.0,80.0,0.75,RGB,JPEG,14881,c64e5d7a1409ed247fda7362fb92209d038d8e81423b91fefbac0cac0091e2dc
58044,data/raw/teacher/test/images_test/58044.jpg,60.0,80.0,0.75,RGB,JPEG,12162,9b152bcc8259c07dbeb0ae5a2edc3ac92eb51df9409128f2c0be8cc92f079e99
58045,data/raw/teacher/test/images_test/58045.jpg,60.0,80.0,0.75,RGB,JPEG,11012,11348c3ad477fa5b31e8a05d8f8a1dea280d5efa1000378708c298c48a5a1b6e
58046,data/raw/teacher/test/images_test/58046.jpg,60.0,80.0,0.75,RGB,JPEG,18164,3168b62497efc322fb691f7fcf94b38783f652c4cb10bf953bc548dc1dccda9f
58049,data/raw/teacher/test/images_test/58049.jpg,60.0,80.0,0.75,RGB,JPEG,16195,25685973e1d9cf92e1693093a834cc099969d64849342f9a7f2717464264daa2
58050,data/raw/teacher/test/images_test/58050.jpg,60.0,80.0,0.75,RGB,JPEG,17087,f846c4db3602becbeae6433aa2656503f21970a11d6f34854cb1894d0299a471
58051,data/raw/teacher/test/images_test/58051.jpg,60.0,80.0,0.75,RGB,JPEG,16003,e4185a400348745a11320b5e61c94e92704a751355176f8d36e798b41471063b
58052,data/raw/teacher/test/images_test/58052.jpg,60.0,80.0,0.75,RGB,JPEG,19732,ab15f4f5313d0e84ac0f20f3b00aeddd301e922394b3d05058b67fc6f1301f4f
58053,data/raw/teacher/test/images_test/58053.jpg,60.0,80.0,0.75,RGB,JPEG,11180,56eaf4bb6d3aa6bbc0c5409f802427fb0eeaa46de20b3d04aa7da74a9450ab92
58057,data/raw/teacher/test/images_test/58057.jpg,60.0,80.0,0.75,RGB,JPEG,2551,3f6ff2256ce5d78c57d52617f770ee4d1097a7ea6afa7c159ca5bd9f575f8efe
58058,data/raw/teacher/test/images_test/58058.jpg,60.0,80.0,0.75,RGB,JPEG,13826,bf7def8aee5dd8c615339bf3d6ecebd22e0eec225b0525639ea879baeae72779
58059,data/raw/teacher/test/images_test/58059.jpg,60.0,80.0,0.75,RGB,JPEG,12239,5bf23decfb2ec6fa202fde6f3d7176fc77fe0ddaf8dca8ccb411be7718c8ae10
58060,data/raw/teacher/test/images_test/58060.jpg,60.0,80.0,0.75,RGB,JPEG,2487,2af5b3574eae1257006ccda65da790be6fb214d8dc2a064223a162873aba7e1c
58061,data/raw/teacher/test/images_test/58061.jpg,60.0,80.0,0.75,RGB,JPEG,10096,8dda67dc3160026d4ffd5877ca618ab1421d728fa2b64d9465ed2d822fcedd9d
58062,data/raw/teacher/test/images_test/58062.jpg,60.0,80.0,0.75,RGB,JPEG,2436,4e03d411a7caefbba12d74961a2b38a788cd86f8145ad19ca75f77cf744ea879
58063,data/raw/teacher/test/images_test/58063.jpg,60.0,80.0,0.75,RGB,JPEG,2475,55ab350348c1ef45d368cb880a5ca5515de30f90cb493c2e5071c82a8339731b
58071,data/raw/teacher/test/images_test/58071.jpg,60.0,80.0,0.75,RGB,JPEG,11564,3586c22abe05cdf0c6df3302b34bf9129605dfc7d5410e387423173fdee5853e
58072,data/raw/teacher/test/images_test/58072.jpg,60.0,80.0,0.75,RGB,JPEG,19136,9b1ea9f886b4556a1eee5338cbe62fb4b948f9eebe26101638cd3d0631b59b66
58073,data/raw/teacher/test/images_test/58073.jpg,60.0,80.0,0.75,RGB,JPEG,2922,5be01372d4a40c73b894609f8443f756a371eed7cbef05a38b87da7704e7045c
58074,data/raw/teacher/test/images_test/58074.jpg,60.0,80.0,0.75,RGB,JPEG,13146,6b7957c789a1c1ecb5af985aedcf2a2672e5be2e122d3ff51e4f93f5b3e08dba
58075,data/raw/teacher/test/images_test/58075.jpg,60.0,80.0,0.75,RGB,JPEG,12756,ae8eaf933b5a2cae8953839c0ab30155c33a753f3b73717a48960bd7e144656b
58076,data/raw/teacher/test/images_test/58076.jpg,60.0,80.0,0.75,RGB,JPEG,18470,34a0861ee7a94160254cf0acdc60303575bcd350cd31fce0fd4f664dc2b510c6
58078,data/raw/teacher/test/images_test/58078.jpg,60.0,80.0,0.75,RGB,JPEG,17100,154cddb49da6e66b3536529f05ea5f1784ce34ad76c96f45be8943a4fcab5324
58085,data/raw/teacher/test/images_test/58085.jpg,60.0,80.0,0.75,RGB,JPEG,19437,3ac6bf134184d4f04540d8d41902da3a60033cddb7abb26480a1bb321c7843e2
58086,data/raw/teacher/test/images_test/58086.jpg,60.0,80.0,0.75,RGB,JPEG,18847,aa4af2ea3656f22ebe128ecd594990746718282eeb58e0fec112c593f082158c
58087,data/raw/teacher/test/images_test/58087.jpg,60.0,80.0,0.75,RGB,JPEG,18646,5ea13f472617f7a2d6336507e1720a44a32a43b51fdb559286b7ab4e75bba77d
58093,data/raw/teacher/test/images_test/58093.jpg,60.0,80.0,0.75,RGB,JPEG,9588,27351eba6928cb00954a7642faf4d71a0a996a1c4255921ea71dbb92a6d946c9
58096,data/raw/teacher/test/images_test/58096.jpg,60.0,80.0,0.75,RGB,JPEG,25945,f0c9a967fac01e17b556b8c0984ab9a5cb400117c3c4779a54d8054005e333fc
58097,data/raw/teacher/test/images_test/58097.jpg,60.0,80.0,0.75,RGB,JPEG,12281,4f1e6e8dcb2dc0f59bb79d40e548674c50f91500cd4b002843209aa83e2e01ef
58098,data/raw/teacher/test/images_test/58098.jpg,60.0,80.0,0.75,RGB,JPEG,2382,72281d166b52d39a72e0df0f4b3c0507f42218a295a1fc4673e98bedf4e417c3
58099,data/raw/teacher/test/images_test/58099.jpg,60.0,80.0,0.75,RGB,JPEG,17884,1b952033e62b2c2bf964cc492b7182671dc6e3c34906662d966c181694de037a
58100,data/raw/teacher/test/images_test/58100.jpg,60.0,80.0,0.75,RGB,JPEG,18647,409aa72c577aa47b312a20b7da4edc96b9d62bd5a7382eafb368b3fa13db241f
58104,data/raw/teacher/test/images_test/58104.jpg,60.0,80.0,0.75,RGB,JPEG,37225,14e7e24f9e75f1b7614f573636a1a503b33beb52ef5c9e26568eb451f3e0c842
58107,data/raw/teacher/test/images_test/58107.jpg,60.0,80.0,0.75,RGB,JPEG,11932,8838384d83626b54028beb665a953d4e7e55a864f519c3a86a21311f541505a0
58108,data/raw/teacher/test/images_test/58108.jpg,60.0,80.0,0.75,RGB,JPEG,21804,33215e3ccab77617bbbecb9ac8188074fa26e074185680cb00792c8605acb076
58109,data/raw/teacher/test/images_test/58109.jpg,60.0,80.0,0.75,RGB,JPEG,18789,3818c7c3284991815d4c38917fa467e31f41bd31726b6358dce04c5abdd6a5b7
58110,data/raw/teacher/test/images_test/58110.jpg,60.0,80.0,0.75,RGB,JPEG,16325,c79caa625cd137c42eef3b175866ab626cc00ff12d65cfc7b7e2bae76ce8eee5
58111,data/raw/teacher/test/images_test/58111.jpg,60.0,80.0,0.75,RGB,JPEG,16450,1abb7314ac054cf79237a22b403a00afbcc9e09a0ea3bd34025c0b69f1fedb3d
58112,data/raw/teacher/test/images_test/58112.jpg,60.0,80.0,0.75,RGB,JPEG,20337,ad5c488abbc868f3fd92447090109ea22ab431bd204080bff1e8352f6b2407bb
58115,data/raw/teacher/test/images_test/58115.jpg,60.0,80.0,0.75,RGB,JPEG,17215,ba280e2e41faf11591ea61b2cd01557f569827a3f41198311f963e694a314cc4
58116,data/raw/teacher/test/images_test/58116.jpg,60.0,80.0,0.75,RGB,JPEG,16159,e71b0f4ac41933d69c9ba51a2ae9238adaf3c267ac4682bcf1676957bed440b6
58117,data/raw/teacher/test/images_test/58117.jpg,60.0,80.0,0.75,RGB,JPEG,17692,dfe69115e36983dc0b689d9468946a0319b44d8e9706cdcdb3f16434b5409b2c
58118,data/raw/teacher/test/images_test/58118.jpg,60.0,80.0,0.75,RGB,JPEG,10188,6b95ee9ebc8ec06e4c2e5373afb1304768b7e33bbb1947bbb50989f5fe3ac3a0
58121,data/raw/teacher/test/images_test/58121.jpg,60.0,80.0,0.75,RGB,JPEG,11367,86483ef1e2e73990710a1b610ae96dd715d1e101aed64496cb0e9022436ad095
58123,data/raw/teacher/test/images_test/58123.jpg,60.0,80.0,0.75,RGB,JPEG,17571,8c1c1055b48145a6b5a554a48e27305fbeeb3619c58f6ee405c8b4bb46f8a876
58128,data/raw/teacher/test/images_test/58128.jpg,60.0,80.0,0.75,RGB,JPEG,21851,b88b6d2e9dd6369d5b5990f7966a06bba9027c63d591005f94b12eceb2aa6280
58129,data/raw/teacher/test/images_test/58129.jpg,60.0,80.0,0.75,RGB,JPEG,19657,acd385d0f25291833e810bbcdd2a482c8571f85896ed326fac4b718382e5fe65
58131,data/raw/teacher/test/images_test/58131.jpg,60.0,80.0,0.75,RGB,JPEG,19679,095c98482b10a8f1fcc80190a7f5024b6c8df80ab724bbf4a0aff95bfdb26822
58132,data/raw/teacher/test/images_test/58132.jpg,60.0,80.0,0.75,RGB,JPEG,11009,828594a92401a1765d6d1ae41df458946aa3374132b2302084284f302d6ff0c0
58133,data/raw/teacher/test/images_test/58133.jpg,60.0,80.0,0.75,RGB,JPEG,10298,c78be0baca0e7d944dc7ea41fd1e419ed8bc9785498d2469de187db5b2c1ab4f
58135,data/raw/teacher/test/images_test/58135.jpg,60.0,80.0,0.75,RGB,JPEG,11622,65493754bec284b70cbd7f5b123439ec3c4fdd5761cc012f7b0e623cedf7aa71
58136,data/raw/teacher/test/images_test/58136.jpg,60.0,80.0,0.75,RGB,JPEG,11838,3aab8d42cd53c3b787a4171d20f634ea799f1fb2869a7de6953e9f58f88e0b3a
58137,data/raw/teacher/test/images_test/58137.jpg,60.0,80.0,0.75,RGB,JPEG,17513,6241f277ab0f900a9ff833e44eccf755049904d2d35bff55006be9248fa9220d
58138,data/raw/teacher/test/images_test/58138.jpg,60.0,80.0,0.75,RGB,JPEG,18526,1ddaa39adb92d157b745ae55944e6e05dee20b461ab6689590e5cb6411044eda
58139,data/raw/teacher/test/images_test/58139.jpg,60.0,80.0,0.75,RGB,JPEG,18246,1157680cae3f1ad635dfeb01e3b6362d2eb0f13acb82929b1d0800f682e09b44
58140,data/raw/teacher/test/images_test/58140.jpg,60.0,80.0,0.75,RGB,JPEG,18868,a20f5c30a84e51ae7cd4b28b42cc0ad59da84f9369511918b0ed68c90cf19034
58141,data/raw/teacher/test/images_test/58141.jpg,60.0,80.0,0.75,RGB,JPEG,11632,4b42b5cb4158fb9b68772fbfbe1d010af54afc9eea5c67203b87ac2616bc27be
58143,data/raw/teacher/test/images_test/58143.jpg,60.0,80.0,0.75,RGB,JPEG,16119,960380129098f8f4bb1d0f5281cfa3a91d73f224541b9d99c54c58cab4eaf43e
58144,data/raw/teacher/test/images_test/58144.jpg,60.0,80.0,0.75,L,JPEG,17004,165d7e826555d959e4604fd1627fca0366331d82da26cbe58f79535ef8312123
58145,data/raw/teacher/test/images_test/58145.jpg,60.0,80.0,0.75,L,JPEG,13522,d14a73ee92c89f69a785128d23faa72822ec7c118c62cd04317902f220eb9937
58146,data/raw/teacher/test/images_test/58146.jpg,60.0,80.0,0.75,RGB,JPEG,17800,59763d47bd5fb1410af7be2e1a86cb8c896f8ad21842fd3479ffaacbfe370170
58147,data/raw/teacher/test/images_test/58147.jpg,60.0,80.0,0.75,RGB,JPEG,13057,b83620e89debdf8a47f14b794249b62e8a6164bb1e38326944a79afdb8d4236c
58148,data/raw/teacher/test/images_test/58148.jpg,60.0,80.0,0.75,RGB,JPEG,16689,747e4d8bfb80aa43be2d7ac20a459bb90495d5b1eac7495d60843ee1e429357b
58149,data/raw/teacher/test/images_test/58149.jpg,60.0,80.0,0.75,RGB,JPEG,12436,5ca56f61e749a1f9793ef5f8179d3885e57707334a6a56b62958c9ac5da743a4
58150,data/raw/teacher/test/images_test/58150.jpg,60.0,80.0,0.75,RGB,JPEG,11937,5f2fbc0f42284e3fa8f5d1998c05b2a5b5fa06fc2d907c3621cadadce553cc2b
58151,data/raw/teacher/test/images_test/58151.jpg,60.0,80.0,0.75,RGB,JPEG,20596,54bce1a88f1a47200f02b41f91d04840514e843817d77e2395108081b935325d
58152,data/raw/teacher/test/images_test/58152.jpg,60.0,80.0,0.75,RGB,JPEG,2801,b65bf2c352efe01d1f082fe5d6e8bafd03182e0c8082d5db7bff9f3e6ad273d9
58153,data/raw/teacher/test/images_test/58153.jpg,60.0,80.0,0.75,RGB,JPEG,19440,a348dfaac14019c873503a0935cb30b6223b94de185c36161c36980633da194a
58154,data/raw/teacher/test/images_test/58154.jpg,60.0,80.0,0.75,RGB,JPEG,20711,c42493ae968369bb76bde2fa329f2be19e363981e912e98ad4ca3272af7913ec
58155,data/raw/teacher/test/images_test/58155.jpg,60.0,80.0,0.75,RGB,JPEG,26194,06f5f10a8732573592fe01fec8e34b02236f6347cf6a29fb7078d33dfb7ec924
58156,data/raw/teacher/test/images_test/58156.jpg,60.0,80.0,0.75,RGB,JPEG,5126,8dc63eff8b75d3afccf3e8ce9dca84f72522c7ca788ea3c1a913b79e48047fc7
58157,data/raw/teacher/test/images_test/58157.jpg,60.0,80.0,0.75,RGB,JPEG,26394,6eaf010d6f8efd43d32a6d87709d5feb3154893ad0f3422a098320c153683d3a
58158,data/raw/teacher/test/images_test/58158.jpg,60.0,80.0,0.75,RGB,JPEG,7190,82749ee80a70b7f6f8bbf9d077c9cf540022f24eb273ebaaa25c0a062aa35690
58159,data/raw/teacher/test/images_test/58159.jpg,60.0,80.0,0.75,RGB,JPEG,18940,7637552c9c438ce741e79d66a564037dc281368571169dc28911b3008d86ab70
58160,data/raw/teacher/test/images_test/58160.jpg,60.0,80.0,0.75,RGB,JPEG,12392,86fa9c6ede396d3af16345b1dc3c256ce614c51aa27c70476e2e18fd78c659a5
58161,data/raw/teacher/test/images_test/58161.jpg,60.0,80.0,0.75,RGB,JPEG,18489,831ef180c8cb2e3b08017c0cf7481b29c71e0ec33e94ddceee898bda84fc4e10
58162,data/raw/teacher/test/images_test/58162.jpg,60.0,80.0,0.75,RGB,JPEG,2030,460a365ef8205dc5ebb19ca7c625f8ce27931f215df63f04305acedcc6ca847c
58163,data/raw/teacher/test/images_test/58163.jpg,60.0,80.0,0.75,RGB,JPEG,11462,6080c4b0071b0a0a00e05aa1a17be439a6ffdc65cb0790e1455ffb527999a13b
58164,data/raw/teacher/test/images_test/58164.jpg,60.0,80.0,0.75,RGB,JPEG,10771,562830bb6bef7c2f0daeb1384628a41cebbfe57e71f5d346cc24b770d9d592d1
58165,data/raw/teacher/test/images_test/58165.jpg,60.0,80.0,0.75,RGB,JPEG,18753,b5e7d42a7e491e1894edd208a5a9576465cf790e001f1ba29bd2b397e1a7fcc7
58166,data/raw/teacher/test/images_test/58166.jpg,60.0,80.0,0.75,RGB,JPEG,12556,725bc309546d75232cb44b5fb70f8e979c2ed2af9b159e220fdbda88747878b1
58167,data/raw/teacher/test/images_test/58167.jpg,60.0,80.0,0.75,RGB,JPEG,10433,5403eb93c03d60006ecb57fd6799807266bed851afda8952d1af7ba63b009180
58168,data/raw/teacher/test/images_test/58168.jpg,60.0,80.0,0.75,RGB,JPEG,24709,4c83e916b58ed384d34c36cd230fc0eacefe0db9836a903e15ac5fd60f24c64e
58169,data/raw/teacher/test/images_test/58169.jpg,60.0,80.0,0.75,RGB,JPEG,11218,651ce41d1716e9593f2908423b04e1b0f0edbb11351856511f33e298a290e8ae
58170,data/raw/teacher/test/images_test/58170.jpg,60.0,80.0,0.75,RGB,JPEG,11838,1e7290b91cac4d9413fcb3ba541ca92575a711e8f44dc9d9583604555bba67de
58171,data/raw/teacher/test/images_test/58171.jpg,60.0,80.0,0.75,RGB,JPEG,15643,a6c4935db7cddd9f93f3576e3a1c549f564a6a369d237229ccc8ef2ec17033f3
58172,data/raw/teacher/test/images_test/58172.jpg,60.0,80.0,0.75,RGB,JPEG,23069,d48cad507afc58473f6d86c3610106ffcc0438e0d8a37a4fb90aa1703bc860fa
58173,data/raw/teacher/test/images_test/58173.jpg,60.0,80.0,0.75,RGB,JPEG,20798,10c88b9a4b6325a97e338625cc0ccf4e44eabdbb81fbc296c5a7ba8207e20396
58174,data/raw/teacher/test/images_test/58174.jpg,60.0,80.0,0.75,RGB,JPEG,20842,feeef03b15a15dabefe4bf4a0b8f3f72c50c6119cc76b1a69de674e66c9d5825
58175,data/raw/teacher/test/images_test/58175.jpg,60.0,80.0,0.75,RGB,JPEG,16541,edf6b5b147ffd9bf7bd13640533ac976b8a34b784c1d78d384d921c1bf8a3212
58176,data/raw/teacher/test/images_test/58176.jpg,60.0,80.0,0.75,RGB,JPEG,16155,a33598830618f264c1abefec0927ab44100aba1876232f6cca02c6f6c5eb1687
58177,data/raw/teacher/test/images_test/58177.jpg,60.0,80.0,0.75,RGB,JPEG,32175,675c2edd868bca6e4fcc094f059cc61c02aa68ee47429ae6f1556914c81eab87
58178,data/raw/teacher/test/images_test/58178.jpg,60.0,80.0,0.75,RGB,JPEG,14468,8b0542489250387eba4d3c0d7f009788a95a48c4b2967ff1d3b84182fb519a62
58179,data/raw/teacher/test/images_test/58179.jpg,60.0,80.0,0.75,RGB,JPEG,36178,998a094ad8771149f7164c8a29e7374d7e154e7cd6aa8fda5f43a89b6491ba64
58180,data/raw/teacher/test/images_test/58180.jpg,60.0,80.0,0.75,RGB,JPEG,20775,800f0c581bce0fa497d351aa73d5e74163c01425cc8019b83b29b16bd7f2be24
58181,data/raw/teacher/test/images_test/58181.jpg,60.0,80.0,0.75,RGB,JPEG,14385,d837a125c3298962fedd226b56fa2d495bea0a008821e4ed0a8ab6dde15f5018
58182,data/raw/teacher/test/images_test/58182.jpg,60.0,80.0,0.75,RGB,JPEG,15120,f74aa38eecf269011ff6be20672e33ae2870912f9f2ba85a81c5a93ecaf9dd1f
58183,data/raw/teacher/test/images_test/58183.jpg,60.0,80.0,0.75,RGB,JPEG,14414,f4e33391f7d902101d031e1a16c6b4d19410fed4de45f6a05e41468a50ac1b2b
58184,data/raw/teacher/test/images_test/58184.jpg,60.0,80.0,0.75,RGB,JPEG,20307,d22eb1639ba61ef4c11a9b89f4baa3fee7b662eabc32fd11ebf9c521305809af
58185,data/raw/teacher/test/images_test/58185.jpg,60.0,80.0,0.75,RGB,JPEG,20657,0bcbbce898b50ca41e776b75f814941eb01f63568dd1249c4a7abd1d22ed77ba
58186,data/raw/teacher/test/images_test/58186.jpg,60.0,80.0,0.75,RGB,JPEG,20286,79b621fb12e988668707804743ce481446e38f3a0f49473a21654fd6c5b1d9a8
58187,data/raw/teacher/test/images_test/58187.jpg,60.0,80.0,0.75,RGB,JPEG,13772,0509186d6a56e27a6bbb0305defad48c255cd25cb74159758eee50ad4fe36689
58188,data/raw/teacher/test/images_test/58188.jpg,60.0,80.0,0.75,RGB,JPEG,21400,18f91146b3aef480d73703dc3e9f337ebd9b2fd817b5fd28619453d3e642e277
58189,data/raw/teacher/test/images_test/58189.jpg,60.0,80.0,0.75,RGB,JPEG,20979,2355106790d6ac06066919233f403ab38d2f465b41103fc5dbf7f00443423408
58190,data/raw/teacher/test/images_test/58190.jpg,60.0,80.0,0.75,RGB,JPEG,47327,63575ae675f26b735166d4cb3472e62304ff8d7d845e794bfe4681f88248cf00
58191,data/raw/teacher/test/images_test/58191.jpg,60.0,80.0,0.75,RGB,JPEG,22886,922456f9c96c8e2982071be0bf2a3dc9b0a3f022c8b67c4229777c4d69348b63
58194,data/raw/teacher/test/images_test/58194.jpg,60.0,80.0,0.75,RGB,JPEG,14073,591a6d0f07de566f7cf0524b1b6e7b91352e96327a0190519ad14d93d29fce2e
58195,data/raw/teacher/test/images_test/58195.jpg,60.0,80.0,0.75,RGB,JPEG,18125,37fa9b72f6b115bb2944f6049f090369a58037d4a3e45127bd4bf7000aae86ab
58196,data/raw/teacher/test/images_test/58196.jpg,60.0,80.0,0.75,RGB,JPEG,13020,ae053416032ee41f1fba77753d9557f129ac78f555f7f4a9d80400f0188766a2
58200,data/raw/teacher/test/images_test/58200.jpg,60.0,80.0,0.75,RGB,JPEG,20208,4d958541c327bf49bec3abbdca44d27ddbcb60dde010b712549b4a1199d1da92
58201,data/raw/teacher/test/images_test/58201.jpg,60.0,80.0,0.75,RGB,JPEG,17555,255bca59a57622b67882bca8204f19619fe2374ebaba0bec3fd21c7638c8beb7
58202,data/raw/teacher/test/images_test/58202.jpg,60.0,80.0,0.75,RGB,JPEG,19958,553dfd72e476236fee2cba6eafc57649803d4eea290765b465b219fa9159bc73
58203,data/raw/teacher/test/images_test/58203.jpg,60.0,80.0,0.75,L,JPEG,13059,66e8dfd19f14f2896f6e2b1c362ff08eb2f9d34a37d8f81fbdad05073c6c569c
58204,data/raw/teacher/test/images_test/58204.jpg,60.0,80.0,0.75,RGB,JPEG,20801,65ef1d5a4bd35754f21efb8db2ffb69c191c6ace82b8dda97746ffd51d523d1b
58205,data/raw/teacher/test/images_test/58205.jpg,60.0,80.0,0.75,RGB,JPEG,19408,f9ead4918ede55c728f4dea2d6c6cd9658db4b9f877a7eb9c68b3f598b27e185
58206,data/raw/teacher/test/images_test/58206.jpg,60.0,80.0,0.75,RGB,JPEG,21362,6180a9b8faa1e55697b75ed891b6bf5da94945cfc536b7930d88d6df8e6523f7
58207,data/raw/teacher/test/images_test/58207.jpg,60.0,80.0,0.75,RGB,JPEG,13712,a881f79194eb0c255d76ac84de000a53c23fbea58c7f91f9d071c2449983b771
58208,data/raw/teacher/test/images_test/58208.jpg,60.0,80.0,0.75,RGB,JPEG,13636,231fc08c4ff455f8a05d3b39d55c285b2560627b746c3d25e017862d9f33cf7f
58209,data/raw/teacher/test/images_test/58209.jpg,60.0,80.0,0.75,RGB,JPEG,3105,9bbf97c2c685ca041642852a86de3552af2a7ebdb0888e512f16d9cc1cca563c
58210,data/raw/teacher/test/images_test/58210.jpg,60.0,80.0,0.75,RGB,JPEG,17469,c811bd81e0af8e9daa21e6f0142d1a276df46c2917ee75db5b60dafb860f67f4
58211,data/raw/teacher/test/images_test/58211.jpg,60.0,80.0,0.75,RGB,JPEG,3178,4ac88ace8baa20392771afab1adea6954993abd0211bccaab9b4a0297f51b3ad
58212,data/raw/teacher/test/images_test/58212.jpg,60.0,80.0,0.75,RGB,JPEG,3335,3d888c788c3ef0a390f90a43fa6c7587476854c64a95d4c8917a4101bdfec9e1
58213,data/raw/teacher/test/images_test/58213.jpg,60.0,80.0,0.75,RGB,JPEG,3141,8772e9dd701acd7dc22dfa64bf6c3ee8cdb6cf43def9a1515d9719da7be4c981
58214,data/raw/teacher/test/images_test/58214.jpg,60.0,80.0,0.75,RGB,JPEG,3321,eb9eb49783d0a8d3a6843c8f9c548354047bccddc9b698f9332e7ba251ba66bf
58215,data/raw/teacher/test/images_test/58215.jpg,60.0,80.0,0.75,RGB,JPEG,2357,6f069a79b9b06083cbdf2741c40bfff881f4e2cac8345f1eb55724a03b0c8068
58216,data/raw/teacher/test/images_test/58216.jpg,60.0,80.0,0.75,RGB,JPEG,2739,577884006161c593fefc85fcf2f5e885e36ca3dfbb60ae0eb630410be4e275ff
58218,data/raw/teacher/test/images_test/58218.jpg,60.0,80.0,0.75,RGB,JPEG,3156,58e47b3200867225414c840f94683073fbbefdf5cb921936e520b48bc69a9735
58220,data/raw/teacher/test/images_test/58220.jpg,60.0,80.0,0.75,RGB,JPEG,2740,c3f28a64221e2572a6f223555037cb17cee75ce3c93cbf0406e02f928bd694ec
58222,data/raw/teacher/test/images_test/58222.jpg,60.0,80.0,0.75,RGB,JPEG,4015,8906623fb7dc32910850df40d23cee56fd6ee9ea4ede1e6443774a3720774b57
58225,data/raw/teacher/test/images_test/58225.jpg,60.0,80.0,0.75,RGB,JPEG,24654,596ddb0093d24817045bb8d2fb6403b2f6d067bef1c779322bfde626d1d0a103
58226,data/raw/teacher/test/images_test/58226.jpg,60.0,80.0,0.75,RGB,JPEG,14016,98b3d9cba1e92493a80e2a37237743e8d853e9ef10e86073bb329b18ef38bb61
58227,data/raw/teacher/test/images_test/58227.jpg,60.0,80.0,0.75,RGB,JPEG,21175,93b95600d28eda94a40ceb980a0151bebb4546863cab718c614aa1842fd395a2
58229,data/raw/teacher/test/images_test/58229.jpg,60.0,80.0,0.75,RGB,JPEG,19612,5b1773f0e67ecdddc194ad66224d6edef0717477d9690e336e5bb6ecabbf77ac
58231,data/raw/teacher/test/images_test/58231.jpg,60.0,80.0,0.75,RGB,JPEG,19461,2712d31db989762541fb7fe6f2a3964becbd4e53fb228a6c326edf3e38fd652d
58232,data/raw/teacher/test/images_test/58232.jpg,60.0,80.0,0.75,RGB,JPEG,13694,85ebf6879349e9c0c2429b24d37461dfa8f925ba1c44d0f50c53af77c0c3e49e
58233,data/raw/teacher/test/images_test/58233.jpg,60.0,80.0,0.75,RGB,JPEG,19571,54f9c2324bc7ce2c2fae2012352bd07d50dc652276680b6e40f15b121395a50a
58234,data/raw/teacher/test/images_test/58234.jpg,60.0,80.0,0.75,RGB,JPEG,17295,61723ee3fe280bf09dcd8789e816457287d8ddc06cace4deb5c7c163839eb992
58235,data/raw/teacher/test/images_test/58235.jpg,60.0,80.0,0.75,RGB,JPEG,12898,f0fc2d24718638824d65f8e98c9712f8ec12ab664ebfa39db354296d8c026894
58236,data/raw/teacher/test/images_test/58236.jpg,60.0,80.0,0.75,RGB,JPEG,18640,a2679e43417a2e1765c1e2df83fcbff06a9fae8c3919b180d3afb46a0e16f9f1
58237,data/raw/teacher/test/images_test/58237.jpg,60.0,80.0,0.75,RGB,JPEG,18075,c1bf08c188ec3550acef841e221018b88a04f5445829559ac2dce0514f90fb4b
58238,data/raw/teacher/test/images_test/58238.jpg,60.0,80.0,0.75,RGB,JPEG,12309,c00f4f842ef5a04250d77dda2f3808372b6855b738ac0dcd829c545f15d7d126
58239,data/raw/teacher/test/images_test/58239.jpg,60.0,80.0,0.75,RGB,JPEG,11761,51a401848a717338c49ff5fbcdb2cb367528cb9dfcf7446cdfa1ac428f647d76
58240,data/raw/teacher/test/images_test/58240.jpg,60.0,80.0,0.75,L,JPEG,19115,798e4202c9786964a1f462e105fc799c87b69695bba3ea80a09e481fb53e9c9c
58241,data/raw/teacher/test/images_test/58241.jpg,60.0,80.0,0.75,RGB,JPEG,28887,86b360510c71b3ffd7bf3ccad15ce826b0648757f7c7e17e86cc07d99e792425
58242,data/raw/teacher/test/images_test/58242.jpg,60.0,80.0,0.75,RGB,JPEG,17101,ed128fc2c48f392a11d44de8661d86f814734ba00823da16d1a319ff48cacfd5
58243,data/raw/teacher/test/images_test/58243.jpg,60.0,80.0,0.75,RGB,JPEG,11016,1d64fb9821625e306dc046c4a5dd956a9d2f318b5c32b3f53751144fcdbeed66
58244,data/raw/teacher/test/images_test/58244.jpg,60.0,80.0,0.75,RGB,JPEG,18533,59edc6b840514c60f6f2292adbd3e43a6bbe0625cf27e8e4b62b9d9be8e528e6
58245,data/raw/teacher/test/images_test/58245.jpg,60.0,80.0,0.75,RGB,JPEG,18738,4f5ef8f4170c8acc54a9fd4323b95c29a78f904e6aeaad9495994c2baf3f02b0
58246,data/raw/teacher/test/images_test/58246.jpg,60.0,80.0,0.75,RGB,JPEG,17777,48e1c05448def7d9f35486cbc30a89da230c1830e4a0c1913eb171374ebd7c95
58247,data/raw/teacher/test/images_test/58247.jpg,60.0,80.0,0.75,RGB,JPEG,13312,62c3e0ff2291ac24731d5d53fa61b9292ed3f611b0f57d4c523023d776d1e222
58248,data/raw/teacher/test/images_test/58248.jpg,60.0,80.0,0.75,RGB,JPEG,18476,a5007072982903e574f57fc3fbed30c7f8d320554846b1a15b755a95e1ef1b05
58249,data/raw/teacher/test/images_test/58249.jpg,60.0,80.0,0.75,RGB,JPEG,18578,b4e9ec1bc39269037a1928d5df0fd6e52763cb15fb9649a6621ad045854ac6f2
58250,data/raw/teacher/test/images_test/58250.jpg,60.0,80.0,0.75,RGB,JPEG,13172,41bf5d79462ff58d4cae42dce23a69b89f335984ffd3dcffe38224092e314a16
58251,data/raw/teacher/test/images_test/58251.jpg,60.0,80.0,0.75,RGB,JPEG,17786,572e4b868cf281d00fa027aefa8392a5fd1264054898a2e9507e67bd66fcda05
58252,data/raw/teacher/test/images_test/58252.jpg,60.0,80.0,0.75,RGB,JPEG,12517,c058ee2b6687c32be6537b2cc8a2992618be2e795474abccc143467123d663dc
58253,data/raw/teacher/test/images_test/58253.jpg,60.0,80.0,0.75,RGB,JPEG,12298,e570b284d7e25c82d7a6dc2481ca90c55e5a99171f0dd7108f08dd7c479795a9
58254,data/raw/teacher/test/images_test/58254.jpg,60.0,80.0,0.75,RGB,JPEG,12722,6ca3c45616c86c76fd0b932ae7e9747992b39ba6cfe5efff2b02de84d5d5a31f
58255,data/raw/teacher/test/images_test/58255.jpg,60.0,80.0,0.75,RGB,JPEG,19617,a5b72fcaa3fe2a0dfe2093ef0196e67d34c7240ab3b6a1a7b491a7e121a6cafe
58256,data/raw/teacher/test/images_test/58256.jpg,60.0,80.0,0.75,RGB,JPEG,19004,1e176fde411fc271c531f585bdf36afcf389f7e9639a6e87ce6843c4d9a3e916
58257,data/raw/teacher/test/images_test/58257.jpg,60.0,80.0,0.75,RGB,JPEG,18237,f6dd636221dc1299e8563b9dbc5c906b7ae0605babc7ad3fdcb26a714162ff0d
58258,data/raw/teacher/test/images_test/58258.jpg,60.0,80.0,0.75,RGB,JPEG,11912,de63ee1af46ba173caf954ad4e05c72ddfb5f5d17c7f02166437e6f4eb7d7c83
58259,data/raw/teacher/test/images_test/58259.jpg,60.0,80.0,0.75,RGB,JPEG,20540,8dd2d324a12740464f382b8cd3237e9b421358e8eef56d3f7206e904623fbc5b
58260,data/raw/teacher/test/images_test/58260.jpg,60.0,80.0,0.75,RGB,JPEG,12728,37f906f493b81ee084704d98621e230363c4e97c0f1265f17ecdb7ce090d0127
58261,data/raw/teacher/test/images_test/58261.jpg,60.0,80.0,0.75,RGB,JPEG,12492,160521eaf1ef436a0aea40d08bfdd440ca21e367053734a75f2039360a141a58
58262,data/raw/teacher/test/images_test/58262.jpg,60.0,80.0,0.75,RGB,JPEG,18533,57312c0765a67951d1544b6444847563cf77fdff1aaee74b9af6c7f33a7f280e
58263,data/raw/teacher/test/images_test/58263.jpg,60.0,80.0,0.75,RGB,JPEG,11996,77ae3efd54dc9facc363863f193739450f996a2e7d5b5e93f4e22fc4b17e1a42
58264,data/raw/teacher/test/images_test/58264.jpg,60.0,80.0,0.75,RGB,JPEG,20768,a14935179255f3e8e6770b0948426b0b92861605079050a9e32efd4a4525467b
58265,data/raw/teacher/test/images_test/58265.jpg,60.0,80.0,0.75,RGB,JPEG,21746,71dadd11f0472f8ea213a783665554255f063e27dc55dd04e5f5a02aefb1aad1
58266,data/raw/teacher/test/images_test/58266.jpg,60.0,80.0,0.75,RGB,JPEG,21479,8d081804b62e4afae1f41c153e58f54b2f27367219731b21744345419633fa58
58267,data/raw/teacher/test/images_test/58267.jpg,60.0,80.0,0.75,RGB,JPEG,4521,1a7a551dd50a8f82a5b8948eb38f0c40d0bbc0a1754195a0129eb96d05468ada
58268,data/raw/teacher/test/images_test/58268.jpg,60.0,80.0,0.75,RGB,JPEG,21715,525785951153e5f23168cdbe2cdeaee4f849dc317ff53566d11c39218cfa5608
58269,data/raw/teacher/test/images_test/58269.jpg,60.0,80.0,0.75,RGB,JPEG,15295,e20bde8891ba6fdade5c5bf2d1ddba5f99b419d567c78a73fa2c0b7d068805b4
58270,data/raw/teacher/test/images_test/58270.jpg,60.0,80.0,0.75,RGB,JPEG,11368,c20ef73d4368c38e514ca2d182d64b49358f65ca9852ffc466f8a47fbbdb26e0
58271,data/raw/teacher/test/images_test/58271.jpg,60.0,80.0,0.75,RGB,JPEG,33870,0ec6c6405b19058110e80d09028ced4dee46bc31cf7f1a66ddc24d16cc7a6946
58272,data/raw/teacher/test/images_test/58272.jpg,60.0,80.0,0.75,RGB,JPEG,13638,11869c8026c560e37616d6727a3ccaf9afaccac4183b54b330d65af66523efc0
58273,data/raw/teacher/test/images_test/58273.jpg,60.0,80.0,0.75,RGB,JPEG,21409,a55afa41d696091ef863cab7c2791441af128bc0ead004cb12e9a9a8cb4d293e
58274,data/raw/teacher/test/images_test/58274.jpg,60.0,80.0,0.75,RGB,JPEG,21157,b00371e15a7f6b02815e07a4b77f5ca986ed8b0ccd005c572f958a4e3d22771f
58275,data/raw/teacher/test/images_test/58275.jpg,60.0,80.0,0.75,RGB,JPEG,48559,31f36b32b76c3a647f555ab00e5c8b6f5008c7248b6026e3d290026515d7dab8
58276,data/raw/teacher/test/images_test/58276.jpg,60.0,80.0,0.75,RGB,JPEG,21479,1e8a50cdc11986d0ae733cabbd436a519cfdc024a3bf37cfc306f3f06a48d746
58277,data/raw/teacher/test/images_test/58277.jpg,60.0,80.0,0.75,RGB,JPEG,21504,55051a68f32ffc9ba29b5f8ce457e0f131e04e9a2a23c4d9dff659aa6ca3ef68
58278,data/raw/teacher/test/images_test/58278.jpg,60.0,80.0,0.75,RGB,JPEG,14395,70fbfe641b88448581ecb69629be11422bbe4e672a9e323b5be88a658f807196
58279,data/raw/teacher/test/images_test/58279.jpg,60.0,80.0,0.75,RGB,JPEG,19081,5e9260075eb9e72d49ceaaf2ce91e8ec84d267f18ce1f04498b0a9185c66468c
58280,data/raw/teacher/test/images_test/58280.jpg,60.0,80.0,0.75,RGB,JPEG,21798,5a0eac055fccfbd506ac0d6d8afd937a143d7770ce8362f4a6cde1da9eabb408
58281,data/raw/teacher/test/images_test/58281.jpg,60.0,80.0,0.75,RGB,JPEG,13897,1c766feee1afc45776f1e5d943a5a97bea51ca65c620b7bec9d1cbae222edce0
58282,data/raw/teacher/test/images_test/58282.jpg,60.0,80.0,0.75,RGB,JPEG,13597,90106b43f71ae552e5c9ead77bf7aa05ca437f9200a13892ff20130805f62b1d
58283,data/raw/teacher/test/images_test/58283.jpg,60.0,80.0,0.75,RGB,JPEG,18515,10bef78faf072bfefb985205488ea08624a533bcb6add08807b79554295b9412
58284,data/raw/teacher/test/images_test/58284.jpg,60.0,80.0,0.75,RGB,JPEG,18572,965f8fdd6afc09dfbc6311a827b48c696a4d2ae36fb8f66ed18ad2c6e6791fa9
58286,data/raw/teacher/test/images_test/58286.jpg,60.0,80.0,0.75,RGB,JPEG,15536,93ef90a52458455dd0b2940c530c034cab214084f99422ae9360e6b30ec21a65
58291,data/raw/teacher/test/images_test/58291.jpg,60.0,80.0,0.75,RGB,JPEG,22839,2577e8717be02da700abe6dd9eb56334adb0fbddefdcbbf50da8de6d9d18f66e
58292,data/raw/teacher/test/images_test/58292.jpg,60.0,80.0,0.75,RGB,JPEG,21235,143c61b1855818518d7e78af6bdc8a901b93da4f8ec2d721a598df6d97b2cbb0
58293,data/raw/teacher/test/images_test/58293.jpg,60.0,80.0,0.75,RGB,JPEG,20881,5ac87fe053aced78a21fc2260e69b004b927031b00bef1b91647669397173e0d
58294,data/raw/teacher/test/images_test/58294.jpg,60.0,80.0,0.75,RGB,JPEG,21291,0cda51b1209eac50b31f852e17ff2834d3345d2845c19830f832be861e4a72b7
58295,data/raw/teacher/test/images_test/58295.jpg,60.0,80.0,0.75,RGB,JPEG,14978,e5f86ef8ba8efa1bc801cbab28924b3294db47251d80b8135fccda0a4de82c7f
58296,data/raw/teacher/test/images_test/58296.jpg,60.0,80.0,0.75,RGB,JPEG,22048,94a1246f089cfa0f94ad2303942206fec461763133e791c29f56f86f4c39e0b0
58297,data/raw/teacher/test/images_test/58297.jpg,60.0,80.0,0.75,RGB,JPEG,21502,36ae2b703841f0f510efb1cdbc7120e26cc31b70315121c0a0b2a1db45ec76f4
58298,data/raw/teacher/test/images_test/58298.jpg,60.0,80.0,0.75,RGB,JPEG,19908,b8330f67db6e3ca115e724e096e80cb6714e1483723af5fb01ad9e1d8f11ea7a
58299,data/raw/teacher/test/images_test/58299.jpg,60.0,80.0,0.75,RGB,JPEG,15254,9369958e450ecfebb7405522cc1a11e1254be1bf77e04cc23eeeb4f0bdb1ed7c
58300,data/raw/teacher/test/images_test/58300.jpg,60.0,80.0,0.75,RGB,JPEG,20777,2910256cdad7e76173ee45a9545a2914855fca498c2b5ee4852982dcd319cc82
58301,data/raw/teacher/test/images_test/58301.jpg,60.0,80.0,0.75,L,JPEG,18117,da3e69961884295e031b5b33c3f772ee7af6525f4334db678b8c6cfd8c2c3a7e
58304,data/raw/teacher/test/images_test/58304.jpg,60.0,80.0,0.75,RGB,JPEG,20381,1421c80611ef0b42dd6c90657cc73206878eeddd733cc754264e8c0ab237b183
58305,data/raw/teacher/test/images_test/58305.jpg,60.0,80.0,0.75,RGB,JPEG,20369,e583765e9a7886c6093a54309d58d1bb84cfa4765f938049275a27cce3e0b12e
58306,data/raw/teacher/test/images_test/58306.jpg,60.0,80.0,0.75,RGB,JPEG,20804,1460e79bfd5f08a643d8bca26e33361db425faa97af3b7124dc3cee65c8ef7fe
58307,data/raw/teacher/test/images_test/58307.jpg,60.0,80.0,0.75,RGB,JPEG,20693,16a9248254486f39c992313ed3db89747aec6d3b78425a350659d8386c91e887
58308,data/raw/teacher/test/images_test/58308.jpg,60.0,80.0,0.75,RGB,JPEG,20936,cfd5b99cc15e5131d6b293837c185bed105aacaa6ede8acc6518c0a07e211912
58309,data/raw/teacher/test/images_test/58309.jpg,60.0,80.0,0.75,RGB,JPEG,14164,607aeb010fb0c0ed6ec32ff6851045eae078a2fdb3084adab9669e6818182d52
58310,data/raw/teacher/test/images_test/58310.jpg,60.0,80.0,0.75,RGB,JPEG,18896,364a06ed88d1b9d7d7ea9f136906658e9e0988ad99988b0cfc12781e28206fde
58311,data/raw/teacher/test/images_test/58311.jpg,60.0,80.0,0.75,RGB,JPEG,20566,9f3dfbc28cf158a019c1fa28c5bd59c39a75f908f363bf4281356a90503426b3
58312,data/raw/teacher/test/images_test/58312.jpg,60.0,80.0,0.75,RGB,JPEG,20113,7869a3971613610de135374e12540b455687936a8d853aec750d1b6a7e0aeac9
58313,data/raw/teacher/test/images_test/58313.jpg,60.0,80.0,0.75,RGB,JPEG,13149,aaa3a26ad46602ee3298698c5b756020c418469bcad3488cd4a01a4e728e77c6
58314,data/raw/teacher/test/images_test/58314.jpg,60.0,80.0,0.75,RGB,JPEG,18957,a70f57ef6af51648c2f2697c6a4a90ad4eeb5006fbf3920ade8eff01a8a8949f
58315,data/raw/teacher/test/images_test/58315.jpg,60.0,80.0,0.75,RGB,JPEG,12055,431acf0f271d47d5b0ce806bec8a3c9d1c41166fb34c6360dc6ebbc62c3e86fe
58316,data/raw/teacher/test/images_test/58316.jpg,60.0,80.0,0.75,RGB,JPEG,18452,3ae7a6efc7babae68903fed71dee5b4dec3bbc1feef390dd002eb60241ec67c6
58317,data/raw/teacher/test/images_test/58317.jpg,60.0,80.0,0.75,RGB,JPEG,10592,1e9429e4072f92e877fe1952c165cf2eb8d45759c9ebf4520020b56c11f7a158
58318,data/raw/teacher/test/images_test/58318.jpg,60.0,80.0,0.75,RGB,JPEG,17740,30430ec819e4fca7810bb220581e08ce1e0d411466ed05ae6e80b4bb5fe4764e
58319,data/raw/teacher/test/images_test/58319.jpg,60.0,80.0,0.75,RGB,JPEG,18241,160140531bf1f1419633742a53d61ce343dc887e29ccbe09014861bd299bad44
58320,data/raw/teacher/test/images_test/58320.jpg,60.0,80.0,0.75,RGB,JPEG,11667,9b7cc45a67a8cd7be2e29d4ac24931cad49672af32b275b70ed8d10649abedf9
58321,data/raw/teacher/test/images_test/58321.jpg,60.0,80.0,0.75,RGB,JPEG,13072,2167ade6692f7b19e479a1fa021bf65c114d6f0e9494e374dda0fe9c6590ed41
58322,data/raw/teacher/test/images_test/58322.jpg,60.0,80.0,0.75,RGB,JPEG,10926,50f28f6ed674919ef172c4d957c8c6016de9f1f4acf7b24faf4dcea63c962ca9
58323,data/raw/teacher/test/images_test/58323.jpg,60.0,80.0,0.75,RGB,JPEG,20347,597c04090cc80aa7511456ab6942facce47b452ab073215eb5a57f0bf629871d
58324,data/raw/teacher/test/images_test/58324.jpg,60.0,80.0,0.75,RGB,JPEG,20490,1512a07e94f9e680f245fd51615b322eed3124cbfa9e521a24ff0a556c82ebe4
58325,data/raw/teacher/test/images_test/58325.jpg,60.0,80.0,0.75,RGB,JPEG,22252,bcf2e4b6de6719ed08f03a1ffabf6e69e61f85063e6b285fec7028a59df29de3
58326,data/raw/teacher/test/images_test/58326.jpg,60.0,80.0,0.75,RGB,JPEG,12532,6595ea10e5174b80b7136443b681e9723fc0bc1f09968e9f08f64691c1ac1d5a
58327,data/raw/teacher/test/images_test/58327.jpg,60.0,80.0,0.75,RGB,JPEG,18248,e15161ab7884286958bb6a79fc721b1bada0a2dea788372edbdb351193e9ae15
58328,data/raw/teacher/test/images_test/58328.jpg,60.0,80.0,0.75,RGB,JPEG,13466,31496dfabe426918e5aa19df2a23312dac8cb05071d49eb754488c1dfbba6bd3
58329,data/raw/teacher/test/images_test/58329.jpg,60.0,80.0,0.75,RGB,JPEG,14492,2327c0ee18b8c77d0bafa7a4e8b07a68ea7586b411e3196c71bfc60172b21290
58330,data/raw/teacher/test/images_test/58330.jpg,60.0,80.0,0.75,RGB,JPEG,19373,8241ef073aaa4ffc93731e098989fe0cdd68e587a414521f06284b75758a8863
58331,data/raw/teacher/test/images_test/58331.jpg,60.0,80.0,0.75,RGB,JPEG,20478,21abc75fc990668d0950f8f4b86b47dc04a43127ca13879a9651a5a1824d5c64
58332,data/raw/teacher/test/images_test/58332.jpg,60.0,80.0,0.75,RGB,JPEG,18972,a325b8f08a7534641311fef7aac839138dac7ce34465039b6a81d6be56d44f8e
58333,data/raw/teacher/test/images_test/58333.jpg,60.0,80.0,0.75,RGB,JPEG,18867,038468a0c718555e92593d2d5d3e22e1d4d41cfd4b178e36cc63729b2e24191a
58334,data/raw/teacher/test/images_test/58334.jpg,60.0,80.0,0.75,RGB,JPEG,12011,5b35f4cfe8cd5f516118650b8578e69a89d1995044a9ffaa6dff0bcc9f651e0f
58335,data/raw/teacher/test/images_test/58335.jpg,60.0,80.0,0.75,RGB,JPEG,19552,ad844908152fc03a045e831126a8f886f4e8eb2c66a84b72ff6e87e47d8f3658
58336,data/raw/teacher/test/images_test/58336.jpg,60.0,80.0,0.75,RGB,JPEG,14176,c7a4310d47ac47de437da7c9b70fb6936c1759fd3d3b9443764c5d35f6660e8f
58337,data/raw/teacher/test/images_test/58337.jpg,60.0,80.0,0.75,RGB,JPEG,19045,c8124e553ec3d6b8182715308a2284ae942c7a590e075def55547d9d4ac68699
58338,data/raw/teacher/test/images_test/58338.jpg,60.0,80.0,0.75,RGB,JPEG,19346,6ffbfbe892d8ce1ea70a44e1a88ba627feef14045021b879d15bfec8f8de095b
58339,data/raw/teacher/test/images_test/58339.jpg,60.0,80.0,0.75,RGB,JPEG,17889,c2f3891e2f80a96471ade6f052fa9e685c783f8f0515ffe47f9f139400deeeaa
58340,data/raw/teacher/test/images_test/58340.jpg,60.0,80.0,0.75,RGB,JPEG,19483,f20e95d56f932b259eb0cc029c9ebd8c1491fcad5c0b6a72fa388c51375c7c32
58349,data/raw/teacher/test/images_test/58349.jpg,60.0,80.0,0.75,RGB,JPEG,24726,e63783715be2baab080ecbc32c818e1d63f075464da699e39b0e242ac7c91e2a
58351,data/raw/teacher/test/images_test/58351.jpg,60.0,80.0,0.75,RGB,JPEG,3273,93bfa5ef10db61dc77383e886a6ed26e89c0ef7d5f8f50a38f42567cc26e5d64
58357,data/raw/teacher/test/images_test/58357.jpg,60.0,80.0,0.75,RGB,JPEG,23849,52a97d718feacf9124856726e0aa40a2d32f4818dde869b2f0fb4fa24f0700f8
58358,data/raw/teacher/test/images_test/58358.jpg,60.0,80.0,0.75,RGB,JPEG,24026,9e56cd1dc7da9717ce8c3d6e3b81d1f31cae29f3e43e29dec546e2b537ee0927
58372,data/raw/teacher/test/images_test/58372.jpg,60.0,80.0,0.75,RGB,JPEG,23466,8089f14ff321283879aa431b85f366a81df6036635b67ad7850a7dcff07fcc20
58375,data/raw/teacher/test/images_test/58375.jpg,60.0,80.0,0.75,RGB,JPEG,23819,31040e7a49c3bf3e200417a17273e75febd386d8c2f633cd8add68d5075fb2ff
58381,data/raw/teacher/test/images_test/58381.jpg,60.0,80.0,0.75,RGB,JPEG,3302,7b1cf4acdcee4834f6a60d5deeb30dec9cef7d54f4cc99bdea0a613d3ddd63ba
58385,data/raw/teacher/test/images_test/58385.jpg,60.0,80.0,0.75,RGB,JPEG,3224,e0168dde9df2183a090c8fce61038fadb1a8bfe068e5115314f322cd432c0fe1
58394,data/raw/teacher/test/images_test/58394.jpg,60.0,80.0,0.75,RGB,JPEG,4010,1cb822d879d8e446d2641d6fce8cd36059e2825767ff59d98e0659f04d675bf5
58395,data/raw/teacher/test/images_test/58395.jpg,60.0,80.0,0.75,RGB,JPEG,3622,b83c2e472e0ac1ba912566bd324632317a8be14a68fa99cade3924fa4f0ffd78
58411,data/raw/teacher/test/images_test/58411.jpg,60.0,80.0,0.75,RGB,JPEG,2933,75d9019b4e5505c72714e771341716214e8aa61dfe1b19559661d3085b094696
58418,data/raw/teacher/test/images_test/58418.jpg,60.0,80.0,0.75,RGB,JPEG,15084,be5f44a914524b7ba78242c048eb411f92116fac1b74437962b21d8cd560836a
58425,data/raw/teacher/test/images_test/58425.jpg,60.0,80.0,0.75,RGB,JPEG,3453,a4e65e25be3c4e097fb2bf9872bfc119a137d3a26ae2c0be8379cb2d4be05591
58439,data/raw/teacher/test/images_test/58439.jpg,60.0,80.0,0.75,RGB,JPEG,7166,5e4fb0d7b7aad804f4681b7f3166b7c7711f1f6cc0e7b9eb90068eb33dc10763
58444,data/raw/teacher/test/images_test/58444.jpg,60.0,80.0,0.75,RGB,JPEG,23094,aff7e59e4c12a6710f7683e1046433d6d60ec4b9831ec5212524687cf2abde77
58445,data/raw/teacher/test/images_test/58445.jpg,60.0,80.0,0.75,RGB,JPEG,26916,e8aed4b2e3e9c88eef56a684cc0c76f8e1108e65d0532d9bcc978023b9a5efc4
58446,data/raw/teacher/test/images_test/58446.jpg,60.0,80.0,0.75,RGB,JPEG,3196,1b2f97217777913fa765b2624a554e657e121d7598dfe3f6d60f63bc0a83d9db
58447,data/raw/teacher/test/images_test/58447.jpg,60.0,80.0,0.75,RGB,JPEG,28017,1355702b09c80eeba3055b6c75101abbad73e07838181c337cf2220d40932732
58448,data/raw/teacher/test/images_test/58448.jpg,60.0,80.0,0.75,RGB,JPEG,28140,685f4eafcf177c989afc0cd703a663c277352c7dfe7be90a9c1dbe3bc64106a5
58449,data/raw/teacher/test/images_test/58449.jpg,60.0,80.0,0.75,RGB,JPEG,25979,9327c073bf34d246f280a6d70a1408b9cdd1dbf222ea2eedad13fbbd2d1227d6
58450,data/raw/teacher/test/images_test/58450.jpg,60.0,80.0,0.75,L,JPEG,25972,7d548658e53e67981f610f6a169f62a77f1dedd45c88747635860f006d2d60b2
58451,data/raw/teacher/test/images_test/58451.jpg,60.0,80.0,0.75,RGB,JPEG,25422,1fd41b718a6e67913d6d2778e0aec471d0f747a3ec47dd16710483d1bc85c7b7
58452,data/raw/teacher/test/images_test/58452.jpg,60.0,80.0,0.75,RGB,JPEG,20930,58c9c4c0619a9fdf4f9b1e87b428ad613cf45400e1801bcaab6e8c5a869e9bc5
58453,data/raw/teacher/test/images_test/58453.jpg,60.0,80.0,0.75,RGB,JPEG,24910,0d3d44162018ea081bded6f21bb6d19cd0ff145141ce508c6171664634ec1fd1
58454,data/raw/teacher/test/images_test/58454.jpg,60.0,80.0,0.75,RGB,JPEG,20952,c75313eb1accca20d484932d55a4f07a06037aa28a0fd51336ff090edd09d979
58455,data/raw/teacher/test/images_test/58455.jpg,60.0,80.0,0.75,RGB,JPEG,23243,058959d9c26d2ff8080d2afb74ddb903b8c2810f05828ba5ffb774599dfb1f1c
58456,data/raw/teacher/test/images_test/58456.jpg,60.0,80.0,0.75,RGB,JPEG,17064,af80b9a054e730dc946a80c142b0a509cb5a43627e457e93f773a441f8084e71
58458,data/raw/teacher/test/images_test/58458.jpg,60.0,80.0,0.75,RGB,JPEG,21009,fb0c1a07b032ac1ff9e7e4d61c95809970ae3629e46b7ed18a91e620193e979b
58459,data/raw/teacher/test/images_test/58459.jpg,60.0,80.0,0.75,RGB,JPEG,20230,8d1faec5b30219c428da3e29b10059c3500da4509d935274a137a44866ce16ca
58460,data/raw/teacher/test/images_test/58460.jpg,60.0,80.0,0.75,RGB,JPEG,20833,062ed6f340f4d339dcae43660aad4b1902616994cc52c4c16beee1135ee4d3f1
58463,data/raw/teacher/test/images_test/58463.jpg,60.0,80.0,0.75,RGB,JPEG,18809,49d4b8d95406459fe94ae827257f543ac37ee0eeb51ddfafe71cff4891f11898
58464,data/raw/teacher/test/images_test/58464.jpg,60.0,80.0,0.75,RGB,JPEG,19834,0b94438daa617efb929becc606561918ac9d03bd73e15a4aa4eb9c119c745ff3
58465,data/raw/teacher/test/images_test/58465.jpg,60.0,80.0,0.75,RGB,JPEG,19097,f6c951e39a060b1371fc37711537e7adf5203c4b1833d78b20a6dcc86ac97714
58466,data/raw/teacher/test/images_test/58466.jpg,60.0,80.0,0.75,RGB,JPEG,18798,e015d644d001632c68e87630859148372858856c5ceb4eb29aaad220c9cb9da9
58467,data/raw/teacher/test/images_test/58467.jpg,60.0,80.0,0.75,RGB,JPEG,13277,7d136fe8c92446e9996d72a526bb8c35c0c62f35d40e636f1cd3bca86e94d144
58468,data/raw/teacher/test/images_test/58468.jpg,60.0,80.0,0.75,RGB,JPEG,19233,81dc6d70d2c74c3192473a7ea09af7ce9f95a50d53627015ac112e8684001025
58470,data/raw/teacher/test/images_test/58470.jpg,60.0,80.0,0.75,RGB,JPEG,19845,75e3bc326f9ed46ee2ab6194134fd9c04c328b16c3c51b3bc5f287083123b17e
58471,data/raw/teacher/test/images_test/58471.jpg,60.0,80.0,0.75,RGB,JPEG,11828,9939c1b9ae2a2d3e19e46d48338a08f671fe355597a2ee6f284d16b6438d8dd4
58472,data/raw/teacher/test/images_test/58472.jpg,60.0,80.0,0.75,RGB,JPEG,3165,a6d8d8247cc36dfc76f1011a25ec82bce2864a95e7a6bd5d99aa0dd6b34e41a9
58473,data/raw/teacher/test/images_test/58473.jpg,60.0,80.0,0.75,RGB,JPEG,17745,d10f824182bb34a7b20aed082d705191f4097aca634b9d2d3ff30ebd0297d5a7
58474,data/raw/teacher/test/images_test/58474.jpg,60.0,80.0,0.75,RGB,JPEG,11962,c4210d83bc98e619cc30de260800fc79ca8d099fb4ad9ad5aa618231d3bdda2d
58475,data/raw/teacher/test/images_test/58475.jpg,60.0,80.0,0.75,RGB,JPEG,18769,6abc18aad5df1cada5c8bf23001481c48a850f6736e543d7f4c760edb580e6ba
58476,data/raw/teacher/test/images_test/58476.jpg,60.0,80.0,0.75,RGB,JPEG,11822,b401a6cd8ae8c7aca6fcf0215e7916367950467ae9d610b66ed299e4ed7d811e
58477,data/raw/teacher/test/images_test/58477.jpg,60.0,80.0,0.75,RGB,JPEG,17839,02966e3e8541b6ac2a54cafe99874c10b4e23c2a809b21a25e177e338290de53
58478,data/raw/teacher/test/images_test/58478.jpg,60.0,80.0,0.75,RGB,JPEG,18451,bf0aaf346c23dcfea9f70816385e126da4d436b6f826a8a2e31be218d466f36c
58479,data/raw/teacher/test/images_test/58479.jpg,60.0,80.0,0.75,RGB,JPEG,12528,b94d8881d75794353be9ac77e649f17f5facbb7cd3d4ce33de161e57fa5074a7
58480,data/raw/teacher/test/images_test/58480.jpg,60.0,80.0,0.75,RGB,JPEG,18624,eb3588bb30f399ced6b6ec874880887cf6fdcdb95a4abb09479964ad005a6b2c
58481,data/raw/teacher/test/images_test/58481.jpg,60.0,80.0,0.75,L,JPEG,11242,b017e845652a459637789f5704e9f67ccb7ea2f3710f104d5080b15304c6937b
58482,data/raw/teacher/test/images_test/58482.jpg,60.0,80.0,0.75,RGB,JPEG,12354,027cf8e14b1897b735412cf77694b4e73628bb0c82d7e6ca0e01f8a88dcfdd4c
58483,data/raw/teacher/test/images_test/58483.jpg,60.0,80.0,0.75,RGB,JPEG,12724,9f3486a7179393c1a746642c3dd349046fd6b889aa0a1231882a20d2ad325938
58484,data/raw/teacher/test/images_test/58484.jpg,60.0,80.0,0.75,RGB,JPEG,932,ea716e7f92b77fe7164bf6a6a590574b117a0009c18a2c7c198054406bb2f503
58485,data/raw/teacher/test/images_test/58485.jpg,60.0,80.0,0.75,RGB,JPEG,3112,efe6b5bc4bd9ecfcbbc2b9a8c4c07b8ae2eb68347d725e302314ab196b771a0f
58486,data/raw/teacher/test/images_test/58486.jpg,60.0,80.0,0.75,RGB,JPEG,17901,c12ef6cc00b6d575bde800511c6583693ddf059a35d26fe5f81b52ab59aac97c
58487,data/raw/teacher/test/images_test/58487.jpg,60.0,80.0,0.75,RGB,JPEG,11907,2740e0d00c90ea40f77d72be790d62240edb07e6b7bf97d8d5c70edddb86bd76
58488,data/raw/teacher/test/images_test/58488.jpg,60.0,80.0,0.75,RGB,JPEG,20868,0d7588bce3d41597a3a58629fad08f331effc2cf067104191f9b21c2d990abb6
58489,data/raw/teacher/test/images_test/58489.jpg,60.0,80.0,0.75,RGB,JPEG,15786,3cad1687b5a8da3aa2a46f551b4be6a3c81e3617a74f60c4257ef37fd1f64c84
58490,data/raw/teacher/test/images_test/58490.jpg,60.0,80.0,0.75,RGB,JPEG,4555,8b62cf3b6a072355d887a96b2def626d88d1dfd00847efb3f76c49d9b585c42a
58491,data/raw/teacher/test/images_test/58491.jpg,60.0,80.0,0.75,RGB,JPEG,2954,7e167ce446913307445039998e684fdaf3b6b54254073ca510f9836bbca4a74a
58492,data/raw/teacher/test/images_test/58492.jpg,60.0,80.0,0.75,RGB,JPEG,2812,78f2bf3db636ee4b0a7355afcc0a4bcc143965d8b57743360cd21423e416487b
58493,data/raw/teacher/test/images_test/58493.jpg,60.0,80.0,0.75,RGB,JPEG,3500,5e79c083ef39533712a2c7425f9eb887fd16ddbfdd31f8c2da1418e659248614
58494,data/raw/teacher/test/images_test/58494.jpg,60.0,80.0,0.75,RGB,JPEG,55641,1d994b02e6cb9cbce86240bcb85048509ba2c58df9eb4ac58ff082ee9ec455d7
58495,data/raw/teacher/test/images_test/58495.jpg,60.0,80.0,0.75,RGB,JPEG,17037,d78e793860fdf21e8aa59600ea53e2fd57b7f7940bea9c83e026d28f8b350e41
58496,data/raw/teacher/test/images_test/58496.jpg,60.0,80.0,0.75,RGB,JPEG,3365,e14d123ee6d5f6ff29e8d2f040d6ff8f1d8cea7211de615cd4ec12c6b7669e52
58497,data/raw/teacher/test/images_test/58497.jpg,60.0,80.0,0.75,RGB,JPEG,16548,eec58afb97091dd8b31aa964064b2ecc32b26d051b3f686b8aa465e5e410a617
58498,data/raw/teacher/test/images_test/58498.jpg,60.0,80.0,0.75,RGB,JPEG,18192,40a25bce97d5cead653e4ca2c61eff32ea026b34f4db65cc59e88a1659d15596
58499,data/raw/teacher/test/images_test/58499.jpg,60.0,80.0,0.75,RGB,JPEG,17701,b5443482783eb8b8c0c4cf65d056b3e28724464cfdbac23eb80f086f0600960c
58500,data/raw/teacher/test/images_test/58500.jpg,60.0,80.0,0.75,RGB,JPEG,18897,a29b2b4be06e0bf7ccb3e0ca19ea35fbee02f9a8cbe641e9ade0c555631c98ea
58501,data/raw/teacher/test/images_test/58501.jpg,60.0,80.0,0.75,RGB,JPEG,27220,6d9f339b496f17d6a684c8ef5baef25384c150167bbc476af3b64ff76f181b98
58502,data/raw/teacher/test/images_test/58502.jpg,60.0,80.0,0.75,RGB,JPEG,23870,67223da72acac2aa98b1d477c9dd42bb25c2b7bd400dedcd498f06c3a5e1dd29
58503,data/raw/teacher/test/images_test/58503.jpg,60.0,80.0,0.75,RGB,JPEG,3185,6913225df8e90391ffb3776d7b4e4f786ee98f1bc4ad3e5867e89ea22a54ecfa
58504,data/raw/teacher/test/images_test/58504.jpg,60.0,80.0,0.75,RGB,JPEG,3008,ef1d5cf5ae50eebde93c86115d473d04b1eb43797a0418017f4d4d198ff0a12a
58505,data/raw/teacher/test/images_test/58505.jpg,60.0,80.0,0.75,RGB,JPEG,2838,d3793b24647e5e6b62f10c827a6668345f5cdb4b44aab4113dfca63b9c2147d3
58506,data/raw/teacher/test/images_test/58506.jpg,60.0,80.0,0.75,RGB,JPEG,2975,8f3795c65b3f94df90d3f7b964c5e22f6f23f395e2c7e4a058d68346a9abcff2
58507,data/raw/teacher/test/images_test/58507.jpg,60.0,80.0,0.75,RGB,JPEG,17110,48eefd0560332e8ec7068237ee38c9abede6c08d054706f6de052f2ec02708bf
58508,data/raw/teacher/test/images_test/58508.jpg,60.0,80.0,0.75,RGB,JPEG,2772,36f1329b4bc8dc6cbf7d41b6b473b74c2a5e0e90016c5e2b647da6a9b6199ef1
58509,data/raw/teacher/test/images_test/58509.jpg,60.0,80.0,0.75,RGB,JPEG,3761,e37382d81496954274973b249ca8364c649a9a592e11d2e8f4184eeb842f4b9e
58510,data/raw/teacher/test/images_test/58510.jpg,60.0,80.0,0.75,RGB,JPEG,19966,c5b211cab594277ee45e4fb3f6774b13e7b8a389d656e9ca59928443bd45ae8e
58511,data/raw/teacher/test/images_test/58511.jpg,60.0,80.0,0.75,RGB,JPEG,3696,a3c68de4ca44e1c22f2bb3b9846f3ac5822ca3972f413064e673c34f51e0164a
58512,data/raw/teacher/test/images_test/58512.jpg,60.0,80.0,0.75,RGB,JPEG,17872,637be9db50750a8008763ae2f974f2fb4fbb090ae6e297e6aecb76e540b962eb
58513,data/raw/teacher/test/images_test/58513.jpg,60.0,80.0,0.75,RGB,JPEG,18082,378c6b4651fa1263450329278c111c4e8a91a0f91a8af4dbf8c2ccaa7cb8e242
58514,data/raw/teacher/test/images_test/58514.jpg,60.0,80.0,0.75,RGB,JPEG,3492,056c87209abb0f68f230344c7394473f19d0c19ee269f572552dd91fa2ccdac7
58515,data/raw/teacher/test/images_test/58515.jpg,60.0,80.0,0.75,RGB,JPEG,3657,3a736fb536e33eceb9700a7fa0106012920ee79bb4f437b9fd92a849922e11cb
58516,data/raw/teacher/test/images_test/58516.jpg,60.0,80.0,0.75,RGB,JPEG,3393,7d9f42450aa6fc6639b5bba35103e7d98408d8893728fd06c5c4893b2653a4b4
58517,data/raw/teacher/test/images_test/58517.jpg,60.0,80.0,0.75,RGB,JPEG,18114,4ccec792f9f97e587d65625af3cf579b638c5d5e933d6db16de3027015d0c718
58518,data/raw/teacher/test/images_test/58518.jpg,60.0,80.0,0.75,RGB,JPEG,19052,bc38bcbd358f7004f7a8fa12d9f12b45264013ced8a48a9d4a2642399d94d924
58519,data/raw/teacher/test/images_test/58519.jpg,60.0,80.0,0.75,RGB,JPEG,14337,5ff31203bd976bc9809c3f36546dfb1c26b85246cf4c42e6ab22ea983ed006e3
58520,data/raw/teacher/test/images_test/58520.jpg,60.0,80.0,0.75,RGB,JPEG,4699,dca6c795d95d46b01455358399308a05cc46d09f6334cfadc644c8b3b85f6ff2
58521,data/raw/teacher/test/images_test/58521.jpg,60.0,80.0,0.75,RGB,JPEG,19795,bede4088ccba75d6d4df209305f1bb375126281e92bd6796c81c6706caa3e2c5
58522,data/raw/teacher/test/images_test/58522.jpg,60.0,80.0,0.75,RGB,JPEG,17069,9cbf4a2a029477180dc71cbc722304c567a9414ab072a284a03306b9e2153c8b
58523,data/raw/teacher/test/images_test/58523.jpg,60.0,80.0,0.75,RGB,JPEG,3895,dca06690cfaa0b826d1d96c25c8f24a78ee33edb77a5f020aca15450ea0cab2b
58524,data/raw/teacher/test/images_test/58524.jpg,60.0,80.0,0.75,RGB,JPEG,11687,efe01c20d9b9bfcb66e1d8dfbd8a2d771a8a27536f6ebd3481fe14bee86faf74
58525,data/raw/teacher/test/images_test/58525.jpg,60.0,80.0,0.75,RGB,JPEG,3337,f7cb7fe82ee70f52ce8846911b2aa2284ecd8a6720c761d0c1e7336966ff5083
58526,data/raw/teacher/test/images_test/58526.jpg,60.0,80.0,0.75,RGB,JPEG,3437,dae823ee89609905914fbcdb488724c3237ca6bd763447219d3fc79650d8c590
58527,data/raw/teacher/test/images_test/58527.jpg,60.0,80.0,0.75,RGB,JPEG,12909,e732fa3b9e899177ae13b1ff9f0c5226cdf2ae7d2454c61ef6c6ec04e3e639b8
58528,data/raw/teacher/test/images_test/58528.jpg,60.0,80.0,0.75,RGB,JPEG,36330,878557bdd72fc4a7daffb4dc4ce0e07be8cacfdaf81ee08fbd98b38c1bd519e4
58529,data/raw/teacher/test/images_test/58529.jpg,60.0,80.0,0.75,L,JPEG,47427,140845345dceeecada729b9b71abd4cf0630a594c2428a507eb84ea6c86d358e
58530,data/raw/teacher/test/images_test/58530.jpg,60.0,80.0,0.75,RGB,JPEG,13136,a2da28b930740ef1f850feb0046dc57ecc32cfc6f9c3ea7c4ef9bd5b22c2d073
58531,data/raw/teacher/test/images_test/58531.jpg,60.0,80.0,0.75,RGB,JPEG,18198,ded08b4ee38a408a701c1560e4e337d75ef303ddceb7b4861b645791eb06021f
58532,data/raw/teacher/test/images_test/58532.jpg,60.0,80.0,0.75,RGB,JPEG,18857,1763e5cff42a0e10056689327126ca26383a44750720550847c8d82ac524bf9d
58533,data/raw/teacher/test/images_test/58533.jpg,60.0,80.0,0.75,RGB,JPEG,19008,75109b411ebd9ec0dee4a50dfbcdda8f8f3e0f1fed46cc82d1e9838c7a2a421d
58534,data/raw/teacher/test/images_test/58534.jpg,60.0,80.0,0.75,RGB,JPEG,36947,dda2b12db390ffda5c033e6bc084855c9a2068767e46ba74908a38bd226dd208
58535,data/raw/teacher/test/images_test/58535.jpg,60.0,80.0,0.75,RGB,JPEG,31845,f2f6ea69a0b8678457f32b8b84c621374d7f45a0192a306ec1abf8d8419e674d
58536,data/raw/teacher/test/images_test/58536.jpg,60.0,80.0,0.75,RGB,JPEG,18270,5ee330905c2cfba74534529459ff31187989f7c3d1e0d6a746b15eeba7a87a82
58537,data/raw/teacher/test/images_test/58537.jpg,60.0,80.0,0.75,RGB,JPEG,38069,250a2f3408969b5ec51edd494fa18617051ad50e32d84b22f120412ec536f013
58538,data/raw/teacher/test/images_test/58538.jpg,60.0,80.0,0.75,RGB,JPEG,18666,f20d9aa9ac14f5027ef8efeb985b96f65c78fce38abba66ba716ff8ac8abb558
58539,data/raw/teacher/test/images_test/58539.jpg,60.0,80.0,0.75,RGB,JPEG,12305,4f72f8bee25247bfb5c499fb95d954e0722450731852babd97eb4f43eac6807f
58540,data/raw/teacher/test/images_test/58540.jpg,60.0,80.0,0.75,RGB,JPEG,18395,c35ed6122e382d74633910a6cb84054bb9339b75e1fe7778189489744117adb2
58541,data/raw/teacher/test/images_test/58541.jpg,60.0,80.0,0.75,RGB,JPEG,19707,c3fe166d169959428b1012f223d8d3b713112d37f1e963478fcaf15679e07b1a
58542,data/raw/teacher/test/images_test/58542.jpg,60.0,80.0,0.75,RGB,JPEG,12738,f9296c78a7bedcd05e70c930965fda0f418a0f3c0cfbb516b1bc59e4e4df7101
58543,data/raw/teacher/test/images_test/58543.jpg,60.0,80.0,0.75,RGB,JPEG,12535,41c8ed40c5509315a348225c3510a6ea2bd7beef86d555250c37860871534652
58544,data/raw/teacher/test/images_test/58544.jpg,60.0,80.0,0.75,RGB,JPEG,19603,f91a42fa3684fd4fc7c10b53f14ab6eb237becae3ffe93ebc50ef55193c865c5
58545,data/raw/teacher/test/images_test/58545.jpg,60.0,80.0,0.75,RGB,JPEG,12540,e115d6dd6dc21f2c7b46dc4fcd8bb9e00b836fdd53ef8a50586f884c0f0dd27d
58546,data/raw/teacher/test/images_test/58546.jpg,60.0,80.0,0.75,RGB,JPEG,13211,ece1305ae66179c337df10818a980d39d8310c0901df2b2ca7d3abe443f2ae89
58547,data/raw/teacher/test/images_test/58547.jpg,60.0,80.0,0.75,RGB,JPEG,18898,40e4b85d1ef5285e0267723c921399fb071434923939535a44ea0f88e301669f
58548,data/raw/teacher/test/images_test/58548.jpg,60.0,80.0,0.75,RGB,JPEG,43269,81a42f92e1a119c520c0ba2fbf6b23b47661fb8f5a4442e55129fb8f1ca89aa4
58549,data/raw/teacher/test/images_test/58549.jpg,60.0,80.0,0.75,RGB,JPEG,19134,accfbb2123216df99ed531b09c9e621752eb50e29fb8e16f8c01c2faa0d42c18
58550,data/raw/teacher/test/images_test/58550.jpg,60.0,80.0,0.75,RGB,JPEG,19314,0d824e0216a887211424250319a18aec31ed16483d68beed629748d25f387ced
58551,data/raw/teacher/test/images_test/58551.jpg,60.0,80.0,0.75,RGB,JPEG,12177,84da50da9591125624c88f9663ae283fdc0eb7c8437e73ef2308e34e58682aec
58552,data/raw/teacher/test/images_test/58552.jpg,60.0,80.0,0.75,RGB,JPEG,19516,56920dc7ed87d208715c6350c34d5a6e24d7230833cc916a3e266f1af485815b
58553,data/raw/teacher/test/images_test/58553.jpg,60.0,80.0,0.75,RGB,JPEG,19928,f7fab01910fa198a6ad32b3ce0791b508121e05cca8d44caf394376aaaeb9669
58555,data/raw/teacher/test/images_test/58555.jpg,60.0,80.0,0.75,RGB,JPEG,18670,acae23d7a81659fcbb1933798bd36ff0c724c56cd9296958b5a13383dab70399
58559,data/raw/teacher/test/images_test/58559.jpg,60.0,80.0,0.75,RGB,JPEG,4240,f46ef21ffff8460caf890831c91950bba4c08f1861505bb0dbfd31c5321201c3
58560,data/raw/teacher/test/images_test/58560.jpg,60.0,80.0,0.75,RGB,JPEG,15316,732d6f96407cb2c88a78b0d713b5758edfb683769fe1cb5397a47962d4ef2fda
58561,data/raw/teacher/test/images_test/58561.jpg,60.0,80.0,0.75,RGB,JPEG,13276,03a7159f95fc284840df09a5d08e2359a52aa979754f56e7c516869b639be303
58562,data/raw/teacher/test/images_test/58562.jpg,60.0,80.0,0.75,RGB,JPEG,15312,a2b6be0e240d9041c3774d072f2664103b17d2dd9d66c50909e436c193f19aad
58563,data/raw/teacher/test/images_test/58563.jpg,60.0,80.0,0.75,RGB,JPEG,16620,1b6fe761d03520142ecd6a56e280c45151606f1f262b73200d9ed223acf10279
58565,data/raw/teacher/test/images_test/58565.jpg,60.0,80.0,0.75,RGB,JPEG,3401,88d1e889ca0485b0c45cc29d916bff85c81129c0b8843675e77014b41018d301
58566,data/raw/teacher/test/images_test/58566.jpg,60.0,80.0,0.75,RGB,JPEG,23143,ecd6b5d31e79ea692f5c4c17ed42333aa047efe06654016347d3ece53d5714a1
58567,data/raw/teacher/test/images_test/58567.jpg,60.0,80.0,0.75,RGB,JPEG,3151,5100f0fec96179b0e5800274de26451ac6f01ce54a83a6a7231371520ae21273
58569,data/raw/teacher/test/images_test/58569.jpg,60.0,80.0,0.75,RGB,JPEG,3732,1cb88a5949117bf9083ca7b03897070c48b7c37dbec87f766869e1d5e933a3c5
58570,data/raw/teacher/test/images_test/58570.jpg,60.0,80.0,0.75,RGB,JPEG,3384,4213776aa81a2d3d44b64a376c49158b46eb05a1ac62ce9178ad096e0ebb9c8c
58571,data/raw/teacher/test/images_test/58571.jpg,60.0,80.0,0.75,RGB,JPEG,15816,0891517b7679dc7ddb1ce50d9bb7a6afd4da099c6f5b1295c7b2b74082c5e031
58573,data/raw/teacher/test/images_test/58573.jpg,60.0,80.0,0.75,RGB,JPEG,4528,ae86f09dcb0f68eb12271db4bc077bc49e85872672d73c306253e8b593d53c23
58574,data/raw/teacher/test/images_test/58574.jpg,60.0,80.0,0.75,RGB,JPEG,4201,e9be3e745b9ea34434c1e2494a33a10e7ef5f2b28359ccb558361a089c9edb85
58576,data/raw/teacher/test/images_test/58576.jpg,60.0,80.0,0.75,RGB,JPEG,23505,d3723d0cf6960aec21d5fdda5c60c9a6a230581974648345fc2ccdd59713d906
58577,data/raw/teacher/test/images_test/58577.jpg,60.0,80.0,0.75,RGB,JPEG,4317,f11f5383b4a85a5af67e7861d04844d543d9a2ff7f0550c456db6ec9eb94e4e6
58581,data/raw/teacher/test/images_test/58581.jpg,60.0,80.0,0.75,RGB,JPEG,18214,7efbe48cd49b4cd6a8f7e2380e6cd68f5f38f11aaab2f41c358d909d0b520446
58586,data/raw/teacher/test/images_test/58586.jpg,60.0,80.0,0.75,RGB,JPEG,4612,d2839de6bf5fe60818f54e27b2d1ae33850ca6a75c1bccfbe0b5b25e6a219c93
58588,data/raw/teacher/test/images_test/58588.jpg,60.0,80.0,0.75,RGB,JPEG,16957,29d8a8b936ce8712eb18306ad1576ec2692551d08ae2f5d27dc7e574bdd0ea0b
58589,data/raw/teacher/test/images_test/58589.jpg,60.0,80.0,0.75,RGB,JPEG,22040,aad96a0edf3918d529b3367f9777cd45d1fb0d3e10854eadceeda781d0961060
58590,data/raw/teacher/test/images_test/58590.jpg,60.0,80.0,0.75,RGB,JPEG,75897,c59b13119fdd8df6d2da4d3a9a8f1567c35fced0be2430fd236bcaf83b3a375b
58591,data/raw/teacher/test/images_test/58591.jpg,60.0,80.0,0.75,RGB,JPEG,4189,9c394d52be09260f4550c918e4413f7a8ae8ebb04972bba7d86b7787d2e5399a
58600,data/raw/teacher/test/images_test/58600.jpg,60.0,80.0,0.75,RGB,JPEG,19528,e009183e4cfeed3e17eb8e3f61729d032731bbaf43c0d8bd70dbde49e04cea53
58603,data/raw/teacher/test/images_test/58603.jpg,60.0,80.0,0.75,RGB,JPEG,19366,a6bf6c4c5a1d93b7d0f78e11d3840e4860b9afe4448f0e0bdb9ae39ecb7355e1
58605,data/raw/teacher/test/images_test/58605.jpg,60.0,80.0,0.75,L,JPEG,16206,811ac9b89a1d7f0d2f9b920ed82df7002178e16b60b14358770971760a9d032d
58606,data/raw/teacher/test/images_test/58606.jpg,60.0,80.0,0.75,RGB,JPEG,13231,be6dbb67c49cd234afd8376280219cdcecc607470ece08f1e2ade8c98ad34334
58607,data/raw/teacher/test/images_test/58607.jpg,60.0,80.0,0.75,RGB,JPEG,2334,7acad1887317ebf57b07ed7d508474b9b5ebecf78b6b50f29f6c8df36c91dd73
58608,data/raw/teacher/test/images_test/58608.jpg,60.0,80.0,0.75,RGB,JPEG,30974,0e115d48962bc6d65a1babe328d8d8cfbd3fd50c92d57bf3d174538952084bd5
58609,data/raw/teacher/test/images_test/58609.jpg,60.0,80.0,0.75,RGB,JPEG,12866,05cde08918966db4bc1cc986382c376cc5f6e69909333272e88a9b593d4cbd8d
58610,data/raw/teacher/test/images_test/58610.jpg,60.0,80.0,0.75,RGB,JPEG,16435,e26690f673815ef27eca1626f2dddadc6dae5d084e7ecc2317025e187870e970
58611,data/raw/teacher/test/images_test/58611.jpg,60.0,80.0,0.75,RGB,JPEG,15803,395c1398b6b49e2bc46e69c006bb39ca7b488d3ef53bb52694320e4b6c75874b
58612,data/raw/teacher/test/images_test/58612.jpg,60.0,80.0,0.75,RGB,JPEG,13519,5233c7a9dc6dcb7968a01a7d60ba8505d3964a01eaa5b5614d9f6b3f3a4452e0
58614,data/raw/teacher/test/images_test/58614.jpg,60.0,80.0,0.75,RGB,JPEG,11071,99e3e29f195adad4b8fc61e43e78c0f40cee97e265b3da5b143d5935ae1417fe
58615,data/raw/teacher/test/images_test/58615.jpg,60.0,80.0,0.75,RGB,JPEG,16859,b70050c1224583be14f0d6b232d96c2d5eb6d50a62adcc278921a0727e3466d7
58616,data/raw/teacher/test/images_test/58616.jpg,60.0,80.0,0.75,L,JPEG,25464,9fbcc3dcb1cf9cffe7175f4a5d1a38dc6c0fb3db7c7b87cc9567abca973743c8
58618,data/raw/teacher/test/images_test/58618.jpg,60.0,80.0,0.75,RGB,JPEG,18596,51ebcdabef5c9e349ff88afd136719ee0bae849ca87210fb03b97ac154a8cae0
58619,data/raw/teacher/test/images_test/58619.jpg,60.0,80.0,0.75,L,JPEG,11219,d26493fd340dbd405707b0a49380b4276926b5958d1fcec49f0288652b595991
58620,data/raw/teacher/test/images_test/58620.jpg,60.0,80.0,0.75,RGB,JPEG,1699,6c67e33799ec90083d3e3ade1c48d0f6f12145aede1a57a516ce9549b4706ffa
58621,data/raw/teacher/test/images_test/58621.jpg,60.0,80.0,0.75,RGB,JPEG,17551,57ca4fe6aa197c712aee3c159905caf57ea45ef45ebb196ef2969569bead11b2
58622,data/raw/teacher/test/images_test/58622.jpg,60.0,80.0,0.75,RGB,JPEG,24549,c5d1e74b686c1ca919dc4b5c3d3396beb5e9f73bd22b633934b1c72b067be321
58624,data/raw/teacher/test/images_test/58624.jpg,60.0,80.0,0.75,RGB,JPEG,13574,92c0d05616f5a24febe9fc24f9da9a4a3b99ef0ea5151e8770ad1c63c2ccbe0f
58625,data/raw/teacher/test/images_test/58625.jpg,60.0,80.0,0.75,RGB,JPEG,18550,4643cd80199aef79e21ec29111a93c1b1df60c2f816f3ba910f874bf321d65de
58626,data/raw/teacher/test/images_test/58626.jpg,60.0,80.0,0.75,RGB,JPEG,20294,5f02116867134befe057c795f035273c564dcb328d3e0d60672d41fc82bacf58
58627,data/raw/teacher/test/images_test/58627.jpg,60.0,80.0,0.75,RGB,JPEG,14718,c5ff9c7a7ad324bee81507b22edcb68a724c93b3c6f46958804443cb25c57dcc
58628,data/raw/teacher/test/images_test/58628.jpg,60.0,80.0,0.75,RGB,JPEG,28801,71624f8dfee620803848711b91832e650a6f0b9fd889e4913658569cad312bc2
58629,data/raw/teacher/test/images_test/58629.jpg,60.0,80.0,0.75,RGB,JPEG,21878,2c38edbdf62a9a1a45edbaf2986f4c81ac83c92b5b59e8f234360841e4078aed
58634,data/raw/teacher/test/images_test/58634.jpg,60.0,80.0,0.75,RGB,JPEG,20907,32ac604839bc90a80b3870f2822268c425c0b72b42d3e0b96eb97a1da0979a85
58635,data/raw/teacher/test/images_test/58635.jpg,60.0,80.0,0.75,RGB,JPEG,38599,afaeb6708673b0a169ca0547581a0010f155be52745b0be7b54aa6f806c5ba9a
58636,data/raw/teacher/test/images_test/58636.jpg,60.0,80.0,0.75,RGB,JPEG,18370,02e4a056ef89c57dc952c785b7dc6de902ff59eed5ac15fc4191acb9eeeb45f5
58637,data/raw/teacher/test/images_test/58637.jpg,60.0,80.0,0.75,RGB,JPEG,13306,0e4d675ab72116b33ee960f0897402a08c0093fe56f6dfcddfe634e9b5c99d7d
58638,data/raw/teacher/test/images_test/58638.jpg,60.0,80.0,0.75,RGB,JPEG,13452,496237613ebe06c0dfc0710fabb6652ee7ae57867de6f932fbc13a5c3a35d767
58639,data/raw/teacher/test/images_test/58639.jpg,60.0,80.0,0.75,RGB,JPEG,14960,75377f477bc76765d3d9e2585a5b3df4fedfa5e35826a29f9e6df0465d552eb1
58640,data/raw/teacher/test/images_test/58640.jpg,60.0,80.0,0.75,RGB,JPEG,22090,692443693d689d1117485903ef1d5fd7240add53717d7e7bf3c939f13a7b362c
58641,data/raw/teacher/test/images_test/58641.jpg,60.0,80.0,0.75,RGB,JPEG,15407,b573a0560247eb65dbe45c377f3ba10c4c3c1c5dddd744b7296064d1c2e544cd
58642,data/raw/teacher/test/images_test/58642.jpg,60.0,80.0,0.75,RGB,JPEG,15468,17a2f8751e7f735a8328717f4db3412928b353155dd77296b828f3ca7362b66e
58643,data/raw/teacher/test/images_test/58643.jpg,60.0,80.0,0.75,RGB,JPEG,2080,f72af24ca41539b2bee4e455e1a77ffc48e89bd35a17bce0104d2d3a829e0132
58644,data/raw/teacher/test/images_test/58644.jpg,60.0,80.0,0.75,RGB,JPEG,2473,7aea8979784d471d91b5d2776d9cec7e2f9c9b0eba796c69f350a3819d61978c
58645,data/raw/teacher/test/images_test/58645.jpg,60.0,80.0,0.75,RGB,JPEG,3145,b1a646643194ddc21c2bde5d10c0adc27182a7009ee05b84239bbda90e84bcc7
58646,data/raw/teacher/test/images_test/58646.jpg,60.0,80.0,0.75,RGB,JPEG,3114,5960a9b280addfcb4780f02b5b680cde8f8e2418fb3e26c6c0103d281655a27e
58647,data/raw/teacher/test/images_test/58647.jpg,60.0,80.0,0.75,RGB,JPEG,2425,02106f21e7f38d24379024b995ef9018b440bf5930f379fdcee05e3658dd9086
58648,data/raw/teacher/test/images_test/58648.jpg,60.0,80.0,0.75,RGB,JPEG,3195,57dbe52973e74677ae4e131b613ad06e3db984ffc7f726fc04723c3d0129d4e9
58652,data/raw/teacher/test/images_test/58652.jpg,60.0,80.0,0.75,RGB,JPEG,2450,10b5a9efcd1f75655d011bda8003ef989db53930fb85944a0bb7fdcfa49ed3cc
58653,data/raw/teacher/test/images_test/58653.jpg,60.0,80.0,0.75,RGB,JPEG,2296,fe73e4c7c410e9a5dba437318d6611a96565fed4c51096df4cb7b5d4631ec4c6
58654,data/raw/teacher/test/images_test/58654.jpg,60.0,80.0,0.75,RGB,JPEG,3135,4a4ddab37cbd2eb5642c75a38095fdca7a7da82056bc9ce0e1772f9909efc381
58655,data/raw/teacher/test/images_test/58655.jpg,60.0,80.0,0.75,RGB,JPEG,3655,66277a60cbe9d2f19535a083baf1a9c7774cccd7eaedfe2a4ad4f0e7e2ac08e1
58656,data/raw/teacher/test/images_test/58656.jpg,60.0,80.0,0.75,RGB,JPEG,4166,b1bdc1d01c64849082645b60a6b9340465f537406c1d1d64aa05f5c0b4257de6
58657,data/raw/teacher/test/images_test/58657.jpg,60.0,80.0,0.75,RGB,JPEG,21822,976622c8fd1b8bf1e44306ea9887067aa63c3b35cdfa1368414853d71a53fe63
58658,data/raw/teacher/test/images_test/58658.jpg,60.0,80.0,0.75,RGB,JPEG,3269,c89f2d8e54f24aa675fca915a2c017cc4e99974a176f6f747a0528aedd3c29d6
58659,data/raw/teacher/test/images_test/58659.jpg,60.0,80.0,0.75,RGB,JPEG,2886,2727c62b930b1dba1cab6bcf877a1a9b3ec5b246bc71b48bb7cdbd0c8b145955
58660,data/raw/teacher/test/images_test/58660.jpg,60.0,80.0,0.75,RGB,JPEG,3551,d06bc6359da109194a64582081b05f6c9a1200848705d9fdf6dc570fd60940a6
58661,data/raw/teacher/test/images_test/58661.jpg,60.0,80.0,0.75,RGB,JPEG,15129,26be04ba06db8bf96ff962c22e7ce2c1d00e29a0178cd095112ac37e50d65b9f
58662,data/raw/teacher/test/images_test/58662.jpg,60.0,80.0,0.75,RGB,JPEG,17081,05fdeb50a4432b6338d5b4e89832230cc0d0292a68904eb3e2346a8915b59bf0
58663,data/raw/teacher/test/images_test/58663.jpg,60.0,80.0,0.75,RGB,JPEG,16472,2e2a5b26e1d1e518c49a7286dad61771ff06fba7e31c2b0ed23c9b444e794a4c
58664,data/raw/teacher/test/images_test/58664.jpg,60.0,80.0,0.75,RGB,JPEG,27166,8c5bd80014d50b9ae1ff01fc329de08d6bb7e99d6a233a00c9ecc4cfe4b1b6c9
58666,data/raw/teacher/test/images_test/58666.jpg,60.0,80.0,0.75,RGB,JPEG,2941,7cda118de27500ef799e43382148c7253d2174f9136402928edc25a6da975b9b
58667,data/raw/teacher/test/images_test/58667.jpg,60.0,80.0,0.75,RGB,JPEG,2984,b0769654629789cd81c3afe9960ea2b01fb0c40f7594d5dda3f0a2d7b7f7d9e7
58668,data/raw/teacher/test/images_test/58668.jpg,60.0,80.0,0.75,RGB,JPEG,19687,e16b042b952bac0f40571154fc62d6a90b70c4124c7672afebcfe4fae54061cf
58669,data/raw/teacher/test/images_test/58669.jpg,60.0,80.0,0.75,RGB,JPEG,3290,8853e7c4f0a5fc88370973ec34437495773aa20867af7cd91c58d9faf8de3a13
58670,data/raw/teacher/test/images_test/58670.jpg,60.0,80.0,0.75,RGB,JPEG,2622,bd275e6e852fa566a0051722d7489fd538daabf172f2e83336a4da7130dfd583
58671,data/raw/teacher/test/images_test/58671.jpg,60.0,80.0,0.75,RGB,JPEG,15449,31de43375dbccfc3423b42dd0f3892253b67a03ff400b9f7d6a9ba3a074751a5
58672,data/raw/teacher/test/images_test/58672.jpg,60.0,80.0,0.75,RGB,JPEG,2643,4a003483fa1a5173f9690f1e75f7910ab121b4f1fb10ed32eb85fa975f8b8727
58673,data/raw/teacher/test/images_test/58673.jpg,60.0,80.0,0.75,RGB,JPEG,16595,08325611d1a709ba7c3ff018cc1b8e60f3def423116faca68915a0e63d24419f
58674,data/raw/teacher/test/images_test/58674.jpg,60.0,80.0,0.75,RGB,JPEG,3067,4aeb30e6a4569757f71dfd1b56a5b020f9b42f78e9f126c01b1c62e0e9bd16ea
58675,data/raw/teacher/test/images_test/58675.jpg,60.0,80.0,0.75,RGB,JPEG,2383,8a8972e1a4b5ef3968829293558ee7065d10078515eaccf400900eaeef5ea633
58676,data/raw/teacher/test/images_test/58676.jpg,60.0,80.0,0.75,RGB,JPEG,2344,4425023ca3e677f702b82d4b85caf63b83786609aa2d1e33f32b7d92ee19728e
58677,data/raw/teacher/test/images_test/58677.jpg,60.0,80.0,0.75,RGB,JPEG,2725,5fbc7c0bdb6f9edc146d544c08ac0e303f5e2b79947fb5795510002147b9c0fb
58678,data/raw/teacher/test/images_test/58678.jpg,60.0,80.0,0.75,RGB,JPEG,2880,b66741c95dbde42013561ab41ab9374529d7facba9215a016dd5488282b85e05
58680,data/raw/teacher/test/images_test/58680.jpg,60.0,80.0,0.75,RGB,JPEG,23473,9cf9a422834c014253a87ce57c074d4803bba3f05149c2f50e0e5e8eb679551b
58681,data/raw/teacher/test/images_test/58681.jpg,60.0,80.0,0.75,RGB,JPEG,15050,fcdcf09b1265475d215e9bb1164ca1dc7af1296313b36ae387e01e0bda912d49
58682,data/raw/teacher/test/images_test/58682.jpg,60.0,80.0,0.75,RGB,JPEG,2907,3d2d5ced4ae8ad0bf64f14e6d95928044b87780da5c807263d3da2dc1901c3bf
58683,data/raw/teacher/test/images_test/58683.jpg,60.0,80.0,0.75,RGB,JPEG,15042,19b3b565f6aa3edef5f3e560c308bef712e3802aae0ceb7aad9af1b07046cdc6
58684,data/raw/teacher/test/images_test/58684.jpg,60.0,80.0,0.75,RGB,JPEG,2855,f0204cf7d89a9ef9e56b7b9ef8656b1396294e87202be4e342d93e878aac97f4
58685,data/raw/teacher/test/images_test/58685.jpg,60.0,80.0,0.75,RGB,JPEG,3363,3856b4364d03c460f3152c1e65131ce8cc8bf50b54e539cc58aec95dcd450fcf
58686,data/raw/teacher/test/images_test/58686.jpg,60.0,80.0,0.75,RGB,JPEG,25221,e7424ef3d9ce76c9d1fd392b236b28ac27cd30e888639dc8a887f6393d3137a1
58687,data/raw/teacher/test/images_test/58687.jpg,60.0,80.0,0.75,RGB,JPEG,3243,438d2abb4e4afefc388631dc0716748c93da4a3ba551bcbcfea85c8a10518183
58689,data/raw/teacher/test/images_test/58689.jpg,60.0,80.0,0.75,RGB,JPEG,15027,438df7cb9967dc1e0cabb391fc2aade57cf123c32cf070411dc7fa72af05a365
58690,data/raw/teacher/test/images_test/58690.jpg,60.0,80.0,0.75,RGB,JPEG,2841,8dc1c9e51948972ab8393d4b1cb4365acfc2d6d42080091f21344eec9bc28455
58691,data/raw/teacher/test/images_test/58691.jpg,60.0,80.0,0.75,RGB,JPEG,2824,27d7f42826bfd03a3415ece5a82cce37a2e18324d312a63bc93efcbda67a0297
58692,data/raw/teacher/test/images_test/58692.jpg,60.0,80.0,0.75,RGB,JPEG,2852,87a0140ed9cb6e84564d8b35d9f45df5b1c73f7d1147b8c50498f5cec229feb6
58693,data/raw/teacher/test/images_test/58693.jpg,60.0,80.0,0.75,RGB,JPEG,3519,387ab2de1fde64909164d03251d5d81bdd89768497f73594e70317e41fe1a22f
58694,data/raw/teacher/test/images_test/58694.jpg,60.0,80.0,0.75,RGB,JPEG,15851,05461052b07ebcd8dc0a432d294c60f74bdcd0c873946ddefe868ada069d7130
58695,data/raw/teacher/test/images_test/58695.jpg,60.0,80.0,0.75,RGB,JPEG,22131,f45e971bf5744c3e9f4908f66fb6210906d5b10787a0a8165dc6f210b9e775e3
58696,data/raw/teacher/test/images_test/58696.jpg,60.0,80.0,0.75,RGB,JPEG,3551,37dbfb2bd408f6728129a4ff8cd654241c1b55be547cefc8fc144c3a4ca6778b
58698,data/raw/teacher/test/images_test/58698.jpg,60.0,80.0,0.75,RGB,JPEG,3321,c4a88497b9e1f57f0c46c72899ffc4d7bb5f5703c0110118e21c40085eeb0c9b
58700,data/raw/teacher/test/images_test/58700.jpg,60.0,80.0,0.75,RGB,JPEG,2544,332fe3abf97d874116f7f5a8d2c9528e0b623155d86761398e0cd1e0d2e98f03
58701,data/raw/teacher/test/images_test/58701.jpg,60.0,80.0,0.75,RGB,JPEG,2702,2fd747c3548e6cd7d91368ef763e06d08586ee26bb0c9821a073f5ffb9b683a8
58702,data/raw/teacher/test/images_test/58702.jpg,60.0,80.0,0.75,RGB,JPEG,2534,2d0f97c02c83d5e4e6348ae9935cab4afe8e6253c24568f043b5614f38f5136c
58703,data/raw/teacher/test/images_test/58703.jpg,60.0,80.0,0.75,RGB,JPEG,2303,b9873be1810bd59e4120901bfbdf7d72f3d8812701bc28fddc44045b155d2ada
58718,data/raw/teacher/test/images_test/58718.jpg,60.0,80.0,0.75,RGB,JPEG,4036,2ffc5ff9f4487fd188581dfe32f30c7a86b1d066c7ce197a9ae81d25862ce8dc
58719,data/raw/teacher/test/images_test/58719.jpg,60.0,80.0,0.75,RGB,JPEG,14573,d9d00fee4533b064247d701272314133016ada77215da3e5d42a0712617a6160
58720,data/raw/teacher/test/images_test/58720.jpg,60.0,80.0,0.75,RGB,JPEG,22375,47d3d1ab48418976589e15382fcd7dc2283a26aa573871d5f2f755102d4f45aa
58722,data/raw/teacher/test/images_test/58722.jpg,60.0,80.0,0.75,RGB,JPEG,4737,4bd30cf0449ec5a4897b21927f7b9893ad1582ac82bb3b16bd339affa66bec3a
58723,data/raw/teacher/test/images_test/58723.jpg,60.0,80.0,0.75,RGB,JPEG,4576,7ace90046a482200edd86fb3573d7650f15588b965f1f8ebdfdec65191974f87
58724,data/raw/teacher/test/images_test/58724.jpg,60.0,80.0,0.75,RGB,JPEG,4345,33a2d3cb153082e07c9a9a4b229b9aa8569da8e4bcca83d084a5fc91ca42b1bf
58725,data/raw/teacher/test/images_test/58725.jpg,60.0,80.0,0.75,RGB,JPEG,3804,0b3be2d28787654f82bf61b6674b2761b6bea94b4c7ce8f8cf30a1014272e310
58726,data/raw/teacher/test/images_test/58726.jpg,60.0,80.0,0.75,RGB,JPEG,3723,9728bd269f18e2ecab94211a46dc2b5aabd11947b3531c6df73bd16407ee6394
58727,data/raw/teacher/test/images_test/58727.jpg,60.0,80.0,0.75,RGB,JPEG,4219,86e24160c60b703d25b0990b36d9433e10c29c5f4f964ca965588f2acd8eea34
58728,data/raw/teacher/test/images_test/58728.jpg,60.0,80.0,0.75,RGB,JPEG,4156,74612a53173837e3fcba07412668c8822e54099f6f91ae3a42456adc5d260b06
58729,data/raw/teacher/test/images_test/58729.jpg,60.0,80.0,0.75,RGB,JPEG,4723,b1dcc99415f9c112f28df5c5eabb4196c0e1ad66289b97ba4dc9973c63b32455
58730,data/raw/teacher/test/images_test/58730.jpg,60.0,80.0,0.75,RGB,JPEG,22055,9a0aedcffc287bae48c3a1c4cd0c75f4ac42d7763bd433c98b044e0cd4243309
58731,data/raw/teacher/test/images_test/58731.jpg,60.0,80.0,0.75,RGB,JPEG,17878,899a970e743f53adca57e5557d82793f3a5f68ac8a4b8f2837511bd6952473bb
58732,data/raw/teacher/test/images_test/58732.jpg,60.0,80.0,0.75,RGB,JPEG,3746,1795b528281abe4baf50f223347129691a8a354051db42d99d7caf071fcc8758
58734,data/raw/teacher/test/images_test/58734.jpg,60.0,80.0,0.75,RGB,JPEG,21788,1e20cedaa8ce7ff8d5bc75c6e5d945453dc2ec3c609f5f59718e341e6573fc38
58735,data/raw/teacher/test/images_test/58735.jpg,60.0,80.0,0.75,RGB,JPEG,4682,f3c0f1990206c33845d0f0ec2e73ec8bcf9f88acb0292dcf49c0113f3f4fae51
58736,data/raw/teacher/test/images_test/58736.jpg,60.0,80.0,0.75,RGB,JPEG,22826,19f4c3bd54cb2edf35e6d50ab6194fbc221373e92ab1e03995b1bd07cc6544f9
58737,data/raw/teacher/test/images_test/58737.jpg,60.0,80.0,0.75,RGB,JPEG,16308,65a306332dc6991b054e6389ddcafb133660d0742e05af89f9ca3d60664436b6
58738,data/raw/teacher/test/images_test/58738.jpg,60.0,80.0,0.75,RGB,JPEG,26127,3f85ed9a4603d75c5040aab1004b3e259fe204c15f26042e2d6bf8d4c1e2094c
58740,data/raw/teacher/test/images_test/58740.jpg,60.0,80.0,0.75,RGB,JPEG,21852,c973eca471b7c82742aa96ac28c0607571dee3cbcbe22b4b1db29b43bad1947a
58741,data/raw/teacher/test/images_test/58741.jpg,60.0,80.0,0.75,RGB,JPEG,4024,18743c9c43f86abb383d9624bb999fcf9a569b04738623626cb8f906fe7cd5bf
58742,data/raw/teacher/test/images_test/58742.jpg,60.0,80.0,0.75,RGB,JPEG,3764,78721c196561b66042a5b5f52c85fec33063ea4231a8451bd6a31499750eff76
58743,data/raw/teacher/test/images_test/58743.jpg,60.0,80.0,0.75,RGB,JPEG,22794,9612c90ee73cbd1f7eae2fd2f665623429ab49a0ec6b8e4012b63b00f00a37ea
58744,data/raw/teacher/test/images_test/58744.jpg,60.0,80.0,0.75,RGB,JPEG,22075,179357fb6d1a670883543356240ef555b3c5a816305c97474f0ab1086746e26b
58745,data/raw/teacher/test/images_test/58745.jpg,60.0,80.0,0.75,RGB,JPEG,24020,a8bbb02c0533cdddd079799d645ce2f8cad8a86349c79bc95f186a66f0a3179d
58765,data/raw/teacher/test/images_test/58765.jpg,60.0,80.0,0.75,RGB,JPEG,3280,39c724ed1a698cb1d2d7f11c2312f71407331eb7e3f801416203e8b416367a1f
58770,data/raw/teacher/test/images_test/58770.jpg,60.0,80.0,0.75,RGB,JPEG,3281,5a9178a295a3df09f895eccb14dd9545647509af22d795896099f83e41b9f869
58793,data/raw/teacher/test/images_test/58793.jpg,60.0,80.0,0.75,RGB,JPEG,2836,f5a911bbcd60f7942c77e88470bad22e760e91313c81fca2f16ab6f8379a3582
58794,data/raw/teacher/test/images_test/58794.jpg,60.0,80.0,0.75,RGB,JPEG,2889,d9667002b01afbdd266bb46c5a69d3132a8340f71845841df96f294c955835b4
58795,data/raw/teacher/test/images_test/58795.jpg,60.0,80.0,0.75,RGB,JPEG,15956,1ecbc07f2a5381690fc27861b380dcf368300068ae61a47cfad8f89226295fe3
58796,data/raw/teacher/test/images_test/58796.jpg,60.0,80.0,0.75,RGB,JPEG,2952,2c69c69151a8cda5f6c82fa2270e18aa534f06dbe635824975ac45494a142ac1
58797,data/raw/teacher/test/images_test/58797.jpg,60.0,80.0,0.75,RGB,JPEG,3062,1795fe4a492058879f94c0556cbfadd4b40b90d77f50744281d0258ee508f8ca
58798,data/raw/teacher/test/images_test/58798.jpg,60.0,80.0,0.75,RGB,JPEG,21931,4a81f4f902845012b2f3ff73f6ad5d95597c7192ae704c2beafbc4c3203ff4e7
58800,data/raw/teacher/test/images_test/58800.jpg,60.0,80.0,0.75,RGB,JPEG,3001,35673bafce56bc5f2c473d62f01e34bbec2f1f80a05a3bcb6f53f7fbfb4b9611
58801,data/raw/teacher/test/images_test/58801.jpg,60.0,80.0,0.75,RGB,JPEG,24742,b9da5103c2be26f6afc3876af415c21a14051137c0090462cf65c54a83e07d28
58802,data/raw/teacher/test/images_test/58802.jpg,60.0,80.0,0.75,RGB,JPEG,2856,c15712350877531f2566c920399d8fde338f667abeb127bd2e88a96f30a6b0fb
58805,data/raw/teacher/test/images_test/58805.jpg,60.0,80.0,0.75,RGB,JPEG,2514,8f2a9bd30e6597dd6f12c465ec7080a42a56d1e3af1fd7a05d70ff93e678e697
58807,data/raw/teacher/test/images_test/58807.jpg,60.0,80.0,0.75,RGB,JPEG,3552,386b3ed6574ca83e10d8beb0417c2beaf97e70aa6737e5570e8a1a99f2b6495e
58808,data/raw/teacher/test/images_test/58808.jpg,60.0,80.0,0.75,RGB,JPEG,2983,eb3b03ef1790469ad83539df43cfa8dd5f7614ce4bfd55774dce0b5c3a1ad168
58809,data/raw/teacher/test/images_test/58809.jpg,60.0,80.0,0.75,RGB,JPEG,14670,5dc418fa2f926d43807bc00ac5b8514b91e5eee4fc675b85d43047f38991eeb2
58810,data/raw/teacher/test/images_test/58810.jpg,60.0,80.0,0.75,RGB,JPEG,24267,ac2019929a4eb321991513fa4d60c90702345ebcf3464dca53c39d1dcecd78d5
58815,data/raw/teacher/test/images_test/58815.jpg,60.0,80.0,0.75,RGB,JPEG,19192,a2b182863d5fffa98fba659fa88c4fb9f0af7661429ff652a520090db44ab55b
58816,data/raw/teacher/test/images_test/58816.jpg,60.0,80.0,0.75,RGB,JPEG,19367,00d96c3e75e1bd8cd472cdbc837235bc831a5c31e1092732a3d3483a5a21086b
58817,data/raw/teacher/test/images_test/58817.jpg,60.0,80.0,0.75,RGB,JPEG,11698,d0ccaa94241ce261003be6d83ad76aedb33bde365ca9400c0d645765795cc7e0
58818,data/raw/teacher/test/images_test/58818.jpg,60.0,80.0,0.75,RGB,JPEG,12787,6cb48849be66c83f1494369f373477cb4d5260772734a79ebc1eb3c4702a1a5e
58819,data/raw/teacher/test/images_test/58819.jpg,60.0,80.0,0.75,RGB,JPEG,12757,3cccda4f981ed43e7c1d4dba24d627698658a3ac6e8048b9cedf02c77b952a0d
58820,data/raw/teacher/test/images_test/58820.jpg,60.0,80.0,0.75,RGB,JPEG,42674,278a8d4823ab357fe0da5c5f42b2c85453d6335ace0fc97f17246490a7af6f7e
58821,data/raw/teacher/test/images_test/58821.jpg,60.0,80.0,0.75,RGB,JPEG,1480,13837539031da1f51d0e4abb55e35418da95c059ff61234088c3662a3efb46a1
58822,data/raw/teacher/test/images_test/58822.jpg,60.0,80.0,0.75,RGB,JPEG,22647,530a501428211f4788cf48e65c6b54937d292f55f4e339b9be1f20bccd9a1e70
58823,data/raw/teacher/test/images_test/58823.jpg,60.0,80.0,0.75,L,JPEG,1245,2013c32e756a64d4ec22aed479f8f28866b8e6a10d3fd088d8c5141897a7e81d
58825,data/raw/teacher/test/images_test/58825.jpg,60.0,80.0,0.75,RGB,JPEG,25068,48b8367de6a6563e8615aaf9177a0f12081f2a8b0be3f87c2dff3742b85b9ad9
58827,data/raw/teacher/test/images_test/58827.jpg,60.0,80.0,0.75,RGB,JPEG,1294,05e6cf8205ea007980654d664a6c74bf81c95d6d78330d10e1e05f3b5e2b6985
58828,data/raw/teacher/test/images_test/58828.jpg,60.0,80.0,0.75,RGB,JPEG,20372,efeb08897cb63cf23c4eb412a0a98bb1fbfb8a313e41846222b89ec32ed5f250
58829,data/raw/teacher/test/images_test/58829.jpg,60.0,80.0,0.75,RGB,JPEG,934,4656712140b9db157e8a412d29c81ff0ab0854420e3c55448b6490ab41c2330b
58830,data/raw/teacher/test/images_test/58830.jpg,60.0,80.0,0.75,RGB,JPEG,19195,d4f80f9a5551a9e16ca8b38fba14a4ae02f03f10a5caa32f8e1120f7f8382a7a
58831,data/raw/teacher/test/images_test/58831.jpg,60.0,80.0,0.75,RGB,JPEG,21714,db7d82ba2c17797374f6aac15172b30baeb0cdba69db2ae15c3922913824f8c9
58832,data/raw/teacher/test/images_test/58832.jpg,60.0,80.0,0.75,RGB,JPEG,17948,522103ca17f0d2ae3b20cc93280378b51307dc43fa616ea5630a3183b801897c
58833,data/raw/teacher/test/images_test/58833.jpg,60.0,80.0,0.75,RGB,JPEG,18051,d5c2e5e02db2a79cb74ee5e243d56bd45401198f0b7cfd0299c1d803c65ba2da
58834,data/raw/teacher/test/images_test/58834.jpg,60.0,80.0,0.75,L,JPEG,17915,bf36d7f946a7712ed6620de214eb58fc17034358d5158c6603318d48aae743d1
58835,data/raw/teacher/test/images_test/58835.jpg,60.0,80.0,0.75,RGB,JPEG,18074,de26eee8ca53911007064e3b20c61f033a87d5c951252099bb59f1547d01e93d
58836,data/raw/teacher/test/images_test/58836.jpg,60.0,80.0,0.75,RGB,JPEG,31815,f604b7af2aa080c46bec7993860b82fea82617929ccbb85f629f5ae089fd30ec
58837,data/raw/teacher/test/images_test/58837.jpg,60.0,80.0,0.75,RGB,JPEG,17670,1692c17096fa14523ee84f6bc7e0562bb744b0c7a6519cdf322bbde60f79b522
58838,data/raw/teacher/test/images_test/58838.jpg,60.0,80.0,0.75,RGB,JPEG,11633,466742122d3f7c9860568c0814488c2a3baa08c4b4ccb8e8d3709136b7938943
58839,data/raw/teacher/test/images_test/58839.jpg,60.0,80.0,0.75,RGB,JPEG,11050,b3b3bcbbfc9f8d9239d48cf3a9092c2c266b6ad8cc34cedf3ed75dae4a5f8502
58840,data/raw/teacher/test/images_test/58840.jpg,60.0,80.0,0.75,RGB,JPEG,28511,d2fbdbf68d1dffee044eef592f0d9bbe3578c3cad5f57f98420404f286593d69
58841,data/raw/teacher/test/images_test/58841.jpg,60.0,80.0,0.75,RGB,JPEG,11265,52866ce83e413d1409b337bd340b66f5fc003bf84b11d9bcc09ec027edfc793f
58842,data/raw/teacher/test/images_test/58842.jpg,60.0,80.0,0.75,RGB,JPEG,16765,1da63e5dc78f3ee69ac3f28e9aa0211831a33a331f85defbfe2c75c8a7f2a947
58843,data/raw/teacher/test/images_test/58843.jpg,60.0,80.0,0.75,RGB,JPEG,19054,2098a9abd687f14a0564533559b42688406af080e15cb456ce37da3edefe3191
58844,data/raw/teacher/test/images_test/58844.jpg,60.0,80.0,0.75,RGB,JPEG,18878,25ebca8e42f7bfa8fc6f28c2fe57f12313eed3c0149a90a37465f412ad92664b
58845,data/raw/teacher/test/images_test/58845.jpg,60.0,80.0,0.75,RGB,JPEG,18098,e8f3df4d6423d4a726d11cfe9b7b4529743968767636ee2d8fa03063073a407a
58846,data/raw/teacher/test/images_test/58846.jpg,60.0,80.0,0.75,RGB,JPEG,18505,69aba59cb5b8296e66323698d75bef807e4750457061c81365eb5205597c76cf
58847,data/raw/teacher/test/images_test/58847.jpg,60.0,80.0,0.75,RGB,JPEG,12515,5f03c00eb01a322e91e10eccedc19286562569000b12f6d04eba81d36dac152c
58848,data/raw/teacher/test/images_test/58848.jpg,60.0,80.0,0.75,RGB,JPEG,12516,d0ba24e9d1822d3f1392f4884bc7c912bdd7fe9cfbf8260ee0025cf94fb968b3
58849,data/raw/teacher/test/images_test/58849.jpg,60.0,80.0,0.75,RGB,JPEG,12964,1810a0499d2db10acfe9f3fa19b47a68b8517da564fff7da1ec5a9bc32a4400c
58850,data/raw/teacher/test/images_test/58850.jpg,60.0,80.0,0.75,RGB,JPEG,30241,82e078ff248fb37a998e15ad1913aa406c96e51710809bfb80aa327913e5fec4
58851,data/raw/teacher/test/images_test/58851.jpg,60.0,80.0,0.75,RGB,JPEG,18372,a90203ab33465fe6a1fa2ff42b20dc135bfca8f4f46dc77ab4e37d8a794ad354
58852,data/raw/teacher/test/images_test/58852.jpg,60.0,80.0,0.75,RGB,JPEG,18472,b955c2b753ef7f37155fbd2540ad2d346850a6e258d6e5f6366800546fe8c6f0
58853,data/raw/teacher/test/images_test/58853.jpg,60.0,80.0,0.75,RGB,JPEG,18304,6a894c3fba336aa9baa32159e74647c78e36a6ced6ab5d1308aed385b0558b79
58854,data/raw/teacher/test/images_test/58854.jpg,60.0,80.0,0.75,RGB,JPEG,17162,f71a9393f8ae59d6f97005a2d89a179af4058091cff9764430aeb9763e9e86f4
58855,data/raw/teacher/test/images_test/58855.jpg,60.0,80.0,0.75,RGB,JPEG,11695,2c03200c8692eded0cb5f9b1a3d63566ba80ecc9f160df064fef85bc204b6924
58856,data/raw/teacher/test/images_test/58856.jpg,60.0,80.0,0.75,L,JPEG,31169,3224c1ee2342c260b99f26565732e54cbf84f77300cc43086e0abe3b19926ebb
58857,data/raw/teacher/test/images_test/58857.jpg,60.0,80.0,0.75,RGB,JPEG,19034,dbf6d61d8f0351ca4d6897c91355b2988686238ed8c93b79ca24d4b877821f53
58858,data/raw/teacher/test/images_test/58858.jpg,60.0,80.0,0.75,RGB,JPEG,12932,805593dbd364383fb85a69c330737cb866f97d965c69fa4dc0de702cc8a9533d
58859,data/raw/teacher/test/images_test/58859.jpg,60.0,80.0,0.75,RGB,JPEG,18930,fa304383199f4e06d2c8c63c16402832200c8939440c128d0230cdb6a74c5f96
58860,data/raw/teacher/test/images_test/58860.jpg,60.0,80.0,0.75,RGB,JPEG,19038,b290fe6a2883982e3915d12e99c51d0eb4b0fa92018027e050e119445ba6fe05
58861,data/raw/teacher/test/images_test/58861.jpg,60.0,80.0,0.75,RGB,JPEG,13694,fd7a47aa9b6f17587da0262688527dbbcb8bc25ea122008bc7f36d69172e57ae
58862,data/raw/teacher/test/images_test/58862.jpg,60.0,80.0,0.75,RGB,JPEG,12095,403ecc0465c0bfec6a5a2a63dda2aea2340e9915d4bd74e509b9e8b8dd74d0d1
58863,data/raw/teacher/test/images_test/58863.jpg,60.0,80.0,0.75,RGB,JPEG,12096,4c57fdfbe56a1e953bee65f2e3465ff705edd4348806e08f7965a0c85b67830d
58864,data/raw/teacher/test/images_test/58864.jpg,60.0,80.0,0.75,RGB,JPEG,12658,84917281b416b450824286724e6a2f40d3123ffba3c4ed5df412f1ddebd79045
58865,data/raw/teacher/test/images_test/58865.jpg,60.0,80.0,0.75,RGB,JPEG,18605,4d37eb59a8e834808978cc0e8cc49a9d5485a33389ddc219fdd63a15c06ea76d
58867,data/raw/teacher/test/images_test/58867.jpg,60.0,80.0,0.75,RGB,JPEG,18216,33feb01adf09e25eef0e71ca12b763ffb6d860c9a26a01b19965e93d5b3660d7
58868,data/raw/teacher/test/images_test/58868.jpg,60.0,80.0,0.75,RGB,JPEG,19117,1ca0e8631b897ee50e4927ec9176947a227189d0a3f12397b5257846b6b68597
58869,data/raw/teacher/test/images_test/58869.jpg,60.0,80.0,0.75,RGB,JPEG,12433,de97117d6486b3fe1828bdf9373a5bb3e25db9a8623e5fa045c39a9c9ac0f2b8
58870,data/raw/teacher/test/images_test/58870.jpg,60.0,80.0,0.75,RGB,JPEG,10814,b5f2ed45ae197e47e69e2ea2f3567aec7ab9c4734623b2b533c3d0a1655302a2
58871,data/raw/teacher/test/images_test/58871.jpg,60.0,80.0,0.75,RGB,JPEG,18733,1967ef64e8a255cb00f8ba1c954e88712b4d75b49eee3a8c4ebb75d3942e1821
58872,data/raw/teacher/test/images_test/58872.jpg,60.0,80.0,0.75,RGB,JPEG,12761,36a72045ee0abf8175499199d4dea0ca69a11f6593f8861b986d2ecd393f694b
58873,data/raw/teacher/test/images_test/58873.jpg,60.0,80.0,0.75,RGB,JPEG,13306,054ec524e72b2faeb4105d7d19714616db720c304dc9be407f07265c5e0cf2f1
58874,data/raw/teacher/test/images_test/58874.jpg,60.0,80.0,0.75,RGB,JPEG,13763,725a65567624a1ab15f1046aed1d49736de75f6d6f05675cd13ac5b8e2bdde57
58875,data/raw/teacher/test/images_test/58875.jpg,60.0,80.0,0.75,RGB,JPEG,11209,e5455769e85ff2a5e017505958f93d73a14bd6810f26de0a39e845556572e609
58876,data/raw/teacher/test/images_test/58876.jpg,60.0,80.0,0.75,RGB,JPEG,23566,87a5ad3f9f3375735f2a3e8b4cd394580e031dd39084526a96ef066a8264df5b
58877,data/raw/teacher/test/images_test/58877.jpg,60.0,80.0,0.75,RGB,JPEG,11622,d462ff1bfaa99ddc93aaa2aeb5d0fa757117b5dd7fde9a4c1c1eb8a31fb75607
58878,data/raw/teacher/test/images_test/58878.jpg,60.0,80.0,0.75,RGB,JPEG,19362,d33a9b21a1065b3da6230af0c007bddf87740de00aabc554d9156450ebeadf52
58879,data/raw/teacher/test/images_test/58879.jpg,60.0,80.0,0.75,RGB,JPEG,13130,cc89b09daded6daf7d627b49d1d4b93af22a9aa2ccb6a9dcf721637b5dce27d0
58880,data/raw/teacher/test/images_test/58880.jpg,60.0,80.0,0.75,RGB,JPEG,11710,b47d8fe38b24f8f65dc4122120072f3e17729174b5aaac13f25bd43fd28a3a0a
58881,data/raw/teacher/test/images_test/58881.jpg,60.0,80.0,0.75,RGB,JPEG,11533,e5b30a18b4fa72c94bba679edbef6202a8c1acce7dc97d1c7da232a903b40220
58882,data/raw/teacher/test/images_test/58882.jpg,60.0,80.0,0.75,RGB,JPEG,17878,a1e97f7110f23376c29ceee3c7ed3f001dc5105fd341e4f5403c6805a438d022
58883,data/raw/teacher/test/images_test/58883.jpg,60.0,80.0,0.75,RGB,JPEG,12013,cc9aeb7778600f797e15722001ce78337525e6d8af0d8d785bfbad74a181ab7e
58884,data/raw/teacher/test/images_test/58884.jpg,60.0,80.0,0.75,RGB,JPEG,16722,34d8cb09bbfc95cb7fdefdf92fe4c5f1b05de78b49a96c4f729636c653e26d86
58885,data/raw/teacher/test/images_test/58885.jpg,60.0,80.0,0.75,RGB,JPEG,23731,ce211816235c94bd3c7025d153ba94d56430730b927571c143fc062a932ab96f
58886,data/raw/teacher/test/images_test/58886.jpg,60.0,80.0,0.75,RGB,JPEG,11066,182482eb36cb1ccf4be3517b383c25ae184afaccefa311a5c930ea4d6afd52ec
58887,data/raw/teacher/test/images_test/58887.jpg,60.0,80.0,0.75,RGB,JPEG,12525,ccb0fd2821a0e88c238c2645c81864b1008370d0eebb250fcbaafe667f61dae1
58888,data/raw/teacher/test/images_test/58888.jpg,60.0,80.0,0.75,RGB,JPEG,17091,0329153e634f6403e5be146e9d19ed4cad2bfeb50e74a0d19a9d39dcfcba438d
58889,data/raw/teacher/test/images_test/58889.jpg,60.0,80.0,0.75,RGB,JPEG,13464,d960bde8fa01cae9d603d45abd8614cf6da7ee8b3c6faa33b977a878d7c1773a
58890,data/raw/teacher/test/images_test/58890.jpg,60.0,80.0,0.75,RGB,JPEG,19209,70e28065ce3eb451d755af2ad601a1d6dbd730368d120a8c6a0cd694f50d64d6
58891,data/raw/teacher/test/images_test/58891.jpg,60.0,80.0,0.75,RGB,JPEG,10598,2bc5db7923517621268fccea00f3e907d4a099692fd230418d434d869b48d902
58892,data/raw/teacher/test/images_test/58892.jpg,60.0,80.0,0.75,RGB,JPEG,17416,dc13f6312ff23b3b0f9fbecfd29e9b528daa02e88cb683f8c8d4e977a7fcccf3
58893,data/raw/teacher/test/images_test/58893.jpg,60.0,80.0,0.75,RGB,JPEG,17696,57771f223c526480426d28072a7e65b19d4d13ab86defaaf194e219cf363bf88
58894,data/raw/teacher/test/images_test/58894.jpg,60.0,80.0,0.75,L,JPEG,11675,0c401105c4108001eeccd1bfd4b271e2a7d6702039a5600c28c4b684bfcda731
58895,data/raw/teacher/test/images_test/58895.jpg,60.0,80.0,0.75,L,JPEG,11690,3465f6c01d4a10e5bdbf3831453b1e2f944b3365eccd63f16bef39cc68a5e1d7
58896,data/raw/teacher/test/images_test/58896.jpg,60.0,80.0,0.75,RGB,JPEG,11895,ff800ff9dc050af194dec1cdccdcd020b50776c4580d4662e9121ad16cc1fdea
58897,data/raw/teacher/test/images_test/58897.jpg,60.0,80.0,0.75,RGB,JPEG,18168,7ca7d50213a767f35ac0f749ac94d1cd44903e86eefbe75324992619eff07341
58898,data/raw/teacher/test/images_test/58898.jpg,60.0,80.0,0.75,RGB,JPEG,18804,db99369ebbad0f4d7ed991f60e699e03ac107d38b8c931926b2ca822a502e8a5
58899,data/raw/teacher/test/images_test/58899.jpg,60.0,80.0,0.75,RGB,JPEG,11276,f3db1e1218c0b4aece2f73a3bacedc873c45e48c3c8993c4dfbfd7f2372cf437
58900,data/raw/teacher/test/images_test/58900.jpg,60.0,80.0,0.75,L,JPEG,19739,de4f786035fbc95dbda016a95ba26297897c626ad0057cb97242cde10d96c006
58901,data/raw/teacher/test/images_test/58901.jpg,60.0,80.0,0.75,RGB,JPEG,12356,466a0a2ed09e435424283c423346959c33e133b02b10d713d3d7b7f87a8656f4
58902,data/raw/teacher/test/images_test/58902.jpg,60.0,80.0,0.75,RGB,JPEG,11628,8febceb6a84434a2effb7104c3499e719a7906563802411f9389882a643f81aa
58903,data/raw/teacher/test/images_test/58903.jpg,60.0,80.0,0.75,RGB,JPEG,12818,8155050ad16f005738113857363eda0f29295d05f5a2e8ace79db60a958a46e4
58904,data/raw/teacher/test/images_test/58904.jpg,60.0,80.0,0.75,RGB,JPEG,11695,fb7aa7431f3211d24636003366cf487d5404cd18be3dad9051aab21a743ba798
58905,data/raw/teacher/test/images_test/58905.jpg,60.0,80.0,0.75,RGB,JPEG,19146,777b7a9da4904d60d17bd6990cd9a510edb1adf9d475137f4b14fe093f9b7267
58906,data/raw/teacher/test/images_test/58906.jpg,60.0,80.0,0.75,RGB,JPEG,12100,af85a40e1290a4d6f5de9bdb7d574f79dd218f366d6534bf62e1148101314410
58907,data/raw/teacher/test/images_test/58907.jpg,60.0,80.0,0.75,RGB,JPEG,12982,d8abce33fdfd6ff00ced9abbeedb9b016e6e287b6f0b6f3484a69f56a9c9b886
58908,data/raw/teacher/test/images_test/58908.jpg,60.0,80.0,0.75,RGB,JPEG,18406,baef96e97d0f25490f74ab75066510a71b9df733ef3b388217c29e50ec8a788a
58909,data/raw/teacher/test/images_test/58909.jpg,60.0,80.0,0.75,RGB,JPEG,17956,5a6ef069e0d11e4c71dc17fd9e1617f31a2a69d7dca85e5c0070c902ffbea654
58910,data/raw/teacher/test/images_test/58910.jpg,60.0,80.0,0.75,RGB,JPEG,12430,4453cc696152878326743be7b1852cdcb3f7ec0e2928aeaefd9b9701bedae141
58911,data/raw/teacher/test/images_test/58911.jpg,60.0,80.0,0.75,RGB,JPEG,11523,25c45fb82c1d9ef719f8831b037ed8a259bdaa32e370b3be2232d6ed0fcdb502
58912,data/raw/teacher/test/images_test/58912.jpg,60.0,80.0,0.75,RGB,JPEG,12756,6934b93c4238b7d557be3c2d3c2dc9df510a5bd5e829065dcf96b6feb6991315
58913,data/raw/teacher/test/images_test/58913.jpg,60.0,80.0,0.75,RGB,JPEG,12153,cdbb7e6a288c0e031dffd8260d848df9bc2f3e61135c4e062fecca3f9a942518
58914,data/raw/teacher/test/images_test/58914.jpg,60.0,80.0,0.75,RGB,JPEG,11657,f169b4166548314daebbac81b73b5bb0404b4aacf7bba68cd9104a7ffd6758b8
58915,data/raw/teacher/test/images_test/58915.jpg,60.0,80.0,0.75,RGB,JPEG,18061,dbfaba19c0ef5e21399f103aae3a84fd666b53a8540a82184baec86187c46ecb
58916,data/raw/teacher/test/images_test/58916.jpg,60.0,80.0,0.75,RGB,JPEG,12956,0d52a9733ff21928075e0c28370aaac576306831db7f5ee8cd7e8e398ea215fa
58917,data/raw/teacher/test/images_test/58917.jpg,60.0,80.0,0.75,RGB,JPEG,11081,09998f62aa23d372e52a45d2f8f953cb1dec162667d8dd69df1f2bc458137419
58918,data/raw/teacher/test/images_test/58918.jpg,60.0,80.0,0.75,RGB,JPEG,12692,84f15ab6fa58cd0feac0bd6677ae4a6759bbae42c69fe64867b8d7d27c79dfe5
58919,data/raw/teacher/test/images_test/58919.jpg,60.0,80.0,0.75,RGB,JPEG,12169,e1734fbaa201354de71d69b649df08329cd00f8f9dd4cd8797a88660c6fd54d3
58920,data/raw/teacher/test/images_test/58920.jpg,60.0,80.0,0.75,RGB,JPEG,24560,b40546a6fceaa12c66e50ddd8bc434c1b52261d8a630a5bfa558f4c693ca51b2
58921,data/raw/teacher/test/images_test/58921.jpg,60.0,80.0,0.75,RGB,JPEG,24235,d355ae84ed6b5ae0c93f2446124c11d4d45956ad6c58c841f788e883025d8f24
58922,data/raw/teacher/test/images_test/58922.jpg,60.0,80.0,0.75,RGB,JPEG,24408,9d2642268770e7cf6688efb929c7587b453d57d8677db16981fbf06e0eabf56a
58923,data/raw/teacher/test/images_test/58923.jpg,60.0,80.0,0.75,RGB,JPEG,24428,72e7cab00b743eb8d3bc90667cf33f540fbd213c6e0672275ccc2aee715c71c7
58924,data/raw/teacher/test/images_test/58924.jpg,60.0,80.0,0.75,RGB,JPEG,17838,73661545be591744c5ba20643137645edf2779fe318cc700ec23a0c6e41d0859
58925,data/raw/teacher/test/images_test/58925.jpg,60.0,80.0,0.75,RGB,JPEG,19973,4255372a3c58cac39d8bebe66d3baba1c54482232f6f39dbbb37b90ebce6ae51
58926,data/raw/teacher/test/images_test/58926.jpg,60.0,80.0,0.75,RGB,JPEG,23388,216430b80999b7abe25b2929a9abd1e41e64e1fd9f771936ba2a72109b9e0980
58928,data/raw/teacher/test/images_test/58928.jpg,60.0,80.0,0.75,RGB,JPEG,22787,3bf3788b1906b447aee5d3af7264a0704559bd16d102c337db72a6d409dd1316
58931,data/raw/teacher/test/images_test/58931.jpg,60.0,80.0,0.75,RGB,JPEG,13701,ba7b117d7ab390a169288ccd0829ebb7c6b0bce3fe45b3ec38ac13488f855e53
58932,data/raw/teacher/test/images_test/58932.jpg,60.0,80.0,0.75,RGB,JPEG,14110,762a78678f53e51d73f0fdef693dc7cffb3d43f6bc56247c85a58ea8d155002d
58934,data/raw/teacher/test/images_test/58934.jpg,60.0,80.0,0.75,RGB,JPEG,1597,a0ab7e7827ed5c94199c6f99fbee0bfea1bacd9f371b604272582593fd67c7ea
58935,data/raw/teacher/test/images_test/58935.jpg,60.0,80.0,0.75,RGB,JPEG,19873,e0869cb7a1b83d829a5c583c9edd277c39fd08febc2766805dbd583b38375397
58937,data/raw/teacher/test/images_test/58937.jpg,60.0,80.0,0.75,RGB,JPEG,24554,d84007fef3bd71277d361031ce4a0ce6f7cab911d508ecd309aa0576b7fea15b
58939,data/raw/teacher/test/images_test/58939.jpg,60.0,80.0,0.75,RGB,JPEG,1447,834b11bdf446d1927c726ad7efdc9d87bb4f2ed754b60b02e81f5e5f2197d81a
58940,data/raw/teacher/test/images_test/58940.jpg,60.0,80.0,0.75,RGB,JPEG,22439,52fb388dc8e34270cbb78aeaa804f3648848c20b7d846d43702e8bf7ee054d50
58941,data/raw/teacher/test/images_test/58941.jpg,60.0,80.0,0.75,RGB,JPEG,23485,6fb0de1a9e2e70fe367cbb944bf5f893bda7d5bbce4efd1c704f571c81639bbd
58942,data/raw/teacher/test/images_test/58942.jpg,60.0,80.0,0.75,RGB,JPEG,21254,f082a73cbb332cd7b1ed881baf21604ea36fb24c4ad16179a1885e3881f79032
58943,data/raw/teacher/test/images_test/58943.jpg,60.0,80.0,0.75,RGB,JPEG,17548,a3315e33b9fc922f6a5c1b264ea4e5e98060c3e0fe234d668cbba1970c047516
58944,data/raw/teacher/test/images_test/58944.jpg,60.0,80.0,0.75,RGB,JPEG,15852,c6b3bc8c0b295f8a4b5f8e42dadfc0371d7946fa149bce85946f681b3d7f26c2
58945,data/raw/teacher/test/images_test/58945.jpg,60.0,80.0,0.75,RGB,JPEG,9944,f8272cdd98acdc97191785b4349d3ed9548b4f8389f22543210c29e0f0325cd8
58946,data/raw/teacher/test/images_test/58946.jpg,60.0,80.0,0.75,RGB,JPEG,18404,21039c1d43fff263e26162b70e043460e59fcd6cf09acc8a567a11b6e7d017a1
58947,data/raw/teacher/test/images_test/58947.jpg,60.0,80.0,0.75,RGB,JPEG,18550,b943b8610c476afe9b66c6fff6cc9c52f10bc8aeacc8a48c07e163d970a3a023
58948,data/raw/teacher/test/images_test/58948.jpg,60.0,80.0,0.75,RGB,JPEG,12500,2785173411a6d623742f59c608305653a1f9e67001bc8be52a352592b7ad7fa5
58949,data/raw/teacher/test/images_test/58949.jpg,60.0,80.0,0.75,RGB,JPEG,12348,a53cea6a98c2d4bf12cb48c78f8275e7f6a57214f0092df3f357714525ca25ed
58950,data/raw/teacher/test/images_test/58950.jpg,60.0,80.0,0.75,RGB,JPEG,17709,03a20dde06506e2cb58f792079ee13c86ed5e244728a04a5ab96210b22f9cced
58951,data/raw/teacher/test/images_test/58951.jpg,60.0,80.0,0.75,RGB,JPEG,13723,b26ce06abc478d31264820837ab318eecd3a144923cbf780a79be56b1a27c945
58952,data/raw/teacher/test/images_test/58952.jpg,60.0,80.0,0.75,RGB,JPEG,20313,a3e4a8d1a573912e4796513c65b8010e019a5dd02162476e1e6419582f91b343
58954,data/raw/teacher/test/images_test/58954.jpg,60.0,80.0,0.75,RGB,JPEG,19674,065fac4aae60d05461a53b3065309129bb80996be26e6513e2bd60fbcb6d1db1
58955,data/raw/teacher/test/images_test/58955.jpg,60.0,80.0,0.75,RGB,JPEG,20398,4a9fbff837e09cdb76d9e614afca00c877a7d0b83db821eaa42f55f342127aa1
58956,data/raw/teacher/test/images_test/58956.jpg,60.0,80.0,0.75,RGB,JPEG,20187,f32664a9e23084d3ad233401cda1d1fe0ebffee3ce305030aab620c6cc2b4905
58958,data/raw/teacher/test/images_test/58958.jpg,60.0,80.0,0.75,RGB,JPEG,13794,1e0e2221828b704bf447e4aae95e4f82b5c8146ec14567d62d2c5458851f5741
58959,data/raw/teacher/test/images_test/58959.jpg,60.0,80.0,0.75,RGB,JPEG,18493,63437b9b24c23414e013c0b28776140f3c05bb01df73fead8800e862f4ff78db
58960,data/raw/teacher/test/images_test/58960.jpg,60.0,80.0,0.75,RGB,JPEG,19036,1ea26894826b9c8cf7512521665cc49ec1191b6b0a9751a289d0128d7c70234a
58961,data/raw/teacher/test/images_test/58961.jpg,60.0,80.0,0.75,RGB,JPEG,16770,86987723e0df22c0efc4a2087a6f34cf931724c7be9296870a53bdebfdb5de56
58962,data/raw/teacher/test/images_test/58962.jpg,60.0,80.0,0.75,RGB,JPEG,16605,513e0e766b569a782ac620a3c9a6f2a5617e8652d027f8cb1b64ba26624f3b39
58963,data/raw/teacher/test/images_test/58963.jpg,60.0,80.0,0.75,RGB,JPEG,18788,8d0f56eae05fb9b5c14a102cec2a72690a58c3f7132129ce410955e70cf4f1dd
58964,data/raw/teacher/test/images_test/58964.jpg,60.0,80.0,0.75,RGB,JPEG,19792,c0a59d3dc80c7f883c5831ac88b886c05c5deebb14770d30690b495bd2467e86
58965,data/raw/teacher/test/images_test/58965.jpg,60.0,80.0,0.75,RGB,JPEG,18819,d9d03e22b9acdfbf2847f4b88e001c3f5ed957aea255827a7fdd63f9f0bd1e40
58966,data/raw/teacher/test/images_test/58966.jpg,60.0,80.0,0.75,RGB,JPEG,18448,7dc4eb5de71fa15d639e809bc4cdda12b4fcecfdc81839105ce956ce18764442
58967,data/raw/teacher/test/images_test/58967.jpg,60.0,80.0,0.75,RGB,JPEG,18509,52bdb7bed4ce380bd1dbdbbe4ef7f422506a34451f5d52e68ad136c74ba30f95
58968,data/raw/teacher/test/images_test/58968.jpg,60.0,80.0,0.75,RGB,JPEG,18075,575311ec3347266aa046810514c5519b7bf9d4a7230ddeb96d1cd910ba6bc7b4
58969,data/raw/teacher/test/images_test/58969.jpg,60.0,80.0,0.75,RGB,JPEG,20470,91a3a365121e8e481ba3f0595fe5fad3c0a05c4636b785b9302ddd1bbf50c09b
58970,data/raw/teacher/test/images_test/58970.jpg,60.0,80.0,0.75,RGB,JPEG,16817,48dfa5817ec50a3fd7093d4e4e7891f830b4125ece68955ca924faa094b3b0fe
58971,data/raw/teacher/test/images_test/58971.jpg,60.0,80.0,0.75,RGB,JPEG,18513,836e495443235d4e4503bc57f448f6199e02eec8dd7247007e822883f1dbf8cf
58972,data/raw/teacher/test/images_test/58972.jpg,60.0,80.0,0.75,RGB,JPEG,18432,e6729a6c52b77685713fe839b3ba412b270d79fb204df6203739927fae63f912
58973,data/raw/teacher/test/images_test/58973.jpg,60.0,80.0,0.75,RGB,JPEG,11228,0558c12138199ed0303f4c942210881a8460a6065265ff1eb33142090e291f4f
58974,data/raw/teacher/test/images_test/58974.jpg,60.0,80.0,0.75,RGB,JPEG,17663,739101dc4efc4f1a55483be5026714b5bc7bd1ba12490776550bdbbfc912a617
58975,data/raw/teacher/test/images_test/58975.jpg,60.0,80.0,0.75,RGB,JPEG,18339,0a1fd365d83b53bcc7d74aaf6703a0d81bb9908f2db2546455822986b8cd3bbd
58976,data/raw/teacher/test/images_test/58976.jpg,60.0,80.0,0.75,RGB,JPEG,16279,f7d26d3b27e4ac342f3651ef1667bfc364827c08ee04dbd587d5d997880319c9
58977,data/raw/teacher/test/images_test/58977.jpg,60.0,80.0,0.75,RGB,JPEG,17452,0453437e4bcbfd94e3ab92d7367c317e62f88d9ad6ea3067ef4660e8d9a0e43a
58978,data/raw/teacher/test/images_test/58978.jpg,60.0,80.0,0.75,RGB,JPEG,18150,9d9b484394746d2f048840020c5abf93eefe88908f61083ef3f8a5833c00bd15
58979,data/raw/teacher/test/images_test/58979.jpg,60.0,80.0,0.75,RGB,JPEG,18428,40064cb9bf60f12f18e93fb904d40bdb7c1b95307ef230f9be24f5fc098d234e
58980,data/raw/teacher/test/images_test/58980.jpg,60.0,80.0,0.75,RGB,JPEG,18367,380ff16e3e5945aebdbba8d2ba4f3d9e427cbbb1d0799e96ff14f3d71b6eba63
58981,data/raw/teacher/test/images_test/58981.jpg,60.0,80.0,0.75,RGB,JPEG,11295,3c603d4a8382c3b8be5001178c377166bae17d9c6e08c4a90f7f9a45936812d8
58982,data/raw/teacher/test/images_test/58982.jpg,60.0,80.0,0.75,RGB,JPEG,18994,57c09135e7fbc82468af7ddb72043c2c88b129d2b02bddb9898f69b5eb95cea1
58983,data/raw/teacher/test/images_test/58983.jpg,60.0,80.0,0.75,RGB,JPEG,11365,1fe90d91a2739e53d057d2ed6af2f9bba8309d9e6ef6cfa8d0db679666a245d7
58984,data/raw/teacher/test/images_test/58984.jpg,60.0,80.0,0.75,RGB,JPEG,18479,d2d7f3b8ea9e67cf0f33dc0b088395f162f6db866a668ad55354b3f87245fb0b
58985,data/raw/teacher/test/images_test/58985.jpg,60.0,80.0,0.75,RGB,JPEG,19662,113135d72f700e49556f96e5d9f4599cf4c5f3d0fc08fd4e8bd212195468fc7c
58986,data/raw/teacher/test/images_test/58986.jpg,60.0,80.0,0.75,RGB,JPEG,18812,fd410d90f22b2fb31fdda95ecd9eff22626c9a8e3afabbfb3f197dc987dc5de6
58987,data/raw/teacher/test/images_test/58987.jpg,60.0,80.0,0.75,RGB,JPEG,19476,87da86787cb9d7fb3d5c8944728839e7e7267ef608d4a7a9196b0e8db4436516
58988,data/raw/teacher/test/images_test/58988.jpg,60.0,80.0,0.75,RGB,JPEG,19121,526b53dea14e48a48e12b446037531a45558b1f2c520b4c753bbc3043b985022
58989,data/raw/teacher/test/images_test/58989.jpg,60.0,80.0,0.75,RGB,JPEG,19166,efc9d48f262d934a794dddc47fcd71a2bcb406088e219c9a04897668381939f0
58990,data/raw/teacher/test/images_test/58990.jpg,60.0,80.0,0.75,RGB,JPEG,13093,694ba759b111f92a2a6bac68f15ce65acb79c5010101119f2e1158ce824bddad
58991,data/raw/teacher/test/images_test/58991.jpg,60.0,80.0,0.75,RGB,JPEG,19180,ab3b60db199fa05142a09e57903b848b1986574f26c33c47d0fab193623b44e9
58992,data/raw/teacher/test/images_test/58992.jpg,60.0,80.0,0.75,RGB,JPEG,20980,5f0391af4c687d51f748560a22bdda02ede6d9f315816c87324ab1153cb63c6c
59002,data/raw/teacher/test/images_test/59002.jpg,60.0,80.0,0.75,RGB,JPEG,18793,c6ea48fe948eb8a53d88b81cf25e4a21de12b1bc4122d3387c5e6ebb8413bd95
59003,data/raw/teacher/test/images_test/59003.jpg,60.0,80.0,0.75,RGB,JPEG,19124,6450404ec4b60572f7a935d4fb63ea6c91f632688017531f1319cd3d178408da
59004,data/raw/teacher/test/images_test/59004.jpg,60.0,80.0,0.75,RGB,JPEG,18356,ea1c996dfea2d547242f0e8d73ce23c469a4f2f730f6d8645981d29c48310577
59005,data/raw/teacher/test/images_test/59005.jpg,60.0,80.0,0.75,RGB,JPEG,19505,f533ecd49055860175ac3dc091a6ecc769d16366df616a387e6649950967dff7
59006,data/raw/teacher/test/images_test/59006.jpg,60.0,80.0,0.75,RGB,JPEG,20014,ad0482b4fdeadc523eb824af83f50f85a5ee624e88942d2f8f6b553bdf0fa567
59008,data/raw/teacher/test/images_test/59008.jpg,60.0,80.0,0.75,RGB,JPEG,20137,e90e02408d047f5a6802fae87fe7be7d90c918c2483a8bb7287f53a64c4a5ad7
59010,data/raw/teacher/test/images_test/59010.jpg,60.0,80.0,0.75,RGB,JPEG,21498,1f9c719a035aa72396ea712e74ba37d350e84d646d8c947f35bf8f2349310099
59011,data/raw/teacher/test/images_test/59011.jpg,60.0,80.0,0.75,RGB,JPEG,21743,5a354b0ddf376d5db816124813470da27a4ae794e05470783f481a195c9d9dc1
59012,data/raw/teacher/test/images_test/59012.jpg,60.0,80.0,0.75,RGB,JPEG,21150,ff782f55ae00d143a07e10a4f054c0f097d651b7654c7be28e489f92d2ebd1eb
59013,data/raw/teacher/test/images_test/59013.jpg,60.0,80.0,0.75,RGB,JPEG,39934,7a39cfba17ab3ba8c72b8e20caae95170bdf021e5ce73ad3065cdb551806d869
59014,data/raw/teacher/test/images_test/59014.jpg,60.0,80.0,0.75,RGB,JPEG,21306,81b57d58e0330c813612b89aad0f4b776db378d6ae58f720f19440cfc65f2db0
59015,data/raw/teacher/test/images_test/59015.jpg,60.0,80.0,0.75,RGB,JPEG,21714,96be9dc2c3dce5c52bcd75dcb9f20d0df11092b9358ce5d7e9987c25f98fe8b7
59016,data/raw/teacher/test/images_test/59016.jpg,60.0,80.0,0.75,RGB,JPEG,21678,1df079fcf1f4c87addb03c308eadd05e523f0a5ab45c5ea92e874d66d4b53a85
59017,data/raw/teacher/test/images_test/59017.jpg,60.0,80.0,0.75,RGB,JPEG,19021,c27c74fd0286303e8d3484e9c9da21524c0bf5e46bc0e9803aedf649d2141fd6
59018,data/raw/teacher/test/images_test/59018.jpg,60.0,80.0,0.75,RGB,JPEG,13937,5a54b9b41a8a4cc005dfad002d53bee4c285d18b8095541e007ef0db9fba7574
59019,data/raw/teacher/test/images_test/59019.jpg,60.0,80.0,0.75,RGB,JPEG,20041,cfdc72250bea8f3ceca1ec4828e623ae9e70ed5c2909057720e277ae64877cfc
59020,data/raw/teacher/test/images_test/59020.jpg,60.0,80.0,0.75,RGB,JPEG,13506,edeacbe3c7e9ee890ba6320dc52b0dc694c0353077aa025a5d1969ef1e856af9
59021,data/raw/teacher/test/images_test/59021.jpg,60.0,80.0,0.75,RGB,JPEG,35218,f871df05eff0d3e03b9994c8633d67e60202d58fc91dff250405215d9e984ae1
59022,data/raw/teacher/test/images_test/59022.jpg,60.0,80.0,0.75,RGB,JPEG,34421,b9c41c744eb366f8c161bc9684281fe468da1c008d51c36fe7c5e04bc2b47b66
59023,data/raw/teacher/test/images_test/59023.jpg,60.0,80.0,0.75,RGB,JPEG,19188,b65b2b94d35de3dba55fbf4db8bb01c8c105fd711931c9940c2ebf4f394d5ff6
59024,data/raw/teacher/test/images_test/59024.jpg,60.0,80.0,0.75,RGB,JPEG,12605,30ca353a0e596503c6fed33122cb43163e0781142c7e46b7e5ae8d238b0c2a3f
59025,data/raw/teacher/test/images_test/59025.jpg,60.0,80.0,0.75,RGB,JPEG,3389,831343eedb79f5d0db7f58dd5cc3b646b7dc45feeea47e9c79c0201ad5d92b48
59026,data/raw/teacher/test/images_test/59026.jpg,60.0,80.0,0.75,RGB,JPEG,13237,56c377286256a6a3d0a77893f4f5df7a36152252e35764f19f3ebc097ff73951
59027,data/raw/teacher/test/images_test/59027.jpg,60.0,80.0,0.75,RGB,JPEG,30719,5fb178bca1ab8e7af7a5c16c39519e33a7ea87f7f60207fb2233a88981413521
59028,data/raw/teacher/test/images_test/59028.jpg,60.0,80.0,0.75,RGB,JPEG,20303,272d9ac2908cc35e3288c62d5008cbcc7acddcd862e2265808bb22d8ae044ab9
59029,data/raw/teacher/test/images_test/59029.jpg,60.0,80.0,0.75,RGB,JPEG,28437,d4115998326168f510f4ba0c18bbbcba5c50139330518f9c6b8df9429e4c8856
59030,data/raw/teacher/test/images_test/59030.jpg,60.0,80.0,0.75,RGB,JPEG,21422,934738fbc72a8c78646eceee342dfb68c13700cbc31a7d3a7a74d8d9c8f580e3
59031,data/raw/teacher/test/images_test/59031.jpg,60.0,80.0,0.75,RGB,JPEG,20756,9b53ac1813e019b616b46e8f4ec109ee0c12c7a6eed3ab6b92bb0e21a1668d3a
59032,data/raw/teacher/test/images_test/59032.jpg,60.0,80.0,0.75,RGB,JPEG,22158,db01842b4e48bad28ccc13ce68aa9c823b2c1b5da0cd7bbeb3758451099b1b4e
59033,data/raw/teacher/test/images_test/59033.jpg,60.0,80.0,0.75,RGB,JPEG,43867,fc6cd566dbbc6c650df6a28ffd37cf29873bd1c1d72d7db9bfcf7b56edf3a9df
59034,data/raw/teacher/test/images_test/59034.jpg,60.0,80.0,0.75,RGB,JPEG,14176,ea8c95b1b8cbe9c9471c63b6ea6b51df41245af652ee39a15a235c8b8765bb27
59035,data/raw/teacher/test/images_test/59035.jpg,60.0,80.0,0.75,RGB,JPEG,14684,770dbaaa8fb3722ddf2f8d532408db82cde4c6f0cc90bcb06e2e76af0d7a9476
59036,data/raw/teacher/test/images_test/59036.jpg,60.0,80.0,0.75,RGB,JPEG,18692,eb75b579cb3f80039d0fe1b9659bb6dbb09c0c84491a7aa07ae03c0e8e819dbd
59037,data/raw/teacher/test/images_test/59037.jpg,60.0,80.0,0.75,RGB,JPEG,18643,9b0078ea466b63e61f7f2c048e1d35236c3101a83198942e7650bdc0c5e9c045
59038,data/raw/teacher/test/images_test/59038.jpg,60.0,80.0,0.75,RGB,JPEG,33543,712da3c54954c614a4aaa4e017e451a5fc9d31af873ded07f4a3d44bb4371af2
59039,data/raw/teacher/test/images_test/59039.jpg,60.0,80.0,0.75,RGB,JPEG,28231,79da10477192590a550c74ed93b1f697c79cc792ceb104e0a2e07f4fda2dc4eb
59040,data/raw/teacher/test/images_test/59040.jpg,60.0,80.0,0.75,RGB,JPEG,19395,b5fc7b2378b830744c6e9db2dd733b7515eded397fda83cea0ff90a1ee6aa023
59042,data/raw/teacher/test/images_test/59042.jpg,60.0,80.0,0.75,RGB,JPEG,21176,51e4d0dc500a553f5e17da667db388c6fb4daef03c27c88d5daccba5d75ccfdc
59043,data/raw/teacher/test/images_test/59043.jpg,60.0,80.0,0.75,RGB,JPEG,14955,b2c2cab426349b0334be8516488828727855fc44c92e60147607c86c875daefd
59044,data/raw/teacher/test/images_test/59044.jpg,60.0,80.0,0.75,RGB,JPEG,15059,6a5d9bafc414ccc037d9611cdbae71c697ae86b6f460c12ceedf12500b1e32f5
59045,data/raw/teacher/test/images_test/59045.jpg,60.0,80.0,0.75,RGB,JPEG,20337,73fa4e53385eda1820bd1f3f651ccd0ed1f296c61d79e07359ad03ea9588800a
59046,data/raw/teacher/test/images_test/59046.jpg,60.0,80.0,0.75,RGB,JPEG,20236,51425f59fc0de95548039dcaf7c11ebd608bda36aeca31eff0b0cd833a10c2f9
59047,data/raw/teacher/test/images_test/59047.jpg,60.0,80.0,0.75,RGB,JPEG,21360,418bee4c7cf2ebd6e4c60c91df5b44a3f93475ce33c107409812ee2788a23e5e
59048,data/raw/teacher/test/images_test/59048.jpg,60.0,80.0,0.75,RGB,JPEG,15344,4348643c0f05d1eaefe973a49816750c4db232c678564d32ae5fadba68753b51
59049,data/raw/teacher/test/images_test/59049.jpg,60.0,80.0,0.75,RGB,JPEG,15719,ba21ec8b824429850825da3a020684dc1ed3a9399e239f81d2ed4f39cc64f117
59050,data/raw/teacher/test/images_test/59050.jpg,60.0,80.0,0.75,RGB,JPEG,15607,178210ddf0f9788d370bbc9d66a8b88c79168dee5b42fa5bd33ad3fd361b2c95
59051,data/raw/teacher/test/images_test/59051.jpg,60.0,80.0,0.75,RGB,JPEG,20782,6e40835739f2ba36ef00e17c2c5cecbfe0263f62b42e78fb0986f10c0d5b2d34
59052,data/raw/teacher/test/images_test/59052.jpg,60.0,80.0,0.75,RGB,JPEG,14934,b1ea9a8e06c63edca87063d2ae36c7312d94addffccf4ff6dd19ed525e646328
59053,data/raw/teacher/test/images_test/59053.jpg,60.0,80.0,0.75,RGB,JPEG,20742,d1f0a57d5f1063037976ec10b2999765632aa8ffae273036e72d7e6b63558849
59054,data/raw/teacher/test/images_test/59054.jpg,60.0,80.0,0.75,L,JPEG,13245,99ecc32febcba25120ef5f04324791315dcb339460e743d6672af8bda822787b
59055,data/raw/teacher/test/images_test/59055.jpg,60.0,80.0,0.75,RGB,JPEG,12448,06530c6e09b3e3273a3c596b0c0eb597dec2680c15823774960fe532493e0f92
59056,data/raw/teacher/test/images_test/59056.jpg,60.0,80.0,0.75,RGB,JPEG,19731,83215ce3f61c9de39e014178ecba781afb8e2d381f1502e60d62da91d01d7a25
59058,data/raw/teacher/test/images_test/59058.jpg,60.0,80.0,0.75,RGB,JPEG,20563,829cc1ce63c5414d3fe92e5bffd756db709f2f90285e97781e054d733522a226
59059,data/raw/teacher/test/images_test/59059.jpg,60.0,80.0,0.75,RGB,JPEG,3889,35dd64108a1fff54be3775b29bd78ce244e88fccacad12b1db64af1645733978
59060,data/raw/teacher/test/images_test/59060.jpg,60.0,80.0,0.75,RGB,JPEG,3745,6953152ab7e202e0e6b567e6891a20646ccf6058d571285614d3602b1b7abfdd
59061,data/raw/teacher/test/images_test/59061.jpg,60.0,80.0,0.75,RGB,JPEG,19165,7130ad29e215d0e6640396e61a16f6aeb3e02393c8574740ca94584b7d03e168
59062,data/raw/teacher/test/images_test/59062.jpg,60.0,80.0,0.75,RGB,JPEG,26798,20ecf8349e489d7e002ce2ff476e8125bca296a7aa744ef6a3224c8a8a39cd8c
59063,data/raw/teacher/test/images_test/59063.jpg,60.0,80.0,0.75,RGB,JPEG,16443,8a822cf0669563c7c7e2a7bfd968c4431c76f5e4f5678a9c38f3319f48da4dc5
59064,data/raw/teacher/test/images_test/59064.jpg,60.0,80.0,0.75,RGB,JPEG,18492,912a489ececf3757f499f9ade7a11d7f6e51262585a43847a9b769e9b323f966
59065,data/raw/teacher/test/images_test/59065.jpg,60.0,80.0,0.75,RGB,JPEG,5073,db5a65a9829c501e21bca1c7af3ca4d8f2d252c4480ab3f6bd3081603ce73035
59066,data/raw/teacher/test/images_test/59066.jpg,60.0,80.0,0.75,RGB,JPEG,23204,20854386f10e27a99583513b802a325cd9d41a8b65c6b7ce860b0a0f53f2aca0
59067,data/raw/teacher/test/images_test/59067.jpg,60.0,80.0,0.75,RGB,JPEG,24780,51b4a1900c3c8fc83d66187bfc576216744e2f854500c79607e2676b35447da7
59068,data/raw/teacher/test/images_test/59068.jpg,60.0,80.0,0.75,RGB,JPEG,5397,cb19afeb0efdf7fd0dabff205f612fce1a1468bd12cfefe470eff817d5e57bf8
59069,data/raw/teacher/test/images_test/59069.jpg,60.0,80.0,0.75,RGB,JPEG,17267,26fa658c357e56c80ef0c7610a91dd728a4d6b87470d9ad62922d32e04124d74
59070,data/raw/teacher/test/images_test/59070.jpg,60.0,80.0,0.75,RGB,JPEG,26489,9764ae4db6a69708b546946564c48447d2ac9b04d3d2f18985123aedad0b6968
59071,data/raw/teacher/test/images_test/59071.jpg,60.0,80.0,0.75,RGB,JPEG,22947,9174f2f1c24acb58b7e6529ceb64699f1875ddc0f8a25a3332cc51988af66941
59072,data/raw/teacher/test/images_test/59072.jpg,60.0,80.0,0.75,RGB,JPEG,5163,7a88f27e7ce576796ae72990e785f780646a1b92e57518cb553ec60346f38ee6
59073,data/raw/teacher/test/images_test/59073.jpg,60.0,80.0,0.75,RGB,JPEG,22631,1512973d2677afdb52aec9ac4c9f0f5043bf0ddab037ef3550033706d487771c
59074,data/raw/teacher/test/images_test/59074.jpg,60.0,80.0,0.75,RGB,JPEG,5014,afaaf186627c281a36b15153de9c70764c3a1c52570b2e35eb8d39a99376e067
59075,data/raw/teacher/test/images_test/59075.jpg,60.0,80.0,0.75,RGB,JPEG,5089,5b96c3ba9b104b6cfa300419098f5c684282797571acfd3c89a279d613ff9a80
59076,data/raw/teacher/test/images_test/59076.jpg,60.0,80.0,0.75,RGB,JPEG,4727,5022058e206f7c76a862f45a682f075f5233cedbf29fd821a2633c24540e07b6
59077,data/raw/teacher/test/images_test/59077.jpg,60.0,80.0,0.75,RGB,JPEG,17653,80b3b930233a3a7e220c62512123eb0352fdee0ca00778b82ce5ad2026112eb3
59078,data/raw/teacher/test/images_test/59078.jpg,60.0,80.0,0.75,RGB,JPEG,4199,e8273e6daf54b12a5e383011b4a5e9dd9e8784b1a6200143bcd030a6a95edf6d
59079,data/raw/teacher/test/images_test/59079.jpg,60.0,80.0,0.75,RGB,JPEG,3899,882382378487b6075b356e3ece88511e899e3836f63cdc7be57987475b4ef7c6
59080,data/raw/teacher/test/images_test/59080.jpg,60.0,80.0,0.75,RGB,JPEG,16342,53d7ab1fd352010ca4ad407988a50bbf5fff93d58aa56dbde46b2fb568381c14
59081,data/raw/teacher/test/images_test/59081.jpg,60.0,80.0,0.75,RGB,JPEG,5201,d35d4874ea1a9070dbb63d4a72ff5bb3bd9435342747cea02164bfd5e2dc1e59
59082,data/raw/teacher/test/images_test/59082.jpg,60.0,80.0,0.75,RGB,JPEG,23772,4d9ddb3e862669a02e474b018552bb330f5159b39ab1c818af86409ca3735398
59083,data/raw/teacher/test/images_test/59083.jpg,60.0,80.0,0.75,RGB,JPEG,20545,347c325223388d334dc7f5cc931131f4e44711cef850e9ed78d069a746c9b491
59084,data/raw/teacher/test/images_test/59084.jpg,60.0,80.0,0.75,RGB,JPEG,18567,df277e42090b530f9e4ffb15eac06360f7e230677741d980248e5eb62c3def4c
59085,data/raw/teacher/test/images_test/59085.jpg,60.0,80.0,0.75,RGB,JPEG,24706,7ea3141f525b3b44ee88f871efdffe31af2fec67ff331448a1ceb770dff26f7f
59086,data/raw/teacher/test/images_test/59086.jpg,60.0,80.0,0.75,RGB,JPEG,18492,f34d4525c1be87822bd804abcd723df14212be2086b36a0d76cfb66d85995325
59087,data/raw/teacher/test/images_test/59087.jpg,60.0,80.0,0.75,RGB,JPEG,5146,f17b0e3e379beea61cb7a8d7bf670c2275b4ade2ba0650c058d21ae0eff6dd9c
59088,data/raw/teacher/test/images_test/59088.jpg,60.0,80.0,0.75,RGB,JPEG,4635,f0a9c56097d79adee145320ab993155374085fba3ec8d6e5bb02392e7c7c69d6
59089,data/raw/teacher/test/images_test/59089.jpg,60.0,80.0,0.75,RGB,JPEG,17427,7edf80741a2a64f1645f45f942831c4b801f9bda28739f62aef0ad17ab6e48c0
59090,data/raw/teacher/test/images_test/59090.jpg,60.0,80.0,0.75,RGB,JPEG,24103,e7f791beb3f46bb29aa98c52562fd91b8e71f02f3f08b662ab20b01832e31cd5
59091,data/raw/teacher/test/images_test/59091.jpg,60.0,80.0,0.75,RGB,JPEG,4869,ea9d32f9a83ee7e01abd75469fccc14408ffede1bc621ab41e4f8b91b362ca3b
59092,data/raw/teacher/test/images_test/59092.jpg,60.0,80.0,0.75,RGB,JPEG,19615,f3f481421bf7c7b824acd6d1e5389b1768147970723f1b489adeef9f5627a6d1
59093,data/raw/teacher/test/images_test/59093.jpg,60.0,80.0,0.75,RGB,JPEG,5399,70ea070573931adf5047926a71da86420bf82a12b2b5b9bf943b1bda8cae6e91
59094,data/raw/teacher/test/images_test/59094.jpg,60.0,80.0,0.75,RGB,JPEG,17862,604cbec6952ed17f02df255b602570c87e2a4a6c71ffa6d3efbb8ca44b6ae0ef
59095,data/raw/teacher/test/images_test/59095.jpg,60.0,80.0,0.75,RGB,JPEG,23200,d7bd82561c8214269e02db66eb55ed7d037407ff6c435ea0aebea55c7933ea1a
59096,data/raw/teacher/test/images_test/59096.jpg,60.0,80.0,0.75,RGB,JPEG,23319,b0963e161795cc48214e2c782274cccf489844ff43654c5d33b211b65c36a1ba
59097,data/raw/teacher/test/images_test/59097.jpg,60.0,80.0,0.75,RGB,JPEG,24555,b463b7fd3bfbb12f5011e2e60e7adbab16b25b04991a8d77ac178d85ac0798ef
59098,data/raw/teacher/test/images_test/59098.jpg,60.0,80.0,0.75,RGB,JPEG,18963,be95dbaac890943f998ccc0cf799965cb098eb1e1e328342dd1786d0daf0063c
59099,data/raw/teacher/test/images_test/59099.jpg,60.0,80.0,0.75,RGB,JPEG,3706,9dca051c64beb120a833ca2441e32620e4397742fbbd1d80f2ba3a2f6e6ee9f8
59100,data/raw/teacher/test/images_test/59100.jpg,60.0,80.0,0.75,RGB,JPEG,4215,9fbb303c548771999ad1e0bf20ddffe38a82e02bed1851bb1317ec6dcdbf6ba2
59101,data/raw/teacher/test/images_test/59101.jpg,60.0,80.0,0.75,RGB,JPEG,4177,b9083b020dbe9d49f319af8525cc5d8fe5b24833b2b101ab5b620d94d411dc78
59102,data/raw/teacher/test/images_test/59102.jpg,60.0,80.0,0.75,RGB,JPEG,3441,e8883e10378c455b43c10ce7aad7e5839f576f53352a8d6b40a4cc0fec7bd1bb
59103,data/raw/teacher/test/images_test/59103.jpg,60.0,80.0,0.75,RGB,JPEG,3163,7e8f4122371909706135c38f6475688613904c996986214b78802d0a630b6762
59104,data/raw/teacher/test/images_test/59104.jpg,60.0,80.0,0.75,RGB,JPEG,3561,637c3e7ca5110973f06e57fe838d3ff7e3f1ae97da909fc9d35f479d0b7b7e26
59105,data/raw/teacher/test/images_test/59105.jpg,60.0,80.0,0.75,RGB,JPEG,4115,5df72e18fade8e769958f6115cbe78a8e8b64c1b1e3924b809ce46d47895f0a3
59106,data/raw/teacher/test/images_test/59106.jpg,60.0,80.0,0.75,RGB,JPEG,3125,5ba99a321ff272ca904ecb2213c4b86379253610fa7938a3aaf359325bc7ca65
59112,data/raw/teacher/test/images_test/59112.jpg,60.0,80.0,0.75,RGB,JPEG,3070,a55702ec0c1778307f0e49e68b63f7904f2c5986aebd320ee9d0aac359e976fe
59115,data/raw/teacher/test/images_test/59115.jpg,60.0,80.0,0.75,RGB,JPEG,3121,43efcab4e9623a61b4a38da1649f394e49f5d159117f5901f2b4089ba392e8c1
59116,data/raw/teacher/test/images_test/59116.jpg,60.0,80.0,0.75,RGB,JPEG,3193,7463831e339c9ae7ba4824ce444ad87441e401f3b278dd928da7e52b38208436
59117,data/raw/teacher/test/images_test/59117.jpg,60.0,80.0,0.75,RGB,JPEG,3267,5a9d6fc7150b14d87afdfc4be76c86362cf71f150cad39745f6b8b4a841f8478
59118,data/raw/teacher/test/images_test/59118.jpg,60.0,80.0,0.75,RGB,JPEG,3532,60036c6f2f77a83e1677ddb0f1ff1557cc2c4c593be99c7101200ad5dd85b32a
59119,data/raw/teacher/test/images_test/59119.jpg,60.0,80.0,0.75,RGB,JPEG,3018,9cd032a3b18c65887148d545d4944c37b506e77fe79de6e61e70a6027dc4d700
59120,data/raw/teacher/test/images_test/59120.jpg,60.0,80.0,0.75,RGB,JPEG,3045,cd291c728dcd86796c64d312c3bc71864655664be4ad6b39f0157bb17cf40270
59121,data/raw/teacher/test/images_test/59121.jpg,60.0,80.0,0.75,RGB,JPEG,3616,68d7da394414898b16e0fc2f50ae208d4b2ffb284293932ddeee70e051c10c34
59122,data/raw/teacher/test/images_test/59122.jpg,60.0,80.0,0.75,RGB,JPEG,3251,ab2d18bb3731428ee3f0967d7a9cc7e93de413c10a8058c9fe475f8f9ccbdc61
59123,data/raw/teacher/test/images_test/59123.jpg,60.0,80.0,0.75,RGB,JPEG,3360,91db3e5824e086b49c75605f2b8c7ddf80bd0a058a295f21f70e82412fa06d73
59124,data/raw/teacher/test/images_test/59124.jpg,60.0,80.0,0.75,RGB,JPEG,3244,48d8a9e035ba0b0389a57bebe8966eb1cdd949b091c4880012878ccddfa36ad7
59126,data/raw/teacher/test/images_test/59126.jpg,60.0,80.0,0.75,RGB,JPEG,3733,13f30475c5981184327d18b2977ebfbdbe7fc6e5898615e69e4a866a20ade456
59127,data/raw/teacher/test/images_test/59127.jpg,60.0,80.0,0.75,RGB,JPEG,3674,3ac8d43ee899e8902bf9665ca62c366f110ec0b707dc2ddaeb96547c1968c747
59128,data/raw/teacher/test/images_test/59128.jpg,60.0,80.0,0.75,RGB,JPEG,2978,d1561a27136c5ee2f2ab1f7ef2c86afd4bcad9f8542440add680220b2663f0a5
59129,data/raw/teacher/test/images_test/59129.jpg,60.0,80.0,0.75,RGB,JPEG,3328,4509f02962204a545bb1c620132f250554b8f48c80f027181b15c8297ec634ce
59130,data/raw/teacher/test/images_test/59130.jpg,60.0,80.0,0.75,RGB,JPEG,3368,63df8df9b8d9215c4dd8772cd38c05ab92f2e5033b30f6a0cf0b5ef848a90662
59131,data/raw/teacher/test/images_test/59131.jpg,60.0,80.0,0.75,RGB,JPEG,3324,8b8d6528a05b98c3eac213fe431d1bd3e53bed152e161b14febbf654b0f0d051
59132,data/raw/teacher/test/images_test/59132.jpg,60.0,80.0,0.75,RGB,JPEG,2566,3a5e9356b531b7090e8ab4ed63ccdcf849b0bf5f356ef8c6104bf77b1f7645d7
59133,data/raw/teacher/test/images_test/59133.jpg,60.0,80.0,0.75,RGB,JPEG,3246,e94298654052f5ea619e48cf2e38a4f49109e6a9c33c2672474bd2e457e6c72d
59142,data/raw/teacher/test/images_test/59142.jpg,60.0,80.0,0.75,RGB,JPEG,19382,bf563ea1188ba7549385b8f6dac67f750eadc479fe6b6aef782b033af7ac42f1
59143,data/raw/teacher/test/images_test/59143.jpg,60.0,80.0,0.75,RGB,JPEG,13170,65589b36d3f829737013c3c0686c59c76be99654a494af8bc592ed4ba9aee9aa
59144,data/raw/teacher/test/images_test/59144.jpg,60.0,80.0,0.75,RGB,JPEG,13078,9809fb39e8d3d75357b1e6e03b745f4e639d6acbcb249921a9c1a7bab77a89d1
59145,data/raw/teacher/test/images_test/59145.jpg,60.0,80.0,0.75,RGB,JPEG,21718,8cffd775727299c761015acce1b088ec31a4b15863370f988a4f7922b395a610
59146,data/raw/teacher/test/images_test/59146.jpg,60.0,80.0,0.75,RGB,JPEG,33934,cac5b36e3e0badf8ba24e003d2e41ec90467062d10033bd624ffe17fabf89c0d
59147,data/raw/teacher/test/images_test/59147.jpg,60.0,80.0,0.75,RGB,JPEG,12474,7a748e71fcf5e0e7da577e3a061e9dbbd6a42a31e9d9cc0fec867dc72535f967
59149,data/raw/teacher/test/images_test/59149.jpg,60.0,80.0,0.75,RGB,JPEG,19856,b1e5553624fd08eef4a987e286ea47daf82d801bc16f7955863b45212c491d02
59160,data/raw/teacher/test/images_test/59160.jpg,60.0,80.0,0.75,RGB,JPEG,19327,f8ee70258392056773544741b31615bbd5e75da2a6a510863b3891feb4d0cc7e
59161,data/raw/teacher/test/images_test/59161.jpg,60.0,80.0,0.75,RGB,JPEG,12955,dcfac6e5b768eff30cb324b29c70a6eeca71b6e4ab602429eb1d2c04d5a5a5b3
59165,data/raw/teacher/test/images_test/59165.jpg,60.0,80.0,0.75,RGB,JPEG,19216,3711b2ceb8c5a8016a8771225aff22a215f6f3d025abacde934ccd876cba80d5
59166,data/raw/teacher/test/images_test/59166.jpg,60.0,80.0,0.75,RGB,JPEG,13367,edfd4d479b26dabea6ba3f2886f883d561f2a755c1fc32f4a0f5e107d430188b
59167,data/raw/teacher/test/images_test/59167.jpg,60.0,80.0,0.75,RGB,JPEG,19939,ff66cba6a01df52eb9f9141033b03f21931765db32ffa1310780441bfbc52ca9
59172,data/raw/teacher/test/images_test/59172.jpg,60.0,80.0,0.75,RGB,JPEG,31324,77c7c635f3ec8db6e6fb658b1fe2e35d43c71c0911498c566904c2df40e9edab
59173,data/raw/teacher/test/images_test/59173.jpg,60.0,80.0,0.75,RGB,JPEG,37496,1edbcac30e5f777330fa10fd47a1fdf6f3cf505d952f09cd3cb33dfd307e2630
59174,data/raw/teacher/test/images_test/59174.jpg,60.0,80.0,0.75,RGB,JPEG,20227,6ccc66770e2630fa22b239dff68ffe338262b51a4dacbf24177e932f840c8423
59175,data/raw/teacher/test/images_test/59175.jpg,60.0,80.0,0.75,RGB,JPEG,33134,dada93f39c00d0bca659c18ec87214f3b6e08a531ff1cd56d2df9f801e64fcb8
59176,data/raw/teacher/test/images_test/59176.jpg,60.0,80.0,0.75,RGB,JPEG,19567,54f381c42b1cb9c46799b0689458dcef5cf8f57bd8919b51409f2b4e34bc11b0
59177,data/raw/teacher/test/images_test/59177.jpg,60.0,80.0,0.75,RGB,JPEG,13367,a1856e877f7238348c792eea4b68fe5ae50b2dcd6259a227efb2a695f9a3f4f4
59178,data/raw/teacher/test/images_test/59178.jpg,60.0,80.0,0.75,RGB,JPEG,19275,54c59280e20f5de21cd5b4d65634b05bcb55b4cbfc237d24bf9d4bd9469589bc
59181,data/raw/teacher/test/images_test/59181.jpg,60.0,80.0,0.75,RGB,JPEG,19572,af08e7f055956d57c074e616c857a8e95faa51ccf23faaeb4310c9a0f857fb9a
59185,data/raw/teacher/test/images_test/59185.jpg,60.0,80.0,0.75,RGB,JPEG,15410,3bca27d9220c8f5855622335d77dc72143d3e30355fec19c7fa9916d6c37866b
59187,data/raw/teacher/test/images_test/59187.jpg,60.0,80.0,0.75,RGB,JPEG,19419,4c36e87fc70defa8e3600b354121a8365402e6b214d4f561a61ddfef455f255b
59188,data/raw/teacher/test/images_test/59188.jpg,60.0,80.0,0.75,RGB,JPEG,18982,4e1e8df5ad78cb0a19de998610ff569a415ce3f79470e569ab53f1a92d9088c0
59190,data/raw/teacher/test/images_test/59190.jpg,60.0,80.0,0.75,RGB,JPEG,18968,096f236e78e1d9071ac0819e0a4e344b54be67f5fbf266429dc8fe7d508a7d19
59212,data/raw/teacher/test/images_test/59212.jpg,60.0,80.0,0.75,RGB,JPEG,13168,d25f416a4a7764433ca4c6750bbb227eacd980735ae57edcd3a6e2fea53a19e4
59213,data/raw/teacher/test/images_test/59213.jpg,60.0,80.0,0.75,RGB,JPEG,1336,a42ec5215527838fef26e5a0124d08ba1bfbe80c0b5e3420dc371ae2b0ad6097
59214,data/raw/teacher/test/images_test/59214.jpg,60.0,80.0,0.75,RGB,JPEG,980,064f2a0c1655b02942cb7c472c2c348425948cdbfe20b4205b554b1ff8ecd804
59215,data/raw/teacher/test/images_test/59215.jpg,60.0,80.0,0.75,RGB,JPEG,974,63d294efbe5960eaa9895389bf4196f184c8d94620ef93d4ef4dfa181bc08b9a
59216,data/raw/teacher/test/images_test/59216.jpg,60.0,80.0,0.75,RGB,JPEG,1372,38ec8c98016af3482270e27c63554293b5034b29d87103265f804fa7702df792
59217,data/raw/teacher/test/images_test/59217.jpg,60.0,80.0,0.75,RGB,JPEG,1410,9b812ad1e92cd00a4ded8c82077cd43b085db0f6c3da82d5fe4e6036b2b7a2bd
59218,data/raw/teacher/test/images_test/59218.jpg,60.0,80.0,0.75,RGB,JPEG,1369,9ae6845cca3d5f9310a1735ca9012ff68618ddf167f00b1041232ca02b78469c
59219,data/raw/teacher/test/images_test/59219.jpg,60.0,80.0,0.75,L,JPEG,1289,763bdc1727a4cf30d3e6e4813c6f78d07eb52ad6ce3737d87b398b9b4b3e89bf
59220,data/raw/teacher/test/images_test/59220.jpg,60.0,80.0,0.75,RGB,JPEG,20753,75b92b5293986cdeca0bec5bd03fece6697ae946eac176f2bb62f170d1a1568c
59221,data/raw/teacher/test/images_test/59221.jpg,60.0,80.0,0.75,RGB,JPEG,3748,55a9185e3ba16902bd3690f2f9d39d7413f49d6d411d0a631705f2c6fc2f5395
59222,data/raw/teacher/test/images_test/59222.jpg,60.0,80.0,0.75,RGB,JPEG,13605,989d694006db1222c00a859038205d9d33fe3ff0d3aebd00769c5aa9d1b4fb7f
59223,data/raw/teacher/test/images_test/59223.jpg,60.0,80.0,0.75,RGB,JPEG,20256,74f20a63c8bfa813e11fc84a09d9f00097cd81c426464358de1fc5a6a74776ea
59224,data/raw/teacher/test/images_test/59224.jpg,60.0,80.0,0.75,RGB,JPEG,21534,58b03fe6a5838ac86370bd6baead0a2b3f931f1f8920bdcf09126ed8f43bb826
59225,data/raw/teacher/test/images_test/59225.jpg,60.0,80.0,0.75,RGB,JPEG,20981,12482a9553853004195648d89fdb2607accb89a324eaee03a774d940ece0a9a4
59226,data/raw/teacher/test/images_test/59226.jpg,60.0,80.0,0.75,RGB,JPEG,20989,191dac0d7bb2d03fab73fd1d3fce1f90bbd33a371637abcb56fd276f7c07fef5
59227,data/raw/teacher/test/images_test/59227.jpg,60.0,80.0,0.75,L,JPEG,21471,2220b3d93b218b19360dd1c1f99fdcc0bbdfee02de7559f4fda7a549d81f5a27
59228,data/raw/teacher/test/images_test/59228.jpg,60.0,80.0,0.75,RGB,JPEG,22159,d58287af7b06302c212a3c21dcbad7adef6dea9a5ce9a8a30ba341fa5947e75d
59229,data/raw/teacher/test/images_test/59229.jpg,60.0,80.0,0.75,RGB,JPEG,966,84359288773fe932f8601e80841c5278050a354f5f763308bc7a34eb90c7b732
59230,data/raw/teacher/test/images_test/59230.jpg,60.0,80.0,0.75,RGB,JPEG,1050,17cd8a2f1cb2325eafee8c0fab7f13722ea6ed14c7ba29749a44b641a393d9d4
59231,data/raw/teacher/test/images_test/59231.jpg,60.0,80.0,0.75,RGB,JPEG,1366,750ff4891ee05db1818a0811ea55850c688303ebfb7f55d73998de0e441a724d
59232,data/raw/teacher/test/images_test/59232.jpg,60.0,80.0,0.75,L,JPEG,1209,ab207197ea5874696c1b57ef49fb8aa38836b7400ec9a00ca87ecd588ab3023e
59233,data/raw/teacher/test/images_test/59233.jpg,60.0,80.0,0.75,L,JPEG,713,21a45d4eb58baeb0e3099c07e07677a0772210ef8521240ce77c9f5efd7b67cd
59235,data/raw/teacher/test/images_test/59235.jpg,60.0,80.0,0.75,RGB,JPEG,1136,cbd11c3347bc80dc63d72e86744bacc10b0041f184fd6c739adb6e05b5c65081
59236,data/raw/teacher/test/images_test/59236.jpg,60.0,80.0,0.75,RGB,JPEG,1280,c26c4b89b7e8153d7c73a402b98103ed9881af4f076909823f690e351fcfb1de
59237,data/raw/teacher/test/images_test/59237.jpg,60.0,80.0,0.75,RGB,JPEG,31846,e273de92d24cf8665b4421c8d12b56ad23b631f31d050d44a8f93011192b9e10
59238,data/raw/teacher/test/images_test/59238.jpg,60.0,80.0,0.75,RGB,JPEG,1552,4567b69ee0f02b1a007362eccab5fd7bc364c70e191e8b0823dacb5e86398804
59239,data/raw/teacher/test/images_test/59239.jpg,60.0,80.0,0.75,L,JPEG,1081,a167e12d44b46ad819983e300d3802eafd3bb954b69b938ff08bc02e1adad88c
59240,data/raw/teacher/test/images_test/59240.jpg,60.0,80.0,0.75,RGB,JPEG,1521,07798efdb9797879325ec30d3794a8df51366c5a74d92d9e362e82d93afe7878
59241,data/raw/teacher/test/images_test/59241.jpg,60.0,80.0,0.75,RGB,JPEG,1222,e577bdc2466761ee838e8c89d3143256dffe2b308903cc306e8ce7261eddc1fe
59242,data/raw/teacher/test/images_test/59242.jpg,60.0,80.0,0.75,RGB,JPEG,1349,17be0bb7ca837a0236b9fdad7fb7b699290d55e941467a4bf0571757314eb3cb
59243,data/raw/teacher/test/images_test/59243.jpg,60.0,80.0,0.75,RGB,JPEG,47867,f471f9eb9a1e16a8f9bf06ec1551d2e988fef3190e0fb949b5472f7da553ee62
59244,data/raw/teacher/test/images_test/59244.jpg,60.0,80.0,0.75,RGB,JPEG,25497,14517009b4b1f14e256951bf98013251ebd22470849b7fb3e1becb1eec2502a7
59245,data/raw/teacher/test/images_test/59245.jpg,60.0,80.0,0.75,RGB,JPEG,1216,bb166067d740793970eca2881ee3ff196fa5581a6d29aa00a86a47d6790bc096
59246,data/raw/teacher/test/images_test/59246.jpg,60.0,80.0,0.75,RGB,JPEG,1351,19c900d3910340345d8806d30832187a1c7024d93f1a8a38d7f5d45a96bfbd64
59247,data/raw/teacher/test/images_test/59247.jpg,60.0,80.0,0.75,RGB,JPEG,1168,d67129be4a963efb3d76105dc64f601f457a959c63234c8041dd5c97cf3aee20
59248,data/raw/teacher/test/images_test/59248.jpg,60.0,80.0,0.75,RGB,JPEG,1422,2a92cf06a93fc280360504625d47e5f31377d1c50c0137c44b681a3f13ab6f41
59249,data/raw/teacher/test/images_test/59249.jpg,60.0,80.0,0.75,RGB,JPEG,1462,b32190df393f72fefeb9049edba52e9368bf784871d79a8b2dfddc83da9234ed
59250,data/raw/teacher/test/images_test/59250.jpg,60.0,80.0,0.75,L,JPEG,1166,613c1bd6b1f12f297886b74d8113402080fc6e7667a919cb8077e30ae41e93f5
59251,data/raw/teacher/test/images_test/59251.jpg,60.0,80.0,0.75,RGB,JPEG,21164,89fff213d76460594fa72e34b0f46ba79973afb592220d37a360468cc516aa8e
59252,data/raw/teacher/test/images_test/59252.jpg,60.0,80.0,0.75,RGB,JPEG,1298,29b796c239e8a5927b4a080e51bb555a269bd2642006b45eec84a6007a23bb68
59253,data/raw/teacher/test/images_test/59253.jpg,60.0,80.0,0.75,RGB,JPEG,24431,27c081cf03a6223d47cc17d5e09dafbbc2759956e83d143d90ecf217ef9af0e7
59254,data/raw/teacher/test/images_test/59254.jpg,60.0,80.0,0.75,RGB,JPEG,23460,3a089b2ba65ce178f5e3aa6c26b2e3125506c356ced79a66836713f43f416087
59255,data/raw/teacher/test/images_test/59255.jpg,60.0,80.0,0.75,RGB,JPEG,1470,300147423e7391cdacb6e38fed7c62bbd911c7025447f90b56b36468e90fccc6
59256,data/raw/teacher/test/images_test/59256.jpg,60.0,80.0,0.75,RGB,JPEG,1476,7bc92ecbb9703353631adbd052f0921adba112d57ff27fd0f799c732922d92e6
59257,data/raw/teacher/test/images_test/59257.jpg,60.0,80.0,0.75,RGB,JPEG,19431,02a15e279324a3e00fdaab4cdc17d42e56a5bdb9d040417960bfeb97d8fab0da
59258,data/raw/teacher/test/images_test/59258.jpg,60.0,80.0,0.75,RGB,JPEG,18267,1316350ac12d99bb946506a185fb128cd950355e337a31f6604149f371744dd4
59259,data/raw/teacher/test/images_test/59259.jpg,60.0,80.0,0.75,RGB,JPEG,21010,8745cfe911cb753771773f35baa5153348d185ad9e0abaeb0706f3b12b0eadff
59260,data/raw/teacher/test/images_test/59260.jpg,60.0,80.0,0.75,RGB,JPEG,24614,435f97fbdad08467430cc191df2566b098866c886c76c42e7e87cb7b782264f0
59261,data/raw/teacher/test/images_test/59261.jpg,60.0,80.0,0.75,RGB,JPEG,22598,44144c1f4b274b99a929988697311a74e1b793d7bb181db2b92236394388cfa7
59262,data/raw/teacher/test/images_test/59262.jpg,60.0,80.0,0.75,RGB,JPEG,21888,88771a06bcf97627b4e505556053ad580fec58ef9aec0266a0cf397a1abcc653
59263,data/raw/teacher/test/images_test/59263.jpg,60.0,80.0,0.75,L,JPEG,14841,095910101b5a9986084f658ae0abc8068c3e7325e862072f86b1cacd445e6f21
59264,data/raw/teacher/test/images_test/59264.jpg,60.0,80.0,0.75,RGB,JPEG,23059,235ee77667757121c0f43d8fc23e44287bc7748733a2c6bdeb1ea5715045ab19
59265,data/raw/teacher/test/images_test/59265.jpg,60.0,80.0,0.75,RGB,JPEG,19278,13afbd72e1b621a33042c2626e3edcf009c44f72732c2d61e2e47424a94d3ba2
59266,data/raw/teacher/test/images_test/59266.jpg,60.0,80.0,0.75,RGB,JPEG,13679,d5106aa5d295d4d1bdbcbc43a996916af7fb9e32f61430d34c7438f6ffd5739e
59267,data/raw/teacher/test/images_test/59267.jpg,60.0,80.0,0.75,RGB,JPEG,12845,01f192254c2e5deb6b23161f3ec0fa1bdfad7b5aaedf09b0917b93c64047fe9f
59268,data/raw/teacher/test/images_test/59268.jpg,60.0,80.0,0.75,RGB,JPEG,18358,876349051a89981ceba3495b6389e7b07eb30fe0496d8831f52d0511784fa22e
59269,data/raw/teacher/test/images_test/59269.jpg,60.0,80.0,0.75,RGB,JPEG,41818,37596ad5d02f75334fcf8e2153de107db946655eacf5ec48ffe63ef70440d5ae
59270,data/raw/teacher/test/images_test/59270.jpg,60.0,80.0,0.75,RGB,JPEG,23947,49a428d6bad640af3c3d437993f65dc701fbbbcee585aed101f05d11b8d34040
59271,data/raw/teacher/test/images_test/59271.jpg,60.0,80.0,0.75,L,JPEG,25349,d159c4e13567454115f07b076e349458fc15ef7077dde3f052d3faa9b674e1a6
59272,data/raw/teacher/test/images_test/59272.jpg,60.0,80.0,0.75,RGB,JPEG,22456,aa57026c3eadfeb7bfd6074bae3facef6ddbc95644969c318210366c1c139f61
59273,data/raw/teacher/test/images_test/59273.jpg,60.0,80.0,0.75,RGB,JPEG,13273,1f6a7b5058783a2afbf810dc6b1380542652c4e6bd40783585a85be8cbdb56cb
59274,data/raw/teacher/test/images_test/59274.jpg,60.0,80.0,0.75,RGB,JPEG,14788,1c9e481aef86381d5cb7f26f0cfd2ea7c8e0f3f3dbb6e05ca1da85931332443d
59275,data/raw/teacher/test/images_test/59275.jpg,60.0,80.0,0.75,RGB,JPEG,27141,bc228667ae71c551e7f88922233ac405f23d55f8cb8c9c9a3b7ac86bf834fd4a
59276,data/raw/teacher/test/images_test/59276.jpg,60.0,80.0,0.75,RGB,JPEG,21253,c0c998372591fb05ce06618c8b729db32324d29367bf9fd85e6f568eb9f41d33
59277,data/raw/teacher/test/images_test/59277.jpg,60.0,80.0,0.75,RGB,JPEG,15304,34f45c14a1434c05fe713b45f1f3959ccbbb180d86a1a335357859732150925b
59278,data/raw/teacher/test/images_test/59278.jpg,60.0,80.0,0.75,RGB,JPEG,22410,e4ed9c0d7bd1b6bba5c2e785ffea8bb15237b239f1c00f7daa3754412c331b86
59279,data/raw/teacher/test/images_test/59279.jpg,60.0,80.0,0.75,RGB,JPEG,14192,94e6d38f7d1e59f35e5935705826f9807342617dc099dec73662ab654f514fd1
59280,data/raw/teacher/test/images_test/59280.jpg,60.0,80.0,0.75,RGB,JPEG,18649,9d6f2d1f43ab3d7c64221be6a9406f109310d61209d7ec23d9a3140e2e9bce63
59281,data/raw/teacher/test/images_test/59281.jpg,60.0,80.0,0.75,RGB,JPEG,1246,0faadb4b8f34e4c813ecb26741bf83d1e472c5b0319444bf748f4d1d3f300ad2
59282,data/raw/teacher/test/images_test/59282.jpg,60.0,80.0,0.75,RGB,JPEG,1424,fe10f7748ba6ba43fe2fbc47bc673e5adee36aaace5866e5108937ab694cd4c6
59283,data/raw/teacher/test/images_test/59283.jpg,60.0,80.0,0.75,RGB,JPEG,1137,052578fa3f33998b17d9210ac72eec89f86aa96c411e4f43d1512c8616f60deb
59284,data/raw/teacher/test/images_test/59284.jpg,60.0,80.0,0.75,RGB,JPEG,2890,d41ebf1659cc0428f3ee1c6a49379f064e2b52852b04b1edf4d1bae4fff235d3
59286,data/raw/teacher/test/images_test/59286.jpg,60.0,80.0,0.75,RGB,JPEG,21892,924a37f83240a966e8df3ab403d93ad10e72695f09fab9b9f223ccb822f2631a
59287,data/raw/teacher/test/images_test/59287.jpg,60.0,80.0,0.75,RGB,JPEG,15138,6d2e69dfb0aad20e5c43a68efd23fd0d5e382ccee9f0772dc17a4694ae228e04
59290,data/raw/teacher/test/images_test/59290.jpg,60.0,80.0,0.75,RGB,JPEG,20428,37a30c3409632e92c69b6784ab337e48e962c376b941d540a98ce38dffb31393
59291,data/raw/teacher/test/images_test/59291.jpg,60.0,80.0,0.75,RGB,JPEG,15129,33f80c3ef1435577503fbeb0d0e1f21efc7948515a41f6d4ed6412271f98daf0
59292,data/raw/teacher/test/images_test/59292.jpg,60.0,80.0,0.75,RGB,JPEG,935,718a85ac51be7b68168438f97650654fa24ecafd1366f1f8953775b01fc977f7
59293,data/raw/teacher/test/images_test/59293.jpg,60.0,80.0,0.75,RGB,JPEG,13934,fbbfb37541874a8599b5f9f6c96e0c7772ce1d9c15080724c0f8f79472421a58
59294,data/raw/teacher/test/images_test/59294.jpg,60.0,80.0,0.75,RGB,JPEG,15797,f640dcdb5d68483ee628b8b2be207d0f816429226445bb8c36ace32844b80f48
59295,data/raw/teacher/test/images_test/59295.jpg,60.0,80.0,0.75,RGB,JPEG,2657,e88ede34586d63e84c774128969cad5ef08d54194101a4910b3f73be1b6bb6bd
59296,data/raw/teacher/test/images_test/59296.jpg,60.0,80.0,0.75,RGB,JPEG,3032,c2d54c13c8bcb84f5a4ce3e4df8ddb1c4ee4c6afa094399e7847fb0abc04ad85
59297,data/raw/teacher/test/images_test/59297.jpg,60.0,80.0,0.75,RGB,JPEG,19383,92415cde11d2bbf30d51b17c6080fdd8bb495f6e0ba4f4f45c11cd9d418a6f60
59298,data/raw/teacher/test/images_test/59298.jpg,60.0,80.0,0.75,RGB,JPEG,23926,0c9d5560ed101fc717ba3ab3dd5390851b12231add66110cd5c6d3bb6b898c58
59299,data/raw/teacher/test/images_test/59299.jpg,60.0,80.0,0.75,RGB,JPEG,22889,205e8ba7e9b263d8462f4280df7162d44c6b6d10d660ea36543422c25884aaff
59300,data/raw/teacher/test/images_test/59300.jpg,60.0,80.0,0.75,RGB,JPEG,22264,3bba37d89218e181f371f147558843bef62e90419d64d39768dcef25129154c7
59301,data/raw/teacher/test/images_test/59301.jpg,60.0,80.0,0.75,RGB,JPEG,16407,9416498c1e3b0f1ee843bb43e3c3617e05a7592de652b9e964cf81ed1558aa8d
59302,data/raw/teacher/test/images_test/59302.jpg,60.0,80.0,0.75,RGB,JPEG,22632,3d9d028e3c1ff13284a11ae486865aedda3963a88884a15872b28ccf1204c033
59303,data/raw/teacher/test/images_test/59303.jpg,60.0,80.0,0.75,RGB,JPEG,25143,aa8100805bb6d8b08299a70689dd8bb1c7e4c68657b8ec8b39647540d64dd981
59304,data/raw/teacher/test/images_test/59304.jpg,60.0,80.0,0.75,RGB,JPEG,24371,dc0579dd73fbf28c894945c3ad8073db7d2f5e98900564fcd4d39dfeb199e0b1
59305,data/raw/teacher/test/images_test/59305.jpg,60.0,80.0,0.75,RGB,JPEG,24600,5c401663233d3ba519c0c98a57bc2f2ceea9d2d19082bf6f955f874f5c43d20e
59306,data/raw/teacher/test/images_test/59306.jpg,60.0,80.0,0.75,RGB,JPEG,21871,e6a6262287e052ad838beb05b5ccaa3d55155218f60acd136cd8e9ea9a529cdc
59311,data/raw/teacher/test/images_test/59311.jpg,60.0,80.0,0.75,RGB,JPEG,14799,0425b70b2b367d6434f29613d33091463589b6c71ccff55ac8ecd6d8be7e42ae
59312,data/raw/teacher/test/images_test/59312.jpg,60.0,80.0,0.75,RGB,JPEG,20120,814531f541024ddb91603b4625c6d9ca6ed4846c4cdda200b7cf7527e109b115
59315,data/raw/teacher/test/images_test/59315.jpg,60.0,80.0,0.75,RGB,JPEG,13042,37b843f664c55844ade2b798d7d91ec7c01f8920beca9df43c6eb39359b483de
59323,data/raw/teacher/test/images_test/59323.jpg,60.0,80.0,0.75,RGB,JPEG,20532,22b2daf3f782526c6c01c0b53bc133e97eb63d9bf0750c0334ca72f2925355b9
59324,data/raw/teacher/test/images_test/59324.jpg,60.0,80.0,0.75,RGB,JPEG,20979,fb6b902c8523bc8a2f18dbfa209b512960e03164eb6a053de97d4fba8c3fb7e0
59326,data/raw/teacher/test/images_test/59326.jpg,60.0,80.0,0.75,RGB,JPEG,19339,4dde21bf4d3b812ab8d5b1efe7046a9981d2a60cb8c93d2f68130a4dea9be89c
59329,data/raw/teacher/test/images_test/59329.jpg,60.0,80.0,0.75,RGB,JPEG,31095,fd72de4764386afd5ae348da22bfb0c335f8c49b8f88c727fad889fe38a139ab
59330,data/raw/teacher/test/images_test/59330.jpg,60.0,80.0,0.75,RGB,JPEG,19688,b4ed16f34f6f9a68dfa99698f8b41dcb5f8d008e8be24f140439fd8f7abcde76
59338,data/raw/teacher/test/images_test/59338.jpg,60.0,80.0,0.75,RGB,JPEG,14900,9be767add1b3128a6e416e3f294ce41597d868cbcbb554bb7119c45f680f200c
59342,data/raw/teacher/test/images_test/59342.jpg,60.0,80.0,0.75,RGB,JPEG,13858,3c360a1faf3ba40e93682b65ee4332ac8da957fa5495ddf92532c9c7de21941b
59349,data/raw/teacher/test/images_test/59349.jpg,60.0,80.0,0.75,RGB,JPEG,19961,97891028d2600fa707da6a8ecfde683ca5bf7653e1eee786ac5520c4058f95c5
59352,data/raw/teacher/test/images_test/59352.jpg,60.0,80.0,0.75,RGB,JPEG,2950,47b2d30c15b77243990c69b4e8681c4e376fa99eeda527b678a5044b692f335b
59353,data/raw/teacher/test/images_test/59353.jpg,60.0,80.0,0.75,RGB,JPEG,22071,64ab8193e9005dcef0ee9302185e4383a19b091fd0db88e42e97eaa72efb7a0d
59354,data/raw/teacher/test/images_test/59354.jpg,60.0,80.0,0.75,RGB,JPEG,2192,009663319a9481ab98a26ffbbd070a1b15f8d69e1b76421b5c8252a2409cbe9b
59355,data/raw/teacher/test/images_test/59355.jpg,60.0,80.0,0.75,RGB,JPEG,2681,c5f0ecba4ebc78dafc561bf534bfc2d9c1601c0afe8a2848ab8e6c5dfafccdf9
59356,data/raw/teacher/test/images_test/59356.jpg,60.0,80.0,0.75,RGB,JPEG,2453,dcfa4ebe9958f2e6e1f7bc1c3f0970b0683463105adfab9384efb278770db4dc
59357,data/raw/teacher/test/images_test/59357.jpg,60.0,80.0,0.75,RGB,JPEG,22699,d8828cba2abdfa005436eb746b5ad3f8d2bac454fdd7c8ebbc9bef2c6b3c172a
59358,data/raw/teacher/test/images_test/59358.jpg,60.0,80.0,0.75,RGB,JPEG,3809,04a6fd9fe15e2dac1193409b4fcd81c891f5d47f4427aefc43ad20cf947c5878
59359,data/raw/teacher/test/images_test/59359.jpg,60.0,80.0,0.75,RGB,JPEG,2428,ed991133bcd32a29e790b2f723c82cb771869e6865d978b0b8467360c107414e
59360,data/raw/teacher/test/images_test/59360.jpg,60.0,80.0,0.75,RGB,JPEG,2589,5dd26df10ae5d1766cb70d3f3f964c4d6a0852ab154e9a19976f4bc96fa17586
59361,data/raw/teacher/test/images_test/59361.jpg,60.0,80.0,0.75,RGB,JPEG,2763,3198a0f91b49b19aa1532f06e7cf0f3135b8717a7500d635f4c6db9bcac37021
59362,data/raw/teacher/test/images_test/59362.jpg,60.0,80.0,0.75,RGB,JPEG,2780,15beb7a235eb64bb5e7d011fc0cd21480721ff23be1e7df92d8177139e99f05b
59363,data/raw/teacher/test/images_test/59363.jpg,60.0,80.0,0.75,RGB,JPEG,2100,e1de910b97f224e63c8fd8a65a75944e3e62ddb45adfe82ba0e9d9e23e52a8a2
59364,data/raw/teacher/test/images_test/59364.jpg,60.0,80.0,0.75,RGB,JPEG,2588,b1eadc585b0a0f1c5aecc30ff082b72ac64fe8aa1aecce36af31c9e8604ef98d
59365,data/raw/teacher/test/images_test/59365.jpg,60.0,80.0,0.75,RGB,JPEG,3450,193dba0a38d39621182605756a8c932e705ee3f7b38ea5aacd33ee935ecfacc3
59366,data/raw/teacher/test/images_test/59366.jpg,60.0,80.0,0.75,RGB,JPEG,2194,bfff75a9e0752ceb41b63f684ceb6d674999eac3ad7ff4b6e0237d77ce911778
59367,data/raw/teacher/test/images_test/59367.jpg,60.0,80.0,0.75,RGB,JPEG,23831,7d1946fec39b2ea516a7c89d5404c30347c2773ec9bfaca6e6d947addd551153
59368,data/raw/teacher/test/images_test/59368.jpg,60.0,80.0,0.75,RGB,JPEG,2385,087ec6e86ddbdccdbb81b99eb0f47bfa17fccbf32343eff62422ad3857421bfd
59369,data/raw/teacher/test/images_test/59369.jpg,60.0,80.0,0.75,RGB,JPEG,2148,1df09b5fbcb3ec114c4d8604e935da3d6a52b0d258469e76b9a4ca616f8a49c6
59370,data/raw/teacher/test/images_test/59370.jpg,60.0,80.0,0.75,RGB,JPEG,2211,efe429b3fd1a89de8a65544ae4d7c4ffe2e086dc90ff7295b2e95061ed19bbbf
59371,data/raw/teacher/test/images_test/59371.jpg,60.0,80.0,0.75,RGB,JPEG,3067,2de89c234e99bb8174b28bac91490a174d57d25c402081aef50e51d227ae7e54
59372,data/raw/teacher/test/images_test/59372.jpg,60.0,80.0,0.75,RGB,JPEG,17456,79baf453e2048a4a920f3d19ed93645aa78c8143ea86fd14d700ccdc427584a6
59373,data/raw/teacher/test/images_test/59373.jpg,60.0,80.0,0.75,RGB,JPEG,4246,0f934b512d3a1816f9bd26f63893e4b8cd9781c3d82fe760740c21ad174450a2
59374,data/raw/teacher/test/images_test/59374.jpg,60.0,80.0,0.75,RGB,JPEG,23919,1534fdc9005741fbfa6407e89252b1c1a7033018891e2fdcc2800c07e1c97696
59375,data/raw/teacher/test/images_test/59375.jpg,60.0,80.0,0.75,RGB,JPEG,3175,9db81ee33f06778fa9c67fe4820bcc4a3b5abc37d61a711cb9ddc7e813d6fe2a
59376,data/raw/teacher/test/images_test/59376.jpg,60.0,80.0,0.75,RGB,JPEG,15529,2ddee3d5de662a2348311b87728748f3af90214cb0fee70da2284cfb189eb43b
59377,data/raw/teacher/test/images_test/59377.jpg,60.0,80.0,0.75,RGB,JPEG,3102,87d3daf3b01f9e944ff12e9975327f0377f3866a1621c5729e5f45d99436d85d
59378,data/raw/teacher/test/images_test/59378.jpg,60.0,80.0,0.75,RGB,JPEG,2745,6d25e3e86bca56e955e691980cf8badd6e1c9e6126886c24c2e4c1ead9900071
59379,data/raw/teacher/test/images_test/59379.jpg,60.0,80.0,0.75,RGB,JPEG,22753,7403cf8f5f370bba547b37396ec52ca8608d8aa2808620e6b8bad58583ea31a4
59380,data/raw/teacher/test/images_test/59380.jpg,60.0,80.0,0.75,RGB,JPEG,17128,ca58e202b4d141345e062f010585b519ca260e891e807ab8fbe12b7aca09e851
59381,data/raw/teacher/test/images_test/59381.jpg,60.0,80.0,0.75,RGB,JPEG,1796,f4f9946730da4efebc6afdff269c72dce0ecbb1e752f69258ca97a02679c60bb
59382,data/raw/teacher/test/images_test/59382.jpg,60.0,80.0,0.75,RGB,JPEG,2878,d6641bb1548096483061c7f0deae9692b42b9929d7a5a4d4782774fc64ec9ab3
59383,data/raw/teacher/test/images_test/59383.jpg,60.0,80.0,0.75,RGB,JPEG,2920,2879d1c7fbb908592e203d46083daad3d930fadffa45df14166f104e69d58eea
59387,data/raw/teacher/test/images_test/59387.jpg,60.0,80.0,0.75,RGB,JPEG,19372,1f7517973559a3170b97ce86e9b986fbaf9766d5e054213cdc5427fc84dd95fa
59388,data/raw/teacher/test/images_test/59388.jpg,60.0,80.0,0.75,RGB,JPEG,19500,a0e94d41a3a1e52fa9321ef475dc6bacfa3386e64d1fa416a258370862bc60be
59390,data/raw/teacher/test/images_test/59390.jpg,60.0,80.0,0.75,RGB,JPEG,13250,4e3320e9756c3707e8b53674afcd8bab0bf7b95d24701c2255c8fa372cc7648b
59396,data/raw/teacher/test/images_test/59396.jpg,60.0,80.0,0.75,RGB,JPEG,15221,e09fc6a67ef7c790eaf5030972613a2e77c8dc6e14e8604bc56b250a310b811c
59399,data/raw/teacher/test/images_test/59399.jpg,60.0,80.0,0.75,RGB,JPEG,16276,376391e28d9aaf6cf919510805488290893e22df0f7ceb27bf971b7503a9827b
59400,data/raw/teacher/test/images_test/59400.jpg,60.0,80.0,0.75,RGB,JPEG,22129,fcc2889de341d8355b25ab8922c5e9f99399a670e1a3db78e133ffa57dc53d14
59403,data/raw/teacher/test/images_test/59403.jpg,60.0,80.0,0.75,RGB,JPEG,23945,e3adc81068c62fd47ef5346dd8889641753fc788e92a99ada86524d18033c542
59404,data/raw/teacher/test/images_test/59404.jpg,60.0,80.0,0.75,RGB,JPEG,4298,cc1bc718b21c0e6caaa6b4d085589e74a01a58a03976632c40522d935bb7ca8c
59405,data/raw/teacher/test/images_test/59405.jpg,60.0,80.0,0.75,RGB,JPEG,16127,fad8774ebe643e2eba1c47d88b8ec976dfcba082e4a91af9d3f753eacdab7766
59407,data/raw/teacher/test/images_test/59407.jpg,60.0,80.0,0.75,RGB,JPEG,23294,517af47630cdd0da110fc470ebf16581e1549ec1f802c86f9b10b4a0685f78ed
59410,data/raw/teacher/test/images_test/59410.jpg,60.0,80.0,0.75,RGB,JPEG,3685,9b6d4ac99773026d868a7ade3c7b6bd6f37b5c5889d4a0ffb2311535f5938200
59413,data/raw/teacher/test/images_test/59413.jpg,60.0,80.0,0.75,RGB,JPEG,17573,e6d089b417feb53df7cce83500810ad914b2a6acc5ece46b38bab7ea4fb026b1
59418,data/raw/teacher/test/images_test/59418.jpg,60.0,80.0,0.75,RGB,JPEG,3675,085712ad0f748f82d0a12c119d9ae4d0a889f21c51f623c66fca4ced2bfe9c5d
59421,data/raw/teacher/test/images_test/59421.jpg,60.0,80.0,0.75,RGB,JPEG,3433,932a63e08b137612dca2d37b294dbf81b7b4f8c90e23f1089240c7b8029606ff
59422,data/raw/teacher/test/images_test/59422.jpg,60.0,80.0,0.75,RGB,JPEG,18030,fc5595c147290fdaf38c9e07430893d8b64c0e2c253dd2b61b4035ea582a9a1a
59428,data/raw/teacher/test/images_test/59428.jpg,60.0,80.0,0.75,RGB,JPEG,12582,5976e7744c8c84d6f588a0b32717b41284c60163b92475d7357d189f8fa29172
59430,data/raw/teacher/test/images_test/59430.jpg,60.0,80.0,0.75,RGB,JPEG,12993,dbd26f12c0d263df817db77aa6f693124a17dc9913ffefe516058887015975b0
59432,data/raw/teacher/test/images_test/59432.jpg,60.0,80.0,0.75,L,JPEG,37117,0d6b5e1c7940eabeae84e34c5b05ce9af39adb7df20e01b24960e0f12b57a408
59433,data/raw/teacher/test/images_test/59433.jpg,60.0,80.0,0.75,RGB,JPEG,23358,8c8180bd4d9c9405367652c42270c77dea345bcbb935f7dc17f2ec7d6a4afd29
59435,data/raw/teacher/test/images_test/59435.jpg,60.0,80.0,0.75,RGB,JPEG,19444,09fef8032766e2eb8635cbacc38421995cc1c16b456d2189a9a1d85e5e992715
59436,data/raw/teacher/test/images_test/59436.jpg,60.0,80.0,0.75,RGB,JPEG,18542,dba3ccc24844298b48fcebb44a7f2966abc46d87d5eff46ae9cedcdf7180c89f
59437,data/raw/teacher/test/images_test/59437.jpg,60.0,80.0,0.75,RGB,JPEG,13295,04a0e046baf489eca36d4241b6af605b7e211da7820b5f4e495e454b99dd24a1
59439,data/raw/teacher/test/images_test/59439.jpg,60.0,80.0,0.75,RGB,JPEG,3990,46c06400ee5f09d4e2121415288fbb035c89b64b7fb82135bddda698cdaab9ae
59440,data/raw/teacher/test/images_test/59440.jpg,60.0,80.0,0.75,RGB,JPEG,3517,54b6f6980f75d5006afe0c98302c9c0dc389bdc14312983b2b6b598750b0c4d5
59441,data/raw/teacher/test/images_test/59441.jpg,60.0,80.0,0.75,RGB,JPEG,3554,f5e3e9a495c572416543573a74269b10acd25c6ea68d2d4a05484e47118f4da1
59442,data/raw/teacher/test/images_test/59442.jpg,60.0,80.0,0.75,RGB,JPEG,3169,c9661b76314fcec19b9edf4a9fa528709b150ec5ba0fb339f01c668fca472c34
59443,data/raw/teacher/test/images_test/59443.jpg,60.0,80.0,0.75,RGB,JPEG,21962,96b2ce06220f843c829856cbd2740326e3bdf16cffd1f01f5563e109c663c5bb
59444,data/raw/teacher/test/images_test/59444.jpg,60.0,80.0,0.75,RGB,JPEG,22151,659df2b7dc69bf531e5a5c4bf5cc15a04aab4b606561f34e56b4bc2e5e245094
59445,data/raw/teacher/test/images_test/59445.jpg,60.0,80.0,0.75,RGB,JPEG,22544,c9229a6608e152addf316530188039e1dbf704ddbbec17c0a70776d582cb7c2f
59446,data/raw/teacher/test/images_test/59446.jpg,60.0,80.0,0.75,RGB,JPEG,16412,28a7a8cd86dc0a1d1c9a0b91e16d2701239d41b0c17fd1717e4cb03c68f0c736
59448,data/raw/teacher/test/images_test/59448.jpg,60.0,80.0,0.75,RGB,JPEG,3240,290b5f50c702629580bc92e67594ea8911d15e8882924b071dbdf23dd1698f1e
59451,data/raw/teacher/test/images_test/59451.jpg,60.0,80.0,0.75,RGB,JPEG,16807,710e3d1dc07ab94c10327ca6d6110ca09a55608d9891b336f09ee424c81bc4fb
59452,data/raw/teacher/test/images_test/59452.jpg,60.0,80.0,0.75,RGB,JPEG,16206,e5b6c4469abde968aa664f5f015f727b0c53cda44cc6e957b766f69c4e6f7a06
59453,data/raw/teacher/test/images_test/59453.jpg,60.0,80.0,0.75,RGB,JPEG,3096,6537e4a97da3043ae34b141474e8276741a41a472ea276af50b64e708e8922cb
59454,data/raw/teacher/test/images_test/59454.jpg,60.0,80.0,0.75,RGB,JPEG,3241,dbf32a3ec5682a41eb71ddcb48a5eb0c639ba5005e4b4bd8dac1087dd16f968a
59455,data/raw/teacher/test/images_test/59455.jpg,60.0,80.0,0.75,RGB,JPEG,13714,3882d41e1e664e56c9b69d085bafe391e729380d39adf6d3aa764243df61a5dd
59456,data/raw/teacher/test/images_test/59456.jpg,60.0,80.0,0.75,RGB,JPEG,18763,2e2c423b572f6d9314a5c34cb21afb7f6000dff50223c801a4f3e46b910d95e5
59457,data/raw/teacher/test/images_test/59457.jpg,60.0,80.0,0.75,RGB,JPEG,19512,4668b0771eeca576dd214ae08e5a899d3bf0b224f0e4458a7a9718d6a1ebcbc6
59458,data/raw/teacher/test/images_test/59458.jpg,60.0,80.0,0.75,RGB,JPEG,19831,6dfe893cf0238d98f0251da02340954382df1e6aa68a39b07a3a4b4fc827496f
59459,data/raw/teacher/test/images_test/59459.jpg,60.0,80.0,0.75,RGB,JPEG,20080,67b4fb38cf408cf3b599582b0097a79c67dda64fc2acb6afc96ca06bfa9d3a21
59460,data/raw/teacher/test/images_test/59460.jpg,60.0,80.0,0.75,RGB,JPEG,18470,c9cb1a4c3d7ed86d3cd92e160e25ba9819ee3b674098c35a8b4c3e939162827a
59461,data/raw/teacher/test/images_test/59461.jpg,60.0,80.0,0.75,RGB,JPEG,14019,a106b1214b6ccd36c898ba3783269aace1ba11b3543caa88fcb3be9406f94987
59462,data/raw/teacher/test/images_test/59462.jpg,60.0,80.0,0.75,RGB,JPEG,2333,6bd4d2fc62c5381270989c99e5c7da2ea67ab3fefbae40a570ad569b9e342539
59463,data/raw/teacher/test/images_test/59463.jpg,60.0,80.0,0.75,RGB,JPEG,20911,381b4931d3f10c6c6ea197ae8c0d4ec19cf0f52eb8d2549208a9ccc5905066c8
59464,data/raw/teacher/test/images_test/59464.jpg,60.0,80.0,0.75,L,JPEG,31294,b9534bfff144c93a1047d8c58721435bece1f4692b5387eeb161285f3b101e8b
59465,data/raw/teacher/test/images_test/59465.jpg,60.0,80.0,0.75,RGB,JPEG,19964,3516dbd2ef342c28058b1614077d6d692e921c61146b02fe6009d2589fce0ddc
59466,data/raw/teacher/test/images_test/59466.jpg,60.0,80.0,0.75,RGB,JPEG,20607,50488d3d26abb1a53cc277450a710bcc89625502dfaf9acfb2be56a71203db21
59467,data/raw/teacher/test/images_test/59467.jpg,60.0,80.0,0.75,RGB,JPEG,16914,14bd8d4fda848883d409ce63a477faaa0f99cc59f0c83056224622cc1c2a7c15
59468,data/raw/teacher/test/images_test/59468.jpg,60.0,80.0,0.75,RGB,JPEG,20453,65fff6e7feae5e71b2d27d6e8c1aa327fe95d30ba57611b4996a5c494e18e8db
59469,data/raw/teacher/test/images_test/59469.jpg,60.0,80.0,0.75,RGB,JPEG,19689,d61c72b04892dba007c2aea5160dcf6df52f7ca858249d0a4e4786dde9642c9a
59470,data/raw/teacher/test/images_test/59470.jpg,60.0,80.0,0.75,RGB,JPEG,19911,7af32c5039420c965ed89479f189d43c560201c8e141e147a9297f122586f103
59471,data/raw/teacher/test/images_test/59471.jpg,60.0,80.0,0.75,L,JPEG,19955,81b398899b49171ffcdc21b97c73478f30ca3869e6d6c8303549ba04e8ff8c0b
59474,data/raw/teacher/test/images_test/59474.jpg,60.0,80.0,0.75,L,JPEG,17057,6333a6620081ae84a2df2739116a432680b2876f9c916e7a29b6e92eadd21b17
59481,data/raw/teacher/test/images_test/59481.jpg,60.0,80.0,0.75,RGB,JPEG,17854,841b7405b43d8fe8e8fbb9b3e1253de2191043c47bc0ab176e7fe2a4b607cc41
59484,data/raw/teacher/test/images_test/59484.jpg,60.0,80.0,0.75,RGB,JPEG,17433,36538443d3bbc52fe3e1692cdc342275effdcf737ef57d4094c4ff26274176c4
59498,data/raw/teacher/test/images_test/59498.jpg,60.0,80.0,0.75,RGB,JPEG,11616,397f49108d734740f45b5611a0bebbb13a5bf24989cc76b89b33fc6ab0486584
59499,data/raw/teacher/test/images_test/59499.jpg,60.0,80.0,0.75,RGB,JPEG,801,dd932ff4be4ca7c33680db0e3b8192ab7d2ec04451784c52bfc5504264973663
59501,data/raw/teacher/test/images_test/59501.jpg,60.0,80.0,0.75,RGB,JPEG,17254,5551cdeee57831ca3c38e406a7e2fbf6e9f42a98c9c33cc1f13f069d4c97f08d
59502,data/raw/teacher/test/images_test/59502.jpg,60.0,80.0,0.75,RGB,JPEG,11821,c173a341b850faa02a2075a759f6810065c2fa886f839e2cb0499155d5c6f186
59503,data/raw/teacher/test/images_test/59503.jpg,60.0,80.0,0.75,RGB,JPEG,711,5ee459aa3043da284e8bcc7ece7600dc45162b5bcbab8b58f846a7e1579f2f15
59504,data/raw/teacher/test/images_test/59504.jpg,60.0,80.0,0.75,RGB,JPEG,11340,b88c47915df1a0808ea2570ac2ac4eae0b55713d50d67d9f96b73d900f0d5beb
59505,data/raw/teacher/test/images_test/59505.jpg,60.0,80.0,0.75,RGB,JPEG,650,de38f20363adcb510b9316ea49411b5a421108140e1c572f2053a5854bbdee73
59507,data/raw/teacher/test/images_test/59507.jpg,60.0,80.0,0.75,RGB,JPEG,942,e0cd80432bfbbaa45357017894f4529659e9c3bb6c78b08c31635d72116d991d
59508,data/raw/teacher/test/images_test/59508.jpg,60.0,80.0,0.75,RGB,JPEG,774,8f036a4d5fcaaf5a5150f913d4b5d507c75be0deb3ef2d2eb273fea9c9ae0ef6
59509,data/raw/teacher/test/images_test/59509.jpg,60.0,80.0,0.75,RGB,JPEG,658,f2383c3aa93170131a2fe23d18b40691b7831db0981ed0e21875586886d6de0e
59510,data/raw/teacher/test/images_test/59510.jpg,60.0,80.0,0.75,RGB,JPEG,643,7cb7c4d8a4e52b231c61e6f1fcda116d1a93b66098d8fa3a8a9060963d94caa0
59511,data/raw/teacher/test/images_test/59511.jpg,60.0,80.0,0.75,RGB,JPEG,623,046addffdc9592f1629e14ebb698729187b9a1438c271bbd50e3618d6f8725ad
59512,data/raw/teacher/test/images_test/59512.jpg,60.0,80.0,0.75,RGB,JPEG,581,2cd436e3625bef5f5da8f22a464dfd637ffc14ea196353038e391e64b78f5c19
59513,data/raw/teacher/test/images_test/59513.jpg,60.0,80.0,0.75,RGB,JPEG,679,e1f03ae7cabfa4c83ff4b12643b1cd62a313b5ab978ccf2d2b22136345dd4680
59514,data/raw/teacher/test/images_test/59514.jpg,60.0,80.0,0.75,RGB,JPEG,844,866304031d86b89511b51c9faf0897e5dbb10020da47fa0134636d16809efa73
59515,data/raw/teacher/test/images_test/59515.jpg,60.0,80.0,0.75,RGB,JPEG,749,609054cc32cc6f7f4847bafed2bb45305291413b2bf0a7808342e94ee83781fa
59516,data/raw/teacher/test/images_test/59516.jpg,60.0,80.0,0.75,RGB,JPEG,801,dd932ff4be4ca7c33680db0e3b8192ab7d2ec04451784c52bfc5504264973663
59518,data/raw/teacher/test/images_test/59518.jpg,60.0,80.0,0.75,L,JPEG,61522,01e7b57e1876915592caa00c32883d8d77b005ca2e9292aa52627f092ba6a728
59519,data/raw/teacher/test/images_test/59519.jpg,60.0,80.0,0.75,RGB,JPEG,1644,3ac4450fa4dd069b8b2676aafd92602d0d73d5c3885bb2fb6a3036a80c8bd957
59520,data/raw/teacher/test/images_test/59520.jpg,60.0,80.0,0.75,RGB,JPEG,19392,a1e024f911a6b01550221485abd1aad9e1ab49c19c69031fa902a9f77d829246
59521,data/raw/teacher/test/images_test/59521.jpg,60.0,80.0,0.75,RGB,JPEG,18980,e23a1a28430e876e491b4bf974e411730e1ea2580ae39e5e61cfc214952263c6
59522,data/raw/teacher/test/images_test/59522.jpg,60.0,80.0,0.75,RGB,JPEG,16717,74557bfe37aacebfb2f00e2711c088642e966bfc1629dfdd7e23e89d04c5867c
59523,data/raw/teacher/test/images_test/59523.jpg,60.0,80.0,0.75,RGB,JPEG,18690,f05af82f64af50a7e3902a4e90c2ab8b104dbfb29bfeef784e5cbf42f84d78bc
59524,data/raw/teacher/test/images_test/59524.jpg,60.0,80.0,0.75,RGB,JPEG,17834,42499592fe4d0358497977ce2a73d56866143226f96855ce4c3c9e30843f683d
59525,data/raw/teacher/test/images_test/59525.jpg,60.0,80.0,0.75,RGB,JPEG,13309,5385b52ed390ed13f82600878ba45f0de8120541f49e447b6c20299cdf0f4c9f
59526,data/raw/teacher/test/images_test/59526.jpg,60.0,80.0,0.75,RGB,JPEG,17556,c9c68ba84275b5ecc94e9259faa62cbef8b812f80d424ac8f6ea4f2dbff4af05
59527,data/raw/teacher/test/images_test/59527.jpg,60.0,80.0,0.75,L,JPEG,16031,30af1577fa4f2eb2da8a2d1dc6a7ce35882eac6920cc504ef00888d22c15c64f
59528,data/raw/teacher/test/images_test/59528.jpg,60.0,80.0,0.75,L,JPEG,10133,bda66fd991d7cf859d60cb7bc761bac7a97ec732c46fbbf4c7e4683199e9c1d9
59529,data/raw/teacher/test/images_test/59529.jpg,60.0,80.0,0.75,RGB,JPEG,10915,dcc9e7e756a0b91a9f73d07968720fcac74015535df925cfbffaa017a074ec4b
59530,data/raw/teacher/test/images_test/59530.jpg,60.0,80.0,0.75,RGB,JPEG,1918,f1afcc1631de545be3acc03a7a4ccecf3db9c59d53062cd2f035f705a5cfcab3
59531,data/raw/teacher/test/images_test/59531.jpg,60.0,80.0,0.75,RGB,JPEG,1615,3a475d3b8ee59d76033f6a32080694063a625d77cb0eaf835cd4dd9eb6a2b2d4
59532,data/raw/teacher/test/images_test/59532.jpg,60.0,80.0,0.75,RGB,JPEG,11467,fc579d9398d711e97ae45500a4584706842f1c75bd97193ce9665ff569ab8e88
59533,data/raw/teacher/test/images_test/59533.jpg,60.0,80.0,0.75,RGB,JPEG,16445,70de5d4099ffa85073b9ad0529fac5e5f95c2d757907ce5b82909c9e2caa044e
59534,data/raw/teacher/test/images_test/59534.jpg,60.0,80.0,0.75,RGB,JPEG,1651,4b2b8e85b1fc96b54b34ce5d04e2342f535ec28bdbe7d831f2c9e1a79d7e8c46
59535,data/raw/teacher/test/images_test/59535.jpg,60.0,80.0,0.75,RGB,JPEG,17420,007a2322e839ba5f3f7907db4be41b8a504513bc0b0a1ca549176e6e0b52f172
59537,data/raw/teacher/test/images_test/59537.jpg,60.0,80.0,0.75,RGB,JPEG,16510,348a69d10a0ea2147f4851b168a4642e7990131602c4d5fff5b28847bdb30e16
59541,data/raw/teacher/test/images_test/59541.jpg,60.0,80.0,0.75,RGB,JPEG,10271,18250bceb4838c88c632b0acf0700958d936158ddc951486b3a4b4d65de8454f
59543,data/raw/teacher/test/images_test/59543.jpg,60.0,80.0,0.75,RGB,JPEG,9897,0e57c1735c80e69d0f0af87a087d6196a7b64eecb6f71c2cfd141822ee679242
59544,data/raw/teacher/test/images_test/59544.jpg,60.0,80.0,0.75,RGB,JPEG,8989,751fbee698b74b63ac543cb2572fbe34824fe1a759e6a93054ae63b8f2f84e95
59545,data/raw/teacher/test/images_test/59545.jpg,60.0,80.0,0.75,RGB,JPEG,15743,0ca847b4094fed5eb6a82a76a42dcff57b11dbdff675a8fc4263709fa960d8b8
59546,data/raw/teacher/test/images_test/59546.jpg,60.0,80.0,0.75,RGB,JPEG,16698,3452af99d203181cd50a006138d4b785df88edcfa254c0ec484bbbad3458d112
59547,data/raw/teacher/test/images_test/59547.jpg,60.0,80.0,0.75,RGB,JPEG,16179,1d0b8913064aaf915d050296c766a1ddce076e3de3c63051cf1b25ca6adcb54f
59550,data/raw/teacher/test/images_test/59550.jpg,60.0,80.0,0.75,L,JPEG,8537,ea754657fc0c09bfbb3dc52db565693839f91537a399817c41038cc73de80032
59551,data/raw/teacher/test/images_test/59551.jpg,60.0,80.0,0.75,RGB,JPEG,16375,c00e120504de6bac78e0140c272689a935d93cf37370bbcaddd1b6ea7f6b63a9
59552,data/raw/teacher/test/images_test/59552.jpg,60.0,80.0,0.75,RGB,JPEG,18040,895a51eba161380624af6202b91a89b6c58d9f45ff66df95d96f71d07ce119b4
59553,data/raw/teacher/test/images_test/59553.jpg,60.0,80.0,0.75,RGB,JPEG,11557,d3fdc6717d9f86fa2e018035c6c570565938bf2c6a97de24e1fcca363c311113
59554,data/raw/teacher/test/images_test/59554.jpg,60.0,80.0,0.75,RGB,JPEG,16713,ce4e05f7b11bd2f879bf7998f4b4a83d410b1d09cfc5d378791374e1d18a6ee7
59555,data/raw/teacher/test/images_test/59555.jpg,60.0,80.0,0.75,RGB,JPEG,10193,3ec88e68d374c43621e9803f3fda6d237df4b0518e08384ea4775c1f2555e22c
59556,data/raw/teacher/test/images_test/59556.jpg,60.0,80.0,0.75,RGB,JPEG,41884,bf7c4732d17c4032844a4e06711f910eb0550c723220900139b1b8c932a07606
59557,data/raw/teacher/test/images_test/59557.jpg,60.0,80.0,0.75,RGB,JPEG,26964,faa44fb91e0a976904f171c6c5e43c4549132523eb62423ea820ab799a70e88d
59558,data/raw/teacher/test/images_test/59558.jpg,60.0,80.0,0.75,L,JPEG,9899,4af906ea4e72d59bb82cc9387002b2b73aafeedaa0371783de86b899b0988b54
59559,data/raw/teacher/test/images_test/59559.jpg,60.0,80.0,0.75,RGB,JPEG,10185,ae11384d6e00bf8f577749da38e32bfbad8672444fdcf0a829c5bd4b377a1f80
59560,data/raw/teacher/test/images_test/59560.jpg,60.0,80.0,0.75,RGB,JPEG,11691,92d97b41eb6f0ec909338a925916802758699687ee26d1b74b0644dd7b6f9a3e
59561,data/raw/teacher/test/images_test/59561.jpg,60.0,80.0,0.75,RGB,JPEG,18948,43061bfd1b64f6522e53b8bf190863b2c7e9a7064791d0a54d9aa377e0b2049a
59563,data/raw/teacher/test/images_test/59563.jpg,60.0,80.0,0.75,L,JPEG,9651,50388bd60fd5dbefe2a52d92bf8bba735f246cc5d6ad161762191c597be4dc93
59564,data/raw/teacher/test/images_test/59564.jpg,60.0,80.0,0.75,RGB,JPEG,16455,cfbf22adc1a2c7fcae39bf24be2a635f2c8f52e6e69d93353535723244e806a5
59565,data/raw/teacher/test/images_test/59565.jpg,60.0,80.0,0.75,RGB,JPEG,9389,e9df15bdf38e6d35a3cf0342a54327fe38eac50fc54921b2b0cb6603f125cf84
59566,data/raw/teacher/test/images_test/59566.jpg,60.0,80.0,0.75,RGB,JPEG,17759,59bb7885cdc03789e52a268b9397ee61ddcef1142699a4558a7ca2385b4bafa1
59567,data/raw/teacher/test/images_test/59567.jpg,60.0,80.0,0.75,RGB,JPEG,18088,5e42cae822b6c01ec2178a365b85f657cfbefa3df4846aa6359d11f24b047548
59568,data/raw/teacher/test/images_test/59568.jpg,60.0,80.0,0.75,L,JPEG,11333,04742798a9d8bca8f10fb1050305f303957d65bf13290360fc43a9b7f8c3b872
59569,data/raw/teacher/test/images_test/59569.jpg,60.0,80.0,0.75,RGB,JPEG,25547,a13a09e8ae41b5d2cf68ba7d2e979edfea7d49396db2fed4ffa8af3145e717da
59570,data/raw/teacher/test/images_test/59570.jpg,60.0,80.0,0.75,RGB,JPEG,17204,2313a57f2eb9d519a743a168f81aad30bed0dd9304771c8496a49466a8d033c1
59571,data/raw/teacher/test/images_test/59571.jpg,60.0,80.0,0.75,RGB,JPEG,18675,7b3175456c097e898d613a80c82b2d258140b0379e21457208a9321c3c553768
59572,data/raw/teacher/test/images_test/59572.jpg,60.0,80.0,0.75,RGB,JPEG,11214,1cd7df22087c727a25ac811e5c7369ca3b6cd00cb0cb995186fee492a0241d12
59573,data/raw/teacher/test/images_test/59573.jpg,60.0,80.0,0.75,RGB,JPEG,17219,53210ed4f726294db436a9afd3d80e64f6cd781303723979a0a8acd71b9a8644
59574,data/raw/teacher/test/images_test/59574.jpg,60.0,80.0,0.75,RGB,JPEG,19939,3aaa99078cbd06ce09b2eb14ebd7ebb6385e37ced73595ec63f65ba081ccb8c1
59575,data/raw/teacher/test/images_test/59575.jpg,60.0,80.0,0.75,RGB,JPEG,17547,720e741d73cf307eaf8c28e1910faf17d8af82929ddc0e65ec4f9916b86278da
59576,data/raw/teacher/test/images_test/59576.jpg,60.0,80.0,0.75,RGB,JPEG,16631,060c221f3d47ec2481421ca2923da8498e2769cc9cdf9ab2627e3ca68a59fcc1
59577,data/raw/teacher/test/images_test/59577.jpg,60.0,80.0,0.75,RGB,JPEG,18046,f87ba3d06185b8568d383c1bc913f7dc7987f597ca2365f269e589b8b684ac26
59578,data/raw/teacher/test/images_test/59578.jpg,60.0,80.0,0.75,RGB,JPEG,16657,dd36a60c06f433341159e8dabaf2c54542ad55e04b37ab112aaa4f872c6eba23
59579,data/raw/teacher/test/images_test/59579.jpg,60.0,80.0,0.75,RGB,JPEG,37380,1a21863521fd66d6c534de5bbe5e2133bb50ed4bfe4c66f6868d63a98aa80ad2
59580,data/raw/teacher/test/images_test/59580.jpg,60.0,80.0,0.75,RGB,JPEG,19627,01c44d17330545cf67eb66381bf55fa7f99e08135fe9a4d8ade56729d9f037c3
59581,data/raw/teacher/test/images_test/59581.jpg,60.0,80.0,0.75,L,JPEG,17569,2e5361dcad8653f67bbb57e7c68ea32b42e0b939e634e7b93164a29f3d83ccd5
59582,data/raw/teacher/test/images_test/59582.jpg,60.0,80.0,0.75,RGB,JPEG,18348,20f74f8f5e0f31787c7f678b55c157dc8def3009e2af10e2d8b3166953a3eaea
59583,data/raw/teacher/test/images_test/59583.jpg,60.0,80.0,0.75,L,JPEG,10121,52c90807cd7f3966ad3bb29ca487f6e86504750e013d1f0ea67094ed61245379
59584,data/raw/teacher/test/images_test/59584.jpg,60.0,80.0,0.75,RGB,JPEG,17548,fb2a2d798875dbe571c06f7c9fd9ca825d4a97e0d0909e5fe66b49fb0dbec4dc
59585,data/raw/teacher/test/images_test/59585.jpg,60.0,80.0,0.75,RGB,JPEG,36954,5d151143b3ba041e642ffbf9a7f1f584884de28c66e9aa2f19d35d041cdc3746
59586,data/raw/teacher/test/images_test/59586.jpg,60.0,80.0,0.75,RGB,JPEG,17504,21a0ba45a92bc81d82d8c6958abd2c6c90b2daf784a99d403170f9cbde50ddac
59587,data/raw/teacher/test/images_test/59587.jpg,60.0,80.0,0.75,L,JPEG,11214,3dbdd34711daf305ebf9d09fcb2c93bf24a85d93da004f6c478ec21647c09009
59589,data/raw/teacher/test/images_test/59589.jpg,60.0,80.0,0.75,RGB,JPEG,22374,071a1d845cfb09fb2978996141043073043c84a8f7aa7d24aa99e773562b1f8f
59590,data/raw/teacher/test/images_test/59590.jpg,60.0,80.0,0.75,RGB,JPEG,23227,90b184ca426da6c780bffa2119a2bbadc0d961ac154613827f2e3f71acf61231
59591,data/raw/teacher/test/images_test/59591.jpg,60.0,80.0,0.75,RGB,JPEG,16576,0420931da619845125ab915796a9b5492d4762633d4aa1ee5a0d67d04371c2a2
59592,data/raw/teacher/test/images_test/59592.jpg,60.0,80.0,0.75,RGB,JPEG,16862,369194acbf390aad2a0bcd7957cbc9c717439dabd407532c5a9b0457ace4558e
59593,data/raw/teacher/test/images_test/59593.jpg,54.0,80.0,0.675,RGB,JPEG,2704,e4510cb3dabd84151dada2ff0568ba709af40eb23947418a84fb0d249fa23082
59594,data/raw/teacher/test/images_test/59594.jpg,60.0,80.0,0.75,RGB,JPEG,2965,1275cdcb94a1e76819c7eef26a3bfa6a104b6f843305ea9fcfe8c88ddc564dfa
59595,data/raw/teacher/test/images_test/59595.jpg,60.0,80.0,0.75,RGB,JPEG,23279,a17ce9334aebed0ac52a6f6cd8995b72a1c2d522cf7eae4690115d6ceed11368
59596,data/raw/teacher/test/images_test/59596.jpg,60.0,80.0,0.75,RGB,JPEG,3284,b86da889e2635cbd1de0ca26c6146d9d2019567acb98769df4d0d49efa359ed1
59597,data/raw/teacher/test/images_test/59597.jpg,60.0,80.0,0.75,RGB,JPEG,16630,dd4dd23423b2d54d85a6a49e14b9e386bc064ffa7e28fc4e309ba18b9081d4c7
59598,data/raw/teacher/test/images_test/59598.jpg,60.0,80.0,0.75,RGB,JPEG,3196,0e7c4bd39be21ef50b5bfd81107467a9488293fac3e887710d0eac8e5b88707a
59599,data/raw/teacher/test/images_test/59599.jpg,60.0,80.0,0.75,RGB,JPEG,24032,f225b26c749e09e497e0eb436fa93b70d4c8e38eb4d07f09e2886d3e1d86e73e
59600,data/raw/teacher/test/images_test/59600.jpg,60.0,80.0,0.75,RGB,JPEG,24449,0a60d5de1ae0965b817d34e14e4cbe761c831151695f517b893ce74f6c142b31
59601,data/raw/teacher/test/images_test/59601.jpg,60.0,80.0,0.75,RGB,JPEG,15745,996b3b65942a58c7a639da6a6a441b062dfad7a9b663b096d68432356ab5ca9f
59603,data/raw/teacher/test/images_test/59603.jpg,60.0,80.0,0.75,RGB,JPEG,3662,4e8f8db7161aaf9e9de94f21ddd4edfe33d374c1a505680a9815fac5844b7a27
59604,data/raw/teacher/test/images_test/59604.jpg,60.0,80.0,0.75,RGB,JPEG,17841,128fe94e7cca73f67dc73308e0c1135d9758472567bc1114161cfdac9cc12b4b
59606,data/raw/teacher/test/images_test/59606.jpg,54.0,80.0,0.675,RGB,JPEG,2192,1eb11baa6780b857d60610361f9d80d7a6515a18c3c23dfd5a5d8966d0bb2944
59607,data/raw/teacher/test/images_test/59607.jpg,60.0,80.0,0.75,RGB,JPEG,1303,1d87184c35dc3ab276770917716ca752299366757e1e0a287afa57b044e8efdd
59608,data/raw/teacher/test/images_test/59608.jpg,60.0,80.0,0.75,RGB,JPEG,22294,a8ae2f0a5fa7e0fc87a4ef03bfb7c405e65b14886372bda21141054a9c809282
59609,data/raw/teacher/test/images_test/59609.jpg,60.0,80.0,0.75,RGB,JPEG,16957,340f29d2ff5db4d4af6e8012c75e43fe794f02865eb1b72a0004ab3f6c74abb5
59610,data/raw/teacher/test/images_test/59610.jpg,60.0,80.0,0.75,RGB,JPEG,22521,456e64156da7186c027973b05adaba7a245ca3c3fc73276249ad29a1e293ba21
59611,data/raw/teacher/test/images_test/59611.jpg,60.0,80.0,0.75,RGB,JPEG,23328,94e65575476206d83d5e2bbf7a088f68b014a6327fbcbf37e4fe58dca24e2d2b
59612,data/raw/teacher/test/images_test/59612.jpg,60.0,80.0,0.75,RGB,JPEG,24256,6a6fd3d628b7bc9878573a5ba7b642998bbfafeef68a3292f2960db0ec3152b7
59613,data/raw/teacher/test/images_test/59613.jpg,60.0,80.0,0.75,RGB,JPEG,2790,8f8096cbd5700572626722ab06dd19349e938ecabe639bb4dd8ecc242a98424f
59614,data/raw/teacher/test/images_test/59614.jpg,60.0,80.0,0.75,RGB,JPEG,3500,09f9416d9d1b7a38c0b249f1ee81b33b625c67285994716595f2a46c3cf77f50
59615,data/raw/teacher/test/images_test/59615.jpg,60.0,80.0,0.75,RGB,JPEG,18079,0608509ed75de84683f307c8ee8c2896e6502c91718c3ea07a69ae16337a95e5
59616,data/raw/teacher/test/images_test/59616.jpg,60.0,80.0,0.75,RGB,JPEG,22579,f0650cdae6daa01ebfee87a73937c49333075f5519a1d479f6b6f46a8823a1bd
59618,data/raw/teacher/test/images_test/59618.jpg,60.0,80.0,0.75,RGB,JPEG,23883,95b6ee54a4999f04d164a9cad096bd78acdbeef9b1c31f201f31aef9fd5f7757
59619,data/raw/teacher/test/images_test/59619.jpg,60.0,80.0,0.75,RGB,JPEG,24066,5666adef1b349c2240fe22a320a03349cdd18df8f3299942711c52b6fa09442b
59620,data/raw/teacher/test/images_test/59620.jpg,60.0,80.0,0.75,RGB,JPEG,17473,371a52a67c4287571c1b83d1dbc8ce6ad341389a82eadbd34a738427413e78d7
59621,data/raw/teacher/test/images_test/59621.jpg,60.0,80.0,0.75,RGB,JPEG,23429,26d4156a8b0ce09731c0b02a2ec9f227a88468565ff8cffb503ae8ff11619f03
59622,data/raw/teacher/test/images_test/59622.jpg,60.0,80.0,0.75,RGB,JPEG,5142,68c3b0dfa9b824094d77c5bd0be7f35fe24d12eea5c5ac10f3a9ae38e869a0c6
59623,data/raw/teacher/test/images_test/59623.jpg,60.0,80.0,0.75,RGB,JPEG,14705,ef13788240bb0a9f26eb3d254bffb65708f47cfb3d44591650610bf6b7d00f41
59624,data/raw/teacher/test/images_test/59624.jpg,60.0,80.0,0.75,RGB,JPEG,16731,4c177df15d7d4ba02118ae59957faa7d3e057dbc128e1f5d57207cfa68947fdc
59625,data/raw/teacher/test/images_test/59625.jpg,60.0,80.0,0.75,RGB,JPEG,22625,d738a453e6fea95b4f8cae6026560c2c03ebfdb1f13787b813861020c5c812a9
59626,data/raw/teacher/test/images_test/59626.jpg,60.0,80.0,0.75,RGB,JPEG,22929,cf98e0fdaa66cf43c75a3782025eec48611d99ee57ba9085f88180705131aa0d
59628,data/raw/teacher/test/images_test/59628.jpg,60.0,80.0,0.75,RGB,JPEG,17750,9101ed99ee6e009b4145d4b9e9913919f66cfd102febe5a27e394eeda27590f9
59630,data/raw/teacher/test/images_test/59630.jpg,60.0,80.0,0.75,RGB,JPEG,24459,f6f3c15d283e9cfee36f467d6028f901217d0d888db814ce98ee5f4756e729c3
59631,data/raw/teacher/test/images_test/59631.jpg,60.0,80.0,0.75,RGB,JPEG,17344,a8a9451a9f2727123fadfe9a578d0457f712f4287fef4da504f85b66f5d890f0
59632,data/raw/teacher/test/images_test/59632.jpg,60.0,80.0,0.75,RGB,JPEG,3156,a7392abb96e6ef817f41add448825a8311c251b7c9692277ead7960cd4e0e575
59633,data/raw/teacher/test/images_test/59633.jpg,60.0,80.0,0.75,RGB,JPEG,2919,7e9a622856d6730784db0270961f09f378c00c575ac2e1a29c89b7d16bf8d6d1
59634,data/raw/teacher/test/images_test/59634.jpg,60.0,80.0,0.75,RGB,JPEG,16372,cb6cf6e0643cb81c552bf4b491a04142db3f91fb76d1a96f67cbe78f9e715c81
59635,data/raw/teacher/test/images_test/59635.jpg,60.0,80.0,0.75,RGB,JPEG,17249,db3b1398fcbe68d7d6c958baa1e7f3436d5ea74ae1658d48a094a00f4b90b096
59636,data/raw/teacher/test/images_test/59636.jpg,60.0,80.0,0.75,RGB,JPEG,1338,e1c0daa60d3ea240e451c81079bef986dfa2e9807a9b299ca079fce581fd308b
59637,data/raw/teacher/test/images_test/59637.jpg,60.0,80.0,0.75,RGB,JPEG,23839,703f19b065a719dd60b06cfe6e4b3e8b497d41430e809140fd1b4de965f74844
59638,data/raw/teacher/test/images_test/59638.jpg,60.0,80.0,0.75,RGB,JPEG,17222,713e29db5a059f14c54074e13195ce0a1aa5c4fc42d310ec91ac79743c99c783
59639,data/raw/teacher/test/images_test/59639.jpg,60.0,80.0,0.75,RGB,JPEG,17593,565fee7723427a853fab9883c958e2be92375fccc444f17c40f2e1495639a153
59640,data/raw/teacher/test/images_test/59640.jpg,60.0,80.0,0.75,RGB,JPEG,24694,3a9c7a8aceee7ab0c7183463fc7de35ddaa3692ce6678c8e3aa796ddab667fd9
59641,data/raw/teacher/test/images_test/59641.jpg,60.0,80.0,0.75,RGB,JPEG,24592,76cb99704d0daecc117253cbab286c2f9299e8ecc3cc83d65f00f5185dd54b9e
59642,data/raw/teacher/test/images_test/59642.jpg,60.0,80.0,0.75,RGB,JPEG,2997,a16663410bbd7a8927ca591bd0ef0c369092c50e9a9ef71eb391a3b447509312
59643,data/raw/teacher/test/images_test/59643.jpg,60.0,80.0,0.75,RGB,JPEG,16691,78788322359f99dc9faa5e5ad830ecfa6d2869a98ff2027081b158cfc3f65518
59644,data/raw/teacher/test/images_test/59644.jpg,60.0,80.0,0.75,RGB,JPEG,24850,3028350a10b83cacf5625f5da18a59e22222ef5f59e2a2a252934fcb35cd1cfc
59645,data/raw/teacher/test/images_test/59645.jpg,60.0,80.0,0.75,RGB,JPEG,22453,43145bef73a7b2d13393fdc8da3411c59c23c166603e9f03499a9b6c9cc7a640
59646,data/raw/teacher/test/images_test/59646.jpg,60.0,80.0,0.75,RGB,JPEG,16269,04b4de9eb8e30dba5ca39112291333c3a02e2b124eeb3cd6ec596439742f949b
59647,data/raw/teacher/test/images_test/59647.jpg,60.0,80.0,0.75,RGB,JPEG,15889,d8888a217dc79a039926d304bd9aa096b54212534bc92aed32d4f167200e064b
59648,data/raw/teacher/test/images_test/59648.jpg,60.0,80.0,0.75,RGB,JPEG,15605,44888f9b7ef0fef844f7f0b34be8ee476d0bf1ed5bafa2d407602b46cb597580
59649,data/raw/teacher/test/images_test/59649.jpg,60.0,80.0,0.75,RGB,JPEG,22944,19bda7b27ef48108d9be849836867c615f00e1d6be13aee81f14e80edf573672
59650,data/raw/teacher/test/images_test/59650.jpg,60.0,80.0,0.75,RGB,JPEG,17073,31a5fd185d833f6e581bd0321c35e1cb7ae8b12e1c833765fd33654b58416741
59651,data/raw/teacher/test/images_test/59651.jpg,60.0,80.0,0.75,RGB,JPEG,16509,fc145cc1cb920e0f2b6182a977773f0e04926be2e10ae37ddf0aa4a8a71dd8de
59652,data/raw/teacher/test/images_test/59652.jpg,60.0,80.0,0.75,RGB,JPEG,17620,25ed02fa5c7fa6242f85039ddb748c5d0b2ab7063123ed2b0868cd12b28259f0
59653,data/raw/teacher/test/images_test/59653.jpg,60.0,80.0,0.75,RGB,JPEG,1209,f5af68cc7abc99f9a86dae90202d606abc200cca1ad62ca95d85d79423d68414
59654,data/raw/teacher/test/images_test/59654.jpg,60.0,80.0,0.75,RGB,JPEG,16458,fc684fafaed1f431e52751389f402821c4c7613110ba42d7f69910b2188be8b9
59655,data/raw/teacher/test/images_test/59655.jpg,60.0,80.0,0.75,RGB,JPEG,16126,e005840c70e923e8359efad44061935de08c531dace8c3c2bcca7330de1a53dc
59656,data/raw/teacher/test/images_test/59656.jpg,60.0,80.0,0.75,RGB,JPEG,22980,d573465a40d29419a154c3494918d1f8cc78d4d2f56a370074f7fdeaa4b35179
59657,data/raw/teacher/test/images_test/59657.jpg,60.0,80.0,0.75,RGB,JPEG,15847,94444ceb9b03cc115fa8f5d5be91f728b4019b9461324668784c69dafce9dbf3
59658,data/raw/teacher/test/images_test/59658.jpg,60.0,80.0,0.75,RGB,JPEG,18495,8a1e4c339c2db7dac875dff9d5f86a896a9418ad8bf053a20567be724ec8d122
59659,data/raw/teacher/test/images_test/59659.jpg,60.0,80.0,0.75,RGB,JPEG,22571,113f495b8d18682e4dd7d84c293de573aee13361e4c2ebe0679817ea082a3a9d
59660,data/raw/teacher/test/images_test/59660.jpg,60.0,80.0,0.75,RGB,JPEG,17494,915efc43ee08d8893c89a2052387ace546e2226186e6d0358b5a689f9845613c
59661,data/raw/teacher/test/images_test/59661.jpg,60.0,80.0,0.75,RGB,JPEG,17020,13db953b591b43e010244e38c85cac9c4461682189a71a91422416d8f75d2b48
59662,data/raw/teacher/test/images_test/59662.jpg,60.0,80.0,0.75,RGB,JPEG,22342,dd13433d26664c898ad28b792a05fabb155bcacf2500a3dca34cac485b9ac6f2
59663,data/raw/teacher/test/images_test/59663.jpg,60.0,80.0,0.75,RGB,JPEG,15591,7d0bf9e78a39ddf1523330781e86925139d3f8b5872ce49bf70d473e2d50830b
59664,data/raw/teacher/test/images_test/59664.jpg,60.0,80.0,0.75,RGB,JPEG,23358,c4bb04bd44edefd4e60b7cd2fe6ce14c9651ac12e90c085650c613a5ae6ac9a5
59665,data/raw/teacher/test/images_test/59665.jpg,60.0,80.0,0.75,RGB,JPEG,15589,3c1b2d6f519b4fafb36d3a64ddbc7af28f4cce6d72ab4ee6f3fcaae605d5b316
59666,data/raw/teacher/test/images_test/59666.jpg,60.0,80.0,0.75,RGB,JPEG,17146,314bbc60d03a3f6e281004d8507534713a4f2326b456d118d6c2ab69c05ecc44
59667,data/raw/teacher/test/images_test/59667.jpg,60.0,80.0,0.75,RGB,JPEG,24281,4ba25904bc8b9a1a11ae88eeedaead2df57615f903bc8262591ff68ad2a1fc87
59668,data/raw/teacher/test/images_test/59668.jpg,60.0,80.0,0.75,RGB,JPEG,24862,d065da39a55de23e369de37fe6e9073c0f8cb1952df1ba6f4dc7f7c8a776d6a3
59669,data/raw/teacher/test/images_test/59669.jpg,60.0,80.0,0.75,RGB,JPEG,3190,18692dfc0446153ddf808a90aba1142bef94be8952d8210e146e754793e35afb
59670,data/raw/teacher/test/images_test/59670.jpg,60.0,80.0,0.75,RGB,JPEG,15762,d312232270f395de2ffdb783f94e825489355cce8acda906fd899be06b62c700
59672,data/raw/teacher/test/images_test/59672.jpg,60.0,80.0,0.75,RGB,JPEG,2894,a68adeb4debcc6ec501565bb276148c926892b9a12e5911dc341704eff44f4f6
59673,data/raw/teacher/test/images_test/59673.jpg,60.0,80.0,0.75,RGB,JPEG,17387,bf02277c9732f9afd25601fc6f3c265103b6b91aa59ec36ed973f305810ad0e3
59674,data/raw/teacher/test/images_test/59674.jpg,60.0,80.0,0.75,RGB,JPEG,23402,154da8adb5ed442baa20ee2186a23078b386ecf967e8e963118eb7290197f605
59675,data/raw/teacher/test/images_test/59675.jpg,60.0,80.0,0.75,RGB,JPEG,18835,e38b56e5242c77ace697d2699c13fc2171ee53aa63586931ae230c57ee952314
59676,data/raw/teacher/test/images_test/59676.jpg,60.0,80.0,0.75,RGB,JPEG,13199,4e24b6cf227996875af4d4cb1f071e7d0917106bae09cb302b1771d3820cc0ef
59677,data/raw/teacher/test/images_test/59677.jpg,60.0,80.0,0.75,RGB,JPEG,24036,8f350124a6781a8b21f0bb29d6869786574dd7ec52d747cbb13b6a86ab5963a5
59678,data/raw/teacher/test/images_test/59678.jpg,60.0,80.0,0.75,RGB,JPEG,4283,d93118afbeaac62e60e6babf7b6710a04a7658397efde30bdde1644352490c5b
59679,data/raw/teacher/test/images_test/59679.jpg,60.0,80.0,0.75,RGB,JPEG,1341,b4b7aadb944cf32f39cb490f5f90d7a7463f71b6f21205541a45074d4dafcbf9
59680,data/raw/teacher/test/images_test/59680.jpg,60.0,80.0,0.75,RGB,JPEG,1305,ffd29a1906186cf5fe05965b2a115a847c24a6d7ed1a03776253f10ed7165df6
59681,data/raw/teacher/test/images_test/59681.jpg,60.0,80.0,0.75,RGB,JPEG,3849,070eefbb3e0a853e66e77e2b212352a36c38e5bb493890a5faea56d2330d518d
59682,data/raw/teacher/test/images_test/59682.jpg,60.0,80.0,0.75,RGB,JPEG,22961,7fbcb1dc04de18e4c1351f8a4658378834344b79c8e0eabd5a83fdff7909e57c
59683,data/raw/teacher/test/images_test/59683.jpg,60.0,80.0,0.75,RGB,JPEG,17132,df2ee68b4dcacc714f9f324ab5d42310e6365026f98864604d0300e7f9b6bfce
59684,data/raw/teacher/test/images_test/59684.jpg,60.0,80.0,0.75,RGB,JPEG,24642,c5e1a97e9b76b5e83f970d0a7d4e71dd054cd37d534718e33795507b77275b9f
59685,data/raw/teacher/test/images_test/59685.jpg,60.0,80.0,0.75,RGB,JPEG,25396,96d9735d3e2469749813558ae65f41978579df970fac8d62079cfafedef3aeaa
59686,data/raw/teacher/test/images_test/59686.jpg,60.0,80.0,0.75,RGB,JPEG,23769,7edaf4c41b353edb71d43a2082b688e32f96f2e711c0669123381e9c9b297661
59687,data/raw/teacher/test/images_test/59687.jpg,60.0,80.0,0.75,RGB,JPEG,4552,148c0c457c77761cade3894ec9ff1c40b3a898f69d23316308ad1f395a6c9476
59688,data/raw/teacher/test/images_test/59688.jpg,60.0,80.0,0.75,RGB,JPEG,23306,f931d3c32a4fd58be6d5549161b8649f8e2f51b8723cdd9e404ccb04db69f628
59689,data/raw/teacher/test/images_test/59689.jpg,60.0,80.0,0.75,RGB,JPEG,19853,e1d099fa35999e5d8a1641b4240e600aa27947ce2b48ac1b78496a06e5410450
59690,data/raw/teacher/test/images_test/59690.jpg,60.0,80.0,0.75,RGB,JPEG,24396,97d6249b8189a7e435672f71fb2ec601ee0c068777dbe92c716a5e73681acae4
59691,data/raw/teacher/test/images_test/59691.jpg,60.0,80.0,0.75,RGB,JPEG,24702,90954a9cdfc12ec39fa42254b88d22a4d8eff94ee62ddcc7e473b02be707d24f
59692,data/raw/teacher/test/images_test/59692.jpg,60.0,80.0,0.75,RGB,JPEG,4834,519be1b4b06229283d5d10d43bd7a5e43d57929633caec558651284f334adc67
59693,data/raw/teacher/test/images_test/59693.jpg,60.0,80.0,0.75,RGB,JPEG,17669,a39beed166a57b9d4ce0318e4bd6336cbdbc0c676ed4b51ce5d9a96ddea76d32
59694,data/raw/teacher/test/images_test/59694.jpg,60.0,80.0,0.75,RGB,JPEG,4265,85e420cb5e4d1a43a360345f10177228fac597e180ac12f8d426c4207ad35c64
59695,data/raw/teacher/test/images_test/59695.jpg,60.0,80.0,0.75,RGB,JPEG,23046,038e194d934c3a000404e9afa03af4edfcaa7d67b36361777f92a2054f352138
59696,data/raw/teacher/test/images_test/59696.jpg,60.0,80.0,0.75,RGB,JPEG,3572,d54731049fddfbd79857655c4546df579e39d2c2189304914d650b687d5567a1
59697,data/raw/teacher/test/images_test/59697.jpg,60.0,80.0,0.75,RGB,JPEG,22624,6e5c775381fd92368ccf127f8a0f80245725b14c5a956613b461a4b7655f1bd5
59698,data/raw/teacher/test/images_test/59698.jpg,60.0,80.0,0.75,RGB,JPEG,22144,99529e5a7d0f80088bad162f3285b8df9713b1976310784aa4638ceda36f8984
59699,data/raw/teacher/test/images_test/59699.jpg,60.0,80.0,0.75,RGB,JPEG,24417,e6e0d5899573cda047b401abca67913172c07a24014e7d98892b6eab6bf2a730
59700,data/raw/teacher/test/images_test/59700.jpg,60.0,80.0,0.75,RGB,JPEG,4485,c09d2b25bd4d0e6a2aaeb8b87da69a62fa5cc5b1ff3e5821beb2e54395fc17be
59701,data/raw/teacher/test/images_test/59701.jpg,60.0,80.0,0.75,RGB,JPEG,4554,16bae8bcae6f3c9cf91071ad29f0ae4a2c8590c0e680bb711d9b61c128c467c8
59702,data/raw/teacher/test/images_test/59702.jpg,60.0,80.0,0.75,RGB,JPEG,17724,3cf1bd977be46acb471675c1ce701bb4e626db52c10df9a949337ef727fe7b80
59703,data/raw/teacher/test/images_test/59703.jpg,60.0,80.0,0.75,RGB,JPEG,4265,294a0eccc314673aacc4f5f09983e09744d7d15ad380a3ee4caad7d1a95a56cf
59704,data/raw/teacher/test/images_test/59704.jpg,60.0,80.0,0.75,RGB,JPEG,24708,741a7e29be848ab4c59ba7fa7e6665af11b8932ed250995b9a5cd13b5589f792
59705,data/raw/teacher/test/images_test/59705.jpg,60.0,80.0,0.75,RGB,JPEG,19729,b2126d65b4374d855ee970eb13cc269eb8402fc96ce6c8b1d54d17134234a5be
59706,data/raw/teacher/test/images_test/59706.jpg,60.0,80.0,0.75,RGB,JPEG,25034,53cde7136e06c65d834f14cf9445bdb117fdb1924e4fdee6f05801c7e1e6696d
59707,data/raw/teacher/test/images_test/59707.jpg,60.0,80.0,0.75,RGB,JPEG,16204,a52cbab17e5fb1311bc0e9d877f296fd4dfbb709ba1a3b5861d239b7b744bf35
59708,data/raw/teacher/test/images_test/59708.jpg,60.0,80.0,0.75,RGB,JPEG,3996,cd6541cdb3d207a64cebbe540be89d8b54f09eaeb90571bb52b860f0f4e20b19
59709,data/raw/teacher/test/images_test/59709.jpg,60.0,80.0,0.75,RGB,JPEG,3837,428cc5615e2b9becbdb9874b25a1834e977646d646f62a00176cb49a2aca586e
59710,data/raw/teacher/test/images_test/59710.jpg,60.0,80.0,0.75,RGB,JPEG,15809,dfd11669ee94152456f32ad2d13ff4452652353b2484fc954d3f7d8c05dc07f3
59711,data/raw/teacher/test/images_test/59711.jpg,60.0,80.0,0.75,RGB,JPEG,16232,90615c35c8ff179cfb73ce84c441037641b4f925830024aa68887c7b6026b495
59712,data/raw/teacher/test/images_test/59712.jpg,60.0,80.0,0.75,RGB,JPEG,23551,439d68cca5ed98e755096a1b86e8034ef030dc1ceb208f44c680706f935b7966
59713,data/raw/teacher/test/images_test/59713.jpg,60.0,80.0,0.75,RGB,JPEG,23309,c7a5da93169e8395ba17a8868d3f3808bd6fb0e2cd5ee3165cb9d253e755affe
59714,data/raw/teacher/test/images_test/59714.jpg,60.0,80.0,0.75,RGB,JPEG,19587,0589ca268d55cbdd53a55403a334a96f59412de4a0cccb6ab63e8254a071440e
59715,data/raw/teacher/test/images_test/59715.jpg,60.0,80.0,0.75,RGB,JPEG,17861,73f128a30148b6bd2a8260114b82beccbc38cc6b02325f954fb9b5d29f355f72
59716,data/raw/teacher/test/images_test/59716.jpg,60.0,80.0,0.75,RGB,JPEG,17082,650587f9669df3f2ab703259135b35dd9d9cb65affccd539436d1c1624289332
59717,data/raw/teacher/test/images_test/59717.jpg,60.0,80.0,0.75,RGB,JPEG,4707,c2e23f65872b2340ac64778d849cd9afb30152ab50c80ac65b5d2f63d25d9186
59718,data/raw/teacher/test/images_test/59718.jpg,60.0,80.0,0.75,RGB,JPEG,4540,abdc35977010c4daf056ac1afe1e995d93059efc72bae1f67c33580ba68523a7
59719,data/raw/teacher/test/images_test/59719.jpg,60.0,80.0,0.75,RGB,JPEG,24667,90750dbcd58833c3b57050d9497fd577301b05523f3b11dd5a82c7ecc571c1be
59720,data/raw/teacher/test/images_test/59720.jpg,60.0,80.0,0.75,RGB,JPEG,18245,d65a99d2b5c9c4b507a16973b4c403e3e9da9b72aa1720e6622895dc6bbafaa8
59721,data/raw/teacher/test/images_test/59721.jpg,60.0,80.0,0.75,RGB,JPEG,17815,697ea9f42193194398a58563d3866d5b6b61f85e196163174a35ab64bd008bd2
59722,data/raw/teacher/test/images_test/59722.jpg,60.0,80.0,0.75,RGB,JPEG,23302,ac43b17755b84073dcc1f13d7ec95883f717e0199cc1d9807f0d300bbb24fb85
59723,data/raw/teacher/test/images_test/59723.jpg,60.0,80.0,0.75,RGB,JPEG,4354,c5a2eb844b9fcaa94612857c7078eebd4d05c48ea9bc8048fcb9f927c4e7d455
59724,data/raw/teacher/test/images_test/59724.jpg,60.0,80.0,0.75,RGB,JPEG,24259,ed096258adfde7735f52f961599b5e7fd5d7a9f441a352783ab1dc461b1a9bce
59725,data/raw/teacher/test/images_test/59725.jpg,60.0,80.0,0.75,RGB,JPEG,23625,b5afb540bf0c8f442b5235b4d8c2747ca50c62bd03faeab028f9612aab052f2f
59726,data/raw/teacher/test/images_test/59726.jpg,60.0,80.0,0.75,RGB,JPEG,18144,7dc7585d215c283c26d0c52308c6835448fe1216bb7fc59868c146a91c589675
59727,data/raw/teacher/test/images_test/59727.jpg,60.0,80.0,0.75,RGB,JPEG,29901,9784161a46e99aba1e0625e5df16bb903fdc99e4aaaca3f8dde7507fc515cb64
59728,data/raw/teacher/test/images_test/59728.jpg,60.0,80.0,0.75,RGB,JPEG,4398,f18f8087f2662fc085f8fb842972d35c1d6f446c1b341614904411183f034a80
59729,data/raw/teacher/test/images_test/59729.jpg,60.0,80.0,0.75,RGB,JPEG,18547,bfa4d9190664bbfe8f5b453fe078214e39b6e2be20d6fb5f536689dd6aaac6e2
59730,data/raw/teacher/test/images_test/59730.jpg,60.0,80.0,0.75,RGB,JPEG,24032,c19fdc9737198be366eef8d9948d73412ece457d9e44b4e90fb5f825c85bb719
59731,data/raw/teacher/test/images_test/59731.jpg,60.0,80.0,0.75,RGB,JPEG,27871,f89954680e56bba1199093802e527dbbed50414931c4c1504c4f447b44a5cd64
59732,data/raw/teacher/test/images_test/59732.jpg,60.0,80.0,0.75,RGB,JPEG,19435,3463c50fdc8ecb8c82e78a7592c22fda912c7cb54ea5878275d2b8d86301fe77
59733,data/raw/teacher/test/images_test/59733.jpg,60.0,80.0,0.75,RGB,JPEG,18257,cf1e06077569182f07b13c3b323e6b6ffaff45faf34617171c6588eb8a0f1d6d
59734,data/raw/teacher/test/images_test/59734.jpg,60.0,80.0,0.75,RGB,JPEG,26944,d61c48a9f3464febfa5756940c35fd1ce19de9f2f4b98f79e6bdaa2a22628a1e
59735,data/raw/teacher/test/images_test/59735.jpg,60.0,80.0,0.75,RGB,JPEG,18281,9005b412a5f548ec7c1cddec2f423e68840a229716de01e3ac43bee69aac6648
59736,data/raw/teacher/test/images_test/59736.jpg,60.0,80.0,0.75,RGB,JPEG,18619,62565ccff993d77fc5ab9a57ad6fe4db2280e76c77847e170ad8bd403f9062d9
59739,data/raw/teacher/test/images_test/59739.jpg,60.0,80.0,0.75,RGB,JPEG,4609,b613497c56aa98584fb11e7accba8d32026c509c736bd036b5df9132a1cd3c80
59740,data/raw/teacher/test/images_test/59740.jpg,60.0,80.0,0.75,RGB,JPEG,4342,09b836acaead8d458a89553225af86c0b97abff71e7b7b18a323d547b9e06ba1
59741,data/raw/teacher/test/images_test/59741.jpg,60.0,80.0,0.75,RGB,JPEG,18954,47bf0f3aa70f05f264001b776b2b69e7d54ba2b39376d6eb397e6ed49111d53e
59742,data/raw/teacher/test/images_test/59742.jpg,60.0,80.0,0.75,RGB,JPEG,1527,9cbe5fd41e211ea4881a2735e6485eaa216860b2f6d15cd13ee6860db0e385a7
59743,data/raw/teacher/test/images_test/59743.jpg,60.0,80.0,0.75,RGB,JPEG,4301,3a1db82e9cd664e9235adb4225f42cad3b7a1f6ea438dc4def4f104de28cd159
59744,data/raw/teacher/test/images_test/59744.jpg,60.0,80.0,0.75,RGB,JPEG,15850,290dacc95f68632f92143a69fd221403d6b4f395b40c0990fa8ca6cbd07f5975
59745,data/raw/teacher/test/images_test/59745.jpg,60.0,80.0,0.75,RGB,JPEG,21951,3ca00790176dc4c3de2c051c55c9d231fd00f5f6907bf6fb8a197ee3dd13283d
59746,data/raw/teacher/test/images_test/59746.jpg,60.0,80.0,0.75,RGB,JPEG,22315,8cbfd7b8a760d6bef9e1a14a1d92ec4624ed66cddd6684e1b4cf4b277b3ab664
59747,data/raw/teacher/test/images_test/59747.jpg,60.0,80.0,0.75,RGB,JPEG,14957,7bc42c3b6ba5340f0660ad40cc1cb3d8aabb7a7d365f11f4aa046421dbc70801
59748,data/raw/teacher/test/images_test/59748.jpg,60.0,80.0,0.75,RGB,JPEG,15582,d18f66583f89a1ea1d708866ef6befd3e2eb8602a6e39e33bb810559360f0b8b
59749,data/raw/teacher/test/images_test/59749.jpg,60.0,80.0,0.75,RGB,JPEG,19723,d81f3ba597fc4fb9fd56b53e8887d768db126151dd22719d321b59c85cdcf3e0
59750,data/raw/teacher/test/images_test/59750.jpg,60.0,80.0,0.75,RGB,JPEG,4742,7eee729560ea003afd0bdc9ba3c9ebcaa165c3d52669ae0c0eb6f8559ccc5b51
59751,data/raw/teacher/test/images_test/59751.jpg,60.0,80.0,0.75,RGB,JPEG,22764,38504fa71060007acf712c3c6538d325aa923ade30eea5d091f58c8ad73204d1
59752,data/raw/teacher/test/images_test/59752.jpg,60.0,80.0,0.75,RGB,JPEG,23986,e565e57dd805fff57064f2334cc5dc500c309d0e25c156c2f24dbe08c6908ccc
59753,data/raw/teacher/test/images_test/59753.jpg,60.0,80.0,0.75,RGB,JPEG,22776,2ce561bab55d66ccda9ac46a8059c080e53445b666d079f75cff3a19fdcccb3e
59754,data/raw/teacher/test/images_test/59754.jpg,60.0,80.0,0.75,RGB,JPEG,5069,9642b605b18ec96a9b7dbbd70fb135425c0e0ac968ac6f7b2c7d5478a3638158
59755,data/raw/teacher/test/images_test/59755.jpg,60.0,80.0,0.75,RGB,JPEG,1543,28579b1a3e99d63c94b73b3b36e5b3ee1ec80e6c7497e549881b5724befa37d5
59756,data/raw/teacher/test/images_test/59756.jpg,60.0,80.0,0.75,RGB,JPEG,31965,f46b0fc755a752ec5b02864f6655b70f88689fc887f94fb7aec460b1b9bb7935
59757,data/raw/teacher/test/images_test/59757.jpg,60.0,80.0,0.75,RGB,JPEG,12608,9ce4e9e742630169165c649028259ea3f4278ff09502833ee4bb678cebab5bab
59758,data/raw/teacher/test/images_test/59758.jpg,60.0,80.0,0.75,RGB,JPEG,12471,8df7bd71b8ca23c6be628b9f38ef319c7c4d755a2c5e3890a799bc9da79ec0fe
59759,data/raw/teacher/test/images_test/59759.jpg,60.0,80.0,0.75,RGB,JPEG,13174,3296f3c2254b19ddaa3eb06da25f7f876d038c4c46ed5a85f578e9c628ef554a
59760,data/raw/teacher/test/images_test/59760.jpg,60.0,80.0,0.75,RGB,JPEG,12685,3b373007ff9b816362410de6362bb4e646a6604e684ac87329a56772f3298caf
59761,data/raw/teacher/test/images_test/59761.jpg,60.0,80.0,0.75,RGB,JPEG,14303,27aafab7b82ff21ea477df219f9b6de52aeb657c1aa97f50a97c3540e9e8ec74
59762,data/raw/teacher/test/images_test/59762.jpg,60.0,80.0,0.75,RGB,JPEG,13426,287de5b1024d8082b2dca109b8a72abcd0ef8ad5825dfd95ee496c88bd121de9
59763,data/raw/teacher/test/images_test/59763.jpg,60.0,80.0,0.75,RGB,JPEG,13151,bd68bf3640a4ca3aa86da45f204903041f12330b1943ca3941ebbc360c628950
59764,data/raw/teacher/test/images_test/59764.jpg,60.0,80.0,0.75,RGB,JPEG,12579,a83fa53a8d0352dc50cc7a7039c8cc737d0e16ca56fbb2bc8a9be7f2ddb940c6
59765,data/raw/teacher/test/images_test/59765.jpg,60.0,80.0,0.75,RGB,JPEG,2903,d1701606d88cabb1b9f95666bcc6f737887be822ea28266c1f356aa6f88dc006
59766,data/raw/teacher/test/images_test/59766.jpg,60.0,80.0,0.75,RGB,JPEG,3830,ceea471b0e38725ac5a2816ff5c7fe0b3f2c5bb041a6c41ab32ba42a1e9df8e2
59767,data/raw/teacher/test/images_test/59767.jpg,60.0,80.0,0.75,RGB,JPEG,10561,2e873701c1f99b0d3c824d0b375ff56a9bac705baad6934476d7448adf8a1114
59768,data/raw/teacher/test/images_test/59768.jpg,60.0,80.0,0.75,RGB,JPEG,23422,6d38a6dc8def86ec299e5565975b56e6e9855a0cf728d80e228e21ed52b2dc4d
59769,data/raw/teacher/test/images_test/59769.jpg,60.0,80.0,0.75,RGB,JPEG,13147,60e5a4bace8ea0765b938dd9e02f5e440504b3ca400b93cf99c0d51c40f1c82a
59770,data/raw/teacher/test/images_test/59770.jpg,60.0,80.0,0.75,RGB,JPEG,18984,b474b7ec0d1d372806ada46fd9d478ecc3afa2cdc0d2f54db21a235c02b3ab23
59771,data/raw/teacher/test/images_test/59771.jpg,60.0,80.0,0.75,RGB,JPEG,19043,c096d869255d2e9649767b61b632a194843301ecc10a439ac731bfb8b0c7ad3a
59772,data/raw/teacher/test/images_test/59772.jpg,60.0,80.0,0.75,RGB,JPEG,18438,cf342efc13e3882af5da0b54ca9578bb3e3403164843786cec38802371806682
59773,data/raw/teacher/test/images_test/59773.jpg,60.0,80.0,0.75,RGB,JPEG,20554,ce7020658006deff9496a13e650b602dea5a92b60fd1fb498e835f6b6ef78bb2
59774,data/raw/teacher/test/images_test/59774.jpg,60.0,80.0,0.75,RGB,JPEG,19472,51e65c3c0d768a82d9f54ec12dd4313ab9677626bfdbf677020809806a12dd6f
59775,data/raw/teacher/test/images_test/59775.jpg,60.0,80.0,0.75,RGB,JPEG,12839,2ce795231ea78fcae84bacc98f573440ea73c1920c6f51e740d5df00ebf5ce87
59776,data/raw/teacher/test/images_test/59776.jpg,60.0,80.0,0.75,RGB,JPEG,18428,0620a3df301dd008feeedebba63b47a9d65614bb80992b38943c6b1ac1892e66
59777,data/raw/teacher/test/images_test/59777.jpg,60.0,80.0,0.75,RGB,JPEG,18915,b034538826fba9ca7d935f61de92aaeca7cc6d39a0231b677b2d9d0a71d36f46
59778,data/raw/teacher/test/images_test/59778.jpg,60.0,80.0,0.75,RGB,JPEG,11887,66d3a73a002084cc8df6524aed358634159ded14b7a8e09b746be328a28ea02a
59779,data/raw/teacher/test/images_test/59779.jpg,60.0,80.0,0.75,RGB,JPEG,17728,c3fd75ca6f0336dbcab9cbefa3df739b3e0b21845492ed9cdfccaecd1dacedd7
59780,data/raw/teacher/test/images_test/59780.jpg,60.0,80.0,0.75,RGB,JPEG,12391,75797a088aff8a5f45d937708126aaccd5d585733be5ca72ee571a4fa891ddd8
59781,data/raw/teacher/test/images_test/59781.jpg,60.0,80.0,0.75,RGB,JPEG,19353,5accd5089716bc9e4dfb9fed1fcb1f6b13dd9a83a5625a7ca254d07ac8cb1d7e
59782,data/raw/teacher/test/images_test/59782.jpg,60.0,80.0,0.75,RGB,JPEG,19305,592075d9256a154eedea74106b19a2a05c0b5bc398fbe0a057a2572560880d92
59783,data/raw/teacher/test/images_test/59783.jpg,60.0,80.0,0.75,RGB,JPEG,13387,56a89fc1c4658898950586615c2c843c831b1d63812bab4699fa69e2feb592b8
59784,data/raw/teacher/test/images_test/59784.jpg,60.0,80.0,0.75,RGB,JPEG,13617,6439795d91fb0481c8463179cfc019a9cf2ffdff6eda85a7e6aa577671dbfed8
59794,data/raw/teacher/test/images_test/59794.jpg,60.0,80.0,0.75,RGB,JPEG,4339,e6a71d1ac0974e9728c0387cb518c72f45f82c712a4b4fb27dcd25b6ba497442
59795,data/raw/teacher/test/images_test/59795.jpg,60.0,80.0,0.75,RGB,JPEG,4164,2c7ae4dfd06144125269add1e8111c93e053bd927cc1412457abb4c85ea35880
59796,data/raw/teacher/test/images_test/59796.jpg,60.0,80.0,0.75,RGB,JPEG,4744,1fdfe8b11c839720f4eb743dbfb06346e78247c215bd2f07a406c9068e682337
59797,data/raw/teacher/test/images_test/59797.jpg,60.0,80.0,0.75,RGB,JPEG,4227,ceb1cf85c66c0333bbb10df41c6f60675f4a3120291edc090957453c5e6f9fcb
59810,data/raw/teacher/test/images_test/59810.jpg,60.0,80.0,0.75,RGB,JPEG,3844,c94dd9bfcb3bde27ea96bd184f36ed7e9dbd34ffc8fc649ec5ea8337a1803003
59811,data/raw/teacher/test/images_test/59811.jpg,60.0,80.0,0.75,RGB,JPEG,17861,b6cf59c5e9b25245a76c356ffcde09b653bf55da2ea279c6ad86389b8c964487
59813,data/raw/teacher/test/images_test/59813.jpg,60.0,80.0,0.75,RGB,JPEG,2956,3d492865dcd102a31136a81c1ccb812153e91cdaf75a5e2d86c47a9755b78607
59814,data/raw/teacher/test/images_test/59814.jpg,60.0,80.0,0.75,RGB,JPEG,3481,ae4044e8155b84df09ed4ad7527a1372c601810abed46efc9965e5b7fe6fe853
59819,data/raw/teacher/test/images_test/59819.jpg,60.0,80.0,0.75,RGB,JPEG,3340,442d20288c42f8eedf37e3d7280e1291877599ead7d1f6456d99f6fe8cf212b0
59824,data/raw/teacher/test/images_test/59824.jpg,60.0,80.0,0.75,RGB,JPEG,3700,251c2acfabc6f94d2509d336ec009354b2e1c02d8c5bd5fde77d90b7b5e5be3d
59826,data/raw/teacher/test/images_test/59826.jpg,60.0,80.0,0.75,RGB,JPEG,19718,885db18cc95bb2cdf552d439bc70aa53e8d4cf489c32fcb10861a06d8ebadca1
59827,data/raw/teacher/test/images_test/59827.jpg,60.0,80.0,0.75,RGB,JPEG,2876,1eb776b759c4cc0509469c7e0252d869afc4ed0db30956881c8a5ea7190d9a32
59832,data/raw/teacher/test/images_test/59832.jpg,60.0,80.0,0.75,RGB,JPEG,4854,2a634f2f787f6f52bd0ad1f593904780e361a3c87f37c104efd743ec60e3fd59
59833,data/raw/teacher/test/images_test/59833.jpg,60.0,80.0,0.75,RGB,JPEG,16673,a0fed8f27ccab3f724d56fc37cf5e6c4a92fc41f443cf22919b89f2b2ceb5f05
59834,data/raw/teacher/test/images_test/59834.jpg,60.0,80.0,0.75,RGB,JPEG,22474,ac94f04a97ff4f049db6cfb06dee1fe5008fe81d9a0fb7f81133cf1ae8a02e47
59838,data/raw/teacher/test/images_test/59838.jpg,60.0,80.0,0.75,RGB,JPEG,15218,3bc9abb5624d2cfe27e0438cf2d3e8c06007f72fb95ddd70bfcd53c445c6743a
59839,data/raw/teacher/test/images_test/59839.jpg,60.0,80.0,0.75,RGB,JPEG,21603,5a22483363314c2406a1d546e3a1ee58af17b26438909a030e4ebd841046881c
59851,data/raw/teacher/test/images_test/59851.jpg,60.0,80.0,0.75,RGB,JPEG,24026,eddefacbab0510c723f0fa475ac8bcbb9a760245468ae980f8950fd3025793ef
59853,data/raw/teacher/test/images_test/59853.jpg,60.0,80.0,0.75,RGB,JPEG,26435,6f44e243999a3649a36f130e19a9707f1b8ee6134c4c8076614a361a409c4a9b
59856,data/raw/teacher/test/images_test/59856.jpg,60.0,80.0,0.75,RGB,JPEG,26206,72d92e27f95cfabd4a8e32377aa6ee71aa53371991b7e14b27f393b7aaad2c5a
59858,data/raw/teacher/test/images_test/59858.jpg,60.0,80.0,0.75,RGB,JPEG,17950,4fa0e694afc684e4cfd16c742252b2b06df117fd9d1023e30ae354e4913c043a
59859,data/raw/teacher/test/images_test/59859.jpg,60.0,80.0,0.75,RGB,JPEG,20683,217821e2d7250e2637cf1ae366d9345c7085325c5fb99a5785c6fd906fd10021
59860,data/raw/teacher/test/images_test/59860.jpg,60.0,80.0,0.75,RGB,JPEG,10779,9553ee6b35e4e8bf6dfb017c6a034a3c67a7256916ed8c10282c22228ca439fa
59862,data/raw/teacher/test/images_test/59862.jpg,60.0,80.0,0.75,RGB,JPEG,21230,bf0e82d729276433f7dfa46bc170b66ba1f450972ff75abf3e2f6d13b3d42027
59863,data/raw/teacher/test/images_test/59863.jpg,60.0,80.0,0.75,RGB,JPEG,21768,1ed7a0eccee8e9476306629b5b8b76cea294751efefb16f7d3dd702526fc6cb2
59866,data/raw/teacher/test/images_test/59866.jpg,60.0,80.0,0.75,RGB,JPEG,19773,17beb672984dbf344d8699a79ff1a9d689c9d0c7e1d6b7a8a9e0daa088c06754
59872,data/raw/teacher/test/images_test/59872.jpg,60.0,80.0,0.75,RGB,JPEG,3903,b5436b38cbf1ad9d91bf11a71cf46e3ee62b7a92d7bad3ed6c0b2f3d7611feea
59873,data/raw/teacher/test/images_test/59873.jpg,60.0,80.0,0.75,RGB,JPEG,4769,0567f4288959f56088fedf0b898da6f0948272347437bed7a49001d68fee6510
59874,data/raw/teacher/test/images_test/59874.jpg,60.0,80.0,0.75,RGB,JPEG,25614,863ada34d1cb82c64abf176f2575ee8873bd64bc12e46b023c4cce0fe5583bef
59875,data/raw/teacher/test/images_test/59875.jpg,60.0,80.0,0.75,RGB,JPEG,3674,1e4de61e5790ebce0fe4829df72188e5df09e04ed86bc0c3d8f2d9b8ac8128fb
59876,data/raw/teacher/test/images_test/59876.jpg,60.0,80.0,0.75,RGB,JPEG,21123,ac8dce163e458346263251909facd8f8bc054d784be510d543f214dbdd96b569
59877,data/raw/teacher/test/images_test/59877.jpg,60.0,80.0,0.75,RGB,JPEG,22317,497129a01d5a93b2108e049f0d5dc852fdae2bef284d74ef833836adf17367bc
59878,data/raw/teacher/test/images_test/59878.jpg,60.0,80.0,0.75,RGB,JPEG,2516,68d647aee65a59c32fe6e0c4525d02e5558935f782e931b8a3875c786686a49d
59879,data/raw/teacher/test/images_test/59879.jpg,60.0,80.0,0.75,RGB,JPEG,3753,ccf38c5b5621d1dbd08c9c99d15db793b35f7405dafefb046ac031084e9b017b
59880,data/raw/teacher/test/images_test/59880.jpg,60.0,80.0,0.75,RGB,JPEG,4100,42d834926729f566df87313524691440237612ab64b1418d2516aae64f4baab0
59881,data/raw/teacher/test/images_test/59881.jpg,60.0,80.0,0.75,RGB,JPEG,2799,fe791e93fd05b39fd961f17e38018e19910900e91a627934c6ae7743e230f13c
59882,data/raw/teacher/test/images_test/59882.jpg,60.0,80.0,0.75,RGB,JPEG,3191,d72dc338bacf4ca0e9da74a957f95f2441f8d8077d56fece6b4c1957902f6a4a
59883,data/raw/teacher/test/images_test/59883.jpg,60.0,80.0,0.75,RGB,JPEG,25557,1009a72a59c725bd9d674284ee0c7881a4adf32a1a47db959bbc71aa4990e98e
59884,data/raw/teacher/test/images_test/59884.jpg,60.0,80.0,0.75,RGB,JPEG,3159,23ecc218f3e00db42d6b170f487e8878bd451b41979f459220f0708b55f7409b
59885,data/raw/teacher/test/images_test/59885.jpg,60.0,80.0,0.75,RGB,JPEG,25310,883c18384979741ff69d147b1243b096e5e97996a94d85fc72d99fba508bfa7d
59886,data/raw/teacher/test/images_test/59886.jpg,60.0,80.0,0.75,RGB,JPEG,17043,1051567394563c066d01fdf67ef1ccf4e7773e5e4b497399ee24298c3a953994
59887,data/raw/teacher/test/images_test/59887.jpg,60.0,80.0,0.75,RGB,JPEG,2809,3962195a1000babaedfc51057e014d404cb92dea95f1cc3678b63163800c4a01
59888,data/raw/teacher/test/images_test/59888.jpg,60.0,80.0,0.75,RGB,JPEG,25807,26dd86866e07c1bd9b0285810c5bf5f9677af553e8053ccdb7a4c81f9f694e25
59889,data/raw/teacher/test/images_test/59889.jpg,60.0,80.0,0.75,RGB,JPEG,17466,e56de83d75a2bfa3a318c802b35514489c9a7dbf3895637d4b86771da9895136
59890,data/raw/teacher/test/images_test/59890.jpg,60.0,80.0,0.75,RGB,JPEG,24509,a116d8c05b796d6a2859841d12bd3a87ef3cbe673efda4cc8618e96e906f76f3
59891,data/raw/teacher/test/images_test/59891.jpg,60.0,80.0,0.75,RGB,JPEG,3538,e76e6fe10e6b12c4b7da6ba071dcfdb7019990e6811a7b90be86898eb789875c
59892,data/raw/teacher/test/images_test/59892.jpg,60.0,80.0,0.75,RGB,JPEG,4274,cb90ecda49d519a9825b37ea264bd0d589eb481c66271fa907278c9e00bc876d
59893,data/raw/teacher/test/images_test/59893.jpg,60.0,80.0,0.75,RGB,JPEG,16586,ad06745d9dd2532cee91fbde52d2f349e8a81d631edd7869c11d2ea53995d522
59894,data/raw/teacher/test/images_test/59894.jpg,60.0,80.0,0.75,RGB,JPEG,3824,bccb3dd2313ab00d76cc02ba5a60160232707786c6b79062f80becf81bf42951
59895,data/raw/teacher/test/images_test/59895.jpg,60.0,80.0,0.75,RGB,JPEG,23851,33fdaee9e39398dcd4bc96d506ef8c6ceaa72cd9a8425466b1327ac4b9ecd6df
59896,data/raw/teacher/test/images_test/59896.jpg,60.0,80.0,0.75,RGB,JPEG,23192,695975639de4f78cf44c4d187f9a7778448dce8c276df792ade277d928f405d8
59897,data/raw/teacher/test/images_test/59897.jpg,60.0,80.0,0.75,RGB,JPEG,3352,c545602d97b7e699de4a24a80a7d04ba1d290d615c373f447b480d5248d9e207
59898,data/raw/teacher/test/images_test/59898.jpg,60.0,80.0,0.75,RGB,JPEG,17694,3649585ff6bfc638ec14d0f27754c8865f630b51922b41026abe1ad80435ba08
59900,data/raw/teacher/test/images_test/59900.jpg,60.0,80.0,0.75,RGB,JPEG,4253,7baee04c930ab8e44d258bd7a1f2b17da7264f09eb07c53e734e9c969ae1a1da
59901,data/raw/teacher/test/images_test/59901.jpg,60.0,80.0,0.75,RGB,JPEG,3525,5e188348c9a2ab8cede262fcb609ce78b0a9d753081b6f44307b63a550b644c9
59902,data/raw/teacher/test/images_test/59902.jpg,60.0,80.0,0.75,RGB,JPEG,3316,d755933b6627065beba384ffe0087d0c966e8d7a21f7969b3fa5f28b6e25f278
59903,data/raw/teacher/test/images_test/59903.jpg,60.0,80.0,0.75,RGB,JPEG,15693,7cb0bb048be04debdefab749c2d5ac2233b60178c1ce645f097bbd31571af734
59904,data/raw/teacher/test/images_test/59904.jpg,60.0,80.0,0.75,RGB,JPEG,3737,ba1b26aaf58f9d1bd48271ddae47af79f33b1fc11cc6ad948ed71ce393ed120b
59905,data/raw/teacher/test/images_test/59905.jpg,60.0,80.0,0.75,RGB,JPEG,15655,96623c1fa54cc34b1b2fe5492f4dc924853ab3bfe58e6843d3bb3a9c040b894e
59906,data/raw/teacher/test/images_test/59906.jpg,60.0,80.0,0.75,RGB,JPEG,3692,440a9830ecd17ffc44757b58b8ff344cc0d233226b585c0406ddcb2abf54a6ad
59907,data/raw/teacher/test/images_test/59907.jpg,60.0,80.0,0.75,RGB,JPEG,3813,2026acedf0ab890a33fab954307827a12cab4b8372e7ee25a4e3ae3a02a4a862
59908,data/raw/teacher/test/images_test/59908.jpg,60.0,80.0,0.75,RGB,JPEG,3415,00acbfb1bed3e50981879837127837532b569adee6b7096637d44bcef05e592a
59909,data/raw/teacher/test/images_test/59909.jpg,60.0,80.0,0.75,RGB,JPEG,3527,b0fd5a6b36efe5d030bf1efcab89f3d41c4bde4982c77d1977eb67039d87ff03
59910,data/raw/teacher/test/images_test/59910.jpg,60.0,80.0,0.75,RGB,JPEG,3160,e2d5b8ed74355b308cfe9552db2ec002c43b989932811074abd7b0e3ad54f85c
59911,data/raw/teacher/test/images_test/59911.jpg,60.0,80.0,0.75,RGB,JPEG,17107,2a316bec756cd3b07cb44cab552ea45edfe3c243c1c88f4ff3d9d95a5773c756
59912,data/raw/teacher/test/images_test/59912.jpg,60.0,80.0,0.75,RGB,JPEG,26151,88cc2558337df61a9458ecc90829a487aa3fb70ee9ec221321f6e73b11c2fb8f
59914,data/raw/teacher/test/images_test/59914.jpg,60.0,80.0,0.75,RGB,JPEG,24324,100cb6c690932ebfcda9102173fbe7964d7e1337adf331daa23410158479911d
59915,data/raw/teacher/test/images_test/59915.jpg,60.0,80.0,0.75,RGB,JPEG,3615,ac396d7d772b0d52347ab011a09708efd5f962c3d02f26083f913014a4ca805b
59916,data/raw/teacher/test/images_test/59916.jpg,60.0,80.0,0.75,RGB,JPEG,17301,cd31ab42fbc676df494b5abaf70976376040f2057c129926facee85cdfd2c7e7
59917,data/raw/teacher/test/images_test/59917.jpg,60.0,80.0,0.75,RGB,JPEG,18530,ef9051a0f38adfe164fd084cae5540fb8e20d185b733edebc53c3bd2aa1d7087
59918,data/raw/teacher/test/images_test/59918.jpg,60.0,80.0,0.75,RGB,JPEG,4740,a5d410a54e6a5d241d27db27f54cb69dc9a62f4e167e5fd334148b2d1bd9a3b3
59919,data/raw/teacher/test/images_test/59919.jpg,60.0,80.0,0.75,RGB,JPEG,17045,4ca2ec5275cdf7a0c68a28c9d1d16c4f2d8c31335d16f2f2e4631ea62b7f224e
59920,data/raw/teacher/test/images_test/59920.jpg,60.0,80.0,0.75,RGB,JPEG,17607,3b69f8fb758e1c6569efb2823a2b992acc499637f3578e6fe66ac194039059de
59921,data/raw/teacher/test/images_test/59921.jpg,60.0,80.0,0.75,RGB,JPEG,18456,532fe7226e24fe5a517fe6820c01748ea022e39ee8f3414a652e3c06d78f58ce
59922,data/raw/teacher/test/images_test/59922.jpg,60.0,80.0,0.75,RGB,JPEG,3285,941364e947f2b9269ddf34e6b3f7bcec3a2895f0edad8096f688c4e43cd82469
59923,data/raw/teacher/test/images_test/59923.jpg,60.0,80.0,0.75,RGB,JPEG,3038,df08b184e56791b0c96a06c3747052817457729e92bb145a77485b34d1a0397f
59924,data/raw/teacher/test/images_test/59924.jpg,60.0,80.0,0.75,RGB,JPEG,3635,5536eaa4f8fb9e6bb3fb1b3a80302c9b95f2a161ddf5db494f1fd11cd339a7c0
59925,data/raw/teacher/test/images_test/59925.jpg,60.0,80.0,0.75,RGB,JPEG,23736,3d99c31792e2379cae556f94b19540b500c6b59bc3cdc579423546a25b9816f9
59926,data/raw/teacher/test/images_test/59926.jpg,60.0,80.0,0.75,RGB,JPEG,3341,fc7454b6e05d0c18cfa3276cbb654e00b5cfafc89fb38c1419c1ad71b89b207c
59927,data/raw/teacher/test/images_test/59927.jpg,60.0,80.0,0.75,RGB,JPEG,16010,8b365f2e1d23522e4f5e1781a4e26378bc670b2405c9c3f64741c6a757c3f188
59928,data/raw/teacher/test/images_test/59928.jpg,60.0,80.0,0.75,RGB,JPEG,18895,365261ddfbe160e1354b34f98c8ad993440d29f43e0ebe6e5c4224cea9dc684b
59929,data/raw/teacher/test/images_test/59929.jpg,60.0,80.0,0.75,RGB,JPEG,3281,27d39c5a8c1a748742f1a1d307fdb727af50eb7ca3a73b168404222b1ef7d898
59930,data/raw/teacher/test/images_test/59930.jpg,60.0,80.0,0.75,RGB,JPEG,25689,bc862ee060fc7ffc9563fc29a885209de6efa1ec6f16301f816c59a0089b3628
59931,data/raw/teacher/test/images_test/59931.jpg,60.0,80.0,0.75,RGB,JPEG,22760,e8e08a47638bd45155c58afb97848f16e3fba8692d7f962a5a6da1f6c773fd86
59932,data/raw/teacher/test/images_test/59932.jpg,60.0,80.0,0.75,RGB,JPEG,18646,e286e7c7a82fbdf485d5a0b670ef56d23382676b6c7d508d5db7a13ccfdf733e
59933,data/raw/teacher/test/images_test/59933.jpg,60.0,80.0,0.75,RGB,JPEG,19226,60ada3264cfdbce07299ca938bb1ea552f20ac8ea8c4bcf9f356614910b87bf3
59934,data/raw/teacher/test/images_test/59934.jpg,60.0,80.0,0.75,RGB,JPEG,19094,2c2e73273e8dffba96778e34295affd3dee3bcaa3aee852bd4bb225b8dd7dce0
59935,data/raw/teacher/test/images_test/59935.jpg,60.0,80.0,0.75,RGB,JPEG,20654,a85cb37bcd078e73f9da4b8066b3062677bb607beb755e644ea610fd7db676b4
59936,data/raw/teacher/test/images_test/59936.jpg,60.0,80.0,0.75,RGB,JPEG,22614,7567649dd1ba04891e504c8aef64784c9379f17a20653b6efe5bc02a216f0195
59937,data/raw/teacher/test/images_test/59937.jpg,60.0,80.0,0.75,RGB,JPEG,15673,b81794beef604fa54e4d3a8503472c860cd75f1a7432bdb36b39fa86728c8d5b
59938,data/raw/teacher/test/images_test/59938.jpg,60.0,80.0,0.75,RGB,JPEG,19960,50f2e6164a25aa47bc1362d6e3d76bcf7f7c7f367e3be72c26a1880ac384e51f
59939,data/raw/teacher/test/images_test/59939.jpg,60.0,80.0,0.75,RGB,JPEG,20234,e34d88c71b86df85f4bbf54ba087ac25e58905ccdef14b8c7f67fa4118f19d78
59940,data/raw/teacher/test/images_test/59940.jpg,60.0,80.0,0.75,L,JPEG,19528,f6c6e8d6a95614f7ca4a89d2a2789aa06a8849191340015beed3e76b5b243643
59941,data/raw/teacher/test/images_test/59941.jpg,60.0,80.0,0.75,RGB,JPEG,14415,28b3ddb945b5baca3fb48a5d4461389bc84bd186e6f4a94dc381bfa14b057d32
59942,data/raw/teacher/test/images_test/59942.jpg,60.0,80.0,0.75,L,JPEG,19293,750d06ed1bcd688cc456ca618012893aaa699fe0cd55076b0c9a51654ff0f51a
59943,data/raw/teacher/test/images_test/59943.jpg,60.0,80.0,0.75,RGB,JPEG,21400,199fe811cdc40fba374a500e180de704d39543727b0d11cfa8010b6a55e6441a
59944,data/raw/teacher/test/images_test/59944.jpg,60.0,80.0,0.75,RGB,JPEG,20119,c9ebb00b4569913ec0338d1edc66f0b2ed1c417bb20fcadedae3dee640d7ee63
59945,data/raw/teacher/test/images_test/59945.jpg,60.0,80.0,0.75,RGB,JPEG,19760,aea762ffc6f9ea86c84b141226d8ff8e9a0851077b720ff14f5fe39241b42485
59946,data/raw/teacher/test/images_test/59946.jpg,60.0,80.0,0.75,RGB,JPEG,9863,2a5f76fe287d9e8f24b403807294cfcf3746ef0a0d790443844e9f628e57ce89
59947,data/raw/teacher/test/images_test/59947.jpg,60.0,80.0,0.75,RGB,JPEG,16670,189dfd7616c069fc2e9a3f4c2eaa7cbe67f1b322742e32dbf92e1f65be7e1682
59948,data/raw/teacher/test/images_test/59948.jpg,60.0,80.0,0.75,RGB,JPEG,19199,2b511633c77cc44e79f909e6af06e95aa630a96c2893f2a764fc4ab3ee99da8d
59949,data/raw/teacher/test/images_test/59949.jpg,60.0,80.0,0.75,RGB,JPEG,18925,0c14e9d81beb07127e5d93e1de2b178859b81558489952711861a70df3070c7a
59950,data/raw/teacher/test/images_test/59950.jpg,60.0,80.0,0.75,RGB,JPEG,11899,706975ff2d233b441e55b1758ae4a3ca487bbcee3d42158ca0bb12225e160e29
59951,data/raw/teacher/test/images_test/59951.jpg,60.0,80.0,0.75,RGB,JPEG,12114,af822c1c0b7bbd11f71a55197c885091911ae483b42b01b9885ee29dfe8d75cd
59961,data/raw/teacher/test/images_test/59961.jpg,60.0,80.0,0.75,RGB,JPEG,19761,aaffd9f267a7783c7cc6fd7090a5f82feee5197250c48526fd66d41a9832f8c3
59962,data/raw/teacher/test/images_test/59962.jpg,60.0,80.0,0.75,RGB,JPEG,20592,f03cb96b320dee016277f4c34aef068c90fa4e86b56a6bc069863639c4f15c89
59963,data/raw/teacher/test/images_test/59963.jpg,60.0,80.0,0.75,RGB,JPEG,18769,1526a42d910b8ec30a8320682c0aed13726f420c0e034f35f24b4ef7909e698c
59964,data/raw/teacher/test/images_test/59964.jpg,60.0,80.0,0.75,RGB,JPEG,19497,da75ae64a39f70d9d92c42e5b86dfcc730ab9ff5710dd86c5c0809ed7e225a6a
59965,data/raw/teacher/test/images_test/59965.jpg,60.0,80.0,0.75,RGB,JPEG,19997,15c8aa7613aec65c319b5cbe225a1c95cb16db7fc707b0d8003201bcf214f254
59966,data/raw/teacher/test/images_test/59966.jpg,60.0,80.0,0.75,RGB,JPEG,3219,40c7c0fb843306981653dc1312be0307c3d2d58786e9714db32cd01200fa3dd8
59967,data/raw/teacher/test/images_test/59967.jpg,60.0,80.0,0.75,RGB,JPEG,23367,08def543ec5d3a571ae0bdc73ce7605687a5023910f5f38fc7709fd035629744
59968,data/raw/teacher/test/images_test/59968.jpg,60.0,80.0,0.75,RGB,JPEG,15800,a7a4493a1daab8e6984e61f93903736703177f901eb0056a0de7bff8fc2def0d
59969,data/raw/teacher/test/images_test/59969.jpg,60.0,80.0,0.75,RGB,JPEG,4144,f9cf5f8e01ad89227ecc57b68256e44d8aaf0ca4a46f02792870ba63cc0045c3
59970,data/raw/teacher/test/images_test/59970.jpg,60.0,80.0,0.75,RGB,JPEG,2951,4ddfa002b707ee50789f776efaf4b1dd35fc8eed370557cccd2cf67262da0676
59971,data/raw/teacher/test/images_test/59971.jpg,60.0,80.0,0.75,RGB,JPEG,4055,bba059d095c5964a0c70334ecae7536df9e262aad37015f12bc89b97752c9958
59972,data/raw/teacher/test/images_test/59972.jpg,60.0,80.0,0.75,RGB,JPEG,4357,127513618196e72c2dedc92d688f821b134adcdb96788f892831d036f4a80160
59973,data/raw/teacher/test/images_test/59973.jpg,60.0,80.0,0.75,RGB,JPEG,18031,d06beed90fc0826f47aefb94f67ec7f76137772648c953c09c33a96104f7da7b
59974,data/raw/teacher/test/images_test/59974.jpg,60.0,80.0,0.75,RGB,JPEG,2773,da2f76829f6570d39ded77f9536711acba5e642056191a69fab0b30c38995c6e
59975,data/raw/teacher/test/images_test/59975.jpg,60.0,80.0,0.75,RGB,JPEG,4230,c5570d2333c4158a274f1a65f8119d749909680467c14ee0ac067ff7bae83201
59976,data/raw/teacher/test/images_test/59976.jpg,60.0,80.0,0.75,RGB,JPEG,3955,3d26c2eab938da5c89ac26a885c2ca37ed5445dff7e1c9b5409bc376ad2cf420
59977,data/raw/teacher/test/images_test/59977.jpg,60.0,80.0,0.75,RGB,JPEG,21781,b96832ab827c39870f0b8be2668e75dc5ca14793ef78d00bd90279707831a07f
59978,data/raw/teacher/test/images_test/59978.jpg,60.0,80.0,0.75,RGB,JPEG,4143,59ba6c14a880d70176ff2b107cb47774391150286a185058289c0fe40574da3f
59979,data/raw/teacher/test/images_test/59979.jpg,60.0,80.0,0.75,RGB,JPEG,18635,b8df06da9ab67253cc3af405bcd09ae443f994c549b5bbb8c0a9022e60e58e49
59980,data/raw/teacher/test/images_test/59980.jpg,60.0,80.0,0.75,RGB,JPEG,3861,644e2042cee4a2837e27a0e22c06a90fce38b4d0783309be25edbe5ec8ca34ec
59981,data/raw/teacher/test/images_test/59981.jpg,60.0,80.0,0.75,RGB,JPEG,3579,4f2531e2482210c58b33c1547d41c755401ec50be0e4396dd294af81d6ba38d9
59982,data/raw/teacher/test/images_test/59982.jpg,60.0,80.0,0.75,RGB,JPEG,3753,244e1839c4b2edfebc763b25dc6ceb00dbcbb75c63ea5611f9032306321cf8c5
59983,data/raw/teacher/test/images_test/59983.jpg,60.0,80.0,0.75,RGB,JPEG,3035,d8e9cb1fed2e35258eb5f16c2b4d7901848f49f8d8f4c6b38aa15dc95835e6d0
59984,data/raw/teacher/test/images_test/59984.jpg,60.0,80.0,0.75,RGB,JPEG,22874,43ff3afb1c7417fc34e98960161801fd2953ec1be91d711a4f21ffd259dabcaf
59985,data/raw/teacher/test/images_test/59985.jpg,60.0,80.0,0.75,RGB,JPEG,23170,ae4f1c0f28ca5bd472544fff1ab1fb9c64cad89b849a5252c2fd9d537a13c8ca
59986,data/raw/teacher/test/images_test/59986.jpg,60.0,80.0,0.75,RGB,JPEG,2917,4b88029821be5002083ed9bb21795fa4a5b4e1f9d0b6cdae6e753965eb81f7eb
59987,data/raw/teacher/test/images_test/59987.jpg,60.0,80.0,0.75,RGB,JPEG,3618,0a9cf07b43b0ca0dd3bc3953ebba629e82181dfd3e5f8209f8e15ecdb1132e48
59988,data/raw/teacher/test/images_test/59988.jpg,60.0,80.0,0.75,RGB,JPEG,3818,a390c26ae01350a0f9da9e8d747801a6b84a7fc1d551506edc8a044cec7173ab
59989,data/raw/teacher/test/images_test/59989.jpg,60.0,80.0,0.75,RGB,JPEG,17445,660752ddc7078e2139639c3255c1c063e07e5884cc066b2a5d9bf9d9087efae9
59990,data/raw/teacher/test/images_test/59990.jpg,60.0,80.0,0.75,RGB,JPEG,3619,3efce609d51e5a6983ae5ae40706bcde466438e52abb3ee8cd97534b541d2d0a
59991,data/raw/teacher/test/images_test/59991.jpg,60.0,80.0,0.75,RGB,JPEG,3323,889ed825936cf949035c875d00314bd4e90c24bffd5c4de8cc7074f008917ef0
59992,data/raw/teacher/test/images_test/59992.jpg,60.0,80.0,0.75,RGB,JPEG,25250,ca66f3a5a85a68d35de7dc507446f9d49f366fe13159477f0ea810e7dcc64222
59993,data/raw/teacher/test/images_test/59993.jpg,60.0,80.0,0.75,RGB,JPEG,15555,0395811d2e57b5918d1e5b05361bcb652a096faf3bfeb059c3bd7fb432bfadaf
59994,data/raw/teacher/test/images_test/59994.jpg,60.0,80.0,0.75,RGB,JPEG,23501,022a5b77bb5d435969fcab51bbeacc4a6eeac081d23de455f426c8c03c84f8f3
59995,data/raw/teacher/test/images_test/59995.jpg,60.0,80.0,0.75,RGB,JPEG,3060,c8995ef02d5fceec23aab411775971da740df255595c96ab224754146d572786
59996,data/raw/teacher/test/images_test/59996.jpg,60.0,80.0,0.75,RGB,JPEG,4148,4a2c21a59eb1f6fc0c933768427ba0cf5be4d7faf144c500da273eab3678db4a
59998,data/raw/teacher/test/images_test/59998.jpg,60.0,80.0,0.75,RGB,JPEG,15744,80d542c7aa2e6565a8c27917d7bb8a24151b54bc8dc42b36875aae75389bf132
59999,data/raw/teacher/test/images_test/59999.jpg,60.0,80.0,0.75,RGB,JPEG,20001,ddca3a13af53511dcc46f17d1cf89e1722e32a65a8b508f3c2b4d71533b2167d
60000,data/raw/teacher/test/images_test/60000.jpg,60.0,80.0,0.75,RGB,JPEG,3784,7edd8da044f707b7c1da4b8fe09d8691f4d6d6cbd6f1b9aa560ed5b7d5323bbf
