run_id,task,stage,experiment_id,model_family,benchmark_only,final_eligible,scratch,fold,seed,git_commit,git_dirty,config_sha256,split_sha256,label_map_sha256,implementation_sha256,transform_id,loss_id,epochs_requested,epochs_completed,best_epoch,primary_metric_name,primary_metric_value,metrics,runtime_seconds,peak_vram_mb,parameter_count,checkpoint_path,checkpoint_sha256,prediction_path,prediction_sha256,history_path,history_sha256,status,error_type,error_message,started_at_utc,finished_at_utc,runtime
task1-cnn-task1_rgb_60x80_no_aug_v1-f0-s2753-adddd384dc63,task1,smoke,task1-cnn-task1_rgb_60x80_no_aug_v1,task1_small_cnn_v1,false,false,true,0,2753,3a3dd74a1eb97b674d6594730fa7918e92aede1f,true,5e205a09464ed04400134120146b22e98ceb7c4fbbd6745386f9ad51e355c984,d76a49c6dc7999b4f286e94838a92c603d68c4f66179fde081028948f6a187db,88d32ad9a4509292b339baedbe7f21f3161ee0e25e4c753315518fb5b342c353,c3b2d61de4bc01e141992db336308473e0976376314a3263cff993bbca92b034,task1_rgb_60x80_no_aug_v1,cross_entropy_unweighted_v1,1,1,1,macro_f1_124,0.0015608740894901144,"{""macro_f1"":0.0015608740894901144,""top1_accuracy"":0.09375,""top5_accuracy"":0.1875,""validation_loss"":4.764331579208374,""weighted_f1"":0.01814516129032258}",3.035816199999317,212.44384765625,475516,results/task1/task1-cnn-task1_rgb_60x80_no_aug_v1-f0-s2753-adddd384dc63/checkpoint.pt,88203ac24c5367be5507d2448aa6a62178614245b4944c62e20ef92d1d1d1278,results/task1/task1-cnn-task1_rgb_60x80_no_aug_v1-f0-s2753-adddd384dc63/predictions.csv,82600df8bb721567b4586159966d0a22ddd0d10f0ad70f5213be6144e553117d,results/task1/task1-cnn-task1_rgb_60x80_no_aug_v1-f0-s2753-adddd384dc63/history.csv,77e8ecc329e495290ab4c3ca841e3321c6f5f66c67557d80d657b4ef1c6cf9b2,completed,,,2026-09-02T07:58:22Z,2026-09-02T07:58:25Z,"{""cuda_available"":true,""cuda_runtime"":""13.0"",""cudnn_version"":92000,""executable"":""C:\\Users\\Khoa\\.cache\\codex-runtimes\\codex-primary-runtime\\dependencies\\python\\python.exe"",""gpu"":{""capability"":[7,5],""name"":""NVIDIA GeForce RTX 2070 SUPER"",""total_memory_bytes"":8589606912},""logical_cpu_count"":12,""packages"":{""numpy"":""2.5.2"",""pandas"":""3.0.5"",""pillow"":""12.3.0"",""scikit-image"":""0.26.0"",""scikit-learn"":""1.9.0"",""torch"":""2.12.1+cu130"",""torchvision"":null},""physical_cpu_count"":6,""platform"":""Windows-11-10.0.26200-SP0"",""processor"":""Intel64 Family 6 Model 165 Stepping 3, GenuineIntel"",""python"":""3.12.13"",""python_implementation"":""CPython"",""total_ram_bytes"":17084026880}"
task1-classical-task1_gray_hog_ppc16_v1-knn-k5-distance-f0-s2753-ffc255aa33fd,task1,smoke,task1-classical-task1_gray_hog_ppc16_v1-knn-k5-distance,task1_hog_knn_v1,false,false,true,0,2753,3a3dd74a1eb97b674d6594730fa7918e92aede1f,true,399e24e17eeaa4430684bb02c021ddf0a37a832f1585513cc83dabf5470d4e2f,d76a49c6dc7999b4f286e94838a92c603d68c4f66179fde081028948f6a187db,88d32ad9a4509292b339baedbe7f21f3161ee0e25e4c753315518fb5b342c353,c9cdbeea0e198c6017262056baaaf00a75d455bbcb42402169b799377d6a7760,task1_gray_hog_ppc16_v1,not_applicable,,,,macro_f1_124,0.03955104035749196,"{""macro_f1"":0.03955104035749196,""top1_accuracy"":0.65625,""top5_accuracy"":0.90625,""weighted_f1"":0.6453192640692641}",1.0214038000012806,,,results/task1/classical/task1-classical-task1_gray_hog_ppc16_v1-knn-k5-distance-f0-s2753-ffc255aa33fd/model.pkl,810b82907e4ddd81c0bbe47686d72f108a120a078e97f3146d789776f9d7380d,results/task1/classical/task1-classical-task1_gray_hog_ppc16_v1-knn-k5-distance-f0-s2753-ffc255aa33fd/predictions.csv,299ec77f8c0245c992d83684f588b1b0f93e3720837327bf5901d72113040166,,,completed,,,2026-09-02T07:58:40Z,2026-09-02T07:58:42Z,"{""cuda_available"":true,""cuda_runtime"":""13.0"",""cudnn_version"":92000,""executable"":""C:\\Users\\Khoa\\.cache\\codex-runtimes\\codex-primary-runtime\\dependencies\\python\\python.exe"",""gpu"":{""capability"":[7,5],""name"":""NVIDIA GeForce RTX 2070 SUPER"",""total_memory_bytes"":8589606912},""logical_cpu_count"":12,""packages"":{""numpy"":""2.5.2"",""pandas"":""3.0.5"",""pillow"":""12.3.0"",""scikit-image"":""0.26.0"",""scikit-learn"":""1.9.0"",""torch"":""2.12.1+cu130"",""torchvision"":null},""physical_cpu_count"":6,""platform"":""Windows-11-10.0.26200-SP0"",""processor"":""Intel64 Family 6 Model 165 Stepping 3, GenuineIntel"",""python"":""3.12.13"",""python_implementation"":""CPython"",""total_ram_bytes"":17084026880}"
task1-classical-task1_gray_hog_ppc16_v1-linear-svm-c1-normal-f0-s2753-1b022c8f99b0,task1,smoke,task1-classical-task1_gray_hog_ppc16_v1-linear-svm-c1-normal,task1_hog_linear_svm_v1,false,false,true,0,2753,3a3dd74a1eb97b674d6594730fa7918e92aede1f,true,2d7e363126341c853f784ad45b6ab422b0a80217484420f4a48b8d9caab0894a,d76a49c6dc7999b4f286e94838a92c603d68c4f66179fde081028948f6a187db,88d32ad9a4509292b339baedbe7f21f3161ee0e25e4c753315518fb5b342c353,c9cdbeea0e198c6017262056baaaf00a75d455bbcb42402169b799377d6a7760,task1_gray_hog_ppc16_v1,not_applicable,,,,macro_f1_124,0.04071087216248506,"{""macro_f1"":0.04071087216248506,""top1_accuracy"":0.6875,""top5_accuracy"":0.90625,""weighted_f1"":0.6123842592592592}",0.46628339999915625,,,results/task1/classical/task1-classical-task1_gray_hog_ppc16_v1-linear-svm-c1-normal-f0-s2753-1b022c8f99b0/model.pkl,fbf146cfa8fcb3e4edb80d44d3f695ffe4383c8d26ba0b2d170836961a817137,results/task1/classical/task1-classical-task1_gray_hog_ppc16_v1-linear-svm-c1-normal-f0-s2753-1b022c8f99b0/predictions.csv,d343ba8105b44e48a3df8beb2e36ec9d3ae53cc920f591eecf8906f66f1328af,,,completed,,,2026-09-02T07:58:42Z,2026-09-02T07:58:42Z,"{""cuda_available"":true,""cuda_runtime"":""13.0"",""cudnn_version"":92000,""executable"":""C:\\Users\\Khoa\\.cache\\codex-runtimes\\codex-primary-runtime\\dependencies\\python\\python.exe"",""gpu"":{""capability"":[7,5],""name"":""NVIDIA GeForce RTX 2070 SUPER"",""total_memory_bytes"":8589606912},""logical_cpu_count"":12,""packages"":{""numpy"":""2.5.2"",""pandas"":""3.0.5"",""pillow"":""12.3.0"",""scikit-image"":""0.26.0"",""scikit-learn"":""1.9.0"",""torch"":""2.12.1+cu130"",""torchvision"":null},""physical_cpu_count"":6,""platform"":""Windows-11-10.0.26200-SP0"",""processor"":""Intel64 Family 6 Model 165 Stepping 3, GenuineIntel"",""python"":""3.12.13"",""python_implementation"":""CPython"",""total_ram_bytes"":17084026880}"
task1-cnn-task1_rgb_60x80_no_aug_v1-f0-s2753-b1eeefd8c735,task1,smoke,task1-cnn-task1_rgb_60x80_no_aug_v1,task1_small_cnn_v1,false,false,true,0,2753,3a3dd74a1eb97b674d6594730fa7918e92aede1f,true,5e205a09464ed04400134120146b22e98ceb7c4fbbd6745386f9ad51e355c984,d76a49c6dc7999b4f286e94838a92c603d68c4f66179fde081028948f6a187db,88d32ad9a4509292b339baedbe7f21f3161ee0e25e4c753315518fb5b342c353,c3b2d61de4bc01e141992db336308473e0976376314a3263cff993bbca92b034,task1_rgb_60x80_no_aug_v1,cross_entropy_unweighted_v1,1,1,1,macro_f1_124,0.0015608740894901144,"{""macro_f1"":0.0015608740894901144,""top1_accuracy"":0.09375,""top5_accuracy"":0.1875,""validation_loss"":4.764331579208374,""weighted_f1"":0.01814516129032258}",2.966385199993965,212.44384765625,475516,results/task1/task1-cnn-task1_rgb_60x80_no_aug_v1-f0-s2753-b1eeefd8c735/checkpoint.pt,88203ac24c5367be5507d2448aa6a62178614245b4944c62e20ef92d1d1d1278,results/task1/task1-cnn-task1_rgb_60x80_no_aug_v1-f0-s2753-b1eeefd8c735/predictions.csv,82600df8bb721567b4586159966d0a22ddd0d10f0ad70f5213be6144e553117d,results/task1/task1-cnn-task1_rgb_60x80_no_aug_v1-f0-s2753-b1eeefd8c735/history.csv,77e8ecc329e495290ab4c3ca841e3321c6f5f66c67557d80d657b4ef1c6cf9b2,completed,,,2026-09-02T14:39:18Z,2026-09-02T14:39:21Z,"{""cuda_available"":true,""cuda_runtime"":""13.0"",""cudnn_version"":92000,""executable"":""C:\\Users\\Khoa\\Documents\\MLA2\\.venv\\Scripts\\python.exe"",""gpu"":{""capability"":[7,5],""name"":""NVIDIA GeForce RTX 2070 SUPER"",""total_memory_bytes"":8589606912},""logical_cpu_count"":12,""packages"":{""numpy"":""2.5.2"",""pandas"":""3.0.5"",""pillow"":""12.3.0"",""scikit-image"":""0.26.0"",""scikit-learn"":""1.9.0"",""torch"":""2.12.1+cu130"",""torchvision"":null},""physical_cpu_count"":6,""platform"":""Windows-11-10.0.26200-SP0"",""processor"":""Intel64 Family 6 Model 165 Stepping 3, GenuineIntel"",""python"":""3.12.10"",""python_implementation"":""CPython"",""total_ram_bytes"":17084026880}"
task1-classical-task1_gray_hog_ppc16_v1-knn-k5-distance-f0-s2753-caafa234049e,task1,smoke,task1-classical-task1_gray_hog_ppc16_v1-knn-k5-distance,task1_hog_knn_v1,false,false,true,0,2753,3a3dd74a1eb97b674d6594730fa7918e92aede1f,true,399e24e17eeaa4430684bb02c021ddf0a37a832f1585513cc83dabf5470d4e2f,d76a49c6dc7999b4f286e94838a92c603d68c4f66179fde081028948f6a187db,88d32ad9a4509292b339baedbe7f21f3161ee0e25e4c753315518fb5b342c353,c9cdbeea0e198c6017262056baaaf00a75d455bbcb42402169b799377d6a7760,task1_gray_hog_ppc16_v1,not_applicable,,,,macro_f1_124,0.03955104035749196,"{""macro_f1"":0.03955104035749196,""top1_accuracy"":0.65625,""top5_accuracy"":0.90625,""weighted_f1"":0.6453192640692641}",2.405571899995266,,,results/task1/classical/task1-classical-task1_gray_hog_ppc16_v1-knn-k5-distance-f0-s2753-caafa234049e/model.pkl,810b82907e4ddd81c0bbe47686d72f108a120a078e97f3146d789776f9d7380d,results/task1/classical/task1-classical-task1_gray_hog_ppc16_v1-knn-k5-distance-f0-s2753-caafa234049e/predictions.csv,299ec77f8c0245c992d83684f588b1b0f93e3720837327bf5901d72113040166,,,completed,,,2026-09-02T14:39:22Z,2026-09-02T14:39:24Z,"{""cuda_available"":true,""cuda_runtime"":""13.0"",""cudnn_version"":92000,""executable"":""C:\\Users\\Khoa\\Documents\\MLA2\\.venv\\Scripts\\python.exe"",""gpu"":{""capability"":[7,5],""name"":""NVIDIA GeForce RTX 2070 SUPER"",""total_memory_bytes"":8589606912},""logical_cpu_count"":12,""packages"":{""numpy"":""2.5.2"",""pandas"":""3.0.5"",""pillow"":""12.3.0"",""scikit-image"":""0.26.0"",""scikit-learn"":""1.9.0"",""torch"":""2.12.1+cu130"",""torchvision"":null},""physical_cpu_count"":6,""platform"":""Windows-11-10.0.26200-SP0"",""processor"":""Intel64 Family 6 Model 165 Stepping 3, GenuineIntel"",""python"":""3.12.10"",""python_implementation"":""CPython"",""total_ram_bytes"":17084026880}"
task1-classical-task1_gray_hog_ppc16_v1-linear-svm-c1-normal-f0-s2753-b49c4253ba67,task1,smoke,task1-classical-task1_gray_hog_ppc16_v1-linear-svm-c1-normal,task1_hog_linear_svm_v1,false,false,true,0,2753,3a3dd74a1eb97b674d6594730fa7918e92aede1f,true,2d7e363126341c853f784ad45b6ab422b0a80217484420f4a48b8d9caab0894a,d76a49c6dc7999b4f286e94838a92c603d68c4f66179fde081028948f6a187db,88d32ad9a4509292b339baedbe7f21f3161ee0e25e4c753315518fb5b342c353,c9cdbeea0e198c6017262056baaaf00a75d455bbcb42402169b799377d6a7760,task1_gray_hog_ppc16_v1,not_applicable,,,,macro_f1_124,0.04071087216248506,"{""macro_f1"":0.04071087216248506,""top1_accuracy"":0.6875,""top5_accuracy"":0.90625,""weighted_f1"":0.6123842592592592}",0.4678122000041185,,,results/task1/classical/task1-classical-task1_gray_hog_ppc16_v1-linear-svm-c1-normal-f0-s2753-b49c4253ba67/model.pkl,fbf146cfa8fcb3e4edb80d44d3f695ffe4383c8d26ba0b2d170836961a817137,results/task1/classical/task1-classical-task1_gray_hog_ppc16_v1-linear-svm-c1-normal-f0-s2753-b49c4253ba67/predictions.csv,d343ba8105b44e48a3df8beb2e36ec9d3ae53cc920f591eecf8906f66f1328af,,,completed,,,2026-09-02T14:39:24Z,2026-09-02T14:39:25Z,"{""cuda_available"":true,""cuda_runtime"":""13.0"",""cudnn_version"":92000,""executable"":""C:\\Users\\Khoa\\Documents\\MLA2\\.venv\\Scripts\\python.exe"",""gpu"":{""capability"":[7,5],""name"":""NVIDIA GeForce RTX 2070 SUPER"",""total_memory_bytes"":8589606912},""logical_cpu_count"":12,""packages"":{""numpy"":""2.5.2"",""pandas"":""3.0.5"",""pillow"":""12.3.0"",""scikit-image"":""0.26.0"",""scikit-learn"":""1.9.0"",""torch"":""2.12.1+cu130"",""torchvision"":null},""physical_cpu_count"":6,""platform"":""Windows-11-10.0.26200-SP0"",""processor"":""Intel64 Family 6 Model 165 Stepping 3, GenuineIntel"",""python"":""3.12.10"",""python_implementation"":""CPython"",""total_ram_bytes"":17084026880}"
task1-classical-task1_gray_hog_ppc16_v1-knn-k5-distance-f0-s2753-39fa1b99f3d0,task1,experiment,task1-classical-task1_gray_hog_ppc16_v1-knn-k5-distance,task1_hog_knn_v1,false,true,true,0,2753,3a3dd74a1eb97b674d6594730fa7918e92aede1f,true,f3e3a6539caac17cc58f5c1eea8e6edbfdc5bbaaa4d341646dbf50c56fd778a6,d76a49c6dc7999b4f286e94838a92c603d68c4f66179fde081028948f6a187db,88d32ad9a4509292b339baedbe7f21f3161ee0e25e4c753315518fb5b342c353,c9cdbeea0e198c6017262056baaaf00a75d455bbcb42402169b799377d6a7760,task1_gray_hog_ppc16_v1,not_applicable,,,,macro_f1_124,0.43427549459768827,"{""macro_f1"":0.43427549459768827,""top1_accuracy"":0.7591942621699985,""top5_accuracy"":0.9032504196551198,""weighted_f1"":0.7441183636497208}",48.78736930000014,,,results/task1/classical/task1-classical-task1_gray_hog_ppc16_v1-knn-k5-distance-f0-s2753-39fa1b99f3d0/model.pkl,743dc993a2c4154bb39b946fa11729c4359f94b9991505f06a79c98031f59dc3,results/task1/classical/task1-classical-task1_gray_hog_ppc16_v1-knn-k5-distance-f0-s2753-39fa1b99f3d0/predictions.csv,b8445c0957219c4d2d7997a36bfca8fffb0ad720ca3ababdef2e9d21317650ff,,,completed,,,2026-09-02T14:39:37Z,2026-09-02T14:40:26Z,"{""cuda_available"":true,""cuda_runtime"":""13.0"",""cudnn_version"":92000,""executable"":""C:\\Users\\Khoa\\Documents\\MLA2\\.venv\\Scripts\\python.exe"",""gpu"":{""capability"":[7,5],""name"":""NVIDIA GeForce RTX 2070 SUPER"",""total_memory_bytes"":8589606912},""logical_cpu_count"":12,""packages"":{""numpy"":""2.5.2"",""pandas"":""3.0.5"",""pillow"":""12.3.0"",""scikit-image"":""0.26.0"",""scikit-learn"":""1.9.0"",""torch"":""2.12.1+cu130"",""torchvision"":null},""physical_cpu_count"":6,""platform"":""Windows-11-10.0.26200-SP0"",""processor"":""Intel64 Family 6 Model 165 Stepping 3, GenuineIntel"",""python"":""3.12.10"",""python_implementation"":""CPython"",""total_ram_bytes"":17084026880}"
task1-classical-task1_gray_hog_ppc16_v1-linear-svm-c1-normal-f0-s2753-e7fce0a61221,task1,experiment,task1-classical-task1_gray_hog_ppc16_v1-linear-svm-c1-normal,task1_hog_linear_svm_v1,false,true,true,0,2753,3a3dd74a1eb97b674d6594730fa7918e92aede1f,true,b6c04402591ee551926826e5efce74cb591f01cf19334bdbe77aacc6a71e02ee,d76a49c6dc7999b4f286e94838a92c603d68c4f66179fde081028948f6a187db,88d32ad9a4509292b339baedbe7f21f3161ee0e25e4c753315518fb5b342c353,c9cdbeea0e198c6017262056baaaf00a75d455bbcb42402169b799377d6a7760,task1_gray_hog_ppc16_v1,not_applicable,,,,macro_f1_124,0.40234819142832245,"{""macro_f1"":0.40234819142832245,""top1_accuracy"":0.7564474286586297,""top5_accuracy"":0.9471997558370212,""weighted_f1"":0.7351524549388213}",39.18547319999925,,,results/task1/classical/task1-classical-task1_gray_hog_ppc16_v1-linear-svm-c1-normal-f0-s2753-e7fce0a61221/model.pkl,269de6b86f1f6aa3a835ad447bc247a4e2643cb8f359a7542c05fe240ecdc7ff,results/task1/classical/task1-classical-task1_gray_hog_ppc16_v1-linear-svm-c1-normal-f0-s2753-e7fce0a61221/predictions.csv,ac140591d7a063844f6affa48b22c222dec6ba34795f3518648b3ffe49e51ee8,,,completed,,,2026-09-02T14:40:27Z,2026-09-02T14:41:06Z,"{""cuda_available"":true,""cuda_runtime"":""13.0"",""cudnn_version"":92000,""executable"":""C:\\Users\\Khoa\\Documents\\MLA2\\.venv\\Scripts\\python.exe"",""gpu"":{""capability"":[7,5],""name"":""NVIDIA GeForce RTX 2070 SUPER"",""total_memory_bytes"":8589606912},""logical_cpu_count"":12,""packages"":{""numpy"":""2.5.2"",""pandas"":""3.0.5"",""pillow"":""12.3.0"",""scikit-image"":""0.26.0"",""scikit-learn"":""1.9.0"",""torch"":""2.12.1+cu130"",""torchvision"":null},""physical_cpu_count"":6,""platform"":""Windows-11-10.0.26200-SP0"",""processor"":""Intel64 Family 6 Model 165 Stepping 3, GenuineIntel"",""python"":""3.12.10"",""python_implementation"":""CPython"",""total_ram_bytes"":17084026880}"
task1-classical-task1_gray_hog_ppc10_v1-knn-k5-distance-f0-s2753-5a9df73bd7f9,task1,experiment,task1-classical-task1_gray_hog_ppc10_v1-knn-k5-distance,task1_hog_knn_v1,false,true,true,0,2753,3a3dd74a1eb97b674d6594730fa7918e92aede1f,true,cb21ace1cc14a6997623dd12fe06c0d21abc4bd817221d494ab3ce281a790fed,d76a49c6dc7999b4f286e94838a92c603d68c4f66179fde081028948f6a187db,88d32ad9a4509292b339baedbe7f21f3161ee0e25e4c753315518fb5b342c353,c9cdbeea0e198c6017262056baaaf00a75d455bbcb42402169b799377d6a7760,task1_gray_hog_ppc10_v1,not_applicable,,,,macro_f1_124,0.4700810913990897,"{""macro_f1"":0.4700810913990897,""top1_accuracy"":0.7974973294674195,""top5_accuracy"":0.9232412635434152,""weighted_f1"":0.7854767085277484}",52.60462729999563,,,results/task1/classical/task1-classical-task1_gray_hog_ppc10_v1-knn-k5-distance-f0-s2753-5a9df73bd7f9/model.pkl,500223ac76f101a7cc5761968a642087d58422925ab6cb0b75475fe7d280e22a,results/task1/classical/task1-classical-task1_gray_hog_ppc10_v1-knn-k5-distance-f0-s2753-5a9df73bd7f9/predictions.csv,da2a44ed662c7f04089710572aeefdad97b3887e366d4adc575ad3c2bb34e81a,,,completed,,,2026-09-02T14:41:07Z,2026-09-02T14:41:59Z,"{""cuda_available"":true,""cuda_runtime"":""13.0"",""cudnn_version"":92000,""executable"":""C:\\Users\\Khoa\\Documents\\MLA2\\.venv\\Scripts\\python.exe"",""gpu"":{""capability"":[7,5],""name"":""NVIDIA GeForce RTX 2070 SUPER"",""total_memory_bytes"":8589606912},""logical_cpu_count"":12,""packages"":{""numpy"":""2.5.2"",""pandas"":""3.0.5"",""pillow"":""12.3.0"",""scikit-image"":""0.26.0"",""scikit-learn"":""1.9.0"",""torch"":""2.12.1+cu130"",""torchvision"":null},""physical_cpu_count"":6,""platform"":""Windows-11-10.0.26200-SP0"",""processor"":""Intel64 Family 6 Model 165 Stepping 3, GenuineIntel"",""python"":""3.12.10"",""python_implementation"":""CPython"",""total_ram_bytes"":17084026880}"
task1-classical-task1_gray_hog_ppc10_v1-linear-svm-c1-normal-f0-s2753-300e27e09fe8,task1,experiment,task1-classical-task1_gray_hog_ppc10_v1-linear-svm-c1-normal,task1_hog_linear_svm_v1,false,true,true,0,2753,3a3dd74a1eb97b674d6594730fa7918e92aede1f,true,7623362eaa976837605812f2ea37472c55f41f4b5730fbde6b5936811d4f93d5,d76a49c6dc7999b4f286e94838a92c603d68c4f66179fde081028948f6a187db,88d32ad9a4509292b339baedbe7f21f3161ee0e25e4c753315518fb5b342c353,c9cdbeea0e198c6017262056baaaf00a75d455bbcb42402169b799377d6a7760,task1_gray_hog_ppc10_v1,not_applicable,,,,macro_f1_124,0.45103358880883054,"{""macro_f1"":0.45103358880883054,""top1_accuracy"":0.798870746223104,""top5_accuracy"":0.9357546162063177,""weighted_f1"":0.7890568883965753}",172.83809250000195,,,results/task1/classical/task1-classical-task1_gray_hog_ppc10_v1-linear-svm-c1-normal-f0-s2753-300e27e09fe8/model.pkl,b1cad165b997bae6ed5baaee091b2e3f5c74179942d4d18d143a254615f7f8d7,results/task1/classical/task1-classical-task1_gray_hog_ppc10_v1-linear-svm-c1-normal-f0-s2753-300e27e09fe8/predictions.csv,50e1038b4072a0af8e89ad4eb26c1e500aae027f297df8b9f13d65152600b0a4,,,completed,,,2026-09-02T14:42:00Z,2026-09-02T14:44:53Z,"{""cuda_available"":true,""cuda_runtime"":""13.0"",""cudnn_version"":92000,""executable"":""C:\\Users\\Khoa\\Documents\\MLA2\\.venv\\Scripts\\python.exe"",""gpu"":{""capability"":[7,5],""name"":""NVIDIA GeForce RTX 2070 SUPER"",""total_memory_bytes"":8589606912},""logical_cpu_count"":12,""packages"":{""numpy"":""2.5.2"",""pandas"":""3.0.5"",""pillow"":""12.3.0"",""scikit-image"":""0.26.0"",""scikit-learn"":""1.9.0"",""torch"":""2.12.1+cu130"",""torchvision"":null},""physical_cpu_count"":6,""platform"":""Windows-11-10.0.26200-SP0"",""processor"":""Intel64 Family 6 Model 165 Stepping 3, GenuineIntel"",""python"":""3.12.10"",""python_implementation"":""CPython"",""total_ram_bytes"":17084026880}"
task1-classical-task1_gray_hog_ppc10_v1-knn-k3-uniform-f0-s2753-778a37eb2002,task1,experiment,task1-classical-task1_gray_hog_ppc10_v1-knn-k3-uniform,task1_hog_knn_v1,false,true,true,0,2753,3a3dd74a1eb97b674d6594730fa7918e92aede1f,true,ac559c16e90884a714501af9f12dadff3e751785f8dbf47a12bcb1d01f2ef366,d76a49c6dc7999b4f286e94838a92c603d68c4f66179fde081028948f6a187db,88d32ad9a4509292b339baedbe7f21f3161ee0e25e4c753315518fb5b342c353,c9cdbeea0e198c6017262056baaaf00a75d455bbcb42402169b799377d6a7760,task1_gray_hog_ppc10_v1,not_applicable,,,,macro_f1_124,0.4590743941914837,"{""macro_f1"":0.4590743941914837,""top1_accuracy"":0.7883412177628567,""top5_accuracy"":0.8902792614069892,""weighted_f1"":0.77824242087768}",4.4445813999991515,,,results/task1/classical/task1-classical-task1_gray_hog_ppc10_v1-knn-k3-uniform-f0-s2753-778a37eb2002/model.pkl,fc89e58e767b003755c3a5a82140bfbbc8f51ba5c99b6b6ef809e00eceb94169,results/task1/classical/task1-classical-task1_gray_hog_ppc10_v1-knn-k3-uniform-f0-s2753-778a37eb2002/predictions.csv,f77759bb39c6b33a011989f8336c00bcce47a493243b634cd8ff28601b89363e,,,completed,,,2026-09-02T14:44:54Z,2026-09-02T14:44:58Z,"{""cuda_available"":true,""cuda_runtime"":""13.0"",""cudnn_version"":92000,""executable"":""C:\\Users\\Khoa\\Documents\\MLA2\\.venv\\Scripts\\python.exe"",""gpu"":{""capability"":[7,5],""name"":""NVIDIA GeForce RTX 2070 SUPER"",""total_memory_bytes"":8589606912},""logical_cpu_count"":12,""packages"":{""numpy"":""2.5.2"",""pandas"":""3.0.5"",""pillow"":""12.3.0"",""scikit-image"":""0.26.0"",""scikit-learn"":""1.9.0"",""torch"":""2.12.1+cu130"",""torchvision"":null},""physical_cpu_count"":6,""platform"":""Windows-11-10.0.26200-SP0"",""processor"":""Intel64 Family 6 Model 165 Stepping 3, GenuineIntel"",""python"":""3.12.10"",""python_implementation"":""CPython"",""total_ram_bytes"":17084026880}"
task1-classical-task1_gray_hog_ppc10_v1-knn-k3-distance-f0-s2753-9f5f95123120,task1,experiment,task1-classical-task1_gray_hog_ppc10_v1-knn-k3-distance,task1_hog_knn_v1,false,true,true,0,2753,3a3dd74a1eb97b674d6594730fa7918e92aede1f,true,c14ab0f1d5ab3f87893cb04bbbb4d5ed0c306e91994363a081d706e28956946e,d76a49c6dc7999b4f286e94838a92c603d68c4f66179fde081028948f6a187db,88d32ad9a4509292b339baedbe7f21f3161ee0e25e4c753315518fb5b342c353,c9cdbeea0e198c6017262056baaaf00a75d455bbcb42402169b799377d6a7760,task1_gray_hog_ppc10_v1,not_applicable,,,,macro_f1_124,0.48968460848526935,"{""macro_f1"":0.48968460848526935,""top1_accuracy"":0.7984129406378758,""top5_accuracy"":0.8902792614069892,""weighted_f1"":0.7891926827510485}",4.730780900004902,,,results/task1/classical/task1-classical-task1_gray_hog_ppc10_v1-knn-k3-distance-f0-s2753-9f5f95123120/model.pkl,8e18067d63998f3df54d4e66cb78f1c7ceaaae5a657ce8e9dc7170be9dde4269,results/task1/classical/task1-classical-task1_gray_hog_ppc10_v1-knn-k3-distance-f0-s2753-9f5f95123120/predictions.csv,7d86ecf88936277f8620cc38d0b809acd279c1ceff72ea34513995e0454e79cb,,,completed,,,2026-09-02T14:44:59Z,2026-09-02T14:45:04Z,"{""cuda_available"":true,""cuda_runtime"":""13.0"",""cudnn_version"":92000,""executable"":""C:\\Users\\Khoa\\Documents\\MLA2\\.venv\\Scripts\\python.exe"",""gpu"":{""capability"":[7,5],""name"":""NVIDIA GeForce RTX 2070 SUPER"",""total_memory_bytes"":8589606912},""logical_cpu_count"":12,""packages"":{""numpy"":""2.5.2"",""pandas"":""3.0.5"",""pillow"":""12.3.0"",""scikit-image"":""0.26.0"",""scikit-learn"":""1.9.0"",""torch"":""2.12.1+cu130"",""torchvision"":null},""physical_cpu_count"":6,""platform"":""Windows-11-10.0.26200-SP0"",""processor"":""Intel64 Family 6 Model 165 Stepping 3, GenuineIntel"",""python"":""3.12.10"",""python_implementation"":""CPython"",""total_ram_bytes"":17084026880}"
task1-classical-task1_gray_hog_ppc10_v1-knn-k5-uniform-f0-s2753-3c383e114b6a,task1,experiment,task1-classical-task1_gray_hog_ppc10_v1-knn-k5-uniform,task1_hog_knn_v1,false,true,true,0,2753,3a3dd74a1eb97b674d6594730fa7918e92aede1f,true,4fb3d7993de05a8497646ddb43d212415e4125162f9aa69aa8ed50466de4f2c0,d76a49c6dc7999b4f286e94838a92c603d68c4f66179fde081028948f6a187db,88d32ad9a4509292b339baedbe7f21f3161ee0e25e4c753315518fb5b342c353,c9cdbeea0e198c6017262056baaaf00a75d455bbcb42402169b799377d6a7760,task1_gray_hog_ppc10_v1,not_applicable,,,,macro_f1_124,0.4489351032890695,"{""macro_f1"":0.4489351032890695,""top1_accuracy"":0.791393254997711,""top5_accuracy"":0.9232412635434152,""weighted_f1"":0.7789407047959007}",4.343764400000509,,,results/task1/classical/task1-classical-task1_gray_hog_ppc10_v1-knn-k5-uniform-f0-s2753-3c383e114b6a/model.pkl,a7816c9e76176293ba6f9149e535d47330addbb59fd8e2627fc1e35533d92bf6,results/task1/classical/task1-classical-task1_gray_hog_ppc10_v1-knn-k5-uniform-f0-s2753-3c383e114b6a/predictions.csv,4def726dda8ece98af61a05e16945d520bf049d22b4a2c17ec121e31c5207659,,,completed,,,2026-09-02T14:45:04Z,2026-09-02T14:45:09Z,"{""cuda_available"":true,""cuda_runtime"":""13.0"",""cudnn_version"":92000,""executable"":""C:\\Users\\Khoa\\Documents\\MLA2\\.venv\\Scripts\\python.exe"",""gpu"":{""capability"":[7,5],""name"":""NVIDIA GeForce RTX 2070 SUPER"",""total_memory_bytes"":8589606912},""logical_cpu_count"":12,""packages"":{""numpy"":""2.5.2"",""pandas"":""3.0.5"",""pillow"":""12.3.0"",""scikit-image"":""0.26.0"",""scikit-learn"":""1.9.0"",""torch"":""2.12.1+cu130"",""torchvision"":null},""physical_cpu_count"":6,""platform"":""Windows-11-10.0.26200-SP0"",""processor"":""Intel64 Family 6 Model 165 Stepping 3, GenuineIntel"",""python"":""3.12.10"",""python_implementation"":""CPython"",""total_ram_bytes"":17084026880}"
task1-classical-task1_gray_hog_ppc10_v1-knn-k11-uniform-f0-s2753-7844c4a79779,task1,experiment,task1-classical-task1_gray_hog_ppc10_v1-knn-k11-uniform,task1_hog_knn_v1,false,true,true,0,2753,3a3dd74a1eb97b674d6594730fa7918e92aede1f,true,ca72072bf6bb6cca1de9a77ff5010db89ec5ec7b97d1d7171c3ad5924e1aeffd,d76a49c6dc7999b4f286e94838a92c603d68c4f66179fde081028948f6a187db,88d32ad9a4509292b339baedbe7f21f3161ee0e25e4c753315518fb5b342c353,c9cdbeea0e198c6017262056baaaf00a75d455bbcb42402169b799377d6a7760,task1_gray_hog_ppc10_v1,not_applicable,,,,macro_f1_124,0.39828142486557416,"{""macro_f1"":0.39828142486557416,""top1_accuracy"":0.7817793377079201,""top5_accuracy"":0.9540668396154434,""weighted_f1"":0.7620015096030999}",4.535009299994272,,,results/task1/classical/task1-classical-task1_gray_hog_ppc10_v1-knn-k11-uniform-f0-s2753-7844c4a79779/model.pkl,608713b36f4a77276841d9808baecefc4fcec68340a61236b69a48faae0e2946,results/task1/classical/task1-classical-task1_gray_hog_ppc10_v1-knn-k11-uniform-f0-s2753-7844c4a79779/predictions.csv,1b2ebe734097e808a5fb3403374eecb6b600d86d43dab566f86fdc754f028851,,,completed,,,2026-09-02T14:45:09Z,2026-09-02T14:45:14Z,"{""cuda_available"":true,""cuda_runtime"":""13.0"",""cudnn_version"":92000,""executable"":""C:\\Users\\Khoa\\Documents\\MLA2\\.venv\\Scripts\\python.exe"",""gpu"":{""capability"":[7,5],""name"":""NVIDIA GeForce RTX 2070 SUPER"",""total_memory_bytes"":8589606912},""logical_cpu_count"":12,""packages"":{""numpy"":""2.5.2"",""pandas"":""3.0.5"",""pillow"":""12.3.0"",""scikit-image"":""0.26.0"",""scikit-learn"":""1.9.0"",""torch"":""2.12.1+cu130"",""torchvision"":null},""physical_cpu_count"":6,""platform"":""Windows-11-10.0.26200-SP0"",""processor"":""Intel64 Family 6 Model 165 Stepping 3, GenuineIntel"",""python"":""3.12.10"",""python_implementation"":""CPython"",""total_ram_bytes"":17084026880}"
task1-classical-task1_gray_hog_ppc10_v1-knn-k11-distance-f0-s2753-88ccee38ccc7,task1,experiment,task1-classical-task1_gray_hog_ppc10_v1-knn-k11-distance,task1_hog_knn_v1,false,true,true,0,2753,3a3dd74a1eb97b674d6594730fa7918e92aede1f,true,8377dbb95a5e055422b63cca287a5b616eb6561d3c66035ea271861f0cad5d79,d76a49c6dc7999b4f286e94838a92c603d68c4f66179fde081028948f6a187db,88d32ad9a4509292b339baedbe7f21f3161ee0e25e4c753315518fb5b342c353,c9cdbeea0e198c6017262056baaaf00a75d455bbcb42402169b799377d6a7760,task1_gray_hog_ppc10_v1,not_applicable,,,,macro_f1_124,0.4228864647465019,"{""macro_f1"":0.4228864647465019,""top1_accuracy"":0.787120402868915,""top5_accuracy"":0.9539142377537005,""weighted_f1"":0.7679720571837138}",4.4249488999994355,,,results/task1/classical/task1-classical-task1_gray_hog_ppc10_v1-knn-k11-distance-f0-s2753-88ccee38ccc7/model.pkl,7be34f65285c0fe294b4b1a5477dd8b0912c6ba6fb7d8c45c078a30add82adb9,results/task1/classical/task1-classical-task1_gray_hog_ppc10_v1-knn-k11-distance-f0-s2753-88ccee38ccc7/predictions.csv,3181b3ec1fd40661a3fd04592be3001d1876cd87dde1e422410f8d35bc6b79be,,,completed,,,2026-09-02T14:45:15Z,2026-09-02T14:45:19Z,"{""cuda_available"":true,""cuda_runtime"":""13.0"",""cudnn_version"":92000,""executable"":""C:\\Users\\Khoa\\Documents\\MLA2\\.venv\\Scripts\\python.exe"",""gpu"":{""capability"":[7,5],""name"":""NVIDIA GeForce RTX 2070 SUPER"",""total_memory_bytes"":8589606912},""logical_cpu_count"":12,""packages"":{""numpy"":""2.5.2"",""pandas"":""3.0.5"",""pillow"":""12.3.0"",""scikit-image"":""0.26.0"",""scikit-learn"":""1.9.0"",""torch"":""2.12.1+cu130"",""torchvision"":null},""physical_cpu_count"":6,""platform"":""Windows-11-10.0.26200-SP0"",""processor"":""Intel64 Family 6 Model 165 Stepping 3, GenuineIntel"",""python"":""3.12.10"",""python_implementation"":""CPython"",""total_ram_bytes"":17084026880}"
task1-classical-task1_gray_hog_ppc10_v1-linear-svm-c0-1-normal-f0-s2753-301cdcbe599c,task1,experiment,task1-classical-task1_gray_hog_ppc10_v1-linear-svm-c0.1-normal,task1_hog_linear_svm_v1,false,true,true,0,2753,3a3dd74a1eb97b674d6594730fa7918e92aede1f,true,a82d192023ca556442af102a5e352ebd1adc0ab5ed9ea3bf70bdbdc5819229ae,d76a49c6dc7999b4f286e94838a92c603d68c4f66179fde081028948f6a187db,88d32ad9a4509292b339baedbe7f21f3161ee0e25e4c753315518fb5b342c353,c9cdbeea0e198c6017262056baaaf00a75d455bbcb42402169b799377d6a7760,task1_gray_hog_ppc10_v1,not_applicable,,,,macro_f1_124,0.44336693885069506,"{""macro_f1"":0.44336693885069506,""top1_accuracy"":0.8019227834579582,""top5_accuracy"":0.9549824507858996,""weighted_f1"":0.7855487146147676}",114.71582979999948,,,results/task1/classical/task1-classical-task1_gray_hog_ppc10_v1-linear-svm-c0-1-normal-f0-s2753-301cdcbe599c/model.pkl,22d47d4ead538d1b2f6c41fa03f61039f839a36bb01dddb1bf68044773d368ce,results/task1/classical/task1-classical-task1_gray_hog_ppc10_v1-linear-svm-c0-1-normal-f0-s2753-301cdcbe599c/predictions.csv,80f270007186b3b3a2ee0f1e1bd4504f838c8032a25e4ca3180cceeea0ef639d,,,completed,,,2026-09-02T14:45:20Z,2026-09-02T14:47:15Z,"{""cuda_available"":true,""cuda_runtime"":""13.0"",""cudnn_version"":92000,""executable"":""C:\\Users\\Khoa\\Documents\\MLA2\\.venv\\Scripts\\python.exe"",""gpu"":{""capability"":[7,5],""name"":""NVIDIA GeForce RTX 2070 SUPER"",""total_memory_bytes"":8589606912},""logical_cpu_count"":12,""packages"":{""numpy"":""2.5.2"",""pandas"":""3.0.5"",""pillow"":""12.3.0"",""scikit-image"":""0.26.0"",""scikit-learn"":""1.9.0"",""torch"":""2.12.1+cu130"",""torchvision"":null},""physical_cpu_count"":6,""platform"":""Windows-11-10.0.26200-SP0"",""processor"":""Intel64 Family 6 Model 165 Stepping 3, GenuineIntel"",""python"":""3.12.10"",""python_implementation"":""CPython"",""total_ram_bytes"":17084026880}"
task1-classical-task1_gray_hog_ppc10_v1-linear-svm-c0-1-balanced-f0-s2753-b428eb88cfd4,task1,experiment,task1-classical-task1_gray_hog_ppc10_v1-linear-svm-c0.1-balanced,task1_hog_linear_svm_v1,false,true,true,0,2753,3a3dd74a1eb97b674d6594730fa7918e92aede1f,true,e477ce640472018fe15993aa86ebad50a242481c810a76f4df40bd95fbcba666,d76a49c6dc7999b4f286e94838a92c603d68c4f66179fde081028948f6a187db,88d32ad9a4509292b339baedbe7f21f3161ee0e25e4c753315518fb5b342c353,c9cdbeea0e198c6017262056baaaf00a75d455bbcb42402169b799377d6a7760,task1_gray_hog_ppc10_v1,not_applicable,,,,macro_f1_124,0.46237518494135577,"{""macro_f1"":0.46237518494135577,""top1_accuracy"":0.7781168930260949,""top5_accuracy"":0.946284144666565,""weighted_f1"":0.782172476669366}",117.47228080000059,,,results/task1/classical/task1-classical-task1_gray_hog_ppc10_v1-linear-svm-c0-1-balanced-f0-s2753-b428eb88cfd4/model.pkl,afdb363c50fbb58b36c69af9c00184aaa674dc5379b5d49ff5f743264f65442e,results/task1/classical/task1-classical-task1_gray_hog_ppc10_v1-linear-svm-c0-1-balanced-f0-s2753-b428eb88cfd4/predictions.csv,97f8dcd57558764277b78b412382b89eeed593debc2bf3096a9feca63281b8d3,,,completed,,,2026-09-02T14:47:15Z,2026-09-02T14:49:13Z,"{""cuda_available"":true,""cuda_runtime"":""13.0"",""cudnn_version"":92000,""executable"":""C:\\Users\\Khoa\\Documents\\MLA2\\.venv\\Scripts\\python.exe"",""gpu"":{""capability"":[7,5],""name"":""NVIDIA GeForce RTX 2070 SUPER"",""total_memory_bytes"":8589606912},""logical_cpu_count"":12,""packages"":{""numpy"":""2.5.2"",""pandas"":""3.0.5"",""pillow"":""12.3.0"",""scikit-image"":""0.26.0"",""scikit-learn"":""1.9.0"",""torch"":""2.12.1+cu130"",""torchvision"":null},""physical_cpu_count"":6,""platform"":""Windows-11-10.0.26200-SP0"",""processor"":""Intel64 Family 6 Model 165 Stepping 3, GenuineIntel"",""python"":""3.12.10"",""python_implementation"":""CPython"",""total_ram_bytes"":17084026880}"
task1-classical-task1_gray_hog_ppc10_v1-linear-svm-c1-balanced-f0-s2753-9deaa9fd0e8a,task1,experiment,task1-classical-task1_gray_hog_ppc10_v1-linear-svm-c1-balanced,task1_hog_linear_svm_v1,false,true,true,0,2753,3a3dd74a1eb97b674d6594730fa7918e92aede1f,true,320c5311a6f3dccc58b59ffe2c040fb394dc7de3f550ff739a63141ffb5109e4,d76a49c6dc7999b4f286e94838a92c603d68c4f66179fde081028948f6a187db,88d32ad9a4509292b339baedbe7f21f3161ee0e25e4c753315518fb5b342c353,c9cdbeea0e198c6017262056baaaf00a75d455bbcb42402169b799377d6a7760,task1_gray_hog_ppc10_v1,not_applicable,,,,macro_f1_124,0.44371274905934827,"{""macro_f1"":0.44371274905934827,""top1_accuracy"":0.7790325041965512,""top5_accuracy"":0.9256828933312986,""weighted_f1"":0.7816700019038323}",231.58142380000209,,,results/task1/classical/task1-classical-task1_gray_hog_ppc10_v1-linear-svm-c1-balanced-f0-s2753-9deaa9fd0e8a/model.pkl,b018c760ab0920e8030483b4a6519834b59fb8eb5ccb6c50ca233a47740100a8,results/task1/classical/task1-classical-task1_gray_hog_ppc10_v1-linear-svm-c1-balanced-f0-s2753-9deaa9fd0e8a/predictions.csv,4f8f9d5e7593f0bbba6a73c4a977c24a48fb8dafe3d8494a8ef9ac5a53479e16,,,completed,,,2026-09-02T14:49:14Z,2026-09-02T14:53:05Z,"{""cuda_available"":true,""cuda_runtime"":""13.0"",""cudnn_version"":92000,""executable"":""C:\\Users\\Khoa\\Documents\\MLA2\\.venv\\Scripts\\python.exe"",""gpu"":{""capability"":[7,5],""name"":""NVIDIA GeForce RTX 2070 SUPER"",""total_memory_bytes"":8589606912},""logical_cpu_count"":12,""packages"":{""numpy"":""2.5.2"",""pandas"":""3.0.5"",""pillow"":""12.3.0"",""scikit-image"":""0.26.0"",""scikit-learn"":""1.9.0"",""torch"":""2.12.1+cu130"",""torchvision"":null},""physical_cpu_count"":6,""platform"":""Windows-11-10.0.26200-SP0"",""processor"":""Intel64 Family 6 Model 165 Stepping 3, GenuineIntel"",""python"":""3.12.10"",""python_implementation"":""CPython"",""total_ram_bytes"":17084026880}"
task1-classical-task1_gray_hog_ppc10_v1-linear-svm-c10-normal-f0-s2753-5e2ca32a5683,task1,experiment,task1-classical-task1_gray_hog_ppc10_v1-linear-svm-c10-normal,task1_hog_linear_svm_v1,false,true,true,0,2753,3a3dd74a1eb97b674d6594730fa7918e92aede1f,true,d025fe6b6bd27bb44460e7554e7c662e31eca2bc0e1404431b6bd6dcce21f40d,d76a49c6dc7999b4f286e94838a92c603d68c4f66179fde081028948f6a187db,88d32ad9a4509292b339baedbe7f21f3161ee0e25e4c753315518fb5b342c353,c9cdbeea0e198c6017262056baaaf00a75d455bbcb42402169b799377d6a7760,task1_gray_hog_ppc10_v1,not_applicable,,,,macro_f1_124,0.4189723590105194,"{""macro_f1"":0.4189723590105194,""top1_accuracy"":0.7697237906302457,""top5_accuracy"":0.9023348084846635,""weighted_f1"":0.7650440699437338}",873.3457416999954,,,results/task1/classical/task1-classical-task1_gray_hog_ppc10_v1-linear-svm-c10-normal-f0-s2753-5e2ca32a5683/model.pkl,29c58b6282cbba70f4e2dfa96812ec7bb36817c2e3c6aecac55f66446ad1bd6a,results/task1/classical/task1-classical-task1_gray_hog_ppc10_v1-linear-svm-c10-normal-f0-s2753-5e2ca32a5683/predictions.csv,94766c1e09c737446c253b12291e3bb8c98a310cbee47ec06b2d8827eecb5962,,,completed,,,2026-09-02T14:53:06Z,2026-09-02T15:07:40Z,"{""cuda_available"":true,""cuda_runtime"":""13.0"",""cudnn_version"":92000,""executable"":""C:\\Users\\Khoa\\Documents\\MLA2\\.venv\\Scripts\\python.exe"",""gpu"":{""capability"":[7,5],""name"":""NVIDIA GeForce RTX 2070 SUPER"",""total_memory_bytes"":8589606912},""logical_cpu_count"":12,""packages"":{""numpy"":""2.5.2"",""pandas"":""3.0.5"",""pillow"":""12.3.0"",""scikit-image"":""0.26.0"",""scikit-learn"":""1.9.0"",""torch"":""2.12.1+cu130"",""torchvision"":null},""physical_cpu_count"":6,""platform"":""Windows-11-10.0.26200-SP0"",""processor"":""Intel64 Family 6 Model 165 Stepping 3, GenuineIntel"",""python"":""3.12.10"",""python_implementation"":""CPython"",""total_ram_bytes"":17084026880}"
task1-classical-task1_gray_hog_ppc10_v1-linear-svm-c10-balanced-f0-s2753-47338f18bdf9,task1,experiment,task1-classical-task1_gray_hog_ppc10_v1-linear-svm-c10-balanced,task1_hog_linear_svm_v1,false,true,true,0,2753,3a3dd74a1eb97b674d6594730fa7918e92aede1f,true,78cb771ff14f7fcceca1d8898865b33d967313f7af9a24ca08f45cf84336d3db,d76a49c6dc7999b4f286e94838a92c603d68c4f66179fde081028948f6a187db,88d32ad9a4509292b339baedbe7f21f3161ee0e25e4c753315518fb5b342c353,c9cdbeea0e198c6017262056baaaf00a75d455bbcb42402169b799377d6a7760,task1_gray_hog_ppc10_v1,not_applicable,,,,macro_f1_124,0.4179081295395396,"{""macro_f1"":0.4179081295395396,""top1_accuracy"":0.757820845414314,""top5_accuracy"":0.8945521135357851,""weighted_f1"":0.7620916726461511}",1438.5662770000054,,,results/task1/classical/task1-classical-task1_gray_hog_ppc10_v1-linear-svm-c10-balanced-f0-s2753-47338f18bdf9/model.pkl,bb01ce996555c11ac0ed0d39ac030935fd1c3a6f5fc50e3b149e0f48212a0ef9,results/task1/classical/task1-classical-task1_gray_hog_ppc10_v1-linear-svm-c10-balanced-f0-s2753-47338f18bdf9/predictions.csv,3896be7ea3aedc658fa1a75552960a513a5ec6a7ecdf1f283c129353f4b903fa,,,completed,,,2026-09-02T15:07:40Z,2026-09-02T15:31:39Z,"{""cuda_available"":true,""cuda_runtime"":""13.0"",""cudnn_version"":92000,""executable"":""C:\\Users\\Khoa\\Documents\\MLA2\\.venv\\Scripts\\python.exe"",""gpu"":{""capability"":[7,5],""name"":""NVIDIA GeForce RTX 2070 SUPER"",""total_memory_bytes"":8589606912},""logical_cpu_count"":12,""packages"":{""numpy"":""2.5.2"",""pandas"":""3.0.5"",""pillow"":""12.3.0"",""scikit-image"":""0.26.0"",""scikit-learn"":""1.9.0"",""torch"":""2.12.1+cu130"",""torchvision"":null},""physical_cpu_count"":6,""platform"":""Windows-11-10.0.26200-SP0"",""processor"":""Intel64 Family 6 Model 165 Stepping 3, GenuineIntel"",""python"":""3.12.10"",""python_implementation"":""CPython"",""total_ram_bytes"":17084026880}"
task1-classical-task1_gray_hog_ppc10_v1-knn-k3-distance-f1-s2753-8e4becf844d3,task1,experiment,task1-classical-task1_gray_hog_ppc10_v1-knn-k3-distance,task1_hog_knn_v1,false,true,true,1,2753,3a3dd74a1eb97b674d6594730fa7918e92aede1f,true,12f5a783ec020a71cc764f2614e1ad6e78a87370e3448ad5449623c0be1189fd,d76a49c6dc7999b4f286e94838a92c603d68c4f66179fde081028948f6a187db,88d32ad9a4509292b339baedbe7f21f3161ee0e25e4c753315518fb5b342c353,c9cdbeea0e198c6017262056baaaf00a75d455bbcb42402169b799377d6a7760,task1_gray_hog_ppc10_v1,not_applicable,,,,macro_f1_124,0.4969200228827351,"{""macro_f1"":0.4969200228827351,""top1_accuracy"":0.7914887126296523,""top5_accuracy"":0.8984136668700428,""weighted_f1"":0.7823126811336962}",4.559347800000978,,,results/task1/classical/task1-classical-task1_gray_hog_ppc10_v1-knn-k3-distance-f1-s2753-8e4becf844d3/model.pkl,630a99e8c5ea91d630299835cd9bbbfa2041af861bbf51ff122a50e156152d12,results/task1/classical/task1-classical-task1_gray_hog_ppc10_v1-knn-k3-distance-f1-s2753-8e4becf844d3/predictions.csv,9ce87deeee32c2f8a252d60cb5108d5d606cebb166f942deb3cce6fb34fffc79,,,completed,,,2026-09-02T15:52:16Z,2026-09-02T15:52:21Z,"{""cuda_available"":true,""cuda_runtime"":""13.0"",""cudnn_version"":92000,""executable"":""C:\\Users\\Khoa\\Documents\\MLA2\\.venv\\Scripts\\python.exe"",""gpu"":{""capability"":[7,5],""name"":""NVIDIA GeForce RTX 2070 SUPER"",""total_memory_bytes"":8589606912},""logical_cpu_count"":12,""packages"":{""numpy"":""2.5.2"",""pandas"":""3.0.5"",""pillow"":""12.3.0"",""scikit-image"":""0.26.0"",""scikit-learn"":""1.9.0"",""torch"":""2.12.1+cu130"",""torchvision"":null},""physical_cpu_count"":6,""platform"":""Windows-11-10.0.26200-SP0"",""processor"":""Intel64 Family 6 Model 165 Stepping 3, GenuineIntel"",""python"":""3.12.10"",""python_implementation"":""CPython"",""total_ram_bytes"":17084026880}"
task1-classical-task1_gray_hog_ppc10_v1-knn-k3-distance-f2-s2753-909aa6366e74,task1,experiment,task1-classical-task1_gray_hog_ppc10_v1-knn-k3-distance,task1_hog_knn_v1,false,true,true,2,2753,3a3dd74a1eb97b674d6594730fa7918e92aede1f,true,610ae6cca555c1f003dec02d5ab36a43cb9fde2d632bcfec956a4187f25d4d24,d76a49c6dc7999b4f286e94838a92c603d68c4f66179fde081028948f6a187db,88d32ad9a4509292b339baedbe7f21f3161ee0e25e4c753315518fb5b342c353,c9cdbeea0e198c6017262056baaaf00a75d455bbcb42402169b799377d6a7760,task1_gray_hog_ppc10_v1,not_applicable,,,,macro_f1_124,0.49626970509129137,"{""macro_f1"":0.49626970509129137,""top1_accuracy"":0.790325041965512,""top5_accuracy"":0.891957881886159,""weighted_f1"":0.7803327817950452}",4.969666599994525,,,results/task1/classical/task1-classical-task1_gray_hog_ppc10_v1-knn-k3-distance-f2-s2753-909aa6366e74/model.pkl,55156dd3b01c12e5c677e4a4685bc5c8c2d213d2065d36a199d3bd20b5acd48d,results/task1/classical/task1-classical-task1_gray_hog_ppc10_v1-knn-k3-distance-f2-s2753-909aa6366e74/predictions.csv,7f8abbd76972e612f877e04eabae047ff968bac1b78993ba472ba27a05f7b7f4,,,completed,,,2026-09-02T15:52:22Z,2026-09-02T15:52:27Z,"{""cuda_available"":true,""cuda_runtime"":""13.0"",""cudnn_version"":92000,""executable"":""C:\\Users\\Khoa\\Documents\\MLA2\\.venv\\Scripts\\python.exe"",""gpu"":{""capability"":[7,5],""name"":""NVIDIA GeForce RTX 2070 SUPER"",""total_memory_bytes"":8589606912},""logical_cpu_count"":12,""packages"":{""numpy"":""2.5.2"",""pandas"":""3.0.5"",""pillow"":""12.3.0"",""scikit-image"":""0.26.0"",""scikit-learn"":""1.9.0"",""torch"":""2.12.1+cu130"",""torchvision"":null},""physical_cpu_count"":6,""platform"":""Windows-11-10.0.26200-SP0"",""processor"":""Intel64 Family 6 Model 165 Stepping 3, GenuineIntel"",""python"":""3.12.10"",""python_implementation"":""CPython"",""total_ram_bytes"":17084026880}"
task1-classical-task1_gray_hog_ppc10_v1-knn-k3-distance-f3-s2753-1af447897bf5,task1,experiment,task1-classical-task1_gray_hog_ppc10_v1-knn-k3-distance,task1_hog_knn_v1,false,true,true,3,2753,3a3dd74a1eb97b674d6594730fa7918e92aede1f,true,9f54566d25254158e9f539dc48d653f81c10f47898bcb5c08b4e2a7bb361eb96,d76a49c6dc7999b4f286e94838a92c603d68c4f66179fde081028948f6a187db,88d32ad9a4509292b339baedbe7f21f3161ee0e25e4c753315518fb5b342c353,c9cdbeea0e198c6017262056baaaf00a75d455bbcb42402169b799377d6a7760,task1_gray_hog_ppc10_v1,not_applicable,,,,macro_f1_124,0.5025767000297232,"{""macro_f1"":0.5025767000297232,""top1_accuracy"":0.7955447055233446,""top5_accuracy"":0.8992981385413488,""weighted_f1"":0.7867988349769192}",5.161486400000285,,,results/task1/classical/task1-classical-task1_gray_hog_ppc10_v1-knn-k3-distance-f3-s2753-1af447897bf5/model.pkl,78fb1d518b1aa8dbec1bffa593122fe1f234e10ce88ba1a7c0d6dad15cd362a6,results/task1/classical/task1-classical-task1_gray_hog_ppc10_v1-knn-k3-distance-f3-s2753-1af447897bf5/predictions.csv,9f3c52cdcd5e8f2f9eee2b1cbe188f5125b6e84db0ac32beb715f53d7699b1a9,,,completed,,,2026-09-02T15:52:27Z,2026-09-02T15:52:33Z,"{""cuda_available"":true,""cuda_runtime"":""13.0"",""cudnn_version"":92000,""executable"":""C:\\Users\\Khoa\\Documents\\MLA2\\.venv\\Scripts\\python.exe"",""gpu"":{""capability"":[7,5],""name"":""NVIDIA GeForce RTX 2070 SUPER"",""total_memory_bytes"":8589606912},""logical_cpu_count"":12,""packages"":{""numpy"":""2.5.2"",""pandas"":""3.0.5"",""pillow"":""12.3.0"",""scikit-image"":""0.26.0"",""scikit-learn"":""1.9.0"",""torch"":""2.12.1+cu130"",""torchvision"":null},""physical_cpu_count"":6,""platform"":""Windows-11-10.0.26200-SP0"",""processor"":""Intel64 Family 6 Model 165 Stepping 3, GenuineIntel"",""python"":""3.12.10"",""python_implementation"":""CPython"",""total_ram_bytes"":17084026880}"
task1-classical-task1_gray_hog_ppc10_v1-knn-k3-distance-f4-s2753-a1d500a7cca0,task1,experiment,task1-classical-task1_gray_hog_ppc10_v1-knn-k3-distance,task1_hog_knn_v1,false,true,true,4,2753,3a3dd74a1eb97b674d6594730fa7918e92aede1f,true,2d83ffade1e00abaf5c3c52afd20c0611c7df48ff523a73169622ce7bc67a3f1,d76a49c6dc7999b4f286e94838a92c603d68c4f66179fde081028948f6a187db,88d32ad9a4509292b339baedbe7f21f3161ee0e25e4c753315518fb5b342c353,c9cdbeea0e198c6017262056baaaf00a75d455bbcb42402169b799377d6a7760,task1_gray_hog_ppc10_v1,not_applicable,,,,macro_f1_124,0.5259952537674246,"{""macro_f1"":0.5259952537674246,""top1_accuracy"":0.8018911087387525,""top5_accuracy"":0.896141528137868,""weighted_f1"":0.7915494294179626}",4.657756900000095,,,results/task1/classical/task1-classical-task1_gray_hog_ppc10_v1-knn-k3-distance-f4-s2753-a1d500a7cca0/model.pkl,d57cdafc88b0c38f6f3d2fd8d2987216994f2515ac2a76a69eff37516438a1b4,results/task1/classical/task1-classical-task1_gray_hog_ppc10_v1-knn-k3-distance-f4-s2753-a1d500a7cca0/predictions.csv,8e556788a8cdb2167e093f7f6a15bb59d975e93c4832a0b8eb41d9147d60e92a,,,completed,,,2026-09-02T15:52:33Z,2026-09-02T15:52:38Z,"{""cuda_available"":true,""cuda_runtime"":""13.0"",""cudnn_version"":92000,""executable"":""C:\\Users\\Khoa\\Documents\\MLA2\\.venv\\Scripts\\python.exe"",""gpu"":{""capability"":[7,5],""name"":""NVIDIA GeForce RTX 2070 SUPER"",""total_memory_bytes"":8589606912},""logical_cpu_count"":12,""packages"":{""numpy"":""2.5.2"",""pandas"":""3.0.5"",""pillow"":""12.3.0"",""scikit-image"":""0.26.0"",""scikit-learn"":""1.9.0"",""torch"":""2.12.1+cu130"",""torchvision"":null},""physical_cpu_count"":6,""platform"":""Windows-11-10.0.26200-SP0"",""processor"":""Intel64 Family 6 Model 165 Stepping 3, GenuineIntel"",""python"":""3.12.10"",""python_implementation"":""CPython"",""total_ram_bytes"":17084026880}"
task1-classical-task1_gray_hog_ppc10_v1-linear-svm-c0-1-balanced-f1-s2753-986fb4e276d7,task1,experiment,task1-classical-task1_gray_hog_ppc10_v1-linear-svm-c0.1-balanced,task1_hog_linear_svm_v1,false,true,true,1,2753,3a3dd74a1eb97b674d6594730fa7918e92aede1f,true,678e2b6f4c5e61e6b626877643ddec3680798314f0e789cd646f8ceee761893b,d76a49c6dc7999b4f286e94838a92c603d68c4f66179fde081028948f6a187db,88d32ad9a4509292b339baedbe7f21f3161ee0e25e4c753315518fb5b342c353,c9cdbeea0e198c6017262056baaaf00a75d455bbcb42402169b799377d6a7760,task1_gray_hog_ppc10_v1,not_applicable,,,,macro_f1_124,0.5022508298736166,"{""macro_f1"":0.5022508298736166,""top1_accuracy"":0.7791336180597925,""top5_accuracy"":0.9438682123245882,""weighted_f1"":0.7846863594197945}",115.16340279999713,,,results/task1/classical/task1-classical-task1_gray_hog_ppc10_v1-linear-svm-c0-1-balanced-f1-s2753-986fb4e276d7/model.pkl,9871aa1873cd0d83213d25ba23c5d4f0a9db5544c879d8629fcebef6b0387c29,results/task1/classical/task1-classical-task1_gray_hog_ppc10_v1-linear-svm-c0-1-balanced-f1-s2753-986fb4e276d7/predictions.csv,fcd002ce7e2902d0c5a66b7e92d74f41fafc3cbe7664e488d90909c504ee973c,,,completed,,,2026-09-02T15:52:39Z,2026-09-02T15:54:35Z,"{""cuda_available"":true,""cuda_runtime"":""13.0"",""cudnn_version"":92000,""executable"":""C:\\Users\\Khoa\\Documents\\MLA2\\.venv\\Scripts\\python.exe"",""gpu"":{""capability"":[7,5],""name"":""NVIDIA GeForce RTX 2070 SUPER"",""total_memory_bytes"":8589606912},""logical_cpu_count"":12,""packages"":{""numpy"":""2.5.2"",""pandas"":""3.0.5"",""pillow"":""12.3.0"",""scikit-image"":""0.26.0"",""scikit-learn"":""1.9.0"",""torch"":""2.12.1+cu130"",""torchvision"":null},""physical_cpu_count"":6,""platform"":""Windows-11-10.0.26200-SP0"",""processor"":""Intel64 Family 6 Model 165 Stepping 3, GenuineIntel"",""python"":""3.12.10"",""python_implementation"":""CPython"",""total_ram_bytes"":17084026880}"
task1-classical-task1_gray_hog_ppc10_v1-linear-svm-c0-1-balanced-f2-s2753-503f56d068c4,task1,experiment,task1-classical-task1_gray_hog_ppc10_v1-linear-svm-c0.1-balanced,task1_hog_linear_svm_v1,false,true,true,2,2753,3a3dd74a1eb97b674d6594730fa7918e92aede1f,true,83eb807ea11dd6400e07e80b90939e5f9fa5c239b7c78f20e2020856ead29259,d76a49c6dc7999b4f286e94838a92c603d68c4f66179fde081028948f6a187db,88d32ad9a4509292b339baedbe7f21f3161ee0e25e4c753315518fb5b342c353,c9cdbeea0e198c6017262056baaaf00a75d455bbcb42402169b799377d6a7760,task1_gray_hog_ppc10_v1,not_applicable,,,,macro_f1_124,0.5005426673200413,"{""macro_f1"":0.5005426673200413,""top1_accuracy"":0.7691133831832748,""top5_accuracy"":0.9385014497176866,""weighted_f1"":0.7720626455298545}",114.64606339999591,,,results/task1/classical/task1-classical-task1_gray_hog_ppc10_v1-linear-svm-c0-1-balanced-f2-s2753-503f56d068c4/model.pkl,e34920571c2bd8e38d5207a4ab74d2afd97da351c4638ad348c08c2ada732a56,results/task1/classical/task1-classical-task1_gray_hog_ppc10_v1-linear-svm-c0-1-balanced-f2-s2753-503f56d068c4/predictions.csv,700c431c481941d9851eb26e01f54d9c38fe7126b71009ded7d4f37d83b1a44f,,,completed,,,2026-09-02T15:54:35Z,2026-09-02T15:56:30Z,"{""cuda_available"":true,""cuda_runtime"":""13.0"",""cudnn_version"":92000,""executable"":""C:\\Users\\Khoa\\Documents\\MLA2\\.venv\\Scripts\\python.exe"",""gpu"":{""capability"":[7,5],""name"":""NVIDIA GeForce RTX 2070 SUPER"",""total_memory_bytes"":8589606912},""logical_cpu_count"":12,""packages"":{""numpy"":""2.5.2"",""pandas"":""3.0.5"",""pillow"":""12.3.0"",""scikit-image"":""0.26.0"",""scikit-learn"":""1.9.0"",""torch"":""2.12.1+cu130"",""torchvision"":null},""physical_cpu_count"":6,""platform"":""Windows-11-10.0.26200-SP0"",""processor"":""Intel64 Family 6 Model 165 Stepping 3, GenuineIntel"",""python"":""3.12.10"",""python_implementation"":""CPython"",""total_ram_bytes"":17084026880}"
task1-classical-task1_gray_hog_ppc10_v1-linear-svm-c0-1-balanced-f3-s2753-0cb9f2d4a639,task1,experiment,task1-classical-task1_gray_hog_ppc10_v1-linear-svm-c0.1-balanced,task1_hog_linear_svm_v1,false,true,true,3,2753,3a3dd74a1eb97b674d6594730fa7918e92aede1f,true,5a2a8841d6c5b1ca8ef558b70ed63ca4ba4e834868a88687bfd552b3374e0926,d76a49c6dc7999b4f286e94838a92c603d68c4f66179fde081028948f6a187db,88d32ad9a4509292b339baedbe7f21f3161ee0e25e4c753315518fb5b342c353,c9cdbeea0e198c6017262056baaaf00a75d455bbcb42402169b799377d6a7760,task1_gray_hog_ppc10_v1,not_applicable,,,,macro_f1_124,0.48345037195292906,"{""macro_f1"":0.48345037195292906,""top1_accuracy"":0.7813548977723528,""top5_accuracy"":0.9488861763808362,""weighted_f1"":0.7852989090695094}",114.99988840000151,,,results/task1/classical/task1-classical-task1_gray_hog_ppc10_v1-linear-svm-c0-1-balanced-f3-s2753-0cb9f2d4a639/model.pkl,706744cbe32bfeaf17153993602991855f601b30139345bc82e3bbc2884a26d9,results/task1/classical/task1-classical-task1_gray_hog_ppc10_v1-linear-svm-c0-1-balanced-f3-s2753-0cb9f2d4a639/predictions.csv,b5c6cf1846a479f4093a8b980d077978e30f500050e5ca25075350a3fd8572d0,,,completed,,,2026-09-02T15:56:31Z,2026-09-02T15:58:26Z,"{""cuda_available"":true,""cuda_runtime"":""13.0"",""cudnn_version"":92000,""executable"":""C:\\Users\\Khoa\\Documents\\MLA2\\.venv\\Scripts\\python.exe"",""gpu"":{""capability"":[7,5],""name"":""NVIDIA GeForce RTX 2070 SUPER"",""total_memory_bytes"":8589606912},""logical_cpu_count"":12,""packages"":{""numpy"":""2.5.2"",""pandas"":""3.0.5"",""pillow"":""12.3.0"",""scikit-image"":""0.26.0"",""scikit-learn"":""1.9.0"",""torch"":""2.12.1+cu130"",""torchvision"":null},""physical_cpu_count"":6,""platform"":""Windows-11-10.0.26200-SP0"",""processor"":""Intel64 Family 6 Model 165 Stepping 3, GenuineIntel"",""python"":""3.12.10"",""python_implementation"":""CPython"",""total_ram_bytes"":17084026880}"
task1-classical-task1_gray_hog_ppc10_v1-linear-svm-c0-1-balanced-f4-s2753-b60d15185fe8,task1,experiment,task1-classical-task1_gray_hog_ppc10_v1-linear-svm-c0.1-balanced,task1_hog_linear_svm_v1,false,true,true,4,2753,3a3dd74a1eb97b674d6594730fa7918e92aede1f,true,aa09c1a4dee9a134c723ae4c56b6961d519e48285e465aa7a9b5fc82cd4b7268,d76a49c6dc7999b4f286e94838a92c603d68c4f66179fde081028948f6a187db,88d32ad9a4509292b339baedbe7f21f3161ee0e25e4c753315518fb5b342c353,c9cdbeea0e198c6017262056baaaf00a75d455bbcb42402169b799377d6a7760,task1_gray_hog_ppc10_v1,not_applicable,,,,macro_f1_124,0.4956657282912734,"{""macro_f1"":0.4956657282912734,""top1_accuracy"":0.7745920390422449,""top5_accuracy"":0.945401860606985,""weighted_f1"":0.7770080619570074}",114.02143629999773,,,results/task1/classical/task1-classical-task1_gray_hog_ppc10_v1-linear-svm-c0-1-balanced-f4-s2753-b60d15185fe8/model.pkl,f4616ef50ba44e6b07e28bde3c1fc616f07824b9dda969fe5d955ab13df6bb10,results/task1/classical/task1-classical-task1_gray_hog_ppc10_v1-linear-svm-c0-1-balanced-f4-s2753-b60d15185fe8/predictions.csv,b03df6a7f6e0b4ec4653d84e3b03ed1f02de44f8a9db3b38f30eb176b96fe9dd,,,completed,,,2026-09-02T15:58:26Z,2026-09-02T16:00:21Z,"{""cuda_available"":true,""cuda_runtime"":""13.0"",""cudnn_version"":92000,""executable"":""C:\\Users\\Khoa\\Documents\\MLA2\\.venv\\Scripts\\python.exe"",""gpu"":{""capability"":[7,5],""name"":""NVIDIA GeForce RTX 2070 SUPER"",""total_memory_bytes"":8589606912},""logical_cpu_count"":12,""packages"":{""numpy"":""2.5.2"",""pandas"":""3.0.5"",""pillow"":""12.3.0"",""scikit-image"":""0.26.0"",""scikit-learn"":""1.9.0"",""torch"":""2.12.1+cu130"",""torchvision"":null},""physical_cpu_count"":6,""platform"":""Windows-11-10.0.26200-SP0"",""processor"":""Intel64 Family 6 Model 165 Stepping 3, GenuineIntel"",""python"":""3.12.10"",""python_implementation"":""CPython"",""total_ram_bytes"":17084026880}"
task1-cnn-task1_rgb_60x80_no_aug_v1-f0-s2753-164358f4c91f,task1,experiment,task1-cnn-task1_rgb_60x80_no_aug_v1,task1_small_cnn_v1,false,true,true,0,2753,3a3dd74a1eb97b674d6594730fa7918e92aede1f,true,2f9f55ee2f4581bbf8df44b67a85ab77129f80d5b02930161ca9c7d752c5bd88,d76a49c6dc7999b4f286e94838a92c603d68c4f66179fde081028948f6a187db,88d32ad9a4509292b339baedbe7f21f3161ee0e25e4c753315518fb5b342c353,c3b2d61de4bc01e141992db336308473e0976376314a3263cff993bbca92b034,task1_rgb_60x80_no_aug_v1,cross_entropy_unweighted_v1,20,20,20,macro_f1_124,0.4980518959235437,"{""macro_f1"":0.4980518959235437,""top1_accuracy"":0.8377842209674958,""top5_accuracy"":0.9778727300473066,""validation_loss"":1.0721256314561918,""weighted_f1"":0.8345387860434922}",892.0669398000027,1011.71484375,475516,results/task1/task1-cnn-task1_rgb_60x80_no_aug_v1-f0-s2753-164358f4c91f/checkpoint.pt,2832a1a16aea71a226b08f3257e79c3c756fb8d41ca99201153d014c7a28bfa0,results/task1/task1-cnn-task1_rgb_60x80_no_aug_v1-f0-s2753-164358f4c91f/predictions.csv,3b07ae9820da5109ad09fa25dfe069ee09b4dc360f328185c19845e01a0af16d,results/task1/task1-cnn-task1_rgb_60x80_no_aug_v1-f0-s2753-164358f4c91f/history.csv,9e31ffde9afaaeeffd40b7a1967d3bc0fc514f73e0fd4dcd4b509772f458f8ef,completed,,,2026-09-02T16:06:08Z,2026-09-02T16:21:00Z,"{""cuda_available"":true,""cuda_runtime"":""13.0"",""cudnn_version"":92000,""executable"":""C:\\Users\\Khoa\\Documents\\MLA2\\.venv\\Scripts\\python.exe"",""gpu"":{""capability"":[7,5],""name"":""NVIDIA GeForce RTX 2070 SUPER"",""total_memory_bytes"":8589606912},""logical_cpu_count"":12,""packages"":{""numpy"":""2.5.2"",""pandas"":""3.0.5"",""pillow"":""12.3.0"",""scikit-image"":""0.26.0"",""scikit-learn"":""1.9.0"",""torch"":""2.12.1+cu130"",""torchvision"":null},""physical_cpu_count"":6,""platform"":""Windows-11-10.0.26200-SP0"",""processor"":""Intel64 Family 6 Model 165 Stepping 3, GenuineIntel"",""python"":""3.12.10"",""python_implementation"":""CPython"",""total_ram_bytes"":17084026880}"
task1-cnn-task1_rgb_60x80_no_aug_v1-f1-s2753-0712d920b2d1,task1,experiment,task1-cnn-task1_rgb_60x80_no_aug_v1,task1_small_cnn_v1,false,true,true,1,2753,3a3dd74a1eb97b674d6594730fa7918e92aede1f,true,cb379452959260d7f23ba7e1da4e15ddd40c7aa713b8368ecb1479332aae2d26,d76a49c6dc7999b4f286e94838a92c603d68c4f66179fde081028948f6a187db,88d32ad9a4509292b339baedbe7f21f3161ee0e25e4c753315518fb5b342c353,c3b2d61de4bc01e141992db336308473e0976376314a3263cff993bbca92b034,task1_rgb_60x80_no_aug_v1,cross_entropy_unweighted_v1,20,20,19,macro_f1_124,0.5188850351607674,"{""macro_f1"":0.5188850351607674,""top1_accuracy"":0.8479255643685174,""top5_accuracy"":0.9789505796217206,""validation_loss"":1.0597381717883623,""weighted_f1"":0.8441094848650912}",892.248537200001,1011.71484375,475516,results/task1/task1-cnn-task1_rgb_60x80_no_aug_v1-f1-s2753-0712d920b2d1/checkpoint.pt,d8cc81bb32cdc959212b13eb70dba31df8762e8a77c7f85494b3b70fefc20277,results/task1/task1-cnn-task1_rgb_60x80_no_aug_v1-f1-s2753-0712d920b2d1/predictions.csv,3c3c2904c598fdadfc35ca997637bc400c8f4e084213d677979eb337084bc168,results/task1/task1-cnn-task1_rgb_60x80_no_aug_v1-f1-s2753-0712d920b2d1/history.csv,e620be8d9dc41b5fc1d486be8f3eeb5d0b9e2ae0759856a331a4c345fe7b98cf,completed,,,2026-09-02T16:21:01Z,2026-09-02T16:35:53Z,"{""cuda_available"":true,""cuda_runtime"":""13.0"",""cudnn_version"":92000,""executable"":""C:\\Users\\Khoa\\Documents\\MLA2\\.venv\\Scripts\\python.exe"",""gpu"":{""capability"":[7,5],""name"":""NVIDIA GeForce RTX 2070 SUPER"",""total_memory_bytes"":8589606912},""logical_cpu_count"":12,""packages"":{""numpy"":""2.5.2"",""pandas"":""3.0.5"",""pillow"":""12.3.0"",""scikit-image"":""0.26.0"",""scikit-learn"":""1.9.0"",""torch"":""2.12.1+cu130"",""torchvision"":null},""physical_cpu_count"":6,""platform"":""Windows-11-10.0.26200-SP0"",""processor"":""Intel64 Family 6 Model 165 Stepping 3, GenuineIntel"",""python"":""3.12.10"",""python_implementation"":""CPython"",""total_ram_bytes"":17084026880}"
task1-cnn-task1_rgb_60x80_no_aug_v1-f2-s2753-32bbaafeb0ec,task1,experiment,task1-cnn-task1_rgb_60x80_no_aug_v1,task1_small_cnn_v1,false,true,true,2,2753,3a3dd74a1eb97b674d6594730fa7918e92aede1f,true,f8b53073d414e0f124e1c7161af42a63c6fd550ae6ca064ba92e2abd45fab9c2,d76a49c6dc7999b4f286e94838a92c603d68c4f66179fde081028948f6a187db,88d32ad9a4509292b339baedbe7f21f3161ee0e25e4c753315518fb5b342c353,c3b2d61de4bc01e141992db336308473e0976376314a3263cff993bbca92b034,task1_rgb_60x80_no_aug_v1,cross_entropy_unweighted_v1,20,20,15,macro_f1_124,0.5064811124093205,"{""macro_f1"":0.5064811124093205,""top1_accuracy"":0.830764535327331,""top5_accuracy"":0.972836868609797,""validation_loss"":0.9373800427867816,""weighted_f1"":0.8238777871039669}",891.7614562000017,1011.71484375,475516,results/task1/task1-cnn-task1_rgb_60x80_no_aug_v1-f2-s2753-32bbaafeb0ec/checkpoint.pt,55c0d6230e19cac1b8013cf3eae66a0206f8af1fcced106602a4969bfea508a9,results/task1/task1-cnn-task1_rgb_60x80_no_aug_v1-f2-s2753-32bbaafeb0ec/predictions.csv,f4c92d62b8997471c01325213987177b3cf1ff0b141bb0bc0e4d8e1f32488a6b,results/task1/task1-cnn-task1_rgb_60x80_no_aug_v1-f2-s2753-32bbaafeb0ec/history.csv,8c163dd139a3866efdcdfb34ded319ee5aca6c68b54e618adc74ce33aa3e2b19,completed,,,2026-09-02T16:35:54Z,2026-09-02T16:50:45Z,"{""cuda_available"":true,""cuda_runtime"":""13.0"",""cudnn_version"":92000,""executable"":""C:\\Users\\Khoa\\Documents\\MLA2\\.venv\\Scripts\\python.exe"",""gpu"":{""capability"":[7,5],""name"":""NVIDIA GeForce RTX 2070 SUPER"",""total_memory_bytes"":8589606912},""logical_cpu_count"":12,""packages"":{""numpy"":""2.5.2"",""pandas"":""3.0.5"",""pillow"":""12.3.0"",""scikit-image"":""0.26.0"",""scikit-learn"":""1.9.0"",""torch"":""2.12.1+cu130"",""torchvision"":null},""physical_cpu_count"":6,""platform"":""Windows-11-10.0.26200-SP0"",""processor"":""Intel64 Family 6 Model 165 Stepping 3, GenuineIntel"",""python"":""3.12.10"",""python_implementation"":""CPython"",""total_ram_bytes"":17084026880}"
task1-cnn-task1_rgb_60x80_no_aug_v1-f3-s2753-48a21a15a0e1,task1,experiment,task1-cnn-task1_rgb_60x80_no_aug_v1,task1_small_cnn_v1,false,true,true,3,2753,3a3dd74a1eb97b674d6594730fa7918e92aede1f,true,889a59e2120c4f5ede45c18d0f5f938635a932c78755c69b46ace079d7affa40,d76a49c6dc7999b4f286e94838a92c603d68c4f66179fde081028948f6a187db,88d32ad9a4509292b339baedbe7f21f3161ee0e25e4c753315518fb5b342c353,c3b2d61de4bc01e141992db336308473e0976376314a3263cff993bbca92b034,task1_rgb_60x80_no_aug_v1,cross_entropy_unweighted_v1,20,20,19,macro_f1_124,0.5369938545634481,"{""macro_f1"":0.5369938545634481,""top1_accuracy"":0.84330180042722,""top5_accuracy"":0.9787915776624961,""validation_loss"":1.1684899897529528,""weighted_f1"":0.8397102884807383}",891.9062221999993,1011.71484375,475516,results/task1/task1-cnn-task1_rgb_60x80_no_aug_v1-f3-s2753-48a21a15a0e1/checkpoint.pt,d4df99df1ba5d10bacad8e7b5ecb393f195c55b004a6bb19dfe776c7906ac323,results/task1/task1-cnn-task1_rgb_60x80_no_aug_v1-f3-s2753-48a21a15a0e1/predictions.csv,76e9f51b1b6ab2af7411e3556050ac4d28b3168a520862266fe03d222f00c049,results/task1/task1-cnn-task1_rgb_60x80_no_aug_v1-f3-s2753-48a21a15a0e1/history.csv,ac8b5bf5593b8da4bfdbef2d60a588181dfc07eda5fd75b1bc0d80a7bf115d4d,completed,,,2026-09-02T16:50:46Z,2026-09-02T17:05:38Z,"{""cuda_available"":true,""cuda_runtime"":""13.0"",""cudnn_version"":92000,""executable"":""C:\\Users\\Khoa\\Documents\\MLA2\\.venv\\Scripts\\python.exe"",""gpu"":{""capability"":[7,5],""name"":""NVIDIA GeForce RTX 2070 SUPER"",""total_memory_bytes"":8589606912},""logical_cpu_count"":12,""packages"":{""numpy"":""2.5.2"",""pandas"":""3.0.5"",""pillow"":""12.3.0"",""scikit-image"":""0.26.0"",""scikit-learn"":""1.9.0"",""torch"":""2.12.1+cu130"",""torchvision"":null},""physical_cpu_count"":6,""platform"":""Windows-11-10.0.26200-SP0"",""processor"":""Intel64 Family 6 Model 165 Stepping 3, GenuineIntel"",""python"":""3.12.10"",""python_implementation"":""CPython"",""total_ram_bytes"":17084026880}"
task1-cnn-task1_rgb_60x80_no_aug_v1-f4-s2753-3aecf99fff96,task1,experiment,task1-cnn-task1_rgb_60x80_no_aug_v1,task1_small_cnn_v1,false,true,true,4,2753,3a3dd74a1eb97b674d6594730fa7918e92aede1f,true,89e349babd5a8c4a9aabf2242f133f02843be0ead034309cf1d9188f7949e892,d76a49c6dc7999b4f286e94838a92c603d68c4f66179fde081028948f6a187db,88d32ad9a4509292b339baedbe7f21f3161ee0e25e4c753315518fb5b342c353,c3b2d61de4bc01e141992db336308473e0976376314a3263cff993bbca92b034,task1_rgb_60x80_no_aug_v1,cross_entropy_unweighted_v1,20,20,20,macro_f1_124,0.5852399710799019,"{""macro_f1"":0.5852399710799019,""top1_accuracy"":0.8494738447460729,""top5_accuracy"":0.9807838950739668,""validation_loss"":1.1110617782060916,""weighted_f1"":0.8452540238356923}",901.7502141000004,1011.71484375,475516,results/task1/task1-cnn-task1_rgb_60x80_no_aug_v1-f4-s2753-3aecf99fff96/checkpoint.pt,0e1d03ca13fe6b3583180b8baaf93b25bebd619f921d63096bb7880fb66143a9,results/task1/task1-cnn-task1_rgb_60x80_no_aug_v1-f4-s2753-3aecf99fff96/predictions.csv,37fdece998570d5b11f43c1769e39ee37e1d1738f7b6ed2deb0d08337ef66d6b,results/task1/task1-cnn-task1_rgb_60x80_no_aug_v1-f4-s2753-3aecf99fff96/history.csv,470acd27413d7fcf18aefa6ace982f080e6a7e46ca5729b135bb45d4e8c0288f,completed,,,2026-09-02T17:05:39Z,2026-09-02T17:20:41Z,"{""cuda_available"":true,""cuda_runtime"":""13.0"",""cudnn_version"":92000,""executable"":""C:\\Users\\Khoa\\Documents\\MLA2\\.venv\\Scripts\\python.exe"",""gpu"":{""capability"":[7,5],""name"":""NVIDIA GeForce RTX 2070 SUPER"",""total_memory_bytes"":8589606912},""logical_cpu_count"":12,""packages"":{""numpy"":""2.5.2"",""pandas"":""3.0.5"",""pillow"":""12.3.0"",""scikit-image"":""0.26.0"",""scikit-learn"":""1.9.0"",""torch"":""2.12.1+cu130"",""torchvision"":null},""physical_cpu_count"":6,""platform"":""Windows-11-10.0.26200-SP0"",""processor"":""Intel64 Family 6 Model 165 Stepping 3, GenuineIntel"",""python"":""3.12.10"",""python_implementation"":""CPython"",""total_ram_bytes"":17084026880}"
task1-cnn-task1_rgb_60x80_mild_aug_v1-f0-s2753-2f5f7ba8f101,task1,experiment,task1-cnn-task1_rgb_60x80_mild_aug_v1,task1_small_cnn_v1,false,true,true,0,2753,3a3dd74a1eb97b674d6594730fa7918e92aede1f,true,3366194704ae258675dcc21e18d6ca86685a278bc2923f069a7111d81abb1ffa,d76a49c6dc7999b4f286e94838a92c603d68c4f66179fde081028948f6a187db,88d32ad9a4509292b339baedbe7f21f3161ee0e25e4c753315518fb5b342c353,c3b2d61de4bc01e141992db336308473e0976376314a3263cff993bbca92b034,task1_rgb_60x80_mild_aug_v1,cross_entropy_unweighted_v1,20,20,19,macro_f1_124,0.5080677908805822,"{""macro_f1"":0.5080677908805822,""top1_accuracy"":0.8408362582023501,""top5_accuracy"":0.9795513505264765,""validation_loss"":0.5818117619133912,""weighted_f1"":0.8344926205760802}",1110.188971399999,1011.71484375,475516,results/task1/task1-cnn-task1_rgb_60x80_mild_aug_v1-f0-s2753-2f5f7ba8f101/checkpoint.pt,c22f9ba9c4b0473840e4075344dc03c4ca56dbc924d397d4c5d9e5316e869f77,results/task1/task1-cnn-task1_rgb_60x80_mild_aug_v1-f0-s2753-2f5f7ba8f101/predictions.csv,5df858848d92007ad961c2f1a6ae5d753eb7d5ef88851ee5f30c9699c9fa0f5f,results/task1/task1-cnn-task1_rgb_60x80_mild_aug_v1-f0-s2753-2f5f7ba8f101/history.csv,092767af4fac991f046068e57ea5089dc18223f94c101ea6fc0544dbb1fba37d,completed,,,2026-09-02T17:20:41Z,2026-09-02T17:39:12Z,"{""cuda_available"":true,""cuda_runtime"":""13.0"",""cudnn_version"":92000,""executable"":""C:\\Users\\Khoa\\Documents\\MLA2\\.venv\\Scripts\\python.exe"",""gpu"":{""capability"":[7,5],""name"":""NVIDIA GeForce RTX 2070 SUPER"",""total_memory_bytes"":8589606912},""logical_cpu_count"":12,""packages"":{""numpy"":""2.5.2"",""pandas"":""3.0.5"",""pillow"":""12.3.0"",""scikit-image"":""0.26.0"",""scikit-learn"":""1.9.0"",""torch"":""2.12.1+cu130"",""torchvision"":null},""physical_cpu_count"":6,""platform"":""Windows-11-10.0.26200-SP0"",""processor"":""Intel64 Family 6 Model 165 Stepping 3, GenuineIntel"",""python"":""3.12.10"",""python_implementation"":""CPython"",""total_ram_bytes"":17084026880}"
task1-cnn-task1_rgb_60x80_mild_aug_v1-f1-s2753-802c360c15db,task1,experiment,task1-cnn-task1_rgb_60x80_mild_aug_v1,task1_small_cnn_v1,false,true,true,1,2753,3a3dd74a1eb97b674d6594730fa7918e92aede1f,true,fe8fa402a54b1cc4791d95c6db4e0fa3fe86bc59ff3165ab2834bff29672f4d9,d76a49c6dc7999b4f286e94838a92c603d68c4f66179fde081028948f6a187db,88d32ad9a4509292b339baedbe7f21f3161ee0e25e4c753315518fb5b342c353,c3b2d61de4bc01e141992db336308473e0976376314a3263cff993bbca92b034,task1_rgb_60x80_mild_aug_v1,cross_entropy_unweighted_v1,20,20,20,macro_f1_124,0.52163347825604,"{""macro_f1"":0.52163347825604,""top1_accuracy"":0.8486882245271506,""top5_accuracy"":0.984136668700427,""validation_loss"":0.5542900163966876,""weighted_f1"":0.8436484131529811}",1112.0950173999954,1011.71484375,475516,results/task1/task1-cnn-task1_rgb_60x80_mild_aug_v1-f1-s2753-802c360c15db/checkpoint.pt,c96c4e8bcd44dd9d478a5e363d4491fba6a2051058abf05f1f4e393fe17a3760,results/task1/task1-cnn-task1_rgb_60x80_mild_aug_v1-f1-s2753-802c360c15db/predictions.csv,24bcf28f9316d09eccdeaf2b28de7fe4194dbac420da6a29f3fa519ef7fa05d0,results/task1/task1-cnn-task1_rgb_60x80_mild_aug_v1-f1-s2753-802c360c15db/history.csv,22b46e9c8bb878caf47c29d625628ebd9acced9413a53a2ddda46308a240af4b,completed,,,2026-09-02T17:39:12Z,2026-09-02T17:57:45Z,"{""cuda_available"":true,""cuda_runtime"":""13.0"",""cudnn_version"":92000,""executable"":""C:\\Users\\Khoa\\Documents\\MLA2\\.venv\\Scripts\\python.exe"",""gpu"":{""capability"":[7,5],""name"":""NVIDIA GeForce RTX 2070 SUPER"",""total_memory_bytes"":8589606912},""logical_cpu_count"":12,""packages"":{""numpy"":""2.5.2"",""pandas"":""3.0.5"",""pillow"":""12.3.0"",""scikit-image"":""0.26.0"",""scikit-learn"":""1.9.0"",""torch"":""2.12.1+cu130"",""torchvision"":null},""physical_cpu_count"":6,""platform"":""Windows-11-10.0.26200-SP0"",""processor"":""Intel64 Family 6 Model 165 Stepping 3, GenuineIntel"",""python"":""3.12.10"",""python_implementation"":""CPython"",""total_ram_bytes"":17084026880}"
task1-cnn-task1_rgb_60x80_mild_aug_v1-f2-s2753-78f1bd57d9fb,task1,experiment,task1-cnn-task1_rgb_60x80_mild_aug_v1,task1_small_cnn_v1,false,true,true,2,2753,3a3dd74a1eb97b674d6594730fa7918e92aede1f,true,d07f780ba1c121d92ca36672b852ee895584a6931aae9b14466bf59f9539198d,d76a49c6dc7999b4f286e94838a92c603d68c4f66179fde081028948f6a187db,88d32ad9a4509292b339baedbe7f21f3161ee0e25e4c753315518fb5b342c353,c3b2d61de4bc01e141992db336308473e0976376314a3263cff993bbca92b034,task1_rgb_60x80_mild_aug_v1,cross_entropy_unweighted_v1,20,20,17,macro_f1_124,0.5232512734343034,"{""macro_f1"":0.5232512734343034,""top1_accuracy"":0.8365634060735541,""top5_accuracy"":0.9784831374942774,""validation_loss"":0.6792894859726613,""weighted_f1"":0.829862279483676}",1113.5140363000028,1011.71484375,475516,results/task1/task1-cnn-task1_rgb_60x80_mild_aug_v1-f2-s2753-78f1bd57d9fb/checkpoint.pt,bbd2702c8523cc3b346b65d07a8274c2f245d40f738658a268ead5b78bac4f8e,results/task1/task1-cnn-task1_rgb_60x80_mild_aug_v1-f2-s2753-78f1bd57d9fb/predictions.csv,362e5e748d72fc8768ba8f1ec4dfbf16eec97489494b1c64f72e23d727119f8e,results/task1/task1-cnn-task1_rgb_60x80_mild_aug_v1-f2-s2753-78f1bd57d9fb/history.csv,ec829911355ba02fc187b52777b653e12a79206aa26cbcdebd2ffc287e5c7d06,completed,,,2026-09-02T17:57:45Z,2026-09-02T18:16:19Z,"{""cuda_available"":true,""cuda_runtime"":""13.0"",""cudnn_version"":92000,""executable"":""C:\\Users\\Khoa\\Documents\\MLA2\\.venv\\Scripts\\python.exe"",""gpu"":{""capability"":[7,5],""name"":""NVIDIA GeForce RTX 2070 SUPER"",""total_memory_bytes"":8589606912},""logical_cpu_count"":12,""packages"":{""numpy"":""2.5.2"",""pandas"":""3.0.5"",""pillow"":""12.3.0"",""scikit-image"":""0.26.0"",""scikit-learn"":""1.9.0"",""torch"":""2.12.1+cu130"",""torchvision"":null},""physical_cpu_count"":6,""platform"":""Windows-11-10.0.26200-SP0"",""processor"":""Intel64 Family 6 Model 165 Stepping 3, GenuineIntel"",""python"":""3.12.10"",""python_implementation"":""CPython"",""total_ram_bytes"":17084026880}"
task1-cnn-task1_rgb_60x80_mild_aug_v1-f3-s2753-29b849c74b37,task1,experiment,task1-cnn-task1_rgb_60x80_mild_aug_v1,task1_small_cnn_v1,false,true,true,3,2753,3a3dd74a1eb97b674d6594730fa7918e92aede1f,true,7c25b0c9eb972b4d6045e1f0de917ece4d3861ea9e28f26e1faa60ae363c0b98,d76a49c6dc7999b4f286e94838a92c603d68c4f66179fde081028948f6a187db,88d32ad9a4509292b339baedbe7f21f3161ee0e25e4c753315518fb5b342c353,c3b2d61de4bc01e141992db336308473e0976376314a3263cff993bbca92b034,task1_rgb_60x80_mild_aug_v1,cross_entropy_unweighted_v1,20,20,15,macro_f1_124,0.5088911524813756,"{""macro_f1"":0.5088911524813756,""top1_accuracy"":0.8379615501983522,""top5_accuracy"":0.9806225205981081,""validation_loss"":0.5980437125724095,""weighted_f1"":0.8346359545159628}",1109.716163899997,1011.71484375,475516,results/task1/task1-cnn-task1_rgb_60x80_mild_aug_v1-f3-s2753-29b849c74b37/checkpoint.pt,7dd149a482035b6d7c332d5f042af3fe4d95b8bc5d58c755ba602dfbd29e8672,results/task1/task1-cnn-task1_rgb_60x80_mild_aug_v1-f3-s2753-29b849c74b37/predictions.csv,bfd770aa29bec7fc0c73385540c5c343a5c4b0b3854ab3af1ba36620bc04f974,results/task1/task1-cnn-task1_rgb_60x80_mild_aug_v1-f3-s2753-29b849c74b37/history.csv,964936e6ec2d5c8e39bcd208a4b8ed893fa482d64f9ba4810d11e48937c8e4c8,completed,,,2026-09-02T18:16:19Z,2026-09-02T18:34:49Z,"{""cuda_available"":true,""cuda_runtime"":""13.0"",""cudnn_version"":92000,""executable"":""C:\\Users\\Khoa\\Documents\\MLA2\\.venv\\Scripts\\python.exe"",""gpu"":{""capability"":[7,5],""name"":""NVIDIA GeForce RTX 2070 SUPER"",""total_memory_bytes"":8589606912},""logical_cpu_count"":12,""packages"":{""numpy"":""2.5.2"",""pandas"":""3.0.5"",""pillow"":""12.3.0"",""scikit-image"":""0.26.0"",""scikit-learn"":""1.9.0"",""torch"":""2.12.1+cu130"",""torchvision"":null},""physical_cpu_count"":6,""platform"":""Windows-11-10.0.26200-SP0"",""processor"":""Intel64 Family 6 Model 165 Stepping 3, GenuineIntel"",""python"":""3.12.10"",""python_implementation"":""CPython"",""total_ram_bytes"":17084026880}"
task1-cnn-task1_rgb_60x80_mild_aug_v1-f4-s2753-a963c10fbc69,task1,experiment,task1-cnn-task1_rgb_60x80_mild_aug_v1,task1_small_cnn_v1,false,true,true,4,2753,3a3dd74a1eb97b674d6594730fa7918e92aede1f,true,a14c534c1488495053fc99febc73a375c90583a585dab3332112bb3b79f5380e,d76a49c6dc7999b4f286e94838a92c603d68c4f66179fde081028948f6a187db,88d32ad9a4509292b339baedbe7f21f3161ee0e25e4c753315518fb5b342c353,c3b2d61de4bc01e141992db336308473e0976376314a3263cff993bbca92b034,task1_rgb_60x80_mild_aug_v1,cross_entropy_unweighted_v1,20,20,20,macro_f1_124,0.5470785725810239,"{""macro_f1"":0.5470785725810239,""top1_accuracy"":0.8505414061308525,""top5_accuracy"":0.9818514564587464,""validation_loss"":0.6048234543548181,""weighted_f1"":0.8441058743229771}",1110.454555000004,1011.71484375,475516,results/task1/task1-cnn-task1_rgb_60x80_mild_aug_v1-f4-s2753-a963c10fbc69/checkpoint.pt,6614c5075e943fc0a64073e289042f02d3736e79304953c4fb3e34bc36f0d2de,results/task1/task1-cnn-task1_rgb_60x80_mild_aug_v1-f4-s2753-a963c10fbc69/predictions.csv,6143396d27bb2bddb912b8b4a6f2dadb8cf3a1de99ee5124ff80e0407000c8ce,results/task1/task1-cnn-task1_rgb_60x80_mild_aug_v1-f4-s2753-a963c10fbc69/history.csv,fb46bf14226a6fbe1426d47925de05eae1dd7ef612c0e601edfee8ed4c56baea,completed,,,2026-09-02T18:34:50Z,2026-09-02T18:53:20Z,"{""cuda_available"":true,""cuda_runtime"":""13.0"",""cudnn_version"":92000,""executable"":""C:\\Users\\Khoa\\Documents\\MLA2\\.venv\\Scripts\\python.exe"",""gpu"":{""capability"":[7,5],""name"":""NVIDIA GeForce RTX 2070 SUPER"",""total_memory_bytes"":8589606912},""logical_cpu_count"":12,""packages"":{""numpy"":""2.5.2"",""pandas"":""3.0.5"",""pillow"":""12.3.0"",""scikit-image"":""0.26.0"",""scikit-learn"":""1.9.0"",""torch"":""2.12.1+cu130"",""torchvision"":null},""physical_cpu_count"":6,""platform"":""Windows-11-10.0.26200-SP0"",""processor"":""Intel64 Family 6 Model 165 Stepping 3, GenuineIntel"",""python"":""3.12.10"",""python_implementation"":""CPython"",""total_ram_bytes"":17084026880}"
task1-cnn-task1_cnn_mild_aug_balanced_weighted_v1-f0-s2753-56676a84e787,task1,smoke,task1-cnn-task1_cnn_mild_aug_balanced_weighted_v1,task1_small_cnn_v1,false,false,true,0,2753,d7d2b179642b10fd46d71981e20254b13fdf9e99,true,8a797374d4425c12228f876afdebce0b317c5de415e960a904498d51095d94fc,d76a49c6dc7999b4f286e94838a92c603d68c4f66179fde081028948f6a187db,88d32ad9a4509292b339baedbe7f21f3161ee0e25e4c753315518fb5b342c353,a3dc4b5da01a72a26dd8be272f1ca8a05d56ad39f7dc95a839c6b2876c3f2d73,task1_rgb_60x80_mild_aug_v1,cross_entropy_balanced_class_weighted_v1,1,1,1,macro_f1_124,0.0,"{""macro_f1"":0.0,""top1_accuracy"":0.0,""top5_accuracy"":0.09375,""validation_loss"":4.797080993652344,""weighted_f1"":0.0}",3.2634052999783307,212.4443359375,475516,results/task1/task1-cnn-task1_cnn_mild_aug_balanced_weighted_v1-f0-s2753-56676a84e787/checkpoint.pt,5107b89dbdf0f157ab62e151a36561c391fab4f8b1249b8c637baad3f08df5b3,results/task1/task1-cnn-task1_cnn_mild_aug_balanced_weighted_v1-f0-s2753-56676a84e787/predictions.csv,12745c33ad5c7b0ca0f634515311c60f0ac7ded4580e1afcbb05544a5f3b3e11,results/task1/task1-cnn-task1_cnn_mild_aug_balanced_weighted_v1-f0-s2753-56676a84e787/history.csv,d918554363884fc2da2753931284dee378e691f43155131a424afb36644b7188,completed,,,2026-09-05T13:28:55Z,2026-09-05T13:28:58Z,"{""cuda_available"":true,""cuda_runtime"":""13.0"",""cudnn_version"":92000,""executable"":""C:\\Users\\Khoa\\.cache\\codex-runtimes\\codex-primary-runtime\\dependencies\\python\\python.exe"",""gpu"":{""capability"":[7,5],""name"":""NVIDIA GeForce RTX 2070 SUPER"",""total_memory_bytes"":8589606912},""logical_cpu_count"":12,""packages"":{""numpy"":""2.5.2"",""pandas"":""3.0.5"",""pillow"":""12.3.0"",""scikit-image"":""0.26.0"",""scikit-learn"":""1.9.0"",""torch"":""2.12.1+cu130"",""torchvision"":null},""physical_cpu_count"":6,""platform"":""Windows-11-10.0.26200-SP0"",""processor"":""Intel64 Family 6 Model 165 Stepping 3, GenuineIntel"",""python"":""3.12.14"",""python_implementation"":""CPython"",""total_ram_bytes"":17084026880}"
task1-classical-task1_gray_hog_ppc16_v1-knn-k5-distance-f0-s2753-b974f7653d65,task1,smoke,task1-classical-task1_gray_hog_ppc16_v1-knn-k5-distance,task1_hog_knn_v1,false,false,true,0,2753,d7d2b179642b10fd46d71981e20254b13fdf9e99,true,399e24e17eeaa4430684bb02c021ddf0a37a832f1585513cc83dabf5470d4e2f,d76a49c6dc7999b4f286e94838a92c603d68c4f66179fde081028948f6a187db,88d32ad9a4509292b339baedbe7f21f3161ee0e25e4c753315518fb5b342c353,c9cdbeea0e198c6017262056baaaf00a75d455bbcb42402169b799377d6a7760,task1_gray_hog_ppc16_v1,not_applicable,,,,macro_f1_124,0.03955104035749196,"{""macro_f1"":0.03955104035749196,""top1_accuracy"":0.65625,""top5_accuracy"":0.90625,""weighted_f1"":0.6453192640692641}",2.927550499967765,,,results/task1/classical/task1-classical-task1_gray_hog_ppc16_v1-knn-k5-distance-f0-s2753-b974f7653d65/model.pkl,810b82907e4ddd81c0bbe47686d72f108a120a078e97f3146d789776f9d7380d,results/task1/classical/task1-classical-task1_gray_hog_ppc16_v1-knn-k5-distance-f0-s2753-b974f7653d65/predictions.csv,299ec77f8c0245c992d83684f588b1b0f93e3720837327bf5901d72113040166,,,completed,,,2026-09-05T13:58:33Z,2026-09-05T13:58:36Z,"{""cuda_available"":true,""cuda_runtime"":""13.0"",""cudnn_version"":92000,""executable"":""C:\\Users\\Khoa\\Documents\\MLA2\\.venv\\Scripts\\python.exe"",""gpu"":{""capability"":[7,5],""name"":""NVIDIA GeForce RTX 2070 SUPER"",""total_memory_bytes"":8589606912},""logical_cpu_count"":12,""packages"":{""numpy"":""2.5.2"",""pandas"":""3.0.5"",""pillow"":""12.3.0"",""scikit-image"":""0.26.0"",""scikit-learn"":""1.9.0"",""torch"":""2.12.1+cu130"",""torchvision"":null},""physical_cpu_count"":6,""platform"":""Windows-11-10.0.26200-SP0"",""processor"":""Intel64 Family 6 Model 165 Stepping 3, GenuineIntel"",""python"":""3.12.10"",""python_implementation"":""CPython"",""total_ram_bytes"":17084026880}"
task1-classical-task1_gray_hog_ppc16_v1-linear-svm-c1-normal-f0-s2753-d10679650773,task1,smoke,task1-classical-task1_gray_hog_ppc16_v1-linear-svm-c1-normal,task1_hog_linear_svm_v1,false,false,true,0,2753,d7d2b179642b10fd46d71981e20254b13fdf9e99,true,2d7e363126341c853f784ad45b6ab422b0a80217484420f4a48b8d9caab0894a,d76a49c6dc7999b4f286e94838a92c603d68c4f66179fde081028948f6a187db,88d32ad9a4509292b339baedbe7f21f3161ee0e25e4c753315518fb5b342c353,c9cdbeea0e198c6017262056baaaf00a75d455bbcb42402169b799377d6a7760,task1_gray_hog_ppc16_v1,not_applicable,,,,macro_f1_124,0.04071087216248506,"{""macro_f1"":0.04071087216248506,""top1_accuracy"":0.6875,""top5_accuracy"":0.90625,""weighted_f1"":0.6123842592592592}",0.4806674999999814,,,results/task1/classical/task1-classical-task1_gray_hog_ppc16_v1-linear-svm-c1-normal-f0-s2753-d10679650773/model.pkl,fbf146cfa8fcb3e4edb80d44d3f695ffe4383c8d26ba0b2d170836961a817137,results/task1/classical/task1-classical-task1_gray_hog_ppc16_v1-linear-svm-c1-normal-f0-s2753-d10679650773/predictions.csv,d343ba8105b44e48a3df8beb2e36ec9d3ae53cc920f591eecf8906f66f1328af,,,completed,,,2026-09-05T13:58:36Z,2026-09-05T13:58:37Z,"{""cuda_available"":true,""cuda_runtime"":""13.0"",""cudnn_version"":92000,""executable"":""C:\\Users\\Khoa\\Documents\\MLA2\\.venv\\Scripts\\python.exe"",""gpu"":{""capability"":[7,5],""name"":""NVIDIA GeForce RTX 2070 SUPER"",""total_memory_bytes"":8589606912},""logical_cpu_count"":12,""packages"":{""numpy"":""2.5.2"",""pandas"":""3.0.5"",""pillow"":""12.3.0"",""scikit-image"":""0.26.0"",""scikit-learn"":""1.9.0"",""torch"":""2.12.1+cu130"",""torchvision"":null},""physical_cpu_count"":6,""platform"":""Windows-11-10.0.26200-SP0"",""processor"":""Intel64 Family 6 Model 165 Stepping 3, GenuineIntel"",""python"":""3.12.10"",""python_implementation"":""CPython"",""total_ram_bytes"":17084026880}"
task1-cnn-task1_cnn_no_aug_unweighted_v1-f0-s2753-2b120f3b7d7a,task1,smoke,task1-cnn-task1_cnn_no_aug_unweighted_v1,task1_small_cnn_v1,false,false,true,0,2753,d7d2b179642b10fd46d71981e20254b13fdf9e99,true,6e0a0e273db23e2a2f5c4ea273aafacc5290437694e3ff8d6d74318b379b2d9d,d76a49c6dc7999b4f286e94838a92c603d68c4f66179fde081028948f6a187db,88d32ad9a4509292b339baedbe7f21f3161ee0e25e4c753315518fb5b342c353,a3dc4b5da01a72a26dd8be272f1ca8a05d56ad39f7dc95a839c6b2876c3f2d73,task1_rgb_60x80_no_aug_v1,cross_entropy_unweighted_v1,1,1,1,macro_f1_124,0.0015608740894901144,"{""macro_f1"":0.0015608740894901144,""top1_accuracy"":0.09375,""top5_accuracy"":0.1875,""validation_loss"":4.764331579208374,""weighted_f1"":0.01814516129032258}",2.8371802999754436,212.44384765625,475516,results/task1/task1-cnn-task1_cnn_no_aug_unweighted_v1-f0-s2753-2b120f3b7d7a/checkpoint.pt,7bce80842b73f8892ec6d473e025d8962f7fd116b63aa6d04ce8c67281e74fe3,results/task1/task1-cnn-task1_cnn_no_aug_unweighted_v1-f0-s2753-2b120f3b7d7a/predictions.csv,82600df8bb721567b4586159966d0a22ddd0d10f0ad70f5213be6144e553117d,results/task1/task1-cnn-task1_cnn_no_aug_unweighted_v1-f0-s2753-2b120f3b7d7a/history.csv,77e8ecc329e495290ab4c3ca841e3321c6f5f66c67557d80d657b4ef1c6cf9b2,completed,,,2026-09-05T13:58:39Z,2026-09-05T13:58:42Z,"{""cuda_available"":true,""cuda_runtime"":""13.0"",""cudnn_version"":92000,""executable"":""C:\\Users\\Khoa\\Documents\\MLA2\\.venv\\Scripts\\python.exe"",""gpu"":{""capability"":[7,5],""name"":""NVIDIA GeForce RTX 2070 SUPER"",""total_memory_bytes"":8589606912},""logical_cpu_count"":12,""packages"":{""numpy"":""2.5.2"",""pandas"":""3.0.5"",""pillow"":""12.3.0"",""scikit-image"":""0.26.0"",""scikit-learn"":""1.9.0"",""torch"":""2.12.1+cu130"",""torchvision"":null},""physical_cpu_count"":6,""platform"":""Windows-11-10.0.26200-SP0"",""processor"":""Intel64 Family 6 Model 165 Stepping 3, GenuineIntel"",""python"":""3.12.10"",""python_implementation"":""CPython"",""total_ram_bytes"":17084026880}"
task1-cnn-task1_cnn_mild_aug_balanced_weighted_v1-f0-s2753-336c4c93bd6f,task1,smoke,task1-cnn-task1_cnn_mild_aug_balanced_weighted_v1,task1_small_cnn_v1,false,false,true,0,2753,d7d2b179642b10fd46d71981e20254b13fdf9e99,true,8a797374d4425c12228f876afdebce0b317c5de415e960a904498d51095d94fc,d76a49c6dc7999b4f286e94838a92c603d68c4f66179fde081028948f6a187db,88d32ad9a4509292b339baedbe7f21f3161ee0e25e4c753315518fb5b342c353,a3dc4b5da01a72a26dd8be272f1ca8a05d56ad39f7dc95a839c6b2876c3f2d73,task1_rgb_60x80_mild_aug_v1,cross_entropy_balanced_class_weighted_v1,1,1,1,macro_f1_124,0.0,"{""macro_f1"":0.0,""top1_accuracy"":0.0,""top5_accuracy"":0.09375,""validation_loss"":4.797080993652344,""weighted_f1"":0.0}",0.7153583000181243,212.4443359375,475516,results/task1/task1-cnn-task1_cnn_mild_aug_balanced_weighted_v1-f0-s2753-336c4c93bd6f/checkpoint.pt,5107b89dbdf0f157ab62e151a36561c391fab4f8b1249b8c637baad3f08df5b3,results/task1/task1-cnn-task1_cnn_mild_aug_balanced_weighted_v1-f0-s2753-336c4c93bd6f/predictions.csv,12745c33ad5c7b0ca0f634515311c60f0ac7ded4580e1afcbb05544a5f3b3e11,results/task1/task1-cnn-task1_cnn_mild_aug_balanced_weighted_v1-f0-s2753-336c4c93bd6f/history.csv,d918554363884fc2da2753931284dee378e691f43155131a424afb36644b7188,completed,,,2026-09-05T13:58:44Z,2026-09-05T13:58:44Z,"{""cuda_available"":true,""cuda_runtime"":""13.0"",""cudnn_version"":92000,""executable"":""C:\\Users\\Khoa\\Documents\\MLA2\\.venv\\Scripts\\python.exe"",""gpu"":{""capability"":[7,5],""name"":""NVIDIA GeForce RTX 2070 SUPER"",""total_memory_bytes"":8589606912},""logical_cpu_count"":12,""packages"":{""numpy"":""2.5.2"",""pandas"":""3.0.5"",""pillow"":""12.3.0"",""scikit-image"":""0.26.0"",""scikit-learn"":""1.9.0"",""torch"":""2.12.1+cu130"",""torchvision"":null},""physical_cpu_count"":6,""platform"":""Windows-11-10.0.26200-SP0"",""processor"":""Intel64 Family 6 Model 165 Stepping 3, GenuineIntel"",""python"":""3.12.10"",""python_implementation"":""CPython"",""total_ram_bytes"":17084026880}"
task1-classical-task1_gray_hog_ppc16_v1-knn-k5-distance-f0-s2753-1c931f9b759d,task1,experiment,task1-classical-task1_gray_hog_ppc16_v1-knn-k5-distance,task1_hog_knn_v1,false,true,true,0,2753,d7d2b179642b10fd46d71981e20254b13fdf9e99,true,f3e3a6539caac17cc58f5c1eea8e6edbfdc5bbaaa4d341646dbf50c56fd778a6,d76a49c6dc7999b4f286e94838a92c603d68c4f66179fde081028948f6a187db,88d32ad9a4509292b339baedbe7f21f3161ee0e25e4c753315518fb5b342c353,c9cdbeea0e198c6017262056baaaf00a75d455bbcb42402169b799377d6a7760,task1_gray_hog_ppc16_v1,not_applicable,,,,macro_f1_124,0.43427549459768827,"{""macro_f1"":0.43427549459768827,""top1_accuracy"":0.7591942621699985,""top5_accuracy"":0.9032504196551198,""weighted_f1"":0.7441183636497208}",1.8293829999747686,,,results/task1/classical/task1-classical-task1_gray_hog_ppc16_v1-knn-k5-distance-f0-s2753-1c931f9b759d/model.pkl,743dc993a2c4154bb39b946fa11729c4359f94b9991505f06a79c98031f59dc3,results/task1/classical/task1-classical-task1_gray_hog_ppc16_v1-knn-k5-distance-f0-s2753-1c931f9b759d/predictions.csv,b8445c0957219c4d2d7997a36bfca8fffb0ad720ca3ababdef2e9d21317650ff,,,completed,,,2026-09-05T13:58:59Z,2026-09-05T13:59:01Z,"{""cuda_available"":true,""cuda_runtime"":""13.0"",""cudnn_version"":92000,""executable"":""C:\\Users\\Khoa\\Documents\\MLA2\\.venv\\Scripts\\python.exe"",""gpu"":{""capability"":[7,5],""name"":""NVIDIA GeForce RTX 2070 SUPER"",""total_memory_bytes"":8589606912},""logical_cpu_count"":12,""packages"":{""numpy"":""2.5.2"",""pandas"":""3.0.5"",""pillow"":""12.3.0"",""scikit-image"":""0.26.0"",""scikit-learn"":""1.9.0"",""torch"":""2.12.1+cu130"",""torchvision"":null},""physical_cpu_count"":6,""platform"":""Windows-11-10.0.26200-SP0"",""processor"":""Intel64 Family 6 Model 165 Stepping 3, GenuineIntel"",""python"":""3.12.10"",""python_implementation"":""CPython"",""total_ram_bytes"":17084026880}"
task1-classical-task1_gray_hog_ppc16_v1-linear-svm-c1-normal-f0-s2753-194a3ccefeb6,task1,experiment,task1-classical-task1_gray_hog_ppc16_v1-linear-svm-c1-normal,task1_hog_linear_svm_v1,false,true,true,0,2753,d7d2b179642b10fd46d71981e20254b13fdf9e99,true,b6c04402591ee551926826e5efce74cb591f01cf19334bdbe77aacc6a71e02ee,d76a49c6dc7999b4f286e94838a92c603d68c4f66179fde081028948f6a187db,88d32ad9a4509292b339baedbe7f21f3161ee0e25e4c753315518fb5b342c353,c9cdbeea0e198c6017262056baaaf00a75d455bbcb42402169b799377d6a7760,task1_gray_hog_ppc16_v1,not_applicable,,,,macro_f1_124,0.40234819142832245,"{""macro_f1"":0.40234819142832245,""top1_accuracy"":0.7564474286586297,""top5_accuracy"":0.9471997558370212,""weighted_f1"":0.7351524549388213}",39.86232909996761,,,results/task1/classical/task1-classical-task1_gray_hog_ppc16_v1-linear-svm-c1-normal-f0-s2753-194a3ccefeb6/model.pkl,269de6b86f1f6aa3a835ad447bc247a4e2643cb8f359a7542c05fe240ecdc7ff,results/task1/classical/task1-classical-task1_gray_hog_ppc16_v1-linear-svm-c1-normal-f0-s2753-194a3ccefeb6/predictions.csv,ac140591d7a063844f6affa48b22c222dec6ba34795f3518648b3ffe49e51ee8,,,completed,,,2026-09-05T13:59:01Z,2026-09-05T13:59:41Z,"{""cuda_available"":true,""cuda_runtime"":""13.0"",""cudnn_version"":92000,""executable"":""C:\\Users\\Khoa\\Documents\\MLA2\\.venv\\Scripts\\python.exe"",""gpu"":{""capability"":[7,5],""name"":""NVIDIA GeForce RTX 2070 SUPER"",""total_memory_bytes"":8589606912},""logical_cpu_count"":12,""packages"":{""numpy"":""2.5.2"",""pandas"":""3.0.5"",""pillow"":""12.3.0"",""scikit-image"":""0.26.0"",""scikit-learn"":""1.9.0"",""torch"":""2.12.1+cu130"",""torchvision"":null},""physical_cpu_count"":6,""platform"":""Windows-11-10.0.26200-SP0"",""processor"":""Intel64 Family 6 Model 165 Stepping 3, GenuineIntel"",""python"":""3.12.10"",""python_implementation"":""CPython"",""total_ram_bytes"":17084026880}"
task1-classical-task1_gray_hog_ppc10_v1-knn-k5-distance-f0-s2753-dbab5b0a702d,task1,experiment,task1-classical-task1_gray_hog_ppc10_v1-knn-k5-distance,task1_hog_knn_v1,false,true,true,0,2753,d7d2b179642b10fd46d71981e20254b13fdf9e99,true,cb21ace1cc14a6997623dd12fe06c0d21abc4bd817221d494ab3ce281a790fed,d76a49c6dc7999b4f286e94838a92c603d68c4f66179fde081028948f6a187db,88d32ad9a4509292b339baedbe7f21f3161ee0e25e4c753315518fb5b342c353,c9cdbeea0e198c6017262056baaaf00a75d455bbcb42402169b799377d6a7760,task1_gray_hog_ppc10_v1,not_applicable,,,,macro_f1_124,0.4700810913990897,"{""macro_f1"":0.4700810913990897,""top1_accuracy"":0.7974973294674195,""top5_accuracy"":0.9232412635434152,""weighted_f1"":0.7854767085277484}",4.7861658000038005,,,results/task1/classical/task1-classical-task1_gray_hog_ppc10_v1-knn-k5-distance-f0-s2753-dbab5b0a702d/model.pkl,500223ac76f101a7cc5761968a642087d58422925ab6cb0b75475fe7d280e22a,results/task1/classical/task1-classical-task1_gray_hog_ppc10_v1-knn-k5-distance-f0-s2753-dbab5b0a702d/predictions.csv,da2a44ed662c7f04089710572aeefdad97b3887e366d4adc575ad3c2bb34e81a,,,completed,,,2026-09-05T13:59:42Z,2026-09-05T13:59:47Z,"{""cuda_available"":true,""cuda_runtime"":""13.0"",""cudnn_version"":92000,""executable"":""C:\\Users\\Khoa\\Documents\\MLA2\\.venv\\Scripts\\python.exe"",""gpu"":{""capability"":[7,5],""name"":""NVIDIA GeForce RTX 2070 SUPER"",""total_memory_bytes"":8589606912},""logical_cpu_count"":12,""packages"":{""numpy"":""2.5.2"",""pandas"":""3.0.5"",""pillow"":""12.3.0"",""scikit-image"":""0.26.0"",""scikit-learn"":""1.9.0"",""torch"":""2.12.1+cu130"",""torchvision"":null},""physical_cpu_count"":6,""platform"":""Windows-11-10.0.26200-SP0"",""processor"":""Intel64 Family 6 Model 165 Stepping 3, GenuineIntel"",""python"":""3.12.10"",""python_implementation"":""CPython"",""total_ram_bytes"":17084026880}"
task1-classical-task1_gray_hog_ppc10_v1-linear-svm-c1-normal-f0-s2753-9a5325bcbd92,task1,experiment,task1-classical-task1_gray_hog_ppc10_v1-linear-svm-c1-normal,task1_hog_linear_svm_v1,false,true,true,0,2753,d7d2b179642b10fd46d71981e20254b13fdf9e99,true,7623362eaa976837605812f2ea37472c55f41f4b5730fbde6b5936811d4f93d5,d76a49c6dc7999b4f286e94838a92c603d68c4f66179fde081028948f6a187db,88d32ad9a4509292b339baedbe7f21f3161ee0e25e4c753315518fb5b342c353,c9cdbeea0e198c6017262056baaaf00a75d455bbcb42402169b799377d6a7760,task1_gray_hog_ppc10_v1,not_applicable,,,,macro_f1_124,0.45103358880883054,"{""macro_f1"":0.45103358880883054,""top1_accuracy"":0.798870746223104,""top5_accuracy"":0.9357546162063177,""weighted_f1"":0.7890568883965753}",171.59386710001854,,,results/task1/classical/task1-classical-task1_gray_hog_ppc10_v1-linear-svm-c1-normal-f0-s2753-9a5325bcbd92/model.pkl,b1cad165b997bae6ed5baaee091b2e3f5c74179942d4d18d143a254615f7f8d7,results/task1/classical/task1-classical-task1_gray_hog_ppc10_v1-linear-svm-c1-normal-f0-s2753-9a5325bcbd92/predictions.csv,50e1038b4072a0af8e89ad4eb26c1e500aae027f297df8b9f13d65152600b0a4,,,completed,,,2026-09-05T13:59:48Z,2026-09-05T14:02:39Z,"{""cuda_available"":true,""cuda_runtime"":""13.0"",""cudnn_version"":92000,""executable"":""C:\\Users\\Khoa\\Documents\\MLA2\\.venv\\Scripts\\python.exe"",""gpu"":{""capability"":[7,5],""name"":""NVIDIA GeForce RTX 2070 SUPER"",""total_memory_bytes"":8589606912},""logical_cpu_count"":12,""packages"":{""numpy"":""2.5.2"",""pandas"":""3.0.5"",""pillow"":""12.3.0"",""scikit-image"":""0.26.0"",""scikit-learn"":""1.9.0"",""torch"":""2.12.1+cu130"",""torchvision"":null},""physical_cpu_count"":6,""platform"":""Windows-11-10.0.26200-SP0"",""processor"":""Intel64 Family 6 Model 165 Stepping 3, GenuineIntel"",""python"":""3.12.10"",""python_implementation"":""CPython"",""total_ram_bytes"":17084026880}"
task1-classical-task1_gray_hog_ppc10_v1-knn-k3-uniform-f0-s2753-72e636318df7,task1,experiment,task1-classical-task1_gray_hog_ppc10_v1-knn-k3-uniform,task1_hog_knn_v1,false,true,true,0,2753,d7d2b179642b10fd46d71981e20254b13fdf9e99,true,ac559c16e90884a714501af9f12dadff3e751785f8dbf47a12bcb1d01f2ef366,d76a49c6dc7999b4f286e94838a92c603d68c4f66179fde081028948f6a187db,88d32ad9a4509292b339baedbe7f21f3161ee0e25e4c753315518fb5b342c353,c9cdbeea0e198c6017262056baaaf00a75d455bbcb42402169b799377d6a7760,task1_gray_hog_ppc10_v1,not_applicable,,,,macro_f1_124,0.4590743941914837,"{""macro_f1"":0.4590743941914837,""top1_accuracy"":0.7883412177628567,""top5_accuracy"":0.8902792614069892,""weighted_f1"":0.77824242087768}",4.7667261000024155,,,results/task1/classical/task1-classical-task1_gray_hog_ppc10_v1-knn-k3-uniform-f0-s2753-72e636318df7/model.pkl,fc89e58e767b003755c3a5a82140bfbbc8f51ba5c99b6b6ef809e00eceb94169,results/task1/classical/task1-classical-task1_gray_hog_ppc10_v1-knn-k3-uniform-f0-s2753-72e636318df7/predictions.csv,f77759bb39c6b33a011989f8336c00bcce47a493243b634cd8ff28601b89363e,,,completed,,,2026-09-05T14:02:40Z,2026-09-05T14:02:45Z,"{""cuda_available"":true,""cuda_runtime"":""13.0"",""cudnn_version"":92000,""executable"":""C:\\Users\\Khoa\\Documents\\MLA2\\.venv\\Scripts\\python.exe"",""gpu"":{""capability"":[7,5],""name"":""NVIDIA GeForce RTX 2070 SUPER"",""total_memory_bytes"":8589606912},""logical_cpu_count"":12,""packages"":{""numpy"":""2.5.2"",""pandas"":""3.0.5"",""pillow"":""12.3.0"",""scikit-image"":""0.26.0"",""scikit-learn"":""1.9.0"",""torch"":""2.12.1+cu130"",""torchvision"":null},""physical_cpu_count"":6,""platform"":""Windows-11-10.0.26200-SP0"",""processor"":""Intel64 Family 6 Model 165 Stepping 3, GenuineIntel"",""python"":""3.12.10"",""python_implementation"":""CPython"",""total_ram_bytes"":17084026880}"
task1-classical-task1_gray_hog_ppc10_v1-knn-k3-distance-f0-s2753-acc9d21f3eea,task1,experiment,task1-classical-task1_gray_hog_ppc10_v1-knn-k3-distance,task1_hog_knn_v1,false,true,true,0,2753,d7d2b179642b10fd46d71981e20254b13fdf9e99,true,c14ab0f1d5ab3f87893cb04bbbb4d5ed0c306e91994363a081d706e28956946e,d76a49c6dc7999b4f286e94838a92c603d68c4f66179fde081028948f6a187db,88d32ad9a4509292b339baedbe7f21f3161ee0e25e4c753315518fb5b342c353,c9cdbeea0e198c6017262056baaaf00a75d455bbcb42402169b799377d6a7760,task1_gray_hog_ppc10_v1,not_applicable,,,,macro_f1_124,0.48968460848526935,"{""macro_f1"":0.48968460848526935,""top1_accuracy"":0.7984129406378758,""top5_accuracy"":0.8902792614069892,""weighted_f1"":0.7891926827510485}",5.37745690002339,,,results/task1/classical/task1-classical-task1_gray_hog_ppc10_v1-knn-k3-distance-f0-s2753-acc9d21f3eea/model.pkl,8e18067d63998f3df54d4e66cb78f1c7ceaaae5a657ce8e9dc7170be9dde4269,results/task1/classical/task1-classical-task1_gray_hog_ppc10_v1-knn-k3-distance-f0-s2753-acc9d21f3eea/predictions.csv,7d86ecf88936277f8620cc38d0b809acd279c1ceff72ea34513995e0454e79cb,,,completed,,,2026-09-05T14:02:45Z,2026-09-05T14:02:51Z,"{""cuda_available"":true,""cuda_runtime"":""13.0"",""cudnn_version"":92000,""executable"":""C:\\Users\\Khoa\\Documents\\MLA2\\.venv\\Scripts\\python.exe"",""gpu"":{""capability"":[7,5],""name"":""NVIDIA GeForce RTX 2070 SUPER"",""total_memory_bytes"":8589606912},""logical_cpu_count"":12,""packages"":{""numpy"":""2.5.2"",""pandas"":""3.0.5"",""pillow"":""12.3.0"",""scikit-image"":""0.26.0"",""scikit-learn"":""1.9.0"",""torch"":""2.12.1+cu130"",""torchvision"":null},""physical_cpu_count"":6,""platform"":""Windows-11-10.0.26200-SP0"",""processor"":""Intel64 Family 6 Model 165 Stepping 3, GenuineIntel"",""python"":""3.12.10"",""python_implementation"":""CPython"",""total_ram_bytes"":17084026880}"
task1-classical-task1_gray_hog_ppc10_v1-knn-k5-uniform-f0-s2753-9daa3104b08d,task1,experiment,task1-classical-task1_gray_hog_ppc10_v1-knn-k5-uniform,task1_hog_knn_v1,false,true,true,0,2753,d7d2b179642b10fd46d71981e20254b13fdf9e99,true,4fb3d7993de05a8497646ddb43d212415e4125162f9aa69aa8ed50466de4f2c0,d76a49c6dc7999b4f286e94838a92c603d68c4f66179fde081028948f6a187db,88d32ad9a4509292b339baedbe7f21f3161ee0e25e4c753315518fb5b342c353,c9cdbeea0e198c6017262056baaaf00a75d455bbcb42402169b799377d6a7760,task1_gray_hog_ppc10_v1,not_applicable,,,,macro_f1_124,0.4489351032890695,"{""macro_f1"":0.4489351032890695,""top1_accuracy"":0.791393254997711,""top5_accuracy"":0.9232412635434152,""weighted_f1"":0.7789407047959007}",4.54478650004603,,,results/task1/classical/task1-classical-task1_gray_hog_ppc10_v1-knn-k5-uniform-f0-s2753-9daa3104b08d/model.pkl,a7816c9e76176293ba6f9149e535d47330addbb59fd8e2627fc1e35533d92bf6,results/task1/classical/task1-classical-task1_gray_hog_ppc10_v1-knn-k5-uniform-f0-s2753-9daa3104b08d/predictions.csv,4def726dda8ece98af61a05e16945d520bf049d22b4a2c17ec121e31c5207659,,,completed,,,2026-09-05T14:02:52Z,2026-09-05T14:02:56Z,"{""cuda_available"":true,""cuda_runtime"":""13.0"",""cudnn_version"":92000,""executable"":""C:\\Users\\Khoa\\Documents\\MLA2\\.venv\\Scripts\\python.exe"",""gpu"":{""capability"":[7,5],""name"":""NVIDIA GeForce RTX 2070 SUPER"",""total_memory_bytes"":8589606912},""logical_cpu_count"":12,""packages"":{""numpy"":""2.5.2"",""pandas"":""3.0.5"",""pillow"":""12.3.0"",""scikit-image"":""0.26.0"",""scikit-learn"":""1.9.0"",""torch"":""2.12.1+cu130"",""torchvision"":null},""physical_cpu_count"":6,""platform"":""Windows-11-10.0.26200-SP0"",""processor"":""Intel64 Family 6 Model 165 Stepping 3, GenuineIntel"",""python"":""3.12.10"",""python_implementation"":""CPython"",""total_ram_bytes"":17084026880}"
task1-classical-task1_gray_hog_ppc10_v1-knn-k11-uniform-f0-s2753-26c1b4e275e6,task1,experiment,task1-classical-task1_gray_hog_ppc10_v1-knn-k11-uniform,task1_hog_knn_v1,false,true,true,0,2753,d7d2b179642b10fd46d71981e20254b13fdf9e99,true,ca72072bf6bb6cca1de9a77ff5010db89ec5ec7b97d1d7171c3ad5924e1aeffd,d76a49c6dc7999b4f286e94838a92c603d68c4f66179fde081028948f6a187db,88d32ad9a4509292b339baedbe7f21f3161ee0e25e4c753315518fb5b342c353,c9cdbeea0e198c6017262056baaaf00a75d455bbcb42402169b799377d6a7760,task1_gray_hog_ppc10_v1,not_applicable,,,,macro_f1_124,0.39828142486557416,"{""macro_f1"":0.39828142486557416,""top1_accuracy"":0.7817793377079201,""top5_accuracy"":0.9540668396154434,""weighted_f1"":0.7620015096030999}",4.910457200021483,,,results/task1/classical/task1-classical-task1_gray_hog_ppc10_v1-knn-k11-uniform-f0-s2753-26c1b4e275e6/model.pkl,608713b36f4a77276841d9808baecefc4fcec68340a61236b69a48faae0e2946,results/task1/classical/task1-classical-task1_gray_hog_ppc10_v1-knn-k11-uniform-f0-s2753-26c1b4e275e6/predictions.csv,1b2ebe734097e808a5fb3403374eecb6b600d86d43dab566f86fdc754f028851,,,completed,,,2026-09-05T14:02:57Z,2026-09-05T14:03:02Z,"{""cuda_available"":true,""cuda_runtime"":""13.0"",""cudnn_version"":92000,""executable"":""C:\\Users\\Khoa\\Documents\\MLA2\\.venv\\Scripts\\python.exe"",""gpu"":{""capability"":[7,5],""name"":""NVIDIA GeForce RTX 2070 SUPER"",""total_memory_bytes"":8589606912},""logical_cpu_count"":12,""packages"":{""numpy"":""2.5.2"",""pandas"":""3.0.5"",""pillow"":""12.3.0"",""scikit-image"":""0.26.0"",""scikit-learn"":""1.9.0"",""torch"":""2.12.1+cu130"",""torchvision"":null},""physical_cpu_count"":6,""platform"":""Windows-11-10.0.26200-SP0"",""processor"":""Intel64 Family 6 Model 165 Stepping 3, GenuineIntel"",""python"":""3.12.10"",""python_implementation"":""CPython"",""total_ram_bytes"":17084026880}"
task1-classical-task1_gray_hog_ppc10_v1-knn-k11-distance-f0-s2753-812b471ca673,task1,experiment,task1-classical-task1_gray_hog_ppc10_v1-knn-k11-distance,task1_hog_knn_v1,false,true,true,0,2753,d7d2b179642b10fd46d71981e20254b13fdf9e99,true,8377dbb95a5e055422b63cca287a5b616eb6561d3c66035ea271861f0cad5d79,d76a49c6dc7999b4f286e94838a92c603d68c4f66179fde081028948f6a187db,88d32ad9a4509292b339baedbe7f21f3161ee0e25e4c753315518fb5b342c353,c9cdbeea0e198c6017262056baaaf00a75d455bbcb42402169b799377d6a7760,task1_gray_hog_ppc10_v1,not_applicable,,,,macro_f1_124,0.4228864647465019,"{""macro_f1"":0.4228864647465019,""top1_accuracy"":0.787120402868915,""top5_accuracy"":0.9539142377537005,""weighted_f1"":0.7679720571837138}",5.627792099956423,,,results/task1/classical/task1-classical-task1_gray_hog_ppc10_v1-knn-k11-distance-f0-s2753-812b471ca673/model.pkl,7be34f65285c0fe294b4b1a5477dd8b0912c6ba6fb7d8c45c078a30add82adb9,results/task1/classical/task1-classical-task1_gray_hog_ppc10_v1-knn-k11-distance-f0-s2753-812b471ca673/predictions.csv,3181b3ec1fd40661a3fd04592be3001d1876cd87dde1e422410f8d35bc6b79be,,,completed,,,2026-09-05T14:03:03Z,2026-09-05T14:03:08Z,"{""cuda_available"":true,""cuda_runtime"":""13.0"",""cudnn_version"":92000,""executable"":""C:\\Users\\Khoa\\Documents\\MLA2\\.venv\\Scripts\\python.exe"",""gpu"":{""capability"":[7,5],""name"":""NVIDIA GeForce RTX 2070 SUPER"",""total_memory_bytes"":8589606912},""logical_cpu_count"":12,""packages"":{""numpy"":""2.5.2"",""pandas"":""3.0.5"",""pillow"":""12.3.0"",""scikit-image"":""0.26.0"",""scikit-learn"":""1.9.0"",""torch"":""2.12.1+cu130"",""torchvision"":null},""physical_cpu_count"":6,""platform"":""Windows-11-10.0.26200-SP0"",""processor"":""Intel64 Family 6 Model 165 Stepping 3, GenuineIntel"",""python"":""3.12.10"",""python_implementation"":""CPython"",""total_ram_bytes"":17084026880}"
task1-classical-task1_gray_hog_ppc10_v1-linear-svm-c0-1-normal-f0-s2753-40afae8599d4,task1,experiment,task1-classical-task1_gray_hog_ppc10_v1-linear-svm-c0.1-normal,task1_hog_linear_svm_v1,false,true,true,0,2753,d7d2b179642b10fd46d71981e20254b13fdf9e99,true,a82d192023ca556442af102a5e352ebd1adc0ab5ed9ea3bf70bdbdc5819229ae,d76a49c6dc7999b4f286e94838a92c603d68c4f66179fde081028948f6a187db,88d32ad9a4509292b339baedbe7f21f3161ee0e25e4c753315518fb5b342c353,c9cdbeea0e198c6017262056baaaf00a75d455bbcb42402169b799377d6a7760,task1_gray_hog_ppc10_v1,not_applicable,,,,macro_f1_124,0.44336693885069506,"{""macro_f1"":0.44336693885069506,""top1_accuracy"":0.8019227834579582,""top5_accuracy"":0.9549824507858996,""weighted_f1"":0.7855487146147676}",114.52302830002736,,,results/task1/classical/task1-classical-task1_gray_hog_ppc10_v1-linear-svm-c0-1-normal-f0-s2753-40afae8599d4/model.pkl,22d47d4ead538d1b2f6c41fa03f61039f839a36bb01dddb1bf68044773d368ce,results/task1/classical/task1-classical-task1_gray_hog_ppc10_v1-linear-svm-c0-1-normal-f0-s2753-40afae8599d4/predictions.csv,80f270007186b3b3a2ee0f1e1bd4504f838c8032a25e4ca3180cceeea0ef639d,,,completed,,,2026-09-05T14:03:09Z,2026-09-05T14:05:04Z,"{""cuda_available"":true,""cuda_runtime"":""13.0"",""cudnn_version"":92000,""executable"":""C:\\Users\\Khoa\\Documents\\MLA2\\.venv\\Scripts\\python.exe"",""gpu"":{""capability"":[7,5],""name"":""NVIDIA GeForce RTX 2070 SUPER"",""total_memory_bytes"":8589606912},""logical_cpu_count"":12,""packages"":{""numpy"":""2.5.2"",""pandas"":""3.0.5"",""pillow"":""12.3.0"",""scikit-image"":""0.26.0"",""scikit-learn"":""1.9.0"",""torch"":""2.12.1+cu130"",""torchvision"":null},""physical_cpu_count"":6,""platform"":""Windows-11-10.0.26200-SP0"",""processor"":""Intel64 Family 6 Model 165 Stepping 3, GenuineIntel"",""python"":""3.12.10"",""python_implementation"":""CPython"",""total_ram_bytes"":17084026880}"
task1-classical-task1_gray_hog_ppc10_v1-linear-svm-c0-1-balanced-f0-s2753-9700c881bd00,task1,experiment,task1-classical-task1_gray_hog_ppc10_v1-linear-svm-c0.1-balanced,task1_hog_linear_svm_v1,false,true,true,0,2753,d7d2b179642b10fd46d71981e20254b13fdf9e99,true,e477ce640472018fe15993aa86ebad50a242481c810a76f4df40bd95fbcba666,d76a49c6dc7999b4f286e94838a92c603d68c4f66179fde081028948f6a187db,88d32ad9a4509292b339baedbe7f21f3161ee0e25e4c753315518fb5b342c353,c9cdbeea0e198c6017262056baaaf00a75d455bbcb42402169b799377d6a7760,task1_gray_hog_ppc10_v1,not_applicable,,,,macro_f1_124,0.46237518494135577,"{""macro_f1"":0.46237518494135577,""top1_accuracy"":0.7781168930260949,""top5_accuracy"":0.946284144666565,""weighted_f1"":0.782172476669366}",116.7521984000341,,,results/task1/classical/task1-classical-task1_gray_hog_ppc10_v1-linear-svm-c0-1-balanced-f0-s2753-9700c881bd00/model.pkl,afdb363c50fbb58b36c69af9c00184aaa674dc5379b5d49ff5f743264f65442e,results/task1/classical/task1-classical-task1_gray_hog_ppc10_v1-linear-svm-c0-1-balanced-f0-s2753-9700c881bd00/predictions.csv,97f8dcd57558764277b78b412382b89eeed593debc2bf3096a9feca63281b8d3,,,completed,,,2026-09-05T14:05:04Z,2026-09-05T14:07:01Z,"{""cuda_available"":true,""cuda_runtime"":""13.0"",""cudnn_version"":92000,""executable"":""C:\\Users\\Khoa\\Documents\\MLA2\\.venv\\Scripts\\python.exe"",""gpu"":{""capability"":[7,5],""name"":""NVIDIA GeForce RTX 2070 SUPER"",""total_memory_bytes"":8589606912},""logical_cpu_count"":12,""packages"":{""numpy"":""2.5.2"",""pandas"":""3.0.5"",""pillow"":""12.3.0"",""scikit-image"":""0.26.0"",""scikit-learn"":""1.9.0"",""torch"":""2.12.1+cu130"",""torchvision"":null},""physical_cpu_count"":6,""platform"":""Windows-11-10.0.26200-SP0"",""processor"":""Intel64 Family 6 Model 165 Stepping 3, GenuineIntel"",""python"":""3.12.10"",""python_implementation"":""CPython"",""total_ram_bytes"":17084026880}"
task1-classical-task1_gray_hog_ppc10_v1-linear-svm-c1-balanced-f0-s2753-ae70442cdc96,task1,experiment,task1-classical-task1_gray_hog_ppc10_v1-linear-svm-c1-balanced,task1_hog_linear_svm_v1,false,true,true,0,2753,d7d2b179642b10fd46d71981e20254b13fdf9e99,true,320c5311a6f3dccc58b59ffe2c040fb394dc7de3f550ff739a63141ffb5109e4,d76a49c6dc7999b4f286e94838a92c603d68c4f66179fde081028948f6a187db,88d32ad9a4509292b339baedbe7f21f3161ee0e25e4c753315518fb5b342c353,c9cdbeea0e198c6017262056baaaf00a75d455bbcb42402169b799377d6a7760,task1_gray_hog_ppc10_v1,not_applicable,,,,macro_f1_124,0.44371274905934827,"{""macro_f1"":0.44371274905934827,""top1_accuracy"":0.7790325041965512,""top5_accuracy"":0.9256828933312986,""weighted_f1"":0.7816700019038323}",231.92725269997027,,,results/task1/classical/task1-classical-task1_gray_hog_ppc10_v1-linear-svm-c1-balanced-f0-s2753-ae70442cdc96/model.pkl,b018c760ab0920e8030483b4a6519834b59fb8eb5ccb6c50ca233a47740100a8,results/task1/classical/task1-classical-task1_gray_hog_ppc10_v1-linear-svm-c1-balanced-f0-s2753-ae70442cdc96/predictions.csv,4f8f9d5e7593f0bbba6a73c4a977c24a48fb8dafe3d8494a8ef9ac5a53479e16,,,completed,,,2026-09-05T14:07:02Z,2026-09-05T14:10:54Z,"{""cuda_available"":true,""cuda_runtime"":""13.0"",""cudnn_version"":92000,""executable"":""C:\\Users\\Khoa\\Documents\\MLA2\\.venv\\Scripts\\python.exe"",""gpu"":{""capability"":[7,5],""name"":""NVIDIA GeForce RTX 2070 SUPER"",""total_memory_bytes"":8589606912},""logical_cpu_count"":12,""packages"":{""numpy"":""2.5.2"",""pandas"":""3.0.5"",""pillow"":""12.3.0"",""scikit-image"":""0.26.0"",""scikit-learn"":""1.9.0"",""torch"":""2.12.1+cu130"",""torchvision"":null},""physical_cpu_count"":6,""platform"":""Windows-11-10.0.26200-SP0"",""processor"":""Intel64 Family 6 Model 165 Stepping 3, GenuineIntel"",""python"":""3.12.10"",""python_implementation"":""CPython"",""total_ram_bytes"":17084026880}"
task1-classical-task1_gray_hog_ppc10_v1-linear-svm-c10-normal-f0-s2753-0b33b8e0e584,task1,experiment,task1-classical-task1_gray_hog_ppc10_v1-linear-svm-c10-normal,task1_hog_linear_svm_v1,false,true,true,0,2753,d7d2b179642b10fd46d71981e20254b13fdf9e99,true,d025fe6b6bd27bb44460e7554e7c662e31eca2bc0e1404431b6bd6dcce21f40d,d76a49c6dc7999b4f286e94838a92c603d68c4f66179fde081028948f6a187db,88d32ad9a4509292b339baedbe7f21f3161ee0e25e4c753315518fb5b342c353,c9cdbeea0e198c6017262056baaaf00a75d455bbcb42402169b799377d6a7760,task1_gray_hog_ppc10_v1,not_applicable,,,,macro_f1_124,0.4189723590105194,"{""macro_f1"":0.4189723590105194,""top1_accuracy"":0.7697237906302457,""top5_accuracy"":0.9023348084846635,""weighted_f1"":0.7650440699437338}",846.9715733000194,,,results/task1/classical/task1-classical-task1_gray_hog_ppc10_v1-linear-svm-c10-normal-f0-s2753-0b33b8e0e584/model.pkl,29c58b6282cbba70f4e2dfa96812ec7bb36817c2e3c6aecac55f66446ad1bd6a,results/task1/classical/task1-classical-task1_gray_hog_ppc10_v1-linear-svm-c10-normal-f0-s2753-0b33b8e0e584/predictions.csv,94766c1e09c737446c253b12291e3bb8c98a310cbee47ec06b2d8827eecb5962,,,completed,,,2026-09-05T14:10:54Z,2026-09-05T14:25:01Z,"{""cuda_available"":true,""cuda_runtime"":""13.0"",""cudnn_version"":92000,""executable"":""C:\\Users\\Khoa\\Documents\\MLA2\\.venv\\Scripts\\python.exe"",""gpu"":{""capability"":[7,5],""name"":""NVIDIA GeForce RTX 2070 SUPER"",""total_memory_bytes"":8589606912},""logical_cpu_count"":12,""packages"":{""numpy"":""2.5.2"",""pandas"":""3.0.5"",""pillow"":""12.3.0"",""scikit-image"":""0.26.0"",""scikit-learn"":""1.9.0"",""torch"":""2.12.1+cu130"",""torchvision"":null},""physical_cpu_count"":6,""platform"":""Windows-11-10.0.26200-SP0"",""processor"":""Intel64 Family 6 Model 165 Stepping 3, GenuineIntel"",""python"":""3.12.10"",""python_implementation"":""CPython"",""total_ram_bytes"":17084026880}"
task1-classical-task1_gray_hog_ppc10_v1-linear-svm-c10-balanced-f0-s2753-c9b239c0cbdc,task1,experiment,task1-classical-task1_gray_hog_ppc10_v1-linear-svm-c10-balanced,task1_hog_linear_svm_v1,false,true,true,0,2753,d7d2b179642b10fd46d71981e20254b13fdf9e99,true,78cb771ff14f7fcceca1d8898865b33d967313f7af9a24ca08f45cf84336d3db,d76a49c6dc7999b4f286e94838a92c603d68c4f66179fde081028948f6a187db,88d32ad9a4509292b339baedbe7f21f3161ee0e25e4c753315518fb5b342c353,c9cdbeea0e198c6017262056baaaf00a75d455bbcb42402169b799377d6a7760,task1_gray_hog_ppc10_v1,not_applicable,,,,macro_f1_124,0.4179081295395396,"{""macro_f1"":0.4179081295395396,""top1_accuracy"":0.757820845414314,""top5_accuracy"":0.8945521135357851,""weighted_f1"":0.7620916726461511}",1293.7977629000088,,,results/task1/classical/task1-classical-task1_gray_hog_ppc10_v1-linear-svm-c10-balanced-f0-s2753-c9b239c0cbdc/model.pkl,bb01ce996555c11ac0ed0d39ac030935fd1c3a6f5fc50e3b149e0f48212a0ef9,results/task1/classical/task1-classical-task1_gray_hog_ppc10_v1-linear-svm-c10-balanced-f0-s2753-c9b239c0cbdc/predictions.csv,3896be7ea3aedc658fa1a75552960a513a5ec6a7ecdf1f283c129353f4b903fa,,,completed,,,2026-09-05T14:25:02Z,2026-09-05T14:46:36Z,"{""cuda_available"":true,""cuda_runtime"":""13.0"",""cudnn_version"":92000,""executable"":""C:\\Users\\Khoa\\Documents\\MLA2\\.venv\\Scripts\\python.exe"",""gpu"":{""capability"":[7,5],""name"":""NVIDIA GeForce RTX 2070 SUPER"",""total_memory_bytes"":8589606912},""logical_cpu_count"":12,""packages"":{""numpy"":""2.5.2"",""pandas"":""3.0.5"",""pillow"":""12.3.0"",""scikit-image"":""0.26.0"",""scikit-learn"":""1.9.0"",""torch"":""2.12.1+cu130"",""torchvision"":null},""physical_cpu_count"":6,""platform"":""Windows-11-10.0.26200-SP0"",""processor"":""Intel64 Family 6 Model 165 Stepping 3, GenuineIntel"",""python"":""3.12.10"",""python_implementation"":""CPython"",""total_ram_bytes"":17084026880}"
task1-classical-task1_gray_hog_ppc10_v1-knn-k3-distance-f1-s2753-199e856340f6,task1,experiment,task1-classical-task1_gray_hog_ppc10_v1-knn-k3-distance,task1_hog_knn_v1,false,true,true,1,2753,d7d2b179642b10fd46d71981e20254b13fdf9e99,true,12f5a783ec020a71cc764f2614e1ad6e78a87370e3448ad5449623c0be1189fd,d76a49c6dc7999b4f286e94838a92c603d68c4f66179fde081028948f6a187db,88d32ad9a4509292b339baedbe7f21f3161ee0e25e4c753315518fb5b342c353,c9cdbeea0e198c6017262056baaaf00a75d455bbcb42402169b799377d6a7760,task1_gray_hog_ppc10_v1,not_applicable,,,,macro_f1_124,0.4969200228827351,"{""macro_f1"":0.4969200228827351,""top1_accuracy"":0.7914887126296523,""top5_accuracy"":0.8984136668700428,""weighted_f1"":0.7823126811336962}",4.698925599979702,,,results/task1/classical/task1-classical-task1_gray_hog_ppc10_v1-knn-k3-distance-f1-s2753-199e856340f6/model.pkl,630a99e8c5ea91d630299835cd9bbbfa2041af861bbf51ff122a50e156152d12,results/task1/classical/task1-classical-task1_gray_hog_ppc10_v1-knn-k3-distance-f1-s2753-199e856340f6/predictions.csv,9ce87deeee32c2f8a252d60cb5108d5d606cebb166f942deb3cce6fb34fffc79,,,completed,,,2026-09-05T14:48:07Z,2026-09-05T14:48:12Z,"{""cuda_available"":true,""cuda_runtime"":""13.0"",""cudnn_version"":92000,""executable"":""C:\\Users\\Khoa\\Documents\\MLA2\\.venv\\Scripts\\python.exe"",""gpu"":{""capability"":[7,5],""name"":""NVIDIA GeForce RTX 2070 SUPER"",""total_memory_bytes"":8589606912},""logical_cpu_count"":12,""packages"":{""numpy"":""2.5.2"",""pandas"":""3.0.5"",""pillow"":""12.3.0"",""scikit-image"":""0.26.0"",""scikit-learn"":""1.9.0"",""torch"":""2.12.1+cu130"",""torchvision"":null},""physical_cpu_count"":6,""platform"":""Windows-11-10.0.26200-SP0"",""processor"":""Intel64 Family 6 Model 165 Stepping 3, GenuineIntel"",""python"":""3.12.10"",""python_implementation"":""CPython"",""total_ram_bytes"":17084026880}"
task1-classical-task1_gray_hog_ppc10_v1-knn-k3-distance-f2-s2753-ac36ddf97458,task1,experiment,task1-classical-task1_gray_hog_ppc10_v1-knn-k3-distance,task1_hog_knn_v1,false,true,true,2,2753,d7d2b179642b10fd46d71981e20254b13fdf9e99,true,610ae6cca555c1f003dec02d5ab36a43cb9fde2d632bcfec956a4187f25d4d24,d76a49c6dc7999b4f286e94838a92c603d68c4f66179fde081028948f6a187db,88d32ad9a4509292b339baedbe7f21f3161ee0e25e4c753315518fb5b342c353,c9cdbeea0e198c6017262056baaaf00a75d455bbcb42402169b799377d6a7760,task1_gray_hog_ppc10_v1,not_applicable,,,,macro_f1_124,0.49626970509129137,"{""macro_f1"":0.49626970509129137,""top1_accuracy"":0.790325041965512,""top5_accuracy"":0.891957881886159,""weighted_f1"":0.7803327817950452}",5.081840800005011,,,results/task1/classical/task1-classical-task1_gray_hog_ppc10_v1-knn-k3-distance-f2-s2753-ac36ddf97458/model.pkl,55156dd3b01c12e5c677e4a4685bc5c8c2d213d2065d36a199d3bd20b5acd48d,results/task1/classical/task1-classical-task1_gray_hog_ppc10_v1-knn-k3-distance-f2-s2753-ac36ddf97458/predictions.csv,7f8abbd76972e612f877e04eabae047ff968bac1b78993ba472ba27a05f7b7f4,,,completed,,,2026-09-05T14:48:12Z,2026-09-05T14:48:17Z,"{""cuda_available"":true,""cuda_runtime"":""13.0"",""cudnn_version"":92000,""executable"":""C:\\Users\\Khoa\\Documents\\MLA2\\.venv\\Scripts\\python.exe"",""gpu"":{""capability"":[7,5],""name"":""NVIDIA GeForce RTX 2070 SUPER"",""total_memory_bytes"":8589606912},""logical_cpu_count"":12,""packages"":{""numpy"":""2.5.2"",""pandas"":""3.0.5"",""pillow"":""12.3.0"",""scikit-image"":""0.26.0"",""scikit-learn"":""1.9.0"",""torch"":""2.12.1+cu130"",""torchvision"":null},""physical_cpu_count"":6,""platform"":""Windows-11-10.0.26200-SP0"",""processor"":""Intel64 Family 6 Model 165 Stepping 3, GenuineIntel"",""python"":""3.12.10"",""python_implementation"":""CPython"",""total_ram_bytes"":17084026880}"
task1-classical-task1_gray_hog_ppc10_v1-knn-k3-distance-f3-s2753-ec2f263d5af8,task1,experiment,task1-classical-task1_gray_hog_ppc10_v1-knn-k3-distance,task1_hog_knn_v1,false,true,true,3,2753,d7d2b179642b10fd46d71981e20254b13fdf9e99,true,9f54566d25254158e9f539dc48d653f81c10f47898bcb5c08b4e2a7bb361eb96,d76a49c6dc7999b4f286e94838a92c603d68c4f66179fde081028948f6a187db,88d32ad9a4509292b339baedbe7f21f3161ee0e25e4c753315518fb5b342c353,c9cdbeea0e198c6017262056baaaf00a75d455bbcb42402169b799377d6a7760,task1_gray_hog_ppc10_v1,not_applicable,,,,macro_f1_124,0.5025767000297232,"{""macro_f1"":0.5025767000297232,""top1_accuracy"":0.7955447055233446,""top5_accuracy"":0.8992981385413488,""weighted_f1"":0.7867988349769192}",5.50492320000194,,,results/task1/classical/task1-classical-task1_gray_hog_ppc10_v1-knn-k3-distance-f3-s2753-ec2f263d5af8/model.pkl,78fb1d518b1aa8dbec1bffa593122fe1f234e10ce88ba1a7c0d6dad15cd362a6,results/task1/classical/task1-classical-task1_gray_hog_ppc10_v1-knn-k3-distance-f3-s2753-ec2f263d5af8/predictions.csv,9f3c52cdcd5e8f2f9eee2b1cbe188f5125b6e84db0ac32beb715f53d7699b1a9,,,completed,,,2026-09-05T14:48:18Z,2026-09-05T14:48:24Z,"{""cuda_available"":true,""cuda_runtime"":""13.0"",""cudnn_version"":92000,""executable"":""C:\\Users\\Khoa\\Documents\\MLA2\\.venv\\Scripts\\python.exe"",""gpu"":{""capability"":[7,5],""name"":""NVIDIA GeForce RTX 2070 SUPER"",""total_memory_bytes"":8589606912},""logical_cpu_count"":12,""packages"":{""numpy"":""2.5.2"",""pandas"":""3.0.5"",""pillow"":""12.3.0"",""scikit-image"":""0.26.0"",""scikit-learn"":""1.9.0"",""torch"":""2.12.1+cu130"",""torchvision"":null},""physical_cpu_count"":6,""platform"":""Windows-11-10.0.26200-SP0"",""processor"":""Intel64 Family 6 Model 165 Stepping 3, GenuineIntel"",""python"":""3.12.10"",""python_implementation"":""CPython"",""total_ram_bytes"":17084026880}"
task1-classical-task1_gray_hog_ppc10_v1-knn-k3-distance-f4-s2753-c4abe00920a1,task1,experiment,task1-classical-task1_gray_hog_ppc10_v1-knn-k3-distance,task1_hog_knn_v1,false,true,true,4,2753,d7d2b179642b10fd46d71981e20254b13fdf9e99,true,2d83ffade1e00abaf5c3c52afd20c0611c7df48ff523a73169622ce7bc67a3f1,d76a49c6dc7999b4f286e94838a92c603d68c4f66179fde081028948f6a187db,88d32ad9a4509292b339baedbe7f21f3161ee0e25e4c753315518fb5b342c353,c9cdbeea0e198c6017262056baaaf00a75d455bbcb42402169b799377d6a7760,task1_gray_hog_ppc10_v1,not_applicable,,,,macro_f1_124,0.5259952537674246,"{""macro_f1"":0.5259952537674246,""top1_accuracy"":0.8018911087387525,""top5_accuracy"":0.896141528137868,""weighted_f1"":0.7915494294179626}",5.252819499990437,,,results/task1/classical/task1-classical-task1_gray_hog_ppc10_v1-knn-k3-distance-f4-s2753-c4abe00920a1/model.pkl,d57cdafc88b0c38f6f3d2fd8d2987216994f2515ac2a76a69eff37516438a1b4,results/task1/classical/task1-classical-task1_gray_hog_ppc10_v1-knn-k3-distance-f4-s2753-c4abe00920a1/predictions.csv,8e556788a8cdb2167e093f7f6a15bb59d975e93c4832a0b8eb41d9147d60e92a,,,completed,,,2026-09-05T14:48:24Z,2026-09-05T14:48:30Z,"{""cuda_available"":true,""cuda_runtime"":""13.0"",""cudnn_version"":92000,""executable"":""C:\\Users\\Khoa\\Documents\\MLA2\\.venv\\Scripts\\python.exe"",""gpu"":{""capability"":[7,5],""name"":""NVIDIA GeForce RTX 2070 SUPER"",""total_memory_bytes"":8589606912},""logical_cpu_count"":12,""packages"":{""numpy"":""2.5.2"",""pandas"":""3.0.5"",""pillow"":""12.3.0"",""scikit-image"":""0.26.0"",""scikit-learn"":""1.9.0"",""torch"":""2.12.1+cu130"",""torchvision"":null},""physical_cpu_count"":6,""platform"":""Windows-11-10.0.26200-SP0"",""processor"":""Intel64 Family 6 Model 165 Stepping 3, GenuineIntel"",""python"":""3.12.10"",""python_implementation"":""CPython"",""total_ram_bytes"":17084026880}"
task1-classical-task1_gray_hog_ppc10_v1-linear-svm-c0-1-balanced-f1-s2753-1404bade2577,task1,experiment,task1-classical-task1_gray_hog_ppc10_v1-linear-svm-c0.1-balanced,task1_hog_linear_svm_v1,false,true,true,1,2753,d7d2b179642b10fd46d71981e20254b13fdf9e99,true,678e2b6f4c5e61e6b626877643ddec3680798314f0e789cd646f8ceee761893b,d76a49c6dc7999b4f286e94838a92c603d68c4f66179fde081028948f6a187db,88d32ad9a4509292b339baedbe7f21f3161ee0e25e4c753315518fb5b342c353,c9cdbeea0e198c6017262056baaaf00a75d455bbcb42402169b799377d6a7760,task1_gray_hog_ppc10_v1,not_applicable,,,,macro_f1_124,0.5022508298736166,"{""macro_f1"":0.5022508298736166,""top1_accuracy"":0.7791336180597925,""top5_accuracy"":0.9438682123245882,""weighted_f1"":0.7846863594197945}",115.79722120001679,,,results/task1/classical/task1-classical-task1_gray_hog_ppc10_v1-linear-svm-c0-1-balanced-f1-s2753-1404bade2577/model.pkl,9871aa1873cd0d83213d25ba23c5d4f0a9db5544c879d8629fcebef6b0387c29,results/task1/classical/task1-classical-task1_gray_hog_ppc10_v1-linear-svm-c0-1-balanced-f1-s2753-1404bade2577/predictions.csv,fcd002ce7e2902d0c5a66b7e92d74f41fafc3cbe7664e488d90909c504ee973c,,,completed,,,2026-09-05T14:48:31Z,2026-09-05T14:50:27Z,"{""cuda_available"":true,""cuda_runtime"":""13.0"",""cudnn_version"":92000,""executable"":""C:\\Users\\Khoa\\Documents\\MLA2\\.venv\\Scripts\\python.exe"",""gpu"":{""capability"":[7,5],""name"":""NVIDIA GeForce RTX 2070 SUPER"",""total_memory_bytes"":8589606912},""logical_cpu_count"":12,""packages"":{""numpy"":""2.5.2"",""pandas"":""3.0.5"",""pillow"":""12.3.0"",""scikit-image"":""0.26.0"",""scikit-learn"":""1.9.0"",""torch"":""2.12.1+cu130"",""torchvision"":null},""physical_cpu_count"":6,""platform"":""Windows-11-10.0.26200-SP0"",""processor"":""Intel64 Family 6 Model 165 Stepping 3, GenuineIntel"",""python"":""3.12.10"",""python_implementation"":""CPython"",""total_ram_bytes"":17084026880}"
task1-classical-task1_gray_hog_ppc10_v1-linear-svm-c0-1-balanced-f2-s2753-67af66d630fa,task1,experiment,task1-classical-task1_gray_hog_ppc10_v1-linear-svm-c0.1-balanced,task1_hog_linear_svm_v1,false,true,true,2,2753,d7d2b179642b10fd46d71981e20254b13fdf9e99,true,83eb807ea11dd6400e07e80b90939e5f9fa5c239b7c78f20e2020856ead29259,d76a49c6dc7999b4f286e94838a92c603d68c4f66179fde081028948f6a187db,88d32ad9a4509292b339baedbe7f21f3161ee0e25e4c753315518fb5b342c353,c9cdbeea0e198c6017262056baaaf00a75d455bbcb42402169b799377d6a7760,task1_gray_hog_ppc10_v1,not_applicable,,,,macro_f1_124,0.5005426673200413,"{""macro_f1"":0.5005426673200413,""top1_accuracy"":0.7691133831832748,""top5_accuracy"":0.9385014497176866,""weighted_f1"":0.7720626455298545}",114.3162747999886,,,results/task1/classical/task1-classical-task1_gray_hog_ppc10_v1-linear-svm-c0-1-balanced-f2-s2753-67af66d630fa/model.pkl,e34920571c2bd8e38d5207a4ab74d2afd97da351c4638ad348c08c2ada732a56,results/task1/classical/task1-classical-task1_gray_hog_ppc10_v1-linear-svm-c0-1-balanced-f2-s2753-67af66d630fa/predictions.csv,700c431c481941d9851eb26e01f54d9c38fe7126b71009ded7d4f37d83b1a44f,,,completed,,,2026-09-05T14:50:28Z,2026-09-05T14:52:22Z,"{""cuda_available"":true,""cuda_runtime"":""13.0"",""cudnn_version"":92000,""executable"":""C:\\Users\\Khoa\\Documents\\MLA2\\.venv\\Scripts\\python.exe"",""gpu"":{""capability"":[7,5],""name"":""NVIDIA GeForce RTX 2070 SUPER"",""total_memory_bytes"":8589606912},""logical_cpu_count"":12,""packages"":{""numpy"":""2.5.2"",""pandas"":""3.0.5"",""pillow"":""12.3.0"",""scikit-image"":""0.26.0"",""scikit-learn"":""1.9.0"",""torch"":""2.12.1+cu130"",""torchvision"":null},""physical_cpu_count"":6,""platform"":""Windows-11-10.0.26200-SP0"",""processor"":""Intel64 Family 6 Model 165 Stepping 3, GenuineIntel"",""python"":""3.12.10"",""python_implementation"":""CPython"",""total_ram_bytes"":17084026880}"
task1-classical-task1_gray_hog_ppc10_v1-linear-svm-c0-1-balanced-f3-s2753-b4cd6e52b797,task1,experiment,task1-classical-task1_gray_hog_ppc10_v1-linear-svm-c0.1-balanced,task1_hog_linear_svm_v1,false,true,true,3,2753,d7d2b179642b10fd46d71981e20254b13fdf9e99,true,5a2a8841d6c5b1ca8ef558b70ed63ca4ba4e834868a88687bfd552b3374e0926,d76a49c6dc7999b4f286e94838a92c603d68c4f66179fde081028948f6a187db,88d32ad9a4509292b339baedbe7f21f3161ee0e25e4c753315518fb5b342c353,c9cdbeea0e198c6017262056baaaf00a75d455bbcb42402169b799377d6a7760,task1_gray_hog_ppc10_v1,not_applicable,,,,macro_f1_124,0.48345037195292906,"{""macro_f1"":0.48345037195292906,""top1_accuracy"":0.7813548977723528,""top5_accuracy"":0.9488861763808362,""weighted_f1"":0.7852989090695094}",114.6896570000099,,,results/task1/classical/task1-classical-task1_gray_hog_ppc10_v1-linear-svm-c0-1-balanced-f3-s2753-b4cd6e52b797/model.pkl,706744cbe32bfeaf17153993602991855f601b30139345bc82e3bbc2884a26d9,results/task1/classical/task1-classical-task1_gray_hog_ppc10_v1-linear-svm-c0-1-balanced-f3-s2753-b4cd6e52b797/predictions.csv,b5c6cf1846a479f4093a8b980d077978e30f500050e5ca25075350a3fd8572d0,,,completed,,,2026-09-05T14:52:23Z,2026-09-05T14:54:17Z,"{""cuda_available"":true,""cuda_runtime"":""13.0"",""cudnn_version"":92000,""executable"":""C:\\Users\\Khoa\\Documents\\MLA2\\.venv\\Scripts\\python.exe"",""gpu"":{""capability"":[7,5],""name"":""NVIDIA GeForce RTX 2070 SUPER"",""total_memory_bytes"":8589606912},""logical_cpu_count"":12,""packages"":{""numpy"":""2.5.2"",""pandas"":""3.0.5"",""pillow"":""12.3.0"",""scikit-image"":""0.26.0"",""scikit-learn"":""1.9.0"",""torch"":""2.12.1+cu130"",""torchvision"":null},""physical_cpu_count"":6,""platform"":""Windows-11-10.0.26200-SP0"",""processor"":""Intel64 Family 6 Model 165 Stepping 3, GenuineIntel"",""python"":""3.12.10"",""python_implementation"":""CPython"",""total_ram_bytes"":17084026880}"
task1-classical-task1_gray_hog_ppc10_v1-linear-svm-c0-1-balanced-f4-s2753-e84e35a035ab,task1,experiment,task1-classical-task1_gray_hog_ppc10_v1-linear-svm-c0.1-balanced,task1_hog_linear_svm_v1,false,true,true,4,2753,d7d2b179642b10fd46d71981e20254b13fdf9e99,true,aa09c1a4dee9a134c723ae4c56b6961d519e48285e465aa7a9b5fc82cd4b7268,d76a49c6dc7999b4f286e94838a92c603d68c4f66179fde081028948f6a187db,88d32ad9a4509292b339baedbe7f21f3161ee0e25e4c753315518fb5b342c353,c9cdbeea0e198c6017262056baaaf00a75d455bbcb42402169b799377d6a7760,task1_gray_hog_ppc10_v1,not_applicable,,,,macro_f1_124,0.4956657282912734,"{""macro_f1"":0.4956657282912734,""top1_accuracy"":0.7745920390422449,""top5_accuracy"":0.945401860606985,""weighted_f1"":0.7770080619570074}",112.81668849999551,,,results/task1/classical/task1-classical-task1_gray_hog_ppc10_v1-linear-svm-c0-1-balanced-f4-s2753-e84e35a035ab/model.pkl,f4616ef50ba44e6b07e28bde3c1fc616f07824b9dda969fe5d955ab13df6bb10,results/task1/classical/task1-classical-task1_gray_hog_ppc10_v1-linear-svm-c0-1-balanced-f4-s2753-e84e35a035ab/predictions.csv,b03df6a7f6e0b4ec4653d84e3b03ed1f02de44f8a9db3b38f30eb176b96fe9dd,,,completed,,,2026-09-05T14:54:18Z,2026-09-05T14:56:11Z,"{""cuda_available"":true,""cuda_runtime"":""13.0"",""cudnn_version"":92000,""executable"":""C:\\Users\\Khoa\\Documents\\MLA2\\.venv\\Scripts\\python.exe"",""gpu"":{""capability"":[7,5],""name"":""NVIDIA GeForce RTX 2070 SUPER"",""total_memory_bytes"":8589606912},""logical_cpu_count"":12,""packages"":{""numpy"":""2.5.2"",""pandas"":""3.0.5"",""pillow"":""12.3.0"",""scikit-image"":""0.26.0"",""scikit-learn"":""1.9.0"",""torch"":""2.12.1+cu130"",""torchvision"":null},""physical_cpu_count"":6,""platform"":""Windows-11-10.0.26200-SP0"",""processor"":""Intel64 Family 6 Model 165 Stepping 3, GenuineIntel"",""python"":""3.12.10"",""python_implementation"":""CPython"",""total_ram_bytes"":17084026880}"
task1-cnn-task1_cnn_no_aug_unweighted_v1-f0-s2753-2b671c263f75,task1,experiment,task1-cnn-task1_cnn_no_aug_unweighted_v1,task1_small_cnn_v1,false,true,true,0,2753,d7d2b179642b10fd46d71981e20254b13fdf9e99,true,5c32a151d99c77b1121167766af384941d53882ed4f31c6a306ea9079f8bb1bd,d76a49c6dc7999b4f286e94838a92c603d68c4f66179fde081028948f6a187db,88d32ad9a4509292b339baedbe7f21f3161ee0e25e4c753315518fb5b342c353,a3dc4b5da01a72a26dd8be272f1ca8a05d56ad39f7dc95a839c6b2876c3f2d73,task1_rgb_60x80_no_aug_v1,cross_entropy_unweighted_v1,20,20,20,macro_f1_124,0.4980518959235437,"{""macro_f1"":0.4980518959235437,""top1_accuracy"":0.8377842209674958,""top5_accuracy"":0.9778727300473066,""validation_loss"":1.0721256314561918,""weighted_f1"":0.8345387860434922}",937.5731996999821,1011.71484375,475516,results/task1/task1-cnn-task1_cnn_no_aug_unweighted_v1-f0-s2753-2b671c263f75/checkpoint.pt,d837b7d15c719bcd6e8a244f265856bbdbe14de8d7cbe548d99a9b010582d919,results/task1/task1-cnn-task1_cnn_no_aug_unweighted_v1-f0-s2753-2b671c263f75/predictions.csv,3b07ae9820da5109ad09fa25dfe069ee09b4dc360f328185c19845e01a0af16d,results/task1/task1-cnn-task1_cnn_no_aug_unweighted_v1-f0-s2753-2b671c263f75/history.csv,9e31ffde9afaaeeffd40b7a1967d3bc0fc514f73e0fd4dcd4b509772f458f8ef,completed,,,2026-09-05T15:36:06Z,2026-09-05T15:51:44Z,"{""cuda_available"":true,""cuda_runtime"":""13.0"",""cudnn_version"":92000,""executable"":""C:\\Users\\Khoa\\Documents\\MLA2\\.venv\\Scripts\\python.exe"",""gpu"":{""capability"":[7,5],""name"":""NVIDIA GeForce RTX 2070 SUPER"",""total_memory_bytes"":8589606912},""logical_cpu_count"":12,""packages"":{""numpy"":""2.5.2"",""pandas"":""3.0.5"",""pillow"":""12.3.0"",""scikit-image"":""0.26.0"",""scikit-learn"":""1.9.0"",""torch"":""2.12.1+cu130"",""torchvision"":null},""physical_cpu_count"":6,""platform"":""Windows-11-10.0.26200-SP0"",""processor"":""Intel64 Family 6 Model 165 Stepping 3, GenuineIntel"",""python"":""3.12.10"",""python_implementation"":""CPython"",""total_ram_bytes"":17084026880}"
task1-cnn-task1_cnn_no_aug_unweighted_v1-f1-s2753-326863573f92,task1,experiment,task1-cnn-task1_cnn_no_aug_unweighted_v1,task1_small_cnn_v1,false,true,true,1,2753,d7d2b179642b10fd46d71981e20254b13fdf9e99,true,1ec0d43aa49325b11a6d38c74ea347c82e28fec2a8900e117a99cca282a608f2,d76a49c6dc7999b4f286e94838a92c603d68c4f66179fde081028948f6a187db,88d32ad9a4509292b339baedbe7f21f3161ee0e25e4c753315518fb5b342c353,a3dc4b5da01a72a26dd8be272f1ca8a05d56ad39f7dc95a839c6b2876c3f2d73,task1_rgb_60x80_no_aug_v1,cross_entropy_unweighted_v1,20,20,19,macro_f1_124,0.519481722470777,"{""macro_f1"":0.519481722470777,""top1_accuracy"":0.8482306284319707,""top5_accuracy"":0.9789505796217206,""validation_loss"":1.0587083181509604,""weighted_f1"":0.8444844015616044}",916.5058175000013,1011.71484375,475516,results/task1/task1-cnn-task1_cnn_no_aug_unweighted_v1-f1-s2753-326863573f92/checkpoint.pt,08e06850384b2d93552f018b497f049c66d5c910cdd39f40e6840397fd20373b,results/task1/task1-cnn-task1_cnn_no_aug_unweighted_v1-f1-s2753-326863573f92/predictions.csv,2429083d2f198b0db48b3e419d0ac3a9c15f97ff27de1fdfa02fd888fd101cf1,results/task1/task1-cnn-task1_cnn_no_aug_unweighted_v1-f1-s2753-326863573f92/history.csv,1dc9cd59c6382a4b0a3e8631b3a2642ed977d0e2da4ba87177c5753cc29f92bd,completed,,,2026-09-05T15:51:45Z,2026-09-05T16:07:01Z,"{""cuda_available"":true,""cuda_runtime"":""13.0"",""cudnn_version"":92000,""executable"":""C:\\Users\\Khoa\\Documents\\MLA2\\.venv\\Scripts\\python.exe"",""gpu"":{""capability"":[7,5],""name"":""NVIDIA GeForce RTX 2070 SUPER"",""total_memory_bytes"":8589606912},""logical_cpu_count"":12,""packages"":{""numpy"":""2.5.2"",""pandas"":""3.0.5"",""pillow"":""12.3.0"",""scikit-image"":""0.26.0"",""scikit-learn"":""1.9.0"",""torch"":""2.12.1+cu130"",""torchvision"":null},""physical_cpu_count"":6,""platform"":""Windows-11-10.0.26200-SP0"",""processor"":""Intel64 Family 6 Model 165 Stepping 3, GenuineIntel"",""python"":""3.12.10"",""python_implementation"":""CPython"",""total_ram_bytes"":17084026880}"
task1-cnn-task1_cnn_no_aug_unweighted_v1-f2-s2753-4a2ad5b813b3,task1,experiment,task1-cnn-task1_cnn_no_aug_unweighted_v1,task1_small_cnn_v1,false,true,true,2,2753,d7d2b179642b10fd46d71981e20254b13fdf9e99,true,f2d06db03a7e98e5bcefb22877012b1d14a08c443dfd83cd69ae9585afbdba88,d76a49c6dc7999b4f286e94838a92c603d68c4f66179fde081028948f6a187db,88d32ad9a4509292b339baedbe7f21f3161ee0e25e4c753315518fb5b342c353,a3dc4b5da01a72a26dd8be272f1ca8a05d56ad39f7dc95a839c6b2876c3f2d73,task1_rgb_60x80_no_aug_v1,cross_entropy_unweighted_v1,20,20,18,macro_f1_124,0.5175998847353388,"{""macro_f1"":0.5175998847353388,""top1_accuracy"":0.8321379520830154,""top5_accuracy"":0.9734472760567678,""validation_loss"":1.2538132564379618,""weighted_f1"":0.8265420857847612}",889.3516451999894,1011.71484375,475516,results/task1/task1-cnn-task1_cnn_no_aug_unweighted_v1-f2-s2753-4a2ad5b813b3/checkpoint.pt,cfd4db3f1bfafdb288dd89c6e6ec97f58628dcd4e851a30490f27152fd893b11,results/task1/task1-cnn-task1_cnn_no_aug_unweighted_v1-f2-s2753-4a2ad5b813b3/predictions.csv,ae1590ec6da7d52a187137f6da6e66ec01adcd8de6bd2da9d2eb88983998bbe4,results/task1/task1-cnn-task1_cnn_no_aug_unweighted_v1-f2-s2753-4a2ad5b813b3/history.csv,42900fca52f46918ed99cf90d87277b68044f88a0a958f564b300f15d05c8c0d,completed,,,2026-09-05T16:07:02Z,2026-09-05T16:21:51Z,"{""cuda_available"":true,""cuda_runtime"":""13.0"",""cudnn_version"":92000,""executable"":""C:\\Users\\Khoa\\Documents\\MLA2\\.venv\\Scripts\\python.exe"",""gpu"":{""capability"":[7,5],""name"":""NVIDIA GeForce RTX 2070 SUPER"",""total_memory_bytes"":8589606912},""logical_cpu_count"":12,""packages"":{""numpy"":""2.5.2"",""pandas"":""3.0.5"",""pillow"":""12.3.0"",""scikit-image"":""0.26.0"",""scikit-learn"":""1.9.0"",""torch"":""2.12.1+cu130"",""torchvision"":null},""physical_cpu_count"":6,""platform"":""Windows-11-10.0.26200-SP0"",""processor"":""Intel64 Family 6 Model 165 Stepping 3, GenuineIntel"",""python"":""3.12.10"",""python_implementation"":""CPython"",""total_ram_bytes"":17084026880}"
task1-cnn-task1_cnn_no_aug_unweighted_v1-f3-s2753-cbd14501bc35,task1,experiment,task1-cnn-task1_cnn_no_aug_unweighted_v1,task1_small_cnn_v1,false,true,true,3,2753,d7d2b179642b10fd46d71981e20254b13fdf9e99,true,08ba2cd339ef74615a967dc88844a50b96d9dc9a247783c2c0ab276a66d05340,d76a49c6dc7999b4f286e94838a92c603d68c4f66179fde081028948f6a187db,88d32ad9a4509292b339baedbe7f21f3161ee0e25e4c753315518fb5b342c353,a3dc4b5da01a72a26dd8be272f1ca8a05d56ad39f7dc95a839c6b2876c3f2d73,task1_rgb_60x80_no_aug_v1,cross_entropy_unweighted_v1,20,20,19,macro_f1_124,0.5369938545634481,"{""macro_f1"":0.5369938545634481,""top1_accuracy"":0.84330180042722,""top5_accuracy"":0.9787915776624961,""validation_loss"":1.1684899897529528,""weighted_f1"":0.8397102884807383}",888.634676799993,1011.71484375,475516,results/task1/task1-cnn-task1_cnn_no_aug_unweighted_v1-f3-s2753-cbd14501bc35/checkpoint.pt,0cf2100d6b1f6fec1e32edcd24897c5e96f8fe611579457c1afbb22b1c4345b1,results/task1/task1-cnn-task1_cnn_no_aug_unweighted_v1-f3-s2753-cbd14501bc35/predictions.csv,76e9f51b1b6ab2af7411e3556050ac4d28b3168a520862266fe03d222f00c049,results/task1/task1-cnn-task1_cnn_no_aug_unweighted_v1-f3-s2753-cbd14501bc35/history.csv,ac8b5bf5593b8da4bfdbef2d60a588181dfc07eda5fd75b1bc0d80a7bf115d4d,completed,,,2026-09-05T16:21:52Z,2026-09-05T16:36:41Z,"{""cuda_available"":true,""cuda_runtime"":""13.0"",""cudnn_version"":92000,""executable"":""C:\\Users\\Khoa\\Documents\\MLA2\\.venv\\Scripts\\python.exe"",""gpu"":{""capability"":[7,5],""name"":""NVIDIA GeForce RTX 2070 SUPER"",""total_memory_bytes"":8589606912},""logical_cpu_count"":12,""packages"":{""numpy"":""2.5.2"",""pandas"":""3.0.5"",""pillow"":""12.3.0"",""scikit-image"":""0.26.0"",""scikit-learn"":""1.9.0"",""torch"":""2.12.1+cu130"",""torchvision"":null},""physical_cpu_count"":6,""platform"":""Windows-11-10.0.26200-SP0"",""processor"":""Intel64 Family 6 Model 165 Stepping 3, GenuineIntel"",""python"":""3.12.10"",""python_implementation"":""CPython"",""total_ram_bytes"":17084026880}"
task1-cnn-task1_cnn_no_aug_unweighted_v1-f4-s2753-15a400dd82cb,task1,experiment,task1-cnn-task1_cnn_no_aug_unweighted_v1,task1_small_cnn_v1,false,true,true,4,2753,d7d2b179642b10fd46d71981e20254b13fdf9e99,true,54855faa9b06660afe1ce114c5561f7b080cca1ecb02d908348591b95e3cdb2d,d76a49c6dc7999b4f286e94838a92c603d68c4f66179fde081028948f6a187db,88d32ad9a4509292b339baedbe7f21f3161ee0e25e4c753315518fb5b342c353,a3dc4b5da01a72a26dd8be272f1ca8a05d56ad39f7dc95a839c6b2876c3f2d73,task1_rgb_60x80_no_aug_v1,cross_entropy_unweighted_v1,20,20,20,macro_f1_124,0.5852399710799019,"{""macro_f1"":0.5852399710799019,""top1_accuracy"":0.8494738447460729,""top5_accuracy"":0.9807838950739668,""validation_loss"":1.1110617782060916,""weighted_f1"":0.8452540238356923}",911.9182307000156,1011.71484375,475516,results/task1/task1-cnn-task1_cnn_no_aug_unweighted_v1-f4-s2753-15a400dd82cb/checkpoint.pt,bc3937b9db6421d169073a3f39122d5b8746f63d0a7f91858de0f48a43f35c22,results/task1/task1-cnn-task1_cnn_no_aug_unweighted_v1-f4-s2753-15a400dd82cb/predictions.csv,37fdece998570d5b11f43c1769e39ee37e1d1738f7b6ed2deb0d08337ef66d6b,results/task1/task1-cnn-task1_cnn_no_aug_unweighted_v1-f4-s2753-15a400dd82cb/history.csv,470acd27413d7fcf18aefa6ace982f080e6a7e46ca5729b135bb45d4e8c0288f,completed,,,2026-09-05T16:36:42Z,2026-09-05T16:51:54Z,"{""cuda_available"":true,""cuda_runtime"":""13.0"",""cudnn_version"":92000,""executable"":""C:\\Users\\Khoa\\Documents\\MLA2\\.venv\\Scripts\\python.exe"",""gpu"":{""capability"":[7,5],""name"":""NVIDIA GeForce RTX 2070 SUPER"",""total_memory_bytes"":8589606912},""logical_cpu_count"":12,""packages"":{""numpy"":""2.5.2"",""pandas"":""3.0.5"",""pillow"":""12.3.0"",""scikit-image"":""0.26.0"",""scikit-learn"":""1.9.0"",""torch"":""2.12.1+cu130"",""torchvision"":null},""physical_cpu_count"":6,""platform"":""Windows-11-10.0.26200-SP0"",""processor"":""Intel64 Family 6 Model 165 Stepping 3, GenuineIntel"",""python"":""3.12.10"",""python_implementation"":""CPython"",""total_ram_bytes"":17084026880}"
task1-cnn-task1_cnn_mild_aug_unweighted_v1-f0-s2753-f2c7e21f5564,task1,experiment,task1-cnn-task1_cnn_mild_aug_unweighted_v1,task1_small_cnn_v1,false,true,true,0,2753,d7d2b179642b10fd46d71981e20254b13fdf9e99,true,e409ee49a94bb8e014287a5e827c3990520d024fd71f1e4e4d38c2e4673c0f81,d76a49c6dc7999b4f286e94838a92c603d68c4f66179fde081028948f6a187db,88d32ad9a4509292b339baedbe7f21f3161ee0e25e4c753315518fb5b342c353,a3dc4b5da01a72a26dd8be272f1ca8a05d56ad39f7dc95a839c6b2876c3f2d73,task1_rgb_60x80_mild_aug_v1,cross_entropy_unweighted_v1,20,20,19,macro_f1_124,0.5080677908805822,"{""macro_f1"":0.5080677908805822,""top1_accuracy"":0.8408362582023501,""top5_accuracy"":0.9795513505264765,""validation_loss"":0.5818117619133912,""weighted_f1"":0.8344926205760802}",1114.7468338999897,1011.71484375,475516,results/task1/task1-cnn-task1_cnn_mild_aug_unweighted_v1-f0-s2753-f2c7e21f5564/checkpoint.pt,5c97dcda2fd137ea283d5921f0b5ed43bedd40c18cb3f9dcfde93d1a71f9b3bd,results/task1/task1-cnn-task1_cnn_mild_aug_unweighted_v1-f0-s2753-f2c7e21f5564/predictions.csv,5df858848d92007ad961c2f1a6ae5d753eb7d5ef88851ee5f30c9699c9fa0f5f,results/task1/task1-cnn-task1_cnn_mild_aug_unweighted_v1-f0-s2753-f2c7e21f5564/history.csv,092767af4fac991f046068e57ea5089dc18223f94c101ea6fc0544dbb1fba37d,completed,,,2026-09-05T16:51:54Z,2026-09-05T17:10:29Z,"{""cuda_available"":true,""cuda_runtime"":""13.0"",""cudnn_version"":92000,""executable"":""C:\\Users\\Khoa\\Documents\\MLA2\\.venv\\Scripts\\python.exe"",""gpu"":{""capability"":[7,5],""name"":""NVIDIA GeForce RTX 2070 SUPER"",""total_memory_bytes"":8589606912},""logical_cpu_count"":12,""packages"":{""numpy"":""2.5.2"",""pandas"":""3.0.5"",""pillow"":""12.3.0"",""scikit-image"":""0.26.0"",""scikit-learn"":""1.9.0"",""torch"":""2.12.1+cu130"",""torchvision"":null},""physical_cpu_count"":6,""platform"":""Windows-11-10.0.26200-SP0"",""processor"":""Intel64 Family 6 Model 165 Stepping 3, GenuineIntel"",""python"":""3.12.10"",""python_implementation"":""CPython"",""total_ram_bytes"":17084026880}"
task1-cnn-task1_cnn_mild_aug_unweighted_v1-f1-s2753-f2c26f1489bd,task1,experiment,task1-cnn-task1_cnn_mild_aug_unweighted_v1,task1_small_cnn_v1,false,true,true,1,2753,d7d2b179642b10fd46d71981e20254b13fdf9e99,true,c7435ce3d47b05cef24dec4db8eba3fbd9d6d4fdd38eddbf8450baf0c18bc0fc,d76a49c6dc7999b4f286e94838a92c603d68c4f66179fde081028948f6a187db,88d32ad9a4509292b339baedbe7f21f3161ee0e25e4c753315518fb5b342c353,a3dc4b5da01a72a26dd8be272f1ca8a05d56ad39f7dc95a839c6b2876c3f2d73,task1_rgb_60x80_mild_aug_v1,cross_entropy_unweighted_v1,20,20,20,macro_f1_124,0.52163347825604,"{""macro_f1"":0.52163347825604,""top1_accuracy"":0.8486882245271506,""top5_accuracy"":0.984136668700427,""validation_loss"":0.5542900163966876,""weighted_f1"":0.8436484131529811}",1114.6129750999971,1011.71484375,475516,results/task1/task1-cnn-task1_cnn_mild_aug_unweighted_v1-f1-s2753-f2c26f1489bd/checkpoint.pt,8fa81bcaa55beaec69800f1f733caf373368faaa328ef70f61443d766751b23b,results/task1/task1-cnn-task1_cnn_mild_aug_unweighted_v1-f1-s2753-f2c26f1489bd/predictions.csv,24bcf28f9316d09eccdeaf2b28de7fe4194dbac420da6a29f3fa519ef7fa05d0,results/task1/task1-cnn-task1_cnn_mild_aug_unweighted_v1-f1-s2753-f2c26f1489bd/history.csv,22b46e9c8bb878caf47c29d625628ebd9acced9413a53a2ddda46308a240af4b,completed,,,2026-09-05T17:10:30Z,2026-09-05T17:29:04Z,"{""cuda_available"":true,""cuda_runtime"":""13.0"",""cudnn_version"":92000,""executable"":""C:\\Users\\Khoa\\Documents\\MLA2\\.venv\\Scripts\\python.exe"",""gpu"":{""capability"":[7,5],""name"":""NVIDIA GeForce RTX 2070 SUPER"",""total_memory_bytes"":8589606912},""logical_cpu_count"":12,""packages"":{""numpy"":""2.5.2"",""pandas"":""3.0.5"",""pillow"":""12.3.0"",""scikit-image"":""0.26.0"",""scikit-learn"":""1.9.0"",""torch"":""2.12.1+cu130"",""torchvision"":null},""physical_cpu_count"":6,""platform"":""Windows-11-10.0.26200-SP0"",""processor"":""Intel64 Family 6 Model 165 Stepping 3, GenuineIntel"",""python"":""3.12.10"",""python_implementation"":""CPython"",""total_ram_bytes"":17084026880}"
task1-cnn-task1_cnn_mild_aug_unweighted_v1-f2-s2753-692a6f40bb5d,task1,experiment,task1-cnn-task1_cnn_mild_aug_unweighted_v1,task1_small_cnn_v1,false,true,true,2,2753,d7d2b179642b10fd46d71981e20254b13fdf9e99,true,fe7d1e9ae128bd79bd03e6b984d00bf8a528095aace14310e4f731404c532719,d76a49c6dc7999b4f286e94838a92c603d68c4f66179fde081028948f6a187db,88d32ad9a4509292b339baedbe7f21f3161ee0e25e4c753315518fb5b342c353,a3dc4b5da01a72a26dd8be272f1ca8a05d56ad39f7dc95a839c6b2876c3f2d73,task1_rgb_60x80_mild_aug_v1,cross_entropy_unweighted_v1,20,20,17,macro_f1_124,0.5232512734343034,"{""macro_f1"":0.5232512734343034,""top1_accuracy"":0.8365634060735541,""top5_accuracy"":0.9784831374942774,""validation_loss"":0.6792894859726613,""weighted_f1"":0.829862279483676}",1120.2734422000358,1011.71484375,475516,results/task1/task1-cnn-task1_cnn_mild_aug_unweighted_v1-f2-s2753-692a6f40bb5d/checkpoint.pt,b8ab649abebeaeace2b0b76079538b8abb2bcee172fe7bf7ab04033beb699be2,results/task1/task1-cnn-task1_cnn_mild_aug_unweighted_v1-f2-s2753-692a6f40bb5d/predictions.csv,362e5e748d72fc8768ba8f1ec4dfbf16eec97489494b1c64f72e23d727119f8e,results/task1/task1-cnn-task1_cnn_mild_aug_unweighted_v1-f2-s2753-692a6f40bb5d/history.csv,ec829911355ba02fc187b52777b653e12a79206aa26cbcdebd2ffc287e5c7d06,completed,,,2026-09-05T17:29:05Z,2026-09-05T17:47:45Z,"{""cuda_available"":true,""cuda_runtime"":""13.0"",""cudnn_version"":92000,""executable"":""C:\\Users\\Khoa\\Documents\\MLA2\\.venv\\Scripts\\python.exe"",""gpu"":{""capability"":[7,5],""name"":""NVIDIA GeForce RTX 2070 SUPER"",""total_memory_bytes"":8589606912},""logical_cpu_count"":12,""packages"":{""numpy"":""2.5.2"",""pandas"":""3.0.5"",""pillow"":""12.3.0"",""scikit-image"":""0.26.0"",""scikit-learn"":""1.9.0"",""torch"":""2.12.1+cu130"",""torchvision"":null},""physical_cpu_count"":6,""platform"":""Windows-11-10.0.26200-SP0"",""processor"":""Intel64 Family 6 Model 165 Stepping 3, GenuineIntel"",""python"":""3.12.10"",""python_implementation"":""CPython"",""total_ram_bytes"":17084026880}"
task1-cnn-task1_cnn_mild_aug_unweighted_v1-f3-s2753-5a03cc0c3f2d,task1,experiment,task1-cnn-task1_cnn_mild_aug_unweighted_v1,task1_small_cnn_v1,false,true,true,3,2753,d7d2b179642b10fd46d71981e20254b13fdf9e99,true,9741ec9e1d449f6e4e1c083946ccd1231645645cbaa3c8ce46f5bb2d5fbbf960,d76a49c6dc7999b4f286e94838a92c603d68c4f66179fde081028948f6a187db,88d32ad9a4509292b339baedbe7f21f3161ee0e25e4c753315518fb5b342c353,a3dc4b5da01a72a26dd8be272f1ca8a05d56ad39f7dc95a839c6b2876c3f2d73,task1_rgb_60x80_mild_aug_v1,cross_entropy_unweighted_v1,20,20,15,macro_f1_124,0.5088911524813756,"{""macro_f1"":0.5088911524813756,""top1_accuracy"":0.8379615501983522,""top5_accuracy"":0.9806225205981081,""validation_loss"":0.5980437125724095,""weighted_f1"":0.8346359545159628}",1113.4740087999962,1011.71484375,475516,results/task1/task1-cnn-task1_cnn_mild_aug_unweighted_v1-f3-s2753-5a03cc0c3f2d/checkpoint.pt,c12ec9b018f55cda1318fc6efa3a872945c6637aeab883e6c23c675956269d3e,results/task1/task1-cnn-task1_cnn_mild_aug_unweighted_v1-f3-s2753-5a03cc0c3f2d/predictions.csv,bfd770aa29bec7fc0c73385540c5c343a5c4b0b3854ab3af1ba36620bc04f974,results/task1/task1-cnn-task1_cnn_mild_aug_unweighted_v1-f3-s2753-5a03cc0c3f2d/history.csv,964936e6ec2d5c8e39bcd208a4b8ed893fa482d64f9ba4810d11e48937c8e4c8,completed,,,2026-09-05T17:47:46Z,2026-09-05T18:06:20Z,"{""cuda_available"":true,""cuda_runtime"":""13.0"",""cudnn_version"":92000,""executable"":""C:\\Users\\Khoa\\Documents\\MLA2\\.venv\\Scripts\\python.exe"",""gpu"":{""capability"":[7,5],""name"":""NVIDIA GeForce RTX 2070 SUPER"",""total_memory_bytes"":8589606912},""logical_cpu_count"":12,""packages"":{""numpy"":""2.5.2"",""pandas"":""3.0.5"",""pillow"":""12.3.0"",""scikit-image"":""0.26.0"",""scikit-learn"":""1.9.0"",""torch"":""2.12.1+cu130"",""torchvision"":null},""physical_cpu_count"":6,""platform"":""Windows-11-10.0.26200-SP0"",""processor"":""Intel64 Family 6 Model 165 Stepping 3, GenuineIntel"",""python"":""3.12.10"",""python_implementation"":""CPython"",""total_ram_bytes"":17084026880}"
task1-cnn-task1_cnn_mild_aug_unweighted_v1-f4-s2753-46fe12567d54,task1,experiment,task1-cnn-task1_cnn_mild_aug_unweighted_v1,task1_small_cnn_v1,false,true,true,4,2753,d7d2b179642b10fd46d71981e20254b13fdf9e99,true,5b213b6459092a66386de272ea5d3575c4ba1f18a38eb78231159b13446f620b,d76a49c6dc7999b4f286e94838a92c603d68c4f66179fde081028948f6a187db,88d32ad9a4509292b339baedbe7f21f3161ee0e25e4c753315518fb5b342c353,a3dc4b5da01a72a26dd8be272f1ca8a05d56ad39f7dc95a839c6b2876c3f2d73,task1_rgb_60x80_mild_aug_v1,cross_entropy_unweighted_v1,20,20,20,macro_f1_124,0.5470785725810239,"{""macro_f1"":0.5470785725810239,""top1_accuracy"":0.8505414061308525,""top5_accuracy"":0.9818514564587464,""validation_loss"":0.6048234543548181,""weighted_f1"":0.8441058743229771}",1114.2645941999508,1011.71484375,475516,results/task1/task1-cnn-task1_cnn_mild_aug_unweighted_v1-f4-s2753-46fe12567d54/checkpoint.pt,b6b7bc134f296c54e138f5fc17ea1a616abba728c2ad24c623037f088d8bb7b7,results/task1/task1-cnn-task1_cnn_mild_aug_unweighted_v1-f4-s2753-46fe12567d54/predictions.csv,6143396d27bb2bddb912b8b4a6f2dadb8cf3a1de99ee5124ff80e0407000c8ce,results/task1/task1-cnn-task1_cnn_mild_aug_unweighted_v1-f4-s2753-46fe12567d54/history.csv,fb46bf14226a6fbe1426d47925de05eae1dd7ef612c0e601edfee8ed4c56baea,completed,,,2026-09-05T18:06:20Z,2026-09-05T18:24:55Z,"{""cuda_available"":true,""cuda_runtime"":""13.0"",""cudnn_version"":92000,""executable"":""C:\\Users\\Khoa\\Documents\\MLA2\\.venv\\Scripts\\python.exe"",""gpu"":{""capability"":[7,5],""name"":""NVIDIA GeForce RTX 2070 SUPER"",""total_memory_bytes"":8589606912},""logical_cpu_count"":12,""packages"":{""numpy"":""2.5.2"",""pandas"":""3.0.5"",""pillow"":""12.3.0"",""scikit-image"":""0.26.0"",""scikit-learn"":""1.9.0"",""torch"":""2.12.1+cu130"",""torchvision"":null},""physical_cpu_count"":6,""platform"":""Windows-11-10.0.26200-SP0"",""processor"":""Intel64 Family 6 Model 165 Stepping 3, GenuineIntel"",""python"":""3.12.10"",""python_implementation"":""CPython"",""total_ram_bytes"":17084026880}"
task1-cnn-task1_cnn_mild_aug_balanced_weighted_v1-f0-s2753-3ee5a5fe81b3,task1,experiment,task1-cnn-task1_cnn_mild_aug_balanced_weighted_v1,task1_small_cnn_v1,false,true,true,0,2753,d7d2b179642b10fd46d71981e20254b13fdf9e99,true,f712058f707dd63380fe02b685dab490391c41e048271c39cfa85262c641b449,d76a49c6dc7999b4f286e94838a92c603d68c4f66179fde081028948f6a187db,88d32ad9a4509292b339baedbe7f21f3161ee0e25e4c753315518fb5b342c353,a3dc4b5da01a72a26dd8be272f1ca8a05d56ad39f7dc95a839c6b2876c3f2d73,task1_rgb_60x80_mild_aug_v1,cross_entropy_balanced_class_weighted_v1,20,20,20,macro_f1_124,0.4520946874672633,"{""macro_f1"":0.4520946874672633,""top1_accuracy"":0.6908286281092629,""top5_accuracy"":0.9560506638180986,""validation_loss"":1.0636346661127531,""weighted_f1"":0.7145398753111516}",1109.7424651000183,1011.71533203125,475516,results/task1/task1-cnn-task1_cnn_mild_aug_balanced_weighted_v1-f0-s2753-3ee5a5fe81b3/checkpoint.pt,e0e948951a1fbdd1f49ac777c112d43bd55f613ce591b6eeb82804f3b9fb2ce5,results/task1/task1-cnn-task1_cnn_mild_aug_balanced_weighted_v1-f0-s2753-3ee5a5fe81b3/predictions.csv,38934e70b3e66cb08c8ee31659d3116fa3ef2271b292cafe3c7473ccb80b46ef,results/task1/task1-cnn-task1_cnn_mild_aug_balanced_weighted_v1-f0-s2753-3ee5a5fe81b3/history.csv,09b1f4ccd067d338c8de8afe6417bb4157df5eca96850ad3c7b2a4fb537f2276,completed,,,2026-09-05T20:48:13Z,2026-09-05T21:06:43Z,"{""cuda_available"":true,""cuda_runtime"":""13.0"",""cudnn_version"":92000,""executable"":""C:\\Users\\Khoa\\Documents\\MLA2\\.venv\\Scripts\\python.exe"",""gpu"":{""capability"":[7,5],""name"":""NVIDIA GeForce RTX 2070 SUPER"",""total_memory_bytes"":8589606912},""logical_cpu_count"":12,""packages"":{""numpy"":""2.5.2"",""pandas"":""3.0.5"",""pillow"":""12.3.0"",""scikit-image"":""0.26.0"",""scikit-learn"":""1.9.0"",""torch"":""2.12.1+cu130"",""torchvision"":null},""physical_cpu_count"":6,""platform"":""Windows-11-10.0.26200-SP0"",""processor"":""Intel64 Family 6 Model 165 Stepping 3, GenuineIntel"",""python"":""3.12.10"",""python_implementation"":""CPython"",""total_ram_bytes"":17084026880}"
task1-cnn-task1_cnn_mild_aug_balanced_weighted_v1-f1-s2753-bbb859949c56,task1,experiment,task1-cnn-task1_cnn_mild_aug_balanced_weighted_v1,task1_small_cnn_v1,false,true,true,1,2753,d7d2b179642b10fd46d71981e20254b13fdf9e99,true,2bdad63ee76d7ef3b226d454d08e071e341aa8ae550bae97243244b944b167c6,d76a49c6dc7999b4f286e94838a92c603d68c4f66179fde081028948f6a187db,88d32ad9a4509292b339baedbe7f21f3161ee0e25e4c753315518fb5b342c353,a3dc4b5da01a72a26dd8be272f1ca8a05d56ad39f7dc95a839c6b2876c3f2d73,task1_rgb_60x80_mild_aug_v1,cross_entropy_balanced_class_weighted_v1,20,20,20,macro_f1_124,0.467498645810433,"{""macro_f1"":0.467498645810433,""top1_accuracy"":0.7063758389261745,""top5_accuracy"":0.9562233068944478,""validation_loss"":1.0632522805378988,""weighted_f1"":0.7278181589453513}",1107.7921300000162,1011.71533203125,475516,results/task1/task1-cnn-task1_cnn_mild_aug_balanced_weighted_v1-f1-s2753-bbb859949c56/checkpoint.pt,4ed6f43311cab4aade510c665595d77e702b613154521d7bbd93996667c157c2,results/task1/task1-cnn-task1_cnn_mild_aug_balanced_weighted_v1-f1-s2753-bbb859949c56/predictions.csv,3538cebc8b804512896653e1e33145a89cb4fda03d4e26d1802754606c56d3b3,results/task1/task1-cnn-task1_cnn_mild_aug_balanced_weighted_v1-f1-s2753-bbb859949c56/history.csv,cb7926f8556e3b824bd88e6e094d09a7173c45a3ddf64678927f25b454945836,completed,,,2026-09-05T21:06:44Z,2026-09-05T21:25:12Z,"{""cuda_available"":true,""cuda_runtime"":""13.0"",""cudnn_version"":92000,""executable"":""C:\\Users\\Khoa\\Documents\\MLA2\\.venv\\Scripts\\python.exe"",""gpu"":{""capability"":[7,5],""name"":""NVIDIA GeForce RTX 2070 SUPER"",""total_memory_bytes"":8589606912},""logical_cpu_count"":12,""packages"":{""numpy"":""2.5.2"",""pandas"":""3.0.5"",""pillow"":""12.3.0"",""scikit-image"":""0.26.0"",""scikit-learn"":""1.9.0"",""torch"":""2.12.1+cu130"",""torchvision"":null},""physical_cpu_count"":6,""platform"":""Windows-11-10.0.26200-SP0"",""processor"":""Intel64 Family 6 Model 165 Stepping 3, GenuineIntel"",""python"":""3.12.10"",""python_implementation"":""CPython"",""total_ram_bytes"":17084026880}"
task1-cnn-task1_cnn_mild_aug_balanced_weighted_v1-f2-s2753-0b41fbf934d5,task1,experiment,task1-cnn-task1_cnn_mild_aug_balanced_weighted_v1,task1_small_cnn_v1,false,true,true,2,2753,d7d2b179642b10fd46d71981e20254b13fdf9e99,true,19441200b0efe3fb3e9943bc030dac0e592618c55bb848dd3554113036d37660,d76a49c6dc7999b4f286e94838a92c603d68c4f66179fde081028948f6a187db,88d32ad9a4509292b339baedbe7f21f3161ee0e25e4c753315518fb5b342c353,a3dc4b5da01a72a26dd8be272f1ca8a05d56ad39f7dc95a839c6b2876c3f2d73,task1_rgb_60x80_mild_aug_v1,cross_entropy_balanced_class_weighted_v1,20,20,16,macro_f1_124,0.4278424930624588,"{""macro_f1"":0.4278424930624588,""top1_accuracy"":0.6500839310239585,""top5_accuracy"":0.9392644590264001,""validation_loss"":1.2626816504276717,""weighted_f1"":0.6722935791576138}",1106.033816799987,1011.71533203125,475516,results/task1/task1-cnn-task1_cnn_mild_aug_balanced_weighted_v1-f2-s2753-0b41fbf934d5/checkpoint.pt,2fbbc89f2eca3cf6f78911209416ab792bd56be52058568e879474c44e2037d7,results/task1/task1-cnn-task1_cnn_mild_aug_balanced_weighted_v1-f2-s2753-0b41fbf934d5/predictions.csv,2d07bf7f97770485fb3ef669f1c3533aad02743709b1618b55b7c533bc0953b8,results/task1/task1-cnn-task1_cnn_mild_aug_balanced_weighted_v1-f2-s2753-0b41fbf934d5/history.csv,c6defc1ade5b351719f668e48a0223b09316f26b783dd53e33e0e2338f5e4e6a,completed,,,2026-09-05T21:25:12Z,2026-09-05T21:43:39Z,"{""cuda_available"":true,""cuda_runtime"":""13.0"",""cudnn_version"":92000,""executable"":""C:\\Users\\Khoa\\Documents\\MLA2\\.venv\\Scripts\\python.exe"",""gpu"":{""capability"":[7,5],""name"":""NVIDIA GeForce RTX 2070 SUPER"",""total_memory_bytes"":8589606912},""logical_cpu_count"":12,""packages"":{""numpy"":""2.5.2"",""pandas"":""3.0.5"",""pillow"":""12.3.0"",""scikit-image"":""0.26.0"",""scikit-learn"":""1.9.0"",""torch"":""2.12.1+cu130"",""torchvision"":null},""physical_cpu_count"":6,""platform"":""Windows-11-10.0.26200-SP0"",""processor"":""Intel64 Family 6 Model 165 Stepping 3, GenuineIntel"",""python"":""3.12.10"",""python_implementation"":""CPython"",""total_ram_bytes"":17084026880}"
task1-cnn-task1_cnn_mild_aug_balanced_weighted_v1-f3-s2753-4755f42b965d,task1,experiment,task1-cnn-task1_cnn_mild_aug_balanced_weighted_v1,task1_small_cnn_v1,false,true,true,3,2753,d7d2b179642b10fd46d71981e20254b13fdf9e99,true,aee139a6c5bef6cd8a85507cf67f0db5c006bb666c41ecbf32861da8b9c062da,d76a49c6dc7999b4f286e94838a92c603d68c4f66179fde081028948f6a187db,88d32ad9a4509292b339baedbe7f21f3161ee0e25e4c753315518fb5b342c353,a3dc4b5da01a72a26dd8be272f1ca8a05d56ad39f7dc95a839c6b2876c3f2d73,task1_rgb_60x80_mild_aug_v1,cross_entropy_balanced_class_weighted_v1,20,20,19,macro_f1_124,0.4595759250685238,"{""macro_f1"":0.4595759250685238,""top1_accuracy"":0.6959108941104669,""top5_accuracy"":0.9569728410131217,""validation_loss"":1.089558533177926,""weighted_f1"":0.7203591124507972}",1112.4726842000382,1011.71533203125,475516,results/task1/task1-cnn-task1_cnn_mild_aug_balanced_weighted_v1-f3-s2753-4755f42b965d/checkpoint.pt,f19b8a08acdb561e261d8e7c5a0467c79ea71c8b533ded167fbbfcd87ae46619,results/task1/task1-cnn-task1_cnn_mild_aug_balanced_weighted_v1-f3-s2753-4755f42b965d/predictions.csv,b64e18082ede2a860df0860ec04f30185e1ccf57f93c60184be9839c41d1c615,results/task1/task1-cnn-task1_cnn_mild_aug_balanced_weighted_v1-f3-s2753-4755f42b965d/history.csv,a2d2a68a4f6b445bf2ac9e22d9da3fe614a41b38e7b74708cdb3a1ce44937f23,completed,,,2026-09-05T21:43:39Z,2026-09-05T22:02:12Z,"{""cuda_available"":true,""cuda_runtime"":""13.0"",""cudnn_version"":92000,""executable"":""C:\\Users\\Khoa\\Documents\\MLA2\\.venv\\Scripts\\python.exe"",""gpu"":{""capability"":[7,5],""name"":""NVIDIA GeForce RTX 2070 SUPER"",""total_memory_bytes"":8589606912},""logical_cpu_count"":12,""packages"":{""numpy"":""2.5.2"",""pandas"":""3.0.5"",""pillow"":""12.3.0"",""scikit-image"":""0.26.0"",""scikit-learn"":""1.9.0"",""torch"":""2.12.1+cu130"",""torchvision"":null},""physical_cpu_count"":6,""platform"":""Windows-11-10.0.26200-SP0"",""processor"":""Intel64 Family 6 Model 165 Stepping 3, GenuineIntel"",""python"":""3.12.10"",""python_implementation"":""CPython"",""total_ram_bytes"":17084026880}"
task1-cnn-task1_cnn_mild_aug_balanced_weighted_v1-f4-s2753-89abf6776fe5,task1,experiment,task1-cnn-task1_cnn_mild_aug_balanced_weighted_v1,task1_small_cnn_v1,false,true,true,4,2753,d7d2b179642b10fd46d71981e20254b13fdf9e99,true,a263795995b1d98ed1591e7f6fabd3fd2e7e3c777aa73265a1b21906b543af1f,d76a49c6dc7999b4f286e94838a92c603d68c4f66179fde081028948f6a187db,88d32ad9a4509292b339baedbe7f21f3161ee0e25e4c753315518fb5b342c353,a3dc4b5da01a72a26dd8be272f1ca8a05d56ad39f7dc95a839c6b2876c3f2d73,task1_rgb_60x80_mild_aug_v1,cross_entropy_balanced_class_weighted_v1,20,20,20,macro_f1_124,0.47505279368807746,"{""macro_f1"":0.47505279368807746,""top1_accuracy"":0.7143510751868233,""top5_accuracy"":0.9539423516852219,""validation_loss"":1.0763819057207842,""weighted_f1"":0.734377766779163}",1106.3494801000343,1011.71533203125,475516,results/task1/task1-cnn-task1_cnn_mild_aug_balanced_weighted_v1-f4-s2753-89abf6776fe5/checkpoint.pt,d945f5b3bb538919e0f14138a2f0402cab588e66b9bf269135262da8612c5e65,results/task1/task1-cnn-task1_cnn_mild_aug_balanced_weighted_v1-f4-s2753-89abf6776fe5/predictions.csv,d84df7560e1c40d7249f40e9087ec18858b6685910f171e078cfb57876f22e09,results/task1/task1-cnn-task1_cnn_mild_aug_balanced_weighted_v1-f4-s2753-89abf6776fe5/history.csv,a7ef15d026a0add15431af368bb8bf95552e61409e7fd2de37808ce00acb8c07,completed,,,2026-09-05T22:02:12Z,2026-09-05T22:20:39Z,"{""cuda_available"":true,""cuda_runtime"":""13.0"",""cudnn_version"":92000,""executable"":""C:\\Users\\Khoa\\Documents\\MLA2\\.venv\\Scripts\\python.exe"",""gpu"":{""capability"":[7,5],""name"":""NVIDIA GeForce RTX 2070 SUPER"",""total_memory_bytes"":8589606912},""logical_cpu_count"":12,""packages"":{""numpy"":""2.5.2"",""pandas"":""3.0.5"",""pillow"":""12.3.0"",""scikit-image"":""0.26.0"",""scikit-learn"":""1.9.0"",""torch"":""2.12.1+cu130"",""torchvision"":null},""physical_cpu_count"":6,""platform"":""Windows-11-10.0.26200-SP0"",""processor"":""Intel64 Family 6 Model 165 Stepping 3, GenuineIntel"",""python"":""3.12.10"",""python_implementation"":""CPython"",""total_ram_bytes"":17084026880}"
