source,source_id,source_group_id,source_title,source_article_type,source_label,label_evidence,label_strength,source_url,image_url,original_path,original_sha256,width,height,rights_basis,source_record_id,source_category_path,source_specs,attribution,license_url,dataset_url,source_category,source_brand,image_format,main_image_id,source_model_number,mixed_use,visual_qa_flags,external_id,visual_decision,visual_flags,selection_reason,file_sha256,pixel_sha256,view_pixel_sha256,crop_pixel_sha256,dhash_hex,ahash_hex,view_dhash_hex,view_ahash_hex,crop_dhash_hex,crop_ahash_hex,original_width,original_height,external_group_id,teacher_overlap,admission_reason,accepted
flipkart_party,BRAEBG4DCHJMRYZZ,flipkart_meta_0465ec6a592bec9e,Glus Fillet Women's Plunge Bra,Bra,Party,"[""Party""]",source_exact_occasion,http://www.flipkart.com/glus-fillet-women-s-plunge-bra/p/itmebg4dshe7cbhv?pid=BRAEBG4DCHJMRYZZ,http://img6a.flixcart.com/image/bra/u/g/z/gp1378agr-glus-34b-original-imaebhdmr2nmfdch.jpeg,data/external/rare_usage_20260906/flipkart_party/originals/BRAEBG4DCHJMRYZZ.image,e18d88af69718a084d61cb77716222609931e141f26bf7a8a283ec3efc727f74,1500,1000,Publisher metadata CC BY-SA 4.0; remote photo rights scope not established,42b9ce9ddc2735d6da719841be80aaa3,"Clothing >> Women's Clothing >> Lingerie, Sleep & Swimwear >> Bras >> Glus Bras","[{""key"": ""Brand Color"", ""value"": ""Grey""}, {""key"": ""color"", ""value"": ""Grey""}, {""key"": ""Pattern"", ""value"": ""Striped""}, {""key"": ""Ideal For"", ""value"": ""Women's""}, {""key"": ""Occasion"", ""value"": ""Party""}, {""key"": ""Wire Support"", ""value"": ""Underwire""}, {""key"": ""Inner Lining"", ""value"": ""Polycotton""}, {""key"": ""Straps"", ""value"": ""Multiway""}, {""key"": ""Detachable Straps"", ""value"": ""Yes""}, {""key"": ""Other Bra Details"", ""value"": ""Perfect T-Shirt Bra""}, {""key"": ""Number of Contents in Sales Package"", ""value"": ""Pack of 1""}, {""key"": ""Cup Type"", ""value"": ""Soft Padded Cups""}, {""key"": ""Fabric"", ""value"": ""Polyamide, Elastane""}, {""key"": ""Type"", ""value"": ""Plunge Bra""}, {""key"": ""Seam Type"", ""value"": ""Seamless""}, {""key"": ""Design"", ""value"": ""Plung Neck Balconette Underwire Bra""}, {""value"": ""Gentle Machine Wash in Lukewarm Water, Do Not Bleach""}, {""value"": ""No Seamline- No Show Through. Perfect Finish -T-Shirt Bra .Balconette Underwire Plung Neck Bra .Detachable Straps To Wear It Regular and Criss Cross Way.""}, {""value"": ""Bra""}]","Flipkart Products, PromptCloud / PromptCloudHQ, version 1, via Kaggle",https://creativecommons.org/licenses/by-sa/4.0/,https://www.kaggle.com/datasets/PromptCloudHQ/flipkart-products,,,,,,,,flipkart_party:BRAEBG4DCHJMRYZZ,keep,single_product_presentation,,e18d88af69718a084d61cb77716222609931e141f26bf7a8a283ec3efc727f74,ab7e04b933da82822ae4dc10f05fb3abaf85fe1a6eb231a88991a4d9bd3602ae,40d956e5b586ae9b10fc60b1d44480466051ca216c7526925bde43cc7daf82bf,75fc49151c903573fa7ace12747c2e1d078f5e4d7576ef9fccb04f5fb7e74a2d,2b2b232b33333333,ffffffffdb818183,00202b2333330002,ffffffff8181ffff,5444404471717171,ffffffffbc080008,1500,1000,external_family_586d13c951d93b15f8d9,False,,True
flipkart_party,BZREHJ6ZXZ9YWZFB,flipkart_meta_0b4e5cf89a9ca99c,Blackberrys Self Design Single Breasted Party Men's Blazer,Blazers,Party,"[""Party""]",source_exact_occasion,http://www.flipkart.com/blackberrys-self-design-single-breasted-party-men-s-blazer/p/itmehj6zkfypdmhb?pid=BZREHJ6ZXZ9YWZFB,http://img6a.flixcart.com/image/blazer/z/f/b/nl-hublot2-bler28l-blackberrys-40-1000x1000-imaehj4n5zphkfrw.jpeg,data/external/rare_usage_20260906/flipkart_party/originals/BZREHJ6ZXZ9YWZFB.image,5cb39dddeda04a524ef782989c0eb4098bc5ff5b4782c95d864ce19dfe639948,650,1000,Publisher metadata CC BY-SA 4.0; remote photo rights scope not established,96cbaf12abab40af6bcb5089f65964c6,Clothing >> Men's Clothing >> Suits & Blazers >> Blazers >> Blackberrys Blazers >> Blackberrys Self Design Single Breasted Party Me...,"[{""key"": ""Pattern"", ""value"": ""Self Design""}, {""key"": ""Ideal For"", ""value"": ""Men's""}, {""key"": ""Occasion"", ""value"": ""Party""}, {""key"": ""Sleeve"", ""value"": ""Full Sleeve""}, {""key"": ""Number of Contents in Sales Package"", ""value"": ""Pack of 1""}, {""key"": ""Fabric"", ""value"": ""87% Polyester, 13% Rayon""}, {""key"": ""Type"", ""value"": ""Single Breasted""}, {""value"": ""Dry Clean Only""}, {""key"": ""Style Code"", ""value"": ""NL-HUBLOT2:BLER28L""}, {""value"": ""1 Blazer""}]","Flipkart Products, PromptCloud / PromptCloudHQ, version 1, via Kaggle",https://creativecommons.org/licenses/by-sa/4.0/,https://www.kaggle.com/datasets/PromptCloudHQ/flipkart-products,,,,,,,,flipkart_party:BZREHJ6ZXZ9YWZFB,keep,model_worn_outfit_context,,5cb39dddeda04a524ef782989c0eb4098bc5ff5b4782c95d864ce19dfe639948,fd819185178dbee8abe9136ebd5933888d4ac02a083449399fa29098c1b97b91,66c2c3b8ee00dcbbeb592e65d6a85345f02c5ee509f34b1f6fdadd9416aa92b6,cc0b9a704a3208839cb7a696abe185f74676dace138c7f99aa4a49ff798088db,4d4c173335339796,e7ffc3818181c3c3,4d4d973333139696,e7ffc3c18181c3c3,4f0c133133139b9b,e7ffc1818089c1c1,650,1000,external_family_7b486b90bcf5e522e0b3,False,,True
flipkart_party,SNDEHZKGKGHDFG57,flipkart_meta_35284750f34786e4,Funku Fashion Women Heels,Heels,Party,"[""Party""]",source_exact_occasion,http://www.flipkart.com/funku-fashion-women-heels/p/itmehzkgcmjh5jzy?pid=SNDEHZKGKGHDFG57,http://img6a.flixcart.com/image/sandal/7/r/r/gold-ff-d-1004-funku-fashion-41-original-imaehzk2pc5mhwdy.jpeg,data/external/rare_usage_20260906/flipkart_party/originals/SNDEHZKGKGHDFG57.image,3ea7e285b916eb50dd598bfc2214676df0f56d494d8846a185d0cbe724e34c91,1437,1598,Publisher metadata CC BY-SA 4.0; remote photo rights scope not established,203f3118ce1eeefcf778cc67c557c04a,Footwear >> Women's Footwear >> Heels >> Funku Fashion Women Heels,"[{""key"": ""Ideal For"", ""value"": ""Women""}, {""key"": ""Occasion"", ""value"": ""Party""}, {""key"": ""Sole Material"", ""value"": ""Sheet""}, {""key"": ""Number of Contents in Sales Package"", ""value"": ""Pack of 1""}, {""key"": ""Weight"", ""value"": ""400 g (per single Sandal) - Weight of the product may vary depending on size.""}, {""key"": ""Type"", ""value"": ""Heels""}, {""key"": ""Inner Material"", ""value"": ""Synthetic""}, {""key"": ""Heel Height"", ""value"": ""4 inch""}, {""key"": ""Outer Material"", ""value"": ""Artificial Leather""}, {""key"": ""Insole Material"", ""value"": ""Sheet""}, {""key"": ""Color"", ""value"": ""Gold""}, {""value"": ""2 Sandals""}]","Flipkart Products, PromptCloud / PromptCloudHQ, version 1, via Kaggle",https://creativecommons.org/licenses/by-sa/4.0/,https://www.kaggle.com/datasets/PromptCloudHQ/flipkart-products,,,,,,,,flipkart_party:SNDEHZKGKGHDFG57,keep,single_product_presentation,,3ea7e285b916eb50dd598bfc2214676df0f56d494d8846a185d0cbe724e34c91,e1926b9d622ef5df2de945271224167978a687da58bdd5075a1a1a45ea89b8a6,235d2f0636c3eb71fa3f20a1944ba6cf5220135e23d2073edab89ae46a2bdb10,eaf051d69a71666f4a37831168f52d781fbb90885c286d30617d4539086107e7,38ca693673535903,1fef0f0f1108e4f9,709a483e73530b43,ff0f0f0f0100e1ff,30ca691e73535c03,1fef0f0f1108eef1,1437,1598,external_family_28a99556cf2a7ae361a0,False,,True
flipkart_party,CAPE8HYQSXRDAGGC,flipkart_meta_354843c029b983b2,Truk Fit Self Design Truck Cap,Caps,Party,"[""Party""]",source_exact_occasion,http://www.flipkart.com/truk-fit-self-design-truck-cap/p/itme8hyqvkd6ztsd?pid=CAPE8HYQSXRDAGGC,http://img5a.flixcart.com/image/cap/g/g/c/1-1-trukfit-trukfit-free-original-imae8jtzuvncvffj.jpeg,data/external/rare_usage_20260906/flipkart_party/originals/CAPE8HYQSXRDAGGC.image,2f7c6bef01515a107404de2f4f6b5e9fc05c05e972067348ce9f0d5ef729a065,729,532,Publisher metadata CC BY-SA 4.0; remote photo rights scope not established,bce78e928043701f8028796c26f2ecd4,Clothing >> Men's Clothing >> Accessories & Combo Sets >> Caps >> Truk Fit Caps,"[{""key"": ""Fastener"", ""value"": ""Adjustable Strap At Back""}, {""key"": ""Number of Contents in Sales Package"", ""value"": ""Pack of 1""}, {""key"": ""Fabric"", ""value"": ""Cotton""}, {""key"": ""Type"", ""value"": ""Truck""}, {""key"": ""Design"", ""value"": ""Acrylic Silver Shining Lobo At Front And Down""}, {""key"": ""Pattern"", ""value"": ""Self Design""}, {""key"": ""Occasion"", ""value"": ""Party""}, {""key"": ""Ideal For"", ""value"": ""Men's""}, {""value"": ""1 Cap""}, {""key"": ""Style Code"", ""value"": ""TRUKFIT""}, {""value"": ""Wash With Hand""}]","Flipkart Products, PromptCloud / PromptCloudHQ, version 1, via Kaggle",https://creativecommons.org/licenses/by-sa/4.0/,https://www.kaggle.com/datasets/PromptCloudHQ/flipkart-products,,,,,,,,flipkart_party:CAPE8HYQSXRDAGGC,keep,large_product_lettering,,2f7c6bef01515a107404de2f4f6b5e9fc05c05e972067348ce9f0d5ef729a065,366124ec37d628634bb55ff06e7e75fc50327d81b0d5251cf0c3cf27494778dc,54755514890510ac7db8e5d42609984664948022699de85fd464fa6a153700ef,5c3cf4235d20d37024e1af2359c435254ac4dea5420cc15c2a48c06cb7ebc87b,c08f81899999431e,ffe3e0f8c8c8e1df,03008f81991b2c01,ffffe1c0c000ffff,ce8f81899999431e,ffe1e0f8c8c8e1ff,729,532,external_family_385df891e0040464c237,False,,True
flipkart_party,SNDEDSCEVHNXMTKU,flipkart_meta_d100de7396284c5b,Brood Women Flats,Flats,Party,"[""Party""]",source_exact_occasion,http://www.flipkart.com/brood-women-flats/p/itmedpae9q4segty?pid=SNDEDSCEVHNXMTKU,http://img5a.flixcart.com/image/sandal/t/k/u/purple-101-brood-39-original-imaeckfqhtz2k2hx.jpeg,data/external/rare_usage_20260906/flipkart_party/originals/SNDEDSCEVHNXMTKU.image,c58b08c24df204329d2a356c9db45a5d49c8abde0695068bdc9619bdaf214297,1406,652,Publisher metadata CC BY-SA 4.0; remote photo rights scope not established,c593c8fa6ec3f7546a292b96f494e12a,Footwear >> Women's Footwear >> Flats,"[{""key"": ""Ideal For"", ""value"": ""Women""}, {""key"": ""Occasion"", ""value"": ""Party""}, {""key"": ""Number of Contents in Sales Package"", ""value"": ""Pack of 1""}, {""key"": ""Type"", ""value"": ""Flats""}, {""key"": ""Heel Height"", ""value"": ""1 inch""}, {""key"": ""Outer Material"", ""value"": ""Leather""}, {""key"": ""Color"", ""value"": ""Purple""}, {""value"": ""2 Sandals""}]","Flipkart Products, PromptCloud / PromptCloudHQ, version 1, via Kaggle",https://creativecommons.org/licenses/by-sa/4.0/,https://www.kaggle.com/datasets/PromptCloudHQ/flipkart-products,,,,,,,,flipkart_party:SNDEDSCEVHNXMTKU,keep,single_product_presentation,,c58b08c24df204329d2a356c9db45a5d49c8abde0695068bdc9619bdaf214297,7f63279d07dcc844f130f044e99ebecf5deb6b1343a9b3cdb9273b1144b793f3,08f1019b84cfe384543fafee203275d06e3d113a6b125cdea488dbfa393f027f,809bfb942aaa5111cadf18f6b92807e40ad3f3c1d204d81f60e6d85f01ea992a,47ce9e5a2f961947,f707070fc3c0e0e1,4400c55e1f072003,fffff70380e1ffff,47ce9e5a2f961947,f707070fc3c0e0e1,1406,652,external_family_61960c0aae92db98f92a,False,,True
flipkart_party,SHOEJDYYRGWZZBM6,flipkart_meta_df8ca6109bd5801c,Brandvilla Brandvilla Loafers,Formal Shoes,Party,"[""Party""]",source_exact_occasion,http://www.flipkart.com/brandvilla-loafers/p/itmejdyywgqmrf5z?pid=SHOEJDYYRGWZZBM6,http://img6a.flixcart.com/image/shoe/b/m/6/black-bvsln132-01-brandvilla-10-1000x1000-imaej94n4pnfr7gp.jpeg,data/external/rare_usage_20260906/flipkart_party/originals/SHOEJDYYRGWZZBM6.image,8b30066406c1bea6ec500558ef086043773c72b479e896ca05f0ef241aeba69f,1000,611,Publisher metadata CC BY-SA 4.0; remote photo rights scope not established,2f48ac21bf019590a58df463924e0167,Footwear >> Men's Footwear >> Formal Shoes >> Brandvilla Formal Shoes >> Brandvilla Brandvilla Loafers,"[{""key"": ""Ideal For"", ""value"": ""Men""}, {""key"": ""Occasion"", ""value"": ""Party""}, {""key"": ""Sole Material"", ""value"": ""TPR""}, {""key"": ""Closure"", ""value"": ""Slip On""}, {""key"": ""Heel Height"", ""value"": ""1 inch""}, {""key"": ""Outer Material"", ""value"": ""Synthetic Leather""}, {""key"": ""Color"", ""value"": ""Black""}, {""key"": ""Care Instructions"", ""value"": ""Do not Wash or Bleach. Clean with Soft Cloth""}]","Flipkart Products, PromptCloud / PromptCloudHQ, version 1, via Kaggle",https://creativecommons.org/licenses/by-sa/4.0/,https://www.kaggle.com/datasets/PromptCloudHQ/flipkart-products,,,,,,,,flipkart_party:SHOEJDYYRGWZZBM6,withhold,single_product_presentation,"Unresolved source product-type mismatch (6,7), or small top competing with full outfit at 60x80 (15,49,69)",8b30066406c1bea6ec500558ef086043773c72b479e896ca05f0ef241aeba69f,738af2ea1cb531c530bec66679d88fa29e17e2f5511761cf8969a3f1b439873d,d15c4e6fc25a0799d56cb6e6ddb8b130a11b4c561b221c12d9740043bfe66926,2a09c8f0fa8f8b31332719f3fab77640292e1d8246a59e0ec0590f57096b0264,7a6d6ee7d3341987,bf8f07030180c1e3,8c036c6f13078019,ffff870300c1ffff,7a6d6ee7d3341987,bf8f07030180c1e3,1000,611,external_family_6d83f663bcfe8387afca,False,"Unresolved source product-type mismatch (6,7), or small top competing with full outfit at 60x80 (15,49,69)",False
flipkart_party,SHOEFRUPFECAZYBS,flipkart_meta_f6dd0080424675a8,Pavers England Party Wear,Casual Shoes,Party,"[""Party""]",source_exact_occasion,http://www.flipkart.com/pavers-england-party-wear/p/itmefrupeayh5zvt?pid=SHOEFRUPFECAZYBS,http://img5a.flixcart.com/image/shoe/m/e/h/black-hllfs5207-pavers-england-7-original-imaefn9ksg4zragz.jpeg,data/external/rare_usage_20260906/flipkart_party/originals/SHOEFRUPFECAZYBS.image,c94f06b4ec1ef709d3a00da84e9525d776f68b3e95a51c873e45f4bb585c332a,3922,2536,Publisher metadata CC BY-SA 4.0; remote photo rights scope not established,b730bbc30c8745fdd0e6bd8737aaf088,Footwear >> Women's Footwear >> Casual Shoes >> Loafers >> Pavers England Party Wear,"[{""key"": ""Ideal For"", ""value"": ""Women""}, {""key"": ""Occasion"", ""value"": ""Party""}, {""key"": ""Sole Material"", ""value"": ""PU""}, {""key"": ""Heel Height"", ""value"": ""2.25 inch""}, {""key"": ""Outer Material"", ""value"": ""Patent Leather""}, {""key"": ""Color"", ""value"": ""BLACK""}]","Flipkart Products, PromptCloud / PromptCloudHQ, version 1, via Kaggle",https://creativecommons.org/licenses/by-sa/4.0/,https://www.kaggle.com/datasets/PromptCloudHQ/flipkart-products,,,,,,,,flipkart_party:SHOEFRUPFECAZYBS,withhold,single_product_presentation,"Unresolved source product-type mismatch (6,7), or small top competing with full outfit at 60x80 (15,49,69)",c94f06b4ec1ef709d3a00da84e9525d776f68b3e95a51c873e45f4bb585c332a,e160f3aab69f7a224aca8f1c98fb026e9d371dbfe52ff107801a72dfbd0f5e2a,b114b6118e09dd11e213ca754777180a8ebc95bf7789599be94ed36a8d3887ae,ac114688d38ce7d9c5d83322a0125e7c69acdea03f8b3d683edc1443dc817de7,6834363132130d07,bf9f9f8fcfc1e1e1,3000773013470008,ffff9f8f81e0ffff,6834363912130d07,bf9f8f8fcfc1e0e1,3922,2536,external_family_01eadc01ea80b108246d,False,"Unresolved source product-type mismatch (6,7), or small top competing with full outfit at 60x80 (15,49,69)",False
flipkart_party,BRAEBGGVYKJZAZYV,flipkart_meta_007957e257211524,Glus Perfect Body Women's T-Shirt Bra,Bra,Party,"[""Party""]",source_exact_occasion,http://www.flipkart.com/glus-perfect-body-women-s-t-shirt-bra/p/itmebggvszmgytqp?pid=BRAEBGGVYKJZAZYV,http://img5a.flixcart.com/image/bra/z/y/v/gp8056pk-glus-34b-original-imaebg5egph3jpps.jpeg,data/external/rare_usage_20260906/flipkart_party/originals/BRAEBGGVYKJZAZYV.image,7f9778f930b31fa079ed6e6c060e57694224546dfe2a678a7c665226064301ed,1500,1000,Publisher metadata CC BY-SA 4.0; remote photo rights scope not established,4249b94d1fd68435549cf98140faad84,"Clothing >> Women's Clothing >> Lingerie, Sleep & Swimwear >> Bras >> Glus Bras","[{""key"": ""Brand Color"", ""value"": ""Pink""}, {""key"": ""color"", ""value"": ""Pink""}, {""key"": ""Pattern"", ""value"": ""Solid""}, {""key"": ""Occasion"", ""value"": ""Party""}, {""key"": ""Ideal For"", ""value"": ""Women's""}, {""key"": ""Inner Lining"", ""value"": ""Polycotton""}, {""key"": ""Wire Support"", ""value"": ""Underwire""}, {""key"": ""Other Bra Details"", ""value"": ""Perfect T-Shirt Bra- No Show Through""}, {""key"": ""Detachable Straps"", ""value"": ""No""}, {""key"": ""Straps"", ""value"": ""Regular""}, {""key"": ""Number of Contents in Sales Package"", ""value"": ""Pack of 1""}, {""key"": ""Cup Type"", ""value"": ""Soft Padded Cups""}, {""key"": ""Fabric"", ""value"": ""Polycotton""}, {""key"": ""Seam Type"", ""value"": ""Seamless""}, {""key"": ""Type"", ""value"": ""T-Shirt Bra""}, {""key"": ""Design"", ""value"": ""Balconette Underwire Bra in Solid Pattern.""}, {""value"": ""1 Bra""}, {""value"": ""Designer Invisible Bra - No Showthrough ,regular Straps.Ideal to wear under tight fitiing outfits like T-shirts,kurtis, western dresses.""}, {""value"": ""Gentle Machine Wash in Lukewarm Water, Do Not Bleach""}]","Flipkart Products, PromptCloud / PromptCloudHQ, version 1, via Kaggle",https://creativecommons.org/licenses/by-sa/4.0/,https://www.kaggle.com/datasets/PromptCloudHQ/flipkart-products,,,,,,,,flipkart_party:BRAEBGGVYKJZAZYV,keep,single_product_presentation,,7f9778f930b31fa079ed6e6c060e57694224546dfe2a678a7c665226064301ed,7012a5514406196233b6281f4e79aac637c823ce2beaa5a9dc989af292a0789d,a0acc2494f8c11726fda9bf8ff1bce4254516eda38083771298eca3db131f77b,387383094552765178fbbbf1bd480a35aced56c07b37f8b0319f5d3fee0314d5,2b2b2b2b33333333,ffffffffdb818183,00202b2333330012,ffffffff8181ffff,5454544471717173,ffffffff3d180000,1500,1000,external_family_586d13c951d93b15f8d9,False,,True
flipkart_party,SNDECCCGM2TCHBWG,flipkart_meta_022b1d6174f98096,Pantof Women Wedges,Heels,Party,"[""Party""]",source_exact_occasion,http://www.flipkart.com/pantof-women-wedges/p/itmeccchhhzgqgep?pid=SNDECCCGM2TCHBWG,http://img6a.flixcart.com/image/sandal/s/g/b/1325-black-1325blk-pantof-36-original-imaecc6khvjrwz6h.jpeg,data/external/rare_usage_20260906/flipkart_party/originals/SNDECCCGM2TCHBWG.image,19394e8c83a9595daf31a545a2187964cd9a95b8ee9bf3242812ec03bbc480ec,1355,1136,Publisher metadata CC BY-SA 4.0; remote photo rights scope not established,9447441913a89b88d93b752a174e175e,Footwear >> Women's Footwear >> Wedges,"[{""key"": ""Ideal For"", ""value"": ""Women""}, {""key"": ""Occasion"", ""value"": ""Party""}, {""key"": ""Type"", ""value"": ""Wedges""}, {""key"": ""Heel Height"", ""value"": ""3 inch""}, {""key"": ""Outer Material"", ""value"": ""Patent Leather""}, {""key"": ""Color"", ""value"": ""1325, Black""}]","Flipkart Products, PromptCloud / PromptCloudHQ, version 1, via Kaggle",https://creativecommons.org/licenses/by-sa/4.0/,https://www.kaggle.com/datasets/PromptCloudHQ/flipkart-products,,,,,,,,flipkart_party:SNDECCCGM2TCHBWG,keep,single_product_presentation,,19394e8c83a9595daf31a545a2187964cd9a95b8ee9bf3242812ec03bbc480ec,d8720e5f00f5e40979708bc079b1df99be450f0720790bd5f89bdc5dc62e5a20,3668bdbb73c17506a0a3a37f5f807e321119460d7467b638fa1d862daa7cff9a,6c3e97c02cae34e8fb563baa75a7716be24de6f2e46633421762c95878f26242,1a2abd5d1e1b110f,dfdfcf0f8f81c0e3,001cab1c1f190e20,ffdfcf070180f7ff,1a2aad5d1e19110e,cfdfcf0f8f81c0e3,1355,1136,external_family_2284adb6a6aa711b6b92,False,,True
flipkart_party,SHODX6XFHPZUHNDX,flipkart_meta_05430a34a91febc5,Allen Cooper 4511 Party Wear,Casual Shoes,Party,"[""Party""]",source_exact_occasion,http://www.flipkart.com/allen-cooper-4511-party-wear/p/itmdx6xfjptdwfdb?pid=SHODX6XFHPZUHNDX,http://img5a.flixcart.com/image/shoe/2/k/n/black-125-allen-cooper-8-1100x1360-imadx7xxnmcymfhy.jpeg,data/external/rare_usage_20260906/flipkart_party/originals/SHODX6XFHPZUHNDX.image,3f2cfb7c7b6a337e602793a49d96a51267d029451eff5b3a44df04603c5cdf7e,1100,486,Publisher metadata CC BY-SA 4.0; remote photo rights scope not established,a1153b088d7db65aa00a1e0bd0c8b5c8,Footwear >> Men's Footwear >> Casual Shoes >> Allen Cooper Casual Shoes,"[{""key"": ""Ideal For"", ""value"": ""Men""}, {""key"": ""Occasion"", ""value"": ""Party""}, {""key"": ""Outer Material"", ""value"": ""Leather""}, {""key"": ""Color"", ""value"": ""Black""}, {""value"": ""Shoe""}]","Flipkart Products, PromptCloud / PromptCloudHQ, version 1, via Kaggle",https://creativecommons.org/licenses/by-sa/4.0/,https://www.kaggle.com/datasets/PromptCloudHQ/flipkart-products,,,,,,,,flipkart_party:SHODX6XFHPZUHNDX,keep,single_product_presentation,,3f2cfb7c7b6a337e602793a49d96a51267d029451eff5b3a44df04603c5cdf7e,8e4a5e79c359dbf058ab13478228fcd19aa9951c53fb2230315b5330f6224293,f4014f9b26753ee7ca2f23e00d0ba398678608c06bae934e1cda6592cceefca3,cfe885e9bf3ee8357e09cc92c6c1ac7f542250f866cb510dd3513c67b6a15b43,da5a6d6e26795b03,ff0f0f07000001e1,5804587e07030003,ffff7f0700e1ffff,da5a6d6e26795b03,ff0f0f07000001e1,1100,486,external_family_a3a9ffc6453c9de68512,False,,True
flipkart_party,SHTDZWNYZFV33BAX,flipkart_meta_05815a55b11e120d,Colors Couture Women's Solid Party Shirt,Shirts,Party,"[""Party""]",source_exact_occasion,http://www.flipkart.com/colors-couture-women-s-solid-party-shirt/p/itmdzwny4xz4cmgh?pid=SHTDZWNYZFV33BAX,http://img5a.flixcart.com/image/shirt/t/t/y/ssl14-11-shimmar-collar-top-colors-couture-xs-original-imadzzwhdfvrtgwd.jpeg,data/external/rare_usage_20260906/flipkart_party/originals/SHTDZWNYZFV33BAX.image,8c18db7e8eaf89415d52e3245657873f9af30b67bf8bdcd908c331944824853d,608,1391,Publisher metadata CC BY-SA 4.0; remote photo rights scope not established,a66324e486d5e9812bc3408e1c9af65a,"Clothing >> Women's Clothing >> Western Wear >> Shirts, Tops & Tunics >> Shirts >> Colors Couture Shirts","[{""key"": ""Pattern"", ""value"": ""Solid""}, {""key"": ""Occasion"", ""value"": ""Party""}, {""key"": ""Ideal For"", ""value"": ""Women's""}, {""key"": ""Sleeve"", ""value"": ""Sleeveless""}, {""key"": ""Number of Contents in Sales Package"", ""value"": ""Pack of 1""}, {""key"": ""Fabric"", ""value"": ""100% Polyester""}, {""key"": ""Fit"", ""value"": ""Regular""}, {""key"": ""Style Code"", ""value"": ""SSL14-11-Shimmar Collar Top""}]","Flipkart Products, PromptCloud / PromptCloudHQ, version 1, via Kaggle",https://creativecommons.org/licenses/by-sa/4.0/,https://www.kaggle.com/datasets/PromptCloudHQ/flipkart-products,,,,,,,,flipkart_party:SHTDZWNYZFV33BAX,keep,model_worn_outfit_context,,8c18db7e8eaf89415d52e3245657873f9af30b67bf8bdcd908c331944824853d,b22f25bbb26948920b798887f392c00b1d320199d05906f9b0edbacd8fd6733d,e3dcb1dc2d5664cec474cd3db49f65c441164bccca355b6e671ec27040db037d,7ad8d3247f4cfacd26f41766af1e96ac3f37e838d64c2e08f00c1e477f13c88b,9f16272b2b2b2f23,efdf838381818181,4d1d0e1616161686,efefc7c3c3c3c3c3,9e16272b2b2b2f23,efdf838381818181,608,1391,external_family_238c9b537f5a68f76e69,False,,True
flipkart_party,SHTDUS8RJ7ZBDSBK,flipkart_meta_05c9648b3fbf7455,I Am For You Women's Solid Party Shirt,Shirts,Party,"[""Party""]",source_exact_occasion,http://www.flipkart.com/am-you-women-s-solid-party-shirt/p/itmdus8r74bnfvxu?pid=SHTDUS8RJ7ZBDSBK,http://img6a.flixcart.com/image/shirt/s/b/k/imfu-657-i-am-for-you-xl-1100x1360-imadusvnebb7dbrv.jpeg,data/external/rare_usage_20260906/flipkart_party/originals/SHTDUS8RJ7ZBDSBK.image,ffc98c223ecf99606c05604bf1085839a4866efa092f29496c1ed43b240b90f5,673,1360,Publisher metadata CC BY-SA 4.0; remote photo rights scope not established,7ea6f9110706ffdb6fa9bebc465bcba7,"Clothing >> Women's Clothing >> Western Wear >> Shirts, Tops & Tunics >> Shirts >> I Am For You Shirts","[{""key"": ""Pattern"", ""value"": ""Solid""}, {""key"": ""Ideal For"", ""value"": ""Women's""}, {""key"": ""Occasion"", ""value"": ""Party""}, {""key"": ""Sleeve"", ""value"": ""Full Sleeve""}, {""key"": ""Number of Contents in Sales Package"", ""value"": ""Pack of 1""}, {""key"": ""Fabric"", ""value"": ""Polyester""}, {""key"": ""Collar"", ""value"": ""Club Collar""}, {""key"": ""Fit"", ""value"": ""Regular""}, {""value"": ""Wash with Similar Color, Do Not Bleach, Do Not Tumble Dry, Low Iron""}, {""value"": ""Shirt""}, {""key"": ""Style Code"", ""value"": ""IMFU-657""}]","Flipkart Products, PromptCloud / PromptCloudHQ, version 1, via Kaggle",https://creativecommons.org/licenses/by-sa/4.0/,https://www.kaggle.com/datasets/PromptCloudHQ/flipkart-products,,,,,,,,flipkart_party:SHTDUS8RJ7ZBDSBK,keep,single_product_presentation,,ffc98c223ecf99606c05604bf1085839a4866efa092f29496c1ed43b240b90f5,6eb634fda020e4f95ee9e11bca9391f2cfefc5d0bd1ddb9560fe32b37f6fc436,69b8a26d7d5a32a1db259e9fd6b9d6784145d5f0d6f803253ceb14cc7405dd8f,cecf8c5daee45075096b32d18bfa8f40634559ee46e3f5492eadb7943f57bf2a,0f0f4d514d4d131b,e7c10000000081c3,0f0b2b232b2b1796,e7c3c1818181c3c3,0f0f4d514d4d331b,e7c10000000081c3,673,1360,external_family_b6897af5edd89d85c7ee,False,,True
flipkart_party,SNDE7RMR597YAKXB,flipkart_meta_0b9deb1b37ee2923,Fashnopolism Women Wedges,Heels,Party,"[""Party""]",source_exact_occasion,http://www.flipkart.com/fashnopolism-women-wedges/p/itme7rmrvzujfvmr?pid=SNDE7RMR597YAKXB,http://img6a.flixcart.com/image/sandal/k/x/b/red-sbwwelrd-gp-007-fashnopolism-5-5-original-imae7rkhhyb2za7q.jpeg,data/external/rare_usage_20260906/flipkart_party/originals/SNDE7RMR597YAKXB.image,a7bcaa19987f4a8f63a8f44ebbec439c708300e446aa89cbd6e9e554b9ace8c2,1373,748,Publisher metadata CC BY-SA 4.0; remote photo rights scope not established,ba2c3c10eaeea0fa5eebbd65d8e67011,Footwear >> Women's Footwear >> Wedges,"[{""key"": ""Occasion"", ""value"": ""Party""}, {""key"": ""Ideal For"", ""value"": ""Women""}, {""key"": ""Type"", ""value"": ""Wedges""}, {""key"": ""Heel Height"", ""value"": ""3 inch""}, {""key"": ""Outer Material"", ""value"": ""Artificial Leather""}, {""key"": ""Color"", ""value"": ""Red""}]","Flipkart Products, PromptCloud / PromptCloudHQ, version 1, via Kaggle",https://creativecommons.org/licenses/by-sa/4.0/,https://www.kaggle.com/datasets/PromptCloudHQ/flipkart-products,,,,,,,,flipkart_party:SNDE7RMR597YAKXB,keep,single_product_presentation,,a7bcaa19987f4a8f63a8f44ebbec439c708300e446aa89cbd6e9e554b9ace8c2,946cc2faf42fa72b72bfd867c831b7ff48b09c074bbe7f173067f2fe90fca7c7,c2cbea296bd19a14db67c36bf3f10b29cd6866cf2b0eb36b6b89707a3c9abb9d,5ad3059fbeb3508fb169e63a49afc6b0031cce09990e23e8e1136b8a564027ec,7572733334190b46,3f1f99998480e1ff,300073732d0b6001,ffff3f0180e1ffff,637073733f34190b,bf3f9b919f80c0e1,1373,748,external_family_bbb8b202c8707bc34327,False,,True
flipkart_party,SNDEHZHVMR3XPBST,flipkart_meta_100863f1b4554cf4,Style World Women Heels,Heels,Party,"[""Party""]",source_exact_occasion,http://www.flipkart.com/style-world-women-heels/p/itmehzhvurnvgkbf?pid=SNDEHZHVMR3XPBST,http://img6a.flixcart.com/image/sandal/b/s/t/black-sw-1008-style-world-11-original-imaeh255sdyhtppg.jpeg,data/external/rare_usage_20260906/flipkart_party/originals/SNDEHZHVMR3XPBST.image,90a4c875b060ddf0b941cb995eacadc807c5874364ac84114a45b1a263b3cbee,1010,957,Publisher metadata CC BY-SA 4.0; remote photo rights scope not established,9d58219bb550aa4e94e29738061c91c1,Footwear >> Women's Footwear >> Heels >> Style World Women Heels,"[{""key"": ""Occasion"", ""value"": ""Party""}, {""key"": ""Ideal For"", ""value"": ""Women""}, {""key"": ""Type"", ""value"": ""Heels""}, {""key"": ""Heel Height"", ""value"": ""1.5 inch""}, {""key"": ""Outer Material"", ""value"": ""Synthetic Leather""}, {""key"": ""Color"", ""value"": ""Black""}]","Flipkart Products, PromptCloud / PromptCloudHQ, version 1, via Kaggle",https://creativecommons.org/licenses/by-sa/4.0/,https://www.kaggle.com/datasets/PromptCloudHQ/flipkart-products,,,,,,,,flipkart_party:SNDEHZHVMR3XPBST,withhold,mapped_Heels_may_be_flat_or_low_wedge_review_type,Collage or unresolved source product-type mismatch,90a4c875b060ddf0b941cb995eacadc807c5874364ac84114a45b1a263b3cbee,ebbee6c5898338fd00d4214a8e41f9bd54c3bea540972512138d11da13af830b,33f9e0341439b5810e5042a3e297ecceb12184c7beb457fb704e44a97aaf74ef,a210bf57a1bfeda68320dd0248041c3e15e113426eb729e926b0b54a64cd6413,076b3b09391b169c,fff9898080c1c3c7,34036b3919171c01,ffff8980c0c3c7ff,034b3b093913171c,fff9098080c1c3c7,1010,957,external_family_31a662cf83d16400ea2f,False,Collage or unresolved source product-type mismatch,False
flipkart_party,TOPEBABFMZ2GSC2G,flipkart_meta_159c8a758fb962b1,Only Party Short Sleeve Solid Women's Top,Tops,Party,"[""Party""]",source_exact_occasion,http://www.flipkart.com/only-party-short-sleeve-solid-women-s-top/p/itmebabfzvp38pgh?pid=TOPEBABFMZ2GSC2G,http://img5a.flixcart.com/image/top/5/v/z/1-1-15111997-peacoat-only-38-original-imaeb9kapud3mwsh.jpeg,data/external/rare_usage_20260906/flipkart_party/originals/TOPEBABFMZ2GSC2G.image,e433dc8e127bd29f494ad791f9e49f37f83ac8a668d500bfe448564acd495da9,402,1346,Publisher metadata CC BY-SA 4.0; remote photo rights scope not established,beb241345dac78fafa6acf7541ba1cbe,"Clothing >> Women's Clothing >> Western Wear >> Shirts, Tops & Tunics >> Tops >> Only Tops","[{""key"": ""Sleeve"", ""value"": ""Short Sleeve""}, {""key"": ""Number of Contents in Sales Package"", ""value"": ""Pack of 1""}, {""key"": ""Fabric"", ""value"": ""100% Polyester""}, {""key"": ""Type"", ""value"": ""Top""}, {""key"": ""Neck"", ""value"": ""Round Neck""}, {""key"": ""Pattern"", ""value"": ""Solid""}, {""key"": ""Occasion"", ""value"": ""Party""}, {""key"": ""Ideal For"", ""value"": ""Women's""}, {""value"": ""Top""}]","Flipkart Products, PromptCloud / PromptCloudHQ, version 1, via Kaggle",https://creativecommons.org/licenses/by-sa/4.0/,https://www.kaggle.com/datasets/PromptCloudHQ/flipkart-products,,,,,,,,flipkart_party:TOPEBABFMZ2GSC2G,withhold,model_worn_outfit_context,"Unresolved source product-type mismatch (6,7), or small top competing with full outfit at 60x80 (15,49,69)",e433dc8e127bd29f494ad791f9e49f37f83ac8a668d500bfe448564acd495da9,20c07344ca4b35ca54f9ef948381987679c456f7dced3459db9d229bcb3e2125,0af0547fc384c80aea10c5a340a0d6d97d38f63f3ed8bf4baa677960ad20f745,20c07344ca4b35ca54f9ef948381987679c456f7dced3459db9d229bcb3e2125,0e0f170f1393164e,f78181c1c1c3e3f7,0d0f8e8e4d4d4d0d,f7e7c3e3e7e7e7e7,0e0f170f1393164e,f78181c1c1c3e3f7,402,1346,external_family_2f0393aac8182c7d10bd,False,"Unresolved source product-type mismatch (6,7), or small top competing with full outfit at 60x80 (15,49,69)",False
flipkart_party,TOPE9RCYS54YZNFG,flipkart_meta_1896f475d6811371,PrettyPataka Party Full Sleeve Woven Women's Top,Tops,Party,"[""Party""]",source_exact_occasion,http://www.flipkart.com/prettypataka-party-full-sleeve-woven-women-s-top/p/itme9rcy7vgkykbf?pid=TOPE9RCYS54YZNFG,http://img5a.flixcart.com/image/top/v/u/j/pt3000-prettypataka-xxl-original-imae9r7mztrvhpuk.jpeg,data/external/rare_usage_20260906/flipkart_party/originals/TOPE9RCYS54YZNFG.image,f7944c23b6ac4b79bfd66a87b4a1cd8b715a9151eae0df0837e0ff2a5a45f15f,453,1057,Publisher metadata CC BY-SA 4.0; remote photo rights scope not established,f9f9723a6117697f96b0f8c59f1292cb,"Clothing >> Women's Clothing >> Western Wear >> Shirts, Tops & Tunics >> Tops >> PrettyPataka Tops","[{""key"": ""Sleeve"", ""value"": ""Full Sleeve""}, {""key"": ""Number of Contents in Sales Package"", ""value"": ""Pack of 1""}, {""key"": ""Fabric"", ""value"": ""Net""}, {""key"": ""Neck"", ""value"": ""Boat Neck""}, {""key"": ""Pattern"", ""value"": ""Woven""}, {""key"": ""Occasion"", ""value"": ""Party""}, {""key"": ""Ideal For"", ""value"": ""Women's""}, {""value"": ""Dry Clean Only""}]","Flipkart Products, PromptCloud / PromptCloudHQ, version 1, via Kaggle",https://creativecommons.org/licenses/by-sa/4.0/,https://www.kaggle.com/datasets/PromptCloudHQ/flipkart-products,,,,,,,,flipkart_party:TOPE9RCYS54YZNFG,keep,model_worn_outfit_context,,f7944c23b6ac4b79bfd66a87b4a1cd8b715a9151eae0df0837e0ff2a5a45f15f,ab4b62faada9e8af9d3e66f4de6f1cb1134e62442cf58e24b47c62328710a101,46c4a56e568c2c791245b0f41188108710d7cc2c27274b22579e633471c78e25,ab4b62faada9e8af9d3e66f4de6f1cb1134e62442cf58e24b47c62328710a101,0606235912291316,e3f3f9fdfbc0c1c3,4d4586020793860c,e7e7f3e3e3e3c3c3,0606235912291316,e3f3f9fdfbc0c1c3,453,1057,external_family_fa844695945e550c6bd4,False,,True
flipkart_party,TOPEA6CKCHFHTUZ9,flipkart_meta_19426e760ad90144,Harpa Party 3/4 Sleeve Solid Women's Top,Tops,Party,"[""Party""]",source_exact_occasion,http://www.flipkart.com/harpa-party-3-4-sleeve-solid-women-s-top/p/itmea6cjjqhakgfc?pid=TOPEA6CKCHFHTUZ9,http://img5a.flixcart.com/image/top/u/z/9/1-1-gr2821royalblue-harpa-s-original-imaea5eywpyezzqg.jpeg,data/external/rare_usage_20260906/flipkart_party/originals/TOPEA6CKCHFHTUZ9.image,1ab7439ebe764fc11029083fb50392d74a965f973df14cad0c46563a552780fb,649,1492,Publisher metadata CC BY-SA 4.0; remote photo rights scope not established,794ab042ece47b32dfa81be593332d42,"Clothing >> Women's Clothing >> Western Wear >> Shirts, Tops & Tunics >> Tops >> Harpa Tops","[{""key"": ""Sleeve"", ""value"": ""3/4 Sleeve""}, {""key"": ""Number of Contents in Sales Package"", ""value"": ""Pack of 1""}, {""key"": ""Fabric"", ""value"": ""Georgette""}, {""key"": ""Type"", ""value"": ""Top""}, {""key"": ""Neck"", ""value"": ""Button Front""}, {""key"": ""Pattern"", ""value"": ""Solid""}, {""key"": ""Occasion"", ""value"": ""Party""}, {""key"": ""Ideal For"", ""value"": ""Women's""}, {""value"": ""1 Top""}]","Flipkart Products, PromptCloud / PromptCloudHQ, version 1, via Kaggle",https://creativecommons.org/licenses/by-sa/4.0/,https://www.kaggle.com/datasets/PromptCloudHQ/flipkart-products,,,,,,,,flipkart_party:TOPEA6CKCHFHTUZ9,keep,model_worn_outfit_context,,1ab7439ebe764fc11029083fb50392d74a965f973df14cad0c46563a552780fb,d2687ae2e8871037d9f1f899b49edcbf1f4a0106026d5e9dd361fd84ea3b8714,e6feb3eac83d9716dd7821155b110cb38cc43a0bec6adb8eb61d7d45340af182,d758b2c07cc660af7347730a8c5f706b0ea68a6ff0d717a68aead56cafdb45e4,9696336969490d97,efdb81818081e7c3,4d15969616160e0e,e7c7c3c3c3c3c3e7,96973369694d0d97,cfdb81818081e7c3,649,1492,external_family_7405123f5092923c452d,False,,True
flipkart_party,TOPEHZNPUWSFVHKM,flipkart_meta_196f94980bce3a54,Satovira Party Short Sleeve Solid Women's Top,Tops,Party,"[""Party""]",source_exact_occasion,http://www.flipkart.com/satovira-party-short-sleeve-solid-women-s-top/p/itmehznpmwttvhmz?pid=TOPEHZNPUWSFVHKM,http://img5a.flixcart.com/image/top/z/2/7/dropshoulder-blue-satovira-l-original-imaehznjrgbkh95r.jpeg,data/external/rare_usage_20260906/flipkart_party/originals/TOPEHZNPUWSFVHKM.image,1c5b83bbb55484bf6109731c05ed5089f3d9eef228ee4e1d057e9aeabb37f96d,2901,4352,Publisher metadata CC BY-SA 4.0; remote photo rights scope not established,fa7bf81661418be8643ee167c41b5ca8,"Clothing >> Women's Clothing >> Western Wear >> Shirts, Tops & Tunics >> Tops >> Satovira Tops >> Satovira Party Short Sleeve Solid Women's Top","[{""key"": ""Sleeve"", ""value"": ""Short Sleeve""}, {""key"": ""Number of Contents in Sales Package"", ""value"": ""Pack of 1""}, {""key"": ""Fabric"", ""value"": ""Polyester""}, {""key"": ""Type"", ""value"": ""Top""}, {""key"": ""Neck"", ""value"": ""Spaghetti Neck""}, {""key"": ""Pattern"", ""value"": ""Solid""}, {""key"": ""Ideal For"", ""value"": ""Women's""}, {""key"": ""Occasion"", ""value"": ""Party""}, {""value"": ""Hand Wash. Wash with similar colours, Use detergent for colours""}]","Flipkart Products, PromptCloud / PromptCloudHQ, version 1, via Kaggle",https://creativecommons.org/licenses/by-sa/4.0/,https://www.kaggle.com/datasets/PromptCloudHQ/flipkart-products,,,,,,,,flipkart_party:TOPEHZNPUWSFVHKM,keep,model_worn_outfit_context,,1c5b83bbb55484bf6109731c05ed5089f3d9eef228ee4e1d057e9aeabb37f96d,1c764933d4a9b962fe344744e45534539f44564f1644104dffc090985c54c101,b679f3ca9aa9dc9014246d1f4a4c6890e62c5b7147e00b195eaf9abcbcedccfe,819cc7992cac1d77fbb90e3e360068c8d9a02e122c272d3f775f171e79914ee9,4c16972333333bb9,e7c3c3c181c1dddf,4d569633331393bb,e7c3c3c381c3dbdf,4496972333333bb9,e7c3c38181c1dddf,2901,4352,external_family_cd7c1a81faf11471c6a6,False,,True
flipkart_party,SNDEHZQ7YZAHAZYP,flipkart_meta_1d4f81ee81b95fa1,Style Buy Style Women Heels,Heels,Party,"[""Party""]",source_exact_occasion,http://www.flipkart.com/style-buy-women-heels/p/itmehzq7nt9urqgs?pid=SNDEHZQ7YZAHAZYP,http://img6a.flixcart.com/image/sandal/k/a/d/red-304-style-buy-style-10-original-imaehw4zgrcf9dvw.jpeg,data/external/rare_usage_20260906/flipkart_party/originals/SNDEHZQ7YZAHAZYP.image,136c81e47685a6c834e7c6a0dcb83008aa69fd097be1cbd7a000d4f8e4547a30,1465,745,Publisher metadata CC BY-SA 4.0; remote photo rights scope not established,f22a190eca42213c2a28c27894ec8dc8,Footwear >> Women's Footwear >> Heels >> Style Buy Style Women Heels,"[{""key"": ""Occasion"", ""value"": ""Party""}, {""key"": ""Ideal For"", ""value"": ""Women""}, {""key"": ""Number of Contents in Sales Package"", ""value"": ""Pack of 1""}, {""key"": ""Weight"", ""value"": ""400 g (per single Sandal) - Weight of the product may vary depending on size.""}, {""key"": ""Type"", ""value"": ""Heels""}, {""key"": ""Heel Height"", ""value"": ""2 inch""}, {""key"": ""Removable Insole"", ""value"": ""No""}, {""key"": ""Outer Material"", ""value"": ""Synthetic Leather""}, {""key"": ""Color"", ""value"": ""Red""}, {""value"": ""1 Pair""}, {""key"": ""Care Instructions"", ""value"": ""Do not Bleach""}]","Flipkart Products, PromptCloud / PromptCloudHQ, version 1, via Kaggle",https://creativecommons.org/licenses/by-sa/4.0/,https://www.kaggle.com/datasets/PromptCloudHQ/flipkart-products,,,,,,,,flipkart_party:SNDEHZQ7YZAHAZYP,keep,single_product_presentation,,136c81e47685a6c834e7c6a0dcb83008aa69fd097be1cbd7a000d4f8e4547a30,4e3cd877273306c03715a3f4695f39f2f5dd6acb375d0a6c436f663db92e3093,5bc8539d1c8e185b0cbae693c713158a819c43f7146213c0352996270453b6d9,4e3cd877273306c03715a3f4695f39f2f5dd6acb375d0a6c436f663db92e3093,703f9c9f0b574b67,bf8fc74381c0e0f3,3882381f4747a043,ffff9f0300f1ffff,703f9c9f0b574b67,bf8fc74381c0e0f3,1465,745,external_family_71065c9645d627741f14,False,,True
flipkart_party,TOPECAE3JJMVYJFF,flipkart_meta_2066f88c7d89bafc,Zastraa Party Full Sleeve Embroidered Women's Top,Tops,Party,"[""Party""]",source_exact_occasion,http://www.flipkart.com/zastraa-party-full-sleeve-embroidered-women-s-top/p/itmecae3vnwhhevs?pid=TOPECAE3JJMVYJFF,http://img5a.flixcart.com/image/top/j/f/f/1-1-zstrtops0703-gold-zastraa-36-original-imaecd8jtbgq4wyx.jpeg,data/external/rare_usage_20260906/flipkart_party/originals/TOPECAE3JJMVYJFF.image,9300fa39ffffd21356271eca3506e818b9c9f637a08926b87588c7ec2072ad26,967,2000,Publisher metadata CC BY-SA 4.0; remote photo rights scope not established,48014597cc7dee0cc7769dbba03fa2b3,"Clothing >> Women's Clothing >> Western Wear >> Shirts, Tops & Tunics >> Tops >> Zastraa Tops","[{""key"": ""Sleeve"", ""value"": ""Full Sleeve""}, {""key"": ""Number of Contents in Sales Package"", ""value"": ""Pack of 1""}, {""key"": ""Fabric"", ""value"": ""Blend""}, {""key"": ""Type"", ""value"": ""Top""}, {""key"": ""Neck"", ""value"": ""Round Neck""}, {""key"": ""Pattern"", ""value"": ""Embroidered""}, {""key"": ""Ideal For"", ""value"": ""Women's""}, {""key"": ""Occasion"", ""value"": ""Party""}]","Flipkart Products, PromptCloud / PromptCloudHQ, version 1, via Kaggle",https://creativecommons.org/licenses/by-sa/4.0/,https://www.kaggle.com/datasets/PromptCloudHQ/flipkart-products,,,,,,,,flipkart_party:TOPECAE3JJMVYJFF,keep,model_worn_outfit_context,,9300fa39ffffd21356271eca3506e818b9c9f637a08926b87588c7ec2072ad26,278427e62b76a84d5851ce8aaea1bb4af4a7703ab576ff3fadfa4cac97fffbd3,7ec7f0d929188fcf727fa75311cfc34f2ab37e1affb2b8a5997eae96de332492,affe8d6b10e2082e92fc473ae197d3955da2071040cd1c3545fa4b388ce70f72,4612272317131b13,e3c3c381c3c1c1c1,4f46063607978796,e7e7c3c3c3c3c3c3,4612272317131b13,e3c3c381c3c1c1c1,967,2000,external_family_bfbc627d42435e8c34e5,False,,True
flipkart_party,TOPEBR5GNG9MACAD,flipkart_meta_21a28198d9d43348,Uptownie Lite Party Short Sleeve Floral Print Women's Top,Tops,Party,"[""Party""]",source_exact_occasion,http://www.flipkart.com/uptownie-lite-party-short-sleeve-floral-print-women-s-top/p/itmebr5gv9uhyspp?pid=TOPEBR5GNG9MACAD,http://img5a.flixcart.com/image/top/3/d/p/1-1-ul-ss-15-tp-01-07-096-uptownie-lite-xl-original-imaebpufcaehzbee.jpeg,data/external/rare_usage_20260906/flipkart_party/originals/TOPEBR5GNG9MACAD.image,64f50c1ae339cee6aa664e780f689cf11811027df0346b3cb93c7f159ed68e8f,739,1434,Publisher metadata CC BY-SA 4.0; remote photo rights scope not established,2b37bf60b75fb7ec968d1ab94d35a10c,"Clothing >> Women's Clothing >> Western Wear >> Shirts, Tops & Tunics >> Tops >> Uptownie Lite Tops","[{""key"": ""Sleeve"", ""value"": ""Short Sleeve""}, {""key"": ""Number of Contents in Sales Package"", ""value"": ""Pack of 1""}, {""key"": ""Fabric"", ""value"": ""Polyester""}, {""key"": ""Type"", ""value"": ""Top""}, {""key"": ""Neck"", ""value"": ""Boat Neck""}, {""key"": ""Pattern"", ""value"": ""Floral Print""}, {""key"": ""Occasion"", ""value"": ""Party""}, {""key"": ""Ideal For"", ""value"": ""Women's""}]","Flipkart Products, PromptCloud / PromptCloudHQ, version 1, via Kaggle",https://creativecommons.org/licenses/by-sa/4.0/,https://www.kaggle.com/datasets/PromptCloudHQ/flipkart-products,,,,,,,,flipkart_party:TOPEBR5GNG9MACAD,keep,model_worn_outfit_context,,64f50c1ae339cee6aa664e780f689cf11811027df0346b3cb93c7f159ed68e8f,75df313f9cfa148e8525d44ff530124e706880fc560c6ef33c59c14d6f7696e1,a1c0183e9994e5d4974f656001fc6e0c8885f8fd8d3da931fa7de0f19a3b2338,643083491068ef23871f5837bec43e1b31a87db436089c9c1da573eac08700c1,0f9e1f2529270f13,e7e7c3818181c1c1,0d4d1e3733968f97,e7e7c3c383c3c3c3,0f9e1f2529270f13,e7e7c3818181c1c1,739,1434,external_family_8675bbe4dff291eec162,False,,True
flipkart_party,BRAEA7GBQR7ZZN4K,flipkart_meta_252caf48acd89cc0,Glus Front Open Women's Balconette Bra,Bra,Party,"[""Party""]",source_exact_occasion,http://www.flipkart.com/glus-front-open-women-s-balconette-bra/p/itmea7gbhfz2gk73?pid=BRAEA7GBQR7ZZN4K,http://img6a.flixcart.com/image/bra/n/4/k/gp9448-bl-glus-36c-1000x1000-imaea7d3wzh3pwgk.jpeg,data/external/rare_usage_20260906/flipkart_party/originals/BRAEA7GBQR7ZZN4K.image,810f3a6db0c7cc697e56af01155207d48675abb7537562537548e7d767f1fe34,992,1000,Publisher metadata CC BY-SA 4.0; remote photo rights scope not established,618951241fc0b35cf215acfc026b8904,"Clothing >> Women's Clothing >> Lingerie, Sleep & Swimwear >> Bras >> Glus Bras","[{""key"": ""Brand Color"", ""value"": ""Black""}, {""key"": ""color"", ""value"": ""Black""}, {""key"": ""Pattern"", ""value"": ""Solid""}, {""key"": ""Ideal For"", ""value"": ""Women's""}, {""key"": ""Occasion"", ""value"": ""Party""}, {""key"": ""Wire Support"", ""value"": ""Underwire""}, {""key"": ""Inner Lining"", ""value"": ""Polyamide""}, {""key"": ""Straps"", ""value"": ""Multiway""}, {""key"": ""Detachable Straps"", ""value"": ""Yes""}, {""key"": ""Other Bra Details"", ""value"": ""Zircon Studded Front open Lock , Pushup Underwire Bra""}, {""key"": ""Number of Contents in Sales Package"", ""value"": ""Pack of 1""}, {""key"": ""Cup Type"", ""value"": ""Pushup Molded Cups""}, {""key"": ""Fabric"", ""value"": ""80% Polyamide, 20% Elastane""}, {""key"": ""Type"", ""value"": ""Balconette Bra""}, {""key"": ""Seam Type"", ""value"": ""Seamless""}, {""key"": ""Design"", ""value"": ""Fornt Open and Back open Balconette Underwire PEEK-A-BOOB-T-shirt Bra""}, {""value"": ""Gentle Machine Wash in Lukewarm Water, Do Not Bleach. For long life Use Lingerie Washing Bag""}, {""value"": ""detachable straps to wear it Criss-Cross Way.""}, {""value"": ""Bra""}]","Flipkart Products, PromptCloud / PromptCloudHQ, version 1, via Kaggle",https://creativecommons.org/licenses/by-sa/4.0/,https://www.kaggle.com/datasets/PromptCloudHQ/flipkart-products,,,,,,,,flipkart_party:BRAEA7GBQR7ZZN4K,keep,single_product_presentation,,810f3a6db0c7cc697e56af01155207d48675abb7537562537548e7d767f1fe34,1f3ed5df61ce100ba34aa669215f0d9bb71fb1b10ae04d6003200ab8e6603db0,d7e60ecc6ffb8fd0336e65257ba69faae601ebbe8ef1bbf20b0790000befeba7,f6f72d785ea393ed282bc253645e289045b831a7ac1fe07b285cb2d5c9cf0d2a,d0d0f0d469335371,ffffff7f3c180018,40d0d0c871337100,ffff7e7e180000ff,d0d0f0d469335371,ffffff7f3c180018,992,1000,external_family_d463581519fbf46f61d5,False,,True
flipkart_party,SNDEJS7AGFRYHWGV,flipkart_meta_25ba6c9369b178eb,Reyes Reales Women Wedges,Heels,Party,"[""Party""]",source_exact_occasion,http://www.flipkart.com/reyes-reales-women-wedges/p/itmejs7aq93kfh8f?pid=SNDEJS7AGFRYHWGV,http://img6a.flixcart.com/image/sandal/b/g/t/white-rr-37-reyes-reales-10-1000x1000-imaejryyer7jssde.jpeg,data/external/rare_usage_20260906/flipkart_party/originals/SNDEJS7AGFRYHWGV.image,09f8d85f3152e6e176870567654cf5d75cc269236d061a4fd200056380025f3f,1000,509,Publisher metadata CC BY-SA 4.0; remote photo rights scope not established,5960813d1769f356916799460b736681,Footwear >> Women's Footwear >> Wedges >> Reyes Reales Women Wedges,"[{""key"": ""Occasion"", ""value"": ""Party""}, {""key"": ""Ideal For"", ""value"": ""Women""}, {""key"": ""Weight"", ""value"": "".150 g (per single Sandal) - Weight of the product may vary depending on size.""}, {""key"": ""Type"", ""value"": ""Wedges""}, {""key"": ""Heel Height"", ""value"": ""0 inch""}, {""key"": ""Outer Material"", ""value"": ""Synthetic Leather""}, {""key"": ""Color"", ""value"": ""White""}]","Flipkart Products, PromptCloud / PromptCloudHQ, version 1, via Kaggle",https://creativecommons.org/licenses/by-sa/4.0/,https://www.kaggle.com/datasets/PromptCloudHQ/flipkart-products,,,,,,,,flipkart_party:SNDEJS7AGFRYHWGV,withhold,mapped_Heels_may_be_flat_or_low_wedge_review_type,Collage or unresolved source product-type mismatch,09f8d85f3152e6e176870567654cf5d75cc269236d061a4fd200056380025f3f,a38988929b82087a148c194232316d873fecd83779488fcd85ca5f6657067cb8,be8cdf3b828050c6052272a634f1b61a62f60aff843e46471f6771035437b8ba,a38988929b82087a148c194232316d873fecd83779488fcd85ca5f6657067cb8,1726850c15a78c7b,fbf3f0c080030f0f,041007050f780118,fffff1c0000fffff,1726850c15a78c7b,fbf3f0c080030f0f,1000,509,external_family_ce46bb527b2c8aeece7c,False,Collage or unresolved source product-type mismatch,False
flipkart_party,SNDEY4AKUX9BWZFG,flipkart_meta_272922372e83849e,Senorita Women Flats,Flats,Party,"[""Party""]",source_exact_occasion,http://www.flipkart.com/senorita-women-flats/p/itmey4akwhntskge?pid=SNDEY4AKUX9BWZFG,http://img5a.flixcart.com/image/sandal/z/f/g/golden-lsm-19-senorita-36-original-imaey67nkfwsyeae.jpeg,data/external/rare_usage_20260906/flipkart_party/originals/SNDEY4AKUX9BWZFG.image,46b927065025a0dbc2ab559d48c286f89a9f5e4ddaebb3a9683d2ca029951a5e,1907,1291,Publisher metadata CC BY-SA 4.0; remote photo rights scope not established,dda0ce1f04249bc0563e27056a42a53b,Footwear >> Women's Footwear >> Flats,"[{""key"": ""Occasion"", ""value"": ""Party""}, {""key"": ""Ideal For"", ""value"": ""Women""}, {""key"": ""Type"", ""value"": ""Flats""}, {""key"": ""Heel Height"", ""value"": ""0 inch""}, {""key"": ""Outer Material"", ""value"": ""PU""}, {""key"": ""Color"", ""value"": ""GOLDEN""}]","Flipkart Products, PromptCloud / PromptCloudHQ, version 1, via Kaggle",https://creativecommons.org/licenses/by-sa/4.0/,https://www.kaggle.com/datasets/PromptCloudHQ/flipkart-products,,,,,,,,flipkart_party:SNDEY4AKUX9BWZFG,keep,single_product_presentation,,46b927065025a0dbc2ab559d48c286f89a9f5e4ddaebb3a9683d2ca029951a5e,e7214e7b9e3d73eb044c5e7e7ba3019358589c6517e597e94a9d13fb86ffa58a,238ec2eef923a168f637080a907d3d5fdd7a3b69dbd246ac4aa489b4ef15d3e2,b61634ee115dec4472e12375d0c6c77c3a9e44f868781e1ada8ffdbb6fb25f7d,0c5f2d975b198923,efc7010103cce0f3,21084d3f1b034009,ffff870180e0ffff,0c4f2db75b110c43,efe7050103c9e4f1,1907,1291,external_family_5a1b82b64170a4a41bb6,False,,True
flipkart_party,SNDEJRB4D4RDAN6E,flipkart_meta_28900c74ebc586ff,keco Women Heels,Heels,Party,"[""Party""]",source_exact_occasion,http://www.flipkart.com/keco-women-heels/p/itmejr8z5zncupne?pid=SNDEJRB4D4RDAN6E,http://img6a.flixcart.com/image/sandal/z/r/v/gold-kcbt814gp-keco-9-original-imaej4q7gjtgqeyt.jpeg,data/external/rare_usage_20260906/flipkart_party/originals/SNDEJRB4D4RDAN6E.image,ee481ae2c9b044507e93ddff8029642897f2f6aac0e5be3e86b7659842fb75e1,4060,1312,Publisher metadata CC BY-SA 4.0; remote photo rights scope not established,8f7acbfa6eb56a9ad08ff1f3350fe5ab,Footwear >> Women's Footwear >> Heels >> keco Women Heels,"[{""key"": ""Ideal For"", ""value"": ""Women""}, {""key"": ""Occasion"", ""value"": ""Party""}, {""key"": ""Number of Contents in Sales Package"", ""value"": ""Pack of 1""}, {""key"": ""Weight"", ""value"": ""300 g (per single Sandal) - Weight of the product may vary depending on size.""}, {""key"": ""Type"", ""value"": ""Heels""}, {""key"": ""Heel Height"", ""value"": ""5 inch""}, {""key"": ""Outer Material"", ""value"": ""Synthetic Leather""}, {""key"": ""Color"", ""value"": ""GOLD""}, {""key"": ""Care Instructions"", ""value"": ""dust any dry dirt from the surface using a clean cloth. Do not use polish or shiner""}, {""value"": ""2 Sandals""}]","Flipkart Products, PromptCloud / PromptCloudHQ, version 1, via Kaggle",https://creativecommons.org/licenses/by-sa/4.0/,https://www.kaggle.com/datasets/PromptCloudHQ/flipkart-products,,,,,,,,flipkart_party:SNDEJRB4D4RDAN6E,keep,single_product_presentation,,ee481ae2c9b044507e93ddff8029642897f2f6aac0e5be3e86b7659842fb75e1,6456d4c5c4036fa5eadf885e9eb02430f402a508f08d109d3db758483027ed1d,010a55da4d5a7034b99d9f35c4e2b9dee779fb0e4af7d6bb1772798793463bde,34573073c28e940f00389226628bc9a125c6be8ad6efc685781f100ffcb2ea38,e2f2735f4d4c6503,3f1b1b81e0e0f0f3,0004e07345004800,ffffff00a0ffffff,e2f3735f4d4c6503,3f1b1b81e0f0f0f3,4060,1312,external_family_1887e0730c2151f9f99c,False,,True
flipkart_party,SHOEDTP4GJZGKCFS,flipkart_meta_2c71463a056604cb,Lemingo Party Wear Shoes,Casual Shoes,Party,"[""Party""]",source_exact_occasion,http://www.flipkart.com/lemingo-party-wear-shoes/p/itmedqedgzchygcw?pid=SHOEDTP4GJZGKCFS,http://img6a.flixcart.com/image/shoe/2/3/g/blue-leminigo-13-lemingo-43-original-imaedqb4yyepm3h6.jpeg,data/external/rare_usage_20260906/flipkart_party/originals/SHOEDTP4GJZGKCFS.image,6ee63c1dddc25f8e52394468b8e4bdf563224e2521c0acc40adddac5b0b39177,810,591,Publisher metadata CC BY-SA 4.0; remote photo rights scope not established,172bfc6e98127e5c5be1f23f46f4d1be,Footwear >> Men's Footwear >> Casual Shoes >> Lemingo Casual Shoes,"[{""key"": ""Ideal For"", ""value"": ""Men""}, {""key"": ""Occasion"", ""value"": ""Party""}, {""key"": ""Sole Material"", ""value"": ""Leather""}, {""key"": ""Heel Height"", ""value"": ""1 inch""}, {""key"": ""Outer Material"", ""value"": ""Suede""}, {""key"": ""Color"", ""value"": ""Blue""}]","Flipkart Products, PromptCloud / PromptCloudHQ, version 1, via Kaggle",https://creativecommons.org/licenses/by-sa/4.0/,https://www.kaggle.com/datasets/PromptCloudHQ/flipkart-products,,,,,,,,flipkart_party:SHOEDTP4GJZGKCFS,keep,single_product_presentation,,6ee63c1dddc25f8e52394468b8e4bdf563224e2521c0acc40adddac5b0b39177,f60ad19af271ffc59a10e44a405464a0ce726f1994b47b20d0743c0a4c30e7b6,7f53de2b70938cf3597a04373762fef1d96c55b8f3e89ee31fef755b19948f46,531e733c1fb171c765aed6c6458d616de964d8fc1554adafad533bca8b3f0fcd,747a5d6e27198743,3f0f0f0783c0e0f9,1846795e07014318,ffff0f0780e0ffff,747a5d6e27198543,3f0f0f0783c0e0f9,810,591,external_family_f3cd18c1ba0923650aaa,False,,True
flipkart_party,SNDE9HRW9ZVPG9A6,flipkart_meta_2c843ae614b07b0b,NE Shoes Women Wedges,Heels,Party,"[""Party""]",source_exact_occasion,http://www.flipkart.com/ne-shoes-women-wedges/p/itme9hrvqskzbqza?pid=SNDE9HRW9ZVPG9A6,http://img6a.flixcart.com/image/sandal/3/g/m/black-fv333-fashion-victory-40-original-imae9h3qfmyveyda.jpeg,data/external/rare_usage_20260906/flipkart_party/originals/SNDE9HRW9ZVPG9A6.image,293ab9e6887866310eea11ac2f6282ea5c5a3c104ab2a87d1d878733a43bb349,621,708,Publisher metadata CC BY-SA 4.0; remote photo rights scope not established,2703567761a3071244b93413e1ba7e91,Footwear >> Women's Footwear >> Wedges,"[{""key"": ""Occasion"", ""value"": ""Party""}, {""key"": ""Ideal For"", ""value"": ""Women""}, {""key"": ""Weight"", ""value"": ""450 g (per single Sandal) - Weight of the product may vary depending on size.""}, {""key"": ""Type"", ""value"": ""Wedges""}, {""key"": ""Heel Height"", ""value"": ""3 inch""}, {""key"": ""Outer Material"", ""value"": ""Nubuck Leather""}, {""key"": ""Color"", ""value"": ""Black""}]","Flipkart Products, PromptCloud / PromptCloudHQ, version 1, via Kaggle",https://creativecommons.org/licenses/by-sa/4.0/,https://www.kaggle.com/datasets/PromptCloudHQ/flipkart-products,,,,,,,,flipkart_party:SNDE9HRW9ZVPG9A6,keep,single_product_presentation,,293ab9e6887866310eea11ac2f6282ea5c5a3c104ab2a87d1d878733a43bb349,d1f5b2d5956fe9df1265989ac433919b5f428fc1c3092a4676fac581a621c871,3b29af0f451af1578463b252089f3a92f8932f88d456f0a603956748e94f1b01,d9dca1683592670ac367241d8e880a8c4e66cec0ff654ea09867be0c68fc4999,9817575729193263,efcf8381810898f8,991c375739333243,ffcf8381810898ff,9817575729193263,efcf8381810898f8,621,708,external_family_9f24542755619b566ade,False,,True
flipkart_party,SNDEE5FMQ5YQAKMZ,flipkart_meta_2d29788c5cd3ce20,Bellafoz Women Heels,Heels,Party,"[""Party""]",source_exact_occasion,http://www.flipkart.com/bellafoz-women-heels/p/itmee5fmyhnpzggf?pid=SNDEE5FMQ5YQAKMZ,http://img5a.flixcart.com/image/sandal/v/c/z/golden-s6-bellafoz-8-original-imaee3z5tpnvyzmz.jpeg,data/external/rare_usage_20260906/flipkart_party/originals/SNDEE5FMQ5YQAKMZ.image,46dea7bc0d7fbdeea3caab269ca58e0f60c2da2599e594ee7fc0b18277714acd,1351,1140,Publisher metadata CC BY-SA 4.0; remote photo rights scope not established,c6e7208c043a816c4a7b594f3db11a62,Footwear >> Women's Footwear >> Heels,"[{""key"": ""Ideal For"", ""value"": ""Women""}, {""key"": ""Occasion"", ""value"": ""Party""}, {""key"": ""Sole Material"", ""value"": ""PU""}, {""key"": ""Closure"", ""value"": ""Small Back Strap""}, {""key"": ""Number of Contents in Sales Package"", ""value"": ""Pack of 1""}, {""key"": ""Weight"", ""value"": ""200 g (per single Sandal) - Weight of the product may vary depending on size.""}, {""key"": ""Type"", ""value"": ""Heels""}, {""key"": ""Heel Height"", ""value"": ""3 inch""}, {""key"": ""Outer Material"", ""value"": ""Patent Leather""}, {""key"": ""Color"", ""value"": ""Golden""}, {""value"": ""2 Sandals""}]","Flipkart Products, PromptCloud / PromptCloudHQ, version 1, via Kaggle",https://creativecommons.org/licenses/by-sa/4.0/,https://www.kaggle.com/datasets/PromptCloudHQ/flipkart-products,,,,,,,,flipkart_party:SNDEE5FMQ5YQAKMZ,keep,single_product_presentation,,46dea7bc0d7fbdeea3caab269ca58e0f60c2da2599e594ee7fc0b18277714acd,b57005b1a38fc9ba1a075122771f2d7e3e4b582d631700197515a000d380fda7,450e95da7a7273e118b89fa5461caaf87312dc98b42e47b3f1838c4589246afb,c58e5e906c3d0bfd9cb56bd27b33ff57a3ba33b92352bf4b78d55bfc046573f3,78cd7f303b130143,bf6f0f9f8fc1e0e0,0078cd381b830320,ffff071f81c0f0ff,78cd7f303b130143,bf6f0f9f8fc1e0e0,1351,1140,external_family_c3999f912f9697423929,False,,True
flipkart_party,TOPDYTMFQNAGZVNG,flipkart_meta_3132fd78b7da1c02,I Am For You Party Sleeveless Solid Women's Top,Tops,Party,"[""Party""]",source_exact_occasion,http://www.flipkart.com/am-you-party-sleeveless-solid-women-s-top/p/itmdytmfcy2zbw5y?pid=TOPDYTMFQNAGZVNG,http://img6a.flixcart.com/image/top/v/n/g/imfu-fk-014-i-am-for-you-s-1100x1360-imadyvypzbhmqgc3.jpeg,data/external/rare_usage_20260906/flipkart_party/originals/TOPDYTMFQNAGZVNG.image,60c207d11f5a3368731436b4ad0c51a8b45322549d57dcc181e6388dfc06c51b,656,1360,Publisher metadata CC BY-SA 4.0; remote photo rights scope not established,9386bcaa8ab0ba218b16ad5a2d88c1f7,"Clothing >> Women's Clothing >> Western Wear >> Shirts, Tops & Tunics >> Tops >> I Am For You Tops","[{""key"": ""Sleeve"", ""value"": ""Sleeveless""}, {""key"": ""Number of Contents in Sales Package"", ""value"": ""Pack of 1""}, {""key"": ""Fabric"", ""value"": ""Viscose""}, {""key"": ""Neck"", ""value"": ""Scoop Neck""}, {""key"": ""Pattern"", ""value"": ""Solid""}, {""key"": ""Ideal For"", ""value"": ""Women's""}, {""key"": ""Occasion"", ""value"": ""Party""}, {""value"": ""Wash With Similar Color, Do Not Bleach, Do Not Tumble Dry, Low Iron""}, {""value"": ""Top""}]","Flipkart Products, PromptCloud / PromptCloudHQ, version 1, via Kaggle",https://creativecommons.org/licenses/by-sa/4.0/,https://www.kaggle.com/datasets/PromptCloudHQ/flipkart-products,,,,,,,,flipkart_party:TOPDYTMFQNAGZVNG,keep,single_product_presentation,,60c207d11f5a3368731436b4ad0c51a8b45322549d57dcc181e6388dfc06c51b,54d5178dbbc15172a895550d29a57b5a10f0c71f0a117d16d3f394cc8ccc7073,4f480a9db3e83970b8a3b098780f02c227c5d21c33873c2c24510f563bb7fb27,fe74309cafcc1998e30bee8846a3df72b22571676b9b196f1eb35e8c0bf9b2ab,0f172b2b23232b0b,e7808183818181c3,0e0f179696169696,e7c3c3c3c3c3c3c3,0f172b2b23232b2b,e7808183818181c3,656,1360,external_family_a34fa94f01e39c6082c9,False,,True
flipkart_party,SNDEDFYPJFHXG98W,flipkart_meta_313ccd391dc30445,Digni Women Wedges,Heels,Party,"[""Party""]",source_exact_occasion,http://www.flipkart.com/digni-women-wedges/p/itmedfypfmgpyfqp?pid=SNDEDFYPJFHXG98W,http://img6a.flixcart.com/image/sandal/g/9/e/orange-san009-digni-41-original-imaeddx7ybxvnczv.jpeg,data/external/rare_usage_20260906/flipkart_party/originals/SNDEDFYPJFHXG98W.image,2dcb2247a06f91bb67fcc1778eeeb8559cf1bc3c68a601da2ba572546d341bd6,1046,912,Publisher metadata CC BY-SA 4.0; remote photo rights scope not established,4e52454081cd9c411b74a26678c518e5,Footwear >> Women's Footwear >> Wedges,"[{""key"": ""Ideal For"", ""value"": ""Women""}, {""key"": ""Occasion"", ""value"": ""Party""}, {""key"": ""Sole Material"", ""value"": ""Sheet Sole""}, {""key"": ""Closure"", ""value"": ""Back Strap""}, {""key"": ""Number of Contents in Sales Package"", ""value"": ""Pack of 1""}, {""key"": ""Weight"", ""value"": ""600 g (per single Sandal) - Weight of the product may vary depending on size.""}, {""key"": ""Type"", ""value"": ""Wedges""}, {""key"": ""Heel Height"", ""value"": ""2.5 inch""}, {""key"": ""Outer Material"", ""value"": ""Synthetic Leather""}, {""key"": ""Color"", ""value"": ""Orange""}, {""key"": ""Care Instructions"", ""value"": ""Wash in Lukewarm Water, Do Not Bleach""}, {""value"": ""Pair of Wedges""}]","Flipkart Products, PromptCloud / PromptCloudHQ, version 1, via Kaggle",https://creativecommons.org/licenses/by-sa/4.0/,https://www.kaggle.com/datasets/PromptCloudHQ/flipkart-products,,,,,,,,flipkart_party:SNDEDFYPJFHXG98W,keep,single_product_presentation,,2dcb2247a06f91bb67fcc1778eeeb8559cf1bc3c68a601da2ba572546d341bd6,38316f606da0896afb72e7540236c016395d1c7ec5dee8718cf60e5a90637c70,1688433cb60ea8d1ba13586edfa42672f395e40eccafe56f8065779787f85287,2726446c78bfb68a044bf5701ee1f1fc14a3d3eaf72ecafff31b3fceda92c52f,784d6d365b230943,bf2f07078380e1f1,047a4d363b030320,ffbf070781c0f3ff,784d6d365b231943,bf2f07078380c1f1,1046,912,external_family_1318c372512b60a2fca2,False,,True
flipkart_party,BRAEAHFYFKDVDY8F,flipkart_meta_3770d349317b6e28,Glus Sweet Angel Women's Push-up Bra,Bra,Party,"[""Party""]",source_exact_occasion,http://www.flipkart.com/glus-sweet-angel-women-s-push-up-bra/p/itmeahfyhqwmvzhe?pid=BRAEAHFYFKDVDY8F,http://img5a.flixcart.com/image/bra/u/y/b/gp2062-abl-glus-30b-1000x1000-imaeagqs6tkcaaah.jpeg,data/external/rare_usage_20260906/flipkart_party/originals/BRAEAHFYFKDVDY8F.image,0227a67ffa440ffd979fc05f1adb7ec8c5afe1416688618ae122d481870af145,989,1000,Publisher metadata CC BY-SA 4.0; remote photo rights scope not established,60ef53b197573dcf4e66f2ddcc07f574,"Clothing >> Women's Clothing >> Lingerie, Sleep & Swimwear >> Bras >> Glus Bras","[{""key"": ""Brand Color"", ""value"": ""Black""}, {""key"": ""color"", ""value"": ""Black""}, {""key"": ""Pattern"", ""value"": ""Solid""}, {""key"": ""Ideal For"", ""value"": ""Women's""}, {""key"": ""Occasion"", ""value"": ""Party""}, {""key"": ""Wire Support"", ""value"": ""Underwire""}, {""key"": ""Inner Lining"", ""value"": ""Polyamide""}, {""key"": ""Straps"", ""value"": ""Multiway""}, {""key"": ""Detachable Straps"", ""value"": ""Yes""}, {""key"": ""Other Bra Details"", ""value"": ""Perfect T-shirt Bra""}, {""key"": ""Number of Contents in Sales Package"", ""value"": ""Pack of 1""}, {""key"": ""Cup Type"", ""value"": ""Soft Padded Pushup Molded Cups""}, {""key"": ""Fabric"", ""value"": ""80% Polyamide, 20% Elastane""}, {""key"": ""Type"", ""value"": ""Push-up Bra""}, {""key"": ""Seam Type"", ""value"": ""Seamless""}, {""key"": ""Design"", ""value"": ""Front Open Balconette Underwire ,Push up Bra with Dual Straps : Detachable Racer Back and detachable regular Straps .""}, {""value"": ""Gentle Machine Wash in Lukewarm Water, Do Not Bleach""}, {""value"": ""Front Open Bra With Durable Lock . Pushup Underwire Peek-A-Boob Style .""}, {""value"": ""1 Bra""}]","Flipkart Products, PromptCloud / PromptCloudHQ, version 1, via Kaggle",https://creativecommons.org/licenses/by-sa/4.0/,https://www.kaggle.com/datasets/PromptCloudHQ/flipkart-products,,,,,,,,flipkart_party:BRAEAHFYFKDVDY8F,keep,single_product_presentation,,0227a67ffa440ffd979fc05f1adb7ec8c5afe1416688618ae122d481870af145,be667c339ab346e35183e3b1d6c82dc63a82857dde315c73713b0d403423af41,5df4a86f03aa9bdf55813c2315f0c22b88fddf895b65163f5f149a0281435859,958b41dd5e1c84082a29290338ef4f94e63aeb89342f414c54fbd195ad859f2f,6961615569717133,ffffffff3c180000,2269615561313323,ffffbdff3c0000ff,6961615569717133,ffffffff3c180000,989,1000,external_family_2de9b5a250712c6ad23a,False,,True
flipkart_party,SNDEGR5WFMG4YGHZ,flipkart_meta_39944e366e5a1170,AROVI Women Heels,Heels,Party,"[""Party""]",source_exact_occasion,http://www.flipkart.com/arovi-women-heels/p/itmegr5w6gzbjgd6?pid=SNDEGR5WFMG4YGHZ,http://img6a.flixcart.com/image/sandal/z/c/n/black-arsendl254-arovi-11-original-imaegpz5fzzes9yc.jpeg,data/external/rare_usage_20260906/flipkart_party/originals/SNDEGR5WFMG4YGHZ.image,88bba91bb81bca21ae641ddba7acf8e870d5a2423aeaac746a8d354b65f7bf3c,1400,801,Publisher metadata CC BY-SA 4.0; remote photo rights scope not established,d34915685af18b664f83583cae2235ba,Footwear >> Women's Footwear >> Heels >> AROVI Women Heels,"[{""key"": ""Occasion"", ""value"": ""Party""}, {""key"": ""Ideal For"", ""value"": ""Women""}, {""key"": ""Type"", ""value"": ""Heels""}, {""key"": ""Heel Height"", ""value"": ""1 inch""}, {""key"": ""Outer Material"", ""value"": ""PVC""}, {""key"": ""Color"", ""value"": ""BLACK""}]","Flipkart Products, PromptCloud / PromptCloudHQ, version 1, via Kaggle",https://creativecommons.org/licenses/by-sa/4.0/,https://www.kaggle.com/datasets/PromptCloudHQ/flipkart-products,,,,,,,,flipkart_party:SNDEGR5WFMG4YGHZ,withhold,mapped_Heels_may_be_flat_or_low_wedge_review_type,Collage or unresolved source product-type mismatch,88bba91bb81bca21ae641ddba7acf8e870d5a2423aeaac746a8d354b65f7bf3c,305afc1753aa218687ffbf250ca56735c5cf0985854ff392f5a0c2175e9df42b,9a8f3170a557e31836e8e50a00305d3d9655ec80cd9811d61b63e17e2de58be8,b99800bc39e3fb8a57295a11bba36ed27d7b67722fa5e068d7abe70f73f1ba45,5d9f169b5b05379f,efefdf4f0180c0c7,04011c9f15178026,ffffc70100c1ffff,5d9f169b5905379f,efefdf4f0180c0c7,1400,801,external_family_c0da7291343207ddd40f,False,Collage or unresolved source product-type mismatch,False
flipkart_party,SHOEGKU9SUZRXPHY,flipkart_meta_3fc2b278b8053d0b,Gato Chief Tan Corporate Casuals,Casual Shoes,Party,"[""Party""]",source_exact_occasion,http://www.flipkart.com/gato-chief-tan-corporate-casuals/p/itmegku9ggkfd6ef?pid=SHOEGKU9SUZRXPHY,http://img5a.flixcart.com/image/shoe/z/r/n/tan-gbshcsl4101tan-gato-9-700x700-imaegks8yzxgzuqb.jpeg,data/external/rare_usage_20260906/flipkart_party/originals/SHOEGKU9SUZRXPHY.image,44c5d70ec829b4c227ba939a15e86a06149ef49c73ecfd597dddb1ed4b7bfeda,700,564,Publisher metadata CC BY-SA 4.0; remote photo rights scope not established,f2ca376b0bd2d5897f4bf88a54e91f8b,Footwear >> Men's Footwear >> Casual Shoes >> Gato Casual Shoes >> Gato Chief Tan Corporate Casuals,"[{""key"": ""Ideal For"", ""value"": ""Men""}, {""key"": ""Occasion"", ""value"": ""Party""}, {""key"": ""Closure"", ""value"": ""Laced""}, {""key"": ""Number of Contents in Sales Package"", ""value"": ""Pack of 1""}, {""key"": ""Inner Material"", ""value"": ""Synthetic""}, {""key"": ""Heel Height"", ""value"": ""0.4 inch""}, {""key"": ""Outer Material"", ""value"": ""Synthetic Leather""}, {""key"": ""Color"", ""value"": ""Tan""}]","Flipkart Products, PromptCloud / PromptCloudHQ, version 1, via Kaggle",https://creativecommons.org/licenses/by-sa/4.0/,https://www.kaggle.com/datasets/PromptCloudHQ/flipkart-products,,,,,,,,flipkart_party:SHOEGKU9SUZRXPHY,keep,single_product_presentation,,44c5d70ec829b4c227ba939a15e86a06149ef49c73ecfd597dddb1ed4b7bfeda,ce1efff7a11e44b2e6aa09d66eabb0de80b108771bbd19d1967b5592c7c8e6bf,32a0a36d0955bcf59b42cacdc72d8827f4a69a28a0783631eed8c24a6dde80ac,417078dfa5469ca65e76c22598961cc699b2c6b88b0e004eb7bd793f374430ae,88141a0dce65030e,ff1f0f070700c1ff,18841b1c4d070c21,ffff0f070181ffff,5c1a4f4dce46110f,1f8f8f07070380e1,700,564,external_family_48373e9297ae53bfae26,False,,True
flipkart_party,TOPE9T8FXVBGHGQS,flipkart_meta_4005fb7a4bda25a0,Ffashionstylus Party Short Sleeve Printed Women's Top,Tops,Party,"[""Party""]",source_exact_occasion,http://www.flipkart.com/ffashionstylus-party-short-sleeve-printed-women-s-top/p/itme9t8ezpfjyf7p?pid=TOPE9T8FXVBGHGQS,http://img5a.flixcart.com/image/top/s/t/8/1-1-ffst-t4-ffashionstylus-m-original-imae9sxgkthme4s7.jpeg,data/external/rare_usage_20260906/flipkart_party/originals/TOPE9T8FXVBGHGQS.image,23b023c14ffe5ebb33185d84a9b0e39ce907f9096d32c6409e2681ccb1af1b95,473,1059,Publisher metadata CC BY-SA 4.0; remote photo rights scope not established,bb92347f7c3e20b28d7b5c9e83d64a10,"Clothing >> Women's Clothing >> Western Wear >> Shirts, Tops & Tunics >> Tops >> Ffashionstylus Tops","[{""key"": ""Sleeve"", ""value"": ""Short Sleeve""}, {""key"": ""Number of Contents in Sales Package"", ""value"": ""Pack of 1""}, {""key"": ""Fabric"", ""value"": ""Cotton""}, {""key"": ""Neck"", ""value"": ""Round Neck""}, {""key"": ""Pattern"", ""value"": ""Printed""}, {""key"": ""Ideal For"", ""value"": ""Women's""}, {""key"": ""Occasion"", ""value"": ""Party""}, {""value"": ""Wash with Similar Colors, Use Detergent for Colors""}, {""value"": ""Pack of 1 Top""}]","Flipkart Products, PromptCloud / PromptCloudHQ, version 1, via Kaggle",https://creativecommons.org/licenses/by-sa/4.0/,https://www.kaggle.com/datasets/PromptCloudHQ/flipkart-products,,,,,,,,flipkart_party:TOPE9T8FXVBGHGQS,keep,model_worn_outfit_context,,23b023c14ffe5ebb33185d84a9b0e39ce907f9096d32c6409e2681ccb1af1b95,77e152baf7de1f4969cab0ebf14e9eb27572ba98c68f9f0a8c94930e4e99a75e,ecdce901f6f32efb9a171de3918b5b5a7a1c3da796a63034e30e656ace815a3b,77e152baf7de1f4969cab0ebf14e9eb27572ba98c68f9f0a8c94930e4e99a75e,4e4f89950b1f9b0f,e7f7e1e0c1c1c1e3,4d0e474b478e0e4e,e7f7e3e3e3c3c3e3,4e4f89950b1f9b0f,e7f7e1e0c1c1c1e3,473,1059,external_family_d90164880af74800c908,False,,True
flipkart_party,SNDEBR4ETGGZWASZ,flipkart_meta_4029c51518fcc82f,2 Dost Women Wedges,Heels,Party,"[""Party""]",source_exact_occasion,http://www.flipkart.com/2-dost-women-wedges/p/itmebr4ezdgrsjg9?pid=SNDEBR4ETGGZWASZ,http://img6a.flixcart.com/image/sandal/h/q/t/red-2-dost-606-2-dost-10-1000x1000-imaea9mhhezfsngg.jpeg,data/external/rare_usage_20260906/flipkart_party/originals/SNDEBR4ETGGZWASZ.image,70f47d783ad3f8a77b2f90aa03b0322f0f98979782c4c03a9c7b1325d41ecba9,1000,898,Publisher metadata CC BY-SA 4.0; remote photo rights scope not established,237e586616e07088c6ee26151ea7cd2b,Footwear >> Women's Footwear >> Wedges,"[{""key"": ""Occasion"", ""value"": ""Party""}, {""key"": ""Ideal For"", ""value"": ""Women""}, {""key"": ""Type"", ""value"": ""Wedges""}, {""key"": ""Heel Height"", ""value"": ""3 inch""}, {""key"": ""Outer Material"", ""value"": ""Velvet""}, {""key"": ""Color"", ""value"": ""Red""}]","Flipkart Products, PromptCloud / PromptCloudHQ, version 1, via Kaggle",https://creativecommons.org/licenses/by-sa/4.0/,https://www.kaggle.com/datasets/PromptCloudHQ/flipkart-products,,,,,,,,flipkart_party:SNDEBR4ETGGZWASZ,keep,single_product_presentation,,70f47d783ad3f8a77b2f90aa03b0322f0f98979782c4c03a9c7b1325d41ecba9,66b88b4ba2c594b62db0609d5513299cdcdd709636995ced24b7c1a015cce7d7,213def26301441b95496865eeb4396bc9d9c64ce1553a8e4a3f0ecb5f115a1c5,f87b8506aef38028cffd6052a5a36fb3ebb209d23df148c528d3d50ace6566e2,3f4cef6371190746,ff0707118081c3f3,003dcc6731070641,ffff070100c1f3ff,3ecccf6371391786,ff0f07118080c3e3,1000,898,external_family_38bb8f9161edcb7c1f6b,False,,True
flipkart_party,SNDE33WXXFHJUZPD,flipkart_meta_40ba941747570ad6,Foot Jewel Heel Brown Party Slip On Women Wedges,Heels,Party,"[""Party""]",source_exact_occasion,http://www.flipkart.com/foot-jewel-heel-brown-party-slip-women-wedges/p/itme33wx5mxnr2ey?pid=SNDE33WXXFHJUZPD,http://img5a.flixcart.com/image/sandal/x/h/t/brown-ww316-foot-jewel-36-1100x1360-imae3ytkjwybyhnq.jpeg,data/external/rare_usage_20260906/flipkart_party/originals/SNDE33WXXFHJUZPD.image,826eb3c466de70a7464ada17d25c6393a58596499ad5fba20c7368a710ac2e02,1100,720,Publisher metadata CC BY-SA 4.0; remote photo rights scope not established,2191c751fb495667c1942a7953b66089,Footwear >> Women's Footwear >> Heels,"[{""key"": ""Ideal For"", ""value"": ""Women""}, {""key"": ""Occasion"", ""value"": ""Party""}, {""key"": ""Sole Material"", ""value"": ""Sheet""}, {""key"": ""Closure"", ""value"": ""NA""}, {""key"": ""Tip Shape"", ""value"": ""Open""}, {""key"": ""Weight"", ""value"": ""350 g (per single Sandal) - Weight of the product may vary depending on size.""}, {""key"": ""Type"", ""value"": ""Wedges""}, {""key"": ""Heel Height"", ""value"": ""1.5 inch""}, {""key"": ""Outer Material"", ""value"": ""Fabric""}, {""key"": ""Color"", ""value"": ""Brown""}, {""value"": ""1 Pair Sandal""}]","Flipkart Products, PromptCloud / PromptCloudHQ, version 1, via Kaggle",https://creativecommons.org/licenses/by-sa/4.0/,https://www.kaggle.com/datasets/PromptCloudHQ/flipkart-products,,,,,,,,flipkart_party:SNDE33WXXFHJUZPD,keep,single_product_presentation,,826eb3c466de70a7464ada17d25c6393a58596499ad5fba20c7368a710ac2e02,12c4560e7d3514b5237f3722902a0a3e58560f1007f21f9069721f207df880a8,cfe5c073f18522e61550ad4030011c4a4bede5e147214168db8dba49f3582afe,12c4560e7d3514b5237f3722902a0a3e58560f1007f21f9069721f207df880a8,1d1d7e7663239b41,c7070783bbdbffff,640a1d7623814100,ffff070393f9ffff,1d1d7e7663239b41,c7070783bbdbffff,1100,720,external_family_072a3b68bea305146e77,False,,True
flipkart_party,TOPE494XPFCSZA6H,flipkart_meta_439e5e31f5598ddd,Elisabetta Bartolli Party Sleeveless Solid Women's Top,Tops,Party,"[""Party""]",source_exact_occasion,http://www.flipkart.com/elisabetta-bartolli-party-sleeveless-solid-women-s-top/p/itme494xst89kczy?pid=TOPE494XPFCSZA6H,http://img6a.flixcart.com/image/top/a/6/h/300501-elisabetta-bartolli-l-original-imae45zuyhwxhfne.jpeg,data/external/rare_usage_20260906/flipkart_party/originals/TOPE494XPFCSZA6H.image,39a7fe818e40c6f68b5b59011b931adb9e33d3daa29089c9c0b6212b4c8b4fae,713,1650,Publisher metadata CC BY-SA 4.0; remote photo rights scope not established,baad5b2d886331939bee9a6b43356189,"Clothing >> Women's Clothing >> Western Wear >> Shirts, Tops & Tunics >> Tops >> Elisabetta Bartolli Tops","[{""key"": ""Closure"", ""value"": ""Button""}, {""key"": ""Sleeve"", ""value"": ""Sleeveless""}, {""key"": ""Number of Contents in Sales Package"", ""value"": ""Pack of 1""}, {""key"": ""Belt Included"", ""value"": ""No""}, {""key"": ""Fabric"", ""value"": ""100% Polyester""}, {""key"": ""Design"", ""value"": ""Emroidered""}, {""key"": ""Pattern"", ""value"": ""Solid""}, {""key"": ""Occasion"", ""value"": ""Party""}, {""key"": ""Ideal For"", ""value"": ""Women's""}]","Flipkart Products, PromptCloud / PromptCloudHQ, version 1, via Kaggle",https://creativecommons.org/licenses/by-sa/4.0/,https://www.kaggle.com/datasets/PromptCloudHQ/flipkart-products,,,,,,,,flipkart_party:TOPE494XPFCSZA6H,keep,model_worn_outfit_context,,39a7fe818e40c6f68b5b59011b931adb9e33d3daa29089c9c0b6212b4c8b4fae,b1b237e2decf660aa1c0aefb670ebd086530addee929b13e1624ecc6bef24093,621a3c7508ca8f417842d394517f72849ad4968e0c25cd172091b52c42678849,b1b237e2decf660aa1c0aefb670ebd086530addee929b13e1624ecc6bef24093,9713333333353533,fbdbd9c181818181,4716161616161696,e7e7c3c3c3c3c3c3,9713333333353533,fbdbd9c181818181,713,1650,external_family_94114fa52862ca796b7e,False,,True
flipkart_party,SHOE9YD3REFDCPBR,flipkart_meta_48b16eb7183f0d4a,Blue Parrot Party Wear Shoes,Casual Shoes,Party,"[""Party""]",source_exact_occasion,http://www.flipkart.com/blue-parrot-party-wear-shoes/p/itme9yd3ytggjg2q?pid=SHOE9YD3REFDCPBR,http://img5a.flixcart.com/image/shoe/p/b/r/black-8841-blue-parrot-42-original-imae9wjn2fhrxx84.jpeg,data/external/rare_usage_20260906/flipkart_party/originals/SHOE9YD3REFDCPBR.image,329189ae66742afb6fcc5ba8dc40b4565dd452d340ed15c3f2ef25a3d0001046,1063,540,Publisher metadata CC BY-SA 4.0; remote photo rights scope not established,ee1b5ce1d1e4bb45a4c8b535250db04d,Footwear >> Men's Footwear >> Casual Shoes >> Blue Parrot Casual Shoes,"[{""key"": ""Occasion"", ""value"": ""Party""}, {""key"": ""Ideal For"", ""value"": ""Men""}, {""key"": ""Heel Height"", ""value"": ""1 inch""}, {""key"": ""Outer Material"", ""value"": ""Synthetic Leather""}, {""key"": ""Color"", ""value"": ""Black""}]","Flipkart Products, PromptCloud / PromptCloudHQ, version 1, via Kaggle",https://creativecommons.org/licenses/by-sa/4.0/,https://www.kaggle.com/datasets/PromptCloudHQ/flipkart-products,,,,,,,,flipkart_party:SHOE9YD3REFDCPBR,keep,single_product_presentation,,329189ae66742afb6fcc5ba8dc40b4565dd452d340ed15c3f2ef25a3d0001046,aa5e1a308e57f45655a07d2a7cd0f5e7e766dd23016cac765ac3e508f027c934,652dc4ca4e324d6cb2213777100ba10c6500a640fc36aa66143adf927800ce33,e8b0cc15b7cbbba90a8b0d87a7082f59c8728a44c891a6ebabc33727e4f3cd90,d47abdde5760090f,7f0f0f070300c0e3,5004d0fe470f8003,ffff1f0700e1ffff,d47abdde5760190f,7f0f0f070300c0e3,1063,540,external_family_566318f57931d7e77bb5,False,,True
flipkart_party,SUIEHFNUU3BDCGZN,flipkart_meta_4ac1c88505627922,Kute Kids Coat Suit Set Solid Boy's Suit,Blazers,Party,"[""Party""]",source_exact_occasion,http://www.flipkart.com/kute-kids-coat-suit-set-solid-boy-s/p/itmehfnuggvp7a5y?pid=SUIEHFNUU3BDCGZN,http://img5a.flixcart.com/image/suit/z/f/y/kk2828-kute-kids-11-12-years-original-imaehfg55q7ancdh.jpeg,data/external/rare_usage_20260906/flipkart_party/originals/SUIEHFNUU3BDCGZN.image,c87ebc7782c143f3f8860de8118115e4bc26eeba3463e767e0b5af18b0f942de,1952,5096,Publisher metadata CC BY-SA 4.0; remote photo rights scope not established,272e6a238b4a93c95ec01d4bcd74974c,Clothing >> Kids' Clothing >> Boys Wear >> Suits and Blazers >> Blazers >> Kute Kids Blazers >> Kute Kids Coat Suit Set Solid Boy's Suit,"[{""key"": ""Fabric"", ""value"": ""Cotton Blend""}, {""key"": ""Type"", ""value"": ""Coat Suit Set""}, {""key"": ""Pattern"", ""value"": ""Solid""}, {""key"": ""Occasion"", ""value"": ""Party""}, {""key"": ""Ideal For"", ""value"": ""Boy's""}, {""key"": ""Trouser Closure"", ""value"": ""Zipper Closure""}, {""value"": ""1 Coat, 1 Pant, 1 Shirt, 1 Jacket, 1 Tie""}, {""key"": ""Style Code"", ""value"": ""KK2828""}, {""value"": ""Dry Clean Only""}]","Flipkart Products, PromptCloud / PromptCloudHQ, version 1, via Kaggle",https://creativecommons.org/licenses/by-sa/4.0/,https://www.kaggle.com/datasets/PromptCloudHQ/flipkart-products,,,,,,,,flipkart_party:SUIEHFNUU3BDCGZN,keep,model_worn_outfit_context,,c87ebc7782c143f3f8860de8118115e4bc26eeba3463e767e0b5af18b0f942de,cc9c85250755c28a33486234e50404e50356e80222699da7125fe0aa3c0f6959,b5bdcb6b29a5c0efe191a3bc9fa9942a560fb6a7138b71d8e021ed5e45980cdf,534552b36fc93d31646a66d9809a74474ae79801164bd0f5c545c2779bc7f18b,8617178e0f169696,e7db0142c3c3d3db,4d95160e8e4d4d55,e7e7c3c3c7e7e7e7,861717860f169696,e7db8142c3c3d3db,1952,5096,external_family_8d3ff0b21412c0fb6b36,False,,True
flipkart_party,DREE7UE3SH2GGG2F,flipkart_meta_4c25b9959ec2cbcc,Isadora Women's Shift Dress,Dresses,Party,"[""Party""]",source_exact_occasion,http://www.flipkart.com/isadora-women-s-shift-dress/p/itme7ue34hbccjt5?pid=DREE7UE3SH2GGG2F,http://img6a.flixcart.com/image/dress/j/8/w/1-1-wcd524018-isadora-l-original-imae7ucazjxmaqhz.jpeg,data/external/rare_usage_20260906/flipkart_party/originals/DREE7UE3SH2GGG2F.image,016ba676669042b87523641c34780ef551571d6e80e312d51849bbfe59efa2f8,3264,4928,Publisher metadata CC BY-SA 4.0; remote photo rights scope not established,094fc559634b6b7a19771442270bf4c5,Clothing >> Women's Clothing >> Western Wear >> Dresses & Skirts >> Dresses >> Isadora Dresses,"[{""value"": ""1 Dress""}, {""key"": ""Length"", ""value"": ""Mini/Short""}, {""key"": ""Pattern"", ""value"": ""Printed""}, {""key"": ""Occasion"", ""value"": ""Party""}, {""key"": ""Ideal For"", ""value"": ""Women's""}, {""key"": ""Sleeve"", ""value"": ""Half Sleeve""}, {""key"": ""Number of Contents in Sales Package"", ""value"": ""Pack of 1""}, {""key"": ""Fabric"", ""value"": ""100% Polyester""}, {""key"": ""Type"", ""value"": ""Shift""}, {""key"": ""Neck"", ""value"": ""Round Neck""}, {""key"": ""Design"", ""value"": ""Multicolor floral with Border Print""}]","Flipkart Products, PromptCloud / PromptCloudHQ, version 1, via Kaggle",https://creativecommons.org/licenses/by-sa/4.0/,https://www.kaggle.com/datasets/PromptCloudHQ/flipkart-products,,,,,,,,flipkart_party:DREE7UE3SH2GGG2F,keep,model_worn_outfit_context,,016ba676669042b87523641c34780ef551571d6e80e312d51849bbfe59efa2f8,b44dbe69bf12cf06184f9de0d9f85492fd68fe922d2d7a05b88ff14d8a80e092,5a13d93a1f4d5c34d85b5f9e19935d8deeb5a300c13a450b0c72aee09fb70a22,46506de77a83ba8b7f07b99a8567145d49c9b4c7e64614203af4c5780e057192,2d4e168e964f0d2c,e7e3c3c3c3e7e7e7,4d4d470d864d4d4d,e7e7c3e7c3e7e7e7,96336b3b29370e4d,c38181818193f7e7,3264,4928,external_family_c3bcf07ca44a10cddc50,False,,True
flipkart_party,SHTE5YHGMHQZHD8E,flipkart_meta_4cf6a04fcbb1514e,Meira Women's Printed Party Shirt,Shirts,Party,"[""Party""]",source_exact_occasion,http://www.flipkart.com/meira-women-s-printed-party-shirt/p/itme5yhghzkny6ts?pid=SHTE5YHGMHQZHD8E,http://img6a.flixcart.com/image/shirt/s/j/h/mewt-1167-a-multi-meira-xxl-original-imae5uycwjuhpw88.jpeg,data/external/rare_usage_20260906/flipkart_party/originals/SHTE5YHGMHQZHD8E.image,2c9d26355a5d45ac3f3081514c8d228e3b38572a4b4d4adeab89488151f8994d,719,1753,Publisher metadata CC BY-SA 4.0; remote photo rights scope not established,83a71481c5c88b67577862dd65a7b8d9,"Clothing >> Women's Clothing >> Western Wear >> Shirts, Tops & Tunics >> Shirts >> Meira Shirts","[{""key"": ""Pattern"", ""value"": ""Printed""}, {""key"": ""Occasion"", ""value"": ""Party""}, {""key"": ""Ideal For"", ""value"": ""Women's""}, {""key"": ""Sleeve"", ""value"": ""Sleeveless""}, {""key"": ""Number of Contents in Sales Package"", ""value"": ""Pack of 1""}, {""key"": ""Brand Fit"", ""value"": ""Regular Fit""}, {""key"": ""Fit"", ""value"": ""Regular""}, {""key"": ""Style Code"", ""value"": ""MEWT-1167-A-Multi""}]","Flipkart Products, PromptCloud / PromptCloudHQ, version 1, via Kaggle",https://creativecommons.org/licenses/by-sa/4.0/,https://www.kaggle.com/datasets/PromptCloudHQ/flipkart-products,,,,,,,,flipkart_party:SHTE5YHGMHQZHD8E,keep,model_worn_outfit_context,,2c9d26355a5d45ac3f3081514c8d228e3b38572a4b4d4adeab89488151f8994d,83d425f3642a79e677aea684cbf3f521c8369372f15663215b876001797907a9,1b17859218fff22a98f7a76a247fa996393b9b1850b00f75768a8aa7bb231f26,7b98b2d5c0718acaf8e4c44893565b3039c53328bf264e47a3e87d30120107dc,1b93130b0b2f5d33,ebcbc1c1c3c38189,4d4606860e8e9696,e7e3e3c3c3c7c3c3,1b931b0b0b2f5d31,ebcbc1c1c3c38199,719,1753,external_family_6805c7cc1835332f8c2b,False,,True
flipkart_party,SHTE2FCTN7MYJCUW,flipkart_meta_5289fbd59b1e436e,Meira Women's Printed Party Shirt,Shirts,Party,"[""Party""]",source_exact_occasion,http://www.flipkart.com/meira-women-s-printed-party-shirt/p/itme2fct8mzcmrgh?pid=SHTE2FCTN7MYJCUW,http://img6a.flixcart.com/image/shirt/f/t/f/mewt-1068-d-meira-xxl-original-imae2ffphdpgrg5z.jpeg,data/external/rare_usage_20260906/flipkart_party/originals/SHTE2FCTN7MYJCUW.image,c91b4fba7d95502f7772e9d8af7aa009ac743ffa40df91659fd977b5621d37af,1166,2227,Publisher metadata CC BY-SA 4.0; remote photo rights scope not established,c24d41866081adf46722da327d1d3aff,"Clothing >> Women's Clothing >> Western Wear >> Shirts, Tops & Tunics >> Shirts >> Meira Shirts","[{""key"": ""Pattern"", ""value"": ""Printed""}, {""key"": ""Ideal For"", ""value"": ""Women's""}, {""key"": ""Occasion"", ""value"": ""Party""}, {""key"": ""Sleeve"", ""value"": ""Full Sleeve""}, {""key"": ""Number of Contents in Sales Package"", ""value"": ""Pack of 1""}, {""key"": ""Fabric"", ""value"": ""Poly Chiffon""}, {""key"": ""Fit"", ""value"": ""Regular""}, {""value"": ""Machine wash""}, {""value"": ""Shirt""}, {""key"": ""Style Code"", ""value"": ""MEWT-1068-D""}]","Flipkart Products, PromptCloud / PromptCloudHQ, version 1, via Kaggle",https://creativecommons.org/licenses/by-sa/4.0/,https://www.kaggle.com/datasets/PromptCloudHQ/flipkart-products,,,,,,,,flipkart_party:SHTE2FCTN7MYJCUW,keep,model_worn_outfit_context,,c91b4fba7d95502f7772e9d8af7aa009ac743ffa40df91659fd977b5621d37af,56aad658fc6f2852d8f66de4710e5415ff9da4df6ffd8e8e74ae9b387f9d28dc,05c5adffdbc690fd670811f3d5862e3dcbefdfb5be0c92b1af319a37b7fbad4f,f3047cfede215e8814680414902d56907d1c82e2357a493bd01c00844f241f5a,07961769c151130b,e7e3fbfdf9f9c0c1,4d4587236303878f,e7e7e3d3f3e1c1c1,07961769d151130b,e7e3fbfdf9f8c0c1,1166,2227,external_family_6805c7cc1835332f8c2b,False,,True
flipkart_party,DREE9HZGGRRHS2SW,flipkart_meta_5552c7c2b19bfdd5,Indiatrendzs Women's A-line Dress,Dresses,Party,"[""Party""]",source_exact_occasion,http://www.flipkart.com/indiatrendzs-women-s-a-line-dress/p/itme9hzg7jhkjb6e?pid=DREE9HZGGRRHS2SW,http://img6a.flixcart.com/image/dress/2/s/w/1-1-f-stok-562-indiatrendzs-5xl-original-imae9hdzfwmzrjhx.jpeg,data/external/rare_usage_20260906/flipkart_party/originals/DREE9HZGGRRHS2SW.image,1869e55a33ce8500cc342f5ef9d8557da815bbb243a04c55373fdb02f3e06fc0,560,1416,Publisher metadata CC BY-SA 4.0; remote photo rights scope not established,01e02bc121a9d39d1f1dfeddf1494c8c,Clothing >> Women's Clothing >> Western Wear >> Dresses & Skirts >> Dresses >> Indiatrendzs Dresses,"[{""value"": ""Dress""}, {""key"": ""Length"", ""value"": ""Maxi/Full Length""}, {""key"": ""Pattern"", ""value"": ""Printed""}, {""key"": ""Occasion"", ""value"": ""Party""}, {""key"": ""Ideal For"", ""value"": ""Women's""}, {""key"": ""Sleeve"", ""value"": ""Sleeveless""}, {""key"": ""Number of Contents in Sales Package"", ""value"": ""Pack of 1""}, {""key"": ""Fabric"", ""value"": ""Georgette""}, {""key"": ""Type"", ""value"": ""A-line""}, {""key"": ""Neck"", ""value"": ""Round Neck""}, {""value"": ""Hand Wash""}]","Flipkart Products, PromptCloud / PromptCloudHQ, version 1, via Kaggle",https://creativecommons.org/licenses/by-sa/4.0/,https://www.kaggle.com/datasets/PromptCloudHQ/flipkart-products,,,,,,,,flipkart_party:DREE9HZGGRRHS2SW,keep,model_worn_outfit_context,,1869e55a33ce8500cc342f5ef9d8557da815bbb243a04c55373fdb02f3e06fc0,2820da4e739738e20a38561111dd88f01188e3c3d17d652ded77cb316d33f5cb,964ed58277db54e4334f3df3f057164be6dc1d3c7fc936d2b1113cf07692c6fe,b3290e9d56944ca392a42e1cac3131ac57b6562b6aee2d38ed8d8bdaa42d6221,0c17941733133766,e7c347c3838183b7,4d0f0f8f9c969e8d,e7c7c3c7c7c3c7c7,0c1794173b1b3766,e7c343c3838183b7,560,1416,external_family_fb2fea6001b8025573ac,False,,True
flipkart_party,SARE86DZPAVZZ8S5,flipkart_meta_570c838335a406f8,"Pavechas Solid, Striped Mangalagiri Cotton Sari",Sarees,Party,"[""Party""]",source_exact_occasion,http://www.flipkart.com/pavechas-solid-striped-mangalagiri-cotton-sari/p/itme86dznwkkf2uv?pid=SARE86DZPAVZZ8S5,http://img5a.flixcart.com/image/sari/8/s/5/1-1-mk1909-pavechas-original-imae8452fnghzzmr.jpeg,data/external/rare_usage_20260906/flipkart_party/originals/SARE86DZPAVZZ8S5.image,a847ba02a4b6a64cbac1bbbbf9d9f6d72c3566648155fe3eaf8e29d0cdfd5a64,762,1047,Publisher metadata CC BY-SA 4.0; remote photo rights scope not established,33c99b4460e4711b16f397fe7b97a7fa,Clothing >> Women's Clothing >> Ethnic Wear >> Sarees >> Pavechas Sarees,"[{""value"": ""Sari""}, {""key"": ""Weight"", ""value"": ""0.4 kg""}, {""key"": ""Pattern"", ""value"": ""Solid, Striped""}, {""key"": ""Occasion"", ""value"": ""Party""}, {""key"": ""Fabric"", ""value"": ""Cotton""}, {""key"": ""Type"", ""value"": ""Mangalagiri""}, {""key"": ""Blouse Piece"", ""value"": ""Yes""}, {""key"": ""Construction Type"", ""value"": ""Powerloom""}, {""key"": ""Ideal For"", ""value"": ""Women""}, {""value"": ""Hand Wash""}]","Flipkart Products, PromptCloud / PromptCloudHQ, version 1, via Kaggle",https://creativecommons.org/licenses/by-sa/4.0/,https://www.kaggle.com/datasets/PromptCloudHQ/flipkart-products,,,,,,,,flipkart_party:SARE86DZPAVZZ8S5,keep,model_worn_outfit_context,,a847ba02a4b6a64cbac1bbbbf9d9f6d72c3566648155fe3eaf8e29d0cdfd5a64,1e514a6f5160386d4770166e9f139de55c6974397b30e06842f115e946a98ad6,0573bedcc8e4d15c4a214d4db8150fe6f177a6fb586b6e2252077b3d46f8c737,1e514a6f5160386d4770166e9f139de55c6974397b30e06842f115e946a98ad6,6836194e4f49677e,bfbf0f078380811f,6836194e6f49277e,bf9f8f078380831f,6836194e4f49677e,bfbf0f078380811f,762,1047,external_family_bfe9d67a2846b922e3c9,False,,True
flipkart_party,TOPECH4FHGAQXFDH,flipkart_meta_572d16f36c6c4e8d,Dglowing Party Sleeveless Embellished Women's Top,Tops,Party,"[""Party""]",source_exact_occasion,http://www.flipkart.com/dglowing-party-sleeveless-embellished-women-s-top/p/itmech4fyfzzzzcy?pid=TOPECH4FHGAQXFDH,http://img5a.flixcart.com/image/top/f/d/h/1-1-dctb-ring-dglowing-free-original-imaecfzgy9nnjmht.jpeg,data/external/rare_usage_20260906/flipkart_party/originals/TOPECH4FHGAQXFDH.image,eba8441c5bcb5cf47b0a9ca15810c0d1888847b5363eee45406c45e059fb17fb,3869,7266,Publisher metadata CC BY-SA 4.0; remote photo rights scope not established,a80c8eefcd29e442d8f4df9dc5316115,"Clothing >> Women's Clothing >> Western Wear >> Shirts, Tops & Tunics >> Tops >> Dglowing Tops","[{""key"": ""Sleeve"", ""value"": ""Sleeveless""}, {""key"": ""Number of Contents in Sales Package"", ""value"": ""Pack of 1""}, {""key"": ""Belt Included"", ""value"": ""No""}, {""key"": ""Fabric"", ""value"": ""Nylon and Spandex""}, {""key"": ""Type"", ""value"": ""Cami top""}, {""key"": ""Neck"", ""value"": ""Round""}, {""key"": ""Pattern"", ""value"": ""Embellished""}, {""key"": ""Occasion"", ""value"": ""Party""}, {""key"": ""Ideal For"", ""value"": ""Women's""}, {""value"": ""Cami Top""}]","Flipkart Products, PromptCloud / PromptCloudHQ, version 1, via Kaggle",https://creativecommons.org/licenses/by-sa/4.0/,https://www.kaggle.com/datasets/PromptCloudHQ/flipkart-products,,,,,,,,flipkart_party:TOPECH4FHGAQXFDH,keep,model_worn_outfit_context,,eba8441c5bcb5cf47b0a9ca15810c0d1888847b5363eee45406c45e059fb17fb,2353e50c87c31de09bd76b663dfed83e2779ca10ccfaa543634c1293abdb0dc1,d7fd2537f7ca64f20da1b36435547741d0f69d3bec2146b2b4ca04b286503716,f3788c4a264892c06588ab8584f094205355425076b33726aabdaa0e6ac5b486,23058d8f8b8b9c1d,f9f1e5e0e1e0eeff,26220b4f870f491b,f3f3e3e1e3e1edef,23058d8f8b8b9c1d,f9f1e5e0e1e0eeff,3869,7266,external_family_a5cde0be127c0947215c,False,,True
flipkart_party,SNDEB2DMZXGFA9YM,flipkart_meta_5a884ca9b139ddda,Easy Walk Women Heels,Heels,Party,"[""Party""]",source_exact_occasion,http://www.flipkart.com/easy-walk-women-heels/p/itmeb2dmpztktpzf?pid=SNDEB2DMZXGFA9YM,http://img6a.flixcart.com/image/sandal/9/y/m/maroon-shoes-154-easy-walk-40-original-imaebfqgeqcya94h.jpeg,data/external/rare_usage_20260906/flipkart_party/originals/SNDEB2DMZXGFA9YM.image,2396aef60f8dd618f88444071d0f0bf2316e627552db270c874d5e3817b93e73,1525,1708,Publisher metadata CC BY-SA 4.0; remote photo rights scope not established,62b8f425387d0b91056774bf03b92087,Footwear >> Women's Footwear >> Heels,"[{""key"": ""Ideal For"", ""value"": ""Women""}, {""key"": ""Occasion"", ""value"": ""Party""}, {""key"": ""Type"", ""value"": ""Heels""}, {""key"": ""Heel Height"", ""value"": ""3 inch""}, {""key"": ""Outer Material"", ""value"": ""Artificial Leather""}, {""key"": ""Color"", ""value"": ""Maroon""}]","Flipkart Products, PromptCloud / PromptCloudHQ, version 1, via Kaggle",https://creativecommons.org/licenses/by-sa/4.0/,https://www.kaggle.com/datasets/PromptCloudHQ/flipkart-products,,,,,,,,flipkart_party:SNDEB2DMZXGFA9YM,keep,single_product_presentation,,2396aef60f8dd618f88444071d0f0bf2316e627552db270c874d5e3817b93e73,080b5c432b73b3e6321af3d2a145119a142f1ad44d1b988563a0e75a52f05d6e,55892760f14866edc15d3c587006d7bfbf8038b3a81746a3df118d06652bd1ac,080b5c432b73b3e6321af3d2a145119a142f1ad44d1b988563a0e75a52f05d6e,7d2d6d6d7e1f0f47,8f8707070381e0f1,783d2d6c7f0f8727,ff87070703c1e0ff,7d2d6d6d7e1f0f47,8f8707070381e0f1,1525,1708,external_family_f2490d9563d6d0f096a3,False,,True
flipkart_party,SHOED36FPJ9WYBJK,flipkart_meta_615431afb4f1e20d,Lepot Party Wear Shoes,Casual Shoes,Party,"[""Party""]",source_exact_occasion,http://www.flipkart.com/lepot-party-wear-shoes/p/itmecydzwdxyzgmn?pid=SHOED36FPJ9WYBJK,http://img6a.flixcart.com/image/shoe/z/x/b/black-fsmpc-lepot-41-1000x1000-imaed2zmzjzzmhx6.jpeg,data/external/rare_usage_20260906/flipkart_party/originals/SHOED36FPJ9WYBJK.image,984d0874b67eb4e9d95aa8a6e27b7c828eb6fe8d383525ef465fdeb613eb1e1f,1000,670,Publisher metadata CC BY-SA 4.0; remote photo rights scope not established,db48e9496c84ff26cc1c34af36d1e0f6,Footwear >> Men's Footwear >> Casual Shoes >> Lepot Casual Shoes,"[{""key"": ""Ideal For"", ""value"": ""Men""}, {""key"": ""Occasion"", ""value"": ""Party""}, {""key"": ""Weight"", ""value"": ""350 g (per single Shoe) - Weight of the product may vary depending on size.""}, {""key"": ""Heel Height"", ""value"": ""1 inch""}, {""key"": ""Outer Material"", ""value"": ""Genuine Leather""}, {""key"": ""Color"", ""value"": ""Black""}]","Flipkart Products, PromptCloud / PromptCloudHQ, version 1, via Kaggle",https://creativecommons.org/licenses/by-sa/4.0/,https://www.kaggle.com/datasets/PromptCloudHQ/flipkart-products,,,,,,,,flipkart_party:SHOED36FPJ9WYBJK,keep,single_product_presentation,,984d0874b67eb4e9d95aa8a6e27b7c828eb6fe8d383525ef465fdeb613eb1e1f,8372bf4bd7e20b94d593ee03718b3a4a75ade51bfc4c08ab04d61f141e0bf743,346f2b35df41e14538fa8d5e633a3e84f3272b992bc63f93082450055ca2259c,0b49f5cf05b92a3dc66b22d205aaa13cd6e1ff7cfa509ab7415c9c4379ebc793,1367064b773e3c02,f9f0e00001878fff,0c5303c77f3c011c,fffff000018fffff,0366064b773e3c02,f9f0e00001879fff,1000,670,external_family_c4886b96911f82e93301,False,,True
flipkart_party,SNDEDKKXNZZMDVAE,flipkart_meta_6939270eafa42419,Balujas Women Heels,Heels,Party,"[""Party""]",source_exact_occasion,http://www.flipkart.com/balujas-women-heels/p/itmedkkxfgx8kykt?pid=SNDEDKKXNZZMDVAE,http://img5a.flixcart.com/image/sandal/f/x/t/brown-62012-balujas-38-1000x1000-imaedgg7gecyrxnu.jpeg,data/external/rare_usage_20260906/flipkart_party/originals/SNDEDKKXNZZMDVAE.image,477daf39521a56107e3eccec5b224347404c5ce85bb1dc3e1a0a2d91f4950087,1000,870,Publisher metadata CC BY-SA 4.0; remote photo rights scope not established,eb107a466f3f3614047168a9e5ef181e,Footwear >> Women's Footwear >> Wedges,"[{""key"": ""Occasion"", ""value"": ""Party""}, {""key"": ""Ideal For"", ""value"": ""Women""}, {""key"": ""Type"", ""value"": ""Heels""}, {""key"": ""Heel Height"", ""value"": ""1 inch""}, {""key"": ""Outer Material"", ""value"": ""Synthetic Leather""}, {""key"": ""Color"", ""value"": ""Brown""}]","Flipkart Products, PromptCloud / PromptCloudHQ, version 1, via Kaggle",https://creativecommons.org/licenses/by-sa/4.0/,https://www.kaggle.com/datasets/PromptCloudHQ/flipkart-products,,,,,,,,flipkart_party:SNDEDKKXNZZMDVAE,keep,single_product_presentation,,477daf39521a56107e3eccec5b224347404c5ce85bb1dc3e1a0a2d91f4950087,9862ac9b06c20b399ef9ef53d9c39154828c9b2dc0ccb8027e14a23a48d5ae8c,1c6faadbdf85ed7b41b39f9695dad43c1bdb28d9027c9ebc423a3aee375f0989,2b4e60d81d7859bada57abc11caa279bf5dbbf9564a0e5dec5509479c51c85a5,78cd6d5e7f55110b,1f2f07070301e0e1,047a5d7e7f510360,ffbf07070380f1ff,78cd6d5e7f55910b,1f2f07070301e0e1,1000,870,external_family_f52149920967b908502b,False,,True
flipkart_party,TOPEHZPAMBSJYWZF,flipkart_meta_69f4a9b44b835232,FATEN Party Sleeveless Embellished Women's Top,Tops,Party,"[""Party""]",source_exact_occasion,http://www.flipkart.com/faten-party-sleeveless-embellished-women-s-top/p/itmehzpamxkptnj6?pid=TOPEHZPAMBSJYWZF,http://img6a.flixcart.com/image/top/k/a/g/10049-ivory-faten-s-original-imaehzzne3pzmaxf.jpeg,data/external/rare_usage_20260906/flipkart_party/originals/TOPEHZPAMBSJYWZF.image,5e69f20c8998d9dcf47557fe21b339eba4b0becbe77046be51d9f5adb688d9b0,471,1843,Publisher metadata CC BY-SA 4.0; remote photo rights scope not established,4a4fd764ddbf4f494bf722aa78df1e18,"Clothing >> Women's Clothing >> Western Wear >> Shirts, Tops & Tunics >> Tops >> FATEN Tops >> FATEN Party Sleeveless Embellished Women's Top","[{""key"": ""Sleeve"", ""value"": ""Sleeveless""}, {""key"": ""Number of Contents in Sales Package"", ""value"": ""Pack of 1""}, {""key"": ""Belt Included"", ""value"": ""No""}, {""key"": ""Fabric"", ""value"": ""NET""}, {""key"": ""Type"", ""value"": ""Top""}, {""key"": ""Neck"", ""value"": ""Round Neck""}, {""key"": ""Pattern"", ""value"": ""Embellished""}, {""key"": ""Occasion"", ""value"": ""Party""}, {""key"": ""Ideal For"", ""value"": ""Women's""}, {""value"": ""1 top""}, {""value"": ""FULL SEQUENCE WORK""}, {""value"": ""DRY CLEAN ONLY""}]","Flipkart Products, PromptCloud / PromptCloudHQ, version 1, via Kaggle",https://creativecommons.org/licenses/by-sa/4.0/,https://www.kaggle.com/datasets/PromptCloudHQ/flipkart-products,,,,,,,,flipkart_party:TOPEHZPAMBSJYWZF,withhold,model_worn_outfit_context,"Unresolved source product-type mismatch (6,7), or small top competing with full outfit at 60x80 (15,49,69)",5e69f20c8998d9dcf47557fe21b339eba4b0becbe77046be51d9f5adb688d9b0,d02155aab6a36811f87618c3e14436b0f8d062ad3e40a8b2acdd6aa6f7da29e4,0d33f1c0686b36da37f4e88459c6153902febe5daaf12f9b9a12415fa56a975b,d02155aab6a36811f87618c3e14436b0f8d062ad3e40a8b2acdd6aa6f7da29e4,1633332f4767666d,c3cb01808113b7bf,4d4d0d0e4d0d1d18,e7e7c7e7e7c7c7ef,1633332f4767666d,c3cb01808113b7bf,471,1843,external_family_66bf178ff4d8d15aa1af,False,"Unresolved source product-type mismatch (6,7), or small top competing with full outfit at 60x80 (15,49,69)",False
flipkart_party,TOPECCMNG24UGAHX,flipkart_meta_6af5bd984e1d150d,Maggie Party Sleeveless Floral Print Women's Top,Tops,Party,"[""Party""]",source_exact_occasion,http://www.flipkart.com/maggie-party-sleeveless-floral-print-women-s-top/p/itmeccmnza3fzbxy?pid=TOPECCMNG24UGAHX,http://img5a.flixcart.com/image/top/a/h/x/1-1-mg213-maggie-40-original-imaeccanncbmqkws.jpeg,data/external/rare_usage_20260906/flipkart_party/originals/TOPECCMNG24UGAHX.image,7583f5c46ea9d9795a5d3a01b0479f454f455675feecabe9a83e9b7358dd806d,699,1381,Publisher metadata CC BY-SA 4.0; remote photo rights scope not established,e2cb21630dd11ca5f935830f4a8d1bb2,"Clothing >> Women's Clothing >> Western Wear >> Shirts, Tops & Tunics >> Tops >> Maggie Tops","[{""key"": ""Ideal For"", ""value"": ""Women's""}, {""key"": ""Occasion"", ""value"": ""Party""}, {""key"": ""Pattern"", ""value"": ""Floral Print""}, {""key"": ""Type"", ""value"": ""Top""}, {""key"": ""Fabric"", ""value"": ""Crepe""}, {""key"": ""Neck"", ""value"": ""High Neck""}, {""key"": ""Sleeve"", ""value"": ""Sleeveless""}, {""key"": ""Number of Contents in Sales Package"", ""value"": ""Pack of 1""}, {""value"": ""1 Top""}]","Flipkart Products, PromptCloud / PromptCloudHQ, version 1, via Kaggle",https://creativecommons.org/licenses/by-sa/4.0/,https://www.kaggle.com/datasets/PromptCloudHQ/flipkart-products,,,,,,,,flipkart_party:TOPECCMNG24UGAHX,keep,model_worn_outfit_context,,7583f5c46ea9d9795a5d3a01b0479f454f455675feecabe9a83e9b7358dd806d,bda161f71cfb76f255d8486663fb16e41509fca05eb2202b85317f01fab7627f,f6b447a7851ebdd49ee927e2fcd7b3f2996cb61e5cf0c57fa953139820fd0788,bda161f71cfb76f255d8486663fb16e41509fca05eb2202b85317f01fab7627f,0d0c5b53b3313826,e7e7ab3b1b9ddc83,4d4d263636129b97,e7e7c39393cbc9c3,0d0c5b53b3313826,e7e7ab3b1b9ddc83,699,1381,external_family_a8a88e66863127085992,False,,True
flipkart_party,TOPED77KRHWBGGN6,flipkart_meta_6bb69b8e339e5510,Chkokko Party Short Sleeve Solid Women's Top,Tops,Party,"[""Party""]",source_exact_occasion,http://www.flipkart.com/chkokko-party-short-sleeve-solid-women-s-top/p/itmed77knfzh4f2z?pid=TOPED77KRHWBGGN6,http://img6a.flixcart.com/image/top/s/b/k/ckor440-black-chkokko-l-1000x1000-imaed68fzegtpnfw.jpeg,data/external/rare_usage_20260906/flipkart_party/originals/TOPED77KRHWBGGN6.image,915f7a1150539393a5a859c8d4f3684d82f36f12582401462407bb21df7df511,536,1000,Publisher metadata CC BY-SA 4.0; remote photo rights scope not established,734400a4b3b71daae649e6d80c0d1fe2,"Clothing >> Women's Clothing >> Western Wear >> Shirts, Tops & Tunics >> Tops >> Chkokko Tops","[{""key"": ""Ideal For"", ""value"": ""Women's""}, {""key"": ""Occasion"", ""value"": ""Party""}, {""key"": ""Pattern"", ""value"": ""Solid""}, {""key"": ""Type"", ""value"": ""Top""}, {""key"": ""Fabric"", ""value"": ""Acrylic""}, {""key"": ""Neck"", ""value"": ""Round Neck""}, {""key"": ""Sleeve"", ""value"": ""Short Sleeve""}, {""key"": ""Number of Contents in Sales Package"", ""value"": ""Pack of 1""}]","Flipkart Products, PromptCloud / PromptCloudHQ, version 1, via Kaggle",https://creativecommons.org/licenses/by-sa/4.0/,https://www.kaggle.com/datasets/PromptCloudHQ/flipkart-products,,,,,,,,flipkart_party:TOPED77KRHWBGGN6,keep,model_worn_outfit_context,,915f7a1150539393a5a859c8d4f3684d82f36f12582401462407bb21df7df511,a254b1c8c35730090ef4106ad81458a46de66de0a2c4b35bdff716228db2b09e,7c7d94b6179e40c92ca7b0585a1ff345459021147fcb4647bcdb3e33ea78e30e,9a53660717272ba869cfccf29431e42e9ab20f4631fe75333105aa651620c880,06861b2511030b4d,f7ffc181c0e0e1e1,0d4c933b0b0b0f4f,f7ffc381c1e1e3e3,4686192515030b4d,f7ffc180c0e0e1e1,536,1000,external_family_4f81e43d74114d32c490,False,,True
flipkart_party,SNDEBGHCD3C9PY3F,flipkart_meta_6d3b36fc5f499bdb,Metro Women Wedges,Heels,Party,"[""Party""]",source_exact_occasion,http://www.flipkart.com/metro-women-wedges/p/itmebghb6fdpgvkf?pid=SNDEBGHCD3C9PY3F,http://img6a.flixcart.com/image/sandal/y/3/f/45-blue-35-2135-metro-38-original-imaebg4x8njpgh9r.jpeg,data/external/rare_usage_20260906/flipkart_party/originals/SNDEBGHCD3C9PY3F.image,5b30cad421de7a04a6793408f257626eb6da08ce9d2f08d39ad723715b55f8a7,1312,729,Publisher metadata CC BY-SA 4.0; remote photo rights scope not established,77307466bce398dee051d7f5a4bed5dc,Footwear >> Women's Footwear >> Wedges,"[{""key"": ""Ideal For"", ""value"": ""Women""}, {""key"": ""Occasion"", ""value"": ""Party""}, {""key"": ""Sole Material"", ""value"": ""TPR""}, {""key"": ""Type"", ""value"": ""Wedges""}, {""key"": ""Inner Material"", ""value"": ""Synthetic""}, {""key"": ""Heel Height"", ""value"": ""3 inch""}, {""key"": ""Outer Material"", ""value"": ""Synthetic""}, {""key"": ""Insole Material"", ""value"": ""Synthetic""}, {""key"": ""Color"", ""value"": ""45,Blue""}, {""key"": ""Care Instructions"", ""value"": ""Rotate your pair of shoes once every other day, allowing them to de-odorize and retain their shapes""}]","Flipkart Products, PromptCloud / PromptCloudHQ, version 1, via Kaggle",https://creativecommons.org/licenses/by-sa/4.0/,https://www.kaggle.com/datasets/PromptCloudHQ/flipkart-products,,,,,,,,flipkart_party:SNDEBGHCD3C9PY3F,withhold,mapped_Heels_may_be_flat_or_low_wedge_review_type,Collage or unresolved source product-type mismatch,5b30cad421de7a04a6793408f257626eb6da08ce9d2f08d39ad723715b55f8a7,92058986851a88ebfac49ad231297c8c75491cd39a42d89ef951afa43a41cd39,0c71b7c1a8fdbbe87aad1ee34b73b8a0f360d20f29dbb2295362e920f1d30054,92058986851a88ebfac49ad231297c8c75491cd39a42d89ef951afa43a41cd39,16363a1e4f290183,c7038f070180c0e1,0600161e0b034001,ffff030300e0ffff,16363a1e4f290183,c7038f070180c0e1,1312,729,external_family_6cebdbec70e0c712c331,False,Collage or unresolved source product-type mismatch,False
flipkart_party,TOPEFGG8TJGJ7QDT,flipkart_meta_707c2d4263a38cdf,Tapyti Party Sleeveless Solid Women's Top,Tops,Party,"[""Party""]",source_exact_occasion,http://www.flipkart.com/tapyti-party-sleeveless-solid-women-s-top/p/itmefgg83bzxcesh?pid=TOPEFGG8TJGJ7QDT,http://img6a.flixcart.com/image/top/v/h/r/1-1-tap-lt-1121-tapyti-s-original-imaefh5yqz4mzr54.jpeg,data/external/rare_usage_20260906/flipkart_party/originals/TOPEFGG8TJGJ7QDT.image,310895be7d28c00ffa5011256d723788c8d12347ce21f33f89037d248320bc95,824,1918,Publisher metadata CC BY-SA 4.0; remote photo rights scope not established,74b81374c5482b4ddf6c859636f81466,"Clothing >> Women's Clothing >> Western Wear >> Shirts, Tops & Tunics >> Tops >> Tapyti Tops","[{""key"": ""Ideal For"", ""value"": ""Women's""}, {""key"": ""Occasion"", ""value"": ""Party""}, {""key"": ""Pattern"", ""value"": ""Solid""}, {""key"": ""Type"", ""value"": ""Top""}, {""key"": ""Fabric"", ""value"": ""Polyester""}, {""key"": ""Neck"", ""value"": ""Round Neck""}, {""key"": ""Sleeve"", ""value"": ""Sleeveless""}, {""key"": ""Number of Contents in Sales Package"", ""value"": ""Pack of 1""}, {""value"": ""Light hand wash""}]","Flipkart Products, PromptCloud / PromptCloudHQ, version 1, via Kaggle",https://creativecommons.org/licenses/by-sa/4.0/,https://www.kaggle.com/datasets/PromptCloudHQ/flipkart-products,,,,,,,,flipkart_party:TOPEFGG8TJGJ7QDT,keep,model_worn_outfit_context,,310895be7d28c00ffa5011256d723788c8d12347ce21f33f89037d248320bc95,5dd1ff02677b0dc0a7a7395ee6c00739604d4d7d1334243ef0e0ffacd3c8b0d4,8825f6d96c2915f04387d6cbc095e9fa1c7f6c0f137e4ebb60664d32f7770c1c,9527ed8f86b375749bef54cbe71de41a2d31a7e4de88e22d27813f1fc96ca3ac,0616176965750f57,e3c3c3bd3dbd8181,4d4d0f3236128e8e,e7e7e7c3c3c3c3c3,0612176965740f57,e3c3cbbf3dbe8181,824,1918,external_family_112bb46023589a4b866b,False,,True
flipkart_party,BRAEDGQFWPFGVPNF,flipkart_meta_72747228d809731c,Nutex by Insaler Women's Full Coverage Bra,Bra,Party,"[""Party""]",source_exact_occasion,http://www.flipkart.com/nutex-insaler-women-s-full-coverage-bra/p/itmedgqfhwnkcz5e?pid=BRAEDGQFWPFGVPNF,http://img5a.flixcart.com/image/bra/j/g/t/sanbra001-set2-nutex-34-1000x1000-imaedgh97zhskgy8.jpeg,data/external/rare_usage_20260906/flipkart_party/originals/BRAEDGQFWPFGVPNF.image,81c66af95cbf8a55cb3ba1e4eaf02e6767d74939a97532e45614177508b58c8a,959,1000,Publisher metadata CC BY-SA 4.0; remote photo rights scope not established,c60cf3315184ae0e77aecf1cfe0db15b,"Clothing >> Women's Clothing >> Lingerie, Sleep & Swimwear >> Bras >> Nutex Bras","[{""value"": ""No Return""}, {""value"": ""Comfortable, Regular""}, {""value"": ""3 Bra""}, {""key"": ""Brand Color"", ""value"": ""Pink, Yellow, Orange""}, {""key"": ""color"", ""value"": ""Pink, Yellow, Orange""}, {""key"": ""Pattern"", ""value"": ""Floral Print""}, {""key"": ""Ideal For"", ""value"": ""Women's""}, {""key"": ""Occasion"", ""value"": ""Party""}, {""key"": ""Wire Support"", ""value"": ""Wirefree""}, {""key"": ""Inner Lining"", ""value"": ""Cotton Lining""}, {""key"": ""Straps"", ""value"": ""Regular""}, {""key"": ""Detachable Straps"", ""value"": ""No""}, {""key"": ""Other Bra Details"", ""value"": ""Coloured Bra, Panty""}, {""key"": ""Number of Contents in Sales Package"", ""value"": ""Pack of 3""}, {""key"": ""Fabric"", ""value"": ""Cotton""}, {""key"": ""Type"", ""value"": ""Full Coverage Bra""}, {""key"": ""Seam Type"", ""value"": ""Seamed""}, {""value"": ""Gentle Hand Wash in Lukewarm Water, Do Not Bleach""}]","Flipkart Products, PromptCloud / PromptCloudHQ, version 1, via Kaggle",https://creativecommons.org/licenses/by-sa/4.0/,https://www.kaggle.com/datasets/PromptCloudHQ/flipkart-products,,,,,,,,flipkart_party:BRAEDGQFWPFGVPNF,withhold,model_worn_outfit_context;collage_three_models_three_color_variants,Collage or unresolved source product-type mismatch,81c66af95cbf8a55cb3ba1e4eaf02e6767d74939a97532e45614177508b58c8a,015b60219617f6f48597b70822e80c161582ae21b820242ed74dab9fb2da55a1,8cae174cb0028cb27fd72b60b89b9e41bf5eea8a0a513260a38a7117b6294d85,015b60219617f6f48597b70822e80c161582ae21b820242ed74dab9fb2da55a1,663b1b6d2b33ca69,87c1efff03012faf,442f1b4f2b5b6867,ff83c9a701012fff,663b1b6d2b33ca69,87c1efff03012faf,959,1000,external_family_9782caa00d4a7b49a01b,False,Collage or unresolved source product-type mismatch,False
flipkart_party,BRAEBGGV3NPZHAGQ,flipkart_meta_73c87e28e0f64fff,Glus Perfect Body Women's T-Shirt Bra,Bra,Party,"[""Party""]",source_exact_occasion,http://www.flipkart.com/glus-perfect-body-women-s-t-shirt-bra/p/itmebggvyacbmjtt?pid=BRAEBGGV3NPZHAGQ,http://img5a.flixcart.com/image/bra/a/g/q/gp8056pu-glus-34b-original-imaebg4ts6chnp2s.jpeg,data/external/rare_usage_20260906/flipkart_party/originals/BRAEBGGV3NPZHAGQ.image,46403145f53064f03ff15e425872e03ff822826778cda23174e25eceb220e45e,1500,1000,Publisher metadata CC BY-SA 4.0; remote photo rights scope not established,eb9f705bcffc3b51dc47ad9251f772d3,"Clothing >> Women's Clothing >> Lingerie, Sleep & Swimwear >> Bras >> Glus Bras","[{""key"": ""Brand Color"", ""value"": ""Purple""}, {""key"": ""color"", ""value"": ""Purple""}, {""key"": ""Pattern"", ""value"": ""Solid""}, {""key"": ""Ideal For"", ""value"": ""Women's""}, {""key"": ""Occasion"", ""value"": ""Party""}, {""key"": ""Wire Support"", ""value"": ""Underwire""}, {""key"": ""Inner Lining"", ""value"": ""Polycotton""}, {""key"": ""Straps"", ""value"": ""Regular""}, {""key"": ""Detachable Straps"", ""value"": ""No""}, {""key"": ""Other Bra Details"", ""value"": ""Perfect T-Shirt Bra- No Show Through""}, {""key"": ""Number of Contents in Sales Package"", ""value"": ""Pack of 1""}, {""key"": ""Cup Type"", ""value"": ""Soft Padded Cups""}, {""key"": ""Fabric"", ""value"": ""Polycotton""}, {""key"": ""Type"", ""value"": ""T-Shirt Bra""}, {""key"": ""Seam Type"", ""value"": ""Seamless""}, {""key"": ""Design"", ""value"": ""Balconette Underwire Bra in Solid Pattern.""}, {""value"": ""Gentle Machine Wash in Lukewarm Water, Do Not Bleach""}, {""value"": ""Designer Invisible Bra - No Showthrough ,regular Straps.Ideal to wear under tight fitiing outfits like T-shirts,kurtis, western dresses.""}, {""value"": ""1 Bra""}]","Flipkart Products, PromptCloud / PromptCloudHQ, version 1, via Kaggle",https://creativecommons.org/licenses/by-sa/4.0/,https://www.kaggle.com/datasets/PromptCloudHQ/flipkart-products,,,,,,,,flipkart_party:BRAEBGGV3NPZHAGQ,keep,single_product_presentation,,46403145f53064f03ff15e425872e03ff822826778cda23174e25eceb220e45e,eb5b589a8ac0bea6271d84a5152ce9b73456c95c51e320f528297a80b8a49b26,3838799fbd26ab67f09ba9d938ddc5908ab5119b06be7edb91b66a8fa4a3c251,5b8b0ab073808dab0bb07e8bf1810dfb7c046679c123b170d7fc0afcd81e1cd5,32223222363636b6,ffffffff938383d3,0000322236360006,fffffffb8383ffff,5555d5d961713773,ffffffff39100000,1500,1000,external_family_586d13c951d93b15f8d9,False,,True
flipkart_party,BRAEDASWQDSYNUV3,flipkart_meta_752fd550a398e9d6,Glus Frontopen Women's Push-up Bra,Bra,Party,"[""Party""]",source_exact_occasion,http://www.flipkart.com/glus-frontopen-women-s-push-up-bra/p/itmedaswqrkz76dj?pid=BRAEDASWQDSYNUV3,http://img5a.flixcart.com/image/bra/u/v/3/50082gp-f9448blu-glus-34b-1000x1000-imaedamgxaurpkue.jpeg,data/external/rare_usage_20260906/flipkart_party/originals/BRAEDASWQDSYNUV3.image,415e9741393a94e13b9f8bd82629d77fceb5bc7781169d9d7df64dadeb0cdd8c,1000,974,Publisher metadata CC BY-SA 4.0; remote photo rights scope not established,a03f293690867b5d9f90138c3a54da18,"Clothing >> Women's Clothing >> Lingerie, Sleep & Swimwear >> Bras >> Glus Bras","[{""key"": ""Brand Color"", ""value"": ""Blue""}, {""key"": ""color"", ""value"": ""Blue""}, {""key"": ""Pattern"", ""value"": ""Solid""}, {""key"": ""Occasion"", ""value"": ""Party""}, {""key"": ""Ideal For"", ""value"": ""Women's""}, {""key"": ""Inner Lining"", ""value"": ""polyamide""}, {""key"": ""Wire Support"", ""value"": ""Underwire""}, {""key"": ""Other Bra Details"", ""value"": ""Fornt Open Bra - Easy to Wear and Remove""}, {""key"": ""Detachable Straps"", ""value"": ""Yes""}, {""key"": ""Straps"", ""value"": ""Multiway""}, {""key"": ""Number of Contents in Sales Package"", ""value"": ""Pack of 1""}, {""key"": ""Cup Type"", ""value"": ""Pushup padded Cups""}, {""key"": ""Fabric"", ""value"": ""85% Polyamide,15% Spandex""}, {""key"": ""Seam Type"", ""value"": ""Seamless""}, {""key"": ""Type"", ""value"": ""Push-up Bra""}, {""key"": ""Design"", ""value"": ""Front open Pushup Balconette Underwire Bra -Get SEXIER Cleavage.""}, {""value"": ""Bra""}, {""value"": ""PERFECT T-SHIRT BRA- Invisible Bra""}, {""value"": ""Gentle Machine Wash in Lukewarm Water, Do Not Bleach""}]","Flipkart Products, PromptCloud / PromptCloudHQ, version 1, via Kaggle",https://creativecommons.org/licenses/by-sa/4.0/,https://www.kaggle.com/datasets/PromptCloudHQ/flipkart-products,,,,,,,,flipkart_party:BRAEDASWQDSYNUV3,keep,single_product_presentation,,415e9741393a94e13b9f8bd82629d77fceb5bc7781169d9d7df64dadeb0cdd8c,200b9c085ed8a5a7ca411c1891b9bb896d71d1a3dfe9c6c730c7766d5afd1e05,d4723349e9ab0ffc9a896be8e739f004507034e1b1e09dfe59ec17b7b9991f59,2bb1e9ad50462e2fd860dbaf279115e56298f8bdf146d8db476fc67720c4e907,5050f0d469717133,ffffffff3c180099,005050c861333300,ffffff7e180000ff,5050f0d469717133,ffffffff3c180099,1000,974,external_family_2880d8845245f3cd599e,False,,True
flipkart_party,SNDE5PJGURDFBURG,flipkart_meta_754bb3d167e30741,Urban Woods Black Women Heels,Heels,Party,"[""Party""]",source_exact_occasion,http://www.flipkart.com/urban-woods-black-women-heels/p/itmeegvy9gde5z8z?pid=SNDE5PJGURDFBURG,http://img5a.flixcart.com/image/sandal/w/m/r/black-405-urbanwoods-41-original-imae5zbgewfut2f9.jpeg,data/external/rare_usage_20260906/flipkart_party/originals/SNDE5PJGURDFBURG.image,10fa65edf0da884f68bb2429c359da75f4d52e044e88a5f8685b29c9e737c5f4,1886,2772,Publisher metadata CC BY-SA 4.0; remote photo rights scope not established,6a3e25296d648f16274e41fc70d760b5,Footwear >> Women's Footwear >> Heels,"[{""key"": ""Occasion"", ""value"": ""Party""}, {""key"": ""Ideal For"", ""value"": ""Women""}, {""key"": ""Tip Shape"", ""value"": ""Round""}, {""key"": ""Sole Material"", ""value"": ""Sheet Sole""}, {""key"": ""Type"", ""value"": ""Heels""}, {""key"": ""Heel Height"", ""value"": ""2.5 inch""}, {""key"": ""Inner Material"", ""value"": ""Synthetic""}, {""key"": ""Outer Material"", ""value"": ""Patent Leather""}, {""key"": ""Color"", ""value"": ""Black""}]","Flipkart Products, PromptCloud / PromptCloudHQ, version 1, via Kaggle",https://creativecommons.org/licenses/by-sa/4.0/,https://www.kaggle.com/datasets/PromptCloudHQ/flipkart-products,,,,,,,,flipkart_party:SNDE5PJGURDFBURG,keep,single_product_presentation,,10fa65edf0da884f68bb2429c359da75f4d52e044e88a5f8685b29c9e737c5f4,ef30aefafbf07c5f4e137fe68a5d7784aa1111066de09bc9ab5f41584af0ea31,b63d780ed8526d8c163ea2e9b4c4f69069de5139ef242056976317270f0431fe,70e882e865b649f688d5e0ae0452d2a9d1ae1e15a31d21874388dce7e03f1774,58003c3c73038b20,ffff9f0f00c0f3ff,58023d3e33038320,ffff8f0f81c1f3ff,303d3c3b6b730303,ff8f0f0f8190e1e1,1886,2772,external_family_7b9646acc3227bc42826,False,,True
flipkart_party,SNDE6GFVKTW2HXRN,flipkart_meta_760c85fd2eefcb4c,Belson Black High Quality Comfort Slip-On Women Wedges,Heels,Party,"[""Party""]",source_exact_occasion,http://www.flipkart.com/belson-black-high-quality-comfort-slip-on-women-wedges/p/itme6gfvyue4znq4?pid=SNDE6GFVKTW2HXRN,http://img6a.flixcart.com/image/sandal/q/3/t/black-2302-belson-37-original-imae6gaqwkgfghzk.jpeg,data/external/rare_usage_20260906/flipkart_party/originals/SNDE6GFVKTW2HXRN.image,d099b29f39f7a8372992f2d11e45060ba595e420aa9a85add97e0bfc33376932,1263,779,Publisher metadata CC BY-SA 4.0; remote photo rights scope not established,6b94d676ba495bd00ec69541d36b4f84,Footwear >> Women's Footwear >> Wedges,"[{""key"": ""Ideal For"", ""value"": ""Women""}, {""key"": ""Occasion"", ""value"": ""Party""}, {""key"": ""Sole Material"", ""value"": ""PU""}, {""key"": ""Number of Contents in Sales Package"", ""value"": ""Pack of 1""}, {""key"": ""Weight"", ""value"": ""563 g (per single Sandal) - Weight of the product may vary depending on size.""}, {""key"": ""Type"", ""value"": ""Wedges""}, {""key"": ""Inner Material"", ""value"": ""Synthetic leather""}, {""key"": ""Heel Height"", ""value"": ""3 inch""}, {""key"": ""Outer Material"", ""value"": ""Satin""}, {""key"": ""Color"", ""value"": ""Black""}, {""value"": ""2 Sandals""}]","Flipkart Products, PromptCloud / PromptCloudHQ, version 1, via Kaggle",https://creativecommons.org/licenses/by-sa/4.0/,https://www.kaggle.com/datasets/PromptCloudHQ/flipkart-products,,,,,,,,flipkart_party:SNDE6GFVKTW2HXRN,withhold,mapped_Heels_may_be_flat_or_low_wedge_review_type,Collage or unresolved source product-type mismatch,d099b29f39f7a8372992f2d11e45060ba595e420aa9a85add97e0bfc33376932,682e2ec8fc9af5e423d9b35c39d811990b5549f1f1ca32e177f56a860fa49086,dc589b816bc149745126c4713eda55a8bb5d0a94c1cd55ffbe74742a999f3a18,495cb536e3132b8acd48b9338766f67edef240ab46055146f494a0af37cf96cc,62744676371d0723,bf3f378381c1e0f1,200264770707200d,ffff3f0380e0ffff,62744676371d0f27,bf3f378381c1e0f1,1263,779,external_family_9eba2be6004adcf535ac,False,Collage or unresolved source product-type mismatch,False
flipkart_party,BRAEA7GBCCF5TVAF,flipkart_meta_778344c58692a9d0,Glus Front Open Women's Balconette Bra,Bra,Party,"[""Party""]",source_exact_occasion,http://www.flipkart.com/glus-front-open-women-s-balconette-bra/p/itmea7gbectz5bcj?pid=BRAEA7GBCCF5TVAF,http://img6a.flixcart.com/image/bra/t/y/z/gp9448-nu-glus-36c-1000x1000-imaea7d8gpztd3wa.jpeg,data/external/rare_usage_20260906/flipkart_party/originals/BRAEA7GBCCF5TVAF.image,7304994ccb05e5fae936005395935fabb79253e5c05eca3ea3e22d9f2b0fab7a,1000,942,Publisher metadata CC BY-SA 4.0; remote photo rights scope not established,6a81ba2bfddfd7556bec8756f50dcca9,"Clothing >> Women's Clothing >> Lingerie, Sleep & Swimwear >> Bras >> Glus Bras","[{""key"": ""Brand Color"", ""value"": ""Beige""}, {""key"": ""color"", ""value"": ""Beige""}, {""key"": ""Pattern"", ""value"": ""Solid""}, {""key"": ""Occasion"", ""value"": ""Party""}, {""key"": ""Ideal For"", ""value"": ""Women's""}, {""key"": ""Inner Lining"", ""value"": ""Polyamide""}, {""key"": ""Wire Support"", ""value"": ""Underwire""}, {""key"": ""Other Bra Details"", ""value"": ""Zircon Studded Front open Lock , Pushup Underwire Bra""}, {""key"": ""Detachable Straps"", ""value"": ""Yes""}, {""key"": ""Straps"", ""value"": ""Multiway""}, {""key"": ""Number of Contents in Sales Package"", ""value"": ""Pack of 1""}, {""key"": ""Cup Type"", ""value"": ""Pushup Molded Cups""}, {""key"": ""Fabric"", ""value"": ""80% Polyamide, 20% Elastane""}, {""key"": ""Seam Type"", ""value"": ""Seamless""}, {""key"": ""Type"", ""value"": ""Balconette Bra""}, {""key"": ""Design"", ""value"": ""Fornt Open and Back open Balconette Underwire PEEK-A-BOOB-T-shirt Bra""}, {""value"": ""Bra""}, {""value"": ""detachable straps to wear it Criss-Cross Way.""}, {""value"": ""Gentle Machine Wash in Lukewarm Water, Do Not Bleach. For long life Use Lingerie Washing Bag""}]","Flipkart Products, PromptCloud / PromptCloudHQ, version 1, via Kaggle",https://creativecommons.org/licenses/by-sa/4.0/,https://www.kaggle.com/datasets/PromptCloudHQ/flipkart-products,,,,,,,,flipkart_party:BRAEA7GBCCF5TVAF,keep,single_product_presentation,,7304994ccb05e5fae936005395935fabb79253e5c05eca3ea3e22d9f2b0fab7a,6ceaccb7d2164e4fc411f7e6b14939e756440300803c908f4930f8a1bba23b6b,b43774db30ecbb45ec6fefda742c412a6860a1f397ca3cf46fd4fa9ca45fdd2e,6ceaccb7d2164e4fc411f7e6b14939e756440300803c908f4930f8a1bba23b6b,c0c0c0d469f07171,ffffffff7c380018,80c0c0d0e0707100,ffffffff3c0000ff,c0c0c0d469f07171,ffffffff7c380018,1000,942,external_family_d463581519fbf46f61d5,False,,True
flipkart_party,BRAECHF3WZHZBQX2,flipkart_meta_7c38635d7743aaa4,Sherry by Sherry - 512 Women's T-Shirt Bra,Bra,Party,"[""Party""]",source_exact_occasion,http://www.flipkart.com/sherry-512-women-s-t-shirt-bra/p/itmecfgtmfbvpzwh?pid=BRAECHF3WZHZBQX2,http://img6a.flixcart.com/image/bra/m/h/y/512-sherry-36b-original-imaeca4arzxtqdrg.jpeg,data/external/rare_usage_20260906/flipkart_party/originals/BRAECHF3WZHZBQX2.image,2dc995df77596e09fc1aa11f4baa5524df16f541546e4660d7940aa12ee2391f,974,1468,Publisher metadata CC BY-SA 4.0; remote photo rights scope not established,2de96475203ef518cf68431833266030,"Clothing >> Women's Clothing >> Lingerie, Sleep & Swimwear >> Bras >> Sherry Bras","[{""key"": ""Brand Color"", ""value"": ""Skin""}, {""key"": ""color"", ""value"": ""Beige""}, {""key"": ""Pattern"", ""value"": ""Solid""}, {""key"": ""Occasion"", ""value"": ""Party""}, {""key"": ""Ideal For"", ""value"": ""Women's""}, {""key"": ""Inner Lining"", ""value"": ""Polyster""}, {""key"": ""Wire Support"", ""value"": ""Wirefree""}, {""key"": ""Detachable Straps"", ""value"": ""Yes""}, {""key"": ""Straps"", ""value"": ""Multiway""}, {""key"": ""Number of Contents in Sales Package"", ""value"": ""Pack of 1""}, {""key"": ""Cup Type"", ""value"": ""Moulded""}, {""key"": ""Fabric"", ""value"": ""Stretch Cotton Outer""}, {""key"": ""Seam Type"", ""value"": ""Seamless""}, {""key"": ""Type"", ""value"": ""T-Shirt Bra""}, {""key"": ""Design"", ""value"": ""Transparentbstraps and Back""}, {""value"": ""Bra:1pc""}, {""value"": ""As Per Tag""}]","Flipkart Products, PromptCloud / PromptCloudHQ, version 1, via Kaggle",https://creativecommons.org/licenses/by-sa/4.0/,https://www.kaggle.com/datasets/PromptCloudHQ/flipkart-products,,,,,,,,flipkart_party:BRAECHF3WZHZBQX2,keep,model_worn_outfit_context,,2dc995df77596e09fc1aa11f4baa5524df16f541546e4660d7940aa12ee2391f,0e03a3ab4252f9de240162dd9e89b0f0c101ccf175aebf90a9c6294c2c2103c1,6968b13cb0d1d8c3120f74c774e1fda4a223d2e0429ed53f03f103598436ce7c,4b6a25c7f0ffb5a131efbdea90fbf0808c3a20b54c070387c3ac65f4606fa063,0e133b2d6454d91b,e3c1c1c7befe09c1,4c13131d2d55591b,e7c3c1c7bdbd81c3,8e13332d6cd29b1b,e3c181c7be7e4bc1,974,1468,external_family_1a65f213d128b9b23cd0,False,,True
flipkart_party,TSHE44QJ9ZN7V7AT,flipkart_meta_7cc67942b67177c2,Fritzberg Graphic Print Men's Round Neck T-Shirt,Tshirts,Party,"[""Party""]",source_exact_occasion,http://www.flipkart.com/fritzberg-graphic-print-men-s-round-neck-t-shirt/p/itme44qjztrkeexx?pid=TSHE44QJ9ZN7V7AT,http://img5a.flixcart.com/image/t-shirt/6/a/9/es-25-hs-petrol-fritzberg-xl-original-imae43hyzepyaj7v.jpeg,data/external/rare_usage_20260906/flipkart_party/originals/TSHE44QJ9ZN7V7AT.image,2f5eafaad68ddedb17c2f98c67c246bdf345e451416ab28fefb89a2bad2ac984,458,798,Publisher metadata CC BY-SA 4.0; remote photo rights scope not established,17452c18b84def66ea4c787c2f986f85,Clothing >> Men's Clothing >> T-Shirts >> Fritzberg T-Shirts,"[{""key"": ""Sleeve"", ""value"": ""Half Sleeve""}, {""key"": ""Number of Contents in Sales Package"", ""value"": ""Pack of 1""}, {""key"": ""Fabric"", ""value"": ""Modal""}, {""key"": ""Type"", ""value"": ""Round Neck""}, {""key"": ""Pattern"", ""value"": ""Graphic Print""}, {""key"": ""Ideal For"", ""value"": ""Men's""}, {""key"": ""Occasion"", ""value"": ""Party""}, {""key"": ""Style Code"", ""value"": ""ES 25 Hs Petrol""}, {""value"": ""1 T Shirt""}]","Flipkart Products, PromptCloud / PromptCloudHQ, version 1, via Kaggle",https://creativecommons.org/licenses/by-sa/4.0/,https://www.kaggle.com/datasets/PromptCloudHQ/flipkart-products,,,,,,,,flipkart_party:TSHE44QJ9ZN7V7AT,keep,model_worn_outfit_context,,2f5eafaad68ddedb17c2f98c67c246bdf345e451416ab28fefb89a2bad2ac984,f22c940b8b42e7e6435277ed9ec67c84b2216f790baf8c33a290e07211b6dc5e,ca0c06e0ecf6e7e844f9bd9ef725f2445608e27adf02f6ceca585bffc4c54647,f22c940b8b42e7e6435277ed9ec67c84b2216f790baf8c33a290e07211b6dc5e,0f0c0b65279e170f,e7e7e78000c3c3c3,0d0c0f33371f170f,e7e7e38181c1c3c3,0f0c0b65279e170f,e7e7e78000c3c3c3,458,798,external_family_0d42a6e35bbe21f5cec5,False,,True
flipkart_party,SNDEJRB3ZCF39NCY,flipkart_meta_7e01a2f68094cbd3,keco Women Wedges,Heels,Party,"[""Party""]",source_exact_occasion,http://www.flipkart.com/keco-women-wedges/p/itmejrb3dck8zgrv?pid=SNDEJRB3ZCF39NCY,http://img5a.flixcart.com/image/sandal/d/e/g/beige-tc58214bzp-keco-11-original-imaej4q7n63c2kh4.jpeg,data/external/rare_usage_20260906/flipkart_party/originals/SNDEJRB3ZCF39NCY.image,82c37a7841c57522e5270a321e470dd5bdfc6bde5f6bc0367af63763f7cab818,4264,1752,Publisher metadata CC BY-SA 4.0; remote photo rights scope not established,27372d44bcca2bfcbe7ab0f0972280f6,Footwear >> Women's Footwear >> Wedges >> keco Women Wedges,"[{""key"": ""Ideal For"", ""value"": ""Women""}, {""key"": ""Occasion"", ""value"": ""Party""}, {""key"": ""Number of Contents in Sales Package"", ""value"": ""Pack of 1""}, {""key"": ""Weight"", ""value"": ""300 g (per single Sandal) - Weight of the product may vary depending on size.""}, {""key"": ""Type"", ""value"": ""Wedges""}, {""key"": ""Heel Height"", ""value"": ""1 inch""}, {""key"": ""Outer Material"", ""value"": ""Synthetic Leather""}, {""key"": ""Color"", ""value"": ""BEIGE""}, {""key"": ""Care Instructions"", ""value"": ""dust any dry dirt from the surface using a clean cloth. Do not use polish or shiner""}, {""value"": ""2 Sandals""}]","Flipkart Products, PromptCloud / PromptCloudHQ, version 1, via Kaggle",https://creativecommons.org/licenses/by-sa/4.0/,https://www.kaggle.com/datasets/PromptCloudHQ/flipkart-products,,,,,,,,flipkart_party:SNDEJRB3ZCF39NCY,withhold,mapped_Heels_may_be_flat_or_low_wedge_review_type,Collage or unresolved source product-type mismatch,82c37a7841c57522e5270a321e470dd5bdfc6bde5f6bc0367af63763f7cab818,b8c91289f4e034ec6ef4bd990a1553e1eb2d70d85f330587a5c1f5586e62f731,dc66dcebf73b1b0ef02c2bd70927aa4b719352bdcfc5c7a24ca3bc7f8f090db9,af8e0e3b85c0cdfa4a60658f138b5570ef89c6a6c6ea917ed3c398c9af4ee956,682c1213f3c04963,ffffffffff0000f1,00026c32c3430001,ffffffdb00f1ffff,682c1213f3c44963,ffffffffff0000f1,4264,1752,external_family_8fef0f2a95116fb1e0ea,False,Collage or unresolved source product-type mismatch,False
flipkart_party,SNDEDAPKZGGEGYHV,flipkart_meta_7e34adb788c38e86,S.m.a.R.T FEET Women Wedges,Heels,Party,"[""Party""]",source_exact_occasion,http://www.flipkart.com/s-m-a-r-t-feet-women-wedges/p/itmedapk4hhn8gag?pid=SNDEDAPKZGGEGYHV,http://img6a.flixcart.com/image/sandal/y/b/h/golden-partygold-s-m-a-r-t-feet-37-original-imaedakuhaarqnkf.jpeg,data/external/rare_usage_20260906/flipkart_party/originals/SNDEDAPKZGGEGYHV.image,8f219bf9eb8de8c1e455e2433ad38122849ac17082ae19344aad1ec720827aae,1800,1200,Publisher metadata CC BY-SA 4.0; remote photo rights scope not established,f80a073f2942e51b12932f2257a4fd3c,Footwear >> Women's Footwear >> Wedges,"[{""key"": ""Ideal For"", ""value"": ""Women""}, {""key"": ""Occasion"", ""value"": ""Party""}, {""key"": ""Weight"", ""value"": ""200 g (per single Sandal) - Weight of the product may vary depending on size.""}, {""key"": ""Type"", ""value"": ""Wedges""}, {""key"": ""Heel Height"", ""value"": ""3 inch""}, {""key"": ""Outer Material"", ""value"": ""Synthetic Leather""}, {""key"": ""Color"", ""value"": ""Golden""}]","Flipkart Products, PromptCloud / PromptCloudHQ, version 1, via Kaggle",https://creativecommons.org/licenses/by-sa/4.0/,https://www.kaggle.com/datasets/PromptCloudHQ/flipkart-products,,,,,,,,flipkart_party:SNDEDAPKZGGEGYHV,keep,single_product_presentation,,8f219bf9eb8de8c1e455e2433ad38122849ac17082ae19344aad1ec720827aae,7e833d26608c99aa8915570f0d6da87e9e1e8ec7e70de0ca0a7504c6ffd49594,5c4e95ebfb0c9a123857d279cee1a726b267fdb86a000fe4c5e74ed32fcd5602,10dbc3a9be5ea5c1312a2849112ddbca35a1e78244dc9778d472f0381d8368b1,184a4d0e8e969398,ffefe7e3c3c3c3cf,0804584e86924002,ffffefc3c3c3ffff,5a1c9d8e86161298,efefc7c3c3c3cbdf,1800,1200,external_family_d6423b06003d94a7a460,False,,True
flipkart_party,SHODX6XYJXS2YXFY,flipkart_meta_832ff0d3f7d295f6,Allen Cooper 4507 Party Wear,Casual Shoes,Party,"[""Party""]",source_exact_occasion,http://www.flipkart.com/allen-cooper-4507-party-wear/p/itmdx6xyyuzyattw?pid=SHODX6XYJXS2YXFY,http://img5a.flixcart.com/image/shoe/y/u/j/tan-124-allen-cooper-9-original-imadx7xzgb6n5enu.jpeg,data/external/rare_usage_20260906/flipkart_party/originals/SHODX6XYJXS2YXFY.image,d842a705e64c3dfb7e252c4b009615a83400c2ce5ed2fde65811019b684231a7,1125,684,Publisher metadata CC BY-SA 4.0; remote photo rights scope not established,375a60352119dac06c125d3cea802695,Footwear >> Men's Footwear >> Casual Shoes >> Allen Cooper Casual Shoes,"[{""key"": ""Occasion"", ""value"": ""Party""}, {""key"": ""Ideal For"", ""value"": ""Men""}, {""key"": ""Outer Material"", ""value"": ""Leather""}, {""key"": ""Color"", ""value"": ""Tan""}, {""value"": ""Shoe""}]","Flipkart Products, PromptCloud / PromptCloudHQ, version 1, via Kaggle",https://creativecommons.org/licenses/by-sa/4.0/,https://www.kaggle.com/datasets/PromptCloudHQ/flipkart-products,,,,,,,,flipkart_party:SHODX6XYJXS2YXFY,keep,single_product_presentation,,d842a705e64c3dfb7e252c4b009615a83400c2ce5ed2fde65811019b684231a7,703e97eeba28f9adf2af5b8c0d24633e230e8be0257b56de9a66985cefe49ed1,b26d35173bf475726ec9b05cfa3c7f1731a4a0ca584930de8fdf0f98ae0defaa,703e97eeba28f9adf2af5b8c0d24633e230e8be0257b56de9a66985cefe49ed1,34347a796e761b03,df9f0f0f070001e1,700c30784f030012,ffff9f0f0081ffff,34347a796e761b03,df9f0f0f070001e1,1125,684,external_family_35b0a969f9e08fc88d22,False,,True
flipkart_party,SHOE4K54VP44KTZK,flipkart_meta_83f12db07595df74,Balujas Tokiyo Loafers,Casual Shoes,Party,"[""Party""]",source_exact_occasion,http://www.flipkart.com/balujas-tokiyo-loafers/p/itme38acrhynmtpc?pid=SHOE4K54VP44KTZK,http://img6a.flixcart.com/image/shoe/s/y/s/brown-bzdjco5958-balujas-41-original-imae344jfuhffcxq.jpeg,data/external/rare_usage_20260906/flipkart_party/originals/SHOE4K54VP44KTZK.image,80fdc784713df739fb45e4c295bb323db58438408c2d91b61754752e5982ca20,744,392,Publisher metadata CC BY-SA 4.0; remote photo rights scope not established,82e330722b6aa4fca6e5eb287c38f86c,Footwear >> Women's Footwear >> Casual Shoes >> Loafers,"[{""key"": ""Ideal For"", ""value"": ""Women""}, {""key"": ""Occasion"", ""value"": ""Party""}, {""key"": ""Heel Height"", ""value"": ""1 inch""}, {""key"": ""Outer Material"", ""value"": ""Synthetic Leather""}, {""key"": ""Color"", ""value"": ""Brown""}]","Flipkart Products, PromptCloud / PromptCloudHQ, version 1, via Kaggle",https://creativecommons.org/licenses/by-sa/4.0/,https://www.kaggle.com/datasets/PromptCloudHQ/flipkart-products,,,,,,,,flipkart_party:SHOE4K54VP44KTZK,keep,single_product_presentation,,80fdc784713df739fb45e4c295bb323db58438408c2d91b61754752e5982ca20,f9e7066e42a9bb4ed1390be974fb52d7dfd7231d56e1ee9d70fbf385e57557cb,383b2d4936378859ce664006d3b720f76d5ac9c482df8133f1b31520b1f749fa,985fb07343738c046c6971c417921978a5bd49423fa0dde675a50f5c1dcbc4ef,607d3c9f4f270143,3f9f8f430180e0f1,6001703f07034001,ffff3f0700e0ffff,607d3e9f4f270143,3f9f8f430180e0f1,744,392,external_family_0c5b79c184c35d42a580,False,,True
flipkart_party,SNDE6AKUC72HPWZF,flipkart_meta_84dc0735f9b65069,Do Bhai 400 Women Wedges,Heels,Party,"[""Party""]",source_exact_occasion,http://www.flipkart.com/do-bhai-400-women-wedges/p/itme6akuyzchxwkb?pid=SNDE6AKUC72HPWZF,http://img5a.flixcart.com/image/sandal/m/y/e/black-wedges-400-do-bhai-38-original-imae68ffqrng8jzy.jpeg,data/external/rare_usage_20260906/flipkart_party/originals/SNDE6AKUC72HPWZF.image,62884880ebd88726b88bd9b71c34f64c04767e1630f2f71444af054d68780433,1432,1228,Publisher metadata CC BY-SA 4.0; remote photo rights scope not established,6747a114bf3f9896d2c27fe2a0f8ae03,Footwear >> Women's Footwear >> Wedges,"[{""key"": ""Occasion"", ""value"": ""Party""}, {""key"": ""Ideal For"", ""value"": ""Women""}, {""key"": ""Sole Material"", ""value"": ""Resin Sheet""}, {""key"": ""Number of Contents in Sales Package"", ""value"": ""Pack of 1""}, {""key"": ""Type"", ""value"": ""Wedges""}, {""key"": ""Heel Height"", ""value"": ""2.5 inch""}, {""key"": ""Outer Material"", ""value"": ""Patent Leather""}, {""key"": ""Color"", ""value"": ""Black""}]","Flipkart Products, PromptCloud / PromptCloudHQ, version 1, via Kaggle",https://creativecommons.org/licenses/by-sa/4.0/,https://www.kaggle.com/datasets/PromptCloudHQ/flipkart-products,,,,,,,,flipkart_party:SNDE6AKUC72HPWZF,keep,single_product_presentation,,62884880ebd88726b88bd9b71c34f64c04767e1630f2f71444af054d68780433,22dbd39a311da834d439143482fb1d7067fb6a07d01e129f174032e815e20fc3,100a4459253614fb0506f8f7b8634c0d4c4f4067916e98c30e2ad1e2ee98256f,9210fc0d4e8a0505bf36535abff123ec42fd3fa902e49872b8af03d7e43e12f3,1a6d753666071745,cfa707039383c0f1,843a6d7667170520,ffdf070383c0fbff,1a6d753676071745,cfa707039383c0f0,1432,1228,external_family_a6e4b1a9dfff3f517a01,False,,True
flipkart_party,SHTE4ZP5ZXGGJ5FN,flipkart_meta_89796bfd9b889c2f,Meira Women's Checkered Party Reversible Shirt,Shirts,Party,"[""Party""]",source_exact_occasion,http://www.flipkart.com/meira-women-s-checkered-party-reversible-shirt/p/itme4zp5kx2x69sc?pid=SHTE4ZP5ZXGGJ5FN,http://img5a.flixcart.com/image/shirt/z/y/x/mewt-1157-multi-meira-l-1100x1360-imae4nkzvqwf8bs8.jpeg,data/external/rare_usage_20260906/flipkart_party/originals/SHTE4ZP5ZXGGJ5FN.image,859e2d6e487ac905bb326a0602d065f18c03a6ab4cfeadf33e8a672f3f4c3648,575,1360,Publisher metadata CC BY-SA 4.0; remote photo rights scope not established,1e9592d69ea546e42135927990fa87c1,"Clothing >> Women's Clothing >> Western Wear >> Shirts, Tops & Tunics >> Shirts >> Meira Shirts","[{""key"": ""Pattern"", ""value"": ""Checkered""}, {""key"": ""Occasion"", ""value"": ""Party""}, {""key"": ""Ideal For"", ""value"": ""Women's""}, {""key"": ""Sleeve"", ""value"": ""Full Sleeve""}, {""key"": ""Number of Contents in Sales Package"", ""value"": ""Pack of 1""}, {""key"": ""Brand Fit"", ""value"": ""Regular""}, {""key"": ""Fabric"", ""value"": ""Cotton""}, {""key"": ""Style Code"", ""value"": ""MEWT-1157-Multi""}]","Flipkart Products, PromptCloud / PromptCloudHQ, version 1, via Kaggle",https://creativecommons.org/licenses/by-sa/4.0/,https://www.kaggle.com/datasets/PromptCloudHQ/flipkart-products,,,,,,,,flipkart_party:SHTE4ZP5ZXGGJ5FN,keep,model_worn_outfit_context,,859e2d6e487ac905bb326a0602d065f18c03a6ab4cfeadf33e8a672f3f4c3648,a4fd254564ca0b252af3c8eb1eb4042864afec794494030461239091941da482,aa6e53998a869c6868ef23f0208e2dc456b0980efa3fbdfe7c32e55fe0663992,8eb347a680e75c1bc355a2f73aeeabbb5ae9a188f3d9ad5efbca27a387d6d26a,0616175151751d13,e3e3fffdffffc080,4d4d0e1636968e96,e7e7e7d3d3c3c3c3,0616175155751d13,e3e3fffdffff8080,575,1360,external_family_137e14810c6696237c25,False,,True
flipkart_party,TUNEH2MKQBCHNSZE,flipkart_meta_8c3593669129faea,KID'S STOP Solid Girl's Tunic,Tunics,Party,"[""Party""]",source_exact_occasion,http://www.flipkart.com/kid-s-stop-solid-girl-s-tunic/p/itmeh2mkhv95hvef?pid=TUNEH2MKQBCHNSZE,http://img5a.flixcart.com/image/tunic/j/n/c/st-denim-ts-12-kid-s-stop-11-12-years-1000x1000-imaeh297bknfhgq4.jpeg,data/external/rare_usage_20260906/flipkart_party/originals/TUNEH2MKQBCHNSZE.image,00430a213942fe7741e78cc49c542dc8a4bc99a4b52c4c457083e304e4659559,438,1000,Publisher metadata CC BY-SA 4.0; remote photo rights scope not established,2d479caf7a08205b08e5586949e25024,Clothing >> Kids' Clothing >> Girls Wear >> T-Shirts & Tops >> Tunics >> KID'S STOP Tunics >> KID'S STOP Solid Girl's Tunic,"[{""key"": ""Ideal For"", ""value"": ""Girl's""}, {""key"": ""Occasion"", ""value"": ""Party""}, {""key"": ""Pattern"", ""value"": ""Solid""}, {""key"": ""Fabric"", ""value"": ""cotton blended""}, {""key"": ""Sleeve"", ""value"": ""Sleeveless""}, {""key"": ""Length"", ""value"": ""27 inch""}, {""value"": ""tunic""}]","Flipkart Products, PromptCloud / PromptCloudHQ, version 1, via Kaggle",https://creativecommons.org/licenses/by-sa/4.0/,https://www.kaggle.com/datasets/PromptCloudHQ/flipkart-products,,,,,,,,flipkart_party:TUNEH2MKQBCHNSZE,withhold,mapped_top_or_tunic_has_dress_like_presentation_review_type,Collage or unresolved source product-type mismatch,00430a213942fe7741e78cc49c542dc8a4bc99a4b52c4c457083e304e4659559,c6512d7444ff5e5b5a4d3d023f67d70f3abe07efd89f9d5df8a85e8c541854f4,943dabda96fc3f0e6fb38389fd61960914c9b96271ff970b4d2a21af4ed1160b,8f9a0f361c033cbfc92726539b6401acb63a91bd734ff478c62f8fbe6dae38f5,392929333327656d,ddc1c1c1c1818185,939696969696861f,cbc3c3c3c3c3c3c3,392929333327656d,ddc1c1c1c1818185,438,1000,external_family_f31787920e8825569ca3,False,Collage or unresolved source product-type mismatch,False
flipkart_party,TOPE7NMGHMTJPCMT,flipkart_meta_8f7d60dcddf8c4c5,No Code Party Full Sleeve Solid Women's Top,Tops,Party,"[""Party""]",source_exact_occasion,http://www.flipkart.com/no-code-party-full-sleeve-solid-women-s-top/p/itme7nmg4pqnntas?pid=TOPE7NMGHMTJPCMT,http://img5a.flixcart.com/image/top/c/m/t/1-1-s15-257-no-code-m-original-imae7ncrgfng5fww.jpeg,data/external/rare_usage_20260906/flipkart_party/originals/TOPE7NMGHMTJPCMT.image,2ad6cea64a7d630ff8eda2d852493b8c724cb7e82484046a155e78df6b98b5ca,1533,5076,Publisher metadata CC BY-SA 4.0; remote photo rights scope not established,80ed0c9a1f47edb0fdf1913030fbd287,"Clothing >> Women's Clothing >> Western Wear >> Shirts, Tops & Tunics >> Tops >> No Code Tops","[{""key"": ""Ideal For"", ""value"": ""Women's""}, {""key"": ""Occasion"", ""value"": ""Party""}, {""key"": ""Pattern"", ""value"": ""Solid""}, {""key"": ""Fabric"", ""value"": ""Cotton""}, {""key"": ""Neck"", ""value"": ""Round Neck""}, {""key"": ""Sleeve"", ""value"": ""Full Sleeve""}, {""key"": ""Number of Contents in Sales Package"", ""value"": ""Pack of 1""}]","Flipkart Products, PromptCloud / PromptCloudHQ, version 1, via Kaggle",https://creativecommons.org/licenses/by-sa/4.0/,https://www.kaggle.com/datasets/PromptCloudHQ/flipkart-products,,,,,,,,flipkart_party:TOPE7NMGHMTJPCMT,withhold,model_worn_outfit_context,"Unresolved source product-type mismatch (6,7), or small top competing with full outfit at 60x80 (15,49,69)",2ad6cea64a7d630ff8eda2d852493b8c724cb7e82484046a155e78df6b98b5ca,8d340984504252ac640b24bf03ecf4e1551161f3ce624e514cf710c689fd5bf2,a31ab403099f474060db0df0a35a4ba76ffbba846097218221a80f59a5dcfed7,459ce3b4459cf7f1cdea1eb192a43cd742e0f6c714d10192baafddf09b62d2cc,2d2fd2372c3a1e9f,c7c7fb03070fcfc7,4c0d8d9f9e9a4a4c,e7e7e7c7c7cfe7e7,2d2fd2372c3a1e9f,c7c7fb03070fcfc7,1533,5076,external_family_a2e9115ab028a047990c,False,"Unresolved source product-type mismatch (6,7), or small top competing with full outfit at 60x80 (15,49,69)",False
flipkart_party,BRAEBKJSNVGDG4DP,flipkart_meta_8fd92b428a2f8050,Wolfie Polkadotturqoise105 Women's Push-up Bra,Bra,Party,"[""Party""]",source_exact_occasion,http://www.flipkart.com/wolfie-polkadotturqoise105-women-s-push-up-bra/p/itmebjhbxyzqgswh?pid=BRAEBKJSNVGDG4DP,http://img6a.flixcart.com/image/bra/u/5/8/wolfie105-wolfie-34-original-imaebje8agqz2urp.jpeg,data/external/rare_usage_20260906/flipkart_party/originals/BRAEBKJSNVGDG4DP.image,fbc7279ed99c1cfd2c76c4d9276470378271843d8a45edb98e102c7ecfd3e0d2,731,1024,Publisher metadata CC BY-SA 4.0; remote photo rights scope not established,b9b86240c105f7610210c250bf7d2cb3,"Clothing >> Women's Clothing >> Lingerie, Sleep & Swimwear >> Bras >> Wolfie Bras","[{""key"": ""Brand Color"", ""value"": ""Turquise""}, {""key"": ""color"", ""value"": ""Blue""}, {""key"": ""Pattern"", ""value"": ""Polka Print""}, {""key"": ""Occasion"", ""value"": ""Party""}, {""key"": ""Ideal For"", ""value"": ""Women's""}, {""key"": ""Inner Lining"", ""value"": ""Lycra Polymade""}, {""key"": ""Wire Support"", ""value"": ""Underwire""}, {""key"": ""Detachable Straps"", ""value"": ""No""}, {""key"": ""Straps"", ""value"": ""Regular""}, {""key"": ""Number of Contents in Sales Package"", ""value"": ""Pack of 1""}, {""key"": ""Cup Type"", ""value"": ""Molded""}, {""key"": ""Fabric"", ""value"": ""Lycra Polymade""}, {""key"": ""Type"", ""value"": ""Push-up Bra""}]","Flipkart Products, PromptCloud / PromptCloudHQ, version 1, via Kaggle",https://creativecommons.org/licenses/by-sa/4.0/,https://www.kaggle.com/datasets/PromptCloudHQ/flipkart-products,,,,,,,,flipkart_party:BRAEBKJSNVGDG4DP,keep,model_worn_outfit_context,,fbc7279ed99c1cfd2c76c4d9276470378271843d8a45edb98e102c7ecfd3e0d2,8b9d339e75c4f0291f570e4c177dc2ced0d7717aaa4d6b28b96857925e1feeca,7a9a2a633003001fb2a1f53621fe3ca4082e97348b2be43a2090c3d72834c6f3,b6839ab17f0553b0492c5e0d043921971aba2f9b0ad70084d54a005de424f12e,4d46ce0f71969633,e7e3e7e308434380,4d4dcc0f73969633,e7e7e7e781434381,4e468e2f73969633,e7e7e7c300434381,731,1024,external_family_08e659a429a0bd52981f,False,,True
flipkart_party,TOPE8E8NZP256K8G,flipkart_meta_91673193522821e2,Nine Lions Bollywood Fashion Party Sleeveless Solid Women's Top,Tops,Party,"[""Party""]",source_exact_occasion,http://www.flipkart.com/nine-lions-bollywood-fashion-party-sleeveless-solid-women-s-top/p/itme8e8negcfb663?pid=TOPE8E8NZP256K8G,http://img6a.flixcart.com/image/top/k/8/g/1-1-1410-nine-lions-bollywood-fashion-l-original-imae8dzsnhuaktem.jpeg,data/external/rare_usage_20260906/flipkart_party/originals/TOPE8E8NZP256K8G.image,9640b44f8f0032eafd53eced9035b97c9c48bde4a06b687b6f6a76ed1313bdaa,645,1368,Publisher metadata CC BY-SA 4.0; remote photo rights scope not established,62efe8acfe478fd82afc8e2f065509b2,"Clothing >> Women's Clothing >> Western Wear >> Shirts, Tops & Tunics >> Tops >> Nine Lions Bollywood Fashion Tops","[{""key"": ""Ideal For"", ""value"": ""Women's""}, {""key"": ""Occasion"", ""value"": ""Party""}, {""key"": ""Pattern"", ""value"": ""Solid""}, {""key"": ""Fabric"", ""value"": ""Net""}, {""key"": ""Neck"", ""value"": ""Round""}, {""key"": ""Sleeve"", ""value"": ""Sleeveless""}, {""key"": ""Number of Contents in Sales Package"", ""value"": ""Pack of 1""}, {""value"": ""1 Top""}]","Flipkart Products, PromptCloud / PromptCloudHQ, version 1, via Kaggle",https://creativecommons.org/licenses/by-sa/4.0/,https://www.kaggle.com/datasets/PromptCloudHQ/flipkart-products,,,,,,,,flipkart_party:TOPE8E8NZP256K8G,keep,model_worn_outfit_context,,9640b44f8f0032eafd53eced9035b97c9c48bde4a06b687b6f6a76ed1313bdaa,274ce310005aabd5ade4be7b8e8e8f034028b483058620190806c41a3c2020d5,8c9e78a8946f63943b397d72822930f8048256eabdb29900a01f6d6a4db2baba,274ce310005aabd5ade4be7b8e8e8f034028b483058620190806c41a3c2020d5,0d36132f0f570e1e,c7d3c9018303838f,0d95161f0f0e0d9e,c7c7c3c3c3c7c7c7,0d36132f0f570e1e,c7d3c9018303838f,645,1368,external_family_659f7d5db38d7f622cb0,False,,True
flipkart_party,SHTE5YHGZVA9HB2Y,flipkart_meta_91869b643cb0127a,Meira Women's Solid Party Shirt,Shirts,Party,"[""Party""]",source_exact_occasion,http://www.flipkart.com/meira-women-s-solid-party-shirt/p/itme5yhgzd35d2qz?pid=SHTE5YHGZVA9HB2Y,http://img5a.flixcart.com/image/shirt/f/6/2/mewt-1032-d-brown-meira-xl-original-imae5uybdccty2br.jpeg,data/external/rare_usage_20260906/flipkart_party/originals/SHTE5YHGZVA9HB2Y.image,bedf5f8f1c0edffad762a6d21e4a2d87a707f16d5ad1cc807f97c23e33f88566,832,1762,Publisher metadata CC BY-SA 4.0; remote photo rights scope not established,d6dd9dbb80de327fa41a230a180421a1,"Clothing >> Women's Clothing >> Western Wear >> Shirts, Tops & Tunics >> Shirts >> Meira Shirts","[{""key"": ""Pattern"", ""value"": ""Solid""}, {""key"": ""Occasion"", ""value"": ""Party""}, {""key"": ""Ideal For"", ""value"": ""Women's""}, {""key"": ""Sleeve"", ""value"": ""Full Sleeve""}, {""key"": ""Number of Contents in Sales Package"", ""value"": ""Pack of 1""}, {""key"": ""Brand Fit"", ""value"": ""Regular Fit""}, {""key"": ""Fit"", ""value"": ""Regular""}, {""key"": ""Style Code"", ""value"": ""MEWT-1032-D-Brown""}]","Flipkart Products, PromptCloud / PromptCloudHQ, version 1, via Kaggle",https://creativecommons.org/licenses/by-sa/4.0/,https://www.kaggle.com/datasets/PromptCloudHQ/flipkart-products,,,,,,,,flipkart_party:SHTE5YHGZVA9HB2Y,keep,model_worn_outfit_context,,bedf5f8f1c0edffad762a6d21e4a2d87a707f16d5ad1cc807f97c23e33f88566,4bc3d732387a41f373070084e441087565a3c8bf7c157f2551e457120119605e,6c0efbbb49eee0872f084b1c8ceb38260bd1172f175461747fe5452a37e47ef3,0f054f181411aa865ef184d3d0b6ac11d895bf1c0acabdc6ea825f9eac965c43,4612174b4b450f0f,fffbc381010081ff,07461616062f0f8e,f7e7c3c3c3c3c3e7,4612174b4b450f0f,fffbc381010081ff,832,1762,external_family_f2f7516cbf5d3cdda8b8,False,,True
flipkart_party,SHTE4S27GR2WA6DD,flipkart_meta_9660ee3b3924e205,Meira Women's Striped Party Reversible Shirt,Shirts,Party,"[""Party""]",source_exact_occasion,http://www.flipkart.com/meira-women-s-striped-party-reversible-shirt/p/itme4s25gwvzgnbg?pid=SHTE4S27GR2WA6DD,http://img5a.flixcart.com/image/shirt/y/u/n/mewt-1156-c-multi-meira-xxl-1100x1360-imae4nhyhmhpyscz.jpeg,data/external/rare_usage_20260906/flipkart_party/originals/SHTE4S27GR2WA6DD.image,c29aedb56639c8dc0eb5edd45f4e9f198757563ea81cea092415af8c27608457,576,1360,Publisher metadata CC BY-SA 4.0; remote photo rights scope not established,041b33e3feaffb2b7775c53b689f13f1,"Clothing >> Women's Clothing >> Western Wear >> Shirts, Tops & Tunics >> Shirts >> Meira Shirts","[{""key"": ""Pattern"", ""value"": ""Striped""}, {""key"": ""Occasion"", ""value"": ""Party""}, {""key"": ""Ideal For"", ""value"": ""Women's""}, {""key"": ""Sleeve"", ""value"": ""3/4 Sleeve""}, {""key"": ""Number of Contents in Sales Package"", ""value"": ""Pack of 1""}, {""key"": ""Brand Fit"", ""value"": ""Regular""}, {""key"": ""Fabric"", ""value"": ""Cotton""}, {""key"": ""Style Code"", ""value"": ""MEWT-1156-C-Multi""}]","Flipkart Products, PromptCloud / PromptCloudHQ, version 1, via Kaggle",https://creativecommons.org/licenses/by-sa/4.0/,https://www.kaggle.com/datasets/PromptCloudHQ/flipkart-products,,,,,,,,flipkart_party:SHTE4S27GR2WA6DD,keep,model_worn_outfit_context,,c29aedb56639c8dc0eb5edd45f4e9f198757563ea81cea092415af8c27608457,2f02ab029b88a3fd8b255f47a2fe563e9989777b1a137b1cae7417b51357abf5,37fa2a706297d769c945c2a86a33438f8c63890f4f8dd5fa953c51c01af3481a,40b56ec6780ccac0415ecb9a41767059a85bc20ec58719dfe0f32a55df68c146,4612176961650d13,e3e3fbfdffbfc081,0f46861616968e96,e7e7e3c3c3c3c3c3,4612176961650d13,e3e3fbfdffbfc081,576,1360,external_family_de36f382243a79d5cddb,False,,True
flipkart_party,TOPEHZNP4QZHVTDW,flipkart_meta_9a05aa7cf084495a,Satovira Party Short Sleeve Applique Women's Top,Tops,Party,"[""Party""]",source_exact_occasion,http://www.flipkart.com/satovira-party-short-sleeve-applique-women-s-top/p/itmehznpyvfqdhmz?pid=TOPEHZNP4QZHVTDW,http://img6a.flixcart.com/image/top/t/d/w/whiteapplique-mehndigreen-satovira-l-original-imaehznj4hezzzg7.jpeg,data/external/rare_usage_20260906/flipkart_party/originals/TOPEHZNP4QZHVTDW.image,d11a1b2374d9e149f8ea5863b925b7ab37b0e2183c7be43734b2d2a48a32fdf5,2812,4218,Publisher metadata CC BY-SA 4.0; remote photo rights scope not established,7513e9a8970e74c9a47b1ac216f1c017,"Clothing >> Women's Clothing >> Western Wear >> Shirts, Tops & Tunics >> Tops >> Satovira Tops >> Satovira Party Short Sleeve Applique Women's Top","[{""key"": ""Sleeve"", ""value"": ""Short Sleeve""}, {""key"": ""Number of Contents in Sales Package"", ""value"": ""Pack of 1""}, {""key"": ""Fabric"", ""value"": ""Polyester""}, {""key"": ""Type"", ""value"": ""Top""}, {""key"": ""Neck"", ""value"": ""V-Neck""}, {""key"": ""Pattern"", ""value"": ""Applique""}, {""key"": ""Ideal For"", ""value"": ""Women's""}, {""key"": ""Occasion"", ""value"": ""Party""}, {""value"": ""Hand Wash. Wash with similar colours, Use detergent for colours""}]","Flipkart Products, PromptCloud / PromptCloudHQ, version 1, via Kaggle",https://creativecommons.org/licenses/by-sa/4.0/,https://www.kaggle.com/datasets/PromptCloudHQ/flipkart-products,,,,,,,,flipkart_party:TOPEHZNP4QZHVTDW,keep,model_worn_outfit_context,,d11a1b2374d9e149f8ea5863b925b7ab37b0e2183c7be43734b2d2a48a32fdf5,78374fc4d38181b5a96d73236733c41a55f4f9e0660e9474bd993d6a2de600d3,0e337ea2a93fb7ef76884ba887257fe48497c57c0046be39603a93f5539cbfea,78374fc4d38181b5a96d73236733c41a55f4f9e0660e9474bd993d6a2de600d3,4d96173337376b62,e7c3c381c383ffff,4d95973716172323,e7c3c3c3c3c3ffff,4d96173337376b62,e7c3c381c383ffff,2812,4218,external_family_9e74d1d579d239e5c385,False,,True
flipkart_party,SNDE6BQFXAGRVGF5,flipkart_meta_9ef95f8faa9a2276,Awssm Women Flats,Flats,Party,"[""Party""]",source_exact_occasion,http://www.flipkart.com/awssm-women-flats/p/itme6bqfupe7q6hh?pid=SNDE6BQFXAGRVGF5,http://img5a.flixcart.com/image/sandal/h/b/4/gold-6788-awssm-36-original-imae64aqsm6nyp9z.jpeg,data/external/rare_usage_20260906/flipkart_party/originals/SNDE6BQFXAGRVGF5.image,9473c0122acb58bb230da1488312e1f1ae44fdb8c3830c367c5ded8384503c6b,1121,706,Publisher metadata CC BY-SA 4.0; remote photo rights scope not established,b25731dc65ef59c07305a4cb6a0229c5,Footwear >> Women's Footwear >> Flats,"[{""key"": ""Occasion"", ""value"": ""Party""}, {""key"": ""Ideal For"", ""value"": ""Women""}, {""key"": ""Lining"", ""value"": ""Synthetic""}, {""key"": ""Tip Shape"", ""value"": ""Round""}, {""key"": ""Sole Material"", ""value"": ""Synthetic""}, {""key"": ""Straps"", ""value"": ""Back Strap""}, {""key"": ""Type"", ""value"": ""Flats""}, {""key"": ""Heel Height"", ""value"": ""0.75 inch""}, {""key"": ""Inner Material"", ""value"": ""Synthetic""}, {""key"": ""Insole Material"", ""value"": ""PU""}, {""key"": ""Outer Material"", ""value"": ""Mesh""}, {""key"": ""Color"", ""value"": ""Gold""}, {""key"": ""Care Instructions"", ""value"": ""Allow your pair of shoes to air and de-odorize at regular basis; Use Shoe bags to prevent any stains or mildew; Dust any dry dirt from the surface using a clean cloth; Do not use Polish or Shiner""}]","Flipkart Products, PromptCloud / PromptCloudHQ, version 1, via Kaggle",https://creativecommons.org/licenses/by-sa/4.0/,https://www.kaggle.com/datasets/PromptCloudHQ/flipkart-products,,,,,,,,flipkart_party:SNDE6BQFXAGRVGF5,keep,single_product_presentation,,9473c0122acb58bb230da1488312e1f1ae44fdb8c3830c367c5ded8384503c6b,0634dc8eb0edfe29e5b14f4c114afd073ca07bd1337b10d073308a3186e7eee2,2fe59e9423eb169ae374ea9a8a5e8753503ae9f40b7b5030ba9df1a01676b4d6,888c804f0ad9d0c027d6979b1cabe6cd429794cb8d54453df8ecc22e61349151,20584ff27b130843,ffefa70b83c1e0e1,08625c5e1b0b4418,ffffef0300e0ffff,24184df27a33984b,ffefa70f03c1c0e1,1121,706,external_family_1771ba57b8937d2f3600,False,,True
flipkart_party,SNDEF3HVZW4NPVCN,flipkart_meta_a2bc7d25f53dadae,Shooz Women Heels,Heels,Party,"[""Party""]",source_exact_occasion,http://www.flipkart.com/shooz-women-heels/p/itmeegv67agzdmcc?pid=SNDEF3HVZW4NPVCN,http://img6a.flixcart.com/image/sandal/v/c/n/silver-s-pf032-shoooz-41-original-imaef2t8f42mjgnv.jpeg,data/external/rare_usage_20260906/flipkart_party/originals/SNDEF3HVZW4NPVCN.image,bf0ecf021877ed50c39fdc9b334487997b6ee4c64a6352e2812a7388504fb32f,1218,1036,Publisher metadata CC BY-SA 4.0; remote photo rights scope not established,4cb66366e71525cf910a19be9c400a4c,Footwear >> Women's Footwear >> Heels,"[{""key"": ""Ideal For"", ""value"": ""Women""}, {""key"": ""Occasion"", ""value"": ""Party""}, {""key"": ""Sole Material"", ""value"": ""NON SLIPPERY SHEET SOLE""}, {""key"": ""Type"", ""value"": ""Heels""}, {""key"": ""Inner Material"", ""value"": ""NAPPA LEATHER""}, {""key"": ""Heel Height"", ""value"": ""4 inch""}, {""key"": ""Outer Material"", ""value"": ""Resin""}, {""key"": ""Color"", ""value"": ""Silver""}]","Flipkart Products, PromptCloud / PromptCloudHQ, version 1, via Kaggle",https://creativecommons.org/licenses/by-sa/4.0/,https://www.kaggle.com/datasets/PromptCloudHQ/flipkart-products,,,,,,,,flipkart_party:SNDEF3HVZW4NPVCN,keep,single_product_presentation,,bf0ecf021877ed50c39fdc9b334487997b6ee4c64a6352e2812a7388504fb32f,55017fc951a77c4e1f21bf6991144c221dc97fd0a43d1f3ef23627212c89e508,d836d3585af2c3a81d9e255f6357b61dc5f1f5f59e39d6c61eaf1aa24b821dc7,44399c4074b10d9cf7ca27e57bc24a67e043890379742ae1d9c2725164769a10,4dd6de777725230f,ff6f0783918080c7,004dde7765250f00,ffff07030080c7ff,4dd65e777725230f,ff6f0783918080c7,1218,1036,external_family_6cd9835cd28d8499ecbc,False,,True
flipkart_party,SNDEF3R3VB55PJBX,flipkart_meta_a2e04073b990815f,Stylistry Women Heels,Heels,Party,"[""Party""]",source_exact_occasion,http://www.flipkart.com/stylistry-women-heels/p/itmef3r3zzam4hyd?pid=SNDEF3R3VB55PJBX,http://img6a.flixcart.com/image/sandal/z/s/2/red-2271-stylistry-41-original-imaeffq85xfw3kpf.jpeg,data/external/rare_usage_20260906/flipkart_party/originals/SNDEF3R3VB55PJBX.image,a1381ce643230acbc4d7d39fd8311465f9cd53864017f59c2736e1d83f0890ae,1436,1652,Publisher metadata CC BY-SA 4.0; remote photo rights scope not established,725fb81399c181c86be89675429b8d27,Footwear >> Women's Footwear >> Heels,"[{""key"": ""Occasion"", ""value"": ""Party""}, {""key"": ""Ideal For"", ""value"": ""Women""}, {""key"": ""Type"", ""value"": ""Heels""}, {""key"": ""Heel Height"", ""value"": ""3 inch""}, {""key"": ""Outer Material"", ""value"": ""Synthetic Leather""}, {""key"": ""Color"", ""value"": ""Red""}]","Flipkart Products, PromptCloud / PromptCloudHQ, version 1, via Kaggle",https://creativecommons.org/licenses/by-sa/4.0/,https://www.kaggle.com/datasets/PromptCloudHQ/flipkart-products,,,,,,,,flipkart_party:SNDEF3R3VB55PJBX,keep,single_product_presentation,,a1381ce643230acbc4d7d39fd8311465f9cd53864017f59c2736e1d83f0890ae,50231cc050a6520419f212d444a6f932ef7d98b9081101831f9d060f85fbce85,12e409d3cae921ee45875a51bd5e71a04d1c7a2637045153b15940bcbdb5cf96,c068cb2ec7b0fd57559668f201509bf2e21a54f4392eb0fde1e9640a784024a7,68747a7c36130941,3f1f0f8f93c1e0f9,6874fb7c37930101,ff1f0f8f83c0e0ff,6874fa7d76138941,3f1f0f8f93c1c0f0,1436,1652,external_family_1fecb66d4b3a689868fb,False,,True
flipkart_party,SHTE644DZWTFY6KD,flipkart_meta_a6347a15d89b4224,Iknow Women's Solid Party Shirt,Shirts,Party,"[""Party""]",source_exact_occasion,http://www.flipkart.com/iknow-women-s-solid-party-shirt/p/itme644d34xgnhg4?pid=SHTE644DZWTFY6KD,http://img6a.flixcart.com/image/shirt/d/2/x/ikwdwss13tp502-iknow-xs-original-imae5ky7zbpydhgg.jpeg,data/external/rare_usage_20260906/flipkart_party/originals/SHTE644DZWTFY6KD.image,3fc4e90a8563494683bba9ff492a6902200bc9e6cc08fb5e42deac55d1a63cac,1339,1763,Publisher metadata CC BY-SA 4.0; remote photo rights scope not established,b66e465cf1ce89e18d0c87e891980186,"Clothing >> Women's Clothing >> Western Wear >> Shirts, Tops & Tunics >> Shirts >> Iknow Shirts","[{""key"": ""Pattern"", ""value"": ""Solid""}, {""key"": ""Occasion"", ""value"": ""Party""}, {""key"": ""Ideal For"", ""value"": ""Women's""}, {""key"": ""Sleeve"", ""value"": ""Sleeveless""}, {""key"": ""Number of Contents in Sales Package"", ""value"": ""Pack of 1""}, {""key"": ""Brand Fit"", ""value"": ""Slim""}, {""key"": ""Fabric"", ""value"": ""Cotton""}, {""key"": ""Fit"", ""value"": ""Slim""}, {""key"": ""Style Code"", ""value"": ""IKWDWSS13TP502""}]","Flipkart Products, PromptCloud / PromptCloudHQ, version 1, via Kaggle",https://creativecommons.org/licenses/by-sa/4.0/,https://www.kaggle.com/datasets/PromptCloudHQ/flipkart-products,,,,,,,,flipkart_party:SHTE644DZWTFY6KD,keep,model_worn_outfit_context,,3fc4e90a8563494683bba9ff492a6902200bc9e6cc08fb5e42deac55d1a63cac,17e2feefaba9e8f025ac2fe6ed46d4df1884a82c7d09fe769d68ea5a29d4d6be,5204737f2dbb31d4c5ccaf4b4c1056eec8724371454999c80e4c0683fdde7e53,8ca3ea9c8011585577ab2f7fb60328d5302a5e1e2a5c4770f4d98dd2e411e994,0d9d1e63dd37368e,e7c7cf997c91d3c3,0d9d1e63dd37360e,e7c7cf997c91d3c3,0d9d1e63dc37360e,e7c7cf997c91d3c3,1339,1763,external_family_08fbc1efb6dc7e203658,False,,True
flipkart_party,SNDE5PJGWDSXSDQN,flipkart_meta_ac1a2adf49797a77,Urban Woods White Women Heels,Heels,Party,"[""Party""]",source_exact_occasion,http://www.flipkart.com/urban-woods-white-women-heels/p/itmeegvmvjztaegy?pid=SNDE5PJGWDSXSDQN,http://img5a.flixcart.com/image/sandal/q/r/f/white-405-urbanwoods-38-original-imae5zbgprxvzdfq.jpeg,data/external/rare_usage_20260906/flipkart_party/originals/SNDE5PJGWDSXSDQN.image,c4915548c3cf6f503b762c9ba93084b6928a5ec6a85427ca7d7dfe0ad22e05b7,1863,1603,Publisher metadata CC BY-SA 4.0; remote photo rights scope not established,fa67b8ca9e3a8f38631b8d5fef2cbef7,Footwear >> Women's Footwear >> Heels,"[{""key"": ""Ideal For"", ""value"": ""Women""}, {""key"": ""Occasion"", ""value"": ""Party""}, {""key"": ""Sole Material"", ""value"": ""Sheet Sole""}, {""key"": ""Tip Shape"", ""value"": ""Round""}, {""key"": ""Type"", ""value"": ""Heels""}, {""key"": ""Inner Material"", ""value"": ""Synthetic""}, {""key"": ""Heel Height"", ""value"": ""2.5 inch""}, {""key"": ""Outer Material"", ""value"": ""Patent Leather""}, {""key"": ""Color"", ""value"": ""White""}]","Flipkart Products, PromptCloud / PromptCloudHQ, version 1, via Kaggle",https://creativecommons.org/licenses/by-sa/4.0/,https://www.kaggle.com/datasets/PromptCloudHQ/flipkart-products,,,,,,,,flipkart_party:SNDE5PJGWDSXSDQN,keep,single_product_presentation,,c4915548c3cf6f503b762c9ba93084b6928a5ec6a85427ca7d7dfe0ad22e05b7,875d1f68b9a5d25cf132f8ee79bd23d45a396115bcbc37f150ff1cc49df7bcc3,684af1e6f36f1d1dee9dd93d502bf43683ec77a6f151b00274c02395956e8f8f,563c470c65aa2e73e382b944b04a40dca5df27d1d04a3b11a4f7ea14723e808c,307d7c6b27154d07,df8f0f0791c0e1f3,843a7c7f375d0720,ffdf0f0780c0f3ff,307d7c6b27154d07,df8f0f0f91c0e1f3,1863,1603,external_family_b55255f13c301c845d43,False,,True
flipkart_party,SHTE93RYMXUU7P6Q,flipkart_meta_b43434e2ba9070bf,Belly Bottom Women's Printed Party Shirt,Shirts,Party,"[""Party""]",source_exact_occasion,http://www.flipkart.com/belly-bottom-women-s-printed-party-shirt/p/itme93rythdwtxfq?pid=SHTE93RYMXUU7P6Q,http://img6a.flixcart.com/image/shirt/m/d/g/gt02-belly-bottom-m-original-imae93jgwzyfvjyt.jpeg,data/external/rare_usage_20260906/flipkart_party/originals/SHTE93RYMXUU7P6Q.image,ebb51bcd3897fe727528d1eb804553173ca154cd997c225dc6366aaeb8efcf91,2320,3762,Publisher metadata CC BY-SA 4.0; remote photo rights scope not established,7ccbaae3f0497788479161c8f7448e1d,"Clothing >> Women's Clothing >> Western Wear >> Shirts, Tops & Tunics >> Shirts >> Belly Bottom Shirts","[{""key"": ""Pattern"", ""value"": ""Printed""}, {""key"": ""Occasion"", ""value"": ""Party""}, {""key"": ""Ideal For"", ""value"": ""Women's""}, {""key"": ""Closure"", ""value"": ""Button""}, {""key"": ""Sleeve"", ""value"": ""Sleeveless""}, {""key"": ""Number of Contents in Sales Package"", ""value"": ""Pack of 1""}, {""key"": ""Brand Fit"", ""value"": ""Slim""}, {""key"": ""Fabric"", ""value"": ""Crape""}, {""key"": ""Fit"", ""value"": ""Regular""}, {""key"": ""Other Details"", ""value"": ""Button Down Placket""}, {""key"": ""Style Code"", ""value"": ""GT02""}, {""value"": ""Gentle Machine Wash in Lukewarm Water, Do Not Bleach""}]","Flipkart Products, PromptCloud / PromptCloudHQ, version 1, via Kaggle",https://creativecommons.org/licenses/by-sa/4.0/,https://www.kaggle.com/datasets/PromptCloudHQ/flipkart-products,,,,,,,,flipkart_party:SHTE93RYMXUU7P6Q,keep,model_worn_outfit_context,,ebb51bcd3897fe727528d1eb804553173ca154cd997c225dc6366aaeb8efcf91,1a084b8153b26a375e37eea71ba6ad08486efa98e890af2345b9713c9feaadd6,0bde01e07db836163a666568e02e76e1207f6ae82e7e3f1ff9acaec450425c10,2e90dc04a4d1bd306ad8bafb8e127cbc5c4e890b5a8893f7e021f92a3e29d590,3a2936d3cbecfd1c,8f8f9f392f1f0f0f,1a3a3c736b7c5e1a,cf8f87bb830f0f8f,3d2c1b69edfedc5d,c787df3c373f0707,2320,3762,external_family_1eaa08ed073c7189ecef,False,,True
flipkart_party,SHTE4Q74EEHQJZQB,flipkart_meta_b5488543c42e707d,Meira Women's Printed Party Reversible Shirt,Shirts,Party,"[""Party""]",source_exact_occasion,http://www.flipkart.com/meira-women-s-printed-party-reversible-shirt/p/itme4q74xnzm4n3e?pid=SHTE4Q74EEHQJZQB,http://img5a.flixcart.com/image/shirt/w/e/z/mewt-1156-d-multi-meira-s-1100x1360-imae4nkzsgnfe5sn.jpeg,data/external/rare_usage_20260906/flipkart_party/originals/SHTE4Q74EEHQJZQB.image,ff61213efe4bd289133b0bf33520f6577e18a1cd3221b6701242ca00cbb166da,581,1360,Publisher metadata CC BY-SA 4.0; remote photo rights scope not established,897d2b63c2a8575b259d8bacb4879468,"Clothing >> Women's Clothing >> Western Wear >> Shirts, Tops & Tunics >> Shirts >> Meira Shirts","[{""key"": ""Pattern"", ""value"": ""Printed""}, {""key"": ""Ideal For"", ""value"": ""Women's""}, {""key"": ""Occasion"", ""value"": ""Party""}, {""key"": ""Sleeve"", ""value"": ""Full Sleeve""}, {""key"": ""Number of Contents in Sales Package"", ""value"": ""Pack of 1""}, {""key"": ""Brand Fit"", ""value"": ""Regular""}, {""key"": ""Fabric"", ""value"": ""Cotton""}, {""key"": ""Style Code"", ""value"": ""MEWT-1156-D-Multi""}]","Flipkart Products, PromptCloud / PromptCloudHQ, version 1, via Kaggle",https://creativecommons.org/licenses/by-sa/4.0/,https://www.kaggle.com/datasets/PromptCloudHQ/flipkart-products,,,,,,,,flipkart_party:SHTE4Q74EEHQJZQB,keep,model_worn_outfit_context,,ff61213efe4bd289133b0bf33520f6577e18a1cd3221b6701242ca00cbb166da,a31c5fdc33ed7e91582b2a4293feefbf5ade147a061f1a5d00ba17f8dedba0e5,2086eeb39ccbdd8a5f8d2f47d45827d0df380959947b3434a00b7dc76353efe7,f3d89e0d804a3cbc648002deead376a18d64324166097474502d536cc617ec5f,4612076941740d13,e3e3ffffffffc081,0d4d061236938e86,e7e7e7fbdbcbe3c3,4612076941740d13,e3e3ffffffffc081,581,1360,external_family_55d31fc0cd2856c8a892,False,,True
flipkart_party,TOPEYHHWTQ59WEHB,flipkart_meta_b5fc4a391b97afdb,Paprika Party Sleeveless Solid Women's Top,Tops,Party,"[""Party""]",source_exact_occasion,http://www.flipkart.com/paprika-party-sleeveless-solid-women-s-top/p/itmeyhhwgwtzz8hz?pid=TOPEYHHWTQ59WEHB,http://img5a.flixcart.com/image/top/u/b/e/pfest1424-paprika-xl-original-imaeyrp3sywv3pkr.jpeg,data/external/rare_usage_20260906/flipkart_party/originals/TOPEYHHWTQ59WEHB.image,668bf23faf02647202d9557b8e0f7f9cf0e38007ab652fa49d2890d77079c23e,3648,5472,Publisher metadata CC BY-SA 4.0; remote photo rights scope not established,f515aa1c0ed6194d2bcf8c2f56e1464a,"Clothing >> Women's Clothing >> Western Wear >> Shirts, Tops & Tunics >> Tops >> Paprika Tops","[{""key"": ""Sleeve"", ""value"": ""Sleeveless""}, {""key"": ""Number of Contents in Sales Package"", ""value"": ""Pack of 1""}, {""key"": ""Fabric"", ""value"": ""Viscose Knit""}, {""key"": ""Neck"", ""value"": ""Round Neck""}, {""key"": ""Pattern"", ""value"": ""Solid""}, {""key"": ""Ideal For"", ""value"": ""Women's""}, {""key"": ""Occasion"", ""value"": ""Party""}, {""value"": ""Machine Wash""}, {""value"": ""Top""}]","Flipkart Products, PromptCloud / PromptCloudHQ, version 1, via Kaggle",https://creativecommons.org/licenses/by-sa/4.0/,https://www.kaggle.com/datasets/PromptCloudHQ/flipkart-products,,,,,,,,flipkart_party:TOPEYHHWTQ59WEHB,keep,model_worn_outfit_context,,668bf23faf02647202d9557b8e0f7f9cf0e38007ab652fa49d2890d77079c23e,494469494fdaea22fa1f680fd41a8ed06ab8e001869df8c7c601a7ddfec1f026,014a75ff606028292a06e86ecc351ea5d6ef967427859999527af88062c66d15,bbcf67496b9f653272f8a5c55ca77244283b694cb3ad62b771bc28228568fe1c,4d5797b70f1f1f27,e7e3c3c3c3c3c3c3,4d4d97978f1f9f8f,e7e7c3c3c7c7c3c3,4dd797b70f1f1f2f,e7e7c3c3c3c3c3c3,3648,5472,external_family_ddf94d38e53d4a5173f9,False,,True
flipkart_party,TOPEC89ZP7VSJGZK,flipkart_meta_b6757adb0835ff97,Svt Ada Collections Party 3/4 Sleeve Checkered Women's Top,Tops,Party,"[""Party""]",source_exact_occasion,http://www.flipkart.com/svt-ada-collections-party-3-4-sleeve-checkered-women-s-top/p/itmec89zyhquhkgf?pid=TOPEC89ZP7VSJGZK,http://img6a.flixcart.com/image/top/g/z/k/1-1-svt09150178-02-svt-ada-collections-free-original-imaec4duwhrggqtk.jpeg,data/external/rare_usage_20260906/flipkart_party/originals/TOPEC89ZP7VSJGZK.image,73b4e0e978bd2c80180c3be51d6cfe16ea3068a69168709802d3fcaf0bab35a8,447,1464,Publisher metadata CC BY-SA 4.0; remote photo rights scope not established,7bcfca5a3c50bf05697a42464206e2f0,"Clothing >> Women's Clothing >> Western Wear >> Shirts, Tops & Tunics >> Tops >> Svt Ada Collections Tops","[{""key"": ""Ideal For"", ""value"": ""Women's""}, {""key"": ""Occasion"", ""value"": ""Party""}, {""key"": ""Pattern"", ""value"": ""Checkered""}, {""key"": ""Type"", ""value"": ""Top""}, {""key"": ""Fabric"", ""value"": ""Polyester""}, {""key"": ""Neck"", ""value"": ""Boat Neck""}, {""key"": ""Sleeve"", ""value"": ""3/4 Sleeve""}, {""key"": ""Belt Included"", ""value"": ""No""}, {""key"": ""Number of Contents in Sales Package"", ""value"": ""Pack of 1""}, {""value"": ""Wash With Similar Colors, Use Detergent For Colors""}, {""value"": ""1 Top""}]","Flipkart Products, PromptCloud / PromptCloudHQ, version 1, via Kaggle",https://creativecommons.org/licenses/by-sa/4.0/,https://www.kaggle.com/datasets/PromptCloudHQ/flipkart-products,,,,,,,,flipkart_party:TOPEC89ZP7VSJGZK,withhold,model_worn_outfit_context;mapped_top_or_tunic_has_dress_like_presentation_review_type,Collage or unresolved source product-type mismatch,73b4e0e978bd2c80180c3be51d6cfe16ea3068a69168709802d3fcaf0bab35a8,aa46d977891f806bf807365ab26888ac3877e80010ea09b07e3dbb67d06af02b,9e52ed28278779a18e26936945e30ec34a81729943f96935653873f5fee9cdf8,b99fd2f6cc545deb59c758b9f46e8a1468c05f64577f4596c495e076f77c4bef,0b1b370f2b66363d,ebc180c18193ffc7,0d4f0e4e0d8d4d4c,e7e3c3e7e7c7ffe7,0b1b370f2b66363d,ebc180c18193ffc7,447,1464,external_family_e4f207c3ba287fdf1090,False,Collage or unresolved source product-type mismatch,False
flipkart_party,BRAE9Y5V963WTTNW,flipkart_meta_b7b89167779fba9e,Glus Front Open Women's Balconette Bra,Bra,Party,"[""Party""]",source_exact_occasion,http://www.flipkart.com/glus-front-open-women-s-balconette-bra/p/itme9y5v48ygbqxx?pid=BRAE9Y5V963WTTNW,http://img5a.flixcart.com/image/bra/t/p/b/n-9448pk-glus-36c-1000x1000-imae9xfyjndvy7zr.jpeg,data/external/rare_usage_20260906/flipkart_party/originals/BRAE9Y5V963WTTNW.image,ac2abecfb5a9a54c5577540414654132a5159e70ab35711453651c0695dfa3ea,1000,980,Publisher metadata CC BY-SA 4.0; remote photo rights scope not established,1bfddb13757b2c4c9be38e746056f49c,"Clothing >> Women's Clothing >> Lingerie, Sleep & Swimwear >> Bras >> Glus Bras","[{""key"": ""Brand Color"", ""value"": ""Neon Pink""}, {""key"": ""color"", ""value"": ""Pink""}, {""key"": ""Pattern"", ""value"": ""Solid""}, {""key"": ""Ideal For"", ""value"": ""Women's""}, {""key"": ""Occasion"", ""value"": ""Party""}, {""key"": ""Wire Support"", ""value"": ""Underwire""}, {""key"": ""Inner Lining"", ""value"": ""Polyamide""}, {""key"": ""Straps"", ""value"": ""Multiway""}, {""key"": ""Detachable Straps"", ""value"": ""Yes""}, {""key"": ""Other Bra Details"", ""value"": ""Front Open and Back open. Zircon Studded metal lock at front and 2HOOK-3EYE back enclosure.""}, {""key"": ""Number of Contents in Sales Package"", ""value"": ""Pack of 1""}, {""key"": ""Cup Type"", ""value"": ""Pushup Molded Cups""}, {""key"": ""Fabric"", ""value"": ""80% Polyamide,20% Elastane""}, {""key"": ""Type"", ""value"": ""Balconette Bra""}, {""key"": ""Seam Type"", ""value"": ""Seamless""}, {""key"": ""Design"", ""value"": ""Balconette Underwire T-shirt Bra with dual open. Front open and Back open. Zircon Studded metal lock at front .Pushup Underwire Bra. Seamless - No Show through.Enhance your cleavage !""}, {""value"": ""Gentle Machine Wash in Lukewarm Water, Do Not Bleach""}, {""value"": ""Soft Pushup Seamless Bra. Detachable straps to wear it Criss-Cross way.Funky Neon Colors""}, {""value"": ""Bra""}]","Flipkart Products, PromptCloud / PromptCloudHQ, version 1, via Kaggle",https://creativecommons.org/licenses/by-sa/4.0/,https://www.kaggle.com/datasets/PromptCloudHQ/flipkart-products,,,,,,,,flipkart_party:BRAE9Y5V963WTTNW,keep,single_product_presentation,,ac2abecfb5a9a54c5577540414654132a5159e70ab35711453651c0695dfa3ea,1278920116dc31f929529248c7a6a4f041f6359e62746337ff610310c949a604,8ca32a00f21d57e97cdbf2d83a0f42a04bacf888a61adc8a3fb6d76678545a51,1278920116dc31f929529248c7a6a4f041f6359e62746337ff610310c949a604,4040e0d469f07171,ffffffff3c180000,4040e0c861707100,fffffffe3c0000ff,4040e0d469f07171,ffffffff3c180000,1000,980,external_family_d463581519fbf46f61d5,False,,True
flipkart_party,SNDEARQA4U9GY6TG,flipkart_meta_b8ed92a12930fc90,Hitanksha Harshit Women Wedges,Heels,Party,"[""Party""]",source_exact_occasion,http://www.flipkart.com/hitanksha-harshit-women-wedges/p/itmearqagg2ys2de?pid=SNDEARQA4U9GY6TG,http://img6a.flixcart.com/image/sandal/j/p/8/red-man-ww-hitanksha-harshit-9-original-imaearjhjyhvarkz.jpeg,data/external/rare_usage_20260906/flipkart_party/originals/SNDEARQA4U9GY6TG.image,dcbf7e2fad6ef3270d233f0746fc77ebec948fb9570c5da3dfcd4b7289cd8b8a,3095,2411,Publisher metadata CC BY-SA 4.0; remote photo rights scope not established,ef27a3eb0469e764d9fb63fa9913ffb6,Footwear >> Women's Footwear >> Wedges,"[{""key"": ""Occasion"", ""value"": ""Party""}, {""key"": ""Ideal For"", ""value"": ""Women""}, {""key"": ""Type"", ""value"": ""Wedges""}, {""key"": ""Heel Height"", ""value"": ""3 inch""}, {""key"": ""Outer Material"", ""value"": ""Artificial Leather""}, {""key"": ""Color"", ""value"": ""Red""}]","Flipkart Products, PromptCloud / PromptCloudHQ, version 1, via Kaggle",https://creativecommons.org/licenses/by-sa/4.0/,https://www.kaggle.com/datasets/PromptCloudHQ/flipkart-products,,,,,,,,flipkart_party:SNDEARQA4U9GY6TG,keep,single_product_presentation,,dcbf7e2fad6ef3270d233f0746fc77ebec948fb9570c5da3dfcd4b7289cd8b8a,48a9f75240b3c6bba1c45ec33c26051dff81bfebe7a17b6a237c0f167454f15f,bcc83c30d6b934718a0df962d52aae6a9ef9c4aae53e428a26e2703ca88833fe,9d913eb49dd1816cab96e095d6f12e388b03037f5cd650516af67ea39aa23249,68605a5a6e8e1b0f,ffbf2f0fa7c7c3e3,8020745a2e8f4f00,ffffbf0f87c3e3ff,68605a5a6e8e1b0f,ffbf2f0fa7c7c3e3,3095,2411,external_family_ef751d040196824ada6c,False,,True
flipkart_party,KTAEJHDKFWHH7YC8,flipkart_meta_bd2e1f4df2b6c4c2,AaliyaB Embellished Women's Flared Kurta,Kurtas,Party,"[""Party""]",source_exact_occasion,http://www.flipkart.com/aaliyab-embellished-women-s-flared-kurta/p/itmejhdkws3tuwwz?pid=KTAEJHDKFWHH7YC8,http://img6a.flixcart.com/image/kurta/y/c/8/kareena-aaliyab-xl-original-imaejfqskdsagzmx.jpeg,data/external/rare_usage_20260906/flipkart_party/originals/KTAEJHDKFWHH7YC8.image,bf31644c7090086acc0f2e9f4975bfd819074dd7377d93ca84e2ec6e2cd2f6bf,1200,2133,Publisher metadata CC BY-SA 4.0; remote photo rights scope not established,e97b4e7e38bb73056bb1f592f10da48f,Clothing >> Women's Clothing >> Ethnic Wear >> Kurtas & Kurtis >> Kurtas >> AaliyaB Kurtas >> AaliyaB Embellished Women's Flared Kurta,"[{""key"": ""Sleeve"", ""value"": ""3/4 sleeve""}, {""key"": ""Number of Contents in Sales Package"", ""value"": ""Pack of 1""}, {""key"": ""Fabric"", ""value"": ""cotton""}, {""key"": ""Type"", ""value"": ""Flared""}, {""key"": ""Neck"", ""value"": ""V coller""}, {""key"": ""Pattern"", ""value"": ""Embellished""}, {""key"": ""Occasion"", ""value"": ""Party""}, {""key"": ""Ideal For"", ""value"": ""Women's""}, {""value"": ""1 Long Kurta""}, {""key"": ""Other Details"", ""value"": ""Original""}, {""key"": ""Style Code"", ""value"": ""Kareena""}, {""value"": ""wash in luke warm water""}]","Flipkart Products, PromptCloud / PromptCloudHQ, version 1, via Kaggle",https://creativecommons.org/licenses/by-sa/4.0/,https://www.kaggle.com/datasets/PromptCloudHQ/flipkart-products,,,,,,,,flipkart_party:KTAEJHDKFWHH7YC8,keep,model_worn_outfit_context,,bf31644c7090086acc0f2e9f4975bfd819074dd7377d93ca84e2ec6e2cd2f6bf,b57191094f26d2109e71c6b9d4475346a6e999887129e27e3e6bbd19b6532ac0,ae8767072b9c48d22f59e88b63cd771cb8b463a5898b2c9ea86175e7a189556f,6c7b341bb38ed20718b0e130607d7840dc567a667d0a0ac034ad147b08ced9db,9a9a2d3e0d2d1d95,efcf8787c787c7ff,5b1b8d1d9d8d1d4d,efcfc7c7c7c7c7ff,9c176b2927251b09,eff78101818189ff,1200,2133,external_family_907b8853259643dfa59f,False,,True
flipkart_party,TOPEHZNZ9YZYYAPU,flipkart_meta_beec7df65a1af4c5,Satovira Party Sleeveless Solid Women's Top,Tops,Party,"[""Party""]",source_exact_occasion,http://www.flipkart.com/satovira-party-sleeveless-solid-women-s-top/p/itmehznzwzbzczt9?pid=TOPEHZNZ9YZYYAPU,http://img6a.flixcart.com/image/top/j/s/v/layered-blue-satovira-xl-original-imaehznjn2rjtjas.jpeg,data/external/rare_usage_20260906/flipkart_party/originals/TOPEHZNZ9YZYYAPU.image,d14a6985a40caae3efab448e6933acf421d457b86425fc0342453db12ecef346,2995,4493,Publisher metadata CC BY-SA 4.0; remote photo rights scope not established,81238bec1c1d0869cac3661654a2da2b,"Clothing >> Women's Clothing >> Western Wear >> Shirts, Tops & Tunics >> Tops >> Satovira Tops >> Satovira Party Sleeveless Solid Women's Top","[{""key"": ""Sleeve"", ""value"": ""Sleeveless""}, {""key"": ""Number of Contents in Sales Package"", ""value"": ""Pack of 1""}, {""key"": ""Fabric"", ""value"": ""Georgette""}, {""key"": ""Type"", ""value"": ""Top""}, {""key"": ""Neck"", ""value"": ""Round Neck""}, {""key"": ""Pattern"", ""value"": ""Solid""}, {""key"": ""Occasion"", ""value"": ""Party""}, {""key"": ""Ideal For"", ""value"": ""Women's""}, {""value"": ""Hand Wash. Wash with similar colours, Use detergent for colours""}]","Flipkart Products, PromptCloud / PromptCloudHQ, version 1, via Kaggle",https://creativecommons.org/licenses/by-sa/4.0/,https://www.kaggle.com/datasets/PromptCloudHQ/flipkart-products,,,,,,,,flipkart_party:TOPEHZNZ9YZYYAPU,keep,model_worn_outfit_context,,d14a6985a40caae3efab448e6933acf421d457b86425fc0342453db12ecef346,78919149f8b81076d46f1ab1861d78db8b893a34bdb7f9de40016dd1ed5c6928,17408a667ca10c2064b9e1e0b7aa4c534b64911ffcd51b7b408772ac4390b358,78919149f8b81076d46f1ab1861d78db8b893a34bdb7f9de40016dd1ed5c6928,4c96172b2b2b39b9,e7c3c3998181dddd,4d96172b233bbbbb,e7c3c3db8383dfdf,4c96172b2b2b39b9,e7c3c3998181dddd,2995,4493,external_family_79b32406b0d8bbc4c9d4,False,,True
flipkart_party,SNDEDB2FPSNFBUTU,flipkart_meta_c88de987c9abc88e,Wellworth Women Heels,Heels,Party,"[""Party""]",source_exact_occasion,http://www.flipkart.com/wellworth-women-heels/p/itmedb2gsshe92tn?pid=SNDEDB2FPSNFBUTU,http://img6a.flixcart.com/image/sandal/r/7/d/beige-ww1053-wellworth-36-original-imaedavzesqaeyqf.jpeg,data/external/rare_usage_20260906/flipkart_party/originals/SNDEDB2FPSNFBUTU.image,13b1b0605a78a471fa77c648c8926cb1ea80fd9319ce6e3e51cfa8d42d82acfd,927,1115,Publisher metadata CC BY-SA 4.0; remote photo rights scope not established,c9eff1652571439459d0298b7179255e,Footwear >> Women's Footwear >> Heels,"[{""key"": ""Ideal For"", ""value"": ""Women""}, {""key"": ""Occasion"", ""value"": ""Party""}, {""key"": ""Sole Material"", ""value"": ""Rubber""}, {""key"": ""Closure"", ""value"": ""SLIP ON""}, {""key"": ""Number of Contents in Sales Package"", ""value"": ""Pack of 1""}, {""key"": ""Weight"", ""value"": ""350 g (per single Sandal) - Weight of the product may vary depending on size.""}, {""key"": ""Type"", ""value"": ""Heels""}, {""key"": ""Heel Height"", ""value"": ""5 inch""}, {""key"": ""Outer Material"", ""value"": ""Resin""}, {""key"": ""Color"", ""value"": ""Beige""}, {""key"": ""Care Instructions"", ""value"": ""Wipe with a clean, dry cloth when needed""}, {""value"": ""2 Sandals""}]","Flipkart Products, PromptCloud / PromptCloudHQ, version 1, via Kaggle",https://creativecommons.org/licenses/by-sa/4.0/,https://www.kaggle.com/datasets/PromptCloudHQ/flipkart-products,,,,,,,,flipkart_party:SNDEDB2FPSNFBUTU,keep,single_product_presentation,,13b1b0605a78a471fa77c648c8926cb1ea80fd9319ce6e3e51cfa8d42d82acfd,b7209aeda3cbe8362fdcbe7db5b1cc4d788a50ba03e128c7df648765d5820002,736cac15a7884762d18a6be88376500cae8a677a0f66bcea78939e05d615e0c2,78b80893d35a66ab62382bb44e6b25bcbd56c2ded2030a1d3e3b0a50dbe8e301,68341b4c4b434307,bf9f8f272121e1e3,6834194c4b434306,bf9f8f272121e1f7,643a994e45494103,9f9fcfa7a1a0e0e1,927,1115,external_family_549e39ecfdd177dd9e0e,False,,True
flipkart_party,DREE6TUDFCEGGVWM,flipkart_meta_c984f407587d1450,Tiny Toon Girl's Gathered Red Dress,Dresses,Party,"[""Party""]",source_exact_occasion,http://www.flipkart.com/tiny-toon-girl-s-gathered-red-dress/p/itme6tudaz7efztp?pid=DREE6TUDFCEGGVWM,http://img5a.flixcart.com/image/dress/e/j/r/f5055-tiny-toon-9-10-years-1000x1000-imae6tr34hhwhgpf.jpeg,data/external/rare_usage_20260906/flipkart_party/originals/DREE6TUDFCEGGVWM.image,c6873e09e761b065b70589a8af9653c82212930203e1028016b4544d00576b5b,511,1000,Publisher metadata CC BY-SA 4.0; remote photo rights scope not established,a8b04b8f1263a0a250dbae59a4182dd5,Clothing >> Kids' Clothing >> Girls Wear >> Dresses & Skirts >> Dresses >> Tiny Toon Dresses >> Tiny Toon Girl's Gathered Red Dress,"[{""value"": ""1 Dress""}, {""key"": ""Length"", ""value"": ""Maxi/Full Length""}, {""key"": ""Pattern"", ""value"": ""Self Design""}, {""key"": ""Ideal For"", ""value"": ""Girl's""}, {""key"": ""Occasion"", ""value"": ""Party""}, {""key"": ""Sleeve"", ""value"": ""Sleeveless""}, {""key"": ""Fabric"", ""value"": ""Synthetic""}, {""key"": ""Type"", ""value"": ""Gathered""}, {""key"": ""Style"", ""value"": ""Western""}]","Flipkart Products, PromptCloud / PromptCloudHQ, version 1, via Kaggle",https://creativecommons.org/licenses/by-sa/4.0/,https://www.kaggle.com/datasets/PromptCloudHQ/flipkart-products,,,,,,,,flipkart_party:DREE6TUDFCEGGVWM,keep,model_worn_outfit_context,,c6873e09e761b065b70589a8af9653c82212930203e1028016b4544d00576b5b,f1e54263346d48ba12af73bb3f3d21731a852d74cff664ef28b9a18aac05a3d5,efa76363d8d14ae9c3b4368e1094755400adaff33cc5c2c7bc71a8b38359fea8,f1e54263346d48ba12af73bb3f3d21731a852d74cff664ef28b9a18aac05a3d5,4f4e87070b110f0c,e7e7e3c18000c1ff,4d4d4e0f07330f0c,e7e7e3c3c381c3f7,4f4e87070b110f0c,e7e7e3c18000c1ff,511,1000,external_family_1a6da5d6104ef2202d5f,False,,True
flipkart_party,BRAED6G6TVPF94CV,flipkart_meta_c9fbfdc7bbb45b64,Glus Frontopen Women's Push-up Bra,Bra,Party,"[""Party""]",source_exact_occasion,http://www.flipkart.com/glus-frontopen-women-s-push-up-bra/p/itmed6g5jxxcxysb?pid=BRAED6G6TVPF94CV,http://img6a.flixcart.com/image/bra/5/2/x/gpf9448pk-glus-34b-1000x1000-imaed6a2v4aedrsx.jpeg,data/external/rare_usage_20260906/flipkart_party/originals/BRAED6G6TVPF94CV.image,50643c96637c5e658aa53de571a00c972e734ca86147099fcc7455aabf0e4bd7,1000,993,Publisher metadata CC BY-SA 4.0; remote photo rights scope not established,96b28f917a5039948586d60e1d3ee60a,"Clothing >> Women's Clothing >> Lingerie, Sleep & Swimwear >> Bras >> Glus Bras","[{""key"": ""Brand Color"", ""value"": ""Pink""}, {""key"": ""color"", ""value"": ""Pink""}, {""key"": ""Pattern"", ""value"": ""Solid""}, {""key"": ""Occasion"", ""value"": ""Party""}, {""key"": ""Ideal For"", ""value"": ""Women's""}, {""key"": ""Inner Lining"", ""value"": ""Spandex""}, {""key"": ""Wire Support"", ""value"": ""Underwire""}, {""key"": ""Other Bra Details"", ""value"": ""Seamless -T-Shirt- Front Open Bra""}, {""key"": ""Detachable Straps"", ""value"": ""Yes""}, {""key"": ""Straps"", ""value"": ""Multiway""}, {""key"": ""Number of Contents in Sales Package"", ""value"": ""Pack of 1""}, {""key"": ""Cup Type"", ""value"": ""Soft Pushup Molded Cups""}, {""key"": ""Fabric"", ""value"": ""85% Polyamide, 15% Spandex""}, {""key"": ""Seam Type"", ""value"": ""Seamless""}, {""key"": ""Type"", ""value"": ""Push-up Bra""}, {""key"": ""Design"", ""value"": ""Balcoentte Underwire Pushup - Front Open Bra""}, {""value"": ""Bra""}, {""value"": ""Front Matel Lock For Easy To Open and Remove""}, {""value"": ""Gentle Machine Wash In Lukewarm Water, Do Not Bleach""}]","Flipkart Products, PromptCloud / PromptCloudHQ, version 1, via Kaggle",https://creativecommons.org/licenses/by-sa/4.0/,https://www.kaggle.com/datasets/PromptCloudHQ/flipkart-products,,,,,,,,flipkart_party:BRAED6G6TVPF94CV,keep,single_product_presentation,,50643c96637c5e658aa53de571a00c972e734ca86147099fcc7455aabf0e4bd7,e7c4a791b23a98b660d971e48fd69ad5cdd4294768ae0f834c225bc28088c9ed,bd4250b0448f236e3de0764b18e5ce3982ba240dcff3a48d7c34d8e3e7dfb1fc,e7c4a791b23a98b660d971e48fd69ad5cdd4294768ae0f834c225bc28088c9ed,c0c0c0d469f07373,ffffffff3c180018,40c0e0c4e1f17320,ffffffff3c0000ff,c0c0c0d469f07373,ffffffff3c180018,1000,993,external_family_2880d8845245f3cd599e,False,,True
flipkart_party,TOPEAP5VYCZKFHB3,flipkart_meta_cf18176f7bec3181,Habbana Party Sleeveless Solid Women's Top,Tops,Party,"[""Party""]",source_exact_occasion,http://www.flipkart.com/habbana-party-sleeveless-solid-women-s-top/p/itmeap5vpxrfkxfr?pid=TOPEAP5VYCZKFHB3,http://img5a.flixcart.com/image/top/h/b/3/1-1-hcb0231-habbana-xs-original-imaeanyjyv8c343r.jpeg,data/external/rare_usage_20260906/flipkart_party/originals/TOPEAP5VYCZKFHB3.image,7be8c52d4e67a19830922e2aab2adbe92dfd73a80b5d4a66d598d6d9fa406e12,696,1010,Publisher metadata CC BY-SA 4.0; remote photo rights scope not established,0f9b331bc9400474e182878acfab218b,"Clothing >> Women's Clothing >> Western Wear >> Shirts, Tops & Tunics >> Tops >> Habbana Tops","[{""key"": ""Sleeve"", ""value"": ""Sleeveless""}, {""key"": ""Number of Contents in Sales Package"", ""value"": ""Pack of 1""}, {""key"": ""Fabric"", ""value"": ""Polyester""}, {""key"": ""Type"", ""value"": ""Crop top""}, {""key"": ""Neck"", ""value"": ""Boat Neck""}, {""key"": ""Pattern"", ""value"": ""Solid""}, {""key"": ""Ideal For"", ""value"": ""Women's""}, {""key"": ""Occasion"", ""value"": ""Party""}, {""value"": ""1 Top""}]","Flipkart Products, PromptCloud / PromptCloudHQ, version 1, via Kaggle",https://creativecommons.org/licenses/by-sa/4.0/,https://www.kaggle.com/datasets/PromptCloudHQ/flipkart-products,,,,,,,,flipkart_party:TOPEAP5VYCZKFHB3,keep,model_worn_outfit_context,,7be8c52d4e67a19830922e2aab2adbe92dfd73a80b5d4a66d598d6d9fa406e12,1bae08ad16b834366e43958848f3ae09476a10e11b965a0509a1f581cc69413c,c02b218dee683424f4f290fc4596d2c78951896dabc6f347f8d8787d97607a53,e47af94d6887b9c7b18497fb8c6833490d9af70401da3011a3d8d500ae86086d,1a0d6437396b2725,cf87b78300008387,9a0f6c37336b2f25,cf8fb78381818387,1a6d6437797b2725,cfa7b78300818397,696,1010,external_family_324865f79d4a6a09acea,False,,True
flipkart_party,SHOEARZJRN6RGQR6,flipkart_meta_d26de5011f874223,Dorrissini Party Wear,Casual Shoes,Party,"[""Party""]",source_exact_occasion,http://www.flipkart.com/dorrissini-party-wear/p/itmearzjxnpjec2y?pid=SHOEARZJRN6RGQR6,http://img5a.flixcart.com/image/shoe/q/r/6/black-7931-dorrissini-44-original-imaeaqvjckhwztg4.jpeg,data/external/rare_usage_20260906/flipkart_party/originals/SHOEARZJRN6RGQR6.image,2fd47d93fa3fb5c1f0c9f93cdd62a3e840ab96e114317b9ea6dc197a7b0cbb08,1217,704,Publisher metadata CC BY-SA 4.0; remote photo rights scope not established,ef55ce0c58f251ade90faf7d491a22dd,Footwear >> Men's Footwear >> Casual Shoes >> Dorrissini Casual Shoes,"[{""key"": ""Occasion"", ""value"": ""Party""}, {""key"": ""Ideal For"", ""value"": ""Men""}, {""key"": ""Closure"", ""value"": ""Slip On""}, {""key"": ""Sole Material"", ""value"": ""PU""}, {""key"": ""Weight"", ""value"": ""980 g (per single Shoe) - Weight of the product may vary depending on size.""}, {""key"": ""Heel Height"", ""value"": ""0.5 inch""}, {""key"": ""Inner Material"", ""value"": ""Leather""}, {""key"": ""Outer Material"", ""value"": ""Genuine Leather""}, {""key"": ""Color"", ""value"": ""Black""}]","Flipkart Products, PromptCloud / PromptCloudHQ, version 1, via Kaggle",https://creativecommons.org/licenses/by-sa/4.0/,https://www.kaggle.com/datasets/PromptCloudHQ/flipkart-products,,,,,,,,flipkart_party:SHOEARZJRN6RGQR6,keep,single_product_presentation,,2fd47d93fa3fb5c1f0c9f93cdd62a3e840ab96e114317b9ea6dc197a7b0cbb08,59739d7833fc0522d7cc77c1f14c255438af1ac4635909e5dd6af13a88361dd0,fcbc77949e62e2ec1240f40f2d206e8d1282569346c71f238b6fb0718a6d3460,73ae1b28519ac6d267bd58915c7f140d9408eae860a281a84d40affb138c0722,5c7a7d3c3f1b1dc7,3f0f0f070301c0e1,3804797c1f034010,ffff0f0700e0ffff,5c7a7d3c3f1b1dc7,3f0f0f070301c0e1,1217,704,external_family_0139e16264fb8f216e43,False,,True
flipkart_party,SHTE89H7YX7GFGUZ,flipkart_meta_d522c829dc4c61e6,Oxolloxo Women's Solid Party Shirt,Shirts,Party,"[""Party""]",source_exact_occasion,http://www.flipkart.com/oxolloxo-women-s-solid-party-shirt/p/itme89h7z37fnguk?pid=SHTE89H7YX7GFGUZ,http://img5a.flixcart.com/image/shirt/b/m/w/ad0561sh0001-oxolloxo-xl-original-imae5ktnwcthzfzj.jpeg,data/external/rare_usage_20260906/flipkart_party/originals/SHTE89H7YX7GFGUZ.image,ca72cd21fb47b59014f672a4533a3b58e319d2d24aef0a51ae61c1c807caf97a,598,1381,Publisher metadata CC BY-SA 4.0; remote photo rights scope not established,ed4ee419d3ce533327a03bc5eb60e16a,"Clothing >> Women's Clothing >> Western Wear >> Shirts, Tops & Tunics >> Shirts >> Oxolloxo Shirts","[{""key"": ""Pattern"", ""value"": ""Solid""}, {""key"": ""Ideal For"", ""value"": ""Women's""}, {""key"": ""Occasion"", ""value"": ""Party""}, {""key"": ""Sleeve"", ""value"": ""Full Sleeve""}, {""key"": ""Number of Contents in Sales Package"", ""value"": ""Pack of 1""}, {""key"": ""Brand Fit"", ""value"": ""Regular""}, {""key"": ""Fabric"", ""value"": ""Polyester""}, {""key"": ""Fit"", ""value"": ""Regular""}, {""key"": ""Style Code"", ""value"": ""AD0561SH0001""}]","Flipkart Products, PromptCloud / PromptCloudHQ, version 1, via Kaggle",https://creativecommons.org/licenses/by-sa/4.0/,https://www.kaggle.com/datasets/PromptCloudHQ/flipkart-products,,,,,,,,flipkart_party:SHTE89H7YX7GFGUZ,keep,model_worn_outfit_context,,ca72cd21fb47b59014f672a4533a3b58e319d2d24aef0a51ae61c1c807caf97a,5d78a8d86e87901f4dab0cb0ffc0090ca8604388b3d3e58583662a6cb475c5ca,7c0a0481af710e2d5624d6cf4702891da6a1836bf12e262d2f26f00c2d02eb54,1c23d184eaddb6d6c199d18264e22b9e57fabc1b6af5dbff69b85bb3af585193,4b0b1b7575653f2f,ffff838000018083,0e4e9e9617361f9f,f7e7c3c3c3c3c3c3,4b0b1b7565653f2f,ffff838000018083,598,1381,external_family_ec088c5a9186906f4f8d,False,,True
flipkart_party,SNDEJGWQSWNHXXA3,flipkart_meta_d5b216c1128874e0,"Done By None Women, Girls Heels",Heels,Party,"[""Party""]",source_exact_occasion,http://www.flipkart.com/done-none-women-girls-heels/p/itmejgwqywntbrgn?pid=SNDEJGWQSWNHXXA3,http://img5a.flixcart.com/image/sandal/v/a/d/black-dbn-8903895051367-done-by-none-40-original-imaejfvksjmpnnuw.jpeg,data/external/rare_usage_20260906/flipkart_party/originals/SNDEJGWQSWNHXXA3.image,25f43ecacccd8c626ea06d0f84e46399899e1351a706b32b4ef4f54f2234316e,1160,1401,Publisher metadata CC BY-SA 4.0; remote photo rights scope not established,7891c1f8414fda115b4444f919ab7a7f,"Footwear >> Women's Footwear >> Heels >> Done By None Women, Girls Heels","[{""key"": ""Ideal For"", ""value"": ""Women Girls""}, {""key"": ""Occasion"", ""value"": ""Party""}, {""key"": ""Type"", ""value"": ""Heels""}, {""key"": ""Heel Height"", ""value"": ""3 inch""}, {""key"": ""Outer Material"", ""value"": ""Artificial Leather""}, {""key"": ""Color"", ""value"": ""Black""}]","Flipkart Products, PromptCloud / PromptCloudHQ, version 1, via Kaggle",https://creativecommons.org/licenses/by-sa/4.0/,https://www.kaggle.com/datasets/PromptCloudHQ/flipkart-products,,,,,,,,flipkart_party:SNDEJGWQSWNHXXA3,keep,single_product_presentation,,25f43ecacccd8c626ea06d0f84e46399899e1351a706b32b4ef4f54f2234316e,0f42c764125fef20743fed91f6d1b51fa987feae48ec7ac11b512be373fca195,9bb81db2420dda10b1343371a42d9f290563bcff0be8c97ed081d9573d9bc7b3,6c80400a717048f3700cecff3fff8d431fcb53451469c0d9bf5b23c8c7bc4b57,347c5a6d2c2f178d,9f1f0faf878781c0,34747a6d2c27158c,bf1f0faf8783c0e0,347c5a6d2c2f178d,9f1f0faf878781c0,1160,1401,external_family_812073a734904240ac1a,False,,True
flipkart_party,SHODX5QPXCXZZQHC,flipkart_meta_d5d1a2353a179077,Do Bhai Blue Loafers Loafers,Casual Shoes,Party,"[""Party""]",source_exact_occasion,http://www.flipkart.com/do-bhai-blue-loafers/p/itmdx5qpzqhwz9mb?pid=SHODX5QPXCXZZQHC,http://img6a.flixcart.com/image/shoe/b/g/n/blue-bk-do-bhai-38-1100x1360-imadx6fkzhbc5yhr.jpeg,data/external/rare_usage_20260906/flipkart_party/originals/SHODX5QPXCXZZQHC.image,6f6eef56e37a08c89823db4c5bd5f001b5ad16a8f8cdc5fbdd9cb264aff6a494,1100,760,Publisher metadata CC BY-SA 4.0; remote photo rights scope not established,31b2e2f8122b6313f8ae06a1b28852b6,Footwear >> Women's Footwear >> Casual Shoes >> Loafers,"[{""key"": ""Ideal For"", ""value"": ""Women""}, {""key"": ""Occasion"", ""value"": ""Party""}, {""key"": ""Heel Height"", ""value"": ""0 inch""}, {""key"": ""Outer Material"", ""value"": ""PU""}, {""key"": ""Color"", ""value"": ""Blue""}, {""value"": ""Loafers""}]","Flipkart Products, PromptCloud / PromptCloudHQ, version 1, via Kaggle",https://creativecommons.org/licenses/by-sa/4.0/,https://www.kaggle.com/datasets/PromptCloudHQ/flipkart-products,,,,,,,,flipkart_party:SHODX5QPXCXZZQHC,keep,single_product_presentation,,6f6eef56e37a08c89823db4c5bd5f001b5ad16a8f8cdc5fbdd9cb264aff6a494,602b46d764895cdb789986af6c9c5178c810e82e57dd35b63a46dced803b06af,4e002ae6b194983cde7c0ba53098355060800c385b6fea1200902989a52d7917,0b0f8b59ee7c534738b7d47bc38c8e6bb14226f327aa61f9213f2de0cc51ec45,5a4d2f3727038d40,efa7838381c1e7ff,64114c2f070d400d,ffff070381e7ffff,5a4d673737338d4c,ef27038181c0e5ff,1100,760,external_family_b8adea576e430e1b81c8,False,,True
flipkart_party,SHTE3WVSJMHBAKUA,flipkart_meta_d9abb14523a39994,Ishin Women's Solid Party Shirt,Shirts,Party,"[""Party""]",source_exact_occasion,http://www.flipkart.com/ishin-women-s-solid-party-shirt/p/itme3wvsxn4gvsym?pid=SHTE3WVSJMHBAKUA,http://img5a.flixcart.com/image/top/p/m/8/1-1-indwt-113-ishin-designer-studio-s-original-imae3hbrdur74bnj.jpeg,data/external/rare_usage_20260906/flipkart_party/originals/SHTE3WVSJMHBAKUA.image,4cb93b6dc2e0be1a4b79dd09cd6eb9ebc99935d397e853390c04bb12bf241b54,2046,5020,Publisher metadata CC BY-SA 4.0; remote photo rights scope not established,573710c3cff6df8d63346b5b3ab19487,"Clothing >> Women's Clothing >> Western Wear >> Shirts, Tops & Tunics >> Shirts >> Ishin Shirts","[{""key"": ""Pattern"", ""value"": ""Solid""}, {""key"": ""Ideal For"", ""value"": ""Women's""}, {""key"": ""Occasion"", ""value"": ""Party""}, {""key"": ""Sleeve"", ""value"": ""Full Sleeve""}, {""key"": ""Number of Contents in Sales Package"", ""value"": ""Pack of 1""}, {""key"": ""Brand Fit"", ""value"": ""Slim""}, {""key"": ""Fabric"", ""value"": ""Georgette""}, {""value"": ""1 Shirt""}, {""key"": ""Style Code"", ""value"": ""INDWT-113_M-A""}]","Flipkart Products, PromptCloud / PromptCloudHQ, version 1, via Kaggle",https://creativecommons.org/licenses/by-sa/4.0/,https://www.kaggle.com/datasets/PromptCloudHQ/flipkart-products,,,,,,,,flipkart_party:SHTE3WVSJMHBAKUA,keep,model_worn_outfit_context,,4cb93b6dc2e0be1a4b79dd09cd6eb9ebc99935d397e853390c04bb12bf241b54,c4be1c5a3038c07953ce72b299c57614a0dcea44de8c1f31996e8627818f00d6,f8ca9dd7316f2464dc19a82c2fbc52e9655dab9f2a67585ff2769e9851d5a78d,c4be1c5a3038c07953ce72b299c57614a0dcea44de8c1f31996e8627818f00d6,4b1b3329658b9316,e3e9d1dcbdc1c3c3,0f469696960e4d4d,e7e3e3c3c3c3e7e7,4b1b3329658b9316,e3e9d1dcbdc1c3c3,2046,5020,external_family_bd7c734ffe0b8f6cd81a,False,,True
flipkart_party,SNDE7NSTNHAEACGG,flipkart_meta_dd9a847b8bc8a7c2,Hepburnette Women Heels,Heels,Party,"[""Party""]",source_exact_occasion,http://www.flipkart.com/hepburnette-women-heels/p/itme7nstm6b9gw3q?pid=SNDE7NSTNHAEACGG,http://img5a.flixcart.com/image/sandal/v/y/g/black-hf00005-hepburnette-4-700x700-imae7ndvh7nkweeu.jpeg,data/external/rare_usage_20260906/flipkart_party/originals/SNDE7NSTNHAEACGG.image,3ca63268715594dc47553221bd9959c0aa780ca4301fcaac291689610597e998,700,695,Publisher metadata CC BY-SA 4.0; remote photo rights scope not established,346d083c678ea8bba2493834cd5e76cf,Footwear >> Women's Footwear >> Heels,"[{""key"": ""Ideal For"", ""value"": ""Women""}, {""key"": ""Occasion"", ""value"": ""Party""}, {""key"": ""Type"", ""value"": ""Heels""}, {""key"": ""Heel Height"", ""value"": ""4 inch""}, {""key"": ""Outer Material"", ""value"": ""Synthetic Leather""}, {""key"": ""Color"", ""value"": ""Black""}]","Flipkart Products, PromptCloud / PromptCloudHQ, version 1, via Kaggle",https://creativecommons.org/licenses/by-sa/4.0/,https://www.kaggle.com/datasets/PromptCloudHQ/flipkart-products,,,,,,,,flipkart_party:SNDE7NSTNHAEACGG,keep,single_product_presentation,,3ca63268715594dc47553221bd9959c0aa780ca4301fcaac291689610597e998,61465482be7b787ce1bd2a311656d9d79987f1ca79ad92f0de3b8782c546f371,e15647e5bf55155d9d5cade61a3f9ca546dc4aaeb69fe89d6a38ae2f85ab91ef,9673175fe8ff746c5e2749f1fb6580f263ff06dd5db3ead8f2c29e9c4db0b3d4,09132343171d1e3d,fdf8f0e1c387870f,051123831f1d1e21,fff9f0e1c18707ff,09132343173d1e3d,fdf8f0e1c387070f,700,695,external_family_d2c2bb0fa265df5ae85e,False,,True
flipkart_party,SHOECFF6RGVPAVP8,flipkart_meta_e0df2e116fae54fb,Pamphilos Casual Shoes,Casual Shoes,Party,"[""Party""]",source_exact_occasion,http://www.flipkart.com/pamphilos-casual-shoes/p/itmecff6rnyga5sq?pid=SHOECFF6RGVPAVP8,http://img6a.flixcart.com/image/shoe/v/p/8/tan-49-52-pamphilos-43-original-imaeapdqhmbhyyzd.jpeg,data/external/rare_usage_20260906/flipkart_party/originals/SHOECFF6RGVPAVP8.image,f8b2541ee6e6db6a9f31b234ed06e45dca0d853df8349c7ea90f52624f3de56d,1672,1373,Publisher metadata CC BY-SA 4.0; remote photo rights scope not established,5bd113568343fa5c5e260012458cccc6,Footwear >> Men's Footwear >> Casual Shoes >> Pamphilos Casual Shoes,"[{""key"": ""Occasion"", ""value"": ""Party""}, {""key"": ""Ideal For"", ""value"": ""Men""}, {""key"": ""Heel Height"", ""value"": ""1 inch""}, {""key"": ""Outer Material"", ""value"": ""Synthetic Leather""}, {""key"": ""Color"", ""value"": ""Tan""}]","Flipkart Products, PromptCloud / PromptCloudHQ, version 1, via Kaggle",https://creativecommons.org/licenses/by-sa/4.0/,https://www.kaggle.com/datasets/PromptCloudHQ/flipkart-products,,,,,,,,flipkart_party:SHOECFF6RGVPAVP8,keep,single_product_presentation,,f8b2541ee6e6db6a9f31b234ed06e45dca0d853df8349c7ea90f52624f3de56d,83100488a47af85d879c966a60ff68eeb52bcb477579814d2f79eeec4949f536,f584e39c304902616347d9ea2b237ef286321ac258bb00aeea47edacd15c201b,99b022ff25c7c52f008fe72403a74e4f3322876fc97ee99e7a4c93df589325a6,5a5a4d6d66bb5903,8f8f8707030100e1,005a596e274b07a0,ff9f0f070300ffff,5a5a4d6d66bb5907,8f8f8707030100e1,1672,1373,external_family_6db2aa51092eeb7cf3f2,False,,True
flipkart_party,TOPE4QK44FNX6PY5,flipkart_meta_e4e59e7176067e3c,Elisabetta Bartolli Party Short Sleeve Solid Women's Top,Tops,Party,"[""Party""]",source_exact_occasion,http://www.flipkart.com/elisabetta-bartolli-party-short-sleeve-solid-women-s-top/p/itme4qk4u2a4dfbg?pid=TOPE4QK44FNX6PY5,http://img5a.flixcart.com/image/top/d/z/g/1-1-301503-elisabetta-bartolli-s-original-imae4pw8hkdmvpdb.jpeg,data/external/rare_usage_20260906/flipkart_party/originals/TOPE4QK44FNX6PY5.image,68fbe8e1f6e07bc5ca399578ce79dad1cd84c6ca90757c687fe290d923f3101a,867,1663,Publisher metadata CC BY-SA 4.0; remote photo rights scope not established,873dd9a81b6ea6a8acf59019d9ec291c,"Clothing >> Women's Clothing >> Western Wear >> Shirts, Tops & Tunics >> Tops >> Elisabetta Bartolli Tops","[{""key"": ""Ideal For"", ""value"": ""Women's""}, {""key"": ""Occasion"", ""value"": ""Party""}, {""key"": ""Pattern"", ""value"": ""Solid""}, {""key"": ""Fabric"", ""value"": ""100% Polyester""}, {""key"": ""Design"", ""value"": ""Emroidered""}, {""key"": ""Sleeve"", ""value"": ""Short Sleeve""}, {""key"": ""Closure"", ""value"": ""Button""}, {""key"": ""Belt Included"", ""value"": ""No""}, {""key"": ""Number of Contents in Sales Package"", ""value"": ""Pack of 1""}]","Flipkart Products, PromptCloud / PromptCloudHQ, version 1, via Kaggle",https://creativecommons.org/licenses/by-sa/4.0/,https://www.kaggle.com/datasets/PromptCloudHQ/flipkart-products,,,,,,,,flipkart_party:TOPE4QK44FNX6PY5,keep,model_worn_outfit_context,,68fbe8e1f6e07bc5ca399578ce79dad1cd84c6ca90757c687fe290d923f3101a,4ad7d105382ae84818bb2bae56b84f14a1374158dbd00fba4aaad137fc1d63d7,7de610a0ee0f0f07818b8fdf5e090554b7cd988b7c990bb81ca86d2af3c71144,4ad7d105382ae84818bb2bae56b84f14a1374158dbd00fba4aaad137fc1d63d7,8f2c6f5d7d2e1c18,cfc7830507878fff,1e8c2e3b3b3d1d98,efc783818787cfff,8f2c6f5d7d2e1c18,cfc7830507878fff,867,1663,external_family_c3eab2853302f040e207,False,,True
flipkart_party,SHTE6SDPZKKHZWK4,flipkart_meta_e61cf73af34a74a9,Femella Women's Printed Party Shirt,Shirts,Party,"[""Party""]",source_exact_occasion,http://www.flipkart.com/femella-women-s-printed-party-shirt/p/itme6sdpkgjk8jk5?pid=SHTE6SDPZKKHZWK4,http://img6a.flixcart.com/image/shirt/y/v/u/ds-700704-456-pea-femella-m-original-imae6s7aakm3czev.jpeg,data/external/rare_usage_20260906/flipkart_party/originals/SHTE6SDPZKKHZWK4.image,1bbc73cb1d22d2548384defd01ee1f7a737871a3d029721320dca6a98499b6a5,644,1430,Publisher metadata CC BY-SA 4.0; remote photo rights scope not established,04f5213445925b888da2dcce62961dfa,"Clothing >> Women's Clothing >> Western Wear >> Shirts, Tops & Tunics >> Shirts >> Femella Shirts","[{""key"": ""Pattern"", ""value"": ""Printed""}, {""key"": ""Ideal For"", ""value"": ""Women's""}, {""key"": ""Occasion"", ""value"": ""Party""}, {""key"": ""Pleats"", ""value"": ""Pleats At Front""}, {""key"": ""Sleeve"", ""value"": ""Sleeveless""}, {""key"": ""Closure"", ""value"": ""Button""}, {""key"": ""Number of Contents in Sales Package"", ""value"": ""Pack of 1""}, {""key"": ""Brand Fit"", ""value"": ""Regular Fit""}, {""key"": ""Fabric"", ""value"": ""Chambray""}, {""key"": ""Collar"", ""value"": ""Pointed Collar""}, {""key"": ""Type"", ""value"": ""crop shirt""}, {""key"": ""Fit"", ""value"": ""Regular""}, {""key"": ""Placket"", ""value"": ""Button Down Placket""}, {""key"": ""Design"", ""value"": ""Flowers""}, {""value"": ""Gentle Machine Wash in Lukewarm Water, Do Not Bleach""}, {""value"": ""1 Shirt""}, {""key"": ""Style Code"", ""value"": ""DS-700704/456/PEA""}]","Flipkart Products, PromptCloud / PromptCloudHQ, version 1, via Kaggle",https://creativecommons.org/licenses/by-sa/4.0/,https://www.kaggle.com/datasets/PromptCloudHQ/flipkart-products,,,,,,,,flipkart_party:SHTE6SDPZKKHZWK4,keep,model_worn_outfit_context,,1bbc73cb1d22d2548384defd01ee1f7a737871a3d029721320dca6a98499b6a5,066a6ade929e39a1f8f4bcc30112f83531f164916f91b4447e5e02c8b8e438b9,0e8a20338ac91c1ded43eba222a0bf2129638de8956acf7001dc5fd82592d8f6,066a6ade929e39a1f8f4bcc30112f83531f164916f91b4447e5e02c8b8e438b9,46832e7199694373,e3e3a71c409dfd91,07068f330b933696,e3e3c3cb83c3fbc3,46832e7199694373,e3e3a71c409dfd91,644,1430,external_family_b0b3c1716e083a10abb5,False,,True
flipkart_party,SHTEDFFJMHZWSYT2,flipkart_meta_e8cb27038b9c0bab,Van Heusen Men's Printed Party Shirt,Shirts,Party,"[""Party""]",source_exact_occasion,http://www.flipkart.com/van-heusen-men-s-printed-party-shirt/p/itmedffjhmsewsub?pid=SHTEDFFJMHZWSYT2,http://img6a.flixcart.com/image/shirt/y/t/2/vdsf515e06579-van-heusen-39-original-imaedctdjdtphhuq.jpeg,data/external/rare_usage_20260906/flipkart_party/originals/SHTEDFFJMHZWSYT2.image,6fc37e2c8f96b8d7666beb1035cd48d179743b6d9bcd437f57f6b58949ebf662,695,1442,Publisher metadata CC BY-SA 4.0; remote photo rights scope not established,ad50773192afcbe6a76a5ea3ea3c9d43,Clothing >> Men's Clothing >> Shirts >> Casual & Party Wear Shirts >> Van Heusen Casual & Party Wear Shirts,"[{""key"": ""Pattern"", ""value"": ""Printed""}, {""key"": ""Occasion"", ""value"": ""Party""}, {""key"": ""Ideal For"", ""value"": ""Men's""}, {""key"": ""Sleeve"", ""value"": ""Full Sleeve""}, {""key"": ""Number of Contents in Sales Package"", ""value"": ""Pack of 1""}, {""key"": ""Brand Fit"", ""value"": ""Slim""}, {""key"": ""Fabric"", ""value"": ""100% Cotton""}, {""key"": ""Fit"", ""value"": ""Slim""}, {""key"": ""Style Code"", ""value"": ""VDSF515E06579""}]","Flipkart Products, PromptCloud / PromptCloudHQ, version 1, via Kaggle",https://creativecommons.org/licenses/by-sa/4.0/,https://www.kaggle.com/datasets/PromptCloudHQ/flipkart-products,,,,,,,,flipkart_party:SHTEDFFJMHZWSYT2,keep,model_worn_outfit_context,,6fc37e2c8f96b8d7666beb1035cd48d179743b6d9bcd437f57f6b58949ebf662,42f5a4e091ac83ebc2fcf567733957275254e6f3947c766c7d282eb36a00cf2d,ce967873c1398e5eaeb8db5cfb72d51b230260a80c4ba032b9cec80702c4aefc,5e28008a7fcbc1f71767e2a9523f52a7dbb0149c934d82276b4c15c2b36a2996,0706076916360f17,ffff81000083c3c3,0d0d0f332b1f8f96,e7ffc38381c3c3c3,0706076996360f17,ffff81000083c3c3,695,1442,external_family_a0810ee63ce59c7487d8,False,,True
flipkart_party,SHTE8VQHTDXGV5TM,flipkart_meta_e9196bd7253382d0,Harpa Women's Solid Party Shirt,Shirts,Party,"[""Party""]",source_exact_occasion,http://www.flipkart.com/harpa-women-s-solid-party-shirt/p/itme8vqhntswcgfu?pid=SHTE8VQHTDXGV5TM,http://img5a.flixcart.com/image/shirt/5/t/m/gr2719white-harpa-xl-original-imae8uqdghcvqgzz.jpeg,data/external/rare_usage_20260906/flipkart_party/originals/SHTE8VQHTDXGV5TM.image,8fe9692faa139965c92c2088beed656ff7fd8b1a258bdd2e964d44cd816d993f,693,1492,Publisher metadata CC BY-SA 4.0; remote photo rights scope not established,96543c1d32bf4c2e9824e3c94f755dc6,"Clothing >> Women's Clothing >> Western Wear >> Shirts, Tops & Tunics >> Shirts >> Harpa Shirts","[{""key"": ""Pattern"", ""value"": ""Solid""}, {""key"": ""Ideal For"", ""value"": ""Women's""}, {""key"": ""Occasion"", ""value"": ""Party""}, {""key"": ""Knit Type"", ""value"": ""1 Top""}, {""key"": ""Sleeve"", ""value"": ""Full Sleeve""}, {""key"": ""Number of Contents in Sales Package"", ""value"": ""Pack of 1""}, {""key"": ""Brand Fit"", ""value"": ""Regular""}, {""key"": ""Fabric"", ""value"": ""Crepe""}, {""key"": ""Fit"", ""value"": ""Regular""}, {""value"": ""Hand Wash in Cold Water. Dry in Shade for Lasting Color.""}, {""value"": ""1 Shirt""}, {""key"": ""Style Code"", ""value"": ""GR2719WHITE""}]","Flipkart Products, PromptCloud / PromptCloudHQ, version 1, via Kaggle",https://creativecommons.org/licenses/by-sa/4.0/,https://www.kaggle.com/datasets/PromptCloudHQ/flipkart-products,,,,,,,,flipkart_party:SHTE8VQHTDXGV5TM,keep,model_worn_outfit_context,,8fe9692faa139965c92c2088beed656ff7fd8b1a258bdd2e964d44cd816d993f,e9f2488faf53a57708464a57e23262ad28ba59a6e67b8e12ed779806fcd817ee,1d9a00bc40954e4c354c6ecd1df9998d9b6a5323152de159136250c77658866f,e9f2488faf53a57708464a57e23262ad28ba59a6e67b8e12ed779806fcd817ee,069637297b312517,e3c3dfffffff8081,4d4d963236330797,e7e7cfdfffffc3c3,069637297b312517,e3c3dfffffff8081,693,1492,external_family_6e516d7361525ec2c1ff,False,,True
flipkart_party,TOPDUEGZGBPZHJKQ,flipkart_meta_ea8496d985fe022a,Schwof Party Full Sleeve Solid Women's Top,Tops,Party,"[""Party""]",source_exact_occasion,http://www.flipkart.com/schwof-party-full-sleeve-solid-women-s-top/p/itmduegynrfwfh6g?pid=TOPDUEGZGBPZHJKQ,http://img6a.flixcart.com/image/top/h/6/g/black-cross-front-top-schwof-s-original-imadudpdwgezqjta.jpeg,data/external/rare_usage_20260906/flipkart_party/originals/TOPDUEGZGBPZHJKQ.image,417ece9606c9450def25f4061bb62bd40efde2cc7bd14bd2cf41262b385086a3,1100,1400,Publisher metadata CC BY-SA 4.0; remote photo rights scope not established,54df4fd03e20e2dafcf93c5303c5d8e8,"Clothing >> Women's Clothing >> Western Wear >> Shirts, Tops & Tunics >> Tops >> Schwof Tops","[{""key"": ""Ideal For"", ""value"": ""Women's""}, {""key"": ""Occasion"", ""value"": ""Party""}, {""key"": ""Pattern"", ""value"": ""Solid""}, {""key"": ""Fabric"", ""value"": ""Cotton""}, {""key"": ""Neck"", ""value"": ""V Neck""}, {""key"": ""Sleeve"", ""value"": ""Full Sleeve""}, {""key"": ""Number of Contents in Sales Package"", ""value"": ""Pack of 1""}, {""value"": ""Gentle Machine Wash in Lukewarm Water, Do not Bleach, Cool Iron, Wash with Similar Colors""}, {""value"": ""Top""}]","Flipkart Products, PromptCloud / PromptCloudHQ, version 1, via Kaggle",https://creativecommons.org/licenses/by-sa/4.0/,https://www.kaggle.com/datasets/PromptCloudHQ/flipkart-products,,,,,,,,flipkart_party:TOPDUEGZGBPZHJKQ,keep,model_worn_outfit_context,,417ece9606c9450def25f4061bb62bd40efde2cc7bd14bd2cf41262b385086a3,9f591b63fdef80d24ebe2ca03bb4b31103dc6da060661ac2dc8ebe366c82e4a2,9d709c42dc7f6a131854a3262c1d67e245087ed3444970dd802ec106b3cf7f65,a506d360a86a885466ff010dde4d5d193dc28038e6220e149e96dbd63a2bc88f,46469e134d4d0f96,f7f7cb8120a4c3c3,4e469e134d4d0f96,f7f7cf8120a5c3c3,4cd41613cd4d0f96,f7efcf814005c3c3,1100,1400,external_family_fe71588dcc3e6eaccd55,False,,True
flipkart_party,TOPE6Y9NZYXUSA3R,flipkart_meta_ed5d5575fd4485e3,No Code Party Sleeveless Embellished Women's Top,Tops,Party,"[""Party""]",source_exact_occasion,http://www.flipkart.com/no-code-party-sleeveless-embellished-women-s-top/p/itme6y9nyzwmehgv?pid=TOPE6Y9NZYXUSA3R,http://img5a.flixcart.com/image/top/n/u/3/1-1-a14-245-no-code-xl-original-imae5nyujry4wr7x.jpeg,data/external/rare_usage_20260906/flipkart_party/originals/TOPE6Y9NZYXUSA3R.image,64a507eb271e410428e65073752d87540d6c63394791da77e63aa38aa3e3158a,945,1592,Publisher metadata CC BY-SA 4.0; remote photo rights scope not established,998fca59fe2f7897342e40a7f3bd6176,"Clothing >> Women's Clothing >> Western Wear >> Shirts, Tops & Tunics >> Tops >> No Code Tops","[{""key"": ""Sleeve"", ""value"": ""Sleeveless""}, {""key"": ""Number of Contents in Sales Package"", ""value"": ""Pack of 1""}, {""key"": ""Fabric"", ""value"": ""Georgette""}, {""key"": ""Neck"", ""value"": ""Round Neck""}, {""key"": ""Pattern"", ""value"": ""Embellished""}, {""key"": ""Ideal For"", ""value"": ""Women's""}, {""key"": ""Occasion"", ""value"": ""Party""}]","Flipkart Products, PromptCloud / PromptCloudHQ, version 1, via Kaggle",https://creativecommons.org/licenses/by-sa/4.0/,https://www.kaggle.com/datasets/PromptCloudHQ/flipkart-products,,,,,,,,flipkart_party:TOPE6Y9NZYXUSA3R,keep,model_worn_outfit_context,,64a507eb271e410428e65073752d87540d6c63394791da77e63aa38aa3e3158a,dd39bd60ed65731bc0e51e5399799418e1febbd454105271b40a14d78c48405d,78fdc57ff8115847b3a0647f44d5eb526989e0649366cbcbac799abe1234c883,dd39bd60ed65731bc0e51e5399799418e1febbd454105271b40a14d78c48405d,0f961f39940f2727,e7c7cf9d46c38383,4d1d1e3b5d0f1616,e7e7c7cb85c3c3c3,0f961f39940f2727,e7c7cf9d46c38383,945,1592,external_family_43dc1a83353c2f5303e0,False,,True
flipkart_party,SNDE9ET8T6HZQKGW,flipkart_meta_eeb4027d7b5afd1f,Rachna Design Studio Women Wedges,Heels,Party,"[""Party""]",source_exact_occasion,http://www.flipkart.com/rachna-design-studio-women-wedges/p/itme9et8whp8dmf7?pid=SNDE9ET8T6HZQKGW,http://img6a.flixcart.com/image/sandal/q/2/h/gold-017pspu-5-rachna-design-studio-6-original-imae9efspfnywzk6.jpeg,data/external/rare_usage_20260906/flipkart_party/originals/SNDE9ET8T6HZQKGW.image,bd6644a9e11130de0165991fd89590ad63eb2c64c37521ac010e8ae0491ec726,1089,1274,Publisher metadata CC BY-SA 4.0; remote photo rights scope not established,b368216e79efeeb882c9fa2ca92946df,Footwear >> Women's Footwear >> Wedges,"[{""key"": ""Ideal For"", ""value"": ""Women""}, {""key"": ""Occasion"", ""value"": ""Party""}, {""key"": ""Number of Contents in Sales Package"", ""value"": ""Pack of 1""}, {""key"": ""Type"", ""value"": ""Wedges""}, {""key"": ""Heel Height"", ""value"": ""2 inch""}, {""key"": ""Removable Insole"", ""value"": ""No""}, {""key"": ""Outer Material"", ""value"": ""PU""}, {""key"": ""Color"", ""value"": ""Gold""}, {""value"": ""1 Pair of Sandals""}]","Flipkart Products, PromptCloud / PromptCloudHQ, version 1, via Kaggle",https://creativecommons.org/licenses/by-sa/4.0/,https://www.kaggle.com/datasets/PromptCloudHQ/flipkart-products,,,,,,,,flipkart_party:SNDE9ET8T6HZQKGW,withhold,mapped_Heels_may_be_flat_or_low_wedge_review_type,Collage or unresolved source product-type mismatch,bd6644a9e11130de0165991fd89590ad63eb2c64c37521ac010e8ae0491ec726,f1018205ddb2b82555dba45637921df8a5603a33c69a4a1291f6e7d74ab6b5e1,2c2a2c45e9a23fd199719459eea5e06aa4af7e419d92da0416a77ee14df6e29c,2bc214faa2911e30ed63989a4954a0a3eefbc9d20a48e2b82cd940b0e1f8f0a8,71d5b13533339333,ffff58101999f9df,71d1b13533339333,ffffd8101999f9ff,71d5b13533339333,ffff58101999f9df,1089,1274,external_family_bc94102b2cb12b009b41,False,Collage or unresolved source product-type mismatch,False
flipkart_party,LEHEGGEHYN4G2RPW,flipkart_meta_f1f850236512497b,"Ambika Lahenga Embroidered Lehenga, Choli and Dupatta Set",Lehenga Choli,Party,"[""Party""]",source_exact_occasion,http://www.flipkart.com/ambika-lahenga-embroidered-lehenga-choli-dupatta-set/p/itmeggehqgggjktw?pid=LEHEGGEHYN4G2RPW,http://img6a.flixcart.com/image/lehenga/r/p/w/g55-ambika-lahenga-42-1000x1000-imaegg78ngzzsz67.jpeg,data/external/rare_usage_20260906/flipkart_party/originals/LEHEGGEHYN4G2RPW.image,f35a2b5d2f40a77542d77bf5b8041873f90e46108b8ceb1dc33e9f20c6c60dda,596,1000,Publisher metadata CC BY-SA 4.0; remote photo rights scope not established,5c1554cd45f9d538c2c6947dbdd59c75,"Clothing >> Women's Clothing >> Ethnic Wear >> Lehenga Cholis >> Lehengas >> Ambika Lahenga Lehengas >> Ambika Lahenga Embroidered Lehenga, Choli and Du...","[{""key"": ""Fabric"", ""value"": ""Net""}, {""key"": ""Lining Type"", ""value"": ""satin lining""}, {""key"": ""Type"", ""value"": ""Lehenga, Choli and Dupatta Set""}, {""key"": ""Work"", ""value"": ""Zardosi Work""}, {""key"": ""Length"", ""value"": ""42 inch""}, {""key"": ""Age Group"", ""value"": ""0 - 0 month""}, {""key"": ""Pattern"", ""value"": ""Embroidered""}, {""key"": ""Ideal For"", ""value"": ""Women's""}, {""key"": ""Occasion"", ""value"": ""Party""}, {""value"": ""Dry Wash""}, {""value"": ""Lehenga, Choli and Dupatta Set""}]","Flipkart Products, PromptCloud / PromptCloudHQ, version 1, via Kaggle",https://creativecommons.org/licenses/by-sa/4.0/,https://www.kaggle.com/datasets/PromptCloudHQ/flipkart-products,,,,,,,,flipkart_party:LEHEGGEHYN4G2RPW,keep,model_worn_outfit_context,,f35a2b5d2f40a77542d77bf5b8041873f90e46108b8ceb1dc33e9f20c6c60dda,b450c97641c4c59821f5182c50f0cb2f0ce6bb900165e9d4760b0ce79ffcb328,945814b67d21d89da83861661290739e5e8537a03d790945bfb9f126ebef29dd,62ff2c40999b358631bc9cc01e42b5486a582d448e694f2fe311bfc093f559de,26034b47474d9913,f3fbe1e1e1e1c1c1,24064347474b0b93,f7f3e3e1e1e1c1c1,4d87938b8f191307,e7ffe1c1c1c18181,596,1000,external_family_e22943fb3c6ac534ce68,False,,True
flipkart_party,BRAEAEGMZCHVXWXU,flipkart_meta_f20012c311542774,Glus Transy Back Women's T-Shirt Bra,Bra,Party,"[""Party""]",source_exact_occasion,http://www.flipkart.com/glus-transy-back-women-s-t-shirt-bra/p/itmeaegmg8tj4jzp?pid=BRAEAEGMZCHVXWXU,http://img5a.flixcart.com/image/bra/w/x/u/gp1338-a-bl-glus-30b-1000x1000-imaeae6qb2xznjcj.jpeg,data/external/rare_usage_20260906/flipkart_party/originals/BRAEAEGMZCHVXWXU.image,a23c57f61a2e996dcfa4c4ff25ec7e4285da327f9a377ea9674d883e09ebbea5,1000,969,Publisher metadata CC BY-SA 4.0; remote photo rights scope not established,7e450b00bc93ead918ccff796e1cbbba,"Clothing >> Women's Clothing >> Lingerie, Sleep & Swimwear >> Bras >> Glus Bras","[{""key"": ""Brand Color"", ""value"": ""Black""}, {""key"": ""color"", ""value"": ""Black""}, {""key"": ""Pattern"", ""value"": ""Solid""}, {""key"": ""Ideal For"", ""value"": ""Women's""}, {""key"": ""Occasion"", ""value"": ""Party""}, {""key"": ""Wire Support"", ""value"": ""Underwire""}, {""key"": ""Inner Lining"", ""value"": ""Polycotton""}, {""key"": ""Straps"", ""value"": ""Multiway""}, {""key"": ""Detachable Straps"", ""value"": ""Yes""}, {""key"": ""Other Bra Details"", ""value"": ""Perfect Seamless T-shirt Bra""}, {""key"": ""Number of Contents in Sales Package"", ""value"": ""Pack of 1""}, {""key"": ""Cup Type"", ""value"": ""Pushup Molded Cups""}, {""key"": ""Fabric"", ""value"": ""Polyamide, Elastane""}, {""key"": ""Type"", ""value"": ""T-Shirt Bra""}, {""key"": ""Seam Type"", ""value"": ""Seamless""}, {""key"": ""Design"", ""value"": ""Designer Underwire Cup Bra with dual Waist band at Back - Transparent waist band at back for Smooth Low back for low back outfits or Backless Outfits . Straps are fitted at back at such position that remain invisible in most of outfits at Back for Smooth Transy Back . Second pair of waist band to we...View More Designer Underwire Cup Bra with dual Waist band at Back - Transparent waist band at back for Smooth Low back for low back outfits or Backless Outfits . Straps are fitted at back at such position that remain invisible in most of outfits at Back for Smooth Transy Back . Second pair of waist band to wear as regular bra. Peek -A-BOOB Cutout at front . Pushup Padded Bra .""}, {""value"": ""Gentle Machine Wash in Lukewarm Water, Do Not Bleach""}, {""value"": ""Detachable Straps To Wear It Criss-Cross Way. Or Wear As Classic Way.""}, {""value"": ""Bra""}]","Flipkart Products, PromptCloud / PromptCloudHQ, version 1, via Kaggle",https://creativecommons.org/licenses/by-sa/4.0/,https://www.kaggle.com/datasets/PromptCloudHQ/flipkart-products,,,,,,,,flipkart_party:BRAEAEGMZCHVXWXU,keep,single_product_presentation,,a23c57f61a2e996dcfa4c4ff25ec7e4285da327f9a377ea9674d883e09ebbea5,c23f2df9926c54ae37b993a620cdbca96d19ca913d45545a9a05c34b83190e41,a4a979846db9d6a610e29dbc4bc05877151d6adb30b8274a6cbeef976fe04d2f,f7d8e05bbf7961764d8ec2a51775dec8eccb88c858182475dc043a939597c88b,d2d0d0c479335533,ffffffff3c180080,00d2d2c871333302,ffff7e7e180000ff,d2d2d0c479335533,ffffffff3c180080,1000,969,external_family_57f2b50a11915f572a7a,False,,True
flipkart_party,TOPEGBSUC8JDVQVY,flipkart_meta_f2c929381fbdca51,Fab Palace Party Sleeveless Embroidered Women's Top,Tops,Party,"[""Party""]",source_exact_occasion,http://www.flipkart.com/fab-palace-party-sleeveless-embroidered-women-s-top/p/itmegbsuxqfpxyk2?pid=TOPEGBSUC8JDVQVY,http://img6a.flixcart.com/image/top/q/v/y/fp-top2021-rd-fab-palace-xl-original-imaeyp2fhcyvyzyq.jpeg,data/external/rare_usage_20260906/flipkart_party/originals/TOPEGBSUC8JDVQVY.image,f45616f4d5ef3ee73d4a285d9abddea5d15cbb2c030ab6de772065913f334955,951,1375,Publisher metadata CC BY-SA 4.0; remote photo rights scope not established,af3bd36d16db4ce3c91642796082816c,"Clothing >> Women's Clothing >> Fusion Wear >> Shirts, Tops & Tunics >> Tops >> Fab Palace Tops >> Fab Palace Party Sleeveless Embroidered Women's Top","[{""key"": ""Sleeve"", ""value"": ""Sleeveless""}, {""key"": ""Number of Contents in Sales Package"", ""value"": ""Pack of 1""}, {""key"": ""Fabric"", ""value"": ""Viscose""}, {""key"": ""Type"", ""value"": ""Top""}, {""key"": ""Neck"", ""value"": ""Round Neck""}, {""key"": ""Pattern"", ""value"": ""Embroidered""}, {""key"": ""Ideal For"", ""value"": ""Women's""}, {""key"": ""Occasion"", ""value"": ""Party""}, {""value"": ""Hand/Gentle Wash Wash Dark Colors Separately Do Not Bleach Dry In Shade""}, {""value"": ""1 Top""}]","Flipkart Products, PromptCloud / PromptCloudHQ, version 1, via Kaggle",https://creativecommons.org/licenses/by-sa/4.0/,https://www.kaggle.com/datasets/PromptCloudHQ/flipkart-products,,,,,,,,flipkart_party:TOPEGBSUC8JDVQVY,keep,model_worn_outfit_context,,f45616f4d5ef3ee73d4a285d9abddea5d15cbb2c030ab6de772065913f334955,7a13d4a9497b545c33902c70730b1c81c7ffe4f4991468814d2796b474132cc4,731c3a43fb2d01383f62b788927c2a0bbd66874a5d1e01dc32cd68f709fb906c,0624693b99961b6da070067fa4df6aa8076881f0036b83d07de865a79422fd9a,2686074fce078347,f3f7e3c1e3e3e1e1,0646070746078747,f7f7e3c3e3e3e3e3,2686074fce078347,f3f3e3c1e3e3e1e1,951,1375,external_family_1a06f45a774f019a542c,False,,True
flipkart_party,TOPE9ZZ8SGT9ENVF,flipkart_meta_f87bd8efc5217611,Miss Chase Party Sleeveless Solid Women's Top,Tops,Party,"[""Party""]",source_exact_occasion,http://www.flipkart.com/miss-chase-party-sleeveless-solid-women-s-top/p/itme9zz8ghe5sjy4?pid=TOPE9ZZ8SGT9ENVF,http://img6a.flixcart.com/image/top/n/v/f/1-1-mcaw15tp02-60-32-miss-chase-m-original-imae9cafhdfshzyd.jpeg,data/external/rare_usage_20260906/flipkart_party/originals/TOPE9ZZ8SGT9ENVF.image,a93c12993eaa23a2e062d3f1d4da9298af2c973505a50cb833abbc92ae1fc564,1485,3879,Publisher metadata CC BY-SA 4.0; remote photo rights scope not established,4e457a8a3c012f83070ce19121343254,"Clothing >> Women's Clothing >> Western Wear >> Shirts, Tops & Tunics >> Tops >> Miss Chase Tops","[{""key"": ""Sleeve"", ""value"": ""Sleeveless""}, {""key"": ""Number of Contents in Sales Package"", ""value"": ""Pack of 1""}, {""key"": ""Fabric"", ""value"": ""Metallic Fabric""}, {""key"": ""Neck"", ""value"": ""NA""}, {""key"": ""Pattern"", ""value"": ""Solid""}, {""key"": ""Ideal For"", ""value"": ""Women's""}, {""key"": ""Occasion"", ""value"": ""Party""}, {""value"": ""Hand wash with warm water, wash dark colors separately, do not bleach, dip dry away from direct heat, warm iron only""}]","Flipkart Products, PromptCloud / PromptCloudHQ, version 1, via Kaggle",https://creativecommons.org/licenses/by-sa/4.0/,https://www.kaggle.com/datasets/PromptCloudHQ/flipkart-products,,,,,,,,flipkart_party:TOPE9ZZ8SGT9ENVF,keep,model_worn_outfit_context,,a93c12993eaa23a2e062d3f1d4da9298af2c973505a50cb833abbc92ae1fc564,2eede7dde281bc2229301641f31c7fa9b5a7d99b68c65372f0d4b5ce1065d30b,2bbcad5762330b7def27727f1a82f2781e042d1352cc6ab572230aa88e48b6a6,a9289b4cabe817de781ecc2c74528bec1b979edd63dfd175b59137c4d206f245,86931b1515373303,e7c3c9ffdd838181,4d4516869696968e,e7e7e3e3e3c3c3c3,86931b1515373303,e3cbcbffdf838181,1485,3879,external_family_eb6e77f582bc20eff2c6,False,,True
flipkart_party,BRAEA7W7HPFRZUJG,flipkart_meta_f8f2d57a185aab39,Shoba SHTBSKN Women's Tube Bra,Bra,Party,"[""Party""]",source_exact_occasion,http://www.flipkart.com/shoba-shtbskn-women-s-tube-bra/p/itmea7w74rbcvh7j?pid=BRAEA7W7HPFRZUJG,http://img5a.flixcart.com/image/bra/u/j/g/shtbskin-shoba-free-original-imaea2xkvjew65p7.jpeg,data/external/rare_usage_20260906/flipkart_party/originals/BRAEA7W7HPFRZUJG.image,62d27cb871ae0a18dd162dd6eec8e3e3be6ed87916a93359d8a95f4651c196b8,1500,1500,Publisher metadata CC BY-SA 4.0; remote photo rights scope not established,eaabe9cdf32a141181121c4cb596232b,"Clothing >> Women's Clothing >> Lingerie, Sleep & Swimwear >> Bras >> Shoba Bras","[{""key"": ""Brand Color"", ""value"": ""Skin""}, {""key"": ""color"", ""value"": ""Beige""}, {""key"": ""Pattern"", ""value"": ""Solid""}, {""key"": ""Ideal For"", ""value"": ""Women's""}, {""key"": ""Occasion"", ""value"": ""Party""}, {""key"": ""Wire Support"", ""value"": ""Wirefree""}, {""key"": ""Inner Lining"", ""value"": ""Cotton Blend""}, {""key"": ""Straps"", ""value"": ""Strapless""}, {""key"": ""Detachable Straps"", ""value"": ""No""}, {""key"": ""Number of Contents in Sales Package"", ""value"": ""Pack of 1""}, {""key"": ""Cup Type"", ""value"": ""Soft B Cup""}, {""key"": ""Fabric"", ""value"": ""Strachable""}, {""key"": ""Type"", ""value"": ""Tube Bra""}, {""key"": ""Seam Type"", ""value"": ""Seamless""}]","Flipkart Products, PromptCloud / PromptCloudHQ, version 1, via Kaggle",https://creativecommons.org/licenses/by-sa/4.0/,https://www.kaggle.com/datasets/PromptCloudHQ/flipkart-products,,,,,,,,flipkart_party:BRAEA7W7HPFRZUJG,keep,model_worn_outfit_context,,62d27cb871ae0a18dd162dd6eec8e3e3be6ed87916a93359d8a95f4651c196b8,616bd7f67b9308168925920e3e0501d423e05a0e58a4d0a1c55c573ae5b57a71,8af6ae50c78a3847403d475b6d8faebad6fe457232b2a5e17c03e336708808c3,616bd7f67b9308168925920e3e0501d423e05a0e58a4d0a1c55c573ae5b57a71,16274140d2b7a6a6,c3f3f0387f035340,16174340d2a6a611,ffc3a1381b0342ff,16274140d2b7a6a6,c3f3f0387f035340,1500,1500,external_family_e4867bcf7e339cb0926c,False,,True
flipkart_party,BRAED6G63H64TSXJ,flipkart_meta_fb917fb8739bdd28,Glus Frontopen Women's Push-up Bra,Bra,Party,"[""Party""]",source_exact_occasion,http://www.flipkart.com/glus-frontopen-women-s-push-up-bra/p/itmed6g5smf4mzmp?pid=BRAED6G63H64TSXJ,http://img6a.flixcart.com/image/bra/6/y/e/gpf9448red-glus-38b-1000x1000-imaed6a6n7jz6s3f.jpeg,data/external/rare_usage_20260906/flipkart_party/originals/BRAED6G63H64TSXJ.image,94e137e7055b15a11e620f0546231e3ba344cebfb144ea2f9bc608bb4ed5c2ca,1000,978,Publisher metadata CC BY-SA 4.0; remote photo rights scope not established,06811d784516398ac5f8cca7239b2dd3,"Clothing >> Women's Clothing >> Lingerie, Sleep & Swimwear >> Bras >> Glus Bras","[{""key"": ""Brand Color"", ""value"": ""Red""}, {""key"": ""color"", ""value"": ""Red""}, {""key"": ""Pattern"", ""value"": ""Solid""}, {""key"": ""Ideal For"", ""value"": ""Women's""}, {""key"": ""Occasion"", ""value"": ""Party""}, {""key"": ""Wire Support"", ""value"": ""Underwire""}, {""key"": ""Inner Lining"", ""value"": ""Spandex""}, {""key"": ""Straps"", ""value"": ""Multiway""}, {""key"": ""Detachable Straps"", ""value"": ""Yes""}, {""key"": ""Other Bra Details"", ""value"": ""Seamless -T-Shirt- Front Open Bra""}, {""key"": ""Number of Contents in Sales Package"", ""value"": ""Pack of 1""}, {""key"": ""Cup Type"", ""value"": ""Soft Pushup Molded Cups""}, {""key"": ""Fabric"", ""value"": ""85% Polyamide, 15% Spandex""}, {""key"": ""Type"", ""value"": ""Push-up Bra""}, {""key"": ""Seam Type"", ""value"": ""Seamless""}, {""key"": ""Design"", ""value"": ""Balcoentte Underwire Pushup - Front Open Bra""}, {""value"": ""Gentle Machine Wash In Lukewarm Water, Do Not Bleach""}, {""value"": ""Front Matel Lock For Easy To Open and Remove""}, {""value"": ""Bra""}]","Flipkart Products, PromptCloud / PromptCloudHQ, version 1, via Kaggle",https://creativecommons.org/licenses/by-sa/4.0/,https://www.kaggle.com/datasets/PromptCloudHQ/flipkart-products,,,,,,,,flipkart_party:BRAED6G63H64TSXJ,keep,single_product_presentation,,94e137e7055b15a11e620f0546231e3ba344cebfb144ea2f9bc608bb4ed5c2ca,01726ae217d10f9d3471b7fd97ed9227afb49cea226ec5a3e67f774e32f47c5a,1d42205244ca57f58a94efaf1eb7ebda326e41d9d45d2f9407cc8ee2d9b17e3c,01726ae217d10f9d3471b7fd97ed9227afb49cea226ec5a3e67f774e32f47c5a,d0d0d0d469717333,ffffffff3c180018,40d0d0d461733300,fffffe7e3c0010ff,d0d0d0d469717333,ffffffff3c180018,1000,978,external_family_2880d8845245f3cd599e,False,,True
flipkart_party,SHTEFUMGZHHHKKQZ,flipkart_meta_fe083ebf8d340df7,Chic Unique Women's Solid Party Shirt,Shirts,Party,"[""Party""]",source_exact_occasion,http://www.flipkart.com/chic-unique-women-s-solid-party-shirt/p/itmefumgyyvgxuzg?pid=SHTEFUMGZHHHKKQZ,http://img6a.flixcart.com/image/shirt/k/q/z/ro-1257t-chic-unique-14-original-imaefr5suffkqzar.jpeg,data/external/rare_usage_20260906/flipkart_party/originals/SHTEFUMGZHHHKKQZ.image,7a2668f3df586e295b0a5d7dc638b22896e9efcc4d346c8211b35f27bc782ad0,832,1862,Publisher metadata CC BY-SA 4.0; remote photo rights scope not established,b28b7899cf813681a086e00f9c7fbb83,"Clothing >> Women's Clothing >> Western Wear >> Shirts, Tops & Tunics >> Shirts >> Chic Unique Shirts","[{""key"": ""Pattern"", ""value"": ""Solid""}, {""key"": ""Ideal For"", ""value"": ""Women's""}, {""key"": ""Occasion"", ""value"": ""Party""}, {""key"": ""Sleeve"", ""value"": ""Sleeveless""}, {""key"": ""Number of Contents in Sales Package"", ""value"": ""Pack of 1""}, {""key"": ""Fabric"", ""value"": ""100% Cotton""}, {""key"": ""Fit"", ""value"": ""Slim""}, {""value"": ""Wash With Similar Colors, Udo Not Do Not Rub, Was Inside Out""}, {""value"": ""Shirt""}, {""key"": ""Style Code"", ""value"": ""RO-1257T""}]","Flipkart Products, PromptCloud / PromptCloudHQ, version 1, via Kaggle",https://creativecommons.org/licenses/by-sa/4.0/,https://www.kaggle.com/datasets/PromptCloudHQ/flipkart-products,,,,,,,,flipkart_party:SHTEFUMGZHHHKKQZ,keep,model_worn_outfit_context,,7a2668f3df586e295b0a5d7dc638b22896e9efcc4d346c8211b35f27bc782ad0,6765e3e7b3c127c889e2752a6a8c8a2e7cdc9ae72eca02d4e45cc4302282cd2b,d53e549e836fb039d549fff8244a28e4fc9102b2cc3ff0b475d203767a3332ed,ea283edfe95280ebf2f94bb9f980844ce0d90c8386e8f5e4c94f0375dffbd83f,0613330f973f3f1f,e3cb8181c3838381,0d56961e0f1f1f8e,e7e3c3c3c3c3c3c3,0613330f973b3f1f,e3cb8181c3838381,832,1862,external_family_33849882d6a0994c5792,False,,True
flipkart_travel,HMBEJ9H43PGQWANN,flipkart_meta_07b4f6d8eedda0fd,Brandvilla Shoulder Bag,Handbags,Travel,"[""Travel""]",source_exact_occasion,http://www.flipkart.com/brandvilla-shoulder-bag/p/itmej9h4gvzreke3?pid=HMBEJ9H43PGQWANN,http://img5a.flixcart.com/image/hand-messenger-bag/a/n/n/bvtbag2-brandvilla-shoulder-bag-bvttbag2-1000x1000-imaejfce5qvx88ze.jpeg,data/external/rare_usage_20260906/flipkart_party/originals/HMBEJ9H43PGQWANN.image,10ab71e6248636d0160977a1cad2c868aeb629c37dcd5ce773f7955845268ca2,1000,825,Publisher metadata CC BY-SA 4.0; remote photo rights scope not established,91f9cd621549478f15efe0951d0a4116,"Bags, Wallets & Belts >> Bags >> Hand Bags >> Brandvilla Hand Bags >> Brandvilla Shoulder Bag (Brown)","[{""key"": ""Closure"", ""value"": ""Zip""}, {""key"": ""Type"", ""value"": ""Shoulder Bag""}, {""key"": ""Material"", ""value"": ""PU""}, {""key"": ""Style Code"", ""value"": ""BVTBAG2""}, {""key"": ""Ideal For"", ""value"": ""Women""}, {""key"": ""Bag Size"", ""value"": ""Big""}, {""key"": ""Capacity"", ""value"": ""20 kg""}, {""key"": ""Occasion"", ""value"": ""Travel""}, {""key"": ""Color Code"", ""value"": ""Brown""}, {""key"": ""Weight"", ""value"": ""950 g""}, {""key"": ""Number of Pockets"", ""value"": ""3""}, {""key"": ""Number of Compartments"", ""value"": ""2""}, {""key"": ""Bag Design"", ""value"": ""Printed""}]","Flipkart Products, PromptCloud / PromptCloudHQ, version 1, via Kaggle",https://creativecommons.org/licenses/by-sa/4.0/,https://www.kaggle.com/datasets/PromptCloudHQ/flipkart-products,,,,,,,,flipkart_travel:HMBEJ9H43PGQWANN,keep,Single bag on white; original visually inspected,,10ab71e6248636d0160977a1cad2c868aeb629c37dcd5ce773f7955845268ca2,1e3a0b5e6ef87db94b25a77ce230bb902d60c4f12ced288c42d2ba9c79614004,654752203f18d94f27c60cdd98fb89a536420c8f2037813c6c7e5ca6ee727f82,e0664c8e7e8b1f8352e7dac4c7060d611dc861cf3652274e48551a096440d922,8d0e675b73535b03,ffffff81010101c1,40890c73731b0300,ffffff010100e1ff,8d264b7b73531b03,ffffff01010101c1,1000,825,external_family_b46f27ea4d95335ad24b,False,,True
amazon_reviews_2023,B01LXGI8NQ,amazon_asin:B01LXGI8NQ,Chanasya Super Soft Long Shaggy Chic Fuzzy Fur Faux Fur Warm Elegent Cozy Purple Throw Pillow Cover Pillow Sham - Solid Aubergine Fur Throw Pillowcase 18x18 Inches 2-Pack(Pillow Insert Not Included),Throw Pillow Covers,Home,details.Occasion=Home,source_exact_occasion,https://www.amazon.com/dp/B01LXGI8NQ,https://m.media-amazon.com/images/I/61h4ijhqCNL._AC_.jpg,data/external/rare_usage_20260906/amazon/originals/B01LXGI8NQ.jpg,a78781f3eb375bb937ff5fcd2ac042172201f2759be159d777eb997e816a4236,469,473,"Public publisher research release; retailer photo rights retained; local academic experiment, no blanket photo redistribution grant established",,,,,,,amazon_home,Chanasya,JPEG,,,,,amazon_reviews_2023:B01LXGI8NQ,withhold,,Multiple products or competing scene context in the same photo,a78781f3eb375bb937ff5fcd2ac042172201f2759be159d777eb997e816a4236,f0de90464bded07af8f59183ff13fc12b62d5efcc7e2672218fecb163bc529dc,97b751745fc20dfba3032400989869b0567f3110763aa5827a180856c02ca2ce,d537873aaa5e11dd1e81c6df0c7a7640c8b22d704464ae4fbddabd3b8df648ef,46667d6963610117,f78781818181e1e0,87465f4963051303,ff07038000c0e0ff,46667d6963610117,f78781818181e1e0,469,473,external_family_8c3c3719ab3c5dee72a9,False,Multiple products or competing scene context in the same photo,False
amazon_reviews_2023,B08SL2Y8X3,amazon_asin:B08SL2Y8X3,"Yteseery Boho Throw Pillow Covers Set of 2, Natural Cotton Decorative Pillow Cases with Tassels for Sofa Couch Chair Car Bed, Modern Geometric Pattern Cushion Covers 18x18 Inch",Throw Pillow Covers,Home,details.Occasion=Home,source_exact_occasion,https://www.amazon.com/dp/B08SL2Y8X3,https://m.media-amazon.com/images/I/61iwxGnLhhL._AC_.jpg,data/external/rare_usage_20260906/amazon/originals/B08SL2Y8X3.jpg,2ce646dc32597a9b3ec881991a8ddc150c08a479daeda2e0b49097891332b0e2,500,500,"Public publisher research release; retailer photo rights retained; local academic experiment, no blanket photo redistribution grant established",,,,,,,amazon_home,Yteseery,JPEG,,,,,amazon_reviews_2023:B08SL2Y8X3,withhold,,Multiple products or competing scene context in the same photo,2ce646dc32597a9b3ec881991a8ddc150c08a479daeda2e0b49097891332b0e2,1f324c9f226567710676d9005f34f086cdd686ecc8d203c43dd203b41e704aaa,ca2b3831091169037d099d41391d4f3e622f847958f6b4ba4f9f27f5de3ad310,1f324c9f226567710676d9005f34f086cdd686ecc8d203c43dd203b41e704aaa,266098d8f13b0b05,80b0fc7c7c9feff7,0c22b098f10b0524,ff00106c1c83e5ff,266098d8f13b0b05,80b0fc7c7c9feff7,500,500,external_family_286cdd776bd410cf31b8,False,Multiple products or competing scene context in the same photo,False
amazon_reviews_2023,B09TKVLCTV,amazon_asin:B09TKVLCTV,Leaveland Throw Pillowcase 12 x 20 Tri Color Brown Cowhide Print Throw Pillow Cover,Throw Pillow Covers,Home,details.Occasion=Home,source_exact_occasion,https://www.amazon.com/dp/B09TKVLCTV,https://m.media-amazon.com/images/I/4104buhJ8PL._AC_.jpg,data/external/rare_usage_20260906/amazon/originals/B09TKVLCTV.jpg,96d3a6bfd0e0f25fc36c47f5ade98564dcaa1925f2feaf4c46eeb8411ee0279e,486,303,"Public publisher research release; retailer photo rights retained; local academic experiment, no blanket photo redistribution grant established",,,,,,,amazon_home,Leaveland,JPEG,,,,,amazon_reviews_2023:B09TKVLCTV,keep,One clear cushion/cover; original and 60x80 preview inspected,,96d3a6bfd0e0f25fc36c47f5ade98564dcaa1925f2feaf4c46eeb8411ee0279e,e099e70889d004d953ca93c77684cab7c908f7d2cfdb5e159dd894c55cf4aa4d,53371ed085c4aa9c9409c6b854bdd69d508896042b873ac76d4a552cede47899,1d2eef2976d2840709c606da16bd5f91ac7b6f5e9850cd0bb3b321e3d14e92e8,e069696d61315d8a,fe208081958c8fff,4900696d31190011,ffff0000000cffff,e0696d6d61315d8a,fe208081958c8fff,486,303,external_family_2e2fc89f0c4712efe3f5,False,,True
amazon_reviews_2023,B08KW2KC8W,amazon_asin:B08KW2KC8W,Timur Weave Pillow Cover in Sky Blue Background Throw Pillow Cover 18x18 Cushion Cover Decortaive Pillowcase with Zipper Home decor,Throw Pillow Covers,Home,details.Occasion=Home,source_exact_occasion,https://www.amazon.com/dp/B08KW2KC8W,https://m.media-amazon.com/images/I/41xuxl0fpEL._AC_.jpg,data/external/rare_usage_20260906/amazon/originals/B08KW2KC8W.jpg,2b215df03f9cf13844c782086caf06a4c26aa685db6cd01e8cee9e4932bf9d4d,475,473,"Public publisher research release; retailer photo rights retained; local academic experiment, no blanket photo redistribution grant established",,,,,,,amazon_home,MangGou,JPEG,,,,,amazon_reviews_2023:B08KW2KC8W,keep,One clear cushion/cover; original and 60x80 preview inspected,,2b215df03f9cf13844c782086caf06a4c26aa685db6cd01e8cee9e4932bf9d4d,0f89c115cac4dad4349fc4af5f19f7957081418ea60db26428e33014910c7ca5,b9ddc3b0842b0934dc36284bae88010f2f6ddb0d4b8df72a960f851887193396,07a57d96bd857e6cadb1ad882307aaf1c33f74992eaefe48413032d5e1d736e5,f0716d7b7b7b79f1,ffbfa58181810100,80f0616b7b717161,ffff0181010100ff,f0716d737b7979f1,ffbfa58181810100,475,473,external_family_1a80fb9478e19916651f,False,,True
amazon_reviews_2023,B08B4J4KJK,amazon_asin:B08B4J4KJK,MADIZZ Set of 2 Soft Plush Short Wool Velvet Decorative Throw Pillow Covers 20x20 inch Khaki Square Luxury Style Cushion Case Pillow Shell for Sofa Bedroom,Throw Pillow Covers,Home,details.Occasion=Home,source_exact_occasion,https://www.amazon.com/dp/B08B4J4KJK,https://m.media-amazon.com/images/I/51MNnmJZpwL._AC_.jpg,data/external/rare_usage_20260906/amazon/originals/B08B4J4KJK.jpg,d3fb3185315dbdd1eb0cb92d5155d1b884c8e71354a5977fc834fcea57bc0f58,500,500,"Public publisher research release; retailer photo rights retained; local academic experiment, no blanket photo redistribution grant established",,,,,,,amazon_home,MADIZZ,JPEG,,,,,amazon_reviews_2023:B08B4J4KJK,withhold,,Multiple products or competing scene context in the same photo,d3fb3185315dbdd1eb0cb92d5155d1b884c8e71354a5977fc834fcea57bc0f58,b4ea9ffea6875a9e9f769a93ceb69f538ff18b8d16b4011b2476095fa44b48f2,29ad9c6384d8dcd343c16d5142fc07a4583300144a0a543a1c20cb6301ae5ddb,b4ea9ffea6875a9e9f769a93ceb69f538ff18b8d16b4011b2476095fa44b48f2,92581c1cf1c18383,fffecf8401f1e040,12901c1cd1c3838c,ffff8e0000e040ff,92581c1cf1c18383,fffecf8401f1e040,500,500,external_family_c543bffe9d132d387380,False,Multiple products or competing scene context in the same photo,False
amazon_reviews_2023,B00COHTVWA,amazon_asin:B00COHTVWA,Pug Dog Custom Pillowcase Standard Size 20x26 CP-604,Throw Pillow Covers,Home,details.Occasion=Home,source_exact_occasion,https://www.amazon.com/dp/B00COHTVWA,https://m.media-amazon.com/images/I/51JjTsY++UL._AC_.jpg,data/external/rare_usage_20260906/amazon/originals/B00COHTVWA.jpg,796960ecfdc78079d3d04e181d2a4ebc480a194997456316d172e516a3bb97b7,426,335,"Public publisher research release; retailer photo rights retained; local academic experiment, no blanket photo redistribution grant established",,,,,,,amazon_home,Pillowcase,JPEG,,,,,amazon_reviews_2023:B00COHTVWA,withhold,,Flat print artwork without clear product form,796960ecfdc78079d3d04e181d2a4ebc480a194997456316d172e516a3bb97b7,a84507b558bbbe09152f0a7248ca01011282837bcce5b9ab9d648cb9fb4da50c,2d7980aad78bb5d97c1b8ae84ad652416ee47e4af96d612245d793da214da636,1850bd98ec4e44c38d8d8c144bae51c34963d9d8328f675e597ebd2ed83d9b9c,b534316389038303,ffde9df1e1c1c1c1,4095342303830300,ffff8080c101ffff,9534316389038303,ffde9df1e1e1c1c1,426,335,external_family_0ff98396f24bbe71854a,False,Flat print artwork without clear product form,False
amazon_reviews_2023,B07RXK2SFX,amazon_asin:B07RXK2SFX,"WOMHOPE Set of 2 Black and Silver Vintage Animal Decorative Throw Pillow Covers Pillow Cases Cushion Cases Throw Pillow Covers 18 x 18 Inch for Living Room,Couch and Bed (Leopard print (Set of 2 pcs))",Throw Pillow Covers,Home,details.Occasion=Home,source_exact_occasion,https://www.amazon.com/dp/B07RXK2SFX,https://m.media-amazon.com/images/I/61ZTvc6ieRL._AC_.jpg,data/external/rare_usage_20260906/amazon/originals/B07RXK2SFX.jpg,440596a5819b86809dba659f30123f0bdaecaf1d45df57bf42e1b0245abfa063,500,495,"Public publisher research release; retailer photo rights retained; local academic experiment, no blanket photo redistribution grant established",,,,,,,amazon_home,WOMHOPE,JPEG,,,,,amazon_reviews_2023:B07RXK2SFX,withhold,,Multiple products or competing scene context in the same photo,440596a5819b86809dba659f30123f0bdaecaf1d45df57bf42e1b0245abfa063,191cf3bc4d89ba36b298bff87df3fa7c22e4b05a9709b2a802790a9a8c35b88f,eaade7367426c6faa09c86f54f767219dbb4b3da97197e4cfda27035064e86aa,191cf3bc4d89ba36b298bff87df3fa7c22e4b05a9709b2a802790a9a8c35b88f,cb4b656541478f39,ffffffb581010088,81cb6365450f3940,ffffb300000080ff,cb4b656541478f39,ffffffb581010088,500,495,external_family_c3bfeaccd1bd93eb8d1a,False,Multiple products or competing scene context in the same photo,False
amazon_reviews_2023,B08Z82ZZK2,amazon_asin:B08Z82ZZK2,"Kiuree Grey and Cream Farmhouse Throw Pillow Covers 12 x 20, Modern Accent Square Decorative Pillow Case, Set of 2 Stripes Textured Linen Throw Pillow Case for Sofa Couch Chair Bedroom(Grey)",Throw Pillow Covers,Home,details.Occasion=Home,source_exact_occasion,https://www.amazon.com/dp/B08Z82ZZK2,https://m.media-amazon.com/images/I/51Cu3uN-SYS._AC_.jpg,data/external/rare_usage_20260906/amazon/originals/B08Z82ZZK2.jpg,25c4ad73d33b9f3aa880b376e739b861fd460e0637dfaf81c4f25924f7c42df8,500,500,"Public publisher research release; retailer photo rights retained; local academic experiment, no blanket photo redistribution grant established",,,,,,,amazon_home,Kiuree,JPEG,,,,,amazon_reviews_2023:B08Z82ZZK2,withhold,,Multiple products or competing scene context in the same photo,25c4ad73d33b9f3aa880b376e739b861fd460e0637dfaf81c4f25924f7c42df8,e238d0d0346afb51ea912f535de5f1c8af5f0beca49dd0ba9f2c945b193b4ff6,abb8be0d146c13f5d297bae0b69d8933715341218611b04b9e0ec6842cca9d3b,e238d0d0346afb51ea912f535de5f1c8af5f0beca49dd0ba9f2c945b193b4ff6,2cc8c4d5f12fcbf4,ffffff7f1f000000,202cccd5b52bd604,ffffff7f000000ff,2cc8c4d5f12fcbf4,ffffff7f1f000000,500,500,external_family_be0cf2b098a4ed3c56e0,False,Multiple products or competing scene context in the same photo,False
amazon_reviews_2023,B087X3X7LS,amazon_asin:B087X3X7LS,Pillowcase Personalized Custom Name Mama Bear Mother's Day Birthday for Mom from Kids Sofa Couch Throw Cushion Cover DIY Pillow Sham Case 18X18 Inches,Throw Pillow Covers,Home,details.Occasion=Home,source_exact_occasion,https://www.amazon.com/dp/B087X3X7LS,https://m.media-amazon.com/images/I/41QUpIde1-L._AC_.jpg,data/external/rare_usage_20260906/amazon/originals/B087X3X7LS.jpg,d04189cfd312aef5cc240547c1509616bad6cf9ec6dfcf205a596c80c257f8da,500,444,"Public publisher research release; retailer photo rights retained; local academic experiment, no blanket photo redistribution grant established",,,,,,,amazon_home,FavorPlus Pillowcase,JPEG,,,,,amazon_reviews_2023:B087X3X7LS,keep,One clear cushion/cover; original and 60x80 preview inspected,,d04189cfd312aef5cc240547c1509616bad6cf9ec6dfcf205a596c80c257f8da,669d3835ccec21ad15899c3cafd2bfc451e80a954eb86850e3a0e528fdee4fc2,a65d11bd9167430705a37e82be67ce84e040f2aceb5acb2d02e315fd3c92fa35,00a6d748f9392403b8bfb9cc70cd8d59be51fb5f6b5b94c96e56b33d15079c04,c13d2d87174b2b17,ffcf87c3d301ffff,2c813d0d534b3500,ffff87c30181ffff,c13d2d87174b2b17,ffcf87c3d301ffff,500,444,external_family_83c49995d9bc8646598f,False,,True
amazon_reviews_2023,B089NRXL87,amazon_asin:B089NRXL87,"TangDepot, Set of 2 Soft Plush Velvet Big Striped Corduroy Solid Decorative Throw Pillow Covers, Square Pillow Covers - (18""x18"" 2 Pieces, A10 Navy Blue)",Throw Pillow Covers,Home,details.Occasion=Home,source_exact_occasion,https://www.amazon.com/dp/B089NRXL87,https://m.media-amazon.com/images/I/51N8ifkPFkL._AC_.jpg,data/external/rare_usage_20260906/amazon/originals/B089NRXL87.jpg,39d91143af28bd3d4e466d24815b35de61781b1ecad4c9d53375fda4bb27a4a1,500,469,"Public publisher research release; retailer photo rights retained; local academic experiment, no blanket photo redistribution grant established",,,,,,,amazon_home,TangDepot,JPEG,,,,,amazon_reviews_2023:B089NRXL87,withhold,,Multiple products or competing scene context in the same photo,39d91143af28bd3d4e466d24815b35de61781b1ecad4c9d53375fda4bb27a4a1,f460dc390a49c107865b773de42b7dc45a01d003b23583c8a47f378ad86e44ae,f1755fa50f4aeb79334a264d1b4a147ccf404f11f91fd27421e976b9229fa6ba,f460dc390a49c107865b773de42b7dc45a01d003b23583c8a47f378ad86e44ae,5879fbf2858f0fc3,ff0f0b03f10101f1,00587bf2870fc300,ffff01000001f1ff,5879fbf2858f0fc3,ff0f0b03f10101f1,500,469,external_family_ec6cc314353d944f7471,False,Multiple products or competing scene context in the same photo,False
amazon_reviews_2023,B09KN11ZP1,amazon_asin:B09KN11ZP1,"UGASA Chunky Knitting Pillow Cover, Cable Knit Throw Cover, Oblong Cushion Pillowcases for Lumbar, 1 Piece (12""x20"", Burnt Brick)",Throw Pillow Covers,Home,details.Occasion=Home,source_exact_occasion,https://www.amazon.com/dp/B09KN11ZP1,https://m.media-amazon.com/images/I/51CJfC5meGL._AC_.jpg,data/external/rare_usage_20260906/amazon/originals/B09KN11ZP1.jpg,9947f6a54620645177b91d168a184d0c2488dd50b3ca2b0127fb6f2b0f1510a5,500,500,"Public publisher research release; retailer photo rights retained; local academic experiment, no blanket photo redistribution grant established",,,,,,,amazon_home,UGS UGASA,JPEG,,,,,amazon_reviews_2023:B09KN11ZP1,withhold,,Multiple products or competing scene context in the same photo,9947f6a54620645177b91d168a184d0c2488dd50b3ca2b0127fb6f2b0f1510a5,c02462422581e3e2e2f3794b801cc4d443710d13db705040955f3764ccf11a40,f8e12879e2b51df54d6d228a61a9a517adb34bbc9358bb216ee4c28792032d25,c02462422581e3e2e2f3794b801cc4d443710d13db705040955f3764ccf11a40,a48012535a4e0ecf,fefc08000000f0e3,8c8480524a0e0f4e,fffce0000080e0ff,a48012535a4e0ecf,fefc08000000f0e3,500,500,external_family_65e3a3951f23fa041b68,False,Multiple products or competing scene context in the same photo,False
amazon_reviews_2023,B08JL7CV7Y,amazon_asin:B08JL7CV7Y,ALKIMIA INC Mexican Handmade Pillow Cover Chiapas Embroidery (Black),Throw Pillow Covers,Home,details.Occasion=Home,source_exact_occasion,https://www.amazon.com/dp/B08JL7CV7Y,https://m.media-amazon.com/images/I/51OlWTq05GL._AC_.jpg,data/external/rare_usage_20260906/amazon/originals/B08JL7CV7Y.jpg,276fa23d906e7ddf74e9edca6535695fc51e22a1a20a2b578e9ed6dc8fd412eb,393,399,"Public publisher research release; retailer photo rights retained; local academic experiment, no blanket photo redistribution grant established",,,,,,,amazon_home,ALKIMIA INC,JPEG,,,,,amazon_reviews_2023:B08JL7CV7Y,keep,One clear cushion/cover; original and 60x80 preview inspected,,276fa23d906e7ddf74e9edca6535695fc51e22a1a20a2b578e9ed6dc8fd412eb,1a8cd4c0303352c4c563dd5842df9f0ae2adbe15d53df6fb69bcde4e9a063bba,4e698c348e299d59bed2859a124a8e475a49793e2d9b309e6bd3347078dc2d3e,2fe6de5a29f643ecbb44be6f10bd174cbb00540394cae398caf1f927f491ae3d,c563736f577377d9,61019f83830b037d,c4c7736f5773f980,ff000101010101ff,c563736f577377e9,60819f83830b037d,393,399,external_family_6aac990e4ace99105e5d,False,,True
amazon_reviews_2023,B08DTSCZ7R,amazon_asin:B08DTSCZ7R,Nestinco Set of 2 Striped Pillow Covers Black and White Square Decorative Throw Pillow Covers 20 x 20 inches for Sofa Couch Bed Decor,Throw Pillow Covers,Home,details.Occasion=Home,source_exact_occasion,https://www.amazon.com/dp/B08DTSCZ7R,https://m.media-amazon.com/images/I/41XCew9W9lL._AC_.jpg,data/external/rare_usage_20260906/amazon/originals/B08DTSCZ7R.jpg,300272e7887add1e1754c635ebf3da27b7ac59ddae60c3211139708a81bad7cb,500,500,"Public publisher research release; retailer photo rights retained; local academic experiment, no blanket photo redistribution grant established",,,,,,,amazon_home,Nestinco,JPEG,,,,,amazon_reviews_2023:B08DTSCZ7R,withhold,,Multiple products or competing scene context in the same photo,300272e7887add1e1754c635ebf3da27b7ac59ddae60c3211139708a81bad7cb,944ef9abbbc766adc99362e1cd30c89b987717ed6e458e05d16fd60ece168e81,017e5c65f9cb69b2e74ebc26e806bde26cf2a54c53b90f56c86eaea2c9ae777c,944ef9abbbc766adc99362e1cd30c89b987717ed6e458e05d16fd60ece168e81,38387cb0b0f484f9,ffffbf580000001f,28397cb0f0e4fd19,ffff9f0000000fff,38387cb0b0f484f9,ffffbf580000001f,500,500,external_family_bc1a88192c93eb1e1ec7,False,Multiple products or competing scene context in the same photo,False
amazon_reviews_2023,B0B5K4YZBF,amazon_asin:B0B5K4YZBF,"The Connecticut Home Company Velvet Throw Pillow Covers, 24x24 Set of 2, Soft Decorative Square Pillowcases, Luxury Home Décor Accent Cushion Cases for Livingroom Couch, Bedroom, Sofa Bed, Pale Blue",Throw Pillow Covers,Home,details.Occasion=Home,source_exact_occasion,https://www.amazon.com/dp/B0B5K4YZBF,https://m.media-amazon.com/images/I/41QuL9OLOuL._AC_.jpg,data/external/rare_usage_20260906/amazon/originals/B0B5K4YZBF.jpg,6e23721c12be4314648bcade877ce765e9d2785791581653d22dc9caea77f85a,500,500,"Public publisher research release; retailer photo rights retained; local academic experiment, no blanket photo redistribution grant established",,,,,,,amazon_home,The Connecticut Home Company,JPEG,,,,,amazon_reviews_2023:B0B5K4YZBF,withhold,,Multiple products or competing scene context in the same photo,6e23721c12be4314648bcade877ce765e9d2785791581653d22dc9caea77f85a,3f507da61fc71e05ab4a7d9ad9781b206b94426f455c95c283428991db4a1265,2bb679c618e4cb172458105d1b630d3d603cd4c48744f6516723d6dd7c1f6c10,3f507da61fc71e05ab4a7d9ad9781b206b94426f455c95c283428991db4a1265,303624a1a1610181,ffffb0f03838c0fc,c8362420a16181e0,ffff90101000e0ff,303624a1a1610181,ffffb0f03838c0fc,500,500,external_family_97f370b048ab06a59c83,False,Multiple products or competing scene context in the same photo,False
amazon_reviews_2023,B09C3V551G,amazon_asin:B09C3V551G,MADIZZ Set of 2 Soft Plush Short Wool Velvet Decorative Throw Pillow Covers 14x14 inch White Square Luxury Style Cushion Case Pillow Shell for Sofa Bedroom,Throw Pillow Covers,Home,details.Occasion=Home,source_exact_occasion,https://www.amazon.com/dp/B09C3V551G,https://m.media-amazon.com/images/I/51vsYdpiMpS._AC_.jpg,data/external/rare_usage_20260906/amazon/originals/B09C3V551G.jpg,a8185bda023872dd44fbd3437f6cb50ec49bfb4e3cd5850a4cc1e666f58151c8,500,500,"Public publisher research release; retailer photo rights retained; local academic experiment, no blanket photo redistribution grant established",,,,,,,amazon_home,MADIZZ,JPEG,,,,,amazon_reviews_2023:B09C3V551G,withhold,,Multiple products or competing scene context in the same photo,a8185bda023872dd44fbd3437f6cb50ec49bfb4e3cd5850a4cc1e666f58151c8,ee4217462d52d431272279a114094bee0d4a9c944e26ce82a3bec20fcd0b5882,fc7f94c8cc9ee125093897530d49205dd8ed40d8fe7b828d144c0761f00b8017,ee4217462d52d431272279a114094bee0d4a9c944e26ce82a3bec20fcd0b5882,114b2324a0a0ac02,c0e0f9fefefefefe,14114b24a0a40491,ffc0e0fefefef0ff,114b2324a0a0ac02,c0e0f9fefefefefe,500,500,external_family_27e0a4b7e616b712027f,False,Multiple products or competing scene context in the same photo,False
amazon_reviews_2023,B019OYU4NK,amazon_asin:B019OYU4NK,"Bursonvic Throw Pillow Case Cushion Cover, Linen Burlap Home Farmhouse/Modern Decorative Square Solid Pillow Cover for Sofa/Couch/Bed (18 x 18 Inches, Beige/Light Coffee)",Throw Pillow Covers,Home,details.Occasion=Home,source_exact_occasion,https://www.amazon.com/dp/B019OYU4NK,https://m.media-amazon.com/images/I/51WRe5ZGU8L._AC_.jpg,data/external/rare_usage_20260906/amazon/originals/B019OYU4NK.jpg,973c54ef8c2899e854c748f7f9c0292e255f9a89e93d95023b2b9de2a91ba61d,441,452,"Public publisher research release; retailer photo rights retained; local academic experiment, no blanket photo redistribution grant established",,,,,,,amazon_home,Bursonvic,JPEG,,,,,amazon_reviews_2023:B019OYU4NK,keep,One clear cushion/cover; original and 60x80 preview inspected,,973c54ef8c2899e854c748f7f9c0292e255f9a89e93d95023b2b9de2a91ba61d,c119a47f62d63c5d65146738b9dda7fbb3f83fab6febfcddc97fbf0300f71e05,1968c67563fd04eca52a20fcc8b03e7a2f5466ef5e6c8504429d51461ffbeb49,b5fca0e522c230f715b56535d31bb94245892a92aef3c76dd5d54879a97ae28b,7071733f3f3b1f71,ffb181818181819d,8071633f3f3f71c0,ffbc8181818101ff,7071733f3f3b1f79,ffb181818181819d,441,452,external_family_19c88debf1d918bc0d41,False,,True
amazon_reviews_2023,B07R8T2G64,amazon_asin:B07R8T2G64,laime Throw Pillow Covers Decorative Pillowcases 18x18inch (4 Pieces Set) Pillow Cases Home Car Decorative (Bird on The Tree),Throw Pillow Covers,Home,details.Occasion=Home,source_exact_occasion,https://www.amazon.com/dp/B07R8T2G64,https://m.media-amazon.com/images/I/61KumwlN7ZL._AC_.jpg,data/external/rare_usage_20260906/amazon/originals/B07R8T2G64.jpg,0c4f8dcd78c918077c038e60cc0f575e5321125bfa7f57c22e5b0e3a979d83fb,486,451,"Public publisher research release; retailer photo rights retained; local academic experiment, no blanket photo redistribution grant established",,,,,,,amazon_home,laime,JPEG,,,,,amazon_reviews_2023:B07R8T2G64,withhold,,Multiple products or competing scene context in the same photo,0c4f8dcd78c918077c038e60cc0f575e5321125bfa7f57c22e5b0e3a979d83fb,28739f2eaa3502677958342a1181eb593c43606102bc02d1ef25046840340d7e,750799a85c65ae13189f2d89f469fa753334ae72dafda1a9771173c97baec114,29b181dcc27a4cfd8087a2ffe1a45eb58d04f7639610de4f63c58c153fd96aec,3531333b1313533b,f99999fff918199f,0035333311533b00,fff910d9000099ff,313133395313533b,f99999fff918199d,486,451,external_family_61eec85bd43c656ae8aa,False,Multiple products or competing scene context in the same photo,False
amazon_reviews_2023,B081R63GM5,amazon_asin:B081R63GM5,XIECCX Throw Pillow Covers 18x18 Set of 4 Outdoor Pillowcases Summer Home Decorative Pillows for Couch Sofa Bed Breathable Linen with Hidden Zipper(ST.Patrick's Day),Throw Pillow Covers,Home,details.Occasion=Home,source_exact_occasion,https://www.amazon.com/dp/B081R63GM5,https://m.media-amazon.com/images/I/5126qpGIcQL._AC_.jpg,data/external/rare_usage_20260906/amazon/originals/B081R63GM5.jpg,a3e4f1084d6fb1df99cfe7477065bcec3e809263854ec55b1354fb88788f9b8c,497,478,"Public publisher research release; retailer photo rights retained; local academic experiment, no blanket photo redistribution grant established",,,,,,,amazon_home,XIECCX,JPEG,,,,,amazon_reviews_2023:B081R63GM5,withhold,,Multiple products or competing scene context in the same photo,a3e4f1084d6fb1df99cfe7477065bcec3e809263854ec55b1354fb88788f9b8c,140cd1e85fd58fef1eb6c0b340133e16ab4af204f3b6962438426637a06383bc,2e3321411346574e2b733d0a8386918f935c26eae188468c44b2090c4a72c66c,b58f63660d98844785beb999f1d31ccb1cfc36204e4d1aca5fa363947446c2c7,5b5b53595b113133,0f09090fff99d9f9,085b5b5b59113388,ff0909098f88d9ff,5b5b53595b113133,0f09090fff99f9f9,497,478,external_family_6b9f0571f86d9e0bdbcc,False,Multiple products or competing scene context in the same photo,False
amazon_reviews_2023,B07F1LDSH1,amazon_asin:B07F1LDSH1,Cotton Linen Cactus Throw Pillow Covers Home Decor Cushion Cover Set of 4,Throw Pillow Covers,Home,details.Occasion=Home,source_exact_occasion,https://www.amazon.com/dp/B07F1LDSH1,https://m.media-amazon.com/images/I/515vRSemY9L._AC_.jpg,data/external/rare_usage_20260906/amazon/originals/B07F1LDSH1.jpg,44abd541361d7644addb6d2a98b8d6518dd35aca632194a4fbeb2dea96e5edd4,474,396,"Public publisher research release; retailer photo rights retained; local academic experiment, no blanket photo redistribution grant established",,,,,,,amazon_home,Geepro,JPEG,,,,,amazon_reviews_2023:B07F1LDSH1,withhold,,Multiple products or competing scene context in the same photo,44abd541361d7644addb6d2a98b8d6518dd35aca632194a4fbeb2dea96e5edd4,ad8d867e6315edaca44bc79e189ae822dfc7badc89df805ce5d11d4c558a65fe,1525a0f5bf7dc3c792348ea095a0c01035f4ff3fa4a9c6a3b8782a52dd8ae5b4,8dbf8aaf90d8757e6863f54558d095c140f105ebe436645d0fb4d0261db3b547,5031331154717171,ff9898d8ff989898,00d0313351717100,ffff9888f8889dff,5031331154717171,ff9898d8ff989898,474,396,external_family_92a714273f32fba556b5,False,Multiple products or competing scene context in the same photo,False
amazon_reviews_2023,B07VRZQL28,amazon_asin:B07VRZQL28,AmHoo Pack of 2 Tropical Leaves Throw Pillow Covers Plants Home Decorative Plants Nordic Style Square Cushion Cover 20x20Inch Blue,Throw Pillow Covers,Home,details.Occasion=Home,source_exact_occasion,https://www.amazon.com/dp/B07VRZQL28,https://m.media-amazon.com/images/I/61NMvLZmsRL._AC_.jpg,data/external/rare_usage_20260906/amazon/originals/B07VRZQL28.jpg,c8eb040199e5aa2e0a727c10aff493fece886c4d29251d6a154a4e33b26841cf,500,500,"Public publisher research release; retailer photo rights retained; local academic experiment, no blanket photo redistribution grant established",,,,,,,amazon_home,AmHoo,JPEG,,,,,amazon_reviews_2023:B07VRZQL28,withhold,,Multiple products or competing scene context in the same photo,c8eb040199e5aa2e0a727c10aff493fece886c4d29251d6a154a4e33b26841cf,b96ea553c452958a33ae8f464466800ef618add7184dce8bb2ad5ec96882ef4a,c9a83de40d8ed7693902dc7c5e0e3c5c8b95b8ddfbacf3e153ef21486f99b988,b96ea553c452958a33ae8f464466800ef618add7184dce8bb2ad5ec96882ef4a,f3e7d7d2d0d2ae57,7b3f037a3e2006ff,d3f3c7d2d2ce3611,ff110108080007ff,f3e7d7d2d0d2ae57,7b3f037a3e2006ff,500,500,external_family_74e9645a0734372786a6,False,Multiple products or competing scene context in the same photo,False
amazon_reviews_2023,B0BRY8XXHX,amazon_asin:B0BRY8XXHX,"HAMUR Pack of 2 Decorative Throw Pillow Covers Set 18x18 inches, Soft Durable Home Decor Accents Cushion Pillows Case for Sofa Couch, Living Room, Bedroom (Ecru)",Throw Pillow Covers,Home,details.Occasion=Home,source_exact_occasion,https://www.amazon.com/dp/B0BRY8XXHX,https://m.media-amazon.com/images/I/41iEW9ktMKL._AC_.jpg,data/external/rare_usage_20260906/amazon/originals/B0BRY8XXHX.jpg,7c338ee954d9288db1cab38e27b8bcb9e6886eaf47bd1a8cd2c71d9d9aeec525,453,420,"Public publisher research release; retailer photo rights retained; local academic experiment, no blanket photo redistribution grant established",,,,,,,amazon_home,HAMUR HOME,JPEG,,,,,amazon_reviews_2023:B0BRY8XXHX,withhold,,Multiple products or competing scene context in the same photo,7c338ee954d9288db1cab38e27b8bcb9e6886eaf47bd1a8cd2c71d9d9aeec525,6ff190f922ab5b36b76b0f9ded3205cc67a1a9dceab3c82eaff2ac5f6b8a62ef,a64dd85110b4d0149a564a79689d8f059d6d583b1f77397454ca5497bcfe457c,f001403864dacf0c1c18e83c7210fba11ddcd1d744a29f486f6c24f69f823104,c4ec5cd959dd1b19,7f3f0f0f0fe7e0e0,00e4ec5c591b1900,ff7f070f01e0e0ff,c4ecdcdcdddd1b99,7f3f0f0f0fe7e0e0,453,420,external_family_c67fbd0e9eaefe31cd4a,False,Multiple products or competing scene context in the same photo,False
amazon_reviews_2023,B07XHH1VJM,amazon_asin:B07XHH1VJM,Woaboy Pack of 2 Fall Velvet Throw Pillow Covers Pompom Decorative Pillowcases Solid Soft Cushion Covers with Poms Square for Couch Living Room Sofa Bedroom Car 20x20inch 50x50cm Lemon Yellow,Throw Pillow Covers,Home,details.Occasion=Home,source_exact_occasion,https://www.amazon.com/dp/B07XHH1VJM,https://m.media-amazon.com/images/I/41qmKgll72L._AC_.jpg,data/external/rare_usage_20260906/amazon/originals/B07XHH1VJM.jpg,64f79d21d7374a0eb66c748d75db549107780ec2794c5f2f6638d64cd9457da8,500,500,"Public publisher research release; retailer photo rights retained; local academic experiment, no blanket photo redistribution grant established",,,,,,,amazon_home,Woaboy,JPEG,,,,,amazon_reviews_2023:B07XHH1VJM,withhold,,Multiple products or competing scene context in the same photo,64f79d21d7374a0eb66c748d75db549107780ec2794c5f2f6638d64cd9457da8,60bc5f416ff6a1942b7e6a94d5ee935442035f471034c4b9aade3dae86d54f57,6d8eafc3e82d6a5aa081f43e9c7c29c43c16a7eef1aa6c0658573727a11808dd,60bc5f416ff6a1942b7e6a94d5ee935442035f471034c4b9aade3dae86d54f57,3c78e5e5a5a400e3,0c0e3f7cfcd4f0ff,757cfce5a584c366,ff040e7010c0ffff,3c78e5e5a5a400e3,0c0e3f7cfcd4f0ff,500,500,external_family_51edbd41d7b98cf66bf5,False,Multiple products or competing scene context in the same photo,False
amazon_reviews_2023,B07CR9JFGJ,amazon_asin:B07CR9JFGJ,"TangDepot 100% Cotton Nature Theme Throw Pillow Covers, Cushion Covers, Pillows Shells, 10 Sizes Option - (14""x14"", N04 Swallow Forest)",Throw Pillow Covers,Home,details.Occasion=Home,source_exact_occasion,https://www.amazon.com/dp/B07CR9JFGJ,https://m.media-amazon.com/images/I/61gHjjklsaL._AC_.jpg,data/external/rare_usage_20260906/amazon/originals/B07CR9JFGJ.jpg,2a201bbfea61a8fafd5d0b0b9db6c95be5ed5d1629606dd1c8d3f44fb7ed4a72,484,409,"Public publisher research release; retailer photo rights retained; local academic experiment, no blanket photo redistribution grant established",,,,,,,amazon_home,TangDepot,JPEG,,,,,amazon_reviews_2023:B07CR9JFGJ,keep,One clear cushion/cover; original and 60x80 preview inspected,,2a201bbfea61a8fafd5d0b0b9db6c95be5ed5d1629606dd1c8d3f44fb7ed4a72,39a9783e46e1a078397e3ab50dd329d11e4b4031c62ae5ff3b956afdfd4c1fc2,2eafba87cdecc8480229f2eb895a9b29281c7b49e5f80a6cc7a272f0edce5b9a,39a9783e46e1a078397e3ab50dd329d11e4b4031c62ae5ff3b956afdfd4c1fc2,714b6357133b2f6b,bf8181838b998181,00716b57332f7a00,ffff01818181bfff,714b6357133b2f6b,bf8181838b998181,484,409,external_family_f6ed1e08ff422c32dab0,False,,True
amazon_reviews_2023,B084Q135JG,amazon_asin:B084Q135JG,Hofdeco Lumbar Pillow Case Grey Love is All You Need His and Her Love Script Heavy Weight Fabric Cushion Cover 12x20,Throw Pillow Covers,Home,details.Occasion=Home,source_exact_occasion,https://www.amazon.com/dp/B084Q135JG,https://m.media-amazon.com/images/I/41-QrhobURL._AC_.jpg,data/external/rare_usage_20260906/amazon/originals/B084Q135JG.jpg,d6a72f0e845a3f152c9f1a839a8cbafc3373ca3e859f6d4b96adc26ef6eb2a96,401,277,"Public publisher research release; retailer photo rights retained; local academic experiment, no blanket photo redistribution grant established",,,,,,,amazon_home,Hofdeco,JPEG,,,,,amazon_reviews_2023:B084Q135JG,keep,One clear cushion/cover; original and 60x80 preview inspected,,d6a72f0e845a3f152c9f1a839a8cbafc3373ca3e859f6d4b96adc26ef6eb2a96,103467b4e0d937b138cb0ddb0a5661b31e84bdc396e3861ea40b848978bb64f4,c9e4e550c4732c0e6b9acbeee5a67914c021207252864a6a4ced0f6d4cef5fab,f3ed6a019f174fb70a9fabb72d7f6af24318260a7d3565089a5ab43431ef5547,f06475753541273b,ff3f9181010081ff,0480f475152b0000,ffff00000000ffff,f064757535492533,ff3f9d81010080ff,401,277,external_family_09fe29c86d07a331b11c,False,,True
amazon_reviews_2023,B07FSDZMQB,amazon_asin:B07FSDZMQB,"18x18 Fall Decor Pillow Covers, Decorative Maple Leaves Fall Autumn Throw Pillow Shams Cover Cases Set of 4 for Couch",Throw Pillow Covers,Home,details.Occasion=Home,source_exact_occasion,https://www.amazon.com/dp/B07FSDZMQB,https://m.media-amazon.com/images/I/51hgM6jpMML._AC_.jpg,data/external/rare_usage_20260906/amazon/originals/B07FSDZMQB.jpg,cebff6295a8c53b3d3e39933b5554c8d07821140e0067594300db267ac50b5b8,491,464,"Public publisher research release; retailer photo rights retained; local academic experiment, no blanket photo redistribution grant established",,,,,,,amazon_home,Lanpn,JPEG,,,,,amazon_reviews_2023:B07FSDZMQB,withhold,,Multiple products or competing scene context in the same photo,cebff6295a8c53b3d3e39933b5554c8d07821140e0067594300db267ac50b5b8,5d3013761aca77717afb747aa696f13c86805635cbcd178f8de22af948802199,5e74b693aa92b2100e2633eabfd298e76b349171dbce36da4b7c43270b33930c,ea079ca6d5dc40de9d0ac10244e2c8e03abde44cfc5539478a7045fc6d785722,5833331318313131,fe9899dbff889998,0851331310313108,ff8c88888c8898ff,5833331318313131,fe9899dbff889998,491,464,external_family_77c892fd3d8134a72f33,False,Multiple products or competing scene context in the same photo,False
amazon_reviews_2023,B0125XFB2G,amazon_asin:B0125XFB2G,Lljpcovers Custom Funny Bacon Background Rectangle Pillow Case 20 X 30 Inch Cloth Simulation Zippered Pillow Cover One Side Print,Throw Pillow Covers,Home,details.Occasion=Home,source_exact_occasion,https://www.amazon.com/dp/B0125XFB2G,https://m.media-amazon.com/images/I/51mHfSR8QGL._AC_.jpg,data/external/rare_usage_20260906/amazon/originals/B0125XFB2G.jpg,52e339ba9b25fa1dff6297ad3bbbd6991fdd6bb282167bda5168a815f5f31d8f,493,337,"Public publisher research release; retailer photo rights retained; local academic experiment, no blanket photo redistribution grant established",,,,,,,amazon_home,Lljpcovers,JPEG,,,,,amazon_reviews_2023:B0125XFB2G,withhold,,Flat print artwork without clear product form,52e339ba9b25fa1dff6297ad3bbbd6991fdd6bb282167bda5168a815f5f31d8f,02309ef1ce8728be17913a63251ece2ea9556770724848e96d624cf040d6380e,4b93cfb56def6b28e1a44eed4772786eeb92937267f321f36df152294f345d7c,838d968a6ef804062b8cacdfce2674a305813c8d3e1abd1347aaddc11c5b3d1a,6767191d31654d4d,fff1c4c19991a0fe,00642519254d8020,ffff00000000ffff,6767191d31654d4d,fff1c4c19991a0fc,493,337,external_family_8815fb2f5a601f535e8d,False,Flat print artwork without clear product form,False
amazon_reviews_2023,B0BK5514Q2,amazon_asin:B0BK5514Q2,GAGEC Valentines Day Pillow Covers 18x18 Inch Set of 4 XOXO Love Heart Holiday Truck Flowers Farmhouse Sofa Throw Pillowcase Cushion Case Home Decoration Wedding Anniversary Decor,Throw Pillow Covers,Home,details.Occasion=Home,source_exact_occasion,https://www.amazon.com/dp/B0BK5514Q2,https://m.media-amazon.com/images/I/51JZnwXt84L._AC_.jpg,data/external/rare_usage_20260906/amazon/originals/B0BK5514Q2.jpg,f98b633515ea2e1e6bbdf9188505b2e6fc74344c19298f1a091223f4ad83aaef,494,459,"Public publisher research release; retailer photo rights retained; local academic experiment, no blanket photo redistribution grant established",,,,,,,amazon_home,GAGEC,JPEG,,,,,amazon_reviews_2023:B0BK5514Q2,withhold,,Multiple products or competing scene context in the same photo,f98b633515ea2e1e6bbdf9188505b2e6fc74344c19298f1a091223f4ad83aaef,a2f7f1ef2aa36bb900444af30ea4204d145e7ca4d407c28ad0488a310f7edb3c,b2ffe4450d3e9a5eada3c1849b0b00164ec0ecd5f82f855ae75cd6623ea8b22d,4b521c147e9d06d7cf0d11047f14d53365404ba4ae7594821eb889f5045345a7,583131195a133311,ff9999ffff889888,005831315a331100,ffae8088880888ff,583131195a133311,ff9999ffff889888,494,459,external_family_f080a3a320289bb2570f,False,Multiple products or competing scene context in the same photo,False
amazon_reviews_2023,B075JBQ916,amazon_asin:B075JBQ916,"Jepeak Burlap Linen Throw Pillow Cover Rhombus Textured Cushion Case, Farmhouse Decorative Square Pillow Cover for Sofa Couch Bed (Light Cyan/Grey, 16 x 16 Inches)",Throw Pillow Covers,Home,details.Occasion=Home,source_exact_occasion,https://www.amazon.com/dp/B075JBQ916,https://m.media-amazon.com/images/I/51ONPmUkHXL._AC_.jpg,data/external/rare_usage_20260906/amazon/originals/B075JBQ916.jpg,b1a95967100fa0b52d79dc9f1a4359af52b149bb54ec3cf28f6f0d54ca2740e7,500,500,"Public publisher research release; retailer photo rights retained; local academic experiment, no blanket photo redistribution grant established",,,,,,,amazon_home,Jepeak,JPEG,,,,,amazon_reviews_2023:B075JBQ916,keep,One clear cushion/cover; original and 60x80 preview inspected,,b1a95967100fa0b52d79dc9f1a4359af52b149bb54ec3cf28f6f0d54ca2740e7,5f054e8c94d35060d886c3200b5646573e7737d70413629fa57c2eb7dc51686d,8de808f7559e3cf9d938d053c27d6e0f76372ffc281e40c577ce59202798027f,5f054e8c94d35060d886c3200b5646573e7737d70413629fa57c2eb7dc51686d,dcf9838303435191,ff7f6160e08000fd,02f9b98343439100,ffff59400000c0ff,dcf9838303435191,ff7f6160e08000fd,500,500,external_family_3243c92a55c830a98a2c,False,,True
amazon_reviews_2023,B00GTHJLG2,amazon_asin:B00GTHJLG2,Ktbean OJIA Retro Vintage London Big Ben Flower 18 X 18 Inch Cotton Linen Home Decorative Throw Cushion Cover/Pillow Sham,Throw Pillow Covers,Home,details.Occasion=Home,source_exact_occasion,https://www.amazon.com/dp/B00GTHJLG2,https://m.media-amazon.com/images/I/51nSHFwsKmL._AC_.jpg,data/external/rare_usage_20260906/amazon/originals/B00GTHJLG2.jpg,5b5e7b2ff6750dd9f5d1c610c9e43192a83194bfbe292e418022a9b4b4c70c93,476,477,"Public publisher research release; retailer photo rights retained; local academic experiment, no blanket photo redistribution grant established",,,,,,,amazon_home,OJIA,JPEG,,,,,amazon_reviews_2023:B00GTHJLG2,keep,One clear cushion/cover; original and 60x80 preview inspected,,5b5e7b2ff6750dd9f5d1c610c9e43192a83194bfbe292e418022a9b4b4c70c93,06a55c7ea6c43e48681c9f1e574a13fdb20a6e1c56a4b966aa733689e821aad0,a22c62faafa573679b41a7f0288bbb272d44b98c67b8cf97fc674eab651f5559,ce4f567bc3863e1932cdb5c5cda9a5402253afd4319d7e811fb5dd6c8a66d345,701993933333373d,ff89d9fbd181819f,0079119333333700,ffbf81f1918181ff,7019119333333335,ff89d9fbd1818181,476,477,external_family_e024c4ada9078d5028e9,False,,True
amazon_reviews_2023,B015FNKUBK,amazon_asin:B015FNKUBK,"OJIA Deluxe Home Decorative Super Soft Plush Mongolian Faux Fur Throw Pillow Cover Cushion Case (18 x 18 Inch, Mint Green)",Throw Pillow Covers,Home,details.Occasion=Home,source_exact_occasion,https://www.amazon.com/dp/B015FNKUBK,https://m.media-amazon.com/images/I/616fz8nwNpL._AC_.jpg,data/external/rare_usage_20260906/amazon/originals/B015FNKUBK.jpg,f7a487b247506085444e598dc18e8cd69dd025949ccf4f8eb4619fcbb418bd2b,393,373,"Public publisher research release; retailer photo rights retained; local academic experiment, no blanket photo redistribution grant established",,,,,,,amazon_home,,JPEG,,,,,amazon_reviews_2023:B015FNKUBK,keep,One clear cushion/cover; original and 60x80 preview inspected,,f7a487b247506085444e598dc18e8cd69dd025949ccf4f8eb4619fcbb418bd2b,d2366d04f9711fe6d31f453077f86cc5f55318394c02ebb0ac044bc38ce1f66b,745f46175fa725a8cb5a8fa19e655e8fe0dadf192007ba4186cdb90e6bcb968c,a7dfff5e9d654ecbb1e46fa674fb0542cf6ff81dbf31a9e92eb7a143c766475b,4d331311030f1713,ff8181c1c1c1819f,0049131103171300,ffef818181818bff,4d331311030f1713,ff8181c1c1c1819f,393,373,external_family_83c56a49731632fdf551,False,,True
amazon_reviews_2023,B01CV5EMDW,amazon_asin:B01CV5EMDW,"PONY DANCE Decorative Cushion Covers for Couch Soft Square Pillow Covers Light Weight Dyed Stripes Pillowcases with Hidden Zipper Design, Tint Mint, 26"" x 26"", Set of 2",Throw Pillow Covers,Home,details.Occasion=Home,source_exact_occasion,https://www.amazon.com/dp/B01CV5EMDW,https://m.media-amazon.com/images/I/51T9gzbJjzL._AC_.jpg,data/external/rare_usage_20260906/amazon/originals/B01CV5EMDW.jpg,f15136042c2eab52b190490b5c5687de6ea965bf35c636ed374d7fdecd987dfa,500,500,"Public publisher research release; retailer photo rights retained; local academic experiment, no blanket photo redistribution grant established",,,,,,,amazon_home,Peceony,JPEG,,,,,amazon_reviews_2023:B01CV5EMDW,withhold,,Multiple products or competing scene context in the same photo,f15136042c2eab52b190490b5c5687de6ea965bf35c636ed374d7fdecd987dfa,7f7bbfa507eb5a63c66fa94cc00c12271155d7e4991e79a08d7a96f603bfd73e,6832149f34ef4c178bd4435b08e5e7d82ce597173c65d9e4d54256aaea6cbc14,7f7bbfa507eb5a63c66fa94cc00c12271155d7e4991e79a08d7a96f603bfd73e,3e6aecee9e273335,0f3fff7f47010000,9876e8cc9e3331c6,ff00247f020000ff,3e6aecee9e273335,0f3fff7f47010000,500,500,external_family_a883738cc6e4b88b9159,False,Multiple products or competing scene context in the same photo,False
amazon_reviews_2023,B00UOU3WFQ,amazon_asin:B00UOU3WFQ,Queenie® - 2 Pcs Cotton Linen Pillow Case with Stamp Print Pillowcase Cushion Cover 45 X 45 Cm (18 X 18 Inch) (Paris & London - Bundle Set of 2),Throw Pillow Covers,Home,details.Occasion=Home,source_exact_occasion,https://www.amazon.com/dp/B00UOU3WFQ,https://m.media-amazon.com/images/I/51z0d8K7wOL._AC_.jpg,data/external/rare_usage_20260906/amazon/originals/B00UOU3WFQ.jpg,9ec8ea5d3f0404eaee617088ec2462d7f1061e6b73e63be42a311cfe8f1040ea,451,435,"Public publisher research release; retailer photo rights retained; local academic experiment, no blanket photo redistribution grant established",,,,,,,amazon_home,Queenie Wong,JPEG,,,,,amazon_reviews_2023:B00UOU3WFQ,withhold,,Multiple products or competing scene context in the same photo,9ec8ea5d3f0404eaee617088ec2462d7f1061e6b73e63be42a311cfe8f1040ea,c741fa513433dd4d5e08fd604824e994a7924dc174d9815bbdcea6164dc99c8b,9d208f1eac76345e004c8c484503132d22763f15a6c78a0f00d4f8231e2c8acd,ad3cef187d1c41f2e2c40bd39452f2fa672227a7ead005e9e9da46a72fb3ee9c,1c01c353131d1c1e,ece0f1e1c0878707,001c03c3131c1e82,ffece0e0000707ff,1c03cb53131d1c1e,ece0f1e1c0878707,451,435,external_family_1d76554c81d137af803c,False,Multiple products or competing scene context in the same photo,False
amazon_reviews_2023,B07SB54HFL,amazon_asin:B07SB54HFL,"TOMKEY Square Pillow Cases, Hidden Zippered 18X18Inch Video Games Controller Icon Decorative Throw Cotton Pillow Case Cushion Cover for Home Decor,Black White",Throw Pillow Covers,Home,details.Occasion=Home,source_exact_occasion,https://www.amazon.com/dp/B07SB54HFL,https://m.media-amazon.com/images/I/41-vx8zLMUL._AC_.jpg,data/external/rare_usage_20260906/amazon/originals/B07SB54HFL.jpg,c769e58a97e6cfed8b4e65e8590a3d24ddebf5aa5263df274b2aa0920b8c305e,441,427,"Public publisher research release; retailer photo rights retained; local academic experiment, no blanket photo redistribution grant established",,,,,,,amazon_home,TOMENGBEI,JPEG,,,,,amazon_reviews_2023:B07SB54HFL,keep,One clear cushion/cover; original and 60x80 preview inspected,,c769e58a97e6cfed8b4e65e8590a3d24ddebf5aa5263df274b2aa0920b8c305e,3da57549b5085003b932e1d4a0e786f9b148ac368edd4bf7d252c72402a2e21b,36a4c3b7d2bf7f803b663a2168c530cfd897131a897e2d5f7991b5b22566f980,3157630aa94044cbd68b549a3d4b2beaba66bbd44a80b75e278ab16a1a8945a4,2cb4170b33330d31,ffffc1818199e5fc,1260150f33211dc0,ffffc08181d9e4ff,2cb4170b33330d31,ffffc1818199fdfc,441,427,external_family_21a59e5115984f690bf2,False,,True
amazon_reviews_2023,B07CN7X4C2,amazon_asin:B07CN7X4C2,MIULEE Set of 4 Decorative Geometric Pillow Covers Modern Cotton Cushion Covers European Style for Couch Bed Sofa 18x18 Inch 45x45 cm,Throw Pillow Covers,Home,details.Occasion=Home,source_exact_occasion,https://www.amazon.com/dp/B07CN7X4C2,https://m.media-amazon.com/images/I/61mYzha7TOL._AC_.jpg,data/external/rare_usage_20260906/amazon/originals/B07CN7X4C2.jpg,d75a4873df297a1fb9599aa2f3b3bd929c2caf373945447e9e8dd89316d90132,450,450,"Public publisher research release; retailer photo rights retained; local academic experiment, no blanket photo redistribution grant established",,,,,,,amazon_home,MIULEE,JPEG,,,,,amazon_reviews_2023:B07CN7X4C2,withhold,,Multiple products or competing scene context in the same photo,d75a4873df297a1fb9599aa2f3b3bd929c2caf373945447e9e8dd89316d90132,ee37238206c51eebb7896b59835f8e49a088baa354d1a8457a8c7454dc6a83b2,10f3f9ebf92b0635cd651019a6ab018aa1dd87564e7b2ba62ce7848b71756dca,d8f8a87b4176f904f1e9457299ee45eae4d21b9657d6581abb051cd1e357a456,59111111d4d313d1,8f8d8908fff8d8c8,8c111111d153d1c4,ff0d080868c848ff,58111111d4d393d1,8f8d8908fff8f8c8,450,450,external_family_62ce3ec1039e95c4959d,False,Multiple products or competing scene context in the same photo,False
amazon_reviews_2023,B08FG1G9FT,amazon_asin:B08FG1G9FT,"ALIBALA Woven Cotton Boho Decorative Throw Pillow Cover, Cream Tassels Striped Accent Bohemian Pillow Cover for Sofa Couch Bedroom, Square 18""x18""",Throw Pillow Covers,Home,details.Occasion=Home,source_exact_occasion,https://www.amazon.com/dp/B08FG1G9FT,https://m.media-amazon.com/images/I/51WLExgjv5L._AC_.jpg,data/external/rare_usage_20260906/amazon/originals/B08FG1G9FT.jpg,62a9ebc07fd59eebbc04c3b26bbc42d2967b8d4a6f25da62f4af420765e24d04,500,500,"Public publisher research release; retailer photo rights retained; local academic experiment, no blanket photo redistribution grant established",,,,,,,amazon_home,ALIBALA,JPEG,,,,,amazon_reviews_2023:B08FG1G9FT,keep,One clear cushion/cover; original and 60x80 preview inspected,,62a9ebc07fd59eebbc04c3b26bbc42d2967b8d4a6f25da62f4af420765e24d04,aa2ccea7d6713280c1ae08578d55754ea89527adb55ae44f4b012cd95fdd757e,00198412f83707b58c57d7ff43215a5f9a5721708cff012726ec0136cc49997d,aa2ccea7d6713280c1ae08578d55754ea89527adb55ae44f4b012cd95fdd757e,e6c2c039b9bd24b4,f2f0f8dc1cdfd27e,19e6c239bd34a4d2,fff2f0180cc050ff,e6c2c039b9bd24b4,f2f0f8dc1cdfd27e,500,500,external_family_744494364029562d3782,False,,True
amazon_reviews_2023,B09YRBG1QQ,amazon_asin:B09YRBG1QQ,OTOSTAR Linen Throw Pillow Covers Set of 2 Decorative Square Pillowcases Cushion Covers 16x16 Inch for Home Decor Sofa Bedroom Car 40 x 40CM Brown,Throw Pillow Covers,Home,details.Occasion=Home,source_exact_occasion,https://www.amazon.com/dp/B09YRBG1QQ,https://m.media-amazon.com/images/I/51mEjVO1lRL._AC_.jpg,data/external/rare_usage_20260906/amazon/originals/B09YRBG1QQ.jpg,ad2a61686ec498b3fec9e6287e5c528d7573e9c36ba2a73e2176a7528f7fdd53,500,500,"Public publisher research release; retailer photo rights retained; local academic experiment, no blanket photo redistribution grant established",,,,,,,amazon_home,OTOSTAR,JPEG,,,,,amazon_reviews_2023:B09YRBG1QQ,withhold,,Multiple products or competing scene context in the same photo,ad2a61686ec498b3fec9e6287e5c528d7573e9c36ba2a73e2176a7528f7fdd53,f28f5c07de3b719c09c85d54a72c5bffa8ba0d65a15a914f27fc39650badb5ec,af78a88a749df8fe48ab2ac8355205a6a343fb9a0ab8f79e12ff7011384460e6,f28f5c07de3b719c09c85d54a72c5bffa8ba0d65a15a914f27fc39650badb5ec,68746521256d0d89,fcffb080800080fd,10686625256d8900,fffe97800000e0ff,68746521256d0d89,fcffb080800080fd,500,500,external_family_d92ade9edc7979b70b13,False,Multiple products or competing scene context in the same photo,False
amazon_reviews_2023,B009DAHKNI,amazon_asin:B009DAHKNI,2 Hawaiian quilt throw pillow cover 18x18 100% hand quilted/100% hand appliqued,Throw Pillow Covers,Home,details.Occasion=Home,source_exact_occasion,https://www.amazon.com/dp/B009DAHKNI,https://m.media-amazon.com/images/I/51NeJgegVDL._AC_.jpg,data/external/rare_usage_20260906/amazon/originals/B009DAHKNI.jpg,0f954c6a40abea28efbbb7b780f0c96e3be1408b7f38a7455fba9f801cfa2ae8,500,398,"Public publisher research release; retailer photo rights retained; local academic experiment, no blanket photo redistribution grant established",,,,,,,amazon_home,Hawaiian Quilt Shop,JPEG,,,,,amazon_reviews_2023:B009DAHKNI,keep,One clear cushion/cover; original and 60x80 preview inspected,,0f954c6a40abea28efbbb7b780f0c96e3be1408b7f38a7455fba9f801cfa2ae8,7e984318ac107d1b1a5f0e9fc7d79470aa2a60db826c540ddd441fd69b0dc598,1716cd6fc80c49fcac90df096a05a7464e95c26fc38777bf25309360c523c577,7e984318ac107d1b1a5f0e9fc7d79470aa2a60db826c540ddd441fd69b0dc598,2333170f373361f0,ff81c3c3838199ff,0029330e37738800,ffff81838100ffff,2333170f373361f0,ff81c3c3838199ff,500,398,external_family_03711235dfe9fe1513ea,False,,True
amazon_reviews_2023,B096FBT3R8,amazon_asin:B096FBT3R8,"Mesllings Zippered Pillow Covers Pillowcases 26X26 Inch 108 Fur Print Deerskin Fawn Gold Lumbar Decorative Throw Pillow Cover,Pillow Cases Cushion Cover for Home Sofa Bedding, Multicolor",Throw Pillow Covers,Home,details.Occasion=Home,source_exact_occasion,https://www.amazon.com/dp/B096FBT3R8,https://m.media-amazon.com/images/I/51IX6td0R2L._AC_.jpg,data/external/rare_usage_20260906/amazon/originals/B096FBT3R8.jpg,0106a30a2995a57698268f901b1357d1f9c6383c4fa85d54d638da9d598ddb47,472,494,"Public publisher research release; retailer photo rights retained; local academic experiment, no blanket photo redistribution grant established",,,,,,,amazon_home,Mesllings,JPEG,,,,,amazon_reviews_2023:B096FBT3R8,keep,One clear cushion/cover; original and 60x80 preview inspected,,0106a30a2995a57698268f901b1357d1f9c6383c4fa85d54d638da9d598ddb47,c0eeb4d1735cf7c452c3d6b7b439c26496a32924571ac9082eb7bc9ea547c4fc,1e95a723be3a4ea49f7ed080dca061d8b5b8c161899f428d3b6202332fa67bdf,b070f78c138605e672aedb2909dda2d749384999c32a4a659e8d6f4c19e92e9e,690f4d4d4d4d0f6a,ff81838181a181ff,c04d0f4d4d4d0b80,ff818180818081ff,690f4d4d4d4d0f4a,ff81838181a181ff,472,494,external_family_6eea800b38b668684378,False,,True
amazon_reviews_2023,B010UBXI8E,amazon_asin:B010UBXI8E,QINU KEONU Set of 4 Simple and Modern Elephant Mountains and Sun Cotton Linen Throw Pillow Case Cushion Cover Home Sofa Decorative 18 X 18 Inch (29),Throw Pillow Covers,Home,details.Occasion=Home,source_exact_occasion,https://www.amazon.com/dp/B010UBXI8E,https://m.media-amazon.com/images/I/51XPBZj0FWL._AC_.jpg,data/external/rare_usage_20260906/amazon/originals/B010UBXI8E.jpg,438f48381d7c0e99fca1aa450c8bd43ddd0b0fc11ad45de2627f6900e2f08706,486,481,"Public publisher research release; retailer photo rights retained; local academic experiment, no blanket photo redistribution grant established",,,,,,,amazon_home,QINU KEONU,JPEG,,,,,amazon_reviews_2023:B010UBXI8E,withhold,,Multiple products or competing scene context in the same photo,438f48381d7c0e99fca1aa450c8bd43ddd0b0fc11ad45de2627f6900e2f08706,108724b48e79a803c373ea8e6a0a69c802e93ee458c8864cf4323b4a03c4fb0a,6013f08b912193c1d2c8b55107e5b8cc8dde32c7bd7326e41af651a914a11290,81bf19d71d7905216b06407ca9d478586a664e9f4d47497e8c3e39ada3ac21aa,31333373d4543333,ffd991ffff009898,88313373d4513308,fffd90b9720090ff,31333373d4543333,fff991ffff009898,486,481,external_family_49e19f4fdc3ce1111b5f,False,Multiple products or competing scene context in the same photo,False
amazon_reviews_2023,B0C52TNGDF,amazon_asin:B0C52TNGDF,"Britimes Throw Pillow Covers Modern Home Art Decor, 20 x 20 Inches Set of 2 Pillow Cases Decorative, Abstract Oil Painting Pillowcases for Bedroom, Cushion Couch Sofa, Living Room, Teal Peacock Blue",Throw Pillow Covers,Home,details.Occasion=Home,source_exact_occasion,https://www.amazon.com/dp/B0C52TNGDF,https://m.media-amazon.com/images/I/51wjQrbknDL._AC_.jpg,data/external/rare_usage_20260906/amazon/originals/B0C52TNGDF.jpg,b0be4c67491f122bf82b4da30f65547133f2f25d1f1e551bd1e9939b75431bdc,471,424,"Public publisher research release; retailer photo rights retained; local academic experiment, no blanket photo redistribution grant established",,,,,,,amazon_home,Britimes,JPEG,,,,,amazon_reviews_2023:B0C52TNGDF,withhold,,Multiple products or competing scene context in the same photo,b0be4c67491f122bf82b4da30f65547133f2f25d1f1e551bd1e9939b75431bdc,131cebc9d6f57123baa5b276c25adb3350f41c0cc4b0b4affdfb4f4a02e3c8b4,8358ec8f3de19115d431bdab92275e00d5e3b410a82e47fe3490234356be5bfd,1447ce5cc376fd20afa84290624e8efb0631bbb6e1c4e0360e33ec98c6194bf9,d3727c75775e1e36,7f9b8c87830787df,00e3727d771e3640,ff7f00000303dfff,c3727c75775e1e3e,7f9b8c87830707cf,471,424,external_family_76b592905f54222276b1,False,Multiple products or competing scene context in the same photo,False
amazon_reviews_2023,B08SC778LR,amazon_asin:B08SC778LR,Eleroye Pack of 4 Decorative Octopus Throw Pillow Covers Navy Blue Octopus Sea Animals Watercolors Underwater World 18 x 18 Spring Fall Home Decor Zippered Cushion Cover Pillowcase Room Couch Bed,Throw Pillow Covers,Home,details.Occasion=Home,source_exact_occasion,https://www.amazon.com/dp/B08SC778LR,https://m.media-amazon.com/images/I/6124KMTIaBL._AC_.jpg,data/external/rare_usage_20260906/amazon/originals/B08SC778LR.jpg,77a0c6e5892632f544d298d9a7e27a7ef64f9868fa6a6c2dc049ad5df80a3ce3,500,500,"Public publisher research release; retailer photo rights retained; local academic experiment, no blanket photo redistribution grant established",,,,,,,amazon_home,Eleroye,JPEG,,,,,amazon_reviews_2023:B08SC778LR,withhold,,Multiple products or competing scene context in the same photo,77a0c6e5892632f544d298d9a7e27a7ef64f9868fa6a6c2dc049ad5df80a3ce3,27174782ca81b7226618f90fa38b1f8e7ba5d32c3302cb2a82da5e07b4285848,b08e90f19628cc6e1bb67b0e2a7726b7ad4706ba64dca5f2663609cf83471835,27174782ca81b7226618f90fa38b1f8e7ba5d32c3302cb2a82da5e07b4285848,991b595c3933131c,cf890907ff8989ff,009b5b5d39331100,ffc909039d89dfff,991b595c3933131c,cf890907ff8989ff,500,500,external_family_caf4513285397bebd0c3,False,Multiple products or competing scene context in the same photo,False
amazon_reviews_2023,B0BTMYKHLR,amazon_asin:B0BTMYKHLR,MADIZZ Set of 2 Soft Plush Fuzzy Short Wool Fleece Throw Pillow Covers 18x18 inch Beige Square Patterned Cushion Cases Decorative Pillow Shell for Sofa Bedroom,Throw Pillow Covers,Home,details.Occasion=Home,source_exact_occasion,https://www.amazon.com/dp/B0BTMYKHLR,https://m.media-amazon.com/images/I/51kSxHcUNnL._AC_.jpg,data/external/rare_usage_20260906/amazon/originals/B0BTMYKHLR.jpg,10095028d3f790c6ea24d0f21210c7d24385c6fcd14104943912029122f44754,500,500,"Public publisher research release; retailer photo rights retained; local academic experiment, no blanket photo redistribution grant established",,,,,,,amazon_home,MADIZZ,JPEG,,,,,amazon_reviews_2023:B0BTMYKHLR,withhold,,Multiple products or competing scene context in the same photo,10095028d3f790c6ea24d0f21210c7d24385c6fcd14104943912029122f44754,51d92382b949ca12d3c0eaf50ce3b3b3650b054abe1a782bfcfb2176144e5dd3,d6f7aaad04a838d2c99c92244b30c7c3f8fa7ff1c9766956eb46b3488833f679,51d92382b949ca12d3c0eaf50ce3b3b3650b054abe1a782bfcfb2176144e5dd3,6432a36061eccc05,bf9fff3f3f3464c0,6864236060cc0525,ff3f1b38180080ff,6432a36061eccc05,bf9fff3f3f3464c0,500,500,external_family_e6b7c34bcbefa16c6164,False,Multiple products or competing scene context in the same photo,False
amazon_reviews_2023,B07R511SJJ,amazon_asin:B07R511SJJ,Fukeen Adorable Animals Deer Pillow Cases Standard Home Kids Room Decor Giraffe Decorative Throw Pillow Cushion Cover Cotton Linen 18x18 Inch Throw Pillows,Throw Pillow Covers,Home,details.Occasion=Home,source_exact_occasion,https://www.amazon.com/dp/B07R511SJJ,https://m.media-amazon.com/images/I/51n0ky1x+VL._AC_.jpg,data/external/rare_usage_20260906/amazon/originals/B07R511SJJ.jpg,4ac9f1f0cf4edcdb4cd0de8a5ca6c5a7a0b13a0e418c7d599c618f47af42701f,487,436,"Public publisher research release; retailer photo rights retained; local academic experiment, no blanket photo redistribution grant established",,,,,,,amazon_home,Fukeen,JPEG,,,,,amazon_reviews_2023:B07R511SJJ,keep,One clear cushion/cover; original and 60x80 preview inspected,,4ac9f1f0cf4edcdb4cd0de8a5ca6c5a7a0b13a0e418c7d599c618f47af42701f,f33fb017946abc5b0c9c1d426b7dd092950583065a32b3fe9d6b5cf6e363dfa5,6eb3e55c92de98764af5332fd4baa06821c8cc091e44909e38d9644a7ef371d4,14f32f8b66ea1b0637d912811725c70051c53056728f6858177a0e6f2a186365,c44747071f0f0f5f,ffa3a38383878703,00c447470f0f5f00,ffff8381818103ff,c44747071f0f0f5f,ffa3a38383878703,487,436,external_family_7789611d9fd2839df508,False,,True
amazon_reviews_2023,B0BPBNTTNY,amazon_asin:B0BPBNTTNY,MADIZZ Pack of 2 Thick Plush Wool Throw Pillow Covers 18x18 Inch Cream Soft Decorative Cushion Cover for Sofa Bedroom Pillow Shell,Throw Pillow Covers,Home,details.Occasion=Home,source_exact_occasion,https://www.amazon.com/dp/B0BPBNTTNY,https://m.media-amazon.com/images/I/51upHQzKVYL._AC_.jpg,data/external/rare_usage_20260906/amazon/originals/B0BPBNTTNY.jpg,8ff3facd9ab59af61489a7bdb0163cedd339d009796363c65cefda5cf215f578,500,500,"Public publisher research release; retailer photo rights retained; local academic experiment, no blanket photo redistribution grant established",,,,,,,amazon_home,MADIZZ,JPEG,,,,,amazon_reviews_2023:B0BPBNTTNY,withhold,,Multiple products or competing scene context in the same photo,8ff3facd9ab59af61489a7bdb0163cedd339d009796363c65cefda5cf215f578,f43423b988a142ecdfd91a0e46ec67be36f5ec36e78214b48dfcd5ca8baf68eb,1af9aa3e882c337fbc3a5fb732b49e470761992a039d8c7da313bda405247016,f43423b988a142ecdfd91a0e46ec67be36f5ec36e78214b48dfcd5ca8baf68eb,094b2424a42404a6,e0e1fffefcfcf0c0,094b4a24a424a633,ffe0e0d0d0e0c0ff,094b2424a42404a6,e0e1fffefcfcf0c0,500,500,external_family_e6bdf90bf87943c626b7,False,Multiple products or competing scene context in the same photo,False
amazon_reviews_2023,B0893C3QRM,amazon_asin:B0893C3QRM,Kiuree Farmhouse Decorative Throw Pillow Covers 18x18 inch Cute Faux Stripe Leather Accent Pillow for Couch Boho Modern Decor Pillow (Coffee),Throw Pillow Covers,Home,details.Occasion=Home,source_exact_occasion,https://www.amazon.com/dp/B0893C3QRM,https://m.media-amazon.com/images/I/51zuNC+vZrL._AC_.jpg,data/external/rare_usage_20260906/amazon/originals/B0893C3QRM.jpg,ee308bcda405c4031be995d3f5a28235274ae6226651b7449f1b48d5712e8ea1,449,425,"Public publisher research release; retailer photo rights retained; local academic experiment, no blanket photo redistribution grant established",,,,,,,amazon_home,Kiuree,JPEG,,,,,amazon_reviews_2023:B0893C3QRM,keep,One clear cushion/cover; original and 60x80 preview inspected,,ee308bcda405c4031be995d3f5a28235274ae6226651b7449f1b48d5712e8ea1,5661181b87b183981a477fabeed580c317948580c98c6ab9798340655c2b0895,8145ca84be2c9c3b0412fc37b8813f207391d4be97ca06bec7de06261b5b5ea9,890b2db8cffc1c39732d9fe354b2055e8cb638b42a4e209819264b722fa6f631,69314d4d4d4d4dcc,bf99e7a7a7a7e7e7,08710d4d4d4dcc00,ffbd81a5a5a5e7ff,61334d4d4d4d4dcc,bf99e7a7a7a7e7e7,449,425,external_family_43ead8ccc52cea575746,False,,True
amazon_reviews_2023,B08FDWTVY1,amazon_asin:B08FDWTVY1,"MOSISO Sling Backpack,Travel Hiking Daypack Rose Rope Crossbody Shoulder Bag",Hiking Daypacks,Travel,"title=MOSISO Sling Backpack,Travel Hiking Daypack Rose Rope Crossbody Shoulder Bag",weak_title,https://www.amazon.com/dp/B08FDWTVY1,https://m.media-amazon.com/images/I/51MNbprtQ8L._AC_.jpg,data/external/rare_usage_20260906/amazon/originals/B08FDWTVY1.jpg,715d5ab9c13281d3b9a1ad6352e171aaa33fca16750a12f67ff16ef062648b7d,296,424,"Public publisher research release; retailer photo rights retained; local academic experiment, no blanket photo redistribution grant established",,,,,,,amazon_sports,MOSISO,JPEG,,,,,amazon_reviews_2023:B08FDWTVY1,withhold,,Weak source purpose/type text is not an exact occasion/style label,715d5ab9c13281d3b9a1ad6352e171aaa33fca16750a12f67ff16ef062648b7d,425e03ccf6a720bf6b62e829978dbbf72ed2a11032fa2c113e282da109699b9d,6d18e34b0ba2f32365762ec245eecc420a01361cefe570dbca59c37efeb1ca2b,3d7819903aad601def73aef3883c40b6551ab08572e941b9080ee5564d1c84a2,4e9b336959d91d19,e3c999ad280984ef,4e9b336959591d1b,e3c3c98da80985ef,4f9b336959d91d19,e3c999ad280984ef,296,424,external_family_fc1ecb402dc6c7b0ddaa,False,Weak source purpose/type text is not an exact occasion/style label,False
amazon_reviews_2023,B0BLMTBDX1,amazon_asin:B0BLMTBDX1,Ski Boot Bag for Ski Helmet Jacket Goggles Gloves Skis Snowboard & Accessories 50L Large Capacity Travel Backpack for Skiing Snowboarding Gear Padded Waterproof Ski Equipment Bag for Adults & Youth,Boot Bags,Travel,title=Ski Boot Bag for Ski Helmet Jacket Goggles Gloves Skis Snowboard & Accessories 50L Large Capacity Travel Backpack for Skiing Snowboarding Gear Padded Waterproof Ski Equipment Bag for Adults & Youth,weak_title,https://www.amazon.com/dp/B0BLMTBDX1,https://m.media-amazon.com/images/I/410nIHI1qYL._AC_.jpg,data/external/rare_usage_20260906/amazon/originals/B0BLMTBDX1.jpg,77d22414b74d006eed32f025c0bf77b439997d3be5c21e1c9cab161048514079,398,481,"Public publisher research release; retailer photo rights retained; local academic experiment, no blanket photo redistribution grant established",,,,,,,amazon_sports,FOKDUVB,JPEG,,,,,amazon_reviews_2023:B0BLMTBDX1,withhold,,Weak source purpose/type text is not an exact occasion/style label,77d22414b74d006eed32f025c0bf77b439997d3be5c21e1c9cab161048514079,b06281d1cfbd1e2dfae2accb66469465586c5ecdba94baa41423f3a3703ae375,6ef6e6308330f614683ad1ba67e0a65b9b8a86570c50c6f61314491a3aeae3fb,fec4ef2e4104c376b6113a3d305a74a4993c8e9a000a794b4da7ca7923bb644c,0502634b4b4b4b0f,f7c28081818101c7,0506224b4b4b4b0f,ffe08081810101ff,0502624b4b4b4b0f,f7c28081818101c7,398,481,external_family_ba6bfb6a9222cf1201ae,False,Weak source purpose/type text is not an exact occasion/style label,False
amazon_reviews_2023,B096PPJBS3,amazon_asin:B096PPJBS3,"USPECLARE Women Casual Mini Backpack,PU Leather Travel Shopping Bags Daypacks for Work, Security Travel, Concert & Sport Even (Silver)",Casual Daypacks,Travel,"title=USPECLARE Women Casual Mini Backpack,PU Leather Travel Shopping Bags Daypacks for Work, Security Travel, Concert & Sport Even (Silver)",weak_title,https://www.amazon.com/dp/B096PPJBS3,https://m.media-amazon.com/images/I/41bR4iEH4xL._AC_.jpg,data/external/rare_usage_20260906/amazon/originals/B096PPJBS3.jpg,fd20fc3fa30e7850c6e2a1c9857bba060f6dc83c1662f02dd7252314798d9f94,316,452,"Public publisher research release; retailer photo rights retained; local academic experiment, no blanket photo redistribution grant established",,,,,,,amazon_clothing,USPECLARE,JPEG,,,,,amazon_reviews_2023:B096PPJBS3,withhold,,Weak source purpose/type text is not an exact occasion/style label,fd20fc3fa30e7850c6e2a1c9857bba060f6dc83c1662f02dd7252314798d9f94,5e4ac422392eb66331bd0f38f2a7f1e3ce10d50b9826c2aecad55745d8efafbc,831cd3ab3101e1da8fb94e887c1dbb50494576ca18b4b66456220e5c86936ea7,9d255b586b24d684e2d9000f11b77bb589f2140023aab5d2b7ebdd8f92062a66,4daebfb1b2baf117,2f074f1f1b0f1fff,4d2c9ff1f17d7117,2f07071d190f1fff,4daebfb1b2baf017,2f074f1f1b0f1fff,316,452,external_family_59dd065eb28fa1fd8d47,False,Weak source purpose/type text is not an exact occasion/style label,False
amazon_reviews_2023,B06WGR4VS6,amazon_asin:B06WGR4VS6,Venture Pal Sling Shoulder Crossbody Bag Lightweight Hiking Outdoor Travel Backpack Daypacks (Orange),,Travel,title=Venture Pal Sling Shoulder Crossbody Bag Lightweight Hiking Outdoor Travel Backpack Daypacks (Orange),weak_title,https://www.amazon.com/dp/B06WGR4VS6,https://m.media-amazon.com/images/I/41tLhsxt-5L._AC_.jpg,data/external/rare_usage_20260906/amazon/originals/B06WGR4VS6.jpg,154e4602e6b0feee506e8bb012795f39164ce4caa3ef5e7486f8f078af351e4e,347,479,"Public publisher research release; retailer photo rights retained; local academic experiment, no blanket photo redistribution grant established",,,,,,,amazon_sports,,JPEG,,,,,amazon_reviews_2023:B06WGR4VS6,withhold,,Weak source purpose/type text is not an exact occasion/style label,154e4602e6b0feee506e8bb012795f39164ce4caa3ef5e7486f8f078af351e4e,8a6986395dbe64a9c13e8222e595454bb25455a6345ac6eb5a0fb4523bcb7fe7,d335c8352cda93736abbc320395fb5fd2afd1fe25b67d83b166be59a1534cf1e,8a6986395dbe64a9c13e8222e595454bb25455a6345ac6eb5a0fb4523bcb7fe7,4f961739353d1f47,e7c3c381c1c08021,4f961739353d0d47,e7c3c3c1c1c08123,4f961739353d1f47,e7c3c381c1c08021,347,479,external_family_5e9c5381648a24ca2ff9,False,Weak source purpose/type text is not an exact occasion/style label,False
amazon_reviews_2023,B0C4GL58FL,amazon_asin:B0C4GL58FL,"WILD FUN Self Inflating Sleeping Pad for Camping Inflatable Foam Camping Pad 2 Person with Pillow for Camping,Backpack,Hiking,Traveling (Sky Blue with Yellow)",Self-Inflating Sleeping Mats,Travel,"title=WILD FUN Self Inflating Sleeping Pad for Camping Inflatable Foam Camping Pad 2 Person with Pillow for Camping,Backpack,Hiking,Traveling (Sky Blue with Yellow)",weak_title,https://www.amazon.com/dp/B0C4GL58FL,https://m.media-amazon.com/images/I/41U3dO3VDgL._AC_.jpg,data/external/rare_usage_20260906/amazon/originals/B0C4GL58FL.jpg,abd256337a8524890c3085015b99055623f67993a89ab904cb96d137496e4732,423,433,"Public publisher research release; retailer photo rights retained; local academic experiment, no blanket photo redistribution grant established",,,,,,,amazon_sports,WILD FUN,JPEG,,,,,amazon_reviews_2023:B0C4GL58FL,withhold,,Weak source purpose/type text is not an exact occasion/style label,abd256337a8524890c3085015b99055623f67993a89ab904cb96d137496e4732,4198aa9efc154149e5c5e1114095ca37982333b1e96c42487f4f34490f58299c,7d6749670b48cf4fc13f4f87e7b0e0b5b93a3d303282c5126813a149d08b827f,29c341d97ff5f18c795e8035a4e73aa1c14d6e612e21ed70fa6d81c6243837e9,9183a222a2a2a2a2,d0c0d0d0d0505051,30938222a2a2a207,ffc0c0c0404040ff,9183a222a2a2a2a2,d4c0d0d0d0505051,423,433,external_family_7a396ba84ed9a2b8fb76,False,Weak source purpose/type text is not an exact occasion/style label,False
amazon_reviews_2023,B08CZ8BVXZ,amazon_asin:B08CZ8BVXZ,"Fltom 2 Person Camping Tent, Ultralight Backpacking Tent for 3 Seasons, Easy Setup Double Layer Outdoor Tent for Hiking Mountaineering Backpack Travel",Tents,Travel,"title=Fltom 2 Person Camping Tent, Ultralight Backpacking Tent for 3 Seasons, Easy Setup Double Layer Outdoor Tent for Hiking Mountaineering Backpack Travel",weak_title,https://www.amazon.com/dp/B08CZ8BVXZ,https://m.media-amazon.com/images/I/31A9SQylfyL._AC_.jpg,data/external/rare_usage_20260906/amazon/originals/B08CZ8BVXZ.jpg,189874f8550a2971616b72c2fca23b635e49db0a4a94d4aa3bf661f56e8086a3,496,274,"Public publisher research release; retailer photo rights retained; local academic experiment, no blanket photo redistribution grant established",,,,,,,amazon_sports,Fltom,JPEG,,,,,amazon_reviews_2023:B08CZ8BVXZ,withhold,,Weak source purpose/type text is not an exact occasion/style label,189874f8550a2971616b72c2fca23b635e49db0a4a94d4aa3bf661f56e8086a3,d5dc47b799ae84427cc556c313f5ee30c75d7c0f470d65264993ed7b6a1ae676,e00eec38cec4f5291435f85528e6e62f052b0d97cd9c3c49392e484d8772fb76,eaa7d7c234017646ad223588fd1e19d2b21c6fa3bc1f68f482c2f501f0cf9e62,0d36236961517307,ffd7dbb9b83818e3,14010e2351030003,ffffc7810001ffff,0c36236961517303,ffd7dbb9b83818c3,496,274,external_family_c73e2234a85ff8cd548c,False,Weak source purpose/type text is not an exact occasion/style label,False
amazon_reviews_2023,B0B4YJM5ZM,amazon_asin:B0B4YJM5ZM,"Concept One Peanuts 13 Inch Sleeve Backpack, Snoopy, Charlie Brown and Woodstock Padded Computer Bag for Commute or Travel, Multi",Kids' Backpacks,Travel,"title=Concept One Peanuts 13 Inch Sleeve Backpack, Snoopy, Charlie Brown and Woodstock Padded Computer Bag for Commute or Travel, Multi",weak_title,https://www.amazon.com/dp/B0B4YJM5ZM,https://m.media-amazon.com/images/I/41tpXpPUduL._AC_.jpg,data/external/rare_usage_20260906/amazon/originals/B0B4YJM5ZM.jpg,9e16bdc6ee8b84d14769a55b3ba59200925bf710bd1bd18849f8390f767661f7,413,496,"Public publisher research release; retailer photo rights retained; local academic experiment, no blanket photo redistribution grant established",,,,,,,amazon_clothing,Concept One,JPEG,,,,,amazon_reviews_2023:B0B4YJM5ZM,withhold,,Weak source purpose/type text is not an exact occasion/style label,9e16bdc6ee8b84d14769a55b3ba59200925bf710bd1bd18849f8390f767661f7,0ea1b604a4a1091c80a587820f52a9708b2e461f5fb127e71c808c89a3811187,cb8332fa74487f2262d2ec67e6b82155de25b82a9adda6f7186aa5cc6dc39ed2,be7580c13a222caf785f5438504c78d00137419c5388ab29cc18f97f3a955ecc,0f07676646023307,e7818182838399e3,0a07256646623307,ffc18182820191f7,0f07676646023307,e7c18082838399e3,413,496,external_family_f80d64dd517f66c5ac70,False,Weak source purpose/type text is not an exact occasion/style label,False
amazon_reviews_2023,B07G75F32N,amazon_asin:B07G75F32N,"YAODHAOD Dog Cat Carrier Backpack Pet Portable Backpack, Ventilated Design, 2 Pockets for Pet Accessories, Interior Collar Clip Design Suitable for Travel, Hiking (S, Leopard Print)",,Travel,"title=YAODHAOD Dog Cat Carrier Backpack Pet Portable Backpack, Ventilated Design, 2 Pockets for Pet Accessories, Interior Collar Clip Design Suitable for Travel, Hiking (S, Leopard Print)",weak_title,https://www.amazon.com/dp/B07G75F32N,https://m.media-amazon.com/images/I/51XzBQ2R9YL._AC_.jpg,data/external/rare_usage_20260906/amazon/originals/B07G75F32N.jpg,3d5fe9f1ee90cb7b5aa8a8da6aec2e25f360b2c753705cb3ce7cca284efac2f7,354,425,"Public publisher research release; retailer photo rights retained; local academic experiment, no blanket photo redistribution grant established",,,,,,,amazon_home,YAODHAOD,JPEG,,,,,amazon_reviews_2023:B07G75F32N,withhold,,Weak source purpose/type text is not an exact occasion/style label,3d5fe9f1ee90cb7b5aa8a8da6aec2e25f360b2c753705cb3ce7cca284efac2f7,3c0938c80e117c1546d9556077c75b9215daf80610bbf420637b4e352519e648,bb097f023c13eda816b9b186586f880289eebd9849d80283d868c1913ee2d9ff,d6b7b70f6edd183978b210e98f86c231db31b71235094845e2c2f029d575ab80,6b494d1737cd6b0f,bbfdc58101018183,6b4b4d17974d6b0f,ffa9c581010181e7,6b494d1737cd6b0f,bffdc58181018183,354,425,external_family_85816200baab3aea61f7,False,Weak source purpose/type text is not an exact occasion/style label,False
amazon_reviews_2023,B0725HBCWQ,amazon_asin:B0725HBCWQ,NiceEbag Weekender Duffel Bag With Micro Fiber Leather Handle 40L Water-Resistant Large Travel Bag For Business Trip,Travel Duffels,Travel,title=NiceEbag Weekender Duffel Bag With Micro Fiber Leather Handle 40L Water-Resistant Large Travel Bag For Business Trip,weak_title,https://www.amazon.com/dp/B0725HBCWQ,https://m.media-amazon.com/images/I/51CD0KyyncL._AC_.jpg,data/external/rare_usage_20260906/amazon/originals/B0725HBCWQ.jpg,4c9fa1e618bced014ef451b0fdafdc992222739a601d43bd885a7638303f37fe,469,474,"Public publisher research release; retailer photo rights retained; local academic experiment, no blanket photo redistribution grant established",,,,,,,amazon_clothing,NiceEbag,JPEG,,,,,amazon_reviews_2023:B0725HBCWQ,withhold,,Weak source purpose/type text is not an exact occasion/style label,4c9fa1e618bced014ef451b0fdafdc992222739a601d43bd885a7638303f37fe,6873280b55ce39441d5a4b57eaa01516ca6d0d0d6fe2d36cf9ec7011ba74508e,7498113dd83357057fd7e68390c9b032219d70f250a2f373b05825e864ed1a20,a8d213cbc52c11ef8c88ab2c6a1260b9958248bcba5eab076cadb876cdf888b5,862b296d6ded493f,ffffa50000000087,4c162b6ded693f20,ffffc500000083ff,062b296d6ded493f,ffffa50000000087,469,474,external_family_bdce6440f47851d5303a,False,Weak source purpose/type text is not an exact occasion/style label,False
amazon_reviews_2023,B01N2I66QY,amazon_asin:B01N2I66QY,"EasiTool Waterproof Backpack Lightweight School, Mountaineering Hiking Traveling, Laptop Student Bag, Large, Dark Blue",Camping & Hiking,Travel,"title=EasiTool Waterproof Backpack Lightweight School, Mountaineering Hiking Traveling, Laptop Student Bag, Large, Dark Blue",weak_title,https://www.amazon.com/dp/B01N2I66QY,https://m.media-amazon.com/images/I/51wXsLPtZhL._AC_.jpg,data/external/rare_usage_20260906/amazon/originals/B01N2I66QY.jpg,d135e88c21be3eaf66160046950cd0f158ed99ecda7cef481a0f5da6d1f82167,289,420,"Public publisher research release; retailer photo rights retained; local academic experiment, no blanket photo redistribution grant established",,,,,,,amazon_sports,EasiTool,JPEG,,,,,amazon_reviews_2023:B01N2I66QY,withhold,,Weak source purpose/type text is not an exact occasion/style label,d135e88c21be3eaf66160046950cd0f158ed99ecda7cef481a0f5da6d1f82167,00c70a6c2499653a25cc891c92987082cba74a9bed4f1fb4435cdb0a9a10744d,10d222f7a540ec98ba2bc0c7d912376437537887bf7e401891f2fe46e5552169,3faba959b2ba85f0157cf11fd84b14e15bda8412b015b844465991c23b8a96ff,33330b2b231b3333,dbc3838181818981,33330b3b27133333,dbc3838383818183,33330b2b231b3333,dbc3838181818981,289,420,external_family_52aa8bdedab54550bc19,False,Weak source purpose/type text is not an exact occasion/style label,False
amazon_reviews_2023,B07YD75KDF,amazon_asin:B07YD75KDF,Drawstring Sports Backpack Lightweight Swimming Sackpack Casual Outdoor Daypack for Hiking Yoga Gym Travel Beach (Blue bottom coral),Drawstring Bags,Travel,title=Drawstring Sports Backpack Lightweight Swimming Sackpack Casual Outdoor Daypack for Hiking Yoga Gym Travel Beach (Blue bottom coral),weak_title,https://www.amazon.com/dp/B07YD75KDF,https://m.media-amazon.com/images/I/51SIk8xaqeL._AC_.jpg,data/external/rare_usage_20260906/amazon/originals/B07YD75KDF.jpg,813b0680af0542d163e8573eb7269942100848b378eae6b7f520560d5f4f4f0f,283,415,"Public publisher research release; retailer photo rights retained; local academic experiment, no blanket photo redistribution grant established",,,,,,,amazon_clothing,Risefit,JPEG,,,,,amazon_reviews_2023:B07YD75KDF,withhold,,Weak source purpose/type text is not an exact occasion/style label,813b0680af0542d163e8573eb7269942100848b378eae6b7f520560d5f4f4f0f,905310e1d3df587a597d90b189ffa3ace906d697f400a929a2c249138005b16c,9b957e3f9b19b04c5804b98f58ee948e41302f31da73ac151b9ae60955241028,a600ac7d1348d7b96b5736c0814e3d887fdaed91ea41f55c530a4e3bd22cadb3,6313051f5b290d17,bbfbc1818181c083,23130b1f532b191f,bbcbc18181818183,6313051f5b2d0d17,bbfbc1818181c083,283,415,external_family_740c321c750493f64fcf,False,Weak source purpose/type text is not an exact occasion/style label,False
amazon_reviews_2023,B07DVZBM82,amazon_asin:B07DVZBM82,"NICGID Sling Backpacks, Sling Chest Bag Shoulder Crossbody Bags for Men Women Outdoor Travel",Tactical Backpacks,Travel,"title=NICGID Sling Backpacks, Sling Chest Bag Shoulder Crossbody Bags for Men Women Outdoor Travel",weak_title,https://www.amazon.com/dp/B07DVZBM82,https://m.media-amazon.com/images/I/51btEfPRsSL._AC_.jpg,data/external/rare_usage_20260906/amazon/originals/B07DVZBM82.jpg,d9e3381d117e9be8de36273fcde3856a3265f60d39a1ea0287e2883098392f48,301,499,"Public publisher research release; retailer photo rights retained; local academic experiment, no blanket photo redistribution grant established",,,,,,,amazon_sports,NICGID,JPEG,,,,,amazon_reviews_2023:B07DVZBM82,withhold,,Weak source purpose/type text is not an exact occasion/style label,d9e3381d117e9be8de36273fcde3856a3265f60d39a1ea0287e2883098392f48,93d19240ca1eeb48fda84473e09b23d70d4e5b55a3e3ee4490cb6707979fe412,f573517f495ee5b23833e34598979d3a57749a2d955e72433971ed6804e010ba,e1825e781f975ff2d0e8b66932e1f0fafea0494924136d85c992b98d87afef44,8e0c1e565a4b550c,f7e787878b0100c4,4d8d0d1d3e2b2d0d,e7e78787878381c5,8e0e1e565a4b550c,f7e787878b0500c4,301,499,external_family_95746da54866c4c2cebf,False,Weak source purpose/type text is not an exact occasion/style label,False
amazon_reviews_2023,B08MX3S8DQ,amazon_asin:B08MX3S8DQ,"Denco Las Vegas Raiders Laptop Backpack- Fits Most 17 Inch Laptops and Tablets - Ideal for Work, Travel, School, College, and Commuting",Backpacks,Travel,"title=Denco Las Vegas Raiders Laptop Backpack- Fits Most 17 Inch Laptops and Tablets - Ideal for Work, Travel, School, College, and Commuting",weak_title,https://www.amazon.com/dp/B08MX3S8DQ,https://m.media-amazon.com/images/I/41+mSbvte6S._AC_.jpg,data/external/rare_usage_20260906/amazon/originals/B08MX3S8DQ.jpg,ee19bbf1c0cfaed3d23d493b107955466a1ed66b751481e812d59f9c2ca0ae99,318,439,"Public publisher research release; retailer photo rights retained; local academic experiment, no blanket photo redistribution grant established",,,,,,,amazon_sports,Denco,JPEG,,,,,amazon_reviews_2023:B08MX3S8DQ,withhold,,Weak source purpose/type text is not an exact occasion/style label,ee19bbf1c0cfaed3d23d493b107955466a1ed66b751481e812d59f9c2ca0ae99,807dbda5924a7e9e8a6f649b054f0b20200bc4655c36b5acbf20344255ed153b,2325c23ec85967a7b218a916301710cb2a92374c29ba9e52110f73d6731009e2,9410a5036728a71c97e046d7147ca2810e41122975965e37b23f3fcdca6a4619,132723337131610f,dbc38181810001c3,132723337371610f,cbc38381810181c3,132323337131710f,dbc38181810000c1,318,439,external_family_13bb0717767e2c2d33c0,False,Weak source purpose/type text is not an exact occasion/style label,False
amazon_reviews_2023,B07238QJQ9,amazon_asin:B07238QJQ9,TOURIT Packable Travel Hiking Backpack Foldable Daypack,Hiking Daypacks,Travel,title=TOURIT Packable Travel Hiking Backpack Foldable Daypack,weak_title,https://www.amazon.com/dp/B07238QJQ9,https://m.media-amazon.com/images/I/41BcbfEwBgL._AC_.jpg,data/external/rare_usage_20260906/amazon/originals/B07238QJQ9.jpg,62926eb6a673523e97020292dfeebaa0f5d06f988ee98702ce6abb8bb5a02677,377,446,"Public publisher research release; retailer photo rights retained; local academic experiment, no blanket photo redistribution grant established",,,,,,,amazon_sports,TOURIT,JPEG,,,,,amazon_reviews_2023:B07238QJQ9,withhold,,Weak source purpose/type text is not an exact occasion/style label,62926eb6a673523e97020292dfeebaa0f5d06f988ee98702ce6abb8bb5a02677,592c289bb8b5ba6b19ebe58bebba90d6bbce48f301653d7be8a1498240b73720,3a91700cabb246c1036806e2c7437d729717f937e426fc5b507067da77f661bc,7ab0218dd7367ca5b8a0658c13881d1c34aa406c5345eb81623afea625f91e91,2a6d6d6e6e6f5b49,ef8f0707070100e0,282d6d6e6f6f4b45,ff8f0707070000ff,2a6d6d6e6e6f5b49,ef8f0707070100e0,377,446,external_family_68a337c665d5cfb9013b,False,Weak source purpose/type text is not an exact occasion/style label,False
amazon_reviews_2023,B016ZORJC6,amazon_asin:B016ZORJC6,"Gootium Canvas Leather Backpack - Vintage Causal Day Pack Travel Rucksack, Army Green",Casual Daypacks,Travel,"title=Gootium Canvas Leather Backpack - Vintage Causal Day Pack Travel Rucksack, Army Green",weak_title,https://www.amazon.com/dp/B016ZORJC6,https://m.media-amazon.com/images/I/51qJ49NVbdL._AC_.jpg,data/external/rare_usage_20260906/amazon/originals/B016ZORJC6.jpg,e4532eafff343898abdc4da8d26175175663d3851ce58aa2206b8868e157d5ab,396,475,"Public publisher research release; retailer photo rights retained; local academic experiment, no blanket photo redistribution grant established",,,,,,,amazon_clothing,Gootium,JPEG,,,,,amazon_reviews_2023:B016ZORJC6,withhold,,Weak source purpose/type text is not an exact occasion/style label,e4532eafff343898abdc4da8d26175175663d3851ce58aa2206b8868e157d5ab,e51c0d6f0a21b8bcf1dcba6c6164c03466b567eabeb805b77a8363e7dedda1b6,76329e6c7f4a5af8a6594c3b91e88cc058d823b5c4ed288f5cdd7136ff30d768,f38f7bcaece498e8b808cc9c7ba4884e948f936fa98ae205a75773d38ed6c258,0607241107050303,ffe1c0c1c1c180c1,0407251907050307,fff3c0c0c1c080e1,0607241107050703,ffe1c0c1c1c180c1,396,475,external_family_102a3f683b48e523d8d8,False,Weak source purpose/type text is not an exact occasion/style label,False
amazon_reviews_2023,B07YQPZWLS,amazon_asin:B07YQPZWLS,Cute Blobfish and Sloth Unisex Drawstring Bags Gym Backpack Bags Travel Bag for Hiking Swimming Yoga,,Travel,title=Cute Blobfish and Sloth Unisex Drawstring Bags Gym Backpack Bags Travel Bag for Hiking Swimming Yoga,weak_title,https://www.amazon.com/dp/B07YQPZWLS,https://m.media-amazon.com/images/I/41Yhc7zJh6L._AC_.jpg,data/external/rare_usage_20260906/amazon/originals/B07YQPZWLS.jpg,d3f62444eedb85ac1a6ea835cce2cec0cc54593e90017085e58dc3fad77493bc,441,459,"Public publisher research release; retailer photo rights retained; local academic experiment, no blanket photo redistribution grant established",,,,,,,amazon_sports,HHFASN,JPEG,,,,,amazon_reviews_2023:B07YQPZWLS,withhold,,Weak source purpose/type text is not an exact occasion/style label,d3f62444eedb85ac1a6ea835cce2cec0cc54593e90017085e58dc3fad77493bc,728f0b9a4aa72b3b58abd22ea1244720a898b9c60f411abf6d2a5166f1d5bee2,b3f0eae4371ded4641df1743bcad0159141dfd549cc37b0a809b11d4f0ce99d1,7dcd0a392bb9e61d335ff12355db2c77822a74fd00b92995d6393563acf7ed24,8f133b2979074b4d,e3c399bdbd818080,0c173b3979074d15,ffc3819d818100ff,8f133b2979074b4d,e3c399bdbd818080,441,459,external_family_9b1df26542d92b3014d9,False,Weak source purpose/type text is not an exact occasion/style label,False
amazon_reviews_2023,B08P8WDCLW,amazon_asin:B08P8WDCLW,jeunecheval Hand Sanitizer Keychain Holder with Travel 2OZ Refillable Bottle Easy Clips on Backpack Purse,Decorative Bottles,Travel,title=jeunecheval Hand Sanitizer Keychain Holder with Travel 2OZ Refillable Bottle Easy Clips on Backpack Purse,weak_title,https://www.amazon.com/dp/B08P8WDCLW,https://m.media-amazon.com/images/I/51kxfCYwsIL.jpg,data/external/rare_usage_20260906/amazon/originals/B08P8WDCLW.jpg,083d9b59b928e17d48d036ebd921a5d24571137b49a6d0d542d2338842caeb5b,500,500,"Public publisher research release; retailer photo rights retained; local academic experiment, no blanket photo redistribution grant established",,,,,,,amazon_home,Jeunecheval,JPEG,,,,,amazon_reviews_2023:B08P8WDCLW,withhold,,Weak source purpose/type text is not an exact occasion/style label,083d9b59b928e17d48d036ebd921a5d24571137b49a6d0d542d2338842caeb5b,fc46de97e5d9b5dbf82120719bc1733bbbec00b46a8758a76e78dc15cabfc8c2,d32f9bd4f88aa6f710f0394d43c49e765dba9e124266a203431b7b122da5f1bc,45fe1911e53cc34054fdaa77c4ceb38e14dcf651cfe4af7fb95af098e0248491,69494d050d044d49,ffffe5808080a1ff,1469490d054d4900,ffffa5808000ffff,4d494d04040c444d,ffffe7c2808000a5,500,500,external_family_f9f6268fc6bdb5e3f39b,False,Weak source purpose/type text is not an exact occasion/style label,False
amazon_reviews_2023,B09N3T55TT,amazon_asin:B09N3T55TT,Lixada Fishing Rod Case 3 Layers Oxford Fishing Rod Bag Portable Folding Fishing Rod Carrier Case Fishing Reel Tackle Storage Travel Bags 90cm/120cm/150cm Optional,Tackle Storage Bags & Wraps,Travel,title=Lixada Fishing Rod Case 3 Layers Oxford Fishing Rod Bag Portable Folding Fishing Rod Carrier Case Fishing Reel Tackle Storage Travel Bags 90cm/120cm/150cm Optional,weak_title,https://www.amazon.com/dp/B09N3T55TT,https://m.media-amazon.com/images/I/41lD4jbokEL._AC_.jpg,data/external/rare_usage_20260906/amazon/originals/B09N3T55TT.jpg,c8380e119ca6d0206c4dd4ef9253490179b319f771bbb5f05dd60d009262e06c,495,202,"Public publisher research release; retailer photo rights retained; local academic experiment, no blanket photo redistribution grant established",,,,,,,amazon_sports,Lixada,JPEG,,,,,amazon_reviews_2023:B09N3T55TT,withhold,,Weak source purpose/type text is not an exact occasion/style label,c8380e119ca6d0206c4dd4ef9253490179b319f771bbb5f05dd60d009262e06c,b5c13d239db2a1bf24113ca751334033c274eacf278236b83cf576aa3326ffab,211ec2dc69e97d57775b285ff5da1535b004c05332f498c28dddbc108642d6fd,0bf57ba055f9bf33fe14ca08f77443f53e0af6285d111722965f51c41151f3dc,c576372b8b422309,7f130381e0f0f8fd,400bc06703810c00,ffff7f01c0ffffff,c576372b8b422309,7f130381e0f0f8fd,495,202,external_family_77845d0e5dcf020e4b7b,False,Weak source purpose/type text is not an exact occasion/style label,False
amazon_reviews_2023,B0174AI0E6,amazon_asin:B0174AI0E6,Dakine Women's Over Under Travel Bag,Hiking Daypacks,Travel,title=Dakine Women's Over Under Travel Bag,weak_title,https://www.amazon.com/dp/B0174AI0E6,https://m.media-amazon.com/images/I/51vumebmP1L._AC_.jpg,data/external/rare_usage_20260906/amazon/originals/B0174AI0E6.jpg,84df97b6e0b554a04fd2dc925824e7a552aaba3a45b1127449a8ddeb18603ef8,265,500,"Public publisher research release; retailer photo rights retained; local academic experiment, no blanket photo redistribution grant established",,,,,,,amazon_sports,Dakine,JPEG,,,,,amazon_reviews_2023:B0174AI0E6,withhold,,Weak source purpose/type text is not an exact occasion/style label,84df97b6e0b554a04fd2dc925824e7a552aaba3a45b1127449a8ddeb18603ef8,ac2559c98c494b05dcf7be5376abb339e06536c0c8f4513097d5aac4c806ef48,d7c4594e3797696a042260b32eaafcde8104d2a26e03bb4a284202764f947210,fe79e673bef6446d6136a60684cc28fed763b9400d92f5429656812633924537,0b0b054445c57133,ffff800000000081,4e0b2b232b233317,ffff8181818181c3,0b0b044044c47033,ffff800000000081,265,500,external_family_ead1fc23d70dbb2f1f8f,False,Weak source purpose/type text is not an exact occasion/style label,False
amazon_reviews_2023,B085W23D7X,amazon_asin:B085W23D7X,"Solene Multi Zipper Pockets Crossbody Bag, Lightweight Travel bag, Daily Cell Phone Purses Messenger bag with Logo",Shoulder Bags,Travel,"title=Solene Multi Zipper Pockets Crossbody Bag, Lightweight Travel bag, Daily Cell Phone Purses Messenger bag with Logo",weak_title,https://www.amazon.com/dp/B085W23D7X,https://m.media-amazon.com/images/I/512VircWgUL._AC_.jpg,data/external/rare_usage_20260906/amazon/originals/B085W23D7X.jpg,e02374b8a351dbb7dcd66a67c35a485f9df88714a7ba9030e10ef3282c703027,499,497,"Public publisher research release; retailer photo rights retained; local academic experiment, no blanket photo redistribution grant established",,,,,,,amazon_clothing,Solene,JPEG,,,,,amazon_reviews_2023:B085W23D7X,withhold,,Weak source purpose/type text is not an exact occasion/style label,e02374b8a351dbb7dcd66a67c35a485f9df88714a7ba9030e10ef3282c703027,8323f11559afbc7b4c23fed1f7636fb6f3497da7ddf9c000b12dd1f6340a7559,00ee8d2cd1ca3f8105c164857508eab5b884a12c4983f47bd5b151f6c3c47c67,28db5066b1ff60c24e1e00b937a0fabf1a0f1f3547f7d6c0021d715db07c1c3b,6d6d6d6d2c0d6187,fc85848486c7ffc3,006d6d6d2c2da31b,ff9484848484d0ff,6d2d6d6d2c0d6186,fc85848686c7ffc3,499,497,external_family_ede5ec457315960b9b1c,False,Weak source purpose/type text is not an exact occasion/style label,False
amazon_reviews_2023,B09TQ977W1,amazon_asin:B09TQ977W1,Sun Awesome Swim Sports Gym Dance Soccer Backpack Pool Beach Bag Backpack Daypack with Mesh Windows for Men Women Kids Swimmers Swimming Dive Hiking Riding Travel Gears and Accessories (black),Equipment Bags,Travel,title=Sun Awesome Swim Sports Gym Dance Soccer Backpack Pool Beach Bag Backpack Daypack with Mesh Windows for Men Women Kids Swimmers Swimming Dive Hiking Riding Travel Gears and Accessories (black),weak_title,https://www.amazon.com/dp/B09TQ977W1,https://m.media-amazon.com/images/I/51WXux8g9aL._AC_.jpg,data/external/rare_usage_20260906/amazon/originals/B09TQ977W1.jpg,04b3ee625029b59302126b0bfa71fc3be6d25ad0811c8b12bfa8e1a5d58f4888,389,474,"Public publisher research release; retailer photo rights retained; local academic experiment, no blanket photo redistribution grant established",,,,,,,amazon_sports,Sun Awesome,JPEG,,,,,amazon_reviews_2023:B09TQ977W1,withhold,,Weak source purpose/type text is not an exact occasion/style label,04b3ee625029b59302126b0bfa71fc3be6d25ad0811c8b12bfa8e1a5d58f4888,86b6d1a21a5bf48243d906eb8bcafb1ba794ba193c66b53020a06e3d3fa2b604,addfaa09b63c10828e76da8a83aaed9575ab6958ff7f73e1dc2c8cdca8a68fe3,dbbb70dc53b57f20e7b40f9c043f4ce9be465dacdc3ccd86ffffad54f9fd0f8a,19075f4d46d6460e,efc10101070303e7,1b0f5f4d46d6460f,ffc10101030303ff,19075f4d46d6c60e,ef810101030303e7,389,474,external_family_acb498bc6613d45376bc,False,Weak source purpose/type text is not an exact occasion/style label,False
amazon_reviews_2023,B0BNMH18Y3,amazon_asin:B0BNMH18Y3,Roulens Women's Fashion Backpack Purses Fashion Leather Large Design Ladies College Shoulder Bags PU Leather Travel bag,Fashion Backpacks,Travel,title=Roulens Women's Fashion Backpack Purses Fashion Leather Large Design Ladies College Shoulder Bags PU Leather Travel bag,weak_title,https://www.amazon.com/dp/B0BNMH18Y3,https://m.media-amazon.com/images/I/41N-MMe-KPL._AC_.jpg,data/external/rare_usage_20260906/amazon/originals/B0BNMH18Y3.jpg,11cead50f33724dc97999f37a5e0c1763e179c764ad1e6fd6d58e3eaa5e00893,403,496,"Public publisher research release; retailer photo rights retained; local academic experiment, no blanket photo redistribution grant established",,,,,,,amazon_clothing,Roulens,JPEG,,,,,amazon_reviews_2023:B0BNMH18Y3,withhold,,Weak source purpose/type text is not an exact occasion/style label,11cead50f33724dc97999f37a5e0c1763e179c764ad1e6fd6d58e3eaa5e00893,9513fd1877685808f32579567e1726e581532d7483b26deaad4c3137f5c9bf11,1c4eba6f5a6d249f4ae38d75cc30fb8d814a35961b3b3fb2b9d7ccd6c677ebba,915838c023912d351555115736e704c8821cd02aa853b63724fc1c823bfb9912,3d4e6f391d9a1c27,9fa7b785c00080c1,394e4f391d980d27,ffa7a785c00080c3,3d4e4f399d9a1c27,9fa7b785c00880c1,403,496,external_family_33493adf88a66c22675b,False,Weak source purpose/type text is not an exact occasion/style label,False
amazon_reviews_2023,B016DXK5E8,amazon_asin:B016DXK5E8,BesToo Unisex Mini-sized PU Leather Unbalance Backpack Sling Chest Bag Lightweight Travel Crossbody Daypack(Black X),Hiking Daypacks,Travel,title=BesToo Unisex Mini-sized PU Leather Unbalance Backpack Sling Chest Bag Lightweight Travel Crossbody Daypack(Black X),weak_title,https://www.amazon.com/dp/B016DXK5E8,https://m.media-amazon.com/images/I/41WJe7w7i-L._AC_.jpg,data/external/rare_usage_20260906/amazon/originals/B016DXK5E8.jpg,2f57935788f4fafa2091ef34b7e28c65941a5ddc64405efd904a5ce3dd882b26,224,470,"Public publisher research release; retailer photo rights retained; local academic experiment, no blanket photo redistribution grant established",,,,,,,amazon_sports,,JPEG,,,,,amazon_reviews_2023:B016DXK5E8,withhold,,Weak source purpose/type text is not an exact occasion/style label,2f57935788f4fafa2091ef34b7e28c65941a5ddc64405efd904a5ce3dd882b26,1169ad92e84048c5c3d95cf271b044ed2d8fa4cab93342221d2f0c7ac89ca4c2,49aea25713c7df98e12995ce056c7489ad79b61a945cf627d48964f6cbdd33a6,12ef07d39dae1358412d349e746fe7aa8af84b5176650c30901ed08628c3e430,254c8f332b272b1b,f7f7e3c180808081,2d2d4e979f1f1f9f,f7f7e3c3c3c1c3c3,254c8f332b272b1b,f7f7e3c180800081,224,470,external_family_9a39fd2196871777c253,False,Weak source purpose/type text is not an exact occasion/style label,False
amazon_reviews_2023,B07S47DMLM,amazon_asin:B07S47DMLM,CAMTOP Beach Travel Tote Duffle Overnight Weekender Beach Bag Women Ladies Carry on Beach Tote with Trolley Sleeve (Flower A-Mint Green),Carry-Ons,Travel,title=CAMTOP Beach Travel Tote Duffle Overnight Weekender Beach Bag Women Ladies Carry on Beach Tote with Trolley Sleeve (Flower A-Mint Green),weak_title,https://www.amazon.com/dp/B07S47DMLM,https://m.media-amazon.com/images/I/21Bu02feH-L._AC_.jpg,data/external/rare_usage_20260906/amazon/originals/B07S47DMLM.jpg,439c237c756d39141ff2475c014ae4b75e8b2d47c12c30bafd41d1b69e382fd5,481,79,"Public publisher research release; retailer photo rights retained; local academic experiment, no blanket photo redistribution grant established",,,,,,,amazon_clothing,CAMTOP,JPEG,,,,,amazon_reviews_2023:B07S47DMLM,withhold,,Weak source purpose/type text is not an exact occasion/style label,439c237c756d39141ff2475c014ae4b75e8b2d47c12c30bafd41d1b69e382fd5,9877b211ff16770bb8208c4073fea8fd2f9a6c8cbc073d8f1c4e0639618da9da,f25b37404f28932cf866c708858170811941d402e293af4a91bdaa45a8c24cc8,27c8c7a6f3aa4de0aa8732032150195134ba4b486c7f2f854f08315e8d091893,76f6d37273d2d319,3a3aff3f3fff0909,0050007253005000,ffffff0000ffffff,76f6937273d2d319,3a3aff3f3fff0909,481,79,external_family_db21a9be89287eb10b67,False,Weak source purpose/type text is not an exact occasion/style label,False
amazon_reviews_2023,B08PB9LL1D,amazon_asin:B08PB9LL1D,Mardingtop Duffle Backpack 40L Molle Travel Sports Gym Carry-On Backpack for Unisex,Equipment Bags,Travel,title=Mardingtop Duffle Backpack 40L Molle Travel Sports Gym Carry-On Backpack for Unisex,weak_title,https://www.amazon.com/dp/B08PB9LL1D,https://m.media-amazon.com/images/I/41elx2GM4bL._AC_.jpg,data/external/rare_usage_20260906/amazon/originals/B08PB9LL1D.jpg,49ca0eea0d035ecdcc9246dc84094f141fce19b2d5bf10267bcaffc82ff5559e,329,484,"Public publisher research release; retailer photo rights retained; local academic experiment, no blanket photo redistribution grant established",,,,,,,amazon_sports,Mardingtop,JPEG,,,,,amazon_reviews_2023:B08PB9LL1D,withhold,,Weak source purpose/type text is not an exact occasion/style label,49ca0eea0d035ecdcc9246dc84094f141fce19b2d5bf10267bcaffc82ff5559e,9f8ca046a62d7b15a6900a6f1b092506dea562c330e7e5ac7c1018c21768aff5,962e0cb557602b82a48e2a0fa0ca209380d5c10a72bd15dd1a3e3db4d3047c22,f903df3b13ea6237024c3d084c9e59f04f61f770576f36bd83fd4dfb3154d81a,0962464e4e474707,ed808283838383c7,0927073e0727260e,ed818383838383c7,1942465e4e47470f,eda20203838303c7,329,484,external_family_c33ca29132df1102967b,False,Weak source purpose/type text is not an exact occasion/style label,False
amazon_reviews_2023,B08H4TMVFZ,amazon_asin:B08H4TMVFZ,"TQONEP Kids Fishing Poles,Portable Telescopic Fishing Rod and Reel 65 Pieces Combo Set with Travel Bag,Tackle Box and Spincast Fishing Reel Great Gift for Boys,Girls,Youth",Rod & Reel Combos,Travel,"title=TQONEP Kids Fishing Poles,Portable Telescopic Fishing Rod and Reel 65 Pieces Combo Set with Travel Bag,Tackle Box and Spincast Fishing Reel Great Gift for Boys,Girls,Youth",weak_title,https://www.amazon.com/dp/B08H4TMVFZ,https://m.media-amazon.com/images/I/51iYlVpuTPL._AC_.jpg,data/external/rare_usage_20260906/amazon/originals/B08H4TMVFZ.jpg,417c844dee05ff2db89f6a8001c488366d6c8541613514613fb0115e58178675,485,490,"Public publisher research release; retailer photo rights retained; local academic experiment, no blanket photo redistribution grant established",,,,,,,amazon_sports,TQONEP,JPEG,,,,,amazon_reviews_2023:B08H4TMVFZ,withhold,,Weak source purpose/type text is not an exact occasion/style label,417c844dee05ff2db89f6a8001c488366d6c8541613514613fb0115e58178675,8fdd44d8e5c0328c638a2c697ba698e53d90d1789a22c7e5e97f4cad954a44f6,c7301b804448d8e9f5f07071d78d2666fd17f9d6b98d0125ef0cacffb2035682,07eef6d4c721ccd5795e0eb4f2bc59ec5adb9a78ee4c244ecadb662d5874c2b1,63657359414b5d7d,f0f0f9fdf8f9fc2f,236563594949554a,fff0f07de8f806ff,616573d9414b5d7d,f0f0f9fdf8f9fc2f,485,490,external_family_6af669c456252412cc90,False,Weak source purpose/type text is not an exact occasion/style label,False
amazon_reviews_2023,B01HBB50FU,amazon_asin:B01HBB50FU,Canvas Backpack Vintage Hiking Travel Outdoor Shouder bag Carry Case Army Green #221,Hiking Daypacks,Travel,title=Canvas Backpack Vintage Hiking Travel Outdoor Shouder bag Carry Case Army Green #221,weak_title,https://www.amazon.com/dp/B01HBB50FU,https://m.media-amazon.com/images/I/61bAuHzmj8L._AC_.jpg,data/external/rare_usage_20260906/amazon/originals/B01HBB50FU.jpg,63962ebbcec240e2c925dd2c2bd08b7b3e6060a538963b98718721872f90e127,398,496,"Public publisher research release; retailer photo rights retained; local academic experiment, no blanket photo redistribution grant established",,,,,,,amazon_sports,AUKMONT,JPEG,,,,,amazon_reviews_2023:B01HBB50FU,withhold,,Weak source purpose/type text is not an exact occasion/style label,63962ebbcec240e2c925dd2c2bd08b7b3e6060a538963b98718721872f90e127,e13daac585b61be2b9abc0391d88438509dbb9584ef68e0093c26a214e37e479,087c378fdfc749fe54ec7f260d217aa12720c2f26c3e73cac3eee56f1b01722c,9128a4357989420fa1946add63761c9ca3559c7330c4527ae78471cdb44b9b90,2e335b7369494123,ffdf818100000081,2e335b7369494123,ffdf8181000000c1,2e335b7369494123,ffdf818100000081,398,496,external_family_c5fdeedae23644511e25,False,Weak source purpose/type text is not an exact occasion/style label,False
amazon_reviews_2023,B07N2WMZ3T,amazon_asin:B07N2WMZ3T,Amazon Basics Wheeled Golf Club Travel Bag - Red,Cart Bags,Travel,title=Amazon Basics Wheeled Golf Club Travel Bag - Red,weak_title,https://www.amazon.com/dp/B07N2WMZ3T,https://m.media-amazon.com/images/I/31adH0YeXlL._AC_.jpg,data/external/rare_usage_20260906/amazon/originals/B07N2WMZ3T.jpg,ad75e3e2dcd0b2ad19a14a025681fc753e343bb44cbbb6afb366861cff678bb1,159,494,"Public publisher research release; retailer photo rights retained; local academic experiment, no blanket photo redistribution grant established",,,,,,,amazon_sports,Amazon Basics,JPEG,,,,,amazon_reviews_2023:B07N2WMZ3T,withhold,,Weak source purpose/type text is not an exact occasion/style label,ad75e3e2dcd0b2ad19a14a025681fc753e343bb44cbbb6afb366861cff678bb1,92b2b2455280beb538c3113dad131c4c3de130c64d6038f82aa97ececedc6bab,d9d6569ff4afc8e45bd7418e69c31fa3d0fef6e983fef317c97a6639087007e9,cefe19ff73c15a2f948286ef5482ab4bbf521e3b02a7f1b14fafdc9d8de9a8bc,2b231b1b1b73131f,83c1c3c38303c3c3,8e0e4d4d8d9d0f4e,e7e7e7e7c7c7c7e3,2b231b1b0b731b1f,c1c1c3c38303c1c1,159,494,external_family_548b4e59ee2a1a819139,False,Weak source purpose/type text is not an exact occasion/style label,False
amazon_reviews_2023,B08465YM9L,amazon_asin:B08465YM9L,"Gonex 45L Packable Travel Backpack, Lightweight Dackpack for Hiking, Camping & Travelling Azure Blue",Hiking Daypacks,Travel,"title=Gonex 45L Packable Travel Backpack, Lightweight Dackpack for Hiking, Camping & Travelling Azure Blue",weak_title,https://www.amazon.com/dp/B08465YM9L,https://m.media-amazon.com/images/I/41V8OwJvu7L._AC_.jpg,data/external/rare_usage_20260906/amazon/originals/B08465YM9L.jpg,76a5d3a68a9e4444652230974d08572dff8736a3b4735a2216feda2ca7578209,308,485,"Public publisher research release; retailer photo rights retained; local academic experiment, no blanket photo redistribution grant established",,,,,,,amazon_sports,Gonex,JPEG,,,,,amazon_reviews_2023:B08465YM9L,withhold,,Weak source purpose/type text is not an exact occasion/style label,76a5d3a68a9e4444652230974d08572dff8736a3b4735a2216feda2ca7578209,2119f4815863aacf3a856b6982db4eda4acb9af02820c551021efb8c7c97b4d5,24f69119e9e3e2bf4680f4b725a7c5eaa3ef8b0cf52a771443de13eb23abd844,163d12caa6b6f404f635995e1d71dd936a55cfe7e2094cc6c89206d551b89c9d,0fafad8787272707,c301c1c1c1c181c3,0f1b1f1f171f230f,c383c1c1c3c1c1c3,0fafad8787272707,c301c1c1c1c181c3,308,485,external_family_0f0f3b6abe6767396c3e,False,Weak source purpose/type text is not an exact occasion/style label,False
amazon_reviews_2023,B08QZ5YQ5D,amazon_asin:B08QZ5YQ5D,"HEETA Waterproof Dry Bag for Women Men, 5L/10L/20L/30L/40L Roll Top Lightweight Dry Storage Bag Backpack with Phone Case for Travel, Swimming, Boating, Kayaking, Camping and Beach",Dry Bags,Travel,"title=HEETA Waterproof Dry Bag for Women Men, 5L/10L/20L/30L/40L Roll Top Lightweight Dry Storage Bag Backpack with Phone Case for Travel, Swimming, Boating, Kayaking, Camping and Beach",weak_title,https://www.amazon.com/dp/B08QZ5YQ5D,https://m.media-amazon.com/images/I/41C6ZPo1UJL._AC_.jpg,data/external/rare_usage_20260906/amazon/originals/B08QZ5YQ5D.jpg,7a85fed2d4eaa4425e88eec943798b1b888a26075557e3a1d220e4c271af508c,406,454,"Public publisher research release; retailer photo rights retained; local academic experiment, no blanket photo redistribution grant established",,,,,,,amazon_sports,HEETA,JPEG,,,,,amazon_reviews_2023:B08QZ5YQ5D,withhold,,Weak source purpose/type text is not an exact occasion/style label,7a85fed2d4eaa4425e88eec943798b1b888a26075557e3a1d220e4c271af508c,ec9fdcab202b5ee8b3fb831b625ae171939e67b7252b2f251c048564569ba997,058434e885516f053eae6ceffad0efa188a8c9f92bb4682520248f4ac3d309dc,5993762cf4b106005161e4e34be95307c1ddba9a3277d804761baef3aedc44ec,2474625b9fafae9e,d7be330303430707,3c24667b9baf9e1e,ff963203030303ff,2474625b9fafae9e,d7be330303430707,406,454,external_family_615b8df3e216398e61f9,False,Weak source purpose/type text is not an exact occasion/style label,False
amazon_reviews_2023,B07PKS7VGT,amazon_asin:B07PKS7VGT,"icolor Blue Starry Night Lunch Bag Tote, Soft Insulated Neoprene Food Container, Boys Girls School Office Travel Outdoor Work Lunchbox Handbag, Waterproof Food Storage Carrying Case(F-LB-167)",Lunch Bags,Travel,"title=icolor Blue Starry Night Lunch Bag Tote, Soft Insulated Neoprene Food Container, Boys Girls School Office Travel Outdoor Work Lunchbox Handbag, Waterproof Food Storage Carrying Case(F-LB-167)",weak_title,https://www.amazon.com/dp/B07PKS7VGT,https://m.media-amazon.com/images/I/51lPLZhmO+L._AC_.jpg,data/external/rare_usage_20260906/amazon/originals/B07PKS7VGT.jpg,432f983a34f464036af979f9ef4bf40bf5b1a81cea89689fa2e1bdd0dedcd246,443,490,"Public publisher research release; retailer photo rights retained; local academic experiment, no blanket photo redistribution grant established",,,,,,,amazon_home,icolor,JPEG,,,,,amazon_reviews_2023:B07PKS7VGT,withhold,,Weak source purpose/type text is not an exact occasion/style label,432f983a34f464036af979f9ef4bf40bf5b1a81cea89689fa2e1bdd0dedcd246,da0eb36c45cae1cdf41d07472e2bca939f5db9e302320ce500fc4be92c7e1df9,02f77d2b80ecd9897098ce2e5e1c107775f8723360d80c412ee5592f02fee2f4,984e0b1767b3e985333dc6b821699db1460c6e6b970283b15a0b985a829abe01,97337d666b393d1b,c3cb9d37bf818181,8e1379666b3d3f0f,ffc38d32138181ff,97337d666b393d1b,c3c99d37bf818181,443,490,external_family_33e511542e6bce697c65,False,Weak source purpose/type text is not an exact occasion/style label,False
amazon_reviews_2023,B07B38GFRY,amazon_asin:B07B38GFRY,"Personalized Licensed Kids Travel Duffel Bag - 18"" (Frozen)",Sports Duffels,Travel,"title=Personalized Licensed Kids Travel Duffel Bag - 18"" (Frozen)",weak_title,https://www.amazon.com/dp/B07B38GFRY,https://m.media-amazon.com/images/I/511yojDIZVL._AC_.jpg,data/external/rare_usage_20260906/amazon/originals/B07B38GFRY.jpg,0c592fea54a54c78e9323a85421d1e2bfdffa3c686590ef2d6a9092a25c839cb,493,287,"Public publisher research release; retailer photo rights retained; local academic experiment, no blanket photo redistribution grant established",,,,,,,amazon_clothing,DIBSIES,JPEG,,,,,amazon_reviews_2023:B07B38GFRY,withhold,,Weak source purpose/type text is not an exact occasion/style label,0c592fea54a54c78e9323a85421d1e2bfdffa3c686590ef2d6a9092a25c839cb,719f5e270618df922f8f22fb75bbb4b4ad4b9dfb8a326a80322df1a01b8c74fe,ee5931754b5d6624cf9633fa6335736066cb764de8df51ce48f4d8592f763eca,719f5e270618df922f8f22fb75bbb4b4ad4b9dfb8a326a80322df1a01b8c74fe,57b361ce4e0e0d0f,bf9900efefc7c3c3,8800338a4e0f000c,ffff01000081ffff,57b361ce4e0e0d0f,bf9900efefc7c3c3,493,287,external_family_f9ba26ea2d74449db477,False,Weak source purpose/type text is not an exact occasion/style label,False
amazon_reviews_2023,B01EJIK10W,amazon_asin:B01EJIK10W,"East West U.S.A DC2030 30"" Tactical Digital Camouflage Sports Gym Travel Duffle Gear Bag",Tactical Bags & Packs,Travel,"title=East West U.S.A DC2030 30"" Tactical Digital Camouflage Sports Gym Travel Duffle Gear Bag",weak_title,https://www.amazon.com/dp/B01EJIK10W,https://m.media-amazon.com/images/I/51HmBRGRnQL._AC_.jpg,data/external/rare_usage_20260906/amazon/originals/B01EJIK10W.jpg,6f64ab117db648b056bd62d028148a1811b1949986b5740f10d2be5a060f10a1,486,244,"Public publisher research release; retailer photo rights retained; local academic experiment, no blanket photo redistribution grant established",,,,,,,amazon_sports,East West U.S.A,JPEG,,,,,amazon_reviews_2023:B01EJIK10W,withhold,,Weak source purpose/type text is not an exact occasion/style label,6f64ab117db648b056bd62d028148a1811b1949986b5740f10d2be5a060f10a1,c2f5aba740d61065c21bf3b727681b5acf3b4fdd020d727fb21187ff3882d7bd,71f09563f0d2aba37b6311ab7824ad2806d0e27c3ef933390d0680ff33e4e454,03e2fecaa3393ec156a10b3d8d48b093ccfd6cf501924d3e61e3895bbb537f28,4f1f33554925291f,efc39b0101010183,05001f576d2d0001,ffffe7000001ffff,4f3f37d54925291f,efc39b0101010181,486,244,external_family_a1f62dc7c9e67e931ea8,False,Weak source purpose/type text is not an exact occasion/style label,False
amazon_reviews_2023,B0BWBFNKM8,amazon_asin:B0BWBFNKM8,Nevlers Inflatable Lounger Air Couch | Great as Beach Chair Camping Chairs or Lounge Chair & Includes Travel Bag Pouch and Pockets | Easy to Use Camping Accessories,Compression Sacks,Travel,title=Nevlers Inflatable Lounger Air Couch | Great as Beach Chair Camping Chairs or Lounge Chair & Includes Travel Bag Pouch and Pockets | Easy to Use Camping Accessories,weak_title,https://www.amazon.com/dp/B0BWBFNKM8,https://m.media-amazon.com/images/I/51eGZDKmYdL._AC_.jpg,data/external/rare_usage_20260906/amazon/originals/B0BWBFNKM8.jpg,64c01425ac39f4daa019127ff68542f2b0ec53c3ddb8ae6a716c63a676878802,469,465,"Public publisher research release; retailer photo rights retained; local academic experiment, no blanket photo redistribution grant established",,,,,,,amazon_sports,Nevlers,JPEG,,,,,amazon_reviews_2023:B0BWBFNKM8,withhold,,Weak source purpose/type text is not an exact occasion/style label,64c01425ac39f4daa019127ff68542f2b0ec53c3ddb8ae6a716c63a676878802,252c4e1d6f7158038069ec45519d7d563eb2002a690d0ea96b20a1ce17333fd5,255922ef72cf79e36a2b2a6df61ead6381d3ef0ff49ae573d3483a52d2805303,2a02eb4f61ed70a6ac15688ccf4b4c2007332059b0c0e44fddfbd3ec8ae2b1d4,39390393e0690947,9dfff9400000c5f3,693923d3e4094708,ff9df9400081e3ff,39390393e0690947,9dfff9480000c5f3,469,465,external_family_a2345470765b64c54936,False,Weak source purpose/type text is not an exact occasion/style label,False
amazon_reviews_2023,B082PDDD5K,amazon_asin:B082PDDD5K,POKARLA 40L Hiking Backpack Lightweight Packable Water Resistant Travel Daypack,Hiking Daypacks,Travel,title=POKARLA 40L Hiking Backpack Lightweight Packable Water Resistant Travel Daypack,weak_title,https://www.amazon.com/dp/B082PDDD5K,https://m.media-amazon.com/images/I/51snocvK4WL._AC_.jpg,data/external/rare_usage_20260906/amazon/originals/B082PDDD5K.jpg,301c6dd4c21af65faabaa1d7c57fef4e47095989e37378450f9152ed32777ae7,333,493,"Public publisher research release; retailer photo rights retained; local academic experiment, no blanket photo redistribution grant established",,,,,,,amazon_sports,POKARLA,JPEG,,,,,amazon_reviews_2023:B082PDDD5K,withhold,,Weak source purpose/type text is not an exact occasion/style label,301c6dd4c21af65faabaa1d7c57fef4e47095989e37378450f9152ed32777ae7,e9111a96f9e5a0c26f2372c3d2340c7f060cb5b51d1a198e6fe481ed05ab7c1c,def708d14ff3fba7e3567d5ad32cb542f15dde211365611771fea4b95f2e2b3c,ef6de590d2e3bd892776e3db9c8819dec5483346b23241fe3ac4a9fb84e1dc85,3333753971696513,dbc3859d81000081,33333b3b33696513,dbc3818181818181,3333753971696513,dbc3859d81000081,333,493,external_family_54bec309dcd59db41541,False,Weak source purpose/type text is not an exact occasion/style label,False
amazon_reviews_2023,B09W5GD1JT,amazon_asin:B09W5GD1JT,"TUDEQU Sling Bag Crossbody Sling Backpack with USB Charging Port, Water Resistant Shoulder Bag Outdoor Travel Hiking Daypack with WET Pocket Men Women Christmas Gifts (DARK BLUE)",Hiking Daypacks,Travel,"title=TUDEQU Sling Bag Crossbody Sling Backpack with USB Charging Port, Water Resistant Shoulder Bag Outdoor Travel Hiking Daypack with WET Pocket Men Women Christmas Gifts (DARK BLUE)",weak_title,https://www.amazon.com/dp/B09W5GD1JT,https://m.media-amazon.com/images/I/41Gyz7FmaxL._AC_.jpg,data/external/rare_usage_20260906/amazon/originals/B09W5GD1JT.jpg,44c50dfaa7b38cdc256ae10e5ccad27cbd3228da0d2491bd6d71bb775808a5e3,344,434,"Public publisher research release; retailer photo rights retained; local academic experiment, no blanket photo redistribution grant established",,,,,,,amazon_sports,TUDEQU,JPEG,,,,,amazon_reviews_2023:B09W5GD1JT,withhold,,Weak source purpose/type text is not an exact occasion/style label,44c50dfaa7b38cdc256ae10e5ccad27cbd3228da0d2491bd6d71bb775808a5e3,3664f8e7afd645bc5431968a7c5c43a1efa0ae468c634da8602761d8589b3283,1ede961f9cce7972712bb9fe3a20bca3a3257a003f7ea0a89046c6c37f4fde83,9286f668a2e4741c6c5232fed2b0779ce3aa858ad6bebd81261cf45860aeda59,9dad2e2f3b0d131b,cfc78783818181c1,9d8d2e2f3b05131b,efc7c783818101c3,9dad2e2e7b05131b,cfc78783818181c1,344,434,external_family_9d6cf1d6f9269822a00e,False,Weak source purpose/type text is not an exact occasion/style label,False
amazon_reviews_2023,B072QLMHRJ,amazon_asin:B072QLMHRJ,Murad Beauty Essentials Travel Bag,Chair Pads,Travel,title=Murad Beauty Essentials Travel Bag,weak_title,https://www.amazon.com/dp/B072QLMHRJ,https://m.media-amazon.com/images/I/51osbwgjqdL._AC_.jpg,data/external/rare_usage_20260906/amazon/originals/B072QLMHRJ.jpg,941c3602dd80b935f9f0c61d9699ac7b686a185c6f56f78e513b2e96342cbf07,450,410,"Public publisher research release; retailer photo rights retained; local academic experiment, no blanket photo redistribution grant established",,,,,,,amazon_home,Supportiback,JPEG,,,,,amazon_reviews_2023:B072QLMHRJ,withhold,,Weak source purpose/type text is not an exact occasion/style label,941c3602dd80b935f9f0c61d9699ac7b686a185c6f56f78e513b2e96342cbf07,8424e2085b462ab868a59f9c470168666ac1ce2c397a81232b9354bada8b1cef,7ec9a78cbb14d8de72985607976c2ac95a9b0a36dd02719ccaec7e71f7eaab29,a3604c6e36a59601d526ee29e6f1a103c785fb9523b8b7fdeaea7a0eb4e963b7,32d3595355752943,ff0b0d09010dffff,0032535155390310,ffff0001019fffff,32d3595355552903,ff3b0d090101ffff,450,410,external_family_801acbcbae1c9639e192,False,Weak source purpose/type text is not an exact occasion/style label,False
amazon_reviews_2023,B07D66WGJX,amazon_asin:B07D66WGJX,EasyHui Nylon Lightweight Handbags Travel Messenger Bag Large-Capacity Shoulder Bag for Women,Handbags & Purses,Travel,title=EasyHui Nylon Lightweight Handbags Travel Messenger Bag Large-Capacity Shoulder Bag for Women,weak_title,https://www.amazon.com/dp/B07D66WGJX,https://m.media-amazon.com/images/I/41ItjWwcgbL._AC_.jpg,data/external/rare_usage_20260906/amazon/originals/B07D66WGJX.jpg,34c7f0fb36893ac146bfd7051cb287e04a7aae63278dd47c300c884f089b639d,473,388,"Public publisher research release; retailer photo rights retained; local academic experiment, no blanket photo redistribution grant established",,,,,,,amazon_sports,EasyHui,JPEG,,,,,amazon_reviews_2023:B07D66WGJX,withhold,,Weak source purpose/type text is not an exact occasion/style label,34c7f0fb36893ac146bfd7051cb287e04a7aae63278dd47c300c884f089b639d,44bcaf3ddfc2fcf301f99508ccae7190efc65aa9cfc84684782084712776ec7c,a6039fa0a545165c7b8d405a5975f3ad47169ae14ac0f644eb51a4af90fa3b01,d41ba9aff276822078d3e4c4b854b845f66a1a4d8357568ab269fceb23a101d5,0f34374b2b232a2f,ffff930101018383,410c37370b2b2f00,ffffd7010000cfff,0f34375b2b232a2b,ffff930101018383,473,388,external_family_93d5d0960ef452de4ff2,False,Weak source purpose/type text is not an exact occasion/style label,False
amazon_reviews_2023,B01ICAHSX6,amazon_asin:B01ICAHSX6,Arc'teryx Brize 25 Backpack | Daypack for Hiking Travel and Everyday Use,Casual Daypacks,Travel,title=Arc'teryx Brize 25 Backpack | Daypack for Hiking Travel and Everyday Use,weak_title,https://www.amazon.com/dp/B01ICAHSX6,https://m.media-amazon.com/images/I/31NJ2H3It7L._AC_.jpg,data/external/rare_usage_20260906/amazon/originals/B01ICAHSX6.jpg,3ea0d63ccc5a6dd0ecfc96278c1a16a09ae34a1248cb8414222e1446d0eace52,251,352,"Public publisher research release; retailer photo rights retained; local academic experiment, no blanket photo redistribution grant established",,,,,,,amazon_clothing,Arc'teryx,JPEG,,,,,amazon_reviews_2023:B01ICAHSX6,withhold,,Weak source purpose/type text is not an exact occasion/style label,3ea0d63ccc5a6dd0ecfc96278c1a16a09ae34a1248cb8414222e1446d0eace52,01aadb8ed277cfc130c9d27b695be1419d09062c66084c0dd04a0145926ee863,5f8dbf8d53c99fc5bc71bfcf6a06ddc1a1007acc887b31c3a7ae0c440d018a3c,84aaad558eb44bc8c133e70e709139aae6181b87798d9dc3e49c25de421f8605,0f9d1d4d4d4d098f,e1c1c0a0a0e0c0e3,0f9d1d4d0d0d094f,e1c1c1a1a1e1c1e3,0f9d1d4d4d4d098f,e1c1c0a0a0e0c0e1,251,352,external_family_bd22ae443eeab156770b,False,Weak source purpose/type text is not an exact occasion/style label,False
amazon_reviews_2023,B09XJZNRFF,amazon_asin:B09XJZNRFF,Backpack for Girls Backpacks Kids School Bookbag for Elementary Students Full Size Travel Bag with lunch box,Kids' Backpacks,Travel,title=Backpack for Girls Backpacks Kids School Bookbag for Elementary Students Full Size Travel Bag with lunch box,weak_title,https://www.amazon.com/dp/B09XJZNRFF,https://m.media-amazon.com/images/I/51nrDxYKkWL._AC_.jpg,data/external/rare_usage_20260906/amazon/originals/B09XJZNRFF.jpg,689f9cca01357a6988f162037856c3d3cd1c8d13322f49c40df8d332526401cd,484,489,"Public publisher research release; retailer photo rights retained; local academic experiment, no blanket photo redistribution grant established",,,,,,,amazon_clothing,Meetbelify,JPEG,,,,,amazon_reviews_2023:B09XJZNRFF,withhold,,Weak source purpose/type text is not an exact occasion/style label,689f9cca01357a6988f162037856c3d3cd1c8d13322f49c40df8d332526401cd,95cd0e044ab4b9c79d14193cd3cfc7f0c0b55d725a5042423ad82ec9e0566ed9,ae26ae8267685392f12be75569114e8926eee97c56cddb419df22ffd18ceae6d,95cd0e044ab4b9c79d14193cd3cfc7f0c0b55d725a5042423ad82ec9e0566ed9,13393d36916c2465,ff898783c00e00b0,10333d3e94242509,ffd98403000080ff,13393d36916c2465,ff898783c00e00b0,484,489,external_family_9197e3147d5bb4ec988a,False,Weak source purpose/type text is not an exact occasion/style label,False
Amazon Berkeley Objects,B07116WMZ5,abo:find:almoq1w106,"find. Women's Almoq-1w106 Loafers, Black, 8 US",SHOES,Smart Casual,"[{""field"": ""bullet_point"", ""language_tag"": ""en_CA"", ""value"": ""Smart casual""}]",source_exact_style,https://amazon.ca/dp/B07116WMZ5,https://amazon-berkeley-objects.s3.us-east-1.amazonaws.com/images/original/20/20a4a3e2.jpg,data/external/rare_usage_20260906/abo/B07116WMZ5.jpg,1f84d332b5c32c7ebdd40bf1cbd5da112fea62c2c9cf347755e10e0f01e0b640,1969,2560,Official ABO release CC BY 4.0; see source license and attribution,,,,,,,,find.,,71Er2vDxZ0L,ALMOQ-1W106,False,gross_visual_check_pass,Amazon Berkeley Objects:B07116WMZ5,keep,Single boot/loafer photo; repeated source images need duplicate removal,,1f84d332b5c32c7ebdd40bf1cbd5da112fea62c2c9cf347755e10e0f01e0b640,6b55564635c2d492fbc66ca77a3576af07766ea916ae8f439459a87ecdd228fc,e64129cd09f8eb45fe2aa3547882e9d04870a2dbc8283552cea12b0354250785,09f96e358485764bccb461c7aace1ebf334b090837195601ef5e24d49c976ca7,00000934080b0b00,ffffffffff8181ff,00000934090b1b00,ffffffffff8181ff,4819154d19190109,ffe8800084ffffff,1969,2560,external_family_d12ba9b33e05dec2f36e,False,,True
Amazon Berkeley Objects,B07116WPHF,abo:find:almoq1w106,"FIND Women’s Loafers in Leather with Soft Back, Red (Burgundy), 5 UK,ALMOQ-1W1-06",SHOES,Smart Casual,"[{""field"": ""bullet_point"", ""language_tag"": ""en_AE"", ""value"": ""Smart casual""}]",source_exact_style,https://amazon.sa/dp/B07116WPHF,https://amazon-berkeley-objects.s3.us-east-1.amazonaws.com/images/original/36/3662c001.jpg,data/external/rare_usage_20260906/abo/B07116WPHF.jpg,250c8e453e19a4e633bee9b591bfde05267df4ced0a8795ce91b4639c3935e5d,1969,2560,Official ABO release CC BY 4.0; see source license and attribution,,,,,,,,find.|فايند,,71U1Nx2vKhL,ALMOQ-1W106,False,gross_visual_check_pass,Amazon Berkeley Objects:B07116WPHF,keep,Single boot/loafer photo; repeated source images need duplicate removal,,250c8e453e19a4e633bee9b591bfde05267df4ced0a8795ce91b4639c3935e5d,f3eeacab793a73cecf3d06d1b6f39fe5308a2171e79a0cc52e2e1e4403c8f544,72b104b2f57d9c475fbf73b85accdd95928454119cb8803c3c500065b36b20e0,2a25ba7f87de7fa2c7a34d09efe6f022e3342fe731dbc494e4d14895b6099c83,00000934090b1b00,ffffffffff8181ff,00000934090b1b00,ffffffffff8181ff,4819176d19391109,fee0800084ffffff,1969,2560,external_family_d12ba9b33e05dec2f36e,False,,True
Amazon Berkeley Objects,B0713SKPF5,abo:find:almoq1w106,"find. Women's Almoq-1w106 Loafers, Silver, 8",SHOES,Smart Casual,"[{""field"": ""bullet_point"", ""language_tag"": ""en_CA"", ""value"": ""Smart casual""}]",source_exact_style,https://amazon.ca/dp/B0713SKPF5,https://amazon-berkeley-objects.s3.us-east-1.amazonaws.com/images/original/9e/9e7de9d3.jpg,data/external/rare_usage_20260906/abo/B0713SKPF5.jpg,79207e0dc49ef5bb9c6d02c85f7f315b56f19e4d1fcec5943c16bca35a45de3a,1969,2560,Official ABO release CC BY 4.0; see source license and attribution,,,,,,,,find.,,71VX8HE--CL,ALMOQ-1W106,False,gross_visual_check_pass,Amazon Berkeley Objects:B0713SKPF5,keep,Single boot/loafer photo; repeated source images need duplicate removal,,79207e0dc49ef5bb9c6d02c85f7f315b56f19e4d1fcec5943c16bca35a45de3a,1f4a53d7fdbe29ffd30dd3cc71c001f5e94e0b2580fc22bb8617272a6dd8dd1f,1e18c938421942c5e4cf1407a4fe4cf7e3e1202c2abfa4be8a85b8dab7855f61,15d0980012d84bda1e14456c0c615da30bfa0b027ee95b56f45bdbfa36aac044,000000200a0b1b00,ffffffffff8181ff,000000200a0b1b00,ffffffffff8181ff,481927cc19198719,ffe9816600ccffff,1969,2560,external_family_d12ba9b33e05dec2f36e,False,,True
Amazon Berkeley Objects,B0718YX1ZV,abo:find:almoq1w106,"find. Women's Almoq-1w106 Loafers, Silver, 8 US",SHOES,Smart Casual,"[{""field"": ""bullet_point"", ""language_tag"": ""en_CA"", ""value"": ""Smart casual""}]",source_exact_style,https://amazon.ca/dp/B0718YX1ZV,https://amazon-berkeley-objects.s3.us-east-1.amazonaws.com/images/original/9e/9e7de9d3.jpg,data/external/rare_usage_20260906/abo/B0718YX1ZV.jpg,79207e0dc49ef5bb9c6d02c85f7f315b56f19e4d1fcec5943c16bca35a45de3a,1969,2560,Official ABO release CC BY 4.0; see source license and attribution,,,,,,,,find.,,71VX8HE--CL,ALMOQ-1W106,False,gross_visual_check_pass,Amazon Berkeley Objects:B0718YX1ZV,keep,Single boot/loafer photo; repeated source images need duplicate removal,,79207e0dc49ef5bb9c6d02c85f7f315b56f19e4d1fcec5943c16bca35a45de3a,1f4a53d7fdbe29ffd30dd3cc71c001f5e94e0b2580fc22bb8617272a6dd8dd1f,1e18c938421942c5e4cf1407a4fe4cf7e3e1202c2abfa4be8a85b8dab7855f61,15d0980012d84bda1e14456c0c615da30bfa0b027ee95b56f45bdbfa36aac044,000000200a0b1b00,ffffffffff8181ff,000000200a0b1b00,ffffffffff8181ff,481927cc19198719,ffe9816600ccffff,1969,2560,external_family_d12ba9b33e05dec2f36e,False,Repeated prepared RGB image; keep one deterministic source representative,False
Amazon Berkeley Objects,B071KX6KB2,abo:find:almoq1w106,find. Womens Almoq-1w106 Loafers,SHOES,Smart Casual,"[{""field"": ""bullet_point"", ""language_tag"": ""en_CA"", ""value"": ""Smart casual""}]",source_exact_style,https://amazon.ca/dp/B071KX6KB2,https://amazon-berkeley-objects.s3.us-east-1.amazonaws.com/images/original/20/20a4a3e2.jpg,data/external/rare_usage_20260906/abo/B071KX6KB2.jpg,1f84d332b5c32c7ebdd40bf1cbd5da112fea62c2c9cf347755e10e0f01e0b640,1969,2560,Official ABO release CC BY 4.0; see source license and attribution,,,,,,,,find.,,71Er2vDxZ0L,ALMOQ-1W106,False,gross_visual_check_pass,Amazon Berkeley Objects:B071KX6KB2,keep,Single boot/loafer photo; repeated source images need duplicate removal,,1f84d332b5c32c7ebdd40bf1cbd5da112fea62c2c9cf347755e10e0f01e0b640,6b55564635c2d492fbc66ca77a3576af07766ea916ae8f439459a87ecdd228fc,e64129cd09f8eb45fe2aa3547882e9d04870a2dbc8283552cea12b0354250785,09f96e358485764bccb461c7aace1ebf334b090837195601ef5e24d49c976ca7,00000934080b0b00,ffffffffff8181ff,00000934090b1b00,ffffffffff8181ff,4819154d19190109,ffe8800084ffffff,1969,2560,external_family_d12ba9b33e05dec2f36e,False,Repeated prepared RGB image; keep one deterministic source representative,False
Amazon Berkeley Objects,B071RN7KNH,abo:find:ida2w410,"find. Amazon Brand Women’s Chelsea Boots in Leather with Flexi-Sole, Black, US 9.5",BOOT,Smart Casual,"[{""field"": ""bullet_point"", ""language_tag"": ""en_CA"", ""value"": ""Smart casual""}]",source_exact_style,https://amazon.ca/dp/B071RN7KNH,https://amazon-berkeley-objects.s3.us-east-1.amazonaws.com/images/original/86/86af4f26.jpg,data/external/rare_usage_20260906/abo/B071RN7KNH.jpg,9905253225cf3e11bad3c02c1756ccf19fe8f17c6c185e545d1631f09b959eb2,1523,1040,Official ABO release CC BY 4.0; see source license and attribution,,,,,,,,find.,,61oE2Ce-mUL,IDA -2W4-10,False,gross_visual_check_pass,Amazon Berkeley Objects:B071RN7KNH,keep,Single boot/loafer photo; repeated source images need duplicate removal,,9905253225cf3e11bad3c02c1756ccf19fe8f17c6c185e545d1631f09b959eb2,62202195d8c55afae61d0dae811b0789d92583d37e8636acbe7d789b5f868229,ffa19870db0b250cc3c27f7d1271965a91eb9ef8bb942925af1061db5b68cc5b,5b2559ed17f6197f6338e5ccc5b8f00944d09198828c8ee3ded61b8507d5a193,172125250d093519,fbf8f1f0e0e00084,090623050d191944,fffff0f0c000ffff,1721252509093719,fbf8f0f0e0e00084,1523,1040,external_family_4d4ad9b0de0fef8547ad,False,,True
Amazon Berkeley Objects,B071RN7NC9,abo:find:almoq1w106,"find. Women's Almoq-1w106 Loafers, Black, 8",SHOES,Smart Casual,"[{""field"": ""bullet_point"", ""language_tag"": ""en_CA"", ""value"": ""Smart casual""}]",source_exact_style,https://amazon.ca/dp/B071RN7NC9,https://amazon-berkeley-objects.s3.us-east-1.amazonaws.com/images/original/20/20a4a3e2.jpg,data/external/rare_usage_20260906/abo/B071RN7NC9.jpg,1f84d332b5c32c7ebdd40bf1cbd5da112fea62c2c9cf347755e10e0f01e0b640,1969,2560,Official ABO release CC BY 4.0; see source license and attribution,,,,,,,,find.,,71Er2vDxZ0L,ALMOQ-1W106,False,gross_visual_check_pass,Amazon Berkeley Objects:B071RN7NC9,keep,Single boot/loafer photo; repeated source images need duplicate removal,,1f84d332b5c32c7ebdd40bf1cbd5da112fea62c2c9cf347755e10e0f01e0b640,6b55564635c2d492fbc66ca77a3576af07766ea916ae8f439459a87ecdd228fc,e64129cd09f8eb45fe2aa3547882e9d04870a2dbc8283552cea12b0354250785,09f96e358485764bccb461c7aace1ebf334b090837195601ef5e24d49c976ca7,00000934080b0b00,ffffffffff8181ff,00000934090b1b00,ffffffffff8181ff,4819154d19190109,ffe8800084ffffff,1969,2560,external_family_d12ba9b33e05dec2f36e,False,Repeated prepared RGB image; keep one deterministic source representative,False
Amazon Berkeley Objects,B071Y62T7G,abo:find:almoq1w106,"find. Women's Almoq-1w106 Loafers, Silver, 5 UK",SHOES,Smart Casual,"[{""field"": ""bullet_point"", ""language_tag"": ""en_CA"", ""value"": ""Smart casual""}]",source_exact_style,https://amazon.ca/dp/B071Y62T7G,https://amazon-berkeley-objects.s3.us-east-1.amazonaws.com/images/original/9e/9e7de9d3.jpg,data/external/rare_usage_20260906/abo/B071Y62T7G.jpg,79207e0dc49ef5bb9c6d02c85f7f315b56f19e4d1fcec5943c16bca35a45de3a,1969,2560,Official ABO release CC BY 4.0; see source license and attribution,,,,,,,,find.,,71VX8HE--CL,ALMOQ-1W106,False,gross_visual_check_pass,Amazon Berkeley Objects:B071Y62T7G,keep,Single boot/loafer photo; repeated source images need duplicate removal,,79207e0dc49ef5bb9c6d02c85f7f315b56f19e4d1fcec5943c16bca35a45de3a,1f4a53d7fdbe29ffd30dd3cc71c001f5e94e0b2580fc22bb8617272a6dd8dd1f,1e18c938421942c5e4cf1407a4fe4cf7e3e1202c2abfa4be8a85b8dab7855f61,15d0980012d84bda1e14456c0c615da30bfa0b027ee95b56f45bdbfa36aac044,000000200a0b1b00,ffffffffff8181ff,000000200a0b1b00,ffffffffff8181ff,481927cc19198719,ffe9816600ccffff,1969,2560,external_family_d12ba9b33e05dec2f36e,False,Repeated prepared RGB image; keep one deterministic source representative,False
Amazon Berkeley Objects,B071YPBH4C,abo:find:ida2w410,"find. Amazon Brand Women’s Chelsea Boots in Leather with Flexi-Sole, Black, US 10.5",BOOT,Smart Casual,"[{""field"": ""bullet_point"", ""language_tag"": ""en_CA"", ""value"": ""Smart casual""}]",source_exact_style,https://amazon.ca/dp/B071YPBH4C,https://amazon-berkeley-objects.s3.us-east-1.amazonaws.com/images/original/86/86af4f26.jpg,data/external/rare_usage_20260906/abo/B071YPBH4C.jpg,9905253225cf3e11bad3c02c1756ccf19fe8f17c6c185e545d1631f09b959eb2,1523,1040,Official ABO release CC BY 4.0; see source license and attribution,,,,,,,,find.,,61oE2Ce-mUL,IDA -2W4-10,False,gross_visual_check_pass,Amazon Berkeley Objects:B071YPBH4C,keep,Single boot/loafer photo; repeated source images need duplicate removal,,9905253225cf3e11bad3c02c1756ccf19fe8f17c6c185e545d1631f09b959eb2,62202195d8c55afae61d0dae811b0789d92583d37e8636acbe7d789b5f868229,ffa19870db0b250cc3c27f7d1271965a91eb9ef8bb942925af1061db5b68cc5b,5b2559ed17f6197f6338e5ccc5b8f00944d09198828c8ee3ded61b8507d5a193,172125250d093519,fbf8f1f0e0e00084,090623050d191944,fffff0f0c000ffff,1721252509093719,fbf8f0f0e0e00084,1523,1040,external_family_4d4ad9b0de0fef8547ad,False,Repeated prepared RGB image; keep one deterministic source representative,False
Amazon Berkeley Objects,B071YPBMZW,abo:find:almoq1w106,"find. Women's Almoq-1w106 Loafers, Red Burgundy, 8",SHOES,Smart Casual,"[{""field"": ""bullet_point"", ""language_tag"": ""en_US"", ""value"": ""Smart casual""}]",source_exact_style,https://amazon.com/dp/B071YPBMZW,https://amazon-berkeley-objects.s3.us-east-1.amazonaws.com/images/original/36/3662c001.jpg,data/external/rare_usage_20260906/abo/B071YPBMZW.jpg,250c8e453e19a4e633bee9b591bfde05267df4ced0a8795ce91b4639c3935e5d,1969,2560,Official ABO release CC BY 4.0; see source license and attribution,,,,,,,,find.,,71U1Nx2vKhL,ALMOQ-1W106,False,gross_visual_check_pass,Amazon Berkeley Objects:B071YPBMZW,keep,Single boot/loafer photo; repeated source images need duplicate removal,,250c8e453e19a4e633bee9b591bfde05267df4ced0a8795ce91b4639c3935e5d,f3eeacab793a73cecf3d06d1b6f39fe5308a2171e79a0cc52e2e1e4403c8f544,72b104b2f57d9c475fbf73b85accdd95928454119cb8803c3c500065b36b20e0,2a25ba7f87de7fa2c7a34d09efe6f022e3342fe731dbc494e4d14895b6099c83,00000934090b1b00,ffffffffff8181ff,00000934090b1b00,ffffffffff8181ff,4819176d19391109,fee0800084ffffff,1969,2560,external_family_d12ba9b33e05dec2f36e,False,Repeated prepared RGB image; keep one deterministic source representative,False
Amazon Berkeley Objects,B07255FKTS,abo:find:ida2w410,"find. Amazon Brand Women’s Chelsea Boots in Leather with Flexi-Sole, Brown (Congo), US 6.5",BOOT,Smart Casual,"[{""field"": ""bullet_point"", ""language_tag"": ""en_CA"", ""value"": ""Smart casual""}]",source_exact_style,https://amazon.ca/dp/B07255FKTS,https://amazon-berkeley-objects.s3.us-east-1.amazonaws.com/images/original/5f/5fdc8e6a.jpg,data/external/rare_usage_20260906/abo/B07255FKTS.jpg,b6e2078bfa7e15eb6997f6dacbfa1afe494d5b5286c92189ece094bc233b911e,1498,1030,Official ABO release CC BY 4.0; see source license and attribution,,,,,,,,find.,,71gjcdJqBdL,IDA -2W4-10,False,gross_visual_check_pass,Amazon Berkeley Objects:B07255FKTS,keep,Single boot/loafer photo; repeated source images need duplicate removal,,b6e2078bfa7e15eb6997f6dacbfa1afe494d5b5286c92189ece094bc233b911e,9bbc321913625b677d0218df935d4a9f344321585f8831403c487c021c171f98,f02c1439c037467ac4713f2f36100187d2823deda572f9afdf5d7c4ef0cd2466,e2a161c55f31120c2842028c3d79fe1d15f94295f3c8e5ac8797d7d526460be8,1621252509036719,fbf8f0f0e0c000c4,0916230505191944,fffff0f08000ffff,1221252509036719,fbf8f0f0e0c00080,1498,1030,external_family_4d4ad9b0de0fef8547ad,False,,True
Amazon Berkeley Objects,B07255V34N,abo:find:ida2w410,find. Womens Flexi-Sole Leather Chelsea Boots Ankle Boot,BOOT,Smart Casual,"[{""field"": ""bullet_point"", ""language_tag"": ""en_CA"", ""value"": ""Smart casual""}]",source_exact_style,https://amazon.ca/dp/B07255V34N,https://amazon-berkeley-objects.s3.us-east-1.amazonaws.com/images/original/65/65ec7605.jpg,data/external/rare_usage_20260906/abo/B07255V34N.jpg,8c528f4524be9845cf8337d4bd72ef37d633b01941134be499d1437ab881fbed,1479,1020,Official ABO release CC BY 4.0; see source license and attribution,,,,,,,,find.,,71DqIpX81iL,IDA-2W4-10,False,gross_visual_check_pass,Amazon Berkeley Objects:B07255V34N,keep,Single boot/loafer photo; repeated source images need duplicate removal,,8c528f4524be9845cf8337d4bd72ef37d633b01941134be499d1437ab881fbed,ec7d44888109338fdd2ab6392ca56bb1e9f057cc91e5b4e64661baf0e9164b9b,dcf0072ce9634aee917f757934695798bee7746d322bd691fd360d5e00ca3ed4,245042be7fa5fe148283f399acd5c734841cbc43b161563c07de29b93cec0c47,1601252509096119,fbf8f0f0e0c00080,0106020509191984,fffff0f0c000ffff,1201252509096119,fbf8f0f0f0c00080,1479,1020,external_family_4d4ad9b0de0fef8547ad,False,,True
Amazon Berkeley Objects,B0727R3L19,abo:find:almoq1w106,"find. Women's Almoq-1w106 Loafers, Red Burgundy, 8 US",SHOES,Smart Casual,"[{""field"": ""bullet_point"", ""language_tag"": ""en_CA"", ""value"": ""Smart casual""}]",source_exact_style,https://amazon.ca/dp/B0727R3L19,https://amazon-berkeley-objects.s3.us-east-1.amazonaws.com/images/original/36/3662c001.jpg,data/external/rare_usage_20260906/abo/B0727R3L19.jpg,250c8e453e19a4e633bee9b591bfde05267df4ced0a8795ce91b4639c3935e5d,1969,2560,Official ABO release CC BY 4.0; see source license and attribution,,,,,,,,find.,,71U1Nx2vKhL,ALMOQ-1W106,False,gross_visual_check_pass,Amazon Berkeley Objects:B0727R3L19,keep,Single boot/loafer photo; repeated source images need duplicate removal,,250c8e453e19a4e633bee9b591bfde05267df4ced0a8795ce91b4639c3935e5d,f3eeacab793a73cecf3d06d1b6f39fe5308a2171e79a0cc52e2e1e4403c8f544,72b104b2f57d9c475fbf73b85accdd95928454119cb8803c3c500065b36b20e0,2a25ba7f87de7fa2c7a34d09efe6f022e3342fe731dbc494e4d14895b6099c83,00000934090b1b00,ffffffffff8181ff,00000934090b1b00,ffffffffff8181ff,4819176d19391109,fee0800084ffffff,1969,2560,external_family_d12ba9b33e05dec2f36e,False,Repeated prepared RGB image; keep one deterministic source representative,False
Amazon Berkeley Objects,B0727R3YBJ,abo:find:almoq1w106,"find. Women's Almoq-1w106 Loafers, Red Burgundy, us-0 / asia size s",SHOES,Smart Casual,"[{""field"": ""bullet_point"", ""language_tag"": ""en_CA"", ""value"": ""Smart casual""}]",source_exact_style,https://amazon.ca/dp/B0727R3YBJ,https://amazon-berkeley-objects.s3.us-east-1.amazonaws.com/images/original/36/3662c001.jpg,data/external/rare_usage_20260906/abo/B0727R3YBJ.jpg,250c8e453e19a4e633bee9b591bfde05267df4ced0a8795ce91b4639c3935e5d,1969,2560,Official ABO release CC BY 4.0; see source license and attribution,,,,,,,,find.,,71U1Nx2vKhL,ALMOQ-1W106,False,gross_visual_check_pass,Amazon Berkeley Objects:B0727R3YBJ,keep,Single boot/loafer photo; repeated source images need duplicate removal,,250c8e453e19a4e633bee9b591bfde05267df4ced0a8795ce91b4639c3935e5d,f3eeacab793a73cecf3d06d1b6f39fe5308a2171e79a0cc52e2e1e4403c8f544,72b104b2f57d9c475fbf73b85accdd95928454119cb8803c3c500065b36b20e0,2a25ba7f87de7fa2c7a34d09efe6f022e3342fe731dbc494e4d14895b6099c83,00000934090b1b00,ffffffffff8181ff,00000934090b1b00,ffffffffff8181ff,4819176d19391109,fee0800084ffffff,1969,2560,external_family_d12ba9b33e05dec2f36e,False,Repeated prepared RGB image; keep one deterministic source representative,False
Amazon Berkeley Objects,B0896X61TP,abo:find:ida2w410,find. Women's Flexi-Sole Leather Chelsea Boots Ankle,BOOT,Smart Casual,"[{""field"": ""bullet_point"", ""language_tag"": ""en_US"", ""value"": ""Smart casual""}]",source_exact_style,https://amazon.com/dp/B0896X61TP,https://amazon-berkeley-objects.s3.us-east-1.amazonaws.com/images/original/86/86af4f26.jpg,data/external/rare_usage_20260906/abo/B0896X61TP.jpg,9905253225cf3e11bad3c02c1756ccf19fe8f17c6c185e545d1631f09b959eb2,1523,1040,Official ABO release CC BY 4.0; see source license and attribution,,,,,,,,find.,,61oE2Ce-mUL,IDA -2W4-10,False,gross_visual_check_pass,Amazon Berkeley Objects:B0896X61TP,keep,Single boot/loafer photo; repeated source images need duplicate removal,,9905253225cf3e11bad3c02c1756ccf19fe8f17c6c185e545d1631f09b959eb2,62202195d8c55afae61d0dae811b0789d92583d37e8636acbe7d789b5f868229,ffa19870db0b250cc3c27f7d1271965a91eb9ef8bb942925af1061db5b68cc5b,5b2559ed17f6197f6338e5ccc5b8f00944d09198828c8ee3ded61b8507d5a193,172125250d093519,fbf8f1f0e0e00084,090623050d191944,fffff0f0c000ffff,1721252509093719,fbf8f0f0e0e00084,1523,1040,external_family_4d4ad9b0de0fef8547ad,False,Repeated prepared RGB image; keep one deterministic source representative,False
Amazon Berkeley Objects,B08GMZ6LSL,abo:find:almoq1w106,find. womens Almoq-1w106 Loafers,SHOES,Smart Casual,"[{""field"": ""bullet_point"", ""language_tag"": ""en_CA"", ""value"": ""Smart casual""}]",source_exact_style,https://amazon.ca/dp/B08GMZ6LSL,https://amazon-berkeley-objects.s3.us-east-1.amazonaws.com/images/original/20/20a4a3e2.jpg,data/external/rare_usage_20260906/abo/B08GMZ6LSL.jpg,1f84d332b5c32c7ebdd40bf1cbd5da112fea62c2c9cf347755e10e0f01e0b640,1969,2560,Official ABO release CC BY 4.0; see source license and attribution,,,,,,,,find.,,71Er2vDxZ0L,ALMOQ-1W106,False,gross_visual_check_pass,Amazon Berkeley Objects:B08GMZ6LSL,keep,Single boot/loafer photo; repeated source images need duplicate removal,,1f84d332b5c32c7ebdd40bf1cbd5da112fea62c2c9cf347755e10e0f01e0b640,6b55564635c2d492fbc66ca77a3576af07766ea916ae8f439459a87ecdd228fc,e64129cd09f8eb45fe2aa3547882e9d04870a2dbc8283552cea12b0354250785,09f96e358485764bccb461c7aace1ebf334b090837195601ef5e24d49c976ca7,00000934080b0b00,ffffffffff8181ff,00000934090b1b00,ffffffffff8181ff,4819154d19190109,ffe8800084ffffff,1969,2560,external_family_d12ba9b33e05dec2f36e,False,Repeated prepared RGB image; keep one deterministic source representative,False
Amazon Berkeley Objects,B076QFBFRG,abo:amazonbrandsolimo:sollgge,"Amazon Brand - Solimo Laptop Backpack for 15.6-inch Laptops (27 litres, Black)",BACKPACK,Travel,"[{""field"": ""style"", ""language_tag"": ""en_IN"", ""value"": ""Travel Backpacks""}]",weak_style_text,https://amazon.in/dp/B076QFBFRG,https://amazon-berkeley-objects.s3.us-east-1.amazonaws.com/images/original/54/54838ef4.jpg,data/external/rare_usage_20260906/abo/B076QFBFRG.jpg,9af5c9391aa698c04c11e8cb5481111812c3e97893284c86baa9e2b67ed3e5f2,2000,2000,Official ABO release CC BY 4.0; see source license and attribution,,,,,,,,Amazon Brand - Solimo,,81zW7SAOHVL,Sol_Lgge_14,False,gross_visual_check_pass,Amazon Berkeley Objects:B076QFBFRG,withhold,,Weak source purpose/type text is not an exact occasion/style label,9af5c9391aa698c04c11e8cb5481111812c3e97893284c86baa9e2b67ed3e5f2,461933116010f183036f81e302d42f79c97431c4eed970ad823f93c0f7d0c597,d13c437c64626c5ae5ec333e77036e3da560c0f311c4aa28f6f97dde0805d131,338bc554e060b8974b3395e2ded942b0b71a23aab5e9236072fd3fa0a97cd62b,949e16161733371e,f7c7c3c3c383c3c7,0294961637371600,ffe7c3c38383c3ff,132b557155505117,dbc3818181000081,2000,2000,external_family_383cfc2718a4231c0cce,False,Weak source purpose/type text is not an exact occasion/style label,False
Amazon Berkeley Objects,B076QJLCFY,abo:amazonbrandsolimo:sollgge,"Amazon Brand - Solimo Travel Backpack (29 litres, Midnight Blue & Steel Grey)",BACKPACK,Travel,"[{""field"": ""item_name"", ""language_tag"": ""en_IN"", ""value"": ""Amazon Brand - Solimo Travel Backpack (29 litres, Midnight Blue & Steel Grey)""}, {""field"": ""bullet_point"", ""language_tag"": ""en_IN"", ""value"": ""3 main compartments, 1 side compartment & 1 organizer which makes it ideal for travel & daily use""}, {""field"": ""style"", ""language_tag"": ""en_IN"", ""value"": ""Travel Backpacks""}]",weak_style_text,https://amazon.in/dp/B076QJLCFY,https://amazon-berkeley-objects.s3.us-east-1.amazonaws.com/images/original/8d/8de474ed.jpg,data/external/rare_usage_20260906/abo/B076QJLCFY.jpg,9021a643d778cb5a11875277e396a2f36b01c6b6683d7b2792bb636011b60928,1518,2560,Official ABO release CC BY 4.0; see source license and attribution,,,,,,,,Amazon Brand - Solimo,,A1hGQ97nBYL,Sol_Lgge_7,False,gross_visual_check_pass,Amazon Berkeley Objects:B076QJLCFY,withhold,,Weak source purpose/type text is not an exact occasion/style label,9021a643d778cb5a11875277e396a2f36b01c6b6683d7b2792bb636011b60928,6a0e8bbef0970fa6ff284c3374c35f9791ce0042991a8a2c8ec5464b31d9d190,4b760ba6ac9daad4f721ae8a0d2e53363c1bdb641f7de81a8754277a491fe431,b4e809acf10385c9b493d08baa76f864243c82c64c0da17416f49b857f055758,362f6955158c4513,d3c38101000001ff,96172b2b0b0f2707,c7c38381818181ff,362f5945058c4547,d3c38101010000ff,1518,2560,external_family_383cfc2718a4231c0cce,False,Weak source purpose/type text is not an exact occasion/style label,False
Amazon Berkeley Objects,B078T95WPP,abo:thefix:gh25043,"Amazon Brand - The Fix Preston Leather Travel Tote Bag, black",HANDBAG,Travel,"[{""field"": ""item_name"", ""language_tag"": ""en_AE"", ""value"": ""Amazon Brand - The Fix Preston Leather Travel Tote Bag, black""}, {""field"": ""style"", ""language_tag"": ""en_AE"", ""value"": ""Preston Leather Travel Tote Bag""}]",weak_style_text,https://amazon.ae/dp/B078T95WPP,https://amazon-berkeley-objects.s3.us-east-1.amazonaws.com/images/original/21/219c5130.jpg,data/external/rare_usage_20260906/abo/B078T95WPP.jpg,544eb504faac6f74a59cd5be79833649fb0eed0578d49af2cca95773bbe58c41,1378,2560,Official ABO release CC BY 4.0; see source license and attribution,,,,,,,,The Fix,,91mi5e6vO6L,GH 25043,False,gross_visual_check_pass,Amazon Berkeley Objects:B078T95WPP,withhold,,Weak source purpose/type text is not an exact occasion/style label,544eb504faac6f74a59cd5be79833649fb0eed0578d49af2cca95773bbe58c41,b156e88e7726238d2fb0eb09911df189c2acd97b170491174cb63fb8b5a357b8,df770997974c7b3593d90b5549b1524a51c3642c4b2ea3bb1c1dd360342899de,af43378e703d991c8f100327fae0113fd94861aba6e56ad07526544945dba6a4,4d16333901010161,ffffdb00000000ff,4f14171303232323,ffffdb81818181c3,4d16333901010161,ffffdb00000000ff,1378,2560,external_family_c99b9808a1833fc65e3c,False,Weak source purpose/type text is not an exact occasion/style label,False
Amazon Berkeley Objects,B078TB372J,abo:thefix:gh25043,"Amazon Brand - The Fix Preston Leather Travel Tote Bag, cognac",HANDBAG,Travel,"[{""field"": ""item_name"", ""language_tag"": ""en_AU"", ""value"": ""Amazon Brand - The Fix Preston Leather Travel Tote Bag, cognac""}, {""field"": ""style"", ""language_tag"": ""en_AU"", ""value"": ""Preston Leather Travel Tote Bag""}]",weak_style_text,https://amazon.com.au/dp/B078TB372J,https://amazon-berkeley-objects.s3.us-east-1.amazonaws.com/images/original/09/09f16b26.jpg,data/external/rare_usage_20260906/abo/B078TB372J.jpg,497d7eab1e02f04d2fbd60050874802fc6ab8807c9ef341116222d0dd25feacd,1378,2560,Official ABO release CC BY 4.0; see source license and attribution,,,,,,,,The Fix,,91skGz-JTtL,GH 25043,False,gross_visual_check_pass,Amazon Berkeley Objects:B078TB372J,withhold,,Weak source purpose/type text is not an exact occasion/style label,497d7eab1e02f04d2fbd60050874802fc6ab8807c9ef341116222d0dd25feacd,d094dfda1a85e6edf0a5c9b0e80c9a72809176fc8e1f1b1b5e7448173d26c6a2,9c48c0ed2bf0a814b34ece735700f8a03d184420308aa0b47c81a60b39dbe2fc,669c3f2214359ea3b559befb34f7c02644591bcbda2af03b600ad85399ae84e9,4d16331901010161,ffffdb00000000ff,4d14171303030323,ffffdb81818181c3,4d16333901010141,ffffdb00000000fd,1378,2560,external_family_c99b9808a1833fc65e3c,False,Weak source purpose/type text is not an exact occasion/style label,False
Amazon Berkeley Objects,B078TB6WWP,abo:thefix:gh25043,"Amazon Brand - The Fix Preston Leather Travel Tote Bag, dove",HANDBAG,Travel,"[{""field"": ""item_name"", ""language_tag"": ""en_AU"", ""value"": ""Amazon Brand - The Fix Preston Leather Travel Tote Bag, dove""}, {""field"": ""style"", ""language_tag"": ""en_AU"", ""value"": ""Preston Leather Travel Tote Bag""}]",weak_style_text,https://amazon.com.au/dp/B078TB6WWP,https://amazon-berkeley-objects.s3.us-east-1.amazonaws.com/images/original/85/856bb637.jpg,data/external/rare_usage_20260906/abo/B078TB6WWP.jpg,d881c2b0f0ff1c0e4f618cd416894ef231d9702c7e3ddbd81a428377cb5da766,1378,2560,Official ABO release CC BY 4.0; see source license and attribution,,,,,,,,The Fix,,81IdrBZNDwL,GH 25043,False,gross_visual_check_pass,Amazon Berkeley Objects:B078TB6WWP,withhold,,Weak source purpose/type text is not an exact occasion/style label,d881c2b0f0ff1c0e4f618cd416894ef231d9702c7e3ddbd81a428377cb5da766,6a057889dece3a22e9b25e8b7b4795557796f95b20d6321210bcd029c37793b7,12d767694eb7ff079d58be3824b5cb109534106cbed05a73462b0069889ffa96,fd329a26d6f1deabe2bda3daac8f6f2dd38fe2eba7451f399fea2ddf10c94a88,4d16331801010001,ffffdb8080808080,0d14171303030b23,efffdb8181818181,4d16333800010001,ffffdb8880c08080,1378,2560,external_family_c99b9808a1833fc65e3c,False,Weak source purpose/type text is not an exact occasion/style label,False
Amazon Berkeley Objects,B078TC331S,abo:thefix:gh25043,"Amazon Brand - The Fix Preston Leather Travel Tote Bag, silver/metallic",HANDBAG,Travel,"[{""field"": ""item_name"", ""language_tag"": ""en_US"", ""value"": ""Amazon Brand - The Fix Preston Leather Travel Tote Bag, silver/metallic""}, {""field"": ""style"", ""language_tag"": ""en_US"", ""value"": ""Preston Leather Travel Tote Bag""}]",weak_style_text,https://amazon.com/dp/B078TC331S,https://amazon-berkeley-objects.s3.us-east-1.amazonaws.com/images/original/25/25dbebc5.jpg,data/external/rare_usage_20260906/abo/B078TC331S.jpg,46bb646beace415e014f89beebc704ec66d336a20096fa517da4b1d0a1c24f98,1314,2560,Official ABO release CC BY 4.0; see source license and attribution,,,,,,,,The Fix,,91dDZ-j9apL,GH 25043,False,gross_visual_check_pass,Amazon Berkeley Objects:B078TC331S,withhold,,Weak source purpose/type text is not an exact occasion/style label,46bb646beace415e014f89beebc704ec66d336a20096fa517da4b1d0a1c24f98,0acae595b063de5c5a0bfd2220619b775799a02de398f0a07af1a7d065919e9b,ee144a78e964b72b36f5c2989b24f44fd721ac10386f8578007dc5119a6c85d8,01a132695f06de50bd4bec2f51e1cb3b7a7d8535f86fda99dc7230354c0dc9a0,5516333981810141,fffffb80c04000ff,0f14171b03030323,fffffbc1c18181c3,5516333881818021,fffffb80c0c00080,1314,2560,external_family_c99b9808a1833fc65e3c,False,Weak source purpose/type text is not an exact occasion/style label,False
Amazon Berkeley Objects,B07NBWPP5W,abo:amazonbasics:nc1504157r1,"Amazonbasics Travel Laptop Backpack, 4-Pack",BACKPACK,Travel,"[{""field"": ""item_name"", ""language_tag"": ""en_GB"", ""value"": ""Amazonbasics Travel Laptop Backpack, 4-Pack""}, {""field"": ""style"", ""language_tag"": ""en_GB"", ""value"": ""Amazonbasics Travel Laptop Backpack-4 Pack""}]",weak_style_text,https://amazon.co.uk/dp/B07NBWPP5W,https://amazon-berkeley-objects.s3.us-east-1.amazonaws.com/images/original/e5/e52a5d70.jpg,data/external/rare_usage_20260906/abo/B07NBWPP5W.jpg,06b63fe5a5734aaaa64305d5315c10565ff53d7c4604db1b5e996fedebdb7f0e,1325,1936,Official ABO release CC BY 4.0; see source license and attribution,,,,,,,,AmazonBasics,,91RZfFEEi8L,NC1504157R1W4,False,review_multipack_title_single_product_image,Amazon Berkeley Objects:B07NBWPP5W,withhold,,Weak source purpose/type text is not an exact occasion/style label,06b63fe5a5734aaaa64305d5315c10565ff53d7c4604db1b5e996fedebdb7f0e,c73bd7a0a25a3372e42bb918813cb401c2c4052a99ad3e6d1f1e68f52133d6d1,97b9dcd14191c2ff4caac925fbca9c20809b518941bf65db4617c77f95ab8111,50172cb2e626bfde695b3160902942454f24ca771e24d9a9d77277ac35a26b80,1e375b190d0d4d3f,ff8303010100018f,1d36535b494d4b3f,ff8383818181818f,1e375b1d8d0d4d3f,ff8303010100018f,1325,1936,external_family_69bb0587d04598ea518d,False,Weak source purpose/type text is not an exact occasion/style label,False
Amazon Berkeley Objects,B011J4BPWC,abo:amazonbasics:nc1504157r1,AmazonBasics Travel Laptop Backpack - Black,BACKPACK,Travel,"[{""field"": ""item_name"", ""language_tag"": ""en_AE"", ""value"": ""AmazonBasics Travel Laptop Backpack - Black""}]",weak_title,https://amazon.ae/dp/B011J4BPWC,https://amazon-berkeley-objects.s3.us-east-1.amazonaws.com/images/original/e5/e52a5d70.jpg,data/external/rare_usage_20260906/abo/B011J4BPWC.jpg,06b63fe5a5734aaaa64305d5315c10565ff53d7c4604db1b5e996fedebdb7f0e,1325,1936,Official ABO release CC BY 4.0; see source license and attribution,,,,,,,,AmazonBasics,,91RZfFEEi8L,NC1504157R1,False,gross_visual_check_pass,Amazon Berkeley Objects:B011J4BPWC,withhold,,Weak source purpose/type text is not an exact occasion/style label,06b63fe5a5734aaaa64305d5315c10565ff53d7c4604db1b5e996fedebdb7f0e,c73bd7a0a25a3372e42bb918813cb401c2c4052a99ad3e6d1f1e68f52133d6d1,97b9dcd14191c2ff4caac925fbca9c20809b518941bf65db4617c77f95ab8111,50172cb2e626bfde695b3160902942454f24ca771e24d9a9d77277ac35a26b80,1e375b190d0d4d3f,ff8303010100018f,1d36535b494d4b3f,ff8383818181818f,1e375b1d8d0d4d3f,ff8303010100018f,1325,1936,external_family_69bb0587d04598ea518d,False,Weak source purpose/type text is not an exact occasion/style label,False
Amazon Berkeley Objects,B01GGNW2WI,abo:amazonbasics:zh1603219,"AmazonBasics Large Travel Luggage Duffel Bag, Black",LUGGAGE,Travel,"[{""field"": ""item_name"", ""language_tag"": ""en_US"", ""value"": ""AmazonBasics Large Travel Luggage Duffel Bag, Black""}, {""field"": ""bullet_point"", ""language_tag"": ""en_US"", ""value"": ""Black, large rectangular-shaped duffel bag with roomy interior (over 6,000+ cubic inches); ideal for travel or storage""}]",weak_title,https://fresh.amazon.com/dp/B01GGNW2WI,https://amazon-berkeley-objects.s3.us-east-1.amazonaws.com/images/original/83/83a608c1.jpg,data/external/rare_usage_20260906/abo/B01GGNW2WI.jpg,b0a9ceea1e953893c3896f6f75e74ce04e7795146c35ae7dade37c11e6a73d10,1500,755,Official ABO release CC BY 4.0; see source license and attribution,,,,,,,,AmazonBasics,,61ZC0xwO-CL,ZH1603219R1,False,gross_visual_check_pass,Amazon Berkeley Objects:B01GGNW2WI,withhold,,Weak source purpose/type text is not an exact occasion/style label,b0a9ceea1e953893c3896f6f75e74ce04e7795146c35ae7dade37c11e6a73d10,e34f4fdd53e28493a8c3cfe5c3bde41bf41f192622535d35242be7187bf2873a,4aed147a497a841e57872395724c18208d7349152bb2a88fd80482bbf467babe,665ee28091539dd8bdfe605a67b04aaf431cbe3e8f02b571ae5bf36fe91e651f,0f296d5b59496d3f,ff818080808080ff,09802d69593f0001,fffff7000087ffff,0f296d5b59496d3f,ff818080808080ff,1500,755,external_family_8ee4320a8befcad25ca6,False,Weak source purpose/type text is not an exact occasion/style label,False
Amazon Berkeley Objects,B01GGNW67O,abo:amazonbasics:zh1603219,AmazonBasics Large Travel Luggage Duffel Bag - Navy Blue,LUGGAGE,Travel,"[{""field"": ""item_name"", ""language_tag"": ""en_US"", ""value"": ""AmazonBasics Large Travel Luggage Duffel Bag - Navy Blue""}, {""field"": ""bullet_point"", ""language_tag"": ""en_US"", ""value"": ""Navy Blue, large rectangular-shaped duffel bag with roomy interior (over 6,000+ cubic inches); ideal for travel or storage""}]",weak_title,https://fresh.amazon.com/dp/B01GGNW67O,https://amazon-berkeley-objects.s3.us-east-1.amazonaws.com/images/original/d6/d6081309.jpg,data/external/rare_usage_20260906/abo/B01GGNW67O.jpg,c88498ad57725d2757da7b083c96909f61bd37d147323fa8b207bfcd228b14f3,2560,1299,Official ABO release CC BY 4.0; see source license and attribution,,,,,,,,AmazonBasics,,81q3vXy1zwL,ZH1603219R1F,False,gross_visual_check_pass,Amazon Berkeley Objects:B01GGNW67O,withhold,,Weak source purpose/type text is not an exact occasion/style label,c88498ad57725d2757da7b083c96909f61bd37d147323fa8b207bfcd228b14f3,43d14139f56600464ca2489f1fc0599b196abf4a7301cb3cbf76c9339a61821f,12f22b094f452783eaaf4d54c08492d36470e2782fe491f408483b92bb62b261,d4fb1c986ef5dea7f75899afa4ced73b3996ea173c784623835a84148083f924,0f29695b59492f3f,ff818180808081ff,01802d29593f0009,ffffff00009fffff,0f296d5b59492f3f,ff918080808080ff,2560,1299,external_family_8ee4320a8befcad25ca6,False,Weak source purpose/type text is not an exact occasion/style label,False
Amazon Berkeley Objects,B01J24H2K0,abo:amazonbasics:zh1603233,AmazonBasics Carry-On Travel Backpack - Black,BACKPACK,Travel,"[{""field"": ""item_name"", ""language_tag"": ""en_US"", ""value"": ""AmazonBasics Carry-On Travel Backpack - Black""}, {""field"": ""bullet_point"", ""language_tag"": ""en_US"", ""value"": ""Carry-on travel backpack with internal, zippered laptop sleeve; ultra-flexible and lightweight; made of durable polyester""}, {""field"": ""bullet_point"", ""language_tag"": ""en_US"", ""value"": ""Front pocket and front-top pocket for easy access to documents and travel liquids; main upper packing compartment with organizer, expandable storage space tuck-away ID pocket""}]",weak_title,https://amazon.com/dp/B01J24H2K0,https://amazon-berkeley-objects.s3.us-east-1.amazonaws.com/images/original/37/3794b141.jpg,data/external/rare_usage_20260906/abo/B01J24H2K0.jpg,ad5afba941cd2705649a01fd806e077b46b6c9ac234fdbe7ebcad98092e01bda,1420,1885,Official ABO release CC BY 4.0; see source license and attribution,,,,,,,,AmazonBasics,,81+ADtxHDkL,ZH1603233R1,False,gross_visual_check_pass,Amazon Berkeley Objects:B01J24H2K0,withhold,,Weak source purpose/type text is not an exact occasion/style label,ad5afba941cd2705649a01fd806e077b46b6c9ac234fdbe7ebcad98092e01bda,f62d2d3c930a083ceb8bbc2e0ea962bba033ea657a0ae8e0031844dd9564116c,7629b059a39ee1df04a4613500c180baa92db68f89d90e5313d2dc17ca708de9,01b019b989f08701103874ce2778b5a0b79a7735ed1ca0d6145fc12d87ee6f5a,5f2531313521270f,ef818180808081ff,5f2531313521270f,ef818181808081ff,df2531313121270f,e781808080c080ff,1420,1885,external_family_7f820b111a9666606626,False,Weak source purpose/type text is not an exact occasion/style label,False
Amazon Berkeley Objects,B01MR890RQ,abo:amazonbasics:zh1603233,AmazonBasics Carry-On Travel Backpack,BACKPACK,Travel,"[{""field"": ""item_name"", ""language_tag"": ""en_US"", ""value"": ""AmazonBasics Carry-On Travel Backpack""}]",weak_title,https://amazon.com/dp/B01MR890RQ,https://amazon-berkeley-objects.s3.us-east-1.amazonaws.com/images/original/68/6899ac8f.jpg,data/external/rare_usage_20260906/abo/B01MR890RQ.jpg,d69a1a45e9f56d23ab73e3253debce6abbbc8d7938c9aa795f3abafab708ccd4,1420,1885,Official ABO release CC BY 4.0; see source license and attribution,,,,,,,,AmazonBasics,,912LeKgCWaL,ZH1603233R1F,False,gross_visual_check_pass,Amazon Berkeley Objects:B01MR890RQ,withhold,,Weak source purpose/type text is not an exact occasion/style label,d69a1a45e9f56d23ab73e3253debce6abbbc8d7938c9aa795f3abafab708ccd4,5f93ad4a80a7984d8187bdb75d44a722a0984f5809e6f8bc563c49386880c3ef,1f338fd377a207e4c19761853bdeb9d5d1bd62e1a5d1eb3ce06d5dd51bd154f4,6c1606d3fa8a6121d07ffd54b4110a6ad1c7f8752dbce5cf3e5a1654bffbbc28,4f2531313521270f,ef818180808081ff,4f2531313521270f,ef818180808081ff,cf2531313121230f,efc18080808080ff,1420,1885,external_family_7f820b111a9666606626,False,Weak source purpose/type text is not an exact occasion/style label,False
Amazon Berkeley Objects,B076Q8MTX8,abo:amazonbrandsolimo:sollgge,Amazon Brand - Solimo 23 Liter Anti-Theft Laptop Backpack with Rain Cover,BACKPACK,Travel,"[{""field"": ""bullet_point"", ""language_tag"": ""en_IN"", ""value"": ""Cushioned back-strap and backpack panel with air mesh to give additional comfort and sweat free travel""}]",weak_title,https://amazon.in/dp/B076Q8MTX8,https://amazon-berkeley-objects.s3.us-east-1.amazonaws.com/images/original/13/1333b9a6.jpg,data/external/rare_usage_20260906/abo/B076Q8MTX8.jpg,3e087a291ef141754027f5563bc13b96a61797bcc85db1c28680b43422d79752,2000,2000,Official ABO release CC BY 4.0; see source license and attribution,,,,,,,,Amazon Brand - Solimo,,81ZktXeJKmL,Sol_Lgge_19,False,gross_visual_check_pass,Amazon Berkeley Objects:B076Q8MTX8,withhold,,Weak source purpose/type text is not an exact occasion/style label,3e087a291ef141754027f5563bc13b96a61797bcc85db1c28680b43422d79752,b900d4c75419405b27cfdf6c7456f933e33f077e9f837bee71b10017c274cf54,02cd49adb237623e31cac04d38cf0403a501c8b84fbff75a6299ebcb452404d7,eb5413d0c061cab31300f68d9d0f8db7d35686e009cd7faa4137074be09334c7,0d06860f0f260e0e,ffe3c3c3c3c3c3ff,204d860f2f060e00,fff7c3c3c383e7ff,0f01674662632307,f7e1a0a2a20101e3,2000,2000,external_family_383cfc2718a4231c0cce,False,Weak source purpose/type text is not an exact occasion/style label,False
Amazon Berkeley Objects,B076QBF11M,abo:amazonbrandsolimo:sollgge,"Amazon Brand - Solimo Travel Backpack (29 litres, Coal Black & Turquoise Blue)",BACKPACK,Travel,"[{""field"": ""item_name"", ""language_tag"": ""en_IN"", ""value"": ""Amazon Brand - Solimo Travel Backpack (29 litres, Coal Black & Turquoise Blue)""}, {""field"": ""bullet_point"", ""language_tag"": ""en_IN"", ""value"": ""3 main compartments, 1 side compartment & 1 organizer which makes it ideal for travel & daily use""}]",weak_title,https://amazon.in/dp/B076QBF11M,https://amazon-berkeley-objects.s3.us-east-1.amazonaws.com/images/original/45/45dae525.jpg,data/external/rare_usage_20260906/abo/B076QBF11M.jpg,83af9bc6f3b23aadbcb2e5c8667fd0a08d3600a94a542e4a8e140ba7f3185141,2000,2000,Official ABO release CC BY 4.0; see source license and attribution,,,,,,,,Amazon Brand - Solimo,,81YTPxAK5UL,Sol_Lgge_8,False,gross_visual_check_pass,Amazon Berkeley Objects:B076QBF11M,withhold,,Weak source purpose/type text is not an exact occasion/style label,83af9bc6f3b23aadbcb2e5c8667fd0a08d3600a94a542e4a8e140ba7f3185141,cd1a6ea21221b94a37eb50cdff3644acf918a1f6ad8bfa35a047f2ba90d66d0f,8f2e69eea2124cee877df9ce37dad867c67176c95fb8b3080b6853a699faa4e8,d16a9eca96b1f9ef53a0d95de535166ddd9c09983df17761a73e388223a77a32,169696971f0f2797,e7e3c3c3c3c3c1c3,201696970f271700,ffe3c3c3c3c1c3ff,13337165370b4273,dbc3818181c0b081,2000,2000,external_family_383cfc2718a4231c0cce,False,Weak source purpose/type text is not an exact occasion/style label,False
Amazon Berkeley Objects,B076QBFYKL,abo:amazonbrandsolimo:sollgge,"Amazon Brand - Solimo Travel Backpack (29 litres, Metallic Grey & Coal Black)",BACKPACK,Travel,"[{""field"": ""item_name"", ""language_tag"": ""en_IN"", ""value"": ""Amazon Brand - Solimo Travel Backpack (29 litres, Metallic Grey & Coal Black)""}, {""field"": ""bullet_point"", ""language_tag"": ""en_IN"", ""value"": ""3 main compartments, 1 side compartment & 1 organizer which makes it ideal for travel & daily use""}]",weak_title,https://amazon.in/dp/B076QBFYKL,https://amazon-berkeley-objects.s3.us-east-1.amazonaws.com/images/original/64/64c6ceb8.jpg,data/external/rare_usage_20260906/abo/B076QBFYKL.jpg,b95543dc6227385dd84e4fcf7d1ee64ab4493f35025c94cc77ab6ccf4198f770,1506,2560,Official ABO release CC BY 4.0; see source license and attribution,,,,,,,,Amazon Brand - Solimo,,A1YkPewznRL,Sol_Lgge_6,False,gross_visual_check_pass,Amazon Berkeley Objects:B076QBFYKL,withhold,,Weak source purpose/type text is not an exact occasion/style label,b95543dc6227385dd84e4fcf7d1ee64ab4493f35025c94cc77ab6ccf4198f770,cc4e1e8a9d876121ccb21b4318e2e1f81a0d02177026d484093c74172b54c9eb,019a0d17b783c772c372a8ed5b11fab64b7186296d82afb6bda8c25c706971ae,45a9be53ee02064d825f5a4e92795d6bdcbc27de6b754773a7dba341389e0ecb,362b59ddc9693b0b,c383bd01000081ff,96172b4b4b2b3b0f,c3c38381818181ff,362b599dc9c8391b,c383bd05000000ff,1506,2560,external_family_383cfc2718a4231c0cce,False,Weak source purpose/type text is not an exact occasion/style label,False
Amazon Berkeley Objects,B076QJLCFT,abo:amazonbrandsolimo:sollgge,"Amazon Brand - Solimo Travel Backpack (29 litres, Spanish Red & Black)",BACKPACK,Travel,"[{""field"": ""item_name"", ""language_tag"": ""en_IN"", ""value"": ""Amazon Brand - Solimo Travel Backpack (29 litres, Spanish Red & Black)""}, {""field"": ""bullet_point"", ""language_tag"": ""en_IN"", ""value"": ""3 main compartments, 1 side compartment & 1 organizer which makes it ideal for travel & daily use""}]",weak_title,https://amazon.in/dp/B076QJLCFT,https://amazon-berkeley-objects.s3.us-east-1.amazonaws.com/images/original/fc/fc2b91b4.jpg,data/external/rare_usage_20260906/abo/B076QJLCFT.jpg,f01afc27ec80d4675c8c556a3ce500970af46f9ee5b3b6759b27c26a1e502b3c,1629,2560,Official ABO release CC BY 4.0; see source license and attribution,,,,,,,,Amazon Brand - Solimo,,A1NDunqGIBL,Sol_Lgge_4,False,gross_visual_check_pass,Amazon Berkeley Objects:B076QJLCFT,withhold,,Weak source purpose/type text is not an exact occasion/style label,f01afc27ec80d4675c8c556a3ce500970af46f9ee5b3b6759b27c26a1e502b3c,980657305418a336732779451960dc0b9ce3a7ea7dc4aa7015cbc96ca0a13bca,8e63233c6bea9e1a4dd2754a834262a28df26886cd58e789b42e0d628064ff76,455810dbf6b73e71ef0e18294769a6dbb44d0fbb8a1b9ad85fdbc65f2a66e645,360b5d5f49381b0f,c3838501010081ff,960f7b5f6b791b0f,c3c38181818181ff,370b5d4f4978190f,c383ad01210000ff,1629,2560,external_family_383cfc2718a4231c0cce,False,Weak source purpose/type text is not an exact occasion/style label,False
Amazon Berkeley Objects,B076QJTKPX,abo:amazonbrandsolimo:sollgge,"Amazon Brand - Solimo Travel Backpack (29 litres, Coal Black & Lime Green)",BACKPACK,Travel,"[{""field"": ""item_name"", ""language_tag"": ""en_IN"", ""value"": ""Amazon Brand - Solimo Travel Backpack (29 litres, Coal Black & Lime Green)""}, {""field"": ""bullet_point"", ""language_tag"": ""en_IN"", ""value"": ""3 main compartments, 1 side compartment & 1 organizer which makes it ideal for travel & daily use""}]",weak_title,https://amazon.in/dp/B076QJTKPX,https://amazon-berkeley-objects.s3.us-east-1.amazonaws.com/images/original/af/af3f8694.jpg,data/external/rare_usage_20260906/abo/B076QJTKPX.jpg,3e8bb85d45b9d7d8bcd9094b3aad30b280b2e9e79b764d8cb543c67b9b6d6df1,1564,2560,Official ABO release CC BY 4.0; see source license and attribution,,,,,,,,Amazon Brand - Solimo,,A1WFP2rtraL,Sol_Lgge_5,False,gross_visual_check_pass,Amazon Berkeley Objects:B076QJTKPX,withhold,,Weak source purpose/type text is not an exact occasion/style label,3e8bb85d45b9d7d8bcd9094b3aad30b280b2e9e79b764d8cb543c67b9b6d6df1,75a50a7748a48e27a603f53074119a04bb4a7283e11815af7305db3a7ed4f644,2ad17830cd2c36dec30f1d8d7229ad89c1945ef6c7a65193e453d48306ce7597,7b6f876e3566ff491c55e6e6aa3ffda83dcaaf858a4aa2c4e25fa45584b9fe44,3623435935844533,c3838181814020ff,9637232b0f4d6737,c3c38381818181ff,362343592584c577,c3838181814020ff,1564,2560,external_family_383cfc2718a4231c0cce,False,Weak source purpose/type text is not an exact occasion/style label,False
Amazon Berkeley Objects,B079L8DHGH,abo:amazonbasics:nc1712056,"AmazonBasics Slim Carry On Travel Backpack, Black - Weekender",BACKPACK,Travel,"[{""field"": ""item_name"", ""language_tag"": ""en_GB"", ""value"": ""AmazonBasics Slim Carry On Travel Backpack, Black - Weekender""}]",weak_title,https://amazon.co.uk/dp/B079L8DHGH,https://amazon-berkeley-objects.s3.us-east-1.amazonaws.com/images/original/0d/0d992986.jpg,data/external/rare_usage_20260906/abo/B079L8DHGH.jpg,1439b99503714a2cce73fd137b82b47e2b1d86e25e932a1e72681bbfd48fc105,1604,2560,Official ABO release CC BY 4.0; see source license and attribution,,,,,,,,AmazonBasics,,A1HhL0mjVpL,NC1712056,False,gross_visual_check_pass,Amazon Berkeley Objects:B079L8DHGH,withhold,,Weak source purpose/type text is not an exact occasion/style label,1439b99503714a2cce73fd137b82b47e2b1d86e25e932a1e72681bbfd48fc105,d64e4e0d4296a9ab9bae5f8409a2f52f7d79da76ec1058801403bed6bb34ad09,9d774f804e7dd248566079db512f7ec974a00c1377c609333adfcd2b908aeae2,fc6d56d1c4c285c943bfcb8bb6255ccd72904cdf81e973011b14e3f7aa3e6889,636341414545410b,bb810000000081ff,232323232b03232b,db818181818181ff,634141414545410b,bb810000000081ff,1604,2560,external_family_a314fa16dafac7847a80,False,Weak source purpose/type text is not an exact occasion/style label,False
Amazon Berkeley Objects,B079L8JS1G,abo:amazonbasics:nc1712002,Amazon Basic Travel Backpack - blue,BACKPACK,Travel,"[{""field"": ""item_name"", ""language_tag"": ""en_US"", ""value"": ""Amazon Basic Travel Backpack - blue""}]",weak_title,https://amazon.co.jp/dp/B079L8JS1G,https://amazon-berkeley-objects.s3.us-east-1.amazonaws.com/images/original/05/05a93f5c.jpg,data/external/rare_usage_20260906/abo/B079L8JS1G.jpg,3d409c1b48b5d3095324351e2d9558f71d0aef620c4a23119893f79fc4b9a0a9,1440,2560,Official ABO release CC BY 4.0; see source license and attribution,,,,,,,,Amazonベーシック(AmazonBasics),,A1lyZVOFfgL,NC1712002R1F,False,gross_visual_check_pass,Amazon Berkeley Objects:B079L8JS1G,withhold,,Weak source purpose/type text is not an exact occasion/style label,3d409c1b48b5d3095324351e2d9558f71d0aef620c4a23119893f79fc4b9a0a9,8c242aabbf815efa8de7fe42643a3fc14eb26807786021116d0b6a46ac8fecef,c2fae9a13cea4cadf4064727abc5d3c904db6f3e308ccb5f577d557cb30c563e,abc23c6183daebcdd6c897ecfea224873fbb43911715487487777214d76dbef1,33314d4141010103,99898080800081ff,33332b232b2b2303,dbc38181818181ff,33514c4040800101,99998080800000ff,1440,2560,external_family_bacec16e90f7f6a12b54,False,Weak source purpose/type text is not an exact occasion/style label,False
Amazon Berkeley Objects,B079L91D2J,abo:amazonbasics:nc1712056,AmazonBasics Slim Travel Backpack Grey,BACKPACK,Travel,"[{""field"": ""item_name"", ""language_tag"": ""en_GB"", ""value"": ""AmazonBasics Slim Travel Backpack Grey""}]",weak_title,https://amazon.de/dp/B079L91D2J,https://amazon-berkeley-objects.s3.us-east-1.amazonaws.com/images/original/1d/1d479590.jpg,data/external/rare_usage_20260906/abo/B079L91D2J.jpg,8f17e8745200a98a67c462bfcc66d5c143a9783525f88898adde7a70fb8d2bf4,1609,2560,Official ABO release CC BY 4.0; see source license and attribution,,,,,,,,AmazonBasics,,A1vK2uloqWL,NC1712056H,False,gross_visual_check_pass,Amazon Berkeley Objects:B079L91D2J,withhold,,Weak source purpose/type text is not an exact occasion/style label,8f17e8745200a98a67c462bfcc66d5c143a9783525f88898adde7a70fb8d2bf4,285ba1446b018d93afae550433217347972f0ed0bcdccae9e3aa6354f0c98e6d,935cf233e009ed356afa18cfe73329900e9c79bd84b2edbe3823c131c04b04f7,c75c8bd1861f6f3ea5089c00e2ebd0c82c35a664995820efe64ca91ce6ba4a01,234d45414141410d,b9e50080808080ff,332b49012109232b,dbc18181818181ff,634dcc414141410d,b9e50080808080ff,1609,2560,external_family_a314fa16dafac7847a80,False,Weak source purpose/type text is not an exact occasion/style label,False
Amazon Berkeley Objects,B079L96VWL,abo:amazonbasics:nc1712002,AmazonBasics Slim Carry On Laptop Travel Overnight Backpack - Purple,BACKPACK,Travel,"[{""field"": ""item_name"", ""language_tag"": ""en_AE"", ""value"": ""AmazonBasics Slim Carry On Laptop Travel Overnight Backpack - Purple""}]",weak_title,https://amazon.sa/dp/B079L96VWL,https://amazon-berkeley-objects.s3.us-east-1.amazonaws.com/images/original/e2/e2b6fcde.jpg,data/external/rare_usage_20260906/abo/B079L96VWL.jpg,ab158de1a0596fcce7b4fb33b838a32e7b9438d673c45994ccd52f623feada0f,1460,2560,Official ABO release CC BY 4.0; see source license and attribution,,,,,,,,AmazonBasics|امازون بيسكس,,A1M74TKlFJL,NC1712002R1G,False,gross_visual_check_pass,Amazon Berkeley Objects:B079L96VWL,withhold,,Weak source purpose/type text is not an exact occasion/style label,ab158de1a0596fcce7b4fb33b838a32e7b9438d673c45994ccd52f623feada0f,bb6db70d5b59063ddd640a779c1f81b09b623bfa647bfdb48efdf60005175ec8,268a02ebbd34dcdde70ac88a6024515c4275a000cc0dadcce35d38b738b401ba,fa4c784653990d629514d39fe723ed645b0de431245bc166591e3a9f5197eea3,3365040100900123,99f5f0e0e0f880ff,332b010303012323,dbc1c1c1818181c3,336d040080900123,99f5f0f0f0f88081,1460,2560,external_family_bacec16e90f7f6a12b54,False,Weak source purpose/type text is not an exact occasion/style label,False
Amazon Berkeley Objects,B079LCH6FX,abo:amazonbasics:nc1712002,"AmazonBasics Slim Carry On Travel Backpack, Salmon - Overnight",BACKPACK,Travel,"[{""field"": ""item_name"", ""language_tag"": ""en_SG"", ""value"": ""AmazonBasics Slim Carry On Travel Backpack, Salmon - Overnight""}]",weak_title,https://amazon.sg/dp/B079LCH6FX,https://amazon-berkeley-objects.s3.us-east-1.amazonaws.com/images/original/c9/c9b79e85.jpg,data/external/rare_usage_20260906/abo/B079LCH6FX.jpg,a270b75c1510017f500dc32de6056c8f2ba7f28e0c9c2608209420da1bea9b07,1467,2560,Official ABO release CC BY 4.0; see source license and attribution,,,,,,,,AmazonBasics,,A1gEQW0HjnL,NC1712002R1A,False,gross_visual_check_pass,Amazon Berkeley Objects:B079LCH6FX,withhold,,Weak source purpose/type text is not an exact occasion/style label,a270b75c1510017f500dc32de6056c8f2ba7f28e0c9c2608209420da1bea9b07,94ee9c42a8399efd3baebfdca7b888c325f55d288aee6051257da22c77e6bf42,71490f24c7d581833f97335bad259e086c0ea58d969fdfbb0662609441ed5c1a,923fd46e70acc0d25343a128345d5a13d2a895879451680183d95a9f109274fa,3369480040c00125,99fdf0f0f8fc80fd,332b090121012303,9bc3c1c1818181c3,3369080040c00025,99fdfcf0fcfc8081,1467,2560,external_family_bacec16e90f7f6a12b54,False,Weak source purpose/type text is not an exact occasion/style label,False
Amazon Berkeley Objects,B079LCL9NG,abo:amazonbasics:nc1712002,"AmazonBasics Slim Carry On Travel Backpack, Black - Overnight",BACKPACK,Travel,"[{""field"": ""item_name"", ""language_tag"": ""en_SG"", ""value"": ""AmazonBasics Slim Carry On Travel Backpack, Black - Overnight""}]",weak_title,https://amazon.sg/dp/B079LCL9NG,https://amazon-berkeley-objects.s3.us-east-1.amazonaws.com/images/original/dc/dcaea5ed.jpg,data/external/rare_usage_20260906/abo/B079LCL9NG.jpg,3fb21de31086fd26b517cdfb9f405c3939df5ec6522bafe22f446f7731dc27c7,1499,2560,Official ABO release CC BY 4.0; see source license and attribution,,,,,,,,AmazonBasics,,A1n-45ODHHL,NC1712002,False,gross_visual_check_pass,Amazon Berkeley Objects:B079LCL9NG,withhold,,Weak source purpose/type text is not an exact occasion/style label,3fb21de31086fd26b517cdfb9f405c3939df5ec6522bafe22f446f7731dc27c7,0aa3d7d3e45b467041cde7384899407be4bc9a05ba7622c017fac47f64ae105f,00c6e5fd294c0401846403f67b6c52e9ecd996d03c1b49768874aa8da9576789,cb3d786d86866270fd8d38304fe5de1c5a57f196d22fa11da42f80d5ad4d5f6f,330d495141014103,d9818080800080ff,332b2b2b2b032303,dbc38181818181ff,330d495141804101,d9a58080800000ff,1499,2560,external_family_bacec16e90f7f6a12b54,False,Weak source purpose/type text is not an exact occasion/style label,False
Amazon Berkeley Objects,B079LCQVMF,abo:amazonbasics:nc1712002,"AmazonBasics Slim Carry On Travel Backpack, Denim - Overnight",BACKPACK,Travel,"[{""field"": ""item_name"", ""language_tag"": ""en_SG"", ""value"": ""AmazonBasics Slim Carry On Travel Backpack, Denim - Overnight""}]",weak_title,https://amazon.sg/dp/B079LCQVMF,https://amazon-berkeley-objects.s3.us-east-1.amazonaws.com/images/original/b9/b9ebeea9.jpg,data/external/rare_usage_20260906/abo/B079LCQVMF.jpg,ed7bd6e3d05f4ac0dccc44650df7fb8b30bd02fce4cb861b14fd853e4a3f9fb7,1527,2560,Official ABO release CC BY 4.0; see source license and attribution,,,,,,,,AmazonBasics,,A1wLFbOywWL,NC1712002R1E,False,gross_visual_check_pass,Amazon Berkeley Objects:B079LCQVMF,withhold,,Weak source purpose/type text is not an exact occasion/style label,ed7bd6e3d05f4ac0dccc44650df7fb8b30bd02fce4cb861b14fd853e4a3f9fb7,33f3af8882728240ea2c3cedcbeccb1d34357afa69a740bfff19b0aaadc32778,a26976c3db415b96c27aebf2fe461684449f78e6097a1697110cb85e61941721,3e90d41406e29e3ce735dec74b4a336fb4894075dff74251164401edcacc42dd,33294d4140400123,99f5b4b020f880ff,332b292161412323,dbc18181818181c3,33294d4040c00001,99fdfcf8b0f88081,1527,2560,external_family_bacec16e90f7f6a12b54,False,Weak source purpose/type text is not an exact occasion/style label,False
Amazon Berkeley Objects,B079LG17Y2,abo:amazonbasics:nc1712002,AmazonBasics Slim Carry On Laptop Travel Overnight Backpack - Green,BACKPACK,Travel,"[{""field"": ""item_name"", ""language_tag"": ""en_CA"", ""value"": ""AmazonBasics Slim Carry On Laptop Travel Overnight Backpack - Green""}]",weak_title,https://amazon.ca/dp/B079LG17Y2,https://amazon-berkeley-objects.s3.us-east-1.amazonaws.com/images/original/0e/0e106ba3.jpg,data/external/rare_usage_20260906/abo/B079LG17Y2.jpg,827170ff9c1999da48e48acc17d969e9897c08a2334ff33caeb43ecf43bc4503,1515,2560,Official ABO release CC BY 4.0; see source license and attribution,,,,,,,,AmazonBasics,,A1XFFBQ4ZsL,NC1712002R1D,False,gross_visual_check_pass,Amazon Berkeley Objects:B079LG17Y2,withhold,,Weak source purpose/type text is not an exact occasion/style label,827170ff9c1999da48e48acc17d969e9897c08a2334ff33caeb43ecf43bc4503,7c5bbea30724ba928ecb17578eb7a832dc3145b94a08b3501ebbf569e7b24f32,bc2efd5369a6da45414516b1d3fbee33e6fcc293047c0ee07f742627071e00b3,fd7599600b9b64c6bb382fba936416c0b65e6ffa833e9e6ec6c074c2bb771101,3361484040504103,99818080800080ff,33232b2323432303,dbc18181818181ff,3341484040c04103,99a18080800000ff,1515,2560,external_family_bacec16e90f7f6a12b54,False,Weak source purpose/type text is not an exact occasion/style label,False
Amazon Berkeley Objects,B079LG18LS,abo:amazonbasics:nc1712056,AmazonBasics Slim Carry On Laptop Travel Weekender Backpack - Purple,BACKPACK,Travel,"[{""field"": ""item_name"", ""language_tag"": ""en_IN"", ""value"": ""AmazonBasics Slim Carry On Laptop Travel Weekender Backpack - Purple""}]",weak_title,https://amazon.in/dp/B079LG18LS,https://amazon-berkeley-objects.s3.us-east-1.amazonaws.com/images/original/45/455a08e9.jpg,data/external/rare_usage_20260906/abo/B079LG18LS.jpg,60962b42a6eda60a64fc9841688ec41fd647818f4d656393dbe1ac305c7a5a52,1605,2560,Official ABO release CC BY 4.0; see source license and attribution,,,,,,,,AmazonBasics,,A1g8AQwdCOL,NC1712056G,False,gross_visual_check_pass,Amazon Berkeley Objects:B079LG18LS,withhold,,Weak source purpose/type text is not an exact occasion/style label,60962b42a6eda60a64fc9841688ec41fd647818f4d656393dbe1ac305c7a5a52,ca5d5448c1e447b977447baf6f4fe09c4b3d5f5512faeea286712ae1918aa9a1,bfab7f883352d8185e9f103037f8b428b4018a3c3e11e057df11f6ebba8b19c2,2ce4c2c34a64fc4f3b1f5e84a66d7fea8abd97310b0c219ed42ff6e196d810c3,6b4d440141414103,bdf520f0e0fc00ff,232b410101410323,9be18181818181fb,694dc40141404101,bdf560f8f0fc0081,1605,2560,external_family_a314fa16dafac7847a80,False,Weak source purpose/type text is not an exact occasion/style label,False
Amazon Berkeley Objects,B079LMFJSY,abo:amazonbasics:nc1712056,Amazon Basic Travel Backpack,BACKPACK,Travel,"[{""field"": ""item_name"", ""language_tag"": ""en_US"", ""value"": ""Amazon Basic Travel Backpack""}]",weak_title,https://amazon.co.jp/dp/B079LMFJSY,https://amazon-berkeley-objects.s3.us-east-1.amazonaws.com/images/original/e5/e5a20757.jpg,data/external/rare_usage_20260906/abo/B079LMFJSY.jpg,3cd2f6a1586aef73966c99698f74132136e97882ca6c1723b9833b80c0c67edd,1618,2560,Official ABO release CC BY 4.0; see source license and attribution,,,,,,,,Amazonベーシック(AmazonBasics),,A1IYiZtIt5L,NC1712056A,False,gross_visual_check_pass,Amazon Berkeley Objects:B079LMFJSY,withhold,,Weak source purpose/type text is not an exact occasion/style label,3cd2f6a1586aef73966c99698f74132136e97882ca6c1723b9833b80c0c67edd,7ad0804a823398ee66ab0f0f370358dcf56602e2703d1773d3036208214170ce,8f827f9c09ee3fba1a10c3c87e564ca8213f266739611b594ced8f4b37d7060b,391c6f9b113094c292d8c8634f6aff0bb03587ea5608b9e108cc674fe9205325,396dcc4141c14103,9df574a0b0f800ff,332b494141414323,d9e1818181a181fb,396dcc4041414101,9df574f0f0fc0081,1618,2560,external_family_a314fa16dafac7847a80,False,Weak source purpose/type text is not an exact occasion/style label,False
Amazon Berkeley Objects,B079LMMK7F,abo:amazonbasics:nc1712056,"AmazonBasics Slim Carry On Travel Backpack, Blue - Weekender",BACKPACK,Travel,"[{""field"": ""item_name"", ""language_tag"": ""en_SG"", ""value"": ""AmazonBasics Slim Carry On Travel Backpack, Blue - Weekender""}]",weak_title,https://amazon.sg/dp/B079LMMK7F,https://amazon-berkeley-objects.s3.us-east-1.amazonaws.com/images/original/99/99fa6d95.jpg,data/external/rare_usage_20260906/abo/B079LMMK7F.jpg,25da1398624246c79e9a7462316fc38f028bc65900a1cc6622596a12ff8de28e,1644,2560,Official ABO release CC BY 4.0; see source license and attribution,,,,,,,,AmazonBasics,,A16Im1EB2ML,NC1712056F,False,gross_visual_check_pass,Amazon Berkeley Objects:B079LMMK7F,withhold,,Weak source purpose/type text is not an exact occasion/style label,25da1398624246c79e9a7462316fc38f028bc65900a1cc6622596a12ff8de28e,d3279882fe887c587aa4d56cd3166cc54d73f0b13ad2da5ed9e47c0b52d2f71e,253b6b0295fc872cc2c166dc4ebc415a6d34d1b0b643fbb81db968b3e51e4265,764fd9eb2d63f88173c402c5284060de1e6a1c2e4b45beae6ac0eb7c6b3321ae,3b4d495141414123,dd810000000081ff,332b414143412323,db818181818181ff,394d485141414101,dda10000000080ff,1644,2560,external_family_a314fa16dafac7847a80,False,Weak source purpose/type text is not an exact occasion/style label,False
Amazon Berkeley Objects,B079LMXV35,abo:amazonbasics:nc1712056,"AmazonBasics Slim Carry On Travel Backpack, Denim - Weekender",BACKPACK,Travel,"[{""field"": ""item_name"", ""language_tag"": ""en_AE"", ""value"": ""AmazonBasics Slim Carry On Travel Backpack, Denim - Weekender""}]",weak_title,https://amazon.ae/dp/B079LMXV35,https://amazon-berkeley-objects.s3.us-east-1.amazonaws.com/images/original/bb/bbb4c39f.jpg,data/external/rare_usage_20260906/abo/B079LMXV35.jpg,6165ad2ed16640fdb29149dbe24df34fa1a48a05aec52b01420248fa03a2fa75,1610,2560,Official ABO release CC BY 4.0; see source license and attribution,,,,,,,,AmazonBasics|امازون بيسكس,,A11ERqYrS6L,NC1712056E,False,gross_visual_check_pass,Amazon Berkeley Objects:B079LMXV35,withhold,,Weak source purpose/type text is not an exact occasion/style label,6165ad2ed16640fdb29149dbe24df34fa1a48a05aec52b01420248fa03a2fa75,aea532a876a99244bc6c1f1e485cc960d1e4dc3c2db5784919a897e8361f44ad,bc20cf945a52578954bb190a3d97ffe7af8a71eefa53d983d032f8e3513139b5,1d583aae0e9c5d83337b03025c67e666b696bf7d76b29dc0a9183b695bb23acd,314dcc4141414103,99e56080a1f000ff,332b490103014323,99c18181818181c3,314dcc414141c141,99f564e0e0f00081,1610,2560,external_family_a314fa16dafac7847a80,False,Weak source purpose/type text is not an exact occasion/style label,False
Amazon Berkeley Objects,B07BV8RPJR,abo:eono:eonoessentials25lwaterprooftravelbag,Eono Essentials 25L Waterproof Travel Bag,LUGGAGE,Travel,"[{""field"": ""item_name"", ""language_tag"": ""it_IT"", ""value"": ""Eono Essentials 25L Waterproof Travel Bag""}]",weak_title,https://amazon.it/dp/B07BV8RPJR,https://amazon-berkeley-objects.s3.us-east-1.amazonaws.com/images/original/0f/0faf6461.jpg,data/external/rare_usage_20260906/abo/B07BV8RPJR.jpg,59ead23897514a01e0119d4801c75b3ee7b850157391b27f63b748658dfd0547,1143,1500,Official ABO release CC BY 4.0; see source license and attribution,,,,,,,,Eono,,71Jn2IZwebL,,False,gross_visual_check_pass,Amazon Berkeley Objects:B07BV8RPJR,withhold,,Weak source purpose/type text is not an exact occasion/style label,59ead23897514a01e0119d4801c75b3ee7b850157391b27f63b748658dfd0547,ce39a846e41218e0a3804272fec3625c9107234f9e552d606680ea91a1fe4ce8,5d6b37f05b15d69137044a68ca7e849ce0d76f1d1608ddd4bee78f3f7cf41346,fc71547e9b932196a14de7ebcf5f3495d50edcab2d0aadbea3078baa98d831f9,1905654646476306,ed818183838383e7,1905654646476706,ed818183838183e7,1525654e46476307,ed810183838381c3,1143,1500,external_family_e16c68a5163e8618ed51,False,Weak source purpose/type text is not an exact occasion/style label,False
Amazon Berkeley Objects,B07CBY8383,abo:amazonbasics:zh1603233,"(Renewed) AmazonBasics 46 Ltrs Carry-On Travel Backpack, Black",LUGGAGE,Travel,"[{""field"": ""item_name"", ""language_tag"": ""en_IN"", ""value"": ""(Renewed) AmazonBasics 46 Ltrs Carry-On Travel Backpack, Black""}, {""field"": ""bullet_point"", ""language_tag"": ""en_IN"", ""value"": ""Carry-on travel backpack with internal, zippered laptop sleeve; ultra-flexible and lightweight; made of durable polyester""}]",weak_title,https://amazon.in/dp/B07CBY8383,https://amazon-berkeley-objects.s3.us-east-1.amazonaws.com/images/original/a2/a2caaac9.jpg,data/external/rare_usage_20260906/abo/B07CBY8383.jpg,04d6a9fa1cb773f44ae47f27ced0b55e367ce70ba4b8b909586bd7eb350acf1e,1000,1000,Official ABO release CC BY 4.0; see source license and attribution,,,,,,,,AmazonBasics,,61d4-jUCcZL,ZH1603233R1#CR,False,exclude_promotional_overlay,Amazon Berkeley Objects:B07CBY8383,withhold,,Weak source purpose/type text is not an exact occasion/style label,04d6a9fa1cb773f44ae47f27ced0b55e367ce70ba4b8b909586bd7eb350acf1e,d81b53fd529b7ab4ddf432ce0da8080472c9321415f640b907eba25fc462fc11,8b7892f69166b9cc93f95a272e404633e7f87e05ece13555c39d1c892ae54649,74f38621417619583caa0592cf5fd8c42bb6463e34e8799f4d73472532852532,0f03331313032333,838181c1c1c1f9df,000f331313033317,ff838181c18199ff,df2531353521c170,e38180808080ffff,1000,1000,external_family_7f820b111a9666606626,False,Weak source purpose/type text is not an exact occasion/style label,False
Amazon Berkeley Objects,B07HGV7JYJ,abo:amazonbasics:amazonbasicsslimcarryontravelbackpack,AmazonBasics Slim Carry On Travel Backpack,LUGGAGE,Travel,"[{""field"": ""item_name"", ""language_tag"": ""en_AE"", ""value"": ""AmazonBasics Slim Carry On Travel Backpack""}]",weak_title,https://amazon.sa/dp/B07HGV7JYJ,https://amazon-berkeley-objects.s3.us-east-1.amazonaws.com/images/original/e0/e013a320.jpg,data/external/rare_usage_20260906/abo/B07HGV7JYJ.jpg,5ff74a658833d558ec7a3b5814dafe781080324eecbc819bff0a37a634d67b84,1493,2560,Official ABO release CC BY 4.0; see source license and attribution,,,,,,,,AmazonBasics|امازون بيسكس,,A166C71eR-L,,False,gross_visual_check_pass,Amazon Berkeley Objects:B07HGV7JYJ,withhold,,Weak source purpose/type text is not an exact occasion/style label,5ff74a658833d558ec7a3b5814dafe781080324eecbc819bff0a37a634d67b84,cc3929c1f1573a2432a119954f5f30535e31b48b63e13a0969ea9644b7d9d156,13e9449543f182e2cd9393a5f48e03461113ba52c0ee2f3d68cfb8e99cb19467,56cdc214a6d78fbdc0c35c85c4f3c193fc529d1d0f24dee1d638d3eaa6fbfbc3,33094c4040400123,99f1808080c080ff,332b092101010303,dbc1c181818181fb,33490c4040c00123,99fde080a0e080e1,1493,2560,external_family_a3b86b3fa4278cd2fc3b,False,Weak source purpose/type text is not an exact occasion/style label,False
Amazon Berkeley Objects,B07JL2997W,abo:amazonbasics:wxd0989,"AmazonBasics Wheeled Travel Duffel - International Small, Blue",LUGGAGE,Travel,"[{""field"": ""item_name"", ""language_tag"": ""de_DE"", ""value"": ""AmazonBasics Wheeled Travel Duffel - International Small, Blue""}, {""field"": ""bullet_point"", ""language_tag"": ""de_DE"", ""value"": ""AmazonBasics Wheeled Travel Duffel - International Small, Blue""}]",weak_title,https://amazon.de/dp/B07JL2997W,https://amazon-berkeley-objects.s3.us-east-1.amazonaws.com/images/original/86/86d56c14.jpg,data/external/rare_usage_20260906/abo/B07JL2997W.jpg,02899cf0aa29960ec5480bd9cdfe8b8c503a22530af313991cc62ad9915a75a4,1500,1500,Official ABO release CC BY 4.0; see source license and attribution,,,,,,,,AmazonBasics,,61w4fs2ESyL,WXD0989WDB,False,exclude_logo_only,Amazon Berkeley Objects:B07JL2997W,withhold,,Weak source purpose/type text is not an exact occasion/style label,02899cf0aa29960ec5480bd9cdfe8b8c503a22530af313991cc62ad9915a75a4,37c6edf66dc611eec37051fed76c0ad1410abb76ab756c9a804b3ebc263b6336,19ee4618c1c8255384256d13eaf3da57a70a9f1ef7749848370d6333ce0d470f,412c7b32b0b5f2d254b5decbe79f836e6bbf860b5542d123cbe27b0cc99080d4,000a00cf3b008800,ffffff0000ffffff,000a00cf3b008800,ffffff0000ffffff,05b44febbf92503a,ffff000100dfff9f,1500,1500,external_family_5b26112c987963fd0300,False,Weak source purpose/type text is not an exact occasion/style label,False
Amazon Berkeley Objects,B07JL29Y7W,abo:amazonbasics:wxd0989,"AmazonBasics Wheeled Travel Duffel - International Small, Salmon",LUGGAGE,Travel,"[{""field"": ""item_name"", ""language_tag"": ""de_DE"", ""value"": ""AmazonBasics Wheeled Travel Duffel - International Small, Salmon""}, {""field"": ""bullet_point"", ""language_tag"": ""de_DE"", ""value"": ""AmazonBasics Wheeled Travel Duffel - International Small, Salmon""}]",weak_title,https://amazon.de/dp/B07JL29Y7W,https://amazon-berkeley-objects.s3.us-east-1.amazonaws.com/images/original/86/86d56c14.jpg,data/external/rare_usage_20260906/abo/B07JL29Y7W.jpg,02899cf0aa29960ec5480bd9cdfe8b8c503a22530af313991cc62ad9915a75a4,1500,1500,Official ABO release CC BY 4.0; see source license and attribution,,,,,,,,AmazonBasics,,61w4fs2ESyL,WXD0989WDF,False,exclude_logo_only,Amazon Berkeley Objects:B07JL29Y7W,withhold,,Weak source purpose/type text is not an exact occasion/style label,02899cf0aa29960ec5480bd9cdfe8b8c503a22530af313991cc62ad9915a75a4,37c6edf66dc611eec37051fed76c0ad1410abb76ab756c9a804b3ebc263b6336,19ee4618c1c8255384256d13eaf3da57a70a9f1ef7749848370d6333ce0d470f,412c7b32b0b5f2d254b5decbe79f836e6bbf860b5542d123cbe27b0cc99080d4,000a00cf3b008800,ffffff0000ffffff,000a00cf3b008800,ffffff0000ffffff,05b44febbf92503a,ffff000100dfff9f,1500,1500,external_family_5b26112c987963fd0300,False,Weak source purpose/type text is not an exact occasion/style label,False
Amazon Berkeley Objects,B07JLX4W8L,abo:amazonbasics:wxd0989,"AmazonBasics Wheeled Travel Duffel - International Small, Red",LUGGAGE,Travel,"[{""field"": ""item_name"", ""language_tag"": ""es_ES"", ""value"": ""AmazonBasics Wheeled Travel Duffel - International Small, Red""}, {""field"": ""bullet_point"", ""language_tag"": ""es_ES"", ""value"": ""AmazonBasics Wheeled Travel Duffel - International Small, Red""}]",weak_title,https://amazon.es/dp/B07JLX4W8L,https://amazon-berkeley-objects.s3.us-east-1.amazonaws.com/images/original/86/86d56c14.jpg,data/external/rare_usage_20260906/abo/B07JLX4W8L.jpg,02899cf0aa29960ec5480bd9cdfe8b8c503a22530af313991cc62ad9915a75a4,1500,1500,Official ABO release CC BY 4.0; see source license and attribution,,,,,,,,AmazonBasics,,61w4fs2ESyL,WXD0989WDA,False,exclude_logo_only,Amazon Berkeley Objects:B07JLX4W8L,withhold,,Weak source purpose/type text is not an exact occasion/style label,02899cf0aa29960ec5480bd9cdfe8b8c503a22530af313991cc62ad9915a75a4,37c6edf66dc611eec37051fed76c0ad1410abb76ab756c9a804b3ebc263b6336,19ee4618c1c8255384256d13eaf3da57a70a9f1ef7749848370d6333ce0d470f,412c7b32b0b5f2d254b5decbe79f836e6bbf860b5542d123cbe27b0cc99080d4,000a00cf3b008800,ffffff0000ffffff,000a00cf3b008800,ffffff0000ffffff,05b44febbf92503a,ffff000100dfff9f,1500,1500,external_family_5b26112c987963fd0300,False,Weak source purpose/type text is not an exact occasion/style label,False
Amazon Berkeley Objects,B07JLX4YT9,abo:amazonbasics:wxd0989,"AmazonBasics Wheeled Travel Duffel - International Small, Black",LUGGAGE,Travel,"[{""field"": ""item_name"", ""language_tag"": ""it_IT"", ""value"": ""AmazonBasics Wheeled Travel Duffel - International Small, Black""}, {""field"": ""bullet_point"", ""language_tag"": ""it_IT"", ""value"": ""AmazonBasics Wheeled Travel Duffel - International Small, Black""}]",weak_title,https://amazon.it/dp/B07JLX4YT9,https://amazon-berkeley-objects.s3.us-east-1.amazonaws.com/images/original/86/86d56c14.jpg,data/external/rare_usage_20260906/abo/B07JLX4YT9.jpg,02899cf0aa29960ec5480bd9cdfe8b8c503a22530af313991cc62ad9915a75a4,1500,1500,Official ABO release CC BY 4.0; see source license and attribution,,,,,,,,AmazonBasics,,61w4fs2ESyL,WXD0989WD,False,exclude_logo_only,Amazon Berkeley Objects:B07JLX4YT9,withhold,,Weak source purpose/type text is not an exact occasion/style label,02899cf0aa29960ec5480bd9cdfe8b8c503a22530af313991cc62ad9915a75a4,37c6edf66dc611eec37051fed76c0ad1410abb76ab756c9a804b3ebc263b6336,19ee4618c1c8255384256d13eaf3da57a70a9f1ef7749848370d6333ce0d470f,412c7b32b0b5f2d254b5decbe79f836e6bbf860b5542d123cbe27b0cc99080d4,000a00cf3b008800,ffffff0000ffffff,000a00cf3b008800,ffffff0000ffffff,05b44febbf92503a,ffff000100dfff9f,1500,1500,external_family_5b26112c987963fd0300,False,Weak source purpose/type text is not an exact occasion/style label,False
Amazon Berkeley Objects,B07JM9J7MM,abo:amazonbasics:wxd0989,"AmazonBasics Wheeled Travel Duffel - International Small, Purple",LUGGAGE,Travel,"[{""field"": ""item_name"", ""language_tag"": ""en_US"", ""value"": ""AmazonBasics Wheeled Travel Duffel - International Small, Purple""}]",weak_title,https://amazon.com/dp/B07JM9J7MM,https://amazon-berkeley-objects.s3.us-east-1.amazonaws.com/images/original/86/86d56c14.jpg,data/external/rare_usage_20260906/abo/B07JM9J7MM.jpg,02899cf0aa29960ec5480bd9cdfe8b8c503a22530af313991cc62ad9915a75a4,1500,1500,Official ABO release CC BY 4.0; see source license and attribution,,,,,,,,AmazonBasics,,61w4fs2ESyL,WXD0989WDC,False,exclude_logo_only,Amazon Berkeley Objects:B07JM9J7MM,withhold,,Weak source purpose/type text is not an exact occasion/style label,02899cf0aa29960ec5480bd9cdfe8b8c503a22530af313991cc62ad9915a75a4,37c6edf66dc611eec37051fed76c0ad1410abb76ab756c9a804b3ebc263b6336,19ee4618c1c8255384256d13eaf3da57a70a9f1ef7749848370d6333ce0d470f,412c7b32b0b5f2d254b5decbe79f836e6bbf860b5542d123cbe27b0cc99080d4,000a00cf3b008800,ffffff0000ffffff,000a00cf3b008800,ffffff0000ffffff,05b44febbf92503a,ffff000100dfff9f,1500,1500,external_family_5b26112c987963fd0300,False,Weak source purpose/type text is not an exact occasion/style label,False
Amazon Berkeley Objects,B07JM9JJC9,abo:amazonbasics:wxd0989,"AmazonBasics Wheeled Travel Duffel - International Small, Grey",LUGGAGE,Travel,"[{""field"": ""item_name"", ""language_tag"": ""en_US"", ""value"": ""AmazonBasics Wheeled Travel Duffel - International Small, Grey""}]",weak_title,https://amazon.com/dp/B07JM9JJC9,https://amazon-berkeley-objects.s3.us-east-1.amazonaws.com/images/original/86/86d56c14.jpg,data/external/rare_usage_20260906/abo/B07JM9JJC9.jpg,02899cf0aa29960ec5480bd9cdfe8b8c503a22530af313991cc62ad9915a75a4,1500,1500,Official ABO release CC BY 4.0; see source license and attribution,,,,,,,,AmazonBasics,,61w4fs2ESyL,WXD0989WDD,False,exclude_logo_only,Amazon Berkeley Objects:B07JM9JJC9,withhold,,Weak source purpose/type text is not an exact occasion/style label,02899cf0aa29960ec5480bd9cdfe8b8c503a22530af313991cc62ad9915a75a4,37c6edf66dc611eec37051fed76c0ad1410abb76ab756c9a804b3ebc263b6336,19ee4618c1c8255384256d13eaf3da57a70a9f1ef7749848370d6333ce0d470f,412c7b32b0b5f2d254b5decbe79f836e6bbf860b5542d123cbe27b0cc99080d4,000a00cf3b008800,ffffff0000ffffff,000a00cf3b008800,ffffff0000ffffff,05b44febbf92503a,ffff000100dfff9f,1500,1500,external_family_5b26112c987963fd0300,False,Weak source purpose/type text is not an exact occasion/style label,False
Amazon Berkeley Objects,B07N9D7PZ2,abo:amazonbasics:amazonbasicstravelduffel,AmazonBasics Travel Duffel,LUGGAGE,Travel,"[{""field"": ""item_name"", ""language_tag"": ""en_GB"", ""value"": ""AmazonBasics Travel Duffel""}]",weak_title,https://amazon.co.uk/dp/B07N9D7PZ2,https://amazon-berkeley-objects.s3.us-east-1.amazonaws.com/images/original/56/56be21bc.jpg,data/external/rare_usage_20260906/abo/B07N9D7PZ2.jpg,98ef63104eb4fd43b3e28bfa82cb639449f2918218193ab3922171698564e746,2560,2560,Official ABO release CC BY 4.0; see source license and attribution,,,,,,,,AmazonBasics,,91Vd5PgE-gL,,False,review_wheeled_luggage_teacher_article_compatibility,Amazon Berkeley Objects:B07N9D7PZ2,withhold,,Weak source purpose/type text is not an exact occasion/style label,98ef63104eb4fd43b3e28bfa82cb639449f2918218193ab3922171698564e746,384ad4d86b604e516912d6e5d02a7067b60e29d377a81eb73ccb9f35f613c619,34590ba3c5f19caa38d5aecb2dc53c671978fc4f0176910a742b21430675ea22,0cee8134abb99c79dd5a5a8e7f009b1ec78fb96709b705a879b47bea8327ded1,1e180e969696968e,efffe7c3c3c3c3c3,0c1a0c9696969e08,ffefefc3c3c3c3ff,2d282f51595b514f,ffffff0101010001,2560,2560,external_family_99c0eb03b1cc0c51a530,False,Weak source purpose/type text is not an exact occasion/style label,False
Amazon Berkeley Objects,B07QPB2R62,abo:amazonbasics:zh1603233,"(Renewed) AmazonBasics 46 Ltrs Carry-On Travel Backpack, Red",BACKPACK,Travel,"[{""field"": ""item_name"", ""language_tag"": ""en_IN"", ""value"": ""(Renewed) AmazonBasics 46 Ltrs Carry-On Travel Backpack, Red""}, {""field"": ""bullet_point"", ""language_tag"": ""en_IN"", ""value"": ""Carry-on travel backpack with internal, zippered laptop sleeve; ultra-flexible and lightweight; made of durable polyester""}]",weak_title,https://amazon.in/dp/B07QPB2R62,https://amazon-berkeley-objects.s3.us-east-1.amazonaws.com/images/original/3a/3ae882c7.jpg,data/external/rare_usage_20260906/abo/B07QPB2R62.jpg,3f3c2d09c28c4f7ac9d8f6682e7bf0f118ed85a52af25095e497362f5d1e8eed,1420,1885,Official ABO release CC BY 4.0; see source license and attribution,,,,,,,,AmazonBasics,,814Hwdt2fAL,ZH1603233R1A-cr,False,gross_visual_check_pass,Amazon Berkeley Objects:B07QPB2R62,withhold,,Weak source purpose/type text is not an exact occasion/style label,3f3c2d09c28c4f7ac9d8f6682e7bf0f118ed85a52af25095e497362f5d1e8eed,1ec1e5f30dcabb55ae874c539d108bfac269f88c2caba1f77b7c030c607bcd38,f6216aab25ea441575e3c19b77422c5b97b5bc9ceb27f13ef4c18de4dc560d05,bb5c17f492cf58353546f25ed21568d408a6f34febc28ace7da3a2eb7b1af346,4f2531313131270f,ef8181808080c1ff,4f2531313131270f,ef8181808080c1ff,cf2511313131230f,efc1808080c080ff,1420,1885,external_family_7f820b111a9666606626,False,Weak source purpose/type text is not an exact occasion/style label,False
Amazon Berkeley Objects,B07S96NM3X,abo:amazonbrandsolimo:socabp03,Amazon Brand - Solimo 3 in 1 Messenger Bag-Black,BACKPACK,Travel,"[{""field"": ""bullet_point"", ""language_tag"": ""en_IN"", ""value"": ""Functions as an Overnighter that Packs upto 2 days of clothes that is ideal for business travel or weekend getaways""}]",weak_title,https://amazon.in/dp/B07S96NM3X,https://amazon-berkeley-objects.s3.us-east-1.amazonaws.com/images/original/e4/e4cb338a.jpg,data/external/rare_usage_20260906/abo/B07S96NM3X.jpg,06c56adfbc9564cbfcd8b0e7c0860a2b46fc96c841be7fd49cf844a727c4ea12,2560,2289,Official ABO release CC BY 4.0; see source license and attribution,,,,,,,,Amazon Brand - Solimo,,91M1Y2VAWRL,SOCABP03,False,gross_visual_check_pass,Amazon Berkeley Objects:B07S96NM3X,withhold,,Weak source purpose/type text is not an exact occasion/style label,06c56adfbc9564cbfcd8b0e7c0860a2b46fc96c841be7fd49cf844a727c4ea12,ed9bbd784018555c958f68575c895c5e9e596d91364ebf39b98006ad2ff4dd21,4359b05d27d5282e809fa11f7f482dce7e928cc13dae9640f9c419270c01d551,343e65a5e2e387160194c332697cf837b4b930b04add3270c38d2e54125a5f9a,448f01210505250d,ffffc080808080ff,31040f3101050900,ffffc1808000ffff,448f01210101250d,ffffc080808080ff,2560,2289,external_family_a99ddf9008c56c28ad37,False,Weak source purpose/type text is not an exact occasion/style label,False
Amazon Berkeley Objects,B07SB9JJ3Z,abo:amazonbrandsolimo:socabp272,Amazon Brand - Solimo 3 in 1 Messenger Bag (Grey),HANDBAG,Travel,"[{""field"": ""bullet_point"", ""language_tag"": ""en_IN"", ""value"": ""Functions as an Overnighter that Packs upto 2 days of clothes that is ideal for business travel or weekend getaways""}]",weak_title,https://amazon.in/dp/B07SB9JJ3Z,https://amazon-berkeley-objects.s3.us-east-1.amazonaws.com/images/original/5c/5c3d87de.jpg,data/external/rare_usage_20260906/abo/B07SB9JJ3Z.jpg,9abda006fccdf50d5aa6f01913962e1f573123e20478ff65e5cc61cba9e3dcf7,2560,2158,Official ABO release CC BY 4.0; see source license and attribution,,,,,,,,Amazon Brand - Solimo,,91lnU7i7P0L,SOCABP272,False,gross_visual_check_pass,Amazon Berkeley Objects:B07SB9JJ3Z,withhold,,Weak source purpose/type text is not an exact occasion/style label,9abda006fccdf50d5aa6f01913962e1f573123e20478ff65e5cc61cba9e3dcf7,9236819df0b39cbc2c0eda8b58883c4500d688b5d3c44bb0b89b6d02b360e63f,7e03d1321663de2969618caad3fd8ff674922822a8357b6dacc82586d3350969,29b256a92e6329e014bee2282c902923078e49d3569dc699017a20392b1fbb5c,4e8b21213121213d,ffebc080808000ff,210e0b2121213d00,ffffc1808000ffff,4a0b21213120a13d,ffebc080808000c1,2560,2158,external_family_acf644198363ac936eb6,False,Weak source purpose/type text is not an exact occasion/style label,False
Amazon Berkeley Objects,B07SCMGKNQ,abo:amazonbrandsolimo:socabp02,Amazon Brand - Solimo Foldable Backpack,BACKPACK,Travel,"[{""field"": ""bullet_point"", ""language_tag"": ""en_IN"", ""value"": ""Capacity: 13.2 liters that makes it ideal to carry the right amount of material for office/travel""}]",weak_title,https://amazon.in/dp/B07SCMGKNQ,https://amazon-berkeley-objects.s3.us-east-1.amazonaws.com/images/original/4f/4fac49a4.jpg,data/external/rare_usage_20260906/abo/B07SCMGKNQ.jpg,6f2f7ea7ddd3bdbe60394aa56a97271edb0e3617e9228ce3b1c603e0fb1199da,1482,2560,Official ABO release CC BY 4.0; see source license and attribution,,,,,,,,Amazon Brand - Solimo,,91BGZK0w-YL,SOCABP02,False,gross_visual_check_pass,Amazon Berkeley Objects:B07SCMGKNQ,withhold,,Weak source purpose/type text is not an exact occasion/style label,6f2f7ea7ddd3bdbe60394aa56a97271edb0e3617e9228ce3b1c603e0fb1199da,6861f87517eaf9ba017e0b04c6be68893e8e879222913aa791429aba74f64d2a,272f4ce1b0a299329bf324be87084ed0673f8ef3789dee3cf5f2d95af296c2f9,60373575abaea69bb6b6915f2f03174b2afeb9b07957f419160c6be49f127736,172359515141410d,c3818181810081ff,96073b332323230b,e7c38181818181ff,172359515141410d,c3818181810080ff,1482,2560,external_family_bc43eae76764c4b3b5c8,False,Weak source purpose/type text is not an exact occasion/style label,False
Amazon Berkeley Objects,B07X55ZGV7,abo:eono:eonoessentials55x35x20cm39lhandcabinluggagebackpackforupto156laptopcarryonrucksackholdalltraveldaypackflightbag55x35x20black,Eono Essentials 55x35x20cm 39L Hand Cabin Luggage Backpack for up to 15.6” Laptop Carry On Rucksack Holdall Travel Daypack Flight Bag 55x35x20 Black,BACKPACK,Travel,"[{""field"": ""item_name"", ""language_tag"": ""en_GB"", ""value"": ""Eono Essentials 55x35x20cm 39L Hand Cabin Luggage Backpack for up to 15.6” Laptop Carry On Rucksack Holdall Travel Daypack Flight Bag 55x35x20 Black""}]",weak_title,https://amazon.co.uk/dp/B07X55ZGV7,https://amazon-berkeley-objects.s3.us-east-1.amazonaws.com/images/original/cd/cd19a749.jpg,data/external/rare_usage_20260906/abo/B07X55ZGV7.jpg,ce534d7dee5e0cd115d95725ec3b8a8faadf7bb2aba8eafb15d6c9b52c547057,2200,2200,Official ABO release CC BY 4.0; see source license and attribution,,,,,,,,Eono,,91QK0SOfloL,,False,gross_visual_check_pass,Amazon Berkeley Objects:B07X55ZGV7,withhold,,Weak source purpose/type text is not an exact occasion/style label,ce534d7dee5e0cd115d95725ec3b8a8faadf7bb2aba8eafb15d6c9b52c547057,167337240e3e7d64e535c50a36bb668a25745a80ca4c1833c989ee8a82f0687c,3f7b639f6e9523a882d474f81060612796363add4e367e26494f74d4b9274bba,d660f213a96ac00bd59daf08c606f9f68fe5092a29511b4eb11bb2a22b395b42,8e93131313131307,f7c1c1c1c1c3c3c3,008f131313130704,ffe3c1c1c1c1c3ff,0f13616141617107,ff808081800101c3,2200,2200,external_family_3bac6410fc57d70297bb,False,Weak source purpose/type text is not an exact occasion/style label,False
Amazon Berkeley Objects,B082B4R1WX,abo:eono:eote00008,"Eono Laptop Tote Borsa 17.3 Pollici con Porta di Ricarica USB, Grande Borsa a Tracolla Borsa per Computer Leggera Idrorepellente, Poliestere Borsa per Lavoro Business Travel, Nero&Grigio",HANDBAG,Travel,"[{""field"": ""item_name"", ""language_tag"": ""it_IT"", ""value"": ""Eono Laptop Tote Borsa 17.3 Pollici con Porta di Ricarica USB, Grande Borsa a Tracolla Borsa per Computer Leggera Idrorepellente, Poliestere Borsa per Lavoro Business Travel, Nero&Grigio""}]",weak_title,https://amazon.it/dp/B082B4R1WX,https://amazon-berkeley-objects.s3.us-east-1.amazonaws.com/images/original/e0/e029c78d.jpg,data/external/rare_usage_20260906/abo/B082B4R1WX.jpg,a4556223b0aead35ecd72aa3adace1e4dc1c6e3c2c05d2e15a37105e21489fae,1500,1500,Official ABO release CC BY 4.0; see source license and attribution,,,,,,,,Eono,,71DP9LBFWbL,EOTE00008,False,review_product_plus_accessories,Amazon Berkeley Objects:B082B4R1WX,withhold,,Weak source purpose/type text is not an exact occasion/style label,a4556223b0aead35ecd72aa3adace1e4dc1c6e3c2c05d2e15a37105e21489fae,63a8220a8b40ae0b06b5778644449dfb5fde1c0be60a70932825580961bab38a,dc95f34c3696db715c5bba051129ca66d7f9f8484b89300ed982567826e3c72b,03408f086fb716fd49d937adfffe986b5c3fe5ed88ec5cfb5fa34fcfa5c4d531,260f0a9b939b9313,ffffffe1c1c1c1c1,04270a8b93931300,fff7ffe141c1c1ff,26aa4b9b95999113,ffffffc940c0c0c0,1500,1500,external_family_2a080e8cfc74a0b3697c,False,Weak source purpose/type text is not an exact occasion/style label,False
Amazon Berkeley Objects,B01AIVT5M4,abo:amazonbasics:zh1510024r3,"AmazonBasics Lightweight Packable Hiking Travel Day Pack Backpack - 17.5 x 17.5 x 11.5 Inches, 25 Liter, Red",BACKPACK,Travel,"[{""field"": ""item_name"", ""language_tag"": ""en_US"", ""value"": ""AmazonBasics Lightweight Packable Hiking Travel Day Pack Backpack - 17.5 x 17.5 x 11.5 Inches, 25 Liter, Red""}]",weak_title,https://amazon.com/dp/B01AIVT5M4,https://amazon-berkeley-objects.s3.us-east-1.amazonaws.com/images/original/e3/e39ef2aa.jpg,data/external/rare_usage_20260906/abo/B01AIVT5M4.jpg,e7f5f4d8206589d42855e7ff80379215c94ceaae8868f7b42fa955170c63bc42,1682,2560,Official ABO release CC BY 4.0; see source license and attribution,,,,,,,,AmazonBasics,,91YcObs4BHL,ZH1510024R3A,True,gross_visual_check_pass,Amazon Berkeley Objects:B01AIVT5M4,withhold,,Weak source purpose/type text is not an exact occasion/style label,e7f5f4d8206589d42855e7ff80379215c94ceaae8868f7b42fa955170c63bc42,d29c509c72a95ee99421fb37a3e443317ff6e03006c434ab370a3c5a037e363f,55cde636499bafdb72e81fb4d7461d0be8e6c8fb642125bce5b01c94ac83ed57,9eef0892b4ca8b09a97320d70c7a25cd70307ebc7358c51fc55b5677b9c00e27,5e2f410d590d0d0f,ff818180808081ff,5e0b0b0b09090b0f,ef838181818181ff,de2b410d590d0d07,ff818180808080f3,1682,2560,external_family_2907d65bc8b42b71ccac,False,Weak source purpose/type text is not an exact occasion/style label,False
Amazon Berkeley Objects,B01AIVT6NM,abo:amazonbasics:zh1510024r3,"AmazonBasics Lightweight Packable Hiking Travel Day Pack Backpack - 17.5 x 17.5 x 11.5 Inches, 25 Liter, Orange",BACKPACK,Travel,"[{""field"": ""item_name"", ""language_tag"": ""en_US"", ""value"": ""AmazonBasics Lightweight Packable Hiking Travel Day Pack Backpack - 17.5 x 17.5 x 11.5 Inches, 25 Liter, Orange""}]",weak_title,https://amazon.com/dp/B01AIVT6NM,https://amazon-berkeley-objects.s3.us-east-1.amazonaws.com/images/original/55/5579e12e.jpg,data/external/rare_usage_20260906/abo/B01AIVT6NM.jpg,3d3160ebe7006bb65b9d6614bb80407d6c1209fe441b3eeaaeb0ff5c975bfa8f,1682,2560,Official ABO release CC BY 4.0; see source license and attribution,,,,,,,,AmazonBasics,,91st5RiMpGL,ZH1510024R3B,True,gross_visual_check_pass,Amazon Berkeley Objects:B01AIVT6NM,withhold,,Weak source purpose/type text is not an exact occasion/style label,3d3160ebe7006bb65b9d6614bb80407d6c1209fe441b3eeaaeb0ff5c975bfa8f,8702db7c9e551ab8925cc5a940be85ccdb6bcfcfac279bd2e0cd182aafc71aed,96b1b99b4dc007a4bf3c429e1f907b6d4fe061e49be7193230cbe265c4e3e810,4c3246eae1e160d95267ec3940bc031baa710ee3895b6fe629d0349150e5965a,5ee369357435350f,ef01a180808081ff,5e636b253535370f,af838181818181ff,dea349257474350f,6f11a180808081f7,1682,2560,external_family_2907d65bc8b42b71ccac,False,Weak source purpose/type text is not an exact occasion/style label,False
Amazon Berkeley Objects,B01J24HCL4,abo:amazonbasics:zh1603217r1,"AmazonBasics Packable Travel Gym Duffel Bag - 23 Inch, Black",LUGGAGE,Travel,"[{""field"": ""item_name"", ""language_tag"": ""en_US"", ""value"": ""AmazonBasics Packable Travel Gym Duffel Bag - 23 Inch, Black""}, {""field"": ""bullet_point"", ""language_tag"": ""en_US"", ""value"": ""Travel duffel bag features durable tear-resistant fabric and high-quality zippers with easy-grip pull cords""}]",weak_title,https://amazon.com/dp/B01J24HCL4,https://amazon-berkeley-objects.s3.us-east-1.amazonaws.com/images/original/58/585ecc63.jpg,data/external/rare_usage_20260906/abo/B01J24HCL4.jpg,db6dcd75cd6cf031b347323525d7180935106df29a3d8605ec9431565865b081,1952,1158,Official ABO release CC BY 4.0; see source license and attribution,,,,,,,,AmazonBasics,,81Fz2ymdvrL,ZH1603217R1,True,gross_visual_check_pass,Amazon Berkeley Objects:B01J24HCL4,withhold,,Weak source purpose/type text is not an exact occasion/style label,db6dcd75cd6cf031b347323525d7180935106df29a3d8605ec9431565865b081,64edb2fa6bebd6897b95df6c8e8442b51cdf10e6d889b9ed7b47740a31036692,4e854edc209d9069576b579ff3d3e6c7167747ed6b08652d5bfa347c882e6d6e,388b0608b0f19aba2278457ba21548c564f46145c0ac993685b53ec73a6e58ed,8c172d5551111131,ffff8180808081ff,1180075511110001,ffffff000081ffff,8c174d5551111131,ffff8180008080ff,1952,1158,external_family_138066d672bc61671615,False,Weak source purpose/type text is not an exact occasion/style label,False
Amazon Berkeley Objects,B0735341P9,abo:starter:st1003,"Starter Backpack with Laptop Sleeve and Shoe Pocket, Amazon Exclusive, Black, One Size",LUGGAGE,Travel,"[{""field"": ""bullet_point"", ""language_tag"": ""en_AU"", ""value"": ""A backpack for school, the office, travel, hiking, or the gym. Features comfortable straps, reflective tape, pockets for all of your essentials, and a water bottle sleeve to keep you hydrated.""}]",weak_title,https://amazon.com.au/dp/B0735341P9,https://amazon-berkeley-objects.s3.us-east-1.amazonaws.com/images/original/02/029cf2cb.jpg,data/external/rare_usage_20260906/abo/B0735341P9.jpg,95149af1b764d24dac6a646e4d83f0d3ce7f84abcd7806558a9115d17f7dedfc,2098,2560,Official ABO release CC BY 4.0; see source license and attribution,,,,,,,,STARTER,,A1gAVJbsi3L,ST1003,True,gross_visual_check_pass,Amazon Berkeley Objects:B0735341P9,withhold,,Weak source purpose/type text is not an exact occasion/style label,95149af1b764d24dac6a646e4d83f0d3ce7f84abcd7806558a9115d17f7dedfc,328e0ead799c5561bcfc59218083adef80cd540f5229efba0a5dda1de36498eb,06bb62ffc610f3e22287e87dde887313a943b4c3a90b444be700b33ed2bb0a61,c0dc81282b7d0a0c2d88923e75638dda200c1f83a0c11ad92b75342bfcba2537,6d0e0646468e0707,a787838383030383,6d0e1646468e070f,b7878303030303ff,46160646478b0b07,b783838383430383,2098,2560,external_family_28a93f5638d227bcf1e2,False,Weak source purpose/type text is not an exact occasion/style label,False
Amazon Berkeley Objects,B07BK1QHTG,abo:eono:eonocottoncanvastotebagreusableshoppingbaggroceryshoulderbagsecofriendlygiftsforwomenkidsgirlshandbagsprintedsavingourplanetblack0102a03,"EONO Cotton Canvas Tote Bag Reusable Shopping Bag | Grocery Shoulder Bags | Eco-Friendly Gifts for Women, Kids, Girls | Handbags | Printed Saving Our Planet - Black | 0102A03",TOTE_BAG,Travel,"[{""field"": ""bullet_point"", ""language_tag"": ""en_GB"", ""value"": ""YOUR EVERYWHERE BAG: These shoulder bags are so versatile and lightweight, use them as canvas shopper bags, school / work tote, beach bags, grocery bag, travel, storage, Christmas / birthday gift bags, book bag, craft bag, gift for mums, bride bag.""}]",weak_title,https://amazon.co.uk/dp/B07BK1QHTG,https://amazon-berkeley-objects.s3.us-east-1.amazonaws.com/images/original/97/9780bafa.jpg,data/external/rare_usage_20260906/abo/B07BK1QHTG.jpg,97424615a5f55b096b663bae898d293e6bdaebf7d7eea19bf983e136c5530f36,1500,1500,Official ABO release CC BY 4.0; see source license and attribution,,,,,,,,Eono,,61W9O5gkSFL,,True,gross_visual_check_pass,Amazon Berkeley Objects:B07BK1QHTG,withhold,,Weak source purpose/type text is not an exact occasion/style label,97424615a5f55b096b663bae898d293e6bdaebf7d7eea19bf983e136c5530f36,a6a0c36a64db04372113e799d57850a63279a6a13ed0142bcf709868febd1602,dbf0d8538c8e442353ac6124c9dbedeb93b2a6f74e233f5ae0901fa26fce5cb0,40381ad27950290822a1e2b296a433f119a3f33da0e3a9efc488391f9be9ba89,080e4d9696969616,ffffffc3c3c3c3c3,040a4d1696961640,ffffffc3c3c3c3ff,0d5712536d595d49,ffffff8080808000,1500,1500,external_family_57667c884ce0bae33000,False,Weak source purpose/type text is not an exact occasion/style label,False
