source,source_id,source_group_id,source_title,source_article_type,source_label,label_evidence,label_strength,source_url,image_url,original_path,original_sha256,width,height,rights_basis,source_record_id,source_category_path,source_specs,attribution,license_url,dataset_url,source_category,source_brand,image_format,main_image_id,source_model_number,mixed_use,visual_qa_flags,external_id,visual_decision,visual_flags,selection_reason,file_sha256,pixel_sha256,view_pixel_sha256,crop_pixel_sha256,dhash_hex,ahash_hex,view_dhash_hex,view_ahash_hex,crop_dhash_hex,crop_ahash_hex,original_width,original_height,external_group_id,teacher_overlap,admission_reason,sha256,decoded_sha256,original_decoded_sha256,content_left,content_top,content_width,content_height,path,training_target,teacher_usage_compatible,candidate_usage,external_partition
amazon_reviews_2023,B009DAHKNI,amazon_asin:B009DAHKNI,2 Hawaiian quilt throw pillow cover 18x18 100% hand quilted/100% hand appliqued,Throw Pillow Covers,Home,details.Occasion=Home,source_exact_occasion,https://www.amazon.com/dp/B009DAHKNI,https://m.media-amazon.com/images/I/51NeJgegVDL._AC_.jpg,data/external/rare_usage_20260906/amazon/originals/B009DAHKNI.jpg,0f954c6a40abea28efbbb7b780f0c96e3be1408b7f38a7455fba9f801cfa2ae8,60,80,"Public publisher research release; retailer photo rights retained; local academic experiment, no blanket photo redistribution grant established",,,,,,,amazon_home,Hawaiian Quilt Shop,JPEG,,,,,amazon_reviews_2023:B009DAHKNI,keep,One clear cushion/cover; original and 60x80 preview inspected,,0f954c6a40abea28efbbb7b780f0c96e3be1408b7f38a7455fba9f801cfa2ae8,7e984318ac107d1b1a5f0e9fc7d79470aa2a60db826c540ddd441fd69b0dc598,1716cd6fc80c49fcac90df096a05a7464e95c26fc38777bf25309360c523c577,7e984318ac107d1b1a5f0e9fc7d79470aa2a60db826c540ddd441fd69b0dc598,2333170f373361f0,ff81c3c3838199ff,0029330e37738800,ffff81838100ffff,2333170f373361f0,ff81c3c3838199ff,500,398,external_family_03711235dfe9fe1513ea,False,accepted_for_auxiliary_source_label_training,5fab4fab2ba62ed6482be63196961ced65618065136c538e51e82d8185dae426,1716cd6fc80c49fcac90df096a05a7464e95c26fc38777bf25309360c523c577,7e984318ac107d1b1a5f0e9fc7d79470aa2a60db826c540ddd441fd69b0dc598,0,16,60,48,data/external/rare_usage_20260906/images_60x80/amazon_reviews_2023/B009DAHKNI.png,source_usage,False,Home,train
amazon_reviews_2023,B019OYU4NK,amazon_asin:B019OYU4NK,"Bursonvic Throw Pillow Case Cushion Cover, Linen Burlap Home Farmhouse/Modern Decorative Square Solid Pillow Cover for Sofa/Couch/Bed (18 x 18 Inches, Beige/Light Coffee)",Throw Pillow Covers,Home,details.Occasion=Home,source_exact_occasion,https://www.amazon.com/dp/B019OYU4NK,https://m.media-amazon.com/images/I/51WRe5ZGU8L._AC_.jpg,data/external/rare_usage_20260906/amazon/originals/B019OYU4NK.jpg,973c54ef8c2899e854c748f7f9c0292e255f9a89e93d95023b2b9de2a91ba61d,60,80,"Public publisher research release; retailer photo rights retained; local academic experiment, no blanket photo redistribution grant established",,,,,,,amazon_home,Bursonvic,JPEG,,,,,amazon_reviews_2023:B019OYU4NK,keep,One clear cushion/cover; original and 60x80 preview inspected,,973c54ef8c2899e854c748f7f9c0292e255f9a89e93d95023b2b9de2a91ba61d,c119a47f62d63c5d65146738b9dda7fbb3f83fab6febfcddc97fbf0300f71e05,1968c67563fd04eca52a20fcc8b03e7a2f5466ef5e6c8504429d51461ffbeb49,b5fca0e522c230f715b56535d31bb94245892a92aef3c76dd5d54879a97ae28b,7071733f3f3b1f71,ffb181818181819d,8071633f3f3f71c0,ffbc8181818101ff,7071733f3f3b1f79,ffb181818181819d,441,452,external_family_19c88debf1d918bc0d41,False,accepted_for_auxiliary_source_label_training,97339113d6f2168427b579a113dd377cf5e72d88aee6976ee8e042ac3cd5a6d6,1968c67563fd04eca52a20fcc8b03e7a2f5466ef5e6c8504429d51461ffbeb49,c119a47f62d63c5d65146738b9dda7fbb3f83fab6febfcddc97fbf0300f71e05,0,9,60,61,data/external/rare_usage_20260906/images_60x80/amazon_reviews_2023/B019OYU4NK.png,source_usage,False,Home,train
amazon_reviews_2023,B08KW2KC8W,amazon_asin:B08KW2KC8W,Timur Weave Pillow Cover in Sky Blue Background Throw Pillow Cover 18x18 Cushion Cover Decortaive Pillowcase with Zipper Home decor,Throw Pillow Covers,Home,details.Occasion=Home,source_exact_occasion,https://www.amazon.com/dp/B08KW2KC8W,https://m.media-amazon.com/images/I/41xuxl0fpEL._AC_.jpg,data/external/rare_usage_20260906/amazon/originals/B08KW2KC8W.jpg,2b215df03f9cf13844c782086caf06a4c26aa685db6cd01e8cee9e4932bf9d4d,60,80,"Public publisher research release; retailer photo rights retained; local academic experiment, no blanket photo redistribution grant established",,,,,,,amazon_home,MangGou,JPEG,,,,,amazon_reviews_2023:B08KW2KC8W,keep,One clear cushion/cover; original and 60x80 preview inspected,,2b215df03f9cf13844c782086caf06a4c26aa685db6cd01e8cee9e4932bf9d4d,0f89c115cac4dad4349fc4af5f19f7957081418ea60db26428e33014910c7ca5,b9ddc3b0842b0934dc36284bae88010f2f6ddb0d4b8df72a960f851887193396,07a57d96bd857e6cadb1ad882307aaf1c33f74992eaefe48413032d5e1d736e5,f0716d7b7b7b79f1,ffbfa58181810100,80f0616b7b717161,ffff0181010100ff,f0716d737b7979f1,ffbfa58181810100,475,473,external_family_1a80fb9478e19916651f,False,accepted_for_auxiliary_source_label_training,3af37e76d0c0340df9983c25d6d9bd893ec8a66e647e552fb4966c644e8286e6,b9ddc3b0842b0934dc36284bae88010f2f6ddb0d4b8df72a960f851887193396,0f89c115cac4dad4349fc4af5f19f7957081418ea60db26428e33014910c7ca5,0,10,60,60,data/external/rare_usage_20260906/images_60x80/amazon_reviews_2023/B08KW2KC8W.png,source_usage,False,Home,train
amazon_reviews_2023,B07SB54HFL,amazon_asin:B07SB54HFL,"TOMKEY Square Pillow Cases, Hidden Zippered 18X18Inch Video Games Controller Icon Decorative Throw Cotton Pillow Case Cushion Cover for Home Decor,Black White",Throw Pillow Covers,Home,details.Occasion=Home,source_exact_occasion,https://www.amazon.com/dp/B07SB54HFL,https://m.media-amazon.com/images/I/41-vx8zLMUL._AC_.jpg,data/external/rare_usage_20260906/amazon/originals/B07SB54HFL.jpg,c769e58a97e6cfed8b4e65e8590a3d24ddebf5aa5263df274b2aa0920b8c305e,60,80,"Public publisher research release; retailer photo rights retained; local academic experiment, no blanket photo redistribution grant established",,,,,,,amazon_home,TOMENGBEI,JPEG,,,,,amazon_reviews_2023:B07SB54HFL,keep,One clear cushion/cover; original and 60x80 preview inspected,,c769e58a97e6cfed8b4e65e8590a3d24ddebf5aa5263df274b2aa0920b8c305e,3da57549b5085003b932e1d4a0e786f9b148ac368edd4bf7d252c72402a2e21b,36a4c3b7d2bf7f803b663a2168c530cfd897131a897e2d5f7991b5b22566f980,3157630aa94044cbd68b549a3d4b2beaba66bbd44a80b75e278ab16a1a8945a4,2cb4170b33330d31,ffffc1818199e5fc,1260150f33211dc0,ffffc08181d9e4ff,2cb4170b33330d31,ffffc1818199fdfc,441,427,external_family_21a59e5115984f690bf2,False,accepted_for_auxiliary_source_label_training,aeae4aea17ef20883bfbee5eb6f4aef8d664937eaa75901684019b6ae0f0f583,36a4c3b7d2bf7f803b663a2168c530cfd897131a897e2d5f7991b5b22566f980,3da57549b5085003b932e1d4a0e786f9b148ac368edd4bf7d252c72402a2e21b,0,11,60,58,data/external/rare_usage_20260906/images_60x80/amazon_reviews_2023/B07SB54HFL.png,source_usage,False,Home,train
amazon_reviews_2023,B075JBQ916,amazon_asin:B075JBQ916,"Jepeak Burlap Linen Throw Pillow Cover Rhombus Textured Cushion Case, Farmhouse Decorative Square Pillow Cover for Sofa Couch Bed (Light Cyan/Grey, 16 x 16 Inches)",Throw Pillow Covers,Home,details.Occasion=Home,source_exact_occasion,https://www.amazon.com/dp/B075JBQ916,https://m.media-amazon.com/images/I/51ONPmUkHXL._AC_.jpg,data/external/rare_usage_20260906/amazon/originals/B075JBQ916.jpg,b1a95967100fa0b52d79dc9f1a4359af52b149bb54ec3cf28f6f0d54ca2740e7,60,80,"Public publisher research release; retailer photo rights retained; local academic experiment, no blanket photo redistribution grant established",,,,,,,amazon_home,Jepeak,JPEG,,,,,amazon_reviews_2023:B075JBQ916,keep,One clear cushion/cover; original and 60x80 preview inspected,,b1a95967100fa0b52d79dc9f1a4359af52b149bb54ec3cf28f6f0d54ca2740e7,5f054e8c94d35060d886c3200b5646573e7737d70413629fa57c2eb7dc51686d,8de808f7559e3cf9d938d053c27d6e0f76372ffc281e40c577ce59202798027f,5f054e8c94d35060d886c3200b5646573e7737d70413629fa57c2eb7dc51686d,dcf9838303435191,ff7f6160e08000fd,02f9b98343439100,ffff59400000c0ff,dcf9838303435191,ff7f6160e08000fd,500,500,external_family_3243c92a55c830a98a2c,False,accepted_for_auxiliary_source_label_training,dd07ad5e8eb28213ed27733c8c765d2ab239a091f1b872a68976ef36a7319efc,8de808f7559e3cf9d938d053c27d6e0f76372ffc281e40c577ce59202798027f,5f054e8c94d35060d886c3200b5646573e7737d70413629fa57c2eb7dc51686d,0,10,60,60,data/external/rare_usage_20260906/images_60x80/amazon_reviews_2023/B075JBQ916.png,source_usage,False,Home,train
amazon_reviews_2023,B0893C3QRM,amazon_asin:B0893C3QRM,Kiuree Farmhouse Decorative Throw Pillow Covers 18x18 inch Cute Faux Stripe Leather Accent Pillow for Couch Boho Modern Decor Pillow (Coffee),Throw Pillow Covers,Home,details.Occasion=Home,source_exact_occasion,https://www.amazon.com/dp/B0893C3QRM,https://m.media-amazon.com/images/I/51zuNC+vZrL._AC_.jpg,data/external/rare_usage_20260906/amazon/originals/B0893C3QRM.jpg,ee308bcda405c4031be995d3f5a28235274ae6226651b7449f1b48d5712e8ea1,60,80,"Public publisher research release; retailer photo rights retained; local academic experiment, no blanket photo redistribution grant established",,,,,,,amazon_home,Kiuree,JPEG,,,,,amazon_reviews_2023:B0893C3QRM,keep,One clear cushion/cover; original and 60x80 preview inspected,,ee308bcda405c4031be995d3f5a28235274ae6226651b7449f1b48d5712e8ea1,5661181b87b183981a477fabeed580c317948580c98c6ab9798340655c2b0895,8145ca84be2c9c3b0412fc37b8813f207391d4be97ca06bec7de06261b5b5ea9,890b2db8cffc1c39732d9fe354b2055e8cb638b42a4e209819264b722fa6f631,69314d4d4d4d4dcc,bf99e7a7a7a7e7e7,08710d4d4d4dcc00,ffbd81a5a5a5e7ff,61334d4d4d4d4dcc,bf99e7a7a7a7e7e7,449,425,external_family_43ead8ccc52cea575746,False,accepted_for_auxiliary_source_label_training,0258fbf3ec30a1090d3b2b60f89b3db940f857be942eb3f55192450806066dc4,8145ca84be2c9c3b0412fc37b8813f207391d4be97ca06bec7de06261b5b5ea9,5661181b87b183981a477fabeed580c317948580c98c6ab9798340655c2b0895,0,11,60,57,data/external/rare_usage_20260906/images_60x80/amazon_reviews_2023/B0893C3QRM.png,source_usage,False,Home,train
amazon_reviews_2023,B08JL7CV7Y,amazon_asin:B08JL7CV7Y,ALKIMIA INC Mexican Handmade Pillow Cover Chiapas Embroidery (Black),Throw Pillow Covers,Home,details.Occasion=Home,source_exact_occasion,https://www.amazon.com/dp/B08JL7CV7Y,https://m.media-amazon.com/images/I/51OlWTq05GL._AC_.jpg,data/external/rare_usage_20260906/amazon/originals/B08JL7CV7Y.jpg,276fa23d906e7ddf74e9edca6535695fc51e22a1a20a2b578e9ed6dc8fd412eb,60,80,"Public publisher research release; retailer photo rights retained; local academic experiment, no blanket photo redistribution grant established",,,,,,,amazon_home,ALKIMIA INC,JPEG,,,,,amazon_reviews_2023:B08JL7CV7Y,keep,One clear cushion/cover; original and 60x80 preview inspected,,276fa23d906e7ddf74e9edca6535695fc51e22a1a20a2b578e9ed6dc8fd412eb,1a8cd4c0303352c4c563dd5842df9f0ae2adbe15d53df6fb69bcde4e9a063bba,4e698c348e299d59bed2859a124a8e475a49793e2d9b309e6bd3347078dc2d3e,2fe6de5a29f643ecbb44be6f10bd174cbb00540394cae398caf1f927f491ae3d,c563736f577377d9,61019f83830b037d,c4c7736f5773f980,ff000101010101ff,c563736f577377e9,60819f83830b037d,393,399,external_family_6aac990e4ace99105e5d,False,accepted_for_auxiliary_source_label_training,a4c667288c2d78b94b9ca8e415ee42ac4dd35f7a3c593046b547303426c327aa,4e698c348e299d59bed2859a124a8e475a49793e2d9b309e6bd3347078dc2d3e,1a8cd4c0303352c4c563dd5842df9f0ae2adbe15d53df6fb69bcde4e9a063bba,0,9,60,61,data/external/rare_usage_20260906/images_60x80/amazon_reviews_2023/B08JL7CV7Y.png,source_usage,False,Home,train
amazon_reviews_2023,B096FBT3R8,amazon_asin:B096FBT3R8,"Mesllings Zippered Pillow Covers Pillowcases 26X26 Inch 108 Fur Print Deerskin Fawn Gold Lumbar Decorative Throw Pillow Cover,Pillow Cases Cushion Cover for Home Sofa Bedding, Multicolor",Throw Pillow Covers,Home,details.Occasion=Home,source_exact_occasion,https://www.amazon.com/dp/B096FBT3R8,https://m.media-amazon.com/images/I/51IX6td0R2L._AC_.jpg,data/external/rare_usage_20260906/amazon/originals/B096FBT3R8.jpg,0106a30a2995a57698268f901b1357d1f9c6383c4fa85d54d638da9d598ddb47,60,80,"Public publisher research release; retailer photo rights retained; local academic experiment, no blanket photo redistribution grant established",,,,,,,amazon_home,Mesllings,JPEG,,,,,amazon_reviews_2023:B096FBT3R8,keep,One clear cushion/cover; original and 60x80 preview inspected,,0106a30a2995a57698268f901b1357d1f9c6383c4fa85d54d638da9d598ddb47,c0eeb4d1735cf7c452c3d6b7b439c26496a32924571ac9082eb7bc9ea547c4fc,1e95a723be3a4ea49f7ed080dca061d8b5b8c161899f428d3b6202332fa67bdf,b070f78c138605e672aedb2909dda2d749384999c32a4a659e8d6f4c19e92e9e,690f4d4d4d4d0f6a,ff81838181a181ff,c04d0f4d4d4d0b80,ff818180818081ff,690f4d4d4d4d0f4a,ff81838181a181ff,472,494,external_family_6eea800b38b668684378,False,accepted_for_auxiliary_source_label_training,d9b02e768f278fd7cd374459787fa657d9c78590ec1c43893765738586749f65,1e95a723be3a4ea49f7ed080dca061d8b5b8c161899f428d3b6202332fa67bdf,c0eeb4d1735cf7c452c3d6b7b439c26496a32924571ac9082eb7bc9ea547c4fc,0,8,60,63,data/external/rare_usage_20260906/images_60x80/amazon_reviews_2023/B096FBT3R8.png,source_usage,False,Home,train
amazon_reviews_2023,B07R511SJJ,amazon_asin:B07R511SJJ,Fukeen Adorable Animals Deer Pillow Cases Standard Home Kids Room Decor Giraffe Decorative Throw Pillow Cushion Cover Cotton Linen 18x18 Inch Throw Pillows,Throw Pillow Covers,Home,details.Occasion=Home,source_exact_occasion,https://www.amazon.com/dp/B07R511SJJ,https://m.media-amazon.com/images/I/51n0ky1x+VL._AC_.jpg,data/external/rare_usage_20260906/amazon/originals/B07R511SJJ.jpg,4ac9f1f0cf4edcdb4cd0de8a5ca6c5a7a0b13a0e418c7d599c618f47af42701f,60,80,"Public publisher research release; retailer photo rights retained; local academic experiment, no blanket photo redistribution grant established",,,,,,,amazon_home,Fukeen,JPEG,,,,,amazon_reviews_2023:B07R511SJJ,keep,One clear cushion/cover; original and 60x80 preview inspected,,4ac9f1f0cf4edcdb4cd0de8a5ca6c5a7a0b13a0e418c7d599c618f47af42701f,f33fb017946abc5b0c9c1d426b7dd092950583065a32b3fe9d6b5cf6e363dfa5,6eb3e55c92de98764af5332fd4baa06821c8cc091e44909e38d9644a7ef371d4,14f32f8b66ea1b0637d912811725c70051c53056728f6858177a0e6f2a186365,c44747071f0f0f5f,ffa3a38383878703,00c447470f0f5f00,ffff8381818103ff,c44747071f0f0f5f,ffa3a38383878703,487,436,external_family_7789611d9fd2839df508,False,accepted_for_auxiliary_source_label_training,120fb4f120e2f619fe129524afe86b4755e01c986ccb0d09a8839a2966e56c60,6eb3e55c92de98764af5332fd4baa06821c8cc091e44909e38d9644a7ef371d4,f33fb017946abc5b0c9c1d426b7dd092950583065a32b3fe9d6b5cf6e363dfa5,0,13,60,54,data/external/rare_usage_20260906/images_60x80/amazon_reviews_2023/B07R511SJJ.png,source_usage,False,Home,train
amazon_reviews_2023,B087X3X7LS,amazon_asin:B087X3X7LS,Pillowcase Personalized Custom Name Mama Bear Mother's Day Birthday for Mom from Kids Sofa Couch Throw Cushion Cover DIY Pillow Sham Case 18X18 Inches,Throw Pillow Covers,Home,details.Occasion=Home,source_exact_occasion,https://www.amazon.com/dp/B087X3X7LS,https://m.media-amazon.com/images/I/41QUpIde1-L._AC_.jpg,data/external/rare_usage_20260906/amazon/originals/B087X3X7LS.jpg,d04189cfd312aef5cc240547c1509616bad6cf9ec6dfcf205a596c80c257f8da,60,80,"Public publisher research release; retailer photo rights retained; local academic experiment, no blanket photo redistribution grant established",,,,,,,amazon_home,FavorPlus Pillowcase,JPEG,,,,,amazon_reviews_2023:B087X3X7LS,keep,One clear cushion/cover; original and 60x80 preview inspected,,d04189cfd312aef5cc240547c1509616bad6cf9ec6dfcf205a596c80c257f8da,669d3835ccec21ad15899c3cafd2bfc451e80a954eb86850e3a0e528fdee4fc2,a65d11bd9167430705a37e82be67ce84e040f2aceb5acb2d02e315fd3c92fa35,00a6d748f9392403b8bfb9cc70cd8d59be51fb5f6b5b94c96e56b33d15079c04,c13d2d87174b2b17,ffcf87c3d301ffff,2c813d0d534b3500,ffff87c30181ffff,c13d2d87174b2b17,ffcf87c3d301ffff,500,444,external_family_83c49995d9bc8646598f,False,accepted_for_auxiliary_source_label_training,716a145e75f389283f0d8ffe9239e3f1dd9ada1b4d2ee19af2419bf43e143e35,a65d11bd9167430705a37e82be67ce84e040f2aceb5acb2d02e315fd3c92fa35,669d3835ccec21ad15899c3cafd2bfc451e80a954eb86850e3a0e528fdee4fc2,0,13,60,53,data/external/rare_usage_20260906/images_60x80/amazon_reviews_2023/B087X3X7LS.png,source_usage,False,Home,train
amazon_reviews_2023,B015FNKUBK,amazon_asin:B015FNKUBK,"OJIA Deluxe Home Decorative Super Soft Plush Mongolian Faux Fur Throw Pillow Cover Cushion Case (18 x 18 Inch, Mint Green)",Throw Pillow Covers,Home,details.Occasion=Home,source_exact_occasion,https://www.amazon.com/dp/B015FNKUBK,https://m.media-amazon.com/images/I/616fz8nwNpL._AC_.jpg,data/external/rare_usage_20260906/amazon/originals/B015FNKUBK.jpg,f7a487b247506085444e598dc18e8cd69dd025949ccf4f8eb4619fcbb418bd2b,60,80,"Public publisher research release; retailer photo rights retained; local academic experiment, no blanket photo redistribution grant established",,,,,,,amazon_home,,JPEG,,,,,amazon_reviews_2023:B015FNKUBK,keep,One clear cushion/cover; original and 60x80 preview inspected,,f7a487b247506085444e598dc18e8cd69dd025949ccf4f8eb4619fcbb418bd2b,d2366d04f9711fe6d31f453077f86cc5f55318394c02ebb0ac044bc38ce1f66b,745f46175fa725a8cb5a8fa19e655e8fe0dadf192007ba4186cdb90e6bcb968c,a7dfff5e9d654ecbb1e46fa674fb0542cf6ff81dbf31a9e92eb7a143c766475b,4d331311030f1713,ff8181c1c1c1819f,0049131103171300,ffef818181818bff,4d331311030f1713,ff8181c1c1c1819f,393,373,external_family_83c56a49731632fdf551,False,accepted_for_auxiliary_source_label_training,3e6b753e3c4d6bd5ce64c9877e2fb97717e8d3aaa58c09d9c9a2c27f14c2588d,745f46175fa725a8cb5a8fa19e655e8fe0dadf192007ba4186cdb90e6bcb968c,d2366d04f9711fe6d31f453077f86cc5f55318394c02ebb0ac044bc38ce1f66b,0,11,60,57,data/external/rare_usage_20260906/images_60x80/amazon_reviews_2023/B015FNKUBK.png,source_usage,False,Home,train
amazon_reviews_2023,B00GTHJLG2,amazon_asin:B00GTHJLG2,Ktbean OJIA Retro Vintage London Big Ben Flower 18 X 18 Inch Cotton Linen Home Decorative Throw Cushion Cover/Pillow Sham,Throw Pillow Covers,Home,details.Occasion=Home,source_exact_occasion,https://www.amazon.com/dp/B00GTHJLG2,https://m.media-amazon.com/images/I/51nSHFwsKmL._AC_.jpg,data/external/rare_usage_20260906/amazon/originals/B00GTHJLG2.jpg,5b5e7b2ff6750dd9f5d1c610c9e43192a83194bfbe292e418022a9b4b4c70c93,60,80,"Public publisher research release; retailer photo rights retained; local academic experiment, no blanket photo redistribution grant established",,,,,,,amazon_home,OJIA,JPEG,,,,,amazon_reviews_2023:B00GTHJLG2,keep,One clear cushion/cover; original and 60x80 preview inspected,,5b5e7b2ff6750dd9f5d1c610c9e43192a83194bfbe292e418022a9b4b4c70c93,06a55c7ea6c43e48681c9f1e574a13fdb20a6e1c56a4b966aa733689e821aad0,a22c62faafa573679b41a7f0288bbb272d44b98c67b8cf97fc674eab651f5559,ce4f567bc3863e1932cdb5c5cda9a5402253afd4319d7e811fb5dd6c8a66d345,701993933333373d,ff89d9fbd181819f,0079119333333700,ffbf81f1918181ff,7019119333333335,ff89d9fbd1818181,476,477,external_family_e024c4ada9078d5028e9,False,accepted_for_auxiliary_source_label_training,ff252bcac39034c78580ff522ccefaed47e060fb800f1c341f5736134f5f95a8,a22c62faafa573679b41a7f0288bbb272d44b98c67b8cf97fc674eab651f5559,06a55c7ea6c43e48681c9f1e574a13fdb20a6e1c56a4b966aa733689e821aad0,0,10,60,60,data/external/rare_usage_20260906/images_60x80/amazon_reviews_2023/B00GTHJLG2.png,source_usage,False,Home,train
amazon_reviews_2023,B07CR9JFGJ,amazon_asin:B07CR9JFGJ,"TangDepot 100% Cotton Nature Theme Throw Pillow Covers, Cushion Covers, Pillows Shells, 10 Sizes Option - (14""x14"", N04 Swallow Forest)",Throw Pillow Covers,Home,details.Occasion=Home,source_exact_occasion,https://www.amazon.com/dp/B07CR9JFGJ,https://m.media-amazon.com/images/I/61gHjjklsaL._AC_.jpg,data/external/rare_usage_20260906/amazon/originals/B07CR9JFGJ.jpg,2a201bbfea61a8fafd5d0b0b9db6c95be5ed5d1629606dd1c8d3f44fb7ed4a72,60,80,"Public publisher research release; retailer photo rights retained; local academic experiment, no blanket photo redistribution grant established",,,,,,,amazon_home,TangDepot,JPEG,,,,,amazon_reviews_2023:B07CR9JFGJ,keep,One clear cushion/cover; original and 60x80 preview inspected,,2a201bbfea61a8fafd5d0b0b9db6c95be5ed5d1629606dd1c8d3f44fb7ed4a72,39a9783e46e1a078397e3ab50dd329d11e4b4031c62ae5ff3b956afdfd4c1fc2,2eafba87cdecc8480229f2eb895a9b29281c7b49e5f80a6cc7a272f0edce5b9a,39a9783e46e1a078397e3ab50dd329d11e4b4031c62ae5ff3b956afdfd4c1fc2,714b6357133b2f6b,bf8181838b998181,00716b57332f7a00,ffff01818181bfff,714b6357133b2f6b,bf8181838b998181,484,409,external_family_f6ed1e08ff422c32dab0,False,accepted_for_auxiliary_source_label_training,bc0db05e57239cb99d10b4f3173e31194c15377b1862586568127e3bf24bf892,2eafba87cdecc8480229f2eb895a9b29281c7b49e5f80a6cc7a272f0edce5b9a,39a9783e46e1a078397e3ab50dd329d11e4b4031c62ae5ff3b956afdfd4c1fc2,0,14,60,51,data/external/rare_usage_20260906/images_60x80/amazon_reviews_2023/B07CR9JFGJ.png,source_usage,False,Home,train
amazon_reviews_2023,B084Q135JG,amazon_asin:B084Q135JG,Hofdeco Lumbar Pillow Case Grey Love is All You Need His and Her Love Script Heavy Weight Fabric Cushion Cover 12x20,Throw Pillow Covers,Home,details.Occasion=Home,source_exact_occasion,https://www.amazon.com/dp/B084Q135JG,https://m.media-amazon.com/images/I/41-QrhobURL._AC_.jpg,data/external/rare_usage_20260906/amazon/originals/B084Q135JG.jpg,d6a72f0e845a3f152c9f1a839a8cbafc3373ca3e859f6d4b96adc26ef6eb2a96,60,80,"Public publisher research release; retailer photo rights retained; local academic experiment, no blanket photo redistribution grant established",,,,,,,amazon_home,Hofdeco,JPEG,,,,,amazon_reviews_2023:B084Q135JG,keep,One clear cushion/cover; original and 60x80 preview inspected,,d6a72f0e845a3f152c9f1a839a8cbafc3373ca3e859f6d4b96adc26ef6eb2a96,103467b4e0d937b138cb0ddb0a5661b31e84bdc396e3861ea40b848978bb64f4,c9e4e550c4732c0e6b9acbeee5a67914c021207252864a6a4ced0f6d4cef5fab,f3ed6a019f174fb70a9fabb72d7f6af24318260a7d3565089a5ab43431ef5547,f06475753541273b,ff3f9181010081ff,0480f475152b0000,ffff00000000ffff,f064757535492533,ff3f9d81010080ff,401,277,external_family_09fe29c86d07a331b11c,False,accepted_for_auxiliary_source_label_training,a4bfc08ee701832e9bfbb88cb121cce36a70b7a8196b76fc8d9d18aa8ed24eb0,c9e4e550c4732c0e6b9acbeee5a67914c021207252864a6a4ced0f6d4cef5fab,103467b4e0d937b138cb0ddb0a5661b31e84bdc396e3861ea40b848978bb64f4,0,19,60,41,data/external/rare_usage_20260906/images_60x80/amazon_reviews_2023/B084Q135JG.png,source_usage,False,Home,validation
amazon_reviews_2023,B09TKVLCTV,amazon_asin:B09TKVLCTV,Leaveland Throw Pillowcase 12 x 20 Tri Color Brown Cowhide Print Throw Pillow Cover,Throw Pillow Covers,Home,details.Occasion=Home,source_exact_occasion,https://www.amazon.com/dp/B09TKVLCTV,https://m.media-amazon.com/images/I/4104buhJ8PL._AC_.jpg,data/external/rare_usage_20260906/amazon/originals/B09TKVLCTV.jpg,96d3a6bfd0e0f25fc36c47f5ade98564dcaa1925f2feaf4c46eeb8411ee0279e,60,80,"Public publisher research release; retailer photo rights retained; local academic experiment, no blanket photo redistribution grant established",,,,,,,amazon_home,Leaveland,JPEG,,,,,amazon_reviews_2023:B09TKVLCTV,keep,One clear cushion/cover; original and 60x80 preview inspected,,96d3a6bfd0e0f25fc36c47f5ade98564dcaa1925f2feaf4c46eeb8411ee0279e,e099e70889d004d953ca93c77684cab7c908f7d2cfdb5e159dd894c55cf4aa4d,53371ed085c4aa9c9409c6b854bdd69d508896042b873ac76d4a552cede47899,1d2eef2976d2840709c606da16bd5f91ac7b6f5e9850cd0bb3b321e3d14e92e8,e069696d61315d8a,fe208081958c8fff,4900696d31190011,ffff0000000cffff,e0696d6d61315d8a,fe208081958c8fff,486,303,external_family_2e2fc89f0c4712efe3f5,False,accepted_for_auxiliary_source_label_training,cf2c5d397a0647b6db73999a0c6715f26c8afb62d21b9d4182cc78d82cf47abd,53371ed085c4aa9c9409c6b854bdd69d508896042b873ac76d4a552cede47899,e099e70889d004d953ca93c77684cab7c908f7d2cfdb5e159dd894c55cf4aa4d,0,21,60,37,data/external/rare_usage_20260906/images_60x80/amazon_reviews_2023/B09TKVLCTV.png,source_usage,False,Home,validation
amazon_reviews_2023,B08FG1G9FT,amazon_asin:B08FG1G9FT,"ALIBALA Woven Cotton Boho Decorative Throw Pillow Cover, Cream Tassels Striped Accent Bohemian Pillow Cover for Sofa Couch Bedroom, Square 18""x18""",Throw Pillow Covers,Home,details.Occasion=Home,source_exact_occasion,https://www.amazon.com/dp/B08FG1G9FT,https://m.media-amazon.com/images/I/51WLExgjv5L._AC_.jpg,data/external/rare_usage_20260906/amazon/originals/B08FG1G9FT.jpg,62a9ebc07fd59eebbc04c3b26bbc42d2967b8d4a6f25da62f4af420765e24d04,60,80,"Public publisher research release; retailer photo rights retained; local academic experiment, no blanket photo redistribution grant established",,,,,,,amazon_home,ALIBALA,JPEG,,,,,amazon_reviews_2023:B08FG1G9FT,keep,One clear cushion/cover; original and 60x80 preview inspected,,62a9ebc07fd59eebbc04c3b26bbc42d2967b8d4a6f25da62f4af420765e24d04,aa2ccea7d6713280c1ae08578d55754ea89527adb55ae44f4b012cd95fdd757e,00198412f83707b58c57d7ff43215a5f9a5721708cff012726ec0136cc49997d,aa2ccea7d6713280c1ae08578d55754ea89527adb55ae44f4b012cd95fdd757e,e6c2c039b9bd24b4,f2f0f8dc1cdfd27e,19e6c239bd34a4d2,fff2f0180cc050ff,e6c2c039b9bd24b4,f2f0f8dc1cdfd27e,500,500,external_family_744494364029562d3782,False,accepted_for_auxiliary_source_label_training,a8d1618939463efc631092b3e9847a530c03f7be1f42baea1e9183e64f22116c,00198412f83707b58c57d7ff43215a5f9a5721708cff012726ec0136cc49997d,aa2ccea7d6713280c1ae08578d55754ea89527adb55ae44f4b012cd95fdd757e,0,10,60,60,data/external/rare_usage_20260906/images_60x80/amazon_reviews_2023/B08FG1G9FT.png,source_usage,False,Home,validation
flipkart_party,SHOEARZJRN6RGQR6,flipkart_meta_d26de5011f874223,Dorrissini Party Wear,Casual Shoes,Party,"[""Party""]",source_exact_occasion,http://www.flipkart.com/dorrissini-party-wear/p/itmearzjxnpjec2y?pid=SHOEARZJRN6RGQR6,http://img5a.flixcart.com/image/shoe/q/r/6/black-7931-dorrissini-44-original-imaeaqvjckhwztg4.jpeg,data/external/rare_usage_20260906/flipkart_party/originals/SHOEARZJRN6RGQR6.image,2fd47d93fa3fb5c1f0c9f93cdd62a3e840ab96e114317b9ea6dc197a7b0cbb08,60,80,Publisher metadata CC BY-SA 4.0; remote photo rights scope not established,ef55ce0c58f251ade90faf7d491a22dd,Footwear >> Men's Footwear >> Casual Shoes >> Dorrissini Casual Shoes,"[{""key"": ""Occasion"", ""value"": ""Party""}, {""key"": ""Ideal For"", ""value"": ""Men""}, {""key"": ""Closure"", ""value"": ""Slip On""}, {""key"": ""Sole Material"", ""value"": ""PU""}, {""key"": ""Weight"", ""value"": ""980 g (per single Shoe) - Weight of the product may vary depending on size.""}, {""key"": ""Heel Height"", ""value"": ""0.5 inch""}, {""key"": ""Inner Material"", ""value"": ""Leather""}, {""key"": ""Outer Material"", ""value"": ""Genuine Leather""}, {""key"": ""Color"", ""value"": ""Black""}]","Flipkart Products, PromptCloud / PromptCloudHQ, version 1, via Kaggle",https://creativecommons.org/licenses/by-sa/4.0/,https://www.kaggle.com/datasets/PromptCloudHQ/flipkart-products,,,,,,,,flipkart_party:SHOEARZJRN6RGQR6,keep,single_product_presentation,,2fd47d93fa3fb5c1f0c9f93cdd62a3e840ab96e114317b9ea6dc197a7b0cbb08,59739d7833fc0522d7cc77c1f14c255438af1ac4635909e5dd6af13a88361dd0,fcbc77949e62e2ec1240f40f2d206e8d1282569346c71f238b6fb0718a6d3460,73ae1b28519ac6d267bd58915c7f140d9408eae860a281a84d40affb138c0722,5c7a7d3c3f1b1dc7,3f0f0f070301c0e1,3804797c1f034010,ffff0f0700e0ffff,5c7a7d3c3f1b1dc7,3f0f0f070301c0e1,1217,704,external_family_0139e16264fb8f216e43,False,accepted_for_auxiliary_source_label_training,3e079993aad363c862b60f3879feb1e405342f91340b14b6d1fc405e84d630d7,fcbc77949e62e2ec1240f40f2d206e8d1282569346c71f238b6fb0718a6d3460,59739d7833fc0522d7cc77c1f14c255438af1ac4635909e5dd6af13a88361dd0,0,22,60,35,data/external/rare_usage_20260906/images_60x80/flipkart_party/SHOEARZJRN6RGQR6.png,source_usage,False,Party,train
flipkart_party,SNDE33WXXFHJUZPD,flipkart_meta_40ba941747570ad6,Foot Jewel Heel Brown Party Slip On Women Wedges,Heels,Party,"[""Party""]",source_exact_occasion,http://www.flipkart.com/foot-jewel-heel-brown-party-slip-women-wedges/p/itme33wx5mxnr2ey?pid=SNDE33WXXFHJUZPD,http://img5a.flixcart.com/image/sandal/x/h/t/brown-ww316-foot-jewel-36-1100x1360-imae3ytkjwybyhnq.jpeg,data/external/rare_usage_20260906/flipkart_party/originals/SNDE33WXXFHJUZPD.image,826eb3c466de70a7464ada17d25c6393a58596499ad5fba20c7368a710ac2e02,60,80,Publisher metadata CC BY-SA 4.0; remote photo rights scope not established,2191c751fb495667c1942a7953b66089,Footwear >> Women's Footwear >> Heels,"[{""key"": ""Ideal For"", ""value"": ""Women""}, {""key"": ""Occasion"", ""value"": ""Party""}, {""key"": ""Sole Material"", ""value"": ""Sheet""}, {""key"": ""Closure"", ""value"": ""NA""}, {""key"": ""Tip Shape"", ""value"": ""Open""}, {""key"": ""Weight"", ""value"": ""350 g (per single Sandal) - Weight of the product may vary depending on size.""}, {""key"": ""Type"", ""value"": ""Wedges""}, {""key"": ""Heel Height"", ""value"": ""1.5 inch""}, {""key"": ""Outer Material"", ""value"": ""Fabric""}, {""key"": ""Color"", ""value"": ""Brown""}, {""value"": ""1 Pair Sandal""}]","Flipkart Products, PromptCloud / PromptCloudHQ, version 1, via Kaggle",https://creativecommons.org/licenses/by-sa/4.0/,https://www.kaggle.com/datasets/PromptCloudHQ/flipkart-products,,,,,,,,flipkart_party:SNDE33WXXFHJUZPD,keep,single_product_presentation,,826eb3c466de70a7464ada17d25c6393a58596499ad5fba20c7368a710ac2e02,12c4560e7d3514b5237f3722902a0a3e58560f1007f21f9069721f207df880a8,cfe5c073f18522e61550ad4030011c4a4bede5e147214168db8dba49f3582afe,12c4560e7d3514b5237f3722902a0a3e58560f1007f21f9069721f207df880a8,1d1d7e7663239b41,c7070783bbdbffff,640a1d7623814100,ffff070393f9ffff,1d1d7e7663239b41,c7070783bbdbffff,1100,720,external_family_072a3b68bea305146e77,False,accepted_for_auxiliary_source_label_training,3c4e8feea82253fb25997e240232a2cd9d66de8e7f64bdbd9922d8528f667424,cfe5c073f18522e61550ad4030011c4a4bede5e147214168db8dba49f3582afe,12c4560e7d3514b5237f3722902a0a3e58560f1007f21f9069721f207df880a8,0,20,60,39,data/external/rare_usage_20260906/images_60x80/flipkart_party/SNDE33WXXFHJUZPD.png,source_usage,False,Party,train
flipkart_party,BRAEBKJSNVGDG4DP,flipkart_meta_8fd92b428a2f8050,Wolfie Polkadotturqoise105 Women's Push-up Bra,Bra,Party,"[""Party""]",source_exact_occasion,http://www.flipkart.com/wolfie-polkadotturqoise105-women-s-push-up-bra/p/itmebjhbxyzqgswh?pid=BRAEBKJSNVGDG4DP,http://img6a.flixcart.com/image/bra/u/5/8/wolfie105-wolfie-34-original-imaebje8agqz2urp.jpeg,data/external/rare_usage_20260906/flipkart_party/originals/BRAEBKJSNVGDG4DP.image,fbc7279ed99c1cfd2c76c4d9276470378271843d8a45edb98e102c7ecfd3e0d2,60,80,Publisher metadata CC BY-SA 4.0; remote photo rights scope not established,b9b86240c105f7610210c250bf7d2cb3,"Clothing >> Women's Clothing >> Lingerie, Sleep & Swimwear >> Bras >> Wolfie Bras","[{""key"": ""Brand Color"", ""value"": ""Turquise""}, {""key"": ""color"", ""value"": ""Blue""}, {""key"": ""Pattern"", ""value"": ""Polka Print""}, {""key"": ""Occasion"", ""value"": ""Party""}, {""key"": ""Ideal For"", ""value"": ""Women's""}, {""key"": ""Inner Lining"", ""value"": ""Lycra Polymade""}, {""key"": ""Wire Support"", ""value"": ""Underwire""}, {""key"": ""Detachable Straps"", ""value"": ""No""}, {""key"": ""Straps"", ""value"": ""Regular""}, {""key"": ""Number of Contents in Sales Package"", ""value"": ""Pack of 1""}, {""key"": ""Cup Type"", ""value"": ""Molded""}, {""key"": ""Fabric"", ""value"": ""Lycra Polymade""}, {""key"": ""Type"", ""value"": ""Push-up Bra""}]","Flipkart Products, PromptCloud / PromptCloudHQ, version 1, via Kaggle",https://creativecommons.org/licenses/by-sa/4.0/,https://www.kaggle.com/datasets/PromptCloudHQ/flipkart-products,,,,,,,,flipkart_party:BRAEBKJSNVGDG4DP,keep,model_worn_outfit_context,,fbc7279ed99c1cfd2c76c4d9276470378271843d8a45edb98e102c7ecfd3e0d2,8b9d339e75c4f0291f570e4c177dc2ced0d7717aaa4d6b28b96857925e1feeca,7a9a2a633003001fb2a1f53621fe3ca4082e97348b2be43a2090c3d72834c6f3,b6839ab17f0553b0492c5e0d043921971aba2f9b0ad70084d54a005de424f12e,4d46ce0f71969633,e7e3e7e308434380,4d4dcc0f73969633,e7e7e7e781434381,4e468e2f73969633,e7e7e7c300434381,731,1024,external_family_08e659a429a0bd52981f,False,accepted_for_auxiliary_source_label_training,52a2fe3525220a5406105d5613f5cd8788412d91cc2ca1ca01b575291d85df9f,7a9a2a633003001fb2a1f53621fe3ca4082e97348b2be43a2090c3d72834c6f3,8b9d339e75c4f0291f570e4c177dc2ced0d7717aaa4d6b28b96857925e1feeca,1,0,57,80,data/external/rare_usage_20260906/images_60x80/flipkart_party/BRAEBKJSNVGDG4DP.png,source_usage,False,Party,train
flipkart_party,SHTE644DZWTFY6KD,flipkart_meta_a6347a15d89b4224,Iknow Women's Solid Party Shirt,Shirts,Party,"[""Party""]",source_exact_occasion,http://www.flipkart.com/iknow-women-s-solid-party-shirt/p/itme644d34xgnhg4?pid=SHTE644DZWTFY6KD,http://img6a.flixcart.com/image/shirt/d/2/x/ikwdwss13tp502-iknow-xs-original-imae5ky7zbpydhgg.jpeg,data/external/rare_usage_20260906/flipkart_party/originals/SHTE644DZWTFY6KD.image,3fc4e90a8563494683bba9ff492a6902200bc9e6cc08fb5e42deac55d1a63cac,60,80,Publisher metadata CC BY-SA 4.0; remote photo rights scope not established,b66e465cf1ce89e18d0c87e891980186,"Clothing >> Women's Clothing >> Western Wear >> Shirts, Tops & Tunics >> Shirts >> Iknow Shirts","[{""key"": ""Pattern"", ""value"": ""Solid""}, {""key"": ""Occasion"", ""value"": ""Party""}, {""key"": ""Ideal For"", ""value"": ""Women's""}, {""key"": ""Sleeve"", ""value"": ""Sleeveless""}, {""key"": ""Number of Contents in Sales Package"", ""value"": ""Pack of 1""}, {""key"": ""Brand Fit"", ""value"": ""Slim""}, {""key"": ""Fabric"", ""value"": ""Cotton""}, {""key"": ""Fit"", ""value"": ""Slim""}, {""key"": ""Style Code"", ""value"": ""IKWDWSS13TP502""}]","Flipkart Products, PromptCloud / PromptCloudHQ, version 1, via Kaggle",https://creativecommons.org/licenses/by-sa/4.0/,https://www.kaggle.com/datasets/PromptCloudHQ/flipkart-products,,,,,,,,flipkart_party:SHTE644DZWTFY6KD,keep,model_worn_outfit_context,,3fc4e90a8563494683bba9ff492a6902200bc9e6cc08fb5e42deac55d1a63cac,17e2feefaba9e8f025ac2fe6ed46d4df1884a82c7d09fe769d68ea5a29d4d6be,5204737f2dbb31d4c5ccaf4b4c1056eec8724371454999c80e4c0683fdde7e53,8ca3ea9c8011585577ab2f7fb60328d5302a5e1e2a5c4770f4d98dd2e411e994,0d9d1e63dd37368e,e7c7cf997c91d3c3,0d9d1e63dd37360e,e7c7cf997c91d3c3,0d9d1e63dc37360e,e7c7cf997c91d3c3,1339,1763,external_family_08fbc1efb6dc7e203658,False,accepted_for_auxiliary_source_label_training,e380561f25f4074cbed6aa33d9e9880f0e78d5120139232888f3f20389b5e773,5204737f2dbb31d4c5ccaf4b4c1056eec8724371454999c80e4c0683fdde7e53,17e2feefaba9e8f025ac2fe6ed46d4df1884a82c7d09fe769d68ea5a29d4d6be,0,0,60,79,data/external/rare_usage_20260906/images_60x80/flipkart_party/SHTE644DZWTFY6KD.png,source_usage,False,Party,train
flipkart_party,SHOE4K54VP44KTZK,flipkart_meta_83f12db07595df74,Balujas Tokiyo Loafers,Casual Shoes,Party,"[""Party""]",source_exact_occasion,http://www.flipkart.com/balujas-tokiyo-loafers/p/itme38acrhynmtpc?pid=SHOE4K54VP44KTZK,http://img6a.flixcart.com/image/shoe/s/y/s/brown-bzdjco5958-balujas-41-original-imae344jfuhffcxq.jpeg,data/external/rare_usage_20260906/flipkart_party/originals/SHOE4K54VP44KTZK.image,80fdc784713df739fb45e4c295bb323db58438408c2d91b61754752e5982ca20,60,80,Publisher metadata CC BY-SA 4.0; remote photo rights scope not established,82e330722b6aa4fca6e5eb287c38f86c,Footwear >> Women's Footwear >> Casual Shoes >> Loafers,"[{""key"": ""Ideal For"", ""value"": ""Women""}, {""key"": ""Occasion"", ""value"": ""Party""}, {""key"": ""Heel Height"", ""value"": ""1 inch""}, {""key"": ""Outer Material"", ""value"": ""Synthetic Leather""}, {""key"": ""Color"", ""value"": ""Brown""}]","Flipkart Products, PromptCloud / PromptCloudHQ, version 1, via Kaggle",https://creativecommons.org/licenses/by-sa/4.0/,https://www.kaggle.com/datasets/PromptCloudHQ/flipkart-products,,,,,,,,flipkart_party:SHOE4K54VP44KTZK,keep,single_product_presentation,,80fdc784713df739fb45e4c295bb323db58438408c2d91b61754752e5982ca20,f9e7066e42a9bb4ed1390be974fb52d7dfd7231d56e1ee9d70fbf385e57557cb,383b2d4936378859ce664006d3b720f76d5ac9c482df8133f1b31520b1f749fa,985fb07343738c046c6971c417921978a5bd49423fa0dde675a50f5c1dcbc4ef,607d3c9f4f270143,3f9f8f430180e0f1,6001703f07034001,ffff3f0700e0ffff,607d3e9f4f270143,3f9f8f430180e0f1,744,392,external_family_0c5b79c184c35d42a580,False,accepted_for_auxiliary_source_label_training,2ba78bf889eaa0f90fa4602a73297ba577d6835aa2aea23ebd785a65d5c0f7a9,383b2d4936378859ce664006d3b720f76d5ac9c482df8133f1b31520b1f749fa,f9e7066e42a9bb4ed1390be974fb52d7dfd7231d56e1ee9d70fbf385e57557cb,0,24,60,32,data/external/rare_usage_20260906/images_60x80/flipkart_party/SHOE4K54VP44KTZK.png,source_usage,False,Party,train
flipkart_party,TSHE44QJ9ZN7V7AT,flipkart_meta_7cc67942b67177c2,Fritzberg Graphic Print Men's Round Neck T-Shirt,Tshirts,Party,"[""Party""]",source_exact_occasion,http://www.flipkart.com/fritzberg-graphic-print-men-s-round-neck-t-shirt/p/itme44qjztrkeexx?pid=TSHE44QJ9ZN7V7AT,http://img5a.flixcart.com/image/t-shirt/6/a/9/es-25-hs-petrol-fritzberg-xl-original-imae43hyzepyaj7v.jpeg,data/external/rare_usage_20260906/flipkart_party/originals/TSHE44QJ9ZN7V7AT.image,2f5eafaad68ddedb17c2f98c67c246bdf345e451416ab28fefb89a2bad2ac984,60,80,Publisher metadata CC BY-SA 4.0; remote photo rights scope not established,17452c18b84def66ea4c787c2f986f85,Clothing >> Men's Clothing >> T-Shirts >> Fritzberg T-Shirts,"[{""key"": ""Sleeve"", ""value"": ""Half Sleeve""}, {""key"": ""Number of Contents in Sales Package"", ""value"": ""Pack of 1""}, {""key"": ""Fabric"", ""value"": ""Modal""}, {""key"": ""Type"", ""value"": ""Round Neck""}, {""key"": ""Pattern"", ""value"": ""Graphic Print""}, {""key"": ""Ideal For"", ""value"": ""Men's""}, {""key"": ""Occasion"", ""value"": ""Party""}, {""key"": ""Style Code"", ""value"": ""ES 25 Hs Petrol""}, {""value"": ""1 T Shirt""}]","Flipkart Products, PromptCloud / PromptCloudHQ, version 1, via Kaggle",https://creativecommons.org/licenses/by-sa/4.0/,https://www.kaggle.com/datasets/PromptCloudHQ/flipkart-products,,,,,,,,flipkart_party:TSHE44QJ9ZN7V7AT,keep,model_worn_outfit_context,,2f5eafaad68ddedb17c2f98c67c246bdf345e451416ab28fefb89a2bad2ac984,f22c940b8b42e7e6435277ed9ec67c84b2216f790baf8c33a290e07211b6dc5e,ca0c06e0ecf6e7e844f9bd9ef725f2445608e27adf02f6ceca585bffc4c54647,f22c940b8b42e7e6435277ed9ec67c84b2216f790baf8c33a290e07211b6dc5e,0f0c0b65279e170f,e7e7e78000c3c3c3,0d0c0f33371f170f,e7e7e38181c1c3c3,0f0c0b65279e170f,e7e7e78000c3c3c3,458,798,external_family_0d42a6e35bbe21f5cec5,False,accepted_for_auxiliary_source_label_training,378f0a154a4700a280f0b1aae2b275e38ba0ddf656784bef9ca4096fcf8e9a64,ca0c06e0ecf6e7e844f9bd9ef725f2445608e27adf02f6ceca585bffc4c54647,f22c940b8b42e7e6435277ed9ec67c84b2216f790baf8c33a290e07211b6dc5e,7,0,46,80,data/external/rare_usage_20260906/images_60x80/flipkart_party/TSHE44QJ9ZN7V7AT.png,source_usage,False,Party,train
flipkart_party,TOPEFGG8TJGJ7QDT,flipkart_meta_707c2d4263a38cdf,Tapyti Party Sleeveless Solid Women's Top,Tops,Party,"[""Party""]",source_exact_occasion,http://www.flipkart.com/tapyti-party-sleeveless-solid-women-s-top/p/itmefgg83bzxcesh?pid=TOPEFGG8TJGJ7QDT,http://img6a.flixcart.com/image/top/v/h/r/1-1-tap-lt-1121-tapyti-s-original-imaefh5yqz4mzr54.jpeg,data/external/rare_usage_20260906/flipkart_party/originals/TOPEFGG8TJGJ7QDT.image,310895be7d28c00ffa5011256d723788c8d12347ce21f33f89037d248320bc95,60,80,Publisher metadata CC BY-SA 4.0; remote photo rights scope not established,74b81374c5482b4ddf6c859636f81466,"Clothing >> Women's Clothing >> Western Wear >> Shirts, Tops & Tunics >> Tops >> Tapyti Tops","[{""key"": ""Ideal For"", ""value"": ""Women's""}, {""key"": ""Occasion"", ""value"": ""Party""}, {""key"": ""Pattern"", ""value"": ""Solid""}, {""key"": ""Type"", ""value"": ""Top""}, {""key"": ""Fabric"", ""value"": ""Polyester""}, {""key"": ""Neck"", ""value"": ""Round Neck""}, {""key"": ""Sleeve"", ""value"": ""Sleeveless""}, {""key"": ""Number of Contents in Sales Package"", ""value"": ""Pack of 1""}, {""value"": ""Light hand wash""}]","Flipkart Products, PromptCloud / PromptCloudHQ, version 1, via Kaggle",https://creativecommons.org/licenses/by-sa/4.0/,https://www.kaggle.com/datasets/PromptCloudHQ/flipkart-products,,,,,,,,flipkart_party:TOPEFGG8TJGJ7QDT,keep,model_worn_outfit_context,,310895be7d28c00ffa5011256d723788c8d12347ce21f33f89037d248320bc95,5dd1ff02677b0dc0a7a7395ee6c00739604d4d7d1334243ef0e0ffacd3c8b0d4,8825f6d96c2915f04387d6cbc095e9fa1c7f6c0f137e4ebb60664d32f7770c1c,9527ed8f86b375749bef54cbe71de41a2d31a7e4de88e22d27813f1fc96ca3ac,0616176965750f57,e3c3c3bd3dbd8181,4d4d0f3236128e8e,e7e7e7c3c3c3c3c3,0612176965740f57,e3c3cbbf3dbe8181,824,1918,external_family_112bb46023589a4b866b,False,accepted_for_auxiliary_source_label_training,72fc7fdcda6299d6a9ba8233d74e1d0f250366b728894481dc34be13733ea666,8825f6d96c2915f04387d6cbc095e9fa1c7f6c0f137e4ebb60664d32f7770c1c,5dd1ff02677b0dc0a7a7395ee6c00739604d4d7d1334243ef0e0ffacd3c8b0d4,13,0,34,80,data/external/rare_usage_20260906/images_60x80/flipkart_party/TOPEFGG8TJGJ7QDT.png,source_usage,False,Party,train
flipkart_party,SNDEDFYPJFHXG98W,flipkart_meta_313ccd391dc30445,Digni Women Wedges,Heels,Party,"[""Party""]",source_exact_occasion,http://www.flipkart.com/digni-women-wedges/p/itmedfypfmgpyfqp?pid=SNDEDFYPJFHXG98W,http://img6a.flixcart.com/image/sandal/g/9/e/orange-san009-digni-41-original-imaeddx7ybxvnczv.jpeg,data/external/rare_usage_20260906/flipkart_party/originals/SNDEDFYPJFHXG98W.image,2dcb2247a06f91bb67fcc1778eeeb8559cf1bc3c68a601da2ba572546d341bd6,60,80,Publisher metadata CC BY-SA 4.0; remote photo rights scope not established,4e52454081cd9c411b74a26678c518e5,Footwear >> Women's Footwear >> Wedges,"[{""key"": ""Ideal For"", ""value"": ""Women""}, {""key"": ""Occasion"", ""value"": ""Party""}, {""key"": ""Sole Material"", ""value"": ""Sheet Sole""}, {""key"": ""Closure"", ""value"": ""Back Strap""}, {""key"": ""Number of Contents in Sales Package"", ""value"": ""Pack of 1""}, {""key"": ""Weight"", ""value"": ""600 g (per single Sandal) - Weight of the product may vary depending on size.""}, {""key"": ""Type"", ""value"": ""Wedges""}, {""key"": ""Heel Height"", ""value"": ""2.5 inch""}, {""key"": ""Outer Material"", ""value"": ""Synthetic Leather""}, {""key"": ""Color"", ""value"": ""Orange""}, {""key"": ""Care Instructions"", ""value"": ""Wash in Lukewarm Water, Do Not Bleach""}, {""value"": ""Pair of Wedges""}]","Flipkart Products, PromptCloud / PromptCloudHQ, version 1, via Kaggle",https://creativecommons.org/licenses/by-sa/4.0/,https://www.kaggle.com/datasets/PromptCloudHQ/flipkart-products,,,,,,,,flipkart_party:SNDEDFYPJFHXG98W,keep,single_product_presentation,,2dcb2247a06f91bb67fcc1778eeeb8559cf1bc3c68a601da2ba572546d341bd6,38316f606da0896afb72e7540236c016395d1c7ec5dee8718cf60e5a90637c70,1688433cb60ea8d1ba13586edfa42672f395e40eccafe56f8065779787f85287,2726446c78bfb68a044bf5701ee1f1fc14a3d3eaf72ecafff31b3fceda92c52f,784d6d365b230943,bf2f07078380e1f1,047a4d363b030320,ffbf070781c0f3ff,784d6d365b231943,bf2f07078380c1f1,1046,912,external_family_1318c372512b60a2fca2,False,accepted_for_auxiliary_source_label_training,7bf28f4ca818dd9eb845800d814400cf46c3d6ea2dbbf26a6c4d9e77fe3a6f6a,1688433cb60ea8d1ba13586edfa42672f395e40eccafe56f8065779787f85287,38316f606da0896afb72e7540236c016395d1c7ec5dee8718cf60e5a90637c70,0,14,60,52,data/external/rare_usage_20260906/images_60x80/flipkart_party/SNDEDFYPJFHXG98W.png,source_usage,False,Party,train
flipkart_party,SHTE4ZP5ZXGGJ5FN,flipkart_meta_89796bfd9b889c2f,Meira Women's Checkered Party Reversible Shirt,Shirts,Party,"[""Party""]",source_exact_occasion,http://www.flipkart.com/meira-women-s-checkered-party-reversible-shirt/p/itme4zp5kx2x69sc?pid=SHTE4ZP5ZXGGJ5FN,http://img5a.flixcart.com/image/shirt/z/y/x/mewt-1157-multi-meira-l-1100x1360-imae4nkzvqwf8bs8.jpeg,data/external/rare_usage_20260906/flipkart_party/originals/SHTE4ZP5ZXGGJ5FN.image,859e2d6e487ac905bb326a0602d065f18c03a6ab4cfeadf33e8a672f3f4c3648,60,80,Publisher metadata CC BY-SA 4.0; remote photo rights scope not established,1e9592d69ea546e42135927990fa87c1,"Clothing >> Women's Clothing >> Western Wear >> Shirts, Tops & Tunics >> Shirts >> Meira Shirts","[{""key"": ""Pattern"", ""value"": ""Checkered""}, {""key"": ""Occasion"", ""value"": ""Party""}, {""key"": ""Ideal For"", ""value"": ""Women's""}, {""key"": ""Sleeve"", ""value"": ""Full Sleeve""}, {""key"": ""Number of Contents in Sales Package"", ""value"": ""Pack of 1""}, {""key"": ""Brand Fit"", ""value"": ""Regular""}, {""key"": ""Fabric"", ""value"": ""Cotton""}, {""key"": ""Style Code"", ""value"": ""MEWT-1157-Multi""}]","Flipkart Products, PromptCloud / PromptCloudHQ, version 1, via Kaggle",https://creativecommons.org/licenses/by-sa/4.0/,https://www.kaggle.com/datasets/PromptCloudHQ/flipkart-products,,,,,,,,flipkart_party:SHTE4ZP5ZXGGJ5FN,keep,model_worn_outfit_context,,859e2d6e487ac905bb326a0602d065f18c03a6ab4cfeadf33e8a672f3f4c3648,a4fd254564ca0b252af3c8eb1eb4042864afec794494030461239091941da482,aa6e53998a869c6868ef23f0208e2dc456b0980efa3fbdfe7c32e55fe0663992,8eb347a680e75c1bc355a2f73aeeabbb5ae9a188f3d9ad5efbca27a387d6d26a,0616175151751d13,e3e3fffdffffc080,4d4d0e1636968e96,e7e7e7d3d3c3c3c3,0616175155751d13,e3e3fffdffff8080,575,1360,external_family_137e14810c6696237c25,False,accepted_for_auxiliary_source_label_training,764b4ef9fbc1eebb4370fe8f551e182f177ad9480b95d193df333beef68263d0,aa6e53998a869c6868ef23f0208e2dc456b0980efa3fbdfe7c32e55fe0663992,a4fd254564ca0b252af3c8eb1eb4042864afec794494030461239091941da482,13,0,34,80,data/external/rare_usage_20260906/images_60x80/flipkart_party/SHTE4ZP5ZXGGJ5FN.png,source_usage,False,Party,train
flipkart_party,SNDE6BQFXAGRVGF5,flipkart_meta_9ef95f8faa9a2276,Awssm Women Flats,Flats,Party,"[""Party""]",source_exact_occasion,http://www.flipkart.com/awssm-women-flats/p/itme6bqfupe7q6hh?pid=SNDE6BQFXAGRVGF5,http://img5a.flixcart.com/image/sandal/h/b/4/gold-6788-awssm-36-original-imae64aqsm6nyp9z.jpeg,data/external/rare_usage_20260906/flipkart_party/originals/SNDE6BQFXAGRVGF5.image,9473c0122acb58bb230da1488312e1f1ae44fdb8c3830c367c5ded8384503c6b,60,80,Publisher metadata CC BY-SA 4.0; remote photo rights scope not established,b25731dc65ef59c07305a4cb6a0229c5,Footwear >> Women's Footwear >> Flats,"[{""key"": ""Occasion"", ""value"": ""Party""}, {""key"": ""Ideal For"", ""value"": ""Women""}, {""key"": ""Lining"", ""value"": ""Synthetic""}, {""key"": ""Tip Shape"", ""value"": ""Round""}, {""key"": ""Sole Material"", ""value"": ""Synthetic""}, {""key"": ""Straps"", ""value"": ""Back Strap""}, {""key"": ""Type"", ""value"": ""Flats""}, {""key"": ""Heel Height"", ""value"": ""0.75 inch""}, {""key"": ""Inner Material"", ""value"": ""Synthetic""}, {""key"": ""Insole Material"", ""value"": ""PU""}, {""key"": ""Outer Material"", ""value"": ""Mesh""}, {""key"": ""Color"", ""value"": ""Gold""}, {""key"": ""Care Instructions"", ""value"": ""Allow your pair of shoes to air and de-odorize at regular basis; Use Shoe bags to prevent any stains or mildew; Dust any dry dirt from the surface using a clean cloth; Do not use Polish or Shiner""}]","Flipkart Products, PromptCloud / PromptCloudHQ, version 1, via Kaggle",https://creativecommons.org/licenses/by-sa/4.0/,https://www.kaggle.com/datasets/PromptCloudHQ/flipkart-products,,,,,,,,flipkart_party:SNDE6BQFXAGRVGF5,keep,single_product_presentation,,9473c0122acb58bb230da1488312e1f1ae44fdb8c3830c367c5ded8384503c6b,0634dc8eb0edfe29e5b14f4c114afd073ca07bd1337b10d073308a3186e7eee2,2fe59e9423eb169ae374ea9a8a5e8753503ae9f40b7b5030ba9df1a01676b4d6,888c804f0ad9d0c027d6979b1cabe6cd429794cb8d54453df8ecc22e61349151,20584ff27b130843,ffefa70b83c1e0e1,08625c5e1b0b4418,ffffef0300e0ffff,24184df27a33984b,ffefa70f03c1c0e1,1121,706,external_family_1771ba57b8937d2f3600,False,accepted_for_auxiliary_source_label_training,cfb370207202e3ee4670b19fe811747218852e6c1c898692e1daac88d898dc00,2fe59e9423eb169ae374ea9a8a5e8753503ae9f40b7b5030ba9df1a01676b4d6,0634dc8eb0edfe29e5b14f4c114afd073ca07bd1337b10d073308a3186e7eee2,0,21,60,38,data/external/rare_usage_20260906/images_60x80/flipkart_party/SNDE6BQFXAGRVGF5.png,source_usage,False,Party,train
flipkart_party,SNDEJRB4D4RDAN6E,flipkart_meta_28900c74ebc586ff,keco Women Heels,Heels,Party,"[""Party""]",source_exact_occasion,http://www.flipkart.com/keco-women-heels/p/itmejr8z5zncupne?pid=SNDEJRB4D4RDAN6E,http://img6a.flixcart.com/image/sandal/z/r/v/gold-kcbt814gp-keco-9-original-imaej4q7gjtgqeyt.jpeg,data/external/rare_usage_20260906/flipkart_party/originals/SNDEJRB4D4RDAN6E.image,ee481ae2c9b044507e93ddff8029642897f2f6aac0e5be3e86b7659842fb75e1,60,80,Publisher metadata CC BY-SA 4.0; remote photo rights scope not established,8f7acbfa6eb56a9ad08ff1f3350fe5ab,Footwear >> Women's Footwear >> Heels >> keco Women Heels,"[{""key"": ""Ideal For"", ""value"": ""Women""}, {""key"": ""Occasion"", ""value"": ""Party""}, {""key"": ""Number of Contents in Sales Package"", ""value"": ""Pack of 1""}, {""key"": ""Weight"", ""value"": ""300 g (per single Sandal) - Weight of the product may vary depending on size.""}, {""key"": ""Type"", ""value"": ""Heels""}, {""key"": ""Heel Height"", ""value"": ""5 inch""}, {""key"": ""Outer Material"", ""value"": ""Synthetic Leather""}, {""key"": ""Color"", ""value"": ""GOLD""}, {""key"": ""Care Instructions"", ""value"": ""dust any dry dirt from the surface using a clean cloth. Do not use polish or shiner""}, {""value"": ""2 Sandals""}]","Flipkart Products, PromptCloud / PromptCloudHQ, version 1, via Kaggle",https://creativecommons.org/licenses/by-sa/4.0/,https://www.kaggle.com/datasets/PromptCloudHQ/flipkart-products,,,,,,,,flipkart_party:SNDEJRB4D4RDAN6E,keep,single_product_presentation,,ee481ae2c9b044507e93ddff8029642897f2f6aac0e5be3e86b7659842fb75e1,6456d4c5c4036fa5eadf885e9eb02430f402a508f08d109d3db758483027ed1d,010a55da4d5a7034b99d9f35c4e2b9dee779fb0e4af7d6bb1772798793463bde,34573073c28e940f00389226628bc9a125c6be8ad6efc685781f100ffcb2ea38,e2f2735f4d4c6503,3f1b1b81e0e0f0f3,0004e07345004800,ffffff00a0ffffff,e2f3735f4d4c6503,3f1b1b81e0f0f0f3,4060,1312,external_family_1887e0730c2151f9f99c,False,accepted_for_auxiliary_source_label_training,dea2e824e36b7741c95d1940ba863a9735407ce61d70a0f663037ab406c5e6d2,010a55da4d5a7034b99d9f35c4e2b9dee779fb0e4af7d6bb1772798793463bde,6456d4c5c4036fa5eadf885e9eb02430f402a508f08d109d3db758483027ed1d,0,30,60,19,data/external/rare_usage_20260906/images_60x80/flipkart_party/SNDEJRB4D4RDAN6E.png,source_usage,False,Party,train
flipkart_party,TOPEGBSUC8JDVQVY,flipkart_meta_f2c929381fbdca51,Fab Palace Party Sleeveless Embroidered Women's Top,Tops,Party,"[""Party""]",source_exact_occasion,http://www.flipkart.com/fab-palace-party-sleeveless-embroidered-women-s-top/p/itmegbsuxqfpxyk2?pid=TOPEGBSUC8JDVQVY,http://img6a.flixcart.com/image/top/q/v/y/fp-top2021-rd-fab-palace-xl-original-imaeyp2fhcyvyzyq.jpeg,data/external/rare_usage_20260906/flipkart_party/originals/TOPEGBSUC8JDVQVY.image,f45616f4d5ef3ee73d4a285d9abddea5d15cbb2c030ab6de772065913f334955,60,80,Publisher metadata CC BY-SA 4.0; remote photo rights scope not established,af3bd36d16db4ce3c91642796082816c,"Clothing >> Women's Clothing >> Fusion Wear >> Shirts, Tops & Tunics >> Tops >> Fab Palace Tops >> Fab Palace Party Sleeveless Embroidered Women's Top","[{""key"": ""Sleeve"", ""value"": ""Sleeveless""}, {""key"": ""Number of Contents in Sales Package"", ""value"": ""Pack of 1""}, {""key"": ""Fabric"", ""value"": ""Viscose""}, {""key"": ""Type"", ""value"": ""Top""}, {""key"": ""Neck"", ""value"": ""Round Neck""}, {""key"": ""Pattern"", ""value"": ""Embroidered""}, {""key"": ""Ideal For"", ""value"": ""Women's""}, {""key"": ""Occasion"", ""value"": ""Party""}, {""value"": ""Hand/Gentle Wash Wash Dark Colors Separately Do Not Bleach Dry In Shade""}, {""value"": ""1 Top""}]","Flipkart Products, PromptCloud / PromptCloudHQ, version 1, via Kaggle",https://creativecommons.org/licenses/by-sa/4.0/,https://www.kaggle.com/datasets/PromptCloudHQ/flipkart-products,,,,,,,,flipkart_party:TOPEGBSUC8JDVQVY,keep,model_worn_outfit_context,,f45616f4d5ef3ee73d4a285d9abddea5d15cbb2c030ab6de772065913f334955,7a13d4a9497b545c33902c70730b1c81c7ffe4f4991468814d2796b474132cc4,731c3a43fb2d01383f62b788927c2a0bbd66874a5d1e01dc32cd68f709fb906c,0624693b99961b6da070067fa4df6aa8076881f0036b83d07de865a79422fd9a,2686074fce078347,f3f7e3c1e3e3e1e1,0646070746078747,f7f7e3c3e3e3e3e3,2686074fce078347,f3f3e3c1e3e3e1e1,951,1375,external_family_1a06f45a774f019a542c,False,accepted_for_auxiliary_source_label_training,ff45eec4aaebb3a25d4da38e4fb6c6ab78f2c7ef558440adb95dd291de0f9469,731c3a43fb2d01383f62b788927c2a0bbd66874a5d1e01dc32cd68f709fb906c,7a13d4a9497b545c33902c70730b1c81c7ffe4f4991468814d2796b474132cc4,2,0,55,80,data/external/rare_usage_20260906/images_60x80/flipkart_party/TOPEGBSUC8JDVQVY.png,source_usage,False,Party,train
flipkart_party,DREE6TUDFCEGGVWM,flipkart_meta_c984f407587d1450,Tiny Toon Girl's Gathered Red Dress,Dresses,Party,"[""Party""]",source_exact_occasion,http://www.flipkart.com/tiny-toon-girl-s-gathered-red-dress/p/itme6tudaz7efztp?pid=DREE6TUDFCEGGVWM,http://img5a.flixcart.com/image/dress/e/j/r/f5055-tiny-toon-9-10-years-1000x1000-imae6tr34hhwhgpf.jpeg,data/external/rare_usage_20260906/flipkart_party/originals/DREE6TUDFCEGGVWM.image,c6873e09e761b065b70589a8af9653c82212930203e1028016b4544d00576b5b,60,80,Publisher metadata CC BY-SA 4.0; remote photo rights scope not established,a8b04b8f1263a0a250dbae59a4182dd5,Clothing >> Kids' Clothing >> Girls Wear >> Dresses & Skirts >> Dresses >> Tiny Toon Dresses >> Tiny Toon Girl's Gathered Red Dress,"[{""value"": ""1 Dress""}, {""key"": ""Length"", ""value"": ""Maxi/Full Length""}, {""key"": ""Pattern"", ""value"": ""Self Design""}, {""key"": ""Ideal For"", ""value"": ""Girl's""}, {""key"": ""Occasion"", ""value"": ""Party""}, {""key"": ""Sleeve"", ""value"": ""Sleeveless""}, {""key"": ""Fabric"", ""value"": ""Synthetic""}, {""key"": ""Type"", ""value"": ""Gathered""}, {""key"": ""Style"", ""value"": ""Western""}]","Flipkart Products, PromptCloud / PromptCloudHQ, version 1, via Kaggle",https://creativecommons.org/licenses/by-sa/4.0/,https://www.kaggle.com/datasets/PromptCloudHQ/flipkart-products,,,,,,,,flipkart_party:DREE6TUDFCEGGVWM,keep,model_worn_outfit_context,,c6873e09e761b065b70589a8af9653c82212930203e1028016b4544d00576b5b,f1e54263346d48ba12af73bb3f3d21731a852d74cff664ef28b9a18aac05a3d5,efa76363d8d14ae9c3b4368e1094755400adaff33cc5c2c7bc71a8b38359fea8,f1e54263346d48ba12af73bb3f3d21731a852d74cff664ef28b9a18aac05a3d5,4f4e87070b110f0c,e7e7e3c18000c1ff,4d4d4e0f07330f0c,e7e7e3c3c381c3f7,4f4e87070b110f0c,e7e7e3c18000c1ff,511,1000,external_family_1a6da5d6104ef2202d5f,False,accepted_for_auxiliary_source_label_training,6aac659f3f88a627aff567561bc399cfb3863d18a052c59a8d4d499eb5bb1f29,efa76363d8d14ae9c3b4368e1094755400adaff33cc5c2c7bc71a8b38359fea8,f1e54263346d48ba12af73bb3f3d21731a852d74cff664ef28b9a18aac05a3d5,9,0,41,80,data/external/rare_usage_20260906/images_60x80/flipkart_party/DREE6TUDFCEGGVWM.png,source_usage,False,Party,train
flipkart_party,SHTE93RYMXUU7P6Q,flipkart_meta_b43434e2ba9070bf,Belly Bottom Women's Printed Party Shirt,Shirts,Party,"[""Party""]",source_exact_occasion,http://www.flipkart.com/belly-bottom-women-s-printed-party-shirt/p/itme93rythdwtxfq?pid=SHTE93RYMXUU7P6Q,http://img6a.flixcart.com/image/shirt/m/d/g/gt02-belly-bottom-m-original-imae93jgwzyfvjyt.jpeg,data/external/rare_usage_20260906/flipkart_party/originals/SHTE93RYMXUU7P6Q.image,ebb51bcd3897fe727528d1eb804553173ca154cd997c225dc6366aaeb8efcf91,60,80,Publisher metadata CC BY-SA 4.0; remote photo rights scope not established,7ccbaae3f0497788479161c8f7448e1d,"Clothing >> Women's Clothing >> Western Wear >> Shirts, Tops & Tunics >> Shirts >> Belly Bottom Shirts","[{""key"": ""Pattern"", ""value"": ""Printed""}, {""key"": ""Occasion"", ""value"": ""Party""}, {""key"": ""Ideal For"", ""value"": ""Women's""}, {""key"": ""Closure"", ""value"": ""Button""}, {""key"": ""Sleeve"", ""value"": ""Sleeveless""}, {""key"": ""Number of Contents in Sales Package"", ""value"": ""Pack of 1""}, {""key"": ""Brand Fit"", ""value"": ""Slim""}, {""key"": ""Fabric"", ""value"": ""Crape""}, {""key"": ""Fit"", ""value"": ""Regular""}, {""key"": ""Other Details"", ""value"": ""Button Down Placket""}, {""key"": ""Style Code"", ""value"": ""GT02""}, {""value"": ""Gentle Machine Wash in Lukewarm Water, Do Not Bleach""}]","Flipkart Products, PromptCloud / PromptCloudHQ, version 1, via Kaggle",https://creativecommons.org/licenses/by-sa/4.0/,https://www.kaggle.com/datasets/PromptCloudHQ/flipkart-products,,,,,,,,flipkart_party:SHTE93RYMXUU7P6Q,keep,model_worn_outfit_context,,ebb51bcd3897fe727528d1eb804553173ca154cd997c225dc6366aaeb8efcf91,1a084b8153b26a375e37eea71ba6ad08486efa98e890af2345b9713c9feaadd6,0bde01e07db836163a666568e02e76e1207f6ae82e7e3f1ff9acaec450425c10,2e90dc04a4d1bd306ad8bafb8e127cbc5c4e890b5a8893f7e021f92a3e29d590,3a2936d3cbecfd1c,8f8f9f392f1f0f0f,1a3a3c736b7c5e1a,cf8f87bb830f0f8f,3d2c1b69edfedc5d,c787df3c373f0707,2320,3762,external_family_1eaa08ed073c7189ecef,False,accepted_for_auxiliary_source_label_training,1758f9bc4b62ca8cf15fd9a976a23c74908a0594640b269c152985f87dcef826,0bde01e07db836163a666568e02e76e1207f6ae82e7e3f1ff9acaec450425c10,1a084b8153b26a375e37eea71ba6ad08486efa98e890af2345b9713c9feaadd6,5,0,49,80,data/external/rare_usage_20260906/images_60x80/flipkart_party/SHTE93RYMXUU7P6Q.png,source_usage,False,Party,train
flipkart_party,SNDEF3R3VB55PJBX,flipkart_meta_a2e04073b990815f,Stylistry Women Heels,Heels,Party,"[""Party""]",source_exact_occasion,http://www.flipkart.com/stylistry-women-heels/p/itmef3r3zzam4hyd?pid=SNDEF3R3VB55PJBX,http://img6a.flixcart.com/image/sandal/z/s/2/red-2271-stylistry-41-original-imaeffq85xfw3kpf.jpeg,data/external/rare_usage_20260906/flipkart_party/originals/SNDEF3R3VB55PJBX.image,a1381ce643230acbc4d7d39fd8311465f9cd53864017f59c2736e1d83f0890ae,60,80,Publisher metadata CC BY-SA 4.0; remote photo rights scope not established,725fb81399c181c86be89675429b8d27,Footwear >> Women's Footwear >> Heels,"[{""key"": ""Occasion"", ""value"": ""Party""}, {""key"": ""Ideal For"", ""value"": ""Women""}, {""key"": ""Type"", ""value"": ""Heels""}, {""key"": ""Heel Height"", ""value"": ""3 inch""}, {""key"": ""Outer Material"", ""value"": ""Synthetic Leather""}, {""key"": ""Color"", ""value"": ""Red""}]","Flipkart Products, PromptCloud / PromptCloudHQ, version 1, via Kaggle",https://creativecommons.org/licenses/by-sa/4.0/,https://www.kaggle.com/datasets/PromptCloudHQ/flipkart-products,,,,,,,,flipkart_party:SNDEF3R3VB55PJBX,keep,single_product_presentation,,a1381ce643230acbc4d7d39fd8311465f9cd53864017f59c2736e1d83f0890ae,50231cc050a6520419f212d444a6f932ef7d98b9081101831f9d060f85fbce85,12e409d3cae921ee45875a51bd5e71a04d1c7a2637045153b15940bcbdb5cf96,c068cb2ec7b0fd57559668f201509bf2e21a54f4392eb0fde1e9640a784024a7,68747a7c36130941,3f1f0f8f93c1e0f9,6874fb7c37930101,ff1f0f8f83c0e0ff,6874fa7d76138941,3f1f0f8f93c1c0f0,1436,1652,external_family_1fecb66d4b3a689868fb,False,accepted_for_auxiliary_source_label_training,740941bb869c6f8bd41c5a65d9a87a8a0bd3879fc9f556bb50f7cab3a505b585,12e409d3cae921ee45875a51bd5e71a04d1c7a2637045153b15940bcbdb5cf96,50231cc050a6520419f212d444a6f932ef7d98b9081101831f9d060f85fbce85,0,5,60,69,data/external/rare_usage_20260906/images_60x80/flipkart_party/SNDEF3R3VB55PJBX.png,source_usage,False,Party,train
flipkart_party,SHTDZWNYZFV33BAX,flipkart_meta_05815a55b11e120d,Colors Couture Women's Solid Party Shirt,Shirts,Party,"[""Party""]",source_exact_occasion,http://www.flipkart.com/colors-couture-women-s-solid-party-shirt/p/itmdzwny4xz4cmgh?pid=SHTDZWNYZFV33BAX,http://img5a.flixcart.com/image/shirt/t/t/y/ssl14-11-shimmar-collar-top-colors-couture-xs-original-imadzzwhdfvrtgwd.jpeg,data/external/rare_usage_20260906/flipkart_party/originals/SHTDZWNYZFV33BAX.image,8c18db7e8eaf89415d52e3245657873f9af30b67bf8bdcd908c331944824853d,60,80,Publisher metadata CC BY-SA 4.0; remote photo rights scope not established,a66324e486d5e9812bc3408e1c9af65a,"Clothing >> Women's Clothing >> Western Wear >> Shirts, Tops & Tunics >> Shirts >> Colors Couture Shirts","[{""key"": ""Pattern"", ""value"": ""Solid""}, {""key"": ""Occasion"", ""value"": ""Party""}, {""key"": ""Ideal For"", ""value"": ""Women's""}, {""key"": ""Sleeve"", ""value"": ""Sleeveless""}, {""key"": ""Number of Contents in Sales Package"", ""value"": ""Pack of 1""}, {""key"": ""Fabric"", ""value"": ""100% Polyester""}, {""key"": ""Fit"", ""value"": ""Regular""}, {""key"": ""Style Code"", ""value"": ""SSL14-11-Shimmar Collar Top""}]","Flipkart Products, PromptCloud / PromptCloudHQ, version 1, via Kaggle",https://creativecommons.org/licenses/by-sa/4.0/,https://www.kaggle.com/datasets/PromptCloudHQ/flipkart-products,,,,,,,,flipkart_party:SHTDZWNYZFV33BAX,keep,model_worn_outfit_context,,8c18db7e8eaf89415d52e3245657873f9af30b67bf8bdcd908c331944824853d,b22f25bbb26948920b798887f392c00b1d320199d05906f9b0edbacd8fd6733d,e3dcb1dc2d5664cec474cd3db49f65c441164bccca355b6e671ec27040db037d,7ad8d3247f4cfacd26f41766af1e96ac3f37e838d64c2e08f00c1e477f13c88b,9f16272b2b2b2f23,efdf838381818181,4d1d0e1616161686,efefc7c3c3c3c3c3,9e16272b2b2b2f23,efdf838381818181,608,1391,external_family_238c9b537f5a68f76e69,False,accepted_for_auxiliary_source_label_training,8c012d25a0fdfc53aedb80b7f7d969dea5639e5a5a529b4244ab0487121ad20d,e3dcb1dc2d5664cec474cd3db49f65c441164bccca355b6e671ec27040db037d,b22f25bbb26948920b798887f392c00b1d320199d05906f9b0edbacd8fd6733d,12,0,35,80,data/external/rare_usage_20260906/images_60x80/flipkart_party/SHTDZWNYZFV33BAX.png,source_usage,False,Party,train
flipkart_party,BRAED6G63H64TSXJ,flipkart_meta_fb917fb8739bdd28,Glus Frontopen Women's Push-up Bra,Bra,Party,"[""Party""]",source_exact_occasion,http://www.flipkart.com/glus-frontopen-women-s-push-up-bra/p/itmed6g5smf4mzmp?pid=BRAED6G63H64TSXJ,http://img6a.flixcart.com/image/bra/6/y/e/gpf9448red-glus-38b-1000x1000-imaed6a6n7jz6s3f.jpeg,data/external/rare_usage_20260906/flipkart_party/originals/BRAED6G63H64TSXJ.image,94e137e7055b15a11e620f0546231e3ba344cebfb144ea2f9bc608bb4ed5c2ca,60,80,Publisher metadata CC BY-SA 4.0; remote photo rights scope not established,06811d784516398ac5f8cca7239b2dd3,"Clothing >> Women's Clothing >> Lingerie, Sleep & Swimwear >> Bras >> Glus Bras","[{""key"": ""Brand Color"", ""value"": ""Red""}, {""key"": ""color"", ""value"": ""Red""}, {""key"": ""Pattern"", ""value"": ""Solid""}, {""key"": ""Ideal For"", ""value"": ""Women's""}, {""key"": ""Occasion"", ""value"": ""Party""}, {""key"": ""Wire Support"", ""value"": ""Underwire""}, {""key"": ""Inner Lining"", ""value"": ""Spandex""}, {""key"": ""Straps"", ""value"": ""Multiway""}, {""key"": ""Detachable Straps"", ""value"": ""Yes""}, {""key"": ""Other Bra Details"", ""value"": ""Seamless -T-Shirt- Front Open Bra""}, {""key"": ""Number of Contents in Sales Package"", ""value"": ""Pack of 1""}, {""key"": ""Cup Type"", ""value"": ""Soft Pushup Molded Cups""}, {""key"": ""Fabric"", ""value"": ""85% Polyamide, 15% Spandex""}, {""key"": ""Type"", ""value"": ""Push-up Bra""}, {""key"": ""Seam Type"", ""value"": ""Seamless""}, {""key"": ""Design"", ""value"": ""Balcoentte Underwire Pushup - Front Open Bra""}, {""value"": ""Gentle Machine Wash In Lukewarm Water, Do Not Bleach""}, {""value"": ""Front Matel Lock For Easy To Open and Remove""}, {""value"": ""Bra""}]","Flipkart Products, PromptCloud / PromptCloudHQ, version 1, via Kaggle",https://creativecommons.org/licenses/by-sa/4.0/,https://www.kaggle.com/datasets/PromptCloudHQ/flipkart-products,,,,,,,,flipkart_party:BRAED6G63H64TSXJ,keep,single_product_presentation,,94e137e7055b15a11e620f0546231e3ba344cebfb144ea2f9bc608bb4ed5c2ca,01726ae217d10f9d3471b7fd97ed9227afb49cea226ec5a3e67f774e32f47c5a,1d42205244ca57f58a94efaf1eb7ebda326e41d9d45d2f9407cc8ee2d9b17e3c,01726ae217d10f9d3471b7fd97ed9227afb49cea226ec5a3e67f774e32f47c5a,d0d0d0d469717333,ffffffff3c180018,40d0d0d461733300,fffffe7e3c0010ff,d0d0d0d469717333,ffffffff3c180018,1000,978,external_family_2880d8845245f3cd599e,False,accepted_for_auxiliary_source_label_training,84c20dad510344b12fc6c5beed789ac0939cb2609503dc30f7ace8e594937640,1d42205244ca57f58a94efaf1eb7ebda326e41d9d45d2f9407cc8ee2d9b17e3c,01726ae217d10f9d3471b7fd97ed9227afb49cea226ec5a3e67f774e32f47c5a,0,10,60,59,data/external/rare_usage_20260906/images_60x80/flipkart_party/BRAED6G63H64TSXJ.png,source_usage,False,Party,train
flipkart_party,BRAED6G6TVPF94CV,flipkart_meta_c9fbfdc7bbb45b64,Glus Frontopen Women's Push-up Bra,Bra,Party,"[""Party""]",source_exact_occasion,http://www.flipkart.com/glus-frontopen-women-s-push-up-bra/p/itmed6g5jxxcxysb?pid=BRAED6G6TVPF94CV,http://img6a.flixcart.com/image/bra/5/2/x/gpf9448pk-glus-34b-1000x1000-imaed6a2v4aedrsx.jpeg,data/external/rare_usage_20260906/flipkart_party/originals/BRAED6G6TVPF94CV.image,50643c96637c5e658aa53de571a00c972e734ca86147099fcc7455aabf0e4bd7,60,80,Publisher metadata CC BY-SA 4.0; remote photo rights scope not established,96b28f917a5039948586d60e1d3ee60a,"Clothing >> Women's Clothing >> Lingerie, Sleep & Swimwear >> Bras >> Glus Bras","[{""key"": ""Brand Color"", ""value"": ""Pink""}, {""key"": ""color"", ""value"": ""Pink""}, {""key"": ""Pattern"", ""value"": ""Solid""}, {""key"": ""Occasion"", ""value"": ""Party""}, {""key"": ""Ideal For"", ""value"": ""Women's""}, {""key"": ""Inner Lining"", ""value"": ""Spandex""}, {""key"": ""Wire Support"", ""value"": ""Underwire""}, {""key"": ""Other Bra Details"", ""value"": ""Seamless -T-Shirt- Front Open Bra""}, {""key"": ""Detachable Straps"", ""value"": ""Yes""}, {""key"": ""Straps"", ""value"": ""Multiway""}, {""key"": ""Number of Contents in Sales Package"", ""value"": ""Pack of 1""}, {""key"": ""Cup Type"", ""value"": ""Soft Pushup Molded Cups""}, {""key"": ""Fabric"", ""value"": ""85% Polyamide, 15% Spandex""}, {""key"": ""Seam Type"", ""value"": ""Seamless""}, {""key"": ""Type"", ""value"": ""Push-up Bra""}, {""key"": ""Design"", ""value"": ""Balcoentte Underwire Pushup - Front Open Bra""}, {""value"": ""Bra""}, {""value"": ""Front Matel Lock For Easy To Open and Remove""}, {""value"": ""Gentle Machine Wash In Lukewarm Water, Do Not Bleach""}]","Flipkart Products, PromptCloud / PromptCloudHQ, version 1, via Kaggle",https://creativecommons.org/licenses/by-sa/4.0/,https://www.kaggle.com/datasets/PromptCloudHQ/flipkart-products,,,,,,,,flipkart_party:BRAED6G6TVPF94CV,keep,single_product_presentation,,50643c96637c5e658aa53de571a00c972e734ca86147099fcc7455aabf0e4bd7,e7c4a791b23a98b660d971e48fd69ad5cdd4294768ae0f834c225bc28088c9ed,bd4250b0448f236e3de0764b18e5ce3982ba240dcff3a48d7c34d8e3e7dfb1fc,e7c4a791b23a98b660d971e48fd69ad5cdd4294768ae0f834c225bc28088c9ed,c0c0c0d469f07373,ffffffff3c180018,40c0e0c4e1f17320,ffffffff3c0000ff,c0c0c0d469f07373,ffffffff3c180018,1000,993,external_family_2880d8845245f3cd599e,False,accepted_for_auxiliary_source_label_training,d31146753bb941a31f78e8e4c14cd1b08c0b9d808de46faa8ef9a9ff34b0117c,bd4250b0448f236e3de0764b18e5ce3982ba240dcff3a48d7c34d8e3e7dfb1fc,e7c4a791b23a98b660d971e48fd69ad5cdd4294768ae0f834c225bc28088c9ed,0,10,60,60,data/external/rare_usage_20260906/images_60x80/flipkart_party/BRAED6G6TVPF94CV.png,source_usage,False,Party,train
flipkart_party,BRAEDASWQDSYNUV3,flipkart_meta_752fd550a398e9d6,Glus Frontopen Women's Push-up Bra,Bra,Party,"[""Party""]",source_exact_occasion,http://www.flipkart.com/glus-frontopen-women-s-push-up-bra/p/itmedaswqrkz76dj?pid=BRAEDASWQDSYNUV3,http://img5a.flixcart.com/image/bra/u/v/3/50082gp-f9448blu-glus-34b-1000x1000-imaedamgxaurpkue.jpeg,data/external/rare_usage_20260906/flipkart_party/originals/BRAEDASWQDSYNUV3.image,415e9741393a94e13b9f8bd82629d77fceb5bc7781169d9d7df64dadeb0cdd8c,60,80,Publisher metadata CC BY-SA 4.0; remote photo rights scope not established,a03f293690867b5d9f90138c3a54da18,"Clothing >> Women's Clothing >> Lingerie, Sleep & Swimwear >> Bras >> Glus Bras","[{""key"": ""Brand Color"", ""value"": ""Blue""}, {""key"": ""color"", ""value"": ""Blue""}, {""key"": ""Pattern"", ""value"": ""Solid""}, {""key"": ""Occasion"", ""value"": ""Party""}, {""key"": ""Ideal For"", ""value"": ""Women's""}, {""key"": ""Inner Lining"", ""value"": ""polyamide""}, {""key"": ""Wire Support"", ""value"": ""Underwire""}, {""key"": ""Other Bra Details"", ""value"": ""Fornt Open Bra - Easy to Wear and Remove""}, {""key"": ""Detachable Straps"", ""value"": ""Yes""}, {""key"": ""Straps"", ""value"": ""Multiway""}, {""key"": ""Number of Contents in Sales Package"", ""value"": ""Pack of 1""}, {""key"": ""Cup Type"", ""value"": ""Pushup padded Cups""}, {""key"": ""Fabric"", ""value"": ""85% Polyamide,15% Spandex""}, {""key"": ""Seam Type"", ""value"": ""Seamless""}, {""key"": ""Type"", ""value"": ""Push-up Bra""}, {""key"": ""Design"", ""value"": ""Front open Pushup Balconette Underwire Bra -Get SEXIER Cleavage.""}, {""value"": ""Bra""}, {""value"": ""PERFECT T-SHIRT BRA- Invisible Bra""}, {""value"": ""Gentle Machine Wash in Lukewarm Water, Do Not Bleach""}]","Flipkart Products, PromptCloud / PromptCloudHQ, version 1, via Kaggle",https://creativecommons.org/licenses/by-sa/4.0/,https://www.kaggle.com/datasets/PromptCloudHQ/flipkart-products,,,,,,,,flipkart_party:BRAEDASWQDSYNUV3,keep,single_product_presentation,,415e9741393a94e13b9f8bd82629d77fceb5bc7781169d9d7df64dadeb0cdd8c,200b9c085ed8a5a7ca411c1891b9bb896d71d1a3dfe9c6c730c7766d5afd1e05,d4723349e9ab0ffc9a896be8e739f004507034e1b1e09dfe59ec17b7b9991f59,2bb1e9ad50462e2fd860dbaf279115e56298f8bdf146d8db476fc67720c4e907,5050f0d469717133,ffffffff3c180099,005050c861333300,ffffff7e180000ff,5050f0d469717133,ffffffff3c180099,1000,974,external_family_2880d8845245f3cd599e,False,accepted_for_auxiliary_source_label_training,a3f240e29bb23e767b7c88956d8ea178fad840db3df1fc55651addc74e4624f8,d4723349e9ab0ffc9a896be8e739f004507034e1b1e09dfe59ec17b7b9991f59,200b9c085ed8a5a7ca411c1891b9bb896d71d1a3dfe9c6c730c7766d5afd1e05,0,11,60,58,data/external/rare_usage_20260906/images_60x80/flipkart_party/BRAEDASWQDSYNUV3.png,source_usage,False,Party,train
flipkart_party,SNDEHZKGKGHDFG57,flipkart_meta_35284750f34786e4,Funku Fashion Women Heels,Heels,Party,"[""Party""]",source_exact_occasion,http://www.flipkart.com/funku-fashion-women-heels/p/itmehzkgcmjh5jzy?pid=SNDEHZKGKGHDFG57,http://img6a.flixcart.com/image/sandal/7/r/r/gold-ff-d-1004-funku-fashion-41-original-imaehzk2pc5mhwdy.jpeg,data/external/rare_usage_20260906/flipkart_party/originals/SNDEHZKGKGHDFG57.image,3ea7e285b916eb50dd598bfc2214676df0f56d494d8846a185d0cbe724e34c91,60,80,Publisher metadata CC BY-SA 4.0; remote photo rights scope not established,203f3118ce1eeefcf778cc67c557c04a,Footwear >> Women's Footwear >> Heels >> Funku Fashion Women Heels,"[{""key"": ""Ideal For"", ""value"": ""Women""}, {""key"": ""Occasion"", ""value"": ""Party""}, {""key"": ""Sole Material"", ""value"": ""Sheet""}, {""key"": ""Number of Contents in Sales Package"", ""value"": ""Pack of 1""}, {""key"": ""Weight"", ""value"": ""400 g (per single Sandal) - Weight of the product may vary depending on size.""}, {""key"": ""Type"", ""value"": ""Heels""}, {""key"": ""Inner Material"", ""value"": ""Synthetic""}, {""key"": ""Heel Height"", ""value"": ""4 inch""}, {""key"": ""Outer Material"", ""value"": ""Artificial Leather""}, {""key"": ""Insole Material"", ""value"": ""Sheet""}, {""key"": ""Color"", ""value"": ""Gold""}, {""value"": ""2 Sandals""}]","Flipkart Products, PromptCloud / PromptCloudHQ, version 1, via Kaggle",https://creativecommons.org/licenses/by-sa/4.0/,https://www.kaggle.com/datasets/PromptCloudHQ/flipkart-products,,,,,,,,flipkart_party:SNDEHZKGKGHDFG57,keep,single_product_presentation,,3ea7e285b916eb50dd598bfc2214676df0f56d494d8846a185d0cbe724e34c91,e1926b9d622ef5df2de945271224167978a687da58bdd5075a1a1a45ea89b8a6,235d2f0636c3eb71fa3f20a1944ba6cf5220135e23d2073edab89ae46a2bdb10,eaf051d69a71666f4a37831168f52d781fbb90885c286d30617d4539086107e7,38ca693673535903,1fef0f0f1108e4f9,709a483e73530b43,ff0f0f0f0100e1ff,30ca691e73535c03,1fef0f0f1108eef1,1437,1598,external_family_28a99556cf2a7ae361a0,False,accepted_for_auxiliary_source_label_training,62134c1edfcb7ba9a8ffe24420161c6f6d2b65e0795a33201b255d3429973a01,235d2f0636c3eb71fa3f20a1944ba6cf5220135e23d2073edab89ae46a2bdb10,e1926b9d622ef5df2de945271224167978a687da58bdd5075a1a1a45ea89b8a6,0,6,60,67,data/external/rare_usage_20260906/images_60x80/flipkart_party/SNDEHZKGKGHDFG57.png,source_usage,False,Party,train
flipkart_party,TOPEAP5VYCZKFHB3,flipkart_meta_cf18176f7bec3181,Habbana Party Sleeveless Solid Women's Top,Tops,Party,"[""Party""]",source_exact_occasion,http://www.flipkart.com/habbana-party-sleeveless-solid-women-s-top/p/itmeap5vpxrfkxfr?pid=TOPEAP5VYCZKFHB3,http://img5a.flixcart.com/image/top/h/b/3/1-1-hcb0231-habbana-xs-original-imaeanyjyv8c343r.jpeg,data/external/rare_usage_20260906/flipkart_party/originals/TOPEAP5VYCZKFHB3.image,7be8c52d4e67a19830922e2aab2adbe92dfd73a80b5d4a66d598d6d9fa406e12,60,80,Publisher metadata CC BY-SA 4.0; remote photo rights scope not established,0f9b331bc9400474e182878acfab218b,"Clothing >> Women's Clothing >> Western Wear >> Shirts, Tops & Tunics >> Tops >> Habbana Tops","[{""key"": ""Sleeve"", ""value"": ""Sleeveless""}, {""key"": ""Number of Contents in Sales Package"", ""value"": ""Pack of 1""}, {""key"": ""Fabric"", ""value"": ""Polyester""}, {""key"": ""Type"", ""value"": ""Crop top""}, {""key"": ""Neck"", ""value"": ""Boat Neck""}, {""key"": ""Pattern"", ""value"": ""Solid""}, {""key"": ""Ideal For"", ""value"": ""Women's""}, {""key"": ""Occasion"", ""value"": ""Party""}, {""value"": ""1 Top""}]","Flipkart Products, PromptCloud / PromptCloudHQ, version 1, via Kaggle",https://creativecommons.org/licenses/by-sa/4.0/,https://www.kaggle.com/datasets/PromptCloudHQ/flipkart-products,,,,,,,,flipkart_party:TOPEAP5VYCZKFHB3,keep,model_worn_outfit_context,,7be8c52d4e67a19830922e2aab2adbe92dfd73a80b5d4a66d598d6d9fa406e12,1bae08ad16b834366e43958848f3ae09476a10e11b965a0509a1f581cc69413c,c02b218dee683424f4f290fc4596d2c78951896dabc6f347f8d8787d97607a53,e47af94d6887b9c7b18497fb8c6833490d9af70401da3011a3d8d500ae86086d,1a0d6437396b2725,cf87b78300008387,9a0f6c37336b2f25,cf8fb78381818387,1a6d6437797b2725,cfa7b78300818397,696,1010,external_family_324865f79d4a6a09acea,False,accepted_for_auxiliary_source_label_training,36e6d4c78be5d00958d41aaa9c5e46b9550e53f1b33c953b2833c39afbf14f29,c02b218dee683424f4f290fc4596d2c78951896dabc6f347f8d8787d97607a53,1bae08ad16b834366e43958848f3ae09476a10e11b965a0509a1f581cc69413c,2,0,55,80,data/external/rare_usage_20260906/images_60x80/flipkart_party/TOPEAP5VYCZKFHB3.png,source_usage,False,Party,train
flipkart_party,SHTEFUMGZHHHKKQZ,flipkart_meta_fe083ebf8d340df7,Chic Unique Women's Solid Party Shirt,Shirts,Party,"[""Party""]",source_exact_occasion,http://www.flipkart.com/chic-unique-women-s-solid-party-shirt/p/itmefumgyyvgxuzg?pid=SHTEFUMGZHHHKKQZ,http://img6a.flixcart.com/image/shirt/k/q/z/ro-1257t-chic-unique-14-original-imaefr5suffkqzar.jpeg,data/external/rare_usage_20260906/flipkart_party/originals/SHTEFUMGZHHHKKQZ.image,7a2668f3df586e295b0a5d7dc638b22896e9efcc4d346c8211b35f27bc782ad0,60,80,Publisher metadata CC BY-SA 4.0; remote photo rights scope not established,b28b7899cf813681a086e00f9c7fbb83,"Clothing >> Women's Clothing >> Western Wear >> Shirts, Tops & Tunics >> Shirts >> Chic Unique Shirts","[{""key"": ""Pattern"", ""value"": ""Solid""}, {""key"": ""Ideal For"", ""value"": ""Women's""}, {""key"": ""Occasion"", ""value"": ""Party""}, {""key"": ""Sleeve"", ""value"": ""Sleeveless""}, {""key"": ""Number of Contents in Sales Package"", ""value"": ""Pack of 1""}, {""key"": ""Fabric"", ""value"": ""100% Cotton""}, {""key"": ""Fit"", ""value"": ""Slim""}, {""value"": ""Wash With Similar Colors, Udo Not Do Not Rub, Was Inside Out""}, {""value"": ""Shirt""}, {""key"": ""Style Code"", ""value"": ""RO-1257T""}]","Flipkart Products, PromptCloud / PromptCloudHQ, version 1, via Kaggle",https://creativecommons.org/licenses/by-sa/4.0/,https://www.kaggle.com/datasets/PromptCloudHQ/flipkart-products,,,,,,,,flipkart_party:SHTEFUMGZHHHKKQZ,keep,model_worn_outfit_context,,7a2668f3df586e295b0a5d7dc638b22896e9efcc4d346c8211b35f27bc782ad0,6765e3e7b3c127c889e2752a6a8c8a2e7cdc9ae72eca02d4e45cc4302282cd2b,d53e549e836fb039d549fff8244a28e4fc9102b2cc3ff0b475d203767a3332ed,ea283edfe95280ebf2f94bb9f980844ce0d90c8386e8f5e4c94f0375dffbd83f,0613330f973f3f1f,e3cb8181c3838381,0d56961e0f1f1f8e,e7e3c3c3c3c3c3c3,0613330f973b3f1f,e3cb8181c3838381,832,1862,external_family_33849882d6a0994c5792,False,accepted_for_auxiliary_source_label_training,562a7c2e1d79cbd66f07a55f2dd6b9e604fd53622d5e587725f9b8d5d47259ef,d53e549e836fb039d549fff8244a28e4fc9102b2cc3ff0b475d203767a3332ed,6765e3e7b3c127c889e2752a6a8c8a2e7cdc9ae72eca02d4e45cc4302282cd2b,12,0,36,80,data/external/rare_usage_20260906/images_60x80/flipkart_party/SHTEFUMGZHHHKKQZ.png,source_usage,False,Party,train
flipkart_party,SHODX6XYJXS2YXFY,flipkart_meta_832ff0d3f7d295f6,Allen Cooper 4507 Party Wear,Casual Shoes,Party,"[""Party""]",source_exact_occasion,http://www.flipkart.com/allen-cooper-4507-party-wear/p/itmdx6xyyuzyattw?pid=SHODX6XYJXS2YXFY,http://img5a.flixcart.com/image/shoe/y/u/j/tan-124-allen-cooper-9-original-imadx7xzgb6n5enu.jpeg,data/external/rare_usage_20260906/flipkart_party/originals/SHODX6XYJXS2YXFY.image,d842a705e64c3dfb7e252c4b009615a83400c2ce5ed2fde65811019b684231a7,60,80,Publisher metadata CC BY-SA 4.0; remote photo rights scope not established,375a60352119dac06c125d3cea802695,Footwear >> Men's Footwear >> Casual Shoes >> Allen Cooper Casual Shoes,"[{""key"": ""Occasion"", ""value"": ""Party""}, {""key"": ""Ideal For"", ""value"": ""Men""}, {""key"": ""Outer Material"", ""value"": ""Leather""}, {""key"": ""Color"", ""value"": ""Tan""}, {""value"": ""Shoe""}]","Flipkart Products, PromptCloud / PromptCloudHQ, version 1, via Kaggle",https://creativecommons.org/licenses/by-sa/4.0/,https://www.kaggle.com/datasets/PromptCloudHQ/flipkart-products,,,,,,,,flipkart_party:SHODX6XYJXS2YXFY,keep,single_product_presentation,,d842a705e64c3dfb7e252c4b009615a83400c2ce5ed2fde65811019b684231a7,703e97eeba28f9adf2af5b8c0d24633e230e8be0257b56de9a66985cefe49ed1,b26d35173bf475726ec9b05cfa3c7f1731a4a0ca584930de8fdf0f98ae0defaa,703e97eeba28f9adf2af5b8c0d24633e230e8be0257b56de9a66985cefe49ed1,34347a796e761b03,df9f0f0f070001e1,700c30784f030012,ffff9f0f0081ffff,34347a796e761b03,df9f0f0f070001e1,1125,684,external_family_35b0a969f9e08fc88d22,False,accepted_for_auxiliary_source_label_training,fddbb22a17a6e676d2fb4750a6ed008d0db7ed2bfe0bf512ff96af77d29fc6e3,b26d35173bf475726ec9b05cfa3c7f1731a4a0ca584930de8fdf0f98ae0defaa,703e97eeba28f9adf2af5b8c0d24633e230e8be0257b56de9a66985cefe49ed1,0,22,60,36,data/external/rare_usage_20260906/images_60x80/flipkart_party/SHODX6XYJXS2YXFY.png,source_usage,False,Party,train
flipkart_party,CAPE8HYQSXRDAGGC,flipkart_meta_354843c029b983b2,Truk Fit Self Design Truck Cap,Caps,Party,"[""Party""]",source_exact_occasion,http://www.flipkart.com/truk-fit-self-design-truck-cap/p/itme8hyqvkd6ztsd?pid=CAPE8HYQSXRDAGGC,http://img5a.flixcart.com/image/cap/g/g/c/1-1-trukfit-trukfit-free-original-imae8jtzuvncvffj.jpeg,data/external/rare_usage_20260906/flipkart_party/originals/CAPE8HYQSXRDAGGC.image,2f7c6bef01515a107404de2f4f6b5e9fc05c05e972067348ce9f0d5ef729a065,60,80,Publisher metadata CC BY-SA 4.0; remote photo rights scope not established,bce78e928043701f8028796c26f2ecd4,Clothing >> Men's Clothing >> Accessories & Combo Sets >> Caps >> Truk Fit Caps,"[{""key"": ""Fastener"", ""value"": ""Adjustable Strap At Back""}, {""key"": ""Number of Contents in Sales Package"", ""value"": ""Pack of 1""}, {""key"": ""Fabric"", ""value"": ""Cotton""}, {""key"": ""Type"", ""value"": ""Truck""}, {""key"": ""Design"", ""value"": ""Acrylic Silver Shining Lobo At Front And Down""}, {""key"": ""Pattern"", ""value"": ""Self Design""}, {""key"": ""Occasion"", ""value"": ""Party""}, {""key"": ""Ideal For"", ""value"": ""Men's""}, {""value"": ""1 Cap""}, {""key"": ""Style Code"", ""value"": ""TRUKFIT""}, {""value"": ""Wash With Hand""}]","Flipkart Products, PromptCloud / PromptCloudHQ, version 1, via Kaggle",https://creativecommons.org/licenses/by-sa/4.0/,https://www.kaggle.com/datasets/PromptCloudHQ/flipkart-products,,,,,,,,flipkart_party:CAPE8HYQSXRDAGGC,keep,large_product_lettering,,2f7c6bef01515a107404de2f4f6b5e9fc05c05e972067348ce9f0d5ef729a065,366124ec37d628634bb55ff06e7e75fc50327d81b0d5251cf0c3cf27494778dc,54755514890510ac7db8e5d42609984664948022699de85fd464fa6a153700ef,5c3cf4235d20d37024e1af2359c435254ac4dea5420cc15c2a48c06cb7ebc87b,c08f81899999431e,ffe3e0f8c8c8e1df,03008f81991b2c01,ffffe1c0c000ffff,ce8f81899999431e,ffe1e0f8c8c8e1ff,729,532,external_family_385df891e0040464c237,False,accepted_for_auxiliary_source_label_training,e09bb4b3cb4b9402c002076899b38c22943e3040dd0be33859ca3aae9803888b,54755514890510ac7db8e5d42609984664948022699de85fd464fa6a153700ef,366124ec37d628634bb55ff06e7e75fc50327d81b0d5251cf0c3cf27494778dc,0,18,60,44,data/external/rare_usage_20260906/images_60x80/flipkart_party/CAPE8HYQSXRDAGGC.png,source_usage,False,Party,train
flipkart_party,SNDEBR4ETGGZWASZ,flipkart_meta_4029c51518fcc82f,2 Dost Women Wedges,Heels,Party,"[""Party""]",source_exact_occasion,http://www.flipkart.com/2-dost-women-wedges/p/itmebr4ezdgrsjg9?pid=SNDEBR4ETGGZWASZ,http://img6a.flixcart.com/image/sandal/h/q/t/red-2-dost-606-2-dost-10-1000x1000-imaea9mhhezfsngg.jpeg,data/external/rare_usage_20260906/flipkart_party/originals/SNDEBR4ETGGZWASZ.image,70f47d783ad3f8a77b2f90aa03b0322f0f98979782c4c03a9c7b1325d41ecba9,60,80,Publisher metadata CC BY-SA 4.0; remote photo rights scope not established,237e586616e07088c6ee26151ea7cd2b,Footwear >> Women's Footwear >> Wedges,"[{""key"": ""Occasion"", ""value"": ""Party""}, {""key"": ""Ideal For"", ""value"": ""Women""}, {""key"": ""Type"", ""value"": ""Wedges""}, {""key"": ""Heel Height"", ""value"": ""3 inch""}, {""key"": ""Outer Material"", ""value"": ""Velvet""}, {""key"": ""Color"", ""value"": ""Red""}]","Flipkart Products, PromptCloud / PromptCloudHQ, version 1, via Kaggle",https://creativecommons.org/licenses/by-sa/4.0/,https://www.kaggle.com/datasets/PromptCloudHQ/flipkart-products,,,,,,,,flipkart_party:SNDEBR4ETGGZWASZ,keep,single_product_presentation,,70f47d783ad3f8a77b2f90aa03b0322f0f98979782c4c03a9c7b1325d41ecba9,66b88b4ba2c594b62db0609d5513299cdcdd709636995ced24b7c1a015cce7d7,213def26301441b95496865eeb4396bc9d9c64ce1553a8e4a3f0ecb5f115a1c5,f87b8506aef38028cffd6052a5a36fb3ebb209d23df148c528d3d50ace6566e2,3f4cef6371190746,ff0707118081c3f3,003dcc6731070641,ffff070100c1f3ff,3ecccf6371391786,ff0f07118080c3e3,1000,898,external_family_38bb8f9161edcb7c1f6b,False,accepted_for_auxiliary_source_label_training,c3d786c70627c023a89b661b9ae3db5b0e9d6429a4a140fb961c9acf4d4c2e92,213def26301441b95496865eeb4396bc9d9c64ce1553a8e4a3f0ecb5f115a1c5,66b88b4ba2c594b62db0609d5513299cdcdd709636995ced24b7c1a015cce7d7,0,13,60,54,data/external/rare_usage_20260906/images_60x80/flipkart_party/SNDEBR4ETGGZWASZ.png,source_usage,False,Party,train
flipkart_party,SHOEGKU9SUZRXPHY,flipkart_meta_3fc2b278b8053d0b,Gato Chief Tan Corporate Casuals,Casual Shoes,Party,"[""Party""]",source_exact_occasion,http://www.flipkart.com/gato-chief-tan-corporate-casuals/p/itmegku9ggkfd6ef?pid=SHOEGKU9SUZRXPHY,http://img5a.flixcart.com/image/shoe/z/r/n/tan-gbshcsl4101tan-gato-9-700x700-imaegks8yzxgzuqb.jpeg,data/external/rare_usage_20260906/flipkart_party/originals/SHOEGKU9SUZRXPHY.image,44c5d70ec829b4c227ba939a15e86a06149ef49c73ecfd597dddb1ed4b7bfeda,60,80,Publisher metadata CC BY-SA 4.0; remote photo rights scope not established,f2ca376b0bd2d5897f4bf88a54e91f8b,Footwear >> Men's Footwear >> Casual Shoes >> Gato Casual Shoes >> Gato Chief Tan Corporate Casuals,"[{""key"": ""Ideal For"", ""value"": ""Men""}, {""key"": ""Occasion"", ""value"": ""Party""}, {""key"": ""Closure"", ""value"": ""Laced""}, {""key"": ""Number of Contents in Sales Package"", ""value"": ""Pack of 1""}, {""key"": ""Inner Material"", ""value"": ""Synthetic""}, {""key"": ""Heel Height"", ""value"": ""0.4 inch""}, {""key"": ""Outer Material"", ""value"": ""Synthetic Leather""}, {""key"": ""Color"", ""value"": ""Tan""}]","Flipkart Products, PromptCloud / PromptCloudHQ, version 1, via Kaggle",https://creativecommons.org/licenses/by-sa/4.0/,https://www.kaggle.com/datasets/PromptCloudHQ/flipkart-products,,,,,,,,flipkart_party:SHOEGKU9SUZRXPHY,keep,single_product_presentation,,44c5d70ec829b4c227ba939a15e86a06149ef49c73ecfd597dddb1ed4b7bfeda,ce1efff7a11e44b2e6aa09d66eabb0de80b108771bbd19d1967b5592c7c8e6bf,32a0a36d0955bcf59b42cacdc72d8827f4a69a28a0783631eed8c24a6dde80ac,417078dfa5469ca65e76c22598961cc699b2c6b88b0e004eb7bd793f374430ae,88141a0dce65030e,ff1f0f070700c1ff,18841b1c4d070c21,ffff0f070181ffff,5c1a4f4dce46110f,1f8f8f07070380e1,700,564,external_family_48373e9297ae53bfae26,False,accepted_for_auxiliary_source_label_training,c4b3bc82e606e9cdd1e163df7ab04354324de63af6398c6c7c1df4f9cfffb128,32a0a36d0955bcf59b42cacdc72d8827f4a69a28a0783631eed8c24a6dde80ac,ce1efff7a11e44b2e6aa09d66eabb0de80b108771bbd19d1967b5592c7c8e6bf,0,16,60,48,data/external/rare_usage_20260906/images_60x80/flipkart_party/SHOEGKU9SUZRXPHY.png,source_usage,False,Party,train
flipkart_party,TOPED77KRHWBGGN6,flipkart_meta_6bb69b8e339e5510,Chkokko Party Short Sleeve Solid Women's Top,Tops,Party,"[""Party""]",source_exact_occasion,http://www.flipkart.com/chkokko-party-short-sleeve-solid-women-s-top/p/itmed77knfzh4f2z?pid=TOPED77KRHWBGGN6,http://img6a.flixcart.com/image/top/s/b/k/ckor440-black-chkokko-l-1000x1000-imaed68fzegtpnfw.jpeg,data/external/rare_usage_20260906/flipkart_party/originals/TOPED77KRHWBGGN6.image,915f7a1150539393a5a859c8d4f3684d82f36f12582401462407bb21df7df511,60,80,Publisher metadata CC BY-SA 4.0; remote photo rights scope not established,734400a4b3b71daae649e6d80c0d1fe2,"Clothing >> Women's Clothing >> Western Wear >> Shirts, Tops & Tunics >> Tops >> Chkokko Tops","[{""key"": ""Ideal For"", ""value"": ""Women's""}, {""key"": ""Occasion"", ""value"": ""Party""}, {""key"": ""Pattern"", ""value"": ""Solid""}, {""key"": ""Type"", ""value"": ""Top""}, {""key"": ""Fabric"", ""value"": ""Acrylic""}, {""key"": ""Neck"", ""value"": ""Round Neck""}, {""key"": ""Sleeve"", ""value"": ""Short Sleeve""}, {""key"": ""Number of Contents in Sales Package"", ""value"": ""Pack of 1""}]","Flipkart Products, PromptCloud / PromptCloudHQ, version 1, via Kaggle",https://creativecommons.org/licenses/by-sa/4.0/,https://www.kaggle.com/datasets/PromptCloudHQ/flipkart-products,,,,,,,,flipkart_party:TOPED77KRHWBGGN6,keep,model_worn_outfit_context,,915f7a1150539393a5a859c8d4f3684d82f36f12582401462407bb21df7df511,a254b1c8c35730090ef4106ad81458a46de66de0a2c4b35bdff716228db2b09e,7c7d94b6179e40c92ca7b0585a1ff345459021147fcb4647bcdb3e33ea78e30e,9a53660717272ba869cfccf29431e42e9ab20f4631fe75333105aa651620c880,06861b2511030b4d,f7ffc181c0e0e1e1,0d4c933b0b0b0f4f,f7ffc381c1e1e3e3,4686192515030b4d,f7ffc180c0e0e1e1,536,1000,external_family_4f81e43d74114d32c490,False,accepted_for_auxiliary_source_label_training,59bc1ddc55a165b0d3ec3f934b280cd257a1be8cf4f0434ed26c3ca7371205c0,7c7d94b6179e40c92ca7b0585a1ff345459021147fcb4647bcdb3e33ea78e30e,a254b1c8c35730090ef4106ad81458a46de66de0a2c4b35bdff716228db2b09e,8,0,43,80,data/external/rare_usage_20260906/images_60x80/flipkart_party/TOPED77KRHWBGGN6.png,source_usage,False,Party,train
flipkart_party,SNDEDB2FPSNFBUTU,flipkart_meta_c88de987c9abc88e,Wellworth Women Heels,Heels,Party,"[""Party""]",source_exact_occasion,http://www.flipkart.com/wellworth-women-heels/p/itmedb2gsshe92tn?pid=SNDEDB2FPSNFBUTU,http://img6a.flixcart.com/image/sandal/r/7/d/beige-ww1053-wellworth-36-original-imaedavzesqaeyqf.jpeg,data/external/rare_usage_20260906/flipkart_party/originals/SNDEDB2FPSNFBUTU.image,13b1b0605a78a471fa77c648c8926cb1ea80fd9319ce6e3e51cfa8d42d82acfd,60,80,Publisher metadata CC BY-SA 4.0; remote photo rights scope not established,c9eff1652571439459d0298b7179255e,Footwear >> Women's Footwear >> Heels,"[{""key"": ""Ideal For"", ""value"": ""Women""}, {""key"": ""Occasion"", ""value"": ""Party""}, {""key"": ""Sole Material"", ""value"": ""Rubber""}, {""key"": ""Closure"", ""value"": ""SLIP ON""}, {""key"": ""Number of Contents in Sales Package"", ""value"": ""Pack of 1""}, {""key"": ""Weight"", ""value"": ""350 g (per single Sandal) - Weight of the product may vary depending on size.""}, {""key"": ""Type"", ""value"": ""Heels""}, {""key"": ""Heel Height"", ""value"": ""5 inch""}, {""key"": ""Outer Material"", ""value"": ""Resin""}, {""key"": ""Color"", ""value"": ""Beige""}, {""key"": ""Care Instructions"", ""value"": ""Wipe with a clean, dry cloth when needed""}, {""value"": ""2 Sandals""}]","Flipkart Products, PromptCloud / PromptCloudHQ, version 1, via Kaggle",https://creativecommons.org/licenses/by-sa/4.0/,https://www.kaggle.com/datasets/PromptCloudHQ/flipkart-products,,,,,,,,flipkart_party:SNDEDB2FPSNFBUTU,keep,single_product_presentation,,13b1b0605a78a471fa77c648c8926cb1ea80fd9319ce6e3e51cfa8d42d82acfd,b7209aeda3cbe8362fdcbe7db5b1cc4d788a50ba03e128c7df648765d5820002,736cac15a7884762d18a6be88376500cae8a677a0f66bcea78939e05d615e0c2,78b80893d35a66ab62382bb44e6b25bcbd56c2ded2030a1d3e3b0a50dbe8e301,68341b4c4b434307,bf9f8f272121e1e3,6834194c4b434306,bf9f8f272121e1f7,643a994e45494103,9f9fcfa7a1a0e0e1,927,1115,external_family_549e39ecfdd177dd9e0e,False,accepted_for_auxiliary_source_label_training,9f6b12f7eaf5eb537b0f4a4181062a83b3159c996040ad394754d5bf7c64629d,736cac15a7884762d18a6be88376500cae8a677a0f66bcea78939e05d615e0c2,b7209aeda3cbe8362fdcbe7db5b1cc4d788a50ba03e128c7df648765d5820002,0,4,60,72,data/external/rare_usage_20260906/images_60x80/flipkart_party/SNDEDB2FPSNFBUTU.png,source_usage,False,Party,train
flipkart_party,SHTE4Q74EEHQJZQB,flipkart_meta_b5488543c42e707d,Meira Women's Printed Party Reversible Shirt,Shirts,Party,"[""Party""]",source_exact_occasion,http://www.flipkart.com/meira-women-s-printed-party-reversible-shirt/p/itme4q74xnzm4n3e?pid=SHTE4Q74EEHQJZQB,http://img5a.flixcart.com/image/shirt/w/e/z/mewt-1156-d-multi-meira-s-1100x1360-imae4nkzsgnfe5sn.jpeg,data/external/rare_usage_20260906/flipkart_party/originals/SHTE4Q74EEHQJZQB.image,ff61213efe4bd289133b0bf33520f6577e18a1cd3221b6701242ca00cbb166da,60,80,Publisher metadata CC BY-SA 4.0; remote photo rights scope not established,897d2b63c2a8575b259d8bacb4879468,"Clothing >> Women's Clothing >> Western Wear >> Shirts, Tops & Tunics >> Shirts >> Meira Shirts","[{""key"": ""Pattern"", ""value"": ""Printed""}, {""key"": ""Ideal For"", ""value"": ""Women's""}, {""key"": ""Occasion"", ""value"": ""Party""}, {""key"": ""Sleeve"", ""value"": ""Full Sleeve""}, {""key"": ""Number of Contents in Sales Package"", ""value"": ""Pack of 1""}, {""key"": ""Brand Fit"", ""value"": ""Regular""}, {""key"": ""Fabric"", ""value"": ""Cotton""}, {""key"": ""Style Code"", ""value"": ""MEWT-1156-D-Multi""}]","Flipkart Products, PromptCloud / PromptCloudHQ, version 1, via Kaggle",https://creativecommons.org/licenses/by-sa/4.0/,https://www.kaggle.com/datasets/PromptCloudHQ/flipkart-products,,,,,,,,flipkart_party:SHTE4Q74EEHQJZQB,keep,model_worn_outfit_context,,ff61213efe4bd289133b0bf33520f6577e18a1cd3221b6701242ca00cbb166da,a31c5fdc33ed7e91582b2a4293feefbf5ade147a061f1a5d00ba17f8dedba0e5,2086eeb39ccbdd8a5f8d2f47d45827d0df380959947b3434a00b7dc76353efe7,f3d89e0d804a3cbc648002deead376a18d64324166097474502d536cc617ec5f,4612076941740d13,e3e3ffffffffc081,0d4d061236938e86,e7e7e7fbdbcbe3c3,4612076941740d13,e3e3ffffffffc081,581,1360,external_family_55d31fc0cd2856c8a892,False,accepted_for_auxiliary_source_label_training,a8476fe0d61916b04d10cf1131930dbc7f22990b10236365d22cb2e795bd195f,2086eeb39ccbdd8a5f8d2f47d45827d0df380959947b3434a00b7dc76353efe7,a31c5fdc33ed7e91582b2a4293feefbf5ade147a061f1a5d00ba17f8dedba0e5,13,0,34,80,data/external/rare_usage_20260906/images_60x80/flipkart_party/SHTE4Q74EEHQJZQB.png,source_usage,False,Party,train
flipkart_party,SHOE9YD3REFDCPBR,flipkart_meta_48b16eb7183f0d4a,Blue Parrot Party Wear Shoes,Casual Shoes,Party,"[""Party""]",source_exact_occasion,http://www.flipkart.com/blue-parrot-party-wear-shoes/p/itme9yd3ytggjg2q?pid=SHOE9YD3REFDCPBR,http://img5a.flixcart.com/image/shoe/p/b/r/black-8841-blue-parrot-42-original-imae9wjn2fhrxx84.jpeg,data/external/rare_usage_20260906/flipkart_party/originals/SHOE9YD3REFDCPBR.image,329189ae66742afb6fcc5ba8dc40b4565dd452d340ed15c3f2ef25a3d0001046,60,80,Publisher metadata CC BY-SA 4.0; remote photo rights scope not established,ee1b5ce1d1e4bb45a4c8b535250db04d,Footwear >> Men's Footwear >> Casual Shoes >> Blue Parrot Casual Shoes,"[{""key"": ""Occasion"", ""value"": ""Party""}, {""key"": ""Ideal For"", ""value"": ""Men""}, {""key"": ""Heel Height"", ""value"": ""1 inch""}, {""key"": ""Outer Material"", ""value"": ""Synthetic Leather""}, {""key"": ""Color"", ""value"": ""Black""}]","Flipkart Products, PromptCloud / PromptCloudHQ, version 1, via Kaggle",https://creativecommons.org/licenses/by-sa/4.0/,https://www.kaggle.com/datasets/PromptCloudHQ/flipkart-products,,,,,,,,flipkart_party:SHOE9YD3REFDCPBR,keep,single_product_presentation,,329189ae66742afb6fcc5ba8dc40b4565dd452d340ed15c3f2ef25a3d0001046,aa5e1a308e57f45655a07d2a7cd0f5e7e766dd23016cac765ac3e508f027c934,652dc4ca4e324d6cb2213777100ba10c6500a640fc36aa66143adf927800ce33,e8b0cc15b7cbbba90a8b0d87a7082f59c8728a44c891a6ebabc33727e4f3cd90,d47abdde5760090f,7f0f0f070300c0e3,5004d0fe470f8003,ffff1f0700e1ffff,d47abdde5760190f,7f0f0f070300c0e3,1063,540,external_family_566318f57931d7e77bb5,False,accepted_for_auxiliary_source_label_training,34f83f7749f2f7f7fec34a2dc2bf64e7a45d6dbe8892f67a92bfa18143e472b6,652dc4ca4e324d6cb2213777100ba10c6500a640fc36aa66143adf927800ce33,aa5e1a308e57f45655a07d2a7cd0f5e7e766dd23016cac765ac3e508f027c934,0,25,60,30,data/external/rare_usage_20260906/images_60x80/flipkart_party/SHOE9YD3REFDCPBR.png,source_usage,False,Party,train
flipkart_party,BRAEAEGMZCHVXWXU,flipkart_meta_f20012c311542774,Glus Transy Back Women's T-Shirt Bra,Bra,Party,"[""Party""]",source_exact_occasion,http://www.flipkart.com/glus-transy-back-women-s-t-shirt-bra/p/itmeaegmg8tj4jzp?pid=BRAEAEGMZCHVXWXU,http://img5a.flixcart.com/image/bra/w/x/u/gp1338-a-bl-glus-30b-1000x1000-imaeae6qb2xznjcj.jpeg,data/external/rare_usage_20260906/flipkart_party/originals/BRAEAEGMZCHVXWXU.image,a23c57f61a2e996dcfa4c4ff25ec7e4285da327f9a377ea9674d883e09ebbea5,60,80,Publisher metadata CC BY-SA 4.0; remote photo rights scope not established,7e450b00bc93ead918ccff796e1cbbba,"Clothing >> Women's Clothing >> Lingerie, Sleep & Swimwear >> Bras >> Glus Bras","[{""key"": ""Brand Color"", ""value"": ""Black""}, {""key"": ""color"", ""value"": ""Black""}, {""key"": ""Pattern"", ""value"": ""Solid""}, {""key"": ""Ideal For"", ""value"": ""Women's""}, {""key"": ""Occasion"", ""value"": ""Party""}, {""key"": ""Wire Support"", ""value"": ""Underwire""}, {""key"": ""Inner Lining"", ""value"": ""Polycotton""}, {""key"": ""Straps"", ""value"": ""Multiway""}, {""key"": ""Detachable Straps"", ""value"": ""Yes""}, {""key"": ""Other Bra Details"", ""value"": ""Perfect Seamless T-shirt Bra""}, {""key"": ""Number of Contents in Sales Package"", ""value"": ""Pack of 1""}, {""key"": ""Cup Type"", ""value"": ""Pushup Molded Cups""}, {""key"": ""Fabric"", ""value"": ""Polyamide, Elastane""}, {""key"": ""Type"", ""value"": ""T-Shirt Bra""}, {""key"": ""Seam Type"", ""value"": ""Seamless""}, {""key"": ""Design"", ""value"": ""Designer Underwire Cup Bra with dual Waist band at Back - Transparent waist band at back for Smooth Low back for low back outfits or Backless Outfits . Straps are fitted at back at such position that remain invisible in most of outfits at Back for Smooth Transy Back . Second pair of waist band to we...View More Designer Underwire Cup Bra with dual Waist band at Back - Transparent waist band at back for Smooth Low back for low back outfits or Backless Outfits . Straps are fitted at back at such position that remain invisible in most of outfits at Back for Smooth Transy Back . Second pair of waist band to wear as regular bra. Peek -A-BOOB Cutout at front . Pushup Padded Bra .""}, {""value"": ""Gentle Machine Wash in Lukewarm Water, Do Not Bleach""}, {""value"": ""Detachable Straps To Wear It Criss-Cross Way. Or Wear As Classic Way.""}, {""value"": ""Bra""}]","Flipkart Products, PromptCloud / PromptCloudHQ, version 1, via Kaggle",https://creativecommons.org/licenses/by-sa/4.0/,https://www.kaggle.com/datasets/PromptCloudHQ/flipkart-products,,,,,,,,flipkart_party:BRAEAEGMZCHVXWXU,keep,single_product_presentation,,a23c57f61a2e996dcfa4c4ff25ec7e4285da327f9a377ea9674d883e09ebbea5,c23f2df9926c54ae37b993a620cdbca96d19ca913d45545a9a05c34b83190e41,a4a979846db9d6a610e29dbc4bc05877151d6adb30b8274a6cbeef976fe04d2f,f7d8e05bbf7961764d8ec2a51775dec8eccb88c858182475dc043a939597c88b,d2d0d0c479335533,ffffffff3c180080,00d2d2c871333302,ffff7e7e180000ff,d2d2d0c479335533,ffffffff3c180080,1000,969,external_family_57f2b50a11915f572a7a,False,accepted_for_auxiliary_source_label_training,1d160ece3c86e5d3ebb7f962024334bad27b5c60a8b83b5f8b70292554406f3a,a4a979846db9d6a610e29dbc4bc05877151d6adb30b8274a6cbeef976fe04d2f,c23f2df9926c54ae37b993a620cdbca96d19ca913d45545a9a05c34b83190e41,0,11,60,58,data/external/rare_usage_20260906/images_60x80/flipkart_party/BRAEAEGMZCHVXWXU.png,source_usage,False,Party,train
flipkart_party,BRAEBG4DCHJMRYZZ,flipkart_meta_0465ec6a592bec9e,Glus Fillet Women's Plunge Bra,Bra,Party,"[""Party""]",source_exact_occasion,http://www.flipkart.com/glus-fillet-women-s-plunge-bra/p/itmebg4dshe7cbhv?pid=BRAEBG4DCHJMRYZZ,http://img6a.flixcart.com/image/bra/u/g/z/gp1378agr-glus-34b-original-imaebhdmr2nmfdch.jpeg,data/external/rare_usage_20260906/flipkart_party/originals/BRAEBG4DCHJMRYZZ.image,e18d88af69718a084d61cb77716222609931e141f26bf7a8a283ec3efc727f74,60,80,Publisher metadata CC BY-SA 4.0; remote photo rights scope not established,42b9ce9ddc2735d6da719841be80aaa3,"Clothing >> Women's Clothing >> Lingerie, Sleep & Swimwear >> Bras >> Glus Bras","[{""key"": ""Brand Color"", ""value"": ""Grey""}, {""key"": ""color"", ""value"": ""Grey""}, {""key"": ""Pattern"", ""value"": ""Striped""}, {""key"": ""Ideal For"", ""value"": ""Women's""}, {""key"": ""Occasion"", ""value"": ""Party""}, {""key"": ""Wire Support"", ""value"": ""Underwire""}, {""key"": ""Inner Lining"", ""value"": ""Polycotton""}, {""key"": ""Straps"", ""value"": ""Multiway""}, {""key"": ""Detachable Straps"", ""value"": ""Yes""}, {""key"": ""Other Bra Details"", ""value"": ""Perfect T-Shirt Bra""}, {""key"": ""Number of Contents in Sales Package"", ""value"": ""Pack of 1""}, {""key"": ""Cup Type"", ""value"": ""Soft Padded Cups""}, {""key"": ""Fabric"", ""value"": ""Polyamide, Elastane""}, {""key"": ""Type"", ""value"": ""Plunge Bra""}, {""key"": ""Seam Type"", ""value"": ""Seamless""}, {""key"": ""Design"", ""value"": ""Plung Neck Balconette Underwire Bra""}, {""value"": ""Gentle Machine Wash in Lukewarm Water, Do Not Bleach""}, {""value"": ""No Seamline- No Show Through. Perfect Finish -T-Shirt Bra .Balconette Underwire Plung Neck Bra .Detachable Straps To Wear It Regular and Criss Cross Way.""}, {""value"": ""Bra""}]","Flipkart Products, PromptCloud / PromptCloudHQ, version 1, via Kaggle",https://creativecommons.org/licenses/by-sa/4.0/,https://www.kaggle.com/datasets/PromptCloudHQ/flipkart-products,,,,,,,,flipkart_party:BRAEBG4DCHJMRYZZ,keep,single_product_presentation,,e18d88af69718a084d61cb77716222609931e141f26bf7a8a283ec3efc727f74,ab7e04b933da82822ae4dc10f05fb3abaf85fe1a6eb231a88991a4d9bd3602ae,40d956e5b586ae9b10fc60b1d44480466051ca216c7526925bde43cc7daf82bf,75fc49151c903573fa7ace12747c2e1d078f5e4d7576ef9fccb04f5fb7e74a2d,2b2b232b33333333,ffffffffdb818183,00202b2333330002,ffffffff8181ffff,5444404471717171,ffffffffbc080008,1500,1000,external_family_586d13c951d93b15f8d9,False,accepted_for_auxiliary_source_label_training,c9f7368cdff8b79bc8a4e955a72321f5bc506d448b311954ea42cc64fc9dbbb9,40d956e5b586ae9b10fc60b1d44480466051ca216c7526925bde43cc7daf82bf,ab7e04b933da82822ae4dc10f05fb3abaf85fe1a6eb231a88991a4d9bd3602ae,0,20,60,40,data/external/rare_usage_20260906/images_60x80/flipkart_party/BRAEBG4DCHJMRYZZ.png,source_usage,False,Party,train
flipkart_party,BRAEBGGV3NPZHAGQ,flipkart_meta_73c87e28e0f64fff,Glus Perfect Body Women's T-Shirt Bra,Bra,Party,"[""Party""]",source_exact_occasion,http://www.flipkart.com/glus-perfect-body-women-s-t-shirt-bra/p/itmebggvyacbmjtt?pid=BRAEBGGV3NPZHAGQ,http://img5a.flixcart.com/image/bra/a/g/q/gp8056pu-glus-34b-original-imaebg4ts6chnp2s.jpeg,data/external/rare_usage_20260906/flipkart_party/originals/BRAEBGGV3NPZHAGQ.image,46403145f53064f03ff15e425872e03ff822826778cda23174e25eceb220e45e,60,80,Publisher metadata CC BY-SA 4.0; remote photo rights scope not established,eb9f705bcffc3b51dc47ad9251f772d3,"Clothing >> Women's Clothing >> Lingerie, Sleep & Swimwear >> Bras >> Glus Bras","[{""key"": ""Brand Color"", ""value"": ""Purple""}, {""key"": ""color"", ""value"": ""Purple""}, {""key"": ""Pattern"", ""value"": ""Solid""}, {""key"": ""Ideal For"", ""value"": ""Women's""}, {""key"": ""Occasion"", ""value"": ""Party""}, {""key"": ""Wire Support"", ""value"": ""Underwire""}, {""key"": ""Inner Lining"", ""value"": ""Polycotton""}, {""key"": ""Straps"", ""value"": ""Regular""}, {""key"": ""Detachable Straps"", ""value"": ""No""}, {""key"": ""Other Bra Details"", ""value"": ""Perfect T-Shirt Bra- No Show Through""}, {""key"": ""Number of Contents in Sales Package"", ""value"": ""Pack of 1""}, {""key"": ""Cup Type"", ""value"": ""Soft Padded Cups""}, {""key"": ""Fabric"", ""value"": ""Polycotton""}, {""key"": ""Type"", ""value"": ""T-Shirt Bra""}, {""key"": ""Seam Type"", ""value"": ""Seamless""}, {""key"": ""Design"", ""value"": ""Balconette Underwire Bra in Solid Pattern.""}, {""value"": ""Gentle Machine Wash in Lukewarm Water, Do Not Bleach""}, {""value"": ""Designer Invisible Bra - No Showthrough ,regular Straps.Ideal to wear under tight fitiing outfits like T-shirts,kurtis, western dresses.""}, {""value"": ""1 Bra""}]","Flipkart Products, PromptCloud / PromptCloudHQ, version 1, via Kaggle",https://creativecommons.org/licenses/by-sa/4.0/,https://www.kaggle.com/datasets/PromptCloudHQ/flipkart-products,,,,,,,,flipkart_party:BRAEBGGV3NPZHAGQ,keep,single_product_presentation,,46403145f53064f03ff15e425872e03ff822826778cda23174e25eceb220e45e,eb5b589a8ac0bea6271d84a5152ce9b73456c95c51e320f528297a80b8a49b26,3838799fbd26ab67f09ba9d938ddc5908ab5119b06be7edb91b66a8fa4a3c251,5b8b0ab073808dab0bb07e8bf1810dfb7c046679c123b170d7fc0afcd81e1cd5,32223222363636b6,ffffffff938383d3,0000322236360006,fffffffb8383ffff,5555d5d961713773,ffffffff39100000,1500,1000,external_family_586d13c951d93b15f8d9,False,accepted_for_auxiliary_source_label_training,50f6db9aef779e3770a5c4739df3f69237daacdcb3c31147c323b430c5ce76d8,3838799fbd26ab67f09ba9d938ddc5908ab5119b06be7edb91b66a8fa4a3c251,eb5b589a8ac0bea6271d84a5152ce9b73456c95c51e320f528297a80b8a49b26,0,20,60,40,data/external/rare_usage_20260906/images_60x80/flipkart_party/BRAEBGGV3NPZHAGQ.png,source_usage,False,Party,train
flipkart_party,BRAEBGGVYKJZAZYV,flipkart_meta_007957e257211524,Glus Perfect Body Women's T-Shirt Bra,Bra,Party,"[""Party""]",source_exact_occasion,http://www.flipkart.com/glus-perfect-body-women-s-t-shirt-bra/p/itmebggvszmgytqp?pid=BRAEBGGVYKJZAZYV,http://img5a.flixcart.com/image/bra/z/y/v/gp8056pk-glus-34b-original-imaebg5egph3jpps.jpeg,data/external/rare_usage_20260906/flipkart_party/originals/BRAEBGGVYKJZAZYV.image,7f9778f930b31fa079ed6e6c060e57694224546dfe2a678a7c665226064301ed,60,80,Publisher metadata CC BY-SA 4.0; remote photo rights scope not established,4249b94d1fd68435549cf98140faad84,"Clothing >> Women's Clothing >> Lingerie, Sleep & Swimwear >> Bras >> Glus Bras","[{""key"": ""Brand Color"", ""value"": ""Pink""}, {""key"": ""color"", ""value"": ""Pink""}, {""key"": ""Pattern"", ""value"": ""Solid""}, {""key"": ""Occasion"", ""value"": ""Party""}, {""key"": ""Ideal For"", ""value"": ""Women's""}, {""key"": ""Inner Lining"", ""value"": ""Polycotton""}, {""key"": ""Wire Support"", ""value"": ""Underwire""}, {""key"": ""Other Bra Details"", ""value"": ""Perfect T-Shirt Bra- No Show Through""}, {""key"": ""Detachable Straps"", ""value"": ""No""}, {""key"": ""Straps"", ""value"": ""Regular""}, {""key"": ""Number of Contents in Sales Package"", ""value"": ""Pack of 1""}, {""key"": ""Cup Type"", ""value"": ""Soft Padded Cups""}, {""key"": ""Fabric"", ""value"": ""Polycotton""}, {""key"": ""Seam Type"", ""value"": ""Seamless""}, {""key"": ""Type"", ""value"": ""T-Shirt Bra""}, {""key"": ""Design"", ""value"": ""Balconette Underwire Bra in Solid Pattern.""}, {""value"": ""1 Bra""}, {""value"": ""Designer Invisible Bra - No Showthrough ,regular Straps.Ideal to wear under tight fitiing outfits like T-shirts,kurtis, western dresses.""}, {""value"": ""Gentle Machine Wash in Lukewarm Water, Do Not Bleach""}]","Flipkart Products, PromptCloud / PromptCloudHQ, version 1, via Kaggle",https://creativecommons.org/licenses/by-sa/4.0/,https://www.kaggle.com/datasets/PromptCloudHQ/flipkart-products,,,,,,,,flipkart_party:BRAEBGGVYKJZAZYV,keep,single_product_presentation,,7f9778f930b31fa079ed6e6c060e57694224546dfe2a678a7c665226064301ed,7012a5514406196233b6281f4e79aac637c823ce2beaa5a9dc989af292a0789d,a0acc2494f8c11726fda9bf8ff1bce4254516eda38083771298eca3db131f77b,387383094552765178fbbbf1bd480a35aced56c07b37f8b0319f5d3fee0314d5,2b2b2b2b33333333,ffffffffdb818183,00202b2333330012,ffffffff8181ffff,5454544471717173,ffffffff3d180000,1500,1000,external_family_586d13c951d93b15f8d9,False,accepted_for_auxiliary_source_label_training,4bcd61dfdb0e2430029858ce4a9073bf644c3ce20f6334228209d420b655f728,a0acc2494f8c11726fda9bf8ff1bce4254516eda38083771298eca3db131f77b,7012a5514406196233b6281f4e79aac637c823ce2beaa5a9dc989af292a0789d,0,20,60,40,data/external/rare_usage_20260906/images_60x80/flipkart_party/BRAEBGGVYKJZAZYV.png,source_usage,False,Party,train
flipkart_party,SNDEY4AKUX9BWZFG,flipkart_meta_272922372e83849e,Senorita Women Flats,Flats,Party,"[""Party""]",source_exact_occasion,http://www.flipkart.com/senorita-women-flats/p/itmey4akwhntskge?pid=SNDEY4AKUX9BWZFG,http://img5a.flixcart.com/image/sandal/z/f/g/golden-lsm-19-senorita-36-original-imaey67nkfwsyeae.jpeg,data/external/rare_usage_20260906/flipkart_party/originals/SNDEY4AKUX9BWZFG.image,46b927065025a0dbc2ab559d48c286f89a9f5e4ddaebb3a9683d2ca029951a5e,60,80,Publisher metadata CC BY-SA 4.0; remote photo rights scope not established,dda0ce1f04249bc0563e27056a42a53b,Footwear >> Women's Footwear >> Flats,"[{""key"": ""Occasion"", ""value"": ""Party""}, {""key"": ""Ideal For"", ""value"": ""Women""}, {""key"": ""Type"", ""value"": ""Flats""}, {""key"": ""Heel Height"", ""value"": ""0 inch""}, {""key"": ""Outer Material"", ""value"": ""PU""}, {""key"": ""Color"", ""value"": ""GOLDEN""}]","Flipkart Products, PromptCloud / PromptCloudHQ, version 1, via Kaggle",https://creativecommons.org/licenses/by-sa/4.0/,https://www.kaggle.com/datasets/PromptCloudHQ/flipkart-products,,,,,,,,flipkart_party:SNDEY4AKUX9BWZFG,keep,single_product_presentation,,46b927065025a0dbc2ab559d48c286f89a9f5e4ddaebb3a9683d2ca029951a5e,e7214e7b9e3d73eb044c5e7e7ba3019358589c6517e597e94a9d13fb86ffa58a,238ec2eef923a168f637080a907d3d5fdd7a3b69dbd246ac4aa489b4ef15d3e2,b61634ee115dec4472e12375d0c6c77c3a9e44f868781e1ada8ffdbb6fb25f7d,0c5f2d975b198923,efc7010103cce0f3,21084d3f1b034009,ffff870180e0ffff,0c4f2db75b110c43,efe7050103c9e4f1,1907,1291,external_family_5a1b82b64170a4a41bb6,False,accepted_for_auxiliary_source_label_training,941ad1f7da7763ef62a60dfe58a61d711da4d9f7e2f187741cda185bcd799a62,238ec2eef923a168f637080a907d3d5fdd7a3b69dbd246ac4aa489b4ef15d3e2,e7214e7b9e3d73eb044c5e7e7ba3019358589c6517e597e94a9d13fb86ffa58a,0,19,60,41,data/external/rare_usage_20260906/images_60x80/flipkart_party/SNDEY4AKUX9BWZFG.png,source_usage,False,Party,train
flipkart_party,SNDEDSCEVHNXMTKU,flipkart_meta_d100de7396284c5b,Brood Women Flats,Flats,Party,"[""Party""]",source_exact_occasion,http://www.flipkart.com/brood-women-flats/p/itmedpae9q4segty?pid=SNDEDSCEVHNXMTKU,http://img5a.flixcart.com/image/sandal/t/k/u/purple-101-brood-39-original-imaeckfqhtz2k2hx.jpeg,data/external/rare_usage_20260906/flipkart_party/originals/SNDEDSCEVHNXMTKU.image,c58b08c24df204329d2a356c9db45a5d49c8abde0695068bdc9619bdaf214297,60,80,Publisher metadata CC BY-SA 4.0; remote photo rights scope not established,c593c8fa6ec3f7546a292b96f494e12a,Footwear >> Women's Footwear >> Flats,"[{""key"": ""Ideal For"", ""value"": ""Women""}, {""key"": ""Occasion"", ""value"": ""Party""}, {""key"": ""Number of Contents in Sales Package"", ""value"": ""Pack of 1""}, {""key"": ""Type"", ""value"": ""Flats""}, {""key"": ""Heel Height"", ""value"": ""1 inch""}, {""key"": ""Outer Material"", ""value"": ""Leather""}, {""key"": ""Color"", ""value"": ""Purple""}, {""value"": ""2 Sandals""}]","Flipkart Products, PromptCloud / PromptCloudHQ, version 1, via Kaggle",https://creativecommons.org/licenses/by-sa/4.0/,https://www.kaggle.com/datasets/PromptCloudHQ/flipkart-products,,,,,,,,flipkart_party:SNDEDSCEVHNXMTKU,keep,single_product_presentation,,c58b08c24df204329d2a356c9db45a5d49c8abde0695068bdc9619bdaf214297,7f63279d07dcc844f130f044e99ebecf5deb6b1343a9b3cdb9273b1144b793f3,08f1019b84cfe384543fafee203275d06e3d113a6b125cdea488dbfa393f027f,809bfb942aaa5111cadf18f6b92807e40ad3f3c1d204d81f60e6d85f01ea992a,47ce9e5a2f961947,f707070fc3c0e0e1,4400c55e1f072003,fffff70380e1ffff,47ce9e5a2f961947,f707070fc3c0e0e1,1406,652,external_family_61960c0aae92db98f92a,False,accepted_for_auxiliary_source_label_training,67b93b524a21e2e07fd34f46f4e75d7db831c8b85a4645cce91b1861b6269986,08f1019b84cfe384543fafee203275d06e3d113a6b125cdea488dbfa393f027f,7f63279d07dcc844f130f044e99ebecf5deb6b1343a9b3cdb9273b1144b793f3,0,26,60,28,data/external/rare_usage_20260906/images_60x80/flipkart_party/SNDEDSCEVHNXMTKU.png,source_usage,False,Party,train
flipkart_party,TOPE8E8NZP256K8G,flipkart_meta_91673193522821e2,Nine Lions Bollywood Fashion Party Sleeveless Solid Women's Top,Tops,Party,"[""Party""]",source_exact_occasion,http://www.flipkart.com/nine-lions-bollywood-fashion-party-sleeveless-solid-women-s-top/p/itme8e8negcfb663?pid=TOPE8E8NZP256K8G,http://img6a.flixcart.com/image/top/k/8/g/1-1-1410-nine-lions-bollywood-fashion-l-original-imae8dzsnhuaktem.jpeg,data/external/rare_usage_20260906/flipkart_party/originals/TOPE8E8NZP256K8G.image,9640b44f8f0032eafd53eced9035b97c9c48bde4a06b687b6f6a76ed1313bdaa,60,80,Publisher metadata CC BY-SA 4.0; remote photo rights scope not established,62efe8acfe478fd82afc8e2f065509b2,"Clothing >> Women's Clothing >> Western Wear >> Shirts, Tops & Tunics >> Tops >> Nine Lions Bollywood Fashion Tops","[{""key"": ""Ideal For"", ""value"": ""Women's""}, {""key"": ""Occasion"", ""value"": ""Party""}, {""key"": ""Pattern"", ""value"": ""Solid""}, {""key"": ""Fabric"", ""value"": ""Net""}, {""key"": ""Neck"", ""value"": ""Round""}, {""key"": ""Sleeve"", ""value"": ""Sleeveless""}, {""key"": ""Number of Contents in Sales Package"", ""value"": ""Pack of 1""}, {""value"": ""1 Top""}]","Flipkart Products, PromptCloud / PromptCloudHQ, version 1, via Kaggle",https://creativecommons.org/licenses/by-sa/4.0/,https://www.kaggle.com/datasets/PromptCloudHQ/flipkart-products,,,,,,,,flipkart_party:TOPE8E8NZP256K8G,keep,model_worn_outfit_context,,9640b44f8f0032eafd53eced9035b97c9c48bde4a06b687b6f6a76ed1313bdaa,274ce310005aabd5ade4be7b8e8e8f034028b483058620190806c41a3c2020d5,8c9e78a8946f63943b397d72822930f8048256eabdb29900a01f6d6a4db2baba,274ce310005aabd5ade4be7b8e8e8f034028b483058620190806c41a3c2020d5,0d36132f0f570e1e,c7d3c9018303838f,0d95161f0f0e0d9e,c7c7c3c3c3c7c7c7,0d36132f0f570e1e,c7d3c9018303838f,645,1368,external_family_659f7d5db38d7f622cb0,False,accepted_for_auxiliary_source_label_training,d5ef6f8be4665e6b6feac96cc639cd2a86d4da37ed7ca92748586fb1d79e74e2,8c9e78a8946f63943b397d72822930f8048256eabdb29900a01f6d6a4db2baba,274ce310005aabd5ade4be7b8e8e8f034028b483058620190806c41a3c2020d5,11,0,38,80,data/external/rare_usage_20260906/images_60x80/flipkart_party/TOPE8E8NZP256K8G.png,source_usage,False,Party,train
flipkart_party,SHTE2FCTN7MYJCUW,flipkart_meta_5289fbd59b1e436e,Meira Women's Printed Party Shirt,Shirts,Party,"[""Party""]",source_exact_occasion,http://www.flipkart.com/meira-women-s-printed-party-shirt/p/itme2fct8mzcmrgh?pid=SHTE2FCTN7MYJCUW,http://img6a.flixcart.com/image/shirt/f/t/f/mewt-1068-d-meira-xxl-original-imae2ffphdpgrg5z.jpeg,data/external/rare_usage_20260906/flipkart_party/originals/SHTE2FCTN7MYJCUW.image,c91b4fba7d95502f7772e9d8af7aa009ac743ffa40df91659fd977b5621d37af,60,80,Publisher metadata CC BY-SA 4.0; remote photo rights scope not established,c24d41866081adf46722da327d1d3aff,"Clothing >> Women's Clothing >> Western Wear >> Shirts, Tops & Tunics >> Shirts >> Meira Shirts","[{""key"": ""Pattern"", ""value"": ""Printed""}, {""key"": ""Ideal For"", ""value"": ""Women's""}, {""key"": ""Occasion"", ""value"": ""Party""}, {""key"": ""Sleeve"", ""value"": ""Full Sleeve""}, {""key"": ""Number of Contents in Sales Package"", ""value"": ""Pack of 1""}, {""key"": ""Fabric"", ""value"": ""Poly Chiffon""}, {""key"": ""Fit"", ""value"": ""Regular""}, {""value"": ""Machine wash""}, {""value"": ""Shirt""}, {""key"": ""Style Code"", ""value"": ""MEWT-1068-D""}]","Flipkart Products, PromptCloud / PromptCloudHQ, version 1, via Kaggle",https://creativecommons.org/licenses/by-sa/4.0/,https://www.kaggle.com/datasets/PromptCloudHQ/flipkart-products,,,,,,,,flipkart_party:SHTE2FCTN7MYJCUW,keep,model_worn_outfit_context,,c91b4fba7d95502f7772e9d8af7aa009ac743ffa40df91659fd977b5621d37af,56aad658fc6f2852d8f66de4710e5415ff9da4df6ffd8e8e74ae9b387f9d28dc,05c5adffdbc690fd670811f3d5862e3dcbefdfb5be0c92b1af319a37b7fbad4f,f3047cfede215e8814680414902d56907d1c82e2357a493bd01c00844f241f5a,07961769c151130b,e7e3fbfdf9f9c0c1,4d4587236303878f,e7e7e3d3f3e1c1c1,07961769d151130b,e7e3fbfdf9f8c0c1,1166,2227,external_family_6805c7cc1835332f8c2b,False,accepted_for_auxiliary_source_label_training,2e777545f21482ef034ae540c2b59a5258c447b833a5da8aae2533d37c3d5545,05c5adffdbc690fd670811f3d5862e3dcbefdfb5be0c92b1af319a37b7fbad4f,56aad658fc6f2852d8f66de4710e5415ff9da4df6ffd8e8e74ae9b387f9d28dc,9,0,42,80,data/external/rare_usage_20260906/images_60x80/flipkart_party/SHTE2FCTN7MYJCUW.png,source_usage,False,Party,train
flipkart_party,SHTE5YHGMHQZHD8E,flipkart_meta_4cf6a04fcbb1514e,Meira Women's Printed Party Shirt,Shirts,Party,"[""Party""]",source_exact_occasion,http://www.flipkart.com/meira-women-s-printed-party-shirt/p/itme5yhghzkny6ts?pid=SHTE5YHGMHQZHD8E,http://img6a.flixcart.com/image/shirt/s/j/h/mewt-1167-a-multi-meira-xxl-original-imae5uycwjuhpw88.jpeg,data/external/rare_usage_20260906/flipkart_party/originals/SHTE5YHGMHQZHD8E.image,2c9d26355a5d45ac3f3081514c8d228e3b38572a4b4d4adeab89488151f8994d,60,80,Publisher metadata CC BY-SA 4.0; remote photo rights scope not established,83a71481c5c88b67577862dd65a7b8d9,"Clothing >> Women's Clothing >> Western Wear >> Shirts, Tops & Tunics >> Shirts >> Meira Shirts","[{""key"": ""Pattern"", ""value"": ""Printed""}, {""key"": ""Occasion"", ""value"": ""Party""}, {""key"": ""Ideal For"", ""value"": ""Women's""}, {""key"": ""Sleeve"", ""value"": ""Sleeveless""}, {""key"": ""Number of Contents in Sales Package"", ""value"": ""Pack of 1""}, {""key"": ""Brand Fit"", ""value"": ""Regular Fit""}, {""key"": ""Fit"", ""value"": ""Regular""}, {""key"": ""Style Code"", ""value"": ""MEWT-1167-A-Multi""}]","Flipkart Products, PromptCloud / PromptCloudHQ, version 1, via Kaggle",https://creativecommons.org/licenses/by-sa/4.0/,https://www.kaggle.com/datasets/PromptCloudHQ/flipkart-products,,,,,,,,flipkart_party:SHTE5YHGMHQZHD8E,keep,model_worn_outfit_context,,2c9d26355a5d45ac3f3081514c8d228e3b38572a4b4d4adeab89488151f8994d,83d425f3642a79e677aea684cbf3f521c8369372f15663215b876001797907a9,1b17859218fff22a98f7a76a247fa996393b9b1850b00f75768a8aa7bb231f26,7b98b2d5c0718acaf8e4c44893565b3039c53328bf264e47a3e87d30120107dc,1b93130b0b2f5d33,ebcbc1c1c3c38189,4d4606860e8e9696,e7e3e3c3c3c7c3c3,1b931b0b0b2f5d31,ebcbc1c1c3c38199,719,1753,external_family_6805c7cc1835332f8c2b,False,accepted_for_auxiliary_source_label_training,3dce782fb366dfb215bb33f19176837017c08a918ab065010749008ce8dd6187,1b17859218fff22a98f7a76a247fa996393b9b1850b00f75768a8aa7bb231f26,83d425f3642a79e677aea684cbf3f521c8369372f15663215b876001797907a9,13,0,33,80,data/external/rare_usage_20260906/images_60x80/flipkart_party/SHTE5YHGMHQZHD8E.png,source_usage,False,Party,train
flipkart_party,SNDEF3HVZW4NPVCN,flipkart_meta_a2bc7d25f53dadae,Shooz Women Heels,Heels,Party,"[""Party""]",source_exact_occasion,http://www.flipkart.com/shooz-women-heels/p/itmeegv67agzdmcc?pid=SNDEF3HVZW4NPVCN,http://img6a.flixcart.com/image/sandal/v/c/n/silver-s-pf032-shoooz-41-original-imaef2t8f42mjgnv.jpeg,data/external/rare_usage_20260906/flipkart_party/originals/SNDEF3HVZW4NPVCN.image,bf0ecf021877ed50c39fdc9b334487997b6ee4c64a6352e2812a7388504fb32f,60,80,Publisher metadata CC BY-SA 4.0; remote photo rights scope not established,4cb66366e71525cf910a19be9c400a4c,Footwear >> Women's Footwear >> Heels,"[{""key"": ""Ideal For"", ""value"": ""Women""}, {""key"": ""Occasion"", ""value"": ""Party""}, {""key"": ""Sole Material"", ""value"": ""NON SLIPPERY SHEET SOLE""}, {""key"": ""Type"", ""value"": ""Heels""}, {""key"": ""Inner Material"", ""value"": ""NAPPA LEATHER""}, {""key"": ""Heel Height"", ""value"": ""4 inch""}, {""key"": ""Outer Material"", ""value"": ""Resin""}, {""key"": ""Color"", ""value"": ""Silver""}]","Flipkart Products, PromptCloud / PromptCloudHQ, version 1, via Kaggle",https://creativecommons.org/licenses/by-sa/4.0/,https://www.kaggle.com/datasets/PromptCloudHQ/flipkart-products,,,,,,,,flipkart_party:SNDEF3HVZW4NPVCN,keep,single_product_presentation,,bf0ecf021877ed50c39fdc9b334487997b6ee4c64a6352e2812a7388504fb32f,55017fc951a77c4e1f21bf6991144c221dc97fd0a43d1f3ef23627212c89e508,d836d3585af2c3a81d9e255f6357b61dc5f1f5f59e39d6c61eaf1aa24b821dc7,44399c4074b10d9cf7ca27e57bc24a67e043890379742ae1d9c2725164769a10,4dd6de777725230f,ff6f0783918080c7,004dde7765250f00,ffff07030080c7ff,4dd65e777725230f,ff6f0783918080c7,1218,1036,external_family_6cd9835cd28d8499ecbc,False,accepted_for_auxiliary_source_label_training,7e4d94108db756f0a5094a6173865805c8c4d85260f2702873494b12d2af9697,d836d3585af2c3a81d9e255f6357b61dc5f1f5f59e39d6c61eaf1aa24b821dc7,55017fc951a77c4e1f21bf6991144c221dc97fd0a43d1f3ef23627212c89e508,0,14,60,51,data/external/rare_usage_20260906/images_60x80/flipkart_party/SNDEF3HVZW4NPVCN.png,source_usage,False,Party,train
flipkart_party,TOPEA6CKCHFHTUZ9,flipkart_meta_19426e760ad90144,Harpa Party 3/4 Sleeve Solid Women's Top,Tops,Party,"[""Party""]",source_exact_occasion,http://www.flipkart.com/harpa-party-3-4-sleeve-solid-women-s-top/p/itmea6cjjqhakgfc?pid=TOPEA6CKCHFHTUZ9,http://img5a.flixcart.com/image/top/u/z/9/1-1-gr2821royalblue-harpa-s-original-imaea5eywpyezzqg.jpeg,data/external/rare_usage_20260906/flipkart_party/originals/TOPEA6CKCHFHTUZ9.image,1ab7439ebe764fc11029083fb50392d74a965f973df14cad0c46563a552780fb,60,80,Publisher metadata CC BY-SA 4.0; remote photo rights scope not established,794ab042ece47b32dfa81be593332d42,"Clothing >> Women's Clothing >> Western Wear >> Shirts, Tops & Tunics >> Tops >> Harpa Tops","[{""key"": ""Sleeve"", ""value"": ""3/4 Sleeve""}, {""key"": ""Number of Contents in Sales Package"", ""value"": ""Pack of 1""}, {""key"": ""Fabric"", ""value"": ""Georgette""}, {""key"": ""Type"", ""value"": ""Top""}, {""key"": ""Neck"", ""value"": ""Button Front""}, {""key"": ""Pattern"", ""value"": ""Solid""}, {""key"": ""Occasion"", ""value"": ""Party""}, {""key"": ""Ideal For"", ""value"": ""Women's""}, {""value"": ""1 Top""}]","Flipkart Products, PromptCloud / PromptCloudHQ, version 1, via Kaggle",https://creativecommons.org/licenses/by-sa/4.0/,https://www.kaggle.com/datasets/PromptCloudHQ/flipkart-products,,,,,,,,flipkart_party:TOPEA6CKCHFHTUZ9,keep,model_worn_outfit_context,,1ab7439ebe764fc11029083fb50392d74a965f973df14cad0c46563a552780fb,d2687ae2e8871037d9f1f899b49edcbf1f4a0106026d5e9dd361fd84ea3b8714,e6feb3eac83d9716dd7821155b110cb38cc43a0bec6adb8eb61d7d45340af182,d758b2c07cc660af7347730a8c5f706b0ea68a6ff0d717a68aead56cafdb45e4,9696336969490d97,efdb81818081e7c3,4d15969616160e0e,e7c7c3c3c3c3c3e7,96973369694d0d97,cfdb81818081e7c3,649,1492,external_family_7405123f5092923c452d,False,accepted_for_auxiliary_source_label_training,19820927a3caf813c15cc1ea08f12377f238a4e3b020c9f144bc929decdac49c,e6feb3eac83d9716dd7821155b110cb38cc43a0bec6adb8eb61d7d45340af182,d2687ae2e8871037d9f1f899b49edcbf1f4a0106026d5e9dd361fd84ea3b8714,12,0,35,80,data/external/rare_usage_20260906/images_60x80/flipkart_party/TOPEA6CKCHFHTUZ9.png,source_usage,False,Party,train
flipkart_party,SNDE5PJGURDFBURG,flipkart_meta_754bb3d167e30741,Urban Woods Black Women Heels,Heels,Party,"[""Party""]",source_exact_occasion,http://www.flipkart.com/urban-woods-black-women-heels/p/itmeegvy9gde5z8z?pid=SNDE5PJGURDFBURG,http://img5a.flixcart.com/image/sandal/w/m/r/black-405-urbanwoods-41-original-imae5zbgewfut2f9.jpeg,data/external/rare_usage_20260906/flipkart_party/originals/SNDE5PJGURDFBURG.image,10fa65edf0da884f68bb2429c359da75f4d52e044e88a5f8685b29c9e737c5f4,60,80,Publisher metadata CC BY-SA 4.0; remote photo rights scope not established,6a3e25296d648f16274e41fc70d760b5,Footwear >> Women's Footwear >> Heels,"[{""key"": ""Occasion"", ""value"": ""Party""}, {""key"": ""Ideal For"", ""value"": ""Women""}, {""key"": ""Tip Shape"", ""value"": ""Round""}, {""key"": ""Sole Material"", ""value"": ""Sheet Sole""}, {""key"": ""Type"", ""value"": ""Heels""}, {""key"": ""Heel Height"", ""value"": ""2.5 inch""}, {""key"": ""Inner Material"", ""value"": ""Synthetic""}, {""key"": ""Outer Material"", ""value"": ""Patent Leather""}, {""key"": ""Color"", ""value"": ""Black""}]","Flipkart Products, PromptCloud / PromptCloudHQ, version 1, via Kaggle",https://creativecommons.org/licenses/by-sa/4.0/,https://www.kaggle.com/datasets/PromptCloudHQ/flipkart-products,,,,,,,,flipkart_party:SNDE5PJGURDFBURG,keep,single_product_presentation,,10fa65edf0da884f68bb2429c359da75f4d52e044e88a5f8685b29c9e737c5f4,ef30aefafbf07c5f4e137fe68a5d7784aa1111066de09bc9ab5f41584af0ea31,b63d780ed8526d8c163ea2e9b4c4f69069de5139ef242056976317270f0431fe,70e882e865b649f688d5e0ae0452d2a9d1ae1e15a31d21874388dce7e03f1774,58003c3c73038b20,ffff9f0f00c0f3ff,58023d3e33038320,ffff8f0f81c1f3ff,303d3c3b6b730303,ff8f0f0f8190e1e1,1886,2772,external_family_7b9646acc3227bc42826,False,accepted_for_auxiliary_source_label_training,871d40b8b349bc7e8d159c9ac4fb9cbc4bf33e421dbe86ac12dd0f72a367d7f8,b63d780ed8526d8c163ea2e9b4c4f69069de5139ef242056976317270f0431fe,ef30aefafbf07c5f4e137fe68a5d7784aa1111066de09bc9ab5f41584af0ea31,3,0,54,80,data/external/rare_usage_20260906/images_60x80/flipkart_party/SNDE5PJGURDFBURG.png,source_usage,False,Party,train
flipkart_party,SNDEJGWQSWNHXXA3,flipkart_meta_d5b216c1128874e0,"Done By None Women, Girls Heels",Heels,Party,"[""Party""]",source_exact_occasion,http://www.flipkart.com/done-none-women-girls-heels/p/itmejgwqywntbrgn?pid=SNDEJGWQSWNHXXA3,http://img5a.flixcart.com/image/sandal/v/a/d/black-dbn-8903895051367-done-by-none-40-original-imaejfvksjmpnnuw.jpeg,data/external/rare_usage_20260906/flipkart_party/originals/SNDEJGWQSWNHXXA3.image,25f43ecacccd8c626ea06d0f84e46399899e1351a706b32b4ef4f54f2234316e,60,80,Publisher metadata CC BY-SA 4.0; remote photo rights scope not established,7891c1f8414fda115b4444f919ab7a7f,"Footwear >> Women's Footwear >> Heels >> Done By None Women, Girls Heels","[{""key"": ""Ideal For"", ""value"": ""Women Girls""}, {""key"": ""Occasion"", ""value"": ""Party""}, {""key"": ""Type"", ""value"": ""Heels""}, {""key"": ""Heel Height"", ""value"": ""3 inch""}, {""key"": ""Outer Material"", ""value"": ""Artificial Leather""}, {""key"": ""Color"", ""value"": ""Black""}]","Flipkart Products, PromptCloud / PromptCloudHQ, version 1, via Kaggle",https://creativecommons.org/licenses/by-sa/4.0/,https://www.kaggle.com/datasets/PromptCloudHQ/flipkart-products,,,,,,,,flipkart_party:SNDEJGWQSWNHXXA3,keep,single_product_presentation,,25f43ecacccd8c626ea06d0f84e46399899e1351a706b32b4ef4f54f2234316e,0f42c764125fef20743fed91f6d1b51fa987feae48ec7ac11b512be373fca195,9bb81db2420dda10b1343371a42d9f290563bcff0be8c97ed081d9573d9bc7b3,6c80400a717048f3700cecff3fff8d431fcb53451469c0d9bf5b23c8c7bc4b57,347c5a6d2c2f178d,9f1f0faf878781c0,34747a6d2c27158c,bf1f0faf8783c0e0,347c5a6d2c2f178d,9f1f0faf878781c0,1160,1401,external_family_812073a734904240ac1a,False,accepted_for_auxiliary_source_label_training,965d50788853fd6d4cf82d4428fdab6812eb3d34114781b598a5b84675e4927b,9bb81db2420dda10b1343371a42d9f290563bcff0be8c97ed081d9573d9bc7b3,0f42c764125fef20743fed91f6d1b51fa987feae48ec7ac11b512be373fca195,0,4,60,72,data/external/rare_usage_20260906/images_60x80/flipkart_party/SNDEJGWQSWNHXXA3.png,source_usage,False,Party,train
flipkart_party,TOPEBR5GNG9MACAD,flipkart_meta_21a28198d9d43348,Uptownie Lite Party Short Sleeve Floral Print Women's Top,Tops,Party,"[""Party""]",source_exact_occasion,http://www.flipkart.com/uptownie-lite-party-short-sleeve-floral-print-women-s-top/p/itmebr5gv9uhyspp?pid=TOPEBR5GNG9MACAD,http://img5a.flixcart.com/image/top/3/d/p/1-1-ul-ss-15-tp-01-07-096-uptownie-lite-xl-original-imaebpufcaehzbee.jpeg,data/external/rare_usage_20260906/flipkart_party/originals/TOPEBR5GNG9MACAD.image,64f50c1ae339cee6aa664e780f689cf11811027df0346b3cb93c7f159ed68e8f,60,80,Publisher metadata CC BY-SA 4.0; remote photo rights scope not established,2b37bf60b75fb7ec968d1ab94d35a10c,"Clothing >> Women's Clothing >> Western Wear >> Shirts, Tops & Tunics >> Tops >> Uptownie Lite Tops","[{""key"": ""Sleeve"", ""value"": ""Short Sleeve""}, {""key"": ""Number of Contents in Sales Package"", ""value"": ""Pack of 1""}, {""key"": ""Fabric"", ""value"": ""Polyester""}, {""key"": ""Type"", ""value"": ""Top""}, {""key"": ""Neck"", ""value"": ""Boat Neck""}, {""key"": ""Pattern"", ""value"": ""Floral Print""}, {""key"": ""Occasion"", ""value"": ""Party""}, {""key"": ""Ideal For"", ""value"": ""Women's""}]","Flipkart Products, PromptCloud / PromptCloudHQ, version 1, via Kaggle",https://creativecommons.org/licenses/by-sa/4.0/,https://www.kaggle.com/datasets/PromptCloudHQ/flipkart-products,,,,,,,,flipkart_party:TOPEBR5GNG9MACAD,keep,model_worn_outfit_context,,64f50c1ae339cee6aa664e780f689cf11811027df0346b3cb93c7f159ed68e8f,75df313f9cfa148e8525d44ff530124e706880fc560c6ef33c59c14d6f7696e1,a1c0183e9994e5d4974f656001fc6e0c8885f8fd8d3da931fa7de0f19a3b2338,643083491068ef23871f5837bec43e1b31a87db436089c9c1da573eac08700c1,0f9e1f2529270f13,e7e7c3818181c1c1,0d4d1e3733968f97,e7e7c3c383c3c3c3,0f9e1f2529270f13,e7e7c3818181c1c1,739,1434,external_family_8675bbe4dff291eec162,False,accepted_for_auxiliary_source_label_training,fd592410808abcbc426f7f58bae39208385f0e9f2624e40e014ec10b0afeb204,a1c0183e9994e5d4974f656001fc6e0c8885f8fd8d3da931fa7de0f19a3b2338,75df313f9cfa148e8525d44ff530124e706880fc560c6ef33c59c14d6f7696e1,9,0,41,80,data/external/rare_usage_20260906/images_60x80/flipkart_party/TOPEBR5GNG9MACAD.png,source_usage,False,Party,train
flipkart_party,KTAEJHDKFWHH7YC8,flipkart_meta_bd2e1f4df2b6c4c2,AaliyaB Embellished Women's Flared Kurta,Kurtas,Party,"[""Party""]",source_exact_occasion,http://www.flipkart.com/aaliyab-embellished-women-s-flared-kurta/p/itmejhdkws3tuwwz?pid=KTAEJHDKFWHH7YC8,http://img6a.flixcart.com/image/kurta/y/c/8/kareena-aaliyab-xl-original-imaejfqskdsagzmx.jpeg,data/external/rare_usage_20260906/flipkart_party/originals/KTAEJHDKFWHH7YC8.image,bf31644c7090086acc0f2e9f4975bfd819074dd7377d93ca84e2ec6e2cd2f6bf,60,80,Publisher metadata CC BY-SA 4.0; remote photo rights scope not established,e97b4e7e38bb73056bb1f592f10da48f,Clothing >> Women's Clothing >> Ethnic Wear >> Kurtas & Kurtis >> Kurtas >> AaliyaB Kurtas >> AaliyaB Embellished Women's Flared Kurta,"[{""key"": ""Sleeve"", ""value"": ""3/4 sleeve""}, {""key"": ""Number of Contents in Sales Package"", ""value"": ""Pack of 1""}, {""key"": ""Fabric"", ""value"": ""cotton""}, {""key"": ""Type"", ""value"": ""Flared""}, {""key"": ""Neck"", ""value"": ""V coller""}, {""key"": ""Pattern"", ""value"": ""Embellished""}, {""key"": ""Occasion"", ""value"": ""Party""}, {""key"": ""Ideal For"", ""value"": ""Women's""}, {""value"": ""1 Long Kurta""}, {""key"": ""Other Details"", ""value"": ""Original""}, {""key"": ""Style Code"", ""value"": ""Kareena""}, {""value"": ""wash in luke warm water""}]","Flipkart Products, PromptCloud / PromptCloudHQ, version 1, via Kaggle",https://creativecommons.org/licenses/by-sa/4.0/,https://www.kaggle.com/datasets/PromptCloudHQ/flipkart-products,,,,,,,,flipkart_party:KTAEJHDKFWHH7YC8,keep,model_worn_outfit_context,,bf31644c7090086acc0f2e9f4975bfd819074dd7377d93ca84e2ec6e2cd2f6bf,b57191094f26d2109e71c6b9d4475346a6e999887129e27e3e6bbd19b6532ac0,ae8767072b9c48d22f59e88b63cd771cb8b463a5898b2c9ea86175e7a189556f,6c7b341bb38ed20718b0e130607d7840dc567a667d0a0ac034ad147b08ced9db,9a9a2d3e0d2d1d95,efcf8787c787c7ff,5b1b8d1d9d8d1d4d,efcfc7c7c7c7c7ff,9c176b2927251b09,eff78101818189ff,1200,2133,external_family_907b8853259643dfa59f,False,accepted_for_auxiliary_source_label_training,b9e27ef550248432cdd6701dc4a16f791120456e5d2e62b87db8a60e14eeada8,ae8767072b9c48d22f59e88b63cd771cb8b463a5898b2c9ea86175e7a189556f,b57191094f26d2109e71c6b9d4475346a6e999887129e27e3e6bbd19b6532ac0,7,0,45,80,data/external/rare_usage_20260906/images_60x80/flipkart_party/KTAEJHDKFWHH7YC8.png,source_usage,False,Party,train
flipkart_party,TOPE494XPFCSZA6H,flipkart_meta_439e5e31f5598ddd,Elisabetta Bartolli Party Sleeveless Solid Women's Top,Tops,Party,"[""Party""]",source_exact_occasion,http://www.flipkart.com/elisabetta-bartolli-party-sleeveless-solid-women-s-top/p/itme494xst89kczy?pid=TOPE494XPFCSZA6H,http://img6a.flixcart.com/image/top/a/6/h/300501-elisabetta-bartolli-l-original-imae45zuyhwxhfne.jpeg,data/external/rare_usage_20260906/flipkart_party/originals/TOPE494XPFCSZA6H.image,39a7fe818e40c6f68b5b59011b931adb9e33d3daa29089c9c0b6212b4c8b4fae,60,80,Publisher metadata CC BY-SA 4.0; remote photo rights scope not established,baad5b2d886331939bee9a6b43356189,"Clothing >> Women's Clothing >> Western Wear >> Shirts, Tops & Tunics >> Tops >> Elisabetta Bartolli Tops","[{""key"": ""Closure"", ""value"": ""Button""}, {""key"": ""Sleeve"", ""value"": ""Sleeveless""}, {""key"": ""Number of Contents in Sales Package"", ""value"": ""Pack of 1""}, {""key"": ""Belt Included"", ""value"": ""No""}, {""key"": ""Fabric"", ""value"": ""100% Polyester""}, {""key"": ""Design"", ""value"": ""Emroidered""}, {""key"": ""Pattern"", ""value"": ""Solid""}, {""key"": ""Occasion"", ""value"": ""Party""}, {""key"": ""Ideal For"", ""value"": ""Women's""}]","Flipkart Products, PromptCloud / PromptCloudHQ, version 1, via Kaggle",https://creativecommons.org/licenses/by-sa/4.0/,https://www.kaggle.com/datasets/PromptCloudHQ/flipkart-products,,,,,,,,flipkart_party:TOPE494XPFCSZA6H,keep,model_worn_outfit_context,,39a7fe818e40c6f68b5b59011b931adb9e33d3daa29089c9c0b6212b4c8b4fae,b1b237e2decf660aa1c0aefb670ebd086530addee929b13e1624ecc6bef24093,621a3c7508ca8f417842d394517f72849ad4968e0c25cd172091b52c42678849,b1b237e2decf660aa1c0aefb670ebd086530addee929b13e1624ecc6bef24093,9713333333353533,fbdbd9c181818181,4716161616161696,e7e7c3c3c3c3c3c3,9713333333353533,fbdbd9c181818181,713,1650,external_family_94114fa52862ca796b7e,False,accepted_for_auxiliary_source_label_training,fee255d6cd0f94aecb737ea5e71e353984182db510ad20c5ed32368218c35ac1,621a3c7508ca8f417842d394517f72849ad4968e0c25cd172091b52c42678849,b1b237e2decf660aa1c0aefb670ebd086530addee929b13e1624ecc6bef24093,12,0,35,80,data/external/rare_usage_20260906/images_60x80/flipkart_party/TOPE494XPFCSZA6H.png,source_usage,False,Party,train
flipkart_party,TOPEHZNP4QZHVTDW,flipkart_meta_9a05aa7cf084495a,Satovira Party Short Sleeve Applique Women's Top,Tops,Party,"[""Party""]",source_exact_occasion,http://www.flipkart.com/satovira-party-short-sleeve-applique-women-s-top/p/itmehznpyvfqdhmz?pid=TOPEHZNP4QZHVTDW,http://img6a.flixcart.com/image/top/t/d/w/whiteapplique-mehndigreen-satovira-l-original-imaehznj4hezzzg7.jpeg,data/external/rare_usage_20260906/flipkart_party/originals/TOPEHZNP4QZHVTDW.image,d11a1b2374d9e149f8ea5863b925b7ab37b0e2183c7be43734b2d2a48a32fdf5,60,80,Publisher metadata CC BY-SA 4.0; remote photo rights scope not established,7513e9a8970e74c9a47b1ac216f1c017,"Clothing >> Women's Clothing >> Western Wear >> Shirts, Tops & Tunics >> Tops >> Satovira Tops >> Satovira Party Short Sleeve Applique Women's Top","[{""key"": ""Sleeve"", ""value"": ""Short Sleeve""}, {""key"": ""Number of Contents in Sales Package"", ""value"": ""Pack of 1""}, {""key"": ""Fabric"", ""value"": ""Polyester""}, {""key"": ""Type"", ""value"": ""Top""}, {""key"": ""Neck"", ""value"": ""V-Neck""}, {""key"": ""Pattern"", ""value"": ""Applique""}, {""key"": ""Ideal For"", ""value"": ""Women's""}, {""key"": ""Occasion"", ""value"": ""Party""}, {""value"": ""Hand Wash. Wash with similar colours, Use detergent for colours""}]","Flipkart Products, PromptCloud / PromptCloudHQ, version 1, via Kaggle",https://creativecommons.org/licenses/by-sa/4.0/,https://www.kaggle.com/datasets/PromptCloudHQ/flipkart-products,,,,,,,,flipkart_party:TOPEHZNP4QZHVTDW,keep,model_worn_outfit_context,,d11a1b2374d9e149f8ea5863b925b7ab37b0e2183c7be43734b2d2a48a32fdf5,78374fc4d38181b5a96d73236733c41a55f4f9e0660e9474bd993d6a2de600d3,0e337ea2a93fb7ef76884ba887257fe48497c57c0046be39603a93f5539cbfea,78374fc4d38181b5a96d73236733c41a55f4f9e0660e9474bd993d6a2de600d3,4d96173337376b62,e7c3c381c383ffff,4d95973716172323,e7c3c3c3c3c3ffff,4d96173337376b62,e7c3c381c383ffff,2812,4218,external_family_9e74d1d579d239e5c385,False,accepted_for_auxiliary_source_label_training,d0e144e71a18620f2a729ed154f5961e42311ab82fa39fca95fc500d0fe7e97f,0e337ea2a93fb7ef76884ba887257fe48497c57c0046be39603a93f5539cbfea,78374fc4d38181b5a96d73236733c41a55f4f9e0660e9474bd993d6a2de600d3,3,0,53,80,data/external/rare_usage_20260906/images_60x80/flipkart_party/TOPEHZNP4QZHVTDW.png,source_usage,False,Party,train
flipkart_party,SNDE9HRW9ZVPG9A6,flipkart_meta_2c843ae614b07b0b,NE Shoes Women Wedges,Heels,Party,"[""Party""]",source_exact_occasion,http://www.flipkart.com/ne-shoes-women-wedges/p/itme9hrvqskzbqza?pid=SNDE9HRW9ZVPG9A6,http://img6a.flixcart.com/image/sandal/3/g/m/black-fv333-fashion-victory-40-original-imae9h3qfmyveyda.jpeg,data/external/rare_usage_20260906/flipkart_party/originals/SNDE9HRW9ZVPG9A6.image,293ab9e6887866310eea11ac2f6282ea5c5a3c104ab2a87d1d878733a43bb349,60,80,Publisher metadata CC BY-SA 4.0; remote photo rights scope not established,2703567761a3071244b93413e1ba7e91,Footwear >> Women's Footwear >> Wedges,"[{""key"": ""Occasion"", ""value"": ""Party""}, {""key"": ""Ideal For"", ""value"": ""Women""}, {""key"": ""Weight"", ""value"": ""450 g (per single Sandal) - Weight of the product may vary depending on size.""}, {""key"": ""Type"", ""value"": ""Wedges""}, {""key"": ""Heel Height"", ""value"": ""3 inch""}, {""key"": ""Outer Material"", ""value"": ""Nubuck Leather""}, {""key"": ""Color"", ""value"": ""Black""}]","Flipkart Products, PromptCloud / PromptCloudHQ, version 1, via Kaggle",https://creativecommons.org/licenses/by-sa/4.0/,https://www.kaggle.com/datasets/PromptCloudHQ/flipkart-products,,,,,,,,flipkart_party:SNDE9HRW9ZVPG9A6,keep,single_product_presentation,,293ab9e6887866310eea11ac2f6282ea5c5a3c104ab2a87d1d878733a43bb349,d1f5b2d5956fe9df1265989ac433919b5f428fc1c3092a4676fac581a621c871,3b29af0f451af1578463b252089f3a92f8932f88d456f0a603956748e94f1b01,d9dca1683592670ac367241d8e880a8c4e66cec0ff654ea09867be0c68fc4999,9817575729193263,efcf8381810898f8,991c375739333243,ffcf8381810898ff,9817575729193263,efcf8381810898f8,621,708,external_family_9f24542755619b566ade,False,accepted_for_auxiliary_source_label_training,60ab9dfd06ce22698d8de9cba19bf35baaea339462028ef07b8d056dde1950c5,3b29af0f451af1578463b252089f3a92f8932f88d456f0a603956748e94f1b01,d1f5b2d5956fe9df1265989ac433919b5f428fc1c3092a4676fac581a621c871,0,6,60,68,data/external/rare_usage_20260906/images_60x80/flipkart_party/SNDE9HRW9ZVPG9A6.png,source_usage,False,Party,train
flipkart_party,SHTEDFFJMHZWSYT2,flipkart_meta_e8cb27038b9c0bab,Van Heusen Men's Printed Party Shirt,Shirts,Party,"[""Party""]",source_exact_occasion,http://www.flipkart.com/van-heusen-men-s-printed-party-shirt/p/itmedffjhmsewsub?pid=SHTEDFFJMHZWSYT2,http://img6a.flixcart.com/image/shirt/y/t/2/vdsf515e06579-van-heusen-39-original-imaedctdjdtphhuq.jpeg,data/external/rare_usage_20260906/flipkart_party/originals/SHTEDFFJMHZWSYT2.image,6fc37e2c8f96b8d7666beb1035cd48d179743b6d9bcd437f57f6b58949ebf662,60,80,Publisher metadata CC BY-SA 4.0; remote photo rights scope not established,ad50773192afcbe6a76a5ea3ea3c9d43,Clothing >> Men's Clothing >> Shirts >> Casual & Party Wear Shirts >> Van Heusen Casual & Party Wear Shirts,"[{""key"": ""Pattern"", ""value"": ""Printed""}, {""key"": ""Occasion"", ""value"": ""Party""}, {""key"": ""Ideal For"", ""value"": ""Men's""}, {""key"": ""Sleeve"", ""value"": ""Full Sleeve""}, {""key"": ""Number of Contents in Sales Package"", ""value"": ""Pack of 1""}, {""key"": ""Brand Fit"", ""value"": ""Slim""}, {""key"": ""Fabric"", ""value"": ""100% Cotton""}, {""key"": ""Fit"", ""value"": ""Slim""}, {""key"": ""Style Code"", ""value"": ""VDSF515E06579""}]","Flipkart Products, PromptCloud / PromptCloudHQ, version 1, via Kaggle",https://creativecommons.org/licenses/by-sa/4.0/,https://www.kaggle.com/datasets/PromptCloudHQ/flipkart-products,,,,,,,,flipkart_party:SHTEDFFJMHZWSYT2,keep,model_worn_outfit_context,,6fc37e2c8f96b8d7666beb1035cd48d179743b6d9bcd437f57f6b58949ebf662,42f5a4e091ac83ebc2fcf567733957275254e6f3947c766c7d282eb36a00cf2d,ce967873c1398e5eaeb8db5cfb72d51b230260a80c4ba032b9cec80702c4aefc,5e28008a7fcbc1f71767e2a9523f52a7dbb0149c934d82276b4c15c2b36a2996,0706076916360f17,ffff81000083c3c3,0d0d0f332b1f8f96,e7ffc38381c3c3c3,0706076996360f17,ffff81000083c3c3,695,1442,external_family_a0810ee63ce59c7487d8,False,accepted_for_auxiliary_source_label_training,d4341f4b93288ce6618fdbed7df6afbb53d5f84e4e46de06a1705930d73b5666,ce967873c1398e5eaeb8db5cfb72d51b230260a80c4ba032b9cec80702c4aefc,42f5a4e091ac83ebc2fcf567733957275254e6f3947c766c7d282eb36a00cf2d,10,0,39,80,data/external/rare_usage_20260906/images_60x80/flipkart_party/SHTEDFFJMHZWSYT2.png,source_usage,False,Party,train
flipkart_party,SHODX6XFHPZUHNDX,flipkart_meta_05430a34a91febc5,Allen Cooper 4511 Party Wear,Casual Shoes,Party,"[""Party""]",source_exact_occasion,http://www.flipkart.com/allen-cooper-4511-party-wear/p/itmdx6xfjptdwfdb?pid=SHODX6XFHPZUHNDX,http://img5a.flixcart.com/image/shoe/2/k/n/black-125-allen-cooper-8-1100x1360-imadx7xxnmcymfhy.jpeg,data/external/rare_usage_20260906/flipkart_party/originals/SHODX6XFHPZUHNDX.image,3f2cfb7c7b6a337e602793a49d96a51267d029451eff5b3a44df04603c5cdf7e,60,80,Publisher metadata CC BY-SA 4.0; remote photo rights scope not established,a1153b088d7db65aa00a1e0bd0c8b5c8,Footwear >> Men's Footwear >> Casual Shoes >> Allen Cooper Casual Shoes,"[{""key"": ""Ideal For"", ""value"": ""Men""}, {""key"": ""Occasion"", ""value"": ""Party""}, {""key"": ""Outer Material"", ""value"": ""Leather""}, {""key"": ""Color"", ""value"": ""Black""}, {""value"": ""Shoe""}]","Flipkart Products, PromptCloud / PromptCloudHQ, version 1, via Kaggle",https://creativecommons.org/licenses/by-sa/4.0/,https://www.kaggle.com/datasets/PromptCloudHQ/flipkart-products,,,,,,,,flipkart_party:SHODX6XFHPZUHNDX,keep,single_product_presentation,,3f2cfb7c7b6a337e602793a49d96a51267d029451eff5b3a44df04603c5cdf7e,8e4a5e79c359dbf058ab13478228fcd19aa9951c53fb2230315b5330f6224293,f4014f9b26753ee7ca2f23e00d0ba398678608c06bae934e1cda6592cceefca3,cfe885e9bf3ee8357e09cc92c6c1ac7f542250f866cb510dd3513c67b6a15b43,da5a6d6e26795b03,ff0f0f07000001e1,5804587e07030003,ffff7f0700e1ffff,da5a6d6e26795b03,ff0f0f07000001e1,1100,486,external_family_a3a9ffc6453c9de68512,False,accepted_for_auxiliary_source_label_training,0612df59615d05105a82b5bd96b22e74aeee30d59548d59642a49fcf46f6b416,f4014f9b26753ee7ca2f23e00d0ba398678608c06bae934e1cda6592cceefca3,8e4a5e79c359dbf058ab13478228fcd19aa9951c53fb2230315b5330f6224293,0,26,60,27,data/external/rare_usage_20260906/images_60x80/flipkart_party/SHODX6XFHPZUHNDX.png,source_usage,False,Party,train
flipkart_party,SNDE6AKUC72HPWZF,flipkart_meta_84dc0735f9b65069,Do Bhai 400 Women Wedges,Heels,Party,"[""Party""]",source_exact_occasion,http://www.flipkart.com/do-bhai-400-women-wedges/p/itme6akuyzchxwkb?pid=SNDE6AKUC72HPWZF,http://img5a.flixcart.com/image/sandal/m/y/e/black-wedges-400-do-bhai-38-original-imae68ffqrng8jzy.jpeg,data/external/rare_usage_20260906/flipkart_party/originals/SNDE6AKUC72HPWZF.image,62884880ebd88726b88bd9b71c34f64c04767e1630f2f71444af054d68780433,60,80,Publisher metadata CC BY-SA 4.0; remote photo rights scope not established,6747a114bf3f9896d2c27fe2a0f8ae03,Footwear >> Women's Footwear >> Wedges,"[{""key"": ""Occasion"", ""value"": ""Party""}, {""key"": ""Ideal For"", ""value"": ""Women""}, {""key"": ""Sole Material"", ""value"": ""Resin Sheet""}, {""key"": ""Number of Contents in Sales Package"", ""value"": ""Pack of 1""}, {""key"": ""Type"", ""value"": ""Wedges""}, {""key"": ""Heel Height"", ""value"": ""2.5 inch""}, {""key"": ""Outer Material"", ""value"": ""Patent Leather""}, {""key"": ""Color"", ""value"": ""Black""}]","Flipkart Products, PromptCloud / PromptCloudHQ, version 1, via Kaggle",https://creativecommons.org/licenses/by-sa/4.0/,https://www.kaggle.com/datasets/PromptCloudHQ/flipkart-products,,,,,,,,flipkart_party:SNDE6AKUC72HPWZF,keep,single_product_presentation,,62884880ebd88726b88bd9b71c34f64c04767e1630f2f71444af054d68780433,22dbd39a311da834d439143482fb1d7067fb6a07d01e129f174032e815e20fc3,100a4459253614fb0506f8f7b8634c0d4c4f4067916e98c30e2ad1e2ee98256f,9210fc0d4e8a0505bf36535abff123ec42fd3fa902e49872b8af03d7e43e12f3,1a6d753666071745,cfa707039383c0f1,843a6d7667170520,ffdf070383c0fbff,1a6d753676071745,cfa707039383c0f0,1432,1228,external_family_a6e4b1a9dfff3f517a01,False,accepted_for_auxiliary_source_label_training,8fc6b435cd0f4f378898f336e7d438209ee578d7071da4102769d5cbef25eff5,100a4459253614fb0506f8f7b8634c0d4c4f4067916e98c30e2ad1e2ee98256f,22dbd39a311da834d439143482fb1d7067fb6a07d01e129f174032e815e20fc3,0,14,60,51,data/external/rare_usage_20260906/images_60x80/flipkart_party/SNDE6AKUC72HPWZF.png,source_usage,False,Party,train
flipkart_party,TOPECCMNG24UGAHX,flipkart_meta_6af5bd984e1d150d,Maggie Party Sleeveless Floral Print Women's Top,Tops,Party,"[""Party""]",source_exact_occasion,http://www.flipkart.com/maggie-party-sleeveless-floral-print-women-s-top/p/itmeccmnza3fzbxy?pid=TOPECCMNG24UGAHX,http://img5a.flixcart.com/image/top/a/h/x/1-1-mg213-maggie-40-original-imaeccanncbmqkws.jpeg,data/external/rare_usage_20260906/flipkart_party/originals/TOPECCMNG24UGAHX.image,7583f5c46ea9d9795a5d3a01b0479f454f455675feecabe9a83e9b7358dd806d,60,80,Publisher metadata CC BY-SA 4.0; remote photo rights scope not established,e2cb21630dd11ca5f935830f4a8d1bb2,"Clothing >> Women's Clothing >> Western Wear >> Shirts, Tops & Tunics >> Tops >> Maggie Tops","[{""key"": ""Ideal For"", ""value"": ""Women's""}, {""key"": ""Occasion"", ""value"": ""Party""}, {""key"": ""Pattern"", ""value"": ""Floral Print""}, {""key"": ""Type"", ""value"": ""Top""}, {""key"": ""Fabric"", ""value"": ""Crepe""}, {""key"": ""Neck"", ""value"": ""High Neck""}, {""key"": ""Sleeve"", ""value"": ""Sleeveless""}, {""key"": ""Number of Contents in Sales Package"", ""value"": ""Pack of 1""}, {""value"": ""1 Top""}]","Flipkart Products, PromptCloud / PromptCloudHQ, version 1, via Kaggle",https://creativecommons.org/licenses/by-sa/4.0/,https://www.kaggle.com/datasets/PromptCloudHQ/flipkart-products,,,,,,,,flipkart_party:TOPECCMNG24UGAHX,keep,model_worn_outfit_context,,7583f5c46ea9d9795a5d3a01b0479f454f455675feecabe9a83e9b7358dd806d,bda161f71cfb76f255d8486663fb16e41509fca05eb2202b85317f01fab7627f,f6b447a7851ebdd49ee927e2fcd7b3f2996cb61e5cf0c57fa953139820fd0788,bda161f71cfb76f255d8486663fb16e41509fca05eb2202b85317f01fab7627f,0d0c5b53b3313826,e7e7ab3b1b9ddc83,4d4d263636129b97,e7e7c39393cbc9c3,0d0c5b53b3313826,e7e7ab3b1b9ddc83,699,1381,external_family_a8a88e66863127085992,False,accepted_for_auxiliary_source_label_training,a491f432d18340b44858825b971466a93f81b5d1f0db0c14311002f3cec10869,f6b447a7851ebdd49ee927e2fcd7b3f2996cb61e5cf0c57fa953139820fd0788,bda161f71cfb76f255d8486663fb16e41509fca05eb2202b85317f01fab7627f,10,0,40,80,data/external/rare_usage_20260906/images_60x80/flipkart_party/TOPECCMNG24UGAHX.png,source_usage,False,Party,train
flipkart_party,SHTE6SDPZKKHZWK4,flipkart_meta_e61cf73af34a74a9,Femella Women's Printed Party Shirt,Shirts,Party,"[""Party""]",source_exact_occasion,http://www.flipkart.com/femella-women-s-printed-party-shirt/p/itme6sdpkgjk8jk5?pid=SHTE6SDPZKKHZWK4,http://img6a.flixcart.com/image/shirt/y/v/u/ds-700704-456-pea-femella-m-original-imae6s7aakm3czev.jpeg,data/external/rare_usage_20260906/flipkart_party/originals/SHTE6SDPZKKHZWK4.image,1bbc73cb1d22d2548384defd01ee1f7a737871a3d029721320dca6a98499b6a5,60,80,Publisher metadata CC BY-SA 4.0; remote photo rights scope not established,04f5213445925b888da2dcce62961dfa,"Clothing >> Women's Clothing >> Western Wear >> Shirts, Tops & Tunics >> Shirts >> Femella Shirts","[{""key"": ""Pattern"", ""value"": ""Printed""}, {""key"": ""Ideal For"", ""value"": ""Women's""}, {""key"": ""Occasion"", ""value"": ""Party""}, {""key"": ""Pleats"", ""value"": ""Pleats At Front""}, {""key"": ""Sleeve"", ""value"": ""Sleeveless""}, {""key"": ""Closure"", ""value"": ""Button""}, {""key"": ""Number of Contents in Sales Package"", ""value"": ""Pack of 1""}, {""key"": ""Brand Fit"", ""value"": ""Regular Fit""}, {""key"": ""Fabric"", ""value"": ""Chambray""}, {""key"": ""Collar"", ""value"": ""Pointed Collar""}, {""key"": ""Type"", ""value"": ""crop shirt""}, {""key"": ""Fit"", ""value"": ""Regular""}, {""key"": ""Placket"", ""value"": ""Button Down Placket""}, {""key"": ""Design"", ""value"": ""Flowers""}, {""value"": ""Gentle Machine Wash in Lukewarm Water, Do Not Bleach""}, {""value"": ""1 Shirt""}, {""key"": ""Style Code"", ""value"": ""DS-700704/456/PEA""}]","Flipkart Products, PromptCloud / PromptCloudHQ, version 1, via Kaggle",https://creativecommons.org/licenses/by-sa/4.0/,https://www.kaggle.com/datasets/PromptCloudHQ/flipkart-products,,,,,,,,flipkart_party:SHTE6SDPZKKHZWK4,keep,model_worn_outfit_context,,1bbc73cb1d22d2548384defd01ee1f7a737871a3d029721320dca6a98499b6a5,066a6ade929e39a1f8f4bcc30112f83531f164916f91b4447e5e02c8b8e438b9,0e8a20338ac91c1ded43eba222a0bf2129638de8956acf7001dc5fd82592d8f6,066a6ade929e39a1f8f4bcc30112f83531f164916f91b4447e5e02c8b8e438b9,46832e7199694373,e3e3a71c409dfd91,07068f330b933696,e3e3c3cb83c3fbc3,46832e7199694373,e3e3a71c409dfd91,644,1430,external_family_b0b3c1716e083a10abb5,False,accepted_for_auxiliary_source_label_training,b6e1adbb7ab017dcc1aed9e42e0689ca84e58928dd4c7c22c57c80cab9a7fd6a,0e8a20338ac91c1ded43eba222a0bf2129638de8956acf7001dc5fd82592d8f6,066a6ade929e39a1f8f4bcc30112f83531f164916f91b4447e5e02c8b8e438b9,12,0,36,80,data/external/rare_usage_20260906/images_60x80/flipkart_party/SHTE6SDPZKKHZWK4.png,source_usage,False,Party,train
flipkart_party,SNDE5PJGWDSXSDQN,flipkart_meta_ac1a2adf49797a77,Urban Woods White Women Heels,Heels,Party,"[""Party""]",source_exact_occasion,http://www.flipkart.com/urban-woods-white-women-heels/p/itmeegvmvjztaegy?pid=SNDE5PJGWDSXSDQN,http://img5a.flixcart.com/image/sandal/q/r/f/white-405-urbanwoods-38-original-imae5zbgprxvzdfq.jpeg,data/external/rare_usage_20260906/flipkart_party/originals/SNDE5PJGWDSXSDQN.image,c4915548c3cf6f503b762c9ba93084b6928a5ec6a85427ca7d7dfe0ad22e05b7,60,80,Publisher metadata CC BY-SA 4.0; remote photo rights scope not established,fa67b8ca9e3a8f38631b8d5fef2cbef7,Footwear >> Women's Footwear >> Heels,"[{""key"": ""Ideal For"", ""value"": ""Women""}, {""key"": ""Occasion"", ""value"": ""Party""}, {""key"": ""Sole Material"", ""value"": ""Sheet Sole""}, {""key"": ""Tip Shape"", ""value"": ""Round""}, {""key"": ""Type"", ""value"": ""Heels""}, {""key"": ""Inner Material"", ""value"": ""Synthetic""}, {""key"": ""Heel Height"", ""value"": ""2.5 inch""}, {""key"": ""Outer Material"", ""value"": ""Patent Leather""}, {""key"": ""Color"", ""value"": ""White""}]","Flipkart Products, PromptCloud / PromptCloudHQ, version 1, via Kaggle",https://creativecommons.org/licenses/by-sa/4.0/,https://www.kaggle.com/datasets/PromptCloudHQ/flipkart-products,,,,,,,,flipkart_party:SNDE5PJGWDSXSDQN,keep,single_product_presentation,,c4915548c3cf6f503b762c9ba93084b6928a5ec6a85427ca7d7dfe0ad22e05b7,875d1f68b9a5d25cf132f8ee79bd23d45a396115bcbc37f150ff1cc49df7bcc3,684af1e6f36f1d1dee9dd93d502bf43683ec77a6f151b00274c02395956e8f8f,563c470c65aa2e73e382b944b04a40dca5df27d1d04a3b11a4f7ea14723e808c,307d7c6b27154d07,df8f0f0791c0e1f3,843a7c7f375d0720,ffdf0f0780c0f3ff,307d7c6b27154d07,df8f0f0f91c0e1f3,1863,1603,external_family_b55255f13c301c845d43,False,accepted_for_auxiliary_source_label_training,62300bfe48899cc4fd5dd1eebd2607189ae8e775a5f3e13b60b4289a6dd19e1f,684af1e6f36f1d1dee9dd93d502bf43683ec77a6f151b00274c02395956e8f8f,875d1f68b9a5d25cf132f8ee79bd23d45a396115bcbc37f150ff1cc49df7bcc3,0,14,60,52,data/external/rare_usage_20260906/images_60x80/flipkart_party/SNDE5PJGWDSXSDQN.png,source_usage,False,Party,train
flipkart_party,SHTDUS8RJ7ZBDSBK,flipkart_meta_05c9648b3fbf7455,I Am For You Women's Solid Party Shirt,Shirts,Party,"[""Party""]",source_exact_occasion,http://www.flipkart.com/am-you-women-s-solid-party-shirt/p/itmdus8r74bnfvxu?pid=SHTDUS8RJ7ZBDSBK,http://img6a.flixcart.com/image/shirt/s/b/k/imfu-657-i-am-for-you-xl-1100x1360-imadusvnebb7dbrv.jpeg,data/external/rare_usage_20260906/flipkart_party/originals/SHTDUS8RJ7ZBDSBK.image,ffc98c223ecf99606c05604bf1085839a4866efa092f29496c1ed43b240b90f5,60,80,Publisher metadata CC BY-SA 4.0; remote photo rights scope not established,7ea6f9110706ffdb6fa9bebc465bcba7,"Clothing >> Women's Clothing >> Western Wear >> Shirts, Tops & Tunics >> Shirts >> I Am For You Shirts","[{""key"": ""Pattern"", ""value"": ""Solid""}, {""key"": ""Ideal For"", ""value"": ""Women's""}, {""key"": ""Occasion"", ""value"": ""Party""}, {""key"": ""Sleeve"", ""value"": ""Full Sleeve""}, {""key"": ""Number of Contents in Sales Package"", ""value"": ""Pack of 1""}, {""key"": ""Fabric"", ""value"": ""Polyester""}, {""key"": ""Collar"", ""value"": ""Club Collar""}, {""key"": ""Fit"", ""value"": ""Regular""}, {""value"": ""Wash with Similar Color, Do Not Bleach, Do Not Tumble Dry, Low Iron""}, {""value"": ""Shirt""}, {""key"": ""Style Code"", ""value"": ""IMFU-657""}]","Flipkart Products, PromptCloud / PromptCloudHQ, version 1, via Kaggle",https://creativecommons.org/licenses/by-sa/4.0/,https://www.kaggle.com/datasets/PromptCloudHQ/flipkart-products,,,,,,,,flipkart_party:SHTDUS8RJ7ZBDSBK,keep,single_product_presentation,,ffc98c223ecf99606c05604bf1085839a4866efa092f29496c1ed43b240b90f5,6eb634fda020e4f95ee9e11bca9391f2cfefc5d0bd1ddb9560fe32b37f6fc436,69b8a26d7d5a32a1db259e9fd6b9d6784145d5f0d6f803253ceb14cc7405dd8f,cecf8c5daee45075096b32d18bfa8f40634559ee46e3f5492eadb7943f57bf2a,0f0f4d514d4d131b,e7c10000000081c3,0f0b2b232b2b1796,e7c3c1818181c3c3,0f0f4d514d4d331b,e7c10000000081c3,673,1360,external_family_b6897af5edd89d85c7ee,False,accepted_for_auxiliary_source_label_training,0b3677c2bafd4e8cef3292bb7d81daf4119d8c7fa08ca9f0870684db05da239b,69b8a26d7d5a32a1db259e9fd6b9d6784145d5f0d6f803253ceb14cc7405dd8f,6eb634fda020e4f95ee9e11bca9391f2cfefc5d0bd1ddb9560fe32b37f6fc436,10,0,40,80,data/external/rare_usage_20260906/images_60x80/flipkart_party/SHTDUS8RJ7ZBDSBK.png,source_usage,False,Party,train
flipkart_party,SHODX5QPXCXZZQHC,flipkart_meta_d5d1a2353a179077,Do Bhai Blue Loafers Loafers,Casual Shoes,Party,"[""Party""]",source_exact_occasion,http://www.flipkart.com/do-bhai-blue-loafers/p/itmdx5qpzqhwz9mb?pid=SHODX5QPXCXZZQHC,http://img6a.flixcart.com/image/shoe/b/g/n/blue-bk-do-bhai-38-1100x1360-imadx6fkzhbc5yhr.jpeg,data/external/rare_usage_20260906/flipkart_party/originals/SHODX5QPXCXZZQHC.image,6f6eef56e37a08c89823db4c5bd5f001b5ad16a8f8cdc5fbdd9cb264aff6a494,60,80,Publisher metadata CC BY-SA 4.0; remote photo rights scope not established,31b2e2f8122b6313f8ae06a1b28852b6,Footwear >> Women's Footwear >> Casual Shoes >> Loafers,"[{""key"": ""Ideal For"", ""value"": ""Women""}, {""key"": ""Occasion"", ""value"": ""Party""}, {""key"": ""Heel Height"", ""value"": ""0 inch""}, {""key"": ""Outer Material"", ""value"": ""PU""}, {""key"": ""Color"", ""value"": ""Blue""}, {""value"": ""Loafers""}]","Flipkart Products, PromptCloud / PromptCloudHQ, version 1, via Kaggle",https://creativecommons.org/licenses/by-sa/4.0/,https://www.kaggle.com/datasets/PromptCloudHQ/flipkart-products,,,,,,,,flipkart_party:SHODX5QPXCXZZQHC,keep,single_product_presentation,,6f6eef56e37a08c89823db4c5bd5f001b5ad16a8f8cdc5fbdd9cb264aff6a494,602b46d764895cdb789986af6c9c5178c810e82e57dd35b63a46dced803b06af,4e002ae6b194983cde7c0ba53098355060800c385b6fea1200902989a52d7917,0b0f8b59ee7c534738b7d47bc38c8e6bb14226f327aa61f9213f2de0cc51ec45,5a4d2f3727038d40,efa7838381c1e7ff,64114c2f070d400d,ffff070381e7ffff,5a4d673737338d4c,ef27038181c0e5ff,1100,760,external_family_b8adea576e430e1b81c8,False,accepted_for_auxiliary_source_label_training,962dd4c90fa127a5c47a68cb674356290e5fdeead4cf09050d28d23a17d8dd70,4e002ae6b194983cde7c0ba53098355060800c385b6fea1200902989a52d7917,602b46d764895cdb789986af6c9c5178c810e82e57dd35b63a46dced803b06af,0,19,60,41,data/external/rare_usage_20260906/images_60x80/flipkart_party/SHODX5QPXCXZZQHC.png,source_usage,False,Party,train
flipkart_party,SNDE7RMR597YAKXB,flipkart_meta_0b9deb1b37ee2923,Fashnopolism Women Wedges,Heels,Party,"[""Party""]",source_exact_occasion,http://www.flipkart.com/fashnopolism-women-wedges/p/itme7rmrvzujfvmr?pid=SNDE7RMR597YAKXB,http://img6a.flixcart.com/image/sandal/k/x/b/red-sbwwelrd-gp-007-fashnopolism-5-5-original-imae7rkhhyb2za7q.jpeg,data/external/rare_usage_20260906/flipkart_party/originals/SNDE7RMR597YAKXB.image,a7bcaa19987f4a8f63a8f44ebbec439c708300e446aa89cbd6e9e554b9ace8c2,60,80,Publisher metadata CC BY-SA 4.0; remote photo rights scope not established,ba2c3c10eaeea0fa5eebbd65d8e67011,Footwear >> Women's Footwear >> Wedges,"[{""key"": ""Occasion"", ""value"": ""Party""}, {""key"": ""Ideal For"", ""value"": ""Women""}, {""key"": ""Type"", ""value"": ""Wedges""}, {""key"": ""Heel Height"", ""value"": ""3 inch""}, {""key"": ""Outer Material"", ""value"": ""Artificial Leather""}, {""key"": ""Color"", ""value"": ""Red""}]","Flipkart Products, PromptCloud / PromptCloudHQ, version 1, via Kaggle",https://creativecommons.org/licenses/by-sa/4.0/,https://www.kaggle.com/datasets/PromptCloudHQ/flipkart-products,,,,,,,,flipkart_party:SNDE7RMR597YAKXB,keep,single_product_presentation,,a7bcaa19987f4a8f63a8f44ebbec439c708300e446aa89cbd6e9e554b9ace8c2,946cc2faf42fa72b72bfd867c831b7ff48b09c074bbe7f173067f2fe90fca7c7,c2cbea296bd19a14db67c36bf3f10b29cd6866cf2b0eb36b6b89707a3c9abb9d,5ad3059fbeb3508fb169e63a49afc6b0031cce09990e23e8e1136b8a564027ec,7572733334190b46,3f1f99998480e1ff,300073732d0b6001,ffff3f0180e1ffff,637073733f34190b,bf3f9b919f80c0e1,1373,748,external_family_bbb8b202c8707bc34327,False,accepted_for_auxiliary_source_label_training,2f3b14675eb09d5d59a339861458e20cfc25cce7c2abcf2629b17ec20b593baa,c2cbea296bd19a14db67c36bf3f10b29cd6866cf2b0eb36b6b89707a3c9abb9d,946cc2faf42fa72b72bfd867c831b7ff48b09c074bbe7f173067f2fe90fca7c7,0,23,60,33,data/external/rare_usage_20260906/images_60x80/flipkart_party/SNDE7RMR597YAKXB.png,source_usage,False,Party,train
flipkart_party,SHTE3WVSJMHBAKUA,flipkart_meta_d9abb14523a39994,Ishin Women's Solid Party Shirt,Shirts,Party,"[""Party""]",source_exact_occasion,http://www.flipkart.com/ishin-women-s-solid-party-shirt/p/itme3wvsxn4gvsym?pid=SHTE3WVSJMHBAKUA,http://img5a.flixcart.com/image/top/p/m/8/1-1-indwt-113-ishin-designer-studio-s-original-imae3hbrdur74bnj.jpeg,data/external/rare_usage_20260906/flipkart_party/originals/SHTE3WVSJMHBAKUA.image,4cb93b6dc2e0be1a4b79dd09cd6eb9ebc99935d397e853390c04bb12bf241b54,60,80,Publisher metadata CC BY-SA 4.0; remote photo rights scope not established,573710c3cff6df8d63346b5b3ab19487,"Clothing >> Women's Clothing >> Western Wear >> Shirts, Tops & Tunics >> Shirts >> Ishin Shirts","[{""key"": ""Pattern"", ""value"": ""Solid""}, {""key"": ""Ideal For"", ""value"": ""Women's""}, {""key"": ""Occasion"", ""value"": ""Party""}, {""key"": ""Sleeve"", ""value"": ""Full Sleeve""}, {""key"": ""Number of Contents in Sales Package"", ""value"": ""Pack of 1""}, {""key"": ""Brand Fit"", ""value"": ""Slim""}, {""key"": ""Fabric"", ""value"": ""Georgette""}, {""value"": ""1 Shirt""}, {""key"": ""Style Code"", ""value"": ""INDWT-113_M-A""}]","Flipkart Products, PromptCloud / PromptCloudHQ, version 1, via Kaggle",https://creativecommons.org/licenses/by-sa/4.0/,https://www.kaggle.com/datasets/PromptCloudHQ/flipkart-products,,,,,,,,flipkart_party:SHTE3WVSJMHBAKUA,keep,model_worn_outfit_context,,4cb93b6dc2e0be1a4b79dd09cd6eb9ebc99935d397e853390c04bb12bf241b54,c4be1c5a3038c07953ce72b299c57614a0dcea44de8c1f31996e8627818f00d6,f8ca9dd7316f2464dc19a82c2fbc52e9655dab9f2a67585ff2769e9851d5a78d,c4be1c5a3038c07953ce72b299c57614a0dcea44de8c1f31996e8627818f00d6,4b1b3329658b9316,e3e9d1dcbdc1c3c3,0f469696960e4d4d,e7e3e3c3c3c3e7e7,4b1b3329658b9316,e3e9d1dcbdc1c3c3,2046,5020,external_family_bd7c734ffe0b8f6cd81a,False,accepted_for_auxiliary_source_label_training,ccb2a08d3d55fd231453eb0d5fbb0b3aa4f275134e7e8aa815fb323cf445edf5,f8ca9dd7316f2464dc19a82c2fbc52e9655dab9f2a67585ff2769e9851d5a78d,c4be1c5a3038c07953ce72b299c57614a0dcea44de8c1f31996e8627818f00d6,13,0,33,80,data/external/rare_usage_20260906/images_60x80/flipkart_party/SHTE3WVSJMHBAKUA.png,source_usage,False,Party,train
flipkart_party,TOPECAE3JJMVYJFF,flipkart_meta_2066f88c7d89bafc,Zastraa Party Full Sleeve Embroidered Women's Top,Tops,Party,"[""Party""]",source_exact_occasion,http://www.flipkart.com/zastraa-party-full-sleeve-embroidered-women-s-top/p/itmecae3vnwhhevs?pid=TOPECAE3JJMVYJFF,http://img5a.flixcart.com/image/top/j/f/f/1-1-zstrtops0703-gold-zastraa-36-original-imaecd8jtbgq4wyx.jpeg,data/external/rare_usage_20260906/flipkart_party/originals/TOPECAE3JJMVYJFF.image,9300fa39ffffd21356271eca3506e818b9c9f637a08926b87588c7ec2072ad26,60,80,Publisher metadata CC BY-SA 4.0; remote photo rights scope not established,48014597cc7dee0cc7769dbba03fa2b3,"Clothing >> Women's Clothing >> Western Wear >> Shirts, Tops & Tunics >> Tops >> Zastraa Tops","[{""key"": ""Sleeve"", ""value"": ""Full Sleeve""}, {""key"": ""Number of Contents in Sales Package"", ""value"": ""Pack of 1""}, {""key"": ""Fabric"", ""value"": ""Blend""}, {""key"": ""Type"", ""value"": ""Top""}, {""key"": ""Neck"", ""value"": ""Round Neck""}, {""key"": ""Pattern"", ""value"": ""Embroidered""}, {""key"": ""Ideal For"", ""value"": ""Women's""}, {""key"": ""Occasion"", ""value"": ""Party""}]","Flipkart Products, PromptCloud / PromptCloudHQ, version 1, via Kaggle",https://creativecommons.org/licenses/by-sa/4.0/,https://www.kaggle.com/datasets/PromptCloudHQ/flipkart-products,,,,,,,,flipkart_party:TOPECAE3JJMVYJFF,keep,model_worn_outfit_context,,9300fa39ffffd21356271eca3506e818b9c9f637a08926b87588c7ec2072ad26,278427e62b76a84d5851ce8aaea1bb4af4a7703ab576ff3fadfa4cac97fffbd3,7ec7f0d929188fcf727fa75311cfc34f2ab37e1affb2b8a5997eae96de332492,affe8d6b10e2082e92fc473ae197d3955da2071040cd1c3545fa4b388ce70f72,4612272317131b13,e3c3c381c3c1c1c1,4f46063607978796,e7e7c3c3c3c3c3c3,4612272317131b13,e3c3c381c3c1c1c1,967,2000,external_family_bfbc627d42435e8c34e5,False,accepted_for_auxiliary_source_label_training,62bde049fb086a41f70e320999b0989d953b5094e730859751b6a222f4006f07,7ec7f0d929188fcf727fa75311cfc34f2ab37e1affb2b8a5997eae96de332492,278427e62b76a84d5851ce8aaea1bb4af4a7703ab576ff3fadfa4cac97fffbd3,10,0,39,80,data/external/rare_usage_20260906/images_60x80/flipkart_party/TOPECAE3JJMVYJFF.png,source_usage,False,Party,train
flipkart_party,SARE86DZPAVZZ8S5,flipkart_meta_570c838335a406f8,"Pavechas Solid, Striped Mangalagiri Cotton Sari",Sarees,Party,"[""Party""]",source_exact_occasion,http://www.flipkart.com/pavechas-solid-striped-mangalagiri-cotton-sari/p/itme86dznwkkf2uv?pid=SARE86DZPAVZZ8S5,http://img5a.flixcart.com/image/sari/8/s/5/1-1-mk1909-pavechas-original-imae8452fnghzzmr.jpeg,data/external/rare_usage_20260906/flipkart_party/originals/SARE86DZPAVZZ8S5.image,a847ba02a4b6a64cbac1bbbbf9d9f6d72c3566648155fe3eaf8e29d0cdfd5a64,60,80,Publisher metadata CC BY-SA 4.0; remote photo rights scope not established,33c99b4460e4711b16f397fe7b97a7fa,Clothing >> Women's Clothing >> Ethnic Wear >> Sarees >> Pavechas Sarees,"[{""value"": ""Sari""}, {""key"": ""Weight"", ""value"": ""0.4 kg""}, {""key"": ""Pattern"", ""value"": ""Solid, Striped""}, {""key"": ""Occasion"", ""value"": ""Party""}, {""key"": ""Fabric"", ""value"": ""Cotton""}, {""key"": ""Type"", ""value"": ""Mangalagiri""}, {""key"": ""Blouse Piece"", ""value"": ""Yes""}, {""key"": ""Construction Type"", ""value"": ""Powerloom""}, {""key"": ""Ideal For"", ""value"": ""Women""}, {""value"": ""Hand Wash""}]","Flipkart Products, PromptCloud / PromptCloudHQ, version 1, via Kaggle",https://creativecommons.org/licenses/by-sa/4.0/,https://www.kaggle.com/datasets/PromptCloudHQ/flipkart-products,,,,,,,,flipkart_party:SARE86DZPAVZZ8S5,keep,model_worn_outfit_context,,a847ba02a4b6a64cbac1bbbbf9d9f6d72c3566648155fe3eaf8e29d0cdfd5a64,1e514a6f5160386d4770166e9f139de55c6974397b30e06842f115e946a98ad6,0573bedcc8e4d15c4a214d4db8150fe6f177a6fb586b6e2252077b3d46f8c737,1e514a6f5160386d4770166e9f139de55c6974397b30e06842f115e946a98ad6,6836194e4f49677e,bfbf0f078380811f,6836194e6f49277e,bf9f8f078380831f,6836194e4f49677e,bfbf0f078380811f,762,1047,external_family_bfe9d67a2846b922e3c9,False,accepted_for_auxiliary_source_label_training,78078f274cc99a0e871a7917d8fc7f52194f6aef54ad61e67f34994c082dbdbd,0573bedcc8e4d15c4a214d4db8150fe6f177a6fb586b6e2252077b3d46f8c737,1e514a6f5160386d4770166e9f139de55c6974397b30e06842f115e946a98ad6,1,0,58,80,data/external/rare_usage_20260906/images_60x80/flipkart_party/SARE86DZPAVZZ8S5.png,source_usage,False,Party,train
flipkart_party,SNDEE5FMQ5YQAKMZ,flipkart_meta_2d29788c5cd3ce20,Bellafoz Women Heels,Heels,Party,"[""Party""]",source_exact_occasion,http://www.flipkart.com/bellafoz-women-heels/p/itmee5fmyhnpzggf?pid=SNDEE5FMQ5YQAKMZ,http://img5a.flixcart.com/image/sandal/v/c/z/golden-s6-bellafoz-8-original-imaee3z5tpnvyzmz.jpeg,data/external/rare_usage_20260906/flipkart_party/originals/SNDEE5FMQ5YQAKMZ.image,46dea7bc0d7fbdeea3caab269ca58e0f60c2da2599e594ee7fc0b18277714acd,60,80,Publisher metadata CC BY-SA 4.0; remote photo rights scope not established,c6e7208c043a816c4a7b594f3db11a62,Footwear >> Women's Footwear >> Heels,"[{""key"": ""Ideal For"", ""value"": ""Women""}, {""key"": ""Occasion"", ""value"": ""Party""}, {""key"": ""Sole Material"", ""value"": ""PU""}, {""key"": ""Closure"", ""value"": ""Small Back Strap""}, {""key"": ""Number of Contents in Sales Package"", ""value"": ""Pack of 1""}, {""key"": ""Weight"", ""value"": ""200 g (per single Sandal) - Weight of the product may vary depending on size.""}, {""key"": ""Type"", ""value"": ""Heels""}, {""key"": ""Heel Height"", ""value"": ""3 inch""}, {""key"": ""Outer Material"", ""value"": ""Patent Leather""}, {""key"": ""Color"", ""value"": ""Golden""}, {""value"": ""2 Sandals""}]","Flipkart Products, PromptCloud / PromptCloudHQ, version 1, via Kaggle",https://creativecommons.org/licenses/by-sa/4.0/,https://www.kaggle.com/datasets/PromptCloudHQ/flipkart-products,,,,,,,,flipkart_party:SNDEE5FMQ5YQAKMZ,keep,single_product_presentation,,46dea7bc0d7fbdeea3caab269ca58e0f60c2da2599e594ee7fc0b18277714acd,b57005b1a38fc9ba1a075122771f2d7e3e4b582d631700197515a000d380fda7,450e95da7a7273e118b89fa5461caaf87312dc98b42e47b3f1838c4589246afb,c58e5e906c3d0bfd9cb56bd27b33ff57a3ba33b92352bf4b78d55bfc046573f3,78cd7f303b130143,bf6f0f9f8fc1e0e0,0078cd381b830320,ffff071f81c0f0ff,78cd7f303b130143,bf6f0f9f8fc1e0e0,1351,1140,external_family_c3999f912f9697423929,False,accepted_for_auxiliary_source_label_training,f0a33c84f8c586876108467d139e23a4e1b613ca080cec9acc541d371a736c61,450e95da7a7273e118b89fa5461caaf87312dc98b42e47b3f1838c4589246afb,b57005b1a38fc9ba1a075122771f2d7e3e4b582d631700197515a000d380fda7,0,14,60,51,data/external/rare_usage_20260906/images_60x80/flipkart_party/SNDEE5FMQ5YQAKMZ.png,source_usage,False,Party,train
flipkart_party,DREE7UE3SH2GGG2F,flipkart_meta_4c25b9959ec2cbcc,Isadora Women's Shift Dress,Dresses,Party,"[""Party""]",source_exact_occasion,http://www.flipkart.com/isadora-women-s-shift-dress/p/itme7ue34hbccjt5?pid=DREE7UE3SH2GGG2F,http://img6a.flixcart.com/image/dress/j/8/w/1-1-wcd524018-isadora-l-original-imae7ucazjxmaqhz.jpeg,data/external/rare_usage_20260906/flipkart_party/originals/DREE7UE3SH2GGG2F.image,016ba676669042b87523641c34780ef551571d6e80e312d51849bbfe59efa2f8,60,80,Publisher metadata CC BY-SA 4.0; remote photo rights scope not established,094fc559634b6b7a19771442270bf4c5,Clothing >> Women's Clothing >> Western Wear >> Dresses & Skirts >> Dresses >> Isadora Dresses,"[{""value"": ""1 Dress""}, {""key"": ""Length"", ""value"": ""Mini/Short""}, {""key"": ""Pattern"", ""value"": ""Printed""}, {""key"": ""Occasion"", ""value"": ""Party""}, {""key"": ""Ideal For"", ""value"": ""Women's""}, {""key"": ""Sleeve"", ""value"": ""Half Sleeve""}, {""key"": ""Number of Contents in Sales Package"", ""value"": ""Pack of 1""}, {""key"": ""Fabric"", ""value"": ""100% Polyester""}, {""key"": ""Type"", ""value"": ""Shift""}, {""key"": ""Neck"", ""value"": ""Round Neck""}, {""key"": ""Design"", ""value"": ""Multicolor floral with Border Print""}]","Flipkart Products, PromptCloud / PromptCloudHQ, version 1, via Kaggle",https://creativecommons.org/licenses/by-sa/4.0/,https://www.kaggle.com/datasets/PromptCloudHQ/flipkart-products,,,,,,,,flipkart_party:DREE7UE3SH2GGG2F,keep,model_worn_outfit_context,,016ba676669042b87523641c34780ef551571d6e80e312d51849bbfe59efa2f8,b44dbe69bf12cf06184f9de0d9f85492fd68fe922d2d7a05b88ff14d8a80e092,5a13d93a1f4d5c34d85b5f9e19935d8deeb5a300c13a450b0c72aee09fb70a22,46506de77a83ba8b7f07b99a8567145d49c9b4c7e64614203af4c5780e057192,2d4e168e964f0d2c,e7e3c3c3c3e7e7e7,4d4d470d864d4d4d,e7e7c3e7c3e7e7e7,96336b3b29370e4d,c38181818193f7e7,3264,4928,external_family_c3bcf07ca44a10cddc50,False,accepted_for_auxiliary_source_label_training,9c0aef0e96ba9d2b17ce7ecf2abdecb120601871ebad798b2307849c160ca13f,5a13d93a1f4d5c34d85b5f9e19935d8deeb5a300c13a450b0c72aee09fb70a22,b44dbe69bf12cf06184f9de0d9f85492fd68fe922d2d7a05b88ff14d8a80e092,3,0,53,80,data/external/rare_usage_20260906/images_60x80/flipkart_party/DREE7UE3SH2GGG2F.png,source_usage,False,Party,train
flipkart_party,SHOED36FPJ9WYBJK,flipkart_meta_615431afb4f1e20d,Lepot Party Wear Shoes,Casual Shoes,Party,"[""Party""]",source_exact_occasion,http://www.flipkart.com/lepot-party-wear-shoes/p/itmecydzwdxyzgmn?pid=SHOED36FPJ9WYBJK,http://img6a.flixcart.com/image/shoe/z/x/b/black-fsmpc-lepot-41-1000x1000-imaed2zmzjzzmhx6.jpeg,data/external/rare_usage_20260906/flipkart_party/originals/SHOED36FPJ9WYBJK.image,984d0874b67eb4e9d95aa8a6e27b7c828eb6fe8d383525ef465fdeb613eb1e1f,60,80,Publisher metadata CC BY-SA 4.0; remote photo rights scope not established,db48e9496c84ff26cc1c34af36d1e0f6,Footwear >> Men's Footwear >> Casual Shoes >> Lepot Casual Shoes,"[{""key"": ""Ideal For"", ""value"": ""Men""}, {""key"": ""Occasion"", ""value"": ""Party""}, {""key"": ""Weight"", ""value"": ""350 g (per single Shoe) - Weight of the product may vary depending on size.""}, {""key"": ""Heel Height"", ""value"": ""1 inch""}, {""key"": ""Outer Material"", ""value"": ""Genuine Leather""}, {""key"": ""Color"", ""value"": ""Black""}]","Flipkart Products, PromptCloud / PromptCloudHQ, version 1, via Kaggle",https://creativecommons.org/licenses/by-sa/4.0/,https://www.kaggle.com/datasets/PromptCloudHQ/flipkart-products,,,,,,,,flipkart_party:SHOED36FPJ9WYBJK,keep,single_product_presentation,,984d0874b67eb4e9d95aa8a6e27b7c828eb6fe8d383525ef465fdeb613eb1e1f,8372bf4bd7e20b94d593ee03718b3a4a75ade51bfc4c08ab04d61f141e0bf743,346f2b35df41e14538fa8d5e633a3e84f3272b992bc63f93082450055ca2259c,0b49f5cf05b92a3dc66b22d205aaa13cd6e1ff7cfa509ab7415c9c4379ebc793,1367064b773e3c02,f9f0e00001878fff,0c5303c77f3c011c,fffff000018fffff,0366064b773e3c02,f9f0e00001879fff,1000,670,external_family_c4886b96911f82e93301,False,accepted_for_auxiliary_source_label_training,f3b755dc2a6f6c1f336bc5faae6bb369f112482f3dd827a74caa164463817c30,346f2b35df41e14538fa8d5e633a3e84f3272b992bc63f93082450055ca2259c,8372bf4bd7e20b94d593ee03718b3a4a75ade51bfc4c08ab04d61f141e0bf743,0,20,60,40,data/external/rare_usage_20260906/images_60x80/flipkart_party/SHOED36FPJ9WYBJK.png,source_usage,False,Party,train
flipkart_party,SNDE7NSTNHAEACGG,flipkart_meta_dd9a847b8bc8a7c2,Hepburnette Women Heels,Heels,Party,"[""Party""]",source_exact_occasion,http://www.flipkart.com/hepburnette-women-heels/p/itme7nstm6b9gw3q?pid=SNDE7NSTNHAEACGG,http://img5a.flixcart.com/image/sandal/v/y/g/black-hf00005-hepburnette-4-700x700-imae7ndvh7nkweeu.jpeg,data/external/rare_usage_20260906/flipkart_party/originals/SNDE7NSTNHAEACGG.image,3ca63268715594dc47553221bd9959c0aa780ca4301fcaac291689610597e998,60,80,Publisher metadata CC BY-SA 4.0; remote photo rights scope not established,346d083c678ea8bba2493834cd5e76cf,Footwear >> Women's Footwear >> Heels,"[{""key"": ""Ideal For"", ""value"": ""Women""}, {""key"": ""Occasion"", ""value"": ""Party""}, {""key"": ""Type"", ""value"": ""Heels""}, {""key"": ""Heel Height"", ""value"": ""4 inch""}, {""key"": ""Outer Material"", ""value"": ""Synthetic Leather""}, {""key"": ""Color"", ""value"": ""Black""}]","Flipkart Products, PromptCloud / PromptCloudHQ, version 1, via Kaggle",https://creativecommons.org/licenses/by-sa/4.0/,https://www.kaggle.com/datasets/PromptCloudHQ/flipkart-products,,,,,,,,flipkart_party:SNDE7NSTNHAEACGG,keep,single_product_presentation,,3ca63268715594dc47553221bd9959c0aa780ca4301fcaac291689610597e998,61465482be7b787ce1bd2a311656d9d79987f1ca79ad92f0de3b8782c546f371,e15647e5bf55155d9d5cade61a3f9ca546dc4aaeb69fe89d6a38ae2f85ab91ef,9673175fe8ff746c5e2749f1fb6580f263ff06dd5db3ead8f2c29e9c4db0b3d4,09132343171d1e3d,fdf8f0e1c387870f,051123831f1d1e21,fff9f0e1c18707ff,09132343173d1e3d,fdf8f0e1c387070f,700,695,external_family_d2c2bb0fa265df5ae85e,False,accepted_for_auxiliary_source_label_training,1935f2cbb91a7749f6739ecfd75cb279d24b5c42e7df1ea19e509dd539444c1b,e15647e5bf55155d9d5cade61a3f9ca546dc4aaeb69fe89d6a38ae2f85ab91ef,61465482be7b787ce1bd2a311656d9d79987f1ca79ad92f0de3b8782c546f371,0,10,60,60,data/external/rare_usage_20260906/images_60x80/flipkart_party/SNDE7NSTNHAEACGG.png,source_usage,False,Party,train
flipkart_party,BRAE9Y5V963WTTNW,flipkart_meta_b7b89167779fba9e,Glus Front Open Women's Balconette Bra,Bra,Party,"[""Party""]",source_exact_occasion,http://www.flipkart.com/glus-front-open-women-s-balconette-bra/p/itme9y5v48ygbqxx?pid=BRAE9Y5V963WTTNW,http://img5a.flixcart.com/image/bra/t/p/b/n-9448pk-glus-36c-1000x1000-imae9xfyjndvy7zr.jpeg,data/external/rare_usage_20260906/flipkart_party/originals/BRAE9Y5V963WTTNW.image,ac2abecfb5a9a54c5577540414654132a5159e70ab35711453651c0695dfa3ea,60,80,Publisher metadata CC BY-SA 4.0; remote photo rights scope not established,1bfddb13757b2c4c9be38e746056f49c,"Clothing >> Women's Clothing >> Lingerie, Sleep & Swimwear >> Bras >> Glus Bras","[{""key"": ""Brand Color"", ""value"": ""Neon Pink""}, {""key"": ""color"", ""value"": ""Pink""}, {""key"": ""Pattern"", ""value"": ""Solid""}, {""key"": ""Ideal For"", ""value"": ""Women's""}, {""key"": ""Occasion"", ""value"": ""Party""}, {""key"": ""Wire Support"", ""value"": ""Underwire""}, {""key"": ""Inner Lining"", ""value"": ""Polyamide""}, {""key"": ""Straps"", ""value"": ""Multiway""}, {""key"": ""Detachable Straps"", ""value"": ""Yes""}, {""key"": ""Other Bra Details"", ""value"": ""Front Open and Back open. Zircon Studded metal lock at front and 2HOOK-3EYE back enclosure.""}, {""key"": ""Number of Contents in Sales Package"", ""value"": ""Pack of 1""}, {""key"": ""Cup Type"", ""value"": ""Pushup Molded Cups""}, {""key"": ""Fabric"", ""value"": ""80% Polyamide,20% Elastane""}, {""key"": ""Type"", ""value"": ""Balconette Bra""}, {""key"": ""Seam Type"", ""value"": ""Seamless""}, {""key"": ""Design"", ""value"": ""Balconette Underwire T-shirt Bra with dual open. Front open and Back open. Zircon Studded metal lock at front .Pushup Underwire Bra. Seamless - No Show through.Enhance your cleavage !""}, {""value"": ""Gentle Machine Wash in Lukewarm Water, Do Not Bleach""}, {""value"": ""Soft Pushup Seamless Bra. Detachable straps to wear it Criss-Cross way.Funky Neon Colors""}, {""value"": ""Bra""}]","Flipkart Products, PromptCloud / PromptCloudHQ, version 1, via Kaggle",https://creativecommons.org/licenses/by-sa/4.0/,https://www.kaggle.com/datasets/PromptCloudHQ/flipkart-products,,,,,,,,flipkart_party:BRAE9Y5V963WTTNW,keep,single_product_presentation,,ac2abecfb5a9a54c5577540414654132a5159e70ab35711453651c0695dfa3ea,1278920116dc31f929529248c7a6a4f041f6359e62746337ff610310c949a604,8ca32a00f21d57e97cdbf2d83a0f42a04bacf888a61adc8a3fb6d76678545a51,1278920116dc31f929529248c7a6a4f041f6359e62746337ff610310c949a604,4040e0d469f07171,ffffffff3c180000,4040e0c861707100,fffffffe3c0000ff,4040e0d469f07171,ffffffff3c180000,1000,980,external_family_d463581519fbf46f61d5,False,accepted_for_auxiliary_source_label_training,45f4d557e55dbefa717b94396c46040b9a902ca943d4f62cfaa6e6f4cd233a9e,8ca32a00f21d57e97cdbf2d83a0f42a04bacf888a61adc8a3fb6d76678545a51,1278920116dc31f929529248c7a6a4f041f6359e62746337ff610310c949a604,0,10,60,59,data/external/rare_usage_20260906/images_60x80/flipkart_party/BRAE9Y5V963WTTNW.png,source_usage,False,Party,train
flipkart_party,BRAEA7GBCCF5TVAF,flipkart_meta_778344c58692a9d0,Glus Front Open Women's Balconette Bra,Bra,Party,"[""Party""]",source_exact_occasion,http://www.flipkart.com/glus-front-open-women-s-balconette-bra/p/itmea7gbectz5bcj?pid=BRAEA7GBCCF5TVAF,http://img6a.flixcart.com/image/bra/t/y/z/gp9448-nu-glus-36c-1000x1000-imaea7d8gpztd3wa.jpeg,data/external/rare_usage_20260906/flipkart_party/originals/BRAEA7GBCCF5TVAF.image,7304994ccb05e5fae936005395935fabb79253e5c05eca3ea3e22d9f2b0fab7a,60,80,Publisher metadata CC BY-SA 4.0; remote photo rights scope not established,6a81ba2bfddfd7556bec8756f50dcca9,"Clothing >> Women's Clothing >> Lingerie, Sleep & Swimwear >> Bras >> Glus Bras","[{""key"": ""Brand Color"", ""value"": ""Beige""}, {""key"": ""color"", ""value"": ""Beige""}, {""key"": ""Pattern"", ""value"": ""Solid""}, {""key"": ""Occasion"", ""value"": ""Party""}, {""key"": ""Ideal For"", ""value"": ""Women's""}, {""key"": ""Inner Lining"", ""value"": ""Polyamide""}, {""key"": ""Wire Support"", ""value"": ""Underwire""}, {""key"": ""Other Bra Details"", ""value"": ""Zircon Studded Front open Lock , Pushup Underwire Bra""}, {""key"": ""Detachable Straps"", ""value"": ""Yes""}, {""key"": ""Straps"", ""value"": ""Multiway""}, {""key"": ""Number of Contents in Sales Package"", ""value"": ""Pack of 1""}, {""key"": ""Cup Type"", ""value"": ""Pushup Molded Cups""}, {""key"": ""Fabric"", ""value"": ""80% Polyamide, 20% Elastane""}, {""key"": ""Seam Type"", ""value"": ""Seamless""}, {""key"": ""Type"", ""value"": ""Balconette Bra""}, {""key"": ""Design"", ""value"": ""Fornt Open and Back open Balconette Underwire PEEK-A-BOOB-T-shirt Bra""}, {""value"": ""Bra""}, {""value"": ""detachable straps to wear it Criss-Cross Way.""}, {""value"": ""Gentle Machine Wash in Lukewarm Water, Do Not Bleach. For long life Use Lingerie Washing Bag""}]","Flipkart Products, PromptCloud / PromptCloudHQ, version 1, via Kaggle",https://creativecommons.org/licenses/by-sa/4.0/,https://www.kaggle.com/datasets/PromptCloudHQ/flipkart-products,,,,,,,,flipkart_party:BRAEA7GBCCF5TVAF,keep,single_product_presentation,,7304994ccb05e5fae936005395935fabb79253e5c05eca3ea3e22d9f2b0fab7a,6ceaccb7d2164e4fc411f7e6b14939e756440300803c908f4930f8a1bba23b6b,b43774db30ecbb45ec6fefda742c412a6860a1f397ca3cf46fd4fa9ca45fdd2e,6ceaccb7d2164e4fc411f7e6b14939e756440300803c908f4930f8a1bba23b6b,c0c0c0d469f07171,ffffffff7c380018,80c0c0d0e0707100,ffffffff3c0000ff,c0c0c0d469f07171,ffffffff7c380018,1000,942,external_family_d463581519fbf46f61d5,False,accepted_for_auxiliary_source_label_training,b528df6b271a988df69416b0de29ab7d33600ba452341ff6fb21bd7955b40889,b43774db30ecbb45ec6fefda742c412a6860a1f397ca3cf46fd4fa9ca45fdd2e,6ceaccb7d2164e4fc411f7e6b14939e756440300803c908f4930f8a1bba23b6b,0,11,60,57,data/external/rare_usage_20260906/images_60x80/flipkart_party/BRAEA7GBCCF5TVAF.png,source_usage,False,Party,train
flipkart_party,BRAEA7GBQR7ZZN4K,flipkart_meta_252caf48acd89cc0,Glus Front Open Women's Balconette Bra,Bra,Party,"[""Party""]",source_exact_occasion,http://www.flipkart.com/glus-front-open-women-s-balconette-bra/p/itmea7gbhfz2gk73?pid=BRAEA7GBQR7ZZN4K,http://img6a.flixcart.com/image/bra/n/4/k/gp9448-bl-glus-36c-1000x1000-imaea7d3wzh3pwgk.jpeg,data/external/rare_usage_20260906/flipkart_party/originals/BRAEA7GBQR7ZZN4K.image,810f3a6db0c7cc697e56af01155207d48675abb7537562537548e7d767f1fe34,60,80,Publisher metadata CC BY-SA 4.0; remote photo rights scope not established,618951241fc0b35cf215acfc026b8904,"Clothing >> Women's Clothing >> Lingerie, Sleep & Swimwear >> Bras >> Glus Bras","[{""key"": ""Brand Color"", ""value"": ""Black""}, {""key"": ""color"", ""value"": ""Black""}, {""key"": ""Pattern"", ""value"": ""Solid""}, {""key"": ""Ideal For"", ""value"": ""Women's""}, {""key"": ""Occasion"", ""value"": ""Party""}, {""key"": ""Wire Support"", ""value"": ""Underwire""}, {""key"": ""Inner Lining"", ""value"": ""Polyamide""}, {""key"": ""Straps"", ""value"": ""Multiway""}, {""key"": ""Detachable Straps"", ""value"": ""Yes""}, {""key"": ""Other Bra Details"", ""value"": ""Zircon Studded Front open Lock , Pushup Underwire Bra""}, {""key"": ""Number of Contents in Sales Package"", ""value"": ""Pack of 1""}, {""key"": ""Cup Type"", ""value"": ""Pushup Molded Cups""}, {""key"": ""Fabric"", ""value"": ""80% Polyamide, 20% Elastane""}, {""key"": ""Type"", ""value"": ""Balconette Bra""}, {""key"": ""Seam Type"", ""value"": ""Seamless""}, {""key"": ""Design"", ""value"": ""Fornt Open and Back open Balconette Underwire PEEK-A-BOOB-T-shirt Bra""}, {""value"": ""Gentle Machine Wash in Lukewarm Water, Do Not Bleach. For long life Use Lingerie Washing Bag""}, {""value"": ""detachable straps to wear it Criss-Cross Way.""}, {""value"": ""Bra""}]","Flipkart Products, PromptCloud / PromptCloudHQ, version 1, via Kaggle",https://creativecommons.org/licenses/by-sa/4.0/,https://www.kaggle.com/datasets/PromptCloudHQ/flipkart-products,,,,,,,,flipkart_party:BRAEA7GBQR7ZZN4K,keep,single_product_presentation,,810f3a6db0c7cc697e56af01155207d48675abb7537562537548e7d767f1fe34,1f3ed5df61ce100ba34aa669215f0d9bb71fb1b10ae04d6003200ab8e6603db0,d7e60ecc6ffb8fd0336e65257ba69faae601ebbe8ef1bbf20b0790000befeba7,f6f72d785ea393ed282bc253645e289045b831a7ac1fe07b285cb2d5c9cf0d2a,d0d0f0d469335371,ffffff7f3c180018,40d0d0c871337100,ffff7e7e180000ff,d0d0f0d469335371,ffffff7f3c180018,992,1000,external_family_d463581519fbf46f61d5,False,accepted_for_auxiliary_source_label_training,7d1e93473e37dabc8784214c22e1c70c9253ed7440cf86ec8d8175729de3ef17,d7e60ecc6ffb8fd0336e65257ba69faae601ebbe8ef1bbf20b0790000befeba7,1f3ed5df61ce100ba34aa669215f0d9bb71fb1b10ae04d6003200ab8e6603db0,0,10,60,60,data/external/rare_usage_20260906/images_60x80/flipkart_party/BRAEA7GBQR7ZZN4K.png,source_usage,False,Party,train
flipkart_party,SNDEDAPKZGGEGYHV,flipkart_meta_7e34adb788c38e86,S.m.a.R.T FEET Women Wedges,Heels,Party,"[""Party""]",source_exact_occasion,http://www.flipkart.com/s-m-a-r-t-feet-women-wedges/p/itmedapk4hhn8gag?pid=SNDEDAPKZGGEGYHV,http://img6a.flixcart.com/image/sandal/y/b/h/golden-partygold-s-m-a-r-t-feet-37-original-imaedakuhaarqnkf.jpeg,data/external/rare_usage_20260906/flipkart_party/originals/SNDEDAPKZGGEGYHV.image,8f219bf9eb8de8c1e455e2433ad38122849ac17082ae19344aad1ec720827aae,60,80,Publisher metadata CC BY-SA 4.0; remote photo rights scope not established,f80a073f2942e51b12932f2257a4fd3c,Footwear >> Women's Footwear >> Wedges,"[{""key"": ""Ideal For"", ""value"": ""Women""}, {""key"": ""Occasion"", ""value"": ""Party""}, {""key"": ""Weight"", ""value"": ""200 g (per single Sandal) - Weight of the product may vary depending on size.""}, {""key"": ""Type"", ""value"": ""Wedges""}, {""key"": ""Heel Height"", ""value"": ""3 inch""}, {""key"": ""Outer Material"", ""value"": ""Synthetic Leather""}, {""key"": ""Color"", ""value"": ""Golden""}]","Flipkart Products, PromptCloud / PromptCloudHQ, version 1, via Kaggle",https://creativecommons.org/licenses/by-sa/4.0/,https://www.kaggle.com/datasets/PromptCloudHQ/flipkart-products,,,,,,,,flipkart_party:SNDEDAPKZGGEGYHV,keep,single_product_presentation,,8f219bf9eb8de8c1e455e2433ad38122849ac17082ae19344aad1ec720827aae,7e833d26608c99aa8915570f0d6da87e9e1e8ec7e70de0ca0a7504c6ffd49594,5c4e95ebfb0c9a123857d279cee1a726b267fdb86a000fe4c5e74ed32fcd5602,10dbc3a9be5ea5c1312a2849112ddbca35a1e78244dc9778d472f0381d8368b1,184a4d0e8e969398,ffefe7e3c3c3c3cf,0804584e86924002,ffffefc3c3c3ffff,5a1c9d8e86161298,efefc7c3c3c3cbdf,1800,1200,external_family_d6423b06003d94a7a460,False,accepted_for_auxiliary_source_label_training,385fa23f306cb839a37c0901d39d04be19facb9e2c2bc6bdd89eaa96838462b3,5c4e95ebfb0c9a123857d279cee1a726b267fdb86a000fe4c5e74ed32fcd5602,7e833d26608c99aa8915570f0d6da87e9e1e8ec7e70de0ca0a7504c6ffd49594,0,20,60,40,data/external/rare_usage_20260906/images_60x80/flipkart_party/SNDEDAPKZGGEGYHV.png,source_usage,False,Party,train
flipkart_party,TOPE9T8FXVBGHGQS,flipkart_meta_4005fb7a4bda25a0,Ffashionstylus Party Short Sleeve Printed Women's Top,Tops,Party,"[""Party""]",source_exact_occasion,http://www.flipkart.com/ffashionstylus-party-short-sleeve-printed-women-s-top/p/itme9t8ezpfjyf7p?pid=TOPE9T8FXVBGHGQS,http://img5a.flixcart.com/image/top/s/t/8/1-1-ffst-t4-ffashionstylus-m-original-imae9sxgkthme4s7.jpeg,data/external/rare_usage_20260906/flipkart_party/originals/TOPE9T8FXVBGHGQS.image,23b023c14ffe5ebb33185d84a9b0e39ce907f9096d32c6409e2681ccb1af1b95,60,80,Publisher metadata CC BY-SA 4.0; remote photo rights scope not established,bb92347f7c3e20b28d7b5c9e83d64a10,"Clothing >> Women's Clothing >> Western Wear >> Shirts, Tops & Tunics >> Tops >> Ffashionstylus Tops","[{""key"": ""Sleeve"", ""value"": ""Short Sleeve""}, {""key"": ""Number of Contents in Sales Package"", ""value"": ""Pack of 1""}, {""key"": ""Fabric"", ""value"": ""Cotton""}, {""key"": ""Neck"", ""value"": ""Round Neck""}, {""key"": ""Pattern"", ""value"": ""Printed""}, {""key"": ""Ideal For"", ""value"": ""Women's""}, {""key"": ""Occasion"", ""value"": ""Party""}, {""value"": ""Wash with Similar Colors, Use Detergent for Colors""}, {""value"": ""Pack of 1 Top""}]","Flipkart Products, PromptCloud / PromptCloudHQ, version 1, via Kaggle",https://creativecommons.org/licenses/by-sa/4.0/,https://www.kaggle.com/datasets/PromptCloudHQ/flipkart-products,,,,,,,,flipkart_party:TOPE9T8FXVBGHGQS,keep,model_worn_outfit_context,,23b023c14ffe5ebb33185d84a9b0e39ce907f9096d32c6409e2681ccb1af1b95,77e152baf7de1f4969cab0ebf14e9eb27572ba98c68f9f0a8c94930e4e99a75e,ecdce901f6f32efb9a171de3918b5b5a7a1c3da796a63034e30e656ace815a3b,77e152baf7de1f4969cab0ebf14e9eb27572ba98c68f9f0a8c94930e4e99a75e,4e4f89950b1f9b0f,e7f7e1e0c1c1c1e3,4d0e474b478e0e4e,e7f7e3e3e3c3c3e3,4e4f89950b1f9b0f,e7f7e1e0c1c1c1e3,473,1059,external_family_d90164880af74800c908,False,accepted_for_auxiliary_source_label_training,9de40056e87497e7f68dfc38372a6f8621c3204276621f58ccca2205da951c2a,ecdce901f6f32efb9a171de3918b5b5a7a1c3da796a63034e30e656ace815a3b,77e152baf7de1f4969cab0ebf14e9eb27572ba98c68f9f0a8c94930e4e99a75e,12,0,36,80,data/external/rare_usage_20260906/images_60x80/flipkart_party/TOPE9T8FXVBGHGQS.png,source_usage,False,Party,train
flipkart_party,TOPEYHHWTQ59WEHB,flipkart_meta_b5fc4a391b97afdb,Paprika Party Sleeveless Solid Women's Top,Tops,Party,"[""Party""]",source_exact_occasion,http://www.flipkart.com/paprika-party-sleeveless-solid-women-s-top/p/itmeyhhwgwtzz8hz?pid=TOPEYHHWTQ59WEHB,http://img5a.flixcart.com/image/top/u/b/e/pfest1424-paprika-xl-original-imaeyrp3sywv3pkr.jpeg,data/external/rare_usage_20260906/flipkart_party/originals/TOPEYHHWTQ59WEHB.image,668bf23faf02647202d9557b8e0f7f9cf0e38007ab652fa49d2890d77079c23e,60,80,Publisher metadata CC BY-SA 4.0; remote photo rights scope not established,f515aa1c0ed6194d2bcf8c2f56e1464a,"Clothing >> Women's Clothing >> Western Wear >> Shirts, Tops & Tunics >> Tops >> Paprika Tops","[{""key"": ""Sleeve"", ""value"": ""Sleeveless""}, {""key"": ""Number of Contents in Sales Package"", ""value"": ""Pack of 1""}, {""key"": ""Fabric"", ""value"": ""Viscose Knit""}, {""key"": ""Neck"", ""value"": ""Round Neck""}, {""key"": ""Pattern"", ""value"": ""Solid""}, {""key"": ""Ideal For"", ""value"": ""Women's""}, {""key"": ""Occasion"", ""value"": ""Party""}, {""value"": ""Machine Wash""}, {""value"": ""Top""}]","Flipkart Products, PromptCloud / PromptCloudHQ, version 1, via Kaggle",https://creativecommons.org/licenses/by-sa/4.0/,https://www.kaggle.com/datasets/PromptCloudHQ/flipkart-products,,,,,,,,flipkart_party:TOPEYHHWTQ59WEHB,keep,model_worn_outfit_context,,668bf23faf02647202d9557b8e0f7f9cf0e38007ab652fa49d2890d77079c23e,494469494fdaea22fa1f680fd41a8ed06ab8e001869df8c7c601a7ddfec1f026,014a75ff606028292a06e86ecc351ea5d6ef967427859999527af88062c66d15,bbcf67496b9f653272f8a5c55ca77244283b694cb3ad62b771bc28228568fe1c,4d5797b70f1f1f27,e7e3c3c3c3c3c3c3,4d4d97978f1f9f8f,e7e7c3c3c7c7c3c3,4dd797b70f1f1f2f,e7e7c3c3c3c3c3c3,3648,5472,external_family_ddf94d38e53d4a5173f9,False,accepted_for_auxiliary_source_label_training,12658a63c801d8a6293e9d66101950bb05041242055a73300a17d63c1286ee2b,014a75ff606028292a06e86ecc351ea5d6ef967427859999527af88062c66d15,494469494fdaea22fa1f680fd41a8ed06ab8e001869df8c7c601a7ddfec1f026,3,0,53,80,data/external/rare_usage_20260906/images_60x80/flipkart_party/TOPEYHHWTQ59WEHB.png,source_usage,False,Party,train
flipkart_party,SHTE4S27GR2WA6DD,flipkart_meta_9660ee3b3924e205,Meira Women's Striped Party Reversible Shirt,Shirts,Party,"[""Party""]",source_exact_occasion,http://www.flipkart.com/meira-women-s-striped-party-reversible-shirt/p/itme4s25gwvzgnbg?pid=SHTE4S27GR2WA6DD,http://img5a.flixcart.com/image/shirt/y/u/n/mewt-1156-c-multi-meira-xxl-1100x1360-imae4nhyhmhpyscz.jpeg,data/external/rare_usage_20260906/flipkart_party/originals/SHTE4S27GR2WA6DD.image,c29aedb56639c8dc0eb5edd45f4e9f198757563ea81cea092415af8c27608457,60,80,Publisher metadata CC BY-SA 4.0; remote photo rights scope not established,041b33e3feaffb2b7775c53b689f13f1,"Clothing >> Women's Clothing >> Western Wear >> Shirts, Tops & Tunics >> Shirts >> Meira Shirts","[{""key"": ""Pattern"", ""value"": ""Striped""}, {""key"": ""Occasion"", ""value"": ""Party""}, {""key"": ""Ideal For"", ""value"": ""Women's""}, {""key"": ""Sleeve"", ""value"": ""3/4 Sleeve""}, {""key"": ""Number of Contents in Sales Package"", ""value"": ""Pack of 1""}, {""key"": ""Brand Fit"", ""value"": ""Regular""}, {""key"": ""Fabric"", ""value"": ""Cotton""}, {""key"": ""Style Code"", ""value"": ""MEWT-1156-C-Multi""}]","Flipkart Products, PromptCloud / PromptCloudHQ, version 1, via Kaggle",https://creativecommons.org/licenses/by-sa/4.0/,https://www.kaggle.com/datasets/PromptCloudHQ/flipkart-products,,,,,,,,flipkart_party:SHTE4S27GR2WA6DD,keep,model_worn_outfit_context,,c29aedb56639c8dc0eb5edd45f4e9f198757563ea81cea092415af8c27608457,2f02ab029b88a3fd8b255f47a2fe563e9989777b1a137b1cae7417b51357abf5,37fa2a706297d769c945c2a86a33438f8c63890f4f8dd5fa953c51c01af3481a,40b56ec6780ccac0415ecb9a41767059a85bc20ec58719dfe0f32a55df68c146,4612176961650d13,e3e3fbfdffbfc081,0f46861616968e96,e7e7e3c3c3c3c3c3,4612176961650d13,e3e3fbfdffbfc081,576,1360,external_family_de36f382243a79d5cddb,False,accepted_for_auxiliary_source_label_training,60fa1370678354266145441cd5280a41f8ad35912e84f6d48ddab4e3e3e81eb7,37fa2a706297d769c945c2a86a33438f8c63890f4f8dd5fa953c51c01af3481a,2f02ab029b88a3fd8b255f47a2fe563e9989777b1a137b1cae7417b51357abf5,13,0,34,80,data/external/rare_usage_20260906/images_60x80/flipkart_party/SHTE4S27GR2WA6DD.png,source_usage,False,Party,train
flipkart_party,LEHEGGEHYN4G2RPW,flipkart_meta_f1f850236512497b,"Ambika Lahenga Embroidered Lehenga, Choli and Dupatta Set",Lehenga Choli,Party,"[""Party""]",source_exact_occasion,http://www.flipkart.com/ambika-lahenga-embroidered-lehenga-choli-dupatta-set/p/itmeggehqgggjktw?pid=LEHEGGEHYN4G2RPW,http://img6a.flixcart.com/image/lehenga/r/p/w/g55-ambika-lahenga-42-1000x1000-imaegg78ngzzsz67.jpeg,data/external/rare_usage_20260906/flipkart_party/originals/LEHEGGEHYN4G2RPW.image,f35a2b5d2f40a77542d77bf5b8041873f90e46108b8ceb1dc33e9f20c6c60dda,60,80,Publisher metadata CC BY-SA 4.0; remote photo rights scope not established,5c1554cd45f9d538c2c6947dbdd59c75,"Clothing >> Women's Clothing >> Ethnic Wear >> Lehenga Cholis >> Lehengas >> Ambika Lahenga Lehengas >> Ambika Lahenga Embroidered Lehenga, Choli and Du...","[{""key"": ""Fabric"", ""value"": ""Net""}, {""key"": ""Lining Type"", ""value"": ""satin lining""}, {""key"": ""Type"", ""value"": ""Lehenga, Choli and Dupatta Set""}, {""key"": ""Work"", ""value"": ""Zardosi Work""}, {""key"": ""Length"", ""value"": ""42 inch""}, {""key"": ""Age Group"", ""value"": ""0 - 0 month""}, {""key"": ""Pattern"", ""value"": ""Embroidered""}, {""key"": ""Ideal For"", ""value"": ""Women's""}, {""key"": ""Occasion"", ""value"": ""Party""}, {""value"": ""Dry Wash""}, {""value"": ""Lehenga, Choli and Dupatta Set""}]","Flipkart Products, PromptCloud / PromptCloudHQ, version 1, via Kaggle",https://creativecommons.org/licenses/by-sa/4.0/,https://www.kaggle.com/datasets/PromptCloudHQ/flipkart-products,,,,,,,,flipkart_party:LEHEGGEHYN4G2RPW,keep,model_worn_outfit_context,,f35a2b5d2f40a77542d77bf5b8041873f90e46108b8ceb1dc33e9f20c6c60dda,b450c97641c4c59821f5182c50f0cb2f0ce6bb900165e9d4760b0ce79ffcb328,945814b67d21d89da83861661290739e5e8537a03d790945bfb9f126ebef29dd,62ff2c40999b358631bc9cc01e42b5486a582d448e694f2fe311bfc093f559de,26034b47474d9913,f3fbe1e1e1e1c1c1,24064347474b0b93,f7f3e3e1e1e1c1c1,4d87938b8f191307,e7ffe1c1c1c18181,596,1000,external_family_e22943fb3c6ac534ce68,False,accepted_for_auxiliary_source_label_training,82b31532a5d6eb83da549fc7dfe2040a3827416a354b6aef128b3088880df87d,945814b67d21d89da83861661290739e5e8537a03d790945bfb9f126ebef29dd,b450c97641c4c59821f5182c50f0cb2f0ce6bb900165e9d4760b0ce79ffcb328,6,0,48,80,data/external/rare_usage_20260906/images_60x80/flipkart_party/LEHEGGEHYN4G2RPW.png,source_usage,False,Party,train
flipkart_party,BRAEA7W7HPFRZUJG,flipkart_meta_f8f2d57a185aab39,Shoba SHTBSKN Women's Tube Bra,Bra,Party,"[""Party""]",source_exact_occasion,http://www.flipkart.com/shoba-shtbskn-women-s-tube-bra/p/itmea7w74rbcvh7j?pid=BRAEA7W7HPFRZUJG,http://img5a.flixcart.com/image/bra/u/j/g/shtbskin-shoba-free-original-imaea2xkvjew65p7.jpeg,data/external/rare_usage_20260906/flipkart_party/originals/BRAEA7W7HPFRZUJG.image,62d27cb871ae0a18dd162dd6eec8e3e3be6ed87916a93359d8a95f4651c196b8,60,80,Publisher metadata CC BY-SA 4.0; remote photo rights scope not established,eaabe9cdf32a141181121c4cb596232b,"Clothing >> Women's Clothing >> Lingerie, Sleep & Swimwear >> Bras >> Shoba Bras","[{""key"": ""Brand Color"", ""value"": ""Skin""}, {""key"": ""color"", ""value"": ""Beige""}, {""key"": ""Pattern"", ""value"": ""Solid""}, {""key"": ""Ideal For"", ""value"": ""Women's""}, {""key"": ""Occasion"", ""value"": ""Party""}, {""key"": ""Wire Support"", ""value"": ""Wirefree""}, {""key"": ""Inner Lining"", ""value"": ""Cotton Blend""}, {""key"": ""Straps"", ""value"": ""Strapless""}, {""key"": ""Detachable Straps"", ""value"": ""No""}, {""key"": ""Number of Contents in Sales Package"", ""value"": ""Pack of 1""}, {""key"": ""Cup Type"", ""value"": ""Soft B Cup""}, {""key"": ""Fabric"", ""value"": ""Strachable""}, {""key"": ""Type"", ""value"": ""Tube Bra""}, {""key"": ""Seam Type"", ""value"": ""Seamless""}]","Flipkart Products, PromptCloud / PromptCloudHQ, version 1, via Kaggle",https://creativecommons.org/licenses/by-sa/4.0/,https://www.kaggle.com/datasets/PromptCloudHQ/flipkart-products,,,,,,,,flipkart_party:BRAEA7W7HPFRZUJG,keep,model_worn_outfit_context,,62d27cb871ae0a18dd162dd6eec8e3e3be6ed87916a93359d8a95f4651c196b8,616bd7f67b9308168925920e3e0501d423e05a0e58a4d0a1c55c573ae5b57a71,8af6ae50c78a3847403d475b6d8faebad6fe457232b2a5e17c03e336708808c3,616bd7f67b9308168925920e3e0501d423e05a0e58a4d0a1c55c573ae5b57a71,16274140d2b7a6a6,c3f3f0387f035340,16174340d2a6a611,ffc3a1381b0342ff,16274140d2b7a6a6,c3f3f0387f035340,1500,1500,external_family_e4867bcf7e339cb0926c,False,accepted_for_auxiliary_source_label_training,0343bbabb8470f9d9e365a0fa305528be42f8fe91952032d6bc518c0ebe6fd7d,8af6ae50c78a3847403d475b6d8faebad6fe457232b2a5e17c03e336708808c3,616bd7f67b9308168925920e3e0501d423e05a0e58a4d0a1c55c573ae5b57a71,0,10,60,60,data/external/rare_usage_20260906/images_60x80/flipkart_party/BRAEA7W7HPFRZUJG.png,source_usage,False,Party,train
flipkart_party,SHTE89H7YX7GFGUZ,flipkart_meta_d522c829dc4c61e6,Oxolloxo Women's Solid Party Shirt,Shirts,Party,"[""Party""]",source_exact_occasion,http://www.flipkart.com/oxolloxo-women-s-solid-party-shirt/p/itme89h7z37fnguk?pid=SHTE89H7YX7GFGUZ,http://img5a.flixcart.com/image/shirt/b/m/w/ad0561sh0001-oxolloxo-xl-original-imae5ktnwcthzfzj.jpeg,data/external/rare_usage_20260906/flipkart_party/originals/SHTE89H7YX7GFGUZ.image,ca72cd21fb47b59014f672a4533a3b58e319d2d24aef0a51ae61c1c807caf97a,60,80,Publisher metadata CC BY-SA 4.0; remote photo rights scope not established,ed4ee419d3ce533327a03bc5eb60e16a,"Clothing >> Women's Clothing >> Western Wear >> Shirts, Tops & Tunics >> Shirts >> Oxolloxo Shirts","[{""key"": ""Pattern"", ""value"": ""Solid""}, {""key"": ""Ideal For"", ""value"": ""Women's""}, {""key"": ""Occasion"", ""value"": ""Party""}, {""key"": ""Sleeve"", ""value"": ""Full Sleeve""}, {""key"": ""Number of Contents in Sales Package"", ""value"": ""Pack of 1""}, {""key"": ""Brand Fit"", ""value"": ""Regular""}, {""key"": ""Fabric"", ""value"": ""Polyester""}, {""key"": ""Fit"", ""value"": ""Regular""}, {""key"": ""Style Code"", ""value"": ""AD0561SH0001""}]","Flipkart Products, PromptCloud / PromptCloudHQ, version 1, via Kaggle",https://creativecommons.org/licenses/by-sa/4.0/,https://www.kaggle.com/datasets/PromptCloudHQ/flipkart-products,,,,,,,,flipkart_party:SHTE89H7YX7GFGUZ,keep,model_worn_outfit_context,,ca72cd21fb47b59014f672a4533a3b58e319d2d24aef0a51ae61c1c807caf97a,5d78a8d86e87901f4dab0cb0ffc0090ca8604388b3d3e58583662a6cb475c5ca,7c0a0481af710e2d5624d6cf4702891da6a1836bf12e262d2f26f00c2d02eb54,1c23d184eaddb6d6c199d18264e22b9e57fabc1b6af5dbff69b85bb3af585193,4b0b1b7575653f2f,ffff838000018083,0e4e9e9617361f9f,f7e7c3c3c3c3c3c3,4b0b1b7565653f2f,ffff838000018083,598,1381,external_family_ec088c5a9186906f4f8d,False,accepted_for_auxiliary_source_label_training,076644e48451e8cde8bd9cf8e0d499fafc431008da9db5d1b0f492710315810d,7c0a0481af710e2d5624d6cf4702891da6a1836bf12e262d2f26f00c2d02eb54,5d78a8d86e87901f4dab0cb0ffc0090ca8604388b3d3e58583662a6cb475c5ca,12,0,35,80,data/external/rare_usage_20260906/images_60x80/flipkart_party/SHTE89H7YX7GFGUZ.png,source_usage,False,Party,train
flipkart_party,SNDEARQA4U9GY6TG,flipkart_meta_b8ed92a12930fc90,Hitanksha Harshit Women Wedges,Heels,Party,"[""Party""]",source_exact_occasion,http://www.flipkart.com/hitanksha-harshit-women-wedges/p/itmearqagg2ys2de?pid=SNDEARQA4U9GY6TG,http://img6a.flixcart.com/image/sandal/j/p/8/red-man-ww-hitanksha-harshit-9-original-imaearjhjyhvarkz.jpeg,data/external/rare_usage_20260906/flipkart_party/originals/SNDEARQA4U9GY6TG.image,dcbf7e2fad6ef3270d233f0746fc77ebec948fb9570c5da3dfcd4b7289cd8b8a,60,80,Publisher metadata CC BY-SA 4.0; remote photo rights scope not established,ef27a3eb0469e764d9fb63fa9913ffb6,Footwear >> Women's Footwear >> Wedges,"[{""key"": ""Occasion"", ""value"": ""Party""}, {""key"": ""Ideal For"", ""value"": ""Women""}, {""key"": ""Type"", ""value"": ""Wedges""}, {""key"": ""Heel Height"", ""value"": ""3 inch""}, {""key"": ""Outer Material"", ""value"": ""Artificial Leather""}, {""key"": ""Color"", ""value"": ""Red""}]","Flipkart Products, PromptCloud / PromptCloudHQ, version 1, via Kaggle",https://creativecommons.org/licenses/by-sa/4.0/,https://www.kaggle.com/datasets/PromptCloudHQ/flipkart-products,,,,,,,,flipkart_party:SNDEARQA4U9GY6TG,keep,single_product_presentation,,dcbf7e2fad6ef3270d233f0746fc77ebec948fb9570c5da3dfcd4b7289cd8b8a,48a9f75240b3c6bba1c45ec33c26051dff81bfebe7a17b6a237c0f167454f15f,bcc83c30d6b934718a0df962d52aae6a9ef9c4aae53e428a26e2703ca88833fe,9d913eb49dd1816cab96e095d6f12e388b03037f5cd650516af67ea39aa23249,68605a5a6e8e1b0f,ffbf2f0fa7c7c3e3,8020745a2e8f4f00,ffffbf0f87c3e3ff,68605a5a6e8e1b0f,ffbf2f0fa7c7c3e3,3095,2411,external_family_ef751d040196824ada6c,False,accepted_for_auxiliary_source_label_training,f2e1e2117ad63442a1527a9a4383c3c3a0c1ba488d053d770506565a26a87ea9,bcc83c30d6b934718a0df962d52aae6a9ef9c4aae53e428a26e2703ca88833fe,48a9f75240b3c6bba1c45ec33c26051dff81bfebe7a17b6a237c0f167454f15f,0,16,60,47,data/external/rare_usage_20260906/images_60x80/flipkart_party/SNDEARQA4U9GY6TG.png,source_usage,False,Party,train
flipkart_party,SHOEDTP4GJZGKCFS,flipkart_meta_2c71463a056604cb,Lemingo Party Wear Shoes,Casual Shoes,Party,"[""Party""]",source_exact_occasion,http://www.flipkart.com/lemingo-party-wear-shoes/p/itmedqedgzchygcw?pid=SHOEDTP4GJZGKCFS,http://img6a.flixcart.com/image/shoe/2/3/g/blue-leminigo-13-lemingo-43-original-imaedqb4yyepm3h6.jpeg,data/external/rare_usage_20260906/flipkart_party/originals/SHOEDTP4GJZGKCFS.image,6ee63c1dddc25f8e52394468b8e4bdf563224e2521c0acc40adddac5b0b39177,60,80,Publisher metadata CC BY-SA 4.0; remote photo rights scope not established,172bfc6e98127e5c5be1f23f46f4d1be,Footwear >> Men's Footwear >> Casual Shoes >> Lemingo Casual Shoes,"[{""key"": ""Ideal For"", ""value"": ""Men""}, {""key"": ""Occasion"", ""value"": ""Party""}, {""key"": ""Sole Material"", ""value"": ""Leather""}, {""key"": ""Heel Height"", ""value"": ""1 inch""}, {""key"": ""Outer Material"", ""value"": ""Suede""}, {""key"": ""Color"", ""value"": ""Blue""}]","Flipkart Products, PromptCloud / PromptCloudHQ, version 1, via Kaggle",https://creativecommons.org/licenses/by-sa/4.0/,https://www.kaggle.com/datasets/PromptCloudHQ/flipkart-products,,,,,,,,flipkart_party:SHOEDTP4GJZGKCFS,keep,single_product_presentation,,6ee63c1dddc25f8e52394468b8e4bdf563224e2521c0acc40adddac5b0b39177,f60ad19af271ffc59a10e44a405464a0ce726f1994b47b20d0743c0a4c30e7b6,7f53de2b70938cf3597a04373762fef1d96c55b8f3e89ee31fef755b19948f46,531e733c1fb171c765aed6c6458d616de964d8fc1554adafad533bca8b3f0fcd,747a5d6e27198743,3f0f0f0783c0e0f9,1846795e07014318,ffff0f0780e0ffff,747a5d6e27198543,3f0f0f0783c0e0f9,810,591,external_family_f3cd18c1ba0923650aaa,False,accepted_for_auxiliary_source_label_training,b6b4929252dadaa32b622d32a8118248f6b64f3c34c17d205211b55c4233c85d,7f53de2b70938cf3597a04373762fef1d96c55b8f3e89ee31fef755b19948f46,f60ad19af271ffc59a10e44a405464a0ce726f1994b47b20d0743c0a4c30e7b6,0,18,60,44,data/external/rare_usage_20260906/images_60x80/flipkart_party/SHOEDTP4GJZGKCFS.png,source_usage,False,Party,train
flipkart_party,TOPE9RCYS54YZNFG,flipkart_meta_1896f475d6811371,PrettyPataka Party Full Sleeve Woven Women's Top,Tops,Party,"[""Party""]",source_exact_occasion,http://www.flipkart.com/prettypataka-party-full-sleeve-woven-women-s-top/p/itme9rcy7vgkykbf?pid=TOPE9RCYS54YZNFG,http://img5a.flixcart.com/image/top/v/u/j/pt3000-prettypataka-xxl-original-imae9r7mztrvhpuk.jpeg,data/external/rare_usage_20260906/flipkart_party/originals/TOPE9RCYS54YZNFG.image,f7944c23b6ac4b79bfd66a87b4a1cd8b715a9151eae0df0837e0ff2a5a45f15f,60,80,Publisher metadata CC BY-SA 4.0; remote photo rights scope not established,f9f9723a6117697f96b0f8c59f1292cb,"Clothing >> Women's Clothing >> Western Wear >> Shirts, Tops & Tunics >> Tops >> PrettyPataka Tops","[{""key"": ""Sleeve"", ""value"": ""Full Sleeve""}, {""key"": ""Number of Contents in Sales Package"", ""value"": ""Pack of 1""}, {""key"": ""Fabric"", ""value"": ""Net""}, {""key"": ""Neck"", ""value"": ""Boat Neck""}, {""key"": ""Pattern"", ""value"": ""Woven""}, {""key"": ""Occasion"", ""value"": ""Party""}, {""key"": ""Ideal For"", ""value"": ""Women's""}, {""value"": ""Dry Clean Only""}]","Flipkart Products, PromptCloud / PromptCloudHQ, version 1, via Kaggle",https://creativecommons.org/licenses/by-sa/4.0/,https://www.kaggle.com/datasets/PromptCloudHQ/flipkart-products,,,,,,,,flipkart_party:TOPE9RCYS54YZNFG,keep,model_worn_outfit_context,,f7944c23b6ac4b79bfd66a87b4a1cd8b715a9151eae0df0837e0ff2a5a45f15f,ab4b62faada9e8af9d3e66f4de6f1cb1134e62442cf58e24b47c62328710a101,46c4a56e568c2c791245b0f41188108710d7cc2c27274b22579e633471c78e25,ab4b62faada9e8af9d3e66f4de6f1cb1134e62442cf58e24b47c62328710a101,0606235912291316,e3f3f9fdfbc0c1c3,4d4586020793860c,e7e7f3e3e3e3c3c3,0606235912291316,e3f3f9fdfbc0c1c3,453,1057,external_family_fa844695945e550c6bd4,False,accepted_for_auxiliary_source_label_training,cdfd71f0ee47ad453e25932343ce32f4de81ee68e7f298c3222f6e25c6d56657,46c4a56e568c2c791245b0f41188108710d7cc2c27274b22579e633471c78e25,ab4b62faada9e8af9d3e66f4de6f1cb1134e62442cf58e24b47c62328710a101,13,0,34,80,data/external/rare_usage_20260906/images_60x80/flipkart_party/TOPE9RCYS54YZNFG.png,source_usage,False,Party,train
flipkart_party,DREE9HZGGRRHS2SW,flipkart_meta_5552c7c2b19bfdd5,Indiatrendzs Women's A-line Dress,Dresses,Party,"[""Party""]",source_exact_occasion,http://www.flipkart.com/indiatrendzs-women-s-a-line-dress/p/itme9hzg7jhkjb6e?pid=DREE9HZGGRRHS2SW,http://img6a.flixcart.com/image/dress/2/s/w/1-1-f-stok-562-indiatrendzs-5xl-original-imae9hdzfwmzrjhx.jpeg,data/external/rare_usage_20260906/flipkart_party/originals/DREE9HZGGRRHS2SW.image,1869e55a33ce8500cc342f5ef9d8557da815bbb243a04c55373fdb02f3e06fc0,60,80,Publisher metadata CC BY-SA 4.0; remote photo rights scope not established,01e02bc121a9d39d1f1dfeddf1494c8c,Clothing >> Women's Clothing >> Western Wear >> Dresses & Skirts >> Dresses >> Indiatrendzs Dresses,"[{""value"": ""Dress""}, {""key"": ""Length"", ""value"": ""Maxi/Full Length""}, {""key"": ""Pattern"", ""value"": ""Printed""}, {""key"": ""Occasion"", ""value"": ""Party""}, {""key"": ""Ideal For"", ""value"": ""Women's""}, {""key"": ""Sleeve"", ""value"": ""Sleeveless""}, {""key"": ""Number of Contents in Sales Package"", ""value"": ""Pack of 1""}, {""key"": ""Fabric"", ""value"": ""Georgette""}, {""key"": ""Type"", ""value"": ""A-line""}, {""key"": ""Neck"", ""value"": ""Round Neck""}, {""value"": ""Hand Wash""}]","Flipkart Products, PromptCloud / PromptCloudHQ, version 1, via Kaggle",https://creativecommons.org/licenses/by-sa/4.0/,https://www.kaggle.com/datasets/PromptCloudHQ/flipkart-products,,,,,,,,flipkart_party:DREE9HZGGRRHS2SW,keep,model_worn_outfit_context,,1869e55a33ce8500cc342f5ef9d8557da815bbb243a04c55373fdb02f3e06fc0,2820da4e739738e20a38561111dd88f01188e3c3d17d652ded77cb316d33f5cb,964ed58277db54e4334f3df3f057164be6dc1d3c7fc936d2b1113cf07692c6fe,b3290e9d56944ca392a42e1cac3131ac57b6562b6aee2d38ed8d8bdaa42d6221,0c17941733133766,e7c347c3838183b7,4d0f0f8f9c969e8d,e7c7c3c7c7c3c7c7,0c1794173b1b3766,e7c343c3838183b7,560,1416,external_family_fb2fea6001b8025573ac,False,accepted_for_auxiliary_source_label_training,0966770aca68f3df2c63a6a5bb38c64fd32e5151d9d662cd447a432a4f5d8c28,964ed58277db54e4334f3df3f057164be6dc1d3c7fc936d2b1113cf07692c6fe,2820da4e739738e20a38561111dd88f01188e3c3d17d652ded77cb316d33f5cb,14,0,32,80,data/external/rare_usage_20260906/images_60x80/flipkart_party/DREE9HZGGRRHS2SW.png,source_usage,False,Party,train
flipkart_party,TOPDUEGZGBPZHJKQ,flipkart_meta_ea8496d985fe022a,Schwof Party Full Sleeve Solid Women's Top,Tops,Party,"[""Party""]",source_exact_occasion,http://www.flipkart.com/schwof-party-full-sleeve-solid-women-s-top/p/itmduegynrfwfh6g?pid=TOPDUEGZGBPZHJKQ,http://img6a.flixcart.com/image/top/h/6/g/black-cross-front-top-schwof-s-original-imadudpdwgezqjta.jpeg,data/external/rare_usage_20260906/flipkart_party/originals/TOPDUEGZGBPZHJKQ.image,417ece9606c9450def25f4061bb62bd40efde2cc7bd14bd2cf41262b385086a3,60,80,Publisher metadata CC BY-SA 4.0; remote photo rights scope not established,54df4fd03e20e2dafcf93c5303c5d8e8,"Clothing >> Women's Clothing >> Western Wear >> Shirts, Tops & Tunics >> Tops >> Schwof Tops","[{""key"": ""Ideal For"", ""value"": ""Women's""}, {""key"": ""Occasion"", ""value"": ""Party""}, {""key"": ""Pattern"", ""value"": ""Solid""}, {""key"": ""Fabric"", ""value"": ""Cotton""}, {""key"": ""Neck"", ""value"": ""V Neck""}, {""key"": ""Sleeve"", ""value"": ""Full Sleeve""}, {""key"": ""Number of Contents in Sales Package"", ""value"": ""Pack of 1""}, {""value"": ""Gentle Machine Wash in Lukewarm Water, Do not Bleach, Cool Iron, Wash with Similar Colors""}, {""value"": ""Top""}]","Flipkart Products, PromptCloud / PromptCloudHQ, version 1, via Kaggle",https://creativecommons.org/licenses/by-sa/4.0/,https://www.kaggle.com/datasets/PromptCloudHQ/flipkart-products,,,,,,,,flipkart_party:TOPDUEGZGBPZHJKQ,keep,model_worn_outfit_context,,417ece9606c9450def25f4061bb62bd40efde2cc7bd14bd2cf41262b385086a3,9f591b63fdef80d24ebe2ca03bb4b31103dc6da060661ac2dc8ebe366c82e4a2,9d709c42dc7f6a131854a3262c1d67e245087ed3444970dd802ec106b3cf7f65,a506d360a86a885466ff010dde4d5d193dc28038e6220e149e96dbd63a2bc88f,46469e134d4d0f96,f7f7cb8120a4c3c3,4e469e134d4d0f96,f7f7cf8120a5c3c3,4cd41613cd4d0f96,f7efcf814005c3c3,1100,1400,external_family_fe71588dcc3e6eaccd55,False,accepted_for_auxiliary_source_label_training,0d585d208fe24266e6b60b2c1280d7e8f9cc28cacbaf04ed7779752105f864e5,9d709c42dc7f6a131854a3262c1d67e245087ed3444970dd802ec106b3cf7f65,9f591b63fdef80d24ebe2ca03bb4b31103dc6da060661ac2dc8ebe366c82e4a2,0,2,60,76,data/external/rare_usage_20260906/images_60x80/flipkart_party/TOPDUEGZGBPZHJKQ.png,source_usage,False,Party,train
flipkart_party,BRAECHF3WZHZBQX2,flipkart_meta_7c38635d7743aaa4,Sherry by Sherry - 512 Women's T-Shirt Bra,Bra,Party,"[""Party""]",source_exact_occasion,http://www.flipkart.com/sherry-512-women-s-t-shirt-bra/p/itmecfgtmfbvpzwh?pid=BRAECHF3WZHZBQX2,http://img6a.flixcart.com/image/bra/m/h/y/512-sherry-36b-original-imaeca4arzxtqdrg.jpeg,data/external/rare_usage_20260906/flipkart_party/originals/BRAECHF3WZHZBQX2.image,2dc995df77596e09fc1aa11f4baa5524df16f541546e4660d7940aa12ee2391f,60,80,Publisher metadata CC BY-SA 4.0; remote photo rights scope not established,2de96475203ef518cf68431833266030,"Clothing >> Women's Clothing >> Lingerie, Sleep & Swimwear >> Bras >> Sherry Bras","[{""key"": ""Brand Color"", ""value"": ""Skin""}, {""key"": ""color"", ""value"": ""Beige""}, {""key"": ""Pattern"", ""value"": ""Solid""}, {""key"": ""Occasion"", ""value"": ""Party""}, {""key"": ""Ideal For"", ""value"": ""Women's""}, {""key"": ""Inner Lining"", ""value"": ""Polyster""}, {""key"": ""Wire Support"", ""value"": ""Wirefree""}, {""key"": ""Detachable Straps"", ""value"": ""Yes""}, {""key"": ""Straps"", ""value"": ""Multiway""}, {""key"": ""Number of Contents in Sales Package"", ""value"": ""Pack of 1""}, {""key"": ""Cup Type"", ""value"": ""Moulded""}, {""key"": ""Fabric"", ""value"": ""Stretch Cotton Outer""}, {""key"": ""Seam Type"", ""value"": ""Seamless""}, {""key"": ""Type"", ""value"": ""T-Shirt Bra""}, {""key"": ""Design"", ""value"": ""Transparentbstraps and Back""}, {""value"": ""Bra:1pc""}, {""value"": ""As Per Tag""}]","Flipkart Products, PromptCloud / PromptCloudHQ, version 1, via Kaggle",https://creativecommons.org/licenses/by-sa/4.0/,https://www.kaggle.com/datasets/PromptCloudHQ/flipkart-products,,,,,,,,flipkart_party:BRAECHF3WZHZBQX2,keep,model_worn_outfit_context,,2dc995df77596e09fc1aa11f4baa5524df16f541546e4660d7940aa12ee2391f,0e03a3ab4252f9de240162dd9e89b0f0c101ccf175aebf90a9c6294c2c2103c1,6968b13cb0d1d8c3120f74c774e1fda4a223d2e0429ed53f03f103598436ce7c,4b6a25c7f0ffb5a131efbdea90fbf0808c3a20b54c070387c3ac65f4606fa063,0e133b2d6454d91b,e3c1c1c7befe09c1,4c13131d2d55591b,e7c3c1c7bdbd81c3,8e13332d6cd29b1b,e3c181c7be7e4bc1,974,1468,external_family_1a65f213d128b9b23cd0,False,accepted_for_auxiliary_source_label_training,3cb3118593e06dfe3aaf573b8266231915d43deb41ca0e5981847b17d9e8c5b5,6968b13cb0d1d8c3120f74c774e1fda4a223d2e0429ed53f03f103598436ce7c,0e03a3ab4252f9de240162dd9e89b0f0c101ccf175aebf90a9c6294c2c2103c1,3,0,53,80,data/external/rare_usage_20260906/images_60x80/flipkart_party/BRAECHF3WZHZBQX2.png,source_usage,False,Party,validation
flipkart_party,SNDECCCGM2TCHBWG,flipkart_meta_022b1d6174f98096,Pantof Women Wedges,Heels,Party,"[""Party""]",source_exact_occasion,http://www.flipkart.com/pantof-women-wedges/p/itmeccchhhzgqgep?pid=SNDECCCGM2TCHBWG,http://img6a.flixcart.com/image/sandal/s/g/b/1325-black-1325blk-pantof-36-original-imaecc6khvjrwz6h.jpeg,data/external/rare_usage_20260906/flipkart_party/originals/SNDECCCGM2TCHBWG.image,19394e8c83a9595daf31a545a2187964cd9a95b8ee9bf3242812ec03bbc480ec,60,80,Publisher metadata CC BY-SA 4.0; remote photo rights scope not established,9447441913a89b88d93b752a174e175e,Footwear >> Women's Footwear >> Wedges,"[{""key"": ""Ideal For"", ""value"": ""Women""}, {""key"": ""Occasion"", ""value"": ""Party""}, {""key"": ""Type"", ""value"": ""Wedges""}, {""key"": ""Heel Height"", ""value"": ""3 inch""}, {""key"": ""Outer Material"", ""value"": ""Patent Leather""}, {""key"": ""Color"", ""value"": ""1325, Black""}]","Flipkart Products, PromptCloud / PromptCloudHQ, version 1, via Kaggle",https://creativecommons.org/licenses/by-sa/4.0/,https://www.kaggle.com/datasets/PromptCloudHQ/flipkart-products,,,,,,,,flipkart_party:SNDECCCGM2TCHBWG,keep,single_product_presentation,,19394e8c83a9595daf31a545a2187964cd9a95b8ee9bf3242812ec03bbc480ec,d8720e5f00f5e40979708bc079b1df99be450f0720790bd5f89bdc5dc62e5a20,3668bdbb73c17506a0a3a37f5f807e321119460d7467b638fa1d862daa7cff9a,6c3e97c02cae34e8fb563baa75a7716be24de6f2e46633421762c95878f26242,1a2abd5d1e1b110f,dfdfcf0f8f81c0e3,001cab1c1f190e20,ffdfcf070180f7ff,1a2aad5d1e19110e,cfdfcf0f8f81c0e3,1355,1136,external_family_2284adb6a6aa711b6b92,False,accepted_for_auxiliary_source_label_training,499f5f612ec444476efc51b49c7bf130da9c3e98e7f1c63851d661ced4647490,3668bdbb73c17506a0a3a37f5f807e321119460d7467b638fa1d862daa7cff9a,d8720e5f00f5e40979708bc079b1df99be450f0720790bd5f89bdc5dc62e5a20,0,15,60,50,data/external/rare_usage_20260906/images_60x80/flipkart_party/SNDECCCGM2TCHBWG.png,source_usage,False,Party,validation
flipkart_party,BRAEAHFYFKDVDY8F,flipkart_meta_3770d349317b6e28,Glus Sweet Angel Women's Push-up Bra,Bra,Party,"[""Party""]",source_exact_occasion,http://www.flipkart.com/glus-sweet-angel-women-s-push-up-bra/p/itmeahfyhqwmvzhe?pid=BRAEAHFYFKDVDY8F,http://img5a.flixcart.com/image/bra/u/y/b/gp2062-abl-glus-30b-1000x1000-imaeagqs6tkcaaah.jpeg,data/external/rare_usage_20260906/flipkart_party/originals/BRAEAHFYFKDVDY8F.image,0227a67ffa440ffd979fc05f1adb7ec8c5afe1416688618ae122d481870af145,60,80,Publisher metadata CC BY-SA 4.0; remote photo rights scope not established,60ef53b197573dcf4e66f2ddcc07f574,"Clothing >> Women's Clothing >> Lingerie, Sleep & Swimwear >> Bras >> Glus Bras","[{""key"": ""Brand Color"", ""value"": ""Black""}, {""key"": ""color"", ""value"": ""Black""}, {""key"": ""Pattern"", ""value"": ""Solid""}, {""key"": ""Ideal For"", ""value"": ""Women's""}, {""key"": ""Occasion"", ""value"": ""Party""}, {""key"": ""Wire Support"", ""value"": ""Underwire""}, {""key"": ""Inner Lining"", ""value"": ""Polyamide""}, {""key"": ""Straps"", ""value"": ""Multiway""}, {""key"": ""Detachable Straps"", ""value"": ""Yes""}, {""key"": ""Other Bra Details"", ""value"": ""Perfect T-shirt Bra""}, {""key"": ""Number of Contents in Sales Package"", ""value"": ""Pack of 1""}, {""key"": ""Cup Type"", ""value"": ""Soft Padded Pushup Molded Cups""}, {""key"": ""Fabric"", ""value"": ""80% Polyamide, 20% Elastane""}, {""key"": ""Type"", ""value"": ""Push-up Bra""}, {""key"": ""Seam Type"", ""value"": ""Seamless""}, {""key"": ""Design"", ""value"": ""Front Open Balconette Underwire ,Push up Bra with Dual Straps : Detachable Racer Back and detachable regular Straps .""}, {""value"": ""Gentle Machine Wash in Lukewarm Water, Do Not Bleach""}, {""value"": ""Front Open Bra With Durable Lock . Pushup Underwire Peek-A-Boob Style .""}, {""value"": ""1 Bra""}]","Flipkart Products, PromptCloud / PromptCloudHQ, version 1, via Kaggle",https://creativecommons.org/licenses/by-sa/4.0/,https://www.kaggle.com/datasets/PromptCloudHQ/flipkart-products,,,,,,,,flipkart_party:BRAEAHFYFKDVDY8F,keep,single_product_presentation,,0227a67ffa440ffd979fc05f1adb7ec8c5afe1416688618ae122d481870af145,be667c339ab346e35183e3b1d6c82dc63a82857dde315c73713b0d403423af41,5df4a86f03aa9bdf55813c2315f0c22b88fddf895b65163f5f149a0281435859,958b41dd5e1c84082a29290338ef4f94e63aeb89342f414c54fbd195ad859f2f,6961615569717133,ffffffff3c180000,2269615561313323,ffffbdff3c0000ff,6961615569717133,ffffffff3c180000,989,1000,external_family_2de9b5a250712c6ad23a,False,accepted_for_auxiliary_source_label_training,63001865b4f89540b96d72b8b0c724265cd33640bb280b2e80506977ee703c59,5df4a86f03aa9bdf55813c2315f0c22b88fddf895b65163f5f149a0281435859,be667c339ab346e35183e3b1d6c82dc63a82857dde315c73713b0d403423af41,0,9,60,61,data/external/rare_usage_20260906/images_60x80/flipkart_party/BRAEAHFYFKDVDY8F.png,source_usage,False,Party,validation
flipkart_party,TOPE6Y9NZYXUSA3R,flipkart_meta_ed5d5575fd4485e3,No Code Party Sleeveless Embellished Women's Top,Tops,Party,"[""Party""]",source_exact_occasion,http://www.flipkart.com/no-code-party-sleeveless-embellished-women-s-top/p/itme6y9nyzwmehgv?pid=TOPE6Y9NZYXUSA3R,http://img5a.flixcart.com/image/top/n/u/3/1-1-a14-245-no-code-xl-original-imae5nyujry4wr7x.jpeg,data/external/rare_usage_20260906/flipkart_party/originals/TOPE6Y9NZYXUSA3R.image,64a507eb271e410428e65073752d87540d6c63394791da77e63aa38aa3e3158a,60,80,Publisher metadata CC BY-SA 4.0; remote photo rights scope not established,998fca59fe2f7897342e40a7f3bd6176,"Clothing >> Women's Clothing >> Western Wear >> Shirts, Tops & Tunics >> Tops >> No Code Tops","[{""key"": ""Sleeve"", ""value"": ""Sleeveless""}, {""key"": ""Number of Contents in Sales Package"", ""value"": ""Pack of 1""}, {""key"": ""Fabric"", ""value"": ""Georgette""}, {""key"": ""Neck"", ""value"": ""Round Neck""}, {""key"": ""Pattern"", ""value"": ""Embellished""}, {""key"": ""Ideal For"", ""value"": ""Women's""}, {""key"": ""Occasion"", ""value"": ""Party""}]","Flipkart Products, PromptCloud / PromptCloudHQ, version 1, via Kaggle",https://creativecommons.org/licenses/by-sa/4.0/,https://www.kaggle.com/datasets/PromptCloudHQ/flipkart-products,,,,,,,,flipkart_party:TOPE6Y9NZYXUSA3R,keep,model_worn_outfit_context,,64a507eb271e410428e65073752d87540d6c63394791da77e63aa38aa3e3158a,dd39bd60ed65731bc0e51e5399799418e1febbd454105271b40a14d78c48405d,78fdc57ff8115847b3a0647f44d5eb526989e0649366cbcbac799abe1234c883,dd39bd60ed65731bc0e51e5399799418e1febbd454105271b40a14d78c48405d,0f961f39940f2727,e7c7cf9d46c38383,4d1d1e3b5d0f1616,e7e7c7cb85c3c3c3,0f961f39940f2727,e7c7cf9d46c38383,945,1592,external_family_43dc1a83353c2f5303e0,False,accepted_for_auxiliary_source_label_training,5c20487aa0a85e75b27bfe1b17ebc6a7705967a562a28f9206fcc78546dd2cb6,78fdc57ff8115847b3a0647f44d5eb526989e0649366cbcbac799abe1234c883,dd39bd60ed65731bc0e51e5399799418e1febbd454105271b40a14d78c48405d,6,0,47,80,data/external/rare_usage_20260906/images_60x80/flipkart_party/TOPE6Y9NZYXUSA3R.png,source_usage,False,Party,validation
flipkart_party,SHOECFF6RGVPAVP8,flipkart_meta_e0df2e116fae54fb,Pamphilos Casual Shoes,Casual Shoes,Party,"[""Party""]",source_exact_occasion,http://www.flipkart.com/pamphilos-casual-shoes/p/itmecff6rnyga5sq?pid=SHOECFF6RGVPAVP8,http://img6a.flixcart.com/image/shoe/v/p/8/tan-49-52-pamphilos-43-original-imaeapdqhmbhyyzd.jpeg,data/external/rare_usage_20260906/flipkart_party/originals/SHOECFF6RGVPAVP8.image,f8b2541ee6e6db6a9f31b234ed06e45dca0d853df8349c7ea90f52624f3de56d,60,80,Publisher metadata CC BY-SA 4.0; remote photo rights scope not established,5bd113568343fa5c5e260012458cccc6,Footwear >> Men's Footwear >> Casual Shoes >> Pamphilos Casual Shoes,"[{""key"": ""Occasion"", ""value"": ""Party""}, {""key"": ""Ideal For"", ""value"": ""Men""}, {""key"": ""Heel Height"", ""value"": ""1 inch""}, {""key"": ""Outer Material"", ""value"": ""Synthetic Leather""}, {""key"": ""Color"", ""value"": ""Tan""}]","Flipkart Products, PromptCloud / PromptCloudHQ, version 1, via Kaggle",https://creativecommons.org/licenses/by-sa/4.0/,https://www.kaggle.com/datasets/PromptCloudHQ/flipkart-products,,,,,,,,flipkart_party:SHOECFF6RGVPAVP8,keep,single_product_presentation,,f8b2541ee6e6db6a9f31b234ed06e45dca0d853df8349c7ea90f52624f3de56d,83100488a47af85d879c966a60ff68eeb52bcb477579814d2f79eeec4949f536,f584e39c304902616347d9ea2b237ef286321ac258bb00aeea47edacd15c201b,99b022ff25c7c52f008fe72403a74e4f3322876fc97ee99e7a4c93df589325a6,5a5a4d6d66bb5903,8f8f8707030100e1,005a596e274b07a0,ff9f0f070300ffff,5a5a4d6d66bb5907,8f8f8707030100e1,1672,1373,external_family_6db2aa51092eeb7cf3f2,False,accepted_for_auxiliary_source_label_training,6c66b31345358f6d7875d2e6ae44f6c46cc777da079a90ce471e22d499a3c177,f584e39c304902616347d9ea2b237ef286321ac258bb00aeea47edacd15c201b,83100488a47af85d879c966a60ff68eeb52bcb477579814d2f79eeec4949f536,0,15,60,49,data/external/rare_usage_20260906/images_60x80/flipkart_party/SHOECFF6RGVPAVP8.png,source_usage,False,Party,validation
flipkart_party,SHTE8VQHTDXGV5TM,flipkart_meta_e9196bd7253382d0,Harpa Women's Solid Party Shirt,Shirts,Party,"[""Party""]",source_exact_occasion,http://www.flipkart.com/harpa-women-s-solid-party-shirt/p/itme8vqhntswcgfu?pid=SHTE8VQHTDXGV5TM,http://img5a.flixcart.com/image/shirt/5/t/m/gr2719white-harpa-xl-original-imae8uqdghcvqgzz.jpeg,data/external/rare_usage_20260906/flipkart_party/originals/SHTE8VQHTDXGV5TM.image,8fe9692faa139965c92c2088beed656ff7fd8b1a258bdd2e964d44cd816d993f,60,80,Publisher metadata CC BY-SA 4.0; remote photo rights scope not established,96543c1d32bf4c2e9824e3c94f755dc6,"Clothing >> Women's Clothing >> Western Wear >> Shirts, Tops & Tunics >> Shirts >> Harpa Shirts","[{""key"": ""Pattern"", ""value"": ""Solid""}, {""key"": ""Ideal For"", ""value"": ""Women's""}, {""key"": ""Occasion"", ""value"": ""Party""}, {""key"": ""Knit Type"", ""value"": ""1 Top""}, {""key"": ""Sleeve"", ""value"": ""Full Sleeve""}, {""key"": ""Number of Contents in Sales Package"", ""value"": ""Pack of 1""}, {""key"": ""Brand Fit"", ""value"": ""Regular""}, {""key"": ""Fabric"", ""value"": ""Crepe""}, {""key"": ""Fit"", ""value"": ""Regular""}, {""value"": ""Hand Wash in Cold Water. Dry in Shade for Lasting Color.""}, {""value"": ""1 Shirt""}, {""key"": ""Style Code"", ""value"": ""GR2719WHITE""}]","Flipkart Products, PromptCloud / PromptCloudHQ, version 1, via Kaggle",https://creativecommons.org/licenses/by-sa/4.0/,https://www.kaggle.com/datasets/PromptCloudHQ/flipkart-products,,,,,,,,flipkart_party:SHTE8VQHTDXGV5TM,keep,model_worn_outfit_context,,8fe9692faa139965c92c2088beed656ff7fd8b1a258bdd2e964d44cd816d993f,e9f2488faf53a57708464a57e23262ad28ba59a6e67b8e12ed779806fcd817ee,1d9a00bc40954e4c354c6ecd1df9998d9b6a5323152de159136250c77658866f,e9f2488faf53a57708464a57e23262ad28ba59a6e67b8e12ed779806fcd817ee,069637297b312517,e3c3dfffffff8081,4d4d963236330797,e7e7cfdfffffc3c3,069637297b312517,e3c3dfffffff8081,693,1492,external_family_6e516d7361525ec2c1ff,False,accepted_for_auxiliary_source_label_training,ece8af5370fd51c605c4c03fff6ad0762e1a4e1b8dbfe31bdba5f9af5fa9fe1e,1d9a00bc40954e4c354c6ecd1df9998d9b6a5323152de159136250c77658866f,e9f2488faf53a57708464a57e23262ad28ba59a6e67b8e12ed779806fcd817ee,11,0,37,80,data/external/rare_usage_20260906/images_60x80/flipkart_party/SHTE8VQHTDXGV5TM.png,source_usage,False,Party,validation
flipkart_party,SNDEHZQ7YZAHAZYP,flipkart_meta_1d4f81ee81b95fa1,Style Buy Style Women Heels,Heels,Party,"[""Party""]",source_exact_occasion,http://www.flipkart.com/style-buy-women-heels/p/itmehzq7nt9urqgs?pid=SNDEHZQ7YZAHAZYP,http://img6a.flixcart.com/image/sandal/k/a/d/red-304-style-buy-style-10-original-imaehw4zgrcf9dvw.jpeg,data/external/rare_usage_20260906/flipkart_party/originals/SNDEHZQ7YZAHAZYP.image,136c81e47685a6c834e7c6a0dcb83008aa69fd097be1cbd7a000d4f8e4547a30,60,80,Publisher metadata CC BY-SA 4.0; remote photo rights scope not established,f22a190eca42213c2a28c27894ec8dc8,Footwear >> Women's Footwear >> Heels >> Style Buy Style Women Heels,"[{""key"": ""Occasion"", ""value"": ""Party""}, {""key"": ""Ideal For"", ""value"": ""Women""}, {""key"": ""Number of Contents in Sales Package"", ""value"": ""Pack of 1""}, {""key"": ""Weight"", ""value"": ""400 g (per single Sandal) - Weight of the product may vary depending on size.""}, {""key"": ""Type"", ""value"": ""Heels""}, {""key"": ""Heel Height"", ""value"": ""2 inch""}, {""key"": ""Removable Insole"", ""value"": ""No""}, {""key"": ""Outer Material"", ""value"": ""Synthetic Leather""}, {""key"": ""Color"", ""value"": ""Red""}, {""value"": ""1 Pair""}, {""key"": ""Care Instructions"", ""value"": ""Do not Bleach""}]","Flipkart Products, PromptCloud / PromptCloudHQ, version 1, via Kaggle",https://creativecommons.org/licenses/by-sa/4.0/,https://www.kaggle.com/datasets/PromptCloudHQ/flipkart-products,,,,,,,,flipkart_party:SNDEHZQ7YZAHAZYP,keep,single_product_presentation,,136c81e47685a6c834e7c6a0dcb83008aa69fd097be1cbd7a000d4f8e4547a30,4e3cd877273306c03715a3f4695f39f2f5dd6acb375d0a6c436f663db92e3093,5bc8539d1c8e185b0cbae693c713158a819c43f7146213c0352996270453b6d9,4e3cd877273306c03715a3f4695f39f2f5dd6acb375d0a6c436f663db92e3093,703f9c9f0b574b67,bf8fc74381c0e0f3,3882381f4747a043,ffff9f0300f1ffff,703f9c9f0b574b67,bf8fc74381c0e0f3,1465,745,external_family_71065c9645d627741f14,False,accepted_for_auxiliary_source_label_training,f87382236a6953d5e5d4a9f7ccac5d557035d6d933630e60961f4f2d84b05f73,5bc8539d1c8e185b0cbae693c713158a819c43f7146213c0352996270453b6d9,4e3cd877273306c03715a3f4695f39f2f5dd6acb375d0a6c436f663db92e3093,0,24,60,31,data/external/rare_usage_20260906/images_60x80/flipkart_party/SNDEHZQ7YZAHAZYP.png,source_usage,False,Party,validation
flipkart_party,TOPEHZNZ9YZYYAPU,flipkart_meta_beec7df65a1af4c5,Satovira Party Sleeveless Solid Women's Top,Tops,Party,"[""Party""]",source_exact_occasion,http://www.flipkart.com/satovira-party-sleeveless-solid-women-s-top/p/itmehznzwzbzczt9?pid=TOPEHZNZ9YZYYAPU,http://img6a.flixcart.com/image/top/j/s/v/layered-blue-satovira-xl-original-imaehznjn2rjtjas.jpeg,data/external/rare_usage_20260906/flipkart_party/originals/TOPEHZNZ9YZYYAPU.image,d14a6985a40caae3efab448e6933acf421d457b86425fc0342453db12ecef346,60,80,Publisher metadata CC BY-SA 4.0; remote photo rights scope not established,81238bec1c1d0869cac3661654a2da2b,"Clothing >> Women's Clothing >> Western Wear >> Shirts, Tops & Tunics >> Tops >> Satovira Tops >> Satovira Party Sleeveless Solid Women's Top","[{""key"": ""Sleeve"", ""value"": ""Sleeveless""}, {""key"": ""Number of Contents in Sales Package"", ""value"": ""Pack of 1""}, {""key"": ""Fabric"", ""value"": ""Georgette""}, {""key"": ""Type"", ""value"": ""Top""}, {""key"": ""Neck"", ""value"": ""Round Neck""}, {""key"": ""Pattern"", ""value"": ""Solid""}, {""key"": ""Occasion"", ""value"": ""Party""}, {""key"": ""Ideal For"", ""value"": ""Women's""}, {""value"": ""Hand Wash. Wash with similar colours, Use detergent for colours""}]","Flipkart Products, PromptCloud / PromptCloudHQ, version 1, via Kaggle",https://creativecommons.org/licenses/by-sa/4.0/,https://www.kaggle.com/datasets/PromptCloudHQ/flipkart-products,,,,,,,,flipkart_party:TOPEHZNZ9YZYYAPU,keep,model_worn_outfit_context,,d14a6985a40caae3efab448e6933acf421d457b86425fc0342453db12ecef346,78919149f8b81076d46f1ab1861d78db8b893a34bdb7f9de40016dd1ed5c6928,17408a667ca10c2064b9e1e0b7aa4c534b64911ffcd51b7b408772ac4390b358,78919149f8b81076d46f1ab1861d78db8b893a34bdb7f9de40016dd1ed5c6928,4c96172b2b2b39b9,e7c3c3998181dddd,4d96172b233bbbbb,e7c3c3db8383dfdf,4c96172b2b2b39b9,e7c3c3998181dddd,2995,4493,external_family_79b32406b0d8bbc4c9d4,False,accepted_for_auxiliary_source_label_training,a6cdd6f2552cbf6b0a8465e13db6ee15e9c887a2f53dc0d3a2d35cfabfdd610c,17408a667ca10c2064b9e1e0b7aa4c534b64911ffcd51b7b408772ac4390b358,78919149f8b81076d46f1ab1861d78db8b893a34bdb7f9de40016dd1ed5c6928,3,0,53,80,data/external/rare_usage_20260906/images_60x80/flipkart_party/TOPEHZNZ9YZYYAPU.png,source_usage,False,Party,validation
flipkart_party,BZREHJ6ZXZ9YWZFB,flipkart_meta_0b4e5cf89a9ca99c,Blackberrys Self Design Single Breasted Party Men's Blazer,Blazers,Party,"[""Party""]",source_exact_occasion,http://www.flipkart.com/blackberrys-self-design-single-breasted-party-men-s-blazer/p/itmehj6zkfypdmhb?pid=BZREHJ6ZXZ9YWZFB,http://img6a.flixcart.com/image/blazer/z/f/b/nl-hublot2-bler28l-blackberrys-40-1000x1000-imaehj4n5zphkfrw.jpeg,data/external/rare_usage_20260906/flipkart_party/originals/BZREHJ6ZXZ9YWZFB.image,5cb39dddeda04a524ef782989c0eb4098bc5ff5b4782c95d864ce19dfe639948,60,80,Publisher metadata CC BY-SA 4.0; remote photo rights scope not established,96cbaf12abab40af6bcb5089f65964c6,Clothing >> Men's Clothing >> Suits & Blazers >> Blazers >> Blackberrys Blazers >> Blackberrys Self Design Single Breasted Party Me...,"[{""key"": ""Pattern"", ""value"": ""Self Design""}, {""key"": ""Ideal For"", ""value"": ""Men's""}, {""key"": ""Occasion"", ""value"": ""Party""}, {""key"": ""Sleeve"", ""value"": ""Full Sleeve""}, {""key"": ""Number of Contents in Sales Package"", ""value"": ""Pack of 1""}, {""key"": ""Fabric"", ""value"": ""87% Polyester, 13% Rayon""}, {""key"": ""Type"", ""value"": ""Single Breasted""}, {""value"": ""Dry Clean Only""}, {""key"": ""Style Code"", ""value"": ""NL-HUBLOT2:BLER28L""}, {""value"": ""1 Blazer""}]","Flipkart Products, PromptCloud / PromptCloudHQ, version 1, via Kaggle",https://creativecommons.org/licenses/by-sa/4.0/,https://www.kaggle.com/datasets/PromptCloudHQ/flipkart-products,,,,,,,,flipkart_party:BZREHJ6ZXZ9YWZFB,keep,model_worn_outfit_context,,5cb39dddeda04a524ef782989c0eb4098bc5ff5b4782c95d864ce19dfe639948,fd819185178dbee8abe9136ebd5933888d4ac02a083449399fa29098c1b97b91,66c2c3b8ee00dcbbeb592e65d6a85345f02c5ee509f34b1f6fdadd9416aa92b6,cc0b9a704a3208839cb7a696abe185f74676dace138c7f99aa4a49ff798088db,4d4c173335339796,e7ffc3818181c3c3,4d4d973333139696,e7ffc3c18181c3c3,4f0c133133139b9b,e7ffc1818089c1c1,650,1000,external_family_7b486b90bcf5e522e0b3,False,accepted_for_auxiliary_source_label_training,11681c336e5a75f963085889f86091c3c30f603dea1dad2264dfbfca6670ff4e,66c2c3b8ee00dcbbeb592e65d6a85345f02c5ee509f34b1f6fdadd9416aa92b6,fd819185178dbee8abe9136ebd5933888d4ac02a083449399fa29098c1b97b91,4,0,52,80,data/external/rare_usage_20260906/images_60x80/flipkart_party/BZREHJ6ZXZ9YWZFB.png,source_usage,False,Party,validation
flipkart_party,SUIEHFNUU3BDCGZN,flipkart_meta_4ac1c88505627922,Kute Kids Coat Suit Set Solid Boy's Suit,Blazers,Party,"[""Party""]",source_exact_occasion,http://www.flipkart.com/kute-kids-coat-suit-set-solid-boy-s/p/itmehfnuggvp7a5y?pid=SUIEHFNUU3BDCGZN,http://img5a.flixcart.com/image/suit/z/f/y/kk2828-kute-kids-11-12-years-original-imaehfg55q7ancdh.jpeg,data/external/rare_usage_20260906/flipkart_party/originals/SUIEHFNUU3BDCGZN.image,c87ebc7782c143f3f8860de8118115e4bc26eeba3463e767e0b5af18b0f942de,60,80,Publisher metadata CC BY-SA 4.0; remote photo rights scope not established,272e6a238b4a93c95ec01d4bcd74974c,Clothing >> Kids' Clothing >> Boys Wear >> Suits and Blazers >> Blazers >> Kute Kids Blazers >> Kute Kids Coat Suit Set Solid Boy's Suit,"[{""key"": ""Fabric"", ""value"": ""Cotton Blend""}, {""key"": ""Type"", ""value"": ""Coat Suit Set""}, {""key"": ""Pattern"", ""value"": ""Solid""}, {""key"": ""Occasion"", ""value"": ""Party""}, {""key"": ""Ideal For"", ""value"": ""Boy's""}, {""key"": ""Trouser Closure"", ""value"": ""Zipper Closure""}, {""value"": ""1 Coat, 1 Pant, 1 Shirt, 1 Jacket, 1 Tie""}, {""key"": ""Style Code"", ""value"": ""KK2828""}, {""value"": ""Dry Clean Only""}]","Flipkart Products, PromptCloud / PromptCloudHQ, version 1, via Kaggle",https://creativecommons.org/licenses/by-sa/4.0/,https://www.kaggle.com/datasets/PromptCloudHQ/flipkart-products,,,,,,,,flipkart_party:SUIEHFNUU3BDCGZN,keep,model_worn_outfit_context,,c87ebc7782c143f3f8860de8118115e4bc26eeba3463e767e0b5af18b0f942de,cc9c85250755c28a33486234e50404e50356e80222699da7125fe0aa3c0f6959,b5bdcb6b29a5c0efe191a3bc9fa9942a560fb6a7138b71d8e021ed5e45980cdf,534552b36fc93d31646a66d9809a74474ae79801164bd0f5c545c2779bc7f18b,8617178e0f169696,e7db0142c3c3d3db,4d95160e8e4d4d55,e7e7c3c3c7e7e7e7,861717860f169696,e7db8142c3c3d3db,1952,5096,external_family_8d3ff0b21412c0fb6b36,False,accepted_for_auxiliary_source_label_training,429ca6aa88ca0c9584dc792254f9f5502956ce4b5087caf5e2abf59f3cd3a7d4,b5bdcb6b29a5c0efe191a3bc9fa9942a560fb6a7138b71d8e021ed5e45980cdf,cc9c85250755c28a33486234e50404e50356e80222699da7125fe0aa3c0f6959,14,0,31,80,data/external/rare_usage_20260906/images_60x80/flipkart_party/SUIEHFNUU3BDCGZN.png,source_usage,False,Party,validation
flipkart_party,TOPDYTMFQNAGZVNG,flipkart_meta_3132fd78b7da1c02,I Am For You Party Sleeveless Solid Women's Top,Tops,Party,"[""Party""]",source_exact_occasion,http://www.flipkart.com/am-you-party-sleeveless-solid-women-s-top/p/itmdytmfcy2zbw5y?pid=TOPDYTMFQNAGZVNG,http://img6a.flixcart.com/image/top/v/n/g/imfu-fk-014-i-am-for-you-s-1100x1360-imadyvypzbhmqgc3.jpeg,data/external/rare_usage_20260906/flipkart_party/originals/TOPDYTMFQNAGZVNG.image,60c207d11f5a3368731436b4ad0c51a8b45322549d57dcc181e6388dfc06c51b,60,80,Publisher metadata CC BY-SA 4.0; remote photo rights scope not established,9386bcaa8ab0ba218b16ad5a2d88c1f7,"Clothing >> Women's Clothing >> Western Wear >> Shirts, Tops & Tunics >> Tops >> I Am For You Tops","[{""key"": ""Sleeve"", ""value"": ""Sleeveless""}, {""key"": ""Number of Contents in Sales Package"", ""value"": ""Pack of 1""}, {""key"": ""Fabric"", ""value"": ""Viscose""}, {""key"": ""Neck"", ""value"": ""Scoop Neck""}, {""key"": ""Pattern"", ""value"": ""Solid""}, {""key"": ""Ideal For"", ""value"": ""Women's""}, {""key"": ""Occasion"", ""value"": ""Party""}, {""value"": ""Wash With Similar Color, Do Not Bleach, Do Not Tumble Dry, Low Iron""}, {""value"": ""Top""}]","Flipkart Products, PromptCloud / PromptCloudHQ, version 1, via Kaggle",https://creativecommons.org/licenses/by-sa/4.0/,https://www.kaggle.com/datasets/PromptCloudHQ/flipkart-products,,,,,,,,flipkart_party:TOPDYTMFQNAGZVNG,keep,single_product_presentation,,60c207d11f5a3368731436b4ad0c51a8b45322549d57dcc181e6388dfc06c51b,54d5178dbbc15172a895550d29a57b5a10f0c71f0a117d16d3f394cc8ccc7073,4f480a9db3e83970b8a3b098780f02c227c5d21c33873c2c24510f563bb7fb27,fe74309cafcc1998e30bee8846a3df72b22571676b9b196f1eb35e8c0bf9b2ab,0f172b2b23232b0b,e7808183818181c3,0e0f179696169696,e7c3c3c3c3c3c3c3,0f172b2b23232b2b,e7808183818181c3,656,1360,external_family_a34fa94f01e39c6082c9,False,accepted_for_auxiliary_source_label_training,a0315866e1dc6aee4fb6b0d27fa5d2e5446956fd6518f62e0bc026b85a3fa40a,4f480a9db3e83970b8a3b098780f02c227c5d21c33873c2c24510f563bb7fb27,54d5178dbbc15172a895550d29a57b5a10f0c71f0a117d16d3f394cc8ccc7073,10,0,39,80,data/external/rare_usage_20260906/images_60x80/flipkart_party/TOPDYTMFQNAGZVNG.png,source_usage,False,Party,validation
flipkart_party,TOPECH4FHGAQXFDH,flipkart_meta_572d16f36c6c4e8d,Dglowing Party Sleeveless Embellished Women's Top,Tops,Party,"[""Party""]",source_exact_occasion,http://www.flipkart.com/dglowing-party-sleeveless-embellished-women-s-top/p/itmech4fyfzzzzcy?pid=TOPECH4FHGAQXFDH,http://img5a.flixcart.com/image/top/f/d/h/1-1-dctb-ring-dglowing-free-original-imaecfzgy9nnjmht.jpeg,data/external/rare_usage_20260906/flipkart_party/originals/TOPECH4FHGAQXFDH.image,eba8441c5bcb5cf47b0a9ca15810c0d1888847b5363eee45406c45e059fb17fb,60,80,Publisher metadata CC BY-SA 4.0; remote photo rights scope not established,a80c8eefcd29e442d8f4df9dc5316115,"Clothing >> Women's Clothing >> Western Wear >> Shirts, Tops & Tunics >> Tops >> Dglowing Tops","[{""key"": ""Sleeve"", ""value"": ""Sleeveless""}, {""key"": ""Number of Contents in Sales Package"", ""value"": ""Pack of 1""}, {""key"": ""Belt Included"", ""value"": ""No""}, {""key"": ""Fabric"", ""value"": ""Nylon and Spandex""}, {""key"": ""Type"", ""value"": ""Cami top""}, {""key"": ""Neck"", ""value"": ""Round""}, {""key"": ""Pattern"", ""value"": ""Embellished""}, {""key"": ""Occasion"", ""value"": ""Party""}, {""key"": ""Ideal For"", ""value"": ""Women's""}, {""value"": ""Cami Top""}]","Flipkart Products, PromptCloud / PromptCloudHQ, version 1, via Kaggle",https://creativecommons.org/licenses/by-sa/4.0/,https://www.kaggle.com/datasets/PromptCloudHQ/flipkart-products,,,,,,,,flipkart_party:TOPECH4FHGAQXFDH,keep,model_worn_outfit_context,,eba8441c5bcb5cf47b0a9ca15810c0d1888847b5363eee45406c45e059fb17fb,2353e50c87c31de09bd76b663dfed83e2779ca10ccfaa543634c1293abdb0dc1,d7fd2537f7ca64f20da1b36435547741d0f69d3bec2146b2b4ca04b286503716,f3788c4a264892c06588ab8584f094205355425076b33726aabdaa0e6ac5b486,23058d8f8b8b9c1d,f9f1e5e0e1e0eeff,26220b4f870f491b,f3f3e3e1e3e1edef,23058d8f8b8b9c1d,f9f1e5e0e1e0eeff,3869,7266,external_family_a5cde0be127c0947215c,False,accepted_for_auxiliary_source_label_training,8874c8490fd656f2ab95bc8c2b560185ee84777ea2d447e9d226a039b0103679,d7fd2537f7ca64f20da1b36435547741d0f69d3bec2146b2b4ca04b286503716,2353e50c87c31de09bd76b663dfed83e2779ca10ccfaa543634c1293abdb0dc1,8,0,43,80,data/external/rare_usage_20260906/images_60x80/flipkart_party/TOPECH4FHGAQXFDH.png,source_usage,False,Party,validation
flipkart_party,TOPE4QK44FNX6PY5,flipkart_meta_e4e59e7176067e3c,Elisabetta Bartolli Party Short Sleeve Solid Women's Top,Tops,Party,"[""Party""]",source_exact_occasion,http://www.flipkart.com/elisabetta-bartolli-party-short-sleeve-solid-women-s-top/p/itme4qk4u2a4dfbg?pid=TOPE4QK44FNX6PY5,http://img5a.flixcart.com/image/top/d/z/g/1-1-301503-elisabetta-bartolli-s-original-imae4pw8hkdmvpdb.jpeg,data/external/rare_usage_20260906/flipkart_party/originals/TOPE4QK44FNX6PY5.image,68fbe8e1f6e07bc5ca399578ce79dad1cd84c6ca90757c687fe290d923f3101a,60,80,Publisher metadata CC BY-SA 4.0; remote photo rights scope not established,873dd9a81b6ea6a8acf59019d9ec291c,"Clothing >> Women's Clothing >> Western Wear >> Shirts, Tops & Tunics >> Tops >> Elisabetta Bartolli Tops","[{""key"": ""Ideal For"", ""value"": ""Women's""}, {""key"": ""Occasion"", ""value"": ""Party""}, {""key"": ""Pattern"", ""value"": ""Solid""}, {""key"": ""Fabric"", ""value"": ""100% Polyester""}, {""key"": ""Design"", ""value"": ""Emroidered""}, {""key"": ""Sleeve"", ""value"": ""Short Sleeve""}, {""key"": ""Closure"", ""value"": ""Button""}, {""key"": ""Belt Included"", ""value"": ""No""}, {""key"": ""Number of Contents in Sales Package"", ""value"": ""Pack of 1""}]","Flipkart Products, PromptCloud / PromptCloudHQ, version 1, via Kaggle",https://creativecommons.org/licenses/by-sa/4.0/,https://www.kaggle.com/datasets/PromptCloudHQ/flipkart-products,,,,,,,,flipkart_party:TOPE4QK44FNX6PY5,keep,model_worn_outfit_context,,68fbe8e1f6e07bc5ca399578ce79dad1cd84c6ca90757c687fe290d923f3101a,4ad7d105382ae84818bb2bae56b84f14a1374158dbd00fba4aaad137fc1d63d7,7de610a0ee0f0f07818b8fdf5e090554b7cd988b7c990bb81ca86d2af3c71144,4ad7d105382ae84818bb2bae56b84f14a1374158dbd00fba4aaad137fc1d63d7,8f2c6f5d7d2e1c18,cfc7830507878fff,1e8c2e3b3b3d1d98,efc783818787cfff,8f2c6f5d7d2e1c18,cfc7830507878fff,867,1663,external_family_c3eab2853302f040e207,False,accepted_for_auxiliary_source_label_training,cdef47b9753d8f7d5e70247438a421e9bfb71aa1ad33ca35051558d1a9889624,7de610a0ee0f0f07818b8fdf5e090554b7cd988b7c990bb81ca86d2af3c71144,4ad7d105382ae84818bb2bae56b84f14a1374158dbd00fba4aaad137fc1d63d7,9,0,42,80,data/external/rare_usage_20260906/images_60x80/flipkart_party/TOPE4QK44FNX6PY5.png,source_usage,False,Party,validation
flipkart_party,TOPEHZNPUWSFVHKM,flipkart_meta_196f94980bce3a54,Satovira Party Short Sleeve Solid Women's Top,Tops,Party,"[""Party""]",source_exact_occasion,http://www.flipkart.com/satovira-party-short-sleeve-solid-women-s-top/p/itmehznpmwttvhmz?pid=TOPEHZNPUWSFVHKM,http://img5a.flixcart.com/image/top/z/2/7/dropshoulder-blue-satovira-l-original-imaehznjrgbkh95r.jpeg,data/external/rare_usage_20260906/flipkart_party/originals/TOPEHZNPUWSFVHKM.image,1c5b83bbb55484bf6109731c05ed5089f3d9eef228ee4e1d057e9aeabb37f96d,60,80,Publisher metadata CC BY-SA 4.0; remote photo rights scope not established,fa7bf81661418be8643ee167c41b5ca8,"Clothing >> Women's Clothing >> Western Wear >> Shirts, Tops & Tunics >> Tops >> Satovira Tops >> Satovira Party Short Sleeve Solid Women's Top","[{""key"": ""Sleeve"", ""value"": ""Short Sleeve""}, {""key"": ""Number of Contents in Sales Package"", ""value"": ""Pack of 1""}, {""key"": ""Fabric"", ""value"": ""Polyester""}, {""key"": ""Type"", ""value"": ""Top""}, {""key"": ""Neck"", ""value"": ""Spaghetti Neck""}, {""key"": ""Pattern"", ""value"": ""Solid""}, {""key"": ""Ideal For"", ""value"": ""Women's""}, {""key"": ""Occasion"", ""value"": ""Party""}, {""value"": ""Hand Wash. Wash with similar colours, Use detergent for colours""}]","Flipkart Products, PromptCloud / PromptCloudHQ, version 1, via Kaggle",https://creativecommons.org/licenses/by-sa/4.0/,https://www.kaggle.com/datasets/PromptCloudHQ/flipkart-products,,,,,,,,flipkart_party:TOPEHZNPUWSFVHKM,keep,model_worn_outfit_context,,1c5b83bbb55484bf6109731c05ed5089f3d9eef228ee4e1d057e9aeabb37f96d,1c764933d4a9b962fe344744e45534539f44564f1644104dffc090985c54c101,b679f3ca9aa9dc9014246d1f4a4c6890e62c5b7147e00b195eaf9abcbcedccfe,819cc7992cac1d77fbb90e3e360068c8d9a02e122c272d3f775f171e79914ee9,4c16972333333bb9,e7c3c3c181c1dddf,4d569633331393bb,e7c3c3c381c3dbdf,4496972333333bb9,e7c3c38181c1dddf,2901,4352,external_family_cd7c1a81faf11471c6a6,False,accepted_for_auxiliary_source_label_training,3f175790d44c8c9389d30b28cf865d6c9d2373f4af2ad81ce229bafbedbdc0fb,b679f3ca9aa9dc9014246d1f4a4c6890e62c5b7147e00b195eaf9abcbcedccfe,1c764933d4a9b962fe344744e45534539f44564f1644104dffc090985c54c101,3,0,53,80,data/external/rare_usage_20260906/images_60x80/flipkart_party/TOPEHZNPUWSFVHKM.png,source_usage,False,Party,validation
flipkart_party,TOPE9ZZ8SGT9ENVF,flipkart_meta_f87bd8efc5217611,Miss Chase Party Sleeveless Solid Women's Top,Tops,Party,"[""Party""]",source_exact_occasion,http://www.flipkart.com/miss-chase-party-sleeveless-solid-women-s-top/p/itme9zz8ghe5sjy4?pid=TOPE9ZZ8SGT9ENVF,http://img6a.flixcart.com/image/top/n/v/f/1-1-mcaw15tp02-60-32-miss-chase-m-original-imae9cafhdfshzyd.jpeg,data/external/rare_usage_20260906/flipkart_party/originals/TOPE9ZZ8SGT9ENVF.image,a93c12993eaa23a2e062d3f1d4da9298af2c973505a50cb833abbc92ae1fc564,60,80,Publisher metadata CC BY-SA 4.0; remote photo rights scope not established,4e457a8a3c012f83070ce19121343254,"Clothing >> Women's Clothing >> Western Wear >> Shirts, Tops & Tunics >> Tops >> Miss Chase Tops","[{""key"": ""Sleeve"", ""value"": ""Sleeveless""}, {""key"": ""Number of Contents in Sales Package"", ""value"": ""Pack of 1""}, {""key"": ""Fabric"", ""value"": ""Metallic Fabric""}, {""key"": ""Neck"", ""value"": ""NA""}, {""key"": ""Pattern"", ""value"": ""Solid""}, {""key"": ""Ideal For"", ""value"": ""Women's""}, {""key"": ""Occasion"", ""value"": ""Party""}, {""value"": ""Hand wash with warm water, wash dark colors separately, do not bleach, dip dry away from direct heat, warm iron only""}]","Flipkart Products, PromptCloud / PromptCloudHQ, version 1, via Kaggle",https://creativecommons.org/licenses/by-sa/4.0/,https://www.kaggle.com/datasets/PromptCloudHQ/flipkart-products,,,,,,,,flipkart_party:TOPE9ZZ8SGT9ENVF,keep,model_worn_outfit_context,,a93c12993eaa23a2e062d3f1d4da9298af2c973505a50cb833abbc92ae1fc564,2eede7dde281bc2229301641f31c7fa9b5a7d99b68c65372f0d4b5ce1065d30b,2bbcad5762330b7def27727f1a82f2781e042d1352cc6ab572230aa88e48b6a6,a9289b4cabe817de781ecc2c74528bec1b979edd63dfd175b59137c4d206f245,86931b1515373303,e7c3c9ffdd838181,4d4516869696968e,e7e7e3e3e3c3c3c3,86931b1515373303,e3cbcbffdf838181,1485,3879,external_family_eb6e77f582bc20eff2c6,False,accepted_for_auxiliary_source_label_training,3f0075d2d7306ce5b81fb5ec62fffec848174dab08918b08be08c66118c3d3c9,2bbcad5762330b7def27727f1a82f2781e042d1352cc6ab572230aa88e48b6a6,2eede7dde281bc2229301641f31c7fa9b5a7d99b68c65372f0d4b5ce1065d30b,14,0,31,80,data/external/rare_usage_20260906/images_60x80/flipkart_party/TOPE9ZZ8SGT9ENVF.png,source_usage,False,Party,validation
flipkart_party,SNDEB2DMZXGFA9YM,flipkart_meta_5a884ca9b139ddda,Easy Walk Women Heels,Heels,Party,"[""Party""]",source_exact_occasion,http://www.flipkart.com/easy-walk-women-heels/p/itmeb2dmpztktpzf?pid=SNDEB2DMZXGFA9YM,http://img6a.flixcart.com/image/sandal/9/y/m/maroon-shoes-154-easy-walk-40-original-imaebfqgeqcya94h.jpeg,data/external/rare_usage_20260906/flipkart_party/originals/SNDEB2DMZXGFA9YM.image,2396aef60f8dd618f88444071d0f0bf2316e627552db270c874d5e3817b93e73,60,80,Publisher metadata CC BY-SA 4.0; remote photo rights scope not established,62b8f425387d0b91056774bf03b92087,Footwear >> Women's Footwear >> Heels,"[{""key"": ""Ideal For"", ""value"": ""Women""}, {""key"": ""Occasion"", ""value"": ""Party""}, {""key"": ""Type"", ""value"": ""Heels""}, {""key"": ""Heel Height"", ""value"": ""3 inch""}, {""key"": ""Outer Material"", ""value"": ""Artificial Leather""}, {""key"": ""Color"", ""value"": ""Maroon""}]","Flipkart Products, PromptCloud / PromptCloudHQ, version 1, via Kaggle",https://creativecommons.org/licenses/by-sa/4.0/,https://www.kaggle.com/datasets/PromptCloudHQ/flipkart-products,,,,,,,,flipkart_party:SNDEB2DMZXGFA9YM,keep,single_product_presentation,,2396aef60f8dd618f88444071d0f0bf2316e627552db270c874d5e3817b93e73,080b5c432b73b3e6321af3d2a145119a142f1ad44d1b988563a0e75a52f05d6e,55892760f14866edc15d3c587006d7bfbf8038b3a81746a3df118d06652bd1ac,080b5c432b73b3e6321af3d2a145119a142f1ad44d1b988563a0e75a52f05d6e,7d2d6d6d7e1f0f47,8f8707070381e0f1,783d2d6c7f0f8727,ff87070703c1e0ff,7d2d6d6d7e1f0f47,8f8707070381e0f1,1525,1708,external_family_f2490d9563d6d0f096a3,False,accepted_for_auxiliary_source_label_training,a77e441fe98ddd1f8cade24669aa93e6d629ef974ff43b60dc61bb9231bea1cc,55892760f14866edc15d3c587006d7bfbf8038b3a81746a3df118d06652bd1ac,080b5c432b73b3e6321af3d2a145119a142f1ad44d1b988563a0e75a52f05d6e,0,6,60,67,data/external/rare_usage_20260906/images_60x80/flipkart_party/SNDEB2DMZXGFA9YM.png,source_usage,False,Party,validation
flipkart_party,SHTE5YHGZVA9HB2Y,flipkart_meta_91869b643cb0127a,Meira Women's Solid Party Shirt,Shirts,Party,"[""Party""]",source_exact_occasion,http://www.flipkart.com/meira-women-s-solid-party-shirt/p/itme5yhgzd35d2qz?pid=SHTE5YHGZVA9HB2Y,http://img5a.flixcart.com/image/shirt/f/6/2/mewt-1032-d-brown-meira-xl-original-imae5uybdccty2br.jpeg,data/external/rare_usage_20260906/flipkart_party/originals/SHTE5YHGZVA9HB2Y.image,bedf5f8f1c0edffad762a6d21e4a2d87a707f16d5ad1cc807f97c23e33f88566,60,80,Publisher metadata CC BY-SA 4.0; remote photo rights scope not established,d6dd9dbb80de327fa41a230a180421a1,"Clothing >> Women's Clothing >> Western Wear >> Shirts, Tops & Tunics >> Shirts >> Meira Shirts","[{""key"": ""Pattern"", ""value"": ""Solid""}, {""key"": ""Occasion"", ""value"": ""Party""}, {""key"": ""Ideal For"", ""value"": ""Women's""}, {""key"": ""Sleeve"", ""value"": ""Full Sleeve""}, {""key"": ""Number of Contents in Sales Package"", ""value"": ""Pack of 1""}, {""key"": ""Brand Fit"", ""value"": ""Regular Fit""}, {""key"": ""Fit"", ""value"": ""Regular""}, {""key"": ""Style Code"", ""value"": ""MEWT-1032-D-Brown""}]","Flipkart Products, PromptCloud / PromptCloudHQ, version 1, via Kaggle",https://creativecommons.org/licenses/by-sa/4.0/,https://www.kaggle.com/datasets/PromptCloudHQ/flipkart-products,,,,,,,,flipkart_party:SHTE5YHGZVA9HB2Y,keep,model_worn_outfit_context,,bedf5f8f1c0edffad762a6d21e4a2d87a707f16d5ad1cc807f97c23e33f88566,4bc3d732387a41f373070084e441087565a3c8bf7c157f2551e457120119605e,6c0efbbb49eee0872f084b1c8ceb38260bd1172f175461747fe5452a37e47ef3,0f054f181411aa865ef184d3d0b6ac11d895bf1c0acabdc6ea825f9eac965c43,4612174b4b450f0f,fffbc381010081ff,07461616062f0f8e,f7e7c3c3c3c3c3e7,4612174b4b450f0f,fffbc381010081ff,832,1762,external_family_f2f7516cbf5d3cdda8b8,False,accepted_for_auxiliary_source_label_training,9010883a76eb00484b5276032a3951f2e934aedb1708ffe90fc0627c8a2fbac5,6c0efbbb49eee0872f084b1c8ceb38260bd1172f175461747fe5452a37e47ef3,4bc3d732387a41f373070084e441087565a3c8bf7c157f2551e457120119605e,11,0,38,80,data/external/rare_usage_20260906/images_60x80/flipkart_party/SHTE5YHGZVA9HB2Y.png,source_usage,False,Party,validation
flipkart_party,SNDEDKKXNZZMDVAE,flipkart_meta_6939270eafa42419,Balujas Women Heels,Heels,Party,"[""Party""]",source_exact_occasion,http://www.flipkart.com/balujas-women-heels/p/itmedkkxfgx8kykt?pid=SNDEDKKXNZZMDVAE,http://img5a.flixcart.com/image/sandal/f/x/t/brown-62012-balujas-38-1000x1000-imaedgg7gecyrxnu.jpeg,data/external/rare_usage_20260906/flipkart_party/originals/SNDEDKKXNZZMDVAE.image,477daf39521a56107e3eccec5b224347404c5ce85bb1dc3e1a0a2d91f4950087,60,80,Publisher metadata CC BY-SA 4.0; remote photo rights scope not established,eb107a466f3f3614047168a9e5ef181e,Footwear >> Women's Footwear >> Wedges,"[{""key"": ""Occasion"", ""value"": ""Party""}, {""key"": ""Ideal For"", ""value"": ""Women""}, {""key"": ""Type"", ""value"": ""Heels""}, {""key"": ""Heel Height"", ""value"": ""1 inch""}, {""key"": ""Outer Material"", ""value"": ""Synthetic Leather""}, {""key"": ""Color"", ""value"": ""Brown""}]","Flipkart Products, PromptCloud / PromptCloudHQ, version 1, via Kaggle",https://creativecommons.org/licenses/by-sa/4.0/,https://www.kaggle.com/datasets/PromptCloudHQ/flipkart-products,,,,,,,,flipkart_party:SNDEDKKXNZZMDVAE,keep,single_product_presentation,,477daf39521a56107e3eccec5b224347404c5ce85bb1dc3e1a0a2d91f4950087,9862ac9b06c20b399ef9ef53d9c39154828c9b2dc0ccb8027e14a23a48d5ae8c,1c6faadbdf85ed7b41b39f9695dad43c1bdb28d9027c9ebc423a3aee375f0989,2b4e60d81d7859bada57abc11caa279bf5dbbf9564a0e5dec5509479c51c85a5,78cd6d5e7f55110b,1f2f07070301e0e1,047a5d7e7f510360,ffbf07070380f1ff,78cd6d5e7f55910b,1f2f07070301e0e1,1000,870,external_family_f52149920967b908502b,False,accepted_for_auxiliary_source_label_training,d83d0cfc29a92e73f5c7ea9cc157fea45667cffbd78a396fbc21d1e295ac04b4,1c6faadbdf85ed7b41b39f9695dad43c1bdb28d9027c9ebc423a3aee375f0989,9862ac9b06c20b399ef9ef53d9c39154828c9b2dc0ccb8027e14a23a48d5ae8c,0,14,60,52,data/external/rare_usage_20260906/images_60x80/flipkart_party/SNDEDKKXNZZMDVAE.png,source_usage,False,Party,validation
Amazon Berkeley Objects,B07116WMZ5,abo:find:almoq1w106,"find. Women's Almoq-1w106 Loafers, Black, 8 US",SHOES,Smart Casual,"[{""field"": ""bullet_point"", ""language_tag"": ""en_CA"", ""value"": ""Smart casual""}]",source_exact_style,https://amazon.ca/dp/B07116WMZ5,https://amazon-berkeley-objects.s3.us-east-1.amazonaws.com/images/original/20/20a4a3e2.jpg,data/external/rare_usage_20260906/abo/B07116WMZ5.jpg,1f84d332b5c32c7ebdd40bf1cbd5da112fea62c2c9cf347755e10e0f01e0b640,60,80,Official ABO release CC BY 4.0; see source license and attribution,,,,,,,,find.,,71Er2vDxZ0L,ALMOQ-1W106,False,gross_visual_check_pass,Amazon Berkeley Objects:B07116WMZ5,keep,Single boot/loafer photo; repeated source images need duplicate removal,,1f84d332b5c32c7ebdd40bf1cbd5da112fea62c2c9cf347755e10e0f01e0b640,6b55564635c2d492fbc66ca77a3576af07766ea916ae8f439459a87ecdd228fc,e64129cd09f8eb45fe2aa3547882e9d04870a2dbc8283552cea12b0354250785,09f96e358485764bccb461c7aace1ebf334b090837195601ef5e24d49c976ca7,00000934080b0b00,ffffffffff8181ff,00000934090b1b00,ffffffffff8181ff,4819154d19190109,ffe8800084ffffff,1969,2560,external_family_d12ba9b33e05dec2f36e,False,accepted_for_auxiliary_source_label_training,6c38b93d81124fbff6a8e92847d0866eeda7d00bd8245493ee394fe44ac7d26d,e64129cd09f8eb45fe2aa3547882e9d04870a2dbc8283552cea12b0354250785,6b55564635c2d492fbc66ca77a3576af07766ea916ae8f439459a87ecdd228fc,0,1,60,78,data/external/rare_usage_20260906/images_60x80/Amazon Berkeley Objects/B07116WMZ5.png,source_usage,False,Smart Casual,train
Amazon Berkeley Objects,B07116WPHF,abo:find:almoq1w106,"FIND Women’s Loafers in Leather with Soft Back, Red (Burgundy), 5 UK,ALMOQ-1W1-06",SHOES,Smart Casual,"[{""field"": ""bullet_point"", ""language_tag"": ""en_AE"", ""value"": ""Smart casual""}]",source_exact_style,https://amazon.sa/dp/B07116WPHF,https://amazon-berkeley-objects.s3.us-east-1.amazonaws.com/images/original/36/3662c001.jpg,data/external/rare_usage_20260906/abo/B07116WPHF.jpg,250c8e453e19a4e633bee9b591bfde05267df4ced0a8795ce91b4639c3935e5d,60,80,Official ABO release CC BY 4.0; see source license and attribution,,,,,,,,find.|فايند,,71U1Nx2vKhL,ALMOQ-1W106,False,gross_visual_check_pass,Amazon Berkeley Objects:B07116WPHF,keep,Single boot/loafer photo; repeated source images need duplicate removal,,250c8e453e19a4e633bee9b591bfde05267df4ced0a8795ce91b4639c3935e5d,f3eeacab793a73cecf3d06d1b6f39fe5308a2171e79a0cc52e2e1e4403c8f544,72b104b2f57d9c475fbf73b85accdd95928454119cb8803c3c500065b36b20e0,2a25ba7f87de7fa2c7a34d09efe6f022e3342fe731dbc494e4d14895b6099c83,00000934090b1b00,ffffffffff8181ff,00000934090b1b00,ffffffffff8181ff,4819176d19391109,fee0800084ffffff,1969,2560,external_family_d12ba9b33e05dec2f36e,False,accepted_for_auxiliary_source_label_training,21579046ea33bdd0accc24f7421a6402fb583a4c7f4e765e9a6885af7c9764e7,72b104b2f57d9c475fbf73b85accdd95928454119cb8803c3c500065b36b20e0,f3eeacab793a73cecf3d06d1b6f39fe5308a2171e79a0cc52e2e1e4403c8f544,0,1,60,78,data/external/rare_usage_20260906/images_60x80/Amazon Berkeley Objects/B07116WPHF.png,source_usage,False,Smart Casual,train
Amazon Berkeley Objects,B0713SKPF5,abo:find:almoq1w106,"find. Women's Almoq-1w106 Loafers, Silver, 8",SHOES,Smart Casual,"[{""field"": ""bullet_point"", ""language_tag"": ""en_CA"", ""value"": ""Smart casual""}]",source_exact_style,https://amazon.ca/dp/B0713SKPF5,https://amazon-berkeley-objects.s3.us-east-1.amazonaws.com/images/original/9e/9e7de9d3.jpg,data/external/rare_usage_20260906/abo/B0713SKPF5.jpg,79207e0dc49ef5bb9c6d02c85f7f315b56f19e4d1fcec5943c16bca35a45de3a,60,80,Official ABO release CC BY 4.0; see source license and attribution,,,,,,,,find.,,71VX8HE--CL,ALMOQ-1W106,False,gross_visual_check_pass,Amazon Berkeley Objects:B0713SKPF5,keep,Single boot/loafer photo; repeated source images need duplicate removal,,79207e0dc49ef5bb9c6d02c85f7f315b56f19e4d1fcec5943c16bca35a45de3a,1f4a53d7fdbe29ffd30dd3cc71c001f5e94e0b2580fc22bb8617272a6dd8dd1f,1e18c938421942c5e4cf1407a4fe4cf7e3e1202c2abfa4be8a85b8dab7855f61,15d0980012d84bda1e14456c0c615da30bfa0b027ee95b56f45bdbfa36aac044,000000200a0b1b00,ffffffffff8181ff,000000200a0b1b00,ffffffffff8181ff,481927cc19198719,ffe9816600ccffff,1969,2560,external_family_d12ba9b33e05dec2f36e,False,accepted_for_auxiliary_source_label_training,c71ec5f106ddf01e95b06ec53297c2c24331fd607eb73142ecfcf0a9dc462fd2,1e18c938421942c5e4cf1407a4fe4cf7e3e1202c2abfa4be8a85b8dab7855f61,1f4a53d7fdbe29ffd30dd3cc71c001f5e94e0b2580fc22bb8617272a6dd8dd1f,0,1,60,78,data/external/rare_usage_20260906/images_60x80/Amazon Berkeley Objects/B0713SKPF5.png,source_usage,False,Smart Casual,train
Amazon Berkeley Objects,B071RN7KNH,abo:find:ida2w410,"find. Amazon Brand Women’s Chelsea Boots in Leather with Flexi-Sole, Black, US 9.5",BOOT,Smart Casual,"[{""field"": ""bullet_point"", ""language_tag"": ""en_CA"", ""value"": ""Smart casual""}]",source_exact_style,https://amazon.ca/dp/B071RN7KNH,https://amazon-berkeley-objects.s3.us-east-1.amazonaws.com/images/original/86/86af4f26.jpg,data/external/rare_usage_20260906/abo/B071RN7KNH.jpg,9905253225cf3e11bad3c02c1756ccf19fe8f17c6c185e545d1631f09b959eb2,60,80,Official ABO release CC BY 4.0; see source license and attribution,,,,,,,,find.,,61oE2Ce-mUL,IDA -2W4-10,False,gross_visual_check_pass,Amazon Berkeley Objects:B071RN7KNH,keep,Single boot/loafer photo; repeated source images need duplicate removal,,9905253225cf3e11bad3c02c1756ccf19fe8f17c6c185e545d1631f09b959eb2,62202195d8c55afae61d0dae811b0789d92583d37e8636acbe7d789b5f868229,ffa19870db0b250cc3c27f7d1271965a91eb9ef8bb942925af1061db5b68cc5b,5b2559ed17f6197f6338e5ccc5b8f00944d09198828c8ee3ded61b8507d5a193,172125250d093519,fbf8f1f0e0e00084,090623050d191944,fffff0f0c000ffff,1721252509093719,fbf8f0f0e0e00084,1523,1040,external_family_4d4ad9b0de0fef8547ad,False,accepted_for_auxiliary_source_label_training,7a2ae408bded3e6c4b951dd0f344b61ed11a3f902da11ee35b29fa7986cf482a,ffa19870db0b250cc3c27f7d1271965a91eb9ef8bb942925af1061db5b68cc5b,62202195d8c55afae61d0dae811b0789d92583d37e8636acbe7d789b5f868229,0,19,60,41,data/external/rare_usage_20260906/images_60x80/Amazon Berkeley Objects/B071RN7KNH.png,source_usage,False,Smart Casual,validation
Amazon Berkeley Objects,B07255FKTS,abo:find:ida2w410,"find. Amazon Brand Women’s Chelsea Boots in Leather with Flexi-Sole, Brown (Congo), US 6.5",BOOT,Smart Casual,"[{""field"": ""bullet_point"", ""language_tag"": ""en_CA"", ""value"": ""Smart casual""}]",source_exact_style,https://amazon.ca/dp/B07255FKTS,https://amazon-berkeley-objects.s3.us-east-1.amazonaws.com/images/original/5f/5fdc8e6a.jpg,data/external/rare_usage_20260906/abo/B07255FKTS.jpg,b6e2078bfa7e15eb6997f6dacbfa1afe494d5b5286c92189ece094bc233b911e,60,80,Official ABO release CC BY 4.0; see source license and attribution,,,,,,,,find.,,71gjcdJqBdL,IDA -2W4-10,False,gross_visual_check_pass,Amazon Berkeley Objects:B07255FKTS,keep,Single boot/loafer photo; repeated source images need duplicate removal,,b6e2078bfa7e15eb6997f6dacbfa1afe494d5b5286c92189ece094bc233b911e,9bbc321913625b677d0218df935d4a9f344321585f8831403c487c021c171f98,f02c1439c037467ac4713f2f36100187d2823deda572f9afdf5d7c4ef0cd2466,e2a161c55f31120c2842028c3d79fe1d15f94295f3c8e5ac8797d7d526460be8,1621252509036719,fbf8f0f0e0c000c4,0916230505191944,fffff0f08000ffff,1221252509036719,fbf8f0f0e0c00080,1498,1030,external_family_4d4ad9b0de0fef8547ad,False,accepted_for_auxiliary_source_label_training,973d7566c75a62986e32da49a793d3a51709281cc692046159d6b64028fcc460,f02c1439c037467ac4713f2f36100187d2823deda572f9afdf5d7c4ef0cd2466,9bbc321913625b677d0218df935d4a9f344321585f8831403c487c021c171f98,0,19,60,41,data/external/rare_usage_20260906/images_60x80/Amazon Berkeley Objects/B07255FKTS.png,source_usage,False,Smart Casual,validation
Amazon Berkeley Objects,B07255V34N,abo:find:ida2w410,find. Womens Flexi-Sole Leather Chelsea Boots Ankle Boot,BOOT,Smart Casual,"[{""field"": ""bullet_point"", ""language_tag"": ""en_CA"", ""value"": ""Smart casual""}]",source_exact_style,https://amazon.ca/dp/B07255V34N,https://amazon-berkeley-objects.s3.us-east-1.amazonaws.com/images/original/65/65ec7605.jpg,data/external/rare_usage_20260906/abo/B07255V34N.jpg,8c528f4524be9845cf8337d4bd72ef37d633b01941134be499d1437ab881fbed,60,80,Official ABO release CC BY 4.0; see source license and attribution,,,,,,,,find.,,71DqIpX81iL,IDA-2W4-10,False,gross_visual_check_pass,Amazon Berkeley Objects:B07255V34N,keep,Single boot/loafer photo; repeated source images need duplicate removal,,8c528f4524be9845cf8337d4bd72ef37d633b01941134be499d1437ab881fbed,ec7d44888109338fdd2ab6392ca56bb1e9f057cc91e5b4e64661baf0e9164b9b,dcf0072ce9634aee917f757934695798bee7746d322bd691fd360d5e00ca3ed4,245042be7fa5fe148283f399acd5c734841cbc43b161563c07de29b93cec0c47,1601252509096119,fbf8f0f0e0c00080,0106020509191984,fffff0f0c000ffff,1201252509096119,fbf8f0f0f0c00080,1479,1020,external_family_4d4ad9b0de0fef8547ad,False,accepted_for_auxiliary_source_label_training,9e2908fddd26bc8dc037ded1c731dcfdb82bb25fe6c7349bd3854d1bcb4a1fe9,dcf0072ce9634aee917f757934695798bee7746d322bd691fd360d5e00ca3ed4,ec7d44888109338fdd2ab6392ca56bb1e9f057cc91e5b4e64661baf0e9164b9b,0,19,60,41,data/external/rare_usage_20260906/images_60x80/Amazon Berkeley Objects/B07255V34N.png,source_usage,False,Smart Casual,validation
flipkart_travel,HMBEJ9H43PGQWANN,flipkart_meta_07b4f6d8eedda0fd,Brandvilla Shoulder Bag,Handbags,Travel,"[""Travel""]",source_exact_occasion,http://www.flipkart.com/brandvilla-shoulder-bag/p/itmej9h4gvzreke3?pid=HMBEJ9H43PGQWANN,http://img5a.flixcart.com/image/hand-messenger-bag/a/n/n/bvtbag2-brandvilla-shoulder-bag-bvttbag2-1000x1000-imaejfce5qvx88ze.jpeg,data/external/rare_usage_20260906/flipkart_party/originals/HMBEJ9H43PGQWANN.image,10ab71e6248636d0160977a1cad2c868aeb629c37dcd5ce773f7955845268ca2,60,80,Publisher metadata CC BY-SA 4.0; remote photo rights scope not established,91f9cd621549478f15efe0951d0a4116,"Bags, Wallets & Belts >> Bags >> Hand Bags >> Brandvilla Hand Bags >> Brandvilla Shoulder Bag (Brown)","[{""key"": ""Closure"", ""value"": ""Zip""}, {""key"": ""Type"", ""value"": ""Shoulder Bag""}, {""key"": ""Material"", ""value"": ""PU""}, {""key"": ""Style Code"", ""value"": ""BVTBAG2""}, {""key"": ""Ideal For"", ""value"": ""Women""}, {""key"": ""Bag Size"", ""value"": ""Big""}, {""key"": ""Capacity"", ""value"": ""20 kg""}, {""key"": ""Occasion"", ""value"": ""Travel""}, {""key"": ""Color Code"", ""value"": ""Brown""}, {""key"": ""Weight"", ""value"": ""950 g""}, {""key"": ""Number of Pockets"", ""value"": ""3""}, {""key"": ""Number of Compartments"", ""value"": ""2""}, {""key"": ""Bag Design"", ""value"": ""Printed""}]","Flipkart Products, PromptCloud / PromptCloudHQ, version 1, via Kaggle",https://creativecommons.org/licenses/by-sa/4.0/,https://www.kaggle.com/datasets/PromptCloudHQ/flipkart-products,,,,,,,,flipkart_travel:HMBEJ9H43PGQWANN,keep,Single bag on white; original visually inspected,,10ab71e6248636d0160977a1cad2c868aeb629c37dcd5ce773f7955845268ca2,1e3a0b5e6ef87db94b25a77ce230bb902d60c4f12ced288c42d2ba9c79614004,654752203f18d94f27c60cdd98fb89a536420c8f2037813c6c7e5ca6ee727f82,e0664c8e7e8b1f8352e7dac4c7060d611dc861cf3652274e48551a096440d922,8d0e675b73535b03,ffffff81010101c1,40890c73731b0300,ffffff010100e1ff,8d264b7b73531b03,ffffff01010101c1,1000,825,external_family_b46f27ea4d95335ad24b,False,accepted_for_auxiliary_source_label_training,eb86f15e1e46a4d3b0117f5bd6385c3047c57a5b8e8d507b35034ae3354fb988,654752203f18d94f27c60cdd98fb89a536420c8f2037813c6c7e5ca6ee727f82,1e3a0b5e6ef87db94b25a77ce230bb902d60c4f12ced288c42d2ba9c79614004,0,15,60,50,data/external/rare_usage_20260906/images_60x80/flipkart_travel/HMBEJ9H43PGQWANN.png,source_usage,False,Travel,train
