id,model_fold,true_label,predicted_label,confidence,true_probability,old_predicted_label,error_status,g2_correct,articleType,baseColour,productDisplayName,label_source,changed,has_exact_cross_label_conflict,product_family_group,sha256,path
1549,4,Men,Women,0.4648926854133606,0.2590705454349518,Men,new_error,False,Sports Shoes,White,Puma Men's Jiyu Slip On Sneaker,product_name,False,False,family_75abf1771c0d9038,4ff56ad02f7a1941c655dcd6c29f3acf137c154ca2d7512b78b6da7b790273ed,data/raw/teacher/train/images_train/1549.jpg
1551,4,Unisex,Women,0.4849284291267395,0.4082143008708954,Women,persistent_error,False,Footballs,Orange,Puma Power Cat Trainer-OB Football,original_no_cue,False,False,family_1e61da9318ad5f39,866660e64e527eebb453cef406ad1b178688817749c7194a26669abeec5ef474,data/raw/teacher/train/images_train/1551.jpg
1553,0,Unisex,Women,0.9795905351638794,0.008796175941824913,Women,persistent_error,False,Footballs,White,Puma Power Cat Hard Ground Football,original_no_cue,False,False,family_8012472a35fd4093,fb8c12e6a62a67f09455de76d5655d332499024469cc62d95436fadc1e85fa9a,data/raw/teacher/train/images_train/1553.jpg
1556,4,Unisex,Women,0.6469846963882446,0.18915213644504547,Women,persistent_error,False,Backpacks,Black,Quechua Forclaz Large  Backpack - 50 ltr Orange,original_no_cue,False,False,family_46b724b2f85d4f7b,a6540678a87eba903fd1ecd1f6aae7d4ef6c91770f2c6f2e611d3f8c7b0eeba0,data/raw/teacher/train/images_train/1556.jpg
1557,0,Unisex,Men,0.7149192690849304,0.13464388251304626,Men,persistent_error,False,Backpacks,Black,Quechua Spacious Blue-Black Backpack,original_no_cue,False,False,family_9e2d999a438d4dc3,c2c424af887e493fe2b21cba8e92ca3524f2dd81383316fcc96f20d856f4e5c3,data/raw/teacher/train/images_train/1557.jpg
1558,0,Unisex,Women,0.6631530523300171,0.22963844239711761,Women,persistent_error,False,Water Bottle,Blue,Quechua Easy-to-Carry Blue Water Bottle,original_no_cue,False,False,family_67a375e4ddcdb509,f8b5e1b211bafaa8f2317f39e22f45ec1379ccebbac361c625accfa72b0eee57,data/raw/teacher/train/images_train/1558.jpg
1566,4,Men,Unisex,0.8021506071090698,0.11247343569993973,Unisex,persistent_error,False,Caps,Black,Artengo Men Black Cap,product_name,False,False,family_a9ffbdf317b2dabf,4b2b74eb3839940a1662b957b1ed151276fe4ab5c27c2baa98ea8a0a845a3410,data/raw/teacher/train/images_train/1566.jpg
1596,0,Men,Women,0.46533748507499695,0.08771724253892899,Women,persistent_error,False,Water Bottle,Pink,Quechua Easy-to-Carry Pink Sipper,original_no_cue,False,False,family_a19fbf8bf0530ca4,0268eb07e92debee24efc514956202a5c2caf1311e719d1fd33333032ab3494b,data/raw/teacher/train/images_train/1596.jpg
1604,4,Women,Men,0.6534004807472229,0.34090256690979004,Men,persistent_error,True,Track Pants,Blue,Reebok Track Pants Women Blue,product_name,False,False,family_361603c11612df16,5682a34c29bc670df43a36e2a1345171ad7add08e04515f20433ec87b4e0ab29,data/raw/teacher/train/images_train/1604.jpg
1626,0,Unisex,Boys,0.7325502038002014,0.13082367181777954,Men,persistent_error,False,Footballs,Blue,Kipsta F300 Football Size 5 Football,original_no_cue,False,False,family_22fc91dc876c50db,6462de5aaaed2dae9af78a372351db5a6d12fad103a75e49369ed386935a15f6,data/raw/teacher/train/images_train/1626.jpg
1638,4,Unisex,Men,0.9762774109840393,0.018579622730612755,Men,persistent_error,False,Swimwear,Blue,Nabaiji Swimming Goggles Blue Black,original_no_cue,False,False,family_6df26dfff059f42a,22866f8835216be1d55a212e86bb3e23203ee2afb043a5180a1039d8039b4c70,data/raw/teacher/train/images_train/1638.jpg
1729,0,Unisex,Men,0.696241557598114,0.11716834455728531,Men,persistent_error,False,Casual Shoes,White,Newfeel Unisex White Shoes,product_name,False,False,family_731b79bc42ca29f4,103277af2a18c1570561d3f5dc10e799fd59a3b9487b7a20d8611b24a91717b7,data/raw/teacher/train/images_train/1729.jpg
1791,0,Unisex,Men,0.46041280031204224,0.3677457571029663,Men,persistent_error,True,Backpacks,Black,Quechua 10L Black Bag,original_no_cue,False,False,family_d62e1c294189ca3b,ace5274787b4713850499eb4fd45bfd514ddc0fa20eff6a2b19e535a1fd09577,data/raw/teacher/train/images_train/1791.jpg
1795,4,Men,Unisex,0.8547185659408569,0.1361526995897293,Unisex,persistent_error,False,Backpacks,Black,Newfeel 22L Black Bag,original_no_cue,False,False,family_cf1881df6f1696c2,d8e686b3af1f809881d23e9fb15874d1d5c445a3c45551623f2d803fecf9b636,data/raw/teacher/train/images_train/1795.jpg
1799,4,Men,Boys,0.5229958295822144,0.35313841700553894,Men,new_error,False,Track Pants,White,Domyos Men Blue & White Tracksuit,product_name,False,False,family_63a4b69673ba7738,4571e6c770cd78b868296fe82c86a541637113e286aacf8d6d31d6b24fc872c3,data/raw/teacher/train/images_train/1799.jpg
1808,4,Unisex,Girls,0.5456237196922302,0.05189807713031769,Women,persistent_error,False,Water Bottle,Purple,Quechua Aluminium Print Water Bottle,original_no_cue,False,False,family_0ee372d0a0fefa44,16e8b276a84d9ae9f9b43dde06d0f10c3c90b044ae08f930d5dc9a13d5de0834,data/raw/teacher/train/images_train/1808.jpg
1885,0,Men,Women,0.5517394542694092,0.4440650939941406,Men,new_error,False,Shorts,Grey,FIFA Mens 1904 Heritage Shorts,product_name,False,False,family_0359bdb72fa3b3ee,1ae622b36f0670644de39565cf95bb5f2e4d59e9dbd9a27e4c7191aa11953fa6,data/raw/teacher/train/images_train/1885.jpg
1925,0,Unisex,Women,0.5148698091506958,0.3099932372570038,Women,persistent_error,False,Backpacks,Black,Quechua Black Bag,original_no_cue,False,False,family_80f8ded29fa2e922,9d8042323ea46fe2f3e5cc47bb1b8936f94ddccb3a7eeea5ca94e273de04ad64,data/raw/teacher/train/images_train/1925.jpg
1930,0,Unisex,Women,0.6947807669639587,0.09113731980323792,Women,persistent_error,False,Backpacks,Red,Quechua 22L Red Bag,original_no_cue,False,False,family_70fa656aa0391eb9,2a97019ce020fc6735a40f346f98373894d01b18a0c76268d034e94d461b9335,data/raw/teacher/train/images_train/1930.jpg
1934,4,Unisex,Men,0.6065514087677002,0.2660118639469147,Men,persistent_error,True,Backpacks,Purple,Quechua Forclaz 25L Air Purple Backpack,original_no_cue,False,False,family_914c948388ae30bd,828da23ddb5258cee84c2235aa40f805f0108bd00bb9c4f7c640124aea4a46ea,data/raw/teacher/train/images_train/1934.jpg
1935,0,Unisex,Men,0.9234548807144165,0.06478141248226166,Men,persistent_error,True,Backpacks,Black,Quechua 22L Blue Bag,original_no_cue,False,False,family_2e355fa8b5acf07f,557f1e2db49cfba838e5c3f0f23ee0b73595e8d00a389f4f784951947e947e8a,data/raw/teacher/train/images_train/1935.jpg
1977,0,Men,Women,0.9526491165161133,0.04631951451301575,Women,persistent_error,False,Shorts,Grey,Tribord Mens Grey Cargo Shorts,product_name,False,False,family_576c85c584f60555,6600353b75dbd1dad6fc0890292fa8f8538a56bb82d3a8d9b147dced83d64471,data/raw/teacher/train/images_train/1977.jpg
2069,0,Women,Men,0.5887948274612427,0.4106947183609009,Women,new_error,False,Tshirts,White,ADIDAS Womens Tank White T-shirt,product_name,False,False,family_9552186d84ad5c6e,fbc2235e5bfa497f32bed7569a631e4d1668b46f6c95f68d9f4464a9c24099d3,data/raw/teacher/train/images_train/2069.jpg
2214,0,Women,Men,0.6355867385864258,0.2350001484155655,Men,persistent_error,False,Socks,Black,ADIDAS Women Black Socks,product_name,False,False,family_4ff57f0bce33b3f1,30322fb3991692aba5935af5d2c62688641c4ffb013f684e5ed1515149cec21b,data/raw/teacher/train/images_train/2214.jpg
2216,0,Women,Men,0.5761880278587341,0.06906754523515701,Boys,persistent_error,False,Socks,Beige,ADIDAS Women Beige Socks,product_name,False,False,family_5b12bb4e8bd8bc9e,fb4ea5bf10cf79eac8941c65c60a2527932ff39a801792a025aa433b21b63cb2,data/raw/teacher/train/images_train/2216.jpg
2228,4,Men,Unisex,0.6804473996162415,0.21989360451698303,Unisex,persistent_error,False,Socks,Black,ADIDAS Men Black Socks,product_name,False,False,family_3f14a60b7590cb27,682dd0e404baa405abb895f84f0589ef2c769e51d8a910806ad3835ed10b23a1,data/raw/teacher/train/images_train/2228.jpg
2354,4,Unisex,Men,0.5189687609672546,0.42675670981407166,Men,persistent_error,False,Basketballs,Black,ADIDAS Black Bounce Unisex Basketball,product_name,False,False,family_680f612e343a47d4,55874f37e058a25546c94660d9a6efee88fc1793d7f0b77aa86882809e77fa5f,data/raw/teacher/train/images_train/2354.jpg
2358,4,Men,Unisex,0.6144832372665405,0.023494694381952286,Unisex,persistent_error,False,Caps,Red,ADIDAS Red Men Cap,product_name,False,False,family_4bbcd97e4d538bc5,dac924e260e6ce03a803635be4eea538e46a6289b5c726e01ed49b7f11c7b5b2,data/raw/teacher/train/images_train/2358.jpg
2361,4,Men,Unisex,0.5927395224571228,0.38468632102012634,Unisex,persistent_error,False,Caps,Black,ADIDAS Black Men Cap,product_name,False,False,family_f5ea2dd1e63e7252,9ea132e0c9b20d266a9482813b64332a85a137b092aa4368a1c78017bd195e66,data/raw/teacher/train/images_train/2361.jpg
2467,4,Men,Unisex,0.7906233072280884,0.1651598960161209,Unisex,persistent_error,False,Caps,White,Nike Men White Cap,product_name,False,False,family_5f5a8f7272a1dbfd,d985255700f08c62b02f6381f1335cbaa4e0d82fb68c286751bb57482cb051be,data/raw/teacher/train/images_train/2467.jpg
2501,4,Men,Unisex,0.6076948642730713,0.3920104205608368,Unisex,persistent_error,True,Casual Shoes,Red,Numero Uno Men's Casual Red Canvas Shoe,product_name,False,False,family_dafff407d7450f62,f00ab2e5159ac90269738e5aba2fad819df4008f740b8d2b8d68f0c66366a85e,data/raw/teacher/train/images_train/2501.jpg
2543,4,Men,Unisex,0.4906422793865204,0.4664823114871979,Men,new_error,True,Flip Flops,Green,Numero Uno Men's Casual Green Flip Flop,product_name,False,False,family_887846b0aa6af194,1f030a514389ff3b5c2f8690d472d74886beac425ba9603419df24ec3b09049d,data/raw/teacher/train/images_train/2543.jpg
2554,0,Women,Men,0.7893906235694885,0.21036523580551147,Men,persistent_error,False,Tshirts,White,Domyos Women's Proteen White T-shirt,product_name,False,False,family_c344fdf40e328b78,53f232dc55d67fa8d53522f94ec7facbe8278794a94be43265d8d1d8f8693d9c,data/raw/teacher/train/images_train/2554.jpg
2558,0,Women,Men,0.9293150305747986,0.06981578469276428,Men,persistent_error,False,Track Pants,Black,Domyos Women Trompette Track Pant,product_name,False,False,family_a0c12d5078472f31,f99cfd0397831978ab760d401f5237f1be39dc1daa400a811dc6db6b6716f0b1,data/raw/teacher/train/images_train/2558.jpg
2580,0,Women,Men,0.9304779767990112,0.06667029857635498,Men,persistent_error,False,Capris,Black,Domyos Women Black Capri,product_name,False,False,family_ed946f65d2c785d9,a209734814ed7221f6be2f0710577f0b271952bdc5bf76764389de3f4f14e35a,data/raw/teacher/train/images_train/2580.jpg
2618,0,Women,Men,0.4475541114807129,0.39852556586265564,Women,new_error,True,Flats,Silver,Carlton London Women Silver Wedge Sandal,product_name,False,False,family_2e261b21f0a1c5a6,e8828e4c827f28742e2db1ca659312954fd387621da6b1b35be00f60ca204d73,data/raw/teacher/train/images_train/2618.jpg
2623,0,Women,Men,0.8262009024620056,0.01702362298965454,Men,persistent_error,False,Flats,Black,Carlton London Women Black Sandal,product_name,False,False,family_9a2d94742295a879,36fd5b12f946e1882529d5ad93b17ba74719c895a4b90fa18b925265d84c8bd4,data/raw/teacher/train/images_train/2623.jpg
2661,0,Women,Girls,0.6785951256752014,0.19927726686000824,Unisex,persistent_error,True,Handbags,Pink,Murcia Women Jute Sling Pink Bag,product_name,False,False,family_5d7ff90d7dbc5fd2,2d3ef00da9935644e13e5e798a5ced9662044a0108062d26a3e30602f0086cfb,data/raw/teacher/train/images_train/2661.jpg
2695,4,Boys,Men,0.8754264712333679,0.015809139236807823,Men,persistent_error,False,Tshirts,White,Disney Kids Boy's Baby Mickey Surf Kidswear,product_name,False,False,family_3c7f572560e6d2f1,96cffa05f26031f364550df19ebe69774dd757fbb4b13fb8757ceddd00d3d27b,data/raw/teacher/train/images_train/2695.jpg
2697,0,Girls,Women,0.9184142351150513,0.0654803141951561,Women,persistent_error,False,Dresses,Blue,Disney Kids Girl's Blue Pooh Kidswear,product_name,False,False,family_1498172a195a73ec,e1a874c2f5490cdd7c4024aac705998fc728cd3bf287c84c61986e0a33fa83e0,data/raw/teacher/train/images_train/2697.jpg
2716,0,Girls,Women,0.9921839833259583,0.0032631035428494215,Women,persistent_error,False,Tops,Red,Disney Kids Girl's Minnie Red Stripped Kidswear,product_name,False,False,family_cc9cf5d8f89bae4a,57364181334c366874a0810a28a25150e85d4e623a974cdb52ace0c950dadaa1,data/raw/teacher/train/images_train/2716.jpg
2717,4,Girls,Women,0.7537409067153931,0.14160290360450745,Women,persistent_error,False,Tops,Blue,Disney Kids Girls  Kidswear,product_name,False,False,family_cb6ea64e2e1a105d,b99ba570bb5cec197f56fef48f0dac2d1f89d3e9d8c4f7609e4d0448c68751d1,data/raw/teacher/train/images_train/2717.jpg
2737,4,Girls,Men,0.3327203094959259,0.11115605384111404,Men,persistent_error,False,Tops,Red,Disney Kids Girl's Red Kidswear,product_name,False,False,family_aa32dcc196cd2d7c,17ae15e33f3cb89c9905a11a7dadf0dfb329f034cfc866c29223cc5bf39e76e9,data/raw/teacher/train/images_train/2737.jpg
2953,4,Women,Men,0.8147900104522705,0.18300415575504303,Men,persistent_error,True,Capris,Yellow,DUSG Women Rishikesh Organic Wheat Capri,product_name,False,False,family_a91b21e23dd3b8ce,a295e2b587a32d775a4fa2e6e6b214bc10970a88d8e9af8bb306d89380b9d9de,data/raw/teacher/train/images_train/2953.jpg
3137,0,Women,Men,0.7074840664863586,0.2584594786167145,Men,persistent_error,False,Heels,Brown,Catwalk Women Ethnic Leather Flat Brown Flats,product_name,False,False,family_1f023880f785dbb4,69c5b8857ddd18534fc61fa04d77e99a77342164f1f885c755943e9c22cbe34c,data/raw/teacher/train/images_train/3137.jpg
3177,4,Women,Men,0.8403334617614746,0.11496976017951965,Women,new_error,False,Sports Shoes,White,Nike Women Dual Fusion White Green Shoe,product_name,False,False,family_61d8c465a85f889f,1010c04fe9d5fb74dc1b9f9a667deb7f55c053765354e17765da015de791a458,data/raw/teacher/train/images_train/3177.jpg
3183,4,Women,Girls,0.5150645971298218,0.427577942609787,Women,new_error,True,Sports Shoes,Grey,Nike Women Lunarfly Grey Green Shoe,product_name,False,False,family_92a7194ae5db4ecb,255540dda8d8e13383aa860ce2aa49911b4f73828240636815e8857e65db7b4a,data/raw/teacher/train/images_train/3183.jpg
3221,0,Men,Women,0.701164186000824,0.29689309000968933,Women,persistent_error,True,Sports Shoes,White,Puma Men's Kuris White Grey Shoe,product_name,False,False,family_a762afde67e034eb,970254994740e0845008aa298d1691ac520212db3248cbc5956edd005d8cf265,data/raw/teacher/train/images_train/3221.jpg
3293,0,Women,Men,0.9021732211112976,0.08468247950077057,Men,persistent_error,False,Sports Shoes,White,Asics Women White GEL Strike 2 Blue Shoe,product_name,False,False,family_6fd17db7943ea6ed,ac87fd311c89c27ce813a482d83f1805d3f546362fda399013ea82a48cf504dc,data/raw/teacher/train/images_train/3293.jpg
3310,4,Women,Men,0.9640868902206421,0.022516625002026558,Men,persistent_error,False,Sports Shoes,White,Asics Women Gel Cushioning White Pink Lime Shoe,product_name,False,False,family_5a4a0c923c9a9f9e,2e7811b3115b5fdf120f7380632eea101c05a506b305ebae1850488215571669,data/raw/teacher/train/images_train/3310.jpg
3373,0,Women,Men,0.6123620867729187,0.37160736322402954,Women,new_error,True,Sports Shoes,Silver,Asics Women GT 2160 Performance Silver Pink Shoe,product_name,False,False,family_5ed4cae00638d8a9,85958d80e9f3a5d91c6273439ba25773e5d99be5f5795610f287e75fcd6a2a71,data/raw/teacher/train/images_train/3373.jpg
3440,0,Men,Women,0.9884241819381714,0.01136136706918478,Women,persistent_error,False,Tshirts,Blue,Delhi Daredevils Mens Fan Tee,product_name,False,False,family_d55f9f377e5f6239,5c7321a6f75bbe06b119f5702b1ec51a76d328fc7aba4b339a2423a2abf5dc29,data/raw/teacher/train/images_train/3440.jpg
3465,4,Unisex,Women,0.6931478977203369,0.1640900820493698,Women,persistent_error,True,Swimwear,Black,ADIDAS Unisex Black White Swimming Cap,product_name,False,False,family_d9b22972eaaeb701,79e811f8fc0a0874306c536267a94f330dce4a5154b288dd274d35d2d60da7db,data/raw/teacher/train/images_train/3465.jpg
3466,0,Women,Men,0.9794591069221497,0.018899932503700256,Men,persistent_error,False,Sports Shoes,White,ADIDAS Women Vanquish White Silver Shoe,product_name,False,False,family_106ac292fcd61174,88f1a879ab06f58126aedee220480f98cc3a26438f31e5b755b41a23fe2d3fae,data/raw/teacher/train/images_train/3466.jpg
3471,0,Men,Unisex,0.5334715247154236,0.4493216574192047,Men,new_error,False,Caps,Black,ADIDAS Men Adipure Black Cap,product_name,False,False,family_155eb65154b0e0eb,4f9f7f8539471740443a2c224797233041c3336a10a49f7e17327e860275ec22,data/raw/teacher/train/images_train/3471.jpg
3475,4,Men,Unisex,0.9221681952476501,0.07640231400728226,Unisex,persistent_error,False,Backpacks,Black,ADIDAS Men Tiro Black Red Backpack,product_name,False,False,family_15727c386643f322,2a824be74f19db0a82de78971b825dd74515d74e16c66b615a3906ae41c34c41,data/raw/teacher/train/images_train/3475.jpg
3482,0,Men,Women,0.9940806031227112,0.005396146792918444,Women,persistent_error,False,Track Pants,Blue,ADIDAS Men's Light Blue Track Pant,product_name,False,False,family_0dc5713ce820f082,c0d20f97996d8ca5d689cb0dca4a52ebb73ee8faf7fa6fcdb4dfdca38d133154,data/raw/teacher/train/images_train/3482.jpg
3492,0,Women,Men,0.439452201128006,0.3076186180114746,Men,persistent_error,False,Sports Shoes,Red,ADIDAS Women Adi Light Red White Shoe,product_name,False,False,family_9652ec3b28f1be86,7305cecfd269f580f9a7e753d57b1bffb7cb6c025733ed1add90e88aeacb07de,data/raw/teacher/train/images_train/3492.jpg
3575,4,Women,Unisex,0.6755516529083252,0.22987233102321625,Women,new_error,False,Flats,Grey,ADIDAS Women Grey Outdoor Sports Sandal,product_name,False,False,family_cb0baf00b13be62e,6b1dd141be3af380d7b2edc22596c0cddf5485ca7e8bcc774ca9cabf442ffd0d,data/raw/teacher/train/images_train/3575.jpg
3598,4,Unisex,Boys,0.9965025186538696,0.000952357251662761,Boys,persistent_error,False,Tshirts,Blue,Puma Deccan Chargers Kids Navy Blue Replica Jersey,original_no_cue,False,False,family_a2de21b4327dde0e,75471463572ee3cd215716696069f13106a7f6f2ef2ccf4492bca96928a29e44,data/raw/teacher/train/images_train/3598.jpg
3601,4,Unisex,Men,0.9163066744804382,0.010947699658572674,Men,persistent_error,False,Tshirts,Blue,Puma Deccan Chargers Kids Navy Blue Lookalike Jersey,original_no_cue,False,False,family_1d8090bacab301ca,a9f54032200317fbcf3b9589a940b15988e103498db6c5f152f146607b27fc7f,data/raw/teacher/train/images_train/3601.jpg
3603,4,Unisex,Women,0.7202673554420471,0.18202203512191772,Women,persistent_error,True,Flip Flops,Red,Puma Unisex Splash Red Black Flip Flop,product_name,False,False,family_94de49d59371e3a9,cf35e04e5ac457f6dd4e40254d2f84831ff3273a40e02ffea72457a079c8cd60,data/raw/teacher/train/images_train/3603.jpg
3610,0,Unisex,Men,0.844415545463562,0.14960917830467224,Men,persistent_error,False,Casual Shoes,Green,Converse Unisex Chuck Taylor Check HI Green Canvas Shoe,product_name,False,False,family_ac74ca8a7cddeb3c,7628a5977ec11e93293e4a116209e2a431f84302f187ae400ca7ef01d2c2b337,data/raw/teacher/train/images_train/3610.jpg
3657,0,Men,Women,0.7885520458221436,0.11857745051383972,Women,persistent_error,False,Casual Shoes,Red,Fila Men Emotion Red Shoe,product_name,False,False,family_d44ce374513f092d,1442ac30f97777fcdd83bc6643c8f85a5a6da22d3f25e22b20bc546cc26be54c,data/raw/teacher/train/images_train/3657.jpg
3694,0,Men,Women,0.48293837904930115,0.13656526803970337,Unisex,persistent_error,False,Casual Shoes,Green,Lotto Men's Dynamo Green Canvas Shoe,product_name,False,False,family_05d126b39f766147,ab4aa8d476c0e6f1cc8ad77d1efe2330d2c054f01d5efb273a2e762047df1208,data/raw/teacher/train/images_train/3694.jpg
3728,4,Women,Men,0.8003008365631104,0.01690741628408432,Men,persistent_error,False,Tshirts,Blue,Mumbai Indians Womens Match Jersey,product_name,False,False,family_d30f062eab20ace7,644b20fe8c0b6e85919cdc3b5a37a260c1853033e3b7e25d3b5ba86798099446,data/raw/teacher/train/images_train/3728.jpg
3737,0,Unisex,Men,0.5393114686012268,0.43363282084465027,Men,persistent_error,False,Caps,Purple,Lotto Unisex Kochi Tuskers Sovenior Purple Orange Cap,product_name,False,False,family_f021014960c5f61b,4e26153004c3592d3927f7f5f37d1e5cf9b7c989bd6abc632cb20051bdfe7bf5,data/raw/teacher/train/images_train/3737.jpg
3742,0,Unisex,Boys,0.8603370785713196,0.13051587343215942,Unisex,new_error,True,Tshirts,Black,Tantra Kid's Gizmo Black Kidswear,original_no_cue,False,False,family_f72b71f2cf7221d1,21ba06edfb82c80f12fabf676930550a21e96d99b62d0f4eac2ce956a6fd490f,data/raw/teacher/train/images_train/3742.jpg
3745,4,Unisex,Boys,0.4519768953323364,0.43891751766204834,Unisex,new_error,False,Tshirts,Yellow,Tantra Kid's Cool Yellow Kidswear,original_no_cue,False,False,family_295c4d1595596d39,09e586811b29c9ded9fa035ba134dd05b6d839a59bc48bf1a8abf9a82fec66ed,data/raw/teacher/train/images_train/3745.jpg
3809,4,Boys,Men,0.8046038746833801,0.07165364176034927,Men,persistent_error,False,Tshirts,Red,Disney Kids Boy's He Is Behind You Red Kidswear,product_name,False,False,family_6f9a9c5aa19fd6b8,e9b3be73cd63331d099a1a4f1b9491d448768a6cb9d4f0e690dec3a218c4bd94,data/raw/teacher/train/images_train/3809.jpg
3815,4,Boys,Unisex,0.3967255651950836,0.23738712072372437,Unisex,persistent_error,False,Tshirts,Orange,Disney Kids Boy's Orange Just Cruising Kidswear,product_name,False,False,family_c5012fb6613af708,60ff9df6148e04295288de6a0b8391120b80c08466ccae7c9da28deb9d500f3e,data/raw/teacher/train/images_train/3815.jpg
3816,4,Boys,Girls,0.8119099140167236,0.10967037081718445,Girls,persistent_error,False,Tshirts,Blue,Disney Kids Boy's Blue Just Cruising Kidswear,product_name,False,False,family_14cf3f00fb27765f,71093e9b393b283bc1e4fc3139b2e671db9a6c313b4806254e15ba5bedbe54d1,data/raw/teacher/train/images_train/3816.jpg
4020,0,Unisex,Men,0.7326199412345886,0.2611110806465149,Unisex,new_error,True,Casual Shoes,Green,ADIDAS Unisex Check Can MW Green White Shoe,product_name,False,False,family_5050b68909159536,570ad9d0395717b0db89eeecae403e9eb91d8390388b914a0592732b91d473e3,data/raw/teacher/train/images_train/4020.jpg
4064,0,Men,Women,0.5516983270645142,0.34633806347846985,Women,persistent_error,True,Sandals,Black,Crocs Men Yukon Black Sandal,product_name,False,False,family_045784691835debe,8a5100a294d795e1246d8ffa7d4b2ae74df23d2a122042a3d9b6e11a04c3c935,data/raw/teacher/train/images_train/4064.jpg
4071,4,Women,Men,0.6159136891365051,0.16947907209396362,Men,persistent_error,False,Casual Shoes,Grey,Numero Uno Women Canvas Grey Purple Shoe,product_name,False,False,family_b55184dec351ac66,0d903f9447daa883f4cbcab326273c61135c8c11bea70abed5f21f2bbe20b3ef,data/raw/teacher/train/images_train/4071.jpg
4072,0,Women,Men,0.7465845942497253,0.019990282133221626,Men,persistent_error,False,Casual Shoes,Grey,Numero Uno Women Canvas Grey Red Shoe,product_name,False,False,family_5a3d4457e7db434d,e1a960259925f5c10fa43b0aa242ef679ae4b0db4b118347658a972c8bec7db4,data/raw/teacher/train/images_train/4072.jpg
4118,4,Unisex,Men,0.7610825300216675,0.23467226326465607,Men,persistent_error,False,Casual Shoes,Green,Puma Unisex Mid Pixles Olive Orange Shoes,product_name,False,False,family_0ba896169af5b24d,fd14244e7ca83b1ea6e057eabb451288ae63f75604a6056a5ff5c37eeab109c8,data/raw/teacher/train/images_train/4118.jpg
4124,0,Unisex,Boys,0.6629669070243835,0.26905685663223267,Men,persistent_error,False,Tshirts,Purple,Kochi Tuskers Kids Replica Jersey,original_no_cue,False,False,family_c5f9eb390a108b48,a112c43dc02d8040fe4bc18efd5b396d23b271d4e8d9634a9f145f62f5683eef,data/raw/teacher/train/images_train/4124.jpg
4164,0,Men,Boys,0.49703648686408997,0.18706654012203217,Boys,persistent_error,False,Sports Shoes,Silver,Reebok Men's Zigdhoni Silver Shoe,product_name,False,False,family_690b51acbaa9c5ed,df414529497fa43f37454a81409b37ce1de3ae7fa6d5f82f2cabb42d94bd0860,data/raw/teacher/train/images_train/4164.jpg
4268,0,Men,Women,0.917817234992981,0.07865726947784424,Women,persistent_error,False,Sports Shoes,Maroon,Nike Men's Tiempo Natural Maroon Shoe,product_name,False,False,family_4c92b97852bfee90,591daaec1f573ea8521be6ffffafdda5dc0ba74b70c0f0a2f7697b00857c7d35,data/raw/teacher/train/images_train/4268.jpg
4274,4,Men,Women,0.7676880359649658,0.13728472590446472,Women,persistent_error,False,Casual Shoes,Grey,Rockport Men's Capella Grey Shoe,product_name,False,False,family_35edaef5199e008d,54db3277682793323794fcb44cb0baf557b6d5b0976eebde2709fc6353660d73,data/raw/teacher/train/images_train/4274.jpg
4282,4,Men,Women,0.9999527931213379,1.2731947208521888e-05,Women,persistent_error,False,Casual Shoes,Brown,Rockport Men Arratoon Brown Shoe,product_name,False,False,family_dc727ebc0766b63d,80e3544de6cef09bf5672f4e419b0dbc5c1c083738903f8a042bb4267481a48b,data/raw/teacher/train/images_train/4282.jpg
4301,0,Unisex,Boys,0.6188145875930786,0.03643040359020233,Men,persistent_error,False,Tshirts,White,Tantra Kid's Unisex Moustaches White Kidswear,product_name,False,False,family_f66939aed19dcd45,f9387d6dfe1ca9e0509c21ffc50f4dbc72dfd188134f651b93e562a780a9f26b,data/raw/teacher/train/images_train/4301.jpg
4308,4,Unisex,Boys,0.6934961080551147,0.28440603613853455,Unisex,new_error,False,Tshirts,Red,Tantra Kid's Unisex Meet My Daddy Red Kidswear,product_name,False,False,family_b3c3b62c4e9797a9,86aa7e5323d57e38d6cab311bd496503f6c5b5a1e7757cdfb87e078e9edec2d0,data/raw/teacher/train/images_train/4308.jpg
4315,0,Unisex,Boys,0.7975580096244812,0.19311754405498505,Boys,persistent_error,False,Tshirts,Brown,Tantra Kid's Unisex Harappa Choco Brown Kidswear,product_name,False,False,family_ecd50d3a4d8daad2,d1373ee86f5405106d797287d72348dd2bbcc08fa762212efe6e87667bf29911,data/raw/teacher/train/images_train/4315.jpg
4318,4,Men,Unisex,0.9571887850761414,0.01825728639960289,Unisex,persistent_error,False,Tshirts,Orange,Tantra Kid's Men Kya Boss Orange Kidswear,product_name,False,False,family_b711ed9bc1eae835,8c3462c2c207b16f3d87d049593c599beb3f0c4b0e47e7a352d914a1a7402dec,data/raw/teacher/train/images_train/4318.jpg
4437,0,Unisex,Men,0.6325623393058777,0.25387638807296753,Men,persistent_error,False,Casual Shoes,White,Converse Unisex Strips White Black Canvas Shoe,product_name,False,False,family_28568ee9ca159d43,76a58e8f407e4d0ceb916cb83b4db3c50cc99ed15770623b2f16f63c663c987c,data/raw/teacher/train/images_train/4437.jpg
4458,4,Men,Girls,0.7258182168006897,0.011866320855915546,Girls,persistent_error,False,Tshirts,White,Nike Men's Graphic White Blue T-shirt,product_name,False,False,family_70a66b33d547f4aa,2a9fa064a4aa3ad3df9491ae06a3adf5fc42f9451e89e8a215eb1acac4753b5e,data/raw/teacher/train/images_train/4458.jpg
4480,0,Unisex,Men,0.9884697198867798,0.0022195742931216955,Men,persistent_error,False,Sports Shoes,Black,Puma Unisex Ikonis Black Silver Shoe,product_name,False,False,family_cb75a48046c21183,25625b1575033a5c6897fe1119bb1b0a846cb5b53d9b18b072f89c8dae38b503,data/raw/teacher/train/images_train/4480.jpg
4489,4,Men,Women,0.8150342702865601,0.1397622525691986,Women,persistent_error,False,Sports Shoes,White,Lotto Men's Vienna White Blue Shoe,product_name,False,False,family_9b3ab6b1b5c1d23f,b7e453050c195e2c5883792b49afae508df895b42e08400755d231a5795bb040,data/raw/teacher/train/images_train/4489.jpg
4530,4,Women,Men,0.7496844530105591,0.23274411261081696,Women,new_error,False,Sports Shoes,White,Puma Women White Running Shoes,product_name,False,False,family_b7d8243a7ffe14e8,f211b4fdfba7934b7ac4496ed30ab0e6a2110727dd3d3f3c823c215cd027d81b,data/raw/teacher/train/images_train/4530.jpg
4545,0,Women,Men,0.8854934573173523,0.011163813062012196,Men,persistent_error,False,Sports Shoes,Black,Nike Women Capri Black Shoe,product_name,False,False,family_a994696540befd55,5b27981e50c3788d901d814dfd18c142482a52f139f4987b83b75ee6bb5719a4,data/raw/teacher/train/images_train/4545.jpg
4548,4,Women,Men,0.8374989628791809,0.10837056487798691,Men,persistent_error,False,Sports Shoes,Black,Nike Women Sweet AC Black Shoe,product_name,False,False,family_fe86430130c978b2,c32df08e66c6449a95d20d8c3c51f56ec66e064b95429652dfaf57499a696773,data/raw/teacher/train/images_train/4548.jpg
4570,0,Women,Men,0.753741979598999,0.23363322019577026,Men,persistent_error,False,Sports Shoes,Black,Nike Women Iza Black Shoe,product_name,False,False,family_9701e339c54549ed,81217d51d0f17bf6d3e90c11ead5dd59afa803cdf860423183df84951f9aff1b,data/raw/teacher/train/images_train/4570.jpg
4594,4,Unisex,Women,0.5231852531433105,0.4253692626953125,Unisex,new_error,True,Rucksacks,Red,Wildcraft Unisex Red & Grey Rucksack,product_name,False,False,family_d96e16834162dac2,c98f8bccda593c5253f2be045626fc2dab3da8444b03c6bd91538f661319347c,data/raw/teacher/train/images_train/4594.jpg
4616,4,Unisex,Women,0.5038459300994873,0.14634567499160767,Women,persistent_error,False,Backpacks,Green,Wildcraft Zoomer Green Backpack,original_no_cue,False,False,family_e86004be0251b151,fa9bf7be7300b53ea3579d326e8bfe852c9bc53d9b21200cb64757d7df0ce05a,data/raw/teacher/train/images_train/4616.jpg
4617,4,Unisex,Men,0.33675605058670044,0.21488837897777557,Men,persistent_error,False,Backpacks,Blue,Wildcraft Unisex Blue Printed One-Shoulder Backpack,product_name,False,False,family_d6da8b1e3b2432e1,6e320ba2a87d55f2f10f67680944fdfd2f145df425a37b0ca7312dea58743153,data/raw/teacher/train/images_train/4617.jpg
4645,4,Women,Men,0.543567955493927,0.39904195070266724,Men,persistent_error,False,Sports Shoes,White,ADIDAS Women Adi Fiero Low White Grey Pink Shoe,product_name,False,False,family_e25a5ef7ae33ee0e,8232b8b02b9fff7467faf7d0ee3ac6e6c5b276688c116357dfe2e7bd1dd173c3,data/raw/teacher/train/images_train/4645.jpg
4651,4,Women,Unisex,0.47425776720046997,0.2624572813510895,Unisex,persistent_error,False,Sports Sandals,Purple,ADIDAS Women Henrio Dark Purple Brown Sandal,product_name,False,False,family_ccff8a9c9ce2b8b3,cf8c9899aa07adc42201688869d2e2ffeb80185f8a4c0a144f44f77e144b742c,data/raw/teacher/train/images_train/4651.jpg
4654,4,Women,Men,0.9652679562568665,0.014465782791376114,Men,persistent_error,False,Sports Sandals,Navy Blue,ADIDAS Women Receptor Navy Sandal,product_name,False,False,family_46c253965501650d,e592466a2c76d0d91d481de045922a69ac4afafc967729844337e0403d69cedc,data/raw/teacher/train/images_train/4654.jpg
4664,4,Unisex,Men,0.6949074864387512,0.12610550224781036,Men,persistent_error,False,Watches,White,ADIDAS Unisex Originals White Watch,product_name,False,False,family_e94e063888d213e0,efb5da3981444e94d6244d8e1da20510c175a09e6d554ebe17deaa503361ecf4,data/raw/teacher/train/images_train/4664.jpg
4675,4,Men,Unisex,0.9339723587036133,0.06445807218551636,Unisex,persistent_error,False,Backpacks,Black,ADIDAS Men Adipure Black Blue Backpack,product_name,False,False,family_bb12fc5a6af710c3,cb7d7147c928802ec64a753e111bd429709f16cbb1c6ed50c71020b34764cb88,data/raw/teacher/train/images_train/4675.jpg
4676,0,Men,Unisex,0.7772175669670105,0.21584129333496094,Unisex,persistent_error,False,Backpacks,Black,ADIDAS Men Adipure Black White Backpack,product_name,False,False,family_ac1bd950b00370ca,86294049b0808e322fcc89ea070c31c3f70513ff724ca7afb69128012f851680,data/raw/teacher/train/images_train/4676.jpg
4701,4,Unisex,Men,0.9333289861679077,0.06402766704559326,Men,persistent_error,False,Watches,Black,ADIDAS Unisex Originals Black Watch,product_name,False,False,family_75ca4e6929494268,5cc36d9717ee3903b1fa8d811b712f63e7aab90f1cc2037f9fd29775227fe975,data/raw/teacher/train/images_train/4701.jpg
4704,4,Unisex,Men,0.9461406469345093,0.05263834074139595,Men,persistent_error,False,Watches,Black,ADIDAS Unisex Cambridge Black Watch,product_name,False,False,family_68f2e33049d2b239,adac2178dbbdda788659bc3dfbb80c4e60b2d1940c8d08515a1a4a06ecbabad0,data/raw/teacher/train/images_train/4704.jpg
4711,0,Unisex,Men,0.6507648229598999,0.21465815603733063,Men,persistent_error,False,Watches,Black,ADIDAS Unisex Toronto Hand Black Watch,product_name,False,False,family_de650d61f5bd166a,f3cf689bc279db2a37d07f52476fc04c8532187297d42b019c3fa960c111e49d,data/raw/teacher/train/images_train/4711.jpg
4852,4,Unisex,Men,0.9171579480171204,0.07755590230226517,Men,persistent_error,False,Casual Shoes,Purple,Newfeel Unisex Purple White Shoes,product_name,False,False,family_041669688dba6edc,07ad197f5f0ba322e58f0ad3e1f631e409c3ee08ea72b78209c852629557b61b,data/raw/teacher/train/images_train/4852.jpg
4855,4,Unisex,Women,0.9278261661529541,0.022445503622293472,Women,persistent_error,False,Casual Shoes,Pink,Newfeel Unisex Pink Grey Shoes,product_name,False,False,family_8415a191df554904,a2b41d3a03d37695edd2d33b7f8087415981469ac774088ce7d4b703bce82fba,data/raw/teacher/train/images_train/4855.jpg
4879,0,Boys,Men,0.46051546931266785,0.18682284653186798,Men,persistent_error,False,Tshirts,White,Levis Kids Boy's Devon White Kidswear,product_name,True,False,family_d0a04b4400e5d231,06b7ad54c24ea866a4953ba3b026c1a4d4c37965b8461339957fb88d5ea36cbb,data/raw/teacher/train/images_train/4879.jpg
4881,4,Boys,Girls,0.5597231984138489,0.308728963136673,Women,persistent_error,False,Tshirts,White,Levis Kids Boy's Dustin White Black Kidswear,product_name,True,False,family_f2047c17e14c8c5b,febe2b56dbae115bc5dc81c933c276cd3d6a4497bd87f173e537b436f38a2c60,data/raw/teacher/train/images_train/4881.jpg
4955,4,Boys,Girls,0.40984851121902466,0.35601887106895447,Women,persistent_error,False,Shirts,Red,Gini and Jony Boy's Kaiser Red Blue Kidswear,product_name,True,False,family_bcb34b4d86eaff78,9552c943d1c1da1e5aee6583ca72688a90c6b16450cbd5e5d1aada6a4ea1e80b,data/raw/teacher/train/images_train/4955.jpg
4973,0,Boys,Girls,0.6340839862823486,0.32021206617355347,Boys,new_error,False,Shirts,Yellow,Gini and Jony Boy's Kangaroo Yellow Kidswear,product_name,True,False,family_a5adbd8fe3094893,af19f61df955e4da90f2923d1ab3afd450fb25685f7516fd8d109a52fe711e51,data/raw/teacher/train/images_train/4973.jpg
4974,0,Boys,Girls,0.6340839862823486,0.32021206617355347,Boys,new_error,False,Shirts,Yellow,Gini and Jony Boy's Kangaroo Yellow Infant Kidswear,product_name,True,False,family_a5adbd8fe3094893,af19f61df955e4da90f2923d1ab3afd450fb25685f7516fd8d109a52fe711e51,data/raw/teacher/train/images_train/4974.jpg
4980,4,Girls,Men,0.5108774304389954,0.10374479740858078,Men,persistent_error,False,Shorts,Blue,Palm Tree Girl's Benita Blue Kidswear,product_name,True,False,family_f393ed8e6e581fb6,64ec17e12739b52cd30da626a8bd3df3e9bc9cd1eb876d646f417cb46ad05948,data/raw/teacher/train/images_train/4980.jpg
5002,0,Girls,Women,0.9480219483375549,0.04556574672460556,Women,persistent_error,False,Shorts,Pink,Gini and Jony Girl's Jolene Pink Kidswear,product_name,True,False,family_0a5c81430ef4b9a4,863be24efab0a3f19a04151276b3e27de5ba1a4efc7593f5e3698df4101fe416,data/raw/teacher/train/images_train/5002.jpg
5018,4,Boys,Girls,0.936150312423706,0.05494944378733635,Girls,persistent_error,False,Shorts,White,Levis Kids Boy's Aldon White Kidswear,product_name,True,False,family_7a44fc7a25bbd06a,06e13b1b19b04a26a86515bb33018ec5f65e9f8758dcb345539dc15976579ffa,data/raw/teacher/train/images_train/5018.jpg
5027,0,Men,Women,0.9552474021911621,0.04429995268583298,Women,persistent_error,False,Track Pants,Black,ADIDAS Men's Long Black Capris,product_name,False,False,family_6c3ce93e96803884,e528dfdba1ece623a0fe945a699c8ad48e4e14f9a6aa46656df02399822c099f,data/raw/teacher/train/images_train/5027.jpg
5069,0,Women,Unisex,0.7524344325065613,0.07085975259542465,Unisex,persistent_error,False,Watches,Purple,Being Human Women Dial Strap Purple Watch,product_name,False,False,family_66fee1789fd31f86,9d55348e3ca7d99f7a683bf9413016d26590a9395b62985dc8e2b0d3e7c7c25e,data/raw/teacher/train/images_train/5069.jpg
5264,0,Unisex,Women,0.6006147861480713,0.36516788601875305,Women,persistent_error,True,Messenger Bag,Black,Wildcraft Unisex Black Corporate Messenger Bag,product_name,False,False,family_408ae596784e336f,993715ed5319998054040ccee99411a36422257565ced18050d1ce35ceffbbc4,data/raw/teacher/train/images_train/5264.jpg
5265,4,Unisex,Women,0.8739524483680725,0.10719817131757736,Women,persistent_error,True,Messenger Bag,Black,Wildcraft Unisex Black & Red Messenger Bag,product_name,False,False,family_f49fc8756a1cb124,d49d82c947262c7f7abef428e014c398e6981d7f90cf76f5f63240f4c15ba977,data/raw/teacher/train/images_train/5265.jpg
5271,0,Unisex,Men,0.8910393714904785,0.03332679346203804,Men,persistent_error,False,Backpacks,Green,Wildcraft Unisex Green Holster Bag,product_name,False,False,family_f2ce16448e901cb8,f7b51ceff71730998567a644139f0c99f5026a81017f73412de92eb458a6bf74,data/raw/teacher/train/images_train/5271.jpg
5303,4,Men,Unisex,0.8691604137420654,0.09947369247674942,Unisex,persistent_error,False,Backpacks,Black,Reebok Men Black Backpack,product_name,True,False,family_57d1b684626f1995,30794b32db299b6d1520c3af118902853325d00d9b64fa0bc806ccf54e1f158c,data/raw/teacher/train/images_train/5303.jpg
5346,4,Unisex,Men,0.7674688100814819,0.18948638439178467,Men,persistent_error,False,Sports Shoes,Black,Solognac Shoes Inverness 100 Ir,original_no_cue,False,False,family_bfbbc7d8940c314e,a650ea8a9fd2acd301ad47bb93e643a23e7c5372fb5d64fb9800b01b6003ce9d,data/raw/teacher/train/images_train/5346.jpg
5351,0,Women,Men,0.9799966812133789,0.0041297129355371,Men,persistent_error,False,Sports Shoes,Beige,Quechua Arpenaz Sandal 50 L Beige,original_no_cue,False,False,family_121076a4131f0eb8,31b8499b37276e19a1323954e31feb8a9cd3d7f64397f5df6984e9cb09619ff3,data/raw/teacher/train/images_train/5351.jpg
5353,0,Women,Men,0.5608484745025635,0.4235249161720276,Men,persistent_error,True,Sports Shoes,Blue,Kalenji Ekiden 50 Women,product_name,False,False,family_c34ae04b892e736b,565d340e0caf13a48edd6f6829490c17ca2344af09b040f542f606fb2ad61f20,data/raw/teacher/train/images_train/5353.jpg
5363,4,Unisex,Men,0.9623656868934631,0.0284497682005167,Men,persistent_error,False,Sports Shoes,White,Btwin Six Mtb Shoes 2009,original_no_cue,False,False,family_c426adaef99b6ea2,9ee8333e46670ee174a8bac3efde1b99cfeb04c46fcb94080ce60cba1d22e626,data/raw/teacher/train/images_train/5363.jpg
5365,4,Unisex,Women,0.4518505036830902,0.35925137996673584,Women,persistent_error,False,Sports Shoes,Green,Solognac Shoes Namib 200,original_no_cue,False,False,family_dd5c332e8ce67a7c,ac02a222a864b7d173cc4a550ff431b2f01547c624bc7ada2afa50355fbba137,data/raw/teacher/train/images_train/5365.jpg
5366,0,Boys,Men,0.8574547171592712,0.028810057789087296,Men,persistent_error,False,Sports Shoes,Blue,Kalenji Ekiden Junior Boy  2010,product_name,True,False,family_2c5ae0760c6625f5,9f4119564260fec6a11e246b099329452ecc1fe53fd0fa99dfe343a842bd64af,data/raw/teacher/train/images_train/5366.jpg
5378,0,Women,Men,0.9796074628829956,0.010064424946904182,Men,persistent_error,False,Sports Shoes,Blue,Quechua Arpenaz 50 Lady 10 Light,original_no_cue,False,False,family_966243b9a39f6dde,8916972cee8cb11d4993d433d846a8b6328c0d9b5184494fdd6cd59ca936970a,data/raw/teacher/train/images_train/5378.jpg
5385,4,Women,Unisex,0.5807921290397644,0.10400314629077911,Men,persistent_error,False,Sports Shoes,Blue,Quechua Arpenaz Flex  Lady Grey,original_no_cue,False,False,family_f53c1ad5dbded0ff,722690bf812aa06a9111097949970a3c9cf7a52a3c0f363b70b8a3ebde6abf59,data/raw/teacher/train/images_train/5385.jpg
5390,0,Unisex,Men,0.5547344088554382,0.29612934589385986,Men,persistent_error,False,Sports Shoes,Grey,Kalenji Kapteren 100 Grey Orang,original_no_cue,False,False,family_1db01826cf7faf93,c4cf59dd4836511574f4bfc8cf55afb2833123cb8f96f1a26d0a199507fe9a3f,data/raw/teacher/train/images_train/5390.jpg
5392,4,Unisex,Men,0.44046369194984436,0.1250145584344864,Men,persistent_error,False,Sports Shoes,White,Kalenji Crossport 100 Whi/champ,original_no_cue,False,False,family_6da233543753c62b,bf51ed6872c604d6d16e07e0402a38bb1c9fc79f865e4674b4d6de7772906e71,data/raw/teacher/train/images_train/5392.jpg
5395,0,Women,Men,0.7348874807357788,0.13752403855323792,Men,persistent_error,True,Sports Shoes,Gold,Artengo Artengo Bad 414 I Woman,original_no_cue,False,False,family_e3ff67a034be1f24,80469e879370936711898fc656469a375910a9231ad11956d49b5f9c62670130,data/raw/teacher/train/images_train/5395.jpg
5400,4,Women,Men,0.9992639422416687,0.0002347846020711586,Men,persistent_error,False,Sports Shoes,Blue,Kalenji Kiprun 1000l  Blue/grey,original_no_cue,False,False,family_525cfd02ce6f836c,b7a9ebf0bca1a913f8aad5fb52f64377e66f6cfe7399c92838b8d148bc9fbe13,data/raw/teacher/train/images_train/5400.jpg
5401,0,Women,Men,0.55824875831604,0.11464802175760269,Men,persistent_error,False,Sports Shoes,Blue,Kalenji Ekiden 100  Lady Blue 2011,original_no_cue,False,False,family_77b8f4d1dca2d16d,a27f54b92ddad01f4267e74ebe6af80a4583e7731cabf30ce4bdd5c963b26295,data/raw/teacher/train/images_train/5401.jpg
5403,4,Women,Men,0.9803978800773621,0.005039263516664505,Men,persistent_error,False,Sports Shoes,White,Kalenji Kiprun 2000l Wht/purple,original_no_cue,False,False,family_27bc6c510e13b8fe,7f8e90a9e74b371aa832664cbdb89b94f85a72a6c9c1203529bc7c10f9e93e2b,data/raw/teacher/train/images_train/5403.jpg
5406,0,Women,Men,0.8894125819206238,0.08329015970230103,Men,persistent_error,False,Sports Shoes,Blue,Kalenji Ekiden Blue Scratch 2011,original_no_cue,False,False,family_dab6e4672321db0b,e81b3771092922d11b8846604dd05fdd38761f1f6276482c27a00c1c31de23af,data/raw/teacher/train/images_train/5406.jpg
5412,4,Boys,Women,0.4897155463695526,0.0841880813241005,Girls,persistent_error,False,Shorts,Black,Ant Kids Boy's Black Dungree Kidswear,product_name,False,False,family_8bba5b9b846fd63c,6db9eb422ec71c306a32424c7bdfa74908c54d3a11f07009ede807df54b74a39,data/raw/teacher/train/images_train/5412.jpg
5415,4,Girls,Boys,0.6995599269866943,0.29007065296173096,Boys,persistent_error,False,Tshirts,Red,Ant Kids Girl's Red Little Heart Kidswear,product_name,False,False,family_24075b270335ddb2,e43ec7d78acdb6b1d2fec7ce8d7c3d94071cf90a79f1368543796e7d5ca66c6b,data/raw/teacher/train/images_train/5415.jpg
5424,4,Boys,Men,0.7142417430877686,0.03615676611661911,Men,persistent_error,False,Tshirts,White,Ant Kids Boy's Whats Up White Navy Kidswear,product_name,False,False,family_67d9df3bfae39fd2,235d1f10323c6b30ba12f570a2a1a6ec74ef8404f9cfb7c6bbdf1f1832f89f9b,data/raw/teacher/train/images_train/5424.jpg
5439,4,Men,Women,0.7889425158500671,0.14679189026355743,Women,persistent_error,True,Tshirts,Red,Nike Men's Red Polo T-shirt,product_name,False,False,family_9b8f2fa45e4b5f19,965251da4c8658f0e5d743e53eb3d1afa6fd6db6c0167d9898287a8cfcfbdf6c,data/raw/teacher/train/images_train/5439.jpg
5441,4,Girls,Boys,0.9448840618133545,0.05118998885154724,Boys,persistent_error,False,Tops,Purple,Ant Kids Girl's Check Top Purple Kidswear,product_name,False,False,family_808a3872edc78095,c89d2af91924d82a4d591089399a79b84b02de05562be9e34fca1b75039e15e5,data/raw/teacher/train/images_train/5441.jpg
5442,4,Women,Unisex,0.4875301718711853,0.06307577341794968,Men,persistent_error,False,Tshirts,Blue,Nike Women's Striped Polo Blue T-shirt,product_name,False,False,family_b4dea4ca32aa84b8,e439f9f7c06e5a32f148efbcd1c1eeb4a5f3ef38f8334b63573617a3f687f195,data/raw/teacher/train/images_train/5442.jpg
5444,4,Girls,Boys,0.8367206454277039,0.0698343887925148,Men,persistent_error,False,Tops,Black,Ant Kids Girl's Check Top Black Kidswear,product_name,False,False,family_739b312ae914cfc4,61497939a11b6eb10581768c7ed3eb81477325dea61c0e40140de1443f72c6f5,data/raw/teacher/train/images_train/5444.jpg
5446,0,Men,Women,0.8819519281387329,0.06345243006944656,Women,persistent_error,True,Tshirts,Blue,Nike Men's Training Blue T-shirt,product_name,False,False,family_827416db130a1d19,f7293bb55e40c7c6d6f6a8c3d2bdd1db178130112edff73c8242c5bcf66504e1,data/raw/teacher/train/images_train/5446.jpg
5505,4,Unisex,Women,0.9580182433128357,0.026362309232354164,Women,persistent_error,False,Handbags,Grey,Nike Grey Printed Handheld Bag,original_no_cue,False,False,family_065aab207e6fe875,4347fb1459dee37072855582c3eb3acfa631a4ca60402c078f5acad658a53a0f,data/raw/teacher/train/images_train/5505.jpg
5569,0,Women,Men,0.7661337852478027,0.2238755226135254,Men,persistent_error,True,Sports Shoes,Grey,Nike Women Zoom Vomero Grey Purple White Shoe,product_name,False,False,family_5214de409e4f511b,e4b91bc08acf71834e3dbcdcf711a464f1923b9168811fcbc34c2e7071e0f461,data/raw/teacher/train/images_train/5569.jpg
5595,4,Men,Unisex,0.7118244767189026,0.27681878209114075,Men,new_error,False,Sports Shoes,White,ADIDAS Men Check Can White Shoe,product_name,False,False,family_2b20a53b75b0eb73,590d3d31f401bafbe62526084bdf17f31d31bad5b76f2ed83156b4c864610261,data/raw/teacher/train/images_train/5595.jpg
5616,4,Men,Women,0.9810904860496521,0.008881160989403725,Women,persistent_error,False,Sandals,Brown,ADIDAS Men Comanche Brown Floater,product_name,False,False,family_9540fce630bc2e27,113583c678abdbbc27e1040cce8c59d7dd4d7d37058e440188925ff6c596be81,data/raw/teacher/train/images_train/5616.jpg
5623,0,Men,Women,0.663601815700531,0.3067258894443512,Women,persistent_error,False,Flip Flops,Grey,Nike Men's Splash Thong Black Red Flip Flop,product_name,False,False,family_9f8414c1ede70e3b,8ea11a278b8f340c6bda018ceebed9cdf3b810505d3c031f4f4744e748c71baa,data/raw/teacher/train/images_train/5623.jpg
5631,4,Unisex,Men,0.9312064051628113,0.014670799486339092,Men,persistent_error,False,Flip Flops,Yellow,ADIDAS Unisex Adi Liner Yellow Flip Flop,product_name,False,False,family_56ed74d2b06c2cc7,e136b1bc36911e512f9506b3f8bc0e2618de8293f45aa149c3a8e26c0655b352,data/raw/teacher/train/images_train/5631.jpg
5752,0,Men,Women,0.6899787783622742,0.29755842685699463,Women,persistent_error,False,Sports Shoes,White,Reebok Men's Winning Stride White Shoe,product_name,False,False,family_f45cacf3d920c520,193cb31b00192f1e38cebbe7957e7b911352a5356df22bccb4af1c6b2f5eddc0,data/raw/teacher/train/images_train/5752.jpg
5781,0,Men,Women,0.9920575022697449,0.004859589040279388,Women,persistent_error,False,Flip Flops,Grey,Reebok Men's Coral Hex Grey Flip Flop,product_name,False,False,family_1224bf20e700e0ad,de38286124d6daff8b95330f701cd8833614bfe6851b851806dc2e75e179132a,data/raw/teacher/train/images_train/5781.jpg
5851,4,Women,Men,0.5669106841087341,0.43060386180877686,Men,persistent_error,True,Handbags,Black,ADIDAS Women Style Black Handbag,product_name,False,False,family_d11aa36e122cb7e9,a39b1153bc7ac0d8a5c571f3efc25705fd6560fa17d3d54604ac49e6f33566e9,data/raw/teacher/train/images_train/5851.jpg
5868,0,Unisex,Men,0.5598441362380981,0.43970420956611633,Unisex,new_error,False,Casual Shoes,Black,Converse Unisex Black Shoes,product_name,False,False,family_496df5b8268957ee,e4947f7ddf1fcee95e565fd853e817fd60d3df66a42c0671c57cf12609037f22,data/raw/teacher/train/images_train/5868.jpg
5897,0,Women,Men,0.5475046634674072,0.03085697814822197,Men,persistent_error,False,Casual Shoes,White,Puma Women's Feuerwerk White Shoe,product_name,False,False,family_2d5a68dd4764f2da,c67524da9b9b9b8b7e249d82ef1593ad92ec788575866ed1abaa407766edbf0d,data/raw/teacher/train/images_train/5897.jpg
5898,4,Men,Women,0.517468273639679,0.38199007511138916,Women,persistent_error,True,Casual Shoes,Blue,Puma Men Tekkies Jam Blue Shoe,product_name,False,False,family_4a46e7abb931e762,d6aa523e2588c52df794aa2ee29c37e50ce145e052f773f8929431174cc76362,data/raw/teacher/train/images_train/5898.jpg
5902,4,Women,Men,0.5497822761535645,0.3588878810405731,Women,new_error,True,Casual Shoes,Blue,Puma Women Balleracer Blue Shoe,product_name,False,False,family_6be7d4d30e3abcc3,ddbe96ed8390351683a7ca15de479f2437360fec2d298579b31f1c466135f631,data/raw/teacher/train/images_train/5902.jpg
5915,0,Women,Men,0.501427948474884,0.4312762916088104,Women,new_error,True,Casual Shoes,White,ADIDAS Women's Derby White Shoe,product_name,False,False,family_99986b87a27efcba,41836418118c0f338fc78bf922370a17c4337e8fed287662f1a335a883235473,data/raw/teacher/train/images_train/5915.jpg
5922,4,Men,Unisex,0.6236416101455688,0.2468273937702179,Unisex,persistent_error,False,Casual Shoes,Red,ADIDAS Men's Slimsollm Red Shoe,product_name,False,False,family_e19e28fddd88e709,ae47c11e5b5115bdfe5f93e288b77b0252c4efcd68b704b44802e4869a6faaa9,data/raw/teacher/train/images_train/5922.jpg
5924,0,Men,Women,0.7452367544174194,0.20269064605236053,Women,persistent_error,False,Casual Shoes,Green,ADIDAS Men's Derby Fresh Green Shoe,product_name,False,False,family_f5475c3cab1c59e8,d699f131044591568bfa5073aa7261c4aa03a990ca736537a8e7b68f7bf731ed,data/raw/teacher/train/images_train/5924.jpg
6125,4,Unisex,Men,0.9999865293502808,8.356326361536048e-06,Men,persistent_error,False,Backpacks,Black,Puma Unisex Foundation Black Red Bagpack,product_name,False,False,family_24a63ec7c93bdbb5,829e7fcd4ba0f57b387a50cda4437a5bb131ea390f4b3a234615ce2abb2e1aa8,data/raw/teacher/train/images_train/6125.jpg
6126,0,Unisex,Men,0.9822137355804443,0.014103817753493786,Men,persistent_error,False,Sports Shoes,Black,Puma Unisex Tornado Black Silver Shoe,product_name,False,False,family_f6a40abcd437f994,4e5db66f4d3c7159495a1a87bf217af772e1c78b1a4223269bfd348ebdf2d44c,data/raw/teacher/train/images_train/6126.jpg
6129,0,Unisex,Men,0.9302823543548584,0.048483118414878845,Men,persistent_error,False,Sandals,Black,Puma Unisex Scuba Black Sandals,product_name,False,False,family_0f4f808958c4e659,b1ba8cb8a72d691361ed1d08af29c6c9b2f60bdfb1c1c83b5266b5a7db6c1a77,data/raw/teacher/train/images_train/6129.jpg
6131,4,Unisex,Men,0.9919473528862,0.002515763510018587,Men,persistent_error,False,Sports Shoes,White,Puma Unisex Diemos White Red Shoe,product_name,False,False,family_af1a52852d2bb89f,71bc00b60bdbf6897f089ac1ba4a6a5bd27e17f7143b566d3f9abbefb5cb64c8,data/raw/teacher/train/images_train/6131.jpg
6139,4,Unisex,Men,0.9826897382736206,0.01446851622313261,Men,persistent_error,False,Sandals,Black,Puma Unisex Winch Black Green Floater,product_name,False,False,family_c1e40f7d1fa5c011,d80c8f308fded5e073e5d61be47fb8eb50e19fe86536ed1c48b9425c829c5f66,data/raw/teacher/train/images_train/6139.jpg
6142,4,Unisex,Women,0.8501152396202087,0.12256619334220886,Women,persistent_error,False,Sandals,Black,Puma Unisex Deck Black Floater,product_name,False,False,family_af276dd998e0a97b,4299bf408be82a6ea9b1144c75b23d7b1e731a8c3c404cb191b2ae81acb2e665,data/raw/teacher/train/images_train/6142.jpg
6149,0,Unisex,Men,0.9529572129249573,0.04016188159584999,Men,persistent_error,False,Sports Shoes,Black,Puma Unisex Wirko Black Silver Shoe,product_name,False,False,family_d70ada757917455c,914fe4b6431205a486d14eb3d232a788b2d19c4943e045b8428afae305b2ecf6,data/raw/teacher/train/images_train/6149.jpg
6178,0,Men,Women,0.9656091928482056,0.006844931747764349,Women,persistent_error,False,Flip Flops,White,ADIDAS Men's Lucent Print White Flip Flop,product_name,False,False,family_db6479551754db9b,2b4fbc5e498ee1bda8b4f3a83c409955fbcf1a4c973f455ccb3e2f2ebc67d000,data/raw/teacher/train/images_train/6178.jpg
6187,4,Women,Men,0.8020155429840088,0.19513657689094543,Men,persistent_error,False,Flip Flops,Green,ADIDAS Women's Young Lives Green Flip Flop,product_name,False,False,family_8085a4db654a9e03,9cbc053d10432221b46571bcfb98f875dfaafb19ecbe64cef1dc9ccd0b58a676,data/raw/teacher/train/images_train/6187.jpg
6285,4,Unisex,Men,0.9356037974357605,0.058538779616355896,Men,persistent_error,False,Flip Flops,Navy Blue,Puma Unisex Matrix Navy White Flip Flip,product_name,False,False,family_d5b493c6873a5407,85953e89bd6924a1a3d7f1701e42f9a1282d7b58b61acacf89fa93f5d731809e,data/raw/teacher/train/images_train/6285.jpg
6295,4,Unisex,Men,0.6745120286941528,0.305306077003479,Men,persistent_error,False,Flip Flops,Black,Puma Unisex Matrix Black Flip Flop,product_name,False,False,family_73119072cebe1aaf,d57e512300a0873ae892285efc352f168010f6ccda04c56fb511fbb416439f80,data/raw/teacher/train/images_train/6295.jpg
6319,4,Unisex,Women,0.9101160764694214,0.08630996197462082,Women,persistent_error,False,Flip Flops,Navy Blue,Puma Unisex Arizona Navy Blue Flip Flop,product_name,False,False,family_4db4da60384e47d4,adf4db3cc9de5cf38d2597cb6c52c56430026998d84d7121d17eafd4641aa5a5,data/raw/teacher/train/images_train/6319.jpg
6321,4,Unisex,Men,0.5608919262886047,0.42041710019111633,Men,persistent_error,False,Flip Flops,Blue,Puma Unisex Arizona Light Blue White Flip Flop,product_name,False,False,family_1d00ce3850e67d53,9ce0e8674003be52c5a947557634aea83aff9c0d05bd5fe7494cce16d4be1d43,data/raw/teacher/train/images_train/6321.jpg
6328,0,Unisex,Men,0.928190290927887,0.07058215886354446,Men,persistent_error,False,Flip Flops,Red,Puma Unisex Miami II Red Black Flip Flop,product_name,False,False,family_939b7d9d39d8977b,de1450f95b6bab8ac5129bdfb26a76c84469fd95fd8e4f7cfcd5179eafb85bae,data/raw/teacher/train/images_train/6328.jpg
6339,4,Unisex,Men,0.5296322107315063,0.26718059182167053,Women,persistent_error,True,Casual Shoes,Red,Converse Unisex Skull Print Hi Red Shoe,product_name,False,False,family_64f363361a0acc78,3be372efaee54a86527e60ef222e2703bc6a6a02c237e509cde166e800b24fad,data/raw/teacher/train/images_train/6339.jpg
6349,0,Unisex,Women,0.3310896158218384,0.07073909044265747,Women,persistent_error,False,Flip Flops,Black,Crocs Kid's Unisex Basic Black Kidswear,product_name,False,False,family_23f88e415a25a39e,cd212ae7c14b9e0b81a7479b2870ea4dd6915f884b339a18641781474084bf89,data/raw/teacher/train/images_train/6349.jpg
6353,4,Girls,Unisex,0.7760459780693054,0.09188022464513779,Unisex,persistent_error,False,Sandals,Pink,Crocs Girls Pink Clogs,product_name,False,False,family_891034f11fbd8f22,8a8acd44cc980cf0589fbf8fe96f5d1f11d75cc80f8aa255fefca9937d021b10,data/raw/teacher/train/images_train/6353.jpg
6357,0,Unisex,Women,0.9249470233917236,0.00493771955370903,Women,persistent_error,False,Flip Flops,Black,Crocs Unisex Basic Black Flip Flop,product_name,False,False,family_fe80fd50256439b3,7f26cd18be9eb7e8934e93b128bab2bdec08a210df88c913d58f64815460cf8c,data/raw/teacher/train/images_train/6357.jpg
6363,4,Men,Unisex,0.5627884864807129,0.32324469089508057,Unisex,persistent_error,True,Casual Shoes,Red,Numero Uno Men's Red Shoe,product_name,False,False,family_7f4fdeb9266dd079,19b474959eef2969b84d75fa7eab02bbc0bd5c25a7e767072f8dd14f7b8fe6cc,data/raw/teacher/train/images_train/6363.jpg
6404,0,Men,Women,0.8991157412528992,0.05288546904921532,Women,persistent_error,False,Sandals,Yellow,Lotto Men Quick Sports Yellow Floater,product_name,False,False,family_23fedfbe6761dda3,0222d9502b8ddb40b6b7b2e864625234c8df73c7255d06c37fc26999e73d49ce,data/raw/teacher/train/images_train/6404.jpg
6409,4,Women,Men,0.94073086977005,0.04372765123844147,Men,persistent_error,False,Casual Shoes,White,Lotto Women's Leisure White Shoe,product_name,False,False,family_44544e0d6770664c,721c1e40c9728fb72e04ea79abdee0414a0849ba46cb6fb96fff3c74b6bf1af0,data/raw/teacher/train/images_train/6409.jpg
6410,0,Women,Men,0.6233298182487488,0.3579269349575043,Men,persistent_error,False,Casual Shoes,White,Lotto Women Leisure White Blue Shoe,product_name,False,False,family_69cddaf496b7fcb7,b3f1ad6f6a0fc74c66c055c45b489360970f78762095f8dc8b46c40ef6f36c0f,data/raw/teacher/train/images_train/6410.jpg
6412,0,Unisex,Women,0.8741438984870911,0.01283958274871111,Women,persistent_error,False,Casual Shoes,Blue,Lotto Unisex Canvas Blue Shoe,product_name,False,False,family_d4c2ea3c5f634412,cba152e9f340ec5a5fb8ccffe386e876e0b2422f2dff74e589ab63c0a71fa2d4,data/raw/teacher/train/images_train/6412.jpg
6416,4,Unisex,Men,0.7520683407783508,0.24544945359230042,Men,persistent_error,True,Casual Shoes,Blue,Lotto Unisex Canvas Navy Blue Shoe,product_name,False,False,family_cdfe5c4dd2e7bb8c,622fb8b406daba3f5d4834d9b1801e8006a645ce131adcc31330ec4b0474da05,data/raw/teacher/train/images_train/6416.jpg
6417,4,Unisex,Men,0.5934587121009827,0.4018912613391876,Men,persistent_error,True,Casual Shoes,Red,Lotto Unisex Canvas Red Shoe,product_name,False,False,family_3af06dad79415834,277ddfe6ea7aecfd0e3ec8f8fef7ac492a4c4e5bed7937022b6b6f2ebf19fea4,data/raw/teacher/train/images_train/6417.jpg
6428,4,Unisex,Men,0.6701453924179077,0.3292779326438904,Men,persistent_error,True,Casual Shoes,Black,Lotto Unisex Canvas Black White Shoe,product_name,False,False,family_6e80132e298a210f,20041b8e21a160d82377c487cc0d148097f1c52fba7f78d10bd8adcfd1e276b8,data/raw/teacher/train/images_train/6428.jpg
6438,0,Women,Men,0.7561972737312317,0.09497209638357162,Men,persistent_error,True,Flip Flops,Purple,Lotto Women's Hawaian Palms Purple Yellow Flip Flop,product_name,False,False,family_8feef12594795c0f,0d236720d05d1cb1aaca9590679882cf2e89182bab36edd0fbb8585ea6fad762,data/raw/teacher/train/images_train/6438.jpg
6449,0,Women,Men,0.9664376378059387,0.012255419045686722,Men,persistent_error,False,Flip Flops,Black,Lotto Women's Cross Color Beige Black Flip Flop,product_name,False,False,family_3df3cfba745433b5,190e4011b5d9f38007e25f11e89922d61ef9f6d9526bb60698565d2abb6b7d2a,data/raw/teacher/train/images_train/6449.jpg
6464,0,Men,Unisex,0.38180285692214966,0.3378083109855652,Men,new_error,True,Flip Flops,Red,Lotto Men's Club Red Blue Flip Flop,product_name,False,False,family_7ee3819bf62f7e45,c52048d5b5b9ba2390fc3f4bf59fc549d209651a4024491247793831ab1520d2,data/raw/teacher/train/images_train/6464.jpg
6497,4,Men,Women,0.7238337993621826,0.26727956533432007,Women,persistent_error,True,Casual Shoes,Brown,Red Tape Men's Leather Brown Shoe,product_name,False,False,family_e8c63c8326e99ca6,ff402fbd13f54f896448b324836649e100d9f364e582429dceea6ba426415c56,data/raw/teacher/train/images_train/6497.jpg
6533,0,Unisex,Men,0.43522077798843384,0.28814277052879333,Unisex,new_error,False,Laptop Bag,Black,Nike Unisex Allegian Laptop Bag,product_name,False,False,family_f496efaac08d8743,8771fe5fd211b61ab569779ec75f4ee8c400a6824f8b68f4d48a8c44b18a1dd4,data/raw/teacher/train/images_train/6533.jpg
6549,0,Women,Men,0.9902037382125854,0.0030081842560321093,Men,persistent_error,False,Tshirts,Green,Nike Women's Miler Yellow T-shirt,product_name,False,False,family_f8a2a1141001a2a3,0afaaf44aa6ae230abe20a0beaae4139eb760a282f547e438ec52c3e3476d583,data/raw/teacher/train/images_train/6549.jpg
6561,4,Unisex,Women,0.9188130497932434,0.05237025395035744,Women,persistent_error,False,Handbags,Purple,Nike Unisex Graphic Play Purple Handbag,product_name,False,False,family_fed1a952001c5c6f,b2558879b4456d7d1b3747a2c627205add29d970ce6a13102128719585ae6e0f,data/raw/teacher/train/images_train/6561.jpg
6574,4,Men,Women,0.5956088304519653,0.2153654247522354,Women,persistent_error,True,Shorts,White,Nike Men's Woven Dri Fit White Short,product_name,False,False,family_56280f252f312e64,adcedbc9436d931242f2a984da1c5bcd197f7ca34d9107570176827475fc069b,data/raw/teacher/train/images_train/6574.jpg
6641,0,Women,Men,0.5888116359710693,0.40068551898002625,Women,new_error,False,Sports Shoes,Grey,Nike Women's Lunarelite Grey Orange Shoe,product_name,False,False,family_c5e109e0af901779,3117cfab534b67c85d57b3631279c3c6e6df8a2ef775a5e57834501c58d8b7dc,data/raw/teacher/train/images_train/6641.jpg
6645,0,Women,Men,0.8954689502716064,0.09757150709629059,Men,persistent_error,False,Sports Shoes,Grey,Nike Women's Serenity Grey Shoe,product_name,False,False,family_5e534a8354549cea,5465e94b770f8117bd39188de354c9be408b0a3e5d6a5d5360897d60e2a01c40,data/raw/teacher/train/images_train/6645.jpg
6664,4,Men,Unisex,0.4597852826118469,0.09358181804418564,Boys,persistent_error,False,Sports Shoes,Grey,Nike Men's Lunarglide 2 Grey White Blue Shoe,product_name,False,False,family_e9f6fab3f6a047e7,4314edaf9cb29c62e99a998baab7baa34850f36304822224e25942d37cfafffb,data/raw/teacher/train/images_train/6664.jpg
6672,4,Women,Unisex,0.4355424642562866,0.30342185497283936,Women,new_error,False,Casual Shoes,White,Nike Women Dunk Skinny White Red Shoe,product_name,False,False,family_c9147cda01f0e59b,74fc060f4fc37156ea9236ffd09f985cc279df1f84efdb1bb37ae84c21d94e71,data/raw/teacher/train/images_train/6672.jpg
6674,0,Women,Men,0.5695915222167969,0.4284912645816803,Women,new_error,True,Sports Shoes,Black,Nike Women Lunar Swift Black Shoe,product_name,False,False,family_8a541e403b7f7dd0,7adae4fdd030ee1be18d0528d6fc2a2017f627b87c1a4a452c78e32f17847f03,data/raw/teacher/train/images_train/6674.jpg
6691,4,Unisex,Men,0.5319285988807678,0.09400423616170883,Women,persistent_error,False,Socks,White,Asics Unisex 2 Pairs 5 Toes SVS White Logo Black Red Socks,product_name,False,False,family_be6eafb216bacf99,e75caae83358ef8fec5acd2baacef25619eec304c242179f203dfa5a441e8235,data/raw/teacher/train/images_train/6691.jpg
6709,0,Unisex,Women,0.9289819002151489,0.007274249568581581,Women,persistent_error,False,Casual Shoes,White,Puma Unisex Wirko White Red Shoes,product_name,False,False,family_62c3239b2ab2f8fc,8987bca9cad787a8885dce293b3483eb86baa992c5f232e93f33577976e2259d,data/raw/teacher/train/images_train/6709.jpg
6733,4,Unisex,Men,0.5725210905075073,0.3827653229236603,Men,persistent_error,False,Casual Shoes,Red,Puma Unisex Scrunch Red Shoe,product_name,False,False,family_b8b2994c7b8b8968,29a6ff71bdf00f7f738a876645a9f662d1e43e81153bd0282ffaf3b889922ab5,data/raw/teacher/train/images_train/6733.jpg
6800,4,Unisex,Girls,0.41623780131340027,0.23567214608192444,Women,persistent_error,False,Casual Shoes,White,Converse Unisex Canvas White Shoe,product_name,False,False,family_2e56a8020dd31df8,ffcd6ea86b06a8acc1280fe9f8755636ea0d054eb24557dabebece58a9b7049a,data/raw/teacher/train/images_train/6800.jpg
6801,4,Unisex,Men,0.6642152667045593,0.32943180203437805,Men,persistent_error,True,Casual Shoes,Black,Converse Unisex Canvas Black Shoe,product_name,False,False,family_30577c46e2620652,daec55daed1c9373365d769553d5cf62c8485bcd5b3d2be6b86adc9ab5f848f2,data/raw/teacher/train/images_train/6801.jpg
6833,4,Women,Men,0.9807848930358887,0.016148371621966362,Men,persistent_error,False,Sports Shoes,Grey,Nike Women's Air Max Excel Black Shoe,product_name,False,False,family_93edf7f031bf6bff,bdd642867eb5facdda618a6372634456397092fba9abf4492b833c23db6e8f62,data/raw/teacher/train/images_train/6833.jpg
6834,4,Unisex,Women,0.6769874095916748,0.20521320402622223,Unisex,new_error,False,Shoe Accessories,Orange,Timberland Unisex Max 2 Shine Neutr Shoe Accessories,product_name,False,False,family_6254b8c1df9e2768,895f019c452a3852681fa833ad20b219cba875205d07991ee8a03fd8d3f918e8,data/raw/teacher/train/images_train/6834.jpg
6839,0,Unisex,Women,0.6576687097549438,0.20062558352947235,Women,persistent_error,False,Shoe Accessories,Black,Timberland Unisex Waximum Shoe Accessories,product_name,False,False,family_8bb2a9b4efb68301,8227369b68de266831695b5ebeef6cff997406ab098b59c8d5ba856948ae4bb6,data/raw/teacher/train/images_train/6839.jpg
6840,0,Unisex,Men,0.9702475666999817,0.022095907479524612,Men,persistent_error,False,Shoe Accessories,Brown,Timberland Unisex Dry Cleaning Shoe Kit,product_name,False,False,family_27b5f3558e46ebad,fa8852f2fda4fc386ac0bd59b14f1ced9d5b06c050269b75d8e0f4a0c8421b33,data/raw/teacher/train/images_train/6840.jpg
6843,4,Unisex,Women,0.977523922920227,0.006144357845187187,Women,persistent_error,False,Shoe Accessories,Black,Timberland Unisex Suede Restorer Brush Shoe Accessories,product_name,False,False,family_100d3edd36255808,92964894a0bce6e8b399abdbadf0a29109b6135fc9cfdfc453ac95ff4e25b2e6,data/raw/teacher/train/images_train/6843.jpg
7073,4,Unisex,Women,0.6239696741104126,0.21054375171661377,Women,persistent_error,True,Backpacks,Orange,Wildcraft Unisex Orange & White Printed Backpack,product_name,False,False,family_f69b055e71f60f90,e86fc02ae2f0aa3e1bc852048028e4f4b79e26819eef5c1c4b9578e2fba83e73,data/raw/teacher/train/images_train/7073.jpg
7393,4,Men,Women,0.9767533540725708,0.021986380219459534,Women,persistent_error,False,Casual Shoes,Brown,Red Tape Men's Brown Semi Formal Shoe,product_name,False,False,family_3ba5d72567ce5d91,9b0d2c8d3919bbe4fd7e287183d42b49794095e9103d24e30d1af7a03b1f336e,data/raw/teacher/train/images_train/7393.jpg
7394,0,Men,Women,0.9887337684631348,0.00859567616134882,Women,persistent_error,False,Formal Shoes,Black,Red Tape Men Black Formal Shoes,product_name,False,False,family_6a6af0b1e735b1e3,fead139ac1672e99465514c25ac6b605b0e64d7a8e06315d1966f09a04291ea6,data/raw/teacher/train/images_train/7394.jpg
7481,4,Women,Men,0.7354435920715332,0.21876408159732819,Men,persistent_error,False,Tshirts,White,Nike Women's Miler Orange White T-shirt,product_name,False,False,family_30a13105878f8322,cc3a5066137afc32d8997d9fb215265f0d07f812c07e45296c9c5f8f5610ba16,data/raw/teacher/train/images_train/7481.jpg
7510,4,Women,Men,0.7952699065208435,0.19593584537506104,Men,persistent_error,True,Capris,Black,Nike Women As Be Strong Black Capri,product_name,False,False,family_b4d3ce1bba6cd172,5acbea8cb988405231ea88b407d7b6ab0b34ac0967f7cfba38a46ff6bf108ccf,data/raw/teacher/train/images_train/7510.jpg
7534,4,Men,Women,0.920617938041687,0.04747050628066063,Women,persistent_error,False,Tshirts,White,Nike men's As Nike Spher White Orange T-shirt,product_name,False,False,family_f6d626a44626e651,d04e5f070c1dc2162b80f6a5f6a26fae865c23ddfc374c5524089ddcc2ef1a4b,data/raw/teacher/train/images_train/7534.jpg
7542,4,Men,Women,0.7983483076095581,0.16308508813381195,Women,persistent_error,False,Shorts,White,Nike Men's AS T90 3/4 WO White Shorts,product_name,False,False,family_253902860d09d7bb,236ca6e102d6787587f3cc55378d977ee0e0ac84265ba5ab93e479fdc82f6625,data/raw/teacher/train/images_train/7542.jpg
7599,4,Women,Men,0.8609520792961121,0.12882140278816223,Men,persistent_error,False,Sports Shoes,White,Nike Women's Iza White Shoe,product_name,False,False,family_16a73fa3a0e35bc9,12a9bb2d5ffcf4dd23720bfd31f097ff12e78f835c3c6bf34706a252b2e823bc,data/raw/teacher/train/images_train/7599.jpg
7609,4,Men,Women,0.9792531728744507,0.016571255400776863,Women,persistent_error,False,Wallets,Black,Wrangler Men Black Leather Wallet,product_name,False,False,family_ecd29e58ac7d8cc8,ff4c3fe1b7b0cb7bafa76952840ba2d985f6ff1c78d69700446061bd254c290e,data/raw/teacher/train/images_train/7609.jpg
7615,4,Men,Women,0.9607105851173401,0.030955998227000237,Women,persistent_error,False,Wallets,Brown,Wrangler Men Brown Leather Wallet,product_name,False,False,family_00fcb2d718c21166,e9d157519c42f8aab5f63664c0fc1d304ba057b34ca4c4500d3724dc28298eb2,data/raw/teacher/train/images_train/7615.jpg
7616,4,Men,Unisex,0.8613409399986267,0.04939138889312744,Unisex,persistent_error,False,Messenger Bag,Green,Wrangler Men Olive Canvas Bag,product_name,False,False,family_12d060c367de518c,baa36a38fd4631e7d31cdf68ed1914706530180d5d21132faffec54706006265,data/raw/teacher/train/images_train/7616.jpg
7618,4,Men,Women,0.7452658414840698,0.25018927454948425,Women,persistent_error,False,Wallets,Black,Wrangler Men Black Leather Wallet,product_name,False,False,family_ecd29e58ac7d8cc8,558e990b74ce04da40bcaec22acd21f3cc321b56d3ec61b2dd04c5184687c260,data/raw/teacher/train/images_train/7618.jpg
7619,4,Men,Women,0.6691306829452515,0.15584659576416016,Unisex,persistent_error,True,Caps,Blue,Wrangler Men Light Blue Canvas Cap,product_name,False,False,family_6e17f7196e0c75a2,3fe45d3328ad31e107909c7826f3c733e4164666f136c5be0663e4bd87993dbc,data/raw/teacher/train/images_train/7619.jpg
7621,4,Women,Men,0.7274053692817688,0.08345310389995575,Men,persistent_error,False,Socks,Purple,Wrangler Women's Secret Purple Socks,product_name,False,False,family_c9bc8558b5cd8945,9586e32f9fe5a7acc768742656030b4a88dabc6d5ef4bd3569ea9fe3e9080700,data/raw/teacher/train/images_train/7621.jpg
7623,0,Women,Men,0.4001753628253937,0.255758672952652,Unisex,persistent_error,False,Socks,Yellow,Wrangler Women's Lemon Secret Yellow Socks,product_name,False,False,family_363f42e8734ac53e,ccfaaa11156a646d91151ba87048941ab30f4089287d899faf1c32ca85614108,data/raw/teacher/train/images_train/7623.jpg
7723,4,Unisex,Women,0.5200628638267517,0.4657308757305145,Unisex,new_error,True,Flip Flops,Black,Puma Unisex Popart Flip Black Dandelion Flip Flop,product_name,False,False,family_af07603d4da41233,49674e7622795a2092dd2e2cda10c20e9cbab14f84d96c8dc3dc27ad4a0ffe86,data/raw/teacher/train/images_train/7723.jpg
7735,4,Men,Women,0.5221777558326721,0.468166321516037,Men,new_error,False,Sports Shoes,Navy Blue,Fila Men's Smash III Navy Blue Shoe,product_name,False,False,family_fa84a88741ebb616,caa2245510e39cef604a34fbee76d36db7b4a7eb49f0a0df5dc05612bb148e59,data/raw/teacher/train/images_train/7735.jpg
7770,4,Unisex,Men,0.9722655415534973,0.01890971139073372,Men,persistent_error,False,Socks,Beige,Nike Unisex Beige Socks,product_name,False,False,family_c304a87b43ab7ab9,963e6f4c8f2dc9a00c886d7005905f7d3f553013c437dcc6fe4679653fda0f90,data/raw/teacher/train/images_train/7770.jpg
7791,4,Men,Women,0.7077519297599792,0.26697835326194763,Women,persistent_error,False,Tshirts,Green,Proline Men's Polo Solid Olive T-shirt,product_name,False,False,family_d5a7049e8dcd2737,d83dbefbaf69d8771f961ad191fe346d8a3f190c824a3dc17797b5defb649626,data/raw/teacher/train/images_train/7791.jpg
7816,0,Women,Men,0.9399383664131165,0.007368843071162701,Men,persistent_error,False,Casual Shoes,Black,Puma Women Corsica Mid L Shine Black Grey Shoe,product_name,False,False,family_2c52230d64e3d2b6,a226adad1ed3176451ce535cfc6fa062be95fca34d0c3c578f3b3b5102eac98d,data/raw/teacher/train/images_train/7816.jpg
7826,4,Women,Men,0.9608163833618164,0.017381709069013596,Men,persistent_error,False,Sports Shoes,White,Puma Women Future Cat Remix White Blue Shoe,product_name,False,False,family_a59be0418c6dc2a4,2982764a25502c5ef19fd3a351a57c69af34764abf7e19e90b0c32c734848bc1,data/raw/teacher/train/images_train/7826.jpg
7842,4,Women,Men,0.9549684524536133,0.039769597351551056,Men,persistent_error,False,Sports Shoes,Black,Puma Women Osu NM Black Purple Shoe,product_name,False,False,family_c525ed5e2d690bd8,d2e5ce17d792be01bf99c366f714f1e05de29ae6256a695a0a31c2d4d8c47d3a,data/raw/teacher/train/images_train/7842.jpg
7844,4,Women,Men,0.5289327502250671,0.10643521696329117,Men,persistent_error,False,Sports Shoes,Black,Puma Women Cabana Racer SL JR Black Blue Green Shoe,product_name,False,False,family_b513a7ff5978b958,bae00684f53a0ba57e1d6dc94c17b7842e2b3a7d6608d0c6f54fb58c348203e5,data/raw/teacher/train/images_train/7844.jpg
7970,4,Unisex,Men,0.9452913403511047,0.04058218374848366,Men,persistent_error,False,Sandals,Brown,Fila Unisex Aqua Gripparre Brown Sandals,product_name,False,False,family_c677d8031a15a50a,8016e5dfd1ee5dd95d73e40c0cd1e8ff88fe016cea03d453384b3aa8196d3fb4,data/raw/teacher/train/images_train/7970.jpg
8074,0,Women,Men,0.999349057674408,0.00045308010885491967,Men,persistent_error,False,Sports Shoes,White,New Balance MR310 Women's Cushioning Grey Navy Shoe,product_name,False,False,family_abb29e3b1f199829,3e47cc02124b6056cee56f55c12669097c4637675e4eb639e21cec18bc5c9643,data/raw/teacher/train/images_train/8074.jpg
8135,4,Women,Men,0.6841800808906555,0.266263484954834,Men,persistent_error,True,Watches,Blue,Fastrack Women Core Analog White Blue Watch,product_name,False,False,family_79c56d57697ddb33,c5efe01e7b8ee56c93a38307125060f50410179b5f23360a9fece14ffadf0a0b,data/raw/teacher/train/images_train/8135.jpg
8142,4,Women,Men,0.7127199172973633,0.12501277029514313,Men,persistent_error,False,Watches,Black,Fastrack Women Navy Dial Watch,product_name,False,False,family_b26f2fdfb616af63,9e93f7c9606442aaecc9d914502afb30124773c9b09a93ce0131935a0a8862ec,data/raw/teacher/train/images_train/8142.jpg
8217,0,Unisex,Men,0.9909833669662476,0.0004818094603251666,Men,persistent_error,False,Backpacks,Blue,Fastrack Unisex Blue Green Single Strap Backpack,product_name,False,False,family_d52640dd8dcaf61e,17c509eb03e2afa077981102a84b469db293bd6f1a5bc05818f6db0f32acd687,data/raw/teacher/train/images_train/8217.jpg
8220,4,Women,Men,0.9807512760162354,0.013813857920467854,Men,persistent_error,False,Sports Shoes,White,Nike Women Tennis Classic White Shoe,product_name,False,False,family_f223bccd09b2dbe3,4e9af69a5104a2ee2b45e21c348e70766b2b8948574036bb82dd5982e6698a66,data/raw/teacher/train/images_train/8220.jpg
8227,0,Unisex,Women,0.5129541754722595,0.12256006896495819,Men,persistent_error,False,Messenger Bag,Navy Blue,Fastrack Unisex Navy Blue Messenger Bag,product_name,False,False,family_232e4680e1c1856b,ed200cf71fa3e21a755a5651b41e37a6f166bafcc1c6d76b93bc71195c488f5c,data/raw/teacher/train/images_train/8227.jpg
8228,0,Men,Women,0.8383259773254395,0.009462992660701275,Women,persistent_error,False,Messenger Bag,Red,Fastrack Men Red Messenger Bag,product_name,False,False,family_e789d441b19dcbee,e5e98af680d28d312c86f587bf5d784ba03cc5e6c52701bbd3c81ccbe83069f2,data/raw/teacher/train/images_train/8228.jpg
8229,4,Men,Unisex,0.9177493453025818,0.07948608696460724,Unisex,persistent_error,False,Backpacks,Black,Fastrack Men Black Backpack,product_name,False,False,family_e90b6dde789edaa9,43c058e55de8a256c915c7a33c30562b540b9d120c17053167b6cc5413e4d889,data/raw/teacher/train/images_train/8229.jpg
8231,4,Men,Unisex,0.7894433736801147,0.19890576601028442,Unisex,persistent_error,False,Backpacks,Green,Fastrack Men Green Laptop Backpack,product_name,False,False,family_0ecddab3bf18af80,e1d7919401b3a2062f9586910df879e887c58da944f75aafd572085a29f12183,data/raw/teacher/train/images_train/8231.jpg
8232,0,Women,Unisex,0.5659303665161133,0.3899940848350525,Unisex,persistent_error,False,Handbags,Black,Fastrack Women Black Sling Bag,product_name,False,False,family_3ed2e4a3503420d5,f1b6578ec5691be6aedc08ea3938880c811d5188d91efb56d2fb832be3c860f7,data/raw/teacher/train/images_train/8232.jpg
8245,4,Women,Men,0.5346370935440063,0.0038400974590331316,Men,persistent_error,False,Flip Flops,Black,Lotto Women's Juicy Black Flip Flop,product_name,False,False,family_5973ede00eaa6fc1,afe0c3a5ba801c612789f927cfd4cd337bb3a4a63935b98135c7fc2ff3d2443f,data/raw/teacher/train/images_train/8245.jpg
8248,0,Men,Women,0.5408768057823181,0.10964885354042053,Unisex,persistent_error,False,Duffel Bag,Black,Fastrack Men Black Gym Bag,product_name,False,False,family_a5ba5afd5a356ab3,27435a3f4b84a5b842d3951bf47064287081fb4f73118c3ae2fc057ae1e683df,data/raw/teacher/train/images_train/8248.jpg
8250,0,Unisex,Women,0.8154780864715576,0.10677359253168106,Women,persistent_error,False,Backpacks,Grey,Fastrack Unisex Grey Backpack,product_name,False,False,family_57cd0d3724eb1e6f,4df703d8f3da53a2c517198799dfed96034f90ed66739c0fb8686982993fbc4e,data/raw/teacher/train/images_train/8250.jpg
8264,0,Unisex,Men,0.34637847542762756,0.22743423283100128,Women,persistent_error,True,Backpacks,Black,Fastrack Unisex White Black Printed Sling Bag,product_name,False,False,family_d0da1af52e98f34c,716a9cdccb226e20b837a2e658eb892e6153ff0d055e0ac97b3e451356829948,data/raw/teacher/train/images_train/8264.jpg
8306,4,Women,Men,0.615504801273346,0.36017340421676636,Men,persistent_error,True,Sports Shoes,Black,Skechers Women Sports Black Pink White Shoe,product_name,False,False,family_f45d0df1d4e753e7,c9d8375f26997625a6be8b1802ee98e03296a969b1980782b630853c02b78c4d,data/raw/teacher/train/images_train/8306.jpg
8353,4,Boys,Girls,0.588472843170166,0.2614600658416748,Women,persistent_error,False,Tshirts,White,Doodle Boy's Original Royal Classic White Kidswear,product_name,False,False,family_3517a0cd78deae06,3da030ca7f8120f08305f2778ebd7e1c2546d311d36a483dbe217d69204be340,data/raw/teacher/train/images_train/8353.jpg
8376,4,Men,Unisex,0.8724240660667419,0.12021323293447495,Unisex,persistent_error,False,Backpacks,Black,Fastrack Men Black Backpack,product_name,False,False,family_e90b6dde789edaa9,16508fa4b15136e08f55e573aed4d86e62d459bb802f3b338a7ef16cc7d6732e,data/raw/teacher/train/images_train/8376.jpg
8418,4,Girls,Boys,0.778078556060791,0.16087038815021515,Boys,persistent_error,False,Tshirts,Blue,Doodle Girl's Crazy Funny Blue Kidswear,product_name,False,False,family_d1ea0dd4996cf570,1d13e70ab463db198688d7d4d0cc9fbc15f0b892f8e75497c87266c4d6b16a18,data/raw/teacher/train/images_train/8418.jpg
8419,4,Girls,Boys,0.778078556060791,0.16087038815021515,Boys,persistent_error,False,Tshirts,Blue,Doodle Girl's Crazy Funny Blue Teen Kidswear,product_name,False,False,family_d1ea0dd4996cf570,1d13e70ab463db198688d7d4d0cc9fbc15f0b892f8e75497c87266c4d6b16a18,data/raw/teacher/train/images_train/8419.jpg
8503,0,Unisex,Men,0.5406747460365295,0.12230045348405838,Women,persistent_error,False,Socks,White,Nike Unisex China Swsh Ct White Socks,product_name,False,False,family_fa7c73f19c30cb63,899c317c63321ff01fcb659515152bc7f635afd38c899e3d950fe28332fe4ae3,data/raw/teacher/train/images_train/8503.jpg
8505,4,Unisex,Men,0.6195791959762573,0.06215867027640343,Men,persistent_error,False,Socks,White,Nike Unisex Ap Kids Snl G White Socks,product_name,False,False,family_794085b394b246a0,9afa76a5159d6d1bcc39aca401ee0b9a5b946b2d5ea142791b2b6f5969db5b32,data/raw/teacher/train/images_train/8505.jpg
8507,4,Unisex,Men,0.9274199604988098,0.03090192750096321,Men,persistent_error,False,Socks,Black,Nike Unisex  Black Socks,product_name,False,False,family_f83911c5da4fddd1,d6e522f124f0169bd8308521b6f5ef451d937455fb57039d9a920534b3b5575e,data/raw/teacher/train/images_train/8507.jpg
8526,4,Women,Men,0.6955828070640564,0.26516520977020264,Men,persistent_error,False,Sports Shoes,Black,Nike Women Nike Womens Downshifter 3 MSL Black Sports Shoes,product_name,False,False,family_aaf758307145eca4,92740fd09819866a8bdb4c4561cb7692fb750615e88d58e06b95a917b80fe183,data/raw/teacher/train/images_train/8526.jpg
8539,4,Unisex,Men,0.6953814029693604,0.11336429417133331,Men,persistent_error,False,Flip Flops,Black,Crocs Douet Black Flip Sandals,original_no_cue,False,False,family_9e042031528217cb,c919c0e63e535e162fb9b24f71491d67d5f4a69fcee3a388f7ba4d4dd81840a3,data/raw/teacher/train/images_train/8539.jpg
8616,4,Unisex,Men,0.921186625957489,0.0782533586025238,Men,persistent_error,False,Sunglasses,Brown,Fastrack Unisex Sunglasses M035BR6,product_name,False,False,family_14bc33c0f01c5040,efd275021dc7ab6d11ffd372dee94eb15bf494fd09bcb0e4e522f3120a361089,data/raw/teacher/train/images_train/8616.jpg
8631,4,Unisex,Women,0.5954324007034302,0.33745554089546204,Women,persistent_error,False,Sunglasses,Brown,Fastrack Unisex Hip Hop Brown Sunglasses,product_name,False,False,family_f64cc55f1347429b,9391231d019a923c0a2e0fb5861a3873097ed805186834d8aa0504910ccf66e3,data/raw/teacher/train/images_train/8631.jpg
8650,4,Men,Unisex,0.8449152708053589,0.07381432503461838,Unisex,persistent_error,False,Sunglasses,Black,Fastrack Men Sport Black Sunglasses,product_name,False,False,family_c288691bf8994f80,e1aa836da0a735173973e8e045cfb0c2ff58dd6f1eefa08db3385671df0ca9cd,data/raw/teacher/train/images_train/8650.jpg
8658,4,Unisex,Men,0.7673335075378418,0.22756537795066833,Men,persistent_error,True,Sunglasses,Brown,Fastrack Unisex Rectangular Sunglasses FTML005GLBR2,product_name,False,False,family_8742da1278560374,721d21f26b2f79e4cdc1c361a15c593a988c441e70e8a344ab98be85f74bec16,data/raw/teacher/train/images_train/8658.jpg
8668,4,Unisex,Men,0.9082139134407043,0.09077822417020798,Men,persistent_error,False,Sunglasses,Green,Fastrack Unisex Oval Sunglasses FTML006GLBK1,product_name,False,False,family_62132bfbcd573752,3fdf0bc21e94588efbce933e49c6608c79fd893441792162c5d046fe99cfb994,data/raw/teacher/train/images_train/8668.jpg
8672,4,Men,Unisex,0.9842156767845154,0.014842445962131023,Unisex,persistent_error,False,Sunglasses,Black,Fastrack Men Fastrack Black sunglass with golden rim Black Sunglasses,product_name,False,False,family_6058ce19ef73825a,a26a36c5d98fa5b86fdcc289fb68229750d96c7152171983c4434aa8358a8bac,data/raw/teacher/train/images_train/8672.jpg
8680,4,Women,Unisex,0.6895956993103027,0.028225533664226532,Unisex,persistent_error,False,Sunglasses,Brown,Fastrack Women Campus Brown Sunglasses,product_name,False,False,family_3df4cdee799bf668,e1860f4eb067d7a2b802346b00dec717bf6d42a127e3ab63c126dc96420a5ab7,data/raw/teacher/train/images_train/8680.jpg
8697,4,Men,Women,0.41838914155960083,0.3078147768974304,Men,new_error,False,Sunglasses,Black,Fastrack Men Hip Hop Black Sunglasses,product_name,False,False,family_fd99ea8de5c1b77b,0843d3b202680af5239ac5ab0acacbe74dee67ee366910c9b08b5002ac8e70b9,data/raw/teacher/train/images_train/8697.jpg
8698,0,Men,Women,0.4755061864852905,0.3392971456050873,Men,new_error,True,Sunglasses,Brown,Fastrack Men Hip Hop Brown Sunglasses,product_name,False,False,family_36b581c7df84268f,39cf937bc13db15d6ab37846e8ae1180244349a52b46e7ce36d7b2faf8dc5d65,data/raw/teacher/train/images_train/8698.jpg
8746,0,Unisex,Boys,0.5423523187637329,0.4336525499820709,Unisex,new_error,True,Flip Flops,Navy Blue,Crocs Kids Navy Blue Clogs,original_no_cue,False,False,family_3dac8c55c94b122c,e694b485b910bb687a6f8638e1164984254b3e1cf4aa82b02bd0fef07bec8d77,data/raw/teacher/train/images_train/8746.jpg
8754,4,Unisex,Boys,0.6465960741043091,0.1563354879617691,Boys,persistent_error,False,Sandals,Red,Crocs Kids Duet Red Floater,original_no_cue,False,False,family_d5202cfaa87f5803,699d4bc7aa135e11f03339caeea3d2fde2f1ae03843ad8122efcc56f27caa972,data/raw/teacher/train/images_train/8754.jpg
8840,0,Men,Women,0.8601097464561462,0.1372963786125183,Men,new_error,True,Trousers,Charcoal,Scullers Men Black Checked Trousers,product_name,False,False,family_197eb73ac8e7a845,7f73f5e3820d3065fd47c13095b09c05fd38014a8e5bdbbec30b6c121b1056ee,data/raw/teacher/train/images_train/8840.jpg
8915,4,Unisex,Men,0.9803747534751892,0.005150828044861555,Men,persistent_error,False,Shoe Accessories,Black,Timberland Unisex Black Boot Sauce Cream,product_name,False,False,family_43662a57a9cdec80,d03adababcbf59bfe349ce2ed26f01ac6df9b5b32f648852a648c9199d69533d,data/raw/teacher/train/images_train/8915.jpg
8916,0,Men,Women,0.7047904133796692,0.29436174035072327,Men,new_error,True,Tshirts,Blue,ADIDAS Men Argentina AFA H REP Blue Jersey,product_name,False,False,family_54d3fd385463022f,8635c7a40ab83cd71a49f0b646fbe3ea104e207e36b6e43fc617f2813bb0755f,data/raw/teacher/train/images_train/8916.jpg
8923,4,Men,Women,0.5562207102775574,0.4273715019226074,Women,persistent_error,False,Belts,White,Puma Men White Belt,product_name,False,False,family_a7f97d4b52b93ecc,31197a8cac46bef73bbedfa5fa42c32b895378063fec3ad2c83dc764502c1af0,data/raw/teacher/train/images_train/8923.jpg
8927,0,Men,Women,0.4180352985858917,0.3515056371688843,Women,persistent_error,True,Belts,Black,Puma Men Fundamentals webbing Black Belts,product_name,False,False,family_1211b78610929c31,cedbb26829ad65c17e17e2094cbe443318e20a18a4d57795b00f308f78ede316,data/raw/teacher/train/images_train/8927.jpg
8933,4,Unisex,Girls,0.7208811044692993,0.03531983122229576,Girls,persistent_error,False,Wristbands,Pink,Puma Unisex Fundamentals Pink Wristbands,product_name,False,False,family_1628e107773c273d,e9cc75beaa3f0f55d82ee5c246307b32d2da5f0ba9788599403bb2dcbdf6882a,data/raw/teacher/train/images_train/8933.jpg
9089,4,Unisex,Men,0.6942115426063538,0.28518569469451904,Men,persistent_error,True,Casual Shoes,Black,Converse Unisex Ct AsAll Star 08 Hi Black Casual Shoes,product_name,False,False,family_a4348ab4a7bf5cd9,cda1a292b75dcd43a433e7cdea431fd6b4d8021a8c9cab0674a54b5b02cb5c65,data/raw/teacher/train/images_train/9089.jpg
9092,0,Women,Men,0.8245664238929749,0.12603548169136047,Men,persistent_error,False,Sports Shoes,Black,Puma Women BodyTrain Alt Black Green Shoe,product_name,False,False,family_eb19323db62e64b2,e63efb50ff3740455ed0b563f490df6c53759f6547c5c110d99e00a6d8eda15d,data/raw/teacher/train/images_train/9092.jpg
9096,4,Unisex,Men,0.7293007373809814,0.051606062799692154,Men,persistent_error,False,Casual Shoes,Blue,Converse Unisex Ct As Star Chevron Hi Blue Casual Shoes,product_name,False,False,family_53adbfe094b8fc53,1a7e8db991cd35b568a15a96ffa91e9d94641a39a05cdef9744f4ca452604806,data/raw/teacher/train/images_train/9096.jpg
9115,4,Women,Men,0.8084126710891724,0.1535884588956833,Men,persistent_error,True,Sports Shoes,Silver,Puma Women Ikonis 2 Silver Sports Shoes,product_name,False,False,family_77e359e4b1cb258f,1030d20cc02a4efbdc897d9f02ae454ea9dd4aa9f3b533fd1e07a3bb5932b9b3,data/raw/teacher/train/images_train/9115.jpg
9117,0,Unisex,Men,0.5421625375747681,0.13009776175022125,Men,persistent_error,False,Sports Shoes,Black,Puma Unisex Axis Black Sports Shoes,product_name,False,False,family_6881f2b0b6096984,9774a21b09abf74289c5d4a16e4d7316d7e340db96e0182e1d842796c86cb4ee,data/raw/teacher/train/images_train/9117.jpg
9119,4,Women,Men,0.8848459720611572,0.09454013407230377,Men,persistent_error,False,Sports Shoes,Black,Puma Women Axis Black Sports Shoes,product_name,False,False,family_bedc725da6f59c82,2f8e65656b91a413bd64b35dd7caf34de6e33aa3e4d145bff8c4eacc262b5fcf,data/raw/teacher/train/images_train/9119.jpg
9123,0,Women,Men,0.6320404410362244,0.3525661528110504,Men,persistent_error,False,Sports Shoes,Black,Puma Women Vesta Runner Black Sports Shoes,product_name,False,False,family_0a7af18b0a022be7,1309eb3037d9771452cefe0994859acdb17ad0cd0f092b339f356252e7d54902,data/raw/teacher/train/images_train/9123.jpg
9197,0,Women,Men,0.5819162130355835,0.3934990167617798,Men,persistent_error,True,Sports Shoes,White,Puma Women Ikonis 2 XT White Shoes,product_name,False,False,family_3b235ac6056d34b1,a3c7e6d4fdd0910516d1ea0993af7c7699a611ca6e455388ec42e362ff77263b,data/raw/teacher/train/images_train/9197.jpg
9207,4,Women,Men,0.7297212481498718,0.15859293937683105,Men,persistent_error,False,Casual Shoes,Black,Puma Women Nouli Lo Ripstop Black Casual Shoes,product_name,False,False,family_8cd110accd359cbd,5dc2b7a5dcd90607d1cd8a1cd26e8bbbd2f6967fceb8672f504cfdc6f71493f0,data/raw/teacher/train/images_train/9207.jpg
9221,4,Women,Men,0.8168377876281738,0.02519487962126732,Men,persistent_error,False,Flip Flops,Black,Puma Women Coral Black Casual Slippers,product_name,False,False,family_ec6e8ec51658fa3d,4b13da27ba879ad9709dcb6afa9cb857a3e7f50afb35d01bb1513edafc9d5fc1,data/raw/teacher/train/images_train/9221.jpg
9273,4,Men,Women,0.7830541729927063,0.17223617434501648,Women,persistent_error,False,Sports Shoes,White,Nike Men Main Draw White Shoe,product_name,False,False,family_0efb4e0fb40a77b2,9120269f31a09dff46135978f719ae5816dd5b75daa296f2bdef56a8cfe1d2e9,data/raw/teacher/train/images_train/9273.jpg
9365,4,Women,Men,0.697629451751709,0.019863249734044075,Men,persistent_error,False,Socks,Black,Puma Women Logo Stud Black Socks,product_name,False,False,family_c2295e6ea87deffb,597ec90b8447cb2bab18144f614389ead235054a4b6b5268301f2f0d7f695a45,data/raw/teacher/train/images_train/9365.jpg
9369,0,Women,Men,0.41194260120391846,0.410889595746994,Women,new_error,False,Socks,Grey,Puma Women Stripe Grey Socks,product_name,False,False,family_384feedbdb892b89,23e1c4baeee680792b27470a5560353c410ecb50850e3c2c47bcc9b50f4fa8c3,data/raw/teacher/train/images_train/9369.jpg
9370,0,Women,Men,0.593425452709198,0.013916396535933018,Men,persistent_error,False,Socks,Black,Puma Women Stripe Black Socks,product_name,False,False,family_605b6fdd5bd6de94,96220848f34bf2e829f9a2a9125fd49987ff6c0b1366e2e9263d8ef61977241e,data/raw/teacher/train/images_train/9370.jpg
9383,4,Women,Men,0.4458588659763336,0.3885333836078644,Men,persistent_error,True,Casual Shoes,White,Nike Women Wmns Sweet Cl White Casual Shoes,product_name,False,False,family_7329aecc65d2e4d2,21544e7284c7456ce8d5ec5b5b562a8db2c680817c1b9842329732993f5df65c,data/raw/teacher/train/images_train/9383.jpg
9391,0,Men,Women,0.5525230169296265,0.3906514346599579,Men,new_error,True,Sports Shoes,White,Nike Men CapriII White Sports Shoes,product_name,False,False,family_408dea38a14143b6,e465ba6cb31f883d90a24787ce496ecb9e9be337744b66d4c52b1782c0010791,data/raw/teacher/train/images_train/9391.jpg
9571,4,Unisex,Women,0.9966549873352051,0.0025541558861732483,Women,persistent_error,False,Handbags,Black,Puma Unisex Core Shoulder Black Bags,product_name,False,False,family_833657e26b12fde3,daa4f46db197f9001fde8cfb1bcd02a6d6ba2c2760350fa096dc2441310460f5,data/raw/teacher/train/images_train/9571.jpg
9576,4,Unisex,Women,0.7471568584442139,0.020099330693483353,Women,persistent_error,False,Backpacks,Pink,Puma Unisex Deck Pink Backpacks,product_name,False,False,family_e81c1b9b7651f5e2,02f1141ff608edc4d7432721c94d374ce5a886b9683072be72a553a9256b3e5b,data/raw/teacher/train/images_train/9576.jpg
9817,4,Men,Unisex,0.8494065999984741,0.011943823657929897,Unisex,persistent_error,False,Casual Shoes,Black,Converse Men CT AS Sketch OX Black Casual Shoes,product_name,False,False,family_5edd6fe9fd8d4373,c6b76dd631a6218cdc227bb0ad32010afc1d2bacd179303526d93775bc1eff75,data/raw/teacher/train/images_train/9817.jpg
9913,0,Unisex,Women,0.8997704982757568,0.09089931100606918,Women,persistent_error,False,Handbags,Black,Puma Unisex Dizzy Shopper Black Bags,product_name,False,False,family_70c5f31b280d186c,ec802bbf75948cc760ac30288a816270e1f4c3d0edeeddc59c847ab81a4a6f78,data/raw/teacher/train/images_train/9913.jpg
10000,0,Girls,Women,0.3974124789237976,0.149220809340477,Women,persistent_error,False,Skirts,White,Palm Tree Girls Sp Jace Sko White Skirts,product_name,True,False,family_39e5b4830d4d9c14,0648782a6a03c49aa2ca2a1ada3f6d2361524b1755f29ebc6338b06f847e2d28,data/raw/teacher/train/images_train/10000.jpg
10018,4,Men,Women,0.9287787675857544,0.0702928677201271,Women,persistent_error,False,Shorts,Black,Nike Men Black Three Quarter Track Pants,product_name,False,False,family_cae0b8d2088e7df7,8af023a14d3bbff0bab1a5d3284fe8eed77c00945139d800fb5d8668cdb5e746,data/raw/teacher/train/images_train/10018.jpg
10019,0,Women,Men,0.8421746492385864,0.07676927745342255,Men,persistent_error,False,Tshirts,White,Nike Women As Miler Ss White T-Shirts,product_name,False,False,family_4ff717d584ed7ba1,7c14f5362b0097bf6438c95f332b982411f80523720c3776d172d0cc7806bbd2,data/raw/teacher/train/images_train/10019.jpg
10024,4,Women,Men,0.4777955114841461,0.392890602350235,Men,persistent_error,True,Tshirts,Black,Nike Women As Make Yours Black T-Shirts,product_name,False,False,family_8da5c2f12762cfb7,e10d95505182689370eaeff245cd26eec14427133c75d456ba90058869d4abfd,data/raw/teacher/train/images_train/10024.jpg
10053,0,Women,Girls,0.9591720700263977,0.03492339700460434,Women,new_error,False,Tshirts,Pink,Gini And Jony Vini Romper Pink T-Shirts,original_no_cue,False,False,family_885332b7f22a142e,98b9185d88ff0dd4d9a024422eef67cbf9b8d1d5d923bdca9eed2af245efa45b,data/raw/teacher/train/images_train/10053.jpg
10114,0,Unisex,Men,0.9970182180404663,0.002409607172012329,Men,persistent_error,False,Sports Sandals,Black,Reebok Unisex Black Sports Sandals,product_name,False,False,family_d211334f1aed999b,8291355ec2076dcf6bd1670f73f9e2c6fd35eb936f176f9899db32c8c27c12a9,data/raw/teacher/train/images_train/10114.jpg
10115,0,Unisex,Men,0.9432200789451599,0.0009660018840804696,Men,persistent_error,False,Sandals,Grey,Reebok Unisex Adventure Sports Grey Sandals,product_name,False,False,family_ac7bb74de6884ffc,9b5fe5780bcb9011cb45d65db89c3b70b175d9657996f70bf5d8dcdfb72d9f5b,data/raw/teacher/train/images_train/10115.jpg
10135,0,Women,Men,0.6794046759605408,0.2435915619134903,Men,persistent_error,True,Watches,Silver,Esprit Women Lissomy Glam White Silver Watches,product_name,False,False,family_9190a41c01288f37,a1ef0279eaf632d5410a571eb1d1c021e7977a9c1b38f8c6523983571cb85b1e,data/raw/teacher/train/images_train/10135.jpg
10137,0,Women,Men,0.7304153442382812,0.2668704688549042,Men,persistent_error,False,Watches,Steel,Esprit Women Lissomy Brown Steel Watches,product_name,False,False,family_2d9201d88560e046,dd639f6c8025ca8e58c7a76e7434a0e56371d8c0e23f59aafa22d8d0addc852d,data/raw/teacher/train/images_train/10137.jpg
10317,4,Women,Men,0.763870894908905,0.23415859043598175,Men,persistent_error,False,Watches,Silver,Esprit Women Purple Silicon Silver Watches,product_name,False,False,family_cca6e68ea176f1ea,6dc0d4926b8e30597f8b7957ff255230051d810c7c18cdeb23f50b6bdcf3774b,data/raw/teacher/train/images_train/10317.jpg
10400,0,Women,Men,0.844085693359375,0.07653840631246567,Men,persistent_error,False,Watches,Black,Puma Women Flux Shadow  266 Black Watches,product_name,False,False,family_b3ed5e985986a671,50a518ab82667b9034ae4446d9d1200dede18d288a3e2de91a164ecd957eefae,data/raw/teacher/train/images_train/10400.jpg
10599,0,Unisex,Men,0.7809333801269531,0.09778627753257751,Men,persistent_error,False,Caps,White,Nike Unisex Tennis White Caps,product_name,False,False,family_e5fbb0b9795089c0,22f593f05d47d9c2f258ee476fbf5088a120b007a6349d38e06bc811437874c4,data/raw/teacher/train/images_train/10599.jpg
10641,4,Boys,Girls,0.7802441120147705,0.019095519557595253,Women,persistent_error,False,Tshirts,Red,Doodle Boy D Print Red T-shirt,product_name,True,False,family_b37cdab0dce2ef28,0ba1f977ade7e57a595c6a24525484d950c85cb3996b17fc8a1e65c7361770f2,data/raw/teacher/train/images_train/10641.jpg
10642,4,Boys,Girls,0.7802441120147705,0.019095519557595253,Women,persistent_error,False,Tshirts,Red,Doodle Boy D Print Red Tshirts,product_name,True,False,family_b37cdab0dce2ef28,0ba1f977ade7e57a595c6a24525484d950c85cb3996b17fc8a1e65c7361770f2,data/raw/teacher/train/images_train/10642.jpg
10658,4,Girls,Boys,0.6641688346862793,0.027245867997407913,Boys,persistent_error,False,Tops,White,Doodle Girl Little frock White Tops,product_name,True,False,family_198446ba5afa8c3d,69d88ab509b537de2026c7db5d87c7af5c365758d1007db3d982d250af049e43,data/raw/teacher/train/images_train/10658.jpg
10740,4,Unisex,Girls,0.33550944924354553,0.3124411404132843,Girls,persistent_error,False,Flip Flops,Green,Disney Unisex Kids Pluto Green Flip Flops,product_name,False,False,family_6082b82fe781668d,5c633ac5814e82dd971e365dc2f61c8a8c7cad94e083753c63df1bf2f83ee51b,data/raw/teacher/train/images_train/10740.jpg
10742,4,Girls,Unisex,0.7703785300254822,0.03863554075360298,Unisex,persistent_error,True,Casual Shoes,Orange,Disney Kids Girl Pooh Face Orange Casual Shoes,product_name,True,False,family_14c4aee212bcfe78,071f968591ec2eb3c59f1c474e25c29757633cebdf0e654b8803798c7ddd08f3,data/raw/teacher/train/images_train/10742.jpg
10755,0,Women,Girls,0.5074231028556824,0.48468485474586487,Girls,persistent_error,False,Casual Shoes,Pink,Disney Kids Princess Heart Pink Casual Shoes,original_no_cue,False,False,family_a4f49fe2a01c0ee3,1ca1ed1249df0948156c014e1a415898872c8c444a108a03c9839769d3b690b9,data/raw/teacher/train/images_train/10755.jpg
10758,4,Girls,Unisex,0.4745115041732788,0.136881485581398,Unisex,persistent_error,True,Casual Shoes,Blue,Disney Kids Girls Princess Heart Blue Casual Shoes,product_name,False,False,family_4b7385013e6fc7a2,e69f8467ab1377975c14a062ef6b8e96cfe9905c8ca0ff30b7665ef9a0112839,data/raw/teacher/train/images_train/10758.jpg
10770,0,Girls,Women,0.6277711987495422,0.12157907336950302,Unisex,persistent_error,False,Casual Shoes,Red,Disney Kids Red Casual Shoes,original_no_cue,False,False,family_afac512d6854f32c,81ee52925d02432e2b0be6e9ddd4118f208692f2af19e1015277d416438a032a,data/raw/teacher/train/images_train/10770.jpg
10771,0,Girls,Unisex,0.844192385673523,0.10627336800098419,Unisex,persistent_error,False,Casual Shoes,Red,Disney Kids Red Casual Shoes,original_no_cue,False,False,family_afac512d6854f32c,28829b10985fd3e00b86b4c578c54246cfac3a7d4ca5b68d3eaa21818809b1d3,data/raw/teacher/train/images_train/10771.jpg
10772,0,Boys,Unisex,0.741905152797699,0.052988201379776,Unisex,persistent_error,False,Casual Shoes,Navy Blue,Disney Kids Navy Blue Casual Shoes,original_no_cue,False,False,family_7249a7bc5027c0e9,03ce83e4f74dfcfdadca6670bec689bc8b58163a8228943ec09634c760c7970e,data/raw/teacher/train/images_train/10772.jpg
10785,4,Unisex,Men,0.5279192328453064,0.4689406454563141,Men,persistent_error,False,Caps,Grey,Nike Unisex Runng Grey Caps,product_name,False,False,family_53754730f1c9ebcf,1a21b92016e974a6650c07afe20bfab4a61989cc0cd3014f4d088ac565c42c3c,data/raw/teacher/train/images_train/10785.jpg
11003,0,Men,Women,0.39568543434143066,0.3620244562625885,Men,new_error,True,Watches,Red,Puma Men Fluctuation Red Dial Watch,product_name,False,False,family_4c5438f4cae3ec64,9895f4ba894dd6971e906b43135f42ddbedab1d8fd1d52a3b6b1af2c944fcd1c,data/raw/teacher/train/images_train/11003.jpg
11121,4,Women,Boys,0.44617515802383423,0.09038256853818893,Unisex,persistent_error,False,Caps,Blue,Puma Women Minicats Knit Blue Cap,product_name,False,False,family_76e72f6e35a66525,42fec715ddadcfbdbd606d08775eaff910992e263edc85fb91374ba8a7089630,data/raw/teacher/train/images_train/11121.jpg
11213,0,Women,Men,0.4511168599128723,0.20808841288089752,Women,new_error,True,Watches,Steel,Esprit Women Snake Turqouise Steel Watches,product_name,False,False,family_7f3df4d372ff08d4,12a9599c9d075e11f37b91b4de896af81e4e8f71ad7631ffdf29eb0ccc609792,data/raw/teacher/train/images_train/11213.jpg
11319,4,Women,Men,0.8350551128387451,0.16487258672714233,Women,new_error,False,Capris,Blue,United Colors of Benetton Women Washed Blue Capris,product_name,False,False,family_af3360f632b927e8,1d8b6a50067d12040942a3338333ec38c3e8b2e94984614b7013a95862cc7a5e,data/raw/teacher/train/images_train/11319.jpg
11489,0,Women,Men,0.6904518604278564,0.28275421261787415,Men,persistent_error,False,Watches,Black,Puma Women Flash Black Watch,product_name,False,False,family_8975ffb6740f7afc,da7a45777ab39a66d659e23d00b224d5774bc65367009acf13c4ab95791b6712,data/raw/teacher/train/images_train/11489.jpg
11829,0,Men,Women,0.6167139410972595,0.3386249244213104,Men,new_error,False,Casual Shoes,White,Playboy Men Casual White Casual Shoes,product_name,False,False,family_c10966a6052cd29b,93b510a1222bfc9c2ab78c75a71b23bdcdd74855080ef09fab8f3e2621dad5cc,data/raw/teacher/train/images_train/11829.jpg
11857,4,Men,Women,0.409483939409256,0.35762742161750793,Women,persistent_error,False,Flip Flops,White,Playboy Men Casual White Slippers,product_name,False,False,family_9dd8124a1c2de83e,7f220483a9eee1523b285a8f596d7225a8b7c646f58372b8f949294f3a119d33,data/raw/teacher/train/images_train/11857.jpg
11925,0,Women,Men,0.7447165846824646,0.16213709115982056,Men,persistent_error,False,Flats,Black,Skechers Women Tone Black Sandals,product_name,False,False,family_18b3953a40d870c6,2728226e089f98eb325250a4f0bc4000a34c580b6190acceceda10b46efacf69,data/raw/teacher/train/images_train/11925.jpg
11926,4,Women,Men,0.9571241140365601,0.013123208656907082,Men,persistent_error,False,Flip Flops,Black,Skechers Women Tone Black Slippers,product_name,False,False,family_a382b4e38fda8ac0,b3608b1d68ce31499cae049918024c6b0a30e8aba1a77aed3a947b5a735ed01b,data/raw/teacher/train/images_train/11926.jpg
11932,0,Women,Men,0.9960871934890747,0.002070777816697955,Men,persistent_error,False,Flats,Black,Skechers Women Tone Black Sandals,product_name,False,False,family_18b3953a40d870c6,1c4e5302e2bd871cb8b386ad94c80824b130023a0646697e6ab0798a3e066cb4,data/raw/teacher/train/images_train/11932.jpg
11933,0,Women,Men,0.5202521681785583,0.4746452867984772,Women,new_error,True,Sports Shoes,Grey,Skechers Women Sports Grey Sports Shoes,product_name,False,False,family_fbb4b51c46ecccc6,2397098f1a6e0a7a0d97d6f3558530851af062120ec4998fe1436113e1d0c90d,data/raw/teacher/train/images_train/11933.jpg
11968,4,Unisex,Men,0.9936621189117432,0.005617447197437286,Men,persistent_error,False,Sports Shoes,Black,Newfeel Unisex Sports Black Sports Shoes,product_name,False,False,family_eb965439db0149ef,d184194b110285335cb03632ee4531acb82ce8f38b58bb5b69e674a0ea1967b9,data/raw/teacher/train/images_train/11968.jpg
12121,0,Women,Men,0.991672933101654,0.0049344622530043125,Men,persistent_error,False,Kurtas,Green,Aurelia Women Printed Green Kurtas,product_name,False,False,family_6f4c5808a1aa0d09,c0b72ade58bc39a02578dc3e1f9d11e51716cb40580f8d8c79afd83d577a4b91,data/raw/teacher/train/images_train/12121.jpg
12452,4,Unisex,Women,0.9975211024284363,0.0016643229173496366,Women,persistent_error,False,Shoe Accessories,Orange,Timberland Unisex Orange Shoe Accessories,product_name,False,False,family_cfec66a95bc7994f,9e8cce756dd51962671310e2888f402c5b40437e0083f402329b9efbe0ac3e5f,data/raw/teacher/train/images_train/12452.jpg
12586,4,Unisex,Girls,0.7559266686439514,0.07970041781663895,Unisex,new_error,False,Tshirts,Pink,Tantra Unisex Printed Pink Tshirts,product_name,False,False,family_8f315a75230216ed,7001601f7da3cddf66b56ecb84d6fe6ed38da3d99213d54842b13e4dba40f1b4,data/raw/teacher/train/images_train/12586.jpg
12587,0,Unisex,Boys,0.6912326216697693,0.2950518727302551,Boys,persistent_error,False,Tshirts,Brown,Tantra Unisex Printed Brown Tshirts,product_name,False,False,family_a56a138dd15e502c,35be9cc7130d708892f7975d7e5ff2e4394eaeed541fad8a519912c8b51f32e3,data/raw/teacher/train/images_train/12587.jpg
12595,4,Unisex,Boys,0.6519651412963867,0.33931925892829895,Unisex,new_error,False,Tshirts,Black,Tantra Unisex Printed Black Tshirts,product_name,False,False,family_a0a7327a5f5b1643,94964d44cd4a41b3d79004c163debc28b7b15711591822e66971abb627e9e377,data/raw/teacher/train/images_train/12595.jpg
12654,4,Men,Women,0.6868506669998169,0.30899497866630554,Men,new_error,True,Tshirts,Purple,Probase Men Printed Royal Blue Tshirts,product_name,False,False,family_9b3eee3a3dccabba,7ee3e83f761d90220b5c20b36c4e82189d1070d275c99e736833f7be60ddfb7d,data/raw/teacher/train/images_train/12654.jpg
12681,4,Men,Unisex,0.6119869351387024,0.2722162902355194,Unisex,persistent_error,False,Caps,Blue,Probase Men Check Blue Cap,product_name,False,False,family_3158ba637e978cf6,5c355db0c8431c0f95808242c96acbb95b2e1b9cb9891eacdcda5d4d3467ef21,data/raw/teacher/train/images_train/12681.jpg
12688,0,Unisex,Men,0.945500373840332,0.049815598875284195,Men,persistent_error,False,Sandals,Black,Fila Unisex Opera Black Slippers,product_name,False,False,family_c831b826b3a18428,9d9c7db9af00748d0892806104e0807dff91cf734955f6b399801ce470e1e769,data/raw/teacher/train/images_train/12688.jpg
12696,4,Men,Women,0.685809850692749,0.3050432801246643,Women,persistent_error,True,Sports Shoes,White,Nike Men Transform White Sports Shoes,product_name,False,False,family_6c791ec2d70d2d44,9be4adb769e177b8b8904caab68b3311d5c9731942835cf0d23139ae72a89f92,data/raw/teacher/train/images_train/12696.jpg
12701,0,Women,Men,0.994140088558197,0.0037804944440722466,Men,persistent_error,False,Sports Shoes,Blue,Nike Women Lunarfly Blue Sports Shoes,product_name,False,False,family_c81d014242550f2e,af1c7c3a40db67cbb5817db7711594703d8365683ad8a841554b9cb5d9a2e0d6,data/raw/teacher/train/images_train/12701.jpg
12712,4,Women,Men,0.8334823250770569,0.15507103502750397,Men,persistent_error,True,Sports Shoes,Silver,Nike Women Dual Fusion Silver Sports Shoes,product_name,False,False,family_9479bbab64308ce0,8517c06df6d597d8105aab2be39576d6c86331b39cc635e03576cca9353895b4,data/raw/teacher/train/images_train/12712.jpg
12714,0,Women,Men,0.8796080350875854,0.11929680407047272,Men,persistent_error,False,Sports Shoes,Silver,Nike Women Air Cardio Silver Sports Shoes,product_name,False,False,family_b4e2f3688c0ea848,9e025d7b4f848154273fd97d18d91c60116b52f386ea7de57c06a8bab69cbacb,data/raw/teacher/train/images_train/12714.jpg
12715,4,Women,Men,0.9155395030975342,0.0773729607462883,Men,persistent_error,False,Casual Shoes,Purple,Nike Women Sweet Classic Purple Casual Shoes,product_name,False,False,family_df403dc0afaef678,5ce35020b83156256f378c9b080ddb0d15a9f901a8fbc1e8ac4ad575bb7cc85a,data/raw/teacher/train/images_train/12715.jpg
12720,0,Unisex,Men,0.9310058951377869,0.050176117569208145,Men,persistent_error,False,Sandals,Black,ADIDAS Unisex Casual Black Sandals,product_name,False,False,family_e59a8705e40f9e03,590aaa999cab19006e2e7bf8cf0fbfd0894e3dea919edab28d966a90a886222b,data/raw/teacher/train/images_train/12720.jpg
12721,0,Unisex,Men,0.9698329567909241,0.014097548089921474,Men,persistent_error,False,Sandals,Black,ADIDAS Unisex Casual Black Sandals,product_name,False,False,family_e59a8705e40f9e03,6724a94d26cb67c9d1cac4c2c80f7f988d240f1888ba31db1cdc23f8957bedf0,data/raw/teacher/train/images_train/12721.jpg
12820,4,Unisex,Men,0.9701420664787292,0.01918046735227108,Men,persistent_error,False,Flip Flops,Red,Puma Unisex Surf Red Slippers,product_name,False,False,family_33e21c37eb4eab2f,0112c87695d3ba0104f4d4cddb72ca092c4bbb86912886b88c00f293b28e6598,data/raw/teacher/train/images_train/12820.jpg
12830,0,Women,Girls,0.4391597509384155,0.05245499312877655,Boys,persistent_error,True,Dresses,Green,Ant Kids Peaceful Day Green Dresses,original_no_cue,False,False,family_50570cbca8445cfb,226b7462b70e798e6c68e411977c63ff8b5d1cc0c7c8bfde1e1e0c5c4dcf85de,data/raw/teacher/train/images_train/12830.jpg
12831,0,Women,Girls,0.9817111492156982,0.017130237072706223,Girls,persistent_error,False,Tops,Pink,Ant Kids Pink Tops,original_no_cue,False,False,family_3ba03660d7f9269c,c94070a944e86231ebeac340c8542848b03317c1bc230af467f97de87218b712,data/raw/teacher/train/images_train/12831.jpg
12833,4,Men,Women,0.5317232608795166,0.2725869119167328,Women,persistent_error,False,Tshirts,Green,Ant Kids Spirit Green Tshirts,original_no_cue,False,False,family_82972edad505fcd7,7180bf794249e6ec6b1b2f77303298afc0ff7a0ce0a0104dc787b9a5898dba6b,data/raw/teacher/train/images_train/12833.jpg
12843,0,Men,Boys,0.8569660782814026,0.0036554643884301186,Boys,persistent_error,False,Tshirts,Navy Blue,Ant Kids Keep Up Navy Blue Tshirts,original_no_cue,False,False,family_bb90ff93a3ee9e93,02286aa7ca3037db95240251d5a5d23feeb1ca011800a6cd843f657e0eb6fd07,data/raw/teacher/train/images_train/12843.jpg
12905,4,Women,Men,0.6773710250854492,0.17113818228244781,Men,persistent_error,False,Casual Shoes,Purple,Puma Women Casual Purple Casual Shoes,product_name,False,False,family_cc54f09bfc8ff1e4,aa4eaea44f74d44d41b3016565f66059f8eeadcdbe4cd8bd510f14ef336e2e1b,data/raw/teacher/train/images_train/12905.jpg
12979,4,Women,Men,0.585322380065918,0.3694005012512207,Women,new_error,True,Sports Shoes,White,ADIDAS Women Core 50 White Sports Shoes,product_name,False,False,family_8ed062f0e515bd2e,903c8089bdfb0377ebd2fca7266dad3ae83b9aeca3fce010ba3eb8476bdf83f6,data/raw/teacher/train/images_train/12979.jpg
12991,4,Unisex,Men,0.9993595480918884,0.00019222691480536014,Men,persistent_error,False,Sports Shoes,Grey,ADIDAS Kids Unisex Uraha Grey Sports Shoes,product_name,False,False,family_627e4f781bcd2a5f,08fd86a6aab492545010265260d3c9095d4687ecda0615988c32580565ea6a74,data/raw/teacher/train/images_train/12991.jpg
12992,0,Unisex,Women,0.8705899715423584,0.0018510869704186916,Women,persistent_error,False,Sports Shoes,Silver,ADIDAS Kids Unisex HyperRun Silver Sports Shoes,product_name,False,False,family_f123ee0f377113d7,7c047edb850f5b7a3e457fac2bc03bd386b5702a4c84aef11755e6364f8b9897,data/raw/teacher/train/images_train/12992.jpg
12993,4,Unisex,Men,0.561797559261322,0.09001906961202621,Women,persistent_error,False,Sports Shoes,Black,ADIDAS Kids Adispeed Black Sports Shoes,original_no_cue,False,False,family_cb52b76a21d7312c,ca39897b28d0d58e0b9421356dd43da94af7da134b65a28da0fdcb5efda47fda,data/raw/teacher/train/images_train/12993.jpg
12995,0,Boys,Men,0.99864262342453,1.899406561278738e-05,Men,persistent_error,False,Casual Shoes,Brown,Timberland Kids Boys Brown Casual Shoes,product_name,False,False,family_1a8ca8c7b9e16ae3,58c5fa36f8703befb39065c2f62af31d14e17c2dc14dcb8e0c1b89c11c5e84f3,data/raw/teacher/train/images_train/12995.jpg
12996,0,Boys,Men,0.9823200106620789,8.61022126628086e-05,Men,persistent_error,False,Casual Shoes,Brown,Timberland Kids Boys Brown Casual Shoes,product_name,False,False,family_1a8ca8c7b9e16ae3,6f1536817b366955b8d7aeca314b95e833edaa05c3f1b42d6fe8203aebcef936,data/raw/teacher/train/images_train/12996.jpg
13087,4,Unisex,Men,0.8793340921401978,0.00292403157800436,Men,persistent_error,False,Casual Shoes,Brown,Timberland Unisex Casual Brown Casual Shoes,product_name,False,False,family_e85d695e366e8e4b,00cbb1dcf5ad46d72bd497fe300253466df264d0c830fe7770bafea40cd3600d,data/raw/teacher/train/images_train/13087.jpg
13169,4,Women,Men,0.8126698136329651,0.1725555807352066,Men,persistent_error,False,Flats,Black,Skechers Women Double Agent Black Sandals,product_name,False,False,family_b9600eb458dfbb9f,23add01384c6d3b2724772005f2c44daec1d92b1c06f79cdcb2d553400f3e84c,data/raw/teacher/train/images_train/13169.jpg
13197,0,Men,Women,0.7478125691413879,0.24934455752372742,Women,persistent_error,False,Sports Shoes,White,Puma Men Axis White Sports Shoes,product_name,False,False,family_b8723fced49bdeca,6e836c3cf2069773f055cd62799b213f009df3cb7c3a18fe2a1e62cf006d67eb,data/raw/teacher/train/images_train/13197.jpg
13212,0,Women,Men,0.740691065788269,0.25359439849853516,Men,persistent_error,False,Sports Shoes,Grey,ASICS Women Gel Spree Running Grey Sports Shoes,product_name,False,False,family_963df261b2874c9c,26a3ef29051777b8311c982bb7be5ef9319a58c21760c1e0acf09635ed6bf460,data/raw/teacher/train/images_train/13212.jpg
13228,4,Boys,Girls,0.6622174382209778,0.2892940938472748,Women,persistent_error,False,Trousers,Navy Blue,Palm Tree Kids Boy Solid Navy Blue Trousers,product_name,True,False,family_6b9d9695e41e2c68,06fa412f0c97761421517fb2ce9f7b934eef07e061e55a44eda78d9407759652,data/raw/teacher/train/images_train/13228.jpg
13229,4,Boys,Girls,0.6411888003349304,0.319002240896225,Men,persistent_error,False,Trousers,Navy Blue,Palm Tree Kids Boy Solid Navy Blue Trousers,product_name,True,False,family_6b9d9695e41e2c68,fb9283080f1163ec2405b710b0f26907366b396780a7b982e97b91f9007b12b2,data/raw/teacher/train/images_train/13229.jpg
13248,0,Boys,Girls,0.650982677936554,0.14621423184871674,Women,persistent_error,False,Trousers,Brown,Palm Tree Kids Boy Solid Brown Trousers,product_name,True,False,family_e263916feb53d081,bed8a799ce2dbda11e4643c6c5b9c5ae0f628d36326f05222da1e0f217e62410,data/raw/teacher/train/images_train/13248.jpg
13250,4,Boys,Women,0.4748975932598114,0.38972383737564087,Women,persistent_error,False,Trousers,Beige,Palm Tree Kids Boy Solid Beige Trousers,product_name,True,False,family_9472e36d7df6d225,3fefff92a59b4f7e467af488b2f7e8803c276b3ce4c3d40293caa38a3210bd55,data/raw/teacher/train/images_train/13250.jpg
13282,4,Women,Girls,0.888416051864624,0.00065942807123065,Girls,persistent_error,False,Capris,Black,Gini and Jony Kids Solid Black Capris,original_no_cue,False,False,family_fe7104ae6c3fae47,bcddd9c250e9f77a482494088c5711e88a1409c6115fc4e75d73bd1ff3bc6148,data/raw/teacher/train/images_train/13282.jpg
13288,0,Men,Boys,0.9853277206420898,0.002423185622319579,Men,new_error,True,Trousers,Beige,Gini and Jony Kids Solid Beige Trousers,original_no_cue,False,False,family_55f540730910798b,505b84f3790081ac8be6124cce3a2cf5c0b1253f1332a62d75e6dbc4c9726080,data/raw/teacher/train/images_train/13288.jpg
13294,0,Women,Girls,0.9974085688591003,0.0009325320133939385,Girls,persistent_error,False,Tops,Pink,Gini and Jony Women Printed Pink Tops,product_name,False,True,family_014987a52fd5082d,2471f688a71cd07012e9a0de53ad291439ec0b9c5432785f022a926c050af7ed,data/raw/teacher/train/images_train/13294.jpg
13300,4,Men,Girls,0.6833107471466064,0.005297189578413963,Girls,persistent_error,False,Shorts,Beige,Gini and Jony Men Solid Beige Shorts,product_name,False,True,family_51c3ccbe6031a7da,0c2c90d3823bbf179437da02c01a629f7213300db23dd6f71213148a5f9419a9,data/raw/teacher/train/images_train/13300.jpg
13301,4,Boys,Girls,0.6833107471466064,0.29905733466148376,Girls,persistent_error,True,Shorts,Beige,Gini and Jony Kids Boys Solid Beige Shorts,product_name,True,True,family_51c3ccbe6031a7da,0c2c90d3823bbf179437da02c01a629f7213300db23dd6f71213148a5f9419a9,data/raw/teacher/train/images_train/13301.jpg
13310,0,Girls,Boys,0.47530803084373474,0.29084232449531555,Men,persistent_error,False,Dresses,White,Gini and Jony Kids Girls Solid White Dresses,product_name,True,False,family_dd4a53ffcf3d7389,8b6bb6fc4164678a053116d2c216043ee08d1028f6ee67430cf7edcfcd0c72d3,data/raw/teacher/train/images_train/13310.jpg
13336,0,Women,Girls,0.998711109161377,0.0002893086930271238,Girls,persistent_error,False,Tops,Pink,Gini and Jony Kids Printed Pink Tops,original_no_cue,False,True,family_014987a52fd5082d,115976f96210da8786c835269c9c923505480bc431ec7bf8ff8d26cd5b4e67ba,data/raw/teacher/train/images_train/13336.jpg
13356,4,Women,Men,0.551794707775116,0.4459398686885834,Men,persistent_error,True,Casual Shoes,Silver,Timberland Women Femmes Silver Casual Shoes,product_name,False,False,family_9b1267cb48c31f6c,34edec973faaef91c4e2168c9f393e0c1630a97d5705796ca4bc1ba66fb824e8,data/raw/teacher/train/images_train/13356.jpg
13372,4,Men,Unisex,0.42245739698410034,0.35162973403930664,Unisex,persistent_error,False,Casual Shoes,Grey,Timberland Men Toddler Grey Casual Shoes,product_name,False,False,family_9ee4dbfea33cc1ab,cc02df4db80bc6062148d6f1bc5ff4cc0f5e1bcb5573c37e5664f1263703d3f9,data/raw/teacher/train/images_train/13372.jpg
13375,4,Men,Unisex,0.8310971856117249,0.160660058259964,Unisex,persistent_error,False,Sandals,Blue,Timberland Men Jeunes Blue Sandals,product_name,False,False,family_e0aceb93099909df,f76222bab0e377f03c722ae5e97d92f7ed5a0ec158188e5fe448577eeab7905d,data/raw/teacher/train/images_train/13375.jpg
13385,4,Women,Men,0.9131667017936707,0.08034012466669083,Men,persistent_error,False,Casual Shoes,Tan,Timberland Women Femmes Tan Casual Shoes,product_name,False,False,family_c31a2f6c2cff5dea,7547ae8e4cf841cfe1128af685b5805f3d6b5209ca6cf08d63b306d790e33895,data/raw/teacher/train/images_train/13385.jpg
13533,0,Women,Men,0.8931172490119934,0.0226606335490942,Men,persistent_error,False,Casual Shoes,Pink,ADIDAS Pink Adi light Casual Shoe,original_no_cue,False,False,family_088ba1fb63cf90fc,c3ab75e6e52126ee82599b47ef90b2e14d3ba46923c0cb271ed7b271407108c2,data/raw/teacher/train/images_train/13533.jpg
13542,4,Women,Men,0.9986679553985596,0.0011102866847068071,Men,persistent_error,False,Flats,Brown,Carlton London Women Casual Brown Sandals,product_name,False,False,family_ba95c623b1613d9b,0c040ca0213dd0e348bd5d0fe68aef9c4cc69aa717c658a47b102473805cdd40,data/raw/teacher/train/images_train/13542.jpg
13549,4,Women,Men,0.9851146936416626,0.013698689639568329,Men,persistent_error,False,Casual Shoes,Grey,Carlton London Women Casual Grey Casual Shoes,product_name,False,False,family_d2ec4dad128f3318,b5502a1f588b16e8ed4a6426fac55f0a89497d73c95a2da958751a1e2d2182e1,data/raw/teacher/train/images_train/13549.jpg
13688,0,Unisex,Women,0.9734390377998352,0.002743680728599429,Women,persistent_error,False,Sports Shoes,Pink,ADIDAS Kids Unisex Hyperrun 5K Sports Shoes,product_name,False,False,family_a697cd0ae3eb620b,191db16cbb9ace3c37607cf91ad0222ebb765efa116afc9c9749f45af0df5209,data/raw/teacher/train/images_train/13688.jpg
13821,4,Men,Unisex,0.524074137210846,0.42449134588241577,Men,new_error,False,Caps,Purple,Proline Men Purple & Grey Striped Beanie,product_name,False,False,family_620cd39a68f37175,b1e00d436af3a06a02e10d4bd9ea976213cbaafa6fbb9a57f155af5236d9ff57,data/raw/teacher/train/images_train/13821.jpg
13824,0,Men,Women,0.9297647476196289,0.010306349024176598,Women,persistent_error,False,Caps,Maroon,Proline Men White & Maroon Colourblocked Beanie,product_name,False,False,family_619b9764b0f5da3d,890045e1f33e64de1371cc1fd6f02d1c13a35920d7f11905b17e3ef0c9523ee2,data/raw/teacher/train/images_train/13824.jpg
13838,0,Unisex,Men,0.8791266679763794,0.046431124210357666,Men,persistent_error,False,Watches,Black,ADIDAS Unisex Black Strap Black Watches,product_name,False,False,family_cccd626020f072af,fe5c6b95b283921e2a430f2eab86d521da17bff9648c198fa7067dd898c1a1cf,data/raw/teacher/train/images_train/13838.jpg
13839,0,Unisex,Men,0.6836380958557129,0.31133368611335754,Men,persistent_error,True,Watches,Black,ADIDAS Unisex Round Dial Black Watches,product_name,False,False,family_c279a17c96f126fc,117bbc049c45f7037ba5e766f130895acf56c57cd994fce92bbd016d462d1488,data/raw/teacher/train/images_train/13839.jpg
13841,0,Unisex,Women,0.5518457889556885,0.037928007543087006,Women,persistent_error,False,Watches,White,ADIDAS Unisex Three Small Dials White Watches,product_name,False,False,family_ce15e6aa48d2b93e,eb10a1217bc973d5c94ed22568826e3efd67c4e03d46bf4b49093fe8b69da057,data/raw/teacher/train/images_train/13841.jpg
13924,4,Women,Men,0.9749479293823242,0.018211280927062035,Men,persistent_error,False,Sports Shoes,Black,Nike Women Dart 9 MSL Black Sports Shoes,product_name,False,False,family_44a3455051f693e2,6bf1958f7d128f165d27a40e2b0e740e45062681a2e5de5cc6f922e3e1c8a553,data/raw/teacher/train/images_train/13924.jpg
13986,4,Men,Women,0.5887818932533264,0.2521829903125763,Women,persistent_error,True,Casual Shoes,White,Puma Men D Force Lo SF White Casual Shoes,product_name,False,False,family_4cf95d140f59d0da,b723c71b862aa4204cd5db876517edfbe673151cb668f6c76568129d19922f1b,data/raw/teacher/train/images_train/13986.jpg
13995,4,Women,Men,0.5241300463676453,0.25185903906822205,Men,persistent_error,False,Jackets,Blue,Nike Women Solid Blue Jackets,product_name,False,False,family_f19c99fbe5a83563,d1aa12e038e17a84b17cd645ab4db431f477b3802a9edec298d1efdfc224ebe0,data/raw/teacher/train/images_train/13995.jpg
13996,4,Women,Men,0.8476327657699585,0.033252596855163574,Men,persistent_error,False,Jackets,Black,Nike Women Solid Black Jackets,product_name,False,False,family_f0310349545db3fc,d40dd2deb7dfdc4e0181c216a1ca35996bc62cdf54c40dfea80634e1cd15d606,data/raw/teacher/train/images_train/13996.jpg
14011,0,Men,Women,0.9910973310470581,0.005840780213475227,Women,persistent_error,False,Tshirts,Black,Nike Men Printed Black Tshirts,product_name,False,False,family_75a92240138906c6,ea1f2c4367e3e2114cf066197f9d276695daec1891ef12bd9c18b61c04664f18,data/raw/teacher/train/images_train/14011.jpg
14141,0,Men,Women,0.6369152069091797,0.1602669358253479,Women,persistent_error,True,Cufflinks,Steel,Belmonte Men Bright Assorted Steel Cufflinks,product_name,False,False,family_81b287339cc8155b,651f299d59eb0c7266d06069e5da56406eef82379ffa4810936e6dfd49d10303,data/raw/teacher/train/images_train/14141.jpg
14142,0,Men,Women,0.5789373517036438,0.3775075674057007,Women,persistent_error,True,Cufflinks,Steel,Belmonte Men Bright Assorted Steel Cufflinks,product_name,False,False,family_81b287339cc8155b,5fd277213dcd245e696dbbec4260d46e9f98fed2a77ce9e3b7e210a064522ea4,data/raw/teacher/train/images_train/14142.jpg
14284,0,Boys,Men,0.9984346032142639,6.677353667328134e-06,Men,persistent_error,False,Casual Shoes,Brown,Timberland Kids-Boys Asphlttrl Ek Chk Dk Casual Shoe,product_name,False,False,family_3845075ee50bf284,a6aafef8614cd122cc82a99be379cb0c79f422f8004952baa8a7de2cc202a6c7,data/raw/teacher/train/images_train/14284.jpg
14509,0,Unisex,Women,0.8171900510787964,0.037835270166397095,Women,persistent_error,False,Casual Shoes,White,Newfeel Unisex White Shoes,product_name,False,False,family_731b79bc42ca29f4,6d1e41e28890fbbd1f10c426ae7259988f117461b6dd830fade0a988a13bbf3e,data/raw/teacher/train/images_train/14509.jpg
14576,4,Men,Unisex,0.5281777381896973,0.4477960169315338,Unisex,persistent_error,False,Casual Shoes,Black,Vans Men Half Cab Black Casual Shoes,product_name,False,False,family_2eff41e05cfe1130,79f29ac81c43913d934c0d5107eb28c8ee33e3d571675ad8512d355c29ff6314,data/raw/teacher/train/images_train/14576.jpg
14870,4,Men,Women,0.8943272233009338,0.01162206381559372,Women,persistent_error,False,Wallets,Green,United Colors of Benetton Men Solid Green Passport Holder,product_name,False,False,family_84cb73a9a0f7e507,6efa337aa5f2f6ee58eee5c362d483e5237819f139aa686335fe814f55bb4ff0,data/raw/teacher/train/images_train/14870.jpg
14871,4,Men,Women,0.9054015874862671,0.017086604610085487,Women,persistent_error,False,Wallets,Blue,United Colors of Benetton Men Solid Blue Passport Holder,product_name,False,False,family_d5be9d4e5687cf4a,026647d0d4aeb2827f0ea4425b6ee8edbc29f9b047d886b238ab7cf0eb196e50,data/raw/teacher/train/images_train/14871.jpg
15042,4,Unisex,Boys,0.8800764679908752,0.028760695829987526,Boys,persistent_error,False,Tshirts,Blue,ADIDAS Kids Unisex Blue Chelsea Jersey,product_name,False,False,family_6c493ad111d42318,3e7b0778216d8142903d807e0bee334b9ce61da4261eb6adcdd14139fa6a74a7,data/raw/teacher/train/images_train/15042.jpg
15045,4,Boys,Men,0.7370293140411377,0.18945951759815216,Men,persistent_error,False,Tshirts,Black,ADIDAS Kids Boys Printed Black Tshirts,product_name,False,False,family_a523e1917578960a,ba25b49fa46f41c332143299f0164d2815617821982e67d297eebe2a4fbc4e8d,data/raw/teacher/train/images_train/15045.jpg
15046,0,Boys,Men,0.7856878042221069,0.026404058560729027,Men,persistent_error,False,Sweatshirts,Red,ADIDAS Kids Boys Solid Red Sweatshirts,product_name,False,False,family_045fdd9e45058727,ec745106d3e88ab7c0000dd15bf4ce0a093aade86a5f56e6db5059fc65fcf4c5,data/raw/teacher/train/images_train/15046.jpg
15259,0,Women,Men,0.5210713744163513,0.44734370708465576,Women,new_error,True,Casual Shoes,White,ADIDAS Originals Women Top Ten low Sleek White Casual Shoes,product_name,False,False,family_03d20de87804ff2e,74f7f37e4c095f31517d8a5455954db43f1fc824f5e41c84931b4f77e2fe4d40,data/raw/teacher/train/images_train/15259.jpg
15260,0,Women,Men,0.5350568294525146,0.4553185999393463,Women,new_error,False,Casual Shoes,Black,ADIDAS Originals Women Rekapi Black Casual Shoes,product_name,False,False,family_b73a3d6f109428b3,dca983f8d7afb1fc158f9440defdfeb0da56851274762cafcd9bf7bd0e4d811b,data/raw/teacher/train/images_train/15260.jpg
15289,4,Women,Men,0.7912826538085938,0.20500627160072327,Women,new_error,False,Sports Shoes,Silver,FILA Women DLS Spry Silver Sports Shoes,product_name,False,False,family_6eda262ee971978b,a2fc4a454970128fe6517dbc496dee3f2c802090f65a0b2ed746fbd8b18289d8,data/raw/teacher/train/images_train/15289.jpg
15293,4,Unisex,Women,0.5306237936019897,0.44147437810897827,Women,persistent_error,True,Handbags,Blue,ADIDAS Originals Unisex ST Airline Blue Bags,product_name,False,False,family_fa0f652bbbf46409,617f202a274bd484d571785972d3e0b76392eb07b31653e0d8ce20012153c95f,data/raw/teacher/train/images_train/15293.jpg
15298,0,Unisex,Women,0.5693232417106628,0.4280409812927246,Unisex,new_error,False,Duffel Bag,Blue,ADIDAS Originals Unisex Holdall CB Blue Duffle Bag,product_name,False,False,family_efc54f78c3ba4a5c,40f506e98d1988776d4b3482f75d44a758adb903cbb233ecdb51fcf4f2d176b8,data/raw/teacher/train/images_train/15298.jpg
15340,4,Women,Men,0.8766207098960876,0.0688633993268013,Men,persistent_error,False,Shorts,Black,Nike Women Solid Black Shorts,product_name,False,False,family_8f156dbf9ec213ab,cb9f9e89f5093938336ebdbd777555ee1ab95a4a5df0f9913444204f4c38436a,data/raw/teacher/train/images_train/15340.jpg
15417,0,Women,Men,0.6210801601409912,0.36654460430145264,Men,persistent_error,False,Sports Shoes,White,FILA Women Tenet White Sports Shoes,product_name,False,False,family_0468eabdcd833e18,d0fca432a8e3d93ea5f7f51567a3399a441ffaa497f400236ff7fa12f3b1c787,data/raw/teacher/train/images_train/15417.jpg
15539,4,Unisex,Men,0.736774742603302,0.26287078857421875,Men,persistent_error,False,Caps,Red,Fila Unisex Printed Red Caps,product_name,False,False,family_a059cafb38e734ee,8c852c2699bab51e413c5342094692f5c62b14367e235b9a1829e21859ffc16f,data/raw/teacher/train/images_train/15539.jpg
15573,4,Boys,Women,0.40971487760543823,0.3879038989543915,Women,persistent_error,True,Tshirts,White,Chhota Bheem Kids Boys Main Hoon Bheem TShirt,product_name,False,False,family_b43ef5538f2e6167,84751d3ecbbc05dad614df9cdbc783446121f4f5e21b49aa145e0a141bf243be,data/raw/teacher/train/images_train/15573.jpg
15577,4,Boys,Unisex,0.6257411241531372,0.35068389773368835,Unisex,persistent_error,False,Tshirts,Blue,Chhota Bheem Kids Boys Warrior Bheem TShirt,product_name,False,False,family_c18c708a66a3cabd,1d424e61503e745143c30798646f59d0155c503e7faef64595cccc3d66f9caea,data/raw/teacher/train/images_train/15577.jpg
15624,0,Women,Men,0.804782509803772,0.1943204253911972,Men,persistent_error,True,Sweatshirts,Grey,Nike Women AS Squad Fleece FZ Hoody Grey Sweatshirts,product_name,False,False,family_d3e87972042f3a7b,877d550a2cb470d3a0f990937e321023d778aeaa6a85f755d255afd1cbdb8cf9,data/raw/teacher/train/images_train/15624.jpg
15632,0,Women,Men,0.5702067613601685,0.4279193580150604,Men,persistent_error,True,Track Pants,Black,Nike Women AS Regular DF Cotton Black Track Pants,product_name,False,False,family_e7d9bb4e1b0823d8,9c87b87fe6d328cb36aa790373ac59842c3c71d2aad563ada4696e2b03c11d09,data/raw/teacher/train/images_train/15632.jpg
15706,0,Unisex,Women,0.5185123682022095,0.26630881428718567,Women,persistent_error,True,Socks,White,Nike Unisex Pack of 3 White Socks,product_name,False,False,family_c8d7071ef0c51a16,61c97216e0610b591d1d69a0196e67b66d5c232897eb3b1384fc717d64498f59,data/raw/teacher/train/images_train/15706.jpg
15707,0,Unisex,Men,0.8279231786727905,0.1463506817817688,Men,persistent_error,False,Socks,Black,Nike Unisex Pack of 3 Black Socks,product_name,False,False,family_6959df01ecddcbc3,9b5ccf8bcd0b7d9f07ff42643817cc324105b84a4dcb42040e3b1b5872176d96,data/raw/teacher/train/images_train/15707.jpg
15716,0,Women,Men,0.9422046542167664,0.03606493026018143,Men,persistent_error,False,Sports Shoes,Grey,Nike Women Lunarfly+ 2 Grey Sports Shoes,product_name,False,False,family_3db4c14be4185183,c65312701c37e33c50a5d852f4ada2f40fe89fd8fcb88c886d27bf898a7b7601,data/raw/teacher/train/images_train/15716.jpg
15745,0,Women,Men,0.9041984677314758,0.08865197747945786,Men,persistent_error,False,Sports Shoes,Silver,Nike Women Transform III Silver Sports Shoes,product_name,False,False,family_6b6a1f15679d0088,140eb27824ad017b58f05bf8d36e222d484f242812be1e846daa49962045a8dd,data/raw/teacher/train/images_train/15745.jpg
15854,4,Girls,Unisex,0.7847174406051636,0.12423444539308548,Unisex,persistent_error,True,Sandals,Purple,Warner Bros Kids Girls TW Big Facelog Purple Sandals,product_name,False,False,family_edf56b44266895fa,4f47ed40092642585132bb6350272b611661ad98df15db2b5f5b387d4ab91a44,data/raw/teacher/train/images_train/15854.jpg
15869,0,Girls,Unisex,0.5522652864456177,0.34880855679512024,Unisex,persistent_error,False,Sandals,Pink,Warner Bros Kids Girls TJ Playlogs Pink Sandals,product_name,False,False,family_3cae7c6d824a04ec,a2d8380bb3932699a251a8942b67d6dd7d4c7d466c9ec5a4876f5b922ecbc537,data/raw/teacher/train/images_train/15869.jpg
15871,0,Girls,Unisex,0.9713075160980225,0.010426556691527367,Unisex,persistent_error,False,Casual Shoes,Pink,Warner Bros Kids Girls TJ Notebook Canvas Pink Casual Shoes,product_name,False,False,family_a36d7d23f7d9ed39,37e4f0dc1f23353a0e097629b5c624987a46c2c364128e0e5f284f9a9099a439,data/raw/teacher/train/images_train/15871.jpg
15884,0,Unisex,Men,0.6872913241386414,0.11582741141319275,Men,persistent_error,False,Casual Shoes,Brown,Warner Bros Kids Unisex TJ Chase Casual Brown Casual Shoes,product_name,False,False,family_1a7918b7b7f1dceb,3683508d01af823b332f6b67bb7add9572ed89cea9fec6879647c579a061ce96,data/raw/teacher/train/images_train/15884.jpg
15886,4,Unisex,Men,0.4353990852832794,0.21370656788349152,Men,persistent_error,False,Casual Shoes,White,Warner Bros Kids Unisex TJ Chase Casual White Casual Shoes,product_name,False,False,family_65db2a4cadb86eb9,4485a896239fbc8cb41b7b62edf123f1c5794d27051d542b13fc9c7c287e42f7,data/raw/teacher/train/images_train/15886.jpg
15888,4,Girls,Unisex,0.7821900844573975,0.027802295982837677,Unisex,persistent_error,False,Sandals,Green,Warner Bros Kids Girls TW Big Facelog Green Sandals,product_name,False,False,family_18dbc8b5f67f4343,f79e099164da765b4c1bbb2cab76deab9e4ff6d5279b6e16bbf8e3f7a10de81a,data/raw/teacher/train/images_train/15888.jpg
15902,0,Unisex,Women,0.7304092049598694,0.18213917315006256,Women,persistent_error,False,Flip Flops,Purple,Warner Bros Kids Unisex TJ Cheese Flops Purple Slippers,product_name,False,False,family_73dfb9292db400eb,2dc894e11d729f575675c611adfa0071032ebbdc9277028e17168c2df50de166,data/raw/teacher/train/images_train/15902.jpg
15920,0,Unisex,Men,0.6096242070198059,0.29692885279655457,Men,persistent_error,False,Backpacks,Black,ADIDAS Unisex Adiz Hydro Bp Black Backpack,product_name,False,False,family_7b1de5ea81f0d092,41e3ca7ed8dafbb10349f03496a9581903bcd399b91cc33068a57d941740ab10,data/raw/teacher/train/images_train/15920.jpg
15929,0,Unisex,Girls,0.441804438829422,0.11966631561517715,Women,persistent_error,True,Backpacks,Black,ADIDAS Unisex BP Lspring Black Backpack,product_name,False,False,family_30ff7274e8ee61e0,bcc8fb9f545597be2bc9a6c250823ef43aa9ea4b4cb086a6222f1bfdd823d124,data/raw/teacher/train/images_train/15929.jpg
16016,0,Men,Women,0.7997782230377197,0.17264145612716675,Women,persistent_error,True,Scarves,White,Turtle Check Men White Scarf,product_name,False,False,family_1fd9dacf3f78449d,0961e6bdc807d264314e55027be3e5c5f165be5c0315edff106752aba68fb890,data/raw/teacher/train/images_train/16016.jpg
16091,4,Men,Unisex,0.6282593011856079,0.3715292811393738,Unisex,persistent_error,True,Sunglasses,Black,M tv Men My Fab Eyewear Black Sunglasses,product_name,False,False,family_05b87e740751ba82,0180aa45fdb31f84f98c0e985c66e9233bdf2df94aac4560160d2c6682c6384a,data/raw/teacher/train/images_train/16091.jpg
16096,4,Unisex,Women,0.958867609500885,0.03505517914891243,Women,persistent_error,False,Sunglasses,Black,M tv Unisex My Fab Eyewear Black Sunglasses,product_name,False,False,family_8d2617d61db661ba,f5dc68bb0206df4efdb6aee95928aa753159ac6f7380075fa85b9df0033eb444,data/raw/teacher/train/images_train/16096.jpg
16537,4,Men,Unisex,0.6859361529350281,0.27930617332458496,Unisex,persistent_error,False,Caps,Blue,Probase Men Check Blue Cap,product_name,False,False,family_3158ba637e978cf6,a9cdaf614471ce5c0d310f2668fdf93d7d50ab03754b62ca2e377b09bc657182,data/raw/teacher/train/images_train/16537.jpg
16779,0,Unisex,Men,0.8783917427062988,0.11734440922737122,Men,persistent_error,False,Watches,Black,ADIDAS Originals Unisex Black Dial Watch ADH2541,product_name,False,False,family_e7dc646893e8e137,ecd3cf7f6b8bdd0564b31ff2f1f6a19504446a0b3a557deeaae31691fa4c59ea,data/raw/teacher/train/images_train/16779.jpg
16784,0,Unisex,Men,0.8317954540252686,0.16565927863121033,Men,persistent_error,False,Watches,Black,ADIDAS Originals Unisex Black Dial Chronograph Watch ADH2584,product_name,False,False,family_914b9dfac5b47583,60941e6819584be62fc81e508614e010c31ab1a606a027a25e2c288e757832b3,data/raw/teacher/train/images_train/16784.jpg
16805,4,Girls,Unisex,0.5456668138504028,0.0744410827755928,Unisex,persistent_error,False,Skirts,Black,ANT Kids Girls Printed Black Skirt,product_name,False,False,family_86c9bd4319554f60,80a84942bdc92a99e73150e74938028bdb2db2b3df8fdca50eb3a792f5b4ad70,data/raw/teacher/train/images_train/16805.jpg
16878,4,Unisex,Men,0.7528408765792847,0.015228262171149254,Women,persistent_error,False,Sunglasses,Black,Police Unisex Casual Black Sunglasses,product_name,False,False,family_a3e3cf43b20d9f58,4264b1e24d8ad1ea461a3bb98e3741ef44495a890b558e8678dff553e73e2581,data/raw/teacher/train/images_train/16878.jpg
16879,4,Unisex,Men,0.7642012238502502,0.0990094542503357,Women,persistent_error,False,Sunglasses,Black,Police Unisex Casual Black Sunglasses,product_name,False,False,family_a3e3cf43b20d9f58,fc032a2167908271a69aa5adc5927fab64829b781e2a756c3d94f45b7ddda200,data/raw/teacher/train/images_train/16879.jpg
16880,0,Women,Unisex,0.5634175539016724,0.10066162049770355,Unisex,persistent_error,False,Sunglasses,Brown,Police Women Casual Brown Sunglasses,product_name,False,False,family_977e277561b2f8e7,353820eb4175cbff5289d0b7cbb2852e9656a68a86b146e6d0e69393abf158c9,data/raw/teacher/train/images_train/16880.jpg
16881,0,Women,Men,0.9307926893234253,0.03347010537981987,Men,persistent_error,False,Sunglasses,Brown,Police Women Casual Brown Sunglasses,product_name,False,False,family_977e277561b2f8e7,91c44d2cde6953dbf5a24916ba6da548a63f77691a0d1ee657d97933dccf6923,data/raw/teacher/train/images_train/16881.jpg
16888,4,Men,Unisex,0.5012173056602478,0.481935977935791,Unisex,persistent_error,True,Sunglasses,Black,Police Men Casual Black Sunglasses,product_name,False,False,family_a63157b2fa228ec1,ea76cca23726e23b70e500e4df4c8846527d8cb729eca7cd7a4a2fc087440701,data/raw/teacher/train/images_train/16888.jpg
16889,4,Men,Unisex,0.5407149195671082,0.38446468114852905,Men,new_error,False,Sunglasses,Black,Police Men Casual Black Sunglasses,product_name,False,False,family_a63157b2fa228ec1,d6fe75a653940baf57d5eff0c9a2bbc5d487adba2e13816c0374642942eaefcd,data/raw/teacher/train/images_train/16889.jpg
16890,4,Unisex,Men,0.877816915512085,0.10446857661008835,Men,persistent_error,False,Sunglasses,Black,Police Unisex Casual Black Sunglasses,product_name,False,False,family_a3e3cf43b20d9f58,f35dfdc99fcca39807201889f3d2a07dd7134f7d8ea536e044eedda8dbcbc8b3,data/raw/teacher/train/images_train/16890.jpg
16892,4,Unisex,Men,0.7159112691879272,0.26642483472824097,Men,persistent_error,False,Sunglasses,Black,Police Unisex Casual Black Sunglasses,product_name,False,False,family_a3e3cf43b20d9f58,cc9a063782a9e0547f4bd9f5d4dfe86c14678fd7d00567f7e5b1eeb8c034cc94,data/raw/teacher/train/images_train/16892.jpg
16893,4,Unisex,Men,0.6989607214927673,0.07382218539714813,Men,persistent_error,False,Sunglasses,Black,Police Unisex Casual Black Sunglasses,product_name,False,False,family_a3e3cf43b20d9f58,2213b2f324a61ce63faef7af8456c0b05cac08838b80a061d1b1752bfafad2ae,data/raw/teacher/train/images_train/16893.jpg
16895,4,Unisex,Men,0.8035979866981506,0.0216347798705101,Men,persistent_error,False,Sunglasses,Black,Police Unisex Casual Black Sunglasses,product_name,False,False,family_a3e3cf43b20d9f58,ee43ad8311580a4e5a0c71cc55cd87122d7d4e8745bcefedcd1109317e52901a,data/raw/teacher/train/images_train/16895.jpg
16985,0,Unisex,Men,0.9923201203346252,0.0031981647480279207,Men,persistent_error,False,Flip Flops,Purple,Puma Unisex Miami Purple Slipper,product_name,False,False,family_862223fd8d4d636e,c50548204c275b5ef84d17c54486d3e2dcb1223f4808ce1ce5df0ea07157c3a9,data/raw/teacher/train/images_train/16985.jpg
16986,4,Women,Men,0.9088726043701172,0.002536969492211938,Men,persistent_error,False,Flats,Black,Puma Women Miami Black Flip Flops,product_name,False,False,family_5f64996d6afaaa90,a09cae43c1689deb8d0ef6de8e5f3ab3ba317721368db84e64aaddc6ffda0b9c,data/raw/teacher/train/images_train/16986.jpg
16993,4,Women,Men,0.7149596214294434,0.25905269384384155,Women,new_error,False,Belts,Silver,Puma Women Dizzy  Silver Belt,product_name,False,False,family_f043f4cd71b24757,c0b7725195e01d9e562d8f19ffd7fcae5795f337b9f04fd5012a26da878ac24e,data/raw/teacher/train/images_train/16993.jpg
17018,4,Women,Men,0.6342636942863464,0.3537672460079193,Men,persistent_error,False,Flats,Yellow,Rocia Women Casual yellow Sandal,product_name,False,False,family_53adcdbaf97dc15a,90dc029c89219dd80487d9955c976ea886daf3e2f7ce947ddba5bfedf6adbc4b,data/raw/teacher/train/images_train/17018.jpg
17044,0,Men,Women,0.7562457919120789,0.2356102168560028,Women,persistent_error,False,Sandals,Brown,Gas Men Aventura Sandal,product_name,False,False,family_4859c33927d54e10,ca53f819f0a05227b862a93a031fc524d1996f30f4778a2ee87d72c0398d0ce5,data/raw/teacher/train/images_train/17044.jpg
17216,0,Women,Men,0.9021632671356201,0.009838410653173923,Men,persistent_error,False,Sunglasses,Green,United Colors of Benetton Women Funky Eyewear Green Sunglasses,product_name,False,False,family_d1fd98f27e45678d,5a167523a0e9ad1e9e4db2752563cb81aa708c3c5aa836e34ab6bb40b67eb457,data/raw/teacher/train/images_train/17216.jpg
17419,4,Women,Men,0.6304670572280884,0.36116549372673035,Men,persistent_error,False,Watches,Black,Casio Enticer Women Silver Analogue Watches (A378) LTP-2069D-1AVDF,product_name,False,False,family_09f3a18d39c5db7f,f75dd64c7271591336069f7c0463aed40e37d4901b2bdfce7b80d4c0d836a4e3,data/raw/teacher/train/images_train/17419.jpg
17437,0,Women,Men,0.8928678035736084,0.09911847114562988,Men,persistent_error,True,Watches,Black,CASIO Sheen Women Black Dial Chronograph Watch SX006 SHN-5016D-1ADR,product_name,False,False,family_6c3426c40c8d35b4,f15d6489f9ba38263443b0b9d704a1f6ed9e20eb6287e34f4d9574c5afb1a853,data/raw/teacher/train/images_train/17437.jpg
17441,0,Men,Women,0.7719453573226929,0.22739242017269135,Women,persistent_error,False,Watches,Steel,CASIO Men White Dial Watch ED153,product_name,False,False,family_4e750fdb3cb55e4d,4bb66ba716576db480bc2dc738be203adf7c7481ad6ec9593ef386e4e3d2e226,data/raw/teacher/train/images_train/17441.jpg
17442,4,Unisex,Men,0.9569848775863647,0.03547276183962822,Men,persistent_error,False,Watches,Black,CASIO Unisex Black Small Dial Analogue and Digital Watch,product_name,False,False,family_33c31ff8906aca18,4364ab9da2a011bb575e529508003ee6f0b7ddf5eead5016cfa69cfddc123618,data/raw/teacher/train/images_train/17442.jpg
17449,0,Unisex,Men,0.9272451400756836,0.06703004240989685,Men,persistent_error,False,Watches,Blue,CASIO Unisex Combination Unisex Blue Analogue & Digital Watch AD140,product_name,False,False,family_f474efa5c31a5050,6d14d4bd6fa4dbe70a0034eb4f7ada7e2369d107b0e42d54f7839403bd04c92e,data/raw/teacher/train/images_train/17449.jpg
17489,0,Women,Men,0.997661828994751,0.00019282661378383636,Men,persistent_error,False,Flats,Off White,Rockport Women Beige Flats,product_name,False,False,family_d8c6da587cab349c,f782ef06511728c103cd2c86ef8daf9c71ef129067f2c1e8ab1d607ed1069efd,data/raw/teacher/train/images_train/17489.jpg
17603,4,Unisex,Men,0.6301676630973816,0.366119384765625,Men,persistent_error,False,Sunglasses,Grey,Cat Unisex Classic Grey Sunglasses,product_name,False,False,family_54750e433d920065,fa38a5769e2f236b9ebd1d4124aa517598d6cf77f06c4a5154e93df78d5c349b,data/raw/teacher/train/images_train/17603.jpg
17609,0,Girls,Boys,0.7697471976280212,0.11507043987512589,Boys,persistent_error,False,Tshirts,White,Doodle Girls Raindrops White Tshirts,product_name,False,False,family_ec8e0696e80a8e8c,a983498cc64276f2f368bc4a039a0f8599c7a89bc80eed475e42cc81e76e55ec,data/raw/teacher/train/images_train/17609.jpg
17613,4,Boys,Unisex,0.4951402544975281,0.45810243487358093,Boys,new_error,False,Tshirts,Red,Doodle Boys Catch Me Red Tshirt,product_name,False,False,family_40c1d250c9770298,1a87175e31fc4aa4ee2baf4a9b6135f19bd7550f0356f15d83da9aa8f3050cc6,data/raw/teacher/train/images_train/17613.jpg
17634,0,Unisex,Men,0.9474383592605591,0.007868653163313866,Men,persistent_error,False,Scarves,Grey,Puma Unisex Crystal Cat Grey Scarf,product_name,False,False,family_166572dff8d5aeda,0b34f446dda39485be1106e806f212faa0985245db5010a2ea828346de68ae2f,data/raw/teacher/train/images_train/17634.jpg
17636,4,Unisex,Men,0.8601495623588562,0.0972515121102333,Men,persistent_error,False,Scarves,Purple,Puma Unisex Graphic Purple Scarf,product_name,False,False,family_21b2a371c603c188,3c92d337c43bdadf74c77fb033156364fce00f8ec18ccc69bc3de68fb7c078e5,data/raw/teacher/train/images_train/17636.jpg
17637,4,Unisex,Men,0.9050942659378052,0.04711272940039635,Men,persistent_error,False,Scarves,Black,Puma Unisex Graphic Black Scarf,product_name,False,False,family_bd5b4475ad702f1f,13da09ceb367eebac099398eff1250aca97ec07767502475b47194a257c9c3ee,data/raw/teacher/train/images_train/17637.jpg
17641,0,Unisex,Men,0.49426883459091187,0.10632958263158798,Men,persistent_error,False,Headband,White,Puma Unisex Cat White Headband,product_name,False,False,family_35dc3b84aaff8203,40e690f77d264290cb45efd96a84c59e0a7a2aa901d295c7bdab913b6d607280,data/raw/teacher/train/images_train/17641.jpg
17642,4,Unisex,Women,0.6718790531158447,0.106596440076828,Women,persistent_error,False,Headband,Red,Puma Unisex Cat Red Headband,product_name,False,False,family_c564abeebce244fd,82556744985e5ac6ed5d9d1be3c54aafd30cce6b699e65e1aee5d29e72d799e1,data/raw/teacher/train/images_train/17642.jpg
17643,0,Men,Unisex,0.6950764656066895,0.13846077024936676,Women,persistent_error,False,Wallets,Red,Puma Men PowerCat Red Wallet,product_name,False,False,family_59743abb508a8061,00e9390284a2b368f2fde1afbf10e26b4c015009e9dde960281407062aad5555,data/raw/teacher/train/images_train/17643.jpg
17665,0,Women,Men,0.6363905668258667,0.26070648431777954,Women,new_error,True,Casual Shoes,Black,Catwalk Women Back Strap Black Casual Shoe,product_name,False,False,family_04ed28ab2b2a010c,4a00592c4909dad7f941ec2545ecc25991ab801c42d639a99a2724290896a00b,data/raw/teacher/train/images_train/17665.jpg
17697,4,Men,Women,0.5329596400260925,0.10998763144016266,Women,persistent_error,False,Casual Shoes,Grey,Vans Men Bali Grey Casual Shoes,product_name,False,False,family_57204251806dead2,b01030b773ffb5a966fb4979b69c871ab3a8cacbb3f74efb38a4da63b1274540,data/raw/teacher/train/images_train/17697.jpg
17704,4,Unisex,Men,0.7151688933372498,0.284183531999588,Unisex,new_error,False,Casual Shoes,Maroon,Vans unisex Old Skool Red Casual Shoes,product_name,False,False,family_b1a593650cd20eb8,757682b14d679bd70803239d1b612b917359d2a1320902d11a57e1a791b22618,data/raw/teacher/train/images_train/17704.jpg
17711,4,Unisex,Men,0.5881003141403198,0.3099430501461029,Men,persistent_error,True,Casual Shoes,Beige,Vans Unisex Palisades Vulc Beige Casual Shoes,product_name,False,False,family_bb0c30cc3cd79a7b,b3e3fe9b8f7fffce016ada12516cd60e5a384c6ce94ce811c82f88a5172ff2ac,data/raw/teacher/train/images_train/17711.jpg
17773,0,Men,Women,0.901721715927124,0.09324905276298523,Women,persistent_error,False,Belts,Brown,Reid & Taylor Men Brown Belt,product_name,False,False,family_b047ca6cd46e1f26,efc1901150e0776f6cc988aabbbc7e30cb45e0dcccd2e52a8c94e6d182eb01bc,data/raw/teacher/train/images_train/17773.jpg
17800,0,Girls,Boys,0.8249080777168274,0.16899976134300232,Boys,persistent_error,False,Tshirts,Green,Chhota Bheem Kids Girl I Love to Play Green Tshirt,product_name,True,False,family_f4d906c345eef030,1ffea8eb7ede0917c9cb97cfe4f221f49fd3cd671773937c8607de87216e23e3,data/raw/teacher/train/images_train/17800.jpg
17842,4,Women,Men,0.46896061301231384,0.4592818021774292,Men,persistent_error,False,Casual Shoes,Black,Nike Women Sweet Classic High Black Casual Shoe,product_name,False,False,family_60dc13afd9db4685,45497e8a9c7253bf3f122bb17b6b7ed261d5f5961ee020240f78b06f7294f0ed,data/raw/teacher/train/images_train/17842.jpg
17911,0,Women,Men,0.9911346435546875,0.00775595847517252,Men,persistent_error,False,Jackets,Black,Nike Women Sptcas Black Jacket,product_name,False,False,family_3d85bc081b5cbae4,ca87cdf2530f163dc344f4a1e9b5399b73448b837df1596e4876d7553659f385,data/raw/teacher/train/images_train/17911.jpg
17912,0,Women,Men,0.9173473119735718,0.08108969032764435,Men,persistent_error,False,Jackets,Cream,Nike Women Casual Cream Jacket,product_name,False,False,family_4887493a4c162023,a0bb4d6126aa3a765e95ee11d72abb51fe91ea6d8b89be650efe27bc0bb1b466,data/raw/teacher/train/images_train/17912.jpg
17919,4,Women,Boys,0.7662281394004822,0.04217584803700447,Men,persistent_error,False,Tshirts,Orange,Nike Women's Orange Polo T-shirt,product_name,False,False,family_5fb9e6747baabb8b,5353ea2c98b57871c2c6ef90d24eaeb747f4b98660b1a581f72309026c0207ae,data/raw/teacher/train/images_train/17919.jpg
17923,4,Women,Men,0.9256561398506165,0.07127921283245087,Men,persistent_error,False,Sweatshirts,Black,Nike Women Sptcas Black Sweatshirt,product_name,False,False,family_bc7fef2cefba2315,dc5dd58e05ec0909385f64e56f84020496e7d4a80efb3a60993a9c7361a22eae,data/raw/teacher/train/images_train/17923.jpg
17930,4,Women,Men,0.7897140383720398,0.2064802348613739,Women,new_error,False,Track Pants,Black,Nike Women Casual Black Track Pant,product_name,False,False,family_c80ce14c95579487,e4e855221e5d6171353acff9682d2bfad74fb6c3e2241f6a4ac7ed9474e4ba6b,data/raw/teacher/train/images_train/17930.jpg
17981,4,Unisex,Men,0.6198012232780457,0.3790932893753052,Unisex,new_error,False,Casual Shoes,Red,Puma Unisex Red Hip Hop Shoes,product_name,False,False,family_bc62c7cd2cb19dae,c6d0c6dfad0fc9f07060579a2e759aae81bda553e8642a7f014a2294d9ff4417,data/raw/teacher/train/images_train/17981.jpg
18014,4,Women,Men,0.7018178105354309,0.2974753975868225,Men,persistent_error,False,Belts,Olive,Lino Perros Women Solid Olive Belt,product_name,False,False,family_8d32a4bb5ad5fa51,409e853d17960095cae089e9ee06c4f9f42bb80ade1e4ef89aa750b795770cfa,data/raw/teacher/train/images_train/18014.jpg
18016,4,Women,Men,0.961355447769165,0.03849096968770027,Men,persistent_error,False,Belts,Olive,Lino Perros Women Solid Olive Belt,product_name,False,False,family_8d32a4bb5ad5fa51,ad7d126e18d5dd289767fbafc063417a8aef64b099a410673831a88dca1ab2de,data/raw/teacher/train/images_train/18016.jpg
18017,0,Women,Men,0.858797550201416,0.1390792280435562,Men,persistent_error,False,Belts,Black,Lino Perros Women Solid Black Belt,product_name,False,False,family_caee7105cc4c5fd3,6f2bb941381e491cb6ad3242547a7d09ae8daa06e35ad9106338726bfbf0905d,data/raw/teacher/train/images_train/18017.jpg
18018,0,Women,Men,0.8197035193443298,0.1780267059803009,Men,persistent_error,False,Belts,Black,Lino Perros Women Solid Black Belt,product_name,False,False,family_caee7105cc4c5fd3,c754bd6b7cd38469b43ec6d37e52a69bdcd1e6454921ff7ad6ee73c7e2cf6a41,data/raw/teacher/train/images_train/18018.jpg
18178,0,Girls,Boys,0.773516833782196,0.016053950414061546,Boys,persistent_error,False,Tops,Black,Doodle Kids Girls Black Layer Top,product_name,False,False,family_1acd00d2a120d843,8a8176694c2ecd171b6d50fd8484d571d9373ad74e1adf398ba4747c6d00c363,data/raw/teacher/train/images_train/18178.jpg
18179,0,Girls,Boys,0.7871091365814209,0.20289519429206848,Boys,persistent_error,True,Tops,Black,Doodle Kids Girls Black Layer Top,product_name,False,False,family_1acd00d2a120d843,a7e06bfbf9a9255b03037cea0b7060de427fee075f043e532e5ba4986ee2e2d2,data/raw/teacher/train/images_train/18179.jpg
18209,0,Men,Unisex,0.6671076416969299,0.3224601745605469,Men,new_error,True,Caps,Navy Blue,Manchester United Men Printed Navy Blue Cap,product_name,False,False,family_2d1690d2847ac88d,061d7588d0af46fb40577edd994a50ee7d69dec63214345e62f37db3ecbf3ec2,data/raw/teacher/train/images_train/18209.jpg
18374,4,Men,Women,0.4815554916858673,0.2599163055419922,Women,persistent_error,True,Trunk,White,Undercolors of Benetton Men Pack of 2 White Boxer Trunks,product_name,False,False,family_a1e2f594d2129e6c,6de07f33b6e637380103a71c167811a69456de429a6b4630f9c19842240077ad,data/raw/teacher/train/images_train/18374.jpg
18407,0,Women,Men,0.9791207313537598,0.020187154412269592,Men,persistent_error,False,Casual Shoes,White,Skechers Women D'lites White Shoe,product_name,False,False,family_e91f39a5526a29c8,cb2ca5b39fef78514d24d69efc0f1c3b8be92a07a162d436a35c7d8a3ded7746,data/raw/teacher/train/images_train/18407.jpg
18408,4,Women,Men,0.8897148370742798,0.07933587580919266,Men,persistent_error,False,Flip Flops,Black,Skechers Women Your Black Slippers,product_name,False,False,family_3194c793bf43225e,bc8f48c002204c5f832957b1625bd1a3550cbd6dd00bed854f4302066ef7b03f,data/raw/teacher/train/images_train/18408.jpg
18410,0,Women,Men,0.9963833093643188,0.0017378674820065498,Men,persistent_error,False,Flats,Brown,Skechers Women Tone-Ups Brown Sandals,product_name,False,False,family_16b2de0eb3bafc3b,01c4d9738d999b4cda4484a4321d9c0b49d454d5048e78a5853e9e5ae7c37894,data/raw/teacher/train/images_train/18410.jpg
18432,4,Unisex,Women,0.7965700030326843,0.18960320949554443,Women,persistent_error,False,Backpacks,Pink,Vital Gear Unisex Pink Daypack Backpack,product_name,False,False,family_d12f874987021cd3,9db315b75bc0012cae222340df92684365b43e1dbc15c1fa17a6c8fb29a26518,data/raw/teacher/train/images_train/18432.jpg
18435,0,Unisex,Women,0.5919133424758911,0.2572720944881439,Women,persistent_error,False,Messenger Bag,Black,Vital Gear Unisex Black Messenger Bag,product_name,False,False,family_1566eaa2a9351922,a126a3e025133f29eb03921a6ba9b3f6ae8192f50ec8574ba00f2d2b1909147f,data/raw/teacher/train/images_train/18435.jpg
18440,0,Unisex,Men,0.5889086723327637,0.401492714881897,Men,persistent_error,False,Laptop Bag,Black,Vital Gear Unisex Black Bag,product_name,False,False,family_fad218dcf8a22c00,35c34986f81e705ba6fcd18ac7754026eeae34242621c85406df0ea4435ae20f,data/raw/teacher/train/images_train/18440.jpg
18446,0,Men,Women,0.5040597915649414,0.4925989806652069,Men,new_error,False,Perfume and Body Mist,White,Ed Hardy Natural Men Perfumes,product_name,False,False,family_3e7e02c07259ff0f,cabb5fdd70aa217395d5185cc1b3e7a62cfbc14847cda5679aa8ea1035d88feb,data/raw/teacher/train/images_train/18446.jpg
18447,0,Men,Women,0.6454095244407654,0.35136669874191284,Women,persistent_error,False,Perfume and Body Mist,White,Ed Hardy Love & Luck Men Perfumes,product_name,False,False,family_a2a9adc89ecd086f,800c54cbfc3e2a143c11c3ef935374d283bbd2702b11d2e567aeca4d6f344ca1,data/raw/teacher/train/images_train/18447.jpg
18449,0,Men,Women,0.7017049789428711,0.2957014739513397,Women,persistent_error,False,Perfume and Body Mist,White,Ed Hardy Love & Luck Men Perfumes,product_name,False,False,family_a2a9adc89ecd086f,cfa7e5919e6c6bf3dc65842a74c330bbc800d5e6262310db8d46a584ac5e334d,data/raw/teacher/train/images_train/18449.jpg
18461,0,Men,Women,0.5133949518203735,0.478838711977005,Women,persistent_error,True,Deodorant,White,David Beckham Signature Men Deos,product_name,False,False,family_2d92389f7d2c9dab,f8c41a73d05ad0df9b747853788b960877abdc01fa61c7c32e3d8f9f76527bba,data/raw/teacher/train/images_train/18461.jpg
18527,4,Boys,Men,0.6545904278755188,0.00015133232227526605,Men,persistent_error,False,Watches,Blue,Chhota Bheem Analog Kids-Boys Blue Watch,product_name,False,False,family_8dfa58f6fc819b6c,b7ad5009445638935e0eadc6497da3523eafffe22ef8dfce3e627579c16ea5d7,data/raw/teacher/train/images_train/18527.jpg
18528,4,Boys,Unisex,0.7181788682937622,6.847285112598911e-05,Unisex,persistent_error,False,Watches,Green,Chhota Bheem Kids-Boys Green Digital Pop Watch,product_name,False,False,family_4dbdf4e77fbdbf79,6487952b743b7c2f90e7f67bdb825b67d1056f2b7cd7b5459f28787edc6f2205,data/raw/teacher/train/images_train/18528.jpg
18529,4,Boys,Men,0.5697702169418335,0.0002920343540608883,Men,persistent_error,False,Watches,Red,Chhota Bheem kids-Boys Red Digital Pop Watch,product_name,False,False,family_3bbc4345a69f678c,0e65c0a52e98a1d0df611edd87ffa0cad4e5a60e47210c96aa7868469633861c,data/raw/teacher/train/images_train/18529.jpg
18531,4,Boys,Women,0.57193523645401,0.0007963209063746035,Men,persistent_error,False,Watches,Orange,Chhota Bheem Analog Kids-Boys Orange Watch,product_name,False,False,family_861fed2dae37e520,0a6b8c77309806dfb33bffec8f655a87e78087bdcaf37a1397e891a0f756582f,data/raw/teacher/train/images_train/18531.jpg
18532,4,Boys,Women,0.8480508923530579,0.014490325935184956,Women,persistent_error,False,Watches,Blue,Chhota Bheem Analog Kids-Boys Torquoise Blue Watch,product_name,False,False,family_beb57f791b6304c4,437d434c88b7c89ba6d9379eb19666366704b2ca7df22268203225164a7e4847,data/raw/teacher/train/images_train/18532.jpg
18589,4,Unisex,Men,0.8876052498817444,0.10187503695487976,Men,persistent_error,False,Socks,Black,Puma Unisex Invisble Sneakers Black Socks,product_name,False,False,family_f00644961f9dce1f,e426b031e1e7c4cf4a40735019271412b436210473caa325db1c12bc0011ae84,data/raw/teacher/train/images_train/18589.jpg
18800,0,Unisex,Women,0.783497154712677,0.15361663699150085,Women,persistent_error,False,Backpacks,Navy Blue,Peter England Unisex Casual Navy Blue Backpack,product_name,False,False,family_d74bb702fd667d20,e15a7a0ac10bf5c00deb0747c5e71e9c82d88d94f0c6d2e8a0ff3e858b1a346e,data/raw/teacher/train/images_train/18800.jpg
18996,0,Unisex,Men,0.6497920751571655,0.3155112564563751,Men,persistent_error,False,Caps,Red,ADIDAS Originals Unisex Red Cap,product_name,False,False,family_c91736b0806e2946,2c2a7ea72b15eaa89ad20807b4c2d98a501da7d1789e7805676d3f3d5f020402,data/raw/teacher/train/images_train/18996.jpg
18998,4,Unisex,Men,0.9145602583885193,0.04593530669808388,Men,persistent_error,False,Scarves,Black,ADIDAS Originals Unisex Black Scarf,product_name,False,False,family_6fb31fd9a38ed097,e0a6c78621b5616cbb92ebb57a9c8c1a9892f11028bade92134ea3de042debb0,data/raw/teacher/train/images_train/18998.jpg
19133,4,Men,Women,0.802625298500061,0.15516088902950287,Women,persistent_error,False,Sandals,Grey,Lotto Men Hermes Grey Sandals,product_name,False,False,family_ad0b61fafd0e5c07,873f706bd0e63f7c4b5dd913041bc6c1faaf7737760d18b30f255a57c87e8a05,data/raw/teacher/train/images_train/19133.jpg
19236,0,Men,Women,0.7625219821929932,0.17326003313064575,Women,persistent_error,False,Scarves,Off White,Puma Men Solid Off White Scarvf,product_name,False,False,family_38489f3bdc9f42c8,4124eeb4d5950adc46887f310d9f6277ff5ee04dd45653c776225022bb486c70,data/raw/teacher/train/images_train/19236.jpg
19298,4,Women,Men,0.38726112246513367,0.3140179514884949,Women,new_error,False,Watches,Black,Guess Women Puffy G Black Watch,product_name,False,False,family_a1a6b7d4531dc2a5,8707974ff38f847a0677f67102231ed4bdf1185588a30003400e2e930abee304,data/raw/teacher/train/images_train/19298.jpg
19496,0,Women,Men,0.8779526948928833,0.04679100587964058,Men,persistent_error,False,Socks,White,Puma Women Sport Quarters Pack of 3 Socks,product_name,False,False,family_0b05c27614bf21f8,f2b9b9104f8b79e1f775921229f8957add4a30167e0296b344952d4f1a1966fa,data/raw/teacher/train/images_train/19496.jpg
19741,0,Women,Unisex,0.4560281038284302,0.3035276532173157,Unisex,persistent_error,False,Caps,Black,United Colors Of Benetton Women Black Cap,product_name,False,False,family_7e28fc1906670ede,296f7b9b24ca3894eefab893b737ca23c7ae6bfd0ee42cb6f403b1a5465dd58e,data/raw/teacher/train/images_train/19741.jpg
19755,4,Unisex,Women,0.8947052359580994,0.0926247164607048,Women,persistent_error,False,Watches,Lavender,Ice Unisex Sili Lavender Watch,product_name,False,False,family_6ced330e0665a53d,65f3baa4fdf62aa3791ac3fd6a3eadb586d09f89c3692e1fb319c8126c9f2198,data/raw/teacher/train/images_train/19755.jpg
19759,0,Unisex,Women,0.8604133725166321,0.12493453174829483,Women,persistent_error,False,Watches,Pink,Ice Unisex Sili Pink Watch,product_name,False,False,family_a1807cbd9214c3cb,fa440614aea4b74c8fa4c5dce6c5d8a1ff4372e4b07e9c0f9c3100451571031f,data/raw/teacher/train/images_train/19759.jpg
19766,0,Unisex,Women,0.6613792777061462,0.23334644734859467,Women,persistent_error,True,Watches,Pink,Ice Unisex Sili Pink Watch,product_name,False,False,family_a1807cbd9214c3cb,345a8d3f3d8491524cef52ed8edb68841384fa0d531a9d79f440d9c35ccc3f04,data/raw/teacher/train/images_train/19766.jpg
19767,4,Unisex,Women,0.9560057520866394,0.0015274136094376445,Women,persistent_error,False,Watches,Peach,Ice Unisex Sili Peach Watch,product_name,False,False,family_194a745e44cc89e5,a66baf9fe220f3e13972a4c3216ff7d360f235301e6cb6fb5d68969d4f01255e,data/raw/teacher/train/images_train/19767.jpg
19769,4,Unisex,Women,0.9783546924591064,0.019948747009038925,Women,persistent_error,False,Watches,Purple,Ice Unisex Sili Purple Watch,product_name,False,False,family_7d353a28c450faf3,cedd3d623b84e2a4ac772437b63f2ee07b152585ef55f33a6074f2ada0fbe0c5,data/raw/teacher/train/images_train/19769.jpg
19771,4,Unisex,Men,0.8124135732650757,0.1809602677822113,Men,persistent_error,False,Casual Shoes,Blue,ADIDAS Unisex Bio Str Blue Casual Shoes,product_name,False,False,family_00544a360a554772,ae92903fb7bcc5dd36469145bf5aaf6c4565d1efcef6536a28a82584d99b2b5f,data/raw/teacher/train/images_train/19771.jpg
19911,0,Unisex,Women,0.44195881485939026,0.4155808985233307,Unisex,new_error,True,Messenger Bag,Grey,Wildcraft Unisex Grey Printed Messenger Bag,product_name,False,False,family_ef10b76ed6b18b48,7418418b7b3fb4d5888c40d3956302e4ffa4f825d0f9bd683bf5611fda6587a7,data/raw/teacher/train/images_train/19911.jpg
19925,0,Unisex,Men,0.8863426446914673,0.09872089326381683,Men,persistent_error,False,Casual Shoes,Black,ADIDAS Unisex Bio Str Black Casual Shoes,product_name,False,False,family_8e2aa579f95916c7,a97a91f1fd6160c76ad71a90f659c0cfd156202dfbe80530d6e6269b880bd471,data/raw/teacher/train/images_train/19925.jpg
20051,0,Women,Men,0.4996575117111206,0.49054497480392456,Men,persistent_error,True,Mufflers,Blue,United Colors Of Benetton Women Blue Muffler,product_name,False,False,family_9d311dc4a176a36c,f538c335cc097ec661c9266acfd9aa5a48995f9896d9d69fad8ff99c6f7856c3,data/raw/teacher/train/images_train/20051.jpg
20053,0,Women,Men,0.8446974754333496,0.1001976802945137,Men,persistent_error,False,Mufflers,Blue,United Colors Of Benetton Women Blue Muffler,product_name,False,False,family_9d311dc4a176a36c,6806d30b2b87ed1748f2caf6d3aa6f73c66a9a284fc053e80126a9ba1f152bbb,data/raw/teacher/train/images_train/20053.jpg
20060,0,Women,Unisex,0.6916218996047974,0.061628274619579315,Men,persistent_error,False,Caps,Black,United Colors of Benetton Women Black Cap,product_name,False,False,family_7e28fc1906670ede,f30cf0c783a6334a0a9bbc1015d5d5420c41d93c5044464b8655b99185965758,data/raw/teacher/train/images_train/20060.jpg
20061,4,Women,Unisex,0.6492679119110107,0.05824965611100197,Unisex,persistent_error,False,Caps,Grey,United Colors of Benetton Women Solid Grey Cap,product_name,False,False,family_75769823db109ec9,1fc17cea2fd0081308817c71ee07235abbb2c084174dfb26045f4283636e5d9c,data/raw/teacher/train/images_train/20061.jpg
20072,4,Women,Men,0.962361216545105,0.03443066030740738,Men,persistent_error,False,Stoles,Grey,United Colors of Benetton Women Solid Grey Stole,product_name,False,False,family_c8b0f0d28b77989b,b7a541fbce14d97b8cf1b684de4b53c4bb6724ca94a2417a59b9775a5483389a,data/raw/teacher/train/images_train/20072.jpg
20278,0,Women,Men,0.9798570275306702,0.010303307324647903,Men,persistent_error,False,Heels,Black,Catwalk Women Casual Black Flats,product_name,False,False,family_d2c2eb3d14dfef8f,b30baa19e9ff3f5a98ea21b17450d66f2de0d09fed51519b9700ace99001e36c,data/raw/teacher/train/images_train/20278.jpg
20528,4,Women,Unisex,0.5263062715530396,0.3707836866378784,Women,new_error,False,Handbags,Blue,Baggit Women Kool Excel Blue Handbag,product_name,False,False,family_8626aef4f281da7a,5e4901113a0421bf3d4692ebc3530c1041afd1d886188767e6fef9347e3fc6a1,data/raw/teacher/train/images_train/20528.jpg
20530,4,Women,Men,0.8104525208473206,0.14023993909358978,Men,persistent_error,False,Wallets,Brown,Baggit Women Brown Wallet,product_name,False,False,family_40ead194deaac1b9,77e566b9a64b97f50e64f7bc01ef82afef65e290c97d0266d3c63a41c61a95b6,data/raw/teacher/train/images_train/20530.jpg
20566,0,Women,Unisex,0.6449953317642212,0.33367761969566345,Unisex,persistent_error,False,Handbags,Purple,Baggit Women Penguin Baby Purple Handbag,product_name,False,False,family_01ae3c91bb83b654,24b2a6027a91f25dad844417989719cfa86729fac01cfe249233aaeec78570ed,data/raw/teacher/train/images_train/20566.jpg
20576,4,Women,Men,0.9397040009498596,0.05855915695428848,Men,persistent_error,False,Belts,Brown,Baggit Women Chotu Dum Brown Belt,product_name,False,False,family_717e384286f7fcd6,4b721a24669e4395c7c74f3db8d8edef92e81956f7c4a028ace7fb478d05b398,data/raw/teacher/train/images_train/20576.jpg
20601,0,Women,Unisex,0.44456174969673157,0.3755740821361542,Women,new_error,True,Handbags,Purple,Baggit Women Purple Groovy Camlin Crush Handbag,product_name,False,False,family_a2331a93444af048,831701340e607d5fc535e5f79b391e1fc71cc25308635eac4f10c8174f1ac816,data/raw/teacher/train/images_train/20601.jpg
20829,4,Unisex,Men,0.7951337695121765,0.10509027540683746,Men,persistent_error,False,Socks,White,Nike Kids-Unisex Solid White Socks,product_name,False,False,family_60e7548f2980518b,124c0a16d0a9bd4c0127b8d524103a8ca4a865481eebcabc3f419d4e25f9606a,data/raw/teacher/train/images_train/20829.jpg
20938,0,Men,Unisex,0.9785903692245483,0.0036670672707259655,Unisex,persistent_error,False,Backpacks,Black,Fastrack Men Leatherette Black Backpack,product_name,False,False,family_2489af1698bc2f32,6d564eaeaa7f176bd05e25a3e694d0d5b17891f5ec0c43ad982795269f4b0cf9,data/raw/teacher/train/images_train/20938.jpg
20939,0,Men,Unisex,0.9667251706123352,0.01734750159084797,Unisex,persistent_error,False,Backpacks,Navy Blue,Fastrack Men Polyester Navy Blue Backpack,product_name,False,False,family_59a890e7161a161a,5065a7500619a7cd056c317c8d8804df219ed8a1c716a2324b680bce2c16d5c7,data/raw/teacher/train/images_train/20939.jpg
20940,4,Women,Men,0.8429756760597229,0.09751521795988083,Men,persistent_error,False,Flip Flops,Black,ADIDAS Women Spring Black Flip Flops,product_name,False,False,family_f2472c5ec828ce28,7fabd987e423db83121cce6842c27a5249f6776c1445edcc991b9fcb90864794,data/raw/teacher/train/images_train/20940.jpg
20976,4,Women,Men,0.7882483005523682,0.1084042638540268,Men,persistent_error,False,Belts,Black,Fastrack Women Leatherette Black Belt,product_name,False,False,family_0084f0921f224819,2bd3a71ee16a563f89405507e6d74bdd5bc0022b2f94e7c3600fe5c94c0879ef,data/raw/teacher/train/images_train/20976.jpg
20983,0,Unisex,Men,0.7381661534309387,0.012578628957271576,Men,persistent_error,False,Belts,Black,Fastrack Unisex Leatherette Black Belt,product_name,False,False,family_dff0e48851b7118b,5e55d377fb3b5689b28ee73498b6c5cbb39054d5ffbc674582865aecda9973fa,data/raw/teacher/train/images_train/20983.jpg
20984,0,Men,Women,0.8042799234390259,0.1759384423494339,Women,persistent_error,True,Belts,Black,Fastrack Men Leatherette Black Belt,product_name,False,False,family_a18145ba5d71de44,091839beb692cf2ec360f683fc6f274b7d15c2ed04940ad121f855bda2a43c6a,data/raw/teacher/train/images_train/20984.jpg
20996,4,Women,Men,0.9094884991645813,0.0782347097992897,Men,persistent_error,False,Belts,Black,Fastrack Women Leatherette Black Belt,product_name,False,False,family_0084f0921f224819,847e7af7b34be657c5cfc91d40ef2011adcba359ae1e89d49ef9c33b110c31a9,data/raw/teacher/train/images_train/20996.jpg
20998,4,Women,Men,0.8744592666625977,0.10441957414150238,Men,persistent_error,False,Belts,Grey,Fastrack Women Leatherette Grey Belt,product_name,False,False,family_1d6859ef5e613269,09fc8d57359d570dcafc7062f8ca1bb33052f6ee753d9e5ec562d66226389fef,data/raw/teacher/train/images_train/20998.jpg
21238,0,Women,Men,0.7411351203918457,0.2232252061367035,Men,persistent_error,False,Deodorant,Blue,4711 Atomizer Women Deodorant Spray,product_name,False,False,family_82c16e7e13cacfa0,b47c656b6f6ff25352eac4260a274052a720c45b3ca36c2c2b3b432fa9b0624c,data/raw/teacher/train/images_train/21238.jpg
21274,0,Unisex,Women,0.6468569040298462,0.2912892997264862,Women,persistent_error,True,Sunglasses,Brown,Allen Solly Unisex Sunglasses AS123-C2,product_name,False,False,family_9a4a675dbeb68030,bc7f2936ca8fefca0e5628a135720a95497f1189cf70bcf9c08e67dcaa6f1013,data/raw/teacher/train/images_train/21274.jpg
21355,4,Women,Men,0.9030664563179016,0.08017242699861526,Men,persistent_error,False,Sunglasses,Silver,Van Heusen Women Casual Silver Frame Sunglasses,product_name,False,False,family_f5e1fffbed449432,6c038464466e5a7cea5ae81af37cd6b9d237051af91aa12d5b91b520c67144ac,data/raw/teacher/train/images_train/21355.jpg
21375,0,Men,Women,0.9956641793251038,0.0037520965561270714,Women,persistent_error,False,Tshirts,Navy Blue,Manchester United Men Printed Navy Blue T-Shirt,product_name,False,False,family_c0a33cafa0967d46,d57c3b0315eaf13aaeb7cac598530e86e4215a5c0be3b743133edd5531c9244e,data/raw/teacher/train/images_train/21375.jpg
21431,0,Women,Men,0.6280847787857056,0.369027316570282,Men,persistent_error,True,Shorts,White,Roxy Women White Shorts,product_name,False,False,family_4b41c3fe6564b518,31ea5d178c9c3f9566f7332940a0963eecd57a138e4319fd233e007c5f9f8536,data/raw/teacher/train/images_train/21431.jpg
21436,4,Women,Unisex,0.7986708879470825,0.10262095183134079,Unisex,persistent_error,False,Backpacks,Pink,Roxy Women Pink Backpack,product_name,False,False,family_a3a65e3e85213955,a20c04e1625187460a2c6560c7a9b65b41f3c1156a0b45dd3a0ae1ba22f0f893,data/raw/teacher/train/images_train/21436.jpg
21437,4,Women,Unisex,0.8713195323944092,0.11620081216096878,Unisex,persistent_error,False,Backpacks,Blue,Roxy Women Blue Backpack,product_name,False,False,family_1169ab51dad3a3c8,c61cf379ea928d8a1b4e862ffd75b50a65aca91417e33ef3aaea027351cc0f3d,data/raw/teacher/train/images_train/21437.jpg
21690,4,Men,Women,0.6645944118499756,0.2944488227367401,Men,new_error,False,Watches,Black,Fossil Men Black Dial Chronograph Watch ES2157,product_name,False,False,family_03050c013226c818,f1a11e5312afcd666b44d5570216b6e83f4d6011cdbd0aea5e5e853e8b7ec9c9,data/raw/teacher/train/images_train/21690.jpg
21700,4,Women,Men,0.8784475326538086,0.11810138076543808,Men,persistent_error,False,Watches,White,Fossil Women White Dial Watch ES2981,product_name,False,False,family_3de04f7da01e9b9d,fd81ab3db6fcda14c57e2a6d9609db3a9aa00143b8af3edab6bf033322062bd1,data/raw/teacher/train/images_train/21700.jpg
21711,0,Men,Women,0.5077054500579834,0.47274690866470337,Men,new_error,True,Watches,Grey,Fossil Men Grey Dial Watch ME1098,product_name,False,False,family_092d6b6c94016087,2bad5c9feecc793be638a557e45c7b17c19fe9c0b4bb922a54cf62ea03175701,data/raw/teacher/train/images_train/21711.jpg
21745,0,Unisex,Men,0.7126676440238953,0.28548842668533325,Men,persistent_error,True,Casual Shoes,Blue,Vans Unisex Classic Slip-On Blue Casual Shoes,product_name,False,False,family_61eae731f0c3dfa5,0d8e74f60ddcb0963b95e4118682af3a102d55ad90fd1b61113d17611f765d4e,data/raw/teacher/train/images_train/21745.jpg
21796,0,Men,Women,0.6863659024238586,0.31164929270744324,Men,new_error,False,Belts,Black,Fossil Men Myles Black Belt,product_name,False,False,family_11fdccb9b15fb77b,23bb66517682c8c562becf770a40a2f7d9df4e493181222b47889c817c0ef1c9,data/raw/teacher/train/images_train/21796.jpg
21848,0,Boys,Men,0.4754001200199127,0.2850123643875122,Boys,new_error,False,Tshirts,White,Chhota Bheem Kids Boys Holi Hai White T-shirt,product_name,False,False,family_8a04588eefa8fdf6,3be9750c08f5a2f00ac29f55d33e4ec1e8691ece65ff7ee96101887e6cfcb3a5,data/raw/teacher/train/images_train/21848.jpg
22092,0,Men,Women,0.9406346678733826,0.04344765096902847,Women,persistent_error,False,Casual Shoes,Black,Numero Uno Men Casual Black Shoes,product_name,False,False,family_5f2cd8222cb59b51,3dea89f97f78a45c39575f5fc81b11a9915e638f2eda1551ffa66748dbd70b9b,data/raw/teacher/train/images_train/22092.jpg
22213,0,Unisex,Men,0.9418665170669556,0.04011136293411255,Men,persistent_error,False,Shoe Accessories,Brown,Timberland Unisex Brown Shoe Laces,product_name,False,False,family_312f8362298a96eb,87e88b3dcc2d54fd3db94cc0a905fb4654862a406ea83fa0636ac7961cf702e2,data/raw/teacher/train/images_train/22213.jpg
22214,0,Unisex,Men,0.5845966339111328,0.3490530550479889,Men,persistent_error,False,Shoe Accessories,Brown,Timberland Unisex Brown Shoe Laces,product_name,False,False,family_312f8362298a96eb,a853432ba8486ff06482934ee239a4421c17616e9b6d904bbc0a7f5404b24396,data/raw/teacher/train/images_train/22214.jpg
22255,0,Women,Men,0.9526444673538208,0.03420070931315422,Men,persistent_error,False,Heels,Green,Inc. 5 Women Casual Green Flats,product_name,False,False,family_18553eb5a3abbde7,53cd52e528e6eeaa46c699b371739c49fecb81003b47385f1acf14b8bdfea6b8,data/raw/teacher/train/images_train/22255.jpg
22524,4,Unisex,Men,0.5503238439559937,0.3649415373802185,Men,persistent_error,True,Sandals,Grey,Crocs Unisex Grey Sandals,product_name,False,False,family_407cf7b85ff647fc,eda86a83adc4ad46650eaffc7b279b3c69dfc036056b8b38930dbcf6ff6ea4b1,data/raw/teacher/train/images_train/22524.jpg
22532,0,Unisex,Men,0.978390097618103,0.006347947288304567,Men,persistent_error,False,Sandals,Brown,Crocs Unisex Basics khaki Slippers,product_name,False,False,family_1b78d53078936b27,c2a07c35fd3e88b44cf584e86942fa2769542117c355e5643d596fdd4be7e33d,data/raw/teacher/train/images_train/22532.jpg
22553,0,Unisex,Men,0.9492796659469604,0.012884741649031639,Men,persistent_error,False,Deodorant,Red,Reebok Unisex Reezoom Deo,product_name,False,False,family_b3533c27a56550ad,e07ad9edd9e8930274215f7a35feb5e4dbb79d2ddd0939cab0841961d5a37b99,data/raw/teacher/train/images_train/22553.jpg
22579,4,Women,Men,0.9854636788368225,0.01223390456289053,Men,persistent_error,False,Sweatshirts,Black,Nike Women Black Sweatshirt,product_name,False,False,family_c4e6702e184d09bc,88a59b6d4a384692231258c8fe730a0ae19f129b2d1998d114c3f58366e72484,data/raw/teacher/train/images_train/22579.jpg
22629,4,Men,Boys,0.503459095954895,0.10988970845937729,Men,new_error,False,Tshirts,Orange,Nike Men Orange T-shirt,product_name,False,False,family_090abb54f91707d9,6a33a900ca99f453952f30f4bce919babce631d1189ead47029d34f8763f0a9d,data/raw/teacher/train/images_train/22629.jpg
22665,4,Unisex,Women,0.6584839820861816,0.3339279294013977,Women,persistent_error,True,Waist Pouch,Green,Wildcraft Unisex Gear for Life Green Waist Bag,product_name,False,False,family_13594300cb05a389,d03b69165f4bc332c5cce0d44d05cc2d20d1db78f47078dcf8fbe77a8a18fb6e,data/raw/teacher/train/images_train/22665.jpg
22670,4,Unisex,Women,0.6862136721611023,0.2428964227437973,Women,persistent_error,False,Waist Pouch,Grey,Wildcraft Unisex Grey & Yellow Waist Pouch,product_name,False,False,family_17b544f672239b4b,2ea24ec852ece23e773f32bbda1f9b6a5a265145ea04f1bef6812794696611a6,data/raw/teacher/train/images_train/22670.jpg
22682,0,Unisex,Women,0.8010679483413696,0.0948772057890892,Women,persistent_error,False,Backpacks,Grey,Wildcraft Unisex Grey Gear for Life Backpack,product_name,False,False,family_6f7244de5849a486,165ff85b8e54f8f87c367ca976a1420b45eb35b594df4a64a5e2f7e3f85f3c76,data/raw/teacher/train/images_train/22682.jpg
22686,0,Unisex,Women,0.698404848575592,0.10683407634496689,Women,persistent_error,False,Wallets,Grey,Wildcraft Unisex Nylon Grey Passport Pouch,product_name,False,False,family_cf7fa6a30f07899e,9b74127e4b9034424bc2b5c043028670a9bd3b2975e68ce89a58c6efe5def9b2,data/raw/teacher/train/images_train/22686.jpg
22731,4,Men,Women,0.5020555853843689,0.48610609769821167,Men,new_error,True,Sports Shoes,Brown,Nike Men Air Max Conquer ACG Brown Sports Boot,product_name,False,False,family_fbce0da92a1f76b3,21efa7e36baaacf8da4381f3a746023bd87ce382f98e217c0125a673983006f6,data/raw/teacher/train/images_train/22731.jpg
22734,0,Women,Men,0.9732321500778198,0.025944439694285393,Men,persistent_error,False,Sports Shoes,Grey,Nike Women Grey Lunarglide +3 Sports Shoes,product_name,False,False,family_68b4480023147be6,d5dc6b0a67dd638fd41fd32a4740e33292bb69ae9feab1d7ee8aef78a6113937,data/raw/teacher/train/images_train/22734.jpg
22914,4,Men,Women,0.794060468673706,0.16453510522842407,Women,persistent_error,False,Sports Shoes,Black,Puma Men Neo Low Black Shoes,product_name,False,False,family_06372c26c61344ab,492f823e62252f62d305ceda90744c69cfe483eba47c76bc2e866fc6a27b434f,data/raw/teacher/train/images_train/22914.jpg
22925,4,Unisex,Men,0.6666139960289001,0.3164602220058441,Men,persistent_error,True,Watches,Black,Fastrack Unisex Black Dial Watch 9912PP05,product_name,False,False,family_3874dea80414ea85,20ffed8d03caec8c2ba103de85566f156a48cec4ab87f02dcad45ad28ed0ae88,data/raw/teacher/train/images_train/22925.jpg
22928,0,Unisex,Men,0.975257933139801,0.015689725056290627,Men,persistent_error,False,Watches,White,Fastrack Unisex White Dial Watch 9912PP09,product_name,False,False,family_bedf60d11707dcd8,3e77f2438c4e3dcc9efa3ae94e71bcaa666189cc5ea0d5bcc3ab31bf49e84f6d,data/raw/teacher/train/images_train/22928.jpg
22931,0,Women,Unisex,0.7951532006263733,0.005654964130371809,Unisex,persistent_error,False,Watches,Grey,Fastrack Women Grey Dial Watch 9912PP12,product_name,False,False,family_748fa11184636bc3,9027b05217181bf79dccb668d964693b554d32a3074266e2146b5953d12ccbec,data/raw/teacher/train/images_train/22931.jpg
22940,0,Unisex,Men,0.8355764150619507,0.021897926926612854,Men,persistent_error,False,Watches,White,Fastrack Unisex White Dial Watch,product_name,False,False,family_73a06af8e8498933,a7928b1fe01089c49c48be90a74cce1ae51dbb95d23fafcb24b90db27589ad29,data/raw/teacher/train/images_train/22940.jpg
22945,0,Unisex,Men,0.6682023406028748,0.29035961627960205,Men,persistent_error,True,Watches,Black,Fastrack Unisex Black Dial Watch 9915PP03,product_name,False,False,family_de296e3ac450065b,f2061a655fe985668e79cd7c20d7c9c0a865bddbcf60486832b0d65a686b0b47,data/raw/teacher/train/images_train/22945.jpg
22975,4,Women,Men,0.9892510771751404,0.005886221770197153,Men,persistent_error,False,Sports Shoes,Black,FILA Women Black Breath Sports Shoe,product_name,False,False,family_57d5ebaddc4c1afa,dc8078a7cec60a85f96e657ecd06cf4a5f593b0ac3dcdbe16ede74c7bb9a3aeb,data/raw/teacher/train/images_train/22975.jpg
22976,0,Women,Men,0.9709269404411316,0.028023388236761093,Men,persistent_error,False,Sports Shoes,Grey,FILA Women Grey Breath Sports Shoe,product_name,False,False,family_fba322a52e29e26e,4db82956ad3762683f9d9d4a4779f7d80ba5f109adff36f5e536dd965cf92ab6,data/raw/teacher/train/images_train/22976.jpg
23124,0,Unisex,Men,0.8711000084877014,0.11190418899059296,Men,persistent_error,False,Flip Flops,Navy Blue,"Converse Unisex Navy Blue Liv, Laugh, Love Flip-flops",product_name,False,False,family_3da7b0d6e3ca9b53,062d79b204c82081f9391c56f254a5f93705381b17fb7d350c79dfd492bdb03a,data/raw/teacher/train/images_train/23124.jpg
23131,0,Boys,Men,0.4754001200199127,0.2850123643875122,Boys,new_error,False,Tshirts,White,Chhota Bheem Kids Boys Holi Hai White T-shirt,product_name,False,False,family_8a04588eefa8fdf6,3be9750c08f5a2f00ac29f55d33e4ec1e8691ece65ff7ee96101887e6cfcb3a5,data/raw/teacher/train/images_train/23131.jpg
23273,0,Women,Men,0.8345720767974854,0.160746231675148,Men,persistent_error,False,Watches,Blue,Maxima Ssteele Women Blue Watch,product_name,False,False,family_69f875f7de2c91fd,8bec39078746a7109edbd5f99d609c5e8e9b2c943c4425fab01ecca70d72b4b9,data/raw/teacher/train/images_train/23273.jpg
23460,0,Men,Women,0.9478800892829895,0.051056209951639175,Women,persistent_error,False,Scarves,Brown,Lino Perros Men Brown Check Scarf,product_name,False,False,family_d9743245e0978938,1b8b838a898ddef7b2bf9499e18808f474531ad79a2a2d1d882db984f84ef070,data/raw/teacher/train/images_train/23460.jpg
23594,0,Men,Women,0.6466072797775269,0.2330087274312973,Women,persistent_error,False,Perfume and Body Mist,Black,Nike Fragrances Men Fission Perfume 100 ml,product_name,False,False,family_70c1d120d7ac4822,79b7391862649e4c71e09cba5dfc4bc259b104934cea29f3ab776b541db93e0f,data/raw/teacher/train/images_train/23594.jpg
23602,0,Men,Women,0.6301308274269104,0.21676196157932281,Women,persistent_error,False,Perfume and Body Mist,Blue,Nike Fragrances Men Pure Perfume,product_name,False,False,family_c5cae39ec45b0058,3a0e242f1b43f34dafab273856c5f20781dd4c13a341b957cf57883d8d909911,data/raw/teacher/train/images_train/23602.jpg
23691,4,Unisex,Women,0.9740043878555298,0.015523098409175873,Women,persistent_error,False,Wallets,Black,Newhide Black Unisex Travel Pouch Passport Holder,product_name,False,False,family_789e440a13a29889,744c488fa3b534e28ed059cdf1029ad4cb7db9315506f723e6a8780cff49eeb2,data/raw/teacher/train/images_train/23691.jpg
23692,4,Unisex,Women,0.9776822924613953,0.021104736253619194,Women,persistent_error,False,Wallets,Black,Newhide Black Unisex Travel Pouch Passport Holder,product_name,False,False,family_789e440a13a29889,81f395e6e7931341a8751d326a779a794d6ec75caf1d6297049cb6a06ea801e0,data/raw/teacher/train/images_train/23692.jpg
23702,4,Men,Women,0.8173908591270447,0.11981913447380066,Women,persistent_error,False,Sunglasses,Orange,Rayban Men Orange New Wayfarer Sunglasses,product_name,False,False,family_386daf6f775b5dcd,ce6faad5a2fe7f517b04b9a5b9e8cf23b8bc60c36762932306f1c05e60352e48,data/raw/teacher/train/images_train/23702.jpg
23729,4,Men,Women,0.4920664429664612,0.1342281848192215,Women,persistent_error,False,Sunglasses,Black,Ray-Ban Men High Street Sunglasses,product_name,False,False,family_3a90302e0a1f86e8,b519fb65b8ab1692f441ccbad1e1996f544cfdf099f10bc7e6bc14025a2de283,data/raw/teacher/train/images_train/23729.jpg
23731,4,Men,Women,0.9887372255325317,0.003991936333477497,Women,persistent_error,False,Sunglasses,Black,Ray-Ban Men High Street Sunglasses,product_name,False,False,family_3a90302e0a1f86e8,4be57fd0f9df7f6c24d7ceb6659f046d756590388f50c3f6aad4ab5c81c4c212,data/raw/teacher/train/images_train/23731.jpg
23740,0,Women,Unisex,0.5367246866226196,0.0627516657114029,Unisex,persistent_error,False,Sunglasses,Purple,Ray-Ban Women Cats Sunglasses,product_name,False,False,family_8519f8d7cbb1a33a,29b2abbe8291997560892e422b5379bc5dcd00bb479fffefdb2d069192987762,data/raw/teacher/train/images_train/23740.jpg
23749,4,Unisex,Men,0.5991435647010803,0.394977867603302,Men,persistent_error,False,Sunglasses,Red,Ray-Ban Unisex Active Lifestyle Sunglasses,product_name,False,False,family_d6f43af6235d70e6,0b584b0af1dccfa8bf633f92fa2fbc03e67282a87f1ffb9655af9e0a9aac5265,data/raw/teacher/train/images_train/23749.jpg
23771,4,Women,Men,0.4989999234676361,0.3641321063041687,Women,new_error,True,Sunglasses,Brown,Oakley Women Brown Forsake Sunglasses,product_name,False,False,family_d2c1dd979bc7fbbb,da5cd74af563fd001fc3079477f4a715f1af55da0ee71e6fdbb45e0ee133ed2c,data/raw/teacher/train/images_train/23771.jpg
23819,4,Unisex,Men,0.6133522987365723,0.3431834876537323,Men,persistent_error,True,Flip Flops,Green,Puma Unisex Wave Green Flip Flops,product_name,False,False,family_fe3731b21e386ac9,20b089b738c7d10aaf44b88f99b8f10fbc9f2ed52627eebfddb4f4d0ddb0c98a,data/raw/teacher/train/images_train/23819.jpg
23830,0,Unisex,Men,0.8850459456443787,0.10121122747659683,Men,persistent_error,False,Flip Flops,Blue,Puma Unisex Dilute Blue Flip Flops,product_name,False,False,family_fa5043751939389d,647790112d409daae5f260bc261c91dd6b2b9315decc6e24f5cad67d7362a0d2,data/raw/teacher/train/images_train/23830.jpg
23900,0,Unisex,Men,0.9962559938430786,0.0026987390592694283,Men,persistent_error,False,Sandals,Black,Fila Unisex Wiser Black Sandals,product_name,False,False,family_0c075f71af4483f3,2daed962bad4d4beebc59c7b4ec7d7b9e26da2306b5fe6fe101cc82f6e8b6cdd,data/raw/teacher/train/images_train/23900.jpg
24113,4,Men,Women,0.5890641212463379,0.3075127899646759,Men,new_error,True,Flip Flops,Green,Playboy Men Green Flip Flops,product_name,False,False,family_2346635cb58fe3dd,bfac6ef05138d3b6f3cd61b966820fda2353469c3782c0688a0f0cdffe8acfcb,data/raw/teacher/train/images_train/24113.jpg
24180,0,Unisex,Men,0.6621072888374329,0.3366463780403137,Men,persistent_error,False,Casual Shoes,Black,Converse Unisex Chuck Taylor All Stars New York Black Casual Shoes,product_name,False,False,family_44719f84a7bcab4b,40ba8d6f7392280980f9f590ab4e56065c4b6ed2166b24049ca776c42f0bbf9f,data/raw/teacher/train/images_train/24180.jpg
24181,4,Unisex,Men,0.8222648501396179,0.16898217797279358,Men,persistent_error,False,Casual Shoes,Black,Converse Unisex Black Casual Shoes,product_name,False,False,family_0816bf440f63522e,211b3cdbbff3b426f26c94d46f4b1b0f2d57ccf75b5592184b2070fa44181e3a,data/raw/teacher/train/images_train/24181.jpg
24183,0,Men,Unisex,0.8209754228591919,0.1762518733739853,Unisex,persistent_error,False,Casual Shoes,Navy Blue,Converse Men Navy Blue Boat Shoes,product_name,False,False,family_c8d0820f781d309c,6878dc2c57015c307427697372c032c466fe4a7c24b0f7cddc87991f4b3f5a31,data/raw/teacher/train/images_train/24183.jpg
24185,4,Unisex,Men,0.877129077911377,0.1218985766172409,Men,persistent_error,False,Casual Shoes,Black,Converse Unisex Contrast Oxford Black Casual Shoes,product_name,False,False,family_6d5cf2cd9d448aac,fa84cddd5737b0e1e23edb54008cf5ab8f554831eb2e724e07be5b74addc4391,data/raw/teacher/train/images_train/24185.jpg
24191,0,Unisex,Men,0.7559000253677368,0.24340035021305084,Men,persistent_error,True,Casual Shoes,Black,Converse Unisex Chuck Taylor All Star Print Black Casual Shoes,product_name,False,False,family_845b26a1f585e6f0,af31b158991d6a40e0203fc003cc3641b9e60a3506393a952143ad5f2957d17d,data/raw/teacher/train/images_train/24191.jpg
24192,0,Unisex,Men,0.8919429779052734,0.10804075747728348,Men,persistent_error,False,Casual Shoes,Purple,Converse Unisex Chuck Taylor All Star Print Purple Casual Shoes,product_name,False,False,family_0b4572aed90e42bd,20269cf5bdac8fa32f19cb4a6536e18d1bab7c3c189c79eaed67a8c73752058f,data/raw/teacher/train/images_train/24192.jpg
24299,4,Unisex,Men,0.9209590554237366,0.07894496619701385,Men,persistent_error,False,Casual Shoes,Grey,Converse Unisex Grey CT Oxford Ox Casual Shoes,product_name,False,False,family_ca7334a4369b482f,8544b09f6a5ede6e586df63f2c4403865ff02bbbf7fcb371571de1de8bb71689,data/raw/teacher/train/images_train/24299.jpg
24304,0,Men,Women,0.6507096290588379,0.33489784598350525,Women,persistent_error,True,Sweatshirts,Black,ADIDAS Men Printed Black Sweatshirt,product_name,False,False,family_b23ba17db8267c85,4a18d8e0ed2bba11ab829895168c317897a9349cb494834f6742bdb5bd9e3137,data/raw/teacher/train/images_train/24304.jpg
24331,0,Women,Men,0.8163436651229858,0.17632275819778442,Women,new_error,True,Track Pants,Grey,ADIDAS Women Grey Track Pants,product_name,False,False,family_af388fe874f2de7f,a4737d8e7eb14f40d56d2bda552ca30dd77f8d8233b9972d4e50c9be512fbc8c,data/raw/teacher/train/images_train/24331.jpg
24456,4,Women,Men,0.9736731648445129,0.02543025277554989,Men,persistent_error,False,Sports Shoes,White,Nike Women Air Max White Sports Shoes,product_name,False,False,family_786b91e6228e112e,59bc93b04084622dac07fca36a85485cd1285f363b439b2015526202d04d6e99,data/raw/teacher/train/images_train/24456.jpg
24607,4,Women,Men,0.6370995044708252,0.3628558814525604,Women,new_error,True,Jeans,Blue,Spykar Women Blue Washed Jeans,product_name,False,False,family_41b2e3b8f0173a5c,67f77b46757b822b71524f833c4b3862242f60f52ab8411fe939baa171757952,data/raw/teacher/train/images_train/24607.jpg
24648,4,Men,Boys,0.508978009223938,0.06947893649339676,Men,new_error,True,Cufflinks,Red,Reid & Taylor Men Bright Assorted Red Cufflinks,product_name,False,False,family_f91234bb86de6372,c7163fb98ae9a23ea9e6dd261121bd25f39e3a0e49096d63ea046103e3fd10cf,data/raw/teacher/train/images_train/24648.jpg
24664,0,Unisex,Men,0.5303868055343628,0.4409668445587158,Men,persistent_error,False,Casual Shoes,Purple,Converse Unisex Sketch Purple Casual Shoes,product_name,False,False,family_3a7e532d8a592b3f,4738610520ccf076e82d55479dd44679279c3814cf32407dddc2e70d37fa11e6,data/raw/teacher/train/images_train/24664.jpg
24669,4,Men,Unisex,0.8673189282417297,0.1298305243253708,Unisex,persistent_error,False,Casual Shoes,Red,Converse Men Red Casual Shoes,product_name,False,False,family_f7647277ee64ae20,3f14ffdd62aaad77afd269b083ce2f25389b8bef18a48a8905290131cc1a7d0f,data/raw/teacher/train/images_train/24669.jpg
24678,4,Women,Men,0.9730010628700256,0.023229103535413742,Men,persistent_error,False,Belts,Black,Fastrack Women Leatherette Black Belt,product_name,False,False,family_0084f0921f224819,d1be541a224f5488bce0b69f95fe3c80691575e85802e178c605af03c71501a7,data/raw/teacher/train/images_train/24678.jpg
24679,4,Women,Men,0.4492937922477722,0.18916964530944824,Women,new_error,False,Belts,Beige,Fastrack Women Leatherette Beige Belt,product_name,False,False,family_7276a480e5c9c360,3d1819ef2f6293056b2e656abee84eed254812b467ea0bbac27661988b16a453,data/raw/teacher/train/images_train/24679.jpg
24702,4,Men,Women,0.8445389866828918,0.10544949769973755,Women,persistent_error,True,Casual Shoes,Green,Puma Men Mid Spill Green Casual Shoes,product_name,False,False,family_9c527d233befbf35,beda56cb4ccea93bcc510455a565ffd52273b4e39a0646fbf90b9e879a711e79,data/raw/teacher/train/images_train/24702.jpg
24703,0,Unisex,Men,0.9840853214263916,0.015502896159887314,Men,persistent_error,False,Sports Sandals,Black,Puma Unisex 4M Blur Black Sports Sandals,product_name,False,False,family_4d11bfa6dfed5cca,e4d0838ee967d29b781b0535cf6f8c5dbf9e9bbba7cdaca2505ef587a318a79e,data/raw/teacher/train/images_train/24703.jpg
24704,4,Men,Unisex,0.8056241273880005,0.1876513808965683,Unisex,persistent_error,False,Flip Flops,Black,Puma Men Black Flip Flops,product_name,False,False,family_c3147d94ae69f94b,512cfd27969474a3468b9ba3ff143dcf9632211474cd3318e1916e0f2e33658a,data/raw/teacher/train/images_train/24704.jpg
24715,0,Men,Unisex,0.6215991973876953,0.3645693361759186,Men,new_error,True,Flip Flops,Navy Blue,Puma Men Alizona Navy Blue Flip Flops,product_name,False,False,family_77b460db5391ed74,440356a745065d9ce61eb4b256da385053fa212321c706b549cebe2200555239,data/raw/teacher/train/images_train/24715.jpg
24725,4,Unisex,Women,0.9838924407958984,0.01204118225723505,Women,persistent_error,False,Backpacks,Purple,United Colors of Benetton Unisex Purple Backpack,product_name,False,False,family_468eee99402156b2,cd2450ad53e92ab3eebb090e45295a3bb54c0bc3eaab5e789dd11f4aa887f469,data/raw/teacher/train/images_train/24725.jpg
24834,0,Unisex,Women,0.72641921043396,0.21449406445026398,Women,persistent_error,False,Travel Accessory,Black,Wildcraft Unisex Black Travel Pouch,product_name,False,False,family_1c7d84d11f6257a1,e52299cf19c37821aef00b197af63a159c67d799a18ff7abf51ca28506c78388,data/raw/teacher/train/images_train/24834.jpg
24986,4,Girls,Boys,0.8743535280227661,0.10733597725629807,Boys,persistent_error,False,Tops,White,United Colors of Benetton Kids Girls White Top,product_name,False,False,family_fc23aad9ff8c9e57,3dece7ce63a43d995a2433bdb07c59d3c7104160fd35a866792b836d3c3daa30,data/raw/teacher/train/images_train/24986.jpg
25013,0,Unisex,Women,0.723635733127594,0.2756198048591614,Women,persistent_error,False,Handbags,Maroon,United Colors of Benetton Unisex Maroon Casual Handbags,product_name,False,False,family_f54c2c22ba33b2ec,3a0ae7fdae67466113933697a23bfab1a5691a4aa8c446f30b48f72a48235118,data/raw/teacher/train/images_train/25013.jpg
25217,0,Women,Unisex,0.7511350512504578,0.24733313918113708,Women,new_error,True,Handbags,Pink,Lino Perros Women Pink Handbag,product_name,False,False,family_18b4271c13619fbb,4bea75553ee7fd9d7d44c37aaa47a027d6061e6ba7aa78395ae6b3449956c670,data/raw/teacher/train/images_train/25217.jpg
25301,0,Women,Men,0.9049810767173767,0.0522560179233551,Men,persistent_error,False,Wallets,Brown,Lino Perros Women Leather Brown Wallet,product_name,False,False,family_a89281f367389356,b342a14de3d11ec85bf9eb2ddcbbd95a63f2e6f35354673c797b2ce7b690d90c,data/raw/teacher/train/images_train/25301.jpg
25305,0,Women,Men,0.8579868674278259,0.08060159534215927,Men,persistent_error,False,Wallets,Brown,Lino Perros Women Leather Brown Wallet,product_name,False,False,family_a89281f367389356,5457c8dd8a299bf038dfca1d8e36efe66fcf7a33c76a3f48acdd4dc03ce9a19a,data/raw/teacher/train/images_train/25305.jpg
25307,4,Women,Men,0.46691563725471497,0.34837815165519714,Men,persistent_error,True,Wallets,Brown,Lino Perros Women Leatherette Brown Wallet,product_name,False,False,family_ca34a6b83d07aae5,1191adc13d73c8dbb9f9484f1e5fca0d4a2cdead5899f6c03c869f3f3cb40637,data/raw/teacher/train/images_train/25307.jpg
25309,4,Women,Men,0.5476914644241333,0.44400787353515625,Men,persistent_error,False,Watches,Pink,CASIO Women Pink Dial Analogue Watch A534,product_name,False,False,family_5e7b4a12bb3c94b2,61b9705a7b97a7477d5128e3654a6d439b8f18f1ba11e7dae22cf076b4aa3d5e,data/raw/teacher/train/images_train/25309.jpg
25327,0,Men,Women,0.9418734908103943,0.05655677989125252,Women,persistent_error,True,Watches,White,CASIO Edifice Men White Dial Watch ED424,product_name,False,False,family_ced460717fafef05,861a8539d48a0c72384cfdca6f50d4aa44e158812fff19f8d0efcdd2ddbc9096,data/raw/teacher/train/images_train/25327.jpg
25335,4,Women,Men,0.6450706720352173,0.3518068790435791,Women,new_error,True,Watches,Black,Casio Sheen Women Silver Analogue Watches (SH167) SHN-3017D-1ADR,product_name,False,False,family_1f0282c2273dac1a,bd1053b994e0a0f7fbd1322f2105ac02ba9d2aa0ade0ee2ad2ed9c26f9ba36d6,data/raw/teacher/train/images_train/25335.jpg
25401,4,Men,Women,0.960054337978363,0.013702427968382835,Women,persistent_error,False,Mufflers,Red,Nike Men Red & Blue FCB Muffler,product_name,False,False,family_18fd5df471982997,31eea1fa405714322c561bcb29930d8c8a6e8b3454cf532b43a3c9ca629bf007,data/raw/teacher/train/images_train/25401.jpg
25402,0,Men,Women,0.5504801273345947,0.025678331032395363,Women,persistent_error,False,Mufflers,Red,Nike Men Striped Manchester United Red Scarf,product_name,False,False,family_c5c592891b02516b,552bf80bd79189ff5b4ae05960b313032d762c9cda8914e7fc97e3431df41ed6,data/raw/teacher/train/images_train/25402.jpg
25403,0,Unisex,Men,0.8809602856636047,0.11873158067464828,Men,persistent_error,False,Casual Shoes,Brown,Converse Unisex Brown Big Checks  Casual Shoes,product_name,False,False,family_6264314ede3d8af5,4d9ed53d67a890c7090fb489969f6fa86e9f10a0b2236e98df617842ce987b9a,data/raw/teacher/train/images_train/25403.jpg
25404,0,Women,Unisex,0.5122723579406738,0.00034656873322091997,Men,persistent_error,False,Casual Shoes,Red,Converse Women Red Big Checks Shoes,product_name,False,False,family_e4e8aafe419a3097,c5e26053ba78cf096360d7849562a615f4ec82ef721b54ef6c66963c0f24abdc,data/raw/teacher/train/images_train/25404.jpg
25430,4,Men,Women,0.9437881708145142,0.04580710828304291,Women,persistent_error,False,Belts,Beige,Lee Men Canvas Beige Belt,product_name,False,False,family_266d8edcd2b5a3b1,c63429e0caf35ecfcfc63fa9abddb4624ec8d1f57f5ef0c102855c768da10168,data/raw/teacher/train/images_train/25430.jpg
25481,0,Unisex,Men,0.9912887811660767,0.007545704022049904,Men,persistent_error,False,Flip Flops,Black,Nike Unisex Solarsoft Thong Black Flip Flops,product_name,False,False,family_6a181a31886db948,1c19d5a6fb8b6c115170f03a495699f12727a3abe00858b3d2ad0bbcbfc27b4a,data/raw/teacher/train/images_train/25481.jpg
25483,0,Unisex,Men,0.8972812294960022,0.09571035951375961,Men,persistent_error,False,Flip Flops,Orange,Nike Unisex Solarsoft Thong Orange Flip Flops,product_name,False,False,family_2165b605291656c0,b8ee051facaece5e219e510a4f40083d4c8f8f1cdc3554848a658a809c23be45,data/raw/teacher/train/images_train/25483.jpg
25490,4,Women,Men,0.9730129241943359,0.0053587183356285095,Men,persistent_error,False,Casual Shoes,White,Nike Women Sweet Classic Leather White Shoes,product_name,False,False,family_e4ea09665906f5e1,18a52ff712d802ab7e8fe321fa0125ea98d6061809b49075eac1da80d1d38e65,data/raw/teacher/train/images_train/25490.jpg
25497,0,Women,Men,0.8496471643447876,0.039996590465307236,Men,persistent_error,False,Flip Flops,Purple,Nike Women Aquahype Purple Flip Flops,product_name,False,False,family_6f38416b1b187d69,28b58cbfccb15dc0fa54de38c7ae0fe858e79c8b747d85bd548e9c5447931c60,data/raw/teacher/train/images_train/25497.jpg
25520,0,Girls,Boys,0.7691064476966858,0.20339377224445343,Girls,new_error,False,Tops,White,Doodle Kids Girls City Chic White Top,product_name,False,False,family_781f763079db4b39,681de1b2dd078148bbcb6bd0a7c4b7c5fa86ee47cdbb0a7eff8ef5a072151c51,data/raw/teacher/train/images_train/25520.jpg
25613,4,Women,Men,0.8293073177337646,0.16048960387706757,Men,persistent_error,False,Watches,Maroon,Fastrack Women Maroon Dial Watch,product_name,False,False,family_c8c1a776300f2553,44deadff323d8e1a1cfb0c78baeba2ed6f4fcfafc43347f73b451ed061c5f363,data/raw/teacher/train/images_train/25613.jpg
25646,0,Unisex,Men,0.9848306179046631,0.0085472222417593,Men,persistent_error,False,Watches,White,Fastrack Unisex White Casual Watch,product_name,False,False,family_cf937d9b062d44a2,29ad2d62b9c25e2ab34ef65b28d05968e4d4627533898c1d1f90abe11773510c,data/raw/teacher/train/images_train/25646.jpg
25674,0,Women,Men,0.5525984764099121,0.4144958257675171,Men,persistent_error,True,Watches,Silver,Fastrack Women Silver Dial Watch NA6004SL01,product_name,False,False,family_554f2d8ae7fef2fd,e13c26eeead50d290c9dd3b5841efb60c8c5d66d6f25d81e91c963ebd1846f7a,data/raw/teacher/train/images_train/25674.jpg
25869,4,Unisex,Women,0.5498243570327759,0.4005734622478485,Women,persistent_error,False,Backpacks,Red,American Tourister Unisex Red & Black Backpack,product_name,False,False,family_c59b5cfe5aa2bef4,7e9bd45d18c3e5c32874b2a8ee057459249e7b8245187b8612628ca2c5386cfe,data/raw/teacher/train/images_train/25869.jpg
25982,4,Women,Men,0.6197593212127686,0.3260329067707062,Men,persistent_error,False,Perfume and Body Mist,White,J. DEL POZO Women In White Perfume 100 ml,product_name,False,False,family_17248b3cb1d289c9,eca977f2a1d798f3d5c2a19489928360409761f6a4ca46e4086155d7351eb472,data/raw/teacher/train/images_train/25982.jpg
25984,4,Women,Men,0.8762155175209045,0.12238019704818726,Men,persistent_error,False,Deodorant,Purple,J.Del Pozo Halloween Women Deo,product_name,False,False,family_e820ed38e9642fe6,0583d026a5710a7b357aa373d310a9a1bee90568506dfdf48bbf04fb4407f972,data/raw/teacher/train/images_train/25984.jpg
26000,0,Men,Women,0.8265409469604492,0.1641133725643158,Women,persistent_error,False,Perfume and Body Mist,Black,Paris Hilton Just Me Men Perfume,product_name,False,False,family_890fd025edbcc524,684d7c995cbcc42afd0b9646135092b18e265c06f4964ed6a835f1742908d6a1,data/raw/teacher/train/images_train/26000.jpg
26454,4,Women,Men,0.7223988771438599,0.24469245970249176,Men,persistent_error,False,Casual Shoes,White,Puma Women Wirko White Casual Shoes,product_name,False,False,family_0f74400c5533c22a,a9e055bf583ee66f428805ff702944d81feeaf302bfac43a00f190fb02a89b14,data/raw/teacher/train/images_train/26454.jpg
26605,0,Women,Men,0.9937035441398621,0.0011805355316028,Men,persistent_error,False,Sports Shoes,Black,Puma Women Bodytrain Black Sports Shoes,product_name,False,False,family_b2b0974ee9d0ea1f,6e73ddfda18b82dc5638de25841c0f82f8021079868754266fc4da345a7b41e6,data/raw/teacher/train/images_train/26605.jpg
26623,4,Women,Men,0.6792300939559937,0.30305489897727966,Women,new_error,True,Sports Shoes,Black,Puma Women BodyTrain Mesh Grid Black Sports Shoes,product_name,False,False,family_eeb5d2235bb2db0c,e2b2ed1b8b6c80995e1489cd6c43b21c8f8e8d59493eaa1d7023cfcae1c466da,data/raw/teacher/train/images_train/26623.jpg
26629,0,Unisex,Women,0.49192994832992554,0.4810067415237427,Women,persistent_error,True,Casual Shoes,Black,Puma Kids Unisex Future Cat M2 Black Casual Shoes,product_name,False,False,family_236a9bec7f8edb54,869e07990ab6925a3c0f6cafb8ec21d0a1b8190771faaf1791b3ae663c825d4f,data/raw/teacher/train/images_train/26629.jpg
26656,4,Women,Men,0.9073602557182312,0.07818963378667831,Men,persistent_error,True,Casual Shoes,Black,Puma Women Maya Shimmer Black Sports Shoes,product_name,False,False,family_99c7f2908e34718a,1bea029ec2a3386b458e9851c6f29939511b01f8d6365ed02a37da1506ff3d7a,data/raw/teacher/train/images_train/26656.jpg
26675,4,Women,Men,0.6460690498352051,0.002035577083006501,Men,persistent_error,False,Flip Flops,Black,Puma Women Stawberry Black Flip Flops,product_name,False,False,family_939eff851a376dca,c40986ecc20058882ec6e071c24f8c009eaae60c32f0737ff86f583cc3809a19,data/raw/teacher/train/images_train/26675.jpg
26731,0,Men,Women,0.99014812707901,0.0081425029784441,Women,persistent_error,False,Deodorant,White,Reebok Men Force India Deo,product_name,False,False,family_8be7e3d6e17f08f2,4ea9ad27044b7c5de0fbb43ce8e576c31796a20e5a92b687923573f4e8303220,data/raw/teacher/train/images_train/26731.jpg
26852,0,Women,Men,0.6287240982055664,0.3504911959171295,Men,persistent_error,False,Perfume and Body Mist,Cream,Calvin Klein Women Eternity Perfume,product_name,False,False,family_2c15119f59663c99,3f773374ae0d53b7359ac904872078f7b5ee208c4cfef638d6eecf64dd6b8419,data/raw/teacher/train/images_train/26852.jpg
26854,0,Men,Women,0.5351638793945312,0.3928467929363251,Women,persistent_error,True,Perfume and Body Mist,Brown,Calvin Klein Men Euphoria Perfume,product_name,False,False,family_8037cc27ed4386ef,3c5c6496a5c589343d1aa6f01d1d3832a41695829388407b8fefae355a8f9126,data/raw/teacher/train/images_train/26854.jpg
27197,0,Girls,Women,0.5673537850379944,0.15362077951431274,Women,persistent_error,False,Dresses,Pink,Doodle Kids Girl Pink Dress,product_name,True,False,family_6d875394197bd4ff,29f107aac8886070c87359a50db7e64999570841e463b426fbe7481cd83f4056,data/raw/teacher/train/images_train/27197.jpg
27198,4,Girls,Unisex,0.2913859188556671,0.2848843038082123,Unisex,persistent_error,False,Dresses,Blue,Doodle Kids Girl Printed Blue Dress,product_name,True,False,family_e4ecb6a7abf36461,8da1add3564bfc15680015fa66260bcd7e8837c313d847192dbe8f0aa785fb68,data/raw/teacher/train/images_train/27198.jpg
27199,0,Girls,Men,0.5537716746330261,0.034712061285972595,Men,persistent_error,False,Skirts,Grey,Doodle Kids Girl Printed Grey Skirt,product_name,True,False,family_98d546384783ac26,da571850cd6f01ab28290a3a1fe016898fe1d6446c0ee920e176e73d68f2fc37,data/raw/teacher/train/images_train/27199.jpg
27204,0,Boys,Girls,0.5619490742683411,0.43475252389907837,Boys,new_error,False,Jeans,Blue,Doodle Kids Boy Washed Blue Jeans,product_name,True,False,family_f5a6c78b8ba98620,b2043640cc7a2c9d65102a7146806177b9ce4adf44e7da4ec2c417a6be18d438,data/raw/teacher/train/images_train/27204.jpg
27214,0,Boys,Girls,0.7855757474899292,0.21006861329078674,Girls,persistent_error,False,Shorts,Brown,Doodle Kids Boy  Brown Shorts,product_name,True,False,family_68ab50c1cdd0e2a5,e619a10af27c004fa4a90f817cdba97f585e523a50fd168aa759111cca92336d,data/raw/teacher/train/images_train/27214.jpg
27216,0,Boys,Girls,0.7556867599487305,0.2387099713087082,Girls,persistent_error,False,Shorts,Navy Blue,Doodle Kids Boy  Navy Blue Shorts,product_name,True,False,family_ece1536e0512e4d7,806c635c9d6c37c80e1e0341e0f532eba62cda680c9168241c7639bd234330d1,data/raw/teacher/train/images_train/27216.jpg
27326,4,Men,Women,0.5549449324607849,0.08424554765224457,Unisex,persistent_error,False,Deodorant,Orange,Jovan Men Musk Deo,product_name,False,False,family_7a700e86849135c6,4d6034ffd10da84f7f3f3b270f0b3d6628a384fc6bc23afc942b0cbd809db651,data/raw/teacher/train/images_train/27326.jpg
27339,0,Men,Women,0.9090927839279175,0.08509717136621475,Women,persistent_error,False,Deodorant,Grey,Pierre Cardin Men Emotion Deo,product_name,False,False,family_88be7f07e80b0ac5,24d78dcaaef34a44dead6bf66a3cfc51876d65908e2faf33f567a287ce0a13f8,data/raw/teacher/train/images_train/27339.jpg
27382,0,Women,Men,0.6748495697975159,0.31275808811187744,Women,new_error,False,Deodorant,Black,Jovan Women Musk Deo,product_name,False,False,family_a92b8689e9706b59,5acf571c4ce3b4a1f95b07c11c96ae7c740b2bffdab9a945c247336726650ece,data/raw/teacher/train/images_train/27382.jpg
27492,4,Women,Men,0.8146737813949585,0.18268482387065887,Men,persistent_error,False,Briefs,Burgundy,Jockey Women Burgundy Briefs,product_name,False,False,family_b0972eb8360d479c,1f6ab5a0c0c40f8f7bee8d5bcd721dedee6dc8e27053bc700f76aa69122d46f3,data/raw/teacher/train/images_train/27492.jpg
27494,0,Women,Men,0.8204294443130493,0.14340141415596008,Men,persistent_error,False,Briefs,Red,Jockey Women Red Brief,product_name,False,False,family_152419790d4ee081,1c31efd3326d96bc248492bd1d6b46d8f33cfabd70819e10285d23d6a2c057b4,data/raw/teacher/train/images_train/27494.jpg
27495,0,Women,Men,0.6752123236656189,0.3017558157444,Women,new_error,False,Briefs,White,Jockey Women White Briefs,product_name,False,False,family_d92bc431b17d014f,744a143ffec2ccf13fb076c06a0c8e53888f2ff841e982f972a6f57958624c59,data/raw/teacher/train/images_train/27495.jpg
27666,4,Women,Unisex,0.5798596739768982,0.31600669026374817,Women,new_error,True,Handbags,Black,Murcia Women Black & White Bag,product_name,False,False,family_c6fa21d5f2aa5b54,031422fcfc3f2d97230f3b4abfc75ccbf0b156a3b7f24208c97c4ac2b385a355,data/raw/teacher/train/images_train/27666.jpg
27966,4,Men,Women,0.4147661030292511,0.3180575668811798,Women,persistent_error,False,Innerwear Vests,White,Jockey Men White Muscle Innerwear Vest,product_name,False,False,family_68aac0bbe3d36ee4,730be8c3f4cfed9a0946038d60d89f57b988d1fd442965741db08091155fb231,data/raw/teacher/train/images_train/27966.jpg
28144,4,Men,Girls,0.4762321412563324,0.055576033890247345,Women,persistent_error,False,Lounge Shorts,White,Jockey SPORT Men White Shorts 9411,product_name,False,False,family_1b1d19c969419a21,d206dc467dd159640f2c4de2ea14eba3bff0c5c779a637efc113d7909dd77711,data/raw/teacher/train/images_train/28144.jpg
28147,4,Men,Girls,0.5421517491340637,0.17501556873321533,Women,persistent_error,True,Innerwear Vests,White,Jockey 24 x 7 Men White Innerwear Vest 9922,product_name,False,False,family_fbb9fae733c0cedf,40a03120c14104cb141b868e33dd9b1a84810ff2dca129ba261426c34aec2ff3,data/raw/teacher/train/images_train/28147.jpg
28255,0,Men,Women,0.5572254061698914,0.42695754766464233,Women,persistent_error,False,Deodorant,Navy Blue,Fogg Men Royal Deo,product_name,False,False,family_5609d92c03098995,75bd14f02c6c81f47b033c6c17ef9e8179c6fbf82350d7898251cc8f9ea6dc07,data/raw/teacher/train/images_train/28255.jpg
28258,4,Men,Women,0.7139703631401062,0.2629827558994293,Women,persistent_error,False,Deodorant,Red,Fogg Men Napoleon Deo,product_name,False,False,family_ee1f3d8b7263d300,73683197f54f1690c2b92aa9a2759bbffb9e12e29c84f7797b6605a1918c1206,data/raw/teacher/train/images_train/28258.jpg
28378,4,Men,Unisex,0.40013429522514343,0.381244421005249,Men,new_error,True,Sunglasses,Black,Idee Men Black Sunglasses,product_name,False,False,family_36ec384b5bc05ac4,a8ee76939d0c6ca16269383bc8b3093743624e53c28f7abecab2970cb4fa1363,data/raw/teacher/train/images_train/28378.jpg
28426,4,Men,Women,0.5282924771308899,0.44313591718673706,Women,persistent_error,True,Sunglasses,White,Idee Men White Sunglasses,product_name,False,False,family_d2eff8fea8b2e78e,1a74ba68329906abdbd45923e94b3d24c5953aebaab98bab590f13f7e947949b,data/raw/teacher/train/images_train/28426.jpg
28433,4,Women,Men,0.5838739275932312,0.40358996391296387,Men,persistent_error,False,Watches,Beige,DKNY Women Beige Dial Watch NY8308,product_name,False,False,family_205612f38a476f18,ff17979747711a9e59a5e1f3059339478eb031cf0c916333aea7d5e7951ab434,data/raw/teacher/train/images_train/28433.jpg
28439,4,Women,Men,0.8731493949890137,0.1263929307460785,Women,new_error,True,Watches,White,DKNY Women White Dial Chronograph Watch NY4331,product_name,False,False,family_7e9873e724afa194,110de06ea8bde7a4d4afb8655ec4085c9b2a2bd179abcb1b3a86bec3fea87921,data/raw/teacher/train/images_train/28439.jpg
28515,0,Men,Women,0.5546393394470215,0.34021511673927307,Women,persistent_error,True,Shorts,White,Nike Men Woven White Shorts,product_name,False,False,family_e591fcb1fb3c1223,c90cd5ec071859aa4a7bc667b8ed95a784fe400d92f6c5c52ff72ad1a9d89ee5,data/raw/teacher/train/images_train/28515.jpg
28576,0,Men,Unisex,0.7306081652641296,0.06751363724470139,Unisex,persistent_error,False,Watches,Green,ADIDAS Originals Men Green Dial Chronograph Watch ADH2619,product_name,False,False,family_83b6cb77a84da508,4d22e036e94c5bf91631981da4cb1ac8542217e54f29c2e11800001a9de16012,data/raw/teacher/train/images_train/28576.jpg
28579,4,Men,Unisex,0.8457826972007751,0.1480739861726761,Unisex,persistent_error,False,Watches,Black,ADIDAS Originals Men Black Dial Watch ADH2644,product_name,False,False,family_2ed5aeefcf66b880,de44b116cc159543010c4930da861294438b6591d3fc0ea1ce4f1a9591c46fed,data/raw/teacher/train/images_train/28579.jpg
28609,0,Men,Unisex,0.5563123822212219,0.4397289454936981,Unisex,persistent_error,True,Caps,Grey,Nike Men Classic Swoosh Grey Cap,product_name,False,False,family_a67f4800901761dd,779da99c37ff7715b7128e091b2845dbdb068dceda0dabf5dca96584091f9e42,data/raw/teacher/train/images_train/28609.jpg
28630,4,Men,Girls,0.6315485239028931,0.16968822479248047,Girls,persistent_error,False,Track Pants,Grey,Nike Men Pintuck Grey Track Pants,product_name,False,False,family_72395473ee796ea8,bc1135a1a7e2929c498bb1d6237cd249230a17b2e8fce6c5dea1ee1e6cebee90,data/raw/teacher/train/images_train/28630.jpg
28631,4,Men,Girls,0.7465388178825378,0.036652110517024994,Girls,persistent_error,False,Track Pants,Navy Blue,Nike Men Pintuck Navy Blue Track Pants,product_name,False,False,family_98d380ee19a7e7f7,1917d24575e2cd6c3907ef79eeca4ab1bb8209c626536f407543ba75134281b7,data/raw/teacher/train/images_train/28631.jpg
28658,0,Women,Men,0.9174653887748718,0.00754890451207757,Men,persistent_error,False,Casual Shoes,Black,Nike Women Alphaballer  Black Casual Shoes,product_name,False,False,family_c9ec861e1c87f5ea,f31ceb2980b76f3c748e03f17fb23b83106d23bd623d56972ce86d84b6c4b927,data/raw/teacher/train/images_train/28658.jpg
28922,0,Men,Unisex,0.9055899381637573,0.041329242289066315,Unisex,persistent_error,False,Backpacks,Black,Cabarelli Men Black Backpack,product_name,False,False,family_87aa6c1b2f4d7207,c99923f35663e5921c6b7dc311ae604b1e3983312064324eabb97e0609d86bd9,data/raw/teacher/train/images_train/28922.jpg
28923,0,Men,Unisex,0.8551413416862488,0.08458390086889267,Unisex,persistent_error,False,Backpacks,Black,Cabarelli Men Black Backpack,product_name,False,False,family_87aa6c1b2f4d7207,f4814ce2e53196608f028398113817ca886f15756599d610c5867e67c888263b,data/raw/teacher/train/images_train/28923.jpg
29002,0,Men,Unisex,0.9589018821716309,0.03912170231342316,Unisex,persistent_error,False,Backpacks,Black,Cabarelli Men Black Backpack,product_name,False,False,family_87aa6c1b2f4d7207,1a8ac5168ed487f529175c5851e22e2ec3c0422602ce58faa846e1370e557d27,data/raw/teacher/train/images_train/29002.jpg
29003,0,Men,Unisex,0.9652166366577148,0.028172872960567474,Unisex,persistent_error,False,Backpacks,Black,Cabarelli Men Black Backpack,product_name,False,False,family_87aa6c1b2f4d7207,8950f78421cf7a72050d6b3ccc5204f674c95746553c55bec9bddb031ebcebdc,data/raw/teacher/train/images_train/29003.jpg
29004,0,Men,Unisex,0.9424453377723694,0.04409680515527725,Unisex,persistent_error,False,Backpacks,Black,Cabarelli Men Black Backpack,product_name,False,False,family_87aa6c1b2f4d7207,ed77d1edfc621fc2b7b6a9a624f749cc13279c738399176aaf813bfd95acfbe8,data/raw/teacher/train/images_train/29004.jpg
29006,0,Men,Unisex,0.9645602703094482,0.03052777424454689,Unisex,persistent_error,False,Backpacks,Black,Cabarelli Men Black Backpack,product_name,False,False,family_87aa6c1b2f4d7207,70b8ceb96d75922567941e3a828078e174a3b59b0896168c1f1a79bb06063a74,data/raw/teacher/train/images_train/29006.jpg
29007,0,Men,Unisex,0.9480655193328857,0.050893381237983704,Unisex,persistent_error,False,Backpacks,Black,Cabarelli Men Black Backpack,product_name,False,False,family_87aa6c1b2f4d7207,2b96356cb936fe03f8ca25fc6958c74bb9e74a8b893b4de17c4d801daedc51cd,data/raw/teacher/train/images_train/29007.jpg
29064,4,Men,Unisex,0.6190789341926575,0.011454317718744278,Unisex,persistent_error,False,Backpacks,Black,Fastrack Men Black Backpack,product_name,False,False,family_e90b6dde789edaa9,35137836a52936ec99539c13e28e24d314f7d708008930d9da22322379dd5a39,data/raw/teacher/train/images_train/29064.jpg
29072,4,Men,Unisex,0.9847481846809387,0.013461214490234852,Unisex,persistent_error,False,Backpacks,Blue,Fastrack Men Blue Backpack,product_name,False,False,family_f4f128d7da451760,942c29cede9767d95c9a288d592b77ae70105180c701a7e29e6b0d1241147cbc,data/raw/teacher/train/images_train/29072.jpg
29073,4,Men,Unisex,0.9791225790977478,0.017680279910564423,Unisex,persistent_error,False,Backpacks,Blue,Fastrack Men Blue Backpack,product_name,False,False,family_f4f128d7da451760,70b553e42ac11e6c3b61012cb2b6419e2dcc91ae9d980ea7b29d7cb266df287a,data/raw/teacher/train/images_train/29073.jpg
29074,4,Men,Unisex,0.8513907194137573,0.14786621928215027,Unisex,persistent_error,False,Backpacks,Grey,Fastrack Men Casual Grey Backpack,product_name,False,False,family_ef6d1eae7d367c0d,3737a1a4f44bc00535f4c3328e45757f9cf4fffd90d57e7d26fd394ca8c590a8,data/raw/teacher/train/images_train/29074.jpg
29075,4,Men,Unisex,0.9155134558677673,0.08149771392345428,Unisex,persistent_error,False,Backpacks,Black,Fastrack Men Black Backpack,product_name,False,False,family_e90b6dde789edaa9,b721ecc838eb1dce8dddd239513d6fc99bebcbc9d504bca0a2f84248ee546e5e,data/raw/teacher/train/images_train/29075.jpg
29107,0,Unisex,Men,0.692149817943573,0.2507564425468445,Men,persistent_error,False,Caps,Grey,Puma Unisex Heather Grey Cap,product_name,False,False,family_8422ae9c93dc72b3,081282671f3579af76cf1d470c1fb928f9dc6a1259e00991d6130f8589876395,data/raw/teacher/train/images_train/29107.jpg
29118,0,Unisex,Men,0.874566376209259,0.041096948087215424,Men,persistent_error,False,Socks,White,Puma Kids Singlet Quarter White Socks,original_no_cue,False,False,family_9ee869b40aa8b7be,1ca23664eb95880d06d13b5ba7fdddcdd2671717de7c928d57d1a87efaae9043,data/raw/teacher/train/images_train/29118.jpg
29119,0,Unisex,Men,0.911457359790802,0.059580959379673004,Men,persistent_error,False,Socks,Black,Puma Kids Unisex Pack of 3 Black Socks,product_name,False,False,family_49b494912467772b,f227cc92416b2341c606f1ffea6fbb12e4cea0656902c3ca35757cb15320f89d,data/raw/teacher/train/images_train/29119.jpg
29172,0,Girls,Boys,0.6428122520446777,0.32041752338409424,Boys,persistent_error,False,Skirts,Pink,United Colors of Benetton Kids Girls Printed Pink Skirt,product_name,False,False,family_0327d5e69f5556cf,6fce062a48be77f6caf012b2d181baef601405cf3243b61c5e1bea7abe40a24c,data/raw/teacher/train/images_train/29172.jpg
29177,4,Boys,Men,0.9918811917304993,0.002465201774612069,Men,persistent_error,False,Shorts,Blue,United Colors of Benetton Boys Blue Shorts,product_name,False,False,family_c040a4523ace9008,301409766ea39c3f1aefb81eeeb2810a37eb345566e9a5adac2b71cc89e7e77d,data/raw/teacher/train/images_train/29177.jpg
29206,4,Men,Women,0.6261719465255737,0.34990543127059937,Women,persistent_error,True,Socks,Black,Fila Men Black And Grey Socks,product_name,False,False,family_9bbe997bfd8f696d,ed02c08b8ab0c7deb2e495497a417566f58745cadf35f6b202868af6c7b34ac4,data/raw/teacher/train/images_train/29206.jpg
29220,4,Men,Women,0.5716780424118042,0.3958004117012024,Men,new_error,True,Socks,White,FILA Men Pack of 2 Socks,product_name,False,False,family_f362c2d47c1318ec,c133b77fd353fbad1578880149566ef694f7b412a4b56c1aae826e0db4fb1dec,data/raw/teacher/train/images_train/29220.jpg
29411,0,Men,Women,0.6081264615058899,0.38906148076057434,Men,new_error,True,Watches,White,Giordano Men White Dial Watch,product_name,False,False,family_5fea7bd79a607bb1,157326311b04cfbc42f1a4be1e36b4a2abff692560aac5a6170de54089f72680,data/raw/teacher/train/images_train/29411.jpg
29413,0,Men,Women,0.7239316701889038,0.2701253890991211,Women,persistent_error,True,Watches,Silver,Giordano Men Silver Dial Watch,product_name,False,False,family_63f72ca70e452ed3,1b17fe0eb8274e503e28bcb778e86db9748f918cb64fa9a55acd785f3461957e,data/raw/teacher/train/images_train/29413.jpg
29414,0,Men,Women,0.5220927596092224,0.4620601534843445,Men,new_error,True,Watches,White,Giordano Men White Dial Watch,product_name,False,False,family_5fea7bd79a607bb1,75461478158cb102d7ff53a81ae5f21eebf4cd260566914616af83d70aa95d23,data/raw/teacher/train/images_train/29414.jpg
29456,0,Men,Women,0.5709224343299866,0.3958508372306824,Women,persistent_error,False,Watches,White,Giordano Men White Dial Watch,product_name,False,False,family_5fea7bd79a607bb1,1982e02f14b5284c82d6d4752a6d8284fc361ae007d922e280c66537735eff5d,data/raw/teacher/train/images_train/29456.jpg
29494,0,Women,Men,0.931164026260376,0.06255708634853363,Men,persistent_error,False,Watches,Black,Giordano Women Chronograph Black Dial Watch,product_name,False,False,family_86342d81ae493483,80a409d262ffde088826229a9a983b77b06cfb7f0b4db5177fb324181ca873dc,data/raw/teacher/train/images_train/29494.jpg
29507,0,Women,Men,0.6018797159194946,0.37512823939323425,Men,persistent_error,False,Watches,Blue,Giordano Women Blue Dial Watch,product_name,False,False,family_65ff8838d907bfae,500d7ae0e1dce268f2d78315f72b78151d44d1111bf42bcd9aab82e0695ea204,data/raw/teacher/train/images_train/29507.jpg
29509,0,Women,Men,0.9610970616340637,0.003617360722273588,Men,persistent_error,False,Watches,Blue,Giordano Women Blue Dial Watch,product_name,False,False,family_65ff8838d907bfae,aa0152f483357a8808a12cc2d35a3bbdca01f2e8f329b88bc0b2b2801161b40c,data/raw/teacher/train/images_train/29509.jpg
29511,0,Women,Men,0.4678795039653778,0.3893958330154419,Women,new_error,True,Watches,Blue,Giordano Women Blue Dial Watch,product_name,False,False,family_65ff8838d907bfae,a6f6ea3f1d1c78f2199f7848bd68ffbdf5be955cbb5bb061f124798a2a5efb8f,data/raw/teacher/train/images_train/29511.jpg
29747,4,Men,Women,0.5251439213752747,0.40414169430732727,Men,new_error,True,Watches,Black,Fossil Men Quartz Black Dial Chronograph Watch FS4648,product_name,False,False,family_5c5a50284a1d0c4e,6490fb4c47fa11693ba793af709aaadc2174b3d94b1b996086c76907d782ad23,data/raw/teacher/train/images_train/29747.jpg
29906,4,Women,Men,0.7183645963668823,0.27100393176078796,Men,persistent_error,False,Watches,Gold,Police Women Gold-Toned Dial Watch PL11916MSG-06B,product_name,False,False,family_98493e8553f86a79,139c9172c15aad6d1a077cdfa027467a53ec50e5eae779385c442ef86508d0cc,data/raw/teacher/train/images_train/29906.jpg
29931,0,Women,Men,0.9641948342323303,0.029235683381557465,Men,persistent_error,False,Watches,White,Police Women White Dial Watch PL12895LS-04M,product_name,False,False,family_6b79358b06544b0b,bc56b87803fe09e5d287a9cf9d44152e722fc8e3df4cc84a00c0e6e93ded560a,data/raw/teacher/train/images_train/29931.jpg
29975,4,Women,Men,0.821110188961029,0.15304434299468994,Men,persistent_error,False,Free Gifts,Black,Aspen Women Black Dial Watch,product_name,False,False,family_dc0916ec0a55b359,02f5fa88f4d005f9959dc1347f754c3ccaa4f364f9bc74794b631dc0d640bd21,data/raw/teacher/train/images_train/29975.jpg
29979,0,Women,Men,0.9364288449287415,0.05402412638068199,Men,persistent_error,False,Watches,White,Aspen Women Mother Of Pearl Dial Watch,product_name,False,False,family_28132e810123b2d1,27fc91189adf09545a6d483914953c9150831dd7b2341107f0d073e8f2867893,data/raw/teacher/train/images_train/29979.jpg
29985,4,Women,Men,0.9706904888153076,0.010179235599935055,Men,persistent_error,False,Free Gifts,Black,Aspen Women Black Dial Watch,product_name,False,False,family_dc0916ec0a55b359,06780a5bfbae0876fc0d79a6658a617781080840b271e99db8a1b9d86e785fbb,data/raw/teacher/train/images_train/29985.jpg
30037,0,Men,Women,0.5161598324775696,0.4421263039112091,Men,new_error,True,Watches,Silver,SKAGEN DENMARK Men Silver-Toned Dial Watch 233LSS,product_name,False,False,family_2d7af2d491812667,96fbc4c5f62278e27bfa3502b6caf3efd23d71a532811b4e3d77e1884a8c8794,data/raw/teacher/train/images_train/30037.jpg
30053,0,Women,Men,0.6672894954681396,0.3173525333404541,Men,persistent_error,False,Watches,Black,Skagen Women Blue Dial Watch,product_name,False,False,family_40bbcc46de0670c7,b3e7a8711cc936435a17b155375fac48b427c259848f9f9a5d48a220290001a4,data/raw/teacher/train/images_train/30053.jpg
30075,0,Women,Men,0.6481257081031799,0.33462217450141907,Men,persistent_error,True,Watches,White,Ed Hardy Women White Dial Watch,product_name,False,False,family_1f527c104d33fb4b,de661c984a3790022e864c2aa27706f7f3b566dd77cc565393c891d8da3075f8,data/raw/teacher/train/images_train/30075.jpg
30076,4,Women,Men,0.9510012269020081,0.04764470458030701,Men,persistent_error,False,Watches,Brown,Ed Hardy Women Brown Dial Watch,product_name,False,False,family_79a2551b2e039920,2a24e332896c127119880f4a72b0d9e2302e83afd66fd56103a41af95656db51,data/raw/teacher/train/images_train/30076.jpg
30147,4,Men,Unisex,0.7724834084510803,0.22392456233501434,Unisex,persistent_error,False,Caps,Grey,Wrangler Men Grey Cap,product_name,False,False,family_2f21537e404f8f60,02a6f629c04b0d797ed2651bbf1f7ff31746b0ba921ca9951029ae1ffe9ec397,data/raw/teacher/train/images_train/30147.jpg
30148,4,Men,Unisex,0.6371439695358276,0.3491421639919281,Unisex,persistent_error,True,Caps,Navy Blue,Wrangler Men Fast Biker Navy Blue Cap,product_name,False,False,family_373a4a16eaf974bd,cc56f5858f66fec6620fc6ebfac6538c07a693615f11eb09e8da8edcaffc5cbc,data/raw/teacher/train/images_train/30148.jpg
30162,0,Women,Men,0.9571511745452881,0.03790166974067688,Men,persistent_error,False,Watches,Black,Esprit Women Black Dial Watch,product_name,False,False,family_c22103c954584ddf,f4b70fb46e256864bd35344a7f009a8e48751aead9e43f5f413e7aa49a42733a,data/raw/teacher/train/images_train/30162.jpg
30191,4,Men,Unisex,0.7400029301643372,0.11478989571332932,Unisex,persistent_error,False,Laptop Bag,Navy Blue,Nike Men Navy Blue Manchester United Laptop Bag,product_name,False,False,family_3dee582ada30fab8,ce4ac39f8b788827e9337c39c361b6a7f375a1fc500a6bcb344ccdc3bad3df89,data/raw/teacher/train/images_train/30191.jpg
30197,4,Unisex,Men,0.5274500846862793,0.353559285402298,Unisex,new_error,True,Backpacks,Green,Nike Unisex Casual Green Backpack,product_name,False,False,family_cbbb972464c156bf,24b5d1a0de22c60ee538768340e6d869d53d894bb5c0b56514e8ae6a503a16df,data/raw/teacher/train/images_train/30197.jpg
30203,4,Unisex,Women,0.999137282371521,0.0007884410442784429,Women,persistent_error,False,Duffel Bag,Black,Nike Unisex Legend Black Duffle Bag,product_name,False,False,family_7af282b3dce605e8,d6febe9da56c70abd034724daf8a6a9e8b733b8a89639a37a16f92c38329c1b1,data/raw/teacher/train/images_train/30203.jpg
30204,4,Unisex,Women,0.9975591897964478,0.0023962650448083878,Women,persistent_error,False,Handbags,Black,Nike Unisex Black Track Tote Bag,product_name,False,False,family_ed940c8b5bbca0c2,b2aa9b7391ca7927ae2575f06ecf372cdd06cbe43e4935271350103aabe15966,data/raw/teacher/train/images_train/30204.jpg
30539,4,Unisex,Men,0.9558558464050293,0.0426054373383522,Men,persistent_error,False,Socks,Black,Nike Unisex Sports Black Socks,product_name,False,False,family_ddac5fa341c35c7a,f619300fb0f436f4705690591f97c024d6dbfd75db66a6783987569ff3f043fb,data/raw/teacher/train/images_train/30539.jpg
30540,4,Unisex,Men,0.9267793297767639,0.06549659371376038,Men,persistent_error,True,Socks,Black,Nike Unisex Sports Black Socks,product_name,False,False,family_ddac5fa341c35c7a,ed3a0e7d4e28a80fc1db20ee9abe996da560b30bffc49cc63b1f73a9b3d86206,data/raw/teacher/train/images_train/30540.jpg
30565,4,Unisex,Men,0.5897162556648254,0.36566051840782166,Men,persistent_error,False,Sunglasses,Black,Opium Unisex Black Sunglass,product_name,False,False,family_6abf13b55aeab748,ff97557eb1faac6078c8b963bbe446041bcad5f799f544d47cbfc743c928f784,data/raw/teacher/train/images_train/30565.jpg
30590,0,Men,Women,0.5808062553405762,0.4134438931941986,Women,persistent_error,True,Tshirts,Orange,Nike Men Club Pique Polo Orange T-shirt,product_name,False,False,family_a5fe828fd6798ad2,6f4e9dcf0e9e7189fe2902bbec292369e10c945854740ecd0311533a2ec864d3,data/raw/teacher/train/images_train/30590.jpg
30596,0,Men,Boys,0.5006608963012695,0.4148242473602295,Boys,persistent_error,False,Shorts,Blue,Nike Men Woven Blue Shorts,product_name,False,False,family_fab113ff4eda4e94,bb7b50e9a23246172fb33ca6933cc5f16b7152536e6661adb2306297ad276cc5,data/raw/teacher/train/images_train/30596.jpg
30603,0,Boys,Men,0.813035786151886,0.041553936898708344,Men,persistent_error,False,Shorts,Maroon,Nike Boys Basketball Red Shorts,product_name,False,False,family_57bba11f6760f943,6f353166ef0d665d14a9beebdadeb6286f9cbbe4aa064f9d2ae5429556392f9a,data/raw/teacher/train/images_train/30603.jpg
30605,0,Men,Women,0.9140169620513916,0.07759539037942886,Women,persistent_error,False,Track Pants,Grey,Nike Men Classic Jersey Grey Track Pants,product_name,False,False,family_c14409a21ca654ca,55eb845156cee4f5ae4098bb1e801445b84146aa20e9049e1a38426b11ef99c6,data/raw/teacher/train/images_train/30605.jpg
30696,0,Women,Unisex,0.8708353638648987,0.06204478070139885,Unisex,persistent_error,False,Clutches,Black,Fabindia Black & Gold Conical Purse,original_no_cue,False,False,family_77386fc191c6d126,0e735029de2921caa437ceee82cc11c9a2fc46c768ee3c6c9cbdae8cb737ef9b,data/raw/teacher/train/images_train/30696.jpg
30709,0,Women,Unisex,0.5978456735610962,0.26118332147598267,Unisex,persistent_error,False,Clutches,Red,Fabindia Red Silk Sling Purse,original_no_cue,False,False,family_1eee23fe612175c7,f91082437bbe570028014b3fc6055f6deed0fdc1d03ba849d15fd10c9ac77be8,data/raw/teacher/train/images_train/30709.jpg
30966,0,Men,Women,0.35812267661094666,0.28391844034194946,Women,persistent_error,True,Perfume and Body Mist,Blue,Azzaro Men Chrome Eau de Toilette 200 ml,product_name,False,False,family_de0c6786b2f8c406,e85c58bbef4d36cf3693c96824714249ca93484ac4fb9338eaba1876de295685,data/raw/teacher/train/images_train/30966.jpg
31104,0,Boys,Girls,0.2710212767124176,0.2276550531387329,Women,persistent_error,False,Tshirts,Red,Gini and Jony Boys Pack of 2 T-shirts,product_name,False,False,family_ebd9a67a71d5234c,9d2b696890d4abe0719579ff556c4c067dc23c358b439056fa3782157a0bd77d,data/raw/teacher/train/images_train/31104.jpg
31105,0,Boys,Men,0.6838151812553406,0.13687409460544586,Men,persistent_error,False,Tshirts,Yellow,Gini and Jony Boys Pack of 2 T-shirts,product_name,False,False,family_ebd9a67a71d5234c,f9c94e44443c0a6d0be0157f053b3f0daf7b28afe05c27f53b4e8ee310768e84,data/raw/teacher/train/images_train/31105.jpg
31144,0,Boys,Girls,0.7404347658157349,0.018920211121439934,Women,persistent_error,False,Tshirts,Pink,Gini and Jony Boys Printed Pink T-shirt,product_name,False,False,family_d4b0d685aeabb533,3109d1c520f5c8a72c11f009d3c703bab8e2d427d8f472444d725fae72a69004,data/raw/teacher/train/images_train/31144.jpg
31147,0,Boys,Girls,0.5721318125724792,0.41821348667144775,Boys,new_error,True,Shirts,Blue,Gini and Jony Boys Check Blue Shirt,product_name,False,False,family_21684baa1b9fd9e1,d87cdc86a169a31efeb041873be90b5f2a2825c801e3741aaf7eccf951f84594,data/raw/teacher/train/images_train/31147.jpg
31162,0,Unisex,Boys,0.6203587651252747,0.0008394769974984229,Boys,persistent_error,False,Jeans,Blue,Gini and Jony Kids Unisex Blue Jeans,product_name,False,False,family_9fb1b833e32d34e6,10eb2866c7e996f16cd97b138af8fbb7e13cd1c11d2dbf82e3ec95284bd5edef,data/raw/teacher/train/images_train/31162.jpg
31180,0,Girls,Women,0.5985588431358337,0.2925066351890564,Women,persistent_error,False,Leggings,White,Gini and Jony Kids Leggings,original_no_cue,False,False,family_2d3f2d14c058e044,8cb017c9e2ad936c93cbc8370c4bd267ae487884345e01a879927fc2a0cff2bc,data/raw/teacher/train/images_train/31180.jpg
31228,0,Women,Men,0.6085156798362732,0.38276252150535583,Men,persistent_error,False,Capris,Black,Puma Women Black Basic Capris,product_name,False,False,family_bdfb615bcc9f2488,39599306a5c11a128d69b696197c26d03c281d769e5d64775bf3f929d1a352f8,data/raw/teacher/train/images_train/31228.jpg
31252,0,Men,Women,0.6739352941513062,0.31487104296684265,Women,persistent_error,True,Tshirts,Green,Puma Men Dizzy Graphic Green T-shirt,product_name,False,False,family_437d4969c0fc5e40,e9eb86f56c806dba0760d9fc32b76e856945c4ea973f2d36aead24b1df1b0129,data/raw/teacher/train/images_train/31252.jpg
31407,4,Men,Women,0.6847890615463257,0.30185243487358093,Women,persistent_error,True,Briefs,White,Spykar Men White Pandro Brief,product_name,False,False,family_05982e233c55efb9,a8c77f3894580a11b7e5368a3f6de06988bc3019c4ed65a56a2cca1034ba6792,data/raw/teacher/train/images_train/31407.jpg
31446,4,Boys,Men,0.550579845905304,0.17244809865951538,Unisex,persistent_error,False,Tshirts,Green,Nike Boys Running Green Jersey,product_name,False,False,family_73d172a787e2dbae,2cac6f53d7535adb5e8d6078f87b1eead46f2098adda0a16bb9c05c837e720ab,data/raw/teacher/train/images_train/31446.jpg
31454,4,Women,Girls,0.3537885248661041,0.21760840713977814,Men,persistent_error,False,Skirts,Black,Nike Women Tennis Black Skirt,product_name,False,False,family_b11114d6b6b833c6,a107d53a07b1ad942d0d8585cf600cdd016583bc4badf60f68ff4952af8f0a3a,data/raw/teacher/train/images_train/31454.jpg
31464,4,Women,Men,0.5462848544120789,0.444051057100296,Women,new_error,False,Capris,Black,Nike Women Training Green Capris,product_name,False,False,family_9328a4f15fe20d28,e40870bf8efaf1d4acd7dc592f9189f3abe67287a99c43fe44e91f2f0a76ed8a,data/raw/teacher/train/images_train/31464.jpg
31709,4,Women,Men,0.7063671946525574,0.1735059916973114,Men,persistent_error,True,Earrings,Silver,Fabindia Women Anusuya Silver Earrings,product_name,False,False,family_d89c49afb0c1e4a4,1ff99cf13f02259f7dab1005e0cbff1db74a66d968a5a258f1326a5fb2117037,data/raw/teacher/train/images_train/31709.jpg
31710,4,Women,Men,0.4974699020385742,0.44303596019744873,Men,persistent_error,True,Earrings,Silver,Fabindia Women Anusuya Silver Earrings,product_name,False,False,family_d89c49afb0c1e4a4,0870dc5964d83daae06987ce4ad8d0d21fb1b854036df998573a17c0066d8474,data/raw/teacher/train/images_train/31710.jpg
31883,0,Women,Men,0.8734471201896667,0.12344000488519669,Men,persistent_error,False,Stoles,Mustard,Fabindia Women Mughal Printed Mustard Stole,product_name,False,False,family_9de8ca3b30d2504e,d8d077e94462c71dce77d75e1b97a631cab4be52ba541c6f715a7d7d39f395bd,data/raw/teacher/train/images_train/31883.jpg
31977,0,Women,Men,0.8499221801757812,0.14730750024318695,Men,persistent_error,False,Sports Shoes,Olive,Nike Women Lunarswift +3 Olive Sports Shoes,product_name,False,False,family_77c2655993e8fa5e,a0d63f080b7f07a75c46b10cbf8758ed9013360ecf811b4ef113d7259f3d24b7,data/raw/teacher/train/images_train/31977.jpg
31983,0,Men,Unisex,0.7409233450889587,0.07110939174890518,Unisex,persistent_error,False,Laptop Bag,Black,ADIDAS Men Black Bag,product_name,False,False,family_f51a356dd19f358a,807ffe2d94bbc390d41d384247415f86c195b105f02158660edadc6b21535943,data/raw/teacher/train/images_train/31983.jpg
32171,4,Women,Unisex,0.5100075006484985,0.36116552352905273,Women,new_error,False,Socks,Blue,Playboy Women Blue Socks,product_name,False,False,family_68d21603c32a2e2d,7246c2bbf35c226d0f7b3b4d0838dd55a3309cf6397e54b36bb7fc7c6efe5798,data/raw/teacher/train/images_train/32171.jpg
32472,4,Unisex,Men,0.6138586401939392,0.14731454849243164,Unisex,new_error,False,Socks,White,ADIDAS Unisex White Socks,product_name,False,False,family_f3d207d2aee56764,87be1e23891c3248f4306619d17b6e4354ed696513ab8c053846c307668b3207,data/raw/teacher/train/images_train/32472.jpg
32494,4,Men,Unisex,0.5404266119003296,0.43593472242355347,Unisex,persistent_error,True,Casual Shoes,Black,Converse Men Diamond OX Black Shoes,product_name,False,False,family_f0a8aa32ea9c0edf,eb3788608b46f04b5bbd5bb776aac5a57fee14eacf0b55a5ad30cca1ae61490b,data/raw/teacher/train/images_train/32494.jpg
32585,0,Women,Men,0.9031984210014343,0.0870601013302803,Men,persistent_error,False,Trousers,Black,Only  Women Black Trousers,product_name,False,False,family_cffe212e70e7b5f6,bf2bfb3a224914fd01ca532d8ad24633c70642e822e18dd9ed20c10ee83488ac,data/raw/teacher/train/images_train/32585.jpg
32619,0,Men,Women,0.701988160610199,0.13826563954353333,Women,persistent_error,False,Tshirts,Black,Nike Men Legend Poly Black T-shirt,product_name,False,False,family_2b6c60726bf2b98f,78639ddca11df16fb3f2a76ee578098cc039ad383cb385f9f6b60c4c9f38638a,data/raw/teacher/train/images_train/32619.jpg
32647,0,Boys,Unisex,0.36401060223579407,0.3194948732852936,Boys,new_error,True,Tshirts,Blue,Nike Kids Boys Contemporary Athlete Blue T-shirt,product_name,False,False,family_8a9286c9e27fbb93,103521922ce04f1bbf3c72ea778e42fc31893107f98cea33c75051ce30085368,data/raw/teacher/train/images_train/32647.jpg
32654,0,Women,Men,0.9465504884719849,0.044697150588035583,Men,persistent_error,False,Tshirts,Red,Nike Women Sphere Red T-shirt,product_name,False,False,family_7508b26f7ba55520,8fae6bf05a67f735c6e56ca352e15158480ffe360bdece77867a363f60276cff,data/raw/teacher/train/images_train/32654.jpg
32943,4,Unisex,Men,0.9435709714889526,0.02174866944551468,Men,persistent_error,False,Casual Shoes,Black,ADIDAS Neo Unisex Court Sequence Black Shoes,product_name,False,False,family_85c077a442fd4469,ae499e34af58ba230de349815edf14e8f8b6c8d2a975a37cdc9268de98a84462,data/raw/teacher/train/images_train/32943.jpg
32950,4,Unisex,Men,0.9962612986564636,0.0008137084660120308,Men,persistent_error,False,Casual Shoes,Black,ADIDAS Neo Unisex Court Sequence Black Shoes,product_name,False,False,family_85c077a442fd4469,04e454e0c367464faa7b42262076b892c973f97cd2cc04e307b7e4d5ad08eb4c,data/raw/teacher/train/images_train/32950.jpg
33143,0,Boys,Men,0.5383669137954712,0.3469851016998291,Men,persistent_error,False,Tshirts,Navy Blue,Gini and Jony Boys Pack of 2 T-shirts,product_name,False,False,family_ebd9a67a71d5234c,3074c3053da036b03a6da521321a1441f0e961ddc8a1de616a6068f1e1900383,data/raw/teacher/train/images_train/33143.jpg
33270,0,Girls,Women,0.6043859720230103,0.11391645669937134,Women,persistent_error,False,Skirts,White,Gini & Jony Girls White Skirt,product_name,False,False,family_fac208b54d1d8738,12cf0b0993dc1e8f9ed6eb0e8d70bab9b24a3944652780c4c6f707368bcfa759,data/raw/teacher/train/images_train/33270.jpg
33279,0,Unisex,Boys,0.6462534666061401,0.000651464972179383,Boys,persistent_error,False,Jeans,Blue,Gini and Jony Kids Unisex Blue Jeans,product_name,False,False,family_9fb1b833e32d34e6,be5600055bbad00c245bcdd9844d172cd6124cae9560a58209169d72b86576a7,data/raw/teacher/train/images_train/33279.jpg
33280,0,Unisex,Boys,0.6367973685264587,0.0006457162671722472,Boys,persistent_error,False,Jeans,Blue,Gini and Jony Kids Unisex Blue Jeans,product_name,False,False,family_9fb1b833e32d34e6,8d9a22ba2a0c876c5d73a5897a7c1b119761c85b06fcf2c4eba9294dec667abe,data/raw/teacher/train/images_train/33280.jpg
33302,0,Boys,Girls,0.2710212767124176,0.2276550531387329,Women,persistent_error,False,Tshirts,Red,Palm Tree Boys Pack of 2 T-shirts,product_name,False,False,family_ebd9a67a71d5234c,9d2b696890d4abe0719579ff556c4c067dc23c358b439056fa3782157a0bd77d,data/raw/teacher/train/images_train/33302.jpg
33303,0,Boys,Girls,0.3253563940525055,0.2785312831401825,Women,persistent_error,False,Tshirts,Red,Gini and Jony Boys Pack of 2 T-shirts,product_name,False,False,family_ebd9a67a71d5234c,02c3dc966af6815c5e2409ac39e53c0f8441976599e96ccf93fae8ee0e3b40b5,data/raw/teacher/train/images_train/33303.jpg
33304,0,Boys,Men,0.6838151812553406,0.13687409460544586,Men,persistent_error,False,Tshirts,Yellow,Gini and Jony Boys Pack of 2 T-shirts,product_name,False,False,family_ebd9a67a71d5234c,f9c94e44443c0a6d0be0157f053b3f0daf7b28afe05c27f53b4e8ee310768e84,data/raw/teacher/train/images_train/33304.jpg
33305,0,Boys,Men,0.6741222143173218,0.10495750606060028,Men,persistent_error,False,Tshirts,Yellow,Gini and Jony Boys Pack of 2 T-shirts,product_name,False,False,family_ebd9a67a71d5234c,858859e5db19986cddcbb07746df5619df2aa363e84d6f89119976da9cb5aab0,data/raw/teacher/train/images_train/33305.jpg
33386,4,Women,Unisex,0.5927900671958923,0.3706952631473541,Women,new_error,True,Handbags,Purple,Baggit Women Banjara Taj Purple Handbag,product_name,False,False,family_9f982ef691cee0fd,679c5b16e8673088dbf3148a73a703c9a09171d76e442fcd25dbc72a066b65b5,data/raw/teacher/train/images_train/33386.jpg
33414,4,Women,Men,0.44209232926368713,0.20449404418468475,Women,new_error,False,Handbags,Green,Baggit Women Quick Jhuti Green Handbag,product_name,False,False,family_998a91133bdba5bd,d8f9806be1d5b264f40bbcea19225bb14b880f235e06869c1967632efbfd774f,data/raw/teacher/train/images_train/33414.jpg
33419,4,Women,Men,0.7246744632720947,0.19376936554908752,Men,persistent_error,False,Handbags,Teal,Baggit Women Sprinkle Dum Teal Sling Bag,product_name,False,False,family_f7f7abe30c932b3d,ceddf1ecf16dd4abde1e88293c8e5d441bbc6ea1ec5baf15523143c43ce8192b,data/raw/teacher/train/images_train/33419.jpg
33431,0,Women,Unisex,0.5337990522384644,0.2676755487918854,Women,new_error,True,Handbags,Green,Baggit Women Pinto Checksy Green Sling Bag,product_name,False,False,family_02861bf8a9db7aca,ea7f43be7817cd9139bd139dd2d91843431eaecf70375b7aa4015d07a8cc0877,data/raw/teacher/train/images_train/33431.jpg
33462,4,Women,Men,0.9929197430610657,0.006864049006253481,Men,persistent_error,False,Belts,Brown,Baggit Women Getz Taj Brown Belt,product_name,False,False,family_6a869e60db44469f,691e4021fbba0f08f3caec48879382cacae2d442c1b6ac22372d68d831ffa512,data/raw/teacher/train/images_train/33462.jpg
33477,0,Women,Men,0.9778321385383606,0.01664900593459606,Men,persistent_error,False,Belts,Brown,Baggit Women Fighter Doko Brown Belt,product_name,False,False,family_215d92fca5611492,ac13316a068e292e76e5ecbca55e95ade6ac6c14629cf1e0163e9120707d36c7,data/raw/teacher/train/images_train/33477.jpg
33486,4,Girls,Unisex,0.2913859188556671,0.2848843038082123,Unisex,persistent_error,False,Dresses,Blue,Doodle Kids Girl Printed Blue Dress,product_name,True,False,family_e4ecb6a7abf36461,8da1add3564bfc15680015fa66260bcd7e8837c313d847192dbe8f0aa785fb68,data/raw/teacher/train/images_train/33486.jpg
33494,0,Boys,Girls,0.7855757474899292,0.21006861329078674,Girls,persistent_error,False,Shorts,Brown,Doodle Kids Boy  Brown Shorts,product_name,True,False,family_68ab50c1cdd0e2a5,e619a10af27c004fa4a90f817cdba97f585e523a50fd168aa759111cca92336d,data/raw/teacher/train/images_train/33494.jpg
33643,0,Women,Men,0.625681459903717,0.2049495428800583,Men,persistent_error,False,Flip Flops,Navy Blue,Lotto Women Koro W Navy Blue Flip Flops,product_name,False,False,family_2016d6ba98e02bcd,d4f66f43a78715714ee43486a8a547f4427182c858ddb5b4b6c34275e044c264,data/raw/teacher/train/images_train/33643.jpg
33644,4,Women,Men,0.8983954787254333,0.017522329464554787,Men,persistent_error,False,Flip Flops,Black,Lotto Women Koro W Black Flip Flops,product_name,False,False,family_a08c6efed4fe9f6b,578911c53fbd9701e699d21c5bbb74eadd85d8ca1ac62748f4574ecb7796f44a,data/raw/teacher/train/images_train/33644.jpg
33654,0,Women,Men,0.9180620908737183,0.05692791938781738,Men,persistent_error,False,Flip Flops,Red,Lotto Women Cara II W Red Flip Flops,product_name,False,False,family_4423db110ff663c5,666b33724d4eec822cb4945170ecbaf409ce88a5fea40c3806741012ecf5f929,data/raw/teacher/train/images_train/33654.jpg
33767,0,Unisex,Men,0.9989987015724182,0.0006685148109681904,Men,persistent_error,False,Casual Shoes,Brown,ADIDAS Neo Unisex Court Evo Brown Shoes,product_name,False,False,family_658434210ec41426,6dbda2455fcfef01eb0dbb4e444a2fd221ac494846a3e0c9ec1e9e8bdeab79da,data/raw/teacher/train/images_train/33767.jpg
33781,4,Men,Unisex,0.7195167541503906,0.2654251456260681,Men,new_error,True,Socks,Black,Puma Men Formstripe Quarter Black Socks,product_name,False,False,family_472efc1b76f4f590,9aef0c9fbe4bba2b50a81bf4a7e2ebd88a89a94a22eb0ec4b1101dfed0b15858,data/raw/teacher/train/images_train/33781.jpg
33825,4,Women,Men,0.9603049755096436,0.03366438299417496,Men,persistent_error,False,Sports Shoes,Silver,Puma Women Kuris Silver & Grey Sports Shoes,product_name,False,False,family_483ba549546e2f79,f9aeb0bad2c175445667a8410ebb44581ff9f9481c76d803b8fc22bd838594f1,data/raw/teacher/train/images_train/33825.jpg
33895,0,Men,Women,0.8390380144119263,0.1502356231212616,Women,persistent_error,True,Watches,Black,Citizen Men Black Dial Watch,product_name,False,False,family_3616c6accbcd5902,7feb930e8d34ae2be1d50154b1fbcf71bc261da7cf721e026f775fdaeb344787,data/raw/teacher/train/images_train/33895.jpg
33902,0,Men,Women,0.6446095705032349,0.3298511207103729,Men,new_error,True,Watches,Black,Citizen Men Black Dial Watch BH1370-51E,product_name,False,False,family_72b43b56b0553dff,1682325e882f109138cb7d992a64d9453be0e9c59e7b2b72b0de9087c57d11e6,data/raw/teacher/train/images_train/33902.jpg
33961,4,Women,Men,0.9493128657341003,0.050577230751514435,Men,persistent_error,False,Leggings,Red,Femella Women Red Leggings,product_name,False,False,family_5e84079c4601b0fc,1809ea8ec50b929da82102d51542dd5e179483e3810528b93da438e17b038880,data/raw/teacher/train/images_train/33961.jpg
34114,4,Girls,Unisex,0.34520459175109863,0.2710241973400116,Unisex,persistent_error,False,Dresses,Blue,Doodle Girls Printed Blue Dress,product_name,False,False,family_c7286faf27d91ea6,478c2a6460b47b45b9beffc031e90372718f60b48d2909271bf97f835bc09c40,data/raw/teacher/train/images_train/34114.jpg
34120,4,Men,Women,0.6697134971618652,0.3047008812427521,Women,persistent_error,False,Sandals,Brown,Clarks Men Brown Wild Vibe Leather Closed Sandals,product_name,False,False,family_226d364d871e9bcd,09e9c2ff942f790ca90e5b578060cee006ef8ab4ac6c4175fd2d12e7e8137cff,data/raw/teacher/train/images_train/34120.jpg
34187,0,Boys,Girls,0.7404347658157349,0.018920211121439934,Women,persistent_error,False,Tshirts,Pink,Gini and Jony Boys Printed Pink T-shirt,product_name,False,False,family_d4b0d685aeabb533,3109d1c520f5c8a72c11f009d3c703bab8e2d427d8f472444d725fae72a69004,data/raw/teacher/train/images_train/34187.jpg
34460,0,Men,Unisex,0.9794833660125732,0.019754502922296524,Unisex,persistent_error,False,Backpacks,Red,ADIDAS Men Blue And Red Back Pack,product_name,False,False,family_1ca0c0511531af6f,381067dff25e8c2d6cfe91891a202e22efc1e434c66d250fc4159b7e8131fdf8,data/raw/teacher/train/images_train/34460.jpg
34462,4,Unisex,Men,0.3873879909515381,0.23842568695545197,Women,persistent_error,False,Laptop Bag,Black,ADIDAS Unisex Black Laptop Sleeve,product_name,False,False,family_1293da69a9e758c7,9218b5d78557ac9f2ee717b3fdab3e989ba999df5e47ca300757749413159bb7,data/raw/teacher/train/images_train/34462.jpg
34464,0,Unisex,Women,0.5231038331985474,0.3861985504627228,Women,persistent_error,False,Travel Accessory,Red,ADIDAS Unisex Red Organizer Bag,product_name,False,False,family_53d24a7f2dcc5730,ae16e97696121e88a6348bdc6aa5a0865db1d9fa652ff192581fc0ea585de945,data/raw/teacher/train/images_train/34464.jpg
34467,4,Unisex,Women,0.37517762184143066,0.3539310395717621,Unisex,new_error,True,Laptop Bag,Black,ADIDAS Unisex Black Laptop Sleeve,product_name,False,False,family_1293da69a9e758c7,31b783bb8e4871f229c20e53f02ff2e979cc8ccd37dcf3d62ba0678977eba5aa,data/raw/teacher/train/images_train/34467.jpg
34554,0,Unisex,Women,0.8361561894416809,0.16123467683792114,Women,persistent_error,False,Duffel Bag,Blue,Puma Unisex Blue Duffle Bag,product_name,False,False,family_9347d13943cc4e50,6eb7cda9fa64aa42fb4ea5da166da2ba78d1c6b47e806e4530086e59efc0bf60,data/raw/teacher/train/images_train/34554.jpg
34624,0,Women,Men,0.7541531920433044,0.18670327961444855,Men,persistent_error,False,Watches,White,Aspen Women White Dial Chronograph Watch,product_name,False,False,family_6140496ae81320d8,95c238e70e58777d7234dfbf2b636896f8e01510caaab24425a5df892ec3733d,data/raw/teacher/train/images_train/34624.jpg
34626,0,Women,Men,0.8171546459197998,0.16270999610424042,Men,persistent_error,True,Watches,Silver,Kenneth Cole Women Silver Dial Watch,product_name,False,False,family_24a8ec2273538a58,50816fe5ddc1a912a78d524bcbbd8173377041862aad36eec4187bff8886cd79,data/raw/teacher/train/images_train/34626.jpg
34781,4,Women,Men,0.5001192688941956,0.40836361050605774,Women,new_error,True,Handbags,Red,Be For Bag Women Pack of 3 Bag,product_name,False,False,family_df7576d201a4807a,475f14abd7826969a3e7285c80ce1fa396f8e1ebddde16a2a0f67bb3fb76c9b3,data/raw/teacher/train/images_train/34781.jpg
34853,0,Unisex,Women,0.8494069576263428,0.12356892228126526,Women,persistent_error,False,Casual Shoes,Black,Vans Unisex Authentic Lo Pro Black Shoes,product_name,False,False,family_bff3a98c7bfb01d5,093943775165a744ec061530db88e4904d590e59d48f81b578477d3791890e8c,data/raw/teacher/train/images_train/34853.jpg
35062,0,Men,Women,0.61556077003479,0.3046005368232727,Men,new_error,False,Belts,Yellow,Allen Solly Men Canvas Peach Belt,product_name,False,False,family_5039186dbfa4a6ba,821e8ca817e40c303fb7f8a78d0ad48c7826507ca10f07cb6c373dba85e79e27,data/raw/teacher/train/images_train/35062.jpg
35077,0,Men,Women,0.8879262804985046,0.06726349890232086,Women,persistent_error,False,Belts,Peach,Allen Solly Men Canvas Peach Belt,product_name,False,False,family_5039186dbfa4a6ba,41c4eccbd24d343baa49302904797e0831f58add0b2e0b282f2b89f909c10457,data/raw/teacher/train/images_train/35077.jpg
35176,4,Unisex,Men,0.9059507846832275,0.08645837754011154,Men,persistent_error,False,Handbags,Black,Wildcraft Unisex Graffiti Black & Yellow Sling Bag,product_name,False,False,family_4830c2ae43be7d29,0ce1857d267afac78392c15ca53ab3a7bf7ffd45b1495f7106409e493c9f8d7a,data/raw/teacher/train/images_train/35176.jpg
35182,4,Women,Unisex,0.8451641798019409,0.1098250225186348,Unisex,persistent_error,False,Backpacks,Pink,Wildcraft Women Pink Backpack,product_name,False,False,family_d17e88fa778162ca,ec5c36e93a355b3bfcaf74d7ba9d86a3e2137051a150935c08b325d488693a4c,data/raw/teacher/train/images_train/35182.jpg
35188,4,Women,Unisex,0.8921812772750854,0.08845674246549606,Unisex,persistent_error,False,Backpacks,Pink,Wildcraft Women Pink Backpack,product_name,False,False,family_d17e88fa778162ca,513010264bede5cda25e38d9f3739ec987895ff69d0330db3a13601280b2bcf6,data/raw/teacher/train/images_train/35188.jpg
35195,4,Women,Unisex,0.5475777387619019,0.44937610626220703,Unisex,persistent_error,False,Backpacks,Pink,Wildcraft Women Pink Backpack,product_name,False,False,family_d17e88fa778162ca,6871cfeb47428b006b8cfff7b0c603685cfeca304c2306162ec04b9e64ebe24f,data/raw/teacher/train/images_train/35195.jpg
35211,0,Unisex,Women,0.4200716018676758,0.352769136428833,Unisex,new_error,True,Backpacks,Blue,Wildcraft Unisex Blue & Grey Backpack,product_name,False,False,family_35a72aed47498b5e,fb37712b1031ac77bb60cb3001804f380bfc255da980fbf1c833fe0f6f016b07,data/raw/teacher/train/images_train/35211.jpg
35244,4,Men,Women,0.819378674030304,0.09860933572053909,Women,persistent_error,False,Socks,Red,Manchester United Men Red Socks,product_name,False,False,family_6364df137e85e344,1070e93634f92ed84c7762c19aaa2b45c226574f05a5b190f9e1695d59d80111,data/raw/teacher/train/images_train/35244.jpg
35247,4,Men,Women,0.38891056180000305,0.3821757137775421,Men,new_error,False,Socks,Red,Manchester United Men Red Socks,product_name,False,False,family_6364df137e85e344,28a39e986cd9d3f91bf06760be9ce330ae3105a0e6fb13c4ea2bbbb8f8feac4f,data/raw/teacher/train/images_train/35247.jpg
35309,4,Women,Men,0.9191926121711731,0.07299201190471649,Men,persistent_error,False,Earrings,Silver,Fabindia Women Anusuya Silver Earrings,product_name,False,False,family_d89c49afb0c1e4a4,229057696c985a39b31f5859c293085d0d174d1f6b9020c41fcb2e9ca9ad04e6,data/raw/teacher/train/images_train/35309.jpg
35320,4,Women,Men,0.9827122688293457,0.016336029395461082,Men,persistent_error,False,Earrings,Silver,Fabindia Women Anusuya Silver Earrings,product_name,False,False,family_d89c49afb0c1e4a4,07bb41ba665411843297d86d7a13eff78f13599f07bd3e6e623bdabea83a3f5d,data/raw/teacher/train/images_train/35320.jpg
35321,4,Women,Men,0.6606784462928772,0.3335800766944885,Women,new_error,True,Earrings,Silver,Fabindia Women Anusuya Silver Earrings,product_name,False,False,family_d89c49afb0c1e4a4,52f125cfc11427422b8a3ab24cc27d965bae684587e529799ae4839b24da77c8,data/raw/teacher/train/images_train/35321.jpg
35322,4,Women,Men,0.7116686701774597,0.2786121666431427,Men,persistent_error,True,Earrings,Silver,Fabindia Women Anusuya Silver Earrings,product_name,False,False,family_d89c49afb0c1e4a4,1a6223d936e9c3b0eabb20d9d741f5b01342b9a519319418199c275028706471,data/raw/teacher/train/images_train/35322.jpg
35324,4,Women,Men,0.5021312236785889,0.4220840632915497,Women,new_error,True,Earrings,Silver,Fabindia Women Anusuya Silver Earrings,product_name,False,False,family_d89c49afb0c1e4a4,ac1607cd9b3c1f0db78076321a250f78a536e2c19454f4a39ad9028544d6b557,data/raw/teacher/train/images_train/35324.jpg
35382,4,Boys,Unisex,0.35694006085395813,0.013752353377640247,Unisex,persistent_error,False,Casual Shoes,Grey,Enroute Boys Grey Casual Shoes,product_name,False,False,family_22d56b1ab22abef9,c95c7621d5fe449bba185856118283fefb1454e4ba8ffccc66c05f07c695f191,data/raw/teacher/train/images_train/35382.jpg
35383,4,Boys,Men,0.35038822889328003,0.013069456443190575,Unisex,persistent_error,False,Casual Shoes,Charcoal,Enroute Boys Charcoal Shoes,product_name,False,False,family_e6b15dfc0cbe9bb4,807dae23084375c07b48f3fc541b3c43bdd7e4f1cdff3604477c4cb5b5d3e9ca,data/raw/teacher/train/images_train/35383.jpg
35386,0,Boys,Women,0.679953396320343,0.0049413153901696205,Women,persistent_error,False,Casual Shoes,Blue,Enroute Teens Blue Shoes,original_no_cue,False,False,family_e62147508159e5fc,9fb8968debb063217a29aac015080aea63a5475590494333132c774860578207,data/raw/teacher/train/images_train/35386.jpg
35403,0,Men,Women,0.9122453927993774,0.063836470246315,Women,persistent_error,False,Flip Flops,Black,Enroute Men Black Flip Flops,product_name,False,False,family_3289d4156503d478,99bf85120de01a68149a96dc2f4e0cd1f4d593a4d6da26f2ecdb17d442c58465,data/raw/teacher/train/images_train/35403.jpg
35420,4,Unisex,Women,0.9982771873474121,0.0012584252981469035,Women,persistent_error,False,Sports Shoes,White,ADIDAS Unisex Viking White Sports Shoes,product_name,False,False,family_21d98036a016c04e,4e656790340a3bb4ef890754e26c177a983dc156c7ab668cbd17a0514140a38b,data/raw/teacher/train/images_train/35420.jpg
35433,4,Girls,Unisex,0.34520459175109863,0.2710241973400116,Unisex,persistent_error,False,Dresses,Blue,Doodle Girls Printed Blue Dress,product_name,False,False,family_c7286faf27d91ea6,478c2a6460b47b45b9beffc031e90372718f60b48d2909271bf97f835bc09c40,data/raw/teacher/train/images_train/35433.jpg
35525,0,Girls,Women,0.9953579306602478,0.0015279629733413458,Women,persistent_error,False,Casual Shoes,Pink,Enroute Teens Pink Shoes,original_no_cue,False,False,family_b683515e95d1f265,a0fe757f0abf9b5205995164f4eeb8d86d5f3b196101aabfab6b1d3d7d7b9d5b,data/raw/teacher/train/images_train/35525.jpg
35530,4,Girls,Women,0.565788745880127,0.3421410322189331,Women,persistent_error,True,Sandals,Beige,Enroute Teens Beige Sandals,original_no_cue,False,False,family_9a9e7b85dbdf8c23,373a98c9ad60c17c295556521af893940a1ab4b49e879ecd61a420b5b7424512,data/raw/teacher/train/images_train/35530.jpg
35531,4,Girls,Women,0.5368830561637878,0.3772212266921997,Girls,new_error,False,Casual Shoes,Red,Enroute Teens Girls Red Ballet Flats,product_name,False,False,family_920220489d2553b3,fa7d67a72dfd07108ed70a56c1a4816c3f5bb1225333c1f2c9c59a8520b514d5,data/raw/teacher/train/images_train/35531.jpg
35534,4,Girls,Women,0.8802620768547058,0.056045807898044586,Women,persistent_error,False,Casual Shoes,Yellow,Enroute Girls Yellow Shoes,product_name,False,False,family_dd99082df61c9042,6a10c6830212f932e05815a804e15314cfff1886a7188ec01b7128793932b2ef,data/raw/teacher/train/images_train/35534.jpg
35540,0,Girls,Women,0.5466523766517639,0.44995224475860596,Women,persistent_error,False,Sandals,Green,Enroute Kids Girls Green Sandals,product_name,False,False,family_124173d09df0366e,673a7391d605923d7ef97edbaa02330085403b7a0d076a7b716bb97ce1398f3b,data/raw/teacher/train/images_train/35540.jpg
35542,0,Girls,Women,0.5956441760063171,0.3989101052284241,Women,persistent_error,True,Sandals,Pink,Enroute Kids Girls Pink Sandals,product_name,False,False,family_8f9dd3c0d51738f0,b97a253abb684590c6abc73185fee29c94b33be8999f9fc2ffe22e3805e2269f,data/raw/teacher/train/images_train/35542.jpg
35552,4,Girls,Women,0.546843409538269,0.07903484255075455,Women,persistent_error,True,Sandals,Red,Enroute Teens Red Sandals,original_no_cue,False,False,family_959e2905e8eaf595,49814a793874eebd8c691edb8998f623ee1877a6f3b7f711159499bd8e386e41,data/raw/teacher/train/images_train/35552.jpg
35563,0,Girls,Women,0.8912884593009949,0.040076158940792084,Women,persistent_error,False,Sandals,Gold,Enroute Teens Gold Sandals,original_no_cue,False,False,family_d38da18d74fa47d2,b210ccfd31b74a36dbef20f52eee1b923bcad23437d97dc106265b3b9deba35f,data/raw/teacher/train/images_train/35563.jpg
35892,4,Boys,Men,0.42589643597602844,0.3114655911922455,Boys,new_error,True,Tshirts,White,Jungle Book Boys Lucky White T-shirt,product_name,False,False,family_05a923bfeba80f8e,06ae06cb8e5f0fd092ab63c3a213c1e8d1e5c54ed16ac98fde0b4b503a254a26,data/raw/teacher/train/images_train/35892.jpg
35923,4,Women,Unisex,0.5905161499977112,0.17191362380981445,Unisex,persistent_error,False,Clutches,Brown,Peperone Women Brown & Blue Clutch,product_name,False,False,family_6ba2f33fc3cf2653,068f199b61565404d5cc64b66de6feebf24840f2fc31a2224cf48d4f5ed091cc,data/raw/teacher/train/images_train/35923.jpg
36065,0,Unisex,Women,0.826174795627594,0.1623547375202179,Women,persistent_error,False,Backpacks,Beige,OTLS Unisex Beige Backpack,product_name,False,False,family_292dc025b3e5fdbb,08a3abe10676b2db3a6dffe73a355fc6486ea35f7ecfa008512501ad5147f354,data/raw/teacher/train/images_train/36065.jpg
36067,4,Unisex,Women,0.9512871503829956,0.04616023600101471,Women,persistent_error,False,Handbags,Green,OTLS Green Tote Bag,original_no_cue,False,False,family_0e37584a4c930c9a,5555d51b0f000aecfabde59cdb1ba7f7a558ed95c28c5b52314773181cde77cf,data/raw/teacher/train/images_train/36067.jpg
36087,4,Unisex,Women,0.6277569532394409,0.16401128470897675,Women,persistent_error,False,Caps,Pink,OTLS Unisex Pink Cap,product_name,False,False,family_0f98d2844b12329c,b8722045b316eab4802d4e8eed9f428646c14338f69676ecabe0b0c3ba6bb6cc,data/raw/teacher/train/images_train/36087.jpg
36200,4,Boys,Women,0.9722210168838501,0.0009922111639752984,Women,persistent_error,False,Jackets,Red,Gini Jony Boys Printed Red Jacket,product_name,False,False,family_81d19492c1ed6270,fd8e49251f698bd3abf773a2e869aa6ba829d12aa7a779bbceab84cb1132d52d,data/raw/teacher/train/images_train/36200.jpg
36259,0,Men,Women,0.5595448017120361,0.439902663230896,Women,persistent_error,True,Night suits,Navy Blue,SDL by Sweet Dreams Men Navy Blue & Grey Pyjama Set,product_name,False,False,family_a3f8c8b4762c2d2f,22ac9e534447e8a64d1c206102c08abe947c4e9571c119366c6fdf9478b8f2d7,data/raw/teacher/train/images_train/36259.jpg
36262,0,Men,Women,0.9435394406318665,0.05535614490509033,Women,persistent_error,False,Night suits,White,SDL by Sweet Dreams Men White & Black Pyjama Set,product_name,False,False,family_c152153b2b1f4e11,b3132d1e0095e34bfcdf3241c68631715aeb2071440d22fe8877d0b28d244231,data/raw/teacher/train/images_train/36262.jpg
36308,0,Unisex,Women,0.6500251889228821,0.031877126544713974,Women,persistent_error,False,Flip Flops,Yellow,Strapless Unisex Yellow Flip Flops,product_name,False,False,family_348454d45d458abb,da86dc6d5d95d2df82e246be0ca1fd214d257cf9f142f10c1690c7fe06ddb596,data/raw/teacher/train/images_train/36308.jpg
36329,0,Men,Unisex,0.6976122856140137,0.2425357699394226,Unisex,persistent_error,False,Casual Shoes,Purple,Newfeel Men Purple Casual Shoes,product_name,False,False,family_1da0bc310dad1e2d,51c61488aee5ebdc3070738651fa2268fc8c063d00dbed224d3ed4d067067571,data/raw/teacher/train/images_train/36329.jpg
36516,4,Men,Women,0.5715314149856567,0.39909473061561584,Men,new_error,True,Belts,Beige,United Colors of Benetton Men Beige Belt,product_name,False,False,family_e11804a1237f431b,088d9ad7730ebc2461eecf8cfb8e3e5bb058265f33ed585d1883313f1bb28874,data/raw/teacher/train/images_train/36516.jpg
36540,4,Unisex,Men,0.8604450821876526,0.0073064896278083324,Men,persistent_error,False,Belts,Brown,United Colors of Benetton Unisex Brown Belt,product_name,False,False,family_6426655e7f686972,adbd9d42b17ed38ccfdf97f46b54ff2464960a3f51713e7ce3bb0e9d6fcfa111,data/raw/teacher/train/images_train/36540.jpg
36622,4,Men,Unisex,0.5272163152694702,0.25517335534095764,Unisex,persistent_error,False,Belts,Black,Wills Lifestyle Men Leather Black Belt,product_name,False,False,family_6e6d4d77464c7a96,d96e89be5509e1454a92006737c3ef67a3b98534ce7e1ce77b80c9e005002d81,data/raw/teacher/train/images_train/36622.jpg
36646,0,Unisex,Men,0.7520557045936584,0.20653793215751648,Men,persistent_error,False,Caps,Blue,Puma Deccan Chargers Blue Homs Cap,original_no_cue,False,False,family_fc7e1e3abf9486ae,b9c8bdc1c6f62012947ff604cf13a113d100a378df2dc9bd2d70162bd7c0dbe0,data/raw/teacher/train/images_train/36646.jpg
36658,4,Women,Unisex,0.5326831936836243,0.4661761224269867,Women,new_error,True,Duffel Bag,Beige,Paridhan Women Beige Duffle Bag,product_name,False,False,family_496f08ad2478ce04,949badce1ce36bf4689ae56808832f0546c2b2d837bde933cb0065920af068e3,data/raw/teacher/train/images_train/36658.jpg
36666,0,Unisex,Women,0.5098090171813965,0.48755672574043274,Women,persistent_error,False,Duffel Bag,Brown,Paridhan Unisex Brown Duffle Bag,product_name,False,False,family_44537714b8fedc7d,a10c012b2a15d64aea53a525f4ad374edf0b9ea95b83f07164396dbee39e55d7,data/raw/teacher/train/images_train/36666.jpg
36698,0,Men,Women,0.8057344555854797,0.1865055412054062,Women,persistent_error,False,Perfume and Body Mist,Grey,Hugo Boss Men XY Perfume,product_name,False,False,family_c934e127fe8b4f83,d990f8d5f86631688ef37e533cc135252f3123fa7f9996c833366db3e7dbc5a5,data/raw/teacher/train/images_train/36698.jpg
36706,0,Women,Men,0.9361415505409241,0.055870648473501205,Men,persistent_error,False,Perfume and Body Mist,Beige,Burberry Women Touch Perfume,product_name,False,False,family_0df2d39a0082dc65,be592d6cab5e435c6075769840d8d967a89fa658328b3a9b872031157de9f088,data/raw/teacher/train/images_train/36706.jpg
36730,0,Girls,Women,0.6677101850509644,0.2671871781349182,Women,persistent_error,False,Tops,Blue,Gini and Jony Girls Striped Blue Top,product_name,False,False,family_2a81856a3e196d07,de510a9f4320f41733fa28144d00a67fdfdf533a189b3b59a60fafce39d1e2e0,data/raw/teacher/train/images_train/36730.jpg
36746,4,Boys,Girls,0.6827483177185059,0.28670811653137207,Boys,new_error,True,Clothing Set,White,Mr.Men Boys Weeee!! White Clothing Set,original_multiple_cues,False,False,family_eba45bd736147a13,f842442007941624d3aa96c3af5a671f8aa325a1d36895421fb9786e7791f8d5,data/raw/teacher/train/images_train/36746.jpg
36809,4,Women,Men,0.6658605337142944,0.32821008563041687,Women,new_error,False,Perfume and Body Mist,Pink,Mont Blanc Women Femme Individuelle Perfume,product_name,False,False,family_aea360fc52151ee6,e0cc322114cc5c834b361d21e2fd9e4fb538f5942d45f7c21b5b8ed4c5a8ff05,data/raw/teacher/train/images_train/36809.jpg
36930,4,Men,Women,0.7351204752922058,0.2203863561153412,Men,new_error,True,Perfume and Body Mist,Silver,Hugo Boss Men Selection Perfume,product_name,False,False,family_81b4771d9549c278,30a48241d9a14dc27703b02d591b980baacd199753538efa5ff735f48b331bdd,data/raw/teacher/train/images_train/36930.jpg
36939,0,Women,Men,0.8676726222038269,0.13156010210514069,Men,persistent_error,False,Perfume and Body Mist,White,Carolina Herrera Women Chic Eau De Perfume 80 ml,product_name,False,False,family_1dfb4e8f38e743e6,59d1f2880756fb3474a340341bd9306849968ba53a1ede8f2c1ebbcf065b7855,data/raw/teacher/train/images_train/36939.jpg
37057,0,Women,Men,0.9945424795150757,0.005301374010741711,Men,persistent_error,False,Belts,Brown,Lino Perros Women Brown Belt,product_name,False,False,family_780f03df5ec19531,b103d311583a2b901e3a274abf1b24b7ea40e6e13e919c1bf86f9020b587eca7,data/raw/teacher/train/images_train/37057.jpg
37060,0,Women,Men,0.9939444661140442,0.0056215329095721245,Men,persistent_error,False,Belts,Brown,Lino Perros Women Brown Belt,product_name,False,False,family_780f03df5ec19531,b8680146d323a47bf718d790e6dd3bbdee70e5f8d116a39c2fa3419a6df3a22d,data/raw/teacher/train/images_train/37060.jpg
37173,4,Boys,Men,0.5100097060203552,0.3073912560939789,Men,persistent_error,False,Shorts,Red,United Colors of Benetton Boys Knitted shorts,product_name,False,False,family_0e0eb342fb45a174,d4c3acafbe17bdecdb56be903d415c78c89e3d3cb38c4599a3d2bd3ae1012c1a,data/raw/teacher/train/images_train/37173.jpg
37187,0,Boys,Girls,0.5459102988243103,0.3881216049194336,Girls,persistent_error,True,Tshirts,White,United Colors of Benetton Boys Printed White T-shirt,product_name,False,False,family_21b5fe02a1479ea9,98596a688c948ce35632ce0f7286f007520d74936d60d59a9e588c11a5c80c93,data/raw/teacher/train/images_train/37187.jpg
37188,4,Boys,Girls,0.6645155549049377,0.3212156593799591,Boys,new_error,True,Tshirts,Red,United Colors of Benetton Boys Printed Red T-shirt,product_name,False,False,family_484022174663d366,4a26340beb37f4b389609ae83de41edb661d5f210f294a5c16f6dec54de18c6a,data/raw/teacher/train/images_train/37188.jpg
37208,4,Women,Men,0.9696620106697083,0.029727282002568245,Men,persistent_error,False,Skirts,Black,United Colors of Benetton Women Black Skirt,product_name,False,False,family_4798d3525d82ce7c,47641a275fd6b89dd8eab670613dc87c5da962e617ed30b360b9d88482ed32b1,data/raw/teacher/train/images_train/37208.jpg
37209,0,Girls,Boys,0.6019428372383118,0.38536328077316284,Girls,new_error,True,Jeans,Blue,United Colors of Benetton Girls Blue Jeans,product_name,False,False,family_dbe31a67d240ac8c,fd3982400765563615fd500a4723f40ccbdf68078662d9501ca7287b9561aa31,data/raw/teacher/train/images_train/37209.jpg
37261,0,Unisex,Women,0.6239995956420898,0.22488458454608917,Women,persistent_error,False,Waist Pouch,Olive,Vital Gear Unisex Olive Waist Pouch,product_name,False,False,family_771c54ccb06d738d,12967113677178efee8addcc0493021c9cc37b5dbc07e97c69b1cbdec181d0a2,data/raw/teacher/train/images_train/37261.jpg
37301,4,Women,Men,0.9666646718978882,0.029534315690398216,Men,persistent_error,False,Watches,Black,Casio Enticer Women Black Analogue Watches (A531) LTP-2083L-1AVDF,product_name,False,False,family_5cde611f1200630f,702b5ff385c321ec24b09c9973116c8d4faca402915ebd4e51b7747db24f98f4,data/raw/teacher/train/images_train/37301.jpg
37343,0,Boys,Men,0.9804583191871643,0.01747133396565914,Men,persistent_error,False,Tshirts,Black,U.S. Polo Assn Boys Black T-Shirt,product_name,False,False,family_a756fae96165fb24,1c467e00f920b1eaaa9882f526e13a8540ca9abdab6f46b82660f28973eb2d04,data/raw/teacher/train/images_train/37343.jpg
37344,4,Boys,Men,0.758351743221283,0.012927306815981865,Men,persistent_error,False,Tshirts,Red,U.S. Polo Assn Boys Red T-Shirt,product_name,False,False,family_12631a4fe6b18c22,7789091a4098d48a10eaf2c297b6f2017218da16087e4ad9b08c4b173ca0b05c,data/raw/teacher/train/images_train/37344.jpg
37483,0,Women,Men,0.8017598986625671,0.18795008957386017,Men,persistent_error,False,Watches,White,Esprit Women White Dial Watch,product_name,False,False,family_0a6fc48d299715e4,46812204f85d6058b38ff88e99268c066c10f1472fd06fa35644ee1aab17aeaa,data/raw/teacher/train/images_train/37483.jpg
37485,4,Unisex,Men,0.9823029637336731,0.0035666795447468758,Men,persistent_error,False,Watches,Black,Esprit Unisex Black Dial Watch,product_name,False,False,family_de5eb2e0545d91a5,1b15f211bf67ae2ce26c601d437a1a8c9738b72d1f5572d132ebcfcb76d1b8b6,data/raw/teacher/train/images_train/37485.jpg
37511,4,Boys,Men,0.5142937898635864,0.3266136646270752,Men,persistent_error,False,Booties,Yellow,Madagascar 3 Infant Boys Yellow Booties,product_name,False,False,family_c038704b88b61695,f9c8b7ca6bf8bc527939c6c79af20d4fb29a0cdaa02686c3d49a4ef51d1eee23,data/raw/teacher/train/images_train/37511.jpg
37512,0,Boys,Women,0.7896387577056885,0.044923100620508194,Women,persistent_error,False,Booties,Blue,Madagascar 3 Infant Boys Blue Booties,product_name,False,False,family_1f8eaef9257c6e73,34587a50a12cc80f826cba13c16517fe513e7fe0456221905dbddde119964e15,data/raw/teacher/train/images_train/37512.jpg
37518,0,Boys,Women,0.4931458532810211,0.049813348799943924,Men,persistent_error,False,Gloves,Blue,Madagascar 3 Infant Boys Blue Mittens,product_name,False,False,family_0e051b270e7a9fbb,582abe74e5e48ad09398d8847ed718e6bda26e361a1d4079846c90a990ca390f,data/raw/teacher/train/images_train/37518.jpg
37525,0,Boys,Girls,0.48553603887557983,0.4351729452610016,Boys,new_error,True,Rompers,White,Madagascar3 Infant Boys White Snapsuit Romper,product_name,False,False,family_cfce6bbf43ea8f12,3c5554bd0fed6baf066aabcf0d66cf438db97e5803b3e721f052e2459a88d1c7,data/raw/teacher/train/images_train/37525.jpg
37537,4,Boys,Girls,0.5104163885116577,0.034477125853300095,Women,persistent_error,False,Booties,Yellow,Madagascar 3 Infant Boys Yellow Booties,product_name,False,False,family_c038704b88b61695,5382bd2416d4b95dd4e545731b19d4907f971bd7336fbeab5a39c990124f416d,data/raw/teacher/train/images_train/37537.jpg
37538,0,Boys,Women,0.9499846696853638,7.070729770930484e-05,Women,persistent_error,False,Booties,Blue,Madagascar 3 Infant Boys Blue Booties,product_name,False,False,family_1f8eaef9257c6e73,26c36b31f7ab17a8116527c3ad463e8f95a836fe400f32b0aa9a22c02f5ae5e0,data/raw/teacher/train/images_train/37538.jpg
37540,4,Boys,Girls,0.5584118962287903,0.2374098300933838,Girls,persistent_error,True,Gloves,Yellow,Madagascar 3 Infant Boys Yellow Mittens,product_name,False,False,family_fb01bb8467ce90ad,c2ae989a46dd9359bbbb8174af40099c7e5d57a42cc8c7faad398c7301001e28,data/raw/teacher/train/images_train/37540.jpg
37541,0,Boys,Women,0.463387668132782,0.051744963973760605,Women,persistent_error,False,Gloves,Blue,Madagascar 3 Infant Boys Blue Mittens,product_name,False,False,family_0e051b270e7a9fbb,7e42fd6e15e0bd29465c6ba7cf32fe64b5d4b3278eb7ef8d913cc8789c91e245,data/raw/teacher/train/images_train/37541.jpg
37543,0,Boys,Girls,0.8251134157180786,0.16869550943374634,Boys,new_error,True,Tshirts,Yellow,Madagascar3 Infant Boys Lemon Yellow T-Shirt,product_name,False,False,family_764f912d8d3095df,34a98dcac9c5cd7014fa69854fbcef3bcceac201994ab4ba033465ec428203fa,data/raw/teacher/train/images_train/37543.jpg
37565,4,Girls,Boys,0.9446303248405457,0.05054059997200966,Boys,persistent_error,False,Innerwear Vests,Green,Madagascar Girls Green Innerwear Vest,product_name,False,False,family_a5fd0d76d5251346,0ca1d443b870e540e1b9c4c4d0a89b5d79fc052efb4127328d26abfbef09c595,data/raw/teacher/train/images_train/37565.jpg
37613,0,Girls,Boys,0.9819774031639099,0.006288276053965092,Boys,persistent_error,False,Tshirts,Purple,Madagascar3 Girls Purple Printed T-Shirt,product_name,False,False,family_da97c1fe0b030363,792e15b1f54f5545d00ba3ac096ddc143cb03528e0053eedab9bd2334f77f890,data/raw/teacher/train/images_train/37613.jpg
37870,0,Men,Women,0.8684794306755066,0.028717467561364174,Women,persistent_error,False,Wallets,Black,Hidekraft Men Black Wallet,product_name,False,False,family_734daedbc9134366,68e3ca8a6dbc219038e54aea9609d10b5ace1de65e00ad437296d4c278570ce5,data/raw/teacher/train/images_train/37870.jpg
37878,4,Unisex,Women,0.35376161336898804,0.3328707814216614,Girls,persistent_error,True,Socks,Purple,Happy Socks Unisex Purple Socks,product_name,False,False,family_0add17a51c0b7285,001faf709d2f778535194912ae31e56744b6777ae47bf47217cf622d6b5bd3e9,data/raw/teacher/train/images_train/37878.jpg
37881,0,Unisex,Women,0.9459463953971863,0.052163273096084595,Women,persistent_error,False,Socks,Navy Blue,Happy Socks Unisex Navy Blue Socks,product_name,False,False,family_7ffbfb4649fb01b1,dca4cf689b5062543175ed52a4647d4d702c17243cbe459628016ead0e4913da,data/raw/teacher/train/images_train/37881.jpg
37888,0,Unisex,Men,0.5332269668579102,0.2263103723526001,Men,persistent_error,False,Socks,Green,Happy Socks Unisex Green Socks,product_name,False,False,family_de356799904e0e68,c01dee09fd5b583759575419c7a069d7e677c85febb648fd173e45da0fa88ba7,data/raw/teacher/train/images_train/37888.jpg
37889,0,Unisex,Men,0.5076359510421753,0.4493371844291687,Men,persistent_error,False,Socks,Multi,Happy Socks Unisex Multi Color Socks,product_name,False,False,family_d6b79b804a4bea63,0bd3c15126b1e06529a2172e96b39e531f871bdff0d3ac97cb96d71fe9074ff4,data/raw/teacher/train/images_train/37889.jpg
37891,0,Unisex,Women,0.5290918350219727,0.18598484992980957,Women,persistent_error,False,Socks,Multi,Happy Socks Unisex Multi Color Socks,product_name,False,False,family_d6b79b804a4bea63,22586fb77369a897d228f6015a92b52b7c07346dc1322e4a48a71efbb733c404,data/raw/teacher/train/images_train/37891.jpg
37904,0,Unisex,Women,0.5980702638626099,0.030112896114587784,Men,persistent_error,False,Perfume and Body Mist,Gold,24 Unisex Gold Perfume,product_name,False,False,family_977dcaccd8b30f5b,1f32f306722d90b879d4135b3d1aa1b487bace77045bbf1ba734ee4580afc9fd,data/raw/teacher/train/images_train/37904.jpg
37905,0,Unisex,Women,0.7525174021720886,0.15619106590747833,Women,persistent_error,False,Perfume and Body Mist,Gold,24 Unisex Gold Perfume,product_name,False,False,family_977dcaccd8b30f5b,84e83aa0b8496e29a9a71cb1f591c2e40f0a1129a45cbd86bef19f58785f6378,data/raw/teacher/train/images_train/37905.jpg
37958,0,Men,Women,0.9635354280471802,0.015224196948111057,Women,persistent_error,False,Sandals,Brown,Clarks Men Vent Jump Nubuck Brown Sandals,product_name,False,False,family_4e8e760d7ba3246d,e55f24b036e723eaa0720a18382c3048904c93f22c9c36dc94412973ffe75e3f,data/raw/teacher/train/images_train/37958.jpg
37989,4,Unisex,Men,0.7581894397735596,0.09331902861595154,Men,persistent_error,False,Wallets,Black,New Hide Unisex Black Antique Passport Holder,product_name,False,False,family_098e849976d298e2,dceeb26d9dbbc4cf6db449ea17a97d3a867ac9fa737da802bb4981624940d17e,data/raw/teacher/train/images_train/37989.jpg
37990,4,Unisex,Women,0.5149285197257996,0.1594044715166092,Women,persistent_error,False,Wallets,Black,New Hide Unisex Black Antique Passport Holder,product_name,False,False,family_098e849976d298e2,8359fcafa6e9f688812fe713bcaae29a6ce78e04b19951daad733573fc06c85a,data/raw/teacher/train/images_train/37990.jpg
38021,0,Women,Men,0.4349379241466522,0.3612872064113617,Women,new_error,True,Watches,Orange,Q&Q Women Orange Watch,product_name,False,False,family_b7df2c78ebcd8b7a,4ad274096bbec0c3a45bbdc493c60d4d2dcb3fd98e9be08661567f2bf763c5f0,data/raw/teacher/train/images_train/38021.jpg
38032,0,Women,Men,0.9657588005065918,0.012384963221848011,Men,persistent_error,False,Watches,Black,Q&Q Women Black Watch,product_name,False,False,family_2458b1c292b459ca,c630775d71e56ebd2289d306f64ea83b996f7b0c2c0756db86ae6c12c5c1254e,data/raw/teacher/train/images_train/38032.jpg
38133,0,Unisex,Women,0.9868143796920776,0.009853341616690159,Women,persistent_error,False,Handbags,Red,Wildcraft Unisex Red Lunch Bag,product_name,False,False,family_24d8c909bf9d5cbe,31100c602c5216d0d1dffaca8a096cc12c2f00ddf2ff5b15f18022f7f9ec5469,data/raw/teacher/train/images_train/38133.jpg
38176,4,Women,Unisex,0.4668446481227875,0.18607482314109802,Women,new_error,False,Sunglasses,Black,Miami Blues Women Black Sunglasses,product_name,False,False,family_8f7833728502d197,a4d36632c818529657627d3672c52aba524e9b72c79bf935b8525c0096e6984b,data/raw/teacher/train/images_train/38176.jpg
38190,0,Unisex,Men,0.9345835447311401,0.04404952749609947,Men,persistent_error,False,Sunglasses,Black,Polaroid Unisex Sunglasses,product_name,False,False,family_46a2556396f418d3,965308986c8145d686aaa9edfe1bf1def587b35be359967c76255759632ae5b3,data/raw/teacher/train/images_train/38190.jpg
38191,0,Unisex,Men,0.9661444425582886,0.027120335027575493,Men,persistent_error,False,Sunglasses,Grey,Polaroid Unisex Sunglasses,product_name,False,False,family_46a2556396f418d3,68076face96528fe685a929aca1323ecd0ed568fefd95b02a988b95ac82f2502,data/raw/teacher/train/images_train/38191.jpg
38198,0,Unisex,Men,0.9651634097099304,0.02792968414723873,Men,persistent_error,False,Sunglasses,Black,Polaroid Unisex Sunglasses,product_name,False,False,family_46a2556396f418d3,5e46f97af9059631565b84f8e0f7d8577134037584b012fd1a5108c4e85f6063,data/raw/teacher/train/images_train/38198.jpg
38199,0,Unisex,Men,0.9957271814346313,0.003696559462696314,Men,persistent_error,False,Sunglasses,Silver,Polaroid Unisex Sunglasses,product_name,False,False,family_46a2556396f418d3,e3a74adec040dbd4acb3979b4dd7dce2a37703ab4cc310592dc4d4d705c27afe,data/raw/teacher/train/images_train/38199.jpg
38204,0,Women,Men,0.8767042756080627,0.0009698873618617654,Men,persistent_error,False,Sunglasses,Grey,Polaroid Women Sunglasses,product_name,False,False,family_209b14ad88cb757b,823f0718e6da37813f2669f8e54720323bc19cf6604daf412be8c2ee5dcb950d,data/raw/teacher/train/images_train/38204.jpg
38205,0,Women,Men,0.7920408248901367,0.07185330241918564,Men,persistent_error,False,Sunglasses,Silver,Polaroid Women Sunglasses,product_name,False,False,family_209b14ad88cb757b,bdb1ec0d92a37496c6163e7fb6227cab2e6e1fe5f2ec30d1bbe0de86d6dc694c,data/raw/teacher/train/images_train/38205.jpg
38206,0,Women,Unisex,0.3852970600128174,0.2416418194770813,Women,new_error,False,Sunglasses,Gold,Polaroid Women Sunglasses,product_name,False,False,family_209b14ad88cb757b,a2c7bc07c6f46ba46a2855f72e697ceacda7bcc440d814b057d586bc097feb79,data/raw/teacher/train/images_train/38206.jpg
38207,0,Women,Men,0.43271011114120483,0.323860228061676,Women,new_error,False,Sunglasses,Silver,Polaroid Women Sunglasses,product_name,False,False,family_209b14ad88cb757b,813df4315d67fa53d28a2f9a976d629a4637ad6e3c865b69f27df11a1d43e5f5,data/raw/teacher/train/images_train/38207.jpg
38218,0,Unisex,Men,0.9433709979057312,0.056529272347688675,Men,persistent_error,False,Sunglasses,Black,Polaroid Unisex Sunglasses,product_name,False,False,family_46a2556396f418d3,2f7847f3d65c1ec85f7eb467c1603273ca8d2e14c603a94d87999ad66be3bded,data/raw/teacher/train/images_train/38218.jpg
38219,0,Unisex,Men,0.9927714467048645,0.007113890256732702,Men,persistent_error,False,Sunglasses,Black,Polaroid Unisex Sunglasses,product_name,False,False,family_46a2556396f418d3,053ec1fda016bb21a7fca02cbdd91d7f8152598a1dca9e64496947321baac924,data/raw/teacher/train/images_train/38219.jpg
38220,0,Unisex,Men,0.911959171295166,0.08692677319049835,Men,persistent_error,False,Sunglasses,Black,Polaroid Unisex Sunglasses,product_name,False,False,family_46a2556396f418d3,0be2ecf831f3051dee6fd3bd3bddac35151dd216580e89817982e83c8125a54e,data/raw/teacher/train/images_train/38220.jpg
38221,0,Unisex,Men,0.9859726428985596,0.01381642185151577,Men,persistent_error,False,Sunglasses,Black,Polaroid Unisex Sunglasses,product_name,False,False,family_46a2556396f418d3,0bcb1b8c8ec384147eaa5e9c29a84fdff79e5266dac1e319386f2172a410c4be,data/raw/teacher/train/images_train/38221.jpg
38222,0,Unisex,Men,0.9390180706977844,0.0576472245156765,Men,persistent_error,False,Sunglasses,Brown,Polaroid Unisex Sunglasses,product_name,False,False,family_46a2556396f418d3,fbedd7b77ff7af07a173d8568ed32ec2ee256fadf1f71804b79727f631ca7c8c,data/raw/teacher/train/images_train/38222.jpg
38226,0,Unisex,Men,0.9522145390510559,0.038574930280447006,Men,persistent_error,False,Sunglasses,Brown,Polaroid Unisex Sunglasses,product_name,False,False,family_46a2556396f418d3,27551795a30a62c3c823c48f79eeb36f29dd37263eefc0de21d88d7b5c7cdf85,data/raw/teacher/train/images_train/38226.jpg
38227,0,Unisex,Men,0.906652569770813,0.09096851199865341,Men,persistent_error,False,Sunglasses,Black,Polaroid Unisex Sunglasses,product_name,False,False,family_46a2556396f418d3,2143ef7c3ef417916a65d684850249cb8f72f5f71d7533c196c4d4cddda299ab,data/raw/teacher/train/images_train/38227.jpg
38228,0,Unisex,Men,0.9636530876159668,0.036284007132053375,Men,persistent_error,False,Sunglasses,Black,Polaroid Unisex Sunglasses,product_name,False,False,family_46a2556396f418d3,c579e8726645874f8c5c50f63e34251e93ead9ab626efd15df23154cad07cb4b,data/raw/teacher/train/images_train/38228.jpg
38229,0,Women,Men,0.5902661681175232,0.2699362635612488,Women,new_error,False,Sunglasses,Black,Polaroid Women Sunglasses,product_name,False,False,family_209b14ad88cb757b,5655d9828b3dc858cd0aaf5051e8ca6bdc68d71f2d94a2d51168f32278e55d55,data/raw/teacher/train/images_train/38229.jpg
38233,0,Unisex,Men,0.9349952340126038,0.06401190906763077,Men,persistent_error,False,Sunglasses,Black,Polaroid Unisex Black Sunglasses,product_name,False,False,family_7ae2b61914236c68,94ae477bc3b8219e373b70bedc91b10f4eaa425bf959caed731d9bf7c6bc490a,data/raw/teacher/train/images_train/38233.jpg
38234,0,Unisex,Men,0.6478407979011536,0.303480327129364,Men,persistent_error,True,Sunglasses,Black,Polaroid Unisex Sunglasses,product_name,False,False,family_46a2556396f418d3,c45eb239b731f092c368ed837aae48665d4f7e35e7666042e81b2b09e2c2e0ad,data/raw/teacher/train/images_train/38234.jpg
38235,0,Unisex,Men,0.8073856234550476,0.17917132377624512,Men,persistent_error,False,Sunglasses,Brown,Polaroid Unisex Sunglasses,product_name,False,False,family_46a2556396f418d3,5a0dc7ca0820ab6e18135453f70a220dfce29ff84e93f041842e691eaa7e88a4,data/raw/teacher/train/images_train/38235.jpg
38236,0,Unisex,Men,0.9682780504226685,0.03120817244052887,Men,persistent_error,False,Sunglasses,Black,Polaroid Unisex Sunglasses,product_name,False,False,family_46a2556396f418d3,b9c6ec53c65fefa40f2a47accd33b44416c1b9ffdcfe0a39de9a67d5cb73490c,data/raw/teacher/train/images_train/38236.jpg
38237,0,Unisex,Men,0.9932390451431274,0.006253735162317753,Men,persistent_error,False,Sunglasses,Brown,Polaroid Unisex Sunglasses,product_name,False,False,family_46a2556396f418d3,619a968459c2d7d9a119dbc70b6656943f8121785d0b3a509c3fb3d5c0bac39c,data/raw/teacher/train/images_train/38237.jpg
38240,0,Unisex,Men,0.9806147217750549,0.017201578244566917,Men,persistent_error,False,Sunglasses,Black,Polaroid Unisex Sunglasses,product_name,False,False,family_46a2556396f418d3,2cc0418b9f31501eea432ff122860ec91fbfc8c5ac4d46cead0c8a37ebf144f1,data/raw/teacher/train/images_train/38240.jpg
38241,0,Unisex,Men,0.6762319803237915,0.3014417588710785,Men,persistent_error,False,Sunglasses,Brown,Polaroid Unisex Sunglasses,product_name,False,False,family_46a2556396f418d3,59687b688a587d7efb7f56452741e68cec56e5e85c511f07ad3278283329af99,data/raw/teacher/train/images_train/38241.jpg
38343,0,Girls,Boys,0.8794209361076355,0.06416498869657516,Boys,persistent_error,True,Tops,White,Mr. Men Little Miss Girls White Tops,original_multiple_cues,False,False,family_0220cffe3d8ae8b8,b26bdcbfe16bd85e03540f8199f31d99f58a94c9457715924c490aeb87d51d06,data/raw/teacher/train/images_train/38343.jpg
38408,0,Women,Men,0.995807409286499,0.004084386862814426,Men,persistent_error,False,Belts,Black,Baggit Women Black Seeda Sandwichtost Belt,product_name,False,False,family_db4eb01548bdbeca,081bbd06aca628f916a17e6d1b74b66ddcfdf882a6c6b20617ba4bd62629fe2b,data/raw/teacher/train/images_train/38408.jpg
38409,0,Women,Men,0.9644836187362671,0.03457768261432648,Men,persistent_error,False,Belts,Teal,Baggit Women Teal Rocker Taj Belt,product_name,False,False,family_d3d28ab35e5d7270,180b4aea8b6b47b2a1b1a08dd8ea13e82771b8f4a229a94495bd6af58b8373ad,data/raw/teacher/train/images_train/38409.jpg
38440,4,Women,Men,0.9373742341995239,0.006503601558506489,Men,persistent_error,False,Wallets,Black,Baggit Women Black Wallet,product_name,False,False,family_894713f47b1dc52d,173b876e60f5b286af4888e40eed2ee1f6357372d705508ad9a83a17a3a090d2,data/raw/teacher/train/images_train/38440.jpg
38454,4,Women,Unisex,0.805965006351471,0.18697808682918549,Unisex,persistent_error,False,Handbags,Grey,Baggit Women Grey Stanley Jhumroo Bag,product_name,False,False,family_269b5ea484abd4db,9d92f0a0ecc5b9fdd621030c75a4b100f6697ea800cd3482ff22763ea90e1ff2,data/raw/teacher/train/images_train/38454.jpg
38477,4,Women,Men,0.7855402827262878,0.18484696745872498,Men,persistent_error,False,Wallets,Black,Baggit Women Black Wallet,product_name,False,False,family_894713f47b1dc52d,ce14694626cb049834fbc02a3bee163f3575f6ac84678221b7ff2c1f4630702e,data/raw/teacher/train/images_train/38477.jpg
38487,4,Women,Men,0.9840907454490662,0.015425494872033596,Men,persistent_error,False,Belts,Black,Baggit Women Black Spirit Taj Belt,product_name,False,False,family_2df2dbc83acb7788,136ba7a0af0174332d73f6c8d5fe21861ec04774642052c919c7c3ff8e390080,data/raw/teacher/train/images_train/38487.jpg
38501,4,Girls,Boys,0.64005446434021,0.3489239513874054,Boys,persistent_error,False,Jeans,Navy Blue,Gini and Jony Woven Navy Blue Jeans,original_no_cue,False,False,family_8aa003f947b2d095,5b9b23b50d00d6ff69c37813a30d19690a7577bbd0e9fbcfd441a0b06e7b19e1,data/raw/teacher/train/images_train/38501.jpg
38503,4,Girls,Boys,0.5590813755989075,0.36569997668266296,Women,persistent_error,False,Shorts,Blue,Gini and Jony Girls Woven Blue Shorts,product_name,False,False,family_f98327c15ab83e7b,a5789f1202c0bab850c163f293bddbb88fac97c4929c6b1cdb937122bc43c655,data/raw/teacher/train/images_train/38503.jpg
38545,4,Unisex,Men,0.9228975176811218,0.05009249225258827,Men,persistent_error,False,Casual Shoes,Grey,Puma Unisex Grey Suede Archive Eco Shoes,product_name,False,False,family_e0ff5f24c58c2cd3,1c20272866f58613f5cfb1eba4d0fd55f14445e2854ac31746bb59e795f5e903,data/raw/teacher/train/images_train/38545.jpg
38559,0,Men,Women,0.5086096525192261,0.48900365829467773,Men,new_error,True,Tshirts,Purple,Nike Men Polo Club Purple T-shirt,product_name,False,False,family_10d6a004fa6f7858,2ba137ac371728ab25d0bb2f4d9be09d7cd28a6850a5e9555f845082024b8e55,data/raw/teacher/train/images_train/38559.jpg
38561,4,Men,Unisex,0.4472639858722687,0.3834814131259918,Unisex,persistent_error,True,Caps,White,Nike Men White Cap,product_name,False,False,family_5f5a8f7272a1dbfd,485d0f522b32b2892454374c787820f6846f6a5b652eae9fe699b29a923c97fc,data/raw/teacher/train/images_train/38561.jpg
38571,4,Women,Men,0.5205978155136108,0.054808054119348526,Men,persistent_error,False,Capris,Grey,Nike Women Regular Grey Capris,product_name,False,False,family_03e007955c6238f3,75af45aac28853d2ce03f3d80452a1292f19e11d40bb6a56866b80af26c1eb2d,data/raw/teacher/train/images_train/38571.jpg
38677,0,Women,Men,0.584823489189148,0.3910846710205078,Women,new_error,True,Wallets,White,Spice Art Women Canvas White Wallet,product_name,False,False,family_c85a5defa96b4388,229ea7cbccc87d44f9305c99b3fda7e85b7566d602ae743717230c388fe2a2bd,data/raw/teacher/train/images_train/38677.jpg
38735,0,Unisex,Women,0.568655252456665,0.3825523257255554,Women,persistent_error,True,Messenger Bag,Black,Nike Unisex Black Messenger Bag,product_name,False,False,family_d22d1483b735fce9,5dccf83713d4f8ac6d21f2d6859bcff1f004b667e6812cf4bf426f13aeb954a7,data/raw/teacher/train/images_train/38735.jpg
38742,4,Unisex,Women,0.9349744915962219,0.009471708908677101,Women,persistent_error,False,Waist Pouch,Black,Nike Unisex Team Training Black Waist Pouch,product_name,False,False,family_e7c61d194a5bc5be,fe11469f89e8b13eaf4eaf89fcfaa8c824c0ce3516bb1ad73e9196f29191405d,data/raw/teacher/train/images_train/38742.jpg
38952,0,Boys,Men,0.5383669137954712,0.3469851016998291,Men,persistent_error,False,Tshirts,Navy Blue,Gini and Jony Boys Pack of 2 T-shirts,product_name,False,False,family_ebd9a67a71d5234c,3074c3053da036b03a6da521321a1441f0e961ddc8a1de616a6068f1e1900383,data/raw/teacher/train/images_train/38952.jpg
38953,0,Boys,Men,0.5383669137954712,0.3469851016998291,Men,persistent_error,False,Tshirts,Navy Blue,Gini and Jony Boys Pack of 2 T-shirts,product_name,False,False,family_ebd9a67a71d5234c,3074c3053da036b03a6da521321a1441f0e961ddc8a1de616a6068f1e1900383,data/raw/teacher/train/images_train/38953.jpg
38992,0,Boys,Unisex,0.3366248309612274,0.09677223116159439,Unisex,persistent_error,False,Jackets,Blue,Gini and Jony Boys Rodeo Blue Jacket,product_name,False,False,family_49b547d4a9e195dd,8d395fc323bc64cfc4671e91c0e453e8723d61d72f098a0b59edfa19ff31e7d7,data/raw/teacher/train/images_train/38992.jpg
39014,4,Women,Men,0.9571912884712219,0.03543839603662491,Men,persistent_error,False,Watches,Black,CASIO ENTICER Women Black Dial Watch A622,product_name,False,False,family_f5b9621f15a7d3d7,4b00897bb5140b4fe79ef39a8bc862d79a350b6a548851ca9c85ae005bee7b00,data/raw/teacher/train/images_train/39014.jpg
39017,4,Women,Men,0.921505868434906,0.020193586125969887,Men,persistent_error,False,Watches,White,CASIO ENTICER Women White Dial Analogue Watch A625,product_name,False,False,family_4148147df1d59a0e,9e6b8db4284a286ab800eafe102ed883ddf30a6627726622269e9547042e9a9d,data/raw/teacher/train/images_train/39017.jpg
39330,0,Girls,Women,0.4223272204399109,0.23150160908699036,Women,persistent_error,False,Skirts,White,Gini & Jony Girls White Skirt,product_name,False,False,family_fac208b54d1d8738,7a073405d8a7d1cdc8ca91c026e3749b2f4f6f725b2067b297a666b9f4259a71,data/raw/teacher/train/images_train/39330.jpg
39374,4,Women,Men,0.5045441389083862,0.0761071965098381,Men,persistent_error,True,Watches,Green,Helix Women Green Dial Watch,product_name,False,False,family_26c77e41feacdce8,8a4542636a6d56452907f0129fd7c1c2d0312b3c8f4e54ef1093ad3c100a8e0c,data/raw/teacher/train/images_train/39374.jpg
39424,4,Men,Unisex,0.44840314984321594,0.42557796835899353,Men,new_error,True,Tshirts,Red,U.S. Polo Assn. Denim Co. Men Red Polo T-Shirt,product_name,False,False,family_44488620d7bc7942,b1e51363ec9d8ca248608f2cce3e6ea0af946239924d4837ed60ac61748f30ba,data/raw/teacher/train/images_train/39424.jpg
39519,0,Unisex,Women,0.548346757888794,0.19882197678089142,Women,persistent_error,False,Laptop Bag,Brown,Peter England Unisex Brown Laptop Bag,product_name,False,False,family_67aea7ee77c579fb,24702d10e4f8964dd70e4c076e8aa1a4bce17b3be98ed5ce76efc6d11ecc783a,data/raw/teacher/train/images_train/39519.jpg
39523,4,Unisex,Men,0.9959436058998108,0.0021799250971525908,Men,persistent_error,False,Trolley Bag,Black,Peter England Unisex Black One Dayer Black Trolley Bag,product_name,False,False,family_dea32936692019ba,8739d2ff8653eeb7ebd5ab29b1ada9153c548acc99e89bab3a849ad8a2ee5841,data/raw/teacher/train/images_train/39523.jpg
39564,4,Women,Men,0.5040609836578369,0.4011354148387909,Women,new_error,False,Heels,Black,Catwalk Women Black Heels,product_name,False,False,family_efc48e17704861aa,76abda4002954fdad24df5a47b4b27f7c5ac656cd64cdfbaf0fa94d10c07780a,data/raw/teacher/train/images_train/39564.jpg
39623,4,Men,Women,0.9253756403923035,0.07086554914712906,Women,persistent_error,False,Sports Shoes,White,Nike Men Sports Shoes,product_name,False,False,family_bef2a9d72ec39912,ab7c9a7db5ddc6c92909f77f8442865420d96e5c066d1e55e457367c919dfdda,data/raw/teacher/train/images_train/39623.jpg
39713,4,Unisex,Men,0.7658999562263489,0.15016667544841766,Men,persistent_error,False,Watches,Black,ADIDAS Original Unisex Black Dial Chronograph Watch ADH2664,product_name,False,False,family_b4aca27bf4bdabb6,0469114679cf03a16ac4032fa6de973e6ceb82d0cd625d7f5e39881c7291a3e1,data/raw/teacher/train/images_train/39713.jpg
39752,0,Boys,Women,0.40800178050994873,0.2156522423028946,Girls,persistent_error,False,Trousers,Khaki,Gini Jony Boys Khaki Trousers,product_name,False,False,family_a15a3fb26fa7d421,6e9542497405039126fdf2464f11e51302eaa3ca7d2f0a404a288e4ada55866d,data/raw/teacher/train/images_train/39752.jpg
39753,0,Boys,Women,0.40800178050994873,0.2156522423028946,Girls,persistent_error,False,Trousers,Khaki,Gini Jony Boys Khaki Trousers,product_name,False,False,family_a15a3fb26fa7d421,6e9542497405039126fdf2464f11e51302eaa3ca7d2f0a404a288e4ada55866d,data/raw/teacher/train/images_train/39753.jpg
39754,4,Boys,Women,0.9722210168838501,0.0009922111639752984,Women,persistent_error,False,Jackets,Red,Gini Jony Boys Printed Red Jacket,product_name,False,False,family_81d19492c1ed6270,fd8e49251f698bd3abf773a2e869aa6ba829d12aa7a779bbceab84cb1132d52d,data/raw/teacher/train/images_train/39754.jpg
39758,0,Boys,Men,0.536106288433075,0.4182235598564148,Men,persistent_error,False,Shorts,Brown,Gini Jony Boys Brown Shorts,product_name,False,False,family_cef8287a38380c4e,58212231479b02e1ba22d78801ce8e8b09c480364cc829dc94aca07c8af38bef,data/raw/teacher/train/images_train/39758.jpg
39759,0,Boys,Men,0.536106288433075,0.4182235598564148,Men,persistent_error,False,Shorts,Brown,Gini Jony Boys Brown Shorts,product_name,False,False,family_cef8287a38380c4e,58212231479b02e1ba22d78801ce8e8b09c480364cc829dc94aca07c8af38bef,data/raw/teacher/train/images_train/39759.jpg
39761,4,Women,Men,0.8206705451011658,0.17688623070716858,Men,persistent_error,True,Trousers,Beige,Arrow Woman Beige Trousers,original_no_cue,False,False,family_23a0b0951523a273,8a95a06530afcdbd2cd3465091bc00a31f0438d13aa74371593427a8f5899167,data/raw/teacher/train/images_train/39761.jpg
39849,0,Girls,Women,0.6677101850509644,0.2671871781349182,Women,persistent_error,False,Tops,Blue,Gini and Jony Girls Striped Blue Top,product_name,False,False,family_2a81856a3e196d07,de510a9f4320f41733fa28144d00a67fdfdf533a189b3b59a60fafce39d1e2e0,data/raw/teacher/train/images_train/39849.jpg
39875,4,Unisex,Women,0.618854820728302,0.10456632077693939,Women,persistent_error,True,Messenger Bag,Brown,ADIDAS Unisex Brown Chelsea F.C Bag,product_name,False,False,family_66269d330f386dcb,7b0acea7434b80d95b0e35ae616e42c1c35fe786480c7b7de4287412a5c1c3ca,data/raw/teacher/train/images_train/39875.jpg
39876,4,Women,Unisex,0.8545976877212524,0.06794402003288269,Unisex,persistent_error,False,Backpacks,Purple,ADIDAS Women Purple Striped Backpack,product_name,False,False,family_6bc6102a7a444016,5383a790ab263e1473b2a0e9a59d8c9161e2ae60095fc7637eaa293e045b0fe4,data/raw/teacher/train/images_train/39876.jpg
39920,4,Unisex,Women,0.6022591590881348,0.3721284568309784,Women,persistent_error,False,Laptop Bag,Brown,Tortoise Unisex Brown Ipad Bag,product_name,False,False,family_0680abb6b0731ef7,38c3a251e1bf980facec53c90a2ddbc5e3d8c902acbe96b5cd20fd480581d169,data/raw/teacher/train/images_train/39920.jpg
39921,4,Unisex,Women,0.9317557215690613,0.06811148673295975,Women,persistent_error,False,Duffel Bag,Brown,Tortoise Unisex Brown Leather Duffel Bag,product_name,False,False,family_86ced86bc52bfb3b,23c24b49de944e724573a822aad9dd79fecbbce85c0b39ce700f102bbcc1e154,data/raw/teacher/train/images_train/39921.jpg
40038,4,Unisex,Men,0.7004483342170715,0.009901285171508789,Men,persistent_error,False,Socks,White,ADIDAS Unisex White Pack of 3 Socks,product_name,False,False,family_6a63f08c4b6433de,bfbad3e6c5c800717f14a5a965017f94c99449b76554c6d3e87381fa876c6f25,data/raw/teacher/train/images_train/40038.jpg
40146,0,Girls,Men,0.4008464813232422,0.38952895998954773,Men,persistent_error,True,Capris,Black,Gini and Jony Girls Elasticated Black Capris,product_name,False,False,family_73cd82f0a2a245e1,d1fec6a9befda92f60f332ade1c633000e3435b72da67497b17c62240c64fa0b,data/raw/teacher/train/images_train/40146.jpg
40160,0,Boys,Girls,0.7164265513420105,0.23919273912906647,Girls,persistent_error,False,Jeans,Navy Blue,Gini and Jony Boys Raw Wash Navy Blue Jeans,product_name,False,False,family_983ecc355974a0d5,16b8281310d70652ae1ca2b856fb46ad618602e23d567bcb26d895d6ccc3b24c,data/raw/teacher/train/images_train/40160.jpg
40289,4,Unisex,Boys,0.5569194555282593,0.38271573185920715,Boys,persistent_error,False,Flip Flops,Turquoise Blue,Warner Bros Kids Unisex Turquoise Blue Flip Flops,product_name,False,False,family_acb302ce400b9475,c78a94831bc91fa7f66890680dfc6a2029a6dc47f1e11d97236fa632ec7df3c1,data/raw/teacher/train/images_train/40289.jpg
40292,0,Unisex,Girls,0.5166741609573364,0.355654239654541,Girls,persistent_error,False,Flip Flops,Blue,Warner Bros Kids Unisex Blue Flip Flops,product_name,False,False,family_e30020d4cf53afb0,b2e5547d1c12fb0f9aef21756579423f5537e99d5dcf4ae871e6887ad25ad05b,data/raw/teacher/train/images_train/40292.jpg
40295,0,Unisex,Girls,0.5359238982200623,0.11030126363039017,Girls,persistent_error,False,Flip Flops,Purple,Warner Bros Kids Unisex Purple Flip Flops,product_name,False,False,family_5dabd8859906689a,602f401739dd0bcf5e4193ca00252b246d8e5daa7e9d1b5f2a5f97c348e654db,data/raw/teacher/train/images_train/40295.jpg
40301,4,Unisex,Boys,0.9576541781425476,0.01730804704129696,Boys,persistent_error,False,Sandals,Charcoal,Warner Bros Kids Charcoal sandals,original_no_cue,False,False,family_4e585c9941f5e809,31c4b0a051c709f4c8b7d1a76b17cf4736cc913a579544b660052f13792675df,data/raw/teacher/train/images_train/40301.jpg
40306,4,Unisex,Girls,0.7087480425834656,0.06965889036655426,Girls,persistent_error,False,Sandals,White,Warner Bros Unisex White Kids sandals,product_name,False,False,family_1bab01696c240ab0,645bc14a2bb77375400a7089c39e6311ec02251afe995f25a275039641959214,data/raw/teacher/train/images_train/40306.jpg
40308,0,Unisex,Boys,0.5528339743614197,0.373015433549881,Unisex,new_error,True,Sandals,Green,Warner Bros Kids Green sandals,original_no_cue,False,False,family_6ec2459307aae626,9b23b87590da19604eef079f0f3c064069492d39d79fd761047091c048127a11,data/raw/teacher/train/images_train/40308.jpg
40310,0,Unisex,Women,0.5210433602333069,0.4252311587333679,Women,persistent_error,True,Sports Sandals,White,Warner Bros Kids White & Green Sports Sandals,original_no_cue,False,False,family_e4c4a5c900c9eb65,1f270bce4401d83a37dddb58770ccdccb6d1e98693a67b4b4d92c7de0a2e31f8,data/raw/teacher/train/images_train/40310.jpg
40311,4,Unisex,Girls,0.7469897270202637,0.07149815559387207,Girls,persistent_error,False,Sandals,Pink,Warner Bros Kids Unisex Pink Sandals,product_name,False,False,family_a35612e755c53afc,0d59bbb508b37f5284c9f6318480d1b96f970bc9121deeb4f00d2739e8605f24,data/raw/teacher/train/images_train/40311.jpg
40556,4,Men,Women,0.4642769396305084,0.4569239020347595,Men,new_error,True,Watches,Gold,Titan Men Gold-Toned Watch NB390YM03,product_name,False,False,family_32af50d1a1e9e4eb,0b9d5408be9c21b3820bf48efc162cce6e95e8918aca5acc62c86b0e2ee58146,data/raw/teacher/train/images_train/40556.jpg
40744,4,Women,Unisex,0.9295797944068909,0.0102156987413764,Unisex,persistent_error,False,Caps,Blue,Roxy Women Blue Cap,product_name,False,False,family_0023b52885696de2,185ec8d0cb8362bab56b8d6b5c81b9a5fe511761dd3ded520c5a96aa1b76fab6,data/raw/teacher/train/images_train/40744.jpg
40826,4,Unisex,Women,0.7504516839981079,0.039325784891843796,Women,persistent_error,False,Cushion Covers,Yellow,Swayam Unisex Yellow and Orange Cushion Covers (Set of 2),product_name,False,False,family_5253d5604f19b60c,dc083ec7edaf5ac6636d37bc7aed43232fdd5e9894f4f5896a6d6f2a37c6f952,data/raw/teacher/train/images_train/40826.jpg
40922,0,Boys,Unisex,0.3366248309612274,0.09677223116159439,Unisex,persistent_error,False,Jackets,Blue,Gini and Jony Boys Rodeo Blue Jacket,product_name,False,False,family_49b547d4a9e195dd,8d395fc323bc64cfc4671e91c0e453e8723d61d72f098a0b59edfa19ff31e7d7,data/raw/teacher/train/images_train/40922.jpg
41000,4,Girls,Boys,0.5590813755989075,0.36569997668266296,Women,persistent_error,False,Shorts,Blue,Gini and Jony Girls Woven Blue Shorts,product_name,False,False,family_f98327c15ab83e7b,a5789f1202c0bab850c163f293bddbb88fac97c4929c6b1cdb937122bc43c655,data/raw/teacher/train/images_train/41000.jpg
41001,4,Girls,Boys,0.5590813755989075,0.36569997668266296,Women,persistent_error,False,Shorts,Blue,Gini and Jony  Girls Woven Blue Shorts,product_name,False,False,family_f98327c15ab83e7b,a5789f1202c0bab850c163f293bddbb88fac97c4929c6b1cdb937122bc43c655,data/raw/teacher/train/images_train/41001.jpg
41008,4,Girls,Boys,0.64005446434021,0.3489239513874054,Boys,persistent_error,False,Jeans,Navy Blue,Gini and Jony Girls Woven Navy Blue Jeans,product_name,False,False,family_8aa003f947b2d095,5b9b23b50d00d6ff69c37813a30d19690a7577bbd0e9fbcfd441a0b06e7b19e1,data/raw/teacher/train/images_train/41008.jpg
41028,4,Men,Unisex,0.6542837023735046,0.33762893080711365,Unisex,persistent_error,False,Caps,Olive,Lee Men Olive Cap,product_name,False,False,family_b66cc90a512fa6d1,3248de74a4fd3cb59102ce36f88b2344f76d742b7cac7da2d8c5ca0184b5157b,data/raw/teacher/train/images_train/41028.jpg
41035,4,Men,Women,0.9105486869812012,0.08150257170200348,Women,persistent_error,False,Watches,White,Nautica Men White Dial Watch,product_name,False,False,family_2e77be0904321a5b,0d20f4e461c1f62b0cc565e15ff989df00836188ca5af98c27827bb3f2e1b12b,data/raw/teacher/train/images_train/41035.jpg
41162,0,Women,Men,0.6432176828384399,0.35620349645614624,Women,new_error,False,Trousers,Black,Allen Solly Woman Black Trousers,original_no_cue,False,False,family_4cbff09543132af8,a634cd4a119b57dadc30c3c0030c46cb64ad2ef2dc52f462a49834cf4457e27d,data/raw/teacher/train/images_train/41162.jpg
41301,0,Girls,Boys,0.9451166987419128,0.05161876231431961,Boys,persistent_error,True,Tshirts,Pink,Gini and Jony Grils Polo Striped Pink T-shirt,original_no_cue,False,False,family_553d8038b8248b5e,2189c462667ea39b64106920446b249b3d4db9348133ca1345a5a9934ce62a85,data/raw/teacher/train/images_train/41301.jpg
41755,4,Girls,Boys,0.5133198499679565,0.4799293279647827,Boys,persistent_error,False,Tops,Blue,Doodle Girls Printed Blue Top,product_name,False,False,family_3f5ab585d21096ea,b5ed8b615faf7a258a1b12967e099e8f68cdbddd149cfcea96934eb2d4e49a8a,data/raw/teacher/train/images_train/41755.jpg
41825,0,Women,Men,0.8432524800300598,0.0790070965886116,Men,persistent_error,False,Sports Shoes,Yellow,Skechers Women Yellow & Silver Sports Shoes,product_name,False,False,family_1fcba9177e4f67eb,19d37d17cd5bf5c21d894dae5c97570f5d3d9c82f47506254fe498cd211e9c53,data/raw/teacher/train/images_train/41825.jpg
41904,4,Women,Men,0.7893806099891663,0.1587991565465927,Men,persistent_error,True,Deodorant,Black,Playboy Women Pack of 3 Deos,product_name,False,False,family_14e37203087ed886,9269a491018e2868a24e7a712a0bf29835372f456cac8fb78c70f7d94a757de6,data/raw/teacher/train/images_train/41904.jpg
41961,0,Boys,Girls,0.7164265513420105,0.23919273912906647,Girls,persistent_error,False,Jeans,Navy Blue,Gini and Jony Boys Raw Wash Navy Blue Jeans,product_name,False,False,family_983ecc355974a0d5,16b8281310d70652ae1ca2b856fb46ad618602e23d567bcb26d895d6ccc3b24c,data/raw/teacher/train/images_train/41961.jpg
41962,0,Boys,Girls,0.7164265513420105,0.23919273912906647,Girls,persistent_error,False,Jeans,Navy Blue,Gini and Jony Raw Wash Navy Blue Jeans,original_no_cue,False,False,family_983ecc355974a0d5,16b8281310d70652ae1ca2b856fb46ad618602e23d567bcb26d895d6ccc3b24c,data/raw/teacher/train/images_train/41962.jpg
42003,0,Girls,Men,0.4008464813232422,0.38952895998954773,Men,persistent_error,True,Capris,Black,Gini and Jony Girls Elasticated Black Capris,product_name,False,False,family_73cd82f0a2a245e1,d1fec6a9befda92f60f332ade1c633000e3435b72da67497b17c62240c64fa0b,data/raw/teacher/train/images_train/42003.jpg
42004,0,Girls,Men,0.4008464813232422,0.38952895998954773,Men,persistent_error,True,Capris,Black,Gini and Jony Girls Elasticated Black Capris,product_name,False,False,family_73cd82f0a2a245e1,d1fec6a9befda92f60f332ade1c633000e3435b72da67497b17c62240c64fa0b,data/raw/teacher/train/images_train/42004.jpg
42027,4,Women,Men,0.9767262935638428,0.01746380515396595,Men,persistent_error,False,Sports Shoes,Black,ADIDAS Women Sukoi Black Sports Shoes,product_name,False,False,family_8ef6ff8b1d998d37,42c540ac948ad3e07b444852f4ed5f15539865e5544e62668f6db370417ef94f,data/raw/teacher/train/images_train/42027.jpg
42059,0,Unisex,Women,0.5528947114944458,0.19336280226707458,Women,persistent_error,False,Mobile Pouch,Red,American Tourister Unisex Red Camera Bag,product_name,False,False,family_a5a6b303f351c787,fb0a78d20a1b254c68dbddc2e4891e63fb6ec04e7cd9c3e5dc01cd3538f3d9c3,data/raw/teacher/train/images_train/42059.jpg
42072,0,Unisex,Men,0.9316453337669373,0.0439278744161129,Men,persistent_error,False,Wallets,Black,American Tourister Unisex Black Passport Holder,product_name,False,False,family_238c793ef0bd5415,a18aeffbb7b4f3b00d6b17991f93783ee84595fa6b9ffe04bcd4506aaeb88d1e,data/raw/teacher/train/images_train/42072.jpg
42595,0,Boys,Men,0.6857472658157349,0.23114721477031708,Men,persistent_error,False,Jeans,Grey,United Colors of Benetton Boys Grey Slim Fit Jeans,product_name,False,False,family_bafcae35dc442eba,79dfa653beefd6f735ea619d79e7c4a9453d824e53c6245cb95e2792cf712946,data/raw/teacher/train/images_train/42595.jpg
42828,0,Unisex,Women,0.6078392863273621,0.19610625505447388,Women,persistent_error,True,Wristbands,Red,Nike Unisex Swoosh Red Wristbands,product_name,False,False,family_45a8bd2b1a55c791,0564ff82b5ad93873cfdcc03153570cdc607f1c43ac68b4e42802bee696ae053,data/raw/teacher/train/images_train/42828.jpg
42835,4,Women,Unisex,0.38742583990097046,0.3402521014213562,Women,new_error,False,Handbags,Charcoal,French Connection Women Charcoal Handbag,product_name,False,False,family_0ad29e2ac20dfda8,7cd4ca03ea6a5384223508a060d0dcef7153675d410542044fe28d4e34d7cff0,data/raw/teacher/train/images_train/42835.jpg
42865,4,Women,Unisex,0.7053812146186829,0.22792160511016846,Unisex,persistent_error,True,Handbags,Black,French Connection Women Black Dorris Handbag,product_name,False,False,family_5a13d086b7b675bd,3befedeafe7c3bc4fbc59e3dd8278e5561c60dee5be3ff3dc284a07223fc8ae1,data/raw/teacher/train/images_train/42865.jpg
42890,0,Women,Unisex,0.5005219578742981,0.05679703876376152,Unisex,persistent_error,False,Handbags,Black,French Connection Women Black Sling Bag,product_name,False,False,family_e43444f5f350ab37,241a8f8f4eb6d88cfd3984c19a96956980224a59dd4dd02ed504fc9ad9c75528,data/raw/teacher/train/images_train/42890.jpg
42891,0,Women,Unisex,0.43523743748664856,0.20420069992542267,Unisex,persistent_error,False,Handbags,Purple,French Connection Women Purple Sling Bag,product_name,False,False,family_e2617460ff76ae47,049ab7fd3261dbdec7ff590f24e70b73780eee15f94bf02dc8f5f8ad44aca57f,data/raw/teacher/train/images_train/42891.jpg
42896,0,Women,Men,0.7995482683181763,0.191164031624794,Men,persistent_error,False,Belts,Navy Blue,French Connection Women Navy Blue Belt,product_name,False,False,family_a752f6073cb032d7,c23075b82c7c8abbe8a2b2125910b8bb9db6cd8c884159d533e3dd7edc62cdc1,data/raw/teacher/train/images_train/42896.jpg
42898,0,Women,Men,0.982117235660553,0.009859422221779823,Men,persistent_error,False,Belts,Navy Blue,French Connection Women Navy Blue Belt,product_name,False,False,family_a752f6073cb032d7,fa16013bdecc49aea59b6bfc31d483483802e2eccad537b5598ac0046d7384ef,data/raw/teacher/train/images_train/42898.jpg
42935,0,Men,Women,0.9824511408805847,0.0032136202789843082,Women,persistent_error,False,Handbags,Khaki,French Connection Men Khaki Handbag,product_name,False,False,family_be998c4e09b12085,ef4bbda7902b2096e332d558ea8ad977e6ac708d6a95f54fbb3b7ec1fba7a38a,data/raw/teacher/train/images_train/42935.jpg
42936,0,Men,Unisex,0.7781556844711304,0.11853186041116714,Unisex,persistent_error,False,Handbags,Khaki,French Connection Men Khaki Handbag,product_name,False,False,family_be998c4e09b12085,932c7b9d0073c37e1715af1e6e1f8a85b2f1c9dfa83f32777fb1b22fb9434d9c,data/raw/teacher/train/images_train/42936.jpg
42951,4,Men,Women,0.9128471612930298,0.07435563206672668,Women,persistent_error,False,Belts,Red,French Connection Men Red Belt,product_name,False,False,family_08f6d51ecf2f28c0,81300af19f072c9660b09116675115e95e9d3613a1505065978a831a4e6162cd,data/raw/teacher/train/images_train/42951.jpg
42964,0,Men,Women,0.933331310749054,0.053660836070775986,Women,persistent_error,True,Belts,Multi,French Connection Men Multi Coloured Belt,product_name,False,False,family_e0f4f1395a17bf35,cfb454b234c878b732fd61e44700dc40fb8965cd61018cbeddaee90afdfe6d71,data/raw/teacher/train/images_train/42964.jpg
42997,4,Men,Women,0.5778685212135315,0.048302825540304184,Women,persistent_error,False,Flip Flops,Purple,Nike Men Purple Solarsoft Thong Flip Flops,product_name,False,False,family_c753859f9cbb49a1,bd11e8fabbc540470d6a0bd31ea6c0fc0d65b2fe8d025e7a713bd6c0e63fb6f8,data/raw/teacher/train/images_train/42997.jpg
43045,0,Men,Girls,0.5102784633636475,0.03369922935962677,Women,persistent_error,False,Shorts,Pink,Nike Men Pink Shorts,product_name,False,False,family_7ea058e797c588c3,f65f602317651f96bc05965a7b7e3fe49b4dd26790dee413fa1e22c0796974ff,data/raw/teacher/train/images_train/43045.jpg
43071,4,Unisex,Men,0.6058610677719116,0.3894035816192627,Men,persistent_error,True,Caps,Blue,Nike Unisex Blue FFF Cap,product_name,False,False,family_050646127cb55115,7df28e7094211a14bb92c71b167dd6ba5ead6e2f5446639d3423b533929dbad9,data/raw/teacher/train/images_train/43071.jpg
43078,0,Women,Girls,0.41718167066574097,0.26936277747154236,Women,new_error,True,Capris,Black,Nike Women Black Capris,product_name,False,False,family_ce3231c24a28e240,4cab19a1eccc91fad674628f4e12487e16567ce992558f578caaf8ab87ac6ac0,data/raw/teacher/train/images_train/43078.jpg
43080,4,Women,Girls,0.9903468489646912,0.008218700997531414,Girls,persistent_error,True,Tops,Green,Nike Womens Moss Green Top,product_name,False,False,family_2152e0a767b3ec0a,2d51abeec902e46efb0e299a0c17b6e7c43ad7ab95554b684a74ce18ac9b28d4,data/raw/teacher/train/images_train/43080.jpg
43170,4,Men,Women,0.8806836605072021,0.1080116480588913,Women,persistent_error,False,Watches,Steel,Fastrack Men Steel Watch,product_name,False,False,family_62dda3ab6b7e1dbb,c9177c3b82c0580cead287ee81e3375ae07635f5d432fe9606e7bb125789ce35,data/raw/teacher/train/images_train/43170.jpg
43190,0,Women,Men,0.8283944725990295,0.1420096904039383,Men,persistent_error,False,Watches,White,Fastrack Women White Dial Watch,product_name,False,False,family_bb8d5a79bc625398,d7d9d2f8c6df22fb6ad0f6336cf38c863e896b1fdaf48a4edbe0b55a7abb34ac,data/raw/teacher/train/images_train/43190.jpg
43196,0,Women,Men,0.5865923762321472,0.4028244912624359,Women,new_error,True,Watches,White,Fastrack Women White Dial Watch,product_name,False,False,family_bb8d5a79bc625398,bc8a903f2c3802739e476d7c0053be4d4a60c1ba402a7438dbf02b9a8e4a95a1,data/raw/teacher/train/images_train/43196.jpg
43211,4,Women,Men,0.6972900629043579,0.28888919949531555,Men,persistent_error,False,Watches,Black,Fastrack Women Black Watch,product_name,False,False,family_f583fe3d2c4efb34,7da61c7d75b89f0e66642a826beb08f0877ace894352d590a8695a4cc8280065,data/raw/teacher/train/images_train/43211.jpg
43222,0,Unisex,Men,0.6663361191749573,0.3266230523586273,Unisex,new_error,True,Casual Shoes,Black,Converse Unisex Black Shoes,product_name,False,False,family_496df5b8268957ee,7d94dbe8e5c755931196155f40b480222c62e7c312d14f3ec740a372eeb432e2,data/raw/teacher/train/images_train/43222.jpg
43286,4,Women,Unisex,0.5346860885620117,0.09727517515420914,Unisex,persistent_error,False,Free Gifts,Maroon,Murcia Women Maroon Satchel,product_name,False,False,family_b4a3f94d33c84f9f,921a340c8b2bea39b764c06c82dbbbfa2d7c696aa95c76d89a74040bd6d93b6e,data/raw/teacher/train/images_train/43286.jpg
43307,0,Women,Men,0.964758038520813,0.032137181609869,Men,persistent_error,False,Shirts,White,United Colors of Benetton Women White Shirt,product_name,False,False,family_3ff7a4632ce539aa,5595b44485b9e002ecac84bc89c4468169753b282feffdb09329e6632ade0874,data/raw/teacher/train/images_train/43307.jpg
43316,0,Women,Men,0.580256998538971,0.41843998432159424,Women,new_error,True,Tops,Navy Blue,United Colors of Benetton Women Navy Blue Top,product_name,False,False,family_152182cf65954509,3e24e021f825bcc155a491b77aa60baa9388490a6defc6ce63065f0422eac641,data/raw/teacher/train/images_train/43316.jpg
43432,4,Women,Men,0.7760003209114075,0.21560193598270416,Men,persistent_error,True,Tunics,Mustard,Global Desi Women Mustard Tunic,product_name,False,False,family_d0ed9cdab6795b54,dcbd0007b87ecf565690222903ae8714e47d1aec29020e261f8a013ec826ec75,data/raw/teacher/train/images_train/43432.jpg
43556,4,Women,Men,0.8857102394104004,0.019891507923603058,Men,persistent_error,False,Socks,Black,Puma Women Black Pack of 2 Socks,product_name,False,False,family_8927512780b69633,7c81581bc465dd04f2d31090e228e3d721de53de110a1ce0de58c170e8b6cd2b,data/raw/teacher/train/images_train/43556.jpg
43560,4,Unisex,Men,0.964937150478363,0.01712654158473015,Men,persistent_error,False,Socks,White,Puma Unisex Pack of 3 Socks,product_name,False,False,family_91e146ee593b78a7,45ff4d097d28e72ec7e25fb92bb64bd49a261121d619534c7aea7f4d0b89ce26,data/raw/teacher/train/images_train/43560.jpg
43575,0,Girls,Women,0.6300663948059082,0.167748361825943,Men,persistent_error,False,Tops,White,Gini and Jony Girls Knits White Top,product_name,False,False,family_02d58f5e7a634b9c,1e5039bdf001e5759933fe2ce6e325bddc219e8c44f960d6996531cf31a190a1,data/raw/teacher/train/images_train/43575.jpg
43576,0,Girls,Women,0.6300663948059082,0.167748361825943,Men,persistent_error,False,Tops,White,Gini and Jony Girls Knits White Top,product_name,False,False,family_02d58f5e7a634b9c,1e5039bdf001e5759933fe2ce6e325bddc219e8c44f960d6996531cf31a190a1,data/raw/teacher/train/images_train/43576.jpg
43579,0,Girls,Boys,0.4774743914604187,0.21629682183265686,Boys,persistent_error,False,Tops,White,Gini and Jony Girls Woven White Top,product_name,False,False,family_24f13d3295690959,0426f441a49ede82c4d87987ca7dd07b8a1e6af6e86786f103e4974551ee9970,data/raw/teacher/train/images_train/43579.jpg
43592,0,Girls,Boys,0.9451166987419128,0.05161876231431961,Boys,persistent_error,True,Tshirts,Pink,Gini and Jony Girls Polo Striped Pink T-shirt,product_name,False,False,family_553d8038b8248b5e,2189c462667ea39b64106920446b249b3d4db9348133ca1345a5a9934ce62a85,data/raw/teacher/train/images_train/43592.jpg
43593,0,Girls,Boys,0.9451166987419128,0.05161876231431961,Boys,persistent_error,True,Tshirts,Pink,Gini and Jony Girls Polo Striped Pink T-shirt,product_name,False,False,family_553d8038b8248b5e,2189c462667ea39b64106920446b249b3d4db9348133ca1345a5a9934ce62a85,data/raw/teacher/train/images_train/43593.jpg
43683,4,Girls,Boys,0.5133198499679565,0.4799293279647827,Boys,persistent_error,False,Tops,Blue,Doodle Girls Printed Blue Top,product_name,False,False,family_3f5ab585d21096ea,b5ed8b615faf7a258a1b12967e099e8f68cdbddd149cfcea96934eb2d4e49a8a,data/raw/teacher/train/images_train/43683.jpg
43756,0,Women,Men,0.6407420039176941,0.16211692988872528,Men,persistent_error,True,Bangle,Gold,Royal Diadem Set of 2 Golden Bangles,original_no_cue,False,False,family_f4c9d4409cb8d563,332900ddabce01b23cc2e6b39c255601d1a5d945899bbef6fdec76facdcd0794,data/raw/teacher/train/images_train/43756.jpg
43973,4,Women,Girls,0.3213389217853546,0.17920483648777008,Men,persistent_error,True,Perfume and Body Mist,White,DKNY Women Fresh Blossom 50 ml Perfume,product_name,False,False,family_ccff32f2f2d95083,2c109177ff19f28ed2f39e88851f3a2d43f8ec7c46756f0e1626329448d91163,data/raw/teacher/train/images_train/43973.jpg
43991,4,Women,Men,0.6546052694320679,0.32669976353645325,Women,new_error,True,Perfume and Body Mist,Blue,Police Women Wings EDT Perfume,product_name,False,False,family_aa0082c560b2fdc5,8d63b1b284c3bc74f26d82ad0b2fac0cbda25e1ac76b538023d481249658d620,data/raw/teacher/train/images_train/43991.jpg
44017,4,Men,Women,0.5255321860313416,0.2698284387588501,Women,persistent_error,False,Perfume and Body Mist,Grey,Boss Men Selection 50 ml Perfume,product_name,False,False,family_98c31013b6fdf0ca,d47517886a6bd3a970744c5fe7c2959d71e33fbc7c58864cab3ca7d67c4b407d,data/raw/teacher/train/images_train/44017.jpg
44029,4,Women,Men,0.8091724514961243,0.18049663305282593,Men,persistent_error,False,Perfume and Body Mist,White,Boss Women Perfume,product_name,False,False,family_34890549b0863906,01bc62272920998c25d48e5e5b6c0b92dbabbdad648842ef4205d6edec9c6d53,data/raw/teacher/train/images_train/44029.jpg
44036,4,Men,Boys,0.4128012955188751,0.1127782016992569,Boys,persistent_error,True,Perfume and Body Mist,Silver,Dunhill Men London 50 ml Perfume,product_name,False,False,family_d2d27bb68f6c924a,bbba8a2dcaf7f26697e8bc3a42f16335363081589468129e4787bae66377278b,data/raw/teacher/train/images_train/44036.jpg
44040,0,Women,Men,0.7928956151008606,0.17219030857086182,Men,persistent_error,False,Perfume and Body Mist,Gold,Hugo Women XX Perfume,product_name,False,False,family_5f30fa46289e21ef,969227be15097fdf0ff061dc80d2d9a0503207e516aebebc1b5bba7080876a13,data/raw/teacher/train/images_train/44040.jpg
44045,4,Men,Women,0.9768537878990173,0.01811864785850048,Women,persistent_error,False,Perfume and Body Mist,Red,Hugo Men Energise Perfume,product_name,False,False,family_b17f2732386a6f71,4e9c505576a4b37863709ef52b505a6f7b06b0903e0d7764d24914bbab36e635,data/raw/teacher/train/images_train/44045.jpg
44048,4,Men,Women,0.7534205913543701,0.24277718365192413,Women,persistent_error,False,Perfume and Body Mist,Red,Hugo Men Energise Perfume,product_name,False,False,family_b17f2732386a6f71,50237f7babfccfda68e42c5a55d3c1d8f573f3134246fcf6320710cc9db1cc41,data/raw/teacher/train/images_train/44048.jpg
44051,0,Women,Men,0.961180567741394,0.03372607007622719,Men,persistent_error,False,Perfume and Body Mist,Bronze,Hugo Women XX Perfume,product_name,False,False,family_5f30fa46289e21ef,e67f926e00110696a7e51c4a44220e3a28330b7620df94ead800d4f1acca7653,data/raw/teacher/train/images_train/44051.jpg
44053,4,Women,Men,0.962770402431488,0.030232597142457962,Men,persistent_error,False,Perfume and Body Mist,Grey,Boss Women Perfume,product_name,False,False,family_34890549b0863906,558eda4a95294789722c959f36ef0ab7b836a7db02d5b728604d3dcd6379e861,data/raw/teacher/train/images_train/44053.jpg
44081,0,Women,Men,0.655753493309021,0.3077044188976288,Women,new_error,True,Perfume and Body Mist,Red,Hugo Women Perfume,product_name,False,False,family_a3bca63ab2154510,86983dfea409561dc5a36b9c8c12a908ea89fa31c68f2e15406b8bde9b4eb03a,data/raw/teacher/train/images_train/44081.jpg
44126,0,Men,Women,0.4641277492046356,0.3947693705558777,Women,persistent_error,False,Perfume and Body Mist,Steel,Boss Men After Shave,product_name,False,False,family_403b1619f0b3ef52,104cbca84e561e19608b7f30f0f22cb75d76203c76b212a0ad9848cd5618a9e4,data/raw/teacher/train/images_train/44126.jpg
44136,0,Men,Women,0.6495255827903748,0.3323456645011902,Women,persistent_error,True,Perfume and Body Mist,Silver,dunhill Men Pure Perfume,product_name,False,False,family_a50efc74bab97c76,055cdb648eb43190139f2ee03b28b87726d4aa6aecb8a741d4a3b7a575ded0ae,data/raw/teacher/train/images_train/44136.jpg
44171,0,Men,Women,0.5204470157623291,0.47398725152015686,Men,new_error,True,Perfume and Body Mist,Brown,Nike Fragrances Men Ride Perfume 75 ml,product_name,False,False,family_31c58b68d375769a,b733ac451708f6badeb21a75e05790fd75672e1adf8c21497b699f06e5cb74b9,data/raw/teacher/train/images_train/44171.jpg
44444,0,Unisex,Women,0.9858631491661072,0.006029598880559206,Women,persistent_error,False,Flip Flops,Grey,Gliders Unisex Grey Spiner Flip Flops,product_name,False,False,family_e11d8cb94b54e0a2,ee760452a060a62904c984728986800ef4c90f9c79d287ab8f4852eee1dae63c,data/raw/teacher/train/images_train/44444.jpg
44445,0,Unisex,Men,0.8254149556159973,0.11288627982139587,Men,persistent_error,False,Flip Flops,Red,Gliders Unisex Red Spiner Flip Flops,product_name,False,False,family_8cd77ad2968d7684,0d5672460a0eb0f26a0f0e92c54b156c41e23017c45ea18d14d1ea9212e69c00,data/raw/teacher/train/images_train/44445.jpg
44510,0,Unisex,Men,0.6575157642364502,0.3411659896373749,Unisex,new_error,False,Casual Shoes,Black,Converse Unisex Black Shoes,product_name,False,False,family_496df5b8268957ee,e62b7d044bc5f478aa2e9ce5bdba9e77ce06820247624005c48f3332e5536ccb,data/raw/teacher/train/images_train/44510.jpg
44649,4,Women,Men,0.6027789115905762,0.3953598439693451,Women,new_error,True,Tops,Off White,Arrow Woman Off White Top,original_no_cue,False,False,family_7b2f772555eb51e7,37e66e45075ca9a36c83b80cea9916f812bc515d85877e2ada9f2c89675ee7a6,data/raw/teacher/train/images_train/44649.jpg
44657,4,Unisex,Men,0.915657639503479,0.08344566822052002,Men,persistent_error,False,Casual Shoes,Blue,Vans Unisex Blue Shoes,product_name,False,False,family_72620c7d5d74c499,66e96db38b8741a9be9c6c6bd2b48b88e77704f74217a2b0b5c8f8ba68adf456,data/raw/teacher/train/images_train/44657.jpg
44662,0,Unisex,Men,0.4732033908367157,0.2995840013027191,Men,persistent_error,False,Headband,White,Nike Unisex White Swoosh Headband,product_name,False,False,family_8a5c2ef3b9b1123c,539eb3e3fd3f39f90e264c3313b4b4d3acf09abd00343b414bd4abec489957e2,data/raw/teacher/train/images_train/44662.jpg
44672,0,Women,Men,0.6548438668251038,0.3367253243923187,Men,persistent_error,False,Shirts,Blue,Wills Lifestyle Women Blue Striped Formal Shirt,product_name,False,False,family_f0bd57bc03d27468,8ce1b9975bdca8b264817e1b30e7fd3094b6dfc84c8f463250512089873b4d7a,data/raw/teacher/train/images_train/44672.jpg
44849,4,Unisex,Men,0.6163705587387085,0.3829261064529419,Unisex,new_error,False,Caps,Black,Puma Unisex Black Ducati Logo Cap,product_name,False,False,family_dc3b5eaf21e38969,4dd8f95eb31e7d8eae495bf16c44e2168783ddbb3b1e68a0512eedbb00aa1142,data/raw/teacher/train/images_train/44849.jpg
44962,0,Men,Women,0.6653986573219299,0.2573482096195221,Women,persistent_error,False,Free Gifts,Black,Maxima Men Black Watch,product_name,False,False,family_4d5d7bd3abf6dff9,10575297a447c7f886d3fcc96d97d108062acc17d8b14df816a59d6cbf91cd3b,data/raw/teacher/train/images_train/44962.jpg
44977,4,Men,Women,0.5138643383979797,0.47469863295555115,Men,new_error,True,Watches,Silver,Maxima Men Silver Dial Attivo Watch,product_name,False,False,family_842350f6ff2cf1f8,41b8993ab32ae57f37ef60d430ac2d0481d198d4dc7d7eea1949404ac37aefb6,data/raw/teacher/train/images_train/44977.jpg
44998,4,Men,Women,0.48050299286842346,0.1719740629196167,Women,persistent_error,False,Watches,Black,Maxima Men Black Digital Watch,product_name,False,False,family_3be5d4c5f1ef8775,ffc25687e415b3fba1710069f727ccf8d169d23155d40a0d0fab9fde2af58aac,data/raw/teacher/train/images_train/44998.jpg
45001,4,Men,Women,0.4641788601875305,0.2813924252986908,Women,persistent_error,True,Watches,Grey,Maxima Men Black Digital Watch,product_name,False,False,family_3be5d4c5f1ef8775,455ca408496638d0f1a8cad1bbeb7ed3cb383a79027d6e0d18fd0a410d7b6b35,data/raw/teacher/train/images_train/45001.jpg
45032,4,Men,Women,0.6693786978721619,0.32764896750450134,Women,persistent_error,True,Watches,Silver,Maxima Attivo Men Silver Dial Watch,product_name,False,False,family_b82c9ce7ca973965,efdeff4df562ae43f1cf667931b4354ff51ca148c95bcd835e0eb1cda3de8e75,data/raw/teacher/train/images_train/45032.jpg
45044,0,Women,Men,0.7967912554740906,0.18923188745975494,Men,persistent_error,False,Watches,Grey,Maxima Attivo Women Grey Dial Watch,product_name,False,False,family_523d5496333c4ad4,281c857cf7d4074cf3c78fcf92168b35be94dd38a0c6f8830ac0592b4b4a819a,data/raw/teacher/train/images_train/45044.jpg
45107,0,Men,Women,0.6685912609100342,0.17444130778312683,Men,new_error,False,Watches,Black,CASIO ENTICER Men Black Printed Dial Watch A019 MQ-76-L1AUL,product_name,False,False,family_0a5d59decec31ae9,e83bdb8c2193dbf1f0d243ca42eeb4ba82c7610a1ad1ef941ea5a3bdaadd5c79,data/raw/teacher/train/images_train/45107.jpg
45109,0,Men,Women,0.9137395620346069,0.07178870588541031,Women,persistent_error,False,Watches,Black,Casio Enticer Men Silver-Toned Dial Analogue Watch MTP-1165A-1CDF(A132),product_name,False,False,family_1b7a5db6005f44f9,300f2fc9648856afba4db6e0b14e3e58610e0c1d3132a6063039f37de6fc3fe2,data/raw/teacher/train/images_train/45109.jpg
45110,4,Men,Women,0.5921109914779663,0.4057677984237671,Women,persistent_error,False,Watches,White,Casio Enticer Men Silver Analogue Watch MTP-1165A-7CDF(A134),product_name,False,False,family_808109289b54e249,5e453cde6a185db85c134c00e965bca6072d4822aaeca49ccf1f45a808b11663,data/raw/teacher/train/images_train/45110.jpg
45145,0,Men,Women,0.5143696069717407,0.4755029082298279,Women,persistent_error,True,Watches,White,Casio ENTICER Men Dial Watch A450 MTP-1296D-7AVDF,product_name,False,False,family_efa6a90307e68ef8,07113dbd59153c736ce2196d0a6f394c0b1ef3f65f59a6779b24ff7116309c38,data/raw/teacher/train/images_train/45145.jpg
45206,0,Women,Men,0.5400267839431763,0.39129844307899475,Women,new_error,True,Watches,Blue,CASIO ENTICER Women Blue Dial Analogue Watch A66,product_name,False,False,family_19f48c3651bbf2b9,0557931f1d7d07fc86b14bf368fc8704a0557dba2a6db759ebc243de60321584,data/raw/teacher/train/images_train/45206.jpg
45208,0,Women,Men,0.5972198247909546,0.3561475872993469,Women,new_error,True,Watches,White,CASIO ENTICER Women Pink White Analogue Watch A663,product_name,False,False,family_25c2618ff7473adc,d136e553cbf112ac602e8fe9ca9cd601d28dcac15582796255a3dac24ab1bcd9,data/raw/teacher/train/images_train/45208.jpg
45243,0,Women,Men,0.5485045313835144,0.2734263837337494,Men,persistent_error,True,Watches,White,CASIO BABY-G Women White Dial Analogue & Digital Watch BX008,product_name,False,False,family_87a744916fd883ad,caf79c9f3aaf50f3c541a76f9e3cd108fa8aaf14f9930a7b934a76b62afaf4b8,data/raw/teacher/train/images_train/45243.jpg
45244,0,Unisex,Men,0.6999457478523254,0.2462516725063324,Men,persistent_error,False,Watches,Black,Casio Youth Series Unisex Digital Watch F-200W-1ADFD027,product_name,False,False,family_7aa0ce90bdd54c75,d541bd04dc0f11a5b01fa5813e63a5e349659ecbe1bd1119e36c6530fb0a954c,data/raw/teacher/train/images_train/45244.jpg
45246,0,Men,Unisex,0.5172586441040039,0.31201237440109253,Men,new_error,False,Watches,Black,Casio Vintage Collection Digital Watch F-94WA-8DG(D052),original_no_cue,False,False,family_1657844be00b2c2b,24bc9ec9ea9c6d8d5d91e16d06e7ca692d9bb1c0a77c0b31105e9ca872585110,data/raw/teacher/train/images_train/45246.jpg
45258,0,Men,Women,0.5177698135375977,0.4436594247817993,Men,new_error,True,Watches,Black,CASIO EDIFICE Men Black Dial Chronograph Watch ED60,product_name,False,False,family_fe35e0dfb45d9482,b6ee60b4675b26d4db631b666884c0a5dedb8304ff60824d29aa67f415697e58,data/raw/teacher/train/images_train/45258.jpg
45259,4,Men,Women,0.6229940056800842,0.3645300269126892,Women,persistent_error,False,Watches,Black,Casio EDIFICE Men Chronograph Watch ED61 EF-305D-1AVDF,product_name,False,False,family_004f85d580796b13,3f126da53f7bc7bfc63454c605681d01d215ca78930f37ae3a0da1d62a35530e,data/raw/teacher/train/images_train/45259.jpg
45690,4,Women,Men,0.474744588136673,0.39893028140068054,Men,persistent_error,False,Perfume and Body Mist,Pink,Tous Women Perfume,product_name,False,False,family_c4fbe21b3a18976c,b93a02f3ac5402141679526636f85c08afc6e94d188d53d5587f75204b544e7a,data/raw/teacher/train/images_train/45690.jpg
45698,4,Women,Men,0.977721631526947,0.01640920899808407,Men,persistent_error,False,Perfume and Body Mist,NA,,original_no_cue,False,False,family_cc95b245bc895ceb,b55d37c0f9a92ea03d0b385f9ce3c3f026e1bb980931ba811e5ab799ddc35e49,data/raw/teacher/train/images_train/45698.jpg
45711,0,Men,Women,0.5146772861480713,0.3021908700466156,Men,new_error,True,Perfume and Body Mist,Blue,4711 Men Refreshing Perfumed Tissues,product_name,False,False,family_529d9d56baae21fb,3a5e8e08856e52850357823aa11e08a33fb58c3c0e5ffb4795b684e35cb28423,data/raw/teacher/train/images_train/45711.jpg
45712,0,Men,Women,0.7476959228515625,0.1695394068956375,Women,persistent_error,False,Perfume and Body Mist,Blue,4711 Vapo Men Perfume,product_name,False,False,family_95af9173762be0c0,d0f26fe326a0d1a5d7325ca673168b308f34088ea6aea200966837109f7ed9ce,data/raw/teacher/train/images_train/45712.jpg
45764,4,Women,Men,0.6499270796775818,0.3301790654659271,Men,persistent_error,False,Deodorant,Pink,Lomani Women Deo,product_name,False,False,family_4a8408fb0d7a4938,4344657fd76731a3f62ec2126e4b9b7e3844d7b937062c7733513df3b9b0a2c5,data/raw/teacher/train/images_train/45764.jpg
45766,4,Women,Men,0.6673564314842224,0.2941282391548157,Men,persistent_error,False,Deodorant,Yellow,Lomani Women Weekend Deo,product_name,False,False,family_46aca9a19ec7d3cb,ef4538dbadf4838718fbf256667322aa56e58469483f9c51f9e2c280f126157f,data/raw/teacher/train/images_train/45766.jpg
45768,4,Women,Men,0.5676610469818115,0.3853873312473297,Women,new_error,False,Deodorant,Blue,Lomani Women Deo,product_name,False,False,family_4a8408fb0d7a4938,497dbe8f2a8eb39cbb41ef1774fcd84c0532abef026913ca9369630ffa804601,data/raw/teacher/train/images_train/45768.jpg
45769,4,Women,Men,0.9324074983596802,0.06255939602851868,Men,persistent_error,False,Deodorant,Red,Lomani Women Deo,product_name,False,False,family_4a8408fb0d7a4938,48739170e4584cc5619327eac34f003d8fe7df4923e9844cfc4c153115095966,data/raw/teacher/train/images_train/45769.jpg
45914,0,Men,Women,0.47374406456947327,0.3886767029762268,Men,new_error,True,Watches,Black,Maxima Men Black Dial Watch,product_name,False,False,family_4d5d7bd3abf6dff9,84d27d3f0649267324abc1aec2f0353a8045c76ca4d1176238c0b4bd5a6d6880,data/raw/teacher/train/images_train/45914.jpg
45915,0,Women,Men,0.8214026093482971,0.03464534878730774,Men,persistent_error,False,Watches,Steel,Maxima Women Steel Watch,product_name,False,False,family_1033a2c8e5bc4227,debfc56bae3f19347bf2145a11fccb04cdb360f1b3706a413711d57aad210eb4,data/raw/teacher/train/images_train/45915.jpg
45933,0,Women,Men,0.5461120009422302,0.4226715564727783,Men,persistent_error,False,Watches,Silver,Maxima Women Silver Dial Watch,product_name,False,False,family_b1fdc81fafd1b85a,15801fb151cfb456c2dea9ac39ca729a4ebb4acc8807e0824a37b067ae90eb49,data/raw/teacher/train/images_train/45933.jpg
45934,0,Women,Girls,0.46651408076286316,0.44822782278060913,Women,new_error,True,Watches,Silver,Maxima Women Silver Dial Watch,product_name,False,False,family_b1fdc81fafd1b85a,a0a2a508db4939068375b30e5083a32ca5b38bf5aec75d6fa796517a1e767686,data/raw/teacher/train/images_train/45934.jpg
46100,0,Unisex,Men,0.7014003396034241,0.2682904899120331,Men,persistent_error,False,Casual Shoes,Black,ADIDAS Unisex  Black Clemente Shoes,product_name,False,False,family_96d43bb4d324660a,a307c6c8ad4b9a127557a57cf24846813c55495ebe8df1553367881574cd4067,data/raw/teacher/train/images_train/46100.jpg
46118,0,Unisex,Men,0.9665366411209106,0.03131726384162903,Men,persistent_error,False,Casual Shoes,White,ADIDAS Unisex White Court Sequence Shoes,product_name,False,False,family_314c6a37db49f371,d2c039d9b825044cde20ff8644b6db1c61c8a0fca2c7d493139a2d0dc081fda3,data/raw/teacher/train/images_train/46118.jpg
46123,0,Women,Men,0.3034190833568573,0.2914135158061981,Women,new_error,True,Necklace and Chains,Black,Adrika Black Necklace,original_no_cue,False,False,family_d6a474ab88c918fe,81b9d6b91d10f464957d8294fdf9487ee22cbdc55ac919f8ce1d22787c1f2b83,data/raw/teacher/train/images_train/46123.jpg
46159,4,Women,Men,0.8184837698936462,0.08282830566167831,Men,persistent_error,False,Necklace and Chains,Blue,Adrika Women Blue & Brown Beaded Necklace,product_name,False,False,family_2a2d45eb548efcb8,0e6210aa27d45fa68208c14fe7d14499a6747b7f26d939f046ffb20b5541e2dd,data/raw/teacher/train/images_train/46159.jpg
46160,4,Women,Men,0.7720251679420471,0.05183418467640877,Men,persistent_error,False,Necklace and Chains,Green,Adrika Women Green & Brown Beaded Necklace,product_name,False,False,family_740cb2cf2045a2a1,f830bcc7f45993d94e099dc5058cd32367709cecde9c663d475d49e8cfcacbfc,data/raw/teacher/train/images_train/46160.jpg
46294,0,Men,Women,0.9837034344673157,0.014487233944237232,Women,persistent_error,False,Deodorant,White,Jacques M Men Coquette W Deodorant,product_name,True,False,family_423cdad113b41471,e0a9aa448638d5cc46a7fb87c9d5ce3228aa189088b988c777b884b09ab4ab68,data/raw/teacher/train/images_train/46294.jpg
46307,4,Unisex,Men,0.9982873797416687,0.001281903823837638,Men,persistent_error,False,Belts,Black,ADIDAS Unisex Black Urban Belt,product_name,False,False,family_c22b50ec5dfc7410,27ffd1192fe7a6d6ba4ca7d4f4621ecd0af2c38665ce426ca9d015838168cc0c,data/raw/teacher/train/images_train/46307.jpg
46308,0,Women,Men,0.6578385829925537,0.3411980867385864,Women,new_error,False,Watches,White,Fossil Women White Dial Watch AM4183,product_name,False,False,family_6ca7c1fbccdb69a0,b68b621c5fef5a8333b20840695721084362f227d48a5f3efda9ee3ed31af2e5,data/raw/teacher/train/images_train/46308.jpg
46312,4,Women,Men,0.9378679394721985,0.02147594466805458,Men,persistent_error,True,Watches,Silver,Fossil Women Silver Dial Analog & Chronograph Watch CH2823,product_name,False,False,family_a2c7e3e56c616e6d,1c43a0ba845121072d42b64a7cd686014dac0a1683cf8bee590ea9dfd8c82d11,data/raw/teacher/train/images_train/46312.jpg
46335,4,Women,Men,0.4734065532684326,0.4447683095932007,Women,new_error,True,Sports Shoes,Black,Reebok Women Black Zignano Race Sports Shoes,product_name,False,False,family_803c2789aa1556f7,1d8a3c6bc66aea3431c2c6f6cc0776d6a81f049838db25aec673d298471de8a8,data/raw/teacher/train/images_train/46335.jpg
46418,0,Men,Women,0.8737955093383789,0.12500512599945068,Women,persistent_error,False,Watches,Olive,Timex Men Olive Green Dial Watch DV10,product_name,False,False,family_f5b83c45d0894f03,5b1c56f6f0b91febad4af1afc5cd38f0757a65b5d97310951bc0ea67c11225d8,data/raw/teacher/train/images_train/46418.jpg
46444,0,Men,Women,0.5487436652183533,0.43154218792915344,Women,persistent_error,False,Watches,Black,Timex Men Black Dial Watch,product_name,False,False,family_da63c4cd900dbf30,03d1f48fea6fdad685d41d56cfcde2e165311b5611304727854f1637a35fdce9,data/raw/teacher/train/images_train/46444.jpg
46449,4,Women,Men,0.7001057863235474,0.2995251417160034,Women,new_error,False,Watches,Silver,Timex Women Silver-Toned Dial Watch J103,product_name,False,False,family_1b57ef5a175bf0bd,bc86f026e1c471fcbeed922379fde94773f73a7f2ee09a829bb45928f7ba5132,data/raw/teacher/train/images_train/46449.jpg
46498,0,Men,Women,0.8101949095726013,0.185503751039505,Women,persistent_error,True,Watches,Black,Timex Men Black Dial Chronograph Watch,product_name,False,False,family_2aaa818d9a440fcc,1fec85770f6962eb16cd6d5b74d21fac01e43ceef26837d7b4f07e1e4f3fa47d,data/raw/teacher/train/images_train/46498.jpg
46499,0,Men,Women,0.8618065714836121,0.12664735317230225,Women,persistent_error,False,Watches,Black,Timex Men Black Dial Watch,product_name,False,False,family_da63c4cd900dbf30,51b001a1f3c3117d34e8cb5ac85d9dc4e6dfaf6f8994a48b6f990ab6d5adf299,data/raw/teacher/train/images_train/46499.jpg
46513,4,Women,Men,0.685831606388092,0.19046835601329803,Men,persistent_error,False,Watches,White,Timex Women White Dial Watch,product_name,False,False,family_baadd8db769808a6,f24019dd8c04ad9a3086be7ca9a8e060ffcf90cd3d49c40f938cbadc037265c8,data/raw/teacher/train/images_train/46513.jpg
46537,4,Women,Men,0.7579489350318909,0.1966877430677414,Men,persistent_error,False,Watches,White,Timex Women White Dial Watch,product_name,False,False,family_baadd8db769808a6,0c8e98b944faada235192e1ffe8860eceb31bb262303194147f7ca605bc1cd66,data/raw/teacher/train/images_train/46537.jpg
46624,4,Men,Women,0.6228054761886597,0.3221835196018219,Women,persistent_error,True,Deodorant,Grey,Rasasi Men Emotion Deo and Perfume Set,product_name,False,False,family_b6f257a1701f7bc6,fc5fed50bb8fb8ebdf023259555f179b341f0aa5916f3111ec2fe2f030e2e64d,data/raw/teacher/train/images_train/46624.jpg
46628,0,Women,Men,0.6738492846488953,0.31884780526161194,Men,persistent_error,False,Deodorant,Blue,Rasasi Women Blue Lady Deo,product_name,False,False,family_7a809fceada4f8c9,c082a3a74c033c4eb483e646bb3573fcb9f81ff8bbcf57654eec8f4cd41a97f2,data/raw/teacher/train/images_train/46628.jpg
46671,4,Men,Women,0.888635516166687,0.0989840030670166,Women,persistent_error,False,Perfume and Body Mist,Blue,Rasasi Men Pack of 3 Perfumes,product_name,False,False,family_93628c22ff57457a,9f9eae0d93b84a92a5d77a3aa40298360b36a18987863c9177a3fc2ca0b4af04,data/raw/teacher/train/images_train/46671.jpg
46683,4,Men,Women,0.6838026642799377,0.3107289969921112,Men,new_error,True,Perfume and Body Mist,Blue,Rasasi Men Romance Forever Perfume,product_name,False,False,family_b16ea78debeac70c,a85b741be8bf8474704872975599cdf53405bb1150193e34c30304b897ed210b,data/raw/teacher/train/images_train/46683.jpg
46693,4,Women,Boys,0.43425649404525757,0.2848558723926544,Men,persistent_error,False,Perfume and Body Mist,Blue,Rasasi Women Blue Lady Perfume,product_name,False,False,family_03ea922a56799784,210f9a712a7b1534a9899363b0b3215070c01404ed7e1dbd4f6a4c216e401743,data/raw/teacher/train/images_train/46693.jpg
46714,0,Men,Women,0.9537053108215332,0.037279848009347916,Women,persistent_error,False,Perfume and Body Mist,Black,Rasasi Men Pour Homme Perfume,product_name,False,False,family_d61806af21e6b5ff,5ff912c52b2bf7829a9e025235cd19b1817d3cf576791311f57354ad605210c6,data/raw/teacher/train/images_train/46714.jpg
46767,4,Women,Men,0.798093318939209,0.11127404868602753,Men,persistent_error,False,Perfume and Body Mist,Cream,Paco Rabanne Women Pour Perfume,product_name,False,False,family_b71c27acc7aa1a41,165500e51441182f8b396f875e1d430ef99121cfb469d409b62a8ff464546649,data/raw/teacher/train/images_train/46767.jpg
46781,4,Men,Unisex,0.42261600494384766,0.3372156023979187,Men,new_error,True,Perfume and Body Mist,Blue,Rising Wave Men Perfume,product_name,False,False,family_9b2be87b20b7a06e,5f5b32e1f65707cb99cd388e6f142429eab56574a7d6f39b470a08846c15e8b5,data/raw/teacher/train/images_train/46781.jpg
46787,0,Men,Women,0.8871080279350281,0.10363730043172836,Women,persistent_error,True,Perfume and Body Mist,Cream,Saint James Men Homme Perfume,product_name,False,False,family_6e297e4400160043,57375a99f64d86adc72a384474ae8eb4b3764ece56b36657ed40e33d8f432889,data/raw/teacher/train/images_train/46787.jpg
46799,0,Women,Men,0.9970659613609314,0.0004561229725368321,Men,persistent_error,False,Sports Shoes,Grey,Nike Women Grey Lunarglide Sports shoes,product_name,False,False,family_ba2846c090282e26,163889bfef14628ee71d65c362994fb8ccaa1e3b9c4032fa437ebf27658d5e27,data/raw/teacher/train/images_train/46799.jpg
46835,0,Girls,Boys,0.9131802320480347,0.08348717540502548,Boys,persistent_error,False,Capris,Blue,Gini and Jony Girls Blue Capri,product_name,False,False,family_0a2da82492dcb9b3,581ca8e47edc144a30fb0184b255e84729e0b2e1c891bdaf0cd6c1a7f2bbaafe,data/raw/teacher/train/images_train/46835.jpg
46846,0,Girls,Women,0.9301584362983704,0.03612516075372696,Women,persistent_error,False,Sandals,Purple,Barbie Purple Girls Slippers,product_name,False,False,family_326667459d29713f,c29ff31a7a914c985770d42a42c067d1d14e6a65091c28f223703d4a45144408,data/raw/teacher/train/images_train/46846.jpg
46851,4,Girls,Unisex,0.4443691074848175,0.21033702790737152,Boys,persistent_error,False,Flip Flops,Pink,Barbie Girls Pink Flip Flops,product_name,False,False,family_8d3a40f0a6ad8d25,483877f00e3e5d65fc8d0d9cd0ccfe341526d0fbe90a5515fc80d807642c7e42,data/raw/teacher/train/images_train/46851.jpg
46859,4,Girls,Unisex,0.6827171444892883,0.22904399037361145,Unisex,persistent_error,False,Flip Flops,Pink,Barbie Girls Pink Flip Flops,product_name,False,False,family_8d3a40f0a6ad8d25,16e592686da43a6ee5fde92cbd4613f491955152ae73766a6cc021aa159296a6,data/raw/teacher/train/images_train/46859.jpg
46861,0,Girls,Unisex,0.7355546355247498,0.07917635142803192,Unisex,persistent_error,False,Sandals,Silver,Barbie Girls Pink & Silver Sandals,product_name,False,False,family_4a8fbf0ec2663be1,55a0c4298daae681a2aecd5053b97c411b07be6c0bafae678072b60be6029dfb,data/raw/teacher/train/images_train/46861.jpg
46877,0,Men,Women,0.6107738018035889,0.328748494386673,Women,persistent_error,True,Socks,Beige,Lino Perros Men Pack of 2 Socks,product_name,False,False,family_f8caf77f5a146414,a8b0a2c65229176123021f8f751a9a380cc89bf80b0104ea93d46dcf9cb6aab2,data/raw/teacher/train/images_train/46877.jpg
46881,0,Boys,Unisex,0.6566508412361145,0.01849067024886608,Unisex,persistent_error,False,Flip Flops,Green,Ben 10 Boys Green Flip Flops,product_name,False,False,family_db57f03a166a95f0,b135f13b8a1e2bbdcd64c92f9d2ad620618f31c75324a10cf3b8f9c96d5f74f6,data/raw/teacher/train/images_train/46881.jpg
46935,0,Men,Women,0.869550347328186,0.10909871011972427,Women,persistent_error,False,Perfume and Body Mist,Blue,York Men EXZOTYK Pour Homme Eau De Toilette,product_name,False,False,family_5c366d1cc8ce032c,c6b33f2a90df675a2ca17dd4f64b99ad44d1eaa1f67ccb04bd9224519f5f1a22,data/raw/teacher/train/images_train/46935.jpg
46959,4,Boys,Unisex,0.8323706984519958,0.07217445969581604,Unisex,persistent_error,False,Flip Flops,Red,Jungle Book Boys Red Flip Flops,product_name,False,False,family_ffb370582c7af5c0,e82ee93b53f3ec3bcbaf834ee68a1d4837279802584660e211c38437ec78b504,data/raw/teacher/train/images_train/46959.jpg
46962,4,Boys,Unisex,0.562865138053894,0.4064643681049347,Boys,new_error,True,Flip Flops,Blue,Jungle Book Boys Blue  Slippers,product_name,False,False,family_f52cbf7d4696920f,2df6c4182e245627a8110d71d3e8adc1325ee34b66358c7051d953bd70337da1,data/raw/teacher/train/images_train/46962.jpg
46963,0,Boys,Unisex,0.6848882436752319,0.21368969976902008,Unisex,persistent_error,False,Flip Flops,Green,Jungle Book Boys Green Slippers,product_name,False,False,family_c04d97c0a90b6ec5,9b27261a568c1ffef87d6662a203a9ad898a7d237ed37b104252e863e86fa43d,data/raw/teacher/train/images_train/46963.jpg
47096,0,Boys,Unisex,0.6194794774055481,0.28197914361953735,Unisex,persistent_error,False,Sandals,Red,Marvel Boys Red Sandals,product_name,False,False,family_92f534fc2b9e2e83,7f1bf228858c67e7c0293fa5fb0d8bfdcfd75172b73aa5962a72a16e33af38de,data/raw/teacher/train/images_train/47096.jpg
47101,0,Boys,Unisex,0.6249366998672485,0.29461556673049927,Boys,new_error,True,Sandals,Yellow,Marvel Boys Yellow Sandals,product_name,False,False,family_d8a2bc6a54add57d,e86ba3bdc6a6603d30e7676d423c90d3cf542e65882efe1b9d781b840f218ad9,data/raw/teacher/train/images_train/47101.jpg
47111,4,Boys,Men,0.9643208980560303,0.00016790472727734596,Men,persistent_error,False,Sandals,Blue,Marvel Boys Blue Spiderman Clogs,product_name,False,False,family_cf33bf6094c02aed,6e70627a8ecc7675abd783e96d3cdd9503e4ca49f0bbfb3710e9891a7ae77802,data/raw/teacher/train/images_train/47111.jpg
47117,4,Boys,Unisex,0.5313273668289185,0.45121055841445923,Boys,new_error,False,Sandals,Blue,Marvel Boys Blue Spiderman Clogs,product_name,False,False,family_cf33bf6094c02aed,0bae75ec56c5c4e670b2448beaa4e73cd20bcc696d4cab4092c62a6b30555149,data/raw/teacher/train/images_train/47117.jpg
47282,0,Men,Girls,0.6689854860305786,0.0352746807038784,Girls,persistent_error,True,Tshirts,Pink,Myntra Men Pack of 3 T-shirts,product_name,False,False,family_9890d03776195bbb,8adabd542b0c53c3df0c31831ed04db1a6a75f134c734acb26bc33459f31b51c,data/raw/teacher/train/images_train/47282.jpg
47300,4,Women,Men,0.9902432560920715,0.005932277999818325,Men,persistent_error,False,Wallets,Brown,Baggit Women Brown Wallet,product_name,False,False,family_40ead194deaac1b9,46292ef9da30edef6c889f96bc69a06f2178bc0915d2f1c9d746a64e527b09a0,data/raw/teacher/train/images_train/47300.jpg
47331,0,Women,Men,0.6780027151107788,0.10906564444303513,Men,persistent_error,False,Mobile Pouch,Black,Baggit Women Black Raptaa Brush Mobile Pouch,product_name,False,False,family_035276e93080f850,95cae69f664f98e7424de7d3a466cb1ca046bc52cfebdb8b8121d6ed1cc5bff2,data/raw/teacher/train/images_train/47331.jpg
47346,0,Women,Men,0.276070237159729,0.27275440096855164,Women,new_error,False,Clutches,White,Baggit Women White Purse,product_name,False,False,family_9db5f4060acf7d61,038d99887ca9466b6219292be7729952e1d38448df44f15ab4f5f8cde78176ce,data/raw/teacher/train/images_train/47346.jpg
47354,4,Women,Unisex,0.6136735677719116,0.33305108547210693,Unisex,persistent_error,True,Handbags,Olive,Baggit Women Olive Green Handbag,product_name,False,False,family_a83a88c823b2163f,991f4f6fd0c4b9ed357b3d37ddcd606cb818329307453366f88a85db4b006bd5,data/raw/teacher/train/images_train/47354.jpg
47357,4,Women,Men,0.5564565658569336,0.24813751876354218,Men,persistent_error,False,Mobile Pouch,Purple,Baggit Women Purple Phulrani Brush Mobile Pouch,product_name,False,False,family_a67771b461545988,55074c4bd8bd88baa7b2ae295f9dd8e8ba2b7fd7e937b00e74344670647991d1,data/raw/teacher/train/images_train/47357.jpg
47402,0,Women,Unisex,0.7405455112457275,0.11338765174150467,Unisex,persistent_error,False,Clutches,Brown,Baggit Women Brown Parinacrush Purse,product_name,False,False,family_4bfc78a712bd70b7,a45fd4dca03cdc4860ea1a5de332ed420e2c861753cbbabd9d362d653e0dfc72,data/raw/teacher/train/images_train/47402.jpg
47501,0,Unisex,Boys,0.4680226743221283,0.39764535427093506,Boys,persistent_error,False,Casual Shoes,Red,Footfun Kids Unisex Red Shoes,product_name,False,False,family_dfb56b8ce8ee1d5d,6a367e413250276cc9aa9059885090532d58ff2d1b9f2d4eb38ee6bdbf06a9d3,data/raw/teacher/train/images_train/47501.jpg
47994,0,Men,Women,0.9743854403495789,0.02094624936580658,Women,persistent_error,False,Watches,Black,Helix Men Black Watch,product_name,False,False,family_abcc82123df31e1b,9c6141f71dbb8758a6a4da97880c51486482ec3bd0bc926038d6eb497f819821,data/raw/teacher/train/images_train/47994.jpg
47995,0,Men,Women,0.7564119696617126,0.15808138251304626,Women,persistent_error,False,Watches,Black,Helix Men Black Watch,product_name,False,False,family_abcc82123df31e1b,e26c2835cdcc7f7d8a58f4b7aaddcc78f30fe2b38b15c7b30a7489edcd7e99df,data/raw/teacher/train/images_train/47995.jpg
48021,4,Women,Unisex,0.5714091658592224,0.27586430311203003,Unisex,persistent_error,True,Watches,White,Helix Women White Dial Watch,product_name,False,False,family_82e73b135f967094,0131039da1be0ad7f4f0eb4a423154827baafc1b56b084c21d992e923d558c36,data/raw/teacher/train/images_train/48021.jpg
48023,4,Women,Unisex,0.44845879077911377,0.12468398362398148,Men,persistent_error,False,Watches,Orange,Helix Women Orange Dial Watch,product_name,False,False,family_3ed47012d6df15c5,e017b6f9542c66102892f4ff1a3ee4c2ad29021ba9928451654161275af57727,data/raw/teacher/train/images_train/48023.jpg
48112,4,Women,Men,0.9414516091346741,0.05776316672563553,Men,persistent_error,False,Belts,Brown,Fossil Women Brown Belt,product_name,False,False,family_9ccd7b43e54fce04,139ea48eb7e626fdd0c25b6795dd887d3bdfd2c454c67f968979a89ed1a38f81,data/raw/teacher/train/images_train/48112.jpg
48113,4,Women,Men,0.9401580095291138,0.05551667511463165,Men,persistent_error,False,Belts,Brown,Fossil Women Brown Belt,product_name,False,False,family_9ccd7b43e54fce04,13482d94a9eee68eda2636a6b62ed4e853b98fbdd7a1c2759a4ffcfa59641513,data/raw/teacher/train/images_train/48113.jpg
48116,4,Women,Men,0.9607428312301636,0.028178920969367027,Men,persistent_error,False,Belts,Black,Fossil Women Black Floral Grommets Belt,product_name,False,False,family_a8c71546ae2fbc3b,a433dd258a5628ee9ff6b4033f31968104acae083a669f490b4402fcc8fff270,data/raw/teacher/train/images_train/48116.jpg
48117,4,Women,Men,0.8401180505752563,0.11351576447486877,Men,persistent_error,False,Belts,Silver,Fossil Women Silver Sasha Belt,product_name,False,False,family_598898dd58be912d,945522bacb0c6b74a7b674a7fb51975dac87f0e8aac6594a62bccdbf2b816daa,data/raw/teacher/train/images_train/48117.jpg
48311,4,Women,Unisex,0.42367348074913025,0.2874700129032135,Unisex,persistent_error,False,Bracelet,Bronze,Pitaraa Women Bronze Beaded Bracelet,product_name,False,False,family_795f666214832d09,bf776735ff81f5283ec85941a78a9e3cabc22bb81b5aa7ff7f0bd0b8ab249611,data/raw/teacher/train/images_train/48311.jpg
48457,0,Men,Women,0.8645681142807007,0.1351969689130783,Women,persistent_error,True,Shorts,Multi,French Connection Men Multi Coloured Cargo Shorts,product_name,False,False,family_d014d7cd25db3255,05229626590e5dd81194f4d3ba89ee928bd2f467f2528090d56234679c128ed8,data/raw/teacher/train/images_train/48457.jpg
48460,0,Men,Women,0.9101276993751526,0.08793525397777557,Women,persistent_error,True,Shorts,Green,French Connection Men Green & White Check Cargo Shorts,product_name,False,False,family_616085ad1b5981c0,34af343250abe55ad2192800220b9be5efb9f9e20e07b5a26d3645189e78c8ff,data/raw/teacher/train/images_train/48460.jpg
48462,0,Men,Women,0.9664158821105957,0.03290792927145958,Women,persistent_error,False,Shorts,Blue,French Connection Men Blue Denim Shorts,product_name,False,False,family_e75dbe124648da15,228ac484cf6e244e689a77de8914494d35c13be4220e83cf6eefcce932f806a6,data/raw/teacher/train/images_train/48462.jpg
48559,0,Men,Women,0.5337873697280884,0.42381900548934937,Women,persistent_error,True,Bracelet,Steel,Revv Men Steel Bracelet,product_name,False,False,family_15181969a90af39c,aaeb77b20f908638ce0123865a496fe9a33d0af4c3e8953b096610b68862ecfa,data/raw/teacher/train/images_train/48559.jpg
48561,0,Men,Unisex,0.3821167051792145,0.28145483136177063,Men,new_error,False,Bracelet,Steel,Revv Men Steel Bracelet,product_name,False,False,family_15181969a90af39c,2cc46d4b9864297de7f5a5aad0a4bb42545ef82f6af3ac5d8099e61152258f3a,data/raw/teacher/train/images_train/48561.jpg
48562,0,Men,Women,0.6402291059494019,0.2879469394683838,Women,persistent_error,False,Bracelet,Steel,Revv Men Steel Bracelet,product_name,False,False,family_15181969a90af39c,c944a09e40d4cd93835c3d6cbb573a48b1a2c68ef60647f2741d0e434ba937e4,data/raw/teacher/train/images_train/48562.jpg
48564,0,Men,Women,0.9888619780540466,0.009137988090515137,Women,persistent_error,False,Bracelet,Steel,Revv Men Steel Bracelet,product_name,False,False,family_15181969a90af39c,fc0d6c4b21000c46feb11ee55cc83892fb78204b0f5b7a39a588cd2fc4d406f0,data/raw/teacher/train/images_train/48564.jpg
48566,4,Women,Men,0.7792680859565735,0.07874992489814758,Men,persistent_error,False,Bracelet,Silver,Lucera Women Silver Bracelet,product_name,False,False,family_a9f5f625df23d7b4,c19655dd96b8044a561c59f718bc58d9615e102fd67c8d55717d5d6d72a843e7,data/raw/teacher/train/images_train/48566.jpg
48576,0,Men,Women,0.6074815988540649,0.3825053870677948,Women,persistent_error,False,Bracelet,Steel,Revv Men Steel Bracelet,product_name,False,False,family_15181969a90af39c,5f0ef83536a036d1667f28311df2d373cab2df608da9c7d2009ca9ba3c9cc9a9,data/raw/teacher/train/images_train/48576.jpg
48578,0,Men,Women,0.5787915587425232,0.3500199019908905,Men,new_error,True,Bracelet,Steel,Revv Men Steel Bracelet,product_name,False,False,family_15181969a90af39c,ea0c162a2634787e2e75b4b5db1c2039daa7128f0b4bb408558759c0044cdb34,data/raw/teacher/train/images_train/48578.jpg
48579,0,Men,Women,0.9940482378005981,0.0029862241353839636,Women,persistent_error,False,Bracelet,Steel,Revv Men Steel Bracelet,product_name,False,False,family_15181969a90af39c,8eb70cd71e6c59adb99bb701ff156afa1c736ba73f198817f9184e090761adc6,data/raw/teacher/train/images_train/48579.jpg
48580,0,Men,Women,0.8219295740127563,0.15904928743839264,Women,persistent_error,False,Bracelet,Steel,Revv Men Steel Bracelet,product_name,False,False,family_15181969a90af39c,bafa419bc62a049be0f75073286efa9ba36ec8266e084e6e76e1ca09b3e2646e,data/raw/teacher/train/images_train/48580.jpg
48581,0,Men,Women,0.90655916929245,0.08357363194227219,Women,persistent_error,False,Bracelet,Steel,Revv Men Steel Bracelet,product_name,False,False,family_15181969a90af39c,9925ce198275ac5d8c1565f2cdc6fc3fd4b46a25158bbb90711b485e4fa9a78f,data/raw/teacher/train/images_train/48581.jpg
48582,0,Men,Women,0.5856967568397522,0.41276487708091736,Women,persistent_error,False,Bracelet,Steel,Revv Men Steel Bracelet,product_name,False,False,family_15181969a90af39c,ee329462976f456e4cdc6c1f9201da5e32e3e2e462586c51d2566b8d3eaad198,data/raw/teacher/train/images_train/48582.jpg
48583,0,Men,Women,0.9668374061584473,0.031316231936216354,Women,persistent_error,False,Bracelet,Steel,Revv Men Steel Bracelet,product_name,False,False,family_15181969a90af39c,22fbb5d4a950f475893d978733ba7e7a2f338fc8df0c0044babe5db604c6577c,data/raw/teacher/train/images_train/48583.jpg
48584,0,Men,Women,0.6425066590309143,0.24149677157402039,Women,persistent_error,False,Bracelet,Steel,Revv Men Steel Bracelet,product_name,False,False,family_15181969a90af39c,63a6601bd1556716fc353892c5000d5200066a1caed4be0048985d9715e7e599,data/raw/teacher/train/images_train/48584.jpg
48617,0,Women,Boys,0.3984285593032837,0.04937271401286125,Boys,persistent_error,False,Earrings,Silver,Lucera Women Silver Earrings,product_name,False,False,family_3a8dd25529104cb0,bc49aa62eb37b923f69b4a21589146532a31d6a4773cdaa9f862d79afd55e36d,data/raw/teacher/train/images_train/48617.jpg
48731,4,Men,Women,0.8477520942687988,0.10063055157661438,Women,persistent_error,False,Bangle,Steel,Revv Men Steel Bangle,product_name,False,False,family_45ba9b98a87079a7,fe96a7266021ca5f2a53a223c76091556dd0fd608171537d2dbaef9236d2516b,data/raw/teacher/train/images_train/48731.jpg
48732,4,Men,Women,0.891912579536438,0.0791594535112381,Women,persistent_error,False,Bangle,Steel,Revv Men Steel Bangle,product_name,False,False,family_45ba9b98a87079a7,d0eae0da122e81a7d763e543495b2fd965e2ad9820fcfd50b0905468b769632a,data/raw/teacher/train/images_train/48732.jpg
48733,4,Men,Women,0.7309278845787048,0.1577829271554947,Women,persistent_error,False,Bangle,Steel,Revv Men Steel Bangle,product_name,False,False,family_45ba9b98a87079a7,c07aee7395a8137fa8cdbc1bf0830110919a671408a926c04b8f1590924b5dd9,data/raw/teacher/train/images_train/48733.jpg
48734,4,Men,Women,0.8940573334693909,0.025401316583156586,Women,persistent_error,False,Bangle,Steel,Revv Men Steel Bangle,product_name,False,False,family_45ba9b98a87079a7,81b978728bbf5a900ab35fd79a1b79843eba34c509e9132ae8fa60812db92626,data/raw/teacher/train/images_train/48734.jpg
48735,4,Men,Women,0.7953053712844849,0.06270531564950943,Women,persistent_error,False,Bangle,Steel,Revv Men Steel Bangle,product_name,False,False,family_45ba9b98a87079a7,3a81550f5b93e9dd30f290a6b97e3e5d2d291872c1e16067dcb37ea0ed0be291,data/raw/teacher/train/images_train/48735.jpg
48737,4,Men,Boys,0.5037399530410767,0.4031759798526764,Men,new_error,True,Bangle,Steel,Revv Men Steel Bangle,product_name,False,False,family_45ba9b98a87079a7,9ad7c21e4de95fa04cbadfada052037706111dc6f8b231637837891d3f8bc25f,data/raw/teacher/train/images_train/48737.jpg
48739,4,Men,Women,0.8160958290100098,0.09509384632110596,Women,persistent_error,False,Bangle,Steel,Revv Men Steel Bangle,product_name,False,False,family_45ba9b98a87079a7,94f0ae3930f868a3960b5c73bec13a088743eb8e9a76bb665aad66d0ebb5b6fe,data/raw/teacher/train/images_train/48739.jpg
48741,4,Men,Women,0.9750977754592896,0.00586202135309577,Women,persistent_error,False,Bangle,Steel,Revv Men Steel Bangle,product_name,False,False,family_45ba9b98a87079a7,b5ce0398898f7e05ae124cf56f238db7cbcf834f492ae9b6c5e0b16d9c675280,data/raw/teacher/train/images_train/48741.jpg
48742,4,Men,Women,0.6181318759918213,0.06481043249368668,Women,persistent_error,False,Bangle,Steel,Revv Men Steel Bangle,product_name,False,False,family_45ba9b98a87079a7,eee0b71fa4b4a18b5165627bd03ccec067691df638366ca5df54021f24fb4c64,data/raw/teacher/train/images_train/48742.jpg
48743,4,Men,Women,0.8815474510192871,0.047005120664834976,Women,persistent_error,False,Bangle,Steel,Revv Men Steel Bangle,product_name,False,False,family_45ba9b98a87079a7,1338492dd0a27746aba156aa5b49a60b6c3554578a202bdc313fe51f0d2c89fe,data/raw/teacher/train/images_train/48743.jpg
48744,4,Men,Unisex,0.8794026970863342,0.09253774583339691,Unisex,persistent_error,True,Bangle,Steel,Revv Men Steel Bangle,product_name,False,False,family_45ba9b98a87079a7,503295d6c24afb59b74fc688c5ee72032dbe01f975415680ed18137fd43f12b6,data/raw/teacher/train/images_train/48744.jpg
49105,0,Women,Men,0.8322733640670776,0.11981639266014099,Men,persistent_error,True,Kajal and Eyeliner,Black,Deborah Precisione Waterproof Black Eye Liner,original_no_cue,False,False,family_5fa368e9575154e2,637c26a71c9c423544c434e4f8df7042ce5f2765d1fb11dc15ee22226f3cd92a,data/raw/teacher/train/images_train/49105.jpg
49157,0,Women,Men,0.8540048003196716,0.09997329860925674,Men,persistent_error,False,Kajal and Eyeliner,Black,Deborah Precisione Black Eye Liner,original_no_cue,False,False,family_5fa368e9575154e2,6ff9adccde884b9c843b19b41128a713e60f040f99a622896b5a7b7e249d4261,data/raw/teacher/train/images_train/49157.jpg
49236,4,Men,Unisex,0.6698199510574341,0.26646578311920166,Men,new_error,True,Caps,Cream,Arrow Men Cream Cap,product_name,False,False,family_37c95232ab44cc85,5fa56a7fd9cbcf2a4b515a1809522847d1bb6a4a8f127fcd3fd1264e718b6376,data/raw/teacher/train/images_train/49236.jpg
49244,4,Men,Unisex,0.5096551775932312,0.48611488938331604,Men,new_error,True,Caps,Black,Arrow Men Black Cap,product_name,False,False,family_66c5da0d84380b3a,2acb6a73b2ef49e1791df8a012c32803e5a70cd309536b7b0317ec9bdf409f40,data/raw/teacher/train/images_train/49244.jpg
49299,0,Women,Men,0.6396334767341614,0.20124757289886475,Women,new_error,True,Socks,Beige,Arrow Women Pack Of 5 Socks,product_name,False,False,family_05c184f141f63680,f493256d4b32598c3a202c0495f505f3826380e2b7f2196120520c240684a396,data/raw/teacher/train/images_train/49299.jpg
49328,4,Women,Men,0.8049092292785645,0.17752869427204132,Men,persistent_error,False,Watches,White,DKNY Women White Dial Watch NY8283,product_name,False,False,family_926f7d79b1391a7e,ffc5132fc6df8b600191fcd66a36ff43eb6c54de3e570cc547a1e36a01d93c6b,data/raw/teacher/train/images_train/49328.jpg
49408,4,Men,Unisex,0.6932786107063293,0.3053216338157654,Unisex,persistent_error,True,Casual Shoes,Black,Vans Men Black Era Shoes,product_name,False,False,family_8881360ed7d00e88,eab93cebb9efcad612a161c1f5b2dc54c23821710921073714d7d7a3f656f583,data/raw/teacher/train/images_train/49408.jpg
49420,0,Men,Unisex,0.8055276870727539,0.17681172490119934,Unisex,persistent_error,False,Casual Shoes,Blue,Vans Men Blue 106 Vulcanized Shoes,product_name,False,False,family_9a9af9325b25c238,12988e6c4d6221d5d2dabb00abff634a7fc48474a34131142bb45c4c5b5eba93,data/raw/teacher/train/images_train/49420.jpg
49460,4,Unisex,Women,0.4177817404270172,0.4097039997577667,Women,persistent_error,True,Casual Shoes,Purple,Vans Unisex Wine Authentic Shoes,product_name,False,False,family_3d25bad3e285d8af,7cf5dbc249e88d71ee05bddd2457f00b049cce5f5464dacbbd01822521e3e65b,data/raw/teacher/train/images_train/49460.jpg
49791,0,Men,Unisex,0.7932305932044983,0.08099513500928879,Unisex,persistent_error,False,Caps,Yellow,Flying Machine Men Yellow Cap,product_name,False,False,family_f37eeaab99812da2,cc427b6d7d148a800244baf83e16a3ddac5e5f15f90bf809c8eae03d7bd0b2f2,data/raw/teacher/train/images_train/49791.jpg
49792,0,Men,Unisex,0.5012637376785278,0.2064276784658432,Unisex,persistent_error,False,Caps,Green,Flying Machine Men Green Cap,product_name,False,False,family_543c1d4e9ac475c7,4b225f70c139018a2cef16709000a11c9f3acf4c6af64c5b39ec7175f3fc1b37,data/raw/teacher/train/images_train/49792.jpg
49798,0,Men,Unisex,0.5215707421302795,0.47569942474365234,Unisex,persistent_error,False,Caps,Green,Flying Machine Men Green Cap,product_name,False,False,family_543c1d4e9ac475c7,bddfcd91366514e4edc0f97d7f166f6392bf695f860eb54a7b3eb6d40d371212,data/raw/teacher/train/images_train/49798.jpg
49804,4,Men,Unisex,0.7442045211791992,0.20820258557796478,Unisex,persistent_error,False,Caps,Khaki,Flying Machine Men Khaki Cap,product_name,False,False,family_c14a9275f0e3e638,7dbe2a4f1be80f51d05952f819910c2fc4b6a5be6b0f47fe6ed3f9b42d57c294,data/raw/teacher/train/images_train/49804.jpg
49851,0,Unisex,Men,0.9209280014038086,0.04413505271077156,Men,persistent_error,False,Watches,Black,Q&Q Unisex Black Digital Stop Watch,product_name,False,False,family_0be8586e0331ed24,d45d7640c36b705fb9d917aee0ab10a160b83734a40fad1a2ec7dbd304ac5874,data/raw/teacher/train/images_train/49851.jpg
49860,4,Unisex,Women,0.9844426512718201,0.010071830824017525,Women,persistent_error,True,Watches,Purple,Q&Q Kids Unisex Purple Digital Watch,product_name,False,False,family_a7c3ed5d9d885633,0aaef6c88780b8a5f33eadaa974ba883336119cb69c00e5200ca98a75de8225e,data/raw/teacher/train/images_train/49860.jpg
49863,4,Girls,Women,0.6300421953201294,0.33742380142211914,Women,persistent_error,False,Watches,Pink,Q&Q Kids Girls Pink Digital Watch,product_name,False,False,family_71e2f2b504bb5c85,43ee0ac6bd71a7ab0be2235bd94196884069e61ff896e9cc6f668599d8ff75a4,data/raw/teacher/train/images_train/49863.jpg
49864,4,Unisex,Women,0.9066966772079468,0.040529608726501465,Women,persistent_error,False,Watches,Purple,Q&Q Kids Unisex Purple Digital Watch,product_name,False,False,family_a7c3ed5d9d885633,3dabb107be70f40dccc3a16a24b7db74b88872cd8fd136c535b579b8e05e7223,data/raw/teacher/train/images_train/49864.jpg
49892,4,Unisex,Women,0.46890372037887573,0.426040917634964,Women,persistent_error,True,Watches,Blue,Q&Q Kids Unisex Blue Dial Analog Watch,product_name,False,False,family_ae7e8e4fec4e1ee1,64c6a79f507ee56f8cefd294513755bb2a9ec9841f194f78caef7f30ee8358d4,data/raw/teacher/train/images_train/49892.jpg
49903,0,Unisex,Women,0.5053884387016296,0.2667696177959442,Women,persistent_error,False,Watches,Yellow,Q&Q Kids Unisex Yellow Dial Analog Watch,product_name,False,False,family_5de5f7f1858f0eb5,f39d4ddcb0e6da408846d4d01ed8abd3595c07a8c2d20f32ca22719ba92beb36,data/raw/teacher/train/images_train/49903.jpg
49906,0,Unisex,Women,0.6319361925125122,0.11857181787490845,Women,persistent_error,False,Watches,Yellow,Q&Q Kids Unisex Yellow Dial Analog Watch,product_name,False,False,family_5de5f7f1858f0eb5,88379a00c8159ae25fd3234e10edc2e11588113c175c1b5e73fc34a8eae853a2,data/raw/teacher/train/images_train/49906.jpg
50016,0,Men,Women,0.9861932396888733,0.013760432600975037,Women,persistent_error,False,Innerwear Vests,Grey,Hanes Men Grey Duo Dry Body Fit Crew T-shirt,product_name,False,False,family_3cd3ef2fff8d8a2c,a4cf98da5c517d44e7fcb8609d5f15f1784b54bea9b6d8ac4f1c99e33a1c9193,data/raw/teacher/train/images_train/50016.jpg
50200,0,Women,Unisex,0.44306662678718567,0.15176841616630554,Men,persistent_error,True,Sunglasses,Brown,Stoln Women Brown Sunglasses,product_name,False,False,family_e11e69024ab97a25,e0894c758c59e70e231d30d650d8864f67d089bbbb6608bf14b6cc2fccf8e075,data/raw/teacher/train/images_train/50200.jpg
50230,0,Women,Men,0.9731258153915405,0.007584151346236467,Men,persistent_error,False,Sunglasses,Brown,Stoln Women Brown Sunglasses,product_name,False,False,family_e11e69024ab97a25,c970f48a42b23d66b96ec90f3a40ea3c6ab126c12570e83ba53e117010e4bd97,data/raw/teacher/train/images_train/50230.jpg
50234,4,Women,Men,0.9387751817703247,0.013067672960460186,Men,persistent_error,False,Free Gifts,White,Stoln Women White Sunglasses,product_name,False,False,family_d7f0caa24ece2ef1,4cc749ba00d41f10ce8b5feaaf22cce70b8f06b2b4c735d9ec018e3a0ce99fdd,data/raw/teacher/train/images_train/50234.jpg
50406,0,Women,Men,0.5833383798599243,0.38739874958992004,Women,new_error,True,Watches,Black,Miss Sixty Black Dial Watch,original_no_cue,False,False,family_eb7c002604b6a6ea,71382c5704addf72e97ecbfafe2ce691d825538cfa7697b05b8629d903f13cc9,data/raw/teacher/train/images_train/50406.jpg
50426,4,Unisex,Women,0.9837709665298462,0.012301042675971985,Women,persistent_error,False,Handbags,Khaki,Lino Perros Unisex Khaki Bag,product_name,False,False,family_d943780209b80194,d24d3f4384bc605248e4aca7c6eb2c9e7d6ea70eb360a68385317f1469648db7,data/raw/teacher/train/images_train/50426.jpg
50431,4,Unisex,Women,0.4924698770046234,0.4723898768424988,Women,persistent_error,False,Handbags,Khaki,Lino Perros Unisex Khaki Bag,product_name,False,False,family_d943780209b80194,c3fb6ff2b51e1ad51d1d8b761c17954d88f485608193b5626e8c54eec76b0b43,data/raw/teacher/train/images_train/50431.jpg
50432,0,Unisex,Women,0.8955321311950684,0.09979425370693207,Women,persistent_error,False,Backpacks,Green,Lino Perros unisex Green Backpack,product_name,False,False,family_6fbdc2fda59c895e,bd5e14213b35cac718b75d645fcee9661992b31489e656cccbe2bf13980cf7a6,data/raw/teacher/train/images_train/50432.jpg
50815,0,Unisex,Women,0.9946011304855347,0.004802540875971317,Women,persistent_error,False,Wallets,Brown,New Hide Unisex Brown Passport Holder,product_name,False,False,family_59cb9c3558017e38,e453b5969d0cdbf76128b2844af947cd14960ac70af370cd8cd47ebe2c01889b,data/raw/teacher/train/images_train/50815.jpg
51053,0,Women,Men,0.5193581581115723,0.47130975127220154,Women,new_error,False,Briefs,Green,Enamor Women Green Bikini Brief,product_name,False,False,family_573bdf99980c0419,cf63e7251d6000abfd5dbc0bab979c566017480f30e93452497eefda56f58f58,data/raw/teacher/train/images_train/51053.jpg
51142,4,Men,Women,0.42642679810523987,0.07261896133422852,Women,persistent_error,True,Socks,White,Parx Men White Socks,product_name,False,False,family_5350e9398c198f1c,05a75d331a4f825105ff6e634c6d399fa4bb95b58a52b365a756df48e8f1fc93,data/raw/teacher/train/images_train/51142.jpg
51143,4,Men,Women,0.7681868672370911,0.09939824044704437,Women,persistent_error,False,Socks,White,Parx Men White Socks,product_name,False,False,family_5350e9398c198f1c,c515f661359d5131cbbee1e9db65bd2e71a5e46c9725c09aabfc27c121c0c5b0,data/raw/teacher/train/images_train/51143.jpg
51320,0,Unisex,Women,0.5804417133331299,0.305210143327713,Women,persistent_error,False,Travel Accessory,Black,Wildcraft Unisex Black Travel Pouch,product_name,False,False,family_1c7d84d11f6257a1,f8aa1a7ce4e457297b817fb1b0f83b3369143e20e8f51f41db5edb2e9f034ffd,data/raw/teacher/train/images_train/51320.jpg
51546,4,Women,Men,0.8856026530265808,0.09044197201728821,Men,persistent_error,True,Watches,Black,Fastrack Women Black Watch,product_name,False,False,family_f583fe3d2c4efb34,7d2b589a0abe18fbc85ac2bc61235ed9241064f9f04951e72809815491536533,data/raw/teacher/train/images_train/51546.jpg
51548,0,Women,Men,0.9621872305870056,0.027913924306631088,Men,persistent_error,False,Watches,White,Fastrack Women White Dial Watch,product_name,False,False,family_bb8d5a79bc625398,1cab1a7372d841f0917f7ce57e05b21695b1d425ff227deac56ae62434164716,data/raw/teacher/train/images_train/51548.jpg
51638,0,Unisex,Women,0.7032288312911987,0.07135722041130066,Women,persistent_error,False,Watches,Gold,Fossil Unisex Gold-Toned Dial Chronograph Watch FS4724,product_name,False,False,family_40bc9e356a91f37d,4f1dafeda66b95df5e79cec6d880081734b01e1f1f87d6a282a7bf8add2fbf20,data/raw/teacher/train/images_train/51638.jpg
51693,4,Unisex,Men,0.6634619832038879,0.2932361662387848,Men,persistent_error,False,Sunglasses,Brown,Van Heusen Unisex Brown Sunglasses,product_name,False,False,family_a8cacaec6fd8f37d,c3b8acededdaebc286bc91ee39ff32254ff7fe93ce4e31c581776a7f81035139,data/raw/teacher/train/images_train/51693.jpg
51699,4,Unisex,Men,0.9044771790504456,0.07954087853431702,Men,persistent_error,False,Sunglasses,Silver,Van Heusen Unisex Blue Aviator Sunglasses VH217-C2,product_name,False,False,family_b5523137af330658,75fc4b3060ab485ae1fb2983d7f0559755d0845e19c2c8af17d539d9a4cbece1,data/raw/teacher/train/images_train/51699.jpg
51702,4,Unisex,Men,0.5623548030853271,0.4003467261791229,Men,persistent_error,True,Sunglasses,Grey,Van Heusen Unisex Sunglasses VH220-C3,product_name,False,False,family_16a7c826f738d517,f416e9dcc9fee2e061a3d9ad88aaa3090f753e9d64f5f42a61ad05244ead5e77,data/raw/teacher/train/images_train/51702.jpg
51704,4,Unisex,Men,0.5291562676429749,0.02854272350668907,Women,persistent_error,False,Sunglasses,Purple,Van Heusen Unisex Sunglasses VH220-C2,product_name,False,False,family_a7b42d105ff45595,31776b116d55ff7879901dba99beb64f2f5b511996726d040c1633abfe101a5e,data/raw/teacher/train/images_train/51704.jpg
51714,4,Unisex,Men,0.9362545609474182,0.023110777139663696,Men,persistent_error,False,Sunglasses,Purple,Allen Solly Unisex Sunglasses AS236-C4,product_name,False,False,family_144740ca6e571533,0d143019c0c6dd570d76d135320e6765d35211a266b9271ba028901201ca71c0,data/raw/teacher/train/images_train/51714.jpg
51721,0,Unisex,Men,0.9745820760726929,0.02498369850218296,Men,persistent_error,False,Sunglasses,Purple,Allen Solly Unisex Sunglasses AS234-C1,product_name,False,False,family_875a0a6e51e74d4e,0a91f306f5e066219337d8f033d92ec0d7f42fba57b3bb6833e1e91412aa009e,data/raw/teacher/train/images_train/51721.jpg
51944,4,Unisex,Women,0.8481029272079468,0.025279177352786064,Women,persistent_error,False,Tablet Sleeve,Brown,Yelloe Unisex Brown iPad Sleeve,product_name,False,False,family_65a55dd7950ccd1d,8a7c523e239d3067456612a697db9c5e94f521e1b0559b638f65ccb89f7dea41,data/raw/teacher/train/images_train/51944.jpg
51947,4,Unisex,Women,0.9131437540054321,0.020124804228544235,Women,persistent_error,False,Handbags,Black,Yelloe Unisex Black Sling Bag,product_name,False,False,family_5a675326f40d7de7,5872ceb7e1e13f193fc0b86bf3904a55f5cc42b3705909342010de13a45503be,data/raw/teacher/train/images_train/51947.jpg
