id,path,width,height,aspect_ratio,mode,file_bytes,file_sha256,byte_sha256,pixel_sha256,dhash,brightness,contrast,colorfulness,saturation,edge_sharpness,error
1552,/localhome/local-lintran/MLA2/data/raw/original/images/1552.jpg,1800,2400,0.75,RGB,180525,004a098707b12a6281560f18dc83f36067c973058ebbfc97aceffeceaea68497,004a098707b12a6281560f18dc83f36067c973058ebbfc97aceffeceaea68497,224ef1943e0e864f86deab2bda4e98f1b56b37ae6594af80992b41caa2f5b907,f0d0b255740cccf0,199.04210555555557,40.81594424854053,50.47924568138461,0.10886062200191178,29.627734083698094,
1555,/localhome/local-lintran/MLA2/data/raw/original/images/1555.jpg,1800,2400,0.75,RGB,139372,ee6e8f43e43fd4213b4531d1a00155a78f85a2746f8284887f4fb7328af82314,ee6e8f43e43fd4213b4531d1a00155a78f85a2746f8284887f4fb7328af82314,167e1ac2677a47483de58b8eb5f560f252fa683f466f7d6a083767fc63aac0a0,c8cc8e96969696cc,179.5701650462963,42.41970102130198,87.5404217079035,0.23465236896084227,3.749963755529308,
1565,/localhome/local-lintran/MLA2/data/raw/original/images/1565.jpg,1800,2400,0.75,RGB,423958,77be5745c68bf981ccfda98dfd268022143398da123d44c34bde4dff42d28481,77be5745c68bf981ccfda98dfd268022143398da123d44c34bde4dff42d28481,51d5d5f7a8e256064e13ea7296c317be585a5f452c678f5ccbdc240bfbc59ab6,cc163339696d7170,184.1895247685185,30.957884848569726,47.733940624856345,0.3093489096711754,32.89776824382223,
1573,/localhome/local-lintran/MLA2/data/raw/original/images/1573.jpg,1080,1440,0.75,RGB,263210,2df4b39bb97761c0d6f49005ced2bdb816bd79d82045c94eb1acfaa725d9b910,2df4b39bb97761c0d6f49005ced2bdb816bd79d82045c94eb1acfaa725d9b910,bc2b68db4ae42f371a0a8a71db99a295302c822b8df25a30f1593ba05d58ae92,4646161616161616,220.56275527263375,67.75088608364749,18.06315908041461,0.042662451997767324,30.998110287398482,
1583,/localhome/local-lintran/MLA2/data/raw/original/images/1583.jpg,1080,1440,0.75,RGB,308464,18b578a4bb6baec7717322f50729459c88023b116e26aae76c8e64821f762bef,18b578a4bb6baec7717322f50729459c88023b116e26aae76c8e64821f762bef,d2695ccb8bd189cf05be468740f5c95eeb1d770e0ef7bb1964bf11e8f9f9af66,4d1d979696969696,183.7693949331276,97.75711494993614,23.45226049600394,0.12487912340805282,33.274710735292224,
1603,/localhome/local-lintran/MLA2/data/raw/original/images/1603.jpg,1080,1440,0.75,RGB,386362,f523954efe62cdc1d7dcff881215a8e276946e417727e0af640ed2910ca282d2,f523954efe62cdc1d7dcff881215a8e276946e417727e0af640ed2910ca282d2,a4eb6359fab1d16f797547e1592b5e5a42d4bd95bdaf262fa18385745f95edc9,080f0d1e33330f1f,170.57782664609053,103.05727458813247,27.588514531326304,0.22640917687088838,36.99281664671738,
1607,/localhome/local-lintran/MLA2/data/raw/original/images/1607.jpg,1080,1440,0.75,RGB,386231,898bac8c585d0aa33a9351e2aad277824c012d490ec751ffe23962a78ce14aef,898bac8c585d0aa33a9351e2aad277824c012d490ec751ffe23962a78ce14aef,ea8e1d12478ef95e17edef0386d8baec78bf077d4c3c8a576b8bc034856bb787,1717171617133333,157.1862750771605,97.25457707672363,20.670634653966665,0.20280493283396905,46.755463853173225,
1609,/localhome/local-lintran/MLA2/data/raw/original/images/1609.jpg,1080,1440,0.75,RGB,198961,208c0ddebddd91a8246ee11acc25a8f4bcf02127e6ac6d4e8311daee3196d77d,208c0ddebddd91a8246ee11acc25a8f4bcf02127e6ac6d4e8311daee3196d77d,94e7678d1d9ff99588b7f45b4ac107d0d48359af25eab37d61af1d47a42ed526,0f4d97134b1f9f96,192.82456597222222,79.37834046653947,76.4118150845707,0.24999265448072397,28.42249121587706,
1636,/localhome/local-lintran/MLA2/data/raw/original/images/1636.jpg,1080,1440,0.75,RGB,275276,d04dc62e210dd1186cfdb7f917226107d1923c5c40e055b3cc75471e91ed4c54,d04dc62e210dd1186cfdb7f917226107d1923c5c40e055b3cc75471e91ed4c54,091e406c83fd5bd9b5d0768b5f0357e7b43a222fa9dc64589eec2d9ee677e665,04302d4e59070409,234.99718428497943,51.93252648898923,8.585197548593861,0.007955690490293413,54.891048560433475,
1642,/localhome/local-lintran/MLA2/data/raw/original/images/1642.jpg,1080,1440,0.75,RGB,247749,0d4790c2b66e55aab45a487d5b7f9286cde00f3cfb4d9d2da4a513348016f6d7,0d4790c2b66e55aab45a487d5b7f9286cde00f3cfb4d9d2da4a513348016f6d7,f842adb04991c40ccc6b5ffd467782a8659dae4cff7d5986601c5b41f29e5280,00312c6711090011,232.45659014917695,49.67117922006282,44.939683538314846,0.06932967726227278,31.643472720954477,
1654,/localhome/local-lintran/MLA2/data/raw/original/images/1654.jpg,1080,1440,0.75,RGB,213669,db7680a6a0e2805aaa6c3dd95ca89d009a6399b02e7030224eab962669a1daaf,db7680a6a0e2805aaa6c3dd95ca89d009a6399b02e7030224eab962669a1daaf,8bf3ee574c9103072e068e6fcefc835ee066fc15b8a777bd4c70ce6f818496c4,20002c2633110420,246.97269611625515,16.254450909816047,1.395344713512526,0.002819283596377189,4.669819298042396,
1697,/localhome/local-lintran/MLA2/data/raw/original/images/1697.jpg,1800,2400,0.75,RGB,213370,4cd38c8abee678bd1f7fb5850826b9102be0881842b036a53274b9e2eca27059,4cd38c8abee678bd1f7fb5850826b9102be0881842b036a53274b9e2eca27059,1fcf1acde534de34887cb3d3527763caad3a35ac4311d3a9a88a83edea8e0f5a,f0e88e96b6b697ce,170.43598217592591,59.74250178703396,5.871969475218748,0.04447458975648679,13.858992565830611,
1756,/localhome/local-lintran/MLA2/data/raw/original/images/1756.jpg,1800,2400,0.75,RGB,228843,bdacaed161cef67fd5893783da0b2f5b2c9a5e174a37213115efc4ce2d820ef8,bdacaed161cef67fd5893783da0b2f5b2c9a5e174a37213115efc4ce2d820ef8,32e33ddf055f6ccb9a129535de1586c83872785f1363bbe27d0f63aedcb90dfb,4ccc4cccb1797923,208.01753935185187,41.90809739290677,26.760996128685395,0.09228142557510265,28.36274184209917,
1804,/localhome/local-lintran/MLA2/data/raw/original/images/1804.jpg,1080,1440,0.75,RGB,223987,df78da3adbc74eaeea3ed866b35a448708a3a7295ade71820bff9ebe690ba28c,df78da3adbc74eaeea3ed866b35a448708a3a7295ade71820bff9ebe690ba28c,14d9f554a87fcf070ddf85dda15d29db9f72d350438c7f7af4ea8f69f39cb13b,9abb2b2b27333333,135.80006430041152,89.02577997264986,35.440723738365136,0.17078580240955885,33.714459695998556,
1809,/localhome/local-lintran/MLA2/data/raw/original/images/1809.jpg,1080,1440,0.75,RGB,331754,a6cddf435731105af378850e28860b48a8a5e8c68c1827d4da3ee897def87828,a6cddf435731105af378850e28860b48a8a5e8c68c1827d4da3ee897def87828,45e35f90c4339802a872f68e68f09f58e61217e45d95dca61fe1ce723c644b74,0d8d0e2f2d3f0c6d,196.90175347222223,72.35855591750355,53.44129529458116,0.18773596664352452,51.99155662380787,
1810,/localhome/local-lintran/MLA2/data/raw/original/images/1810.jpg,1800,2400,0.75,RGB,277186,bc26244aeee72d4b2347392fbffd4b4aa6ecd96caa662f91ed80ec41a69fca4a,bc26244aeee72d4b2347392fbffd4b4aa6ecd96caa662f91ed80ec41a69fca4a,7e4aace07b7703a20f49c0785f8a1b8023484cdf19578e1bfb8e936cc441cbae,4d4d0e0f33155517,184.45542175925925,74.608979205309,107.94538682862819,0.33026670772489075,12.473433266171055,
1813,/localhome/local-lintran/MLA2/data/raw/original/images/1813.jpg,1080,1440,0.75,RGB,178261,8bb8c4695aa9a0ff8a94f1eee0986cb8073623a0e9fa1e0523773ed449b91f2c,8bb8c4695aa9a0ff8a94f1eee0986cb8073623a0e9fa1e0523773ed449b91f2c,b2c2dd80a8e1377c3044d6d57e5620cc360acfb5c572ddfe5b7d1669b10e7d04,4a0f1d16373f3f1f,191.88101980452674,78.5219631855278,32.445633859643124,0.14196839834231853,26.59756618659665,
1848,/localhome/local-lintran/MLA2/data/raw/original/images/1848.jpg,1080,1440,0.75,RGB,92525,7da56c10c6b84ac07fe02fa5ea673465d11805cc4ea2118ad5c2815134ccefbb,7da56c10c6b84ac07fe02fa5ea673465d11805cc4ea2118ad5c2815134ccefbb,2f0f4bafda76e2c41bc3a53cf6df332ac905c66ad78010814125eefafb0c9524,4d4d8e3733171717,164.61231159979423,100.1633186954282,25.81291736387181,0.10379420902919088,42.48809703077339,
1857,/localhome/local-lintran/MLA2/data/raw/original/images/1857.jpg,1800,2400,0.75,RGB,490503,809c9ab5b87abc35f42bd00c1a9a7fd4d16921e80c63e85beb4f1de09ecff53b,809c9ab5b87abc35f42bd00c1a9a7fd4d16921e80c63e85beb4f1de09ecff53b,9c4291ef7efdbba610cee40e114ffdfe1cccc93d519aaf45dd3c8dc65dc33073,0f4d0e36370f1e16,180.04201782407407,95.95218773446616,23.766447070872246,0.09559625460665827,135.46724217791055,
1862,/localhome/local-lintran/MLA2/data/raw/original/images/1862.jpg,1800,2400,0.75,RGB,621410,4441cef40cc85697d7019938fc404b1656bcf0b4d21c27f2d56fbdca336c2ebd,4441cef40cc85697d7019938fc404b1656bcf0b4d21c27f2d56fbdca336c2ebd,92b0b717723e3217f31bb7bb86aecc24cb61256de061ecb753876a313a570a3b,0d4d8e36333b1f16,197.62524189814815,77.05094042570452,23.429996285341108,0.0769645348636064,268.70076564996873,
1876,/localhome/local-lintran/MLA2/data/raw/original/images/1876.jpg,1800,2400,0.75,RGB,374631,8884cd5185d7b63f14abf0f44cfdcadffc642b509bf7393d8ada286d2fa33d87,8884cd5185d7b63f14abf0f44cfdcadffc642b509bf7393d8ada286d2fa33d87,4fe4c7c1eb9f0b093712b9b0838a9b2c89b465123dbf9c2cecf2324eef555933,4d4d0f1f3b3b0b97,215.12730277777777,63.613166974465976,25.957264273856563,0.08512079264939776,55.345846476296344,
1881,/localhome/local-lintran/MLA2/data/raw/original/images/1881.jpg,1800,2400,0.75,RGB,390811,348abf9bc64f55118e66abf184a429ed804684ea491671a71495170aa1f99b5e,348abf9bc64f55118e66abf184a429ed804684ea491671a71495170aa1f99b5e,e477ae3bae99dde9081578777f0f19953a9bd2466ce7e16821820f0fc9bb3c8e,4d4d0f9b3b390f17,207.66190833333334,64.44001886298582,26.613448769784625,0.08341153918572267,61.691874290743186,
1892,/localhome/local-lintran/MLA2/data/raw/original/images/1892.jpg,1800,2400,0.75,RGB,375253,02d2bf85beeb6e2858edad1bba73cd37159c366031a379be0747c6b08128d7db,02d2bf85beeb6e2858edad1bba73cd37159c366031a379be0747c6b08128d7db,cfcc5e90d17a3ada312f4d3fb9e20ec3279ab865b6a36466b257df475bfba375,0d4d0f3331179697,185.34003171296297,80.08416326000135,68.11093808874534,0.2694156302480358,18.718052757127307,
1906,/localhome/local-lintran/MLA2/data/raw/original/images/1906.jpg,1800,2400,0.75,RGB,916153,60d385d10919b68be3c16e8a2fed30dd8464c25f00d0e1247f0b263ac03356b9,60d385d10919b68be3c16e8a2fed30dd8464c25f00d0e1247f0b263ac03356b9,b0a716dc7c837ccc940311f66dd536196c0eb056ba32fb5ba7b98adf966f62fd,9e9d1e3e2b6b7b3b,216.67821875,58.327071938744865,28.440080030305168,0.1028359479621613,258.7865190254522,
1915,/localhome/local-lintran/MLA2/data/raw/original/images/1915.jpg,1800,2400,0.75,RGB,383294,00a9ff4b82309b76e777489b4e7ab4609a6ab66bdc0807221dfba91f3f7b88c0,00a9ff4b82309b76e777489b4e7ab4609a6ab66bdc0807221dfba91f3f7b88c0,e062d351987f38a08afc29a9efef864c3402532a555a727a772e8a29605b4c12,4d4c9e9e9e1e1e0c,239.42133541666666,31.81851856163959,57.772491673702156,0.13944027508263604,2.513603603603604,
1922,/localhome/local-lintran/MLA2/data/raw/original/images/1922.jpg,1800,2400,0.75,RGB,1408442,dd19342e57cf7c4f8cd12b552ccee75ea447a3059b6b08e961795b36232736b2,dd19342e57cf7c4f8cd12b552ccee75ea447a3059b6b08e961795b36232736b2,0620911ca691c5746cd619f29f7601e0afe89d27f15abae09303a5434acbca35,0f4d1f170f0f0f16,183.42923611111112,90.2434799833709,24.298872995467356,0.08693028756582889,106.28077734546886,
1930,/localhome/local-lintran/MLA2/data/raw/original/images/1930.jpg,1800,2400,0.75,RGB,1567037,0f7c6f85bab31bd19a9dd53210264afb1041f30a63a8b68eaba70a88f78c9b69,0f7c6f85bab31bd19a9dd53210264afb1041f30a63a8b68eaba70a88f78c9b69,d0df2e1e926ce4e982084988e31d2fd6dde7303607e6328e687fc92a310d4642,0c96161713979618,190.83216226851852,83.48649378007401,104.67971362758999,0.3121206035944189,43.41001366404966,
1935,/localhome/local-lintran/MLA2/data/raw/original/images/1935.jpg,1800,2400,0.75,RGB,1638884,6a8f5e9e8560cc7dd3a25cbed27fed714abfd8292f937de81ba33345666f5bf8,6a8f5e9e8560cc7dd3a25cbed27fed714abfd8292f937de81ba33345666f5bf8,a54f99e7c0e0b91529b810bcfcf930d4eac3b955e9ac7077547ec2cfe43b8955,8e1633230397170d,172.8518127314815,95.91321400787531,26.58471648187089,0.05748562289361359,108.19252599643345,
1949,/localhome/local-lintran/MLA2/data/raw/original/images/1949.jpg,1800,2400,0.75,RGB,1181272,e0e0493c2e281332f10ec0255ad3a17f01134ee17cce6ae5439aeadfc66de71f,e0e0493c2e281332f10ec0255ad3a17f01134ee17cce6ae5439aeadfc66de71f,1a0cd9b33066c2033a894f6a6094348772c8176df18a8bf1ffa620c82845a88d,4d4d0e3633333616,217.08218703703704,63.07488696510928,28.694195349405863,0.08674864958670013,88.815228120151,
1951,/localhome/local-lintran/MLA2/data/raw/original/images/1951.jpg,1800,2400,0.75,RGB,172334,41f834ecbe6d21f32464ab86224c96af928cf0e5a7acea34a5188fcbdef0d38d,41f834ecbe6d21f32464ab86224c96af928cf0e5a7acea34a5188fcbdef0d38d,f2200321c8ad1dec1328e81f061a66635d728f30a69d3ac02bf202f0a65a42b6,f0e0d81f23e0f0f0,196.6506039351852,36.82614074986382,26.125320726087192,0.09362728539856803,28.896200699414067,
1994,/localhome/local-lintran/MLA2/data/raw/original/images/1994.jpg,1800,2400,0.75,RGB,373816,fe3034374067273d365877c293113048dbed19bf2a5f41e4d7412903b4bdfa97,fe3034374067273d365877c293113048dbed19bf2a5f41e4d7412903b4bdfa97,564ed931cc2cacf3c70e524d3d6882baf1f5f8c19e1232321f87a95e6ed7a7c0,4d4c0f9b933b1f17,206.89261342592593,69.62391901264438,78.8737402703564,0.2441398358974324,51.11838671576461,
2005,/localhome/local-lintran/MLA2/data/raw/original/images/2005.jpg,1800,2400,0.75,RGB,382492,1c5b7139069b51776a41f8a81fe5a1f57b15fc52167be75c4052604fb2d521c2,1c5b7139069b51776a41f8a81fe5a1f57b15fc52167be75c4052604fb2d521c2,f9e312386d22d282bf98f81b64bf108c399455bfdd5f307885680e6d83331f92,0f4c8f133b171717,166.31461087962964,93.65291987322902,26.416507303138587,0.17075021972924734,47.819310660274674,
2006,/localhome/local-lintran/MLA2/data/raw/original/images/2006.jpg,1800,2400,0.75,RGB,326043,42b20feb061c3480564004b15243f540cbd8edab5bc7be8b7fca6a4493db0c5d,42b20feb061c3480564004b15243f540cbd8edab5bc7be8b7fca6a4493db0c5d,6c1c1ae29afb8ed17ee608974dce3a6e5e19870b620be67c25b57d4f4f0b0b79,4d4d0f0f2b393d2f,212.67661875,61.613931695399025,33.546452490270234,0.08603261654909791,30.01082285370203,
2009,/localhome/local-lintran/MLA2/data/raw/original/images/2009.jpg,1800,2400,0.75,RGB,350623,005f52b72e6e406a2e09c2fabf96e82c2b65028885e1a3efd8e2670ce716e59c,005f52b72e6e406a2e09c2fabf96e82c2b65028885e1a3efd8e2670ce716e59c,59683c772180992f8c25f03eee678b89a2c0c2e8894ef5350999ace34d3427bb,4d4d0f2f33397d35,221.11455625,51.73585549912843,21.904321592070183,0.058169680336810026,30.788437666458233,
2120,/localhome/local-lintran/MLA2/data/raw/original/images/2120.jpg,1800,2400,0.75,RGB,402990,c46dcf7baafb22dee1efc665e186e1e84f096b04d459456b6eb79031eafaa7d0,c46dcf7baafb22dee1efc665e186e1e84f096b04d459456b6eb79031eafaa7d0,c39c1c721ff67fd2357e99a4b39378211658dcd2e6f95d961174d3e6a6e12f75,4d4c0f1b17071717,172.77342523148147,95.89036039363168,36.34476823459785,0.21632641550741902,19.089194747446676,
2129,/localhome/local-lintran/MLA2/data/raw/original/images/2129.jpg,1800,2400,0.75,RGB,385481,55b2947c3b99784496ae55daeeed6f59e9e6aea68e4e4597110a4402a61c2cf8,55b2947c3b99784496ae55daeeed6f59e9e6aea68e4e4597110a4402a61c2cf8,51995e24cf5d974b4e808882af6d33619c81227355bb3467c5423445d967efa4,0f4f0f2f3b1b3b27,211.80631875,59.301134169008996,53.368947938192264,0.1889710956653966,115.97738090275365,
2155,/localhome/local-lintran/MLA2/data/raw/original/images/2155.jpg,1800,2400,0.75,RGB,421932,71e57089185b50a4cb2d28ec6016223fc72c48db0def9770d79ee3b1e9d04e67,71e57089185b50a4cb2d28ec6016223fc72c48db0def9770d79ee3b1e9d04e67,d77a57f4f03d75af115e5f84a18e205a30e90fccb1d9caeaa5367141775ee687,0f4d0f3f3b3b3d2f,183.06534282407407,81.32916291385916,38.74631997994184,0.1762520184035931,124.8115837559925,
2171,/localhome/local-lintran/MLA2/data/raw/original/images/2171.jpg,1800,2400,0.75,RGB,354055,ce00644051706e22a6369137c52ee55931073f496b45f5a14fa1460de5a5f8b9,ce00644051706e22a6369137c52ee55931073f496b45f5a14fa1460de5a5f8b9,c57d3caf5f9f564e4ccc764446e01ca694babe78d24f07854b6ea1387848c520,4d4d0e0f3b151517,188.20545902777778,87.30794809320233,23.269503516472536,0.11256055735606124,46.35345897311193,
2213,/localhome/local-lintran/MLA2/data/raw/original/images/2213.jpg,1800,2400,0.75,RGB,169105,35a19fbf1b951cd838805dfe59ef6bc5370120d1a76a293449536283cd46cceb,35a19fbf1b951cd838805dfe59ef6bc5370120d1a76a293449536283cd46cceb,9bfd3617bf6abecb3537984e080323efc39b41a87b4e71e098b4a38d233b1880,f0f0c43a3327f0f0,187.93336342592593,51.81864341975089,6.492815186073535,0.05596070692819735,30.463893096181014,
2218,/localhome/local-lintran/MLA2/data/raw/original/images/2218.jpg,1800,2400,0.75,RGB,160010,11b33e26bbbe3b3a2a5ca1219980e5fa121ad1f5773593d429910b4cc55a2b92,11b33e26bbbe3b3a2a5ca1219980e5fa121ad1f5773593d429910b4cc55a2b92,fb55c0d53748e1e4388a3e89b414387b80f76df9d7f5a3ee8bfba5091bc3f410,f0f0e0183f07f0f0,189.88500717592592,51.146565441987626,10.457773599794576,0.0495828331977117,28.100717941591977,
2221,/localhome/local-lintran/MLA2/data/raw/original/images/2221.jpg,1800,2400,0.75,RGB,359383,96d977a0d0181b9b5e74a2c70ecfcd5ac844a69f658ad311ce7109c5a455c1fc,96d977a0d0181b9b5e74a2c70ecfcd5ac844a69f658ad311ce7109c5a455c1fc,297a5443d3f8d16ed55ff7c2752bd2e24cb911a5db9a068bbe3218b0687f2884,498e37232b331300,179.24871921296295,96.11763665437067,13.127697418428454,0.1272945647801121,138.44860974084625,
2256,/localhome/local-lintran/MLA2/data/raw/original/images/2256.jpg,1800,2400,0.75,RGB,352991,5876398b492c30b30d3ddf06b4945155ef306a1e6d38e79fd2f61fee5831e301,5876398b492c30b30d3ddf06b4945155ef306a1e6d38e79fd2f61fee5831e301,f4f6e89994857c9315b133eaa4bead4293e87abd6cc2bbbd4ffd23eb6790e73a,1f9c17333f171717,152.53941851851852,106.14055152326031,34.42428047760209,0.20780312214116292,34.63272933601982,
2264,/localhome/local-lintran/MLA2/data/raw/original/images/2264.jpg,1800,2400,0.75,RGB,407163,79eda6cba6eb801d57f8b9cb933446744e7b06a10223675a0290bdea51c31184,79eda6cba6eb801d57f8b9cb933446744e7b06a10223675a0290bdea51c31184,2870f9572ed5a5d997948cd20cd1e1fd1771521de49b6f3dc905d9ba088be8d3,089e17070f078f08,184.06817337962963,94.42077770706497,4.506749397438798,0.048465996339159656,279.0032175363024,
2305,/localhome/local-lintran/MLA2/data/raw/original/images/2305.jpg,1800,2400,0.75,RGB,394097,df99025a22aba579beab8c969b16a62577b2c80435d701b78c8a2c738924ec4a,df99025a22aba579beab8c969b16a62577b2c80435d701b78c8a2c738924ec4a,b54041440230173d19cf9c0f6d0d4aaf376574a3a073f20846ba24147f7d461d,080f1b2f16161636,223.58673564814814,38.71898048260731,70.03323935963363,0.2253729584869672,14.376406123346998,
2351,/localhome/local-lintran/MLA2/data/raw/original/images/2351.jpg,1800,2400,0.75,RGB,179947,27745fa2bcaf7e1e3658048ab0ebe6e6a5a2e811f95099448a39fc68aa34be92,27745fa2bcaf7e1e3658048ab0ebe6e6a5a2e811f95099448a39fc68aa34be92,5fda55685e39cb7a659e9c176fe19c483d6c2294ddfee650c6b1c26b4dcaa0a5,f0f0e09096e6f0f0,210.77790486111113,23.141600896141973,6.274895825529996,0.043040036113136386,23.906063827323468,
2356,/localhome/local-lintran/MLA2/data/raw/original/images/2356.jpg,1800,2400,0.75,RGB,1745993,106e32c9919650e7db88963929121d96a2021ddd785738cd426c33f4fd23487f,106e32c9919650e7db88963929121d96a2021ddd785738cd426c33f4fd23487f,47ac69f6adf53ff1228634044ddab76874e4e95f1f604179dfd6132703f3a767,000f0f0f33178e41,215.75269791666668,70.61009358431083,65.23779435387178,0.15628070391521412,74.34825378077306,
2371,/localhome/local-lintran/MLA2/data/raw/original/images/2371.jpg,1800,2400,0.75,RGB,434407,1f3a5a807cc0a01c3a39d716c2fec64b690f084285a3c85fd4ea25091177896a,1f3a5a807cc0a01c3a39d716c2fec64b690f084285a3c85fd4ea25091177896a,358c812dd32d3e3f888f262e7739bb3af9bc74d88965f15a861bdda6b0fd974e,1804793c17034001,218.2146752314815,73.11283531586378,12.209521582686488,0.06548702905233224,3.0669255888279023,
2372,/localhome/local-lintran/MLA2/data/raw/original/images/2372.jpg,1800,2400,0.75,RGB,127956,51b306acef2344788b270df20ef0a3cb3955fa9811f8e05d8699807e6beca913,51b306acef2344788b270df20ef0a3cb3955fa9811f8e05d8699807e6beca913,e1e043609989853bb5212a38a68836c1bf05903004aae7e47c25c2774f5beec2,f0e0786c0fc3f0f0,186.1383087962963,52.74118178733782,5.486335359261418,0.04752655750854274,5.509335556636328,
2397,/localhome/local-lintran/MLA2/data/raw/original/images/2397.jpg,1800,2400,0.75,RGB,487945,cc4e963d17f39acbe382b632437e20ba8a4cc8e11b7b9b0611e9b06f3617070d,cc4e963d17f39acbe382b632437e20ba8a4cc8e11b7b9b0611e9b06f3617070d,fff9f8ad2590e30868af356974225023f7fcdab8660d6150819d7816f252ea4c,003c3b1c0f036001,216.14082708333333,74.14587264306165,17.9581089321389,0.09785827551642905,5.175168253085991,
2480,/localhome/local-lintran/MLA2/data/raw/original/images/2480.jpg,1800,2400,0.75,RGB,361769,978e4c09390083f7f48038914e92b0f958c73f3b9fceac763d840fc03da61b4d,978e4c09390083f7f48038914e92b0f958c73f3b9fceac763d840fc03da61b4d,cefdce684f129a23ba41c157eab0b9e4bd29f5525aafe394a87b2dee3cd3558c,0d4c8f132b171717,152.8641150462963,107.05866117569873,35.45256815719611,0.2606390980355644,31.946941684615208,
2544,/localhome/local-lintran/MLA2/data/raw/original/images/2544.jpg,1080,1440,0.75,RGB,260409,50efb7453c79456501917b42eb18f6b1f47c324a06516cd1de633e3531bc68f4,50efb7453c79456501917b42eb18f6b1f47c324a06516cd1de633e3531bc68f4,e2cee7582635adf6efd7be59b14278af9a7cd9af9d145c9b2cec046aa4cd5504,001100030f000500,237.04886123971193,55.33452728661335,27.222065865361333,0.06931555179942843,40.25272468692485,
2559,/localhome/local-lintran/MLA2/data/raw/original/images/2559.jpg,1800,2400,0.75,RGB,1094146,b9a36ba4fc40795bc6426070c8eda5bf31451acaa1761d3d179507af2092a0fa,b9a36ba4fc40795bc6426070c8eda5bf31451acaa1761d3d179507af2092a0fa,ed9d3a267a5a448bede07d0591642bbdc6c9dd1d0ba640a2b2463d77462633aa,0d0d0e172b0d1517,166.8431476851852,98.2832485639199,21.555540010811477,0.14954292990165183,18.888757382060724,
2619,/localhome/local-lintran/MLA2/data/raw/original/images/2619.jpg,1080,1440,0.75,RGB,317623,3fddefeabb21d168e7e13d01af296803664e7530c9fb1c7919602852532f0292,3fddefeabb21d168e7e13d01af296803664e7530c9fb1c7919602852532f0292,54bbee12c8768490908a8d43bd609f2121662e343945eee5bb8936aabb1f4e77,18596d9f123b2b22,243.3978253600823,29.64882092870304,18.796526822424234,0.03135233053503759,23.662737943549946,
2677,/localhome/local-lintran/MLA2/data/raw/original/images/2677.jpg,1800,2400,0.75,RGB,919018,0d4536b1995c85d4fc721b23bc39fd25ab0c4df22c13ffef2c3aae33b6a983f1,0d4536b1995c85d4fc721b23bc39fd25ab0c4df22c13ffef2c3aae33b6a983f1,60d9af7dc4beaf1244c6fd858caf0ab49b42408dc6c4d9461cdfccbc1ecb9fea,9a998e13270f1f1f,173.68058101851852,90.20071074664243,68.29522355139366,0.2980514812053424,55.47477581694805,
2693,/localhome/local-lintran/MLA2/data/raw/original/images/2693.jpg,540,720,0.75,RGB,15729,d50c3d3c2635eba2fb9385e18073fadd15fbb5a32be8da0e7ee81d04d921d848,d50c3d3c2635eba2fb9385e18073fadd15fbb5a32be8da0e7ee81d04d921d848,2a65af2d3be18df37845a94e9cc25246b006632b4a67dbc20b8e153c0eb25fd8,400c4f7716333600,243.27637088477366,18.734121268146126,56.89844358486996,0.16215273256998675,12.227109256253703,
2700,/localhome/local-lintran/MLA2/data/raw/original/images/2700.jpg,360,480,0.75,RGB,50309,b489b286b359713ddbc9432d57c46c2c47313fdbbd514b5cd5910519c341d55c,b489b286b359713ddbc9432d57c46c2c47313fdbbd514b5cd5910519c341d55c,ddd3feceae23884716da4a033b76dafa8fd72563832c46b80033ff12445fd638,001e4d7b35070b29,244.0694039351852,24.03600412789891,32.93031400759079,0.04601497391579937,62.46261167188769,
2715,/localhome/local-lintran/MLA2/data/raw/original/images/2715.jpg,360,480,0.75,RGB,74072,f5d9b66a9a2f5c8fff561fe2fcd5b45010024bd6cd9c4170bd28238f1884dbfc,f5d9b66a9a2f5c8fff561fe2fcd5b45010024bd6cd9c4170bd28238f1884dbfc,7337220d6a29522ae87ca87855e3c3df1d50001886365a45f3676e18c17ba7fa,0836171b1f1b1b00,234.62563657407406,38.117376623220544,77.1793127821005,0.1883926554496505,113.81022160343427,
2724,/localhome/local-lintran/MLA2/data/raw/original/images/2724.jpg,360,480,0.75,RGB,36622,5559f7c243b5a5b21fed08fd4adae89b0528208952cd2158cc519503dd3e2a6f,5559f7c243b5a5b21fed08fd4adae89b0528208952cd2158cc519503dd3e2a6f,464657884195a17a99a34072b4f6fa0bdf0f789c8fdcfaf1beb83e5db46c3d10,000c4d4d26263600,243.6238136574074,37.46349187434322,41.18172509491877,0.05629424973120284,76.49044552732336,
2743,/localhome/local-lintran/MLA2/data/raw/original/images/2743.jpg,360,480,0.75,RGB,57700,0112377dd5e24e2928a416f483d58ab2e777845ec71a10beaac8bb214445c44b,0112377dd5e24e2928a416f483d58ab2e777845ec71a10beaac8bb214445c44b,a8ef1f445ab766e41402f43bd94cd24863e67ce2002988d929596e8dac065c08,0d1d0e33396d2d0f,208.99347800925926,72.97465732292835,26.006724808130155,0.06984143072763012,512.3130873651236,
2809,/localhome/local-lintran/MLA2/data/raw/original/images/2809.jpg,1800,2400,0.75,RGB,303059,504190b9d96edba50cc097e43a4707df0d6bb689fc1b2ac456a999741d1577d0,504190b9d96edba50cc097e43a4707df0d6bb689fc1b2ac456a999741d1577d0,2e7121df0b3b4fd53b65e3155328ebbcad87a9c93e02663ff2843a3ee6ff8d86,2c026d6e13034009,212.40209375,82.52235431157712,16.085014032629502,0.0408273228549844,8.10585284513305,
2838,/localhome/local-lintran/MLA2/data/raw/original/images/2838.jpg,1800,2400,0.75,RGB,1089464,347cc3309fc3eeebe97267ce210d5aed4247a492d118289f7bf2c87129a618ca,347cc3309fc3eeebe97267ce210d5aed4247a492d118289f7bf2c87129a618ca,8865f9758eb3e4115605428dabfa17ecffc7d9bbd813b539c59c447a376c2ad2,072606939397878e,202.0797099537037,73.11443922334117,53.87504399363258,0.187644952042007,41.569706454526504,
2882,/localhome/local-lintran/MLA2/data/raw/original/images/2882.jpg,1800,2400,0.75,RGB,246162,94bc74e414e010d86ef06b287361163441396a7c180898d75c37012e20804d0e,94bc74e414e010d86ef06b287361163441396a7c180898d75c37012e20804d0e,476284bef9f1c7c14673d99640cf59f89bd80f3b134981df115df021c8b03a2b,f0c0303c1e83e2f8,180.57040046296297,60.63937520502908,17.846372924270636,0.0633481334405204,23.005329674147156,
2899,/localhome/local-lintran/MLA2/data/raw/original/images/2899.jpg,1080,1440,0.75,RGB,226584,6094104074bfbc0f3ca3eed73b68804ab851f4be8d61c158b23e1668019caaf1,6094104074bfbc0f3ca3eed73b68804ab851f4be8d61c158b23e1668019caaf1,faf0a18e21682975590e1f445ff3262bf14af087837688e1c4874dbf34dea2c3,00100032181b4320,243.9365843621399,34.221143840634575,9.164263484111464,0.016254530559904497,26.556980320990515,
2916,/localhome/local-lintran/MLA2/data/raw/original/images/2916.jpg,1800,2400,0.75,RGB,319116,eff01eaf6716a413eaeaf571bb942b420531335b6a52884d19b2422f59796457,eff01eaf6716a413eaeaf571bb942b420531335b6a52884d19b2422f59796457,212a42d4a21feea2e12dd6c4121d73ade8d80cf7bc2a5dfea628edf0cced1921,4f4e0e0b3b232b16,222.80468171296297,61.596230119116214,44.27930967922269,0.14557020900917045,13.44109289237824,
2974,/localhome/local-lintran/MLA2/data/raw/original/images/2974.jpg,1800,2400,0.75,RGB,1350236,e650a0c0f3e3bfb673e675a35d99880e13476a8420b44229d868cb29b3bdf214,e650a0c0f3e3bfb673e675a35d99880e13476a8420b44229d868cb29b3bdf214,2564a1b408c3440e982876e969ddcbfa55f7e85d73020cfbe3d8a1086d52911a,0d4f96171fd6171e,200.0897789351852,69.00885136914751,56.68743649664586,0.21421568479231537,24.879120174158736,
2988,/localhome/local-lintran/MLA2/data/raw/original/images/2988.jpg,150,200,0.75,RGB,4389,16c8d621f2becb206205dd60c7921199e2285221a5d5446842027f62febeccf9,16c8d621f2becb206205dd60c7921199e2285221a5d5446842027f62febeccf9,d976c079199a0d919bd6f7d67cdf60e3ab040770cecde23b09a509b07d49b6ac,0c627d2e13032009,209.9495,81.23363763296172,0.18419946676240828,0.00018001814082842642,229.49072925398156,
3048,/localhome/local-lintran/MLA2/data/raw/original/images/3048.jpg,1800,2400,0.75,RGB,326748,92daaf140aad6cc93ac65d3f9bf815c9d782a7567501f732d86e631fda9c8ba3,92daaf140aad6cc93ac65d3f9bf815c9d782a7567501f732d86e631fda9c8ba3,7c2192b6d98300becddb9157f467183cb0f19cb89f706195e5870bfda318fd68,0d0d4d161dd5c416,218.45231435185184,65.73443732638165,36.44625092565527,0.11841293137509397,38.707582042196435,
3058,/localhome/local-lintran/MLA2/data/raw/original/images/3058.jpg,1800,2400,0.75,RGB,977583,3b360b6a407a6dd1898042f0a4aaf881f1dc86c470f59e639635a9cd11541198,3b360b6a407a6dd1898042f0a4aaf881f1dc86c470f59e639635a9cd11541198,cd68aa67de88fd4e2059bd6b54d9b3e30968f62f84908cdf66c3c91f85d36eae,060e07335515170f,189.19812592592592,71.88350657749479,108.02120443826551,0.3506121822329087,30.31690845086732,
3129,/localhome/local-lintran/MLA2/data/raw/original/images/3129.jpg,1800,2400,0.75,RGB,432049,66dee4c5c86e832ed95b04575c89feeb8133d9acd5ea01b7320a82973acb6d12,66dee4c5c86e832ed95b04575c89feeb8133d9acd5ea01b7320a82973acb6d12,096c0b3a8eef95b871d3488e5d5c1ca5a90f13aabb0928a37813304ba3d28a59,8d0c8f3332971307,194.90128796296295,75.17243065426833,34.80435037954835,0.13772247107760083,44.82359271868269,
3131,/localhome/local-lintran/MLA2/data/raw/original/images/3131.jpg,1800,2400,0.75,RGB,641284,6d4c30d5d08efe772e9aa885c1fa2741dab1c289c1bcaa17ac45096eff85b29e,6d4c30d5d08efe772e9aa885c1fa2741dab1c289c1bcaa17ac45096eff85b29e,3a839e1c815f7d657c40e187274e2ffcf94421c4725b35be76a0ad0fa4c0e963,9a9c1f3b55159f0e,208.1768525462963,61.1747282061272,46.44517463490467,0.19181374908421586,36.8560314041548,
3187,/localhome/local-lintran/MLA2/data/raw/original/images/3187.jpg,150,200,0.75,RGB,4717,2c7b75a79428b87f62f354e9bdf19609b131096ea76e21b1c62189da3f071ec3,2c7b75a79428b87f62f354e9bdf19609b131096ea76e21b1c62189da3f071ec3,12062edbd6945c2c666f7fc4cba273af71d65ec3d5ddec9503df811440b32477,00387d1419032009,228.76163333333332,61.196837184058964,7.096566802720329,0.029304864779247448,377.08201173512157,
3191,/localhome/local-lintran/MLA2/data/raw/original/images/3191.jpg,150,200,0.75,RGB,6457,099ec0a41dff067c1131abcf5f7a6237860815fcd13d40e6056482db3caa2714,099ec0a41dff067c1131abcf5f7a6237860815fcd13d40e6056482db3caa2714,d79a06bbdebbce58c6d4b2b470b04efca87b5eecfe0c605d88619f6ac25f0362,0f4d8e3b1717171f,175.31306666666666,91.053770501806,38.76611944499597,0.19920002928240815,395.5399664710813,
3231,/localhome/local-lintran/MLA2/data/raw/original/images/3231.jpg,1800,2400,0.75,RGB,219699,1417137a14c115b8986dcadf10b7665e35cbf01d76dd72e890f461eebac43b0b,1417137a14c115b8986dcadf10b7665e35cbf01d76dd72e890f461eebac43b0b,a7c924dcfd4b132eadff334d38aaf45529beebd2a358ecb18ad92237829bf3d6,100018186c370740,245.97954375,27.79026985187413,6.303748439457361,0.01083499920816767,12.114696959169967,
3281,/localhome/local-lintran/MLA2/data/raw/original/images/3281.jpg,1800,2400,0.75,RGB,541156,d36f763b1cf22d393d4fcfcbfe62d7a54f5480a68e4ea0e6b915c8f23ac56e19,d36f763b1cf22d393d4fcfcbfe62d7a54f5480a68e4ea0e6b915c8f23ac56e19,51d4b60232d8c5b3154d5d486885b7bbe2651979d1765a6e264e56ab48d0791f,0d4d0f9e174f4d2b,212.0231025462963,65.59707198202483,53.323185511408056,0.1596549294358175,152.43316241691562,
3284,/localhome/local-lintran/MLA2/data/raw/original/images/3284.jpg,1800,2400,0.75,RGB,318288,0c7762babc64279a60abb7d025db19c4c6f1163f055be825eca9d5806ad78372,0c7762babc64279a60abb7d025db19c4c6f1163f055be825eca9d5806ad78372,f22a816fd52fcabdbc2316970813ce3f214823d3e65bd055e4877385751b2bdd,0e4e8633330f1e0e,202.41011782407406,69.50674374016609,96.15566274034695,0.2687119219229788,17.114113110539847,
3289,/localhome/local-lintran/MLA2/data/raw/original/images/3289.jpg,1800,2400,0.75,RGB,324701,9961295c6170c3b9ae2d4fe53a454855651d66276f955911bcf77c7d0b777033,9961295c6170c3b9ae2d4fe53a454855651d66276f955911bcf77c7d0b777033,1d86beb4a3c2e3f819f276ec73d8908a6111bd7c9cf70a2795134c6b71770548,064e0d0e2b696923,228.87123449074073,50.28676148175835,38.7245695148567,0.10617750813326608,27.136074364853286,
3320,/localhome/local-lintran/MLA2/data/raw/original/images/3320.jpg,1080,1440,0.75,RGB,283203,d21bd24ee2503ad186bbf57b0080ee88c84b65fe516083a4dcf04fe3faea3414,d21bd24ee2503ad186bbf57b0080ee88c84b65fe516083a4dcf04fe3faea3414,c99870c3dff982c88ffb8c0eb8a7664642c1e7ad8a9be3946565e58d545032a6,410e0f5516869600,196.51731931584362,85.43543175201029,17.442901963363113,0.11686876801185227,26.47118035445384,
3337,/localhome/local-lintran/MLA2/data/raw/original/images/3337.jpg,1800,2400,0.75,RGB,330524,f6ef83b976bcdd94d9fb193f62f3f40807e4a487e0a62341be6a8480aba6b17d,f6ef83b976bcdd94d9fb193f62f3f40807e4a487e0a62341be6a8480aba6b17d,2076f8cafab90696bcf62ce4fa0d3243b4146b3b4108c38a7eb98c9a19694556,0f0d06331795968e,179.63834189814816,93.89689554999475,40.58966569143765,0.15413246845080542,28.640578290372634,
3339,/localhome/local-lintran/MLA2/data/raw/original/images/3339.jpg,1080,1440,0.75,RGB,274697,b7a62d5154bba3378838a4d49e80225908adfb4c07eabb9723ee8404f41e8377,b7a62d5154bba3378838a4d49e80225908adfb4c07eabb9723ee8404f41e8377,3e3cd855c7a8c3d7cc703a04f027e94e0a8ee7e1b469e9750eedaf3d0879f2e5,4d4d4f042c601f97,222.46866190843622,62.12375290972549,43.127738912479245,0.11642293988144782,23.30476788035574,
3343,/localhome/local-lintran/MLA2/data/raw/original/images/3343.jpg,1800,2400,0.75,RGB,310588,c868325060ddedf4e9fe5e4b29b496e019c57482d0b72d29570c80716e0fa90b,c868325060ddedf4e9fe5e4b29b496e019c57482d0b72d29570c80716e0fa90b,289ab204f4bd588ab0c0a3b39193c1a3ef7b37fbc09d0a4b0aee9d9ce65f2955,0f4e0f2b494d2107,219.02747800925926,61.16366665596169,56.50392326290325,0.21180453564337282,18.57435744227518,
3366,/localhome/local-lintran/MLA2/data/raw/original/images/3366.jpg,1800,2400,0.75,RGB,254285,2a96c518b11ec38812fcde133b273c0009045f782e023fb3e7b92045e6208e35,2a96c518b11ec38812fcde133b273c0009045f782e023fb3e7b92045e6208e35,e8dd4ef621e149584981a39d10108c606fab3175ba841355032bdbbe2ff9ecc4,1000593e3d230031,237.6494337962963,46.81861230287,7.780645779063364,0.02870471766520374,92.54815905880173,
3371,/localhome/local-lintran/MLA2/data/raw/original/images/3371.jpg,1800,2400,0.75,RGB,850412,6cc10953727538a2632bd4e898fcdf362138ed90acc63919785b063e410ae7c4,6cc10953727538a2632bd4e898fcdf362138ed90acc63919785b063e410ae7c4,ff125d994738a2c2499d1abe792bbc8c692d7f4723f2972c0989011924bcbedc,1804195c23030031,230.4733337962963,55.96906177065732,13.770664952394185,0.03149056150798502,79.04488339238982,
3381,/localhome/local-lintran/MLA2/data/raw/original/images/3381.jpg,1800,2400,0.75,RGB,399458,3ab3e5dd3b9a7ed293e65135b0b14a7ebe6f7f521e2f46458e47d3f2b00bc4ff,3ab3e5dd3b9a7ed293e65135b0b14a7ebe6f7f521e2f46458e47d3f2b00bc4ff,76713aef54aa18b8dc545b586d4ff1c08852eec074e73a7fd6b9e81d9bec58a1,084e1596173b2b00,213.64795902777777,76.15735565977238,28.62638903804509,0.14377234320776716,131.80221542879642,
3417,/localhome/local-lintran/MLA2/data/raw/original/images/3417.jpg,1800,2400,0.75,RGB,384525,3dc13b4c7e3dda8ab605375471698dc3c989063b25f62161786c68eeff037df1,3dc13b4c7e3dda8ab605375471698dc3c989063b25f62161786c68eeff037df1,c8ce7c8988a26be817ebfe2cd0a84faf28f55f5d0c84e921e3698c51b8abc44b,0f0d17333715170d,177.44114861111112,90.46355780468006,54.315960921745976,0.17756282210607158,45.595743069547694,
3506,/localhome/local-lintran/MLA2/data/raw/original/images/3506.jpg,1800,2400,0.75,RGB,356053,2b875d7d64c60b90f47a953167615f728a0037b3989c3a17a64a19f614fa43c3,2b875d7d64c60b90f47a953167615f728a0037b3989c3a17a64a19f614fa43c3,e6324c310a05a25387a09f4d74d24e233863d49941a8774e5a506e1ef171c283,4000487611030610,244.52970023148148,31.088370016835192,7.762986820885886,0.012462262020223224,4.947809120174159,
3534,/localhome/local-lintran/MLA2/data/raw/original/images/3534.jpg,1800,2400,0.75,RGB,441133,d71a3db505bc68c3e7896adc6392518689c6951ac5b72a49dad2c102aa757388,d71a3db505bc68c3e7896adc6392518689c6951ac5b72a49dad2c102aa757388,acb30694c95b62fda4f6235aba7b6c76e1cb01a5904c2daafc8513fd0e19ccd7,0fd617279696939f,177.93743425925925,90.85838429212922,50.873321724052204,0.21941878531291562,90.05528902938929,
3559,/localhome/local-lintran/MLA2/data/raw/original/images/3559.jpg,1800,2400,0.75,RGB,346280,98a8154a2b4b591dd89ac006e82c53825d0f22b71d4686f55bc3d2be6def8fa5,98a8154a2b4b591dd89ac006e82c53825d0f22b71d4686f55bc3d2be6def8fa5,78b8257b828a0100f71898c82f6a79035e922b5cb875bf48b3a394bebcb717dd,4024514c3f030021,229.31689259259258,56.167130429271836,39.721528483022205,0.09561390269153971,34.11841543342829,
3602,/localhome/local-lintran/MLA2/data/raw/original/images/3602.jpg,1080,1440,0.75,RGB,518925,b65be283b71a0b5bd171c81ccd165a30341d5ac43794c1bdfe5d750c5629e0d6,b65be283b71a0b5bd171c81ccd165a30341d5ac43794c1bdfe5d750c5629e0d6,888bfa1cc15f16da1db0acca5bd4f052929bf851ece48d84b12f1c56ba5984da,0f4d0f3f1f1b8787,174.64014338991768,97.54453603768705,43.80626258353487,0.22483955503053107,49.82747757313667,
3630,/localhome/local-lintran/MLA2/data/raw/original/images/3630.jpg,1800,2400,0.75,RGB,363350,baee92827bc76ac931b4ba5f50eacbc8e463adbebebdc7bf5df0eecf5a4bbfff,baee92827bc76ac931b4ba5f50eacbc8e463adbebebdc7bf5df0eecf5a4bbfff,40e92b57ff81c24e4b0aa5a4afb1a7826960beae3092bf8115eb5a77122137b7,0014012c0f036009,226.45938356481483,68.98547796610964,14.000884877536382,0.02259888540208298,12.86862108895528,
3641,/localhome/local-lintran/MLA2/data/raw/original/images/3641.jpg,1800,2400,0.75,RGB,319997,907b24064492bee656c4aee2fc135f7ccd6b9778119339a548b3f92e74e4f942,907b24064492bee656c4aee2fc135f7ccd6b9778119339a548b3f92e74e4f942,bbd53a53a8b7717c45ec602cb195e246bfdb6a1113d94a4a54608547c5e4627d,f0f05872330ff0f0,194.3548462962963,45.34824645262733,22.351518307357516,0.06839537896307614,36.505487389703326,
3651,/localhome/local-lintran/MLA2/data/raw/original/images/3651.jpg,150,200,0.75,RGB,3847,b0bd20d443f3aa98d8f17dfbfd8b245b793acaa3ff827b0ba93be82f21759c65,b0bd20d443f3aa98d8f17dfbfd8b245b793acaa3ff827b0ba93be82f21759c65,95c784a4ef6a4b4519fed588c650080aa8e802f0ec87413816829e547b59089b,0806192e3703000d,208.56636666666665,84.66537187933184,9.682902921112781,0.027136072177297847,187.3977200335289,
3687,/localhome/local-lintran/MLA2/data/raw/original/images/3687.jpg,1800,2400,0.75,RGB,317127,a94679c1c6ca55bbf243998dbddbd46253fa3cb4cbf1286725ce0ca1cc767e98,a94679c1c6ca55bbf243998dbddbd46253fa3cb4cbf1286725ce0ca1cc767e98,8d395959612aa61bde57602a5401c7d74cdc43522c9ed431c5b0e0607d469e46,1aad2667291e1d1d,187.55860625,91.4489822176321,43.16075161636241,0.18060863230067306,96.61922913916487,
3701,/localhome/local-lintran/MLA2/data/raw/original/images/3701.jpg,1800,2400,0.75,RGB,293218,aa801e228657f263ef3efa09aa925650a34b85186657636e42e11ecdeb93ea91,aa801e228657f263ef3efa09aa925650a34b85186657636e42e11ecdeb93ea91,7a33a4dc380e7c70f2f5f342723b3dc1eed2ece7f640b4ca2a4a2576ceeaee69,0d8526161c961e1d,183.81770972222222,95.16334110445071,34.997915385073405,0.1764942125324259,87.59631869658863,
3727,/localhome/local-lintran/MLA2/data/raw/original/images/3727.jpg,1080,1440,0.75,RGB,370590,c346d53f51ca371de2843180d5da89bfb6925e8485235ba3a3e89ca79ba1048e,c346d53f51ca371de2843180d5da89bfb6925e8485235ba3a3e89ca79ba1048e,e834b0f7ae02c22ec9c7ef6239699ffd0375074e477dfa0c965b284adc8bb996,0f9d8e3317151787,206.86965599279836,60.84566505123627,86.21874513894994,0.3099493445026588,32.805938131459385,
3741,/localhome/local-lintran/MLA2/data/raw/original/images/3741.jpg,1800,2400,0.75,RGB,646486,f85fb1eef5ac9cc4d77be5a8eff6c74080647da6e7ed8bfe558023ba2e060d09,f85fb1eef5ac9cc4d77be5a8eff6c74080647da6e7ed8bfe558023ba2e060d09,1c9bf3e94acaebb7d1bc89de3bea7fed2be148ba985b47e24f04e38f123eba41,12008e1f8e960800,234.5718900462963,44.46663327571359,79.3775988496123,0.15565700486740544,11.822122791171635,
3788,/localhome/local-lintran/MLA2/data/raw/original/images/3788.jpg,1800,2400,0.75,RGB,276825,99c8d6361693524a5ad87a06ca2c4b1047f32037adeb0bd0cdf0b289a17576b5,99c8d6361693524a5ad87a06ca2c4b1047f32037adeb0bd0cdf0b289a17576b5,1a9ec138de959116758237f73d8de56045200afecf1c025a0cd32d7014efb290,4e4e0f335115199f,212.89491689814815,70.13218000078191,43.858124830673816,0.15239196076387748,63.72861912040575,
3806,/localhome/local-lintran/MLA2/data/raw/original/images/3806.jpg,1800,2400,0.75,RGB,765305,0d1aac865da8f5f5504e2de1b7a656e876be6633b44ecc98cbfb80a1117f76b8,0d1aac865da8f5f5504e2de1b7a656e876be6633b44ecc98cbfb80a1117f76b8,06436f015a92738b1ccc936583a2c5d3a6ed7ce5e52755476ddbf09e4ae5dfbd,4116333396969600,224.9938912037037,49.708820466060665,61.65003242791103,0.18356698582800599,23.134399823988513,
3823,/localhome/local-lintran/MLA2/data/raw/original/images/3823.jpg,1800,2400,0.75,RGB,315375,f452b4cbcd841c7b864c0ed8e14ca97257e74a58184a7a33b87e9f048367fedd,f452b4cbcd841c7b864c0ed8e14ca97257e74a58184a7a33b87e9f048367fedd,22954d28cce7e8d8aebbd10213c7fb8fbaeb764ca5ecfc78c9a07313b8273fb6,08023c370b071002,246.80979398148148,25.7713674094333,12.511781977473301,0.02661692052488794,11.109158618773014,
3826,/localhome/local-lintran/MLA2/data/raw/original/images/3826.jpg,1800,2400,0.75,RGB,277051,bbac2c9164383a1b0c102dab5dd5849ade9d217e330309d4e2ad5789a2e9ca9d,bbac2c9164383a1b0c102dab5dd5849ade9d217e330309d4e2ad5789a2e9ca9d,0b378342659a0d45abb859bcc6b906fe77074cad338498eebef1d88ac965cafa,1802183e0707200a,230.9936011574074,61.47291523078664,59.42906814763502,0.10929763166103497,17.951120915259732,
3829,/localhome/local-lintran/MLA2/data/raw/original/images/3829.jpg,1800,2400,0.75,RGB,372393,be25aaa0664737759a6d4a5674adcd9d09042b4e3a5db88bee217b644bb195d3,be25aaa0664737759a6d4a5674adcd9d09042b4e3a5db88bee217b644bb195d3,85b68d8bf0afd36fddb865b280a28c81f27645b223167cded5a2ba51c945b6be,4c123c3f0f072006,231.5516738425926,51.66281475515153,53.87845752673383,0.1284978940817046,6.430287871418977,
3842,/localhome/local-lintran/MLA2/data/raw/original/images/3842.jpg,1800,2400,0.75,RGB,396905,f08b10a33567174abbf7d9a1e6c3684beb3812db89d4f2f0486ca900a2d3f590,f08b10a33567174abbf7d9a1e6c3684beb3812db89d4f2f0486ca900a2d3f590,150677bf45569f42ab004994c64610fbd1da15fc27fb667c7192dd96cf4fd673,1002391e0b012001,240.4747064814815,34.886523073851386,20.857049817172108,0.04217974925525007,4.393753213367609,
3844,/localhome/local-lintran/MLA2/data/raw/original/images/3844.jpg,1800,2400,0.75,RGB,339168,6fe7caa2c148671951c4058b536579953c616bd0efa1cea4418441e6936b3a76,6fe7caa2c148671951c4058b536579953c616bd0efa1cea4418441e6936b3a76,c370102c41be846311e3e285085cc2a6bf0363366b6cff809d99750635b81d79,4d4d0e1f0f0b0f16,205.76894953703703,68.84944162767643,74.42827101640978,0.24296540104919112,61.56284524884782,
3867,/localhome/local-lintran/MLA2/data/raw/original/images/3867.jpg,1800,2400,0.75,RGB,342197,af1cc6f3903ab849aa6efccffcbbe80de1d333de85ad0d981ac68605bfa3d3b2,af1cc6f3903ab849aa6efccffcbbe80de1d333de85ad0d981ac68605bfa3d3b2,b7725ac1d0f85b91b7be62e46176e5314d951f99d05890fe06be2bb59099845b,0d4d0e3307178f8e,200.22145972222222,76.67286077054632,68.71799725963514,0.23998358843500103,38.75633664512842,
3880,/localhome/local-lintran/MLA2/data/raw/original/images/3880.jpg,1800,2400,0.75,RGB,341615,464a87606164f41f4a71076ed6dcafa8588a05ad753d791ab6200b4763fab167,464a87606164f41f4a71076ed6dcafa8588a05ad753d791ab6200b4763fab167,2980b10ef52e49cef85f58e0508c769f9e3c2ad727701e959f885b89f42e1430,4d4d0f333b4d2b97,206.60651944444444,66.49349660762287,45.75854458127012,0.18230194502067182,18.954590773292573,
3902,/localhome/local-lintran/MLA2/data/raw/original/images/3902.jpg,1080,1440,0.75,RGB,88829,3e56bd2c6a4ecd1ec1f897b2a188527c05fcefba13e4b38400df5fc6c191d8f6,3e56bd2c6a4ecd1ec1f897b2a188527c05fcefba13e4b38400df5fc6c191d8f6,c6afd27d8d92e0e5a002c8573b032e6091ad92e3cab0660439e4718dee4348aa,001696ae96968600,239.54375643004116,32.108611337953946,33.902890983224395,0.05515207426369397,40.25352812849917,
3903,/localhome/local-lintran/MLA2/data/raw/original/images/3903.jpg,1080,1440,0.75,RGB,276417,763b1ca184609e8a036c6fbbbc5e35a89b45bf2f55867790cb8c8d5fe6e16965,763b1ca184609e8a036c6fbbbc5e35a89b45bf2f55867790cb8c8d5fe6e16965,c4a78934558c248daab6e1f107c53a8cd1d2c1d5d4ca0bb3c0278aa55d6c71d4,0016968e8e969600,243.34205504115226,25.384319466732833,41.33613819399838,0.07638549065894876,26.2665061070569,
3921,/localhome/local-lintran/MLA2/data/raw/original/images/3921.jpg,1800,2400,0.75,RGB,423670,068d1f730ca10c0c4647db06038264f956fb21cbcf871c54d40b0b1b61754786,068d1f730ca10c0c4647db06038264f956fb21cbcf871c54d40b0b1b61754786,2c80de35b0154bbfe31c1c5953b66f7e9297fe60aa7b44b45c924c46e45c1dc9,9696969696969616,191.93850324074074,91.21650423072859,28.080421493461063,0.049014558359173385,15.612281664698116,
3953,/localhome/local-lintran/MLA2/data/raw/original/images/3953.jpg,1800,2400,0.75,RGB,371490,94ba5da674ee28e9db06f6416c1b0a70ff94df373f4d6db731e3afffeb95c31d,94ba5da674ee28e9db06f6416c1b0a70ff94df373f4d6db731e3afffeb95c31d,70011a5a710bc7bd557e55d9f0f1a39fa8131f00f32f929ecc33f4e3958f6c46,0d9526260d9d9797,193.08933587962963,79.85207655976247,83.88057590964758,0.26899834697193054,36.623777067555984,
4013,/localhome/local-lintran/MLA2/data/raw/original/images/4013.jpg,1080,1440,0.75,RGB,211196,e08ca7c4f17b34f21f81ba375f2ca0d9887f37b09d25fcf06367f7364c3895d6,e08ca7c4f17b34f21f81ba375f2ca0d9887f37b09d25fcf06367f7364c3895d6,07701c766616fc9f85f443faa342a40de46c7e1a7a419cfd900120624b23eaf8,32008e232b0e0c22,220.05177662037036,68.04961852311487,51.87067558840618,0.11617138668259551,103.77529312586071,
4015,/localhome/local-lintran/MLA2/data/raw/original/images/4015.jpg,1800,2400,0.75,RGB,391759,46a38b9877cb22b276c5ec9b04f9f32edb19c4ecb58e1df7e6f9c89559e2b0dd,46a38b9877cb22b276c5ec9b04f9f32edb19c4ecb58e1df7e6f9c89559e2b0dd,94a1f6f1f18cbf4afdd192bb565d796327cf09820e1222e879cc9aea54b68b60,9a9c163317171697,181.54054837962963,98.41485045268934,38.517546304215,0.1499632656082427,60.11137937423285,
4021,/localhome/local-lintran/MLA2/data/raw/original/images/4021.jpg,1800,2400,0.75,RGB,624516,76f918b4de3cddaa10037dffc8b49f287c2516a1788dd8f56e89aba6d1af2137,76f918b4de3cddaa10037dffc8b49f287c2516a1788dd8f56e89aba6d1af2137,e2f38350190208386cd30be3436edb7be34fe97f1d2fc73d053fdd31a36b5c1e,1802196e170f4001,209.79436296296296,83.15416649814723,14.137956097511887,0.04045177613152905,15.038981333518608,
4033,/localhome/local-lintran/MLA2/data/raw/original/images/4033.jpg,1080,1440,0.75,RGB,154139,6704c55db002479d863e248ea7fcf8dc709dc21d525d17cb5388d68ffae7b9d9,6704c55db002479d863e248ea7fcf8dc709dc21d525d17cb5388d68ffae7b9d9,2b1e2f96536c6e4b29ec0339ae80a25d3853b10e2e131af0ae7fe2b1409a9513,0f4d8f33171f0f9e,178.70895511831276,99.70961106320601,43.46315553287561,0.17817247287630633,84.25740536957669,
4053,/localhome/local-lintran/MLA2/data/raw/original/images/4053.jpg,1800,2400,0.75,RGB,330110,6eae13f10e1c557fc9422f4f93afb50099d1ea4d1080f445919f4496231f7017,6eae13f10e1c557fc9422f4f93afb50099d1ea4d1080f445919f4496231f7017,77c220fb313f8a64e158de7fe324fa7c8cf5b16fe184c251e1466ab25279225a,0f4f2f464b6b0797,216.08365671296298,69.04547676691821,36.256325977265995,0.12554993409466264,50.46974779406656,
4093,/localhome/local-lintran/MLA2/data/raw/original/images/4093.jpg,1080,1440,0.75,RGB,205959,13046c409b2a7f9e850daf08aa08b9b484c56e75f5b9b45edf97789cfae61d83,13046c409b2a7f9e850daf08aa08b9b484c56e75f5b9b45edf97789cfae61d83,8df2032577765f81ea696dad17ef90b236ca149992e339be6313db9fda0f2dc1,0d4c87131717070e,203.6927321244856,69.09020584631229,52.454939512916425,0.163637298952262,29.935685740762192,
4096,/localhome/local-lintran/MLA2/data/raw/original/images/4096.jpg,1080,1440,0.75,RGB,199343,b66b5da6b84ecc7b33a41bd057558ef5ad84b368c0f15407e84ff93bf4cca61d,b66b5da6b84ecc7b33a41bd057558ef5ad84b368c0f15407e84ff93bf4cca61d,964b483d31fa6d3e712ca2943876c68c7288c5f2e969237d24ba2b8f56515dd6,0f4c971b0707878f,198.3990888631687,78.84450581877383,36.59597686101234,0.10672786707710383,45.19578008159903,
4155,/localhome/local-lintran/MLA2/data/raw/original/images/4155.jpg,1800,2400,0.75,RGB,345479,b962b69497bde4f14c2c18c488034f35b8b64de05efa1996fa1c8ec1d180c701,b962b69497bde4f14c2c18c488034f35b8b64de05efa1996fa1c8ec1d180c701,45d9db6c9599a08f234e84e3640c3c62bda33d880e2a28debd96c626fcaaa929,005a3d1e63034001,216.54892592592591,71.4206987339291,21.090275281367656,0.07692991716307143,24.14801963917645,
4204,/localhome/local-lintran/MLA2/data/raw/original/images/4204.jpg,1800,2400,0.75,RGB,391053,cd1eac795f56206981864b1bdfd5a89b5824f8ac7ffc78e050bd3e3dbefb1e6d,cd1eac795f56206981864b1bdfd5a89b5824f8ac7ffc78e050bd3e3dbefb1e6d,616af4f40fd5b1c197ba68e23a16443a1417aafd2c424c28ba924a82ccffae2e,001427179c960008,243.17864305555557,30.585883871718625,18.347911014251387,0.020740935625502655,33.60360198244517,
4245,/localhome/local-lintran/MLA2/data/raw/original/images/4245.jpg,1800,2400,0.75,RGB,377668,96022c34fc82be217b2dafa864f084a1d2e7495e2e7e227fd2f00dc0ec62f3ec,96022c34fc82be217b2dafa864f084a1d2e7495e2e7e227fd2f00dc0ec62f3ec,4d7f92e8670e39e57996bdc80e1ad9fc63bdb8c9993830d6ca4696fdee103b85,0f0c1637171f0e0e,196.54471712962962,79.24449799167378,43.996966147454394,0.16103844203068488,24.21840396952222,
4257,/localhome/local-lintran/MLA2/data/raw/original/images/4257.jpg,1800,2400,0.75,RGB,384854,b5bb1ab9478285208a1a22353410e7ffc5e020a10fb97c8948e504ac67b4557f,b5bb1ab9478285208a1a22353410e7ffc5e020a10fb97c8948e504ac67b4557f,8716d07ee608a78dd0c2d523612b50862ea6f964559d221de0d842c777d65754,4d0d0f36360f0d0e,204.51322546296296,66.33477429754056,59.52931556947017,0.20129226248670418,147.08396952222145,
4279,/localhome/local-lintran/MLA2/data/raw/original/images/4279.jpg,1800,2400,0.75,RGB,351764,a60b347ee769917742c3656b1848133b8634e22b30a835e33df72cb8b8ddf423,a60b347ee769917742c3656b1848133b8634e22b30a835e33df72cb8b8ddf423,4162dded9f2de38f79c299a9b7c67a56f133eeaa5d5e722e44ed2e3acfbfbd38,1806392e170f0011,218.22850347222223,68.69869445095033,51.55888002755281,0.1522079400565493,9.150838833692305,
4302,/localhome/local-lintran/MLA2/data/raw/original/images/4302.jpg,1800,2400,0.75,RGB,322467,22f0ede5067d86c6e70a49b44342ebc1a5ec569ab961f973143c956f1dafb053,22f0ede5067d86c6e70a49b44342ebc1a5ec569ab961f973143c956f1dafb053,a179a28b908f83be5aa3ccea99f30477aa54a19c3b75d5ee1449368d6b9e3716,22009e37968e0e00,227.8440537037037,57.53356966696089,61.88856256769923,0.14718841926983742,16.663552884504043,
4304,/localhome/local-lintran/MLA2/data/raw/original/images/4304.jpg,1800,2400,0.75,RGB,346568,1957b44507552613e08f9b0b633439fcd0cfa2273d1aad0c807c12fae280bcf1,1957b44507552613e08f9b0b633439fcd0cfa2273d1aad0c807c12fae280bcf1,d976dbc235fa99189678f7c5f56490a9d177fb30746e2458c1b3ae472746ab36,22080e171f1e0800,240.6474625,31.216944067937263,44.563351764953175,0.07510199340584597,13.15951712638088,
4318,/localhome/local-lintran/MLA2/data/raw/original/images/4318.jpg,1800,2400,0.75,RGB,673813,5095f435f2c6e3f0346ab882aed869f3d0438d652a69cb7e8bfc427eba08770d,5095f435f2c6e3f0346ab882aed869f3d0438d652a69cb7e8bfc427eba08770d,7ed6d3e468b9929a9815867d8bb29318c9647655a491f8c19844f039a664524b,22000f33969e1600,232.43038310185185,45.756633522997106,92.72547879032504,0.19589466836234345,9.233183491975266,
4410,/localhome/local-lintran/MLA2/data/raw/original/images/4410.jpg,1800,2400,0.75,RGB,383876,42b1a38f3b86b596d9040cc6bcd64cbd33dd81ec86fe4fc3738289178ddb1c4c,42b1a38f3b86b596d9040cc6bcd64cbd33dd81ec86fe4fc3738289178ddb1c4c,e383e27820d88bd2cc2a4add69e5a13ce8bd18ebcb143bbf3ede789c52cf270c,0d4c9b3b1b170797,188.63724305555556,84.68061208146673,40.7026407528493,0.12825731634268508,121.62200143588318,
4413,/localhome/local-lintran/MLA2/data/raw/original/images/4413.jpg,1800,2400,0.75,RGB,348085,03ef0601c226ec5d2bbb54816320f6cb822d5fd72f139d0f16c790bd19772707,03ef0601c226ec5d2bbb54816320f6cb822d5fd72f139d0f16c790bd19772707,8ec5096ce27e102b08153d0da79b0b52c332a69ed1a60a48c01f8374e2e9cad2,0f4d8f3317171f0e,190.36244189814815,82.82347953624526,44.32011947577612,0.19596897943044256,76.69345121471085,
4473,/localhome/local-lintran/MLA2/data/raw/original/images/4473.jpg,1800,2400,0.75,RGB,342922,8a6bdf003fd820ffa63a21d18e5dfcf63826a65d3b6f20ca658653dbf0e6a513,8a6bdf003fd820ffa63a21d18e5dfcf63826a65d3b6f20ca658653dbf0e6a513,581da3eebbf6be2b9e3d91779894569c09c03c0689927c3eda91b2e2afeb9745,0822382e15030231,223.9790886574074,65.39432892137408,25.571042893035827,0.039141557412921066,97.61702285833391,
4504,/localhome/local-lintran/MLA2/data/raw/original/images/4504.jpg,1800,2400,0.75,RGB,263424,f04d03dac4dcfe1f41e6e0aaa5ed4a2406cdc781f0df1c99b804e10145db1d32,f04d03dac4dcfe1f41e6e0aaa5ed4a2406cdc781f0df1c99b804e10145db1d32,4d32567cf3596912f861b39d8a076eb92354cb03b3b8f3f2430d4241b6977760,2000383c37030720,245.8891025462963,28.94281474104396,8.260944060354296,0.005718491254385694,13.402910674170315,
4512,/localhome/local-lintran/MLA2/data/raw/original/images/4512.jpg,1800,2400,0.75,RGB,152344,80aef4f2b771f5b300a45c4f32490db3e381a232c4a1c46238dd46969d464981,80aef4f2b771f5b300a45c4f32490db3e381a232c4a1c46238dd46969d464981,63a97d13fc31f561ee38848fb6ebbb6bc819e8e0bc503dcd083d346fcac3be54,28022d3e23070011,237.17953865740742,47.57471698491301,9.221447544690678,0.015175570522462715,29.01439102341416,
4514,/localhome/local-lintran/MLA2/data/raw/original/images/4514.jpg,1800,2400,0.75,RGB,314134,bff0f8fcae2863f4b863b1c8292c01b66666526b01a2b34efd671924cb095cf5,bff0f8fcae2863f4b863b1c8292c01b66666526b01a2b34efd671924cb095cf5,da0ba59868b44574f5d3d0c38c7a3b81cdd53e661ee725460d3bf44b8b825929,00326d2619490411,233.49990347222223,52.81096338101988,6.294458054497593,0.02024746909478791,26.543576043910235,
4547,/localhome/local-lintran/MLA2/data/raw/original/images/4547.jpg,1800,2400,0.75,RGB,271706,88918f16bd0e15400f5911e949f8e6150b27b7172ffac8174a8956dfc8ed908c,88918f16bd0e15400f5911e949f8e6150b27b7172ffac8174a8956dfc8ed908c,fb809752e680176f1beec2831ebb287fffb74cfd9837c5bec07d488f135e15f8,2000293c33030003,242.15495949074074,43.695841222049104,1.1880795395172523,0.0020657394781717644,8.137375112902106,
4560,/localhome/local-lintran/MLA2/data/raw/original/images/4560.jpg,1800,2400,0.75,RGB,315463,98beb71d7f3560843ed07272354dbb5d18305d8cf43ece608411dac9d2ce0910,98beb71d7f3560843ed07272354dbb5d18305d8cf43ece608411dac9d2ce0910,b04a623b545c8b574c5259b02be28960f505889ba7565844adac7843c6b40bc4,24101d6e0b070031,218.33732962962964,69.32135385904262,3.864036200487101,0.022524401106099767,16.581497255610365,
4601,/localhome/local-lintran/MLA2/data/raw/original/images/4601.jpg,1080,1440,0.75,RGB,224679,39e00d7bea5deaa0f457303d41b615cb1fc63a669a26db1c747ebe584f127960,39e00d7bea5deaa0f457303d41b615cb1fc63a669a26db1c747ebe584f127960,c4fb0332b04c706f1ee143a20649791403644de956740b0f2ef28fc271361370,0c96963737160f00,200.48513117283952,81.87804545498805,12.904206440523982,0.04283668573352072,83.5360502979523,
4637,/localhome/local-lintran/MLA2/data/raw/original/images/4637.jpg,1080,1440,0.75,RGB,268490,a58b058be1d710e11ae935774ac9bdb005051824be6225fa8a068e89e3781a2e,a58b058be1d710e11ae935774ac9bdb005051824be6225fa8a068e89e3781a2e,680b2f80a42a9cab6c0526577ed5edb15e33a78c647fdf8c5dcceec774cc4675,2800393e390b0001,241.8969347993827,34.9301540639266,12.709526765328913,0.014538190166387441,52.8441046629857,
4683,/localhome/local-lintran/MLA2/data/raw/original/images/4683.jpg,1800,2400,0.75,RGB,1038886,5ed6a19d18ac9f092bf0b5d11e7401f45b8bcfc68d535ea01a508cf752654331,5ed6a19d18ac9f092bf0b5d11e7401f45b8bcfc68d535ea01a508cf752654331,e18eefea7168e854682058558c162392f5455f78ec24c526c9b36ca4e0d0492a,220c869613170600,206.69205555555556,80.9834407018146,5.303972303588089,0.015822989148043552,177.99874892887746,
4731,/localhome/local-lintran/MLA2/data/raw/original/images/4731.jpg,1800,2400,0.75,RGB,244705,8b62423a72ff87cbbd914f6ecd9f9b026909ec27fd1dc09dc71cbbafdd2e10f4,8b62423a72ff87cbbd914f6ecd9f9b026909ec27fd1dc09dc71cbbafdd2e10f4,eeff3d52b9eeffa3fe7c8b5141633b0d24894e1e9b852ad48c4c9466949adb3d,2802282f87061102,234.01753935185187,58.36450773151014,0.899696823616968,0.002084385193255137,20.736282452117926,
4733,/localhome/local-lintran/MLA2/data/raw/original/images/4733.jpg,1800,2400,0.75,RGB,339911,337c78259c47009c161466bb762b691c44102f57d6d008409e1b4a25bb88bfd5,337c78259c47009c161466bb762b691c44102f57d6d008409e1b4a25bb88bfd5,5689c249fdcceaa4219efbff0aeb5e93b259bcd32e0f2567f162fe5e1e4a4f07,3c023c2f07034003,215.10995810185184,78.28917714215335,1.6557392251217782,0.00810057414724206,26.80031218879548,
4745,/localhome/local-lintran/MLA2/data/raw/original/images/4745.jpg,1800,2400,0.75,RGB,299311,0fe83aa90d3489b801ea7636e362c11a9d82db260e02613a5269424bc90c63a0,0fe83aa90d3489b801ea7636e362c11a9d82db260e02613a5269424bc90c63a0,3bd8393f27129192489cc80d2333bee343d2f0ea962e164c5fb02ce7438e1ef9,4d4d0f333323338e,219.21390833333334,51.515263341206165,74.67813843022319,0.2146319870895262,24.913046388290603,
4754,/localhome/local-lintran/MLA2/data/raw/original/images/4754.jpg,1800,2400,0.75,RGB,341708,c1d2961e17706ab0001f2abc0f906e035da138d150ac3435c2c6be44e5e8ba04,c1d2961e17706ab0001f2abc0f906e035da138d150ac3435c2c6be44e5e8ba04,1e66dcf88457ee464f3b4123a467fce73038c2b055a9cbe3dee7a6f23cb83c75,0f4d973b17579616,176.19883194444444,93.7064904276394,36.66824209922924,0.16399213883316605,32.1025381551217,
4787,/localhome/local-lintran/MLA2/data/raw/original/images/4787.jpg,1800,2400,0.75,RGB,714504,5bf4412ce5a9acaf25955bd776ecc376ccee6335044981ed68951484d5eaece6,5bf4412ce5a9acaf25955bd776ecc376ccee6335044981ed68951484d5eaece6,07d2c5bb40882c42f1aa05338591df1e2ba19407fdc1ab06314fba467e0c4257,9696969696969636,204.98071550925926,85.09460349020209,20.084407430184473,0.04399518435694647,19.410461798559485,
4802,/localhome/local-lintran/MLA2/data/raw/original/images/4802.jpg,1800,2400,0.75,RGB,417641,c27a438e5f7326f3d590d1b71d807a8ba4a05d0eabff4ed1e9b87bbe58432c21,c27a438e5f7326f3d590d1b71d807a8ba4a05d0eabff4ed1e9b87bbe58432c21,cb7e78eb4a7764bf2517ea8024c94ff0e8fd86937aae19e96a77c7692f35eef3,0f4c873b17575607,204.3524486111111,58.06953953757646,47.80285589307386,0.16839779957114423,38.71257775770629,
4837,/localhome/local-lintran/MLA2/data/raw/original/images/4837.jpg,1800,2400,0.75,RGB,270506,054c98130856d59418c2309ea823abdfe943d5bb0d15399429d465ef9a2d5124,054c98130856d59418c2309ea823abdfe943d5bb0d15399429d465ef9a2d5124,54991fdd165b3a0e3a52ecdfda6b7dc2be4f7ef837eb8121d7ec330191d9220e,0d0d58676163269e,226.61921712962962,58.1306033042557,43.161039910997225,0.11744642490792417,23.933727390629706,
4864,/localhome/local-lintran/MLA2/data/raw/original/images/4864.jpg,1800,2400,0.75,RGB,391289,a4de396ce7e5ebd4562473e645ba18b1f399b348371ca0b8de6386dc94e1152f,a4de396ce7e5ebd4562473e645ba18b1f399b348371ca0b8de6386dc94e1152f,ab5b234e921b13ae6c417f9ab257a3557430085c757adc97597957234bae7f04,4d4d0f135b7b3197,228.35634861111112,56.385924209865465,25.78254924154621,0.06726203028948476,20.885398804974642,
4868,/localhome/local-lintran/MLA2/data/raw/original/images/4868.jpg,1080,1440,0.75,RGB,101200,30506e00df6d7b29b60963239f6e032ab627f643b914b014d5ab39d44f1cf666,30506e00df6d7b29b60963239f6e032ab627f643b914b014d5ab39d44f1cf666,f41892bb7ad77a35f17bdb025e3a8660fb24fa5691f1777c92d27e4c27695dd3,12088e171e962200,239.02706661522635,35.42783390262641,59.03853311397236,0.12680282046752617,25.154811640089065,
4873,/localhome/local-lintran/MLA2/data/raw/original/images/4873.jpg,1800,2400,0.75,RGB,355128,207431a1a424d2c1c0d9d0dc055aed03a0419bc492a39ddb916f72f790880522,207431a1a424d2c1c0d9d0dc055aed03a0419bc492a39ddb916f72f790880522,9faabae71848c74162f2f3f26e114686ba38d23a618f34135262e7a1f40b1501,f0e09e969496f0f0,203.37822986111112,18.773725712438317,13.755734805300314,0.04796613043407593,55.37967785265986,
4896,/localhome/local-lintran/MLA2/data/raw/original/images/4896.jpg,1080,1440,0.75,RGB,93441,a91ab0472f5c1f767dcd5fd6803dec44f616f04891d5eb3a077fc7dbc327b907,a91ab0472f5c1f767dcd5fd6803dec44f616f04891d5eb3a077fc7dbc327b907,baa434bdb14ad2f1d89eab3ce8a236c5411360ece03dc21e57938704fd3b3823,0000060e1c160400,249.24923225308643,18.727472407941075,57.9188433480741,0.09861738733575544,12.063215439463557,
4897,/localhome/local-lintran/MLA2/data/raw/original/images/4897.jpg,1800,2400,0.75,RGB,345531,2d1c81bfecc4f701edd761e9a5ca58a0141db9d536331d23d13e1934b3d74881,2d1c81bfecc4f701edd761e9a5ca58a0141db9d536331d23d13e1934b3d74881,0c6bf1d3d542116db0753c38bb1a64e53cc5a3a756bdd6a4aa1500471912953c,f0f0e0d4f0b0f0f0,210.4354636574074,15.874376580506839,56.93273304611012,0.13827436158480563,8.143114245350748,
4914,/localhome/local-lintran/MLA2/data/raw/original/images/4914.jpg,1080,1440,0.75,RGB,257683,21f4f146d16b2fe9fbe829fb261a22e69e6dccb124217d1e248d531a12ed84dc,21f4f146d16b2fe9fbe829fb261a22e69e6dccb124217d1e248d531a12ed84dc,fad9f5a58810deb2bd7e3d8eabf57d2313dc9bc98301d2997906ad0fb5f03eaa,2200960e1c161200,242.8485300925926,31.935413889007478,43.302078723147446,0.058706843184793495,14.505572287218296,
4919,/localhome/local-lintran/MLA2/data/raw/original/images/4919.jpg,1080,1440,0.75,RGB,270895,bff5cf0ba74b92364c106dab260c4df76245a9fbacbf99572140511225b4508a,bff5cf0ba74b92364c106dab260c4df76245a9fbacbf99572140511225b4508a,c900350bdeaf8c2fb060f95c3c3879e5799320d95c86b484be20f7e699c39b57,2a00171796961600,232.55656314300413,50.67391857614607,66.98082935072173,0.11936126663891938,24.730913033965276,
4931,/localhome/local-lintran/MLA2/data/raw/original/images/4931.jpg,1080,1440,0.75,RGB,367908,c0048956520958c37dd9b0470b223781e0741189d4b93af2a8b8d1e478dead00,c0048956520958c37dd9b0470b223781e0741189d4b93af2a8b8d1e478dead00,6580fb86c4bea07238821a3c0de3e11cde3bf979d59987fa0e8bc0b5bc3773ff,0024859496961c00,246.00966949588476,22.729515415138575,42.77286220304656,0.06648235960669013,19.328145874358082,
4934,/localhome/local-lintran/MLA2/data/raw/original/images/4934.jpg,1080,1440,0.75,RGB,336520,332c3c8c39e25b95bb0593387458ff7cb712c054d019aede93598cbeb856be9a,332c3c8c39e25b95bb0593387458ff7cb712c054d019aede93598cbeb856be9a,1ca390662aab5547b9e78abbfd2bcc7c27c89778dbdb2ac56eac46a9632cff6b,0802160e96960800,243.39377250514403,30.224905189311606,41.52164490139789,0.057059294905365286,24.42982611941259,
4937,/localhome/local-lintran/MLA2/data/raw/original/images/4937.jpg,1080,1440,0.75,RGB,394005,9c52be94cd70e435ae0127581a985447c66b8e7e233d3841f18ef9f3de663871,9c52be94cd70e435ae0127581a985447c66b8e7e233d3841f18ef9f3de663871,7145e4b6d4a98e18fe662ab906779c6cdf7277e1473ebac8309508a67b6b6f2d,000e079696969600,223.81044688786008,60.0537916989525,12.05083865277574,0.030498974117000584,92.18416798589392,
4943,/localhome/local-lintran/MLA2/data/raw/original/images/4943.jpg,1080,1440,0.75,RGB,387031,bf08a8ccb6c889560e0c37d22d07a3b16078ed0634a951c933c568d26a595ede,bf08a8ccb6c889560e0c37d22d07a3b16078ed0634a951c933c568d26a595ede,4b002c2a98b8434c050b5dc14770fa0126e9413406e6a767efce907420fcd0ee,000e171796869600,227.88901684670782,58.57018234367705,9.528326451387287,0.03892778025692348,121.65080633743902,
4959,/localhome/local-lintran/MLA2/data/raw/original/images/4959.jpg,1080,1440,0.75,RGB,306145,5052c3f9dfae7fe1459a2a243dbb6f277506f7f0539bcf2ce30d78283436f5e6,5052c3f9dfae7fe1459a2a243dbb6f277506f7f0539bcf2ce30d78283436f5e6,020a73fa414d71fe1dc9360ca09cd483df3a04fdc2f0ad3792179f12e4466d2d,0096171f96961600,228.4271527777778,60.825119239710595,23.07878977750114,0.05468413377646967,95.38329343475296,
4961,/localhome/local-lintran/MLA2/data/raw/original/images/4961.jpg,1800,2400,0.75,RGB,346248,9194a3c7fb6b2c66ed015e50e03c782d104756f3246e775b58ac99ac18ce011a,9194a3c7fb6b2c66ed015e50e03c782d104756f3246e775b58ac99ac18ce011a,1414f492e0eac4b4bfd53e742029955ec79e919336cd90f591183119b43e5261,f0e0b29496e2e8f0,208.91923356481482,14.530704087334799,22.974024380957655,0.07625000472068398,16.692891915051298,
4963,/localhome/local-lintran/MLA2/data/raw/original/images/4963.jpg,1080,1440,0.75,RGB,296301,fd2cfb2113d591cff4d7ca464dd1c68415c11b6f7bf0ac848e11f188d1406391,fd2cfb2113d591cff4d7ca464dd1c68415c11b6f7bf0ac848e11f188d1406391,d3f0d213b918634ee8c18cd7f58a05359b074dd963015e2501178d33cdab8782,204c8e16969e0640,239.7433532664609,42.223783123199986,14.295184527030129,0.0340074274975962,46.87033283138345,
5100,/localhome/local-lintran/MLA2/data/raw/original/images/5100.jpg,1800,2400,0.75,RGB,1056558,90ba86722bca3e14cd025ea586757774e668fa3f4641d60fddaa4223efa70408,90ba86722bca3e14cd025ea586757774e668fa3f4641d60fddaa4223efa70408,8ea9556a463b82264d19981bdfec99e4abe3057c6e4576845dec534a2b4a2866,4d4d0e274b5d570e,220.92440740740741,47.55047606686889,104.95143761454902,0.3464135344131588,50.88685275249543,
5149,/localhome/local-lintran/MLA2/data/raw/original/images/5149.jpg,1800,2400,0.75,RGB,842422,d367c571a32dd07fc66b758bf8470aad83bfb518aa276e6185253756b3880d00,d367c571a32dd07fc66b758bf8470aad83bfb518aa276e6185253756b3880d00,6a0bda2100330a52968166e0b2723ec43562b63d9a4383401efa1b4667fdd813,4d4d4d9b9b339a9e,225.82935833333335,62.17081372774323,39.233608201768895,0.11300771304658468,36.66142187174321,
5155,/localhome/local-lintran/MLA2/data/raw/original/images/5155.jpg,1800,2400,0.75,RGB,876790,aafb5b637d665deed92ad92187f7637393b23830ae4498a342b5c8848e490aea,aafb5b637d665deed92ad92187f7637393b23830ae4498a342b5c8848e490aea,4ed5361991c01b55aebaf35e6be40ff1e8a7f71144ae5059cd3992bffbbbe162,4d9d1d262bb38b97,218.26360416666665,67.33060299312186,56.51519911759714,0.20041104324084313,24.178388915908197,
5219,/localhome/local-lintran/MLA2/data/raw/original/images/5219.jpg,1080,1440,0.75,RGB,111438,7d9cf34e21c93fafcff8f870cab9a27de7cf55a421833224ae8083452b3de86f,7d9cf34e21c93fafcff8f870cab9a27de7cf55a421833224ae8083452b3de86f,a9dc32abf5e0652550044bc21fe19155846872c8d4f04ba389f9448215774601,224d961733331600,201.37330311213992,82.95852908191925,0.6776926981289524,0.0031451761683925442,88.41729539107044,
5226,/localhome/local-lintran/MLA2/data/raw/original/images/5226.jpg,1080,1440,0.75,RGB,201047,ca6430b1edfe79626ee5a6401a71df337da285aaa995cc3c6d8701041518bd5a,ca6430b1edfe79626ee5a6401a71df337da285aaa995cc3c6d8701041518bd5a,4579537e0714f684d2546f3941ef6545fbe3d323620519c29bb7603d56d3302c,0053007333379e41,221.05924897119343,66.90419104721968,18.13410249076156,0.05918933383088321,56.76296189042048,
5231,/localhome/local-lintran/MLA2/data/raw/original/images/5231.jpg,1080,1440,0.75,RGB,162654,c41c239437b9c942df6953d7178caa5b1a0cdc279c930d1fa8d4353af65b37e6,c41c239437b9c942df6953d7178caa5b1a0cdc279c930d1fa8d4353af65b37e6,3fafbef09909f33848d41fded4b11e869f68d355e58a265b5636b323f26faf0f,0d4c97330717078f,179.12603780864197,89.30419008814766,39.88444389928518,0.12962888956749952,64.86640796941967,
5259,/localhome/local-lintran/MLA2/data/raw/original/images/5259.jpg,1080,1440,0.75,RGB,424846,e7a89a95579cc76144aad6527866eea5ea57e8e1b212587817e2d89f1dfe404e,e7a89a95579cc76144aad6527866eea5ea57e8e1b212587817e2d89f1dfe404e,8dad68f432579c564316057703116f39e3ae99a6007495a01527f402260b082d,1c2e2727232b3f00,201.1026819701646,67.7014837162763,10.774451463944857,0.039394220678720046,82.0159208206237,
5279,/localhome/local-lintran/MLA2/data/raw/original/images/5279.jpg,1800,2400,0.75,RGB,404670,8a7c8cdfa46d5326b42e4c060a45dbe5ba5dea88eddb29c5c8ddcec7ab3c80b5,8a7c8cdfa46d5326b42e4c060a45dbe5ba5dea88eddb29c5c8ddcec7ab3c80b5,e2b35723ee853e882fd6c5052c55de78db9b64cbf1a64eab8874966d91e9ab9f,4d4d0e715561171e,225.25664375,56.802259209882635,40.586008153527146,0.10299672808852932,33.311714838231545,
5291,/localhome/local-lintran/MLA2/data/raw/original/images/5291.jpg,1800,2400,0.75,RGB,252330,a4eb46ff934bd423ed6c9c5cf59a4f3b8ccf01e93621ef5d6a8dadc54662eaba,a4eb46ff934bd423ed6c9c5cf59a4f3b8ccf01e93621ef5d6a8dadc54662eaba,d3db025d16db77f1e3efd6cfbfdf5960d598613f6d127e4b1c3eccf2dc9dae0f,0804391c0f070011,214.67518518518517,78.369808853796,2.6245259342959826,0.006544387716009489,20.374822483151533,
5292,/localhome/local-lintran/MLA2/data/raw/original/images/5292.jpg,1800,2400,0.75,RGB,391512,a2ba32f343ca805d7d6c35984d6c03efe4cb147367d164d9cd1e4834323e5951,a2ba32f343ca805d7d6c35984d6c03efe4cb147367d164d9cd1e4834323e5951,8acf69fb73743494baada1b7211c94bff9d13e2af02a4ab17f2b7bb789b3667b,f0f04c6e3f8fe0f0,189.1697863425926,36.572648871999085,32.04895739662818,0.15152796977638772,16.018391926631,
5353,/localhome/local-lintran/MLA2/data/raw/original/images/5353.jpg,150,200,0.75,RGB,3590,02028d6e3583ab6ffd34a6fea91882fcca56681eb0c161a5b7f5df0ee479a205,02028d6e3583ab6ffd34a6fea91882fcca56681eb0c161a5b7f5df0ee479a205,b91ccf74a8554e6161849c89dcf4b49edf531f3517046b19fc5bbbd47aafb52d,fefcf47b7c11c3fc,203.44736666666665,27.644699848835803,9.028264250606412,0.05330602282923121,122.89842414082146,
5394,/localhome/local-lintran/MLA2/data/raw/original/images/5394.jpg,1080,1440,0.75,RGB,93977,53b04a4106cfd698b3906f9f32e9bce8b1488a192f01294c13a64c6d624a6b73,53b04a4106cfd698b3906f9f32e9bce8b1488a192f01294c13a64c6d624a6b73,f1ab411b2593549a17bfda2ab6c1f7ba055673383503f6214682bb6c386d231d,d0606867671939f0,169.39181841563786,57.28802894791001,13.771240536314961,0.09948927413229065,13.471551025136106,
5397,/localhome/local-lintran/MLA2/data/raw/original/images/5397.jpg,150,200,0.75,RGB,5441,33ed082dc239739fa6900368f24ca9cdd1835cab29013630be38dda575f2edbe,33ed082dc239739fa6900368f24ca9cdd1835cab29013630be38dda575f2edbe,655c2c27a14f9f49de63cc19af1d4e76724fb84423dfa83a7e1ea26271660f48,fcfcd87c1f07c7f8,193.81916666666666,56.21612223646839,33.69079856839418,0.07848963059717523,390.6012238055323,
5427,/localhome/local-lintran/MLA2/data/raw/original/images/5427.jpg,1800,2400,0.75,RGB,292084,78920e2f7b264cca570029fb8230f5e6c7c2d877b45414946d910c1dca55fe47,78920e2f7b264cca570029fb8230f5e6c7c2d877b45414946d910c1dca55fe47,2d830bbf7acb8f701256580141a20235d941c448b4b7edbc98d21c1761369013,32080f1786860008,226.8580337962963,60.05829133899806,67.34860488671532,0.11657058898683667,52.939417772528316,
5468,/localhome/local-lintran/MLA2/data/raw/original/images/5468.jpg,1800,2400,0.75,RGB,672390,399732db092927b15be61c17a950aac1da33cc29a162f4c4f803afc80344e1ad,399732db092927b15be61c17a950aac1da33cc29a162f4c4f803afc80344e1ad,0c3ca38c0c4b888f9695029ccaceee3c0411bb4d7e2103f4564fb380f1732d01,00303c7679030211,234.7847277777778,46.32954627808589,37.06512465833842,0.04122833366230609,15.49764237244957,
5530,/localhome/local-lintran/MLA2/data/raw/original/images/5530.jpg,1800,2400,0.75,RGB,240753,8e2f45debb62df1156392097f697f5febcf4997c7f998eeb314e549d11ac054d,8e2f45debb62df1156392097f697f5febcf4997c7f998eeb314e549d11ac054d,d3ef70a52529884215ed848667ccbe71b5e3ce71cf7e657977de499f61dcc1b3,2006292e17032005,224.9329875,68.99606267329634,0.9396755530756042,0.0034322945163019476,15.412205701845805,
5582,/localhome/local-lintran/MLA2/data/raw/original/images/5582.jpg,1080,1440,0.75,RGB,311905,b27382aba32ddf666792a6f394fd90255c4d96282da410c1bb26973d85a6934e,b27382aba32ddf666792a6f394fd90255c4d96282da410c1bb26973d85a6934e,5c639dc842a2055331fce77fbbb0ead5081eeb70b1e1fb264a8eb6d2598e6d05,0001002333333300,199.6938721707819,91.93158191473032,7.21920078544272,0.06740495841820122,44.83487779450944,
5620,/localhome/local-lintran/MLA2/data/raw/original/images/5620.jpg,1800,2400,0.75,RGB,720357,704a1d8261d4c251f7939190c97aa43a99e7a85803b617c11cf456f121d839b0,704a1d8261d4c251f7939190c97aa43a99e7a85803b617c11cf456f121d839b0,ef4983d2c49ede2337404df516404cccec9bc1d67c1d60cc5dc1f33086d22146,0800391e31030611,235.47556875,49.463800014862585,12.794423156397215,0.01605481844801696,34.4965265522592,
5627,/localhome/local-lintran/MLA2/data/raw/original/images/5627.jpg,1800,2400,0.75,RGB,353167,c65bebacfa2371d00a2ac403f88e561bb4fc9a30d94f2a47034ba107e52fee3e,c65bebacfa2371d00a2ac403f88e561bb4fc9a30d94f2a47034ba107e52fee3e,c21da8247e6a0c3376e6b931d6cf2044afe0110c9ff63009acd3c944725926d7,004a01360703400d,231.10990949074073,56.49091891332945,23.466124135878317,0.05818557115003997,31.303975312073,
5658,/localhome/local-lintran/MLA2/data/raw/original/images/5658.jpg,1080,1440,0.75,RGB,487613,be792fec1ac4873a2fa2a5988bbe42a93914637310fce857103ee3eb0537955c,be792fec1ac4873a2fa2a5988bbe42a93914637310fce857103ee3eb0537955c,5b6a88fef4a76bb94e003e3bc7de3fda82f3e5113da439c0d5a6281698c7dae1,4d4d0e332d0d370f,215.23398019547326,48.63273307415442,90.59638086058844,0.3013595388662577,57.65723998352575,
5667,/localhome/local-lintran/MLA2/data/raw/original/images/5667.jpg,1080,1440,0.75,RGB,201255,61355b2dc8e78d6ad06181fc1ed463895b7be50058cca0329e68af95eded2964,61355b2dc8e78d6ad06181fc1ed463895b7be50058cca0329e68af95eded2964,5b2fa29c7cb21d123b0eb194a7465af5c471908b558618c573eee2f0b9272f6e,0f4d96333717168e,183.49374035493827,89.21807979327941,32.362576206066784,0.13443224099256698,96.84177670952546,
5718,/localhome/local-lintran/MLA2/data/raw/original/images/5718.jpg,1800,2400,0.75,RGB,396505,3113c73b41d9320e32dcb507d1b34a745457cfd6e39e0d3a117dedc3a755d345,3113c73b41d9320e32dcb507d1b34a745457cfd6e39e0d3a117dedc3a755d345,3364be0954ed7c309ec61b87fba00b83c8a5107529edfc130fd4abd7ed543ec4,cccc963b1716968c,166.47187824074075,55.93210591952159,36.48885072625314,0.15320635881338623,59.133270223951456,
5763,/localhome/local-lintran/MLA2/data/raw/original/images/5763.jpg,1080,1440,0.75,RGB,275268,c47e51cca01aad4281132c59adb636414a0a096d9531ddda715617ba6fe80f8b,c47e51cca01aad4281132c59adb636414a0a096d9531ddda715617ba6fe80f8b,2be0672878a46661571b6052b1b3be225d9e7532d2feb5a2758331d8f43f5b23,4d4d36170d9f9e0c,206.3461779835391,74.45031821977616,39.613092588271975,0.15699451279373272,69.15987650745846,
5797,/localhome/local-lintran/MLA2/data/raw/original/images/5797.jpg,1080,1440,0.75,RGB,237936,9dd13d5c25e46dd5a5dcdf56f22dac6555fb24cb0295664943332d72f4b6936a,9dd13d5c25e46dd5a5dcdf56f22dac6555fb24cb0295664943332d72f4b6936a,4f1c7bf0daa4d09391a5ac5e83529633542291f346ca010a3bce4303c4f9f844,4d4d0f271b151797,209.7424569187243,58.334623106398894,63.89799634842276,0.19368731549950383,107.27947861564796,
5812,/localhome/local-lintran/MLA2/data/raw/original/images/5812.jpg,1080,1440,0.75,RGB,316105,be121eac56116ee70a4fd87ff91771c90bdf739bd9fdd73fb91ebdb260811b29,be121eac56116ee70a4fd87ff91771c90bdf739bd9fdd73fb91ebdb260811b29,d0e9afabaf09a27f19a13d8b3b5753f14aeef60eb52ae22fca21ae73d06603b5,0d4d96868e8e9e9d,200.98290316358026,84.41979084110551,27.51869711936219,0.07371670005705608,58.829920717659625,
5874,/localhome/local-lintran/MLA2/data/raw/original/images/5874.jpg,1080,1440,0.75,RGB,260243,bef59a52f048a4fbdac443206dd1c750adff681b9d03f2040ede1c999c15a19c,bef59a52f048a4fbdac443206dd1c750adff681b9d03f2040ede1c999c15a19c,44b68f67662332cd5abd3cbe97ef8dfc1ab1a9410723188f8ce5514c9d65dbc2,200e17b617292300,214.4305150462963,78.94669207664957,0.5942807749938328,0.0019125399959779494,71.6586174498372,
5890,/localhome/local-lintran/MLA2/data/raw/original/images/5890.jpg,1080,1440,0.75,RGB,305037,0e6355e129ca9defd5ffd64e3b8de1231190022cff947cd74ec25a67205fe21a,0e6355e129ca9defd5ffd64e3b8de1231190022cff947cd74ec25a67205fe21a,29bbde2ab592fdfed80a0c6c2bcab020b8e0de4f3600f02422e044dadd70bfe3,4d4d0e333b2f3f0e,219.93314300411524,49.414628120342364,59.2884144243816,0.1706194295547668,55.86650031532749,
5931,/localhome/local-lintran/MLA2/data/raw/original/images/5931.jpg,1800,2400,0.75,RGB,445286,38e42528ad76a62bcfe2e63c79ca7c2039a2178c6c8886f1feadbf7d1a941836,38e42528ad76a62bcfe2e63c79ca7c2039a2178c6c8886f1feadbf7d1a941836,cf569c9874ff7adc745fda776ffca7f56e9cc6a0b70100a6ca5239b01fa9bdfe,00105c3e19030009,241.23409282407408,37.757395392157505,7.53758831913258,0.0062924344489593146,9.153790963199704,
5964,/localhome/local-lintran/MLA2/data/raw/original/images/5964.jpg,1080,1440,0.75,RGB,566218,8de2c9d52db8f5f1b34476bcd2329a81b2416d240366be8aaa090d15014144a8,8de2c9d52db8f5f1b34476bcd2329a81b2416d240366be8aaa090d15014144a8,76495aac70de8f22f9fee5ba6077a3914e5a01f676364d9b28edc2a74ceadbdd,4d4d8f2b332b2b06,218.13628986625514,58.01939767752229,35.692104906906074,0.10094313008765723,119.54607706861269,
5978,/localhome/local-lintran/MLA2/data/raw/original/images/5978.jpg,1080,1440,0.75,RGB,452551,4c03df85416d477f5a70e0751f4f098e8e4d05edadada0201de27ff61ddcb46f,4c03df85416d477f5a70e0751f4f098e8e4d05edadada0201de27ff61ddcb46f,4ca69e4962e64ca56d1c9d0ded0fecd5a119cc0bdfc6feb3a8c9113c7ea1ad0c,0d4d962b3313969e,199.39147955246915,77.41395299041763,32.96389078444722,0.09601637670732086,213.9328043553805,
5980,/localhome/local-lintran/MLA2/data/raw/original/images/5980.jpg,1080,1440,0.75,RGB,682240,00a283ad1ded6e02ba6c9d6197fd5b6a59016ac1c50d494c0ac751a161ee18f6,00a283ad1ded6e02ba6c9d6197fd5b6a59016ac1c50d494c0ac751a161ee18f6,0d1defb8ebe86b1cd277ce97dc8aa5763bccdee7f14df28b69337b83875596b2,0d4d973b3b17170f,199.25896283436214,70.88795478677793,32.18001024068271,0.08593707361949789,619.2241650256767,
5984,/localhome/local-lintran/MLA2/data/raw/original/images/5984.jpg,1080,1440,0.75,RGB,717888,f7742d8d89858227437f4fee83803bae9c3984dd47e7f678f797858ee4c69c99,f7742d8d89858227437f4fee83803bae9c3984dd47e7f678f797858ee4c69c99,fea7dec1ae26798289e8c2e34b824f86f4273bd8d78939b0af504f30f535c4ad,0d0d16331717270e,200.52842592592592,73.09385989439177,42.001554154291284,0.14008828334362788,290.84745421316137,
5988,/localhome/local-lintran/MLA2/data/raw/original/images/5988.jpg,1080,1440,0.75,RGB,505356,ad765e582bb80a598e311778a831f849b1564313770c2715932cd86a423a6907,ad765e582bb80a598e311778a831f849b1564313770c2715932cd86a423a6907,a59f8a129763058a7e26f5864c325dc3aa3d5d6a1bea2611be3d00eda20d3573,0d4c973317170f8e,193.76663387345678,75.25103807576615,46.49716988848909,0.16789781210721227,75.28336711842157,
5992,/localhome/local-lintran/MLA2/data/raw/original/images/5992.jpg,1080,1440,0.75,RGB,481578,c6268dafba86fa526bfc856a3ff728cae35afe4e757ac3da3d0add30ff1cd3f8,c6268dafba86fa526bfc856a3ff728cae35afe4e757ac3da3d0add30ff1cd3f8,051c050cab00ca1a892f80f41b9d78a0d8476bd217fe12191095e57ad3b3a49b,0d4d163317178f8f,198.01306069958846,71.17085822250567,37.649266175132276,0.12029111902092815,77.31968576650321,
5995,/localhome/local-lintran/MLA2/data/raw/original/images/5995.jpg,1080,1440,0.75,RGB,391997,99cf41e0cd33a22b3b5d9f6393bd7074554f7f2d349b101dc9009521e7882909,99cf41e0cd33a22b3b5d9f6393bd7074554f7f2d349b101dc9009521e7882909,ba154ce6f9f7d9beaf650422948410047c67a0255924531f7dfe1095607196b0,0d4d0f232b45060e,212.5629308127572,60.817245150671866,35.258594504543055,0.10863569901364074,105.27410582133159,
6027,/localhome/local-lintran/MLA2/data/raw/original/images/6027.jpg,1080,1440,0.75,RGB,216650,1787f36dc06a02db7edc6194e3145428d384b7b4a13092d83c30e72ce11d033e,1787f36dc06a02db7edc6194e3145428d384b7b4a13092d83c30e72ce11d033e,589d4f1b850309333ca5f9ef8714e78672c14d059ce9d371d3c9b6fdab880da2,4d0d172b3717371e,194.15054012345678,72.05268477794789,84.78590402663247,0.2694647651176061,53.863754392061466,
6067,/localhome/local-lintran/MLA2/data/raw/original/images/6067.jpg,1080,1440,0.75,RGB,445527,9808ccfaeeb7a78288d4b3ffa97d692e9317bac8dbae870c21299e269f44ba26,9808ccfaeeb7a78288d4b3ffa97d692e9317bac8dbae870c21299e269f44ba26,0a8e7b98d6f25f2a6d9af3f53b89f442b6d82c9a70abc299745bef16b1b2cf0e,0d451627070e0e4d,219.37385030864198,63.765727912122024,38.6358089176118,0.1365584288925437,55.40533772217717,
6071,/localhome/local-lintran/MLA2/data/raw/original/images/6071.jpg,1080,1440,0.75,RGB,268612,a18db380e0e2c5d6b2d0c996b7d094ca119fcdaa1ecc3be9ee8af38cd7576edb,a18db380e0e2c5d6b2d0c996b7d094ca119fcdaa1ecc3be9ee8af38cd7576edb,e6f7c1fb0d1ad31695a0a8408c660be83fc4083ce4012644089e68a547bf6630,0f46079f9b939e0e,215.58996077674897,64.649829665139,44.426000868027494,0.16410660399325142,29.34275615532131,
6143,/localhome/local-lintran/MLA2/data/raw/original/images/6143.jpg,1080,1440,0.75,RGB,267930,f50991d8ff646231bfc3bc0cc91ad150e06d6fdc380146c4a9d9be902da1ae06,f50991d8ff646231bfc3bc0cc91ad150e06d6fdc380146c4a9d9be902da1ae06,0464ab6345a7d04c26d1fa9c571592d5a19d056a9cb6f220066148503cc9bd9a,08203d1c3707401b,226.76477044753085,66.36498153143515,8.728173822042429,0.016909483026174243,41.60930730916252,
6155,/localhome/local-lintran/MLA2/data/raw/original/images/6155.jpg,1800,2400,0.75,RGB,352766,5a28b6a5a4f0f87d3858851f394a3c10c7d6f44bb13443495b6c0fbc84497e1a,5a28b6a5a4f0f87d3858851f394a3c10c7d6f44bb13443495b6c0fbc84497e1a,7c571bb8b925f43ce313c3b072befe607b04b9145efab4628e5a180bb772cabe,4d4d07232717070f,206.85229513888888,57.88686126102912,91.34885443318623,0.29060489041105264,109.32902591537552,
6174,/localhome/local-lintran/MLA2/data/raw/original/images/6174.jpg,1080,1440,0.75,RGB,456992,510115152095009ec8d920f3c7081ea60636db1550644c1a0bf2b1be8bdc8d9e,510115152095009ec8d920f3c7081ea60636db1550644c1a0bf2b1be8bdc8d9e,0832d9ad435a7f17284b9719c2dd6d2ad4b54f4685abcc62d0ee78206ed2418d,4d4d0e3373732b96,224.4967528292181,55.37916885301678,39.49328830184223,0.10352562714955849,58.03600846879545,
6234,/localhome/local-lintran/MLA2/data/raw/original/images/6234.jpg,1800,2400,0.75,RGB,388966,5f3475fce34c0ccac31bf3cc15b335c99dc2b9487716d55f70877d82b7000ff3,5f3475fce34c0ccac31bf3cc15b335c99dc2b9487716d55f70877d82b7000ff3,584b6c3a9bc0c1a8c1f3aaacec82e62b8bbc70e6e1e0a07765819d2d2d39a31d,cc9c9b9786979f9e,180.1357412037037,58.89733721321448,39.16544401617134,0.1737276558177805,75.58855323189513,
6253,/localhome/local-lintran/MLA2/data/raw/original/images/6253.jpg,1080,1440,0.75,RGB,500409,ecaab5216ca07eed35b560a6e0d81cb083d9687534316dae7f7c9730c4d227e6,ecaab5216ca07eed35b560a6e0d81cb083d9687534316dae7f7c9730c4d227e6,b0afb60da205ba4040e8a8b81f7ebf95301973eeb081cc5938d3ce6b4194f680,4d1d16372d379616,207.25454282407406,70.43797046248247,39.81427578997404,0.14544389227035187,261.8693797701327,
6286,/localhome/local-lintran/MLA2/data/raw/original/images/6286.jpg,1800,2400,0.75,RGB,367329,6d9e7600882ae912f453cc12dfc65c5c1b93edf5f454a79ef8c8f9561dca92c3,6d9e7600882ae912f453cc12dfc65c5c1b93edf5f454a79ef8c8f9561dca92c3,4d409914bf12e8572868a8efba04759dd7301d505d93848a8e0942140969e584,e6e684961e0f0e0e,181.6008826388889,47.59551242763047,34.09803917758013,0.1324854533880345,223.53373422265454,
6308,/localhome/local-lintran/MLA2/data/raw/original/images/6308.jpg,1080,1440,0.75,RGB,160379,295bde0b75b0cad78bf5f749e40c23667ee3226d0d4acb095c62f2c0bd56a5cd,295bde0b75b0cad78bf5f749e40c23667ee3226d0d4acb095c62f2c0bd56a5cd,25d9874c20a6a74910f90af1157efb27f670b4ea1d4c155cb64624e9881592a1,000822381f070018,238.45809477880658,49.866593239033804,12.789501554626725,0.030767089284869525,12.701637772372164,
6332,/localhome/local-lintran/MLA2/data/raw/original/images/6332.jpg,1800,2400,0.75,RGB,328792,4c18f25a013222f477e3aade7a7ecd84540c4d82a5fbad8a57160c2508076276,4c18f25a013222f477e3aade7a7ecd84540c4d82a5fbad8a57160c2508076276,f0cbf36d940cf90abd27fb6406257a4f90794de0ce2cde77b3ca784bc324f7e5,f0c0b03687e3f8e0,197.00407592592592,40.00460935314753,18.654650303760548,0.06414687172750431,14.374340072720535,
6345,/localhome/local-lintran/MLA2/data/raw/original/images/6345.jpg,1080,1440,0.75,RGB,332756,1e7073d188868e68e9f70419bd7bda47e8f8984616c280407393b91adaef95a6,1e7073d188868e68e9f70419bd7bda47e8f8984616c280407393b91adaef95a6,ad8124dfbb679fa3bebb0a0b597c974f6d689f1061ba938b8e1ab7f88660bc71,003432180f1f0104,221.07575488683128,71.00498941442348,13.31564357914517,0.03921515096241136,66.5554493738497,
6356,/localhome/local-lintran/MLA2/data/raw/original/images/6356.jpg,1080,1440,0.75,RGB,239363,de388a584a696ae84638baea93adcad216cec39c0f8023e9f26a102caf52bfe9,de388a584a696ae84638baea93adcad216cec39c0f8023e9f26a102caf52bfe9,c8e78f52d51423ab41ed719420790f5a3bebb6096bb40024bd9f6c394f876de5,0038383e1f0f0320,225.26469714506172,67.55504952375502,7.386360767884274,0.039632428571580794,74.42580022394687,
6360,/localhome/local-lintran/MLA2/data/raw/original/images/6360.jpg,1080,1440,0.75,RGB,227201,b674bc8659e8674e7206e8ee0267d903bcb77967067124617dbd9eb7536078d6,b674bc8659e8674e7206e8ee0267d903bcb77967067124617dbd9eb7536078d6,5688e6c70fd27dc4d060c0a24157f52f59e846167796343a9147296298a09d3d,0010383e1f0f0410,236.64557934670782,48.06284791402281,55.7240735103756,0.08184043203932886,37.42709499723284,
6366,/localhome/local-lintran/MLA2/data/raw/original/images/6366.jpg,1080,1440,0.75,RGB,171456,ae3e0b8fed2465adfde3209f0925d76f9f2528111653a9b48faea82fe3c3f8b4,ae3e0b8fed2465adfde3209f0925d76f9f2528111653a9b48faea82fe3c3f8b4,4ac1043dfa7f92a260d1755c99346a63b30d6c5036d180c6c190ee7572803e7f,0804392e170f4009,237.962293595679,37.89964222215835,11.635734966198847,0.033319552999266096,12.984825668944747,
6372,/localhome/local-lintran/MLA2/data/raw/original/images/6372.jpg,1080,1440,0.75,RGB,221022,4683778770503c7270b3a647b9321dcc241d58d78de6e1efde29135ca43e1a5a,4683778770503c7270b3a647b9321dcc241d58d78de6e1efde29135ca43e1a5a,81a27ec8e4c43d4b766edce072a3667790947c896821f36debeeac6abbcd3fc7,1002583f1f034008,242.58222029320987,34.13113057668507,16.874738614636808,0.028127208147049026,45.27460712768833,
6393,/localhome/local-lintran/MLA2/data/raw/original/images/6393.jpg,1800,2400,0.75,RGB,354421,808130b5264bd989512d7f08a5f3c3cc23ac333874f060728e6803f3f8c65fc4,808130b5264bd989512d7f08a5f3c3cc23ac333874f060728e6803f3f8c65fc4,0a2500c1063866b8225d83b22f9b6aae02f74339a05bf1daee89e1ca21850677,18043b3c1703400b,224.42996273148148,64.62774800636032,9.378624587427556,0.02931955403554349,19.77339308460131,
6438,/localhome/local-lintran/MLA2/data/raw/original/images/6438.jpg,1080,1440,0.75,RGB,243841,2560c815e47dc2a77324ecd4ac59019b54442c5df3f97bd9d411466d2fafda33,2560c815e47dc2a77324ecd4ac59019b54442c5df3f97bd9d411466d2fafda33,1bb9cd52604236c18f83f72ceb49be8f0f890d64049c66f2d46ac5814dd3945e,0012012e13032009,241.78587577160494,38.87862211821169,18.729904083407973,0.03612013816127912,36.338444212775265,
6449,/localhome/local-lintran/MLA2/data/raw/original/images/6449.jpg,1080,1440,0.75,RGB,369601,10be2e56c09367ea75bba82f790715ec58c9a7f5f54bef3603e70b4c028f53ad,10be2e56c09367ea75bba82f790715ec58c9a7f5f54bef3603e70b4c028f53ad,0d83e1651536d59c76789d0ccf475d5c61d86fb9b486de61cbbc8261c3d7aa2a,004401760f034418,231.5021412037037,55.26513317871338,13.294448990831441,0.02908185927370894,136.81630790120596,
6479,/localhome/local-lintran/MLA2/data/raw/original/images/6479.jpg,1800,2400,0.75,RGB,812269,b5d152f8e298e56e640cfb3866364ace2ff8789bc111247fa9df243e0b2b9b59,b5d152f8e298e56e640cfb3866364ace2ff8789bc111247fa9df243e0b2b9b59,043431124b7dc82ffb4b31c9d29d63b6b20e2bfce6414292572dd6858ee984a4,0d0d0f3333373796,207.59970324074075,58.19744943584607,61.427268945365796,0.20984250920843248,36.14404895898469,
6484,/localhome/local-lintran/MLA2/data/raw/original/images/6484.jpg,1800,2400,0.75,RGB,702310,487bbc107a366db93cb37a4f27600abca087b2432ab7bab90b3d7592bfa56bde,487bbc107a366db93cb37a4f27600abca087b2432ab7bab90b3d7592bfa56bde,bf0f18e87b9537348eba9bfad2ff9c286e000ba87f9e40cabf2a5a0d2ccdb170,0f0d16331707169e,183.6086912037037,87.33955595473557,29.479333159115836,0.09775197917204903,58.32895388962227,
6510,/localhome/local-lintran/MLA2/data/raw/original/images/6510.jpg,1080,1440,0.75,RGB,244402,190f47d6b685bc7847d227295d65a40a101a5d85f60fcaecc7c194dd30292612,190f47d6b685bc7847d227295d65a40a101a5d85f60fcaecc7c194dd30292612,9ddee7dc2873a3d20b49261e576755c6cf859a30a5dddae336fcdf69170568a4,0836094e0f074005,220.72333011831276,78.25225332643416,2.3883371796525843,0.015551109884570109,84.73466285699577,
6516,/localhome/local-lintran/MLA2/data/raw/original/images/6516.jpg,1080,1440,0.75,RGB,148135,5602a52e76371f277de115c423a31eabad67c50ad96716ec0f56705a1fabc9ba,5602a52e76371f277de115c423a31eabad67c50ad96716ec0f56705a1fabc9ba,c9d62a520d16008b93f1d269c07e2e5a033d27781f273fe0dc67960b736b21a6,f0ccc693979387e0,163.20171103395063,71.05578617719021,6.814525339444436,0.0626504331786203,112.98691905736386,
6518,/localhome/local-lintran/MLA2/data/raw/original/images/6518.jpg,1080,1440,0.75,RGB,291735,1e2b9c1796da591de6a0a8026278bce8b35f0681bfb3e2c87b63525ddcc231a9,1e2b9c1796da591de6a0a8026278bce8b35f0681bfb3e2c87b63525ddcc231a9,baea67fe12fd9157994ad8970e40850049f3ee27e2e3b656dab71a0a7bddf3f6,000d969696331700,196.86114583333332,90.60803609852447,5.324522410064427,0.04618412472052123,34.739085807688845,
6525,/localhome/local-lintran/MLA2/data/raw/original/images/6525.jpg,1080,1440,0.75,RGB,307107,5a7b6cd12321a4935e3f7ea2d03048859e7243e21b399bae629aaccf24c016c0,5a7b6cd12321a4935e3f7ea2d03048859e7243e21b399bae629aaccf24c016c0,2c91939ca0bc8e9fd09215685ca49f52e82f4e17c7234a410f80f23b12ce318a,002369594d693600,237.2082092335391,36.634977918920626,84.27780079631403,0.2597287708554967,53.22167651260666,
6533,/localhome/local-lintran/MLA2/data/raw/original/images/6533.jpg,1080,1440,0.75,RGB,467472,cf55abc5851498ffb85ba5f04b8732d33307f102ef40954c5943e9bc4227ae03,cf55abc5851498ffb85ba5f04b8732d33307f102ef40954c5943e9bc4227ae03,e1c8d7285d8a76ed4541f0560ad43c237f9688d5673dd99b2b5b3902c778dbfb,411e3371716104c0,187.8563220164609,92.89274650389137,18.77103199929454,0.020742695682658848,183.12412255299432,
6590,/localhome/local-lintran/MLA2/data/raw/original/images/6590.jpg,1080,1440,0.75,RGB,85630,17086ce78797128f486e7e9497cde332b3f7c8cf8df29ef2506c76191deb0461,17086ce78797128f486e7e9497cde332b3f7c8cf8df29ef2506c76191deb0461,020351381c65d3773a8faba96c8c5f3cf143aa417ecb8b2ef73ebbfe1cbf88af,0c0f332332262202,249.24263245884774,16.6348239134002,2.6316611083391095,0.008581417351370392,12.278250125487471,
6611,/localhome/local-lintran/MLA2/data/raw/original/images/6611.jpg,1800,2400,0.75,RGB,350715,4394746bc1681434e521f7f71a6e8ad7eadff95ca96be7b25b6c919452284020,4394746bc1681434e521f7f71a6e8ad7eadff95ca96be7b25b6c919452284020,4a9191d2860c6d99a9384002b486c4d9f7f2dd9e8dd97d83afb08809fd663b9e,0f4d8e331317078e,188.05485069444444,82.69476409520998,35.45729849046496,0.16233103786305758,30.665124250214223,
6623,/localhome/local-lintran/MLA2/data/raw/original/images/6623.jpg,1800,2400,0.75,RGB,394637,60bc21115656ec7a04eb538b1056016e12b57fbf27335cde4927e805bcf3193a,60bc21115656ec7a04eb538b1056016e12b57fbf27335cde4927e805bcf3193a,c95a623250a8ecd7242a9c6bf1249f65df4409e2c0bcc22e2903411b0862ebb6,0822380e21030411,219.8354622685185,73.02466840473811,13.794303201359728,0.015960969005188883,28.460208666249798,
6678,/localhome/local-lintran/MLA2/data/raw/original/images/6678.jpg,360,480,0.75,RGB,34347,a2727d659fa739dbf968c2a7c0828dccbbc629b1f2b9950dbd72ffe517b98a78,a2727d659fa739dbf968c2a7c0828dccbbc629b1f2b9950dbd72ffe517b98a78,858d8b04957101525a8437f6fdfc24f90ee96b6a2f71f304f5bb14899602ec6e,3806383f0f074204,226.92214120370372,64.13481534907301,12.810651347120022,0.06235554335973855,89.17836756004176,
6697,/localhome/local-lintran/MLA2/data/raw/original/images/6697.jpg,1800,2400,0.75,RGB,340656,79376a4c0eb2923978db846ae282b8f93bee3a3e7e7aec276208127b7be7ce98,79376a4c0eb2923978db846ae282b8f93bee3a3e7e7aec276208127b7be7ce98,7c172d9b830d28231bfab2e4566f8d58d55a22f8951d212fcd4ffad33b5580e5,029c06060e869600,229.1961298611111,53.442104343320864,40.966692694302054,0.05389804475083148,15.247509437458024,
6757,/localhome/local-lintran/MLA2/data/raw/original/images/6757.jpg,1080,1440,0.75,RGB,440181,2decdc71be785e5961dda5c8e3aea25cbd3add8c356e9b9998b1f3d59c9728e8,2decdc71be785e5961dda5c8e3aea25cbd3add8c356e9b9998b1f3d59c9728e8,302e3736bd58089f13e9d12f4b472213f98b319ae3fba8ad9c7beee590e58f46,0e4e0f335b6b3387,209.54851594650205,56.61851276086574,89.86494794442476,0.3197008237762897,34.92195419385562,
6813,/localhome/local-lintran/MLA2/data/raw/original/images/6813.jpg,1800,2400,0.75,RGB,365829,48c61f36423abb9b260ea51f849f386d708dc4c067ba5051593027a590131f2d,48c61f36423abb9b260ea51f849f386d708dc4c067ba5051593027a590131f2d,be9c7e2953c1244d21ae9bb2199f9d68e2fbd8fa74c40c0b8d387e7f69549600,f0d02c6e1b87f0f0,190.29806342592593,39.289387471890514,11.985292494799623,0.08047311207058462,5.08790534750689,
6820,/localhome/local-lintran/MLA2/data/raw/original/images/6820.jpg,1800,2400,0.75,RGB,308245,e299422c768ff68c8e9491bf94973dbd686a61e15739f25461cabb27ceb39317,e299422c768ff68c8e9491bf94973dbd686a61e15739f25461cabb27ceb39317,e3933f1dcb64b3c2cdd696da5c961d5cd2732e37e00e3e73b52cdf08659640e2,f0e0f0168fc0f0e0,202.37745486111112,21.63306561861506,23.124422480709644,0.08366253691249105,3.3586202783760624,
6826,/localhome/local-lintran/MLA2/data/raw/original/images/6826.jpg,1800,2400,0.75,RGB,335241,9d3c5a252613939999a7d244acd6c5e9fe23f1940cc4ed495077351288779a92,9d3c5a252613939999a7d244acd6c5e9fe23f1940cc4ed495077351288779a92,b6b65b3107ed9e5eca4d7e415be588db06211d44a4f88c24f525d9569eb366cd,08026d5e17034619,212.50993101851853,76.98306533344935,21.83267979157795,0.019661747261369204,10.335359549781144,
6845,/localhome/local-lintran/MLA2/data/raw/original/images/6845.jpg,1800,2400,0.75,RGB,421919,b8709785d9eb717f8573f3f366e8e032b20edc8d8d107f89a55fb9b813829a1e,b8709785d9eb717f8573f3f366e8e032b20edc8d8d107f89a55fb9b813829a1e,d743b303b6fed7290541e79f8a9a0bb28f64e4c1365c89c85a78d67c53e7481e,0021006929002100,242.70647407407407,47.774206710212034,3.843762267403333,0.005612383357694487,34.542425484610575,
6879,/localhome/local-lintran/MLA2/data/raw/original/images/6879.jpg,1800,2400,0.75,RGB,309186,286a4ffa5e9f9b99135f94fd791176be8a3d530dc97cd57e4f265bad9d3e3379,286a4ffa5e9f9b99135f94fd791176be8a3d530dc97cd57e4f265bad9d3e3379,06118e78b221b9c63a52582d32d7d281aa8fece48c06b7198f61bc4629a46091,4d9696b233263696,218.71540439814814,68.71051186170213,38.26187027827314,0.1618482089960964,24.152959077329257,
6883,/localhome/local-lintran/MLA2/data/raw/original/images/6883.jpg,1800,2400,0.75,RGB,940071,2facee956d63e6449e34b0cf8e8670d4d748cf492d34d8de1262d300fd29e3d2,2facee956d63e6449e34b0cf8e8670d4d748cf492d34d8de1262d300fd29e3d2,7611216c94d56edb1eb3f16f36735e89a01f473a07c5755671cba34a0d0dd908,4d5d9f939b933606,226.8646212962963,52.59430371929734,41.181699414786955,0.12605957447944977,21.627402556798444,
6908,/localhome/local-lintran/MLA2/data/raw/original/images/6908.jpg,1800,2400,0.75,RGB,975108,45a73bb583f2a4f503f94a69a49cbed3cc350d261ae2d60925ddbdef6e740d80,45a73bb583f2a4f503f94a69a49cbed3cc350d261ae2d60925ddbdef6e740d80,700f33f664479f4904c0279d900685c0bc56c188d6af0ab8de8df10a02d8d0f4,0d1d1e3f9f168e16,197.79116064814815,83.61903006435135,32.742710390574935,0.10481119841406204,56.55410651010908,
6913,/localhome/local-lintran/MLA2/data/raw/original/images/6913.jpg,1800,2400,0.75,RGB,601899,8b5499ef27237cf286649a61a94ef461ba197466c126410979da2fe72c6a80b1,8b5499ef27237cf286649a61a94ef461ba197466c126410979da2fe72c6a80b1,c71ca38f37d520a7568b2cfd9eeb5cf19c51e42e9d012899e39cfd3d5272798b,0c223d2e0b874208,207.6131761574074,86.57189298790483,6.479073025038513,0.010803890422760504,9.978096759999074,
6938,/localhome/local-lintran/MLA2/data/raw/original/images/6938.jpg,1080,1440,0.75,RGB,374147,cd83e138062be6ae527acd64ac99ab78aedaad73bd251c5f56875bc94f9ac4f9,cd83e138062be6ae527acd64ac99ab78aedaad73bd251c5f56875bc94f9ac4f9,2568a00a2ed491151190c930c71390345baa937a2ca39a87b2cca38849b4836e,4d0d16371f1f0e96,189.77075360082304,79.50324236566901,61.97680820625976,0.24054314188925235,25.293889725472027,
6949,/localhome/local-lintran/MLA2/data/raw/original/images/6949.jpg,1800,2400,0.75,RGB,1046078,ffed658cb7843d161163f3158afd7d0359468a56ddc93ac2d8263a35d332fd1e,ffed658cb7843d161163f3158afd7d0359468a56ddc93ac2d8263a35d332fd1e,564e37fb4b2da4737bda1953d5665485d9be95d384b008291ece7b8527ee8161,0d4d9e33171f1f0f,196.76450416666665,70.73923605168099,60.50113790928817,0.21907233488227854,49.66953461173256,
6951,/localhome/local-lintran/MLA2/data/raw/original/images/6951.jpg,1080,1440,0.75,RGB,383986,a69a2b9ec55d72cbf9b7363bf065eb056e1a9d12b09fddc54e9e082051e41a9e,a69a2b9ec55d72cbf9b7363bf065eb056e1a9d12b09fddc54e9e082051e41a9e,71bf555a4bb3ff32596991ae0059f084e7acccdc925390741ca2eae3576860ed,0f0c1b3b1f1f1636,193.47439750514403,80.48557021590476,40.392474694827484,0.1549700033428453,34.50608582055935,
6965,/localhome/local-lintran/MLA2/data/raw/original/images/6965.jpg,1800,2400,0.75,RGB,415129,db58c20624b1d85d806a8f6c9824469c015a4c5f5dbd74b36dbed159ff05aa5d,db58c20624b1d85d806a8f6c9824469c015a4c5f5dbd74b36dbed159ff05aa5d,533e0e64c27b79de3b75670118dce974da6b46907aa5c35e48fbb8c247e097da,4d4d0e0673130f17,207.5402474537037,72.9350334109815,34.61876418246499,0.12013227822575662,31.362424442437295,
7010,/localhome/local-lintran/MLA2/data/raw/original/images/7010.jpg,1800,2400,0.75,RGB,689851,baa7eb841b232a5cbd38cbe8026d8a0045da8e4a6d500a3204c11d0f7055d039,baa7eb841b232a5cbd38cbe8026d8a0045da8e4a6d500a3204c11d0f7055d039,60fead801b25ae3823ae3657e4377670a239ab12c3c6e15cd468deb582978628,0f0d0e374b530f06,201.89643171296296,68.23245217873152,31.980299402437883,0.09878345619002128,17.22545878783668,
7011,/localhome/local-lintran/MLA2/data/raw/original/images/7011.jpg,1800,2400,0.75,RGB,443646,328ed6ad3d155e4c4e8c2dd179d2345787306f2142f5453ddcb7f86d4063a169,328ed6ad3d155e4c4e8c2dd179d2345787306f2142f5453ddcb7f86d4063a169,9dd436f0fcc6bcb27752c5b31c81cb793fa9e52b599ff88a776edb4892d1762f,0d4d162317171e86,192.2685587962963,75.25150560673414,38.77250431124363,0.12977777462044116,22.197731072975287,
7040,/localhome/local-lintran/MLA2/data/raw/original/images/7040.jpg,1800,2400,0.75,RGB,347844,64dc95903bf1bc193d4358b8991ff9f3c764b57dc1b96733f27a192687a54549,64dc95903bf1bc193d4358b8991ff9f3c764b57dc1b96733f27a192687a54549,a68b149353db7125bdb47fdea23017883e5c8034e515471c930d0e91905a3c31,f0e0384e4687f0e0,190.0390738425926,49.558607302118226,7.546539231468339,0.058178409121062535,18.27092846059427,
7043,/localhome/local-lintran/MLA2/data/raw/original/images/7043.jpg,1800,2400,0.75,RGB,355122,c0fe35b902d985988a6010479a04d69e27626fac6f830c847a1337f3df77b8de,c0fe35b902d985988a6010479a04d69e27626fac6f830c847a1337f3df77b8de,8966b0882997133915ad6d8147f1d07844d0b9382a4ddbf676ce7e724924e46c,f0f0e0f0f8b8e0f0,212.3633412037037,14.44041535655021,5.830214548848574,0.03807574818953267,1.8593839597952708,
7045,/localhome/local-lintran/MLA2/data/raw/original/images/7045.jpg,1800,2400,0.75,RGB,621442,d8d60d947710c393d1fb8bac7c7da8816ff4cef769ec717206a9748c7127d13d,d8d60d947710c393d1fb8bac7c7da8816ff4cef769ec717206a9748c7127d13d,b445b73d7c7649aa3cdd789c926bd91c5bda13276fab78c4c1de97440ed983c8,1000183e1f074310,239.03534560185184,42.02446299250949,9.231725111938015,0.02484177982611363,13.237731767757476,
7058,/localhome/local-lintran/MLA2/data/raw/original/images/7058.jpg,1800,2400,0.75,RGB,419529,a4cd78176cf576f4dcea509855a3c313a8ca83eee252673b75914b594efa97ba,a4cd78176cf576f4dcea509855a3c313a8ca83eee252673b75914b594efa97ba,d6a8654d0b3edd8bf67b62891237a56b8d9c277a45a0348eeba5c39e628321ba,220d969617171600,193.9307300925926,91.29687251658491,11.505784051976836,0.053786646701741055,62.262181616063366,
7074,/localhome/local-lintran/MLA2/data/raw/original/images/7074.jpg,1080,1440,0.75,RGB,220317,a80e579726e053782ec5412bceb668c638af03df48adaab9b238c06bb26d2998,a80e579726e053782ec5412bceb668c638af03df48adaab9b238c06bb26d2998,2f951bedc5929d86defdfd170da0993053715b0b856df995fd0c8b07f80cd052,0e0f17171f1b0f00,188.54240354938273,78.50822652259411,28.65082690338503,0.07537263845133761,139.8044930949715,
7079,/localhome/local-lintran/MLA2/data/raw/original/images/7079.jpg,1080,1440,0.75,RGB,230763,bd9adf326a41b3a8efd76005d40454f9a32b0dea237b8df06b84687ed6c631a1,bd9adf326a41b3a8efd76005d40454f9a32b0dea237b8df06b84687ed6c631a1,9ed7c0c14cdef803c030ee47b34ff58fa25843b2b0d3d978bf634762901e8874,0000124906172300,221.4008436213992,76.9765776235338,16.34980606477912,0.0716330220983358,29.81123788563265,
7101,/localhome/local-lintran/MLA2/data/raw/original/images/7101.jpg,1080,1440,0.75,RGB,449364,7fb81ee7650ad3d6fc7ee45e1a64313dbebd0a10d498256a89f1129f51682e78,7fb81ee7650ad3d6fc7ee45e1a64313dbebd0a10d498256a89f1129f51682e78,aca7749406775758f05918d51851a444762e1bb66ccb5a5ee4cedece1db9ac5a,0004230c17490300,217.66902134773662,74.36865857527664,40.9271291647121,0.10773762939911434,50.315952996898204,
7143,/localhome/local-lintran/MLA2/data/raw/original/images/7143.jpg,1800,2400,0.75,RGB,1496505,cacc65da84c17e956d32e9d7adf7aca0e149700f245a60b614336d8f524f26d2,cacc65da84c17e956d32e9d7adf7aca0e149700f245a60b614336d8f524f26d2,39d96bed366e819b7bd4b38e46468a0f5af5c3c9d29272f3e9f2a6e06c2b6209,06460b1b4f0f0f0f,216.21373703703705,62.13550558611366,30.76493008396404,0.10572418819528105,345.81750167905693,
7152,/localhome/local-lintran/MLA2/data/raw/original/images/7152.jpg,1800,2400,0.75,RGB,905766,8ae27e638597f756ea14dc84e6c083c540b97ef964d777b4562d409255143afc,8ae27e638597f756ea14dc84e6c083c540b97ef964d777b4562d409255143afc,a5fcacdaced54f7a113f52e82597260ff08e8dc5e19a45c9120859ffcc911aec,4d4d17970d1f1e8e,210.82386805555555,74.96760275736642,25.18512899837998,0.06493035161555477,86.36665323421107,
7156,/localhome/local-lintran/MLA2/data/raw/original/images/7156.jpg,1800,2400,0.75,RGB,390314,3a5bfead373663662a8c8e227e522a8d19abde6ea7f9d8266594c37e6d32a2d0,3a5bfead373663662a8c8e227e522a8d19abde6ea7f9d8266594c37e6d32a2d0,c7b12f40442e4d0333ac4a30786f4e9f81f5b0a02d59d993485e0f9d022fc775,0d4d8e3b3b1f1f0f,204.4031085648148,73.3903677516093,24.480544580909147,0.0718736795651868,271.3445530234605,
7168,/localhome/local-lintran/MLA2/data/raw/original/images/7168.jpg,1800,2400,0.75,RGB,359877,2b08bf22ecb7eb7fe5b9d9d63f46d6447bf7f58a27671c33cd1d2b991c9be0a9,2b08bf22ecb7eb7fe5b9d9d63f46d6447bf7f58a27671c33cd1d2b991c9be0a9,ca67b8e263ec08c73df26c0e32149397aad15fd083cdbfce96d4a21cd7bf33f4,0d0d06331717172b,212.74810671296297,66.46339998801137,44.87136007331521,0.15427906144374304,239.36109543991293,
7177,/localhome/local-lintran/MLA2/data/raw/original/images/7177.jpg,1800,2400,0.75,RGB,391654,5afa07a731d9160ed6ca5dbdc4708c24df2a1bb53f67dc4967a362be9a076343,5afa07a731d9160ed6ca5dbdc4708c24df2a1bb53f67dc4967a362be9a076343,d6c5b73d7f14536f8931699e104d8438f8577ae3f45516d0a7d3e19ae146acfc,0e0c1e331b1b1617,218.75987800925927,59.781852942160306,29.44108725764219,0.09263216291754577,215.54637983742097,
7187,/localhome/local-lintran/MLA2/data/raw/original/images/7187.jpg,1080,1440,0.75,RGB,247205,6022827ec981ce858366e42cd6760a2e98c554fbf889e659cb28b6764846a0b9,6022827ec981ce858366e42cd6760a2e98c554fbf889e659cb28b6764846a0b9,f00733614b3ca34e2d97682d4c640c497c6a21ac58b9e1309fe3c2892502f6fa,2d2d2db496929319,202.1854179526749,93.40530389158822,10.237595978012564,0.09535995604794528,34.232156968737534,
7197,/localhome/local-lintran/MLA2/data/raw/original/images/7197.jpg,1080,1440,0.75,RGB,334471,6adbae2cef119d58eb08127c866dee09c6e8df4ebeb0d918fdb7fa0b552e15b2,6adbae2cef119d58eb08127c866dee09c6e8df4ebeb0d918fdb7fa0b552e15b2,57f54f2198e3d87a0ac5ae68282b7c529586886e1c427a288c9d38e9a015a19f,0f469713460f4f46,202.9543878600823,80.66124594572186,40.64024495559815,0.17134572975216122,168.62955551694404,
7212,/localhome/local-lintran/MLA2/data/raw/original/images/7212.jpg,1080,1440,0.75,RGB,305923,09de5a5316747687b2c35b6ca483f665da15f20cfa25f5551d3576a07225aa89,09de5a5316747687b2c35b6ca483f665da15f20cfa25f5551d3576a07225aa89,51cbb622c34912b3eb6358b815ae4e56f9284336e310e735261db5305e5c4dd5,4d9d061616969696,205.8131802983539,74.31107508502404,59.17743808321825,0.19751359503846486,34.877657116748395,
7227,/localhome/local-lintran/MLA2/data/raw/original/images/7227.jpg,1080,1440,0.75,RGB,240491,b591a00966cd75565fc69a6da125843acc891c8cd8131132363cba6a406f59b7,b591a00966cd75565fc69a6da125843acc891c8cd8131132363cba6a406f59b7,fae54c52323ddd5e8a06c4a791787e209549ee40fb8501f37a285a04ab940951,04323d3e1b032009,210.4462827932099,76.2818271480301,26.345679982687805,0.10955618040276424,13.402767803132683,
7246,/localhome/local-lintran/MLA2/data/raw/original/images/7246.jpg,1080,1440,0.75,RGB,304072,2719e118df40fb6be1b919baffd1c5664e8a2a90dd2bfde8f53b818a8da8a8fe,2719e118df40fb6be1b919baffd1c5664e8a2a90dd2bfde8f53b818a8da8a8fe,1577e7e3b620c8da3f51c3ea69b48c04229d3e627d0bbc51071239f6f77d801a,0c122d2e17070019,212.78536908436215,77.11967624861668,29.2331624071363,0.048136331509424965,27.650957565929186,
7302,/localhome/local-lintran/MLA2/data/raw/original/images/7302.jpg,1080,1440,0.75,RGB,485266,ca54dfa0b563112d102814fbdbb20a6175d266325f176dcf5aa3a5e518fddf6d,ca54dfa0b563112d102814fbdbb20a6175d266325f176dcf5aa3a5e518fddf6d,309d9163010a7cf9bb4a4ec031688c59a444780cd6eba356f4f74f5adc6e5f9f,0d46161606160e0e,203.2246193415638,72.5191314520012,37.7729302162841,0.13564870375382967,73.76911495939355,
7308,/localhome/local-lintran/MLA2/data/raw/original/images/7308.jpg,1080,1440,0.75,RGB,161839,073312ed4d67f0244297711ea821ab11a8564c4b2f2748aec582b37a25bce75e,073312ed4d67f0244297711ea821ab11a8564c4b2f2748aec582b37a25bce75e,51be480c1f1ba8fe643e786b0038311127a185929a342b9ea76f93363bebaf46,4d56962322363686,217.3761992026749,63.88530256648026,33.86355439931848,0.11042047415222722,59.513786246573225,
7312,/localhome/local-lintran/MLA2/data/raw/original/images/7312.jpg,1080,1440,0.75,RGB,392251,02aa7c2d24aba3e878f5477d172476c8f09e7ccf2e9f1bb64754366b481c96c0,02aa7c2d24aba3e878f5477d172476c8f09e7ccf2e9f1bb64754366b481c96c0,ed2d3a623c5002f8c624454255f038594060dbe676abbf68d84a6fa27135ecad,0d15963717073b1f,210.98182677469137,58.9706157394132,38.5891036309339,0.1482492036038967,33.966713965790184,
7343,/localhome/local-lintran/MLA2/data/raw/original/images/7343.jpg,1800,2400,0.75,RGB,345753,3545beac1e9e4d90412cb31a9f69810459c8df869dd997cefe3d29c09e18fdbd,3545beac1e9e4d90412cb31a9f69810459c8df869dd997cefe3d29c09e18fdbd,17593bff3b12007d4e585729357e6746ef2a93dbaa2088dc79d14eb91c6237b8,4d4d0f0b2b23860f,221.6603685185185,57.89946281249339,34.985531296045714,0.11075056640582077,32.93849336483012,
7349,/localhome/local-lintran/MLA2/data/raw/original/images/7349.jpg,1800,2400,0.75,RGB,387223,80717047520beebbecf24db8abddb3a064b6414aeb4c3be52eb7c3c8e6157063,80717047520beebbecf24db8abddb3a064b6414aeb4c3be52eb7c3c8e6157063,a8ffac17c76c285b83ed3a8cdbfbb93c76a838d90af140ec6ce0103b2c990392,0d0d0f232363238f,219.3674662037037,53.93965509042787,30.04543148949778,0.10622446493353928,70.84607077514532,
7403,/localhome/local-lintran/MLA2/data/raw/original/images/7403.jpg,1080,1440,0.75,RGB,367924,37a7d85112352638ca2e9d7b58ef914b74369db2cc59aef6c28eda961146fe23,37a7d85112352638ca2e9d7b58ef914b74369db2cc59aef6c28eda961146fe23,1c2bddedf32d19b4f73e7df4c15e5f1983d9b82d679280f90106a4cb8fa2e248,2806293e0f034001,217.78721386316872,75.43912817218882,12.876358306191667,0.08475912963657944,23.528170328326706,
7409,/localhome/local-lintran/MLA2/data/raw/original/images/7409.jpg,1800,2400,0.75,RGB,384585,c6a26daae3087397011d90c0c04af7ecf2eb65faec0a60e7d4e704b1b9bad02c,c6a26daae3087397011d90c0c04af7ecf2eb65faec0a60e7d4e704b1b9bad02c,886a5ec718d71b25086f73179c663381756308a4b293cf8f2668064216f18d09,4d4f96061696964d,223.23738449074074,61.510086140267966,40.71569967270805,0.11870549718489266,261.01340593807174,
7430,/localhome/local-lintran/MLA2/data/raw/original/images/7430.jpg,1800,2400,0.75,RGB,383450,429c59c8903ce06a8059a8333ea65bb84de5fff118be943728369a969c1c2672,429c59c8903ce06a8059a8333ea65bb84de5fff118be943728369a969c1c2672,5a2805a597c8e8145d528da7b26548b4b29697df7b0fefa02b6e144261d3b869,4d1db69717969606,222.63550208333334,61.695072240191514,31.490493721422954,0.09689887540031468,467.4894285416522,
7463,/localhome/local-lintran/MLA2/data/raw/original/images/7463.jpg,1800,2400,0.75,RGB,384633,2b9d947ce148cc2d800152e5683fd6529ac55c36d4da9481791f9758274bdbdb,2b9d947ce148cc2d800152e5683fd6529ac55c36d4da9481791f9758274bdbdb,8e10b50a57377bb06f234d307f7bd9eaf35d84a50184aeade4b4b8318074bdfc,cccc063217170696,155.35391365740742,68.82074695582928,42.989495882692445,0.22895967638155804,47.083398642858796,
7480,/localhome/local-lintran/MLA2/data/raw/original/images/7480.jpg,1800,2400,0.75,RGB,329913,9a98b9fdfbf0e348506ebd533290d2a8727775c375e6f9f8e48cf9e3f2719d05,9a98b9fdfbf0e348506ebd533290d2a8727775c375e6f9f8e48cf9e3f2719d05,42f456c40ea04ebfbc4ec1ec86bfd23635193423506fbf4226b6c8320869d9e5,3233691696072327,196.30605833333334,69.40218784949505,47.76220415610393,0.22582270745597305,14.719002755969337,
7487,/localhome/local-lintran/MLA2/data/raw/original/images/7487.jpg,1800,2400,0.75,RGB,338304,8b54f5a1f8c88785bc6fb265c807828d7ad641845736ecab2fac1ccdb9c1ff4c,8b54f5a1f8c88785bc6fb265c807828d7ad641845736ecab2fac1ccdb9c1ff4c,ff09abe9de78c1b1c10cc1d0fb9841f1c2326e1683bd236dae6aa61da42e7f58,464e969696969616,204.21555069444443,88.03861495831107,4.957220750707414,0.0472436066074475,16.259545149262372,
7507,/localhome/local-lintran/MLA2/data/raw/original/images/7507.jpg,1800,2400,0.75,RGB,394797,dc436c4e0a724a5e96c36152d1f75a07fe1afffae6703e5a74e4b238e6ee4a4b,dc436c4e0a724a5e96c36152d1f75a07fe1afffae6703e5a74e4b238e6ee4a4b,cd9d414cdd8706182006dfc1907799c1cc3ed36587d72f72e59248bbd21ba3cb,16960f1716163616,190.98040810185185,84.36876695331242,9.802242752375712,0.07685412562804068,26.25575534403298,
7511,/localhome/local-lintran/MLA2/data/raw/original/images/7511.jpg,1800,2400,0.75,RGB,394635,c74dd4e51ee07091a9c64b9998c4f53129547490bab1be7953752769272754b1,c74dd4e51ee07091a9c64b9998c4f53129547490bab1be7953752769272754b1,b3e8e5233e4296a233e5909688e4ce78239267bfd0d98ca3bc2392d159336968,0c9e969696969616,209.8343074074074,78.5249257262725,14.245481605183826,0.08659818186483029,13.351120220477547,
7545,/localhome/local-lintran/MLA2/data/raw/original/images/7545.jpg,1800,2400,0.75,RGB,320412,94805d6eb7585926b29eddafdcef3b6fe096cadc7def78cc807c135397a7e95f,94805d6eb7585926b29eddafdcef3b6fe096cadc7def78cc807c135397a7e95f,bbdac756e1ff9d6dc5bc91b32688dae76a880b91735d7adbeb77e1384a42ee59,9617295312969707,201.86632199074074,67.85045139151569,58.91155227841904,0.2694787667835179,24.184576530257765,
7564,/localhome/local-lintran/MLA2/data/raw/original/images/7564.jpg,1800,2400,0.75,RGB,371642,de541cc29961083b13e05c1ed2cdadfa1a9d47fdbe7b30f9339f21344c372f7a,de541cc29961083b13e05c1ed2cdadfa1a9d47fdbe7b30f9339f21344c372f7a,e71e1362d1f11205f12275d4d90e0af31fc37f7ce8f90ccbc1a5bec84d69be35,0c0f3b7116333323,217.2663175925926,69.26933970777392,39.81333662987615,0.1498150993160526,26.99641700826791,
7578,/localhome/local-lintran/MLA2/data/raw/original/images/7578.jpg,1800,2400,0.75,RGB,305402,9920130a717ad5d18aa4a4816c1bffc36c8047efc21c0ceff985d26f5f09a960,9920130a717ad5d18aa4a4816c1bffc36c8047efc21c0ceff985d26f5f09a960,eea72afe5de45b1fa5ed7232404fa5fda833ffa294683692fe777080fb4bebf3,005a3d3673030009,214.8565886574074,75.83588949655112,25.241109811148082,0.06418102910861793,10.429010630167442,
7636,/localhome/local-lintran/MLA2/data/raw/original/images/7636.jpg,1800,2400,0.75,RGB,373020,3af22f4006e339e8bf4808922c35aa34649fdac4a3ce7601bb56b52a21d74650,3af22f4006e339e8bf4808922c35aa34649fdac4a3ce7601bb56b52a21d74650,6bbb64519d62513dcd9f99570ebc7ff84050487555e176f488ee66306786b9c8,9696969696b63636,190.89739236111112,92.11238401306629,29.568491853261584,0.06813106131998625,14.839358252854398,
7653,/localhome/local-lintran/MLA2/data/raw/original/images/7653.jpg,1800,2400,0.75,RGB,332410,cc458939c69ac4e159cc43b7d6615b88d7e33383678f3c4810123f33c233cb23,cc458939c69ac4e159cc43b7d6615b88d7e33383678f3c4810123f33c233cb23,99aa4bb99bbebcb9d4010603baa4acce263a5887536903118dd893bb095b66e0,0013133333372201,218.51151273148147,55.91526906560708,3.775546323509657,0.017096369730116204,36.75182681396049,
7658,/localhome/local-lintran/MLA2/data/raw/original/images/7658.jpg,1800,2400,0.75,RGB,324636,8bbd4574b5f9f267e12fa476e14c09ad77370bf0e68f4180c4973290e6810266,8bbd4574b5f9f267e12fa476e14c09ad77370bf0e68f4180c4973290e6810266,ae3e66b98397c79513cca5504fb5ea6e05e700c7971257eb44e309b27207c7d6,0f4c87333317070f,199.55710023148148,71.71179498538946,41.84323436709938,0.16912532377374792,71.85884307186363,
7671,/localhome/local-lintran/MLA2/data/raw/original/images/7671.jpg,1800,2400,0.75,RGB,319148,d9e01a8585aa3032f7affa29042fb4b38709744581793cc187fe4dacdd36fec9,d9e01a8585aa3032f7affa29042fb4b38709744581793cc187fe4dacdd36fec9,64d734aa330b1239c52963ded7e69502f9f2cd56bb9c8cc66ecad8b81259adec,9696333333331616,193.1875173611111,84.21932810166969,2.589392662413841,0.023793166056898078,79.83200213066537,
7686,/localhome/local-lintran/MLA2/data/raw/original/images/7686.jpg,1800,2400,0.75,RGB,375852,41272ed7939d817628667adf8e63e2829b6b3dd678d9445580a1d4e60bae8b26,41272ed7939d817628667adf8e63e2829b6b3dd678d9445580a1d4e60bae8b26,28d943ec5fa053275d3d875df7ead48f06cc4cea585259ff82ebe2009afa8885,0d4d062333230f0f,186.59555925925926,78.5518330373045,89.8062460032252,0.30483485946666355,32.98604356284305,
7697,/localhome/local-lintran/MLA2/data/raw/original/images/7697.jpg,1800,2400,0.75,RGB,351470,52279e42fc4d028fbf322405bc132b6a479dc9ff6280298c5c3dbd6b6d78975b,52279e42fc4d028fbf322405bc132b6a479dc9ff6280298c5c3dbd6b6d78975b,e967422d677e915285cc34133f3c0dd00d43c40b04bb1c13179899fdce1f5c99,4e9d9e0f0d0e2d3d,207.1164425925926,75.73418607337577,19.955061711887254,0.05833897108010785,63.84069628754719,
7734,/localhome/local-lintran/MLA2/data/raw/original/images/7734.jpg,1800,2400,0.75,RGB,309412,5150863e03f38ae37f6ad27fcfc566b60e94b24a8aa94e2b4ac3d1e7f69ca978,5150863e03f38ae37f6ad27fcfc566b60e94b24a8aa94e2b4ac3d1e7f69ca978,44b2ef5e26722e162a454f0877c61e07ed7dfd040b10a9d5f180d9a5b1ea6da0,04008c9636330032,225.78754143518518,71.6642450302547,6.062330020387852,0.01012903253583505,9.321344866717617,
7773,/localhome/local-lintran/MLA2/data/raw/original/images/7773.jpg,1800,2400,0.75,RGB,328260,59643e0fec43c1b3d2bf598a40b027cb257d0d41a49e96026e72c21ab04c7aa3,59643e0fec43c1b3d2bf598a40b027cb257d0d41a49e96026e72c21ab04c7aa3,73c1d461ecaf049e45d337f8223a0f2456d53701dbc39668fd6dba009ec8f453,0020084e33074002,245.2783412037037,30.38913111727957,10.639340936481412,0.01824582105445709,3.796120104680516,
7782,/localhome/local-lintran/MLA2/data/raw/original/images/7782.jpg,1800,2400,0.75,RGB,314579,b40f2866ac462ce2d8804a6bfa38339fc11c617249c2971e94aeb78d7257b99f,b40f2866ac462ce2d8804a6bfa38339fc11c617249c2971e94aeb78d7257b99f,d0ec1ef71b0ece7337c4880df943b25c6c462bb1b287549ae38f82f189257654,9696969696b6b636,194.69727060185184,93.34543507136006,9.168000101300839,0.03997779823012248,19.972684754162902,
7788,/localhome/local-lintran/MLA2/data/raw/original/images/7788.jpg,1800,2400,0.75,RGB,339586,b5f9b615d0e59669179a1a821ff5cfba397228ae3c12785d152261b3139e3277,b5f9b615d0e59669179a1a821ff5cfba397228ae3c12785d152261b3139e3277,ab18c3dba42699ad26aa39f034d55fecf725fec1ca119fc0a32bfb985a78bbeb,0f4d16331717160e,178.53785208333332,96.32260107747764,28.270880734079526,0.13221809930637446,33.23266877417263,
7832,/localhome/local-lintran/MLA2/data/raw/original/images/7832.jpg,1800,2400,0.75,RGB,354224,a45893c924d9c7b5ac9898a590030f7e44279e43b53f437ff95e43c2bc9540e4,a45893c924d9c7b5ac9898a590030f7e44279e43b53f437ff95e43c2bc9540e4,6febf61271f3835324cbe5d0f70cd2678a5bd16cf99512d41e1b2236a578d6b5,4d4d0f3333212b8e,217.38295439814814,60.58577629075172,78.33509159065852,0.25146493498596256,53.737737441811994,
7881,/localhome/local-lintran/MLA2/data/raw/original/images/7881.jpg,1800,2400,0.75,RGB,324171,70d29bac61424a46d9719dbbe35740be1d8666f3451643bff7862b76cada752f,70d29bac61424a46d9719dbbe35740be1d8666f3451643bff7862b76cada752f,c90cbf1e97fa60859097c8c02e71a9f10c40dbf52833cc1ee30e649260a4123a,18045b6c07034009,210.98143796296296,87.8036658355133,1.4526840206532896,0.012529043075383628,24.41009726950601,
7911,/localhome/local-lintran/MLA2/data/raw/original/images/7911.jpg,1800,2400,0.75,RGB,389533,67db42f53ce2878b14fd17a6b72a48aa4b5b4551c4f6b2263f127cac6d871cb2,67db42f53ce2878b14fd17a6b72a48aa4b5b4551c4f6b2263f127cac6d871cb2,37958ae0bf41e401006c52c58c782ce0e9bfc3a169164685a1e51ce6cbccec87,0d0d0e332723270e,202.15071828703702,65.54977599382431,38.601446147093,0.13170508379546775,40.41428738507145,
7965,/localhome/local-lintran/MLA2/data/raw/original/images/7965.jpg,1800,2400,0.75,RGB,369077,beeec865a90fb7651e3e8c6a6e6a90ef3148a059fadadd96c2f570d6b9689ff6,beeec865a90fb7651e3e8c6a6e6a90ef3148a059fadadd96c2f570d6b9689ff6,719c3bf8bc680d6cb195321c5751ebcc46c40e14af3e9398d05c757726226d33,0f0d0e333327170f,205.10333310185186,61.44726710390447,68.53388294102476,0.2516313954781685,49.722810741332594,
7971,/localhome/local-lintran/MLA2/data/raw/original/images/7971.jpg,1080,1440,0.75,RGB,237773,b1a0b2382599dfbf06f9086d0aa0becdb1635f3317c15f6e267138ca420cea53,b1a0b2382599dfbf06f9086d0aa0becdb1635f3317c15f6e267138ca420cea53,c703d8512b9d4781551c6af615496e2630e2987603169e42faad76c8c46824cd,1886311e0f034001,220.5366049382716,75.74610467069746,5.130484529674176,0.014262168400165262,60.72303949959458,
8068,/localhome/local-lintran/MLA2/data/raw/original/images/8068.jpg,1800,2400,0.75,RGB,370337,17fd1f24bb7733f11e34aeedaddb8dcffacfa51af5ee14e6f77d5e124f40bfea,17fd1f24bb7733f11e34aeedaddb8dcffacfa51af5ee14e6f77d5e124f40bfea,8514d43ed1a8cb95c2dc317a1ef2eb47e6264f386f04e691dca59cbc5873e772,0003034545494100,194.05002291666668,68.51625649066683,46.486834788993455,0.26553680391385365,92.79699275110586,
8106,/localhome/local-lintran/MLA2/data/raw/original/images/8106.jpg,1800,2400,0.75,RGB,384356,ca27457643157b8bb6553a50147a7ffd84796515ae70c4e716b42c73d7cff971,ca27457643157b8bb6553a50147a7ffd84796515ae70c4e716b42c73d7cff971,350fa958e46f9fffbf4209aa451f98debbbbaf52162f135193ff16bf8d3f7823,969e275f5b270e9f,176.05948657407407,88.65157747941231,16.223690386270498,0.08617272127869888,133.56048889506474,
8117,/localhome/local-lintran/MLA2/data/raw/original/images/8117.jpg,1800,2400,0.75,RGB,351842,1735b892969efa9445fdcd3f0cdfae70570cd9dab0cc10741a6eb9d9d1104c74,1735b892969efa9445fdcd3f0cdfae70570cd9dab0cc10741a6eb9d9d1104c74,aa0e08a223478cab9bd27f00ced54c9f82014df8205920986bb0fec4a321f9a8,4e4e96232b168e4d,194.64617685185186,84.73617478961468,12.26947854044215,0.08514314108222039,89.30200907848723,
8126,/localhome/local-lintran/MLA2/data/raw/original/images/8126.jpg,1800,2400,0.75,RGB,398132,2acfcbacff464ab55c38c86fefa29e2496957fc4b1acc543ff4e0696ffab0175,2acfcbacff464ab55c38c86fefa29e2496957fc4b1acc543ff4e0696ffab0175,c35c0e48cdc028022667a9abf61990c77dba9250e8962b1f44f02e7beb7a30f9,1300077171170013,219.75588078703703,63.771672496381875,29.79030018601803,0.10378301815347571,65.86844994094352,
8199,/localhome/local-lintran/MLA2/data/raw/original/images/8199.jpg,1800,2400,0.75,RGB,348076,61e8c2ca6ca054b895f7de09758a89789cea46ca1323bf52c915204b67d036a0,61e8c2ca6ca054b895f7de09758a89789cea46ca1323bf52c915204b67d036a0,2d8b54c8c827f287216eb4548f70543e9dd8bc6a9d52da48f131d189c0b73aee,0f4d163337070f17,197.6997787037037,74.3740904335737,32.30186115944324,0.10286994678843994,125.33474929942797,
8211,/localhome/local-lintran/MLA2/data/raw/original/images/8211.jpg,1800,2400,0.75,RGB,341666,36f55d54fe6d681a870a1328dde5e755561a7a7e1712bc82115e6a49d758aade,36f55d54fe6d681a870a1328dde5e755561a7a7e1712bc82115e6a49d758aade,7df2923da2d1a95c4712db8dea35694802e0a1a05826335f66ee09da4534eb91,06961b27671b9606,182.19592291666666,83.82575582662626,27.686324678183627,0.083713626665753,84.6094640913407,
8214,/localhome/local-lintran/MLA2/data/raw/original/images/8214.jpg,1800,2400,0.75,RGB,378781,c21f9d54e2670233c340a9b54fa2d853760ac1064239aaa3272eec3232689898,c21f9d54e2670233c340a9b54fa2d853760ac1064239aaa3272eec3232689898,25ecac60b52a3cd169306e97c23250836e90932a68bddd2f28f0dc6d1f0d4a4a,1802183e07032001,225.37120949074074,63.93099748835909,26.063126530465393,0.07610611942863091,40.08361425693045,
8235,/localhome/local-lintran/MLA2/data/raw/original/images/8235.jpg,1800,2400,0.75,RGB,382753,a137e93159ddf6e61dc9fab795fb5f7ebf81a94f4a72d7f754e9c7b6ad6944c9,a137e93159ddf6e61dc9fab795fb5f7ebf81a94f4a72d7f754e9c7b6ad6944c9,2c83282040fae2dfdab78d0b4f4a839579caf3935b2b6bd136f6107ca259b1d9,3300b33755590041,222.6741861111111,72.09148700471192,14.604059581501598,0.025251753715075466,81.09583200166747,
8268,/localhome/local-lintran/MLA2/data/raw/original/images/8268.jpg,1800,2400,0.75,RGB,362113,1c3b1077ebbdaf1e6d1d8b8fa5da40f564f21e3685736837e79f01c7cff0ddea,1c3b1077ebbdaf1e6d1d8b8fa5da40f564f21e3685736837e79f01c7cff0ddea,ba66912cb68eb2e6f69e0b797bc8a6fcbc7536482d4d5219382a5ffbddb15a0d,0d4d97b31707070f,206.2357849537037,69.0594687043285,29.263172144655577,0.08854280767823042,101.18866810254985,
8293,/localhome/local-lintran/MLA2/data/raw/original/images/8293.jpg,1800,2400,0.75,RGB,315126,9d22db25ece274615c29f4c647f1c3d6295c2faaa509610e6b3e00e8e3c2b0bf,9d22db25ece274615c29f4c647f1c3d6295c2faaa509610e6b3e00e8e3c2b0bf,08c726433d54bd4069e57ba88c518a1de1c793deae4c58d1ed77515abe51bb41,0d44979317078e0e,202.03473055555557,73.57018217882532,41.76112846001871,0.1636032592336474,71.60606926978392,
8314,/localhome/local-lintran/MLA2/data/raw/original/images/8314.jpg,1800,2400,0.75,RGB,335380,2d8126664b425c9c86b343f9b9bcc2ba8b2fc291cbe7d5567c6d8da508fcf774,2d8126664b425c9c86b343f9b9bcc2ba8b2fc291cbe7d5567c6d8da508fcf774,fd400b426f2761d32cd6a3b0c96ce78f3eea10f176ae5dab7f1a3048886fb482,4d4d0f3333231717,203.07445023148148,74.59713861361546,30.86393841613915,0.09791167202600733,47.39049804303018,
8368,/localhome/local-lintran/MLA2/data/raw/original/images/8368.jpg,1800,2400,0.75,RGB,337779,6a98f166ac394882d9ed1ec9c2812e0b25a014d53c0eb5b2d24cb4e3b6fa1fd6,6a98f166ac394882d9ed1ec9c2812e0b25a014d53c0eb5b2d24cb4e3b6fa1fd6,fcb750933815b92fa0323db1ced6ad1ec9dd541c5bd0c807d5a249e1b59742b6,000c14948c860e00,247.59061111111112,24.66560014204568,23.37178973964489,0.03157162464243023,20.51922184395192,
8387,/localhome/local-lintran/MLA2/data/raw/original/images/8387.jpg,1800,2400,0.75,RGB,378148,34bcbb58203980208a6fd49dbbc1dc5aee4906caf8a30199eff6722a7408515f,34bcbb58203980208a6fd49dbbc1dc5aee4906caf8a30199eff6722a7408515f,28c274f4e558b73ee92fe49a9d4412ce90767e898b5c7d5d69a7680ece7f07e0,0d4d0f8f0f0f0f0f,201.6028962962963,80.7809079068787,28.94203371559975,0.12408440702647912,49.2068833229116,
8469,/localhome/local-lintran/MLA2/data/raw/original/images/8469.jpg,1800,2400,0.75,RGB,345979,c359fcdeea5f15bd42eb66d222c715e2f2ffd9f1a3c45ba8fdad31e9f80cbd18,c359fcdeea5f15bd42eb66d222c715e2f2ffd9f1a3c45ba8fdad31e9f80cbd18,0a2e27afd6257a92a9d4a2348742083c2736d24acb8dabcf63bfc25bc46bdf86,4d45968f9f96968e,187.60407662037036,94.83990760507189,24.746942673149032,0.08493312913958655,14.579908520345539,
8475,/localhome/local-lintran/MLA2/data/raw/original/images/8475.jpg,2759,3678,0.7501359434475259,RGB,388014,a8139bd767272655f171db74c454f9f3914199277ecfbfb3f5f1caf86345b43f,a8139bd767272655f171db74c454f9f3914199277ecfbfb3f5f1caf86345b43f,f3e6795d639cb91d528da511af1a9ce58c859285af68bb4cb4a3a8f21973c0dd,0d4696163616161e,179.96560527304874,94.75790829709672,28.027794559123688,0.16731360291327593,18.131659849018916,
8506,/localhome/local-lintran/MLA2/data/raw/original/images/8506.jpg,1800,2400,0.75,RGB,333098,e3448b2860cde3d492c01bb11b8ae98558d1cbe8c5aa09cf6fe24ee4cdfb6fd9,e3448b2860cde3d492c01bb11b8ae98558d1cbe8c5aa09cf6fe24ee4cdfb6fd9,4219f21e67f0535c222a877c7101cf82236fa4a8ef8a2bbc5b3705f97c1d440b,046b3c1f03072003,209.89206550925925,82.5913115717171,35.453064247911165,0.07081129027860489,9.024028115519117,
8516,/localhome/local-lintran/MLA2/data/raw/original/images/8516.jpg,1800,2400,0.75,RGB,377164,5a8ec5c77179369d65f5178bd3e0ce29cf21300d2db62e949b26ceb0b002aef4,5a8ec5c77179369d65f5178bd3e0ce29cf21300d2db62e949b26ceb0b002aef4,8750a353fd514366311af0e70154c8068734c33ca255139a57e4ff6d3e9afdb9,0c87930b2b2b1f00,170.3683599537037,105.03252149828215,5.330754603791074,0.03046772113123858,45.20087079367285,
8586,/localhome/local-lintran/MLA2/data/raw/original/images/8586.jpg,1800,2400,0.75,RGB,399081,0aea8eb466fc15b52a06b93f519a0a14843330b6b6aaf01e5ab0bf9cc4070012,0aea8eb466fc15b52a06b93f519a0a14843330b6b6aaf01e5ab0bf9cc4070012,204e01ff98e761fc2c85a1deb780eaa79b003fe1c559834d157e9ce6fdc68aa8,9a9c0e333337030f,213.4649127314815,61.50091638427683,37.28613772875593,0.12822263735174363,105.07853678871673,
8589,/localhome/local-lintran/MLA2/data/raw/original/images/8589.jpg,1800,2400,0.75,RGB,405519,0cc24bfbec7e9e120132aa7286c8e7f514f03c0a113c8e7e19c9f0efc3e132d1,0cc24bfbec7e9e120132aa7286c8e7f514f03c0a113c8e7e19c9f0efc3e132d1,101e03150ce72b47b182bb8397829e310838caf559c18c7db11ea56ea3a4eaf9,0d4407939397370f,213.42615324074075,66.28188471993322,31.293552127592687,0.11463203672914829,271.8477139350147,
8597,/localhome/local-lintran/MLA2/data/raw/original/images/8597.jpg,1800,2400,0.75,RGB,327474,c9304896e5c4508d14a718ffb1f268a4db96239c7cf49758b961537d6d3b138a,c9304896e5c4508d14a718ffb1f268a4db96239c7cf49758b961537d6d3b138a,1d6456975b35f42c23d517097934cd16a73899b30923c7d9738f0beb912b9a93,0f0d06370717070f,189.79384907407407,85.05395743802761,77.21237124216164,0.26073976034267204,65.09893374093888,
8639,/localhome/local-lintran/MLA2/data/raw/original/images/8639.jpg,1080,1440,0.75,RGB,229741,651131f7f6a0f240ea3bebb086e3126d64a131a407fc2c758c691b4fb7dd6676,651131f7f6a0f240ea3bebb086e3126d64a131a407fc2c758c691b4fb7dd6676,cf6bf2ba1a228e3b91a4c43470eb65c2527f452748f25662948166244aa59c3a,0001204b230f0005,241.48030221193414,45.20392706650354,2.4002050152135705,0.004438294928443178,60.1636652637811,
8678,/localhome/local-lintran/MLA2/data/raw/original/images/8678.jpg,1800,2400,0.75,RGB,204393,e0c1c4014a39b1c2e7be627d42a0daadd7d8356697afce7c65c4b8bf3cc94d94,e0c1c4014a39b1c2e7be627d42a0daadd7d8356697afce7c65c4b8bf3cc94d94,459422e8d55b0b385e28335b2ea8ba1407b4d923f416a6fad6caf673a4e72567,024106610f0c210c,239.1527324074074,52.54895822730162,4.108915997066724,0.012184104587001386,17.786668519419162,
8685,/localhome/local-lintran/MLA2/data/raw/original/images/8685.jpg,1080,1440,0.75,RGB,310664,7ce04f2391fcba845eb3dcd47b576daf9b719bb8099d2ece2448d973c839b977,7ce04f2391fcba845eb3dcd47b576daf9b719bb8099d2ece2448d973c839b977,8e76682bac9c98f309235ef61016e036df888fa472ca2b3afedf90009654e4c3,0009004b0b9f4009,237.69314750514403,52.77206516216253,12.430777120038094,0.035276017449684054,59.304709319536144,
8704,/localhome/local-lintran/MLA2/data/raw/original/images/8704.jpg,1800,2400,0.75,RGB,193270,6808e93d705e5ec121c3c547c4484cc50e3b2b2115f7be29667b7777d8e73197,6808e93d705e5ec121c3c547c4484cc50e3b2b2115f7be29667b7777d8e73197,c0451e1440983c0c123e043724ce2e85ea3367845bf1a4e77a1fab52b96a8d12,000124431b1e000a,240.63444143518518,48.98383415343143,12.207968509309977,0.025784962253957076,7.486552259200074,
8709,/localhome/local-lintran/MLA2/data/raw/original/images/8709.jpg,1800,2400,0.75,RGB,176888,f1f244e2c0e826fa49eb37fd0709b73aa9566dc394576be177663c8f2d899185,f1f244e2c0e826fa49eb37fd0709b73aa9566dc394576be177663c8f2d899185,4dcd4caddd0f3f3298cfc95ccd597e1d67923a66e9304d631866901591d6482e,000114410b0f4009,242.50387384259258,43.45661905421283,1.7576020807655135,0.004916503918823524,7.0876592788160915,
8768,/localhome/local-lintran/MLA2/data/raw/original/images/8768.jpg,150,200,0.75,RGB,2727,f0faa3b30511866efe44982acffe0408546e0c5b6b814897f105d37e39877525,f0faa3b30511866efe44982acffe0408546e0c5b6b814897f105d37e39877525,d5c1daca2329fa877ebe052d79207158c7e3f1af3f2d66f59344af45bc4ed080,000114410b0f0009,241.44576666666666,49.29190189147593,3.300985009895615,0.013973517173530153,177.11202011735122,
8783,/localhome/local-lintran/MLA2/data/raw/original/images/8783.jpg,1800,2400,0.75,RGB,328028,14aa0ff1b0b89ea98be1d88813e2dd1ece2ed93ea6783eccf4ba221c2762261e,14aa0ff1b0b89ea98be1d88813e2dd1ece2ed93ea6783eccf4ba221c2762261e,3e04da7959edba06059b6d22e0bfdf14463609b86b530a3d01f5b07758df3eb2,0744973303692b13,188.52167175925925,87.4628811758199,29.061308832648976,0.18704217580641547,332.14862537344544,
8826,/localhome/local-lintran/MLA2/data/raw/original/images/8826.jpg,1800,2400,0.75,RGB,371957,72ce93b39ecabb00f56a278b5285ee8fe886345f447849ef571c122e73a3ae4f,72ce93b39ecabb00f56a278b5285ee8fe886345f447849ef571c122e73a3ae4f,560b6e0beef66c2f3407f5a85f036d2ace4237d525edb0d1594665f5d554cd00,9a8c4f233323339b,230.40348842592593,48.06058184398871,33.20649933951914,0.08631722789718226,88.22368419833715,
8855,/localhome/local-lintran/MLA2/data/raw/original/images/8855.jpg,1800,2400,0.75,RGB,395992,a295c56d40ecfdc918fc730b328e32155140ed3b40d6d095e8af21b6531a3271,a295c56d40ecfdc918fc730b328e32155140ed3b40d6d095e8af21b6531a3271,e69622b91cca030a69ce70c7a4d26fa394b101904077e147563fbe39180d0d42,4d4d0f1333171717,211.91905694444443,69.8013875358181,27.808269809669305,0.1400230338865596,71.99871870585238,
8860,/localhome/local-lintran/MLA2/data/raw/original/images/8860.jpg,1800,2400,0.75,RGB,338629,6fa83f948bf24de3c8fc5636f4f4299943a57fbfd09e51b2f39c0904eb2dfacc,6fa83f948bf24de3c8fc5636f4f4299943a57fbfd09e51b2f39c0904eb2dfacc,8e675c92fa60aed7e3c349a9fa75813b9b60799d10f5195f8dcfd2df9ae633af,4d4d0f1333171717,212.82354421296296,70.31098320288996,25.67478920773292,0.13352628725915072,17.515350286018666,
8883,/localhome/local-lintran/MLA2/data/raw/original/images/8883.jpg,1800,2400,0.75,RGB,350092,cfca8ecfdf439004be593019ed37651d14a0d71547b4b44fc7b6aa4015dd61ac,cfca8ecfdf439004be593019ed37651d14a0d71547b4b44fc7b6aa4015dd61ac,d351dc598e90988d2f8db24fc13492c75d17489ec2e09cc7178ad3c94791397f,168e96969696b6b6,217.94468680555556,60.653565362185965,4.822808614767021,0.023835419071643535,81.51044570277219,
8901,/localhome/local-lintran/MLA2/data/raw/original/images/8901.jpg,1800,2400,0.75,RGB,348303,9f1f4ddc011330056c13e2cee258edc4de229fe4f86f70ab2a0299b5139aa52f,9f1f4ddc011330056c13e2cee258edc4de229fe4f86f70ab2a0299b5139aa52f,029b9b1dd211fca82059cad822a23e8c295225cace0d151a299e7da4143bf368,969696969696b636,194.13887986111112,90.71430287928645,4.89926376953435,0.0476254997403129,45.88479666041363,
8965,/localhome/local-lintran/MLA2/data/raw/original/images/8965.jpg,1800,2400,0.75,RGB,297799,5b319a0b4a0deb1b8816c9b802b9bba359c721d94902d7129c757c2549696c3f,5b319a0b4a0deb1b8816c9b802b9bba359c721d94902d7129c757c2549696c3f,7b56bcec0b8f0641a381e33b90a88bcf689d7d26067543b150ddca0c0472d235,04305e7f110f4003,238.14339583333333,37.127599362122,7.454328408524131,0.017887067197107663,5.663787489288775,
8981,/localhome/local-lintran/MLA2/data/raw/original/images/8981.jpg,1800,2400,0.75,RGB,441341,214508823e1a374dc4f0f1306452d4cb93e3c9b44fe7eb6407ed6743bae67d65,214508823e1a374dc4f0f1306452d4cb93e3c9b44fe7eb6407ed6743bae67d65,0362815709ebf1335a1c40b362b32f431324add1b16cd9d095921c92f4581f23,000a2d3613074001,233.49568680555555,49.21086486957091,17.98518339992565,0.024566035801967354,10.318542346974224,
9010,/localhome/local-lintran/MLA2/data/raw/original/images/9010.jpg,1800,2400,0.75,RGB,345685,b2012f80c0914aa7c5eda5f35af8a53782e28917132ca6f1729cf70a1b087107,b2012f80c0914aa7c5eda5f35af8a53782e28917132ca6f1729cf70a1b087107,76865710f6243c1f310448392188b6e1b981b4fb32fb74a99da48b014347ee9a,1806383e17074011,206.7412537037037,86.87691087097758,15.45900431585422,0.09246117719020111,10.483914171240649,
9026,/localhome/local-lintran/MLA2/data/raw/original/images/9026.jpg,1800,2400,0.75,RGB,397493,f7d5f2d061369b340cbaede19a69b60ced102602b8bbfcf1c2268561da8e2d99,f7d5f2d061369b340cbaede19a69b60ced102602b8bbfcf1c2268561da8e2d99,dccfd56f5d9335693994f68d3227cbeadccc262607e9e42e30852db71d9c4810,2804390c07030009,216.85249490740742,72.2731115356462,11.562052866986031,0.059319949657801636,5.732488478195419,
9033,/localhome/local-lintran/MLA2/data/raw/original/images/9033.jpg,1800,2400,0.75,RGB,344218,a5a2651c16dfa63813a854b235da47f4223f9a3ba4ff6be9607f14c3a9dc2448,a5a2651c16dfa63813a854b235da47f4223f9a3ba4ff6be9607f14c3a9dc2448,8cf099e828a91ecd4596ac8fdac0466b63a417485402ad7e25b30a0993ccb30f,3806793e07074001,225.2908,58.511164791579795,49.434089285696245,0.11712010905773676,11.684036684499409,
9035,/localhome/local-lintran/MLA2/data/raw/original/images/9035.jpg,1800,2400,0.75,RGB,379358,a9684a69dad1eef524a171f46aa9823b10b69a2d4a616f63cb365054050cd314,a9684a69dad1eef524a171f46aa9823b10b69a2d4a616f63cb365054050cd314,70a1af1ebfbcca2abde2e0d48e4baa6990904d3cb58e25a36fcae7b4130d9bff,0832194e1707400b,205.28084953703703,83.94147532667643,11.285949492260373,0.051511397399412774,13.218004122374301,
9082,/localhome/local-lintran/MLA2/data/raw/original/images/9082.jpg,1800,2400,0.75,RGB,349483,d246f61d9a0cd562dc6bb6aa9abe1ac4a6b1836850f785f12cd7e89a91506d54,d246f61d9a0cd562dc6bb6aa9abe1ac4a6b1836850f785f12cd7e89a91506d54,c8bce2b89da3b687d7bf738275f9d34af51947141d98b134208f3f6b14f8a7a1,9696969696969696,194.66774791666666,91.95957950365099,27.5514323979998,0.09383326308412916,26.43146622200607,
9116,/localhome/local-lintran/MLA2/data/raw/original/images/9116.jpg,1800,2400,0.75,RGB,266401,f819624a8f9956a3ca368899f8b5f3f7a815fb804533d65197eb925a4cba338c,f819624a8f9956a3ca368899f8b5f3f7a815fb804533d65197eb925a4cba338c,5a217005f9943dcd63611e220445670d11ce6826da58907643126bae694382bb,08116c3d13064106,233.73962060185184,45.8580881484808,16.301646491795076,0.02495581942712511,13.633398179670673,
9142,/localhome/local-lintran/MLA2/data/raw/original/images/9142.jpg,1800,2400,0.75,RGB,373659,8f65c174005ba8a07269238b030e6e1a4d623b34abbe3cd56cac8f10fc1e4932,8f65c174005ba8a07269238b030e6e1a4d623b34abbe3cd56cac8f10fc1e4932,14799a09e3e1fa734711a0e2be665084ade6afb296cfed4caae488522aabed90,03434b4b5a929636,197.69854560185186,93.04118882554066,11.6179420838005,0.03486820831934558,152.43638690103987,
9162,/localhome/local-lintran/MLA2/data/raw/original/images/9162.jpg,1800,2400,0.75,RGB,376493,18359f6d355303a3bfbe66d0901987087d9ea4eb2972c9b7a454a7a26aa85c61,18359f6d355303a3bfbe66d0901987087d9ea4eb2972c9b7a454a7a26aa85c61,abbdc95df43fe3fcda160b5a5e7eae62a8e872ab92996867b3f0a843a5640b28,068e96969292b232,208.80900810185184,74.25140932140758,9.927373175922673,0.05992261556909764,109.45281954190695,
9230,/localhome/local-lintran/MLA2/data/raw/original/images/9230.jpg,1800,2400,0.75,RGB,385426,5aea592b3d4375c9ee852a075549784b97cc736af2788a032014f7a0406607c1,5aea592b3d4375c9ee852a075549784b97cc736af2788a032014f7a0406607c1,deecb1ca5d95863e8c6a530b66b7b16b8d7df367b6e433a0cd3accbcb08d2b4c,4d4d0f1333171717,202.84006597222222,80.71461948814489,20.510750195815817,0.05350462895315363,284.06272574631186,
9255,/localhome/local-lintran/MLA2/data/raw/original/images/9255.jpg,1800,2400,0.75,RGB,381104,975ea4aea2dd5995fb22f3f83c4652c733430174cb0d0b837d4c2cc952e309b6,975ea4aea2dd5995fb22f3f83c4652c733430174cb0d0b837d4c2cc952e309b6,64bda03ae5cff09385a037c7b3a341b58049e9b94e7d63f426baaa6426b5d3f9,4d0d0f3337472b23,210.94449305555557,61.237301915017206,29.70803668757464,0.1060686275929744,488.34694759026377,
9337,/localhome/local-lintran/MLA2/data/raw/original/images/9337.jpg,1800,2400,0.75,RGB,367249,26b430950e59301389c35da673f4f06b0366d1fdccff80f2eeb36415c62f5652,26b430950e59301389c35da673f4f06b0366d1fdccff80f2eeb36415c62f5652,a2d3a0be77e0601a02a719b2acd493fb819a7e34c67ee04691c731dd3498a07e,4d4d0f1b33230717,215.73579699074074,66.1973387295271,50.72982930984412,0.18530531023524258,39.91832580652632,
9344,/localhome/local-lintran/MLA2/data/raw/original/images/9344.jpg,1800,2400,0.75,RGB,390856,7bf7c1795354bc4b7df0f197ef9b6f83ba4e7249b858ee58b348f50ab467534f,7bf7c1795354bc4b7df0f197ef9b6f83ba4e7249b858ee58b348f50ab467534f,f4486153ec31306511e3a1e8a652d56346f5c4c2b3cedf69a6a5ff5bd5a2c4ca,0606171317171717,190.24125069444443,77.18153582266307,90.72828253965899,0.28100510110942906,44.83318928182681,
9360,/localhome/local-lintran/MLA2/data/raw/original/images/9360.jpg,1800,2400,0.75,RGB,314618,60d281e50bc1be2697410e7576701a9363bcf25e4eb400151450a98f28cfe530,60d281e50bc1be2697410e7576701a9363bcf25e4eb400151450a98f28cfe530,be559759af69c0d8cb5f038090dae3b19f928e9dd92109841589b754c5f6e62d,0636333333371611,174.68054421296296,109.19776997150687,18.45509665736768,0.10062709516888362,23.41425183538294,
9390,/localhome/local-lintran/MLA2/data/raw/original/images/9390.jpg,1800,2400,0.75,RGB,299381,441d182b70d0a79bd4cd94585ffd87584927c68e934a2572b03a69040f8016af,441d182b70d0a79bd4cd94585ffd87584927c68e934a2572b03a69040f8016af,d42f83936fd3c96201d9981aba32c7a670eebad2f8dcaf0cd2833adab1b2502a,44923c3f07072001,219.4856125,73.5721515880577,21.366906702399145,0.03842790476809906,16.66753769193358,
9406,/localhome/local-lintran/MLA2/data/raw/original/images/9406.jpg,1800,2400,0.75,RGB,404159,3d4918324d2084811d47f8c1d14108a4784cdfde9846bb1eeb66b8151482f5b8,3d4918324d2084811d47f8c1d14108a4784cdfde9846bb1eeb66b8151482f5b8,cfaa739d49a575fb608ab43ea6a6cb08ef7e8de50c304068fb1ded54fc1bffea,0d4ca72307170717,195.06203472222222,84.00127873711814,37.032207996696286,0.11682553124555033,69.79913777530744,
9411,/localhome/local-lintran/MLA2/data/raw/original/images/9411.jpg,1800,2400,0.75,RGB,199703,52494eac1396960d9c143e1720a6a667cbabb6b3d815877e641319b9ea9740f6,52494eac1396960d9c143e1720a6a667cbabb6b3d815877e641319b9ea9740f6,d1c7398801efaa6a08f920d75646b272a4f19ab33c817ce6ccad96850f5b41d8,040104410b0c010c,241.56689467592594,46.52147226371726,8.688372047605665,0.023010952530041213,6.557993237453392,
9422,/localhome/local-lintran/MLA2/data/raw/original/images/9422.jpg,1800,2400,0.75,RGB,390576,414ca987ff20be4434eb0937c64939921feaaf982a82652a130f11ab33769553,414ca987ff20be4434eb0937c64939921feaaf982a82652a130f11ab33769553,38a74f5224333a79ff3916745d39114f45098fccf8bc6a6579210987dc957c0e,0f0c1733434f0716,179.76459583333335,88.33342534936811,22.631943263560167,0.08966959893786083,186.01228895991107,
9490,/localhome/local-lintran/MLA2/data/raw/original/images/9490.jpg,1800,2400,0.75,RGB,311009,56b52072804f44c3a38b6d8259f914414fa1350b7d3c6ac9bf4f669b5e4887af,56b52072804f44c3a38b6d8259f914414fa1350b7d3c6ac9bf4f669b5e4887af,29af89531730aa774f74c4f8d85bbc2f510b442d507989f526a18b7a44b25509,4d8633333337170b,168.96128078703703,94.12173981682777,2.8739019917272337,0.05523698105459197,413.4873739549318,
9602,/localhome/local-lintran/MLA2/data/raw/original/images/9602.jpg,1800,2400,0.75,RGB,382092,b3681900a549100cc32670deead70b8ff73454c2ea411fa0f02f631424561679,b3681900a549100cc32670deead70b8ff73454c2ea411fa0f02f631424561679,e367807c9d3c19b288ac77c4f4da7bfe60a32236e90ef365cd2f77cdda339eb6,2646873b03031313,204.50547337962962,71.16849877387678,38.3237305411741,0.1281320133772536,347.81428622710115,
9608,/localhome/local-lintran/MLA2/data/raw/original/images/9608.jpg,1800,2400,0.75,RGB,325738,2f4f80ae5880c33cb06d869212bf8d8705524e1bcb4620dc007083ec577fb16b,2f4f80ae5880c33cb06d869212bf8d8705524e1bcb4620dc007083ec577fb16b,dfea44e60564e650a38a7a47afb0132af4d624385ae14fddaf7348b26ae99484,4d4d0e333333370f,219.18417222222223,55.98803741309691,28.860976540012132,0.09471315719467524,87.36478427013131,
9646,/localhome/local-lintran/MLA2/data/raw/original/images/9646.jpg,1800,2400,0.75,RGB,391227,1a6c81713c1f581d5eb11b3ba4fb1d07d2795b7a63399a25bd018f3bd7a3eb7d,1a6c81713c1f581d5eb11b3ba4fb1d07d2795b7a63399a25bd018f3bd7a3eb7d,0a86d2140636b8fd240c0a4c9aac96a0009c072477d9b10b0f1e5f0867a6da25,0d4d9f3b3b171f0f,199.12100694444445,75.68607170964758,32.88215717586636,0.13249134333354637,138.60473795131892,
9653,/localhome/local-lintran/MLA2/data/raw/original/images/9653.jpg,1800,2400,0.75,RGB,350099,529ed10d7b984120afc8a914ac6a3c8324f5024080fd0dea62e445118509e264,529ed10d7b984120afc8a914ac6a3c8324f5024080fd0dea62e445118509e264,906bf0accd39e85904c926ce690eca8334a71a873d5e778d944fff7c2c6e8b3a,4d0d073313571717,175.3161974537037,84.95488353005645,21.421062827979775,0.10883154352751466,69.60854107320688,
9678,/localhome/local-lintran/MLA2/data/raw/original/images/9678.jpg,1800,2400,0.75,RGB,347643,20b5ccf27a2323b2507b3f57720d5b26fb792bc220c0c45952d60c130d8abffb,20b5ccf27a2323b2507b3f57720d5b26fb792bc220c0c45952d60c130d8abffb,ded2c9348e8ce1aebfd4d5fcc8c0b27e9bc517fcfd6d082637789f146385b7b5,0d44973b07471717,184.2501076388889,83.46844694427554,27.94295002612347,0.10611714874742062,66.49313670997476,
9716,/localhome/local-lintran/MLA2/data/raw/original/images/9716.jpg,1800,2400,0.75,RGB,355974,f7fc356fe72d5d951f1bd074cd0427f3f7db85012650f4d42a712ef603d6c77d,f7fc356fe72d5d951f1bd074cd0427f3f7db85012650f4d42a712ef603d6c77d,a3bda88b160048e4a95208f7f2a9143425a8106fa47148122e1ee5c2cb3e544d,0822393e1303200b,214.26824398148148,77.70027154654699,14.138388496344081,0.07232319768852731,20.399450658885105,
9720,/localhome/local-lintran/MLA2/data/raw/original/images/9720.jpg,1800,2400,0.75,RGB,345472,1b031809f2ee1c39b08ae140a25188d675980074d3e526ef515a1b3518f206f5,1b031809f2ee1c39b08ae140a25188d675980074d3e526ef515a1b3518f206f5,80afdcae68e490fabd314492835f583d3ee458d6f991cd20d4b1c4275e174b68,1843584f1703400b,208.67395833333333,84.95589337719181,9.402235416008516,0.030752828695920175,12.868879779522453,
9775,/localhome/local-lintran/MLA2/data/raw/original/images/9775.jpg,1800,2400,0.75,RGB,312245,254608920bcbe9d8b9ff022bcc4ec74acfa84dc655ce71e4240bc245f07d68fa,254608920bcbe9d8b9ff022bcc4ec74acfa84dc655ce71e4240bc245f07d68fa,01441cff7258baa1977f12870f284f13c9e44b88bcb3ddcda9072f70e8fb7aac,0d4d163317070f17,191.75384560185185,81.10046601799738,38.62426449218434,0.17680173673833685,70.16845283586929,
9781,/localhome/local-lintran/MLA2/data/raw/original/images/9781.jpg,1800,2400,0.75,RGB,341728,f05226f76a15ff46aed9e56d848997d541babece93c724ad9bab12c3f985e9d1,f05226f76a15ff46aed9e56d848997d541babece93c724ad9bab12c3f985e9d1,21cf92b9b1257229c7f4c225fb29be13e55f639b590e20d6e9d61bd69b466255,0f0d163b1337170f,190.95170578703704,85.294748192895,31.60169035815129,0.10029711653186293,95.99989531948401,
9793,/localhome/local-lintran/MLA2/data/raw/original/images/9793.jpg,1800,2400,0.75,RGB,379954,0afa368bd3869793381cd0cd3a5fde7826d3da1e8984231a66ee21efb3d26636,0afa368bd3869793381cd0cd3a5fde7826d3da1e8984231a66ee21efb3d26636,72cd34afd6ae1f14e223f861e792aeffa274a1e8756181258e358af8bed0701c,0d0d0e270d5d1f0e,207.44582546296297,70.76161253559768,33.34773574474706,0.1070651988309002,49.92679554876213,
9797,/localhome/local-lintran/MLA2/data/raw/original/images/9797.jpg,1800,2400,0.75,RGB,669528,f253d77676903ee1854f878884f5bc43ccf532a9d61edc092ee10ce96c7a4813,f253d77676903ee1854f878884f5bc43ccf532a9d61edc092ee10ce96c7a4813,5f251076863d4edebbbd677a86c97a3c3fc092dd8e699263b5f08b08e7c14e70,0c222c2e17032009,208.01927824074073,85.25570017392226,1.2780841957715103,0.009558133286011471,14.190067162277959,
9809,/localhome/local-lintran/MLA2/data/raw/original/images/9809.jpg,1800,2400,0.75,RGB,381948,4df970933263046cb5ce813bb4e498cfb93756c6b2e429abb020bc45943c8e2c,4df970933263046cb5ce813bb4e498cfb93756c6b2e429abb020bc45943c8e2c,5bf388257cc62f13121a746c5eb11ceabfd5adf9e251d6fc2d8ef7a0dfd0164f,4d4d0f1323331717,215.66329560185184,70.18489930249933,31.006530271412686,0.08719260844403522,45.086288357766506,
9869,/localhome/local-lintran/MLA2/data/raw/original/images/9869.jpg,1800,2400,0.75,RGB,326826,c89d4b5497cb67ac34fe2b14cc78248885ace20e30b6dacea67a4410f899bf01,c89d4b5497cb67ac34fe2b14cc78248885ace20e30b6dacea67a4410f899bf01,574151b937c9024b7df0631ce700b6c5cbd235aa70b97a78fec522c9b452e67b,4d0d0e36470f0f26,205.3282986111111,68.12045562908791,32.52052757936414,0.10563922781613608,48.47174784038537,
9870,/localhome/local-lintran/MLA2/data/raw/original/images/9870.jpg,1800,2400,0.75,RGB,353525,d4f13e32937a4c0ae66d21fbbde48cdc65fc7afe59c992de6504d0770685a2f0,d4f13e32937a4c0ae66d21fbbde48cdc65fc7afe59c992de6504d0770685a2f0,293741318fc092d0333c5328fd6b800cba36a47c208e63181c8f2a7d07b226b1,0d0c172b07571717,195.40851550925925,73.32404376158557,78.51192595856993,0.23588601264085235,43.57059809166493,
9879,/localhome/local-lintran/MLA2/data/raw/original/images/9879.jpg,1800,2400,0.75,RGB,397592,88be6eb92ce562c727accbb4c9f9381955ac3df43efde30967eab2bc10c210ed,88be6eb92ce562c727accbb4c9f9381955ac3df43efde30967eab2bc10c210ed,e665917a97339fd3424f639187cd3433b299a165f409663e663d19dabc3c98d8,0d0d0723034f2b33,195.51548796296296,75.90305982726599,52.23473435145345,0.19381107807090103,327.0381955348665,
9881,/localhome/local-lintran/MLA2/data/raw/original/images/9881.jpg,1800,2400,0.75,RGB,368804,cbcf9f7a674031b8e61568e9e56e8d2c27c11d34b28ff3ad9855f7c52fdc834f,cbcf9f7a674031b8e61568e9e56e8d2c27c11d34b28ff3ad9855f7c52fdc834f,3ed10f3d9b0e07e0eb4d7da4d089bc827aa15ab133a08aab9aa16c114f756c2c,0f0d17234b4b632b,189.09656712962962,92.8444921568509,22.63639816213453,0.09721750865156158,33.638917413557515,
9885,/localhome/local-lintran/MLA2/data/raw/original/images/9885.jpg,1800,2400,0.75,RGB,378044,6291310b1c2bc8b429b66d21861300ef13b60af2eb4208370d8fb67586a93f59,6291310b1c2bc8b429b66d21861300ef13b60af2eb4208370d8fb67586a93f59,47017aacb10912c2ff2aee1efba58bb795b7a042bbaa987795a13bdb59c83941,4d9d0e0d0d261e2f,221.68341550925925,55.37897418604927,49.87347251923826,0.1574804302983816,62.53372021121378,
9933,/localhome/local-lintran/MLA2/data/raw/original/images/9933.jpg,1800,2400,0.75,RGB,441248,f9e8fd0668c368d197ae694b6f1511fe58e028d6a93d91712b9aee03c77f51cf,f9e8fd0668c368d197ae694b6f1511fe58e028d6a93d91712b9aee03c77f51cf,abd86936968dd33507e60d0ab1638381de65baaa5dc9a2ce7b20b0196b9c7b1f,0d4d86372f171717,193.9589039351852,77.610490778873,44.201854152111395,0.13428021507518914,57.55707172468098,
9993,/localhome/local-lintran/MLA2/data/raw/original/images/9993.jpg,1800,2400,0.75,RGB,325651,12421e6051b9d42b93ead8fba3e17c6de58ae027920f65557586ae6c0f156536,12421e6051b9d42b93ead8fba3e17c6de58ae027920f65557586ae6c0f156536,69e01e094bf594c6a3e8821d420e76fb2208869b4ad3aa0a3e2d16c6209bba09,868e869696969696,234.2575925925926,38.58484370982727,33.13719693215996,0.10434624747353835,6.047619328840408,
10001,/localhome/local-lintran/MLA2/data/raw/original/images/10001.jpg,1800,2400,0.75,RGB,370672,e579d025f25df46766b14fd181fd322d3020b870094263c45edd63ef7739981c,e579d025f25df46766b14fd181fd322d3020b870094263c45edd63ef7739981c,598c0134e4794288de7fbe96da4db377ecceab6089714c92701ce688be5d66b2,0016960f0b2b1600,217.4650738425926,62.577182802346925,24.519821289267075,0.10300794780712279,51.17330808958058,
10025,/localhome/local-lintran/MLA2/data/raw/original/images/10025.jpg,1800,2400,0.75,RGB,369679,a94f40c96b5265a5cbed565178e8a86791d713568a54d66650fd082c7ef56bae,a94f40c96b5265a5cbed565178e8a86791d713568a54d66650fd082c7ef56bae,a7f7c991ef5d746092b540c1a14bc30ff05605d2825dff86ec5b4ee86be97fed,000f332323135b41,180.67120254629629,82.97933181345014,79.85325039576641,0.3411692627192354,9.389841821255702,
10044,/localhome/local-lintran/MLA2/data/raw/original/images/10044.jpg,1800,2400,0.75,RGB,379386,430f9eb915d6aa05dccedd7d81557de25acdb4248c88d717141e0348b9b62204,430f9eb915d6aa05dccedd7d81557de25acdb4248c88d717141e0348b9b62204,40f327b6cab73ea846585101ab55bcca18485f80bb973dc50fc4f7959c5db3c3,26069f1b07070717,179.61451875,92.34260779129339,30.079852020542546,0.10812896162671251,37.819078487227586,
10065,/localhome/local-lintran/MLA2/data/raw/original/images/10065.jpg,1800,2400,0.75,RGB,326537,0c11d29de4a0953e0caa76d83f9afaacb9599ff5a9716c1535dfd82ebc55e79d,0c11d29de4a0953e0caa76d83f9afaacb9599ff5a9716c1535dfd82ebc55e79d,95850510ac819a51d6d8d31bbc5a76a250589e6db2aa63b37d10727fb0247856,0d4d0e332323271e,222.45575787037038,52.174687491696474,83.36622174701367,0.2674646636999802,26.78142569304523,
10079,/localhome/local-lintran/MLA2/data/raw/original/images/10079.jpg,1080,1440,0.75,RGB,152146,8c35d7fccd797218d2946b2c604446ced6ebb6549cc173c44ad487d1e973677a,8c35d7fccd797218d2946b2c604446ced6ebb6549cc173c44ad487d1e973677a,97cda022153657615122deec00211125b3e9f855542aa8ea2abe2f5000035d3d,9847185b0b074009,215.15501800411522,77.23298093036156,42.184668318619636,0.07339991448819769,24.574092950821782,
10095,/localhome/local-lintran/MLA2/data/raw/original/images/10095.jpg,1800,2400,0.75,RGB,369654,96d5188e5c12aee6b263aa8f8f847dfacaedbe4b71ab6f2394c6e6acdc0bd3d4,96d5188e5c12aee6b263aa8f8f847dfacaedbe4b71ab6f2394c6e6acdc0bd3d4,3642b285b0bfe5df8a8c51bbdfb5094448e0e23cfba88f626b525ce6ed60e688,1802182f170f2002,222.51079074074073,65.46078104020184,50.60004956726547,0.13284551633504094,13.487117580305242,
10106,/localhome/local-lintran/MLA2/data/raw/original/images/10106.jpg,1800,2400,0.75,RGB,332471,3e73c229e2592d29cfb5bb10f148e6f1c28bc3f6ca6dee36b2d184720a480291,3e73c229e2592d29cfb5bb10f148e6f1c28bc3f6ca6dee36b2d184720a480291,be7494fdd2ac8f91700c5e958feeb88e936084de1728b8a8ac48c39a5229f648,4c4d4d16160d4d4d,239.39781967592592,41.57655098235999,5.170537691523347,0.01452016408357143,22.442088515250468,
10139,/localhome/local-lintran/MLA2/data/raw/original/images/10139.jpg,1800,2400,0.75,RGB,393634,fc781d44f8cd51b98252c05f3b6ae43d66b0d9404051547615eeed0e329da6f6,fc781d44f8cd51b98252c05f3b6ae43d66b0d9404051547615eeed0e329da6f6,6d70e34b95b47e6eb43e51559d7a37522166102085fd7f5768589abb0e8b0e91,8f96968e8eb69696,198.61579143518517,92.7565766547791,4.694161643399354,0.06260861201211582,114.78884735635378,
10170,/localhome/local-lintran/MLA2/data/raw/original/images/10170.jpg,1800,2400,0.75,RGB,328853,c233d95b314744f58d8c79873b92bf608c40d0ef5a4cbd80b37a3d1b8e6bd72d,c233d95b314744f58d8c79873b92bf608c40d0ef5a4cbd80b37a3d1b8e6bd72d,654b60caed3fc287eb5701eb2acd8c705c618e7d247c8fee865269b3d00811de,004c014c0f038001,227.8976423611111,63.421024835623705,3.995453287256875,0.017367033727420076,7.228627341994951,
10184,/localhome/local-lintran/MLA2/data/raw/original/images/10184.jpg,1800,2400,0.75,RGB,404400,9c950733d2f3c16dce0c4ea3209b1848fd88f852ef7f4ae5c354e0d510709825,9c950733d2f3c16dce0c4ea3209b1848fd88f852ef7f4ae5c354e0d510709825,aaef6cc72d424da05d845916e93596a69e8abef5154a509795f05d4767ae0e1c,4d0d063353171737,202.0721076388889,80.21493977281871,24.46196403510376,0.06498508122786374,194.4012012783992,
10188,/localhome/local-lintran/MLA2/data/raw/original/images/10188.jpg,1800,2400,0.75,RGB,373749,2c38ac0b959f9da6b692a372423781602765cdad4b898e2bdd4c4bc6350deece,2c38ac0b959f9da6b692a372423781602765cdad4b898e2bdd4c4bc6350deece,8a0ced81a86124efcfa49b46c8f639cc0fcce3f459ef78bd4105d8fc84e80d35,06468f2b03474b1b,202.0857826388889,75.05870277591853,41.860799371793554,0.17347322991365616,155.41594884087172,
10204,/localhome/local-lintran/MLA2/data/raw/original/images/10204.jpg,1800,2400,0.75,RGB,374145,62aabb09c212cd61179d49b762d22a9726fa00ba182a490c475974c3dbdf4656,62aabb09c212cd61179d49b762d22a9726fa00ba182a490c475974c3dbdf4656,7a4e6e72f78dfbc62bc225195d247392c959e1c3b3b6f1d958c97625f747c0c8,4d57141723450300,193.8913699074074,90.8956125635296,12.68723664825293,0.10067774323694005,129.63235438523355,
10208,/localhome/local-lintran/MLA2/data/raw/original/images/10208.jpg,1800,2400,0.75,RGB,384173,f975b7a6f2c9e0a6b4687eb3f0e3b5d392759ebc061ad0dd0e9b15ac22569ed4,f975b7a6f2c9e0a6b4687eb3f0e3b5d392759ebc061ad0dd0e9b15ac22569ed4,0db79dac943c30ddcdc5f2918ed7717e8b5ba3f783e4d1dd6a4ceed1ec7d9d77,204613bb2b2b1304,203.71011435185184,86.75729908249089,4.735554566162136,0.041308208954240686,62.00577097663216,
10211,/localhome/local-lintran/MLA2/data/raw/original/images/10211.jpg,1800,2400,0.75,RGB,375107,6360265f16c04c606b51fb131173c644b7579b118eabe29d5357818a02cec198,6360265f16c04c606b51fb131173c644b7579b118eabe29d5357818a02cec198,db8c980ef2f649154e4a9ee127352b167ec4dab5818f647fbb6a8fc2e420c199,0845961637333f00,212.2609349537037,64.05726249582631,17.39473468355341,0.08327968172417553,31.821442020426595,
10215,/localhome/local-lintran/MLA2/data/raw/original/images/10215.jpg,1800,2400,0.75,RGB,348312,cb1ac1b925090d83b53d546474b245e61dd2485daac959ccafaebaef2c8a907c,cb1ac1b925090d83b53d546474b245e61dd2485daac959ccafaebaef2c8a907c,a7f57c4357a686ed14d7166cdae83eab9f0e6e007f841dd07b28de30c34995a2,4c17b2220f2b2700,209.6200201388889,72.7925269985383,27.2343372296272,0.12515287194252891,26.956662497973554,
10227,/localhome/local-lintran/MLA2/data/raw/original/images/10227.jpg,1800,2400,0.75,RGB,327545,b297d3ac881dfc59e5fba4daa5a1164393de34e7f95a01987ffbfd5ae28265cc,b297d3ac881dfc59e5fba4daa5a1164393de34e7f95a01987ffbfd5ae28265cc,2da9c85d13e1497c0d67a8773c2231dddb6bd430bd2f483b6a472f9c35f97a99,084d962233371602,223.35810694444444,65.05617666585782,28.963489211883154,0.09656245444558355,34.43749067833901,
10255,/localhome/local-lintran/MLA2/data/raw/original/images/10255.jpg,1800,2400,0.75,RGB,410039,b13ba98b1e0febc16f7bef0d62dce7024f9907041018ba6cc9f8f722ab443a17,b13ba98b1e0febc16f7bef0d62dce7024f9907041018ba6cc9f8f722ab443a17,7460f4e1deded64f455eb5726476e2e682097cacacf21612dcc5c2fe286878c2,4dcd0e2307170717,195.30881944444445,76.44467004162524,55.65112672770756,0.1727749483586069,355.0340534750689,
10260,/localhome/local-lintran/MLA2/data/raw/original/images/10260.jpg,1800,2400,0.75,RGB,314086,855b6a2fe792ba9d464e1a93d314ff9a3f611d61e2664a688d2f27b723f0c72a,855b6a2fe792ba9d464e1a93d314ff9a3f611d61e2664a688d2f27b723f0c72a,94c0f5da8772f8ab7ec49f08a06f33caa0b94135385114d35c5b1f2498c3dd4f,969696969696b636,201.42509652777778,78.63287529674095,6.191517185067133,0.039296163396304915,46.23497452465319,
10262,/localhome/local-lintran/MLA2/data/raw/original/images/10262.jpg,1800,2400,0.75,RGB,335417,9b8f93c0839679b10b34209020b4f3a7c02798315ea6645baa742bdb2b48b9d6,9b8f93c0839679b10b34209020b4f3a7c02798315ea6645baa742bdb2b48b9d6,392dd4389da7f4aad38b12040ad578408d0779dde1cbc5f9f68cf7b6f5b37c40,969e96b6b6b636b2,193.7634398148148,93.39976804198876,8.014648181831632,0.07864849398127267,23.170702424789827,
10276,/localhome/local-lintran/MLA2/data/raw/original/images/10276.jpg,1800,2400,0.75,RGB,345879,901d86c51ae68d2d2a428026f2a7f16b97d4e663aaf15d5a7a9bb5b4d378d8d1,901d86c51ae68d2d2a428026f2a7f16b97d4e663aaf15d5a7a9bb5b4d378d8d1,b57d27270844e4b6427f7230794eecb118d5a7d086dd3ddb6d0513fa65e75101,5804595c0f030001,218.57775671296295,74.18133916791635,1.9906907566658998,0.00971226670452246,7.042334468144237,
10290,/localhome/local-lintran/MLA2/data/raw/original/images/10290.jpg,1800,2400,0.75,RGB,252891,892cab5b5d2d9599a1e407eec8c2ae1527c701dfade22ab7c269b5ffcc9848a1,892cab5b5d2d9599a1e407eec8c2ae1527c701dfade22ab7c269b5ffcc9848a1,481255fbc5c46e405b376ea919efcf0bd009f5251a1911a7257fe867a8ff2fee,0802193e070f2003,235.74238703703705,47.44770652563509,17.694297916730417,0.04987134569423146,8.819802681859237,
10298,/localhome/local-lintran/MLA2/data/raw/original/images/10298.jpg,1800,2400,0.75,RGB,366091,fcf0fee5db0406ca368acd08557b783c59bfb9579bfd9002e2667dff1eaeb548,fcf0fee5db0406ca368acd08557b783c59bfb9579bfd9002e2667dff1eaeb548,69805767106f49dd23b835e97a9ec262a905cfc2d4986af73e890c200525c4a1,0004016c27034001,243.89882708333334,31.48954924248102,12.086069938557582,0.019817534708570714,3.1395553394010975,
10308,/localhome/local-lintran/MLA2/data/raw/original/images/10308.jpg,1800,2400,0.75,RGB,335372,fd17132183a0c4e15836c7348bea05d222518ce79b4f34c4537d4cac3ae069f7,fd17132183a0c4e15836c7348bea05d222518ce79b4f34c4537d4cac3ae069f7,2d98d1495bf1b5efe652558b535a4b6149bd3139da9e06cb7b887f2f3e0a2c36,0016016e6703001d,216.95050555555557,74.37649991530807,13.684090712422137,0.06612217899453159,10.382533175849371,
10323,/localhome/local-lintran/MLA2/data/raw/original/images/10323.jpg,1800,2400,0.75,RGB,353471,882e41aad77fa4d88a38bfe2a1ae2263ed95f737935cd06a19d9610813196c19,882e41aad77fa4d88a38bfe2a1ae2263ed95f737935cd06a19d9610813196c19,c56b44f28650ff62d6effcc3cd6fa3a74f96675b3209269d2ee683f09257e25c,4a1596174d4d4100,189.9809835648148,92.18699624442505,18.080974086140017,0.06139171654385872,97.31148729706571,
10400,/localhome/local-lintran/MLA2/data/raw/original/images/10400.jpg,1800,2400,0.75,RGB,340467,e7ad2e2d32e5b48e57a427e30600851fdd63de2adc701ef724d2020b0ffa9c58,e7ad2e2d32e5b48e57a427e30600851fdd63de2adc701ef724d2020b0ffa9c58,a2164711fe6273771191c5f63a8fb3cdab8e8bd26f8f8cdbd14568029bd8e12e,372b3b333b3b2327,138.5508638888889,92.8266680426581,15.813941092107035,0.11724810734532283,7.235322957919359,
10445,/localhome/local-lintran/MLA2/data/raw/original/images/10445.jpg,1800,2400,0.75,RGB,386559,a63d0d650193a13a5ed6875680c2681d02df6c75786b5a642063a19dd11abfb9,a63d0d650193a13a5ed6875680c2681d02df6c75786b5a642063a19dd11abfb9,da17b537ae11c0bc3b6b3e97e512fe6d2f3be17c6618faa004d0e5bb1eb94a19,070f179697958d35,196.9528425925926,82.88824081854881,22.060032162133986,0.07904697356341725,49.61247840385373,
10491,/localhome/local-lintran/MLA2/data/raw/original/images/10491.jpg,1800,2400,0.75,RGB,333459,1b27a7c9d88e0a162b2a8c0b0ad9a5df5f397b5b9d0c7a5e3941900d4f4ae0fc,1b27a7c9d88e0a162b2a8c0b0ad9a5df5f397b5b9d0c7a5e3941900d4f4ae0fc,482f287301f8f2ce11adb3d8f62bc4135ea1569642d49f0e99946460cf24420a,4d56060a0b2b3f16,220.02474027777777,65.52241250668685,32.40819700263269,0.09686086313122373,51.135389425415134,
10499,/localhome/local-lintran/MLA2/data/raw/original/images/10499.jpg,1800,2400,0.75,RGB,383586,2f490eeadb3f39a37f73a35456e91a75dddb040c093991fa3866390b4e256f1e,2f490eeadb3f39a37f73a35456e91a75dddb040c093991fa3866390b4e256f1e,27776f6e1b50600090f13919a502f3cc13e9c976967655cd9ae1b3bb80788ad0,4d55163232222616,223.92559259259258,55.450761776492115,48.55648957749905,0.1781465837545048,10.599718150026634,
10502,/localhome/local-lintran/MLA2/data/raw/original/images/10502.jpg,1800,2400,0.75,RGB,393084,4aeb0fd89ee87a4264e44c635a26a6599b34b02951ea017705915d32cd879f62,4aeb0fd89ee87a4264e44c635a26a6599b34b02951ea017705915d32cd879f62,7c079fa4f14536815fe2f325dc43fc5d9d6205a1f873128db852c83ccd3b4e39,4d5516961e1e1696,203.22069097222223,71.60585719489119,46.41454692943616,0.17207277286264575,73.43876097176869,
10507,/localhome/local-lintran/MLA2/data/raw/original/images/10507.jpg,1800,2400,0.75,RGB,347342,6cd40c8d6f8e86eb7263bf0996a5d74af9d524ac59d7fc3c071bcf912df83893,6cd40c8d6f8e86eb7263bf0996a5d74af9d524ac59d7fc3c071bcf912df83893,b6a9b0d9977b2a6ee8d123724c9d3d8691ab931ecb1fd743f5531ae94ac96a59,4f9416232d050f16,214.28749398148148,63.93291897159968,50.79486322170588,0.15580804939419754,113.44220465967253,
10573,/localhome/local-lintran/MLA2/data/raw/original/images/10573.jpg,1800,2400,0.75,RGB,338085,d0ac760e80511caeec3ba6d21b0adb64748316e6b9b76ab9f5672cc275667ee0,d0ac760e80511caeec3ba6d21b0adb64748316e6b9b76ab9f5672cc275667ee0,7b5f77bd25f4fc4445b78ba760eab074e45a7f35e6b1b05bf7e285594325e439,0d4d1637170f070f,200.92001921296296,69.6927294388627,36.80896269846777,0.13504445826314082,35.90415792399083,
10579,/localhome/local-lintran/MLA2/data/raw/original/images/10579.jpg,1800,2400,0.75,RGB,348991,504138c55f50665e46d7fd6af203bcd164fce927519706f7307c86bc42d1866b,504138c55f50665e46d7fd6af203bcd164fce927519706f7307c86bc42d1866b,4ffd249da3ba4ec6a36b6ebd8123f2f27fd0578b51998d5a5eb1fb59eb67a52d,1f0d96130717072f,187.88371157407408,89.48654256192481,32.67017093994306,0.12505236720200077,27.502745200213067,
10593,/localhome/local-lintran/MLA2/data/raw/original/images/10593.jpg,1800,2400,0.75,RGB,420824,22ed1b7bbefdd907a95ade7ae830559ffda3f3806aef8d064fb800150a650eb7,22ed1b7bbefdd907a95ade7ae830559ffda3f3806aef8d064fb800150a650eb7,ce8353e1c106be4c0c808d7b33f4adf2dca4192f4659d82a704bca0807ce97fe,969e9eb6b69e9e96,213.09026921296297,61.474061598253435,32.32358905431135,0.10482589043869991,12.344718034229603,
10620,/localhome/local-lintran/MLA2/data/raw/original/images/10620.jpg,1800,2400,0.75,RGB,299458,b110ad260c91db6e725e93abb8d5435875c051c390ee5cf922e5de9c5e881f77,b110ad260c91db6e725e93abb8d5435875c051c390ee5cf922e5de9c5e881f77,63741ebdc918058b0bcc01541230abeb3f8b1d0840621075dda719bcb1f1a724,000c034c0f034001,241.93940671296295,40.1386006311816,21.5873122487588,0.04792208096329517,5.312011394427847,
10622,/localhome/local-lintran/MLA2/data/raw/original/images/10622.jpg,1800,2400,0.75,RGB,341500,4bfa24fd96c316fc604d3d6041f43f0d4a33ddb1be90dff7f3b616ac78b53584,4bfa24fd96c316fc604d3d6041f43f0d4a33ddb1be90dff7f3b616ac78b53584,100af34795007bf29144d2089dadf1351491da5aecc9ad2f07db1859edb5dc86,0008026c0f034001,247.82251203703703,23.844132117754448,27.33383615991034,0.043857298081994296,5.821633896106904,
10664,/localhome/local-lintran/MLA2/data/raw/original/images/10664.jpg,1800,2400,0.75,RGB,271929,33d2a99957c40018e53b89aec80c2f3df312278fb97fb520ca21e90ed44e1d49,33d2a99957c40018e53b89aec80c2f3df312278fb97fb520ca21e90ed44e1d49,ee7471c3eaf57e92d534d55aa34c17870ffa9e565abc5376975143dda29da9da,22080f1716160400,242.6212962962963,29.48132055633773,67.23778803330072,0.13935020453454264,27.832151277241252,
10765,/localhome/local-lintran/MLA2/data/raw/original/images/10765.jpg,1800,2400,0.75,RGB,388873,31710e78e413e3171dc8128b20f5f7a138a1936755b4b376631d2060b2d91dd8,31710e78e413e3171dc8128b20f5f7a138a1936755b4b376631d2060b2d91dd8,5a60f28e35759a45300e2c9a11220131187c23395addf45210aa3c1346b9cf8a,0014013c07032003,241.57993819444445,41.57600428817389,29.177415231728453,0.04313235759965533,13.74816948053452,
10813,/localhome/local-lintran/MLA2/data/raw/original/images/10813.jpg,1800,2400,0.75,RGB,404427,1c45a21939a6afa1d67c3af88ddd079674074653ad15ee8a51df79fc8c0c873e,1c45a21939a6afa1d67c3af88ddd079674074653ad15ee8a51df79fc8c0c873e,666fa5fe12d8c4ca8bb31d2fbb347405ff94e2a59fc87980917ab8be78164472,0d4c871b0f0f170e,201.18952083333335,72.43118236376506,35.24568977290211,0.12257977689186855,137.5136036036036,
10819,/localhome/local-lintran/MLA2/data/raw/original/images/10819.jpg,1800,2400,0.75,RGB,368575,87fdcb5665edf2e3046a34936890d96c78b741272a883827ec62e3355feda8e9,87fdcb5665edf2e3046a34936890d96c78b741272a883827ec62e3355feda8e9,cd4b152d3f04871d3e069cbf10dfdbade2932e764de6cbbbc554b32fd38b1ab4,0f4c87931b0b1716,193.43114166666666,83.30884899594959,32.644636808467304,0.13544251188936945,262.6050537298224,
10831,/localhome/local-lintran/MLA2/data/raw/original/images/10831.jpg,1800,2400,0.75,RGB,384303,42f353e76c108d63cff2cc33369d8a94cd4446f32f839e5d8a33ff7cdcb178c8,42f353e76c108d63cff2cc33369d8a94cd4446f32f839e5d8a33ff7cdcb178c8,090a636acca62fbcdc7ff0007e67ed6f96ebe7f893fd729f1dbc8c94b90568af,0f4d8f131707170f,186.6194289351852,85.02357259012761,37.01186074495781,0.14544931290565927,75.93090738553464,
10849,/localhome/local-lintran/MLA2/data/raw/original/images/10849.jpg,1800,2400,0.75,RGB,326032,00c4395585a3d9ecf8477829aaccafd44e33a15481df1f2859e50c8b8c6f5628,00c4395585a3d9ecf8477829aaccafd44e33a15481df1f2859e50c8b8c6f5628,bc197a4cb690ac57ac326b926cf9a3517211321dadbbfe074bad88920bd7c81c,4d4d8f13232b1f0f,192.0737164351852,74.76303700822177,36.20059988393646,0.17037098830268294,532.1460142661942,
10864,/localhome/local-lintran/MLA2/data/raw/original/images/10864.jpg,1800,2400,0.75,RGB,340556,f29bb1439971934eea5249ef30855fd0aa40420b0ad244016430979afda729a2,f29bb1439971934eea5249ef30855fd0aa40420b0ad244016430979afda729a2,3855b51408f774fc89ac7513d7f1841d0cf3d95f89346a3a5608526bd52b2177,0d0d0e272f292317,220.11911805555556,70.80742089927692,35.359037246636994,0.09285321637249942,72.2894342157067,
10880,/localhome/local-lintran/MLA2/data/raw/original/images/10880.jpg,1800,2400,0.75,RGB,341735,44c1a8d3b8a104e1d676780e8c4c4a00f5a10d2459d52b0dead4f815ab30be60,44c1a8d3b8a104e1d676780e8c4c4a00f5a10d2459d52b0dead4f815ab30be60,0049b33566990b8ab29f51f3206aacb82b5a6202f3836f7226bb29de3b0db86f,0d4d97331717170f,186.49084884259258,87.68418896526933,35.92191631202116,0.1436918778419727,109.00867447138656,
10992,/localhome/local-lintran/MLA2/data/raw/original/images/10992.jpg,1800,2400,0.75,RGB,392731,91b05e3a47c5477d58c0fbc170fabc1464a57b992aa5c731f050f2f0715fb447,91b05e3a47c5477d58c0fbc170fabc1464a57b992aa5c731f050f2f0715fb447,68f1ea6678abbf64b43ec1045be93e283871b22c3013d12e685350ba00fbe10b,0f4c873317170787,180.58429467592592,91.35459713422065,42.08630221223431,0.19534836263294383,114.99940515065194,
11035,/localhome/local-lintran/MLA2/data/raw/original/images/11035.jpg,1800,2400,0.75,RGB,1387510,43cf5b73239168d9829a12ad65d9aacc1f1b339fe69b0b485d7a287db38bc7bb,43cf5b73239168d9829a12ad65d9aacc1f1b339fe69b0b485d7a287db38bc7bb,f96d0d7b832f2f8649caa5f08e5d0045240f68ff67514233eb33565eb2803ede,4d44169696160616,208.31336226851852,71.27584700878798,42.84945573898847,0.16745952540250772,106.9392487088631,
11082,/localhome/local-lintran/MLA2/data/raw/original/images/11082.jpg,1800,2400,0.75,RGB,400567,2671c3213cc218e3e9c462f081fc8718d771604848ac2a4a648b67db98addc37,2671c3213cc218e3e9c462f081fc8718d771604848ac2a4a648b67db98addc37,1e2aa4414c87032f82639231b0f939e6ceb5927d561b9a0ed1e47e8a643afb57,4d4d8f333317170f,206.60700462962964,68.81198045862993,41.89984059192769,0.1468603849382414,168.75973505639314,
11171,/localhome/local-lintran/MLA2/data/raw/original/images/11171.jpg,1800,2400,0.75,RGB,374064,4602126a6b8ea4f2698993309019211403fa6ff50b413cb4b10c32060021c54a,4602126a6b8ea4f2698993309019211403fa6ff50b413cb4b10c32060021c54a,b041ae67f447e998b2f7088c18dd757059c3915f0b380163905ea6559ee0ec02,0d0c0f33232b1717,185.28516782407408,88.99009252963211,26.19947535239887,0.11996245176791642,108.586753977628,
11218,/localhome/local-lintran/MLA2/data/raw/original/images/11218.jpg,1800,2400,0.75,RGB,1347044,fab3180ccba1cb17c3c7d010378ecb93dea4814ee686b41d35cd10ef729bc057,fab3180ccba1cb17c3c7d010378ecb93dea4814ee686b41d35cd10ef729bc057,10acbf54b2141827cb50c9d26eaaa40afef1c58bdcb5c0bc7d0d0027e90c4c51,8f1e2f4f1b0f1e8d,154.6111652777778,107.8163553016042,5.569319592162543,0.11617577594589101,145.86717478403853,
11239,/localhome/local-lintran/MLA2/data/raw/original/images/11239.jpg,1800,2400,0.75,RGB,698317,61f9dae1bdfba127ddddf2e2583add72837189159328058a86c3a3077c9ace21,61f9dae1bdfba127ddddf2e2583add72837189159328058a86c3a3077c9ace21,c10c9be5bb2b787f230986962b677034c98a9f527217d5a1254c6d408c09f91f,369e8e9d95951515,213.04709421296297,77.84735028112718,15.144360235617023,0.03656714983599337,20.92150744574909,
11257,/localhome/local-lintran/MLA2/data/raw/original/images/11257.jpg,1800,2400,0.75,RGB,350301,97913254565a6aa230e99b0e0219268b08bc95de077ef50d1beafcb73e934ce2,97913254565a6aa230e99b0e0219268b08bc95de077ef50d1beafcb73e934ce2,a0a9c00664b475e1a87dfa6d65e7cf1d2d2930b456b4217211d86fc6627b90f8,2606939317070797,196.54244398148148,80.46859573707823,40.6256686060751,0.12325607966302088,76.30436334792375,
11260,/localhome/local-lintran/MLA2/data/raw/original/images/11260.jpg,1800,2400,0.75,RGB,346988,c75f2316e04ff0bdff68889c10f07b054aefd35871d576eca6b0ac4aa9fbf47b,c75f2316e04ff0bdff68889c10f07b054aefd35871d576eca6b0ac4aa9fbf47b,94eeec0fa92d4cd8814696b17c13d98292af51147df1b6728c02b03f6b992657,0014963b3b3b0802,243.5817037037037,20.77005606960248,35.096588643379555,0.09469918727159268,5.652505847750064,
11273,/localhome/local-lintran/MLA2/data/raw/original/images/11273.jpg,1800,2400,0.75,RGB,349541,b691acb71728ef7c8cbddd8b803c471b96673f653d1ce64ea1b8e184e96c74c2,b691acb71728ef7c8cbddd8b803c471b96673f653d1ce64ea1b8e184e96c74c2,26b0b064357320f26f7950a04ecba0f93eb92ddb7c67eab5d0e06595c055bacb,010e0f3b3d595541,180.60096875,86.44639777714775,55.62319285727087,0.28190297934993674,25.32692443085759,
11286,/localhome/local-lintran/MLA2/data/raw/original/images/11286.jpg,1800,2400,0.75,RGB,344943,36d3beb7f11a9925eaca491630a19d111b0acfcab573e9d25bbf029de482c3f3,36d3beb7f11a9925eaca491630a19d111b0acfcab573e9d25bbf029de482c3f3,d8ddac5c5844aec3ef9d90016a936c7bf2ef043c9551a702a271f0d16c52e941,0f0e1696b6b6b4b7,190.85271412037036,92.07554391724601,20.195975532265255,0.07050678426433973,107.05474408856156,
11298,/localhome/local-lintran/MLA2/data/raw/original/images/11298.jpg,1800,2400,0.75,RGB,327241,87148f424dd44237abdfe367efc10deb9e2caba3b7c1101c29bc3903b5489226,87148f424dd44237abdfe367efc10deb9e2caba3b7c1101c29bc3903b5489226,4c63f437a7fb64087ec8bf2ee28b8696f368bae658bb824814d9fb4c4dc9deb9,1f0f0e9696969696,211.0856087962963,66.96139415893363,33.745548454261545,0.12601834448617233,78.04029493503786,
11302,/localhome/local-lintran/MLA2/data/raw/original/images/11302.jpg,1800,2400,0.75,RGB,1031849,553d5c58a97e88d033175f8c64aa47faf7af4a68beec45ea79b392585c69a738,553d5c58a97e88d033175f8c64aa47faf7af4a68beec45ea79b392585c69a738,2e574b8541e57c859396c25ed11b088d065a7c0d932fbfd9b4854439163ee199,0606969696958dad,200.6668101851852,86.60165291068132,20.608564060775105,0.07230753245845194,61.88968236874407,
11329,/localhome/local-lintran/MLA2/data/raw/original/images/11329.jpg,1800,2400,0.75,RGB,1156154,61a96740547270fe92f91e449c1ff6e25605e3bebf38b3028876acbb2383702c,61a96740547270fe92f91e449c1ff6e25605e3bebf38b3028876acbb2383702c,c0e61c47863656e2ef741151c32e76beace29bb0a6a0ca053c09886ac5360aa1,2707179692921293,202.66609560185185,75.98587121795109,14.51615423166307,0.04326864127681845,251.15219979619724,
11335,/localhome/local-lintran/MLA2/data/raw/original/images/11335.jpg,1800,2400,0.75,RGB,328854,b01a5d9d64cb4a3bcd9006639dfcbb64607bfcaf04be801c7c47c570afd3536d,b01a5d9d64cb4a3bcd9006639dfcbb64607bfcaf04be801c7c47c570afd3536d,8cb2dc7d5bed842240bc5d90fe7798250dd81307bc0d3f491612b3187ef50bef,0f270e9696921293,210.9078337962963,72.17768179549948,20.413320426717412,0.06267190201472579,58.75664871812687,
11373,/localhome/local-lintran/MLA2/data/raw/original/images/11373.jpg,1800,2400,0.75,RGB,213663,36cba9b7e0acfca6a1ee545fc82a6cfeb9aac8892db06c247269b504784da06e,36cba9b7e0acfca6a1ee545fc82a6cfeb9aac8892db06c247269b504784da06e,bea2af285d69537f0274fc706622d7884c53f6989d295a71db70c7744fd6c1dc,0d8d16161e161616,181.12032037037037,83.96131377863497,49.41076757906765,0.19759731844818063,8.268628268371199,
11422,/localhome/local-lintran/MLA2/data/raw/original/images/11422.jpg,1800,2400,0.75,RGB,347615,541d558c2c1ca86ae3c0790cd9a849d7546b4da64f0a67a6f1cccb37dcca9196,541d558c2c1ca86ae3c0790cd9a849d7546b4da64f0a67a6f1cccb37dcca9196,3a263b50184a4d17ae28c065ca2dedad95baf3bc8db639fdeb6c587b4f9c4230,0f4d96130f07170f,178.40505902777778,92.88464591805744,40.76520637815848,0.19933804564532923,20.63422508626879,
11455,/localhome/local-lintran/MLA2/data/raw/original/images/11455.jpg,1800,2400,0.75,RGB,405383,325d68b9c3f3ba34a8038bb0086121fa7a3829cdca1db14fc5172daaffc6a84f,325d68b9c3f3ba34a8038bb0086121fa7a3829cdca1db14fc5172daaffc6a84f,d4e535e504d2194c6170c4eeee3e8da8431e0b0a5cfa5a9007d801b3547e7060,0f4d96130f1f0e0e,183.4382449074074,92.33315917158275,23.464736537085905,0.07704980918274323,17.6402135297251,
11468,/localhome/local-lintran/MLA2/data/raw/original/images/11468.jpg,1800,2400,0.75,RGB,882801,f5bc5189894b17fe09003690bf199237abc98abf3a57ad1c45b2f42656c77304,f5bc5189894b17fe09003690bf199237abc98abf3a57ad1c45b2f42656c77304,092796b9ad4ae5e62bf31a2b97f66fc9af41f866ba7d82af30002b96b76043bc,0d4d96130f070f17,191.2227298611111,79.56878540371176,37.9071105587987,0.14501312687683476,17.590138840640126,
11506,/localhome/local-lintran/MLA2/data/raw/original/images/11506.jpg,1800,2400,0.75,RGB,305639,27c04601235afda3fef18cedf07b2613ebb422e7835fd81e9ee4f14ab1be23a9,27c04601235afda3fef18cedf07b2613ebb422e7835fd81e9ee4f14ab1be23a9,104b47223884814daef9e02c536c4e2bcc9064335fb78b5f8831f4f4a72db346,0004032c0f074009,238.83051064814813,47.68661464619987,21.03552022551926,0.04967253188209007,13.139114152713125,
11524,/localhome/local-lintran/MLA2/data/raw/original/images/11524.jpg,1800,2400,0.75,RGB,391476,c76b60daacc23379614fc0f34bf4e32c05caf98690a3984e7709a35dd52dac33,c76b60daacc23379614fc0f34bf4e32c05caf98690a3984e7709a35dd52dac33,709f2a285bffa15216b71003fbe19ff6e0525c745170e0a3a6abd02d7dd3f5b0,0d4d9633332b0f06,182.6134284722222,85.29364298421498,32.814679473214575,0.13765745901909132,52.21453924361379,
11530,/localhome/local-lintran/MLA2/data/raw/original/images/11530.jpg,1800,2400,0.75,RGB,393923,7a45b56339090df9dbdf80e1f20136dc7fbef288cfba0bb18c8f359ff2afd873,7a45b56339090df9dbdf80e1f20136dc7fbef288cfba0bb18c8f359ff2afd873,f1890ae5b99a9ab0d6dfd75f639172a0d31d96418546418f2d9f2a825be37035,0f4d9713330f0f07,176.71643935185185,94.46961805026271,27.100038831579276,0.17561036036943833,47.770316473285625,
11543,/localhome/local-lintran/MLA2/data/raw/original/images/11543.jpg,1800,2400,0.75,RGB,326281,d255294590470f9d93861339ed1b94464a3afde4b27c6c131a23e864ce6fe284,d255294590470f9d93861339ed1b94464a3afde4b27c6c131a23e864ce6fe284,18fc9ad864fd4fe68a4d4bd1ff4d5953be92afe5449142ff0eba6f5bacd27cf4,4d0d8d8c9696960f,227.62666921296295,49.02986950813312,28.656779918681313,0.06013359107981975,18.199470691771463,
11596,/localhome/local-lintran/MLA2/data/raw/original/images/11596.jpg,1800,2400,0.75,RGB,395761,b7b7510fcafb9b204ab7f8bef0dfe789cad5f7c8c6cf12568eab889177bc9a0d,b7b7510fcafb9b204ab7f8bef0dfe789cad5f7c8c6cf12568eab889177bc9a0d,ab699c4a991a03fc3fcfc3d593bb177ec6f3c21d79ee50e89da1aca9d3a4c63c,4d4d8e8e868e960e,222.39464375,63.224050511048,26.53922181412986,0.08821417923070779,797.4790817295444,
11597,/localhome/local-lintran/MLA2/data/raw/original/images/11597.jpg,1800,2400,0.75,RGB,312450,57e6f890e8fa4066e5f8d1f544b583d976fd04454fd5d75cf3c2c8e98d36c0c5,57e6f890e8fa4066e5f8d1f544b583d976fd04454fd5d75cf3c2c8e98d36c0c5,a667cd69c04185819517f0ca78a945e603a949d1263b54f6fd09a1575e1dcfae,4d5d1692b2b2164d,236.5519099537037,45.955066855664114,27.775098163140488,0.08571508203030316,13.512616202320572,
11619,/localhome/local-lintran/MLA2/data/raw/original/images/11619.jpg,1800,2400,0.75,RGB,340717,51398ef6e25470612b6f0551678b58b65fffde54bcb7ee9a900173d1b94454f7,51398ef6e25470612b6f0551678b58b65fffde54bcb7ee9a900173d1b94454f7,f7a56edf70f3a8b12f1d20eb94a1c92098b3d491921c2561ebd5ba748f18d348,4d9d173636139306,228.93837175925927,52.18460524122191,33.73820557271827,0.11647951955366784,62.040803631394894,
11644,/localhome/local-lintran/MLA2/data/raw/original/images/11644.jpg,1800,2400,0.75,RGB,348881,50085192463f5fc90c8f1e931d5925df1c9acad68535ac097625e106a798d3c2,50085192463f5fc90c8f1e931d5925df1c9acad68535ac097625e106a798d3c2,89e7c0c9f16bf7c7fd982e3ff67b7fc3ecaf55e62d7d11cc7f1a2b2b48c0bbb8,9696172727179696,169.19051666666667,97.3430270033632,2.4313836264719733,0.0405006316079096,110.31109821904167,
11694,/localhome/local-lintran/MLA2/data/raw/original/images/11694.jpg,1800,2400,0.75,RGB,407174,8643b8f6eba08a12e75ef39a69e43ce4c85285eed886b4a8c5d711e5eb93d3dc,8643b8f6eba08a12e75ef39a69e43ce4c85285eed886b4a8c5d711e5eb93d3dc,8e315c9f5dab22d32072781528c31eb8dbea2e26eaf021846e7aafc6aa768562,074c973313170f17,197.78369652777778,75.38107173249387,30.453798922160665,0.10932916235627291,100.07231582482225,
11697,/localhome/local-lintran/MLA2/data/raw/original/images/11697.jpg,1800,2400,0.75,RGB,397587,1007f4fed1396c501bc0aa8206f6f8eabc982ac96c3c34f17b5068ca5cc26520,1007f4fed1396c501bc0aa8206f6f8eabc982ac96c3c34f17b5068ca5cc26520,8f9fdcea2e4cd586f14d59e21aa815687e899f72089a0ac6547dd3b9118f47ed,4d4c971333170f2e,207.5710835648148,64.65794327184659,37.720270037306136,0.13225381454497195,141.41650258227378,
11710,/localhome/local-lintran/MLA2/data/raw/original/images/11710.jpg,1800,2400,0.75,RGB,335448,857269b5cba1eb3c9339ab2d9232abf51d67165abcaa39f206f6180959215d6d,857269b5cba1eb3c9339ab2d9232abf51d67165abcaa39f206f6180959215d6d,db7be364025511e826cfe6d47ac9ffde305b5a44ff24198f5cf9ef4a96de4232,4f06261133332b26,233.3926236111111,44.961638148907916,27.966266303298404,0.06911170544983451,14.822761643391463,
11740,/localhome/local-lintran/MLA2/data/raw/original/images/11740.jpg,1800,2400,0.75,RGB,350876,ab48c4bf3d1f4db21713c202b9466d2b780567139d2345fa05842e269d121484,ab48c4bf3d1f4db21713c202b9466d2b780567139d2345fa05842e269d121484,1dc40f1b85b871f894e582da7c61e987e0629be30232cc5bea9945981836bd23,4d4d8f1323231f2e,217.45736527777777,63.656307064105754,31.47489140224197,0.07696564889006043,15.086866648139141,
11809,/localhome/local-lintran/MLA2/data/raw/original/images/11809.jpg,1800,2400,0.75,RGB,404722,5009436314e5906730dcea85dc8cd9144f4f99574eb37d6e4ac14422d1219f94,5009436314e5906730dcea85dc8cd9144f4f99574eb37d6e4ac14422d1219f94,13a692f2e970c54f8138bb15a02ae3f9e5c27ba67ef2e7e5a05f0ebdff941ef1,0e0c979d9f96969f,211.2293400462963,65.06949617556074,50.695512251014996,0.17736609951783716,27.60143565158989,
11822,/localhome/local-lintran/MLA2/data/raw/original/images/11822.jpg,1800,2400,0.75,RGB,395745,103bd6aced7359d7250574215f9eb48317452959d9eb334b353f27a52f2b5451,103bd6aced7359d7250574215f9eb48317452959d9eb334b353f27a52f2b5451,d1de540fd413fbf3f81b891eb4e9cbd373c6a1bca7c23f75869c4231c0691f71,347b383b0f032208,221.0850724537037,70.2123841623467,7.4502997977509535,0.04044602026633646,20.924529748257253,
11849,/localhome/local-lintran/MLA2/data/raw/original/images/11849.jpg,1800,2400,0.75,RGB,386183,9be1d942cbc29467c4fd41331192fc322d91839195b05f8d3060c4c33bf7f3ab,9be1d942cbc29467c4fd41331192fc322d91839195b05f8d3060c4c33bf7f3ab,8155d13d1e05db89a1f2597e381eef53e22fc3d9b310795cb8afc8fa547d86b0,004e014e0f034001,229.8890287037037,63.86580062913976,13.797961735344147,0.05321090316982112,8.876698858241275,
11851,/localhome/local-lintran/MLA2/data/raw/original/images/11851.jpg,1800,2400,0.75,RGB,723748,5aec845dfce43be3b3a3e82655c7ddf2189b6ad33cb8675fbca327bb27406f09,5aec845dfce43be3b3a3e82655c7ddf2189b6ad33cb8675fbca327bb27406f09,717fa4da2d3e75fb3d87ef09c8f3352f8a903f396a267dda719f3d28ad32ec6e,001a01261f034001,240.30012453703705,36.286266670372406,13.511758416417688,0.019944503189671895,9.781435188401769,
11862,/localhome/local-lintran/MLA2/data/raw/original/images/11862.jpg,1800,2400,0.75,RGB,369049,9954f4bd5165c2f23a143f576934bcb7907aa961b57732be275842d473df230e,9954f4bd5165c2f23a143f576934bcb7907aa961b57732be275842d473df230e,9f5513ce18a743bc9ec482986610fc26143abf6987d12895088ebc19d2355d42,001a016e0f074001,228.76178541666667,60.90322499798249,22.801288593614128,0.06210963248744774,5.7468598161143145,
11886,/localhome/local-lintran/MLA2/data/raw/original/images/11886.jpg,1800,2400,0.75,RGB,349928,88f5b0c02eb24b87e339509dd705f67998affed226397a4180e0778eb8600144,88f5b0c02eb24b87e339509dd705f67998affed226397a4180e0778eb8600144,cf56ba7f58e4dbe41d341be49ded76152fd4d72ad603a16cbf70c5116a446c47,300c733c0f03400d,223.8358247685185,66.67210105255336,3.719355988509767,0.0170290175504131,13.851269598647491,
11924,/localhome/local-lintran/MLA2/data/raw/original/images/11924.jpg,1080,1440,0.75,RGB,208806,e87bc56588ba0213a1bd1d6efafba5077da7354e07ed273c7a62dc388d47d536,e87bc56588ba0213a1bd1d6efafba5077da7354e07ed273c7a62dc388d47d536,ab8254180191623dca919c07902046b0a8c26cbec184688a2137adb70958d0ed,3804793c0f0f4001,214.94386959876545,81.54404431922464,1.8003204972415705,0.010119000061054392,23.50805372150791,
11933,/localhome/local-lintran/MLA2/data/raw/original/images/11933.jpg,1800,2400,0.75,RGB,780316,4595c9adab666f75d25f93804156da33db6dc622f67dcd1e96b2333cb76a95a5,4595c9adab666f75d25f93804156da33db6dc622f67dcd1e96b2333cb76a95a5,6837b1f3e59982a1bda8b2c3014023060c6b313fa8746067db331eaa878d5314,045b0c2713074003,227.50535648148147,51.96882942645768,13.957750757355985,0.03602615249808706,30.664575835475578,
12003,/localhome/local-lintran/MLA2/data/raw/original/images/12003.jpg,1800,2400,0.75,RGB,321955,2c1d90d196bad2e76bb061f47952f05bae6653c394e4c6ac493706999846382b,2c1d90d196bad2e76bb061f47952f05bae6653c394e4c6ac493706999846382b,c2fd407cc98cea30304a5ce8c0005e4bc8fdcba63df951c739299e0fc5b3784e,06060f3333171717,215.25993217592594,68.0820495991787,23.182576557619388,0.0679566757462907,47.00687950160958,
12006,/localhome/local-lintran/MLA2/data/raw/original/images/12006.jpg,1800,2400,0.75,RGB,412526,33f857d739a1f557d5e4af2f997991f75785636b108fae63b751ceef4c96b571,33f857d739a1f557d5e4af2f997991f75785636b108fae63b751ceef4c96b571,45512b3e4ad677419993094b4d4cea311bbc6327b75c760bc158d3eb7f5a1899,0f0e0f3333171717,213.3730863425926,69.05360476053052,25.3631281297088,0.07527541181475564,34.60862467866324,
12010,/localhome/local-lintran/MLA2/data/raw/original/images/12010.jpg,1800,2400,0.75,RGB,384118,86eae1348b35c53e47811dc988796bf0c88d6aa175daa6508809d35f1cf18380,86eae1348b35c53e47811dc988796bf0c88d6aa175daa6508809d35f1cf18380,b113d49bdbcef7cdf8c7cbcb7ddb76fc66b6716451900d3b0344e9c97ff296bf,0f4d0f1333171617,215.9205263888889,73.19366473331749,19.526460466957353,0.0661948900401677,49.77317422821279,
12015,/localhome/local-lintran/MLA2/data/raw/original/images/12015.jpg,1800,2400,0.75,RGB,375390,241a34bbe467b7638ecdecf17d3289a2bb0a20b1eefa1e004d5c68d399a4773c,241a34bbe467b7638ecdecf17d3289a2bb0a20b1eefa1e004d5c68d399a4773c,1157efde9a8d183966f35694a1bbf25356ba4de83d0186b6298012da791a8cf3,4d4d0f3333171717,212.62774513888888,73.99914553857192,17.789071069120194,0.07503222069994814,22.423146436925357,
12054,/localhome/local-lintran/MLA2/data/raw/original/images/12054.jpg,1800,2400,0.75,RGB,394327,fddc0d774d7fe9ad7534f600a69d2bcf986da12779904121e2b88cf38e7bfe52,fddc0d774d7fe9ad7534f600a69d2bcf986da12779904121e2b88cf38e7bfe52,6ba00814a005c10bc07ffc712e7d41c4fc77af0566b373b6837237b7da1d02f1,4d4d0e0b0b331f06,227.77159907407406,53.127015000203535,28.447415941650934,0.0740336076345521,18.25142719840663,
12074,/localhome/local-lintran/MLA2/data/raw/original/images/12074.jpg,1800,2400,0.75,RGB,353174,2e4fe8d7847414e962d6fbbc4cc7c1d4d706cbfc7e379c1740c02c5cab43aac5,2e4fe8d7847414e962d6fbbc4cc7c1d4d706cbfc7e379c1740c02c5cab43aac5,5b98454ea707f9f77c557f38b092b790c2156911e2b1d718eeffb7995c2aaf28,4d4d8e33372c262d,232.41175069444444,48.8575816316506,27.371935946490318,0.06222220127694771,107.42669399476597,
12093,/localhome/local-lintran/MLA2/data/raw/original/images/12093.jpg,1800,2400,0.75,RGB,340224,a9256192a13bc552ac880f3c97c4bac0ba5494b1bd06c5e6887d63f4b062f0dc,a9256192a13bc552ac880f3c97c4bac0ba5494b1bd06c5e6887d63f4b062f0dc,8b538b0c51629d826d6629eea3029db33ba4a972a0fd6905f4610e676de55638,0d4d969f9f0d2d1d,210.53667453703704,67.65619870369521,37.68014180824348,0.13630648037000648,29.734702517427454,
12142,/localhome/local-lintran/MLA2/data/raw/original/images/12142.jpg,1800,2400,0.75,RGB,318399,3d93181118aa5f59e6d6742510377917534ae35d32efe76835183b6e924b0d53,3d93181118aa5f59e6d6742510377917534ae35d32efe76835183b6e924b0d53,44d7139a7ff1dfb9f02bdb66a0dbfb5bb278d921bd62214f6b473ec156ab432d,0d0d160606969d0d,190.04088981481482,89.8463673381199,27.05842651869733,0.15369052688808674,29.957504921373815,
12150,/localhome/local-lintran/MLA2/data/raw/original/images/12150.jpg,1800,2400,0.75,RGB,357524,0f31b9887ce9813f20c17d5e140e82ce3be9bbb3f7662c582463c0c212759a65,0f31b9887ce9813f20c17d5e140e82ce3be9bbb3f7662c582463c0c212759a65,a7701551223a2ea6761cbfdc44cce7bcb55242632f53308a3255dc88dbcce72c,0d5696332396060e,216.1193240740741,58.681403875839756,44.76610436851997,0.15616191964027723,79.95964450311494,
12167,/localhome/local-lintran/MLA2/data/raw/original/images/12167.jpg,1800,2400,0.75,RGB,333345,3586d385d160c882118aaa4046289408c87038a8d61e4c06f1665d62a31e80b8,3586d385d160c882118aaa4046289408c87038a8d61e4c06f1665d62a31e80b8,d031837223ace2203bf26f30132c4073ae1a92edcdd48dd98a36cbcce19e45ed,0746062606a68696,212.87085578703704,73.42819876173341,33.27731547993169,0.13249294518208174,21.454141133421338,
12202,/localhome/local-lintran/MLA2/data/raw/original/images/12202.jpg,1800,2400,0.75,RGB,327703,f54af07c142dd5eac3153fa3e08f6beae409c891c3726df6ba893a1516a461c0,f54af07c142dd5eac3153fa3e08f6beae409c891c3726df6ba893a1516a461c0,e467acd52b516d8d55d51d6dd0ebba160bad5c9fd978a62f020b14a06ee0e8ac,4d4d073323630b0f,221.03160277777778,53.98222131342043,71.14345951278736,0.2281860390348547,12.825564626322981,
12272,/localhome/local-lintran/MLA2/data/raw/original/images/12272.jpg,1800,2400,0.75,RGB,364965,ab233f0c881a73190f01084f5463fa2731fafcab3080c73e79165f364345dd70,ab233f0c881a73190f01084f5463fa2731fafcab3080c73e79165f364345dd70,87e3f07ecfdb74a380dc31f89fded48c8d64faaebc1ec1f414a0bc4f13b6cdee,0d4c873303071797,194.09617939814814,75.4400999182847,48.546172964514426,0.14640880599244893,17.3935142082957,
12313,/localhome/local-lintran/MLA2/data/raw/original/images/12313.jpg,1800,2400,0.75,RGB,371023,a77c3a1dbfcea19a6a1655cad03e0710503743ddf53b337562cb8819624390bd,a77c3a1dbfcea19a6a1655cad03e0710503743ddf53b337562cb8819624390bd,f4aace9413273176e4371ed3323d23e9a027888ce6d33ffe8e2583a408a80ed9,264687234b4f0797,174.38781134259258,94.99277508735989,23.427829913991662,0.13760950923238824,20.200975589985873,
12316,/localhome/local-lintran/MLA2/data/raw/original/images/12316.jpg,1800,2400,0.75,RGB,324190,bc8897b8b02217a373034892d356afba1a68a9da2e2ae2fefcc2e5b5ff377b59,bc8897b8b02217a373034892d356afba1a68a9da2e2ae2fefcc2e5b5ff377b59,ed25feacddfbe62ce33e96ce08f646da8acd6baa26c51cad48d87574cc9b8762,0f0d0e3253171796,214.40608310185186,68.37606969835295,19.482654594347213,0.051775178385679625,141.97089985872762,
12327,/localhome/local-lintran/MLA2/data/raw/original/images/12327.jpg,1800,2400,0.75,RGB,327046,b76d650cd6bf95609d8fd7c23d0fa209eabc5f44f8559459d51b0902cf87e8e1,b76d650cd6bf95609d8fd7c23d0fa209eabc5f44f8559459d51b0902cf87e8e1,8720bc2c6ad40c9ce1951845dbc18fe4169ee0ffae038b08a3864c257b20eb6b,0d4d0e3373171f16,211.87507037037037,71.06320568557165,19.96530457477884,0.07689471856681325,11.471544269204937,
12385,/localhome/local-lintran/MLA2/data/raw/original/images/12385.jpg,1800,2400,0.75,RGB,182569,da4a28f9c5aad6d9d26cfb3fee826f60088fcf610c1172e7fdbb87dd714b245b,da4a28f9c5aad6d9d26cfb3fee826f60088fcf610c1172e7fdbb87dd714b245b,f49763a2d2b3058e375e4f328b55b28daa8b3d7604c7f815dedb89879a1977c4,0f0f2b174f7b3d39,213.48335162037037,38.56290977521608,21.95602902431,0.11715647942023699,15.546274809513884,
12410,/localhome/local-lintran/MLA2/data/raw/original/images/12410.jpg,1800,2400,0.75,RGB,1014568,23354a6c4fef9821dabc147d6d13675df653dc292de5d88ed06d03a46103c13b,23354a6c4fef9821dabc147d6d13675df653dc292de5d88ed06d03a46103c13b,a91b8f38a8efc1f8feb9670cdba292e01c57f8961c2ad953c651b72b77734b02,0696968c16074f27,209.6608740740741,67.49452032692669,16.824537386304108,0.09257632634052397,101.46230783482712,
12416,/localhome/local-lintran/MLA2/data/raw/original/images/12416.jpg,1800,2400,0.75,RGB,329898,8cb595968717b400a0e88d4354a0103647174570c8c03cd38da537c3f66ff8ba,8cb595968717b400a0e88d4354a0103647174570c8c03cd38da537c3f66ff8ba,6c56c676dd720e108ac317fe57482cdefb1394071aa3ae49c2730568d2422f0a,0400869696960410,220.15206875,77.70305797913127,2.2996693746034103,0.016926569916000618,5.704646703258528,
12433,/localhome/local-lintran/MLA2/data/raw/original/images/12433.jpg,1800,2400,0.75,RGB,498448,e5bcf5f35ae58bbd2f1f6b7fa2468af05b4494b67ba1d28890775ec9364c748b,e5bcf5f35ae58bbd2f1f6b7fa2468af05b4494b67ba1d28890775ec9364c748b,8c0631637a6dda90ca22093aa432d718cfb16c41ddf13feb3820195d9a740c5b,0e8f8d8d9d4d0626,202.9621099537037,91.71687086183755,2.283651284731802,0.02773451433111269,19.065043887074737,
12440,/localhome/local-lintran/MLA2/data/raw/original/images/12440.jpg,1800,2400,0.75,RGB,347104,5c01de945ff7e0af3eb44858826d65d798dfec0b526adbfc7c7395a465780c0d,5c01de945ff7e0af3eb44858826d65d798dfec0b526adbfc7c7395a465780c0d,ada54bf47ce26c1eb639458ce6f8e4171ec03516dafd85a0fbb013bd7d2ed217,06000f1617330002,214.68826898148149,86.77582395905033,2.9783066866193626,0.03419900202579769,5.303426202552166,
12449,/localhome/local-lintran/MLA2/data/raw/original/images/12449.jpg,1800,2400,0.75,RGB,642238,005d164b0ec00e2d79c3e3885cc8449035d2d3fd8e940c8871518d529cadf3b4,005d164b0ec00e2d79c3e3885cc8449035d2d3fd8e940c8871518d529cadf3b4,3f9d23994ed6493b7fcc1ca6cc83dd69086778c2c922b291574b6276a25ed0ab,0241062303064102,234.05569907407408,55.958313799303276,23.620960115060072,0.06747452329160106,21.92574341693879,
12463,/localhome/local-lintran/MLA2/data/raw/original/images/12463.jpg,1800,2400,0.75,RGB,367880,1f384816dffe6495c5a693a79ae3cbc35ed924947b33625b70bd30beebf8b956,1f384816dffe6495c5a693a79ae3cbc35ed924947b33625b70bd30beebf8b956,a1f779ef93e55f7d965317d35a918acb4f7ad2327b6d3a3e533cc427324dd1a7,4d970d4d0e173313,213.8269699074074,70.30929911189256,28.690689217641975,0.09706532773909705,45.10996873480164,
12473,/localhome/local-lintran/MLA2/data/raw/original/images/12473.jpg,1800,2400,0.75,RGB,364871,0b6b3a429614f88978dcf2522a12c12a84d7d425ad9d420a3fc121085d986e30,0b6b3a429614f88978dcf2522a12c12a84d7d425ad9d420a3fc121085d986e30,5af41d6d427ebc81e628266a28ac5dd6335515629f6130201ceeb9b7b9b039fc,0028435c4f030001,227.09497453703705,62.0638921403991,2.0931016773281352,0.009754436318501931,17.311348340628545,
12496,/localhome/local-lintran/MLA2/data/raw/original/images/12496.jpg,1800,2400,0.75,RGB,356361,b465761be6d4ead24da0dbbd25eea66a81a693626d8f13b39be3758292d41986,b465761be6d4ead24da0dbbd25eea66a81a693626d8f13b39be3758292d41986,c1b9e90bf0a1da1aaf832d64ff10b3ce28fc0fcb33f0747cbb65a7e57f3d72d7,4d4d161d1d320e8f,220.71234953703703,64.46024605930366,25.222327042895575,0.06860290349817108,24.5636103198314,
12536,/localhome/local-lintran/MLA2/data/raw/original/images/12536.jpg,1800,2400,0.75,RGB,372174,107a32381fa7dd2dd5e91a1765584d7590b59dbf2cd44c75e4433cf23f3a74bf,107a32381fa7dd2dd5e91a1765584d7590b59dbf2cd44c75e4433cf23f3a74bf,176da9896be05447a1df63aa107a7ebc84ed6fd5bb5359293a07515d78382463,4f1d163f2d2f2e2d,186.3662324074074,88.27572144952924,21.676563105563787,0.08166732332440058,31.572323583223326,
12576,/localhome/local-lintran/MLA2/data/raw/original/images/12576.jpg,1800,2400,0.75,RGB,712162,a604eaf0fdec79ca13336b41a0db4c36eb7682fa8a0dee03e56c8e8e95b67b01,a604eaf0fdec79ca13336b41a0db4c36eb7682fa8a0dee03e56c8e8e95b67b01,27ce842ffc34ca7870e83ac60f7171c5f3881aa3194611cdf8b8b9e3fcf93d31,0f1d1717960e0e16,188.9741087962963,89.2706137130306,30.51814997483615,0.10697992230322763,33.336961949095624,
12595,/localhome/local-lintran/MLA2/data/raw/original/images/12595.jpg,1800,2400,0.75,RGB,358558,95ab402508362ea86a0758ee58a94a8a4fb02def861ce85f651a5cf8e045e144,95ab402508362ea86a0758ee58a94a8a4fb02def861ce85f651a5cf8e045e144,2df3b7657f2bcc9071485a05362d793471333a48dfb67df36e04095fcd7c8191,120096168d8d0800,220.78260810185185,76.91927379880053,11.196039350688286,0.04178927141469676,18.902689501841174,
12608,/localhome/local-lintran/MLA2/data/raw/original/images/12608.jpg,1800,2400,0.75,RGB,356840,2989317c147838ac3800f2aed39a210631929a5c2008d794eb1a16b9d0682705,2989317c147838ac3800f2aed39a210631929a5c2008d794eb1a16b9d0682705,4f9657c23a4ddb22f2af36a5e47804f9124a3f31f98cb690924d0cade19d06b4,0d4417978e231697,211.28142824074075,68.737800567439,50.25466168073826,0.14593398447543063,31.79188448088191,
12620,/localhome/local-lintran/MLA2/data/raw/original/images/12620.jpg,1800,2400,0.75,RGB,363792,06444c074c9613c35f32e3d8209b1d28935b05662664e18f63398adb5a09dc3c,06444c074c9613c35f32e3d8209b1d28935b05662664e18f63398adb5a09dc3c,71245506c7bfd6ff61a8a35826d7baef98f4b3ed8b9228aceb6152a1c7cf21fb,0f4d06330717070f,202.3083025462963,69.85057115048672,69.1382196895995,0.21149668008692155,30.487308645406333,
12670,/localhome/local-lintran/MLA2/data/raw/original/images/12670.jpg,1800,2400,0.75,RGB,369981,7981556583c26c92f8acad9f8efe5b436d187c50ebdefa021bf3222c80f9485c,7981556583c26c92f8acad9f8efe5b436d187c50ebdefa021bf3222c80f9485c,efb0652bff810b0a856a83e722970ceb1519c16bd42a650610f4900d6d542939,8b0b0f069696b6b6,218.16561550925925,61.75464328751246,56.301309867536574,0.13368483214737836,76.21918837860997,
12759,/localhome/local-lintran/MLA2/data/raw/original/images/12759.jpg,1800,2400,0.75,RGB,378234,0638643e77f3b7e91d548699559f303194e1796896a5d23cb9cdc6dcdb79ce3c,0638643e77f3b7e91d548699559f303194e1796896a5d23cb9cdc6dcdb79ce3c,fc5776455dabd028acf6f5fb90b5a1312c4c9560531c9312130a52b874d605f0,9d0e0e9695154556,214.88244791666668,69.24106447751888,27.633477975773715,0.09948595689654191,46.70401503045462,
12788,/localhome/local-lintran/MLA2/data/raw/original/images/12788.jpg,1800,2400,0.75,RGB,346317,40cebaee0b6d429b178ddc76635554effec3bfba9f66fd5d4e23353099202521,40cebaee0b6d429b178ddc76635554effec3bfba9f66fd5d4e23353099202521,02fb130d663b9aab25705e067a8fd766d9d5ec5b048bca5b3ca84cf1bf3e6c4d,0d05161616968687,202.1745178240741,76.24703927015308,59.29464680038777,0.20980076360741953,34.68690393478311,
12798,/localhome/local-lintran/MLA2/data/raw/original/images/12798.jpg,1800,2400,0.75,RGB,375388,e7194b0815fbb84b6cf6f847905da8a3daa92d9f3388297c2398a7f2422a8928,e7194b0815fbb84b6cf6f847905da8a3daa92d9f3388297c2398a7f2422a8928,9c48db8a37b1664b06bb83d1cf269823a5c102577ec30e8a465a937723c6fe6a,941f5b4706161206,185.1366875,88.03837870418036,84.78133131973033,0.2134688741820989,38.24662474814146,
12856,/localhome/local-lintran/MLA2/data/raw/original/images/12856.jpg,1800,2400,0.75,RGB,519393,bdd8445801c958192387ecba6e9ad74c767ba20a1f97e3115cf76dcaa744e20b,bdd8445801c958192387ecba6e9ad74c767ba20a1f97e3115cf76dcaa744e20b,52035abc52248aaa383d0aeca8d080f69a40b87d5f678d2cd4dcbcb112de3b77,2804292c07034001,215.63480300925926,77.86886669801918,4.216772277761107,0.017082588798187935,15.700732300423818,
12864,/localhome/local-lintran/MLA2/data/raw/original/images/12864.jpg,1800,2400,0.75,RGB,302681,d3fe84a6cf8e0f9c29a21f55a25c894b668c0edcb9a45973ed94f4e8fdcf9c4f,d3fe84a6cf8e0f9c29a21f55a25c894b668c0edcb9a45973ed94f4e8fdcf9c4f,3030b1decd8583b28b7b00dd623b3b2970bc0f8db738f854969ee0bb8caa2897,3804391c0f034001,222.77667453703702,66.40179374317886,5.173649001533572,0.015637832800218483,18.220929386970518,
12892,/localhome/local-lintran/MLA2/data/raw/original/images/12892.jpg,1800,2400,0.75,RGB,372172,eb0e68b3c283bec1b51d9aae51df124e46331d19e2e30760a1b60d530a550ab2,eb0e68b3c283bec1b51d9aae51df124e46331d19e2e30760a1b60d530a550ab2,f14c63151c2b5ad248839065e73fa8d56497a07cea48db97cfd87a6722811a16,204c203e4f0f800c,232.8993923611111,61.35009844162796,21.746558186396587,0.033175111639107996,22.005865582806457,
12919,/localhome/local-lintran/MLA2/data/raw/original/images/12919.jpg,1800,2400,0.75,RGB,738217,a1107d4305236648c55898cf2a7185d15f350db85d66b5e4b4fb01a20c046438,a1107d4305236648c55898cf2a7185d15f350db85d66b5e4b4fb01a20c046438,b92d6195ea8140ea72c2912f913695809ef193adf344b9a410849e9c72f2567f,5004715c4d030001,234.52971435185185,53.09010299953974,21.49085847137377,0.036783509210560394,21.483681650802474,
12941,/localhome/local-lintran/MLA2/data/raw/original/images/12941.jpg,1800,2400,0.75,RGB,322481,99ea662290f4da00c99881926cf4d82fe461d4e5c6cdc9271c388c2a2c47a6c4,99ea662290f4da00c99881926cf4d82fe461d4e5c6cdc9271c388c2a2c47a6c4,ed9b9770487de2629aaa3f44e3b21648ac4dfdd4f416d41db48cf09e4eb608f8,0f4d0f23230b2f37,216.4098800925926,53.287458427143164,34.82604157387899,0.1169036614966512,128.62323351629263,
12956,/localhome/local-lintran/MLA2/data/raw/original/images/12956.jpg,1800,2400,0.75,RGB,633939,c6bfaee35c68e4bea06788672ca548e6503c593fb57e2542d12d6db822fd58d6,c6bfaee35c68e4bea06788672ca548e6503c593fb57e2542d12d6db822fd58d6,5507e1c6533baeac790f3c6f569032c304c39c85a5008b12cd91603310c01bb8,04335c670b074009,211.16643564814814,75.14846361018515,50.75851991469177,0.1359807447539391,10.170490284629102,
12957,/localhome/local-lintran/MLA2/data/raw/original/images/12957.jpg,1800,2400,0.75,RGB,528179,e0daedf94bfa8bd54eccc89f4aa7171495805142aea027820592eb9811087297,e0daedf94bfa8bd54eccc89f4aa7171495805142aea027820592eb9811087297,2d498dc5b59ea16bc6eae34ac597754c7aeccc85235656383de5e3632419b87a,1846390e07038001,218.41245671296295,70.21595918404773,12.684399269730365,0.028796126865199455,15.97404756942032,
12958,/localhome/local-lintran/MLA2/data/raw/original/images/12958.jpg,1800,2400,0.75,RGB,539688,9aab6ceeb8d02c2d394660df9233fd03f78175cc8c79ae86cfcf7f80b6ad5b63,9aab6ceeb8d02c2d394660df9233fd03f78175cc8c79ae86cfcf7f80b6ad5b63,dcc6a10a27d25e8533d47f7f79fbe7e961b9e432dcf22ba320e3234154d95f6e,04731c6f03074011,201.05793680555556,90.69617304057647,30.312187499969315,0.05553047723192142,15.641834456564533,
12961,/localhome/local-lintran/MLA2/data/raw/original/images/12961.jpg,1800,2400,0.75,RGB,517245,cc4e7ab07e49ff03af6e63463e45ae9bbf380ac3091d33df1ce37d10975c95c2,cc4e7ab07e49ff03af6e63463e45ae9bbf380ac3091d33df1ce37d10975c95c2,99d2f6ba8ae4c3f3117fa3f6cce9956be2fcd4105895ea9f85d5cefc57544428,200a197e1b034009,218.88518587962963,70.23578806344874,9.584292226666028,0.04217997078459398,11.631482433590403,
12966,/localhome/local-lintran/MLA2/data/raw/original/images/12966.jpg,1800,2400,0.75,RGB,551296,feefcdc1db89c48a3547ae5d0f1a98c4130fd92bcc69d2f168b335c3de991a3e,feefcdc1db89c48a3547ae5d0f1a98c4130fd92bcc69d2f168b335c3de991a3e,acedcb8e521d46d22227f26dc75f1e6cabafdcdce3f2afe6acdc476a4250c9ea,08022d1e15030009,233.78790069444443,46.54067196037753,23.482809321721586,0.03506603563623179,33.31666620347854,
13097,/localhome/local-lintran/MLA2/data/raw/original/images/13097.jpg,1800,2400,0.75,RGB,399627,fed5e5bc9939449a28a445bbb7b7a746bb6cdc52c81007c89ba2573f22f858ef,fed5e5bc9939449a28a445bbb7b7a746bb6cdc52c81007c89ba2573f22f858ef,dee93f18be7374faf456c697dc7ed0f621a1f3a750244b036ba3f9ea83216627,0f4d97333b2f0f1f,166.97541944444444,100.53731363445776,27.757389225179868,0.21719732527724225,37.35148718126867,
13128,/localhome/local-lintran/MLA2/data/raw/original/images/13128.jpg,1800,2400,0.75,RGB,263135,ea74d914c498f5dba96742051f702bafb18960e419dea2d6f5d5f3d6ef7f05b0,ea74d914c498f5dba96742051f702bafb18960e419dea2d6f5d5f3d6ef7f05b0,11ed74286ba1e42c08e46a4b986a0ad1c7a9286c552e00e7415b18dd019ee252,1846191e23074011,223.55202569444444,64.57904944783856,12.683481734666415,0.04802466701446237,22.201444452164246,
13139,/localhome/local-lintran/MLA2/data/raw/original/images/13139.jpg,1800,2400,0.75,RGB,239973,02700f1484973e534a30122a0d6f0d323d599471fd869e70a44e6b555d316b81,02700f1484973e534a30122a0d6f0d323d599471fd869e70a44e6b555d316b81,53bd4374184d77543630754b8012883aabd56f91bba11b3e7e6859a5cb0ad905,2887183f0307400b,210.448675,81.78336181873428,7.787549684604269,0.061280135209198984,5.5214342620255215,
13146,/localhome/local-lintran/MLA2/data/raw/original/images/13146.jpg,1800,2400,0.75,RGB,120233,108f8763fa77f3e7a3b5d629a43e6234e632b120379ec393d142c42252524164,108f8763fa77f3e7a3b5d629a43e6234e632b120379ec393d142c42252524164,75cee025d19353c3057c3f40129b23d03eaccaed3db74bc8d09a866871cf2594,4034333c07032003,226.23404074074074,69.45448723888802,6.712016722970399,0.03759025914794799,10.570559299659557,
13163,/localhome/local-lintran/MLA2/data/raw/original/images/13163.jpg,1080,1440,0.75,RGB,251356,93376f74bf7371c8c4d0191e98df62806a31f9b940141f8a6e7d9f25927bee9f,93376f74bf7371c8c4d0191e98df62806a31f9b940141f8a6e7d9f25927bee9f,4bf2680ecd6dfabe6e86fe61f79b65cde5f69e97b018730ebb7c2c9b0c39110f,0800483e3f0f0011,245.52291602366256,26.523973952800958,7.343913885757992,0.009896627545408475,61.17474934682163,
13199,/localhome/local-lintran/MLA2/data/raw/original/images/13199.jpg,1800,2400,0.75,RGB,445639,a707954dd92ac756bee9b3e8e21f333af8ffc790ca76892c33a6d3898dc2be27,a707954dd92ac756bee9b3e8e21f333af8ffc790ca76892c33a6d3898dc2be27,fdf8c4e859f201f5ab7e2cd4f9d5f322c63951a6c7d42acd44636cee993820ea,001a1d3411030011,241.91132268518518,39.0054240736743,9.091047597195535,0.014054617685917913,37.954979967113644,
13203,/localhome/local-lintran/MLA2/data/raw/original/images/13203.jpg,1800,2400,0.75,RGB,346563,b860178acbc0cf31862b682bfc16f758c310d02bb1e2697364cc0335c3eb5536,b860178acbc0cf31862b682bfc16f758c310d02bb1e2697364cc0335c3eb5536,2e70239e25793654b9e725451073fa4a766e9ad383506836f11209fbb662b92d,0802583e15030009,234.97216898148147,50.198562423797455,18.398137036069503,0.024158809119549395,76.10090483799995,
13221,/localhome/local-lintran/MLA2/data/raw/original/images/13221.jpg,1800,2400,0.75,RGB,331834,b8b2fe80d78effbfee645c45337339f492bfcefcdfc1b71dba5fceb75f1011a6,b8b2fe80d78effbfee645c45337339f492bfcefcdfc1b71dba5fceb75f1011a6,0157348b78265f924ed32239ce358c8a99f4e9169b32de29635f87b0a58c5c7f,320096960c0e0000,228.95895439814814,60.79219030106713,35.1980228411389,0.0988217681347044,20.16741541026888,
13229,/localhome/local-lintran/MLA2/data/raw/original/images/13229.jpg,1080,1440,0.75,RGB,176875,ea764571b26c259ac3389f9346e6160d35e3b35ac41157e18e14a49ef05f3e70,ea764571b26c259ac3389f9346e6160d35e3b35ac41157e18e14a49ef05f3e70,e928904de461e13a91a6d3ca49ef5922f0e04ac521e703837d7b3d65e5ede4d5,200e8e8e4d4d4d00,213.7878973765432,86.11218048695471,3.547974740174596,0.045910566950041816,25.053686757532464,
13241,/localhome/local-lintran/MLA2/data/raw/original/images/13241.jpg,1800,2400,0.75,RGB,338792,ebe5a63c030abda2b68632f463a758635834b2a52b6532d367342868860d0dda,ebe5a63c030abda2b68632f463a758635834b2a52b6532d367342868860d0dda,7ecdcf114e519b2e3e521a52f107531d9e974ee08ab81aff219f7143794d2e6c,0000061604060600,252.2769576388889,9.226927243910035,3.9158936768703816,0.0021198623913956066,3.9216058732254107,
13263,/localhome/local-lintran/MLA2/data/raw/original/images/13263.jpg,1800,2400,0.75,RGB,400122,e220af1c4c290d5610ceaf79487ab1523bf12632f2487bd5bead31fa6260d84d,e220af1c4c290d5610ceaf79487ab1523bf12632f2487bd5bead31fa6260d84d,14f5643af1f224bb3c96c0509aded6ea356ed6979bf8036d9a2ff66aebb22eb4,000806062b131000,245.93799166666668,19.754385585839024,23.127010348339763,0.04636647173492861,6.418948099770722,
13339,/localhome/local-lintran/MLA2/data/raw/original/images/13339.jpg,1800,2400,0.75,RGB,323816,2f5bc8d120698e5ec8f667035ea19e4e1d6e3a51bfac30c21d81ff06b59e8b4c,2f5bc8d120698e5ec8f667035ea19e4e1d6e3a51bfac30c21d81ff06b59e8b4c,be8447b856bb5424a2843258521fa61b9feb8eda064dff4bf378e873fc6223ba,1200969617070032,208.02494930555557,87.84646292856604,5.149109682984887,0.05322082376588433,13.916807939044443,
13358,/localhome/local-lintran/MLA2/data/raw/original/images/13358.jpg,1800,2400,0.75,RGB,558985,dd2b51107d5bac1b0c37fe3ce1cd0bdfa4bd2b394d8f183aad2bad5477a906ab,dd2b51107d5bac1b0c37fe3ce1cd0bdfa4bd2b394d8f183aad2bad5477a906ab,14612bfe7173a23e62d3e32cbec25d429ee0cfe30e696604b3ff2ce53b8010a2,2c121d4e1b03400b,215.4602539351852,70.27091311469172,11.841437498591931,0.04730030506009765,20.266364899603975,
13359,/localhome/local-lintran/MLA2/data/raw/original/images/13359.jpg,1800,2400,0.75,RGB,256909,917e912a8e9987a661a055c861b226991a7fd5360587deba661930fc97bafe46,917e912a8e9987a661a055c861b226991a7fd5360587deba661930fc97bafe46,26ca754dd10ac71390629dc50fb960a08fee33f565ff3cfbb3ab1c8e77bd38bf,0804382f03070002,239.5671662037037,41.840046354884194,17.42758128680385,0.029654845685578673,18.086706269251255,
13367,/localhome/local-lintran/MLA2/data/raw/original/images/13367.jpg,1800,2400,0.75,RGB,603713,a4256494cca94c4078b230eb1f170acde44f36de38f4f3f5eeaa207189952014,a4256494cca94c4078b230eb1f170acde44f36de38f4f3f5eeaa207189952014,d05f08d74eceff0324e30a95977dfbd1d92a0c89e4dfab58ed437219996e44d6,6c321d2c07034009,212.23860462962963,76.09930981556136,15.93904358578094,0.07410788582249421,17.11778156048079,
13387,/localhome/local-lintran/MLA2/data/raw/original/images/13387.jpg,1800,2400,0.75,RGB,842588,6f79465c45290748cf92f18eb15ee5a79dfbdb6b26e41f5990b974471912c3c2,6f79465c45290748cf92f18eb15ee5a79dfbdb6b26e41f5990b974471912c3c2,3752f475bfdf876d448bf698cc9bdc55190535ef9081b024c7e7cf684da810fd,1842391e43030001,221.08303171296296,64.89986905014048,22.67639767111347,0.05573991532096782,21.317677343152923,
13395,/localhome/local-lintran/MLA2/data/raw/original/images/13395.jpg,1800,2400,0.75,RGB,338425,82136034dd361a25f16af4429694e5ee8ea03804a275a0da24a07388c5dcad16,82136034dd361a25f16af4429694e5ee8ea03804a275a0da24a07388c5dcad16,2f3e12e42e6b88e2f37504e93579d73129d9b442d3d4d79f96fc92a36ae8ab79,9e0d06330707070f,209.2883712962963,64.2021413832839,35.22595821839176,0.12228961454044865,79.05958023576275,
13418,/localhome/local-lintran/MLA2/data/raw/original/images/13418.jpg,1800,2400,0.75,RGB,350246,47d81a027fc8ec09b77d6dd276f0438003e72250f3e707e49ecb8bbaf2c56f6c,47d81a027fc8ec09b77d6dd276f0438003e72250f3e707e49ecb8bbaf2c56f6c,613d6cb61bb0f3c03f0f53dfc3d54d2e23c21277e2b75dadb4a8c571869058ef,4d4d2f3333632333,234.12287453703703,40.57691770525774,23.57728792723672,0.059787642593492465,8.410818916602977,
13427,/localhome/local-lintran/MLA2/data/raw/original/images/13427.jpg,1800,2400,0.75,RGB,391602,f128b232d3e614267cd4a65e7a4ae658cf569671c7cce4d1006188520374fee3,f128b232d3e614267cd4a65e7a4ae658cf569671c7cce4d1006188520374fee3,1da2515daa3ffa0f7bfe301713ebe3e3deaaca2a6f23c82df8c286f8241d6eef,0f4d973317070707,194.7452240740741,76.81414000970962,72.96161363251257,0.24426846831227725,19.769985177980036,
13442,/localhome/local-lintran/MLA2/data/raw/original/images/13442.jpg,1800,2400,0.75,RGB,316428,d92c0f2be02b210bbb42095991a18298d83c38740b02674860b5ccbad9151a6f,d92c0f2be02b210bbb42095991a18298d83c38740b02674860b5ccbad9151a6f,73725067f25d048561eed99f6ed99981ba8f775c61402598c88c9c968bce53b5,0d46063232338f97,222.69404583333332,62.28638152541357,33.95920158147853,0.11397716187787231,23.571294147618055,
13459,/localhome/local-lintran/MLA2/data/raw/original/images/13459.jpg,1800,2400,0.75,RGB,320098,f78ed2405b716846fbb7e1f4362bc349cdfc5ea921298ccdc9a1b36c91386866,f78ed2405b716846fbb7e1f4362bc349cdfc5ea921298ccdc9a1b36c91386866,6ebbd62971733f50427fb127b3ef90774039384f5c7a4850275d8dd4b7b06a7d,4d0d0e332307070f,210.74941296296296,58.41912706126165,56.07496590938675,0.1844744111902055,78.47032596864216,
13467,/localhome/local-lintran/MLA2/data/raw/original/images/13467.jpg,1800,2400,0.75,RGB,350757,b6bdb84eb5bd27c9075aadafca471d5641efd8790875f53860ca1a520621df1e,b6bdb84eb5bd27c9075aadafca471d5641efd8790875f53860ca1a520621df1e,e0f46544b6c12d63293ca77ee7d00ad187411ca66b55666694ed7d3d74e56fde,4d4d0e3723232b0f,231.7214013888889,44.960854794280834,25.64850789118475,0.057632337917644036,16.190643252507005,
13490,/localhome/local-lintran/MLA2/data/raw/original/images/13490.jpg,1800,2400,0.75,RGB,291052,44980153c58a6709faa3b7cfbb28c562d78fde221eb25b501d4ba1ec59e9552a,44980153c58a6709faa3b7cfbb28c562d78fde221eb25b501d4ba1ec59e9552a,c68192598b2a0cfdf20cc45da3c8b4cf5f6f225e1996fea767b549825443c3df,1f0f079616165612,215.83225902777778,59.75452056162422,55.42790093486489,0.1484839693689652,17.38950392551935,
13499,/localhome/local-lintran/MLA2/data/raw/original/images/13499.jpg,1800,2400,0.75,RGB,407608,40020d9b246390286d18e041349a8adb3e434617ef7d68b116cd90257bc53b75,40020d9b246390286d18e041349a8adb3e434617ef7d68b116cd90257bc53b75,a162985448ff20ddb65f0c538f7f72b07e4339b8b87315eeb841324ed7e3bfe1,4d4d0e172b2f1317,219.03418055555557,58.42078489386759,49.17295219264977,0.1582881164277542,37.09636235206929,
13508,/localhome/local-lintran/MLA2/data/raw/original/images/13508.jpg,1800,2400,0.75,RGB,370023,ed7e3672271fd94e28794d5678a217ea1aebd5e3749525af238abcad883e5206,ed7e3672271fd94e28794d5678a217ea1aebd5e3749525af238abcad883e5206,383fd0bb24f70fa398261c8470c61daaee25987d485f3f41c5e90c2b89e584f0,0d0c1e2f232b0716,221.74852685185186,52.125236904659445,33.197112522032356,0.09076891115351059,26.52416614558003,
13541,/localhome/local-lintran/MLA2/data/raw/original/images/13541.jpg,1800,2400,0.75,RGB,345332,9d8235bd0ada8b88dbbc02747de388a2d02ac05bc6a1bbf5242cfe67ca7b742e,9d8235bd0ada8b88dbbc02747de388a2d02ac05bc6a1bbf5242cfe67ca7b742e,0f7fab25affeeb49fe786fd46488f5b9d3c97aa9a8713621e7ac98793bea051b,10241b1c0f074009,233.94593402777778,50.088796353652626,17.790131940833195,0.04306240173979177,6.553015586280368,
13557,/localhome/local-lintran/MLA2/data/raw/original/images/13557.jpg,1800,2400,0.75,RGB,356178,e45d4f531ad4387532995e7fb3b9cfa2f34687c42ad6e39195cf8e83d909ecc4,e45d4f531ad4387532995e7fb3b9cfa2f34687c42ad6e39195cf8e83d909ecc4,dae82338a366564a066d2582589a903fa97d41e56dba95a59edb9a543f3aa3ae,1004183417032001,240.26794814814815,37.769169073380574,20.14249338212025,0.04813577288874582,7.7377940665601335,
13630,/localhome/local-lintran/MLA2/data/raw/original/images/13630.jpg,1800,2400,0.75,RGB,388805,986ef4bcbae5eb0580b10ac9b7b9a3a534775e36727c917f31b0c15f77dc0d3e,986ef4bcbae5eb0580b10ac9b7b9a3a534775e36727c917f31b0c15f77dc0d3e,6757dba4c8b99a5235556a1b4bd08882610b4795868b7aaa88d42dd4ea1bb595,2b0f96965656065b,214.92685092592592,73.7747583906708,26.8581795094404,0.08271073178962177,13.042437295907733,
13632,/localhome/local-lintran/MLA2/data/raw/original/images/13632.jpg,1800,2400,0.75,RGB,354376,80107592e18ee4b32dbd2a99cd54f1d3a51549e0b9bb28ad53474f0d9c54a850,80107592e18ee4b32dbd2a99cd54f1d3a51549e0b9bb28ad53474f0d9c54a850,a96ff41ac9aaaceed3090134b115aa2749dab328c5849f7dfce682648f9abf82,0f0f8e9696964657,207.53010671296298,72.72614078700326,55.84264779592648,0.1951384964338599,14.776041825887583,
13668,/localhome/local-lintran/MLA2/data/raw/original/images/13668.jpg,1800,2400,0.75,RGB,401042,689a439765294edc18009c762518dc24590bda475f64822be5574c2add88da14,689a439765294edc18009c762518dc24590bda475f64822be5574c2add88da14,964ec70dfd4910fdb5149c4f6238391750f1db0fa82e081ff58bb0c5147ffad9,4d4d0f3323171797,208.77733958333334,74.13629037040594,30.03046767102941,0.09626943293946641,35.85495402857871,
13703,/localhome/local-lintran/MLA2/data/raw/original/images/13703.jpg,1800,2400,0.75,RGB,135818,6ccbfa193e1f373838a9b4a5a383d81c48d99ed57a7c067208d120556abb0593,6ccbfa193e1f373838a9b4a5a383d81c48d99ed57a7c067208d120556abb0593,89e728c19d584c44589db403cf4ff412428ac3be3b71c579e19c284f8d3eab02,0806390e07034001,214.5227224537037,78.21756796474644,12.866040279963135,0.02664442060084412,6.465354454711782,
13706,/localhome/local-lintran/MLA2/data/raw/original/images/13706.jpg,1800,2400,0.75,RGB,519331,5466081c0427d35da373880d73bf6465e5e2733ae2e4c344ee037fa11b7ee9d3,5466081c0427d35da373880d73bf6465e5e2733ae2e4c344ee037fa11b7ee9d3,58810a73733cd98818f67c302d541c3ee8cfcae78e821b87313e49d1daab8c0b,0f4d96960f171716,197.57783958333334,78.51420062213332,35.641122767297205,0.13873078666861158,34.42029898793395,
13714,/localhome/local-lintran/MLA2/data/raw/original/images/13714.jpg,1800,2400,0.75,RGB,347824,c2d906cae56fb96948f203f0bfc1e94155d5da3093fc128fc7f8b77ee2074856,c2d906cae56fb96948f203f0bfc1e94155d5da3093fc128fc7f8b77ee2074856,64c5ebb75ca9c9f3258ab0472a855b3f3a501d3d97484d17b4530f889b542b73,4d4d969696171f97,189.68981550925926,89.52939333794981,21.0040027151905,0.0625297895689544,28.687132633919266,
13749,/localhome/local-lintran/MLA2/data/raw/original/images/13749.jpg,1800,2400,0.75,RGB,321686,8e3db5625686aec67ce1b731d87a4113927a8f1b3401972f799bbf7d91581af8,8e3db5625686aec67ce1b731d87a4113927a8f1b3401972f799bbf7d91581af8,3d4f28c00d8aa4fb4dc8deef23cfefeaa882eefcd1c57e4988d138cad2ba9269,0f4d0f3313171717,210.19697106481482,70.83097221124645,31.456284194197945,0.11796002152837855,69.29134961439588,
13800,/localhome/local-lintran/MLA2/data/raw/original/images/13800.jpg,1080,1440,0.75,RGB,242909,ef33e3fd4a34e2d917a6ec44a5f564be13c9364cfdbca0d46e2ed8e4448022d8,ef33e3fd4a34e2d917a6ec44a5f564be13c9364cfdbca0d46e2ed8e4448022d8,e9844d53a3dc8b2de70456b5aaaec308b86850dccb979d3cf75e4c1962ce1b03,9a1c0f1b9b9b9796,205.0237917952675,62.83219816675134,16.249234651718748,0.045446098200014516,31.733795384635187,
13802,/localhome/local-lintran/MLA2/data/raw/original/images/13802.jpg,1800,2400,0.75,RGB,375149,51aba36bd005516ab19bf16fbc0ab2d86024bec5aea6b8276f3caea7d3cbf24c,51aba36bd005516ab19bf16fbc0ab2d86024bec5aea6b8276f3caea7d3cbf24c,7954ed02b7902cb5ed1ae036a9a6ff85c7f1fff25a4e13397b1f8db140c25a4e,4d4d0f1333332b0f,220.2920113425926,50.73234936149625,30.165246418572412,0.08581315949924888,25.653740244100142,
13803,/localhome/local-lintran/MLA2/data/raw/original/images/13803.jpg,1800,2400,0.75,RGB,387411,79b8586a78c6cd62409114478c0933b95b1aeeacbb8d1afa9d1c4aa55cc59ac6,79b8586a78c6cd62409114478c0933b95b1aeeacbb8d1afa9d1c4aa55cc59ac6,025c1ff37d2d3a9c8fc9e41179873fe3fe0853f51e0cb9ce3543add76e971e68,0f0c969696170797,187.8641414351852,91.46985965887987,26.343955314060583,0.12824703009420718,36.98234419509484,
13804,/localhome/local-lintran/MLA2/data/raw/original/images/13804.jpg,1800,2400,0.75,RGB,390655,550c8b536562a843bb0f789fd89b6183693572898d7108ce6c9e025464461b78,550c8b536562a843bb0f789fd89b6183693572898d7108ce6c9e025464461b78,8492f0d647e29650cecd4cac69b09a2e92408aca5c9d5db6d72b9dc224726c87,4c46064d0e373726,204.22900833333333,81.85080350743597,18.7283481011736,0.07146832687113554,99.86695036939253,
13835,/localhome/local-lintran/MLA2/data/raw/original/images/13835.jpg,1800,2400,0.75,RGB,321435,206bf66302e26743eb61ba9fdf55b278515c464029ab3d8847f5216aee3d33ea,206bf66302e26743eb61ba9fdf55b278515c464029ab3d8847f5216aee3d33ea,58f4ef38713d5e4487bd3c8176a875cd53ac19287977f4e420742e5531b50105,0c224d8e334dcc22,203.44346180555556,88.28889053475808,4.405314503593261,0.04138923566763631,10.369310312883577,
13860,/localhome/local-lintran/MLA2/data/raw/original/images/13860.jpg,1800,2400,0.75,RGB,1261945,9e18e8b0d9c71337e2a3f55fce6ddb7d61f16021bc8f4d763c860b68ac50dfbd,9e18e8b0d9c71337e2a3f55fce6ddb7d61f16021bc8f4d763c860b68ac50dfbd,f7665224add7422ca2748b5e0e5de560a25f25ec9f974299b906831d158983f9,4d4d8f133307070f,208.69414212962963,67.33047089996684,31.055244277572612,0.1077844800441789,139.90990064614743,
13870,/localhome/local-lintran/MLA2/data/raw/original/images/13870.jpg,1800,2400,0.75,RGB,381516,f5944af1c7387b674ac54c93ead42e3948aebd850344f47a461992b8f65f4e3c,f5944af1c7387b674ac54c93ead42e3948aebd850344f47a461992b8f65f4e3c,9506c772ee4dfae852d0fa00fa0f3ef5582220182852ae578cf29ccff5f65cfa,4d4d0f3333232b17,229.32628842592592,47.7730764844492,29.326563722484494,0.09240753708770374,14.646068690798767,
13891,/localhome/local-lintran/MLA2/data/raw/original/images/13891.jpg,1800,2400,0.75,RGB,351260,1afd678894990398e3858d56d3b1118ec944e612c37963d0c630f3c7fe3e431e,1afd678894990398e3858d56d3b1118ec944e612c37963d0c630f3c7fe3e431e,9f0d78101c2692cdf630d4a1b0b7f7a408acd022d9479d77ad2c0b7079f3af56,00072b1316960e00,213.89830185185184,54.028039373136444,81.60500790230356,0.2500202025926288,12.656304685147873,
13905,/localhome/local-lintran/MLA2/data/raw/original/images/13905.jpg,1800,2400,0.75,RGB,544125,f8036986331ba9b0d83af3a78bbef74a02a6d6e68704a762252fcf4f9b0d80e1,f8036986331ba9b0d83af3a78bbef74a02a6d6e68704a762252fcf4f9b0d80e1,b23d5e2b7fda701713f2faeb3b4bdf8c2874ea4f61d20280cd75164cdff31225,0832393e07034009,225.04311736111111,56.91803166912587,23.277569852861806,0.03432420200142765,15.107772759906435,
13909,/localhome/local-lintran/MLA2/data/raw/original/images/13909.jpg,1800,2400,0.75,RGB,207024,2129823b677b1ec697177d7f83d724769de830a8a070d04653fc3ecda1e69b35,2129823b677b1ec697177d7f83d724769de830a8a070d04653fc3ecda1e69b35,bc40888565e59c4e43494bab93b6f505831fa56be78bea837a5509fbff0286d6,003b1c3f03032005,203.62754791666666,91.89386792427723,7.359051859686936,0.04745778144586215,48.99890270733459,
13968,/localhome/local-lintran/MLA2/data/raw/original/images/13968.jpg,1800,2400,0.75,RGB,176385,bfdcecad2349d209d0090a12d70fbdec79a97aea60d95b589f8dafa18bb19c62,bfdcecad2349d209d0090a12d70fbdec79a97aea60d95b589f8dafa18bb19c62,efa25d9f987a09dffbd1df6db9d2c97684bb8e6aaec50c236377171483a97a91,1004301e4f094004,237.31506319444443,51.65724612367228,11.365340400027817,0.021517467004028838,20.778566664350727,
14020,/localhome/local-lintran/MLA2/data/raw/original/images/14020.jpg,1800,2400,0.75,RGB,343741,a40315363ed8777e5bb1aecfcda8c0d12c15df5b70081cc15e5d80d87c7174ae,a40315363ed8777e5bb1aecfcda8c0d12c15df5b70081cc15e5d80d87c7174ae,0720ee25fa9fdd487d8ed2e5dd519bab2456f1b26073e1834b0bfc8ffec0515c,0c0f2b5716161616,181.85078587962963,86.24886046057729,62.31845258717572,0.31549430152182856,64.23182496120799,
14026,/localhome/local-lintran/MLA2/data/raw/original/images/14026.jpg,1800,2400,0.75,RGB,326390,cb2886d6492b687d4b5a5fff8026f6db194c799dcdfb927fef6b903979f7a3ff,cb2886d6492b687d4b5a5fff8026f6db194c799dcdfb927fef6b903979f7a3ff,1611f9ba5b7cbc41fd73b80e4b536f68c831fddcf8068fef902e659aff430d88,94176b1716161606,186.91413773148147,76.744571596752,10.154427054243001,0.055134406592942636,11.442713587623613,
14049,/localhome/local-lintran/MLA2/data/raw/original/images/14049.jpg,1800,2400,0.75,RGB,642886,d4ae8c4f8d46befdefd4518bd3f15bc27cedc98877e8bad1b80263f036c082b0,d4ae8c4f8d46befdefd4518bd3f15bc27cedc98877e8bad1b80263f036c082b0,7134a8b1a8800dc1816d7605d2f5efec598b563a22636246a005585afbf6f8eb,0f4d962b2b1f160e,188.1084835648148,83.30692521606504,29.06267912999235,0.12615502730625539,49.62675166168739,
14060,/localhome/local-lintran/MLA2/data/raw/original/images/14060.jpg,1800,2400,0.75,RGB,322717,9a63e8966a0d3d1fe78c65e8a828fa114ddd3b27c644fea7668caa20bfbd8858,9a63e8966a0d3d1fe78c65e8a828fa114ddd3b27c644fea7668caa20bfbd8858,e4410564acf88a0205601c7c03141d5641921a713be328696994e918c146bf12,0d4c871b0717070e,188.94420462962964,84.88248338703762,38.09982814064048,0.15226538809815643,57.73957745663401,
14063,/localhome/local-lintran/MLA2/data/raw/original/images/14063.jpg,1800,2400,0.75,RGB,344935,6b518a0e7d2e3e23ff3fdc86e4b60dbfd123299cc746b7fc59379260d0c16849,6b518a0e7d2e3e23ff3fdc86e4b60dbfd123299cc746b7fc59379260d0c16849,b898f97875dd9dc870382edac69abed60b9261333054c37b01fb2e03a844a0ed,4d4d8f9307070f07,207.94113472222222,60.17958874908254,60.58498091323766,0.19691064820325369,19.0314255772482,
14073,/localhome/local-lintran/MLA2/data/raw/original/images/14073.jpg,1800,2400,0.75,RGB,389532,73971b5d394ec488e3e2551e5af4b1a64a1bfa1c7844345f0c7a91e3da5399fd,73971b5d394ec488e3e2551e5af4b1a64a1bfa1c7844345f0c7a91e3da5399fd,1348c96ca6d4d451001ea1ef5171514cdf8c75632745063e609f1e01d57927e2,4d5517978797160e,209.62990023148149,64.09514854599811,41.93059125773075,0.1568645503754028,43.47557470066467,
14075,/localhome/local-lintran/MLA2/data/raw/original/images/14075.jpg,1800,2400,0.75,RGB,360027,9c8fa10aba183cc4b58fd8fc7dae592dc96a240787539d7ff3e1a391a46ecfb6,9c8fa10aba183cc4b58fd8fc7dae592dc96a240787539d7ff3e1a391a46ecfb6,f56afe0115aaf73b26166adf7712abf35bf4bfa8c90821973acf20c47027230a,4d4d0f0f0f470f0f,226.9348298611111,58.34968776957337,30.45620850095695,0.07530166091951403,28.655099238055538,
14159,/localhome/local-lintran/MLA2/data/raw/original/images/14159.jpg,1800,2400,0.75,RGB,241297,930c6c8f3a8e60f837c9da7b4c71b1b5df022988d8b71443e8fdd0ead5ee7291,930c6c8f3a8e60f837c9da7b4c71b1b5df022988d8b71443e8fdd0ead5ee7291,fe5eb8192c547e6fa129ef1c65a3de35509f5dca0584256e98b4ab7494d08adf,000200031b180208,247.18681319444445,35.414569599964814,5.997401994109628,0.006241690882547379,8.902646656939716,
14170,/localhome/local-lintran/MLA2/data/raw/original/images/14170.jpg,1800,2400,0.75,RGB,450804,4f71e6ba63aebcb69de6fbd222819ac4a6d103a208461ef9c20f4ef2327a2149,4f71e6ba63aebcb69de6fbd222819ac4a6d103a208461ef9c20f4ef2327a2149,dde0ca9d08a49d7d84ecbf295ae099c51c8cdf0e8db4e8e7b5f918bbc1606c6a,0b000f712b0e0006,214.48498773148148,84.27464368175845,9.789932522389634,0.05579521291794582,14.038909886750504,
14285,/localhome/local-lintran/MLA2/data/raw/original/images/14285.jpg,1800,2400,0.75,RGB,377573,9b41d26151fa2d8d2630ea296aedce3efaf16afe561c3231e36d311e8f1aa17c,9b41d26151fa2d8d2630ea296aedce3efaf16afe561c3231e36d311e8f1aa17c,0d70a778d6ce0fa0c678dcb069e347620195158e16b3f6d59d1d9984b5f399b6,17170e9696165646,200.24384050925926,87.9221149807355,10.70199786153254,0.02993550606520577,32.14861634127701,
14287,/localhome/local-lintran/MLA2/data/raw/original/images/14287.jpg,1800,2400,0.75,RGB,374784,d7548e533cb998a618293d8c1bca75138a214319c2f2dcf09f2f8087b881064e,d7548e533cb998a618293d8c1bca75138a214319c2f2dcf09f2f8087b881064e,9e4fe7efd85b34790d080dde77a94ad5b451d2f65ff82191053bc02ce04cd661,4d4d0f3333171717,222.89215092592593,53.51202480875469,22.163647841073185,0.05592034851321507,60.60069860348781,
14313,/localhome/local-lintran/MLA2/data/raw/original/images/14313.jpg,1800,2400,0.75,RGB,355669,16ce90e5f1c780d3fdde51fd1c7f37e196210eb68d2957eb2aad2b9821745732,16ce90e5f1c780d3fdde51fd1c7f37e196210eb68d2957eb2aad2b9821745732,dd3dcfb75e8bf881715c3a40e03102f21d980bc931b7b4547ec46a44fc2fe8a5,0f4c97930f070787,198.31026921296296,72.89089931322985,62.839200581152184,0.2278835502126317,19.83464577688228,
14357,/localhome/local-lintran/MLA2/data/raw/original/images/14357.jpg,1800,2400,0.75,RGB,373168,85469efa4987ecd8f0b42b2a1c7f81422f2a307473208eabe9115eb165b9fe9e,85469efa4987ecd8f0b42b2a1c7f81422f2a307473208eabe9115eb165b9fe9e,2aabb32a4fa81011db92a0c86603a18f9b10d3e712473fef55691d8c7ef21f5f,0024120c0f034009,243.85177800925925,31.99672686400875,20.40393240741241,0.03537924750917171,8.536017971699206,
14368,/localhome/local-lintran/MLA2/data/raw/original/images/14368.jpg,1800,2400,0.75,RGB,174895,14e33d437cb5ebfcec00409ad1c8e870db58c6c2d64593eaae2c851854bd2a05,14e33d437cb5ebfcec00409ad1c8e870db58c6c2d64593eaae2c851854bd2a05,e0ba417dc33cd0e0582e51256e5c7d9931997716fa336fbfecdf1fc64f2e4490,200c213c13034009,229.30309722222222,60.26332747662846,19.465866596731292,0.03006595618594328,17.946099955997127,
14378,/localhome/local-lintran/MLA2/data/raw/original/images/14378.jpg,1800,2400,0.75,RGB,110052,387a16cce5e46554b556af5705bb9afbb3f33d48eaf45427ff91c7669a900396,387a16cce5e46554b556af5705bb9afbb3f33d48eaf45427ff91c7669a900396,448e3b93fa6555d588b15758aaec833c8007fa5e3e934e5279b32b0f0dab460f,001023301b030003,244.3531199074074,34.40091163921053,17.71028939365271,0.030025229732739765,5.446582134834063,
14480,/localhome/local-lintran/MLA2/data/raw/original/images/14480.jpg,1800,2400,0.75,RGB,351350,17ad069eea2c4f1f735d0b498b832dca9808438864d205c5dab75ea14c927696,17ad069eea2c4f1f735d0b498b832dca9808438864d205c5dab75ea14c927696,f85bd7def246bdc8ee718cc45a049c65d2bf3e417907a5309bc0ab7e95975781,1004313e1f0b4009,222.04610555555556,67.32435478655474,8.828813022515057,0.02573170351195728,15.170860835128188,
14518,/localhome/local-lintran/MLA2/data/raw/original/images/14518.jpg,1800,2400,0.75,RGB,386653,4efab6ac5ee876c895f0744853ec926d1588ff80d1513dc0cdbbf7da443f93b8,4efab6ac5ee876c895f0744853ec926d1588ff80d1513dc0cdbbf7da443f93b8,ad32c85cc449d0e743b829b1166bd2fc034cf362bad9d7834354b96927576c8f,0d0d0e3633171717,210.44366736111112,70.48991665981646,20.60302634036073,0.07302673250592574,40.72332210102133,
14523,/localhome/local-lintran/MLA2/data/raw/original/images/14523.jpg,1800,2400,0.75,RGB,340072,981ee7da38478b3f028da4708a37c1293adb52f119efcea8ea749f7d3e0737d6,981ee7da38478b3f028da4708a37c1293adb52f119efcea8ea749f7d3e0737d6,897c56eb8cea915b8271942fda4f191889782f68504902bfb13bf60ec45bb216,4d4d0f3333171717,210.98328449074074,73.7441898715059,23.972251558472465,0.0888206454414158,17.206122883809257,
14533,/localhome/local-lintran/MLA2/data/raw/original/images/14533.jpg,1800,2400,0.75,RGB,368749,192a1defff24955b77ac839e583b55c989103e1856cedd60b338056ebb6b6751,192a1defff24955b77ac839e583b55c989103e1856cedd60b338056ebb6b6751,b48778eeeef8463f5b30730eaf818d6d2113a4c17404ee296bb440cac2283547,0f0d1632171f0f17,190.5611712962963,83.4355893800849,34.681445236878716,0.1533494041182099,51.651657287107156,
14569,/localhome/local-lintran/MLA2/data/raw/original/images/14569.jpg,1800,2400,0.75,RGB,503824,591089d28fac7e3747a4800cf48025dd1f7f63fc17d5b8f40247700f37f94560,591089d28fac7e3747a4800cf48025dd1f7f63fc17d5b8f40247700f37f94560,5b45b25c08477f5181f49a1884bcc2986953711f2890f3f3f73636f69ab7d923,9866383f07831001,221.7467388888889,78.2939908827404,2.9839600911576243,0.006175483787042248,31.88487760253827,
14606,/localhome/local-lintran/MLA2/data/raw/original/images/14606.jpg,1800,2400,0.75,RGB,551833,cf5e76c2e856b1e6219f5540ff2dea790ee1b8cdbe801d9409be4b0acb806568,cf5e76c2e856b1e6219f5540ff2dea790ee1b8cdbe801d9409be4b0acb806568,70f4459390f7fb6b3fd8f72831144fa81bbce60552c61483db01679cfd4647c9,4e4e0e9d9d064626,234.8210574074074,41.50304876588431,13.183981799137877,0.04639483847967467,49.36841612821047,
14638,/localhome/local-lintran/MLA2/data/raw/original/images/14638.jpg,1800,2400,0.75,RGB,395126,05ae376368a12a3b56f9523a628c269d7e10b8821451493aab14c8ce9c8881ac,05ae376368a12a3b56f9523a628c269d7e10b8821451493aab14c8ce9c8881ac,6b4b6925f3be9622e5fefd9dc697d99990d1e86369428bea6176dfd33a311515,0d4d0e3733172f07,215.76257847222223,60.33681056776509,25.903613359679134,0.08820521765878687,121.46321359920331,
14662,/localhome/local-lintran/MLA2/data/raw/original/images/14662.jpg,1800,2400,0.75,RGB,390745,e4237eaaebdf80f7a382381b7cee1af5d68859ea82c33cef2a8aa1ca1e826833,e4237eaaebdf80f7a382381b7cee1af5d68859ea82c33cef2a8aa1ca1e826833,29599895f66e21a0a547d545445a9058a7d30b331ae42ad05fbddc6390d4e232,0d4d0f3333332b97,221.9993162037037,53.21947572357024,29.4730676984891,0.09670882677524874,207.44509367979805,
14678,/localhome/local-lintran/MLA2/data/raw/original/images/14678.jpg,1800,2400,0.75,RGB,362381,f5390f24abbef06436769d11bdc698409babd930f70ca11f52a14d0583e62fd5,f5390f24abbef06436769d11bdc698409babd930f70ca11f52a14d0583e62fd5,279fcd4510b630b1a79cf4a08ec6d05b8a90e97cb961472dbe682f4d0d0c42e9,0f4d0e3313170717,198.6212486111111,68.84592033272189,53.105747021976725,0.20739442935428784,21.323080201023647,
14683,/localhome/local-lintran/MLA2/data/raw/original/images/14683.jpg,1800,2400,0.75,RGB,354197,a3a3c622299ce35348ca9ef6f41eff8d8441294c670e7d2a341226ec1bd3fa68,a3a3c622299ce35348ca9ef6f41eff8d8441294c670e7d2a341226ec1bd3fa68,d40293a9ac795eb508865fc33b845f3b6df4ebdc321b6fc1dd29adf84f0df232,0d4d06372b0f0f0f,204.1911625,74.40641406884073,43.06669319585285,0.18993074482345254,34.644853748349895,
14690,/localhome/local-lintran/MLA2/data/raw/original/images/14690.jpg,1800,2400,0.75,RGB,364857,f9c9b2fba74d954ddb2acf631bfc5a6adb2f3f4684b77b494017b2c6b131e28d,f9c9b2fba74d954ddb2acf631bfc5a6adb2f3f4684b77b494017b2c6b131e28d,fd0fe28156ff6c55ae31bef79c99098f5b8519795ce30df983e1d07e09c71cf3,2b0f1e96969696b6,216.91202824074074,56.30599656282211,34.32218619890555,0.08334835543721417,16.643847472150814,
14713,/localhome/local-lintran/MLA2/data/raw/original/images/14713.jpg,1800,2400,0.75,RGB,823838,d475f40b057ace2c26fc95b22d1d85bc0cfc8db94a463480fe0bedfc7453901e,d475f40b057ace2c26fc95b22d1d85bc0cfc8db94a463480fe0bedfc7453901e,d1528253e8044c73b0b688ce1321bcd381c7b4a56831b12e2e0c1fa837f52777,361e1e959595959d,206.6345726851852,83.14593136026848,9.909774267837054,0.02976806924685317,30.24334375506612,
14726,/localhome/local-lintran/MLA2/data/raw/original/images/14726.jpg,1800,2400,0.75,RGB,334921,b47a8a965c0b25e7c76359d83b054d4626f6d8f60a77a0c66a4f6835b8875d2d,b47a8a965c0b25e7c76359d83b054d4626f6d8f60a77a0c66a4f6835b8875d2d,85be8f4aae3062ea90af0b852932f65a58144c82f6c4c7f0d648d9f6273ff3fb,0d4d16371f1f170f,203.18083171296297,64.96416490203937,46.975258491904924,0.17645013160572562,15.007268232242525,
14747,/localhome/local-lintran/MLA2/data/raw/original/images/14747.jpg,1080,1440,0.75,RGB,170590,a24e3eae58f5d6be0f2e2ba2c40e99e78a05785528b261fa4a02f1182b05cfef,a24e3eae58f5d6be0f2e2ba2c40e99e78a05785528b261fa4a02f1182b05cfef,4353753c4e437eecf9558cce3b3baa9758acf09c8cf0f15a5bb7aab8dd39415a,0d4d8733330b1f16,170.2849485596708,96.23003341107031,29.43111559616009,0.18602563256689977,174.08131105448086,
14755,/localhome/local-lintran/MLA2/data/raw/original/images/14755.jpg,1800,2400,0.75,RGB,463199,c74b59ee4c40623ebec6b90bfa0291b7cc3775fc03df22bca6bcc21967e6ac4d,c74b59ee4c40623ebec6b90bfa0291b7cc3775fc03df22bca6bcc21967e6ac4d,a7a8e8948c565e31ba6819889be681ab4f880044cf5ac87257ebc7cf69db755d,0e33134f11015101,192.3270638888889,64.69174730947778,41.1240769439559,0.1882026288300235,448.9393137867945,
14774,/localhome/local-lintran/MLA2/data/raw/original/images/14774.jpg,1800,2400,0.75,RGB,378036,aad21af7a1cd6be8223b51d5d2dd009270877536e2b9aece1b5deb4f2f44e82c,aad21af7a1cd6be8223b51d5d2dd009270877536e2b9aece1b5deb4f2f44e82c,3be97de84cee33d0db527986cd0a0b88524d06c9e1e1f58d8359bc9ce169d08c,1e1f0b0f05111101,202.9406877314815,46.624664936430726,7.905983702815744,0.03550250076782986,293.05440329789946,
14804,/localhome/local-lintran/MLA2/data/raw/original/images/14804.jpg,1800,2400,0.75,RGB,639296,3055daca84ebfe4733881a8559840f187998edec7356210512fe7188d4c8301a,3055daca84ebfe4733881a8559840f187998edec7356210512fe7188d4c8301a,b2724c88de8d0ee359513f958d65afb5a6e29caa509aa772ca13ecc4790833cf,0c0c161692968e00,240.09544722222222,51.30089683637761,1.1718376428686583,0.006561589309115228,99.85838231547743,
14823,/localhome/local-lintran/MLA2/data/raw/original/images/14823.jpg,1800,2400,0.75,RGB,113592,beb165035b385f23679a404864d8ac9ea99001a118c7cd2cd9edae8a3af00c48,beb165035b385f23679a404864d8ac9ea99001a118c7cd2cd9edae8a3af00c48,3dbaa986866aef8aac5e1fd783f707b3adafcae55e4c7efd3c316346ba39f68e,0641063b2b0e0006,220.21250717592594,73.92243032900419,7.351637423932514,0.02320992881518786,7.995901711480117,
14837,/localhome/local-lintran/MLA2/data/raw/original/images/14837.jpg,1800,2400,0.75,RGB,293564,cd35064016b6dd9d852b5af3ea6e8b351d1e1716de82aad3de9d7abb6fd497b2,cd35064016b6dd9d852b5af3ea6e8b351d1e1716de82aad3de9d7abb6fd497b2,b7883c4159aedacc6fffc074a9100c9c7fa89b94a8e6e2182b90a3f068470736,0003000f33330023,227.0491375,69.68307574792662,5.077580631966324,0.012127182967045262,9.457810046550406,
14860,/localhome/local-lintran/MLA2/data/raw/original/images/14860.jpg,1800,2400,0.75,RGB,429897,1cd4c11ee589c013a2576faad474adcf2355df1e4c5ef3c8d67429ffcf0259ae,1cd4c11ee589c013a2576faad474adcf2355df1e4c5ef3c8d67429ffcf0259ae,e53001bbfc63ac4eda0d2d817f5426c314ad3d3ba5d77c382352e619c43e2487,1600969696960400,216.25896990740742,81.93212621926322,1.8743962437981556,0.01608980605349485,3.9953405590680653,
14864,/localhome/local-lintran/MLA2/data/raw/original/images/14864.jpg,1800,2400,0.75,RGB,437978,9ab9a4c47d7cfdb376ab0b8e7e48d1390ad464e18bb9609371105e76b538964f,9ab9a4c47d7cfdb376ab0b8e7e48d1390ad464e18bb9609371105e76b538964f,7054c1d4507f51df4e5e269206317b03b3df13f1f18ede7b3de8a72f742a1808,06000e0f078e0006,216.84675277777777,71.66324147830441,55.6151962987079,0.15905630927610526,2.6741100998170406,
14872,/localhome/local-lintran/MLA2/data/raw/original/images/14872.jpg,1800,2400,0.75,RGB,355591,c7aa3262a092e283c5cfd78cc17cd19650ed7c486577e697cdf74290083be792,c7aa3262a092e283c5cfd78cc17cd19650ed7c486577e697cdf74290083be792,2393da3cc23a85a28a7a6c6ddfc332e46078575dfde4ee51db47c52fa965b3c9,011841871e734310,234.9813224537037,52.611337027186,42.65632756094167,0.08485627713317913,39.98902359943491,
14939,/localhome/local-lintran/MLA2/data/raw/original/images/14939.jpg,1800,2400,0.75,RGB,400284,14325a8a0be3f140ba4dede352f81621fe2cbc7a208eef50f06bc4bf985907ab,14325a8a0be3f140ba4dede352f81621fe2cbc7a208eef50f06bc4bf985907ab,439ac061467d29e26b5ee0ebc3a37dde38adb8932c72338293fdb515b98abbbb,0e4f0e3696921b9b,223.0151011574074,53.54818139320756,32.62930081977728,0.10962998761744747,17.74316125894532,
14940,/localhome/local-lintran/MLA2/data/raw/original/images/14940.jpg,1800,2400,0.75,RGB,348152,772b273d53dc1938e8f639956bd98bce23bcf14e8aeb1dafd542b47165fb15da,772b273d53dc1938e8f639956bd98bce23bcf14e8aeb1dafd542b47165fb15da,db3974877fcff6e87ef19a5f3a73a520ddd59a21255aa4088d1845cba6cc543f,0e0f169696125b1b,203.85167291666667,78.89641862883245,28.0640243259286,0.0988641175281099,18.525686213205493,
14961,/localhome/local-lintran/MLA2/data/raw/original/images/14961.jpg,1800,2400,0.75,RGB,386305,ec6e4f3c43bda24a02d7e1cbca425cd689e76fe3d12346c7854faee5526523c6,ec6e4f3c43bda24a02d7e1cbca425cd689e76fe3d12346c7854faee5526523c6,08753c06246bf54c743f37be2935273872ec472f4c8359b5fe7db2eab818ba0b,4d4d1633332b1f0f,188.72704467592592,79.48785124547362,60.17577777924389,0.24610205349690428,29.72567254915584,
14988,/localhome/local-lintran/MLA2/data/raw/original/images/14988.jpg,1800,2400,0.75,RGB,379838,47b1168b3ad2a28c90f74389a0f47387e888d10c1b0ad0face5a2bddd386c70f,47b1168b3ad2a28c90f74389a0f47387e888d10c1b0ad0face5a2bddd386c70f,b7598c62d3e35c509d634b48c3341baafaea2816710290eef41a4f4fe9abfdeb,0e4d0f2f2b2b0b0e,221.54225671296297,50.13183345883416,24.797146304742032,0.06868792357446474,27.59547696797054,
15012,/localhome/local-lintran/MLA2/data/raw/original/images/15012.jpg,1800,2400,0.75,RGB,355362,950dfa49f959d42678afbf61aedfd35326766b9e612a12f5fd87ecc4697859f0,950dfa49f959d42678afbf61aedfd35326766b9e612a12f5fd87ecc4697859f0,eb2607cce774c9e930ca4fc91946ab5cd4317f9b792fc7c0734a2f7822788cc2,0f4d972b3b3b0f0f,176.8408824074074,84.41207552843166,35.91526522609539,0.22395653915600372,19.966824150628778,
15015,/localhome/local-lintran/MLA2/data/raw/original/images/15015.jpg,1800,2400,0.75,RGB,388785,cfc35fba756561a9e01c939ebdfb39a9d9956d442d42e98ede8de8c7308f1ba9,cfc35fba756561a9e01c939ebdfb39a9d9956d442d42e98ede8de8c7308f1ba9,b68fca046b20c08ba082985d9b8bae021a7bce8e6276280fe300d0140798b088,0f4d173b2b1b0f0f,169.77446157407408,94.06584058673373,30.45228838950659,0.11054056809013249,30.767994163829638,
15018,/localhome/local-lintran/MLA2/data/raw/original/images/15018.jpg,1800,2400,0.75,RGB,375573,6f5477a6155d50ee3f59d6bb4e57aa41da64e525b8f27a240c8d66f2e0f77382,6f5477a6155d50ee3f59d6bb4e57aa41da64e525b8f27a240c8d66f2e0f77382,d43fb0eb0736a418bef3628b0d83fad23f97f4ca86b3a30d066845278e6ad698,0e4d8f333333130e,206.2951150462963,59.132523277742706,19.962402215558672,0.06041297392123323,34.31748512008152,
15039,/localhome/local-lintran/MLA2/data/raw/original/images/15039.jpg,1800,2400,0.75,RGB,371365,d5ab650948446574140cf61ab06561198bceb750732adcd3c033a72740fcaa1e,d5ab650948446574140cf61ab06561198bceb750732adcd3c033a72740fcaa1e,1ab954fa1dc191fe94ba65240cefd5c0a840e3db0a3a77494a1428b44e9463e8,4d9d972636331f16,191.12936944444445,80.88181439967752,41.99155170793929,0.1941985910746546,19.58109439773964,
15042,/localhome/local-lintran/MLA2/data/raw/original/images/15042.jpg,1800,2400,0.75,RGB,319998,2b2797cda85d2e0ddc87200b36cc423561fee7bda8ef16c9e0217f2e16f7dc47,2b2797cda85d2e0ddc87200b36cc423561fee7bda8ef16c9e0217f2e16f7dc47,38c389cdaf454294995ebc2f70c796d2d81fe059ff188c1cbc4bfd80f14931bd,22141f3396969600,220.50849560185185,62.52729693939257,47.90393194031829,0.1452753998634042,25.766240301998657,
15057,/localhome/local-lintran/MLA2/data/raw/original/images/15057.jpg,1800,2400,0.75,RGB,133811,978d1c4cdb431bedd57122f84cc444de79ba61f44dda7d3a895f1be16e6f2c49,978d1c4cdb431bedd57122f84cc444de79ba61f44dda7d3a895f1be16e6f2c49,d749ec84e5e4caa6831322335d7f9ae30233c7d3bedb1d38a013ff318387237c,7004715c0f034019,220.2650574074074,69.48302903731535,1.5753437067154314,0.008592447299056052,8.326788253549179,
15063,/localhome/local-lintran/MLA2/data/raw/original/images/15063.jpg,1800,2400,0.75,RGB,421463,7bcd0b7d44a015bbd90bb10256c6d27dc5811c79d68ebfaac25ab12ab8063bbe,7bcd0b7d44a015bbd90bb10256c6d27dc5811c79d68ebfaac25ab12ab8063bbe,fa152f198e6092431b8b4de801016d007979605608035a4ad72669a35efc3774,5004515c0f034009,218.51292662037037,75.28839727596788,7.231565652921976,0.04452379663171979,4.957629866370226,
15078,/localhome/local-lintran/MLA2/data/raw/original/images/15078.jpg,1800,2400,0.75,RGB,370625,61a7d2d2b3c3525ef3890d8c5332b3aa683a26fbb7fdde716befdf5158d3cd98,61a7d2d2b3c3525ef3890d8c5332b3aa683a26fbb7fdde716befdf5158d3cd98,f150c5bc7ac85c42dd3820c63b7c9f0cf710744e9a47e39f953782045bdaebf0,4d4d8e9397261737,223.38763078703704,60.83792454526036,38.57279202795382,0.12985936744581664,13.67525463767109,
15098,/localhome/local-lintran/MLA2/data/raw/original/images/15098.jpg,1800,2400,0.75,RGB,365460,4cacd6a1b6838f20832a311d43a4017f9ca159f4f6e75f5d325e1610370133a2,4cacd6a1b6838f20832a311d43a4017f9ca159f4f6e75f5d325e1610370133a2,90f0789fc27684c6e9d7985c6a898cfaa08a8df4eb995e226b62a4aecbda775f,4e1d9e0e1d8d9e8d,208.25860185185186,75.81064566043868,25.144944472997217,0.10872190282127969,93.58164524421593,
15101,/localhome/local-lintran/MLA2/data/raw/original/images/15101.jpg,1800,2400,0.75,RGB,409403,16e23ae01dc04301909c3026caf72df603ce1b8f926208e1980de2e402bba982,16e23ae01dc04301909c3026caf72df603ce1b8f926208e1980de2e402bba982,8f836dce7b18ecd1725296e5f0f895c5caff14ab20539edc580c4b23cc26c492,1a9d8f8d9e9d9d0d,218.12454074074074,69.74859149163414,40.78130689771565,0.11864585768420384,246.38938314921606,
15108,/localhome/local-lintran/MLA2/data/raw/original/images/15108.jpg,1800,2400,0.75,RGB,392794,3ccd6ead6d0e3b9af99dd0806ea63e96d71da6cf247e41ce8b38067ec175ffe7,3ccd6ead6d0e3b9af99dd0806ea63e96d71da6cf247e41ce8b38067ec175ffe7,1d61c81d97ada68584e98a989db946b49dc42242517447716086ece61334a53f,1e9d0e0d1d1e0e0d,209.82687453703704,66.29189222169883,48.326179019236015,0.16393210631499588,27.810467820005094,
15125,/localhome/local-lintran/MLA2/data/raw/original/images/15125.jpg,1800,2400,0.75,RGB,393726,695096455eef44c92ae6ea5e2326a570ad66d027f9bb42b656eedc94b327b73c,695096455eef44c92ae6ea5e2326a570ad66d027f9bb42b656eedc94b327b73c,126c831e962750afbc55fe70a78d2969d7e929f0d894c99083f29112eb4664b7,171f0f9692921b5b,208.56512384259258,73.57452102822874,13.079827922743469,0.03191953944518872,20.952423979249172,
15132,/localhome/local-lintran/MLA2/data/raw/original/images/15132.jpg,1800,2400,0.75,RGB,360850,539c9a5f9621ecabdbb4e8238af971910679dca009c402992ba99d2c4682ab09,539c9a5f9621ecabdbb4e8238af971910679dca009c402992ba99d2c4682ab09,c75ed4fc2f86bc24ea7b9bab15bbdc4740ccf27ef7df7836dff725b7511d172d,3b1f1f969692925a,188.39434560185185,100.65713068851332,21.52353634430803,0.1356092170187417,25.869708423076034,
15162,/localhome/local-lintran/MLA2/data/raw/original/images/15162.jpg,1800,2400,0.75,RGB,328573,3db11e258696ecd675dfae07013a7071705d242ccee7343888db74f481345f9e,3db11e258696ecd675dfae07013a7071705d242ccee7343888db74f481345f9e,4b3f68c1282907d1b58a08e33340eeb2bca25b04ae99bdb0c068d112ae072e84,0d4d86330f171707,209.22815833333334,69.57540438043357,32.778526877807344,0.13442342277327124,15.513671923851872,
15165,/localhome/local-lintran/MLA2/data/raw/original/images/15165.jpg,1800,2400,0.75,RGB,360441,f02ab6da37476579ef14a272428f5747eb09c6b7f1f90aee581c221fff4deadc,f02ab6da37476579ef14a272428f5747eb09c6b7f1f90aee581c221fff4deadc,0e3a4c425f455f108ec368f31b7603459b1666f4f1c3c29d14ca91e9c33d437e,0f4d163b1f1f1706,191.58738449074073,79.76108168720971,47.54408645692236,0.21605072103827294,19.37239734593205,
15171,/localhome/local-lintran/MLA2/data/raw/original/images/15171.jpg,1800,2400,0.75,RGB,376391,082e2159d326ac07d7a85207f28417310d47ba4e2456e6ddff64581f65b7e450,082e2159d326ac07d7a85207f28417310d47ba4e2456e6ddff64581f65b7e450,cf1124618191bb570caa40833222ba657063a35909f1630dce2adbafe2bfb756,0d4d0f33333b0f16,222.76480902777777,52.729209227983276,35.473198495854824,0.11923388413496847,11.7036054563561,
15184,/localhome/local-lintran/MLA2/data/raw/original/images/15184.jpg,1800,2400,0.75,RGB,342125,aea3732cf7e83479b5d5c115bf86008a813f9dbe6df12809561aac54bf1d18f7,aea3732cf7e83479b5d5c115bf86008a813f9dbe6df12809561aac54bf1d18f7,a7f0ac611801ac9b0d7e74bb54aff57493cd7a637325102bfb9b9903e4b32ab9,0f0d16161f170f16,196.59622337962963,79.35958921174876,24.17384345288245,0.08699080307966958,114.36478137520554,
15190,/localhome/local-lintran/MLA2/data/raw/original/images/15190.jpg,1800,2400,0.75,RGB,353145,bd9f7bf1000488737c18bf6d7ff9e7a90c015179ecba6014cc8deb4e512e2ccb,bd9f7bf1000488737c18bf6d7ff9e7a90c015179ecba6014cc8deb4e512e2ccb,2bf2df94fe6566e87f76a3b592737ea297c440c5dfb7f383a34b35e5af8faaa2,0f4d163b0f171606,186.0539011574074,91.05113958084647,33.805049134488996,0.13496574058318936,31.172447022858336,
15224,/localhome/local-lintran/MLA2/data/raw/original/images/15224.jpg,1800,2400,0.75,RGB,381459,5c5d01f3a16a776c1558d8c815009a36e1ba12630320720555ac5ddfd28ee3a0,5c5d01f3a16a776c1558d8c815009a36e1ba12630320720555ac5ddfd28ee3a0,3b4571a0bb3845e4f8146a65fc46fd1e8069867cac1ddddacfab53cf446717ce,04325c4f03072002,221.94777314814814,66.2941659780581,17.541618550955885,0.024253342528245694,15.01441626716691,
15229,/localhome/local-lintran/MLA2/data/raw/original/images/15229.jpg,1800,2400,0.75,RGB,414161,72d1aa9a1c1942fc6dd029e393f90b1a2af9f81a0f095b8339dbf5a3ea2d2e97,72d1aa9a1c1942fc6dd029e393f90b1a2af9f81a0f095b8339dbf5a3ea2d2e97,59c7bb79e87bb42b8eb0a82214ab0571bbdca39a6226ffa15da767bc7419c3d6,08323c2e17032001,237.48829444444445,38.55770328254023,32.83162169411925,0.06928521986069555,16.161314527895506,
15231,/localhome/local-lintran/MLA2/data/raw/original/images/15231.jpg,1800,2400,0.75,RGB,209626,480f15316c350a1b217cabe04eb7786a0f1042f022ba70e8c4d36ba564ca97a0,480f15316c350a1b217cabe04eb7786a0f1042f022ba70e8c4d36ba564ca97a0,e020874cb1676e19e097e4767adf21db0a5203beb498193407bcc991490e1cc2,0010193631034008,245.7528625,31.906107745728242,8.598855850847887,0.011195811858533515,11.623403969522222,
15235,/localhome/local-lintran/MLA2/data/raw/original/images/15235.jpg,1800,2400,0.75,RGB,305575,5ea119d90f64133aa161f407e5afbaa72b4d6fa97bc2246b3614b65f35e0cdfd,5ea119d90f64133aa161f407e5afbaa72b4d6fa97bc2246b3614b65f35e0cdfd,3d4b12bc6a5b7e0a17e9de25a4869a0e0e8672b8b3de4c6bf25bd852e7348f08,3a1b1c2f03032001,209.08457314814814,75.98999280590749,7.986607032864285,0.02155800189527955,23.907386229417078,
15269,/localhome/local-lintran/MLA2/data/raw/original/images/15269.jpg,1800,2400,0.75,RGB,158496,7cd8130ca119d1fab0791527ccf1c2cbbf11f8d60cce27eac4d7a32d61f2d330,7cd8130ca119d1fab0791527ccf1c2cbbf11f8d60cce27eac4d7a32d61f2d330,b59e4bd047b1d99b3bff7ba0e9b8dc7cf1aaa65749ee31a3b879d840518c22e8,60026c3f03030008,245.38068958333332,24.05196242525662,17.125826807939728,0.029272135512092977,5.068707010352255,
15314,/localhome/local-lintran/MLA2/data/raw/original/images/15314.jpg,1800,2400,0.75,RGB,364208,8fb508156c5916b8cf7316182f74397a26a50a88c20c8b354024e3143291094e,8fb508156c5916b8cf7316182f74397a26a50a88c20c8b354024e3143291094e,9b44ba2c91e5c6d3671122dd8d7cb63af7a3a1f93f4d66f604f1b4462beeec3c,043a3d1e31034009,232.33956296296296,50.549176013119094,5.665291364194354,0.017085943994307854,14.414058685935293,
15385,/localhome/local-lintran/MLA2/data/raw/original/images/15385.jpg,1080,1440,0.75,RGB,253630,feabc8f6cb85c6e8dc5431bf2aba1bf712e21704b8c4ee7cb738be931c4ec7f8,feabc8f6cb85c6e8dc5431bf2aba1bf712e21704b8c4ee7cb738be931c4ec7f8,41c5007c170986f189d5341a0d6af31c47ffd444b172a07544eae62b9b27de83,0006012607036003,232.35726015946503,56.14516693943347,49.67664370838143,0.08779249727582844,35.32966523804008,
15388,/localhome/local-lintran/MLA2/data/raw/original/images/15388.jpg,1800,2400,0.75,RGB,535333,c0702b685c793603d10899b48ed0e7a8ed211dd494d9a80b2a08f1b7956951e0,c0702b685c793603d10899b48ed0e7a8ed211dd494d9a80b2a08f1b7956951e0,7e62677a6d4a27c5ef14d7750d3b4bb335bbbbf7f2b9913ff8a0a904d8f41ae9,2400172607032001,219.99469212962964,75.68138814251733,1.478586086667834,0.006325111460857558,92.53363880590102,
15457,/localhome/local-lintran/MLA2/data/raw/original/images/15457.jpg,1800,2400,0.75,RGB,453997,bf9df8aeb5ee6a580ec357880fd9e3acf6245b1edcdb32868bb28798beb902c0,bf9df8aeb5ee6a580ec357880fd9e3acf6245b1edcdb32868bb28798beb902c0,10a5e373e306572894be1d4df9f394e111f0ec540e3c6b14400192a81f1b7cbd,0832182e0b03400b,213.90524467592593,78.01659618604452,30.631099024464557,0.07751595314765473,47.11015285208087,
15502,/localhome/local-lintran/MLA2/data/raw/original/images/15502.jpg,1800,2400,0.75,RGB,372260,ec3c0419d0b29786c8d3c3c5b7089fc896fc9bb84146619aa53fe320f76a5093,ec3c0419d0b29786c8d3c3c5b7089fc896fc9bb84146619aa53fe320f76a5093,3a750083b8ed03d68679f00cf4643fb62e70a9a5a1e96387f24b3af99e707511,2836393e130b0621,219.2484775462963,67.18429636890538,28.806931170206994,0.09706056282318704,35.74836170360592,
15507,/localhome/local-lintran/MLA2/data/raw/original/images/15507.jpg,1800,2400,0.75,RGB,231603,36793464c58857e727ba0d5c8d8368f12b602ce47a3db8607beb1968b27b7625,36793464c58857e727ba0d5c8d8368f12b602ce47a3db8607beb1968b27b7625,e4e6832129a8b247b8013fd42adbbf2145e4a0f6290293787a112c613883def6,3806393e07034009,218.60857592592592,69.82183146243236,1.9271769988133125,0.009379967912927431,8.934829894161513,
15567,/localhome/local-lintran/MLA2/data/raw/original/images/15567.jpg,1800,2400,0.75,RGB,756317,a66b502425793f4627b4c0f7abb4e5421c6d96a4c7254a4256b578292ec59620,a66b502425793f4627b4c0f7abb4e5421c6d96a4c7254a4256b578292ec59620,67a0e98c1fb1b1a32a5f178d65bfaf0ea705dd808738333f1c9ed55c94092191,00383b3c37032003,229.67907106481482,55.51997779193278,20.519034162853337,0.07291983107305455,34.488446698626646,
15570,/localhome/local-lintran/MLA2/data/raw/original/images/15570.jpg,1800,2400,0.75,RGB,326304,e8c4a4f144660571d53ee590d42caa82e5ff36d6aaede8b209efb4025b49076a,e8c4a4f144660571d53ee590d42caa82e5ff36d6aaede8b209efb4025b49076a,757881cd8d1f62eaa78a26c93a83ee02f0a8811baa5a73c154e1f6c147a0b140,0008170f0e160000,249.7743763888889,18.71122456018485,8.518335939120675,0.00545000405280358,43.25465828296163,
15577,/localhome/local-lintran/MLA2/data/raw/original/images/15577.jpg,1800,2400,0.75,RGB,339126,06097cfa7273453d4e9eabdcf79132dd8507bf50fdcb703df6e63d6fbfde60c3,06097cfa7273453d4e9eabdcf79132dd8507bf50fdcb703df6e63d6fbfde60c3,a833d5216c45a2458abed72ede7039ef94fce3fadaf30a4e47251e75d710af4d,220896170c0e0c00,244.4415439814815,26.23653284218561,41.655656015925224,0.07433179066842661,22.0297116653929,
15658,/localhome/local-lintran/MLA2/data/raw/original/images/15658.jpg,1800,2400,0.75,RGB,326261,541b19e0de42556e7e40578683fbb60f2163e79d3444f305f72af38e7cdf2b9f,541b19e0de42556e7e40578683fbb60f2163e79d3444f305f72af38e7cdf2b9f,aae8b69d1e1521ce9ab7a9933f014c9bef28ac6a02eee69a05f540c0e6875faf,08210c0f23232700,206.97454351851852,76.88557678293978,22.116761376142435,0.11471788776328178,52.968784825957066,
15708,/localhome/local-lintran/MLA2/data/raw/original/images/15708.jpg,1800,2400,0.75,RGB,916119,4420a21bbef6466e2d2b4a48195bd4cb71b0b8df20778af9859ce15be53a4a2c,4420a21bbef6466e2d2b4a48195bd4cb71b0b8df20778af9859ce15be53a4a2c,00ee229d8f164c8bbce18f07fd03305fc62e320fd64ac5bbfd818b3e7034d3d3,0c96132333030700,177.8482402777778,97.63285882678237,18.279332219236593,0.17150784633311184,47.14413557516385,
15716,/localhome/local-lintran/MLA2/data/raw/original/images/15716.jpg,1800,2400,0.75,RGB,577224,70fc86b38c23725c3bf932cd2c20a1721af44b9c808de56043ed952a2a454110,70fc86b38c23725c3bf932cd2c20a1721af44b9c808de56043ed952a2a454110,89ab7f16707afc514b36e215d6d4458b660c2392e129772a08de4653c8c9406e,08023d2e17034011,218.81378425925925,65.82295706971546,27.390658340937268,0.04869083756853484,23.463207693554736,
15726,/localhome/local-lintran/MLA2/data/raw/original/images/15726.jpg,1800,2400,0.75,RGB,359366,1b66ef5e80590f31d8f4477ccaa7d464c99d371221b57e70fbeda8b34faa4c73,1b66ef5e80590f31d8f4477ccaa7d464c99d371221b57e70fbeda8b34faa4c73,a97bf793b4af0d4f5b357d05bdb97c966fd474d59dd4835bb1864071856a24f2,0c323c0713034011,226.5912550925926,52.576391717448566,52.814928074193794,0.09717583125951829,15.569062507237314,
15732,/localhome/local-lintran/MLA2/data/raw/original/images/15732.jpg,1800,2400,0.75,RGB,283161,98aefca64200cdbcb19f9918eee20194e5ded4a5d5884f6b49a12c853bed4e13,98aefca64200cdbcb19f9918eee20194e5ded4a5d5884f6b49a12c853bed4e13,5203a96fb7bbbf835ee141222f4153a17c1f7872eceaaba7a0496b962748be7c,2802381f0f032004,226.2153974537037,67.4203249694277,10.741869830771929,0.05339922573155691,24.442915074457492,
15751,/localhome/local-lintran/MLA2/data/raw/original/images/15751.jpg,1800,2400,0.75,RGB,368975,2ef5be6b3f204be7f2e89ddb5d16166b2fc510b8f4968b794c761d9efe595e92,2ef5be6b3f204be7f2e89ddb5d16166b2fc510b8f4968b794c761d9efe595e92,c318bbe8305703dd24a95cb12d657760a051c80490ed822fd9873109d8f1ace0,4d4d1617232b2f16,222.37235069444444,56.14806334765099,66.02380575265387,0.206857689864669,10.615256027235462,
15756,/localhome/local-lintran/MLA2/data/raw/original/images/15756.jpg,1800,2400,0.75,RGB,340150,8ee039cb282efa1264cdb9137ccbbdf34720e801fa6fe7376c62ccf1c8f889c6,8ee039cb282efa1264cdb9137ccbbdf34720e801fa6fe7376c62ccf1c8f889c6,27fd33a8202bb265122d9d910a1db121329c159d643a25a7786f1d5f5acfdd01,0d0d0e2273631b1e,223.90929351851852,60.78349009531742,31.72046704687168,0.09199561469705511,9.287255726163181,
15758,/localhome/local-lintran/MLA2/data/raw/original/images/15758.jpg,1800,2400,0.75,RGB,393626,41e6b9324f69243951de2d41af3ec8f135d09d38d98ea621b7117298f698b8a6,41e6b9324f69243951de2d41af3ec8f135d09d38d98ea621b7117298f698b8a6,e0befc11b18ab30625825aec1f9f6873413d00014a2af975082a8459ba0c91bd,4d4d17171f0f170e,204.33915694444445,78.18377256782513,28.99406164311019,0.08327959800369741,17.012288844114035,
15788,/localhome/local-lintran/MLA2/data/raw/original/images/15788.jpg,1080,1440,0.75,RGB,205026,f66596e86b0fb2f91c802f95e76f24bed7fc6e2b56e784c21707d4a1446cd4bb,f66596e86b0fb2f91c802f95e76f24bed7fc6e2b56e784c21707d4a1446cd4bb,44adf2da63922c6b70451d4ca5aeaf837b93e061c50fd2f9cc4c61874dbf5a4b,010029170e4d220c,227.45136638374487,65.33467937442268,27.99083377496133,0.04021172518977438,15.40546546198695,
15802,/localhome/local-lintran/MLA2/data/raw/original/images/15802.jpg,1080,1440,0.75,RGB,121819,5734e87724d18081893d4ceaf6a191de8ee2461b313b95c155c3035c9843cf69,5734e87724d18081893d4ceaf6a191de8ee2461b313b95c155c3035c9843cf69,925fa136594dbd6ac3e2e357e9c560c35ab0bf27d7cd2101e6bc9540b73a9685,410071170e4d220c,217.03011574074074,83.80828347668023,7.888620328640049,0.014592251597805788,13.514815887357297,
15819,/localhome/local-lintran/MLA2/data/raw/original/images/15819.jpg,1800,2400,0.75,RGB,366333,ecb160dae76f5fc7f3f1cc7052bda0508b5b13d63d0acbaa353e6f18130baa6d,ecb160dae76f5fc7f3f1cc7052bda0508b5b13d63d0acbaa353e6f18130baa6d,f7acdaae321d517d75fa60f6d2f1c4626435c9a2ad58c5c4e1cd1dc24bbdf55a,4d4d5717170f160e,199.40632662037038,84.48754544322004,28.188042490484012,0.09170894877235758,26.833333680724426,
15826,/localhome/local-lintran/MLA2/data/raw/original/images/15826.jpg,1800,2400,0.75,RGB,394790,9549f9e13673aae7a7f345344426b4bc6fa2c88dc2b60b6384f434163e5f1ad8,9549f9e13673aae7a7f345344426b4bc6fa2c88dc2b60b6384f434163e5f1ad8,ef86a32ca032452de7f66853d0c6625c1cbaf3644631d9dfe6f6aebe522332ea,4d4d17070f17170f,202.31162175925925,78.74163085293037,27.2501577332501,0.08181779699064859,21.408393895180527,
15840,/localhome/local-lintran/MLA2/data/raw/original/images/15840.jpg,1800,2400,0.75,RGB,319170,20f730a52a27898682f994925ad8460494ded2018a8258b2780637de8d775435,20f730a52a27898682f994925ad8460494ded2018a8258b2780637de8d775435,0f876ecc6234c1501b0e6c8e91680194a0d46c0fa8671b008d8326c8fbb27337,0d4d960e0e9e960f,217.30407893518517,61.68475808294279,40.13053734158771,0.14854732043468277,124.28090066930685,
15894,/localhome/local-lintran/MLA2/data/raw/original/images/15894.jpg,1800,2400,0.75,RGB,341251,ef27c897f6a28d055c0afbf1543c27c413a1da0f014b352934743d67925b9e09,ef27c897f6a28d055c0afbf1543c27c413a1da0f014b352934743d67925b9e09,29bfd10434c65de5f68b04c8c18af6cff7302294ea7bd72b8489347130c59007,0004012407030003,246.32590833333333,28.792944841525898,29.363429212096772,0.04289714483901872,7.953343523472058,
15912,/localhome/local-lintran/MLA2/data/raw/original/images/15912.jpg,1800,2400,0.75,RGB,346773,8ca122d4193af8afb604388958ce1fd77b9ae8c408da40a412778b00d2301eb2,8ca122d4193af8afb604388958ce1fd77b9ae8c408da40a412778b00d2301eb2,bb7df95804d4cd6338a0377ef4ef1963e2a808defdda1216237b3e6edf48a1ef,4d4d0e3233171716,208.72085069444444,74.93207875993818,19.973874564949323,0.06996930664307492,94.02756328307743,
15919,/localhome/local-lintran/MLA2/data/raw/original/images/15919.jpg,1800,2400,0.75,RGB,727904,4a6eeaf9c4e022ccb53b28f488eac1b2c80eaa638ba0bb9dd2924069ce99abf6,4a6eeaf9c4e022ccb53b28f488eac1b2c80eaa638ba0bb9dd2924069ce99abf6,9f91059da3a38899db500b650cbab6f4a36997cf02b11be90779494411e0104e,204d8f1b33270e00,200.53964583333334,82.88838638586437,22.166606067308532,0.13999201013674034,34.04165288681998,
15928,/localhome/local-lintran/MLA2/data/raw/original/images/15928.jpg,1800,2400,0.75,RGB,541390,5d9d6ffc26aac939d8601ec65a482a05733b8724a8045be7741cd9bd4374e0fa,5d9d6ffc26aac939d8601ec65a482a05733b8724a8045be7741cd9bd4374e0fa,9350761cad6c71b27044d12397fbdff3d7d873dd9df7843c378434d6c794e5e8,4996172b332b0b00,186.82733842592592,90.10369341311454,3.4020058059156195,0.01767574524707583,49.07928530072489,
15944,/localhome/local-lintran/MLA2/data/raw/original/images/15944.jpg,1800,2400,0.75,RGB,245722,77ae293199368e39ebad03c1e7f80ffd6ca40718f456592fffd5d8915abf70ed,77ae293199368e39ebad03c1e7f80ffd6ca40718f456592fffd5d8915abf70ed,e0a825ce44a72908079861ac75a8e96372302e20d88660712c9664dc6ad3be06,0600060727271600,209.23849490740741,84.03042695618296,12.245801015027327,0.08404194888570353,7.162099863359503,
15950,/localhome/local-lintran/MLA2/data/raw/original/images/15950.jpg,1800,2400,0.75,RGB,468929,8d496a8582d49158d3b4bcce8773ee344191a5fdd7fc8f865393a64d4f1be25b,8d496a8582d49158d3b4bcce8773ee344191a5fdd7fc8f865393a64d4f1be25b,7c0f7e112d6df2e8c728a28487aff2ab006aca326c91c5e9688430df6f3c2914,4d4e4b494a4a4a4a,225.56783194444444,74.6652584207074,4.227915413891258,0.03461176570563735,20.838259570624608,
15956,/localhome/local-lintran/MLA2/data/raw/original/images/15956.jpg,1800,2400,0.75,RGB,150446,902efb9efbe67ea343e47a5c960b185fb0c662b87dcd33c3aaa9ac05f0e23539,902efb9efbe67ea343e47a5c960b185fb0c662b87dcd33c3aaa9ac05f0e23539,1b3dc00af1825c8795d89c1814bf59e5ec29cfaf1bf1d79d3c735d2d879a4eba,484f4a4a4a4a4a4a,229.6492599537037,67.0153560462321,1.310520244909234,0.00825934796276031,11.705981148243358,
15959,/localhome/local-lintran/MLA2/data/raw/original/images/15959.jpg,1800,2400,0.75,RGB,466007,c3dde829605d0a15317575e98c31aa73917ee43ef06ffb0e9f5eb43b399832db,c3dde829605d0a15317575e98c31aa73917ee43ef06ffb0e9f5eb43b399832db,89080cba737f4dab14d91530d3744f7b60b5b1d0821132ce5221ffcb181b12dc,4d4e4b494a4a484a,226.46738587962963,72.17902274402248,4.100943361704732,0.014838826917638043,21.24753143889391,
15963,/localhome/local-lintran/MLA2/data/raw/original/images/15963.jpg,1800,2400,0.75,RGB,313982,fa6d1364eb35bc6813164c9269d8b1a2d6277f6c8cc0f40c456f72a8aed68591,fa6d1364eb35bc6813164c9269d8b1a2d6277f6c8cc0f40c456f72a8aed68591,1a9e64ccd342ee0702ff96afd798dc8b3b26a8874806d284e5a0ec5ee23b845c,1e09063633332f0e,175.9110564814815,91.62637844536626,18.426992489185206,0.09435374281094865,20.617853123045926,
15967,/localhome/local-lintran/MLA2/data/raw/original/images/15967.jpg,1800,2400,0.75,RGB,352852,e1faeb1c42d35de2a84d8aa8dae6c39e1e8c09fc9d9cfbd74075ea5417e581f2,e1faeb1c42d35de2a84d8aa8dae6c39e1e8c09fc9d9cfbd74075ea5417e581f2,69a3dc80b066ec54440a0c7a78d69af88d3ac615a7c3d5260acb0fef873f86dc,0f0d163617171f17,195.35975717592592,76.72803469015258,34.11534390294428,0.1360303752155104,70.38831642696681,
15973,/localhome/local-lintran/MLA2/data/raw/original/images/15973.jpg,1800,2400,0.75,RGB,348317,b2b7a6eb2f9f18f67d76b1307b886198cf929c33799b0bb010233354345615b4,b2b7a6eb2f9f18f67d76b1307b886198cf929c33799b0bb010233354345615b4,5cde7702ee61345fcad6db5d219e4f7cdabd37a12b6c736634acc19067d15664,0f4d96333b171717,188.01352685185185,82.4672720122073,33.99647870573368,0.13748227071466698,18.13964195558026,
15984,/localhome/local-lintran/MLA2/data/raw/original/images/15984.jpg,1800,2400,0.75,RGB,394394,16619f3a15fde7d1cf1ace22a15b3f742ea74a498c1971e4ff82de8e58254584,16619f3a15fde7d1cf1ace22a15b3f742ea74a498c1971e4ff82de8e58254584,29c27e1fa5456386238823646dbd4bd07bb92b3a10bbf8d0cef1c33674d8982e,0d4d0f333323371e,225.3346800925926,54.31334695349917,38.855412001479564,0.1379687243030621,27.368017554829894,
16015,/localhome/local-lintran/MLA2/data/raw/original/images/16015.jpg,1800,2400,0.75,RGB,349602,dd56e23957813cc419dc05902a0b57f8f84264737fd67ee7ebc84af4b14a9a31,dd56e23957813cc419dc05902a0b57f8f84264737fd67ee7ebc84af4b14a9a31,26673a877e58b9a7792679fef701ed6645867dc10eb088da3395d1479c00a7c1,084d0d4d96131300,218.64637407407406,75.56785912344488,3.1800901939273865,0.025076597421559724,123.0663148752866,
16019,/localhome/local-lintran/MLA2/data/raw/original/images/16019.jpg,1800,2400,0.75,RGB,375525,5fb57e35a5876777c3fb465b18dc944a7c6ee07a5b6f11190b346a01c6ffcde3,5fb57e35a5876777c3fb465b18dc944a7c6ee07a5b6f11190b346a01c6ffcde3,7187198e902c944b5ed6d88ece813a49d612f8a9cdda7b6e6dd0f673a9571ad9,0f0f169696969696,193.01762129629628,90.10850607353743,12.08790756573879,0.05017390137319831,30.35659626207184,
16020,/localhome/local-lintran/MLA2/data/raw/original/images/16020.jpg,1800,2400,0.75,RGB,363104,080c4e5f8da26aec73c10516cc35689babc27e8cc3f964a5c32857256ed27372,080c4e5f8da26aec73c10516cc35689babc27e8cc3f964a5c32857256ed27372,cb3c18b1e9e25554ff5f099f1161cae6ef455e3a2cda8b7312eafb471df7dc79,1f1e1e9496969696,196.83849606481482,84.4668389048671,12.63171778272833,0.059942805886876935,25.479505546677782,
16066,/localhome/local-lintran/MLA2/data/raw/original/images/16066.jpg,1800,2400,0.75,RGB,402464,75af5321dcf1350f4e5f3ba4b7dca0c5ab50d0e26ebf4f313990f5d22740f736,75af5321dcf1350f4e5f3ba4b7dca0c5ab50d0e26ebf4f313990f5d22740f736,fae3f9d8191d09c1a50b01368b4966b82e4372fd8bcd8459dcad24ca2047fac7,0f0f169612525a5b,193.40795138888888,90.30098389971671,16.62973192576578,0.06665323792904194,22.173758655828063,
16078,/localhome/local-lintran/MLA2/data/raw/original/images/16078.jpg,1800,2400,0.75,RGB,1682822,3ee25b9fc4c23134adf277c3fd6814378e7e37fde702091be50aac40306ff9d7,3ee25b9fc4c23134adf277c3fd6814378e7e37fde702091be50aac40306ff9d7,f1bc6897fea0bfe3adef7be93bd714012e4ba8e71c9cea6d252de7fd38e32613,0017232303230300,175.5578076388889,96.89658583615221,3.673590416935487,0.03033502205217615,113.04537599295953,
16096,/localhome/local-lintran/MLA2/data/raw/original/images/16096.jpg,1800,2400,0.75,RGB,185118,84e733f6d25ba069d149d832ac7a80093863c298e642512d3b7fd0f5006c5880,84e733f6d25ba069d149d832ac7a80093863c298e642512d3b7fd0f5006c5880,677f00506340a9eb16f1730a86576a50c4c5bca05923fc46b78c231c238e8d52,0011244b1b9f4005,239.15337106481482,49.640139669795936,3.5404709820293854,0.014476012341961615,10.83776835961926,
16108,/localhome/local-lintran/MLA2/data/raw/original/images/16108.jpg,1800,2400,0.75,RGB,354622,275d223651d90108e8e68aec8ae122d60b04e8a3da070f1bd1e2304007600002,275d223651d90108e8e68aec8ae122d60b04e8a3da070f1bd1e2304007600002,cc3932a4bf464e91cc07df6d0c75406da81103b39b296493b692c06d1bf932fd,00012441091e000a,241.60597685185186,46.5890570963729,6.80955084206247,0.020507297695894745,6.696258829523611,
16149,/localhome/local-lintran/MLA2/data/raw/original/images/16149.jpg,1800,2400,0.75,RGB,399972,18878943c53a4a52945c74cbc2eadb7f6d9b62d62d5d4593ca93255b25c6c019,18878943c53a4a52945c74cbc2eadb7f6d9b62d62d5d4593ca93255b25c6c019,9d1338fe04737ab661c8ae21ad4d99b4a2eae25cd66e11a8cf699a798b14515a,4d47468e8e0e1696,217.4864127314815,69.51034673259899,24.627187715500142,0.07449472110680665,96.84625176590473,
16169,/localhome/local-lintran/MLA2/data/raw/original/images/16169.jpg,1800,2400,0.75,RGB,199109,da4c28f09399c807c81cfb8382f99abf1e8644135d63b88a4c1870e5cefe96d5,da4c28f09399c807c81cfb8382f99abf1e8644135d63b88a4c1870e5cefe96d5,5b862680bdd073384630fbbd772a0b554acaf612a200c08386237cd28794c8ed,0834194c07034005,210.6520613425926,81.98312773028778,2.1961166391767697,0.014620712809871712,5.424760184348873,
16191,/localhome/local-lintran/MLA2/data/raw/original/images/16191.jpg,1800,2400,0.75,RGB,412668,2ea637edad294bcfd624d21204d5b975c00bc3757ebb8376a78862d2411c6350,2ea637edad294bcfd624d21204d5b975c00bc3757ebb8376a78862d2411c6350,abd8eafc859876ba298b26bd722017b8ebae781d6f783b133dc1401a2abc3a72,4d4d0f0c2f2b3b1e,231.61510439814816,49.697743396080995,37.02681645369352,0.09078269745656042,17.51101750851108,
16227,/localhome/local-lintran/MLA2/data/raw/original/images/16227.jpg,1800,2400,0.75,RGB,397320,3369677e8b4051a29e8035c7ad315fdfb0d453c690b9a7b752a2d8854b1b22f9,3369677e8b4051a29e8035c7ad315fdfb0d453c690b9a7b752a2d8854b1b22f9,5ce6898c896182c338dcc5955c01fee0c1d7d8f0b934e45c20762fd9d625d4ac,0d4c9f131f161e0e,201.23593796296296,73.36223597063386,38.09829462311317,0.12053516309670846,31.0669925195118,
16233,/localhome/local-lintran/MLA2/data/raw/original/images/16233.jpg,1800,2400,0.75,RGB,405756,fd87fe4b6ffaac21845a3e6000f128c7bb1fcd07b6b51f27a4007ae52ee860ef,fd87fe4b6ffaac21845a3e6000f128c7bb1fcd07b6b51f27a4007ae52ee860ef,6dc4a1c0f4559550e0c310acaf3d4d2e3a627d406c04ef54382ae69e587cb1ce,0d4c8f13333b1f0e,211.0702648148148,58.20853989770286,17.594041108804596,0.04583135586114172,54.53834734477408,
16290,/localhome/local-lintran/MLA2/data/raw/original/images/16290.jpg,1800,2400,0.75,RGB,324947,2fcab47d90308a662fefda01862e14309fa782ba11bcddfecd98f0a9732f195a,2fcab47d90308a662fefda01862e14309fa782ba11bcddfecd98f0a9732f195a,065ce3150016ff8cc8c8c88aea9255ae97d3295877889bc08778419f3975c95c,0d0c0f371f1f1f0e,214.28258402777777,62.372477338719655,47.65897680766146,0.1490786612338544,28.564914425994118,
16315,/localhome/local-lintran/MLA2/data/raw/original/images/16315.jpg,1800,2400,0.75,RGB,321419,81f724585b4e97c045b484c3d28c2c17e4958d0c7936ff1031879c83d0586741,81f724585b4e97c045b484c3d28c2c17e4958d0c7936ff1031879c83d0586741,291067c1125ce13663a66dba5110b23333c65641ce68c478bddad662bb839088,0e1c1e261e1e1e2e,207.6380800925926,66.89225850408191,65.8444981632587,0.21129390708860285,37.97001725375761,
16462,/localhome/local-lintran/MLA2/data/raw/original/images/16462.jpg,1800,2400,0.75,RGB,371865,7422b47dd982e48ed927ec256b1ba3a052f4eaed69770392540182711293ccb1,7422b47dd982e48ed927ec256b1ba3a052f4eaed69770392540182711293ccb1,9375e2208385bf1c1921a38d5f1db014d32c2aa9ce94c8a5c7f5c47e707aa38f,074c8f131b1f1f0e,206.94041828703703,68.34406186627037,25.732822318335582,0.10649796852929756,107.66274068412886,
16475,/localhome/local-lintran/MLA2/data/raw/original/images/16475.jpg,1800,2400,0.75,RGB,403759,090ba1882d5ff7d330849184035f0e77cc65bc61d5b11d0fc00929e66101817d,090ba1882d5ff7d330849184035f0e77cc65bc61d5b11d0fc00929e66101817d,a71202afa73ec2cb96c87e40bc3d7b5ff4b433effd9d61fb5397584d684187f3,0d4d8f37131f1e0e,204.50878703703702,71.10613650858039,50.48524266795123,0.18937752206791877,111.5155426248871,
16512,/localhome/local-lintran/MLA2/data/raw/original/images/16512.jpg,1800,2400,0.75,RGB,339176,a7ea40801d85dbe3efe7f81bd683aa7115171364330a0e75896efc7e5c834463,a7ea40801d85dbe3efe7f81bd683aa7115171364330a0e75896efc7e5c834463,1ee51913f7552d30075f20d9471d7ea522c5c6f11fad419c7906172c6e583554,1f1f1e96969696b6,211.00490694444446,65.5609865287703,35.639500751355165,0.09930570326446066,22.881597651636213,
16535,/localhome/local-lintran/MLA2/data/raw/original/images/16535.jpg,1800,2400,0.75,RGB,837583,2d316206562ee2524472f1170b48c63cfd399a4563e3a55c931c711c689c6e9a,2d316206562ee2524472f1170b48c63cfd399a4563e3a55c931c711c689c6e9a,afd24ba4b9a220991426476a022e0bddd049d8248e4644f220e3ef55c1b02827,0420060733330023,233.1589525462963,53.51206223111678,4.309977397614438,0.010783390114421565,233.812311077144,
16747,/localhome/local-lintran/MLA2/data/raw/original/images/16747.jpg,1800,2400,0.75,RGB,978849,49311bdaaf8cc08b27d42de9800f96e771a5f5ea67bff072cc702652275bbb75,49311bdaaf8cc08b27d42de9800f96e771a5f5ea67bff072cc702652275bbb75,bdc7c21776a69513008efdf863f63464edf95235eccbd1095b887db497d3b78d,0000030023232b00,235.4186011574074,44.833935551167066,27.76658431473231,0.0615427918200307,87.96987146529563,
16763,/localhome/local-lintran/MLA2/data/raw/original/images/16763.jpg,1800,2400,0.75,RGB,999196,ffab1b9c4a1e7eb33b80365f1e37839945a3cc0b670c228218ef8391e453fcee,ffab1b9c4a1e7eb33b80365f1e37839945a3cc0b670c228218ef8391e453fcee,20bc6ca581e3c75382b6c63f157b8b52ed87821bb456ca42eea278ed7f61e80e,00330897330b1700,207.7106625,87.62205081429951,3.7469333289987703,0.030637860597315943,38.3091690405058,
16767,/localhome/local-lintran/MLA2/data/raw/original/images/16767.jpg,1800,2400,0.75,RGB,338240,637307b219f7239c36b6dd1ccaa37cae2ff1a5abd30ba3c7141c474576875c36,637307b219f7239c36b6dd1ccaa37cae2ff1a5abd30ba3c7141c474576875c36,6008d0b9a6468010367d7e6ac84fee31b4778c869b3287f2d1229bcf056f1cbf,0c179616272b2b00,200.14957268518518,91.87333809155908,9.058349658517406,0.06314378571203903,50.16885777808657,
16822,/localhome/local-lintran/MLA2/data/raw/original/images/16822.jpg,1800,2400,0.75,RGB,393486,21b3b39e53c4f09c99ff90caa6e83d246c8c7a3077d66d3f21735de13fc2aec7,21b3b39e53c4f09c99ff90caa6e83d246c8c7a3077d66d3f21735de13fc2aec7,9c976eef403ca04d65668f11486a9e85340cfd357afa3456e0d66fb92ff71422,4d1d979e9e969e8e,209.1972988425926,71.92278033283752,42.038999817100624,0.1420325661471747,48.34662636929989,
16881,/localhome/local-lintran/MLA2/data/raw/original/images/16881.jpg,1800,2400,0.75,RGB,493536,d9c7958a9f1aca062e5d58a621c65fd17d855d1263a5546aecec5f7daa6be649,d9c7958a9f1aca062e5d58a621c65fd17d855d1263a5546aecec5f7daa6be649,689abd916c230d1da8dd133e3c1e75c46f96c8472e810ca7130120fe5e1ed54c,000110430b1f4009,242.59932800925927,42.862301614441066,7.428065263515197,0.01829892783821588,6.051385395678455,
16892,/localhome/local-lintran/MLA2/data/raw/original/images/16892.jpg,1800,2400,0.75,RGB,329408,9b7f11f6e5b137af6e58fcf99cfab553b3fbc747b5eebe4f55a8239e5a46878b,9b7f11f6e5b137af6e58fcf99cfab553b3fbc747b5eebe4f55a8239e5a46878b,10e2ed652de9611831546faae26a7ab65882cf4459c45bf9609ff6c302e8576e,00000841090f0009,247.0379162037037,31.6983701072167,3.043782790001079,0.006313168039718114,6.999360105606892,
16941,/localhome/local-lintran/MLA2/data/raw/original/images/16941.jpg,1800,2400,0.75,RGB,354933,8a223de53794d0f6f88a82d80c412adbf8d9a056f7be3d07880ba6c227cf91e1,8a223de53794d0f6f88a82d80c412adbf8d9a056f7be3d07880ba6c227cf91e1,e65fa6f2b5d2a2e34a0cc08eb0c502903eb7fd2c01b20f2fbc843a40aa018368,000910430b1b4009,242.13321226851852,42.38379161613593,3.7417144072703805,0.009397356231699289,5.957619213043378,
16946,/localhome/local-lintran/MLA2/data/raw/original/images/16946.jpg,1800,2400,0.75,RGB,378351,80df3b511e6883c4e32cfc03ba36a5a8d9523011e896c036e9ac90763df4ef3e,80df3b511e6883c4e32cfc03ba36a5a8d9523011e896c036e9ac90763df4ef3e,e6ac39a33f1fa73a0c54e17e59b89cb8e41e598777abe396587b18f1ac55c9e4,000920490b9f4009,240.80874791666668,45.200190564186435,10.322008716818715,0.024699644786685605,5.730203339586373,
17000,/localhome/local-lintran/MLA2/data/raw/original/images/17000.jpg,1800,2400,0.75,RGB,403218,7d9697635380154a4ec32af5c12f34deb1e9ace4a5646f55507f693559c78d47,7d9697635380154a4ec32af5c12f34deb1e9ace4a5646f55507f693559c78d47,bddbf567783366de30ee7ce859d67acfcf39ca9bd0dbabd739365024889c5660,0014603413432001,247.96706712962964,24.547955186776253,1.5441199953114693,0.002268402338401683,9.968453414854443,
17011,/localhome/local-lintran/MLA2/data/raw/original/images/17011.jpg,1800,2400,0.75,RGB,213188,420ff439db78ccaca5fcaee83599c9fd3bd0e36e60a4d409860bf0d66da0400f,420ff439db78ccaca5fcaee83599c9fd3bd0e36e60a4d409860bf0d66da0400f,d222c9b64a6a6ac457ebc2e49d9af092cedfc2936333eee7c8930f022f675865,001409741f0b0009,238.76932453703705,50.04557825805032,13.499538846549775,0.037367413814088056,17.488343176080964,
17013,/localhome/local-lintran/MLA2/data/raw/original/images/17013.jpg,1800,2400,0.75,RGB,492932,14eb9a9427f3e48fb00dfdce106e590329e8883fec66f34b758049c11dfc9736,14eb9a9427f3e48fb00dfdce106e590329e8883fec66f34b758049c11dfc9736,379f2a32ac2b88925529f9d8916b1be328a2c7f08f48898c3623e62252e546e2,0012017617032001,238.25749074074074,48.08915230917185,15.95824630988663,0.03901566403098336,28.705082100094952,
17015,/localhome/local-lintran/MLA2/data/raw/original/images/17015.jpg,1080,1440,0.75,RGB,212355,25bbbef21a334d3dee2bd040f5b68a6929cfd0e4b1163588ea3a3752213ac4a2,25bbbef21a334d3dee2bd040f5b68a6929cfd0e4b1163588ea3a3752213ac4a2,4af9bcbde08d18a274f92a1f8d3162dacc4a92ea77875a39112013e378e449c1,3000393837074005,237.2739107510288,45.152261095159005,18.25673113225517,0.03919697747567015,39.61097532723271,
17029,/localhome/local-lintran/MLA2/data/raw/original/images/17029.jpg,1080,1440,0.75,RGB,159089,5d7251d70269477bef017302d7dcb6f0298413b50cb5bb91fe5e6ce7a30b81bf,5d7251d70269477bef017302d7dcb6f0298413b50cb5bb91fe5e6ce7a30b81bf,cee3fd7c6c6976f47460c996bba15fb4e2bfcc14310e4f747b63eced6b8ef5c4,0017173733333300,192.0063554526749,90.25619576494499,21.165881143113467,0.06040679093628373,154.382610654208,
17036,/localhome/local-lintran/MLA2/data/raw/original/images/17036.jpg,1800,2400,0.75,RGB,564303,1003c61f7615434b16b6bf63d1c1849e6359998f2f1b31d9d1acfc7bfe9d43a0,1003c61f7615434b16b6bf63d1c1849e6359998f2f1b31d9d1acfc7bfe9d43a0,b8e31fce37e80db796cc9a5f60097699631d1eaa518ac583ea53d3ded717203c,0804594e25030001,244.54316805555555,24.736942953893163,6.5210037004930825,0.01385575833833442,12.3837015678918,
17065,/localhome/local-lintran/MLA2/data/raw/original/images/17065.jpg,1800,2400,0.75,RGB,964557,d99e8bd3d62f34e6bce5b3b000fe366989ae60f805cbee5fd8b8d4efb8c066e5,d99e8bd3d62f34e6bce5b3b000fe366989ae60f805cbee5fd8b8d4efb8c066e5,fd5a4a7856c0c7eb872f2e9d4cc78acfc46e9038449b58d4077bb699b73145bd,04010e0f170e0006,236.96209212962964,43.24857461826785,21.97812478197161,0.0505388108669601,34.17167118275088,
17080,/localhome/local-lintran/MLA2/data/raw/original/images/17080.jpg,1800,2400,0.75,RGB,355679,52e926010a8e478ef06e13cadcfab1146108098a7acb2d1d508ee174e58cb65b,52e926010a8e478ef06e13cadcfab1146108098a7acb2d1d508ee174e58cb65b,8c34693868480109ff4637c93d8262d3500dfb4d8a2875f52c2f1d77c47febd4,0000020149030001,219.13871921296297,59.878795648564505,60.27287140914077,0.19511445716910003,26.08546955696056,
17085,/localhome/local-lintran/MLA2/data/raw/original/images/17085.jpg,1800,2400,0.75,RGB,354396,c36d474e81fafceaf1865b4bed901685e0597fc9374efb657cd046532b40236b,c36d474e81fafceaf1865b4bed901685e0597fc9374efb657cd046532b40236b,ccef9ee7936b54977c841880aa25f1c01c63a52e30878f3cd9b52bb5f47620d0,00002f7549090004,221.468325,54.96908517462443,66.34315247182111,0.16854082396585948,24.833671923851874,
17088,/localhome/local-lintran/MLA2/data/raw/original/images/17088.jpg,1800,2400,0.75,RGB,997145,ca26da0de5425d560f9d55f7bfa780df45345f7dff78025e9ecc3cb36c25b412,ca26da0de5425d560f9d55f7bfa780df45345f7dff78025e9ecc3cb36c25b412,bff8826f3c10b84048a4a7257f3be5b16ed9f7599de1c241772e27b5b0e143bc,0001000941410300,213.19203078703703,69.89574871073518,24.6769162771492,0.11437654163014034,32.51172908126636,
17105,/localhome/local-lintran/MLA2/data/raw/original/images/17105.jpg,1800,2400,0.75,RGB,305317,b55a5317a4b3dd6a34602ea7c0d899c5a8dee5a02b894ddb269cc67d69520024,b55a5317a4b3dd6a34602ea7c0d899c5a8dee5a02b894ddb269cc67d69520024,61c464d6c439191a0c7f5cdde345bf764cc932675d61b2affb994e2a31c09c45,0001001b45410100,209.02255578703705,77.67796536964619,53.53098146108059,0.18064521274602868,21.652767780634104,
17179,/localhome/local-lintran/MLA2/data/raw/original/images/17179.jpg,1800,2400,0.75,RGB,383456,658ccdd443c5867d07fae139d541d6262640eeb527ac8297c81e87f1800ff9ca,658ccdd443c5867d07fae139d541d6262640eeb527ac8297c81e87f1800ff9ca,0ee9a9e2870b563122ba8a55e6fea7cee75afc1e33beb6dea97c8586edf311d4,4d0d0f132307070f,225.67667870370371,52.50229020495475,21.039779059621633,0.07083474598897195,8.395104333124898,
17193,/localhome/local-lintran/MLA2/data/raw/original/images/17193.jpg,1800,2400,0.75,RGB,384934,9bab66fc2c02f5a269f935922aecd9ccc4232fcc66bfd525df86a539cad08880,9bab66fc2c02f5a269f935922aecd9ccc4232fcc66bfd525df86a539cad08880,ab52bc741dca0cd44a98c0617aed6272ecfd97c6945bde7efb148745f2d4f779,4d4d0f232307078e,211.3339814814815,65.44729231716012,21.805280673439956,0.08745306617548607,134.0288830218393,
17195,/localhome/local-lintran/MLA2/data/raw/original/images/17195.jpg,1800,2400,0.75,RGB,327734,25c3281fdbb9149185e00b4a68ee4ce36107832fa041fb40778650f8ee871e42,25c3281fdbb9149185e00b4a68ee4ce36107832fa041fb40778650f8ee871e42,14530e8641b8b7f2fcb765e2577d9cc40ecb479327c80dcf4a5afc6be2210bda,0f0d9713232f0f1e,188.72311689814813,90.5767794923269,24.901267809399886,0.1265217702501738,33.10261944463744,
17229,/localhome/local-lintran/MLA2/data/raw/original/images/17229.jpg,1800,2400,0.75,RGB,171490,40d251dfce8abea4bc957efd58e5a4d507419f624386a5332d109d0be332a5e4,40d251dfce8abea4bc957efd58e5a4d507419f624386a5332d109d0be332a5e4,e823bd377b4aba7a15bfdb83c500e26d78fdc64013fbe7e35a52d4a4aec9cb51,00011045091b0008,248.65391712962963,24.708575645777977,18.378345099890584,0.023608459374558525,4.412718682692976,
17231,/localhome/local-lintran/MLA2/data/raw/original/images/17231.jpg,1800,2400,0.75,RGB,179493,47074b364397355a0a3dca4f2b8b407e483574cc2ae2d8ecd94a3e886254b140,47074b364397355a0a3dca4f2b8b407e483574cc2ae2d8ecd94a3e886254b140,da1ff6dc439fdf3e52df07fe3b7c1b0951c044952dd096bf4ddec11d51ac8a6f,0009004b0f1e4002,241.6709277777778,43.03824443091033,5.8504413139549944,0.015521549107042856,4.325818106023761,
17256,/localhome/local-lintran/MLA2/data/raw/original/images/17256.jpg,1800,2400,0.75,RGB,322419,f25094991de2041d12644335c37ae0d22b85af075a2ed8fd8f60acbb89a3dd2f,f25094991de2041d12644335c37ae0d22b85af075a2ed8fd8f60acbb89a3dd2f,89001c7fe4c878539584a3007a7f3dc959fccd4e61b5827f3ffede6723692172,0d0d071333238796,193.76273078703704,81.11544943118069,48.98208942475832,0.2131564265899338,15.262092683943584,
17272,/localhome/local-lintran/MLA2/data/raw/original/images/17272.jpg,1800,2400,0.75,RGB,342481,eb9b9a5759ab958bb3db36cf625f7f6e92978d1a1fc87dd29f352479591fb7bb,eb9b9a5759ab958bb3db36cf625f7f6e92978d1a1fc87dd29f352479591fb7bb,2b4a2eaa2e7792337b2e49444176fb563a29cd5070caed8031d185bc2cf23a8f,0d4d8627070f8e8e,195.0998349537037,82.17842985366354,32.12339433059908,0.14382163118159613,20.145400426133072,
17384,/localhome/local-lintran/MLA2/data/raw/original/images/17384.jpg,1080,1440,0.75,RGB,410928,5f468efc56e226cf876721f94b6ab7aa897b97a8d234886897b681264812b46b,5f468efc56e226cf876721f94b6ab7aa897b97a8d234886897b681264812b46b,d94d722139243b100280dea3ba213be7d7a82a3397a1ff81bdcb9298eb4a92e0,08978d4c97133318,221.22590020576132,61.168746688675036,14.909394174914258,0.06765978640262621,61.626833725883884,
17398,/localhome/local-lintran/MLA2/data/raw/original/images/17398.jpg,1800,2400,0.75,RGB,1306590,4704f3fd276ea648e62b43f1daeded6d9557829f6bfdde392637babfa24d5f6e,4704f3fd276ea648e62b43f1daeded6d9557829f6bfdde392637babfa24d5f6e,f2f646c498ef011523c9f05e9453c2d44c060b89691c509bfac8298a0eac48ea,9a9a1a9a1c0f0323,207.0096976851852,86.15814586567227,26.199980296922153,0.09920421546385325,185.40599458069894,
17435,/localhome/local-lintran/MLA2/data/raw/original/images/17435.jpg,1080,1440,0.75,RGB,113780,59ea28cb8d861a6c3f8b691a52ef1df1f4cf41b1ce7ac95813070b5171c2873b,59ea28cb8d861a6c3f8b691a52ef1df1f4cf41b1ce7ac95813070b5171c2873b,1e3a156c11e4b4b4853a0b953eb376e57e7504fd8be56447f1cefbc61e619a24,0d8d0e0b2b0e8f0d,224.79577932098766,54.63773180283288,9.146444939045425,0.02239217244578943,88.65972753130751,
17459,/localhome/local-lintran/MLA2/data/raw/original/images/17459.jpg,1080,1440,0.75,RGB,314635,32882389d5b08e90032a4b58fca7a075814c951c0f62cc023d8137b69f52caef,32882389d5b08e90032a4b58fca7a075814c951c0f62cc023d8137b69f52caef,8b5da507269aa3d279e33f3876bc7f44c7e6b145f832a238583fb8266b63ec60,160e0f17170f0e16,226.64128086419754,46.184178566935636,6.877874138083365,0.027599844200649048,20.12608787984092,
17504,/localhome/local-lintran/MLA2/data/raw/original/images/17504.jpg,1800,2400,0.75,RGB,404716,1e9feec919107aac5507e0787f8d18f2d486ffb8f73cf3acb792b0dfef561532,1e9feec919107aac5507e0787f8d18f2d486ffb8f73cf3acb792b0dfef561532,1bc03b3e0788293677d290eb16c1457a273733c92107fc66bf344d7891099ded,0d0d0f3333232b0f,227.70472407407408,44.281515870346134,31.91152024746408,0.0787037583568128,18.98431424998263,
17510,/localhome/local-lintran/MLA2/data/raw/original/images/17510.jpg,1800,2400,0.75,RGB,409728,102a7f23840ad40b6c11291d5f9858f22b9b8220346c4fbb330310f1f78aae4f,102a7f23840ad40b6c11291d5f9858f22b9b8220346c4fbb330310f1f78aae4f,3f607a29c2ef4232fd801f09149d87485c81faf5a6bb125d4951a4d2cfc0290d,4d4d2f1323230f0f,231.57512708333334,45.73636389978112,28.84109484787492,0.06578606595789982,21.783801616526553,
17553,/localhome/local-lintran/MLA2/data/raw/original/images/17553.jpg,1800,2400,0.75,RGB,353578,96fe07680bf5ec4d6c2c38f0d89aa88a63db5e43e321ebaa088c6784d8afc48c,96fe07680bf5ec4d6c2c38f0d89aa88a63db5e43e321ebaa088c6784d8afc48c,f0572d1c1c3bfaf8011fc5bd9c5316079ccc91e31951aa03293441934ed72d5a,0d4d0f3333171717,214.3083689814815,71.07318746309225,20.682987323222072,0.08017971932111335,17.056667593042913,
17608,/localhome/local-lintran/MLA2/data/raw/original/images/17608.jpg,1800,2400,0.75,RGB,398245,3a75c13f5701c93a2fdfaa42103e04687ce0ba08d48f28df502365f3c8cf002a,3a75c13f5701c93a2fdfaa42103e04687ce0ba08d48f28df502365f3c8cf002a,48d9e2c76ca75f391599da8d6d7d6be96ec69fc7beb38a7b4917158211069e7f,22101617949e0c00,232.15892175925927,48.9174666259063,47.90843866940656,0.10251589922168441,16.23229417077746,
17667,/localhome/local-lintran/MLA2/data/raw/original/images/17667.jpg,1800,2400,0.75,RGB,455949,d727d8a7bc3bf294fd5785f06d1791ac23d6b78dc73cdd704a24b295d90c8c02,d727d8a7bc3bf294fd5785f06d1791ac23d6b78dc73cdd704a24b295d90c8c02,eee8666c4c9b5f24d8542ef642eb4a0b44bfa56750cd34df89cc4ff12014f015,001a192c0703400b,214.79125185185185,71.08365420760909,6.132896083764992,0.010791761704435238,8.49833784941754,
17688,/localhome/local-lintran/MLA2/data/raw/original/images/17688.jpg,1800,2400,0.75,RGB,238645,be8fd79c3bf5a5eb85fb0a8e9e91fcb016fb2447214cbc357013b2d6d8573552,be8fd79c3bf5a5eb85fb0a8e9e91fcb016fb2447214cbc357013b2d6d8573552,f8fb336c114513cf56626ca72443215c8fb37e627ce7b899dc9d3b9f72a6b389,3004313e0f07200d,233.78546041666667,49.58649350656328,24.34248219457247,0.06274217142526511,11.324378285740753,
17712,/localhome/local-lintran/MLA2/data/raw/original/images/17712.jpg,1080,1440,0.75,RGB,282697,9da2c90cf4f0bc34a4c4993e9607bdc816273018de6d1a00d336c888fe6b9f3b,9da2c90cf4f0bc34a4c4993e9607bdc816273018de6d1a00d336c888fe6b9f3b,f88f8a9ab9745ca60f1f8de4befe13c93d2ba92e35d10ffc96c69860d683465c,3004313e1f074008,238.26805491255143,42.759500112627116,3.348719903252782,0.008183980826528435,84.37373836827676,
17715,/localhome/local-lintran/MLA2/data/raw/original/images/17715.jpg,1800,2400,0.75,RGB,380891,382b51e5314ff3374cf8f962a0f99cde99dba32e5f9125dd72fb14046d8892ad,382b51e5314ff3374cf8f962a0f99cde99dba32e5f9125dd72fb14046d8892ad,6fd7889e425a5c260ad316e2617a86dcbdd7bad47cf1a16a4304b89cc28bd072,8e37332b331b3323,129.51317708333335,100.8964202415932,7.772906580797649,0.08507983220426858,30.155395678454806,
17741,/localhome/local-lintran/MLA2/data/raw/original/images/17741.jpg,1800,2400,0.75,RGB,248854,907809179c8eeb92f87e3f3ec69258b208b7ab358159d08f6d8b1cb06abd65f5,907809179c8eeb92f87e3f3ec69258b208b7ab358159d08f6d8b1cb06abd65f5,a16937490284e5f2da9c2da06d71d0d1faaa700a385751cbacea15cc88f20ab3,3804393e0d030009,232.92290949074075,51.71786022781804,10.28889018922698,0.024960297813379415,15.890184812061419,
17774,/localhome/local-lintran/MLA2/data/raw/original/images/17774.jpg,1800,2400,0.75,RGB,706388,caadf586c0d809fd662282a5bd3297f6a781f2d221f4fd28c70d5556c7dd65cc,caadf586c0d809fd662282a5bd3297f6a781f2d221f4fd28c70d5556c7dd65cc,d7f4167ac7ec5d7f8e1898b2618dd70ed60ae2fe8a9e11bc6a480cd9324bd5da,04410e1b23060006,228.4677349537037,66.27094364051129,4.027127473362574,0.019502701681463574,30.872744158039787,
17832,/localhome/local-lintran/MLA2/data/raw/original/images/17832.jpg,1800,2400,0.75,RGB,1195780,92f415dac3c054405eba611de2fc70aa0213b03de061ebad517903541f216166,92f415dac3c054405eba611de2fc70aa0213b03de061ebad517903541f216166,896a97cb8bb5e83358f7b49def44424238e3850b6d54f554e5c565b7de058a24,043a1d4e4d030001,213.1341965277778,81.2145078083987,4.665991993846174,0.04641653972834536,75.77887422126497,
17857,/localhome/local-lintran/MLA2/data/raw/original/images/17857.jpg,1800,2400,0.75,RGB,806811,903fe3fc97dab40c9115acd64829c4cbb32423662f31c0dfc8694637ad32db20,903fe3fc97dab40c9115acd64829c4cbb32423662f31c0dfc8694637ad32db20,824099981e449e0699b9506d1e68e2e6b9889c9a0bdc36887b6eedd5c417ac8c,000323211513004d,183.51746782407406,93.01621406330952,5.57503401025576,0.04359420846802024,22.911064406308622,
17870,/localhome/local-lintran/MLA2/data/raw/original/images/17870.jpg,1800,2400,0.75,RGB,731742,c1227e6a714a123bd22c2275a5dd028f90cb26959f242214237aaf2971f5be12,c1227e6a714a123bd22c2275a5dd028f90cb26959f242214237aaf2971f5be12,1e7bf1ecbcb50b21d4561ed063d38f9860a3c3d9a103e65bd2ab02ff47d714ce,010041230f0c2314,215.98252222222223,82.02701064051936,5.909188461992129,0.019872266908996565,38.19033071632043,
17903,/localhome/local-lintran/MLA2/data/raw/original/images/17903.jpg,1800,2400,0.75,RGB,461225,77c3670c26b33e40a833b6a82e829ffe32c197da2cf11d27bfa20a1cae7e5bc0,77c3670c26b33e40a833b6a82e829ffe32c197da2cf11d27bfa20a1cae7e5bc0,c27f670c49382b2dae2ea6f52510802fbd8f8df55d71e9976edeeeeced6e50b4,1c8d9d9d95959514,211.8573849537037,81.06665756964071,3.1109801652667706,0.02266624949305436,13.516925820421964,
17914,/localhome/local-lintran/MLA2/data/raw/original/images/17914.jpg,1800,2400,0.75,RGB,337341,f28af1566db39a95e339e727c2af8c8b65b4b409faf10a9b2392c50628220a55,f28af1566db39a95e339e727c2af8c8b65b4b409faf10a9b2392c50628220a55,6cf2d82ad50dd88a5080bcbefeb180a869a591ddd86f4a1f8d77b1e15415e9fb,0c0f231796971700,170.48584027777778,102.77136340252268,5.558499587661635,0.08414639617505745,19.527312582505385,
17927,/localhome/local-lintran/MLA2/data/raw/original/images/17927.jpg,1800,2400,0.75,RGB,340997,656bafb7505f4c04483e45939ac110e4a428078a5774ffc84030ab05dd30730b,656bafb7505f4c04483e45939ac110e4a428078a5774ffc84030ab05dd30730b,4653612b58978becb3b5bf586f40119e69dc022eb961101af33b733779f18db7,0c9d9e969696b636,199.17207106481482,98.51907550121179,2.73265516409223,0.05439327556266013,21.041188309131755,
17945,/localhome/local-lintran/MLA2/data/raw/original/images/17945.jpg,1800,2400,0.75,RGB,360115,2c2201327a5df199dd8332f522030b8510865bf6716926b21dfa8f79c62d2bbc,2c2201327a5df199dd8332f522030b8510865bf6716926b21dfa8f79c62d2bbc,612df95ee253e5ef4833d49cfc890cabcff57963fc4902e8c723ff76a87235f6,3307979696969696,184.63804930555557,97.72138810338399,36.16456366475027,0.11504482394705141,29.125279186641656,
17952,/localhome/local-lintran/MLA2/data/raw/original/images/17952.jpg,1800,2400,0.75,RGB,1024895,da6f59a90c7881a4d89221cb1e15bd6b0a0933f87ff771e4a69650adafbf0a09,da6f59a90c7881a4d89221cb1e15bd6b0a0933f87ff771e4a69650adafbf0a09,63fa4704eee46511060d3abc2992df25d5603cf84845810d0c4d83d6bcd075d6,16000e970b0f0003,214.98054953703704,78.36143990683226,51.21587817323664,0.1685611695843861,48.365870446281754,
17985,/localhome/local-lintran/MLA2/data/raw/original/images/17985.jpg,1800,2400,0.75,RGB,505339,0b40601e1990ed609c2ff6a096ede9cee5dc12e775b70a832c1395f32db02657,0b40601e1990ed609c2ff6a096ede9cee5dc12e775b70a832c1395f32db02657,9a754a8d8331e868bf48bdd415c69f270b720e79d0f837ada83661289f50b8e0,224d9636332b0700,197.62607569444444,86.6838742255594,2.683719151719547,0.017153302710983562,322.6614479260752,
18035,/localhome/local-lintran/MLA2/data/raw/original/images/18035.jpg,1800,2400,0.75,RGB,868766,907d28e12ba26cb4b322ab419d9a18ba4b2f37b4f604bd5566d4fb6a0ec88b47,907d28e12ba26cb4b322ab419d9a18ba4b2f37b4f604bd5566d4fb6a0ec88b47,45118b5b93c5e7bea2501a07f33e2b68e1e4ac6deb0856d981f1d0caadafafcb,084d9633333b2300,208.17674861111112,73.08469971307738,47.804748160307135,0.16608290356858046,25.32696750735311,
18041,/localhome/local-lintran/MLA2/data/raw/original/images/18041.jpg,1080,1440,0.75,RGB,120891,93d10ac85cc1a5c0c2e595350d831551d6458ffe03aaa847292e9afcc030fcc6,93d10ac85cc1a5c0c2e595350d831551d6458ffe03aaa847292e9afcc030fcc6,4b62ad547e7beda53a788d19a5662f492fbd3caaeddc70966fbcb870d748537d,004d14172b3b3300,204.05659915123456,83.98796994377106,19.01413680686665,0.11057106365338676,64.26502471137881,
18042,/localhome/local-lintran/MLA2/data/raw/original/images/18042.jpg,1800,2400,0.75,RGB,434181,5365a50f0f1b441a3958311c2bfe035570e151ee3476d35423117252fec980e9,5365a50f0f1b441a3958311c2bfe035570e151ee3476d35423117252fec980e9,0f6d03378459872b6602687a385c0504cdb1a836b6485907e6b9fa84f10505c4,000d1417330f0f00,223.77156273148148,52.63114543142312,17.95093400937786,0.0726888471054333,24.17701892123486,
18045,/localhome/local-lintran/MLA2/data/raw/original/images/18045.jpg,1800,2400,0.75,RGB,323997,e4ad59eefc05a007ead540391f8e3323ab6c6fb3ba6c7ca27d1e62918cc8b0aa,e4ad59eefc05a007ead540391f8e3323ab6c6fb3ba6c7ca27d1e62918cc8b0aa,e0f62f8d2582dafa9be869dabd05a7ac8f43cc6e3eac59504a18f4220c113dc1,0001006b0b3b3100,234.17157384259258,45.78958497098097,29.160876797616766,0.05867850990098185,19.389209337872575,
18050,/localhome/local-lintran/MLA2/data/raw/original/images/18050.jpg,1800,2400,0.75,RGB,318815,7cf8114e2c2c98913e2bce9bf6e19598c4879c36bcb4159a1f277361b7c5acdb,7cf8114e2c2c98913e2bce9bf6e19598c4879c36bcb4159a1f277361b7c5acdb,06cb9e37d1442d6f468069f7b3c206c7e085770b51d3558afd258b973b637f05,0003003b2b2b1300,211.39629583333334,84.35562616575248,5.42193725837419,0.04135858230246707,13.565047592579726,
18135,/localhome/local-lintran/MLA2/data/raw/original/images/18135.jpg,1800,2400,0.75,RGB,380268,ebcf62e5a5bbd10769243e46d950d1dfb898e46182594008d4c9ab6958148f40,ebcf62e5a5bbd10769243e46d950d1dfb898e46182594008d4c9ab6958148f40,5515563d5ae23c0d22a9b61fea3fb92608a532e97161bbcb5deff0fb17f668c2,2b0f0e8d95959536,217.18182592592592,63.88357316518214,29.577921214773667,0.07438175182841204,15.353271150327705,
18208,/localhome/local-lintran/MLA2/data/raw/original/images/18208.jpg,1800,2400,0.75,RGB,214878,570b48a7a9deb3f2b29ab2d61c2d9892454fcfd400005dafd19773acb22a88ca,570b48a7a9deb3f2b29ab2d61c2d9892454fcfd400005dafd19773acb22a88ca,a586b6ee7509ec49c9094c663d381b4a2fe53b2a7f244c57641f2aa333869cca,08000f0e3b230023,242.81732222222223,38.04419593193269,18.972818826673038,0.02764588549480858,10.980469672757591,
18255,/localhome/local-lintran/MLA2/data/raw/original/images/18255.jpg,1080,1440,0.75,RGB,205943,c2962b198b2fcc028b3c73bc9e934747d6136ffa12891909aeb3e9e05ea1a809,c2962b198b2fcc028b3c73bc9e934747d6136ffa12891909aeb3e9e05ea1a809,0b3934b4b9aa3bf1817d5a02b893adfcc996ae7c98f8187cd789514e52ac68bd,5e193c2d2f1c0d0d,212.287985468107,62.69088439770699,27.66864835315033,0.09548007565239638,104.12863817135796,
18256,/localhome/local-lintran/MLA2/data/raw/original/images/18256.jpg,1800,2400,0.75,RGB,368534,2c395acbbb03a128acea9bccf2fcbb0ca88d47713880c8033e1b87a39ed7fc91,2c395acbbb03a128acea9bccf2fcbb0ca88d47713880c8033e1b87a39ed7fc91,ad4fdfc636a6eb9304523e41c24543f5ddaea8fbf489421bea6ee968a663ec12,0d4e17234b131613,228.2291673611111,44.95065091046296,22.145022753111743,0.0611750593755865,55.664456796127745,
18291,/localhome/local-lintran/MLA2/data/raw/original/images/18291.jpg,1800,2400,0.75,RGB,315477,dffdd12b1da2bd1c5830a1b3c9b5b16d264bf35fefc2d3f9e95eadc5edc96e20,dffdd12b1da2bd1c5830a1b3c9b5b16d264bf35fefc2d3f9e95eadc5edc96e20,1a007eb468eaa690de9e09ebac1f24ce0a0a2fa17ffb19af46707cbde9312763,4d4d16624b0b4a96,224.4058861111111,49.753203786493614,35.32054860785269,0.102554207473736,21.374513305078857,
18305,/localhome/local-lintran/MLA2/data/raw/original/images/18305.jpg,1800,2400,0.75,RGB,330264,83dc342a19483364763ef114e22bfcc7851aadf7a09998ce4c53ba5c38eb889d,83dc342a19483364763ef114e22bfcc7851aadf7a09998ce4c53ba5c38eb889d,aff9aba89bbd1a0787c63959796a705e892e0025ea22fb3c0052f5d42f5feee2,0d4d0f333333331f,222.3397099537037,53.01231765204951,24.260850890596718,0.07908500975486843,90.42497151393039,
18356,/localhome/local-lintran/MLA2/data/raw/original/images/18356.jpg,1800,2400,0.75,RGB,870300,1f9a68f80cfcd497633a838778a6d196efd630578471f934a5696b5f8f09d674,1f9a68f80cfcd497633a838778a6d196efd630578471f934a5696b5f8f09d674,a82a3f605f08c8dbd6620bb8efb3c7967f8958c28b10a115449845735902440a,1a1a1a3d1e032313,183.9954548611111,109.0527089893072,19.892195426876636,0.061143938397073466,16.703929456448737,
18363,/localhome/local-lintran/MLA2/data/raw/original/images/18363.jpg,1800,2400,0.75,RGB,786075,5fdb37d9816d691e2bcc34ac85030562070a6ced3e716ca051c3f41ac85ee5af,5fdb37d9816d691e2bcc34ac85030562070a6ced3e716ca051c3f41ac85ee5af,543bc95cc243fbbee4348e8e7a275a6ef6083ce4ea3926651260a8c1adc14991,1820397c37034009,230.67069560185186,57.09247273188593,24.319209365248398,0.029884857688483545,16.896896871164223,
18430,/localhome/local-lintran/MLA2/data/raw/original/images/18430.jpg,1800,2400,0.75,RGB,1379261,5c3436fc0d4dff6ac483af33cde607b54aa1f6b99167654a89862f83a0267513,5c3436fc0d4dff6ac483af33cde607b54aa1f6b99167654a89862f83a0267513,dae413bb483800da4cc5663be54fed197c9effa7f4294165201f5dc0c8136df0,420c17332b232b00,183.07175046296297,98.07569617213451,4.680704308950452,0.047616028062403656,120.31743810648695,
18434,/localhome/local-lintran/MLA2/data/raw/original/images/18434.jpg,1080,1440,0.75,RGB,221123,068bfd005d970637606086102111e1de959c58859dd77df8b94d1755be6cc5e7,068bfd005d970637606086102111e1de959c58859dd77df8b94d1755be6cc5e7,b21503a1ac7dcc4037b1788d595395dc506f6d48ab882d50f760f1f73cb6b484,4c16222f2f2f1700,214.93915380658436,75.88287581007869,16.902574606368983,0.07430759894045515,90.81966742602674,
18455,/localhome/local-lintran/MLA2/data/raw/original/images/18455.jpg,1800,2400,0.75,RGB,374710,b31708720a89b05ee2ad0db0a8fdc3228c647d60aabadb8ea1015f531756bbc4,b31708720a89b05ee2ad0db0a8fdc3228c647d60aabadb8ea1015f531756bbc4,ad030d17d1d3f019b4de9d5be94b7074916a876b69b08f0b1d48820574b4e9cd,0004500647676710,229.80418819444444,56.22409038759748,35.729837879675856,0.0886345821572107,32.57541513235601,
18480,/localhome/local-lintran/MLA2/data/raw/original/images/18480.jpg,1800,2400,0.75,RGB,317134,392f518a94639e2a7acd5ac7167eda0b39e6a80dffaad1abb8a59854a0897d9e,392f518a94639e2a7acd5ac7167eda0b39e6a80dffaad1abb8a59854a0897d9e,c493b5629e3285457c88aed5af3c7442fccc73c9cfb323dd02e3ecb4cf51a345,04623d6e2703600d,205.26781064814816,88.24723965178991,1.4604250393229714,0.010790244598321074,11.698033303226106,
18518,/localhome/local-lintran/MLA2/data/raw/original/images/18518.jpg,1800,2400,0.75,RGB,345152,b0fcb78ea712f98799a4ea2bc944168132fe4aec56fce8bcc0985d4b5e91c132,b0fcb78ea712f98799a4ea2bc944168132fe4aec56fce8bcc0985d4b5e91c132,13cdffedd8c6cdc29b76e22dbe967ce9a7b4fe1f2f5e3239123f22cc1354c285,0d260496336425e5,159.91157060185185,89.65603825594125,31.3822918052552,0.19026692369713097,33.63947034438037,
18525,/localhome/local-lintran/MLA2/data/raw/original/images/18525.jpg,1800,2400,0.75,RGB,1342048,e382e866222f595583e5cc01c2dc58087da2212dc9e6e95d971eaed611f0429c,e382e866222f595583e5cc01c2dc58087da2212dc9e6e95d971eaed611f0429c,6b5243963ef3a564badd76571ec7a065263da82044d17fed23ee6432001e4929,4d8e172b33969e4d,202.08126296296297,72.362562870086,84.18575272627221,0.2894442540477398,76.06302485004285,
18531,/localhome/local-lintran/MLA2/data/raw/original/images/18531.jpg,1800,2400,0.75,RGB,1064627,6d90849cc01d945537425a9b7274e453d27bb7ca33de985ae3d606fe51c8f402,6d90849cc01d945537425a9b7274e453d27bb7ca33de985ae3d606fe51c8f402,15941f6c27c0c0524ea4fe095158a4ac23d8f48e2d7e8b262ebbf8cae35f744b,9e1e070d0f179e9e,224.15805046296296,48.77917439143898,81.14131538475833,0.17863762110290185,35.87959818430255,
18588,/localhome/local-lintran/MLA2/data/raw/original/images/18588.jpg,1800,2400,0.75,RGB,352806,865b2abc99cf833b377eadd938d6038ec3f74bed26c1bcb58e18889beb440da8,865b2abc99cf833b377eadd938d6038ec3f74bed26c1bcb58e18889beb440da8,769793fbf5c87d9e9858ca9934a0fdf5789adf620ac248df2fa69aabf7043786,1d1d1d1d2e974322,181.05540763888888,103.02624144840135,14.534133270682162,0.10722600533336633,44.90719678547442,
18592,/localhome/local-lintran/MLA2/data/raw/original/images/18592.jpg,1800,2400,0.75,RGB,845795,40b34d8469b07ec3aaf3ac05241560b4acc481ddb94db117573b6a8259382032,40b34d8469b07ec3aaf3ac05241560b4acc481ddb94db117573b6a8259382032,da777192a5d834155525b9426de44a2e4b4f8f3bae7c2b30f7c7504c3f19695d,0c2d0d4726130103,224.47773819444444,64.55200643641969,3.4914069749395984,0.026928832839744368,32.09452117927696,
18637,/localhome/local-lintran/MLA2/data/raw/original/images/18637.jpg,1800,2400,0.75,RGB,350249,9b6fb456a7736551cf83d2bfdba5816558591b2b5b8e6ee2a0ee3244c9737774,9b6fb456a7736551cf83d2bfdba5816558591b2b5b8e6ee2a0ee3244c9737774,afc6ae7306c61d4c67689c884e093278d1a8c70a7cc2a2351489556df463018a,0f4c87330f0f1f96,191.2301611111111,80.57469076618685,32.81556625112657,0.15581817027575937,16.144107436485328,
18651,/localhome/local-lintran/MLA2/data/raw/original/images/18651.jpg,1800,2400,0.75,RGB,771265,35fba508a99d54039a94276ba78086ddd7a07bf56db07fe9d292f4580e84d78a,35fba508a99d54039a94276ba78086ddd7a07bf56db07fe9d292f4580e84d78a,5bdc624b2fceada80bead9781cb40b633bf5910dbe50af52d306c85f6da3ed2f,005a016607034001,227.25123541666667,63.75461814410465,8.928409707144095,0.03903317053619485,19.302356006391996,
18675,/localhome/local-lintran/MLA2/data/raw/original/images/18675.jpg,1800,2400,0.75,RGB,709161,5e7b897e6a420538a845e9be299214be39b5b697b5842903a1e58adb099c62f6,5e7b897e6a420538a845e9be299214be39b5b697b5842903a1e58adb099c62f6,949f8a78342df7ee60d7c8af9814b54a2b7aef45e770e02666f15d9db4f40fdd,10023d3c21030001,233.44274513888888,50.775246932413296,2.1210838806093073,0.0064936566442852246,23.671138053220314,
18704,/localhome/local-lintran/MLA2/data/raw/original/images/18704.jpg,1080,1440,0.75,RGB,137207,e085b48900f05b9b37b167e2e4fe8e5d0574407f3e275b8e7e77e5ab43264a36,e085b48900f05b9b37b167e2e4fe8e5d0574407f3e275b8e7e77e5ab43264a36,5461d789563e39930dbd92d635caa12b5a0098cf166372a4b66a90d50b8b8016,6d395d5d9e8d2737,160.01194058641974,65.83788763872198,41.095816920759255,0.30914913089679635,19.559382279882104,
18705,/localhome/local-lintran/MLA2/data/raw/original/images/18705.jpg,1080,1440,0.75,RGB,210007,6e3332944b43ffb557081b748454a1463f496766721a4f0fb2a932de1d5460f3,6e3332944b43ffb557081b748454a1463f496766721a4f0fb2a932de1d5460f3,95d18a970b0090629f4d17c1cac54f480219bebb34b0dc986aa3af13520c7d0c,2f3b1d5d5d551796,175.95410236625514,67.79918492491889,42.58153041988231,0.27541726107441533,63.73412551321158,
18744,/localhome/local-lintran/MLA2/data/raw/original/images/18744.jpg,1800,2400,0.75,RGB,384579,0152d35b198063206136ef379ac5405d91cd38a7c3962e07a93a4b4819c6ce3f,0152d35b198063206136ef379ac5405d91cd38a7c3962e07a93a4b4819c6ce3f,cfdf9a599c63907373a7177d6bc0b3f686f258c8f8be1a80120bdd5f73d10c1a,0f4d963616969696,195.10795972222223,80.66801489790578,28.320287149430964,0.12118823630140843,14.595417564093657,
18756,/localhome/local-lintran/MLA2/data/raw/original/images/18756.jpg,1800,2400,0.75,RGB,374269,5939af1874b3024259f51a89a5b5c1e7a1ce66d0c8cda3f4047f492a8e15f56f,5939af1874b3024259f51a89a5b5c1e7a1ce66d0c8cda3f4047f492a8e15f56f,9bb2f29a9592faf6afdf4b230b9fbb6d301eee961ef299d07416831e7182cffc,4d5d9612170e1e96,198.08647407407406,72.17252315223875,38.62674526742801,0.16397169043979468,17.98943421570671,
18759,/localhome/local-lintran/MLA2/data/raw/original/images/18759.jpg,1800,2400,0.75,RGB,347493,1506a72ebaa9972ddf322f58c951923e0066fb5290afdfadf0206ba3a05097f8,1506a72ebaa9972ddf322f58c951923e0066fb5290afdfadf0206ba3a05097f8,d99a4dfee1af3c0d11104839a5817059131b6dfe1bf363649c314db59144f40d,4d5516b2361e0e1e,202.5250800925926,82.91553805858412,23.966158578107386,0.0997555236833117,9.226233354176799,
18766,/localhome/local-lintran/MLA2/data/raw/original/images/18766.jpg,1800,2400,0.75,RGB,243189,1914168428d35a5d8c858c72a722c6ec83c822fd0d2ac0194827f4f26a64bba0,1914168428d35a5d8c858c72a722c6ec83c822fd0d2ac0194827f4f26a64bba0,c08fbebbd77af4c011140aeb3924c9422a1e38d527d918154820d60671cedd14,4c4f090c4d4d4d0d,239.58303703703703,43.789941542704106,2.894527544506992,0.009420022249029934,25.13416429282753,
18771,/localhome/local-lintran/MLA2/data/raw/original/images/18771.jpg,1800,2400,0.75,RGB,456836,c3aefcf589f65373fc5f36d7040ca7b5813c3f5a3edc4c05887c4a864cc1308e,c3aefcf589f65373fc5f36d7040ca7b5813c3f5a3edc4c05887c4a864cc1308e,f8d088c73fcffa6c4db2b42d9dcbb42274a58cf9f5d8d93b64d7f770990201ed,4c4e4b484a48484a,239.57904675925926,45.27892907096583,2.1322514627577704,0.005938613326252639,301.8566833414391,
18796,/localhome/local-lintran/MLA2/data/raw/original/images/18796.jpg,1800,2400,0.75,RGB,276287,a8e50a4906dab616cabeed8f8eeea20f78d8f3ae718833fd8a699525f96788b6,a8e50a4906dab616cabeed8f8eeea20f78d8f3ae718833fd8a699525f96788b6,c5c99a60962b64d5f23197a2e34366221399d241f488bbf0aaca2dbf47bddfd2,0000450017170700,221.34876689814814,73.97783042119228,8.626517001090372,0.05671744287715142,50.39996919798976,
18802,/localhome/local-lintran/MLA2/data/raw/original/images/18802.jpg,1800,2400,0.75,RGB,372854,dc487199e3db5ff9698b3b91d70bea668ad0551157a238747b805c642d8a04a3,dc487199e3db5ff9698b3b91d70bea668ad0551157a238747b805c642d8a04a3,823580beca65fa9e53574a91d65696f645a7989a90d46545cc39d6c4886d97e4,00210c07230f0007,227.23456759259258,67.44197001996706,3.3126959902299244,0.013314064494029058,9.375599944417425,
18812,/localhome/local-lintran/MLA2/data/raw/original/images/18812.jpg,1800,2400,0.75,RGB,371233,0a4f159b617f8ef9f6cf3502c6de01cddc7979fe2414722bc5115c1422182c44,0a4f159b617f8ef9f6cf3502c6de01cddc7979fe2414722bc5115c1422182c44,f1867ae63b22d85b641aec3af9b68e72fd035a4152cf8227f99d9afe66d13be9,0e010e33330f0007,221.88967129629629,72.93714986131522,16.076330795801923,0.06635097220941556,15.402169341578082,
18831,/localhome/local-lintran/MLA2/data/raw/original/images/18831.jpg,1800,2400,0.75,RGB,217291,5c3f9b0e3088172507fb9d7c3288670e3aba2858d30a3be8218e2e92c6dc4bf3,5c3f9b0e3088172507fb9d7c3288670e3aba2858d30a3be8218e2e92c6dc4bf3,34647e2878f0ea0d385c18712e2967011ac48decb7c7dd250d9b2604ecb4defe,0e000e332b0e400e,225.76895555555555,67.63174023328995,4.308676788873443,0.02395288166888944,12.61080455777114,
18851,/localhome/local-lintran/MLA2/data/raw/original/images/18851.jpg,1800,2400,0.75,RGB,335118,40d378cee95fded6f59c67edf01b8afff155cb2484ccbff51a3ed2ccefa27da3,40d378cee95fded6f59c67edf01b8afff155cb2484ccbff51a3ed2ccefa27da3,6ebbc1dfb7ae781a7111bade7e97bbf19a89178a10c695a91e7a820010b6b625,0d4d97331717171e,194.5943800925926,74.95689442007203,94.29768834375604,0.2600458406241732,10.936733713147595,
18861,/localhome/local-lintran/MLA2/data/raw/original/images/18861.jpg,1800,2400,0.75,RGB,369449,31191caf5c9825b10c71fc84eafcf58afe2d3eba7b038791e117cf7e94dca086,31191caf5c9825b10c71fc84eafcf58afe2d3eba7b038791e117cf7e94dca086,6f3683f0ac565ce8d3c2ff0d032042775da54c5df35116cbafc963187f7471fb,0f4d1e331f1f1e2e,191.04275578703704,79.85690934037191,106.23517099199347,0.29498154251049596,21.89509240603071,
18867,/localhome/local-lintran/MLA2/data/raw/original/images/18867.jpg,1800,2400,0.75,RGB,342710,86abaa602477ed1e353c71ce371e6d9d61ca236c5b2522aa8504080322bccce2,86abaa602477ed1e353c71ce371e6d9d61ca236c5b2522aa8504080322bccce2,cf5cc8ad8371f6d848848bce7cf9b2091f2cfba0cea0fd31254ae80927b6f8a6,0f272b8695969496,223.76052592592592,55.81387268928088,31.052585831258288,0.08352552837649604,16.455834317608097,
18869,/localhome/local-lintran/MLA2/data/raw/original/images/18869.jpg,1800,2400,0.75,RGB,365530,df74653caa2c723c241a26f5c95ed29091c9fd0bcaa120a3a2cd70fa264000ac,df74653caa2c723c241a26f5c95ed29091c9fd0bcaa120a3a2cd70fa264000ac,cec57683ba63b7de032499ff1ecfeb420ca5ec6178e326c3b6cfeb7e6390e37e,361e1e9696959d9d,199.41881481481482,91.41951072595562,19.107006382128016,0.11178975433010922,21.87645348433266,
18880,/localhome/local-lintran/MLA2/data/raw/original/images/18880.jpg,1800,2400,0.75,RGB,372514,160b2e596014192fc21592bdbb2bbbc21eba0b5bab0e3a4480e3cff5d0193601,160b2e596014192fc21592bdbb2bbbc21eba0b5bab0e3a4480e3cff5d0193601,d134e6a4e973e44e7479daecf1e172f8db127c529efbf747ae396f20aee1e94c,0f4e0f5b4b139717,214.130275,67.02663909470459,25.865699765400823,0.07592541151091282,67.18092301813381,
18894,/localhome/local-lintran/MLA2/data/raw/original/images/18894.jpg,1800,2400,0.75,RGB,380285,4f46da74225d03e99749e02b00d6786f7eebd5fe92b9146b5fda85cd7fe63c3c,4f46da74225d03e99749e02b00d6786f7eebd5fe92b9146b5fda85cd7fe63c3c,966d069d4cd2389af32ef1035c746decf7a7c5291cde882840158db84f1e3e94,0d4596968e8e868e,210.92233981481482,73.26934381740206,24.67973775244223,0.06871001704465256,60.86211399059728,
18898,/localhome/local-lintran/MLA2/data/raw/original/images/18898.jpg,1800,2400,0.75,RGB,358755,3ae59d60f25fc6827606295352b10018ff33695afe8ee13443e33a50e7dc4a46,3ae59d60f25fc6827606295352b10018ff33695afe8ee13443e33a50e7dc4a46,607be14dd3e31d7e702270d11144ba45f331cf9680dddd70eaa8f10c24529ded,0d15163216961696,206.69944722222223,85.64987413489915,17.491014030621255,0.05815401004180435,8.992794182357164,
18900,/localhome/local-lintran/MLA2/data/raw/original/images/18900.jpg,1800,2400,0.75,RGB,385021,ef3f111ad58de9bdd011b5b4743f4d195213fb696abcb124bbc0905978824196,ef3f111ad58de9bdd011b5b4743f4d195213fb696abcb124bbc0905978824196,9499cc9c55208637f7b07b7626d1f562c41a274b1303eba3e58f60316d748bf2,1a9d2e2f2d3e1d2d,218.72632847222224,66.04685544955576,21.354004373182306,0.059515721862385164,196.1390714236087,
18901,/localhome/local-lintran/MLA2/data/raw/original/images/18901.jpg,1800,2400,0.75,RGB,517706,9b88e443c5ef6b50bdc470d406d6796bbf0bd5a805f4b941b0c1061c91f31ba9,9b88e443c5ef6b50bdc470d406d6796bbf0bd5a805f4b941b0c1061c91f31ba9,25916708522ac8e10cbed943e5cc5430ad2a5d19d045001887aee8b87460379e,0c200c9e37330012,231.34526226851852,54.86206847322093,44.725331129182656,0.1250434964733711,9.799428194261099,
18902,/localhome/local-lintran/MLA2/data/raw/original/images/18902.jpg,1800,2400,0.75,RGB,449509,cb466cedb3a58bae24caae55fdc1e5fbf8e2c4247e4314d9fce8e57de351122d,cb466cedb3a58bae24caae55fdc1e5fbf8e2c4247e4314d9fce8e57de351122d,b49ca02b19da057ec2e54c422d92ddfb149d12c0b8c2d68febc9c0badd3092e2,0c220c1733330013,220.99195925925926,78.01806276299696,6.125555590429326,0.012474753967442805,18.113964195558026,
18925,/localhome/local-lintran/MLA2/data/raw/original/images/18925.jpg,1800,2400,0.75,RGB,358710,7c812707b8563064362cff8664faf136f3f21efc5de555ecae67377144040a2b,7c812707b8563064362cff8664faf136f3f21efc5de555ecae67377144040a2b,16456c5937fcc3c5bebc681d4f5c833e8d3b7e8edadeb53fdc4963b47338069e,0f4d9e130f17070e,191.52325370370372,81.65139965293787,26.27330452396234,0.10656528062032493,16.482881030130386,
18947,/localhome/local-lintran/MLA2/data/raw/original/images/18947.jpg,1800,2400,0.75,RGB,978812,086d255d70e3efd87bc86592ce7175562dd04908bc9c45ecb810aa6ae1340528,086d255d70e3efd87bc86592ce7175562dd04908bc9c45ecb810aa6ae1340528,60c482b8a3f2ffe1854f163123cfa81e62a81e0d096ac2df3f344a6af35d402f,0c0f3b9b9b9b9306,223.5439925925926,61.811756090898164,29.516933309923335,0.08621759485317619,36.93056323675861,
18951,/localhome/local-lintran/MLA2/data/raw/original/images/18951.jpg,1800,2400,0.75,RGB,413724,43286836a6bb7b4d6c4846509aca0b4e3972773d68e6c05540175018ca744289,43286836a6bb7b4d6c4846509aca0b4e3972773d68e6c05540175018ca744289,c85aa76804a90d301955d26e589359d3bf300c020aae71f9780803f4383a05be,0d0d2d2d26130b23,219.24397199074073,64.08441772403683,5.445816880376581,0.006525341975342313,20.135314157345007,
18975,/localhome/local-lintran/MLA2/data/raw/original/images/18975.jpg,1800,2400,0.75,RGB,368298,72d3cbf5818ea5c87d9be5c97058a42b66f1cf03ac575d210b8b5ef8181a5544,72d3cbf5818ea5c87d9be5c97058a42b66f1cf03ac575d210b8b5ef8181a5544,0db39db8f6064ab0b00ab340f67225c322b5e7e490b91e20dc99352eb6aa3af2,0f4d9e3b1f171f0e,196.23365578703704,74.01904228293179,81.13688309988488,0.2514251534094885,12.710841844415109,
18984,/localhome/local-lintran/MLA2/data/raw/original/images/18984.jpg,1800,2400,0.75,RGB,392617,4bc728e656fef8ab7fd9f1752bca5b00f9e1e91ab1fbb9ec241715fab1fd3aa0,4bc728e656fef8ab7fd9f1752bca5b00f9e1e91ab1fbb9ec241715fab1fd3aa0,e598377711411d1d508c60abab4abdce1c2ce928541d9b03e19c7c0b7b08bc58,0f4d16371f1f1f16,187.7673474537037,85.18004721408971,36.44120821617866,0.19644379775509715,10.1431443525788,
19000,/localhome/local-lintran/MLA2/data/raw/original/images/19000.jpg,1800,2400,0.75,RGB,370653,dbd9d3820c42bd484ebb3a1901bb94620c9315121d199835d24cec3d9eba89df,dbd9d3820c42bd484ebb3a1901bb94620c9315121d199835d24cec3d9eba89df,ad54db948094d68f4493e16adce3790ceb220613ee1fb68cd714c21945c0bdcf,0d9d1f0b32223e1c,220.64265439814815,67.9740457188577,31.19924552205326,0.10348827310232142,13.303221473401422,
19039,/localhome/local-lintran/MLA2/data/raw/original/images/19039.jpg,1800,2400,0.75,RGB,345227,f3f76a01d52b47a3067e93e61337b699994190ccb4d4e6750b493fa6827dba9f,f3f76a01d52b47a3067e93e61337b699994190ccb4d4e6750b493fa6827dba9f,c2dbf71d2655aabb1a34ccd500cc9b7ec2d274426452633e7f67eaf702731182,24002d2e07432003,235.86274953703705,46.14817404191643,26.302928148620442,0.06345746739227229,15.034155029065055,
19098,/localhome/local-lintran/MLA2/data/raw/original/images/19098.jpg,1800,2400,0.75,RGB,371481,d02dcb969727d2a76aafa3114bc5a85ea3d1c61cee031c5651791fe4e23e1f21,d02dcb969727d2a76aafa3114bc5a85ea3d1c61cee031c5651791fe4e23e1f21,edf41c722116b869597cc15faf402665b2dbc662bfc07959013365396906537f,4d4586969692930f,228.42107824074074,48.54349178795265,33.49006966792612,0.12270992168464011,10.685444429004841,
19104,/localhome/local-lintran/MLA2/data/raw/original/images/19104.jpg,1080,1440,0.75,RGB,541911,d9596725c93cb3ef583eea093ce95cb711854bc2bce943a342a556ea94331377,d9596725c93cb3ef583eea093ce95cb711854bc2bce943a342a556ea94331377,6014a59f7c87199d4284705f14ea6d404afbcb03bab244e37622bd55ec3d3df3,0f46868e8e86868e,217.50387474279836,62.594454401880405,29.32032002352016,0.11101681440945278,210.38079044235943,
19106,/localhome/local-lintran/MLA2/data/raw/original/images/19106.jpg,1800,2400,0.75,RGB,351967,0c947b1dcff8d7911dd04f24ea88d9f4a0838aedbb025d2b39d06405a2d50eb1,0c947b1dcff8d7911dd04f24ea88d9f4a0838aedbb025d2b39d06405a2d50eb1,0cd750f8ecd6998ebc70e775c2e1ddec16a26e3e5b081764a6914b90979eb55e,4d4d96969686260e,198.91217962962963,79.75765505515669,40.86371378578489,0.1747970778774387,63.21025347970078,
19113,/localhome/local-lintran/MLA2/data/raw/original/images/19113.jpg,1800,2400,0.75,RGB,393596,3d978d839a231ad81c7cd75c1c84586e701f248b905ed718516582123dbb541a,3d978d839a231ad81c7cd75c1c84586e701f248b905ed718516582123dbb541a,fa7c8342377dbcb0234f19c60962813979cfa4fb89c4782fdb7de67f17ec5900,2b3b0fccdc5c5c33,198.68808287037038,62.6961675413331,30.21543470720449,0.10687375113543156,17.734028115519116,
19131,/localhome/local-lintran/MLA2/data/raw/original/images/19131.jpg,1800,2400,0.75,RGB,750315,4540a8babab5b426f74e9d2c6edc13987a2ace14017325a3746a0606dcb8de5d,4540a8babab5b426f74e9d2c6edc13987a2ace14017325a3746a0606dcb8de5d,c5cd0ebd410161e0ab05ec634823485d9d31ec2a87a8d796f126872dbe09a607,2002603603032009,235.40697986111113,50.52967067067719,22.775020449350862,0.04187730444981319,22.00405127492531,
19147,/localhome/local-lintran/MLA2/data/raw/original/images/19147.jpg,1800,2400,0.75,RGB,320119,1b776cb1457030ca5fb2b011e0cab9fac6adc99890dda4dabeb5a779095bc07b,1b776cb1457030ca5fb2b011e0cab9fac6adc99890dda4dabeb5a779095bc07b,a5f0699fa673e854eab646ec06b7bb279f4d8854b5d73692de7375fd7ad8d953,0d4d0f1f2f632b0f,228.67484513888888,50.24875700518666,30.792093395275764,0.08796456927087695,29.457961393269876,
19149,/localhome/local-lintran/MLA2/data/raw/original/images/19149.jpg,1800,2400,0.75,RGB,358556,6cf2d97f6bc06b51488930636dac860ee194f9901b1a0cc9479ffbf75fd35b6a,6cf2d97f6bc06b51488930636dac860ee194f9901b1a0cc9479ffbf75fd35b6a,94a1ce57bdf3c175035c7c88bc5969b79f5494c747ab37c266a68e650a6cd1cc,0d0d0e2b33230f17,224.04057430555557,59.34982681785232,27.288496486507597,0.0823873620823065,19.192195048518958,
19153,/localhome/local-lintran/MLA2/data/raw/original/images/19153.jpg,1800,2400,0.75,RGB,317026,fa8977f5338a30fe1353f93a8f1de9f72bfc890435415531b3d72be89e2e6f50,fa8977f5338a30fe1353f93a8f1de9f72bfc890435415531b3d72be89e2e6f50,6a8d49f83eff07347fa7a9b5c8e6774ab7e31575f63a3643e0ce2d3ffab8806a,0f4c971317171716,189.06029097222222,81.76766664327475,59.966901363444755,0.23168171474340243,9.542622918548368,
19187,/localhome/local-lintran/MLA2/data/raw/original/images/19187.jpg,1800,2400,0.75,RGB,328241,adde4937dae6c5c47cb027c5c1653268d6776feeac4001771e0a865b376146a8,adde4937dae6c5c47cb027c5c1653268d6776feeac4001771e0a865b376146a8,2db6ea2c8355140f2f0b0a2d6384cf9725523450d9cc9dfe92d4f35664bb10df,4d4d0f2b33172b17,214.83146736111112,59.078959959905134,21.15228289133574,0.06316880824418945,26.444922763380347,
19201,/localhome/local-lintran/MLA2/data/raw/original/images/19201.jpg,1800,2400,0.75,RGB,382820,fafadb96c9c77e6afe89e97cb1a4e6aa64e59848b4dd7c22e50f56e3a9dc50ae,fafadb96c9c77e6afe89e97cb1a4e6aa64e59848b4dd7c22e50f56e3a9dc50ae,8aecc09edfa7c0e47f29b0b4d3d260c89f9e1c7ad1b2571a36574509a14e4e90,0d4d0e37331f1f1e,210.9281175925926,71.54888682619496,16.389093958365738,0.05140978497709383,332.6141805044119,
19227,/localhome/local-lintran/MLA2/data/raw/original/images/19227.jpg,1800,2400,0.75,RGB,377166,3e07e57fea9dba14f89b6abc0266ee8f585f4723e4f6bbc8986c9b511d34289d,3e07e57fea9dba14f89b6abc0266ee8f585f4723e4f6bbc8986c9b511d34289d,73758ec45dfac06d10b1167cb2e102b51d8ed2668bb49685224ad2bd0f745756,0c0f0b0c4d4d4d0c,241.1678824074074,42.09900452699505,9.838274267750243,0.025964729486321267,126.20526783853262,
19234,/localhome/local-lintran/MLA2/data/raw/original/images/19234.jpg,1800,2400,0.75,RGB,276857,efa19768bdfb42ba48bea791d9c93c63d370e4451c48c240dde8609b5a1320b5,efa19768bdfb42ba48bea791d9c93c63d370e4451c48c240dde8609b5a1320b5,468ef7e8fb21eca18ae7c6b279cbc31cc4015379b6b6cadd9e34f44c299e4310,0600061e1e1e0700,215.83113125,80.8320063709118,14.475975928216052,0.021851092143995637,8.124602237198639,
19267,/localhome/local-lintran/MLA2/data/raw/original/images/19267.jpg,1800,2400,0.75,RGB,344171,f1495008ca93089d21ff0a0fbd380953ee85609284f5c516584153b3b8f61315,f1495008ca93089d21ff0a0fbd380953ee85609284f5c516584153b3b8f61315,cb11918d3703f37e3c066b0b2c0d704fe23ac0e1f2c13ee616deb2f5bd3341f8,8d960f0b33039e9d,174.4431148148148,99.01475340266481,6.756739324568753,0.07629323295685275,178.1525896848005,
19287,/localhome/local-lintran/MLA2/data/raw/original/images/19287.jpg,1800,2400,0.75,RGB,365677,cf66585323fa0c5533f195b2457eff67f5f09fba460ec3d27aed2f8e0acb9855,cf66585323fa0c5533f195b2457eff67f5f09fba460ec3d27aed2f8e0acb9855,d7777008bfc52bd403bbacf5252eec52cc7160108fa822e72fb9d7c6a4b395ee,1c0e33696d73320c,225.85328101851852,47.45684668848687,3.3535400617395563,0.01578324391529606,67.3697183816207,
19294,/localhome/local-lintran/MLA2/data/raw/original/images/19294.jpg,1800,2400,0.75,RGB,361723,a06f1d2850cb805de0ee787e91c77c2951d93b837cff50362efe1d1324a9e17a,a06f1d2850cb805de0ee787e91c77c2951d93b837cff50362efe1d1324a9e17a,74ab7745d2a5772ec076f709c121ba984d6e8489ff009950bbb42f919ff32e71,4c4c4c9e8e4c4d4c,235.93394328703704,47.945940996485305,1.8730839041590297,0.008442288287543348,96.6624222422937,
19310,/localhome/local-lintran/MLA2/data/raw/original/images/19310.jpg,1800,2400,0.75,RGB,412003,745879d1ba5387fedcd23a5bc584807dd0a7cefeb4d13c4176b6881af7006c7a,745879d1ba5387fedcd23a5bc584807dd0a7cefeb4d13c4176b6881af7006c7a,df3af4ae84145a723cccc3deee3df8fe6984bdc6e1dc97e9193c047def62ceac,00323d3e31034011,231.36055694444445,51.738782749079824,19.545611530999384,0.039837679172160884,23.721463674471387,
19321,/localhome/local-lintran/MLA2/data/raw/original/images/19321.jpg,1800,2400,0.75,RGB,384662,49d5a5ac05ae9afa07eb4128b73f810fa9555ad689147674306985b5aaf09dfd,49d5a5ac05ae9afa07eb4128b73f810fa9555ad689147674306985b5aaf09dfd,b4a16a05e9b026549b580f013cae5f9cb3a8500794e35dbacd8bb21824f05e74,4d4d0e2b3323070e,224.42322268518518,54.78228788056515,20.16089094058808,0.048554385740237856,9.49054169851085,
19386,/localhome/local-lintran/MLA2/data/raw/original/images/19386.jpg,1800,2400,0.75,RGB,385203,f1276a1190cdca50060a87fb2a36b13745d0fe4ac88b4dd730d991029ae595d4,f1276a1190cdca50060a87fb2a36b13745d0fe4ac88b4dd730d991029ae595d4,2ebaca6c3ae030d058f9db559c021d362ae7df9b4f9083d7b5d736bfcd2607ed,080f9d4e97173608,215.73775995370372,76.92163796876018,35.24898891949482,0.10441703484738706,43.802031311517176,
19397,/localhome/local-lintran/MLA2/data/raw/original/images/19397.jpg,1800,2400,0.75,RGB,362415,303acc02bb889c8ce0b34acf4a56b23faf75e963b61189bbe2651a398684c146,303acc02bb889c8ce0b34acf4a56b23faf75e963b61189bbe2651a398684c146,4f116a320322473e45f1a148e52c712971d4241425a65baef960fcb08453accd,4d4d861317170f97,210.16940532407406,59.80505353610634,79.30866643576239,0.23283212843037482,10.40694330577364,
19426,/localhome/local-lintran/MLA2/data/raw/original/images/19426.jpg,1800,2400,0.75,RGB,393835,ca8bde21cebea86b8c0c57ca57b2553257cc0db4f081e6087961c2ccc72a0d4c,ca8bde21cebea86b8c0c57ca57b2553257cc0db4f081e6087961c2ccc72a0d4c,3f8ae6bb0c65ef61257f6f793af09d572bb6b24c52d38e20bf73f9466cf240f3,4d4d0e371717170e,213.0438523148148,62.18016329610305,25.668598679683065,0.07176566894910817,38.31979561824035,
19504,/localhome/local-lintran/MLA2/data/raw/original/images/19504.jpg,1800,2400,0.75,RGB,305850,2952a717af79b8961124e18736f12c87a325885841671e279a82e31bc2bab056,2952a717af79b8961124e18736f12c87a325885841671e279a82e31bc2bab056,e455270e254f231dc989c05986a85bb8d51a2fb254b1fe04a68d4c23eefced68,0c2c2c2c3e1f4b03,243.22940625,21.37834845646793,11.544636501391928,0.0081873969980962,4.8339679010630165,
19508,/localhome/local-lintran/MLA2/data/raw/original/images/19508.jpg,1800,2400,0.75,RGB,278961,0e98e769fbf40db2fdf2630a79dfcd4787e443526ff821b36e26fb2b30a964b4,0e98e769fbf40db2fdf2630a79dfcd4787e443526ff821b36e26fb2b30a964b4,743e0d67f9d12a289a664e8af7e857ca600f7f6573abba5d77ccd22462e2f7a0,06000e3b0b0e0006,223.30366342592592,66.34583880658741,21.45302132341103,0.07366303213724958,8.439103267792214,
19515,/localhome/local-lintran/MLA2/data/raw/original/images/19515.jpg,1800,2400,0.75,RGB,323872,bf74be8271ef80034fc1ce0a61fbdd93497429619d7febbbdfb8472ad1080da0,bf74be8271ef80034fc1ce0a61fbdd93497429619d7febbbdfb8472ad1080da0,e0ed130ae4188b68a5e1f62e2e38f92d4959341e33dba9f39f47efa453130a78,0f4d16372f0f0f1e,181.88578078703705,89.5298285155159,28.49571807420821,0.16771738901747024,22.133302183932003,
19540,/localhome/local-lintran/MLA2/data/raw/original/images/19540.jpg,1800,2400,0.75,RGB,329385,295627d9aca67ee457702028fdb65574884e7ae778c705ad9e5c69de1395182c,295627d9aca67ee457702028fdb65574884e7ae778c705ad9e5c69de1395182c,6dac8cd7bc063e1ed7367cd0b9573c53f942e5c55d63c8c5d91f4cd058c930b3,0d4d16332f0f0f0f,188.9008974537037,80.2342778572142,24.533395962836572,0.13936228478583482,16.79923365524908,
19542,/localhome/local-lintran/MLA2/data/raw/original/images/19542.jpg,1800,2400,0.75,RGB,752461,cb1e8679cba55b9709ffb23e44b23fb4afa8e6e99e6aef96a5c6affb7f7eaac4,cb1e8679cba55b9709ffb23e44b23fb4afa8e6e99e6aef96a5c6affb7f7eaac4,1e190325dd0b84e2e81492993ee075942defd1325e6fcef5c6739933cd10bc88,0832333333273700,185.17565763888888,101.02407957913087,21.984337012814002,0.197078644750005,22.444009819588224,
19550,/localhome/local-lintran/MLA2/data/raw/original/images/19550.jpg,1800,2400,0.75,RGB,353928,3f024f2f45f5d0f1aaf7802b0f7b168a4e346313c14a5acbe003e334d44bc69d,3f024f2f45f5d0f1aaf7802b0f7b168a4e346313c14a5acbe003e334d44bc69d,2bfbb9c23e27f71d8abd3999f62c1d697142770b31f3f67843dec539bd8bcec8,0f4d96332b2f0f0e,170.90498819444446,99.87461555726014,19.425258920488684,0.10641349024123985,22.447553208735727,
19619,/localhome/local-lintran/MLA2/data/raw/original/images/19619.jpg,1800,2400,0.75,RGB,393484,8cddb8c27f9d7f8306f7ac76b5f651c569c411fb3a1485800dcda6dbcc02eb2b,8cddb8c27f9d7f8306f7ac76b5f651c569c411fb3a1485800dcda6dbcc02eb2b,b79e93d829d5d0e8c5bce78f0abbdcfe13512f4715639ed30d9f7ff03de6a48d,4d5d1d123a221617,227.57103148148147,60.65906614393733,13.914635522241023,0.035257213165364544,8.209571435188401,
19632,/localhome/local-lintran/MLA2/data/raw/original/images/19632.jpg,1800,2400,0.75,RGB,323116,385aa119337b6948d2b7556b4937739fa4e58f427928772af75af71410afad8b,385aa119337b6948d2b7556b4937739fa4e58f427928772af75af71410afad8b,abedbce8940810dd15ede5e60d65104ff886352876f616ddefb0c341987a75cd,0d4d8f9317170f0f,220.69455717592592,47.04510892145135,28.56840290701847,0.06935833617229162,10.60190601912967,
19678,/localhome/local-lintran/MLA2/data/raw/original/images/19678.jpg,1800,2400,0.75,RGB,350776,8339c66ccee3b92c6ca0d7dab8729bb0c38ebeba011568542a4f1e558fa3d18e,8339c66ccee3b92c6ca0d7dab8729bb0c38ebeba011568542a4f1e558fa3d18e,9d4831ce786a8c69b27720d2e60f084c469bea4da39b9a3fd06090dbff32c63d,0e9d970d0d662e36,216.52736342592593,70.01678209770138,24.634592710219113,0.06748699402253476,31.556519951828435,
19695,/localhome/local-lintran/MLA2/data/raw/original/images/19695.jpg,1800,2400,0.75,RGB,408779,0c99cfdf5b3189a53f3186dca42db03e9a2244309f1360049196a8c924c5fc1b,0c99cfdf5b3189a53f3186dca42db03e9a2244309f1360049196a8c924c5fc1b,33d8c6bcf2e4cd80865dadd093988c7439a8a7f57be44b95ec94ce59ed253499,0f4d96331707171e,187.32994212962964,87.69414544389802,31.565062860813338,0.15458771120256817,63.449903541073205,
19706,/localhome/local-lintran/MLA2/data/raw/original/images/19706.jpg,1800,2400,0.75,RGB,377879,4f09694a1a537e9152e3876469a5fd618ce10f8293f622efd8f5fa2dac8ee3f2,4f09694a1a537e9152e3876469a5fd618ce10f8293f622efd8f5fa2dac8ee3f2,e02fce93607ea64bf66360ba1afe50d7dca17d38f6b871f15663d3d302829b1f,0d0d162b2b2b0f0d,203.52461134259258,70.19554659903555,36.091161155844674,0.1485809970265216,73.28344079297807,
19719,/localhome/local-lintran/MLA2/data/raw/original/images/19719.jpg,1800,2400,0.75,RGB,386123,aa4ed13cba6ff0c6420e04d94eaa47ca27d37f9ab14b84339850ed7a393d2785,aa4ed13cba6ff0c6420e04d94eaa47ca27d37f9ab14b84339850ed7a393d2785,4930d4d608358aebb1da9cd4db14bd1db85e264289014f6ccede0281d408e8be,0d4c8f1333171717,206.52736967592594,69.22601730371446,17.487285792257097,0.05205257954484888,102.21595405173811,
19840,/localhome/local-lintran/MLA2/data/raw/original/images/19840.jpg,1800,2400,0.75,RGB,334786,a091d50c0db88f614800e437e9e966e4fe3e35540d720634b54f0753853de269,a091d50c0db88f614800e437e9e966e4fe3e35540d720634b54f0753853de269,613e118f5df87ceff0dfb6ec7e60b086b564a852ad2174357884589c797f169c,0d4d0f13332f2b0f,214.20810555555556,54.35689463103645,23.19923190680148,0.07859078757507997,96.33877023553116,
19846,/localhome/local-lintran/MLA2/data/raw/original/images/19846.jpg,1800,2400,0.75,RGB,307478,7f8b0b1f6ffacedecde4f94377276afc6bd9395145cbc83d2207b7d8f34b3367,7f8b0b1f6ffacedecde4f94377276afc6bd9395145cbc83d2207b7d8f34b3367,b35676893e3fe145569ca663958716e67675d20c9c6ee9d3baeac12b2fe63b41,0d4d0f1323231717,206.5198849537037,79.38003628207896,21.90347527181721,0.09167990479914097,80.47810521318233,
19854,/localhome/local-lintran/MLA2/data/raw/original/images/19854.jpg,1800,2400,0.75,RGB,320392,edf0a9ec42bd7d632e4528075aa79def894bd804de394daa66391aee7a8e14f8,edf0a9ec42bd7d632e4528075aa79def894bd804de394daa66391aee7a8e14f8,f9ac1f7208b95d1e5db0113778781f8bebc6486ad9b530e9666ce498df006cb9,4d4d0f132307171f,207.67242615740741,80.3735734523358,24.371471513893088,0.09904579505575863,107.63895863730053,
19855,/localhome/local-lintran/MLA2/data/raw/original/images/19855.jpg,1800,2400,0.75,RGB,377746,bcbee5a67f5ee41ffe222eb2d08f6baa089d1cf633fa79f546dcde621c944567,bcbee5a67f5ee41ffe222eb2d08f6baa089d1cf633fa79f546dcde621c944567,298948fc0056f56b02ca5ff3951fed533f7f0bf1208df588243215fac5fe9ec1,274c96133333070f,181.1591835648148,88.7575860669683,39.508365310072364,0.14916969738375757,20.42839910604692,
19858,/localhome/local-lintran/MLA2/data/raw/original/images/19858.jpg,1800,2400,0.75,RGB,392881,72aa03a8fe8001d1be86235348f545d96d630b4d81ea7aa3ba372cfb53c907d7,72aa03a8fe8001d1be86235348f545d96d630b4d81ea7aa3ba372cfb53c907d7,c5d7196a0c1f43045a421c3f1d2898bfc4b0d198e9f908a7330d9505c685791c,0f4c97333333378e,192.16603587962962,84.8724449154687,27.36804847535321,0.09419817741477048,30.24561986150675,
19863,/localhome/local-lintran/MLA2/data/raw/original/images/19863.jpg,1800,2400,0.75,RGB,348031,832722c7f84d3d4d35b512cb62196bc5c1d3b4ba31c5aaf5a28548999b29162a,832722c7f84d3d4d35b512cb62196bc5c1d3b4ba31c5aaf5a28548999b29162a,95711f75ed315e630d0ea5b545788a1c58afd83e724faa214336ffed8b404451,102a3d1e23030003,226.72999976851852,60.146430423584356,2.6442974431085675,0.008352151869584061,14.089688737580769,
19873,/localhome/local-lintran/MLA2/data/raw/original/images/19873.jpg,1800,2400,0.75,RGB,845865,201c25ffdcdc9db3c1aabeb490df6d632872cb87d3deaf9d20bbe765f939350e,201c25ffdcdc9db3c1aabeb490df6d632872cb87d3deaf9d20bbe765f939350e,19a5b7b5b0b0be571357ade1bb050efb921dacceefc582ff3e1eb7afe1439d7c,24022d2e0f832005,224.74632962962963,65.59113873466342,30.760672322746615,0.07750649953652143,26.621565807452697,
19878,/localhome/local-lintran/MLA2/data/raw/original/images/19878.jpg,1800,2400,0.75,RGB,228977,865406e6611d4971de3b656da4fd49e7956fd5da3c8ccfeca72be4264fea6a96,865406e6611d4971de3b656da4fd49e7956fd5da3c8ccfeca72be4264fea6a96,23f03b6401acefe89f9797bf4c1ca733881751a82643f5820d6b37a3e4f599df,0004213c0f032005,241.29512893518518,42.166552822359996,19.262900465055257,0.017180442937949354,16.883220778619236,
19879,/localhome/local-lintran/MLA2/data/raw/original/images/19879.jpg,1800,2400,0.75,RGB,220349,9647eb0d421780c8d3346cb3e4637e9f75243d8d20fd61a70e671caf24f67151,9647eb0d421780c8d3346cb3e4637e9f75243d8d20fd61a70e671caf24f67151,40f4ae7bea7a1301b60b705d194366a48ad8363c28492aa9999091e7e4b8be8e,0004012c07032005,239.81589328703703,45.925967810178754,13.870625347581202,0.026578328363092037,13.37568239190347,
19896,/localhome/local-lintran/MLA2/data/raw/original/images/19896.jpg,1800,2400,0.75,RGB,748090,e38b57ccf2c5255204a6b64b49edc4dfe8065928ccadebfd2517c8ddf56d20bd,e38b57ccf2c5255204a6b64b49edc4dfe8065928ccadebfd2517c8ddf56d20bd,8accd6da8c1ca4f6b6161a31930c2e303ba4ab602ad5e463831f3aa23c12864d,06010e33330e4106,227.00880787037036,61.56217470089,21.113080711641473,0.07874919054021964,12.202758053683503,
19897,/localhome/local-lintran/MLA2/data/raw/original/images/19897.jpg,1800,2400,0.75,RGB,842982,064e9ee0657bad2bcbf465c9b9394facc65e408394db9f41c4170ddc3914c55b,064e9ee0657bad2bcbf465c9b9394facc65e408394db9f41c4170ddc3914c55b,fdfe7fa4bab3b8f4dd38c4536f7dcc65b8a0f304e738fb94a8cb86fe35779ac7,020007232b2b3b00,213.9817050925926,70.27652231324848,34.248720447128335,0.1444819565469951,6.359695453808564,
19914,/localhome/local-lintran/MLA2/data/raw/original/images/19914.jpg,1080,1440,0.75,RGB,240179,613012c539fd77ab946f3b47f075b8484fe23914cda15a9742b1abe07de93c9d,613012c539fd77ab946f3b47f075b8484fe23914cda15a9742b1abe07de93c9d,1486e2179db35dac5359885079380496a6d74463bf478f505c62a3de0c489758,000006001f178e00,233.23015625,56.88975221954843,4.720133494918185,0.017041333539901567,108.23639908876791,
19931,/localhome/local-lintran/MLA2/data/raw/original/images/19931.jpg,1800,2400,0.75,RGB,472123,73ad943f35ebc2d97a838528c831ce7bd581c6a10644bce9483180fe8f5bd991,73ad943f35ebc2d97a838528c831ce7bd581c6a10644bce9483180fe8f5bd991,43acfc0cc7922f0d46c9ad83353ed804c7263cb4550371a1aa3af50bdcf984a5,484f113d39170e21,211.52934398148147,74.63417668339704,26.523406599172382,0.058602414621408555,50.58885430417564,
19950,/localhome/local-lintran/MLA2/data/raw/original/images/19950.jpg,1800,2400,0.75,RGB,350427,4b27b99167037339250bee725d0c2f7f31e4084306758d5de768d108eb8d30ff,4b27b99167037339250bee725d0c2f7f31e4084306758d5de768d108eb8d30ff,e09de995e34d36a55b17c937d63dda02a9c8e89af2df41b8909f9653261e08ac,0e0d163723231f1e,205.45906736111112,61.01054788116407,17.781892008903267,0.06866497798858058,15.261665392899326,
19957,/localhome/local-lintran/MLA2/data/raw/original/images/19957.jpg,1800,2400,0.75,RGB,403221,f691876bb469d10175a0d8640a4db93242ec452701404749aa3ead88bdb78751,f691876bb469d10175a0d8640a4db93242ec452701404749aa3ead88bdb78751,f84e588509dcaaa13343b52230f5012a1bb07a83410f534254713f310b39b526,0d0d0e36332b1f17,201.0535488425926,70.51845002782615,16.008457138023847,0.06487700337088587,30.275838717895272,
19960,/localhome/local-lintran/MLA2/data/raw/original/images/19960.jpg,1800,2400,0.75,RGB,408043,c458c4043ac28bc3a80cc403d46a95368c943d8d3126d53e561fd7d5b4b59c9f,c458c4043ac28bc3a80cc403d46a95368c943d8d3126d53e561fd7d5b4b59c9f,15cce677e0fe7c66e298b8754f60380efc0194825424476962478e5d49fc6181,0f4d971717170f0f,194.59081458333333,77.7404823782091,25.288378270974253,0.11474258980443193,18.16072199448806,
19992,/localhome/local-lintran/MLA2/data/raw/original/images/19992.jpg,1800,2400,0.75,RGB,388506,45a85152b5bb743a979b7e6ca642ac121e26b171566eccc630fca8261b6a2a08,45a85152b5bb743a979b7e6ca642ac121e26b171566eccc630fca8261b6a2a08,71a8bd2070b0fdd8de735dd0110b4fee5fd8600d058f6c5b0c884a3429bb76f5,4d4d0c0b2b230f1e,232.48199768518518,49.24429081864695,25.40273606430888,0.06411796461450679,13.041670372171657,
20009,/localhome/local-lintran/MLA2/data/raw/original/images/20009.jpg,1800,2400,0.75,RGB,378985,2d5a8c4cfb48e727dceee9b018bb34fbea2e616326c729ad82922a9c43ba191b,2d5a8c4cfb48e727dceee9b018bb34fbea2e616326c729ad82922a9c43ba191b,f703569b54a316f43c4f352f6a20264cade5bbe3105a532f26fd04866d46f884,0d4d9e3317170f2e,208.9913736111111,60.926983684269096,20.681368519150034,0.06326525073936785,16.72033743254823,
20011,/localhome/local-lintran/MLA2/data/raw/original/images/20011.jpg,1800,2400,0.75,RGB,392321,d79e5a3298d3e160ab350b2fa6ce9642af75146e4979dc20c6b175a7d4787dec,d79e5a3298d3e160ab350b2fa6ce9642af75146e4979dc20c6b175a7d4787dec,7ba3544b2cf37a1617a8081189589bae1888bb87606e29523e77741d73541748,4d5d961733232716,203.11890046296296,67.19410603489011,40.317086959708334,0.11672020450101601,27.32794274994789,
20015,/localhome/local-lintran/MLA2/data/raw/original/images/20015.jpg,1800,2400,0.75,RGB,473231,0f9d64980e28957970c9570f9078d5073d1584e695d41658f031ee72b37c460e,0f9d64980e28957970c9570f9078d5073d1584e695d41658f031ee72b37c460e,065e670f203f342efddd2942d69d1b25e0ec9aae866528f5d23271eee467f484,0d4517968e860e16,197.52438680555557,77.07296559229522,24.15141330688835,0.11102038201899528,15.352690196623358,
20021,/localhome/local-lintran/MLA2/data/raw/original/images/20021.jpg,1800,2400,0.75,RGB,371026,c0014b95d93543bb69382c9ebc1732c7be9e25682c036fcb2a235ce065c4df3c,c0014b95d93543bb69382c9ebc1732c7be9e25682c036fcb2a235ce065c4df3c,8012e05f9fdd635341c54088f820526b6849e25a245b7975547bed5ff3bf0a29,0f4d073333271616,205.2643287037037,68.6837998229144,27.137594664674037,0.1055680580010272,95.17775712730726,
20026,/localhome/local-lintran/MLA2/data/raw/original/images/20026.jpg,1800,2400,0.75,RGB,359897,df1b8deb74cc9119c51ef2397f8bad66866e3b5b817b8d8f760c01c5b9cf6753,df1b8deb74cc9119c51ef2397f8bad66866e3b5b817b8d8f760c01c5b9cf6753,7e135077791a82bf98fe0e5d844e57361be572bdf97c3dbbb1364a69547e566e,0d4d0e3333171716,213.7124685185185,73.68517340246179,17.138955999412488,0.05794337683143009,180.4135098080085,
20038,/localhome/local-lintran/MLA2/data/raw/original/images/20038.jpg,1080,1440,0.75,RGB,110147,ebe7fd64a95eb0ecb61b037551fd38a106c393e227179c0747f7771020eb1b4c,ebe7fd64a95eb0ecb61b037551fd38a106c393e227179c0747f7771020eb1b4c,a6f13a8b5b1e7a3f0966a263cf642782178dd02f6f277fca291719a59e321dfb,0c0e0e5d4d1d0d15,233.92366833847737,45.649401414826634,7.692446697599715,0.014463984444688193,7.875735227872376,
20048,/localhome/local-lintran/MLA2/data/raw/original/images/20048.jpg,1800,2400,0.75,RGB,974857,71810b4caa27ccac532f7397be16b9308303f1239878dbe28c88cbeae2e3a2b4,71810b4caa27ccac532f7397be16b9308303f1239878dbe28c88cbeae2e3a2b4,84fc5ba8c0a057116fa260042e8a844266c76cd9dfb29e3a73b54e33b46f90fe,080f3b2b2b3b000b,183.22880925925926,95.86273848643785,4.188461159565573,0.05492755927166223,43.615139072234186,
20056,/localhome/local-lintran/MLA2/data/raw/original/images/20056.jpg,1800,2400,0.75,RGB,434885,c613046aee8114c7d562f721e180041a449ad0d764c4380a3d7997bdbebb5ff2,c613046aee8114c7d562f721e180041a449ad0d764c4380a3d7997bdbebb5ff2,44d36f2ed0be6b56143b12bf60c9a0571b4eeb1f16eaee838cd328159d11d4fa,0c4d8d162b2b1b00,185.2180111111111,96.76341591521745,3.04101339125447,0.0306831841865963,57.54912804835684,
20057,/localhome/local-lintran/MLA2/data/raw/original/images/20057.jpg,1800,2400,0.75,RGB,387328,0b265392d396a56ea709ad6a7e3cc9a94c9efc1ecf3a2b691761ba71775ee8d3,0b265392d396a56ea709ad6a7e3cc9a94c9efc1ecf3a2b691761ba71775ee8d3,758811ca62345d4a20b269b309f9e22a04bb782a11175293e621ad68d0e44ae4,0e4d8617272b2300,200.88249444444443,77.36866078166351,21.48246059479327,0.09324399082298986,53.91208874684453,
20167,/localhome/local-lintran/MLA2/data/raw/original/images/20167.jpg,1800,2400,0.75,RGB,331026,e5c6284ea6f5ebc1f79bb8a3f26208db2dacb87a6625c4035b1bf59c8e987f0f,e5c6284ea6f5ebc1f79bb8a3f26208db2dacb87a6625c4035b1bf59c8e987f0f,8c5b1b60041bd8234d2032cd94658ffa821cd1ad1812f1116ffd3067ed4dc51f,4d4d0e333333160e,216.41712569444445,59.58714530072925,35.79830406805562,0.11633832994208276,36.80620695245374,
20170,/localhome/local-lintran/MLA2/data/raw/original/images/20170.jpg,1800,2400,0.75,RGB,330130,e3f58eec993f29a1bb8f1faa40cd2258888142e95b7c71ac7d79cf36a36044de,e3f58eec993f29a1bb8f1faa40cd2258888142e95b7c71ac7d79cf36a36044de,eda1e2154791d82c8b8ff6bf2ca55c4d959a3da991312acf822e5a2843d5268b,0f0d16373717160e,201.0118386574074,70.12026234002,23.09525656415884,0.09191633765824389,32.599708654670096,
20178,/localhome/local-lintran/MLA2/data/raw/original/images/20178.jpg,1800,2400,0.75,RGB,386845,9269e496a70f6e8ea068d308d4aa7310d9ac00e7a1e7ae22ea9ec42d4d0fbcad,9269e496a70f6e8ea068d308d4aa7310d9ac00e7a1e7ae22ea9ec42d4d0fbcad,a713bf41df47a2d513a6d30ee45dd5462a9a5d4748d1a5544120f6744f9ace09,4d4d0e333373160e,226.48431643518518,51.63551116065465,28.83041065629934,0.09232775706141101,14.850186317422821,
20246,/localhome/local-lintran/MLA2/data/raw/original/images/20246.jpg,1800,2400,0.75,RGB,349523,a0f04826ebfb81bf48fdd79886809bd3d365cc134f4684c3539e763abe3d5dda,a0f04826ebfb81bf48fdd79886809bd3d365cc134f4684c3539e763abe3d5dda,44a682f84e0b2ebe75b1915fa7b2497b5f67d9d3251688d375fb32f7618ae12e,0d1d96968e9e9616,205.36012060185186,73.96886698353605,48.81232201467109,0.16701447987196966,20.139772343037123,
20259,/localhome/local-lintran/MLA2/data/raw/original/images/20259.jpg,1800,2400,0.75,RGB,335151,dc6aba9fa0e29799a52e9b2eed04d5026954f2b24999634df69892de81eefd3a,dc6aba9fa0e29799a52e9b2eed04d5026954f2b24999634df69892de81eefd3a,452df2772303f13a2906f01fdd93e86a40fa03fc6d4c9ec0be64b04af45baa8f,4d4d0f1333231f16,225.31008078703704,61.93950911939654,27.116789197447943,0.07227366589884421,17.542125222909284,
20275,/localhome/local-lintran/MLA2/data/raw/original/images/20275.jpg,1800,2400,0.75,RGB,230839,4bbb0649072e936012b0063a0451c7f6c05b769bf8f7ac9280579e1722853865,4bbb0649072e936012b0063a0451c7f6c05b769bf8f7ac9280579e1722853865,d16346d2c6857d1c34ee4576f1d59a27ccc6f69b7a0d89f0f81987afe99c7e8a,001601361b032001,235.38260694444443,51.43079888963482,22.524419084308867,0.05265192135410532,13.679534495935524,
20280,/localhome/local-lintran/MLA2/data/raw/original/images/20280.jpg,1800,2400,0.75,RGB,503754,429af78002681d625644234a929371ff146abcd2c60c0e21c909cf01e052a93a,429af78002681d625644234a929371ff146abcd2c60c0e21c909cf01e052a93a,7a18ceabbed16a422fb591c8c2a8e3883efe438e0dd14bb7aa799a76b2022a25,08200d0c0b032003,241.44717037037037,36.26101489423404,32.42543241831563,0.06723564517595268,26.305273628384167,
20303,/localhome/local-lintran/MLA2/data/raw/original/images/20303.jpg,1800,2400,0.75,RGB,319718,e84409bfdeb1c68feecfa99e1927c5ac7d0f692702d4931ae8349f0feb67f8cb,e84409bfdeb1c68feecfa99e1927c5ac7d0f692702d4931ae8349f0feb67f8cb,46012e3a8bef1f644c321fe453710bbf6fe62ecfc0b1aee52d6efeb1630202db,0d0d162636320f8f,194.18043587962964,82.6164498914221,22.911885936935736,0.11132797915571686,28.975190370318906,
20330,/localhome/local-lintran/MLA2/data/raw/original/images/20330.jpg,1800,2400,0.75,RGB,380551,17e3c6deb10742b24ec0382a533b7be2f920b1d4c328e34b2b2dc63c10f9a6ca,17e3c6deb10742b24ec0382a533b7be2f920b1d4c328e34b2b2dc63c10f9a6ca,ac624554d14879b35c5f97a7999b2b276a4189cda57c56bee4b4be3711b5c26a,0f4c0e1307070f0e,214.9465761574074,55.216773319768926,58.830481792557066,0.16848567166408066,11.538796868848284,
20331,/localhome/local-lintran/MLA2/data/raw/original/images/20331.jpg,1080,1440,0.75,RGB,236127,b00fce514f675d8ac87882c796b1cc1a78df1ba091ce37af23698451bb52adc4,b00fce514f675d8ac87882c796b1cc1a78df1ba091ce37af23698451bb52adc4,e609500d640c9d6582f6b2bd93df35dcca1b02f17ba49bb30f50cdcf1aa334a9,1a5816160f0f8e8e,192.03963927469135,85.50912050570379,27.82539763960003,0.1416666433423282,58.00895337014299,
20332,/localhome/local-lintran/MLA2/data/raw/original/images/20332.jpg,1800,2400,0.75,RGB,318115,6e1337ca82cc4b2af1ae487ad5ab3c4dbfbca7abefec49e380aaf553999e8dbb,6e1337ca82cc4b2af1ae487ad5ab3c4dbfbca7abefec49e380aaf553999e8dbb,cf771320c8ccc9eb415ca07836ccb825a5977d1ec31ecb2a7119f067c35354d0,0d4c8f930707170e,201.74906365740742,69.90149132872448,66.40324018614216,0.2153727671155741,21.49636084670789,
20368,/localhome/local-lintran/MLA2/data/raw/original/images/20368.jpg,1800,2400,0.75,RGB,330720,2291db932cbe4b9eff8ec2c641c87c2fd63f52ab231ca981f534370afb7738ec,2291db932cbe4b9eff8ec2c641c87c2fd63f52ab231ca981f534370afb7738ec,905fc85d0e9fcae0c309eaeb10ef3280cd21496bdb8ddbbd91747a04495c01aa,0d4d8f130717160e,208.9188087962963,65.62083232711436,40.657445150809785,0.14307799767656224,54.089171124852356,
20378,/localhome/local-lintran/MLA2/data/raw/original/images/20378.jpg,1800,2400,0.75,RGB,309401,c4b8c233bcf858062cdb718bb16504de068901d7d88eda29bb8183b88fa97afe,c4b8c233bcf858062cdb718bb16504de068901d7d88eda29bb8183b88fa97afe,15d408b09c3a98f4a4abdb62f095899aaf424aebec39eacaa7886a1ba0903dad,0d44969616172b96,187.54931319444444,88.71811610462262,22.65197678132937,0.08358555825495154,23.799164408624563,
20386,/localhome/local-lintran/MLA2/data/raw/original/images/20386.jpg,1080,1440,0.75,RGB,359301,ffd4747748ff139563cd322d9d986da0f04130c4b577031eaef3a122e4ca0d92,ffd4747748ff139563cd322d9d986da0f04130c4b577031eaef3a122e4ca0d92,5d1fd5a1aef8757c13b8a2c874d173b0b86792c13f423062f863c39655275351,0c16979f971b1700,197.27265689300413,97.12744898448172,2.25429393347749,0.021095238136433995,60.60998236740157,
20445,/localhome/local-lintran/MLA2/data/raw/original/images/20445.jpg,1080,1440,0.75,RGB,230026,f770c147d39ea69437f5a2b317a7810141c7e76c7a939ac04c94f2f6eef48157,f770c147d39ea69437f5a2b317a7810141c7e76c7a939ac04c94f2f6eef48157,92fa41426e245a68f79ca536e630b85ae1bce75b6de6c525e5d6a58129af2894,00002b3c2b070002,243.93445859053497,36.41789204442574,37.16130693094033,0.0502980405503403,27.14337812270744,
20452,/localhome/local-lintran/MLA2/data/raw/original/images/20452.jpg,1080,1440,0.75,RGB,451219,4311e4ce0447d88b43d1b184946de52ab348f627e82bbf3713449487d9018027,4311e4ce0447d88b43d1b184946de52ab348f627e82bbf3713449487d9018027,5ae728cec3aa1aab63c71707387ebaf90a545edb6b2024b6a7ec15d7a04b94de,0c0d55961f3f1700,206.46610468106996,87.97266006701054,11.626547974562696,0.07627793372131732,68.19033875181796,
20465,/localhome/local-lintran/MLA2/data/raw/original/images/20465.jpg,1080,1440,0.75,RGB,351704,5ca47e99979d5d6a85fd651cc4e5038dabc03b16b537557bfb69aaa6eec475c0,5ca47e99979d5d6a85fd651cc4e5038dabc03b16b537557bfb69aaa6eec475c0,2c73f8b28f0e1be104eba9f35e25a6230bab0d25723895812cb41f0a4b3c9062,03002b2b3f2b2b00,201.38193158436215,82.68060251396001,48.86332492722834,0.19081295901759285,40.209170238233135,
20495,/localhome/local-lintran/MLA2/data/raw/original/images/20495.jpg,1080,1440,0.75,RGB,214968,77fe93edb0a4c5e2be89722b1593b6a4ac76472897d967aaa7a8f51d80d8ba61,77fe93edb0a4c5e2be89722b1593b6a4ac76472897d967aaa7a8f51d80d8ba61,2362b87ca3b94dd3d8793a57f1f47111b23f0a0aa664299d02103227d91c0479,000100755d490300,204.9616004372428,82.17145494546916,4.630417655202147,0.030126468745223855,86.87887884989125,
20503,/localhome/local-lintran/MLA2/data/raw/original/images/20503.jpg,1080,1440,0.75,RGB,335986,dd607310daf9b58f6ea4b4026594aa36b1af1e1aa3106ce70ad7deb0919939f4,dd607310daf9b58f6ea4b4026594aa36b1af1e1aa3106ce70ad7deb0919939f4,b4f4126f9149006727c9a75556bb971d51db9732497341de8c82be30980c397c,0600262727232500,225.90481995884772,50.85337367484753,25.27069396326724,0.09543371894916938,52.83978918104946,
20508,/localhome/local-lintran/MLA2/data/raw/original/images/20508.jpg,1080,1440,0.75,RGB,326883,3aad1a809a7b512a5606979c1e9598eff8b199e06b9bb1e3060eb29ca3d5b533,3aad1a809a7b512a5606979c1e9598eff8b199e06b9bb1e3060eb29ca3d5b533,759fd69f1ca724d1be1bebacfe2f072d5dc1cdaadf613efe44b388107ca05f14,0c16129617333300,208.17414158950618,87.98424072489476,2.885560365926753,0.016769528456107186,37.08746154935197,
20623,/localhome/local-lintran/MLA2/data/raw/original/images/20623.jpg,1080,1440,0.75,RGB,344777,dfe758eedc2adb46ff944ef47590bcb5cd744aedd4c689d7b9fa81320ff9aea7,dfe758eedc2adb46ff944ef47590bcb5cd744aedd4c689d7b9fa81320ff9aea7,324515dbe6862e402643ea2719de458340ea9090ab3567aa96413194dd83d88e,41005151796b0700,245.89982253086418,15.111241888029781,3.8299907203532246,0.010416688653860902,9.619648763787534,
20628,/localhome/local-lintran/MLA2/data/raw/original/images/20628.jpg,1080,1440,0.75,RGB,476001,ceace7d4c2b275de4e806febf642e88ece0e0910cf621ca5eabd53a9183bf53e,ceace7d4c2b275de4e806febf642e88ece0e0910cf621ca5eabd53a9183bf53e,2ce4a4f3232e104987aa1b00a1fb7b18bdcaa082e617b4d5cba9e63d1e5d0246,0001000d69791500,213.19849858539095,68.52982010223525,2.477857872432964,0.010635419145142794,99.08684247783054,
20678,/localhome/local-lintran/MLA2/data/raw/original/images/20678.jpg,1080,1440,0.75,RGB,198431,f6696808ee5fe73c9a166b0638b8bcfe4bdd999b0ef5781e1ec562b7f3bb2f8c,f6696808ee5fe73c9a166b0638b8bcfe4bdd999b0ef5781e1ec562b7f3bb2f8c,ad4a1c518ad84c737ec0c2fe4448f49821118b51a13da3f2cfdebedee335bf4d,0806597e17078009,217.21620627572017,77.12981794057295,12.131109293625498,0.0579017905391129,27.092325958531216,
20764,/localhome/local-lintran/MLA2/data/raw/original/images/20764.jpg,1800,2400,0.75,RGB,541989,5d225623dcea0478075f124811fd6ea47a873fece1b8ad6a054ff90834b6e87f,5d225623dcea0478075f124811fd6ea47a873fece1b8ad6a054ff90834b6e87f,bae2fdec917d5d6e4cfa5b7f7dd01c58ec4cf3c32b6a4f812e9b80660a945020,1006713e0f432009,232.33998287037036,58.5157954307091,29.445592191653382,0.07995628477469367,39.15413325922324,
20784,/localhome/local-lintran/MLA2/data/raw/original/images/20784.jpg,1800,2400,0.75,RGB,468782,c8109f0ade6530bcbc379fc31c1dfd51ba636f60f734e7bba704682925c7b650,c8109f0ade6530bcbc379fc31c1dfd51ba636f60f734e7bba704682925c7b650,1cd914b2a81e7aaf28bb89ea7bc8e8b92959c97e430dce9dc833f6eeaded0074,343a3f0c0703200b,213.62032916666666,85.44976875693621,1.0975634052371728,0.006790333569081499,12.307270895574238,
20802,/localhome/local-lintran/MLA2/data/raw/original/images/20802.jpg,1800,2400,0.75,RGB,798619,e0b9a46c4573aca2e897c6eff1f857006b24aa489eda362d40327c1f66c6af93,e0b9a46c4573aca2e897c6eff1f857006b24aa489eda362d40327c1f66c6af93,e92cff4ef0e5b291c376477ffdefa2b6dfbc43977afe389c117e22bb77ee358c,1004391c61038001,233.10038773148148,55.27261703439729,7.67408562947228,0.015854052747025338,30.868011533384283,
20841,/localhome/local-lintran/MLA2/data/raw/original/images/20841.jpg,1800,2400,0.75,RGB,420142,2bb2c0626663a4d638befa7aea15249d1c24352a20816fc13c5f8f11d9c7ba9c,2bb2c0626663a4d638befa7aea15249d1c24352a20816fc13c5f8f11d9c7ba9c,8ba56e52644365170f2f141d7d55da3478c15606be5923d40ac6c23dc0fbac14,000e971f33370601,190.01073541666668,90.61369818815567,16.15554324896673,0.08964972969280055,56.845347275295865,
20848,/localhome/local-lintran/MLA2/data/raw/original/images/20848.jpg,1080,1440,0.75,RGB,247140,dc64b5779271a246fb3bfbfa09f32285b5f001561c199c93fd1b5389159e5846,dc64b5779271a246fb3bfbfa09f32285b5f001561c199c93fd1b5389159e5846,16acdca18bdab56a372c1010172d9ceb48c57ec4b37582c7b04dfd8df710980b,00080b003b2b2700,209.34709233539095,87.48311883840597,2.4356263447585342,0.021053849731615497,124.4461957990656,
20866,/localhome/local-lintran/MLA2/data/raw/original/images/20866.jpg,1800,2400,0.75,RGB,620197,2f5a9ea29b12fd3f4916643c03d19e1e668afd94f766585373361ae027edf328,2f5a9ea29b12fd3f4916643c03d19e1e668afd94f766585373361ae027edf328,89725a64681a179b4e0fa7cb281e4d8e87c9959c7861972f20d88a1c4f616fef,0cb29d0e07072003,225.0569284722222,65.31706416007721,29.19359874543298,0.05763051520190047,58.31321660992612,
20886,/localhome/local-lintran/MLA2/data/raw/original/images/20886.jpg,1800,2400,0.75,RGB,844817,83fce35c8daae439b8f062d48a90382ec486c4fa90c42172a5fae0f8998befa6,83fce35c8daae439b8f062d48a90382ec486c4fa90c42172a5fae0f8998befa6,d30bf356a5ddaeeb4174e9e3f4c9339ecbf157c161e8feb77bd0f8670bd6d4f1,041b4c672303200b,206.1410787037037,86.53253938143364,1.976492661572389,0.015752259795793675,45.20268996502929,
20927,/localhome/local-lintran/MLA2/data/raw/original/images/20927.jpg,1800,2400,0.75,RGB,383576,abaaf53ce90226bb08de4db8cced37d55a402aec69c7a4240fbf9bd44ef6ce6d,abaaf53ce90226bb08de4db8cced37d55a402aec69c7a4240fbf9bd44ef6ce6d,72295f1a7bb4500f11f75b538c36dcd1fbd1cc041efe74496c9ba3adceeb3f7a,02013e3b233b1f00,191.71556481481483,99.89029925862312,36.42998318295739,0.05389265320607,16.11769749183631,
20960,/localhome/local-lintran/MLA2/data/raw/original/images/20960.jpg,1800,2400,0.75,RGB,445332,6e8aac025a524447a5b1c7b2b6718393c1b32da4949186df746c3aa0e4b59f19,6e8aac025a524447a5b1c7b2b6718393c1b32da4949186df746c3aa0e4b59f19,0a69e198b762818d93aefb31bc3b382340f7d5f96b030cbbf74ec666f74afbb6,1c96969686171700,202.23444699074074,79.0903559382091,13.917237978445877,0.07689334769347107,17.259746867690314,
20961,/localhome/local-lintran/MLA2/data/raw/original/images/20961.jpg,1080,1440,0.75,RGB,218440,be837c5eea0a2fceb0527996581bac8cb11e3083d515774dfdd341271a6b31eb,be837c5eea0a2fceb0527996581bac8cb11e3083d515774dfdd341271a6b31eb,61371eccc6ec321ec5c512394076ec57d08d1ed8f83d5d7f55b17e36492f9851,0848480e96969640,237.2017695473251,37.40897791037258,27.081622169927332,0.07568653614357063,27.777780995405227,
20972,/localhome/local-lintran/MLA2/data/raw/original/images/20972.jpg,1800,2400,0.75,RGB,247684,b0e049373dad5a70a1e8af4b3c6e58e4711f62607f70b4855b88e2a2a2c9ffc3,b0e049373dad5a70a1e8af4b3c6e58e4711f62607f70b4855b88e2a2a2c9ffc3,9ffd57fec55568d63f6f5d95a529a0783cce8191cc31f0d83f25fbd7d446a8aa,0a410e0b2b0f000e,219.68099907407407,75.7106831958564,6.857177503336014,0.032514556390852684,16.524828504597142,
20988,/localhome/local-lintran/MLA2/data/raw/original/images/20988.jpg,1800,2400,0.75,RGB,233714,83b0eabf9505d898b57e114a2c6ece83f5636978d71035800d4ffe55ed1a6c6c,83b0eabf9505d898b57e114a2c6ece83f5636978d71035800d4ffe55ed1a6c6c,886d9ade47a3cdbb018d81ed28074f3440ffb68c608a1c46ebc554b8c5a823c2,06410e2b2b0e000e,212.5487900462963,87.60182489322911,3.1559617148241097,0.016408406298153908,14.961441441441442,
21006,/localhome/local-lintran/MLA2/data/raw/original/images/21006.jpg,1800,2400,0.75,RGB,385005,75eeb90fc3ee596615d7141651b628e364854ba5776d0719a1130141939814cc,75eeb90fc3ee596615d7141651b628e364854ba5776d0719a1130141939814cc,3923c8730e0f2262500b6f49609363a280c425d517445b7e64b7ef99a99e1176,000a001e690f0003,240.0819349537037,52.58353786143029,1.5254732408236829,0.006076529153212268,11.239709581046341,
21008,/localhome/local-lintran/MLA2/data/raw/original/images/21008.jpg,1800,2400,0.75,RGB,487345,94ded523bc299d8c0f43547f38ffc32f75e5b4309737b60aa634f54b5f7418d9,94ded523bc299d8c0f43547f38ffc32f75e5b4309737b60aa634f54b5f7418d9,d70aa0e90011e2795db4ce08167ced0932263d742ff0da7665fa206a97180ab7,000041160b0f0003,244.38016944444445,40.68743837554634,12.662096474692953,0.02844666747075511,9.2338578938836,
21055,/localhome/local-lintran/MLA2/data/raw/original/images/21055.jpg,1080,1440,0.75,RGB,257261,ad4e8884da890042581d15e168871d9bf2945ea401cacfa91dc78ed1e94d4a69,ad4e8884da890042581d15e168871d9bf2945ea401cacfa91dc78ed1e94d4a69,08d0346591056cdd5da680040ebfd763dad9b047c2b86092a19d6bf675082afa,0824094c0f032009,221.52238811728395,76.96411434840756,1.6329823364997782,0.013752934990541497,10.254827084700825,
21111,/localhome/local-lintran/MLA2/data/raw/original/images/21111.jpg,1800,2400,0.75,RGB,399584,2bd818552e7a5cde47f17a2d788c8e59619ffe72c7506f0a0e1d746d69de277c,2bd818552e7a5cde47f17a2d788c8e59619ffe72c7506f0a0e1d746d69de277c,22cbcb470b8120fd1d5bf73b12785d6b97c9788545aff61416c98cd9326f1c6b,4d5616b393132f0e,225.64044652777778,49.929015350264116,32.131223192548205,0.10274883918764693,88.70678477963826,
21123,/localhome/local-lintran/MLA2/data/raw/original/images/21123.jpg,1800,2400,0.75,RGB,408999,b62ff61494a1bb00627524d5c0eed146588e145da7c712533234cbc5acbbb438,b62ff61494a1bb00627524d5c0eed146588e145da7c712533234cbc5acbbb438,a8e51ebdbed9442cdf49934f9b7b3620d6e33f3e4c0674093339bee0fbf0e186,0d4d97132f0f0f0f,185.16776782407408,82.49661036259803,22.29370960798185,0.10802661198668347,25.98955916070312,
21128,/localhome/local-lintran/MLA2/data/raw/original/images/21128.jpg,1800,2400,0.75,RGB,362214,da669637d4bdf3d5ce975cc35fd7dcf784d9d25dd1214b849adae4fadec22b7a,da669637d4bdf3d5ce975cc35fd7dcf784d9d25dd1214b849adae4fadec22b7a,aeb8b8979362ca8b230798ce183c29b8a1ce2e6902de0dbe7f1a34b4342ace4f,0d5616161e1e8e8e,214.0117800925926,64.07842392426882,30.94814606508268,0.10233229825907202,101.45194562171426,
21150,/localhome/local-lintran/MLA2/data/raw/original/images/21150.jpg,1800,2400,0.75,RGB,335566,3b4811922ccb633cef0330c303b9a218b29a3faa1228b99bcb36f572189002ee,3b4811922ccb633cef0330c303b9a218b29a3faa1228b99bcb36f572189002ee,a8eae3757986bec949bedbcc8fb27d4f6f73ef647399fe0a2e81f35b659b19ec,4d4d0f33332b2b17,225.18579212962962,49.51253924874629,41.84990628460653,0.1274497140279131,73.50994534380139,
21155,/localhome/local-lintran/MLA2/data/raw/original/images/21155.jpg,1800,2400,0.75,RGB,384141,03bf5711b0408c7de87a34d6179b981d1fa54414eef27b67c62ff5d6cfef7dbf,03bf5711b0408c7de87a34d6179b981d1fa54414eef27b67c62ff5d6cfef7dbf,07acea9f19e4397e852c48aa92af30e6752e941ab8d1ed23d7a01a9f26c81d52,4d9d26232d3f0e0e,222.91317685185186,46.286802406503774,31.78967591919047,0.09524100577337662,29.79968202135297,
21163,/localhome/local-lintran/MLA2/data/raw/original/images/21163.jpg,1800,2400,0.75,RGB,382691,7364799403ac9695a24ba7391bf42d6c72df036ce97f05ab35a481f96b930cf6,7364799403ac9695a24ba7391bf42d6c72df036ce97f05ab35a481f96b930cf6,f7efd83c284f9485a3cad93ccd3e270609c076ba15475bd20a040ae662e1d5f1,4d4416960e868e97,218.3875138888889,57.52117778378731,22.378192850330603,0.06394649982888405,24.017763959332083,
21173,/localhome/local-lintran/MLA2/data/raw/original/images/21173.jpg,1080,1440,0.75,RGB,50027,b25392f8dfe9597af03c345301ef568c0cc9800f0d73b0b414010a1f6294b8e6,b25392f8dfe9597af03c345301ef568c0cc9800f0d73b0b414010a1f6294b8e6,bb52d907a4ec2f6a457d82a26db5a052dc414415c8337df6fb3657c17d53aeca,0d4d8e96160e9e16,209.60360853909464,73.69317912661312,11.537731372226308,0.04191508515707601,25.705065189132142,
21179,/localhome/local-lintran/MLA2/data/raw/original/images/21179.jpg,1800,2400,0.75,RGB,320576,b1feeff64b8be61bc26bd4471beadc6e9571d2fa708e3fa5f85ef472dad5954b,b1feeff64b8be61bc26bd4471beadc6e9571d2fa708e3fa5f85ef472dad5954b,9ce6115607c2d96f7100661354f79a39a65bf05dc7d37788b4afa9fab720b881,200831360f032001,223.37372962962962,70.95790273084621,17.49348171310876,0.059476982964455194,11.8419648440214,
21247,/localhome/local-lintran/MLA2/data/raw/original/images/21247.jpg,1800,2400,0.75,RGB,576294,ef56ed44434c70b4a345c934d7ea5fd3892006e07abed4c9218f1270ac4c60be,ef56ed44434c70b4a345c934d7ea5fd3892006e07abed4c9218f1270ac4c60be,e5ae39b0cbfe1e97b04e9d380dce167deab94b9981cc629eef6f515fbdf00a73,0017133333330f00,164.32327824074073,108.32587296309269,5.727829586509811,0.03473942338304661,21.584854443132077,
21248,/localhome/local-lintran/MLA2/data/raw/original/images/21248.jpg,1800,2400,0.75,RGB,564114,0668646263b867f595b4590c6658e3f92e9ce7d723213b0843688cbac0c54580,0668646263b867f595b4590c6658e3f92e9ce7d723213b0843688cbac0c54580,2bd3c178aed1052f6ba867eb7640c308b01f30f11bbc5b4bf386bffe33f082ca,16173333330b0700,164.0536960648148,105.41080962350411,13.75123386331737,0.18521094258817072,173.18859005535097,
21249,/localhome/local-lintran/MLA2/data/raw/original/images/21249.jpg,1800,2400,0.75,RGB,260368,3c66e1983638fd16879891576a0a0f9cc91b7660af95cb36ce5849376f4c6d60,3c66e1983638fd16879891576a0a0f9cc91b7660af95cb36ce5849376f4c6d60,7f35c637efc4701e6b7284b23279a0fb62d93490a3329a3b297fc8444acb97c4,081d220f0f332300,199.74236226851852,97.35607176072249,2.452047211738354,0.012320092935576944,22.901566733828943,
21282,/localhome/local-lintran/MLA2/data/raw/original/images/21282.jpg,1800,2400,0.75,RGB,463122,1b69772533476b9e428fb87daaf750d30724dcb5ab26cfeb4f1bf7f7e1c85f94,1b69772533476b9e428fb87daaf750d30724dcb5ab26cfeb4f1bf7f7e1c85f94,5560792758553ef70ac10569b002503c6d59368a7bdc0efc9895aa852f1ff711,00091045490b0009,244.0259122685185,42.62980927673741,8.827978002863803,0.024538279069255115,8.81741054679358,
21293,/localhome/local-lintran/MLA2/data/raw/original/images/21293.jpg,1800,2400,0.75,RGB,352845,bbafffa62febbeef0a55615b974bcafb957b3d9776b4c6266beca5fd963ae529,bbafffa62febbeef0a55615b974bcafb957b3d9776b4c6266beca5fd963ae529,f201e58351fce7bf5960c9831582dcf949bd9998b4bf20b10377de2d128a4ac6,000114410d0f400d,241.64343449074073,44.66416297575321,3.795524672109083,0.010051079565435474,6.441263345607819,
21323,/localhome/local-lintran/MLA2/data/raw/original/images/21323.jpg,1800,2400,0.75,RGB,165445,3e3fab9d795afee38fab0e10d682614032f03ad098496a05bea7237ad75e73ca,3e3fab9d795afee38fab0e10d682614032f03ad098496a05bea7237ad75e73ca,063916fb804917a38495da44d593fa8de4fb01199ec222197dcdee1f686f12d4,00010441050f0006,243.02418449074074,41.95396075714734,2.3000965398894833,0.007476175023626141,2.5524583709673685,
21331,/localhome/local-lintran/MLA2/data/raw/original/images/21331.jpg,1800,2400,0.75,RGB,449833,5667459ee0afd54a95885307011e44730363d7892239017d82374ff96c5e6ba6,5667459ee0afd54a95885307011e44730363d7892239017d82374ff96c5e6ba6,d9f55180f0138acf0f18b9ad3cd3670022a43c257501e303fd02306baf116b90,000914454d0f000d,243.2604127314815,42.17980532325192,2.9278794432591373,0.00438355801046778,5.086615947567104,
21344,/localhome/local-lintran/MLA2/data/raw/original/images/21344.jpg,1800,2400,0.75,RGB,326550,177f4c69c1827e4e8db6baac73ff8e9ae0222a6fa355e4d7fbbc55f9e5cf9925,177f4c69c1827e4e8db6baac73ff8e9ae0222a6fa355e4d7fbbc55f9e5cf9925,ac5a04dd591787db12869f6d907facf3c0c681570d178bc8c61de46640b1ab0c,00011063090d0009,246.12729513888888,34.00777344924823,3.92188531958631,0.007765990531852943,7.065900321915746,
21421,/localhome/local-lintran/MLA2/data/raw/original/images/21421.jpg,1080,1440,0.75,RGB,333799,acc7132c80d3eddbaaa177b6677f7c2aa30c0d05027b75598914306e9fb1d4e4,acc7132c80d3eddbaaa177b6677f7c2aa30c0d05027b75598914306e9fb1d4e4,9cb4e9523e866e47194f13c1242bb7e51484b313e4d1e60e5ce72830c8cad259,050d8e3b2d279c0d,227.06686985596707,50.20151230370198,28.16556281531118,0.08195243736719801,15.810641659266123,
21423,/localhome/local-lintran/MLA2/data/raw/original/images/21423.jpg,1080,1440,0.75,RGB,304424,cc4cad195b295ba9c1f085513d4a1ac87c9fb76ec656450ea74a809658e9c1a6,cc4cad195b295ba9c1f085513d4a1ac87c9fb76ec656450ea74a809658e9c1a6,5aa677814aad6fca9f4ac10581642aa527a253cad6eabca58ff397659d94dab8,0d4d16960e160e06,187.5600417952675,89.70065631153122,27.934400074162575,0.09764352364034969,36.79316382871926,
21528,/localhome/local-lintran/MLA2/data/raw/original/images/21528.jpg,1800,2400,0.75,RGB,1197243,44358c5a7e1aad682b00500e2ae3b00dc94447115f28587d1e8acb473c592232,44358c5a7e1aad682b00500e2ae3b00dc94447115f28587d1e8acb473c592232,abd18d7cc9ef3090a69dfa32fc905794548d4752dcc146016eeab3fa4ccb64b0,004c1536334b1300,216.3051122685185,67.96754414910845,18.952785594630075,0.08782406269453727,52.83959077329257,
21553,/localhome/local-lintran/MLA2/data/raw/original/images/21553.jpg,1800,2400,0.75,RGB,323964,90508dffc36b5a72e55bb46e9bb4559d8578f8926f9ca372f7e523782b8e93fe,90508dffc36b5a72e55bb46e9bb4559d8578f8926f9ca372f7e523782b8e93fe,2c5d4e94c2e61cdabc42897ec56252aa49960196d38433b298b7ec6ccb77ebd6,002c4594172f0f00,208.2431909722222,88.4008824142794,0.0,0.0,94.63749600500243,
21567,/localhome/local-lintran/MLA2/data/raw/original/images/21567.jpg,1800,2400,0.75,RGB,617856,71d0eaad018c991a4f0464cefabc6539439c186e20799f58527457c108dfce6d,71d0eaad018c991a4f0464cefabc6539439c186e20799f58527457c108dfce6d,bda8e6aebd3e284e3d564cd607ba19fa2cf8338316f2e17e7dafa10e4c614d5f,1000587e2f030009,243.38580185185185,31.262961237813567,5.671016796744753,0.008749380144807483,16.19490632020195,
21662,/localhome/local-lintran/MLA2/data/raw/original/images/21662.jpg,1080,1440,0.75,RGB,540168,b98f9bd814cfbc8afe18ce64518b2437e2baec9fbcdffe6fd9bcf0ba9c763aae,b98f9bd814cfbc8afe18ce64518b2437e2baec9fbcdffe6fd9bcf0ba9c763aae,0f039bfbd1b3d5dbcaca5fd99cbd2f986681c6894f731a2ebec82681e78bdf92,0000514971333300,245.01165637860083,19.751007727669684,13.369090404666277,0.03320234245260299,119.84466453016204,
21677,/localhome/local-lintran/MLA2/data/raw/original/images/21677.jpg,1800,2400,0.75,RGB,357220,d027f38f15a7b944ee62baf2d5ebd48d0386826985a16b7dbc06e02392a25948,d027f38f15a7b944ee62baf2d5ebd48d0386826985a16b7dbc06e02392a25948,d720fa6ebf82e5881501d851ffb634f8dfbdaa2e4a981246ae873f4a33ea6fb8,8d360f27373b169d,188.95206226851852,86.03089885208671,37.78761360183542,0.08151486311884028,63.931678130572735,
21685,/localhome/local-lintran/MLA2/data/raw/original/images/21685.jpg,1080,1440,0.75,RGB,786501,1ae326ee6a6dae7fd70970611171935832830fe7f9776493e49e760acc295673,1ae326ee6a6dae7fd70970611171935832830fe7f9776493e49e760acc295673,b9254093b8da4a45cd1c6090edf563d9b02f47e6422574db7ce44f39ff3da2ed,9d1e0367531b0e9d,163.60976980452674,99.13229045070831,13.807429442833213,0.060515744994344846,243.9619785834717,
21686,/localhome/local-lintran/MLA2/data/raw/original/images/21686.jpg,1800,2400,0.75,RGB,356922,f8d39c5c073d5ac736f41ec30c56e508068e75adf167878f7c88b1db00039efd,f8d39c5c073d5ac736f41ec30c56e508068e75adf167878f7c88b1db00039efd,70d72170f3be28af7c4b8a8e447d8a92ef6e9e1fe3ea31af615563b58062c29a,9d1e3f6363331e8d,170.3691726851852,88.31963543662384,17.97984966592342,0.0820258608207634,64.7452314782649,
21689,/localhome/local-lintran/MLA2/data/raw/original/images/21689.jpg,1800,2400,0.75,RGB,383256,b7d2a01f57bd041a9b65e9b8cd367a7223bdbc5eceb23be0b2718349a4546354,b7d2a01f57bd041a9b65e9b8cd367a7223bdbc5eceb23be0b2718349a4546354,4f896bc0872730d8e333db20e49af96ab2f0a403a1cdc203175b809c6677d6cf,1e1c265b5b261c1c,230.66790925925926,46.945195376956896,10.126803059534556,0.03502440557756514,181.94351814539476,
21697,/localhome/local-lintran/MLA2/data/raw/original/images/21697.jpg,1800,2400,0.75,RGB,342323,74a3c55e38710625f4d1fa666d6c220c5c29c5364aa38a31a522339911f45e4f,74a3c55e38710625f4d1fa666d6c220c5c29c5364aa38a31a522339911f45e4f,826a9475cace4a1e8207d46bfffcf5f90766678092839fbdb46da9a3c5010e5c,0d8e2b5b5b239e1d,212.47331041666666,64.35336305335761,28.32306655783453,0.10170205154690917,85.0106873711758,
21730,/localhome/local-lintran/MLA2/data/raw/original/images/21730.jpg,1800,2400,0.75,RGB,362731,781272a8f0ffa8f88ac9acc746b23e659b5dc12eed5813ba7ee3f297865a9d17,781272a8f0ffa8f88ac9acc746b23e659b5dc12eed5813ba7ee3f297865a9d17,aca304afdde464816900a7311fdea7f605c7cb0308a28e4a4a864fcaf0a9e2ac,2002693e07032001,232.16752592592593,55.251155684823345,35.22986000178856,0.08894055070358751,8.232889135922555,
21733,/localhome/local-lintran/MLA2/data/raw/original/images/21733.jpg,1080,1440,0.75,RGB,362168,cd3dc2662b55d9ffebe619433db412a1ee2dca7d5a26f5de51b75325f78b9cdd,cd3dc2662b55d9ffebe619433db412a1ee2dca7d5a26f5de51b75325f78b9cdd,6a145f46bbd7cab60f355cc55a2b51364db935977f91fa03d7080d6352522306,6874312c1f072003,237.7706757973251,43.54834963827769,17.086516962553436,0.03713393589926971,44.90284373914051,
21747,/localhome/local-lintran/MLA2/data/raw/original/images/21747.jpg,1800,2400,0.75,RGB,389815,d2a06e38fd9d5728c826e052066468c70105283666b7c6dfbc99ec93f3fdbc5f,d2a06e38fd9d5728c826e052066468c70105283666b7c6dfbc99ec93f3fdbc5f,4b178e6f934530f9ec57165f248717132a0f081246cb637e2e540e8d0a229a05,3806793e07032001,219.03832592592593,79.18853642142811,1.9549481071855328,0.0142998063936407,13.286344287732463,
21762,/localhome/local-lintran/MLA2/data/raw/original/images/21762.jpg,1080,1440,0.75,RGB,182937,76e8ffde7ce4cc968247b31b9aef03b1a603a34d8dd7c069c1d24029bb8ded9e,76e8ffde7ce4cc968247b31b9aef03b1a603a34d8dd7c069c1d24029bb8ded9e,857bf741c596aba260fb779140d970fadd1f4901d5bf0edc704db6742a109cd7,00610c072b0f000a,230.9836574074074,59.242670833422764,11.377779825376988,0.03184152820604091,18.030810713412357,
21774,/localhome/local-lintran/MLA2/data/raw/original/images/21774.jpg,1080,1440,0.75,RGB,172148,2007a3bfe566fac427d48c419bc57a271e14c8c86548eb12774f9b1c73ea6e3d,2007a3bfe566fac427d48c419bc57a271e14c8c86548eb12774f9b1c73ea6e3d,83b18a10f2a4943b90c3072f4274a435895c7ab3df0b45b9f117cbb0adccc501,0023001f230f0006,227.41493891460905,68.07818381142647,2.1495210910774833,0.012479905970379861,20.271957089720324,
21806,/localhome/local-lintran/MLA2/data/raw/original/images/21806.jpg,1080,1440,0.75,RGB,409422,247e820d167e298012941940174282bae77967f1b665f82c5be93d9eed133202,247e820d167e298012941940174282bae77967f1b665f82c5be93d9eed133202,3b8353f9e62bd7c8e9408c2ff95d73b8c3e55582ab16af8533b04ffb74e20e56,0300033b2b2b1300,201.78623585390946,89.39359702833032,11.620694383183896,0.09336146265140993,24.692237795539082,
21820,/localhome/local-lintran/MLA2/data/raw/original/images/21820.jpg,1080,1440,0.75,RGB,354167,f6841044f1443e789ec09a600fec65211ae31f1b8a7d23526e5d2ebb7ba19515,f6841044f1443e789ec09a600fec65211ae31f1b8a7d23526e5d2ebb7ba19515,d16e2dffab4a1e20da9268226174b609ffdf1ab61c35f8632ac57432c7fc4c8f,030003232b2b0300,203.45731159979425,88.67666997476651,8.256328291126803,0.06786400405778777,12.510995920048392,
21868,/localhome/local-lintran/MLA2/data/raw/original/images/21868.jpg,1800,2400,0.75,RGB,324242,ba9ed5cfe93b8bfffd8816ca942ea2cded084d7ee0d994db0d2a1d091cf1219c,ba9ed5cfe93b8bfffd8816ca942ea2cded084d7ee0d994db0d2a1d091cf1219c,7201e1cc2c52081c1ec2a2b7800d421d21fb76970a78f592cbd9e89ae8c9d279,2a00171796962600,237.07949328703702,40.600254914277976,44.88377323814977,0.07930188197803961,11.935570995159685,
21898,/localhome/local-lintran/MLA2/data/raw/original/images/21898.jpg,1800,2400,0.75,RGB,396292,dbc738dfa571a811ec50dd057136d7df92dd08577ef60da6e53e3e00a9e0696f,dbc738dfa571a811ec50dd057136d7df92dd08577ef60da6e53e3e00a9e0696f,d498d87c7c01481afc9d91c18c9f7caee14962720871666449adeca524b3b91e,4d0d16260e868e1d,211.96251064814814,67.52595515465514,54.07875543852915,0.1684522644703173,55.3029095162,
21908,/localhome/local-lintran/MLA2/data/raw/original/images/21908.jpg,1800,2400,0.75,RGB,369789,98b97b551a2434f38c89567d02cbc02b450c7c67ab0b5225d6ec9a9214be3b35,98b97b551a2434f38c89567d02cbc02b450c7c67ab0b5225d6ec9a9214be3b35,0031363ca25d72b637082c2900cf63935dd1c6738834f74b4dc8d889a195c7e9,4d0f1e0e0e8e1d4c,224.3993851851852,57.67447369914922,40.398911326419345,0.1009866572824854,25.55291229532875,
21934,/localhome/local-lintran/MLA2/data/raw/original/images/21934.jpg,1080,1440,0.75,RGB,213181,8b1e075a8ac1b9d07dd4799e41f77216060aa8a9558f257ef022ddfd6a3bfca9,8b1e075a8ac1b9d07dd4799e41f77216060aa8a9558f257ef022ddfd6a3bfca9,74d861eee3bd74449e08364a123bfafd0f9d769209a778e258ec19e80174fa0b,000416b213070700,231.0143409207819,45.31827221752178,40.02789880266491,0.12685507190844586,31.287663616355843,
21945,/localhome/local-lintran/MLA2/data/raw/original/images/21945.jpg,1080,1440,0.75,RGB,298466,f1595d4ddabe71341678fd501418eef7846d7ad6319503a7e620d45698dacadc,f1595d4ddabe71341678fd501418eef7846d7ad6319503a7e620d45698dacadc,487946dd7c479eda8f398bde437a487d03841abd514b93af24c48cb1af5563c4,080d1616332f0300,206.89848894032923,82.40997185375605,9.658133624593797,0.05895405489250505,93.26678571888233,
21996,/localhome/local-lintran/MLA2/data/raw/original/images/21996.jpg,1080,1440,0.75,RGB,318898,ca1303204b9aceff03a5e6e4ab8c98e02a8c5b615e36077fa5f3323b3d74092c,ca1303204b9aceff03a5e6e4ab8c98e02a8c5b615e36077fa5f3323b3d74092c,bb30fa0cfe6d89770f1919b69e7108b04a183458498feb10e05dbce676ae2fa1,004d1617272b2b00,235.75234760802468,38.38848845004141,54.793685250150126,0.1363223006021853,36.81422641800842,
22016,/localhome/local-lintran/MLA2/data/raw/original/images/22016.jpg,1800,2400,0.75,RGB,394371,6be94e70d676565b982db231f2f96b3bc2b94aa6d3f113c38cce4ca15b5511e9,6be94e70d676565b982db231f2f96b3bc2b94aa6d3f113c38cce4ca15b5511e9,160122177f16a7ce6ba2b5dec55d467ea539fe1211d1e7c231ae6ecd2aa50437,0f4c174b4b0f960b,179.33442199074074,94.02643675789173,28.769782706332258,0.09275059820090019,34.765321452557956,
22063,/localhome/local-lintran/MLA2/data/raw/original/images/22063.jpg,1800,2400,0.75,RGB,364058,0b7384a85a9c671aebd02d7268721757ac2f8bf9bc7c6cf894948b7ced2e4f83,0b7384a85a9c671aebd02d7268721757ac2f8bf9bc7c6cf894948b7ced2e4f83,5f063616cb71a2c66214e6182cf28a2264f71285ec815418d3f96149a9a55786,4d4d0e1612939296,234.2231375,44.26336585050162,31.36220582451357,0.06324480567113244,60.27431726070544,
22094,/localhome/local-lintran/MLA2/data/raw/original/images/22094.jpg,1800,2400,0.75,RGB,203117,407c68649bea748d796c660b5d41ebcbf4469598555d5b672c65e2422e40392a,407c68649bea748d796c660b5d41ebcbf4469598555d5b672c65e2422e40392a,0d0d1617dabab9b77cc6d570843f3583070254e4b9cb23facc7417e19cfebf99,4000683e3f030008,247.41492476851852,23.648127092494367,2.856114317841417,0.006249153577697457,9.523901433567243,
22110,/localhome/local-lintran/MLA2/data/raw/original/images/22110.jpg,1080,1440,0.75,RGB,267670,b36b40c81e3b8cb2e410be56f69fc996292f8d3b9b6f7707741894fa6c59ebc8,b36b40c81e3b8cb2e410be56f69fc996292f8d3b9b6f7707741894fa6c59ebc8,b31ec22f2c9c8d761b4b5732e17f105fa0f62eef548a404b70754b05ea91e574,4823586f2d030001,229.46870627572017,54.99126984232629,17.23540417508127,0.03537044924421252,37.45964258594283,
22138,/localhome/local-lintran/MLA2/data/raw/original/images/22138.jpg,1080,1440,0.75,RGB,189899,8ef5457f335634edca56adc3d5caa7aba504637fd7610e0ebe1222342d0452e4,8ef5457f335634edca56adc3d5caa7aba504637fd7610e0ebe1222342d0452e4,d95c0ca67b182720196a0859358b0058944bb18f202e79006605e79a2845a2d5,300c73380f070009,219.2764146090535,76.59026737543653,1.9309395840085506,0.0177462427805702,11.463759218502645,
22159,/localhome/local-lintran/MLA2/data/raw/original/images/22159.jpg,1080,1440,0.75,RGB,195184,1cc98c054f93b9bc6292c189b69f39a900eba5b225bac4dccbb37daa4a1aa362,1cc98c054f93b9bc6292c189b69f39a900eba5b225bac4dccbb37daa4a1aa362,f802ba746b6990773328a1e14142d86b92e40ff30891a2cc2c0c1c99011ca859,6804793c0f034009,216.45093557098767,79.20081618940955,6.069662980485191,0.024368208128317297,20.930682651839838,
22161,/localhome/local-lintran/MLA2/data/raw/original/images/22161.jpg,1080,1440,0.75,RGB,203938,f5b04027ef7399f2dc94a7cf06cad1a27370b60cc0411c92350f7b8ed6a36f49,f5b04027ef7399f2dc94a7cf06cad1a27370b60cc0411c92350f7b8ed6a36f49,fe298ac18ac9fdfdb9075d63094018d4b71c8c56ff4fb25df5e8651fb6ca6b60,3806392e07036009,221.200401877572,71.06331332146213,5.8568437921388075,0.019696347059981172,27.899618389384404,
22178,/localhome/local-lintran/MLA2/data/raw/original/images/22178.jpg,1080,1440,0.75,RGB,492969,f2db72f92007c6cddf7a1a220cde6d31903fc3ab9e8d2314f2a1802cc42e6e15,f2db72f92007c6cddf7a1a220cde6d31903fc3ab9e8d2314f2a1802cc42e6e15,2512a2c0718c9945203e56aaec2b30a6031751414e5191ba979923116146ae96,801a393e17034009,206.20538644547324,82.84511770897288,13.671940977319986,0.05452829977957762,152.27771471227976,
22214,/localhome/local-lintran/MLA2/data/raw/original/images/22214.jpg,1080,1440,0.75,RGB,233666,548756039edfbf28c3b8cd1a5f37cf6abe86bc029c42a607b5e23f6605cc2dda,548756039edfbf28c3b8cd1a5f37cf6abe86bc029c42a607b5e23f6605cc2dda,8dc8308290e870f844382f55cd63154ed60a8267d3d8174517c148e45e778052,00000100393b0023,237.43950360082306,57.21450293052384,4.413569099530844,0.019534344150041693,20.12520110171564,
22242,/localhome/local-lintran/MLA2/data/raw/original/images/22242.jpg,1080,1440,0.75,RGB,386916,1e58cc42772d317155c137ed7dc837f56f4c50795036796b1a1bbf08eb470d3c,1e58cc42772d317155c137ed7dc837f56f4c50795036796b1a1bbf08eb470d3c,3e63c64d000939e1885ce72c7d936493df88f27c36cfa0e9d84735e5489a3246,0832192e07032003,211.81883101851852,80.55956322611776,8.281005868527096,0.025177406757343895,83.41328043553806,
22252,/localhome/local-lintran/MLA2/data/raw/original/images/22252.jpg,1080,1440,0.75,RGB,405308,9f8a68fafdbeb2ee6288fb8ed23aacd649f2fdc564f9ddec363bcd5371b44548,9f8a68fafdbeb2ee6288fb8ed23aacd649f2fdc564f9ddec363bcd5371b44548,057c092d484aed8cc06b520f5e6f4fe011b63c935de611a107fe375da529bc38,4836395e0f0b2009,225.09385352366255,65.67273903449471,20.996336316555823,0.04855944278371593,89.23354955789799,
22274,/localhome/local-lintran/MLA2/data/raw/original/images/22274.jpg,1080,1440,0.75,RGB,200774,f086281aad256e90f4a88be28f8a6a307a095444b3e794c4403701c8339c6faf,f086281aad256e90f4a88be28f8a6a307a095444b3e794c4403701c8339c6faf,d34562e53a0d7b8025afada759c3c863a225b1256a03252176a7c84499f4d322,000c022c0f036003,241.93023855452674,39.746734232931864,14.797930954105468,0.021697779308342494,21.433375806015675,
22310,/localhome/local-lintran/MLA2/data/raw/original/images/22310.jpg,1080,1440,0.75,RGB,250757,0db90c50c7ac3d4436e73f92d61baa163f1e447b1df4ce7803fb8eea7e683ba4,0db90c50c7ac3d4436e73f92d61baa163f1e447b1df4ce7803fb8eea7e683ba4,adb8ed760539aee98f541131bc68adb8f10493e62709778ca251d36277adb02b,001003380f032003,245.51522055041153,30.351270936322777,22.123757339003145,0.041066065376789126,19.597631182671147,
22464,/localhome/local-lintran/MLA2/data/raw/original/images/22464.jpg,1800,2400,0.75,RGB,576638,a7ec875a97ac03a5a6be157f7b98ae155c255a12f9aa3f6863a28886f14ef305,a7ec875a97ac03a5a6be157f7b98ae155c255a12f9aa3f6863a28886f14ef305,a5c3a8ce0de70d53a5e5c1140f6c5aeb6b45f0ce7c77b52eff6914f48ebd3ab6,23230f363636b59d,194.16666851851852,98.10537781552628,13.774580453963495,0.09021719958170236,14.437550545404015,
22524,/localhome/local-lintran/MLA2/data/raw/original/images/22524.jpg,1800,2400,0.75,RGB,851836,b2cbd1e8ac0bc3e3cee0d2f76a06489469c51b778e907bc231c30ae0ca9bfe58,b2cbd1e8ac0bc3e3cee0d2f76a06489469c51b778e907bc231c30ae0ca9bfe58,d50c6d6b4f2ec868bb7b23fa9c1402518f0250787a798e1d531121aa47c83344,08223c2f03034009,234.78790625,40.33932450097441,7.193771434986056,0.011822213029279577,8.032632761296,
22532,/localhome/local-lintran/MLA2/data/raw/original/images/22532.jpg,1800,2400,0.75,RGB,243894,acebcfe376c2232b9780ef8409172eb2d80f9cf6cdd016b1481f88b29cc826ab,acebcfe376c2232b9780ef8409172eb2d80f9cf6cdd016b1481f88b29cc826ab,8667d4326aa036ee96ff96d73d7beef8c867d03e41dc2b2ed3254ed00194d9e4,24026d2e07032001,231.90647175925926,48.651649101942624,10.589683044601252,0.03920121313789458,2.203147594895667,
22548,/localhome/local-lintran/MLA2/data/raw/original/images/22548.jpg,1800,2400,0.75,RGB,216910,0366f7e91a21e3685ed1c71ca06bdbb07dc3e98c2ff284e9bdbd8a29ac79b296,0366f7e91a21e3685ed1c71ca06bdbb07dc3e98c2ff284e9bdbd8a29ac79b296,d09a0eec284466097f506fd7820ef04b33f4c21530f4dfc5f8c6b66b45730556,004d4d4d4d4d4d0c,232.5438974537037,55.1527217928699,26.384657487411953,0.07171395649470631,7.491183908844577,
22558,/localhome/local-lintran/MLA2/data/raw/original/images/22558.jpg,1080,1440,0.75,RGB,244408,954fb03415803f6f75b758d17959adf1999960f91b82e8b75775838d489c1e60,954fb03415803f6f75b758d17959adf1999960f91b82e8b75775838d489c1e60,eda8c7f61342b736d0ae60ed350c06a31f5bdd556708e01659145f6095a91bcb,004d0d0d0d0d0d00,212.74267682613169,86.75730699522086,13.033742628562555,0.09309072691046265,57.374592004839315,
22564,/localhome/local-lintran/MLA2/data/raw/original/images/22564.jpg,1080,1440,0.75,RGB,419686,565aef172f71f388a9926a1040d747d4a181719d412c5c612d449405f9041b92,565aef172f71f388a9926a1040d747d4a181719d412c5c612d449405f9041b92,fe8839448d378006ee1fd8333eadd4359a3d19bcaa5e042a5aa8f1c10d3b0abe,0300171705072700,182.74907343106995,101.2607349678158,2.320426494575328,0.03803450074933769,208.42867935698933,
22615,/localhome/local-lintran/MLA2/data/raw/original/images/22615.jpg,1800,2400,0.75,RGB,381293,82b535a772d2d134e713010afc61737a6e18734776aa34ca83af1c8d027845ba,82b535a772d2d134e713010afc61737a6e18734776aa34ca83af1c8d027845ba,45c11189369a16d34d17fdf671f86153727eec3bcacdafbf1e95057fd66cf532,00163b17969e8e00,199.02353449074073,79.62362192579191,7.746368748032854,0.025598241532221302,15.627458255170337,
22616,/localhome/local-lintran/MLA2/data/raw/original/images/22616.jpg,1800,2400,0.75,RGB,340505,9844af764696b9ef603703f973bbb82df7550f6fce8404788a770094ab5b15ea,9844af764696b9ef603703f973bbb82df7550f6fce8404788a770094ab5b15ea,ac0ec92096e1db6e13e7c853fb323881da3ab0f86ea086a2afc4de88d0848480,80173b1716969600,198.54791226851853,75.9612925325183,91.93298268396825,0.27778066031808507,10.576815118460363,
22621,/localhome/local-lintran/MLA2/data/raw/original/images/22621.jpg,1800,2400,0.75,RGB,371810,44959a525762941c590141e0d8e5b8dc61a6b36a62911b949466a08d183ded62,44959a525762941c590141e0d8e5b8dc61a6b36a62911b949466a08d183ded62,ea11d8bc56e169c0b3d88962783f30e3aed8071ee92bc05e847516c35ab112af,000e331796969600,183.11628819444445,102.16582070281581,20.01371622313633,0.1752873326397856,22.592739062970427,
22671,/localhome/local-lintran/MLA2/data/raw/original/images/22671.jpg,1800,2400,0.75,RGB,1322957,0768fc17c3e567159f02f18eaab6c6da09f5cb5f2854d91c2a56eaaf3b04558b,0768fc17c3e567159f02f18eaab6c6da09f5cb5f2854d91c2a56eaaf3b04558b,116e51618171ed6125bdf4de0aab484e5942ae739d5cb9733cfd25b975cf2ac8,088e968607071700,183.96609606481482,103.83718419742976,2.030482325696555,0.037701891422808005,89.15845410963662,
22687,/localhome/local-lintran/MLA2/data/raw/original/images/22687.jpg,1080,1440,0.75,RGB,391615,1ba25137c66287af80f835ee5ce94ec221dbdec5d8d2d495d5b3711ae9ccdb9e,1ba25137c66287af80f835ee5ce94ec221dbdec5d8d2d495d5b3711ae9ccdb9e,63c0e364be58a0075d3b89481053a798b35b8f67e615bd8a4ee6e7ac41a8f691,04080f4e0f034001,220.7626768261317,67.86949820338177,4.828941633851344,0.032803836750456214,57.25419128151666,
22703,/localhome/local-lintran/MLA2/data/raw/original/images/22703.jpg,1080,1440,0.75,RGB,313843,7b8d33e45e3887551c98ece9419b154b876c143f783b08ccdc1107d6c24be5cd,7b8d33e45e3887551c98ece9419b154b876c143f783b08ccdc1107d6c24be5cd,c80d8bddd9b7db12fb9a154055ae9df6d6636e79448b06c66621c7127289e074,041a1c2f07033001,216.26771026234567,75.8399717777872,12.035690106265582,0.033549162024269254,129.01836042575647,
22718,/localhome/local-lintran/MLA2/data/raw/original/images/22718.jpg,1080,1440,0.75,RGB,428772,c020bae7def67d374807cba9f31157f2545b5f46ff136545cf812428c68bb2c1,c020bae7def67d374807cba9f31157f2545b5f46ff136545cf812428c68bb2c1,19dbab45f7a5c45623e2d2c13c5c14f81e37272ddb3b7ba2cac8a5b675a664ee,043b3c1f03032001,208.77897055041151,86.69130462510519,17.75494172685334,0.04843370453100128,80.30362240498346,
22719,/localhome/local-lintran/MLA2/data/raw/original/images/22719.jpg,1080,1440,0.75,RGB,381361,1484ff8dfec885c3e44ea98b309c05ca0377ee1325370068dbffb063b68af85e,1484ff8dfec885c3e44ea98b309c05ca0377ee1325370068dbffb063b68af85e,3e79dc4a0e4234140488ee17d5e49a0313e287e457e439bc3d76123378846cf1,043a0d2631014009,233.238420781893,52.17136232146199,2.940734901046863,0.012423974348102948,54.07060246856378,
22770,/localhome/local-lintran/MLA2/data/raw/original/images/22770.jpg,1800,2400,0.75,RGB,347855,367ffff0c1d6549197e4c2a3669e1630fd7d51b917f8cb6e0df2d457f9e750ed,367ffff0c1d6549197e4c2a3669e1630fd7d51b917f8cb6e0df2d457f9e750ed,b8bf659fddcb3523e8f4812e32eb2d357871aa9e900dd6aacf05824078608eec,4e1d9c9c8e8e8e8f,223.62884282407407,55.776444919517935,43.488222916651566,0.11217860165856579,74.3119514115658,
22780,/localhome/local-lintran/MLA2/data/raw/original/images/22780.jpg,1800,2400,0.75,RGB,404083,e36ba5f0141508ab15e3f0ab864ad44a781eddea91a73aab54cf1bbf348c58d3,e36ba5f0141508ab15e3f0ab864ad44a781eddea91a73aab54cf1bbf348c58d3,f8b022d16678a4e8aca4709e2c266d87e49100b110614e40bcae5ab77e0c9721,4d4d0e139796968f,236.58084097222223,42.765406141207116,24.63859276507282,0.06135384502418837,13.088443919497903,
22815,/localhome/local-lintran/MLA2/data/raw/original/images/22815.jpg,1080,1440,0.75,RGB,291521,91993038ad2ef1d4fb2357b47f323b1bfb40f8277d0c3b87586a47f8e170b07d,91993038ad2ef1d4fb2357b47f323b1bfb40f8277d0c3b87586a47f8e170b07d,0ed36cc6d0819e00b11d570e21978aaaf97e6b2c13b86669ebd0819452655476,2c811c2f7307000b,215.258995627572,71.9407070080235,17.666936585430346,0.05980515873898348,36.365172400478784,
22845,/localhome/local-lintran/MLA2/data/raw/original/images/22845.jpg,1080,1440,0.75,RGB,225795,cac21effc040f4d434aad13e52ea1cc64a40d5e3776a8b80feee7dc02c160fd8,cac21effc040f4d434aad13e52ea1cc64a40d5e3776a8b80feee7dc02c160fd8,a5c9be8d4bd56fecf3d6764b3978928f3d10357d95d3fa16602c09a2985d3ec4,0806584f07070003,218.79122492283952,70.64237476309692,10.360519137056425,0.049817247860159085,22.67808409591104,
22861,/localhome/local-lintran/MLA2/data/raw/original/images/22861.jpg,1800,2400,0.75,RGB,583124,b500f419ffd3de854b537b05f51e57af27fb081aa8469c77c59114c132bf35b3,b500f419ffd3de854b537b05f51e57af27fb081aa8469c77c59114c132bf35b3,0f21bdd2e63611cc293498d0c5ddfe64f12153d5234ae85eff17379546a69379,043b1c4f13034019,211.91550902777777,73.13381176048604,25.78184434719693,0.1085084924443201,19.4459091224901,
22881,/localhome/local-lintran/MLA2/data/raw/original/images/22881.jpg,1080,1440,0.75,RGB,232871,37a6de70ea14c5c85f743c83fd1f678ea322969c8f2efef753006cf7a75fcaea,37a6de70ea14c5c85f743c83fd1f678ea322969c8f2efef753006cf7a75fcaea,623eefd36205b3db460caeeb8eb7373a12f83e6f246dbb272987f27cf0a1fc9b,700a713e1b034001,224.05835648148147,67.9672674477598,8.615202267958953,0.03953736859827102,40.84144432860985,
22890,/localhome/local-lintran/MLA2/data/raw/original/images/22890.jpg,1080,1440,0.75,RGB,328031,5ac6cb48e766ec1752749a1f3584efc7cdc1285f1cc66e00be50de1f4645f6ff,5ac6cb48e766ec1752749a1f3584efc7cdc1285f1cc66e00be50de1f4645f6ff,b86dd7f23ba78d001ccb0adbe9643d0e62ca528057ab5ec4bf7dc2d296120409,003b1c0f03072003,211.51107381687243,78.21762425856804,7.366725006454365,0.049920519334630105,135.39120558065304,
22987,/localhome/local-lintran/MLA2/data/raw/original/images/22987.jpg,1800,2400,0.75,RGB,348443,c389c1fe849897674b6f860618b448340c7d942814c837821c99998de7ff8b83,c389c1fe849897674b6f860618b448340c7d942814c837821c99998de7ff8b83,0715f66959a6dc1a34036a870d60ebf373d1977f091388ec7460a0a9fbdad7f8,2b0f9e969496b436,221.17319375,65.97149980532389,23.751362514928125,0.0536015162839324,13.979683295120314,
23027,/localhome/local-lintran/MLA2/data/raw/original/images/23027.jpg,1800,2400,0.75,RGB,388559,7ba7834de362f2e248d51c705dd8a13dd275143eb90a90aa1530bdcb23873f65,7ba7834de362f2e248d51c705dd8a13dd275143eb90a90aa1530bdcb23873f65,28e3bda69e4950b6884aa6dcff280eadae86be4ad3d65c69d571d9143146d147,17332b2b13591123,240.79158935185185,18.476470452229474,15.888224176811113,0.05192657267123594,20.359086593019754,
23039,/localhome/local-lintran/MLA2/data/raw/original/images/23039.jpg,1800,2400,0.75,RGB,324682,9df29a0ac130237e66c241e3a65266f45b82ffb41cb219c84de2e1d422475ecc,9df29a0ac130237e66c241e3a65266f45b82ffb41cb219c84de2e1d422475ecc,623b0a5e88caa843311e5cd690e49f09ac067714a36525ab888f5f4fca16d0a7,17071e9696969696,233.49336041666666,37.65900644070577,18.44854461922994,0.05623019393785627,21.14753699715139,
23047,/localhome/local-lintran/MLA2/data/raw/original/images/23047.jpg,1800,2400,0.75,RGB,365864,9c21abe9f505503577551c19e53b7010ee23d810ab17d5431736881f76ae6186,9c21abe9f505503577551c19e53b7010ee23d810ab17d5431736881f76ae6186,c6de9208a0902c2fa463c7f39faad4086c45d9708e3fe53739a1b87dea119c43,0d15963606360e96,187.08743981481481,86.3566476623687,19.952955883586988,0.0694913726891488,47.80979110215614,
23111,/localhome/local-lintran/MLA2/data/raw/original/images/23111.jpg,1080,1440,0.75,RGB,396382,0e91c26c61b49a410d713b0588f9e877d8cc2465f1438b8a0e38fabe4a728346,0e91c26c61b49a410d713b0588f9e877d8cc2465f1438b8a0e38fabe4a728346,95cbd755a681cf38c881042bcd0001882911f5975f492594f66ec0df7796b09f,0e200e0f4f1e0d42,206.10346772119343,87.7125363633957,21.4053525977642,0.043170215906547175,95.44710091766734,
23164,/localhome/local-lintran/MLA2/data/raw/original/images/23164.jpg,1800,2400,0.75,RGB,392929,db47e6ebe4b7436efbb4f74469a0ba3d0a58f6491a096b0d47e8325dc6782477,db47e6ebe4b7436efbb4f74469a0ba3d0a58f6491a096b0d47e8325dc6782477,f231f02f15e2d1548ac0a2b27839c0d9334019273ffefab888f3b17e268f3ce4,0f0d1633171f0f0e,192.27713032407408,86.66922051224498,33.370039347139276,0.11735070226030174,53.08047453623289,
23208,/localhome/local-lintran/MLA2/data/raw/original/images/23208.jpg,1800,2400,0.75,RGB,345401,a0abfc6513c4a9231ea64990855980d9f7312b04f4add2e7f450be06ee5d74bb,a0abfc6513c4a9231ea64990855980d9f7312b04f4add2e7f450be06ee5d74bb,e7bd7e84e1c0197b2c50ab0ea26132df957b6271b5df6c0305c2fe48fba38a63,0d4d96333717170e,202.2766625,68.90025573442018,71.47924799278871,0.22844485013958174,26.736618610898816,
23228,/localhome/local-lintran/MLA2/data/raw/original/images/23228.jpg,1800,2400,0.75,RGB,383617,97063ccf8741e35aeb4a5ee968a7946b707e66f800259c2a2fc8ac4d0b1d0fab,97063ccf8741e35aeb4a5ee968a7946b707e66f800259c2a2fc8ac4d0b1d0fab,431fb73490e2e30adb88e76aa65c425e2d14ad2912a2308c14b8e28f8eeb6594,0d459693138e2616,218.5452013888889,58.09981337129136,30.859572757841338,0.07778128832322756,109.22523611014614,
23239,/localhome/local-lintran/MLA2/data/raw/original/images/23239.jpg,1800,2400,0.75,RGB,398220,c032e57bb9c68ae2f5a79fdaa4de054ff480f04317d9d099105572f03a21defd,c032e57bb9c68ae2f5a79fdaa4de054ff480f04317d9d099105572f03a21defd,db67c98c73a245dd21b92ba0799f99d184324a4f13b096472cf586c34dac3e30,0d4517979f172616,209.9559451388889,66.84225975753128,50.724379609426435,0.14766415344065145,95.88500891637139,
23241,/localhome/local-lintran/MLA2/data/raw/original/images/23241.jpg,1800,2400,0.75,RGB,356389,81961eacfff61433faca427dccb749fd909bd40ee66c40e8153866e26e3d0ac2,81961eacfff61433faca427dccb749fd909bd40ee66c40e8153866e26e3d0ac2,01fb8f66c615fdf67190cd9b6f1fbea7ae3ba8da29e153f147107cf16a487feb,0d46069397172616,227.19088425925926,45.6158711999365,34.33694036802568,0.09506792815774741,30.04784165913986,
23312,/localhome/local-lintran/MLA2/data/raw/original/images/23312.jpg,1800,2400,0.75,RGB,380691,3a9ad4dd0582edde0e3f694304f8d1883c36e91bdf5baf187573ab682a39d5ef,3a9ad4dd0582edde0e3f694304f8d1883c36e91bdf5baf187573ab682a39d5ef,e0e0ccacb224f9353137fa81b60eb525192d7963b92dfc35221dcd2a54722a26,4d4d96969696960d,223.85841875,52.24571521842565,24.458515871637186,0.06665895748885206,100.49143993608004,
23338,/localhome/local-lintran/MLA2/data/raw/original/images/23338.jpg,1800,2400,0.75,RGB,262696,af4ff722629cb87281f6e337befe4853876e068e73e101bce6e7d79d726af233,af4ff722629cb87281f6e337befe4853876e068e73e101bce6e7d79d726af233,73693af4f80983eb79c1cf755fc51f85ea8010c774077609faa33e95e6d647ed,4806694e1b0b4019,215.54346273148147,78.66361118342394,3.853359625482753,0.030025547528228527,25.831898144931564,
23461,/localhome/local-lintran/MLA2/data/raw/original/images/23461.jpg,1800,2400,0.75,RGB,321267,3ba39ce81bd73477b89aeb31d35dd3ba176fee55875517eae96b70b63b1146eb,3ba39ce81bd73477b89aeb31d35dd3ba176fee55875517eae96b70b63b1146eb,244aa077e0618305f85c7a01cbfa3df716528e94d1262f83d2ace02f70e957f6,089f1f4d06971824,230.53439583333332,55.610535454181004,4.044510983837179,0.017899408861192893,89.79010282776349,
23522,/localhome/local-lintran/MLA2/data/raw/original/images/23522.jpg,1080,1440,0.75,RGB,423870,ceb7add381c76355df033e32a191edc2ce5c12dac4e5ca8657587f13a745c0c0,ceb7add381c76355df033e32a191edc2ce5c12dac4e5ca8657587f13a745c0c0,de057074be847e27292ecb4d4059dff816b4fe48441abcb1617c4067c5ee21a8,004f4f8e968e9e20,233.97875450102882,46.65021073001164,9.21991584282239,0.021164944073131044,245.1597410453428,
23553,/localhome/local-lintran/MLA2/data/raw/original/images/23553.jpg,1080,1440,0.75,RGB,184724,c75da26c5799e13490a59c250027845b6bec3b17d08d7863a19ed6ee999ab8b3,c75da26c5799e13490a59c250027845b6bec3b17d08d7863a19ed6ee999ab8b3,fd1e50998c3da76efed1f6933dcad08450278f905a9850f58dd4ce11af53f48f,004d4d4d4d4d4d0c,231.7358449074074,58.03773171030006,10.681387297066784,0.038041749210339815,12.44062447713554,
23565,/localhome/local-lintran/MLA2/data/raw/original/images/23565.jpg,1080,1440,0.75,RGB,378480,8eeffd86b88cef0f40ab9ecf1eff5fd62f716ee08d71bf2497ad11221f812962,8eeffd86b88cef0f40ab9ecf1eff5fd62f716ee08d71bf2497ad11221f812962,510f57659b5416ef60eda570c147cd09ec175f11cf06f9db3359ac8b4f12848f,224d0f171717270e,223.984285622428,53.48017495548461,29.125632389160433,0.08111497676635387,45.441415369962805,
23571,/localhome/local-lintran/MLA2/data/raw/original/images/23571.jpg,1080,1440,0.75,RGB,265979,1b401fb4fd91708d8d615f85b36bc81b62040d52b56390b8e3c63fcbac1008d8,1b401fb4fd91708d8d615f85b36bc81b62040d52b56390b8e3c63fcbac1008d8,dab22a0f6e1b290961d54332bf91e7c478b383db0978552a50fe815aa223e3bf,000c0c0c0c0e0e0e,243.4047929526749,26.73445193352654,3.4401161558024085,0.008860756812728292,18.918585337915236,
23581,/localhome/local-lintran/MLA2/data/raw/original/images/23581.jpg,1080,1440,0.75,RGB,191021,458826262c34ce8cc79cc2f42d1a70e7c469f424322231492e7a4ac2ba5b540f,458826262c34ce8cc79cc2f42d1a70e7c469f424322231492e7a4ac2ba5b540f,9ec0073db679efc58eeb49b15627e5b89e57d5ef02f4f79fbe834c4fb5aa7753,000c4d4d4d4d0c0c,247.49370627572017,20.335665255326393,18.4999135251695,0.025392285445258435,10.236135243316987,
23585,/localhome/local-lintran/MLA2/data/raw/original/images/23585.jpg,1080,1440,0.75,RGB,246744,dfc6527f2c6b306e1ba9fea466119aa2afc5084fa05414c93fa0c2bd05e52b1e,dfc6527f2c6b306e1ba9fea466119aa2afc5084fa05414c93fa0c2bd05e52b1e,25fa91b45dd169e446545c0b5e494651e4295fb48c5e11101435c2945a21cb05,004d0f1696961608,243.01914609053497,32.61800951457108,13.904638159705142,0.02259615416419234,55.866093928980526,
23596,/localhome/local-lintran/MLA2/data/raw/original/images/23596.jpg,1080,1440,0.75,RGB,269739,026c0d5a86222ed98cacc3208275a2b93599b3ca31e67d71f166ed6ead5e57d6,026c0d5a86222ed98cacc3208275a2b93599b3ca31e67d71f166ed6ead5e57d6,d182fe955ce3349b6b14f8257d479c5b218c102950da543511b93179c695d99f,004d0d0d0d0d0d00,230.60660236625515,57.99077625172017,37.66398536490777,0.08279965559710813,45.530517265788895,
23606,/localhome/local-lintran/MLA2/data/raw/original/images/23606.jpg,1080,1440,0.75,RGB,338723,f0afd7325880b652c9aebd0b9428192bb1e25ef7ff6a4528e9aa17d9f8165886,f0afd7325880b652c9aebd0b9428192bb1e25ef7ff6a4528e9aa17d9f8165886,ff84ef55b2f42ee18ac452fab06987c7f8578f1431f2e1a070637c9491b56a61,00868e8e969e961e,237.798348122428,39.98212538795006,45.551767461970556,0.061916394503502656,76.3375625828539,
23609,/localhome/local-lintran/MLA2/data/raw/original/images/23609.jpg,1080,1440,0.75,RGB,197012,9418a77b84fe27ee9ff9df9a25878eaf5e9bc97f9190c06f5027a98583b26656,9418a77b84fe27ee9ff9df9a25878eaf5e9bc97f9190c06f5027a98583b26656,a6536b95b855d6c4360a7946eaa735ffea59464f1bbfd22f45016564c77ef1ed,000c4d4d4d4d4d0c,247.47086291152263,21.455498789202025,8.557603974816951,0.007807895644765138,10.45021075459799,
23610,/localhome/local-lintran/MLA2/data/raw/original/images/23610.jpg,1080,1440,0.75,RGB,206128,5949aa8aed1e8b1c71b537d94d423eb23f47b7dd61c7e50052fd02ec714c8909,5949aa8aed1e8b1c71b537d94d423eb23f47b7dd61c7e50052fd02ec714c8909,3eadbcec5c74789c2c966b8827d8f9aeb7746cf79061caebd72f0b559ac92dfc,000c4d4d4d4d4d0c,247.2181674382716,21.71037938358439,6.902029229237047,0.006257200563651409,17.496069989832296,
23647,/localhome/local-lintran/MLA2/data/raw/original/images/23647.jpg,1800,2400,0.75,RGB,392473,39a3b7630d8a58f831a6e5dcc0b59062fd5be093c5f8412e6920d7b5b8d4d726,39a3b7630d8a58f831a6e5dcc0b59062fd5be093c5f8412e6920d7b5b8d4d726,ebfd79f6dab36d94de7a2d816b2cfce89ba3ce16eb449583d32f57890f49a04f,0d4d0e2317071f16,202.49496180555556,70.65428162621566,62.31218886945924,0.21532144610150714,22.226196183329858,
23651,/localhome/local-lintran/MLA2/data/raw/original/images/23651.jpg,1800,2400,0.75,RGB,391018,84492d83fb66fd0ab8ca73410eb221d562c82a36eb5e77278b3ffe3b249fd12f,84492d83fb66fd0ab8ca73410eb221d562c82a36eb5e77278b3ffe3b249fd12f,8574db6979569c6140a441762522ce7d673ba4ff69b8346473ed33882961cbb9,0d4c173317071716,199.55466759259258,75.2967627517861,37.36108406839741,0.1627441039481295,10.539046064058917,
23724,/localhome/local-lintran/MLA2/data/raw/original/images/23724.jpg,1080,1440,0.75,RGB,173452,8ad2d484dfd379db22c9890aa7ff8687f4cf5d2575a65215e98cefcb64b5a279,8ad2d484dfd379db22c9890aa7ff8687f4cf5d2575a65215e98cefcb64b5a279,936bb34c8dff4265116390b4d319cfd796500c2549d128beb96860b8a125b822,0001046d450f0004,246.64591370884773,33.442424924141704,0.5154321335847535,0.0005878502593638303,15.315518617192428,
23727,/localhome/local-lintran/MLA2/data/raw/original/images/23727.jpg,1080,1440,0.75,RGB,184119,3685f16c77ae91c1fb198a0e48ab808a231a7df8a8e6712714dd4ffe243a1518,3685f16c77ae91c1fb198a0e48ab808a231a7df8a8e6712714dd4ffe243a1518,7a6be29442acf4b5e40eec314a3f871ddd9ec6467c295de7305efadf0621b3c7,00011443130f0005,243.4540284207819,40.75766145300807,2.1104846266076214,0.005763270068107279,15.575318223354827,
23756,/localhome/local-lintran/MLA2/data/raw/original/images/23756.jpg,1080,1440,0.75,RGB,190124,c9aeb62155dde263d0827e0dc13784d0dc858e346e853a29f417d2d2cbd0ab7d,c9aeb62155dde263d0827e0dc13784d0dc858e346e853a29f417d2d2cbd0ab7d,1175048deaa3f317a9b252b469715af8569a6b9829a67ce492d74c278884f0fa,00490063030f400b,238.73457111625515,48.904763384983404,3.703231112047338,0.009171557839726495,20.242754546507587,
23757,/localhome/local-lintran/MLA2/data/raw/original/images/23757.jpg,1080,1440,0.75,RGB,203108,badeff93fbcb35c85ab4c81703c9ad37ee9a3c08096cc3d5b37aab207c104769,badeff93fbcb35c85ab4c81703c9ad37ee9a3c08096cc3d5b37aab207c104769,7064cd8ea9e90fcc101310b7911a5f651b693b0e96a68187b000a33bf179eadb,0041046337064002,246.42050861625515,33.775043148144235,3.305864861119229,0.007709396840352717,16.164600949843624,
23777,/localhome/local-lintran/MLA2/data/raw/original/images/23777.jpg,1080,1440,0.75,RGB,182058,cfea32fb39ec97d8d24d45894497db5225d07f4434e4ca7bbaad60e9a82f36db,cfea32fb39ec97d8d24d45894497db5225d07f4434e4ca7bbaad60e9a82f36db,7d28bff6df42a5fdbb562ec645e7cae5146b278d300dafe1827a5c1d2a87527d,00031043030f0009,235.2797595164609,60.69388919183078,2.41604365829652,0.006446789895885063,18.94969046423929,
23786,/localhome/local-lintran/MLA2/data/raw/original/images/23786.jpg,1080,1440,0.75,RGB,204901,3aee6cdfede317dc5d16506c23a4324ca2af2ef2bf3c2438b6c2d5a4c8672d4f,3aee6cdfede317dc5d16506c23a4324ca2af2ef2bf3c2438b6c2d5a4c8672d4f,693f8cd64e52be95758920735f0a10d0632fb8f0f30cd8ae41a6edceb7fb1339,000904490b9b400b,239.03507265946502,49.49793830376339,11.400056878327385,0.026309985349507375,22.574008648982588,
23819,/localhome/local-lintran/MLA2/data/raw/original/images/23819.jpg,1080,1440,0.75,RGB,204298,4b6c987d057a7ccd665abcefbdec21beb830226b902c45bb2478dcc8d994c368,4b6c987d057a7ccd665abcefbdec21beb830226b902c45bb2478dcc8d994c368,ec2a3988c49f28f2599cffe8c9413aa617912acc864d3733f95444c5400d017a,2004612c07072007,228.3508912037037,64.55468498690257,21.851460659311048,0.07710387409144773,17.879444508796993,
23848,/localhome/local-lintran/MLA2/data/raw/original/images/23848.jpg,1080,1440,0.75,RGB,346100,86ebcedb2f111222209524c804470df3f95471c5865d7f430d194b395d803631,86ebcedb2f111222209524c804470df3f95471c5865d7f430d194b395d803631,300a32107d715da17592058884a6112b3c7b24aef95064666b4e690c644aebb5,38003a3c11472003,230.64234117798355,59.39455908123295,18.091806053160358,0.032658356408221005,29.61180225748742,
23875,/localhome/local-lintran/MLA2/data/raw/original/images/23875.jpg,1800,2400,0.75,RGB,344245,5d87be11ebeaeccbfd4c052417fd93f242606bd1e2adf8562a44e925f70df8f4,5d87be11ebeaeccbfd4c052417fd93f242606bd1e2adf8562a44e925f70df8f4,e2482d93514986ab3ba30ae90f70dff76fcc06e287be54d67016480bf44c5dcc,0f4c973307171717,194.91336064814814,73.11193339802186,77.8915222506075,0.24575866386452921,12.242043470205424,
23926,/localhome/local-lintran/MLA2/data/raw/original/images/23926.jpg,1080,1440,0.75,RGB,159719,8563586132dcaf8e72b3a5d672c3da9de5a5462e3da2258a8e38d877bdbdda83,8563586132dcaf8e72b3a5d672c3da9de5a5462e3da2258a8e38d877bdbdda83,74f07bcae7caadf137bff5ed4c3af8746e415b135df4e3ac0ad12e7f3c797ae7,04723d2e13034001,213.97126607510287,74.83644368281395,17.703680053220825,0.054036702976483414,96.99527974053052,
23942,/localhome/local-lintran/MLA2/data/raw/original/images/23942.jpg,1080,1440,0.75,RGB,269351,5e5c62acee82f41dc032ad9196be6da5441e54857d8eefb32d9576c70bda547c,5e5c62acee82f41dc032ad9196be6da5441e54857d8eefb32d9576c70bda547c,41d6498f8eaf99e6ba6faf8e943981b40479a4b8eefc3016d958a51503678a55,0862785e17074001,232.81993377057614,47.01830110479984,4.964095937014445,0.012546546992999069,26.41192710143249,
23951,/localhome/local-lintran/MLA2/data/raw/original/images/23951.jpg,1800,2400,0.75,RGB,353472,c2b4e528a36a247714cc7b58e9869527fb9081616bb1c83a393d93dc9ab70453,c2b4e528a36a247714cc7b58e9869527fb9081616bb1c83a393d93dc9ab70453,d7a38d4971b86c2029217f0b9b3386fd7de7b6f0eff2c2fbd1ef7e356710e335,0f4d961323330f96,168.70940625,102.36939089886167,23.0668361706232,0.0977066150938907,24.71827172931286,
23959,/localhome/local-lintran/MLA2/data/raw/original/images/23959.jpg,1080,1440,0.75,RGB,150510,efeab7ed4bb0cbf9a7520f8cdf2aa61ba8379e94b1307d735fa609d2720a8d5d,efeab7ed4bb0cbf9a7520f8cdf2aa61ba8379e94b1307d735fa609d2720a8d5d,1872dcf2a674be043bbca86b570cc5857e6401f6e5467c57b84db0b811005d40,0f4d0f3337270717,195.86318608539094,70.48902357006519,44.75882510657802,0.19297009709470334,27.546767571463505,
24018,/localhome/local-lintran/MLA2/data/raw/original/images/24018.jpg,1800,2400,0.75,RGB,405521,7e4ba4c535d038e6afbeeed9009d33d1cf033ad5818f21b048542aa651cf5367,7e4ba4c535d038e6afbeeed9009d33d1cf033ad5818f21b048542aa651cf5367,ae61d5d096ba0ec1d5642a84ca49b8d5778be9efd1d87c95e931addb9738ac6e,0d4d0e3337251f16,219.00074444444445,59.10278651622814,46.74314698947044,0.1513752685515716,18.120621714259247,
24041,/localhome/local-lintran/MLA2/data/raw/original/images/24041.jpg,1800,2400,0.75,RGB,356363,4f943116fb2be2f43096f552aebb4f0d0356582a58f58032f17a1faee545dda6,4f943116fb2be2f43096f552aebb4f0d0356582a58f58032f17a1faee545dda6,bff172b693beb7db5d5bef259b6503ee7992a72cd92d3e132d938efba6cc3192,0f4d963317170f0e,189.81422037037038,86.79363580101275,26.65370103009963,0.08927372334397267,34.04895539498367,
24061,/localhome/local-lintran/MLA2/data/raw/original/images/24061.jpg,1800,2400,0.75,RGB,1089211,938a95130341cc0ccb32e8cf0f48665a165856ac313a0d2f8b050d59939344ef,938a95130341cc0ccb32e8cf0f48665a165856ac313a0d2f8b050d59939344ef,ca487088068772e9d2bc3e8033360f4e1b99f84c21733b73e874ec30e3d93091,0d4d16331717160e,200.20249814814815,73.74120456064948,26.71328762719284,0.14089953119196993,24.913598971722365,
24073,/localhome/local-lintran/MLA2/data/raw/original/images/24073.jpg,1080,1440,0.75,RGB,284593,4e9b8b3321572145ba6cd45787fc5100ee3e596c34b1b8c7c402c6f082644dcb,4e9b8b3321572145ba6cd45787fc5100ee3e596c34b1b8c7c402c6f082644dcb,f18909d699cd2f9346f440545bb8f1716bf0a90b2f6fd99e0f18a67687e3d318,200c213c1f036009,224.89795717592594,74.19822823001208,2.2158591055431787,0.015380098769083323,61.275706269225324,
24091,/localhome/local-lintran/MLA2/data/raw/original/images/24091.jpg,1800,2400,0.75,RGB,391791,97c44d78a7789c19a86ca1d6bee65f30a16496b1164e5a79088130a6f0f22d10,97c44d78a7789c19a86ca1d6bee65f30a16496b1164e5a79088130a6f0f22d10,7a5e569869528962cd7307efbe016154c0d79600f3acfd539d3ae129658f35bb,0d4d163323170717,204.6867164351852,78.8201730583885,31.576356475070362,0.14895592816150768,58.717330531045185,
24110,/localhome/local-lintran/MLA2/data/raw/original/images/24110.jpg,1080,1440,0.75,RGB,345148,bbf35f02a38008610762eaa5b36b43dad395ea38c16c6b731edcb096884ec1bc,bbf35f02a38008610762eaa5b36b43dad395ea38c16c6b731edcb096884ec1bc,9f4bcb0eacf65c5c53a9bb27a1f32920926b144fa92f9ed3ae8a8f8d03274d6a,000c016c0f034009,232.0495357510288,60.2050075540553,27.31238669842735,0.045643173090074755,84.00315134432475,
24115,/localhome/local-lintran/MLA2/data/raw/original/images/24115.jpg,1080,1440,0.75,RGB,329308,6c15381caace0e2c6757cf637b472eb4737a6b795894b05250eaaa76237f70be,6c15381caace0e2c6757cf637b472eb4737a6b795894b05250eaaa76237f70be,53d3713e9bb1b40d108f5cbf98c97f13f3c49a11d52275cafe3ba6073f60ee2d,0024012c17034009,234.5635005144033,55.42711297474851,47.611877385923734,0.07345894940347679,39.20927770698997,
24157,/localhome/local-lintran/MLA2/data/raw/original/images/24157.jpg,1800,2400,0.75,RGB,374248,9bec808de5931f7cf551b0b060a2ac6a5f55b662da919f058a9d2c0e7f9e0081,9bec808de5931f7cf551b0b060a2ac6a5f55b662da919f058a9d2c0e7f9e0081,35d38d802d7392f1180800ab874bb61751bc27f79951808792a4a4baea114fe6,4d4d969e9e9e160d,215.41259444444444,62.60953938003353,80.32041961662688,0.2342246090741667,24.229463280761482,
24161,/localhome/local-lintran/MLA2/data/raw/original/images/24161.jpg,1800,2400,0.75,RGB,341943,8e2b7351a2576a04e10ddb0859d7894f394048fb7f83926e71df8e2199a60564,8e2b7351a2576a04e10ddb0859d7894f394048fb7f83926e71df8e2199a60564,f5f63e9d425182a7551b43941f4e0f8d68135541384b30d6efda6231213327da,4d4d969696969612,215.45808472222222,59.92140065179094,53.38691329522202,0.17306036742652056,16.730292387503184,
24164,/localhome/local-lintran/MLA2/data/raw/original/images/24164.jpg,1800,2400,0.75,RGB,326103,7fa47c60600e83cb738292d342bfd275a40216b0c5b7c67cc6c7025f75e4082c,7fa47c60600e83cb738292d342bfd275a40216b0c5b7c67cc6c7025f75e4082c,611dadc565971592e24ec750dbecb8f67f62d597c67335036a77079839b4692c,0d4d16969696960d,207.57505648148148,71.37314930043108,14.865069962807242,0.040411848496400726,48.581020056045766,
24182,/localhome/local-lintran/MLA2/data/raw/original/images/24182.jpg,1080,1440,0.75,RGB,397572,35ecee8e47e91d254841631335fb6aaabfa45d928654f8635a7eadd2712dd813,35ecee8e47e91d254841631335fb6aaabfa45d928654f8635a7eadd2712dd813,7929528f36d02f370595529f0c64448fbc394b4f06e36e6c677c6757aa0c3cf0,1806181e07032005,229.09956725823045,60.814182410192295,12.282455325528673,0.050085437434579265,63.80218669961517,
24216,/localhome/local-lintran/MLA2/data/raw/original/images/24216.jpg,1080,1440,0.75,RGB,235359,bee3d14c8da347a545f7192898a9b0140b3fdfb0d0c3d2c12e7b384bf4abc774,bee3d14c8da347a545f7192898a9b0140b3fdfb0d0c3d2c12e7b384bf4abc774,3d2c2d4f6d3b8646ae9375f680e509f4232751f5c000a93c4d862b2b05cbd578,0e410e1733330013,219.66797903806585,73.90634608672322,38.21827156978071,0.09244493333774209,30.876214010836968,
24253,/localhome/local-lintran/MLA2/data/raw/original/images/24253.jpg,1080,1440,0.75,RGB,352151,5dc523d17fb8bf84b9e4351bf76d8bad1093c700c154686c4898210cfbc972d8,5dc523d17fb8bf84b9e4351bf76d8bad1093c700c154686c4898210cfbc972d8,285f8bde70a1001b63c8e7c87ffc4cbf55a17d9c2fc544d4878091b32fb586a3,1806390e07034009,212.37563593106995,81.61946882165164,6.57947030613046,0.023656250928632463,36.48381790802733,
24273,/localhome/local-lintran/MLA2/data/raw/original/images/24273.jpg,1800,2400,0.75,RGB,345480,fc5cf42515e57de7b678802f6dc231ec263395e04fb8be0710154b12c8f8b5e7,fc5cf42515e57de7b678802f6dc231ec263395e04fb8be0710154b12c8f8b5e7,6141f63a2c4b289d09d3b9b3eaa43a3c992400af7cd8270dcaa96b922195fe65,0d4d963333330f0e,193.29826875,82.24997802748211,20.208140512083908,0.10063291183265582,32.530850644989464,
24324,/localhome/local-lintran/MLA2/data/raw/original/images/24324.jpg,1080,1440,0.75,RGB,589252,22fdecdd25ec04df2a495e04393b12557fbaefe0fef85e4a78a63a00cdfe1127,22fdecdd25ec04df2a495e04393b12557fbaefe0fef85e4a78a63a00cdfe1127,3eccc99e9c4b86f1997d1d2a4973a2cdbd7fe2bbec225603771f4b09340851d6,00968e0f0f0b0f00,218.5383069701646,51.45196990357855,51.0589582726398,0.16467024200219776,59.70018984001956,
24326,/localhome/local-lintran/MLA2/data/raw/original/images/24326.jpg,1080,1440,0.75,RGB,350870,6fff3969cc641d68b44c2877384019e65acb6395124ca955d4996a608ae53fdb,6fff3969cc641d68b44c2877384019e65acb6395124ca955d4996a608ae53fdb,11f8e1624b871f2f1d5209fc6ae05aa8657a4d017812f2972e0fb007b009176e,008d16232f2b1700,186.31669431584362,96.7173574379877,16.71266274034919,0.020239932856043193,103.83194010064739,
24335,/localhome/local-lintran/MLA2/data/raw/original/images/24335.jpg,1800,2400,0.75,RGB,349039,19a801268c0baf26c5a2ffa98fc07fe13faf89887ef59a423b2e1a912e7b217f,19a801268c0baf26c5a2ffa98fc07fe13faf89887ef59a423b2e1a912e7b217f,7a50d376ec255bfc57cd0b7ecc242a5f0d30391fc2f3c896da3ffba902c34a09,0f4d861333231796,218.67228125,64.65826879680996,27.975207159024453,0.08182829717671297,11.37432501910651,
24368,/localhome/local-lintran/MLA2/data/raw/original/images/24368.jpg,1800,2400,0.75,RGB,290113,08250140911b3a5e3ddccec562c1f8a2d1ed68fcfe7e1dd864dd6cd6e2dfcc05,08250140911b3a5e3ddccec562c1f8a2d1ed68fcfe7e1dd864dd6cd6e2dfcc05,a4269336f8871fe51de4e69a59d15dd21a84b9b25ac96d7748d8e049762e6ab4,4d4d969686068616,227.88669560185184,45.77544039507824,24.31787382550622,0.07743447725427932,29.11240440955094,
24418,/localhome/local-lintran/MLA2/data/raw/original/images/24418.jpg,1080,1440,0.75,RGB,388708,c5045f5c336d30cf12ec980bfa5623c552d023415ea3de57446c11d3c443bc90,c5045f5c336d30cf12ec980bfa5623c552d023415ea3de57446c11d3c443bc90,2bb89dd3a6bf4e8e8cf81df33711455cdf9f31419592619087ece677f9bcbd2e,3084313c0f034009,218.2023598251029,76.1028251409317,20.44715924607701,0.04627619246040368,76.40532710400659,
24419,/localhome/local-lintran/MLA2/data/raw/original/images/24419.jpg,1080,1440,0.75,RGB,285420,f4d735c6343c06cf5763c30b50dbd23f79698332862501699657826669308000,f4d735c6343c06cf5763c30b50dbd23f79698332862501699657826669308000,831b66fffb17d69c8c06824c94b40f8b9cbab18b18a2556e209d2a8e472d910f,006a7d3e1d034019,231.73039416152264,55.616852524980956,0.18616487406277624,8.575300994781753e-05,34.736070890767984,
24473,/localhome/local-lintran/MLA2/data/raw/original/images/24473.jpg,1080,1440,0.75,RGB,278067,ccbf5884add637acdc7adbff5cfe2f2b8022dff73919c836207fa86d25100ba9,ccbf5884add637acdc7adbff5cfe2f2b8022dff73919c836207fa86d25100ba9,b3c4f279ea7ce57c980331801f811b20c25dcd0cc19c26dd0094432f461ff237,2802391e19030011,236.82959233539094,44.256193424693585,2.641473006510584,0.009797885775468874,98.0696313885993,
24499,/localhome/local-lintran/MLA2/data/raw/original/images/24499.jpg,1800,2400,0.75,RGB,335356,a261dbbbf8a4d95b2d821589bb7a918bde3f28104beed8b3d079451c00c71687,a261dbbbf8a4d95b2d821589bb7a918bde3f28104beed8b3d079451c00c71687,4d2569a5bd596d0218676d31f76b75b0f6cd0faba8f4a18493f44bbf57952367,0d45969616968696,211.8147162037037,62.83311226389062,31.118851361278328,0.1436167502428209,63.16774311586651,
24500,/localhome/local-lintran/MLA2/data/raw/original/images/24500.jpg,1800,2400,0.75,RGB,404182,e8c1277b1cf5e3f086c8c2b2c0e54b0b37c977547a485024a2953f323f08e967,e8c1277b1cf5e3f086c8c2b2c0e54b0b37c977547a485024a2953f323f08e967,b3294e966cb20311f592d17d1ada942bc55424d0553eb2aa4dfdd2407e3167a5,4d8d86869696968e,222.98281203703704,58.678470296465534,33.65699508074481,0.10706558183519832,308.7623202251094,
24510,/localhome/local-lintran/MLA2/data/raw/original/images/24510.jpg,1800,2400,0.75,RGB,323710,929d2bd45c1d5e468764747c3ccac42ab6a94d0f7583794c2401395d9e42a31c,929d2bd45c1d5e468764747c3ccac42ab6a94d0f7583794c2401395d9e42a31c,be2f08ce7597820f57a3720bb26cb31971a21fe7bf80249961243610faad6deb,0d45969697868696,210.87199583333333,65.57148250353269,59.063855919556474,0.20058938733351497,117.66712522290929,
24513,/localhome/local-lintran/MLA2/data/raw/original/images/24513.jpg,1800,2400,0.75,RGB,395045,ff7c2777e0991b546e73bb51e188480acf1ec49937f3f2934f84cfc9d4fa2f53,ff7c2777e0991b546e73bb51e188480acf1ec49937f3f2934f84cfc9d4fa2f53,25606f26f0aa2e40e1ec814e9e2162c040c6cfd4cca574a08ec5b2c0323494e0,0d45962646869612,213.21863587962963,63.784867806428984,38.22914669513827,0.14396315446166236,215.17205771324024,
24525,/localhome/local-lintran/MLA2/data/raw/original/images/24525.jpg,1800,2400,0.75,RGB,372034,4a9320e174711e17e80395ac2e5c3be0a506e55f3163fd15034665b3a0ce9ce7,4a9320e174711e17e80395ac2e5c3be0a506e55f3163fd15034665b3a0ce9ce7,2c57b694b5be4df72b2799b4db57c43c5d0322c35ee056517935d0cc7e71892b,1e8c0e333323230f,229.49263703703704,49.78787024531732,25.159484005062684,0.07071337646369943,15.985129924268742,
24552,/localhome/local-lintran/MLA2/data/raw/original/images/24552.jpg,1800,2400,0.75,RGB,397041,34005561bbc62527ac138ccf75f1122ccab3c946de52f3d12f42d5cef6a69ebf,34005561bbc62527ac138ccf75f1122ccab3c946de52f3d12f42d5cef6a69ebf,e54f10695f07794aa3eedd3fda24c0941ffc1d5f597718268c260be427231ff2,00170b9796160600,227.02880162037036,41.30373254425118,56.355489492851426,0.16325754443634635,3.050436323212673,
24595,/localhome/local-lintran/MLA2/data/raw/original/images/24595.jpg,1800,2400,0.75,RGB,333943,3ea8e33ebc1d113b616c48ba1345220afba3f6c8772e4dc58e840a078b9b93d5,3ea8e33ebc1d113b616c48ba1345220afba3f6c8772e4dc58e840a078b9b93d5,49b67a9240c7439a00d7c140a8f8eda80a40a6eadcbef88abd9f79f03209aed5,0d54973317150f0e,210.53746550925925,63.591104633157975,32.05713692679439,0.0925590977224845,51.76808066421177,
24633,/localhome/local-lintran/MLA2/data/raw/original/images/24633.jpg,1080,1440,0.75,RGB,243208,aba09d896515461e88236b749337d3fb8af5c89b8e12ff5981c5ab0bc5168936,aba09d896515461e88236b749337d3fb8af5c89b8e12ff5981c5ab0bc5168936,4e95805b08b4d8d52521186c0afaf576b08067fdb8d626bec8d3c1f222a09f94,000401041f030009,240.89523919753086,43.28515137963846,16.927817515053164,0.0220916766234035,11.826010656782115,
24661,/localhome/local-lintran/MLA2/data/raw/original/images/24661.jpg,1800,2400,0.75,RGB,290690,7f149557b3779a2b91b151e8c1c40eb6ea2a718af5ae51504de7cbe42ddae4cf,7f149557b3779a2b91b151e8c1c40eb6ea2a718af5ae51504de7cbe42ddae4cf,83407860263c85354473721e4e2a1290f832104fe783eefccf502314887b737a,0c1c1c1e140f0b06,245.60714097222223,24.480805623186082,5.131926315111129,0.014180286758642403,20.311990550962275,
24689,/localhome/local-lintran/MLA2/data/raw/original/images/24689.jpg,1800,2400,0.75,RGB,537253,a49da0c68a15986825db1aa69a3bb7f4c5c2606653c181838a2ef7ff0c896cbc,a49da0c68a15986825db1aa69a3bb7f4c5c2606653c181838a2ef7ff0c896cbc,55b5634a2ea1c1b94f849ba21455158843bc01e40516ff5274e903bbc45b3dfe,1886394e1b034009,221.5373175925926,69.0170453448858,12.646502920157024,0.041521004547028985,23.512870608397602,
24698,/localhome/local-lintran/MLA2/data/raw/original/images/24698.jpg,1800,2400,0.75,RGB,359684,a251decfd6feb6939a334d7996eabe86e28c95be80424da4c81df4987c174ee1,a251decfd6feb6939a334d7996eabe86e28c95be80424da4c81df4987c174ee1,64cb3c78d6de2cf93c1bd37cd73db3b83ae3bab55a86efc27ad1d064baa9fbe3,4d4d0e1733332b0f,235.43029189814814,37.270796190193025,24.67687534682628,0.06117975536574053,14.919134996178698,
24704,/localhome/local-lintran/MLA2/data/raw/original/images/24704.jpg,1080,1440,0.75,RGB,59075,e692712d8980baa98a5dec874e6d4e55a26c59276879d3c0c320e66f36afd78d,e692712d8980baa98a5dec874e6d4e55a26c59276879d3c0c320e66f36afd78d,f921666fad70f3570753abd4e818f7a256cb8312a5ecbe9209c4bf2f589a18ee,2412253e03032001,223.92268840020577,72.34031898729089,21.367557273967556,0.018707281011955085,18.545387531050103,
24780,/localhome/local-lintran/MLA2/data/raw/original/images/24780.jpg,1800,2400,0.75,RGB,215363,0202bfa5cd29618aef2d98717cc63cd82a92bfe794135e6740e0f9f99d7c2cd7,0202bfa5cd29618aef2d98717cc63cd82a92bfe794135e6740e0f9f99d7c2cd7,52dc796c4dd439009ddf3d003f4fb5445ff520ec9731f9bf9a72ee6bf4338def,08410c37690f000f,227.99847986111112,67.67507261180627,7.581614421544354,0.032120229655388285,21.071003497070336,
24885,/localhome/local-lintran/MLA2/data/raw/original/images/24885.jpg,1800,2400,0.75,RGB,323362,34d9b1226d3d3ce4528e37569f92a0f2fb8bac5fc95e29daf4f1bf5691299867,34d9b1226d3d3ce4528e37569f92a0f2fb8bac5fc95e29daf4f1bf5691299867,ad03760fbf027eafd4e09d3c8c73986eec935d40a1005450e229fdc9d2caf4de,0d46179386868787,193.53293333333335,80.59128231004291,44.271945484957065,0.18967098553944312,19.04433729359179,
24925,/localhome/local-lintran/MLA2/data/raw/original/images/24925.jpg,1800,2400,0.75,RGB,260190,f88a2b380605e1a7f843395ac829a1eda84f943a01e7f6de6a59e0f1d25b78c5,f88a2b380605e1a7f843395ac829a1eda84f943a01e7f6de6a59e0f1d25b78c5,95c160b10302a60e5efcdbec83b7337e863cf3b3ff10b94dd8d625a4545cc1f8,0d45969686968686,193.1517638888889,84.82481674200434,29.403185908022426,0.11909391502277684,12.913556821603095,
24949,/localhome/local-lintran/MLA2/data/raw/original/images/24949.jpg,1800,2400,0.75,RGB,901416,b1d2a8108de464327e8d12e0165bbad4e88bdfc34a74700aec18d32407adc17d,b1d2a8108de464327e8d12e0165bbad4e88bdfc34a74700aec18d32407adc17d,2fea7add182ef61324c67f218e345eb83ddbadee1d2e500a7b57b29869c5aa8f,4d5517161626161e,217.94535694444446,57.80754502904122,45.89540705579557,0.13697775216697203,15.555127608328123,
24985,/localhome/local-lintran/MLA2/data/raw/original/images/24985.jpg,1800,2400,0.75,RGB,376439,b0ec56d2603125165fd14f61c2c28f51c5c682fda77dd055a31dd67f44a4f7ff,b0ec56d2603125165fd14f61c2c28f51c5c682fda77dd055a31dd67f44a4f7ff,3799bdfad12492af44af89013ebad5ee1221d91f60e6ffa12caf2df9a0de3244,0200860f4d061600,238.22173958333335,44.88791174849323,46.25749119539941,0.07311030514268843,25.060911091039625,
24992,/localhome/local-lintran/MLA2/data/raw/original/images/24992.jpg,1800,2400,0.75,RGB,697124,ff99e7783f7c86e28132e66d8efb54ce30e5dc19e4ac9d30723dec34390387ec,ff99e7783f7c86e28132e66d8efb54ce30e5dc19e4ac9d30723dec34390387ec,b100a448942127ca5747fee7b69d08bbd708a4b4aaacf12798960b52ab7989ef,001896868e960022,228.3915949074074,53.98036270773032,64.86829305133028,0.13943121376205567,9.084969082192732,
25033,/localhome/local-lintran/MLA2/data/raw/original/images/25033.jpg,1800,2400,0.75,RGB,335460,a58310b88fa43fc20556432d4d56cb3fbe33931ccfb579d54ad5056be16dd03c,a58310b88fa43fc20556432d4d56cb3fbe33931ccfb579d54ad5056be16dd03c,09e6b6387d5388623673f8ae8325be2e1183d8787fb793eb4d8c337b125190dd,14969e9696969616,206.65774837962962,80.33950988636947,4.880353090818467,0.033981979325562406,15.7079293174923,
25045,/localhome/local-lintran/MLA2/data/raw/original/images/25045.jpg,1080,1440,0.75,RGB,527636,57fa11ca2010e58ff0fb28f028e87d8a2fc38236d34e1010b684aaa3f2d122a2,57fa11ca2010e58ff0fb28f028e87d8a2fc38236d34e1010b684aaa3f2d122a2,79082c28b86ca16eeb6a668229fe2b8cd04181f21a91a4d80db70632b4aab392,1817111c69130621,212.75737139917695,82.34986201164742,17.780614099311997,0.05923890581610378,370.6160437339923,
25051,/localhome/local-lintran/MLA2/data/raw/original/images/25051.jpg,1080,1440,0.75,RGB,393566,612a06e770f28a3a74fb6fab25893f377878ed7c24e377753a709cd1c77f86c3,612a06e770f28a3a74fb6fab25893f377878ed7c24e377753a709cd1c77f86c3,0dceafe11a85c7fb54d956523518fc7f718ac593b47d8995a5d8df45488e7c08,1897111c3b030621,210.6269682355967,76.35886395925097,7.141422426511505,0.037410170882131936,66.32825591721688,
25061,/localhome/local-lintran/MLA2/data/raw/original/images/25061.jpg,1080,1440,0.75,RGB,506825,0b0255ad796ca98bd146caf9b9ba4dbbe10090a864ab990fbdbd2ce168e97dcc,0b0255ad796ca98bd146caf9b9ba4dbbe10090a864ab990fbdbd2ce168e97dcc,0115fd3b5fb3394ea687d36fc0f94461f403eee8a3c8e5048fa2fa1559c1a05a,1817111d39030621,211.78799639917696,76.56722043782223,15.903386814072952,0.04214954434027773,123.64059937964143,
25069,/localhome/local-lintran/MLA2/data/raw/original/images/25069.jpg,1080,1440,0.75,RGB,547879,c4684fa7098660ba55b42b4f4cddf1871c9919849c3669370a96ad08387979ed,c4684fa7098660ba55b42b4f4cddf1871c9919849c3669370a96ad08387979ed,8c6ef9f1efc54d17cfb39e2748b1df7129c67f71db18c9e0a33c273651f6d452,1817111d3b030621,207.74459555041153,79.8357673597493,9.641389639354825,0.042376927933784635,223.8873881874461,
25085,/localhome/local-lintran/MLA2/data/raw/original/images/25085.jpg,1080,1440,0.75,RGB,249482,1d1626ee17885f55a63da7c5c83218016fb9ae69170b53e5f295a4bd74bd3fa0,1d1626ee17885f55a63da7c5c83218016fb9ae69170b53e5f295a4bd74bd3fa0,d70b1926d21a769ac501ca855897ead9d1760679fc3d4f65d37b990aa3c85351,022102232b2b2b00,194.34393325617285,98.35757738332487,0.0,0.0,64.1973563972869,
25127,/localhome/local-lintran/MLA2/data/raw/original/images/25127.jpg,1080,1440,0.75,RGB,282207,d1f314cc79c45fca2525af3ba194359c58ce2745df41bb56a475d41755c3d54e,d1f314cc79c45fca2525af3ba194359c58ce2745df41bb56a475d41755c3d54e,feabd0a5900078501069e9bdc67bf180f4462e25cd0b95344342771a73407ec5,000005002f2b0700,228.10687242798355,61.88678734290301,20.15211776871465,0.060806461536403,148.8270962842838,
25139,/localhome/local-lintran/MLA2/data/raw/original/images/25139.jpg,1080,1440,0.75,RGB,234326,256f80ddf4f599ae306e7012fcd341c5eae77e660beac019fe8a43d9efdc695d,256f80ddf4f599ae306e7012fcd341c5eae77e660beac019fe8a43d9efdc695d,a98e68e373a919f075f1e591791a3fda1f0b71392f15fee63afed522ad3c6a50,0000000a00332b00,229.54826774691358,66.14574813707603,7.455365062383107,0.040909149450529744,83.4379898837793,
25157,/localhome/local-lintran/MLA2/data/raw/original/images/25157.jpg,1080,1440,0.75,RGB,364122,75b3f28e39387cc8e16ea41e52946068357795e4423bd828cf187d48cc2a0e0c,75b3f28e39387cc8e16ea41e52946068357795e4423bd828cf187d48cc2a0e0c,8190aa03397d3ceb8497a73fa1e8319dcfc4e760ac5aafe7bc6dc4d6014e20b7,0e55b233333b3300,187.8792406121399,102.95358171040233,2.227962712891218,0.017841235999083743,45.75539210008108,
25200,/localhome/local-lintran/MLA2/data/raw/original/images/25200.jpg,1080,1440,0.75,RGB,351349,5cd1e3cfc23ca23ea01c23383a324e67d637e516360beeb649f28f5951995358,5cd1e3cfc23ca23ea01c23383a324e67d637e516360beeb649f28f5951995358,1364755f94354d8f3587f70599caf3b082e9292ecfd6d51ad5fd06d266556a87,224d162323333300,211.97411008230452,71.54922601642599,17.601670337455417,0.09571292953292228,42.00203482759952,
25248,/localhome/local-lintran/MLA2/data/raw/original/images/25248.jpg,1080,1440,0.75,RGB,442147,2008b7bf3919c6976f79853ac963e50610b99a7940a7c05cb2cb8f6356010a70,2008b7bf3919c6976f79853ac963e50610b99a7940a7c05cb2cb8f6356010a70,d5260c0187f923faa086bdc41efc0a988a3b1e170f52d345d4d80b2af5b39286,0c0d1417232b0300,210.3323816872428,77.4787383023648,49.081860583748046,0.1812699960057832,39.62943421238915,
25249,/localhome/local-lintran/MLA2/data/raw/original/images/25249.jpg,1080,1440,0.75,RGB,301008,0eabf1868d15c6f3ec44cc0f2469d009f59bf9b96fc8a542b174d3de46dde0c2,0eabf1868d15c6f3ec44cc0f2469d009f59bf9b96fc8a542b174d3de46dde0c2,e64f3e13f2cfb5f52d30725f1fb5c344526271ef67b5cc54486ef952f6d3a1af,2a0c171303171700,220.74186471193417,60.83262835225036,37.22949436015763,0.12669343027346763,37.39317283807612,
25264,/localhome/local-lintran/MLA2/data/raw/original/images/25264.jpg,1080,1440,0.75,RGB,471276,b3383e53250c3603a85b71a9599013d0d461630710149c5d86df0160e591814f,b3383e53250c3603a85b71a9599013d0d461630710149c5d86df0160e591814f,b40f12b6f2e7b6a975b3e57093f2913effb56d08d54aaa622d219e638daea2bc,084e159637333300,221.74827610596708,62.7802415214178,17.605365998317904,0.07542772673369386,77.67439283370014,
25270,/localhome/local-lintran/MLA2/data/raw/original/images/25270.jpg,1080,1440,0.75,RGB,370968,8b5d88c1603bc44eafdf988dfd70b5d2ad9769e247ecf936446df23f4c0fd6fe,8b5d88c1603bc44eafdf988dfd70b5d2ad9769e247ecf936446df23f4c0fd6fe,00ae4ab15330279c70ac03cf0e367144c416b460fca0c5eb9a468ed33a64608d,08059633971f1f00,222.33122685185185,66.00077787012751,37.142455366274795,0.10870025454372795,51.79957141202363,
25386,/localhome/local-lintran/MLA2/data/raw/original/images/25386.jpg,1800,2400,0.75,RGB,717042,13e8cce1b7297db3256c6ff618caabc44588621f2495d76dbf49742bdde98b74,13e8cce1b7297db3256c6ff618caabc44588621f2495d76dbf49742bdde98b74,96445e82390771a6883ef2e1626d16e7f12a7fee4919dbe51ce462021c515bc3,110031330e4d2214,229.73284097222222,59.06298895849485,15.18236431997167,0.042327209167071174,42.274016535816024,
25394,/localhome/local-lintran/MLA2/data/raw/original/images/25394.jpg,1080,1440,0.75,RGB,292803,d32483d8c18d8a85ec32bea7b67b515b71b6fca86769c3cf4c91b6a0e3e9e428,d32483d8c18d8a85ec32bea7b67b515b71b6fca86769c3cf4c91b6a0e3e9e428,387214f020b0aef4b012ba49fa0c9fabd472a309e8c881b8d4ef5a1b05cff609,4d4d0f332323238e,233.02058063271605,39.81202812929535,27.687855206843018,0.06578724939826895,14.86720883689203,
25419,/localhome/local-lintran/MLA2/data/raw/original/images/25419.jpg,1080,1440,0.75,RGB,362583,7592b847e1f11afffc57616eea50ef864ecfadc7b310f133d8724d43f61df6f2,7592b847e1f11afffc57616eea50ef864ecfadc7b310f133d8724d43f61df6f2,92837ced3a85e5947a687370968af40438ee0fae8821258821892eef7e0cda2a,003a2c5e39076009,233.72945987654322,51.484710113085335,18.25712215659759,0.040898804225416585,24.30011905221566,
25442,/localhome/local-lintran/MLA2/data/raw/original/images/25442.jpg,1080,1440,0.75,RGB,365880,330b401d5a620f27b8dd7e152e0271536ea6a4a4ee7e8572b71717c18bf12ad8,330b401d5a620f27b8dd7e152e0271536ea6a4a4ee7e8572b71717c18bf12ad8,48ab897b11f3732b9bf3f950ee3eb88b28b400566d2d3dc48641ff73101046e1,200a3d3e0f032001,229.7815194187243,54.23442944143007,3.3603248582733447,0.010928003522490553,28.069989188771768,
25460,/localhome/local-lintran/MLA2/data/raw/original/images/25460.jpg,1080,1440,0.75,RGB,353124,61a107dabf188c4fcc581376a3a964436fe9bf4fc0c866c337b4cd3b909aa80f,61a107dabf188c4fcc581376a3a964436fe9bf4fc0c866c337b4cd3b909aa80f,b4347129be7cdbf5bd4a037ff80d3761070ac4970353ab969e507a7824d4dbd4,0884290e37834009,235.30346000514405,44.976936417795535,8.47337222321232,0.02585722339984102,39.59394442513868,
25527,/localhome/local-lintran/MLA2/data/raw/original/images/25527.jpg,1800,2400,0.75,RGB,395864,9133e2ae39f2ad215d0dad58f0bc78e9cc2c3cb51c4e097ca3a2b5a966ab7208,9133e2ae39f2ad215d0dad58f0bc78e9cc2c3cb51c4e097ca3a2b5a966ab7208,ab8c28ba95ff85fd97a13ed7b9b8725009f5ab4fdb831945094c9e38ded28705,0d1516333333361e,222.62942800925927,54.668187273580855,36.4311967118749,0.12920441590712614,12.450836054563561,
25628,/localhome/local-lintran/MLA2/data/raw/original/images/25628.jpg,1080,1440,0.75,RGB,331034,316f477e21236faf6149c205efb574e92e1694a03ec3c339f91e74686cfe1cf3,316f477e21236faf6149c205efb574e92e1694a03ec3c339f91e74686cfe1cf3,35695d1fa66943ed17dd9940da35175be5f2c2481f9a4b382b18a73d1163cebf,4d4a4c96970c2d0d,214.6983198302469,81.16722737280709,0.739013206043526,0.0027725645602399446,99.62513031391174,
25629,/localhome/local-lintran/MLA2/data/raw/original/images/25629.jpg,1800,2400,0.75,RGB,338801,3d549a8504cc2065b8d11947cc87ff93a42010e0b6447df181cf090fc1aec23b,3d549a8504cc2065b8d11947cc87ff93a42010e0b6447df181cf090fc1aec23b,51f972333005774cac522b89eb53e75ff6db5581da395c3829384b48cf351f4e,1a1b9c17170e4d0d,204.0809150462963,88.6384891329074,4.096022120584386,0.04240255751293185,23.139073392158224,
25634,/localhome/local-lintran/MLA2/data/raw/original/images/25634.jpg,1800,2400,0.75,RGB,389729,40f37c8608cdd578afb714be50035aa532723352e2cc172cf49c6198382ef5de,40f37c8608cdd578afb714be50035aa532723352e2cc172cf49c6198382ef5de,2a790b317736c09bceb597f6b6fd29eec26a71007245210914077ee959355124,4d0d0e1f0e0d0f4d,208.44610462962962,86.90339271662197,4.964334323158514,0.06842108818370958,30.5009319345052,
25670,/localhome/local-lintran/MLA2/data/raw/original/images/25670.jpg,1080,1440,0.75,RGB,549439,db015acadd8bbe326c9f4d2b13685d5efb2651b06288690de6b71d7a7babfc33,db015acadd8bbe326c9f4d2b13685d5efb2651b06288690de6b71d7a7babfc33,b135fccd52bd4a28cf5cd2e6c50f787feb0d77fd4815ee8b76f15e60ed62f1cb,060f86131b960f0e,223.1077584876543,51.51168224197752,3.0753011267599484,0.013264864850876293,187.98969393927695,
25677,/localhome/local-lintran/MLA2/data/raw/original/images/25677.jpg,1800,2400,0.75,RGB,357850,ffa81963bdbd11809cdc3263155610c8bb48993ae7f1eae31782fc76e6b14b15,ffa81963bdbd11809cdc3263155610c8bb48993ae7f1eae31782fc76e6b14b15,3865463548f8dd2ba667287959b12703380b7788fe91e9c69d4f364ee7cfd9dd,0f4d8e17178e4d0d,196.7383037037037,96.82348998426822,23.491172756059573,0.08946709609573006,53.133135088816324,
25711,/localhome/local-lintran/MLA2/data/raw/original/images/25711.jpg,1800,2400,0.75,RGB,465585,4648fe40e16a46e0eccbd35b10e80bfc14fe19b8889a72b78b1437327b85e19d,4648fe40e16a46e0eccbd35b10e80bfc14fe19b8889a72b78b1437327b85e19d,f68a3a55118b5d969228f3cfb8c60914b4da1110170e769d65030e13a509a227,04000f9613330013,233.6518326388889,49.5559546595577,55.68011818361936,0.10481943775833764,5.262103337270433,
25738,/localhome/local-lintran/MLA2/data/raw/original/images/25738.jpg,1080,1440,0.75,RGB,382745,c46b7a29ffe5d404810e02d2bb18b915d0253dfba03b4a4ca53d79da40ce69d9,c46b7a29ffe5d404810e02d2bb18b915d0253dfba03b4a4ca53d79da40ce69d9,2ae90cdca42001657b0db782ed74a58ebcbbb8c6a65084c1c6e06a00296d849c,27000f23232b0300,214.01453832304526,69.22708525851894,18.045527175850303,0.08737764891891579,122.16571939714532,
25774,/localhome/local-lintran/MLA2/data/raw/original/images/25774.jpg,1080,1440,0.75,RGB,515736,11a2c2a30c6e38c9aff840028dca268477858229ace2f2d3317708b3d1bd3208,11a2c2a30c6e38c9aff840028dca268477858229ace2f2d3317708b3d1bd3208,2583033bc9941fd10a2c8405888be79a9560d32a5646f70c0cd23236d53f8d20,0f2f0f161617332b,204.18244663065843,84.1708922031316,8.103539959236757,0.029971998823758596,242.38298969072164,
25788,/localhome/local-lintran/MLA2/data/raw/original/images/25788.jpg,1080,1440,0.75,RGB,229788,dec9398b0624ca5a1925a08c41a5da5f16c91c04dbae5f0276ce08e2ac59d989,dec9398b0624ca5a1925a08c41a5da5f16c91c04dbae5f0276ce08e2ac59d989,b8ac8cd161d165358f3657afdb01a89230b62b37921bb6001b0622fec5a933a3,0f4b0f171717332b,213.52825681584363,72.5673723709773,18.45860880069907,0.06660234126825489,205.9169942211411,
25796,/localhome/local-lintran/MLA2/data/raw/original/images/25796.jpg,360,480,0.75,RGB,70780,17354ca7fa95a333220930b3ac529b80d5dffcf4e3d1ad809cb4257b54170250,17354ca7fa95a333220930b3ac529b80d5dffcf4e3d1ad809cb4257b54170250,774090ac9e5accc6f1b34a47636a0be686ececdd17de7ffb82065298aa45d47e,0f4f0f171717332b,205.61824074074073,79.57751586158808,32.25368893542672,0.08414434694813784,289.61061898132033,
25827,/localhome/local-lintran/MLA2/data/raw/original/images/25827.jpg,1080,1440,0.75,RGB,853492,ccde28910a59f3bc621ed1b130602902493932ff3545f18fee65077b3dc06805,ccde28910a59f3bc621ed1b130602902493932ff3545f18fee65077b3dc06805,2035e0b6decb289fc8908e8fcbc37bb78fb3f4b85fca7bb719b62be089fe92ff,4d4c1b9b1f9c9e06,225.4146579218107,59.715267462505594,27.42014799051301,0.08252520478779027,261.40156054931333,
25847,/localhome/local-lintran/MLA2/data/raw/original/images/25847.jpg,1080,1440,0.75,RGB,785759,68bbe9eec9b044cda5cac7330a7e87743d2e3565fa377a9b9076d6d72858d673,68bbe9eec9b044cda5cac7330a7e87743d2e3565fa377a9b9076d6d72858d673,55b79f108723f748350dcce55f46e35a795084d20ce45f13a4ee1be03187846f,0d4c1e0616961f4d,212.06368055555555,75.44542708090789,27.076030930216426,0.09125403743791308,324.692712395588,
25863,/localhome/local-lintran/MLA2/data/raw/original/images/25863.jpg,1080,1440,0.75,RGB,312149,d9fc61f43be2aa1350e7e039c63fa5550d4b8716ee178863d0f9bf5cc023f434,d9fc61f43be2aa1350e7e039c63fa5550d4b8716ee178863d0f9bf5cc023f434,76eda1d0e468be79d847dfbc357e0c9a998b5f1ecdfb489bd7c0bc189e054e1a,142b14172b2b0f00,189.93403034979423,97.64342252717316,1.3753405895993494,0.009060556303245756,37.761737904938414,
25893,/localhome/local-lintran/MLA2/data/raw/original/images/25893.jpg,1800,2400,0.75,RGB,691634,129de937d70f3f18d7a45ba437db5e02ab91687d49fe275fc7b5cd2ae3753425,129de937d70f3f18d7a45ba437db5e02ab91687d49fe275fc7b5cd2ae3753425,799b76a5d2dff7c5928f750b47a446b83fcf3a0d0d9e735c081315bdbfc847c1,4d9596060e060e16,198.8336486111111,79.83208828414804,32.468372451018574,0.1436606351997012,45.154106857500174,
25896,/localhome/local-lintran/MLA2/data/raw/original/images/25896.jpg,1800,2400,0.75,RGB,311302,e933eb677f076c7518ccabd2bb01530aeef6f2887d1a0522d230bc28eec23972,e933eb677f076c7518ccabd2bb01530aeef6f2887d1a0522d230bc28eec23972,0d89d757e0395871f8c33b97c18f1a1422adb4596f5871267b7f7c255e36f4f7,96969694b695159d,197.4037701388889,91.24192869427338,16.640387591651777,0.06186596481238249,13.937062808309594,
25905,/localhome/local-lintran/MLA2/data/raw/original/images/25905.jpg,1800,2400,0.75,RGB,362286,2948160d6130ec84349976ddfba055e9659be9f1a5d46f3e29d8f2fe42522080,2948160d6130ec84349976ddfba055e9659be9f1a5d46f3e29d8f2fe42522080,705d92c21eefcbff3255ae50671eef2253ce9577c48d351b9a89049261c3ad41,9696969696959595,198.40693055555556,91.02543601635425,20.523350429818958,0.09180345123996611,14.091217374186526,
25932,/localhome/local-lintran/MLA2/data/raw/original/images/25932.jpg,1800,2400,0.75,RGB,318501,a5411a118e5ae2d9f1658650caaf1dc7ca6b48913da65428313c4f957678561a,a5411a118e5ae2d9f1658650caaf1dc7ca6b48913da65428313c4f957678561a,f4a9175fd6d1c1d12406feaf84549dd7f4475975893717d0acb86dd4f3189b6a,080e164d4e929b00,221.2336439814815,75.56646564711973,5.934220646886498,0.041353098569922433,21.987829037263484,
25938,/localhome/local-lintran/MLA2/data/raw/original/images/25938.jpg,1080,1440,0.75,RGB,267786,ded46aee82b5f8583b5b836406ed18fd6a9edb8c72d6ddcf26f52b6eeb9a27ff,ded46aee82b5f8583b5b836406ed18fd6a9edb8c72d6ddcf26f52b6eeb9a27ff,826c458471a1f19969ff6997ed41a56c0d38ca68d21e565f74407ccad57ebeec,8e96b63636373733,213.08555684156377,67.39990950225108,42.053516709224624,0.17039196708108284,93.2226115551437,
25956,/localhome/local-lintran/MLA2/data/raw/original/images/25956.jpg,1080,1440,0.75,RGB,304678,3c442d0a7412475200953e8a6a61551828de2f2276e26f0b7175a05d66b7d46e,3c442d0a7412475200953e8a6a61551828de2f2276e26f0b7175a05d66b7d46e,cd8f3727aefc67daf52aeccbd8b0087f330d5e9b32da5107ee7236cdc6c1c17d,0c16273337363636,215.69550604423867,62.2089112136079,12.466388579795344,0.06611229236427772,202.03439965507033,
25979,/localhome/local-lintran/MLA2/data/raw/original/images/25979.jpg,1080,1440,0.75,RGB,353168,94b120ecc63256a7476c3e7ce024f6821b04552c3fe674edf75cc7f9959ddee5,94b120ecc63256a7476c3e7ce024f6821b04552c3fe674edf75cc7f9959ddee5,5cec344511c1847f534dd8916272ce39bcdc15bd2875f700e9fd352fc9d5ef88,004d4d4e4c4e0604,226.44379436728394,65.03117080141949,23.893924235860386,0.07909843268453137,48.78567383554063,
26054,/localhome/local-lintran/MLA2/data/raw/original/images/26054.jpg,1080,1440,0.75,RGB,485109,0162d4bfc09879af68f9e70925eedb654e1338e8b08021fe0c3fa917552375ba,0162d4bfc09879af68f9e70925eedb654e1338e8b08021fe0c3fa917552375ba,206cb52d78fecfdb01e08d781676b29d63fc7250007885ab42847bc1f3bfda23,0f4c871b3327292b,194.97780221193415,78.47155569893911,14.686266230087364,0.06654979675714609,235.0305664954889,
26062,/localhome/local-lintran/MLA2/data/raw/original/images/26062.jpg,1800,2400,0.75,RGB,403909,6a7edb58b8eddd33c1074a570e8b5fbee12b25ce4992827cc29b92f96fdabad6,6a7edb58b8eddd33c1074a570e8b5fbee12b25ce4992827cc29b92f96fdabad6,ff1074abf7c5e694a524a0d68c654c7088f33078176a2e71df242f12372fe74b,4d4d0f3333371717,213.6262162037037,66.00997725531876,18.833211493381043,0.07424845895649057,17.682138655364877,
26148,/localhome/local-lintran/MLA2/data/raw/original/images/26148.jpg,1800,2400,0.75,RGB,340369,c3fe3f60af9db0495a103eed98c3588e5eda54ca4fb27b8bc88d617090bf6dcc,c3fe3f60af9db0495a103eed98c3588e5eda54ca4fb27b8bc88d617090bf6dcc,008ea64e7da4d990d8a33ac22de545c39cc50784b8d9d441bebe3d8acc41da36,170f0756929696b2,216.5768662037037,60.25049449938201,12.301223131221247,0.03824638331752626,9.081894555223604,
26154,/localhome/local-lintran/MLA2/data/raw/original/images/26154.jpg,1800,2400,0.75,RGB,357671,41af13dc01b1ec4cc1faac366ee15c4802a5bde706c527da66aa5f4b6382d118,41af13dc01b1ec4cc1faac366ee15c4802a5bde706c527da66aa5f4b6382d118,0cd963c78aee133d3f2923097aa9332ef00015c6a1e3ff5d899b6d169b1a865d,171f179696969292,197.76359907407408,91.30194293433027,13.32709338830823,0.0647599589954375,19.235554667778317,
26155,/localhome/local-lintran/MLA2/data/raw/original/images/26155.jpg,1800,2400,0.75,RGB,395060,2ecef5858950b03441bb1d6db6fedc492447417f341be63c52cc42791353b973,2ecef5858950b03441bb1d6db6fedc492447417f341be63c52cc42791353b973,e7bcda6ebdfc1f6a72753fcdcf3d89b264f5e40d5bfe6577fbf251581c39c739,361f169696969292,200.03720462962963,87.46845264934719,13.835716273986714,0.06932699698556398,16.633183607772295,
26171,/localhome/local-lintran/MLA2/data/raw/original/images/26171.jpg,1080,1440,0.75,RGB,298394,621fdd4bc599db29030d47d290215e447ad744f3d29b5cac5aeab9ffdbebaef7,621fdd4bc599db29030d47d290215e447ad744f3d29b5cac5aeab9ffdbebaef7,aab301c3de234d7026a89dfa04b4af4f92401f3f263c4b914d9ddc894aa40eeb,002802181f070005,237.565764531893,50.97470724970386,11.824481800017944,0.03765208032695454,54.40120467971737,
26174,/localhome/local-lintran/MLA2/data/raw/original/images/26174.jpg,1080,1440,0.75,RGB,339194,42583bec1ddf6350b478f2bf8540f19e5ddc2b267c7caa35732ebe9865d11a7c,42583bec1ddf6350b478f2bf8540f19e5ddc2b267c7caa35732ebe9865d11a7c,8aa2db834febf5917853813272078c11e70565a832b181862b73d5baf7307f25,200c213c27034009,227.59634837962963,67.70339600736489,16.628926701088254,0.05167006449793717,35.60706848398265,
26213,/localhome/local-lintran/MLA2/data/raw/original/images/26213.jpg,1080,1440,0.75,RGB,224752,8d15a9704184bf77c53e7c3f15210bb6ad3eb977ddd3e3c834fa43164ac0a1b5,8d15a9704184bf77c53e7c3f15210bb6ad3eb977ddd3e3c834fa43164ac0a1b5,6aec17aa95c277b2e2c8c75bf9561f97b570a4970c118f78902e82653491f068,004d4d4d4d4d4d00,238.39160365226337,47.864410345813035,49.04497211043971,0.06378761652946764,9.573685277423838,
26262,/localhome/local-lintran/MLA2/data/raw/original/images/26262.jpg,1800,2400,0.75,RGB,393555,6af0e66151edb02079b3d5a932dd8b28678d33c25fcca51adc3e14eb3cce6264,6af0e66151edb02079b3d5a932dd8b28678d33c25fcca51adc3e14eb3cce6264,0bcf3f5fd735cfa193f30d0a29f4643e1696503ac441eb23aababa4b53006cc8,0f4d1e330f171717,184.37572314814815,86.3337029763924,23.80734076699258,0.12869020320370908,10.941259061117673,
26293,/localhome/local-lintran/MLA2/data/raw/original/images/26293.jpg,1800,2400,0.75,RGB,345006,67f03401f3ddacb193f3178c530973095f6d5c6e6ef95e88a22710bf7c02bb64,67f03401f3ddacb193f3178c530973095f6d5c6e6ef95e88a22710bf7c02bb64,29c5eab55368faad861f7ce4ca5b26d426d19ce574098d741435968142c0ff95,0d4d961317170f0e,200.80978333333334,69.08336086334594,58.034997885058154,0.22552313044621844,39.062742305287294,
26319,/localhome/local-lintran/MLA2/data/raw/original/images/26319.jpg,1800,2400,0.75,RGB,365524,ff1da299ccd48724a7597881a36d91789d1a32f702d105cb6ecba7526b667bdb,ff1da299ccd48724a7597881a36d91789d1a32f702d105cb6ecba7526b667bdb,34c8635f84e74c163cd56504a92d9711816266edc33a551d38a4439e2651b0bc,33070e8e96969693,202.93947777777777,70.21198607725371,19.600806628554334,0.07616611210301745,20.871610041918526,
26385,/localhome/local-lintran/MLA2/data/raw/original/images/26385.jpg,1800,2400,0.75,RGB,355117,071eedeeedbc966bebb5dc4ad258f06ad78e4e65fa1cf7e4ffe09beccff0e425,071eedeeedbc966bebb5dc4ad258f06ad78e4e65fa1cf7e4ffe09beccff0e425,e3cb50a4e284e2e3a21bbd8b9b70b3a4710231858c334828f2918d8e86d0fe03,4d4d0f3333230f16,230.33048680555555,50.10409293364002,23.364825509656043,0.06925049954892888,9.893734222654532,
26387,/localhome/local-lintran/MLA2/data/raw/original/images/26387.jpg,1800,2400,0.75,RGB,367216,d02147a14694c629aaf3dbfea0ba1590efb560a7863ab3464ca8600472b57cd2,d02147a14694c629aaf3dbfea0ba1590efb560a7863ab3464ca8600472b57cd2,a90b4a78290ca825ceeed55f49c7ab1fa8d8009b3cfc29352dc4cecfcefa6b99,4d4d0e3733232f16,227.08322337962963,53.72496198513563,25.18865963173476,0.0788516574593116,11.727600222330299,
26445,/localhome/local-lintran/MLA2/data/raw/original/images/26445.jpg,1080,1440,0.75,RGB,220732,efaabb5f1f5835e042700449b4ee427e4cc9d3e02ad2a0e54801f73ea2bed33b,efaabb5f1f5835e042700449b4ee427e4cc9d3e02ad2a0e54801f73ea2bed33b,78c8542f9435c5f1c1032608dccc19e6b52218c52a37a259fd61f6d3e369e439,0000048233335100,209.84748392489712,86.08277087875794,14.417736486388678,0.056654400807269745,239.1199286973757,
26473,/localhome/local-lintran/MLA2/data/raw/original/images/26473.jpg,1800,2400,0.75,RGB,390823,0079267f7553afcb419fea18339bcf4f5a5e4c6451fe69439a51dad8168918da,0079267f7553afcb419fea18339bcf4f5a5e4c6451fe69439a51dad8168918da,e3030d317efa687f4c2dc26eb8b131b6676b727bcc2d306f4b257bc29fe71b25,0f4c873333130717,207.15870023148148,68.94011846795317,21.08470669729406,0.06625660712803641,23.42003624447069,
26491,/localhome/local-lintran/MLA2/data/raw/original/images/26491.jpg,1800,2400,0.75,RGB,374569,08aaaf14245a0d36baee10ec1825ee7e359597a10e5d89b6ad4350058761fe35,08aaaf14245a0d36baee10ec1825ee7e359597a10e5d89b6ad4350058761fe35,a3c8ea151bdded58a3f58b56532afad6a9fa3deae52eafc84b4f7af401d29e4d,0f4d0e371b1f0f0f,186.2667761574074,88.52134632795256,37.65399881158244,0.12502503257772105,26.53051298084717,
26493,/localhome/local-lintran/MLA2/data/raw/original/images/26493.jpg,1800,2400,0.75,RGB,341217,7f71b71ab94235f5db2ec1e9b2be1a3a2623a27d7cd04351f59c78e821e77140,7f71b71ab94235f5db2ec1e9b2be1a3a2623a27d7cd04351f59c78e821e77140,7e438f6916c7455ac2409380b6c922e082f776de1a09e7ef70986dc9e42b3ffb,4d4d272727272717,219.88940740740742,67.39171162440789,29.026695971411762,0.09189148059887878,33.720924407698185,
26529,/localhome/local-lintran/MLA2/data/raw/original/images/26529.jpg,1080,1440,0.75,RGB,367499,cca05185ffaf13e8ce6e9a9420aae773b3cf77369fe223264bb5e5ad22a2964a,cca05185ffaf13e8ce6e9a9420aae773b3cf77369fe223264bb5e5ad22a2964a,124bedd2dc994e781597d9c0a737d9d08e8985609cbd5c451abe0b163d3324ba,5004781e0f034001,234.69103587962962,45.71414962256768,19.327321940513784,0.05155721845176695,28.934794136195734,
26547,/localhome/local-lintran/MLA2/data/raw/original/images/26547.jpg,1080,1440,0.75,RGB,266270,71814f5be9ba14be91c2963d49c2271971d9000100af6a17b58426c64a14652e,71814f5be9ba14be91c2963d49c2271971d9000100af6a17b58426c64a14652e,715bf99cd086af72b65df59c26913dd52cb9b0fda99d86d9aaac68ad8f6eca9d,0802086e470f610f,216.13967592592593,74.5428203948968,12.507916846702633,0.03430037583247709,41.78037633370658,
26595,/localhome/local-lintran/MLA2/data/raw/original/images/26595.jpg,1080,1440,0.75,RGB,229008,030a0f8987a12ba75aa832ffc5d57b28bb6cb1077b0287bbd901ce2ec5b5384b,030a0f8987a12ba75aa832ffc5d57b28bb6cb1077b0287bbd901ce2ec5b5384b,96ecaa9e5b9f5969f349f530f0935720dc07c7b79981a287c0e93a108867e829,28026c364b0d0009,239.62561471193416,45.097661831090406,9.213193242829808,0.014112361676188338,47.3189653397171,
26611,/localhome/local-lintran/MLA2/data/raw/original/images/26611.jpg,1080,1440,0.75,RGB,114255,6f01a8849794b6783fe0d6b1bceedde0af89fb2befd9f34610ff84cd4cd98c42,6f01a8849794b6783fe0d6b1bceedde0af89fb2befd9f34610ff84cd4cd98c42,8ba1cd58f639dab6763600acdb0d6f4db08bb4da933def3caf6f8510d88e9c74,08602c3e190b6009,228.4194765946502,61.59811197139113,15.447712334348696,0.013345413575566692,30.357757056256997,
26617,/localhome/local-lintran/MLA2/data/raw/original/images/26617.jpg,1080,1440,0.75,RGB,359187,453fad6d5c94804459fcee9d8c031d1895e6ea5ee5cca74788d82bb2acf83f58,453fad6d5c94804459fcee9d8c031d1895e6ea5ee5cca74788d82bb2acf83f58,2e3119e507f1322f918a70eb2bb8cdb17326daa782e90d4251beca2a74f3e823,0862793e19194019,233.57574266975308,53.680360223712796,5.102708235213231,0.011704836786958663,78.27100531552055,
26618,/localhome/local-lintran/MLA2/data/raw/original/images/26618.jpg,1080,1440,0.75,RGB,325661,0085ef1b6904bc85401f226f23f5c70dc00924377c072c4f871f9bf6187d5c22,0085ef1b6904bc85401f226f23f5c70dc00924377c072c4f871f9bf6187d5c22,e1aaaf4abe3942ce1188cc8183fe4f8cf4290b7a8dd70bf34f92446497bc668a,3806791e27074003,216.05446180555555,82.25422713778401,8.967877367798977,0.011207916149157173,35.558458499041144,
26632,/localhome/local-lintran/MLA2/data/raw/original/images/26632.jpg,1080,1440,0.75,RGB,356002,d4acc4e2681320b0df126cc95b1b5ebe002fbbd301925321a0722673397d04c2,d4acc4e2681320b0df126cc95b1b5ebe002fbbd301925321a0722673397d04c2,6d87e82b551631a2b9e4592f75339e56a0cc90089d251ba0e13f8e5bae8d7203,2098213c1f836001,233.34942258230453,55.82603237967118,2.6485178208909885,0.012460536159333954,173.55755177162567,
26647,/localhome/local-lintran/MLA2/data/raw/original/images/26647.jpg,1080,1440,0.75,RGB,305650,458fdfcc15f862b3c0068d645df29a8f3bc716e55152a863a436e393e63ba48f,458fdfcc15f862b3c0068d645df29a8f3bc716e55152a863a436e393e63ba48f,d7cfd5d5bfc75630434de0093cb9c1254ebaa93b88d0ece0b8dfa93a9df9a83a,6800797c0f0f0009,232.79499742798353,56.75411345178914,2.9297265510115897,0.014191824158426184,32.46649484536083,
26654,/localhome/local-lintran/MLA2/data/raw/original/images/26654.jpg,1080,1440,0.75,RGB,123986,584d8c99153d79c8e5e50a648b3a00808635c7c3978f3c3d5e343031b3a5fe49,584d8c99153d79c8e5e50a648b3a00808635c7c3978f3c3d5e343031b3a5fe49,4cb95379d383f743d436e7677c07a28f7ab0e0df06661ebd909bab54f2f28415,2c82393e07034011,209.37511252572017,87.66408957732486,28.275469445843246,0.0590849824119903,42.522395330579045,
26666,/localhome/local-lintran/MLA2/data/raw/original/images/26666.jpg,1080,1440,0.75,RGB,298299,5cc4656890df4f69fb4a043098772dd9c43e1b2994adbc0cbe941d3e863d3af3,5cc4656890df4f69fb4a043098772dd9c43e1b2994adbc0cbe941d3e863d3af3,623070e8566ccacbb65fb4d507cc10d43d6cb0636c5de1ad0a20c000d5744b48,3006713e07036003,221.0643910751029,75.89587571891025,21.6169154995312,0.027730179612037727,28.28026307322033,
26676,/localhome/local-lintran/MLA2/data/raw/original/images/26676.jpg,1080,1440,0.75,RGB,266401,b2eed61568e402d0b0c2a3fb9452be46f63394a5fc8720a8c35e77bd76435b3d,b2eed61568e402d0b0c2a3fb9452be46f63394a5fc8720a8c35e77bd76435b3d,8bd370f4021557d8d6b367f3e3005036257050c65ed8d98f4068c16e33c70d97,002c032c0f036003,236.8527835648148,51.27013787867125,38.73371566344432,0.0701397507992292,12.503774276999112,
26688,/localhome/local-lintran/MLA2/data/raw/original/images/26688.jpg,1080,1440,0.75,RGB,354526,7518302181a70c980adfeb23ef315207e28dd7468beac5601ed9ff0d562d7fee,7518302181a70c980adfeb23ef315207e28dd7468beac5601ed9ff0d562d7fee,562a9b1715dd2f530c421628c283a3f7de21f6f7860b7033ab4db32c8d31ce32,4c223c1b03072009,215.7813258744856,78.53566471347214,7.909874689017257,0.0355140256214824,32.86521101200819,
26702,/localhome/local-lintran/MLA2/data/raw/original/images/26702.jpg,1080,1440,0.75,RGB,211767,86332644aa029dceafdfe97e721d7d0edb9d2d563d49769d8bad57b3d396a99c,86332644aa029dceafdfe97e721d7d0edb9d2d563d49769d8bad57b3d396a99c,d42f48a72d3151b5509b64457eaf5d7a58e0c68a066050315dacdb8521756884,2800393c1303000b,243.31844393004116,32.24962903487866,23.521087386661907,0.04029375355589896,10.197514061031958,
26709,/localhome/local-lintran/MLA2/data/raw/original/images/26709.jpg,1080,1440,0.75,RGB,257191,ff8be5b564785e98c7ccf78c84b023a5d468a40afe4c47a94d071b46f312e89d,ff8be5b564785e98c7ccf78c84b023a5d468a40afe4c47a94d071b46f312e89d,983fcf17ed22b4114a8a4ed0a2d03b8c0bef617cea0402a47079e0e27f4e6ac3,001a1d6e270b4419,221.90369663065843,64.47178482719443,4.873760859285577,0.023909722393449052,29.762326087236314,
26802,/localhome/local-lintran/MLA2/data/raw/original/images/26802.jpg,1080,1440,0.75,RGB,392537,7ddc942c18aa4b9da1a475a3e20e8f445058c52a8d2fafc7254b62280c3bf97c,7ddc942c18aa4b9da1a475a3e20e8f445058c52a8d2fafc7254b62280c3bf97c,2cb73c504b01925f9fbfb87f9de1a5e1952431bbe7bd9449fa22e29bcc2e9751,1e1b4b0705211131,185.2585384516461,60.72935556329759,26.534245868567087,0.14673764618812912,183.4502329562274,
26844,/localhome/local-lintran/MLA2/data/raw/original/images/26844.jpg,1800,2400,0.75,RGB,757977,c40c38db0b4881efb2ccda2a5e3a2b05ef021d27cb793f443333dad8a14c5813,c40c38db0b4881efb2ccda2a5e3a2b05ef021d27cb793f443333dad8a14c5813,452f1842d262fedb5d9c171de5bf85cc01fadacacc1ae8d4864936198f912c5b,331f169692929293,196.50682037037038,88.5577518213353,16.66637449365888,0.07186560851383034,13.511999235739596,
26883,/localhome/local-lintran/MLA2/data/raw/original/images/26883.jpg,1800,2400,0.75,RGB,408798,404f51c396f97a4e4d5a31ce8ba0d25050804ae9921e103f01387719e8d37d0c,404f51c396f97a4e4d5a31ce8ba0d25050804ae9921e103f01387719e8d37d0c,a933de22409241b88c145fbe353505da2549c7d52714b6c32fd26ea32b65ed58,0f46169696161e16,202.5062587962963,77.12301317564318,64.26948901024879,0.1899343729274826,38.66448481900924,
26905,/localhome/local-lintran/MLA2/data/raw/original/images/26905.jpg,1800,2400,0.75,RGB,411580,dc3036e5b308b3c1a190aa7501a4408f8085fb210f2826a5ca7c774dda3deaa1,dc3036e5b308b3c1a190aa7501a4408f8085fb210f2826a5ca7c774dda3deaa1,dc0d38774c8ea124447fc83ac6a7eb6ad86bc0ac0e13d5ce6f486a781e6c5ac9,4d4d0f3236323a0e,218.13542685185186,65.01913016447986,27.351701703163695,0.09958021253297805,8.448779499293638,
26909,/localhome/local-lintran/MLA2/data/raw/original/images/26909.jpg,1800,2400,0.75,RGB,363120,144917394e1670cc71808930ced3280245e77c70553d81b674c86f5b874e01a9,144917394e1670cc71808930ced3280245e77c70553d81b674c86f5b874e01a9,ab80733572cc5b8f352746e63fceb396a810da020bb1e34338ef3bdd2df163f3,4d45073636222a1e,219.14910717592593,60.676446996007826,28.434644125038506,0.09212837440508254,11.34630074804882,
26915,/localhome/local-lintran/MLA2/data/raw/original/images/26915.jpg,1800,2400,0.75,RGB,378091,3df9c029431bc8ac350f281411cf9f63c9b51b092b070e6a2d1a4f1c65a16c50,3df9c029431bc8ac350f281411cf9f63c9b51b092b070e6a2d1a4f1c65a16c50,ffb61d495d177bdb6a4285debb2fa9b66f0bb892cbde8d36855b40e57671dd8a,0f55963333b6330e,203.2595087962963,81.36078057536562,21.788444905229944,0.07294355852642129,49.96425646726418,
26959,/localhome/local-lintran/MLA2/data/raw/original/images/26959.jpg,1080,1440,0.75,RGB,291143,71c9a523729ba4eb82e114bf795fe172adf4e63df3f9aac6f46e008de0993bee,71c9a523729ba4eb82e114bf795fe172adf4e63df3f9aac6f46e008de0993bee,a06db665b215d3af416468c44649067c35dcfd3fb977e75edf69cfb1fbbc2781,0f46079397978f8f,203.86023919753086,66.60620524202828,67.5194635166422,0.21154319022312792,29.96711777803519,
26984,/localhome/local-lintran/MLA2/data/raw/original/images/26984.jpg,1800,2400,0.75,RGB,348516,8d39ec17d8b789ed7fb09dafd4f1ab444bdf5e8c9d5ae773064e0c8af50fdfb5,8d39ec17d8b789ed7fb09dafd4f1ab444bdf5e8c9d5ae773064e0c8af50fdfb5,e066f02f10e1f9add91d56c49504c24c749f26a3914b4f6565cd1c0ab0a11955,0f0e1616160d4a4a,223.70155648148148,52.0940206633512,84.81808130313466,0.18905645010428865,9.47992565830612,
27023,/localhome/local-lintran/MLA2/data/raw/original/images/27023.jpg,1800,2400,0.75,RGB,320374,ad4e6cc42260aa98de57e3495248b38f609e386e57bffe17d473f9b5cdc04ac4,ad4e6cc42260aa98de57e3495248b38f609e386e57bffe17d473f9b5cdc04ac4,2f8a50b2686bf08c0c01bdffea5351bafbef41a792170bac0b16109841eb9e8c,8f83931616161515,230.81139814814816,52.38887770874862,19.864949349542357,0.05725680612137476,12.11035781282568,
27036,/localhome/local-lintran/MLA2/data/raw/original/images/27036.jpg,1080,1440,0.75,RGB,347724,272407c959d137963c6c6746d4d633d63577c12558aed7cf0d2cb38d1f0f5250,272407c959d137963c6c6746d4d633d63577c12558aed7cf0d2cb38d1f0f5250,de9bf40762c5486ca0039eb3f5c8291f1f1005d7bac2ac9377c6a4d8d65dcf70,1e39134709310121,229.21527327674897,30.12800722031831,15.718293671586213,0.06631822069179867,48.46308029911065,
27059,/localhome/local-lintran/MLA2/data/raw/original/images/27059.jpg,1080,1440,0.75,RGB,333744,fafb20afbdc557d9ec1113db7b285b479d32fff563350f3cc59d9ce11dee2abf,fafb20afbdc557d9ec1113db7b285b479d32fff563350f3cc59d9ce11dee2abf,3a73e0310fae67f5e9ae938042cde7e16c2fb772c57714bd154d7b96d09bdfda,142904172b692b00,212.6676813271605,73.88695334069787,2.149013620495622,0.012444884514052745,114.37495334440197,
27206,/localhome/local-lintran/MLA2/data/raw/original/images/27206.jpg,1800,2400,0.75,RGB,397006,4fb6bc4e540284f8c41e606ca370f1fbb02d90245cdc64fa29043f56fd8ba3a4,4fb6bc4e540284f8c41e606ca370f1fbb02d90245cdc64fa29043f56fd8ba3a4,bc1016daf08c9de0075c41d49167db4f999259c1c4410d48a3e60a3a61a1f82a,0014172b2b171441,234.2145849537037,37.05756376548287,20.10018137954557,0.063564957687548,180.71581208457815,
27216,/localhome/local-lintran/MLA2/data/raw/original/images/27216.jpg,1800,2400,0.75,RGB,405897,e2ac9edde921926977db057edaefaeae2dc5426a1fc1a80df4f149006db0e8ed,e2ac9edde921926977db057edaefaeae2dc5426a1fc1a80df4f149006db0e8ed,ca6262a70e1194c0eab31533713665eb3f6bbd90c6ad096c46b48c4b99e7dd1b,000c8e9e96161402,216.09230671296297,78.74274866719594,11.438025881301744,0.07551503351557878,18.590780240394636,
27220,/localhome/local-lintran/MLA2/data/raw/original/images/27220.jpg,1800,2400,0.75,RGB,372308,4716c2866560261a507496533d4b6d91332cfbdf2d6123beb9664d33efd107ad,4716c2866560261a507496533d4b6d91332cfbdf2d6123beb9664d33efd107ad,abbce88b6e7435e24fc8b345d8ded1ef4050af32b075202ab16d3ee672a7b9e1,04209696960e0400,238.58391180555554,43.46842884244967,11.501097667426235,0.027978019551743984,138.26980870330485,
27315,/localhome/local-lintran/MLA2/data/raw/original/images/27315.jpg,1080,1440,0.75,RGB,320068,56fed5aeb24704da4f4bc69cf50744170eff0ed4e85558f110c60746fb6931dc,56fed5aeb24704da4f4bc69cf50744170eff0ed4e85558f110c60746fb6931dc,f72904d3af7cff550b9a160f02893fd475f96b2a4f8fe49abc6f6615cfadeda5,0094989616939700,236.60841756687242,41.26356359500688,25.337428872005297,0.051304670408019344,26.56745434186648,
27370,/localhome/local-lintran/MLA2/data/raw/original/images/27370.jpg,1800,2400,0.75,RGB,398267,888f76b342daf38c62108cac81880e6629a3674d6859344ea7a75f8ad77f770a,888f76b342daf38c62108cac81880e6629a3674d6859344ea7a75f8ad77f770a,56df80d04ae2e53a5efa997fb95e07f68293e089b4fd7af4839582793827dc96,0d4d863337170717,200.1729525462963,74.03874991228672,47.62641664474924,0.1957656212398699,30.48149169735288,
27385,/localhome/local-lintran/MLA2/data/raw/original/images/27385.jpg,1800,2400,0.75,RGB,317313,b7cbb0d96f6e84557d0fbf948756bfc9e847d76c969afb909e3aa8649ad66baf,b7cbb0d96f6e84557d0fbf948756bfc9e847d76c969afb909e3aa8649ad66baf,a5ffc07c72f6c54362922097f45c08952c2b3c4543a037334f65d44da9d2223e,0d0f8e8d8d8dacad,218.45765300925925,77.90157197084454,18.14141577907234,0.040060210080748206,13.150682970888626,
27405,/localhome/local-lintran/MLA2/data/raw/original/images/27405.jpg,1080,1440,0.75,RGB,420183,11591b089a5d5b8f71cdb90d642e67249e9d38e81e057d06126d9a6c6de3fb8d,11591b089a5d5b8f71cdb90d642e67249e9d38e81e057d06126d9a6c6de3fb8d,00b0e1d6b259e180ad176e95f57c0649b943e1d6e8eb8d1f1d6d0625f4c9ef07,17170b1397969692,141.95196309156378,107.16730375577042,25.19967895454756,0.11135156568272105,49.32485263266278,
27408,/localhome/local-lintran/MLA2/data/raw/original/images/27408.jpg,1080,1440,0.75,RGB,537796,4cf34aad3d66be504a555284460770cb8e80fe4a8fa91ee183691ebdd0dcfd63,4cf34aad3d66be504a555284460770cb8e80fe4a8fa91ee183691ebdd0dcfd63,5b691fb8b664800a83d927bc33babc1a94afa22767fdfec5a0ed4211736220af,322a2e0e16160d4d,222.89683191872427,33.614352594601726,12.571191927274297,0.02291188148388375,42.75277423838758,
27416,/localhome/local-lintran/MLA2/data/raw/original/images/27416.jpg,1080,1440,0.75,RGB,316754,36d382e4b521a834bd2277e72f7dc4ef7d82f7e05467be58c3b305c9adad653a,36d382e4b521a834bd2277e72f7dc4ef7d82f7e05467be58c3b305c9adad653a,4deb544fba705f7834ec6bf6f307a4b4604efebcc2a3faa99f52546c3611fd90,1e160616160e084e,199.34841306584363,63.16249107548119,19.123987492178493,0.06182375207148358,27.758325289264707,
27421,/localhome/local-lintran/MLA2/data/raw/original/images/27421.jpg,1080,1440,0.75,RGB,261747,d67177f11e56979a9d3d196892d69588056ea1991a58d44da6d4d82b9f557906,d67177f11e56979a9d3d196892d69588056ea1991a58d44da6d4d82b9f557906,6e44e756358643862aa41945f73abc3aca43d616a6b083dbcad3533b6113475d,39969e9d9d9d9d0d,196.91608603395062,89.66231151067345,22.472335838007318,0.1346364447612023,28.002393593060223,
27459,/localhome/local-lintran/MLA2/data/raw/original/images/27459.jpg,1080,1440,0.75,RGB,146543,01cd9da72a0db7ca4f5d9247c7a3df8eda3d89f6b9bd1997b92b734eb8c2fc13,01cd9da72a0db7ca4f5d9247c7a3df8eda3d89f6b9bd1997b92b734eb8c2fc13,e3d1a00da0a172deb166071b070c492148ba0ea242a6ea9af18dbf058f00dde8,0000414171713100,249.54761123971193,10.833500195348236,0.736169607441557,0.001266128213695656,0.934538656576187,
27462,/localhome/local-lintran/MLA2/data/raw/original/images/27462.jpg,1080,1440,0.75,RGB,196073,1d07cec186d7b7bd6a79b0be702d831e65ea39edc6145e4008818202d97e574d,1d07cec186d7b7bd6a79b0be702d831e65ea39edc6145e4008818202d97e574d,233665784902f63526793e658a0f3c03b1d449b863ea9a345ff95cb8ae0c27ae,0000414171713300,249.92161522633745,10.041718616437244,0.976589648731192,0.0020802028620765176,0.7304947423967464,
27479,/localhome/local-lintran/MLA2/data/raw/original/images/27479.jpg,1080,1440,0.75,RGB,156897,7771a2a577e8bbddc2947de48189ae5057c22aac99ed651ca773df753efb7855,7771a2a577e8bbddc2947de48189ae5057c22aac99ed651ca773df753efb7855,2dd87b568a6d93d48759dc50de457db2e32542571eaa9aab7a48b1546c1ed62e,0000416133333300,248.9536406893004,12.678933397581979,1.050714508741096,0.002244946370944514,6.495929701275467,
27493,/localhome/local-lintran/MLA2/data/raw/original/images/27493.jpg,1080,1440,0.75,RGB,237481,9a454dcdc7d987b5e0a9f54ad6a358abee7c10dfaaa284a6b358514f93e26fe3,9a454dcdc7d987b5e0a9f54ad6a358abee7c10dfaaa284a6b358514f93e26fe3,1171d218e31212b4dae3ff0c13d82e06a510f54dbc396e14e02fd5e050071176,0100212329171700,182.58166859567902,100.61566370047245,14.781587941607796,0.14899390221761097,56.54250357156647,
27498,/localhome/local-lintran/MLA2/data/raw/original/images/27498.jpg,1080,1440,0.75,RGB,190910,71b9870dc4341d7750f75e7446d153ef17bde7695b7c3fe56753c7eca39938a4,71b9870dc4341d7750f75e7446d153ef17bde7695b7c3fe56753c7eca39938a4,8c5c1c3108a091ff327d1c970d81f32029b18793981507d87aa85d5966e3dd61,1600b39796979f0b,207.87884966563786,75.93629837701106,67.47369090362089,0.2143734098371782,35.69266252236251,
27499,/localhome/local-lintran/MLA2/data/raw/original/images/27499.jpg,1080,1440,0.75,RGB,311948,f7f9ffe5224fe27af31bfdb91874c407081bacbd38cca35bbff7a392dc053d2b,f7f9ffe5224fe27af31bfdb91874c407081bacbd38cca35bbff7a392dc053d2b,4ae7557f47ee980bd6da54ad94bc12bcf0aa1c52b4e845e78e1ca0bc91ec9ddf,1600969696969616,200.29371527777778,92.08849662558005,12.908275395396657,0.11681941241382802,35.875444997876365,
27514,/localhome/local-lintran/MLA2/data/raw/original/images/27514.jpg,1800,2400,0.75,RGB,322891,9672426b61f8888db3e0af8f3f205af1a8a8c2518a969182680fad957afd9fd0,9672426b61f8888db3e0af8f3f205af1a8a8c2518a969182680fad957afd9fd0,8c64bf0742db3c2e90b34665de0f5e7163115f1032b918932696b2fda40852cc,000069170e0c0008,251.33666458333335,10.439040893798772,0.0634444652470318,1.040701669062438e-05,5.491570902522059,
27519,/localhome/local-lintran/MLA2/data/raw/original/images/27519.jpg,1080,1440,0.75,RGB,326798,cc7e7133289f388fd1cdd17101b57e6b51722520e55fa702be85c7bcb47462f2,cc7e7133289f388fd1cdd17101b57e6b51722520e55fa702be85c7bcb47462f2,c3357c063b2edb4826bb64d9ad36531e302240852fd1d82e37e874cc766aa153,0866393e07432003,224.53305105452674,70.85554556024631,15.477085089172558,0.03741938854866826,30.204238258877435,
27520,/localhome/local-lintran/MLA2/data/raw/original/images/27520.jpg,1080,1440,0.75,RGB,127068,0f33f5d3dba83de4f2bd6fca64f3e3f920f35641bf4a12c9b6b72173140c30e8,0f33f5d3dba83de4f2bd6fca64f3e3f920f35641bf4a12c9b6b72173140c30e8,1ce4fd98478cd445e88292391d6ee67d920155e7e7265578b951254157b506c5,38043b3c0f032009,228.23388888888888,64.40837384692256,2.823817383289416,0.010237726601804735,18.703971195799067,
27522,/localhome/local-lintran/MLA2/data/raw/original/images/27522.jpg,1080,1440,0.75,RGB,270827,6bf6487dc03f01a7819ebda5fea429b42b5e64a96f9c78994374dec2c92a993b,6bf6487dc03f01a7819ebda5fea429b42b5e64a96f9c78994374dec2c92a993b,db09c49f6b52c66cc7229e0b9e10327006c40c8a6818edd2a1373b9b7bc18746,243a3d1e0703200b,207.9742316100823,90.13848853678915,1.753459249853657,0.02273470284310549,19.018181525670233,
27525,/localhome/local-lintran/MLA2/data/raw/original/images/27525.jpg,1080,1440,0.75,RGB,173883,ddd9e7c604f337b527106305a013823c149930f11a7a4a975c4d2026782e6f8d,ddd9e7c604f337b527106305a013823c149930f11a7a4a975c4d2026782e6f8d,3a9789639c217b3f4cd4eb23648ffb93b91527d68d1273cb25554ef3327a0b16,0d4d86163626060e,201.16898919753086,71.10684825009923,22.36372182936985,0.10368577238400334,44.604474110969534,
27574,/localhome/local-lintran/MLA2/data/raw/original/images/27574.jpg,1800,2400,0.75,RGB,352799,a044a920abf9d6a413322679a85485ea5d023c6374d72b356b7e55e8fc8face9,a044a920abf9d6a413322679a85485ea5d023c6374d72b356b7e55e8fc8face9,26e47c110a3248c783ddf587e18551ad96d49bf6cb758b9ab22c70555cbdee8c,0d4d0e3b332b3f16,219.6232435185185,61.91156075790359,27.320898280080034,0.10559189843171378,11.057481182982468,
27640,/localhome/local-lintran/MLA2/data/raw/original/images/27640.jpg,1080,1440,0.75,RGB,199062,7169ee3d3a25b7b5830eb8951ffeaeb5a643903509101236450db4831dab67d8,7169ee3d3a25b7b5830eb8951ffeaeb5a643903509101236450db4831dab67d8,caedbf73ff4118fc5a031a5e335c1af5f784455d7c672aef08cb75072e4e82a1,1c020d0e0f034009,222.33538130144032,64.77905166355048,19.856853876871142,0.0373741054149585,48.72403503352768,
27691,/localhome/local-lintran/MLA2/data/raw/original/images/27691.jpg,1080,1440,0.75,RGB,205588,a2278bdc473bba2089347221516bf79c2fbc87436e9a5fcde5a2f34b7d080c9a,a2278bdc473bba2089347221516bf79c2fbc87436e9a5fcde5a2f34b7d080c9a,460ee993659699118f6d1c8b5973fb549a3c46153f8d89d3980f6dd426a372a9,0c92b3332b232b00,201.19624678497942,79.31158664673552,15.036793747759951,0.09210185049010139,53.86798203276832,
27702,/localhome/local-lintran/MLA2/data/raw/original/images/27702.jpg,1080,1440,0.75,RGB,304878,94015bc9137a1b0cc0a15e218275b5034517b5ba9d3707415308ee130d0ccd2e,94015bc9137a1b0cc0a15e218275b5034517b5ba9d3707415308ee130d0ccd2e,a44f23d14a36ef4b3ff7763b3a1b5115e9c96927609d99f7d8a00bbeb5b56d9f,080d565696868e00,229.01228652263376,65.68338850291212,0.0,0.0,151.89062898181396,
27728,/localhome/local-lintran/MLA2/data/raw/original/images/27728.jpg,1080,1440,0.75,RGB,400201,d8ea865ff1dfe62eec63254db515b6238b2e2c21e52f4d371b8e6b2b3a4b3141,d8ea865ff1dfe62eec63254db515b6238b2e2c21e52f4d371b8e6b2b3a4b3141,cc697eeec9e10052219f1b7a46026bf26a1b0450b03c0e4287d6d1af07f1ff7b,080f551696130700,218.5911484053498,71.29184313601044,6.4053401423474075,0.016040045812883028,64.74258916045665,
27743,/localhome/local-lintran/MLA2/data/raw/original/images/27743.jpg,1080,1440,0.75,RGB,555316,b7db33e88ddd3db2233572edac9f613a0fd52f58e59d5052ef45c20064a44f3d,b7db33e88ddd3db2233572edac9f613a0fd52f58e59d5052ef45c20064a44f3d,009dd8a880607fa157edf0debadbab393750146d8757ba2120b2cf8c6b86be0f,00313b230b232700,174.2285300925926,105.43578151650786,9.301172710101035,0.01708379288475394,172.41813583536043,
27757,/localhome/local-lintran/MLA2/data/raw/original/images/27757.jpg,1080,1440,0.75,RGB,96460,4e9635d12f526eaec39d2e0f6a3c66832171acc96a25956bf522d7a8239eb2f7,4e9635d12f526eaec39d2e0f6a3c66832171acc96a25956bf522d7a8239eb2f7,4f5fc6125e76119ba63d63b75384c60bf81ec2a644530f2e05674a7de292efdc,0600071713030210,210.34484246399177,83.68214904864918,5.820781600945947,0.044994702595921074,28.189285300590758,
27775,/localhome/local-lintran/MLA2/data/raw/original/images/27775.jpg,1080,1440,0.75,RGB,234087,ad6011316dcb8ba470afbd00c0e068364c6e3dbc185d17380b96307e70223153,ad6011316dcb8ba470afbd00c0e068364c6e3dbc185d17380b96307e70223153,348419ab536247f4adac2b90165eb62115ba6ae99803de67ee024d8777664aa7,042104272b2b2300,193.0238046553498,101.71115786676835,1.1334972504226661,0.01878932467032522,25.583810185721457,
27805,/localhome/local-lintran/MLA2/data/raw/original/images/27805.jpg,1080,1440,0.75,RGB,286195,706c8f102e96e132f47d0f95921fffdd1297a462cb329e0fc566abcbb4376faf,706c8f102e96e132f47d0f95921fffdd1297a462cb329e0fc566abcbb4376faf,eee4be5dc412485e15a3af328a6a60c6333e0d3ea075f310251f07e3ebc3fc30,0021080f33030003,231.03113940329217,59.87225485977576,7.396174823308814,0.016230787388094758,37.98660823455217,
27875,/localhome/local-lintran/MLA2/data/raw/original/images/27875.jpg,1800,2400,0.75,RGB,351150,37942001649e018bc83e68fa83c39da62e2ccd12eb83a3e5ee7bcfd5f6aac1d6,37942001649e018bc83e68fa83c39da62e2ccd12eb83a3e5ee7bcfd5f6aac1d6,9d9fd9df59064dfd229cbf3d25ce947e1b8dbda852e51861ba8d1ad8afed82bf,0d46169336321616,221.58997962962962,64.95376434262577,16.510240616532897,0.06369162936613691,15.07467206280831,
27918,/localhome/local-lintran/MLA2/data/raw/original/images/27918.jpg,1800,2400,0.75,RGB,363083,8cd7639363608fc3e1789337fa9734b8e5acf6e23f40a15e36f845d4298f7a36,8cd7639363608fc3e1789337fa9734b8e5acf6e23f40a15e36f845d4298f7a36,5a1eb4415f1ea87c180d380e7e0c7a08a66e70e55b53473f3245efc0329e9c80,8e868696969595b5,210.3570636574074,74.35422951330193,14.330614982801821,0.03379880095630937,15.102765348896455,
27929,/localhome/local-lintran/MLA2/data/raw/original/images/27929.jpg,1800,2400,0.75,RGB,338509,c445b5cbc341688d084d348029703b6a3cb4226305dc04d5553e97da6a53bdca,c445b5cbc341688d084d348029703b6a3cb4226305dc04d5553e97da6a53bdca,4cd1ee2198715b5273790fb18ce67f71010be015dc7be63afb6582f7474dd5bd,8f8e96950d4d0d0c,215.80989861111112,70.95095731141608,17.30209826748203,0.06964470372242039,18.249957039301513,
27935,/localhome/local-lintran/MLA2/data/raw/original/images/27935.jpg,1080,1440,0.75,RGB,439564,2ffa74f2d82a38dab9ab3b6d57ff37b7886a62cae2d8f6959c38620ec16be3ac,2ffa74f2d82a38dab9ab3b6d57ff37b7886a62cae2d8f6959c38620ec16be3ac,4ddd1214b69df0604d4fd09f04fcc2ccbd63a9c07dff453df67ba4188b9fe910,9a1f259494154d0d,234.05828768004116,40.944203486904144,15.195043795834566,0.03580350348580603,24.023444920653308,
27946,/localhome/local-lintran/MLA2/data/raw/original/images/27946.jpg,1080,1440,0.75,RGB,327844,1d42aa943eb3e4fa4455327a3f39ab192b10afc9d93d483e42e60ee97739f91e,1d42aa943eb3e4fa4455327a3f39ab192b10afc9d93d483e42e60ee97739f91e,44f3981efb07ca044e46a95995fc1bf1f68c65c89a3c9d3c60437af7b9988a11,010033230531228c,179.65102752057612,110.68964865696907,8.610949695344635,0.02037485614336118,29.000355869595996,
27957,/localhome/local-lintran/MLA2/data/raw/original/images/27957.jpg,1080,1440,0.75,RGB,264847,8119c9ec5404938b81e3e6d0082cd32f7f050e28085d5f82a3862badb84f81c0,8119c9ec5404938b81e3e6d0082cd32f7f050e28085d5f82a3862badb84f81c0,0ceb3527ebf26006ff93f4ac618775852b46aac3e5df5c633083bd691ccc7897,0300072f230d1700,167.46820666152263,110.74932657663186,9.183992355349366,0.03885820738453667,34.423415318480764,
27990,/localhome/local-lintran/MLA2/data/raw/original/images/27990.jpg,1080,1440,0.75,RGB,342342,543d868b390fce856e1292f81302ecf05535a3e539d1987d61e319a794f4d84f,543d868b390fce856e1292f81302ecf05535a3e539d1987d61e319a794f4d84f,412d1b07539647af4e6d5f5ec42adb471111c17714d4ea68b6c0b869e3b9c160,41006933964d2a14,216.246875,76.9612074550558,20.999460724880983,0.05149661590220569,40.218622984156404,
27997,/localhome/local-lintran/MLA2/data/raw/original/images/27997.jpg,1080,1440,0.75,RGB,245936,2f82e35c92407866b0dddfa94a58339aee562da28fe19a30122cd527ae4548ca,2f82e35c92407866b0dddfa94a58339aee562da28fe19a30122cd527ae4548ca,99345a9ccda05962363506a61f28854f374dea2d75040ab9f7506aa6623850d4,010069178e4d2a14,219.7904263117284,77.73388163106189,33.281629526017625,0.13994890840286894,18.93975571772398,
28000,/localhome/local-lintran/MLA2/data/raw/original/images/28000.jpg,1080,1440,0.75,RGB,248131,cce1bad15425330d10b9e9f0d3f4afa109d022405997040dbf219eb777539093,cce1bad15425330d10b9e9f0d3f4afa109d022405997040dbf219eb777539093,6d65168dc5e54389fb2ac401dae22dc577eb6bf83b7ad3432f05700ea2489184,21002913864e2d02,212.5795061728395,84.81073984386134,29.438994005603252,0.11114280260786222,35.92248091946922,
28002,/localhome/local-lintran/MLA2/data/raw/original/images/28002.jpg,1080,1440,0.75,RGB,233996,589a79cdf23640049282ab643a59e971bf7a4b9d2161f5f87874c5ea3c47a5db,589a79cdf23640049282ab643a59e971bf7a4b9d2161f5f87874c5ea3c47a5db,2f94579f798dda7d68cdbae010507e546f6f4752f2895de578412a006696269d,01006917064d2014,233.1052359825103,49.131587662383374,35.74258443075869,0.04394704810654884,20.229080916895118,
28010,/localhome/local-lintran/MLA2/data/raw/original/images/28010.jpg,1080,1440,0.75,RGB,248926,44e0322d080db7aed3f865fcdd9f05931a3e80ad165e07153a347316b3aba3a9,44e0322d080db7aed3f865fcdd9f05931a3e80ad165e07153a347316b3aba3a9,228f7a41f525f7eb84ba1e8ba49ea12bab9058ecf91db1a0c97a44b95044a8cd,03000b2b33171700,204.97537101337448,65.03384611458252,12.670001503794621,0.04462585818256791,37.99532929199326,
28038,/localhome/local-lintran/MLA2/data/raw/original/images/28038.jpg,1080,1440,0.75,RGB,232936,c6b244c33ff6a63b8bbf7065d51258b4ebb04bbc9f0c80e2c6065249481101d9,c6b244c33ff6a63b8bbf7065d51258b4ebb04bbc9f0c80e2c6065249481101d9,a39a13e49eef74b9392a47eb8d5add6d01e8ae0a2741fb00f30a6177736d1956,23002723170e4d00,221.06432613168724,65.29653701499674,5.391136681936935,0.02424721558288184,32.95345251425409,
28049,/localhome/local-lintran/MLA2/data/raw/original/images/28049.jpg,1080,1440,0.75,RGB,244501,caad95c419bd3da7b7a90d4dc1087b427704f5280016b704763b07fa14b555fc,caad95c419bd3da7b7a90d4dc1087b427704f5280016b704763b07fa14b555fc,bfd602fa7b5ef4a5621d03e2e2ba261af0d854605fdd1096a626c58a1a018d8d,0300333b170e2d12,201.48737525720165,96.19589788759092,1.7977148751919545,0.022598937462673104,39.679638853494986,
28055,/localhome/local-lintran/MLA2/data/raw/original/images/28055.jpg,1080,1440,0.75,RGB,238581,25a38d8ad79cbd9de43875e97ca30a05b0efe9c6261b8f9b22d5f529ced0caf9,25a38d8ad79cbd9de43875e97ca30a05b0efe9c6261b8f9b22d5f529ced0caf9,794b32b57eefe470e5d8a76debf613a0c93e8d70364b0687e852f773c7229aa3,03001373170e4d12,199.89535172325103,93.12393671057849,46.367278595155575,0.21850195442862347,23.1680348018585,
28091,/localhome/local-lintran/MLA2/data/raw/original/images/28091.jpg,1080,1440,0.75,RGB,610199,4373a8e9e8914296dea3047cb8aab46af176ec0441130a4a62701403a529b1a2,4373a8e9e8914296dea3047cb8aab46af176ec0441130a4a62701403a529b1a2,8462c8491db403206e6f6429885a9fe94b4a37ff60466521d9a2bcfff05feda3,6d39be3e3b7b6f2f,195.99894483024693,56.00060440492463,48.50586739519272,0.23729926160701664,11.99143113633731,
28097,/localhome/local-lintran/MLA2/data/raw/original/images/28097.jpg,1080,1440,0.75,RGB,221845,64825343b4f99874a72151f15246baf714d7246494f87188a29783d2606d60c6,64825343b4f99874a72151f15246baf714d7246494f87188a29783d2606d60c6,3ee8fc2f67cb60b581115feda56d99f3f60b96147a2d025e972eb49296625af0,0900593b170c2912,212.07647119341564,86.48014589278894,7.604736172580049,0.07266662280323627,49.25212813879558,
28109,/localhome/local-lintran/MLA2/data/raw/original/images/28109.jpg,1080,1440,0.75,RGB,243706,0d93d03fb38d3192e62a8968966f2678760084ae02ef143a43daf1f1b2e8ae0e,0d93d03fb38d3192e62a8968966f2678760084ae02ef143a43daf1f1b2e8ae0e,851c42a93b9ae6f76292242b62b93ab504ef6a450b35635b70d1af902f601add,2500272329153300,171.69757908950618,108.66558554716353,2.7057984459826896,0.05420295199940676,33.56349987773016,
28115,/localhome/local-lintran/MLA2/data/raw/original/images/28115.jpg,1080,1440,0.75,RGB,366054,5412a443f4c84098dc09e5e79b85b834fa7f157fb92225b78f0f93d92ad66406,5412a443f4c84098dc09e5e79b85b834fa7f157fb92225b78f0f93d92ad66406,e32a6cede39743d4347413e3fce49432b0e2221f54cb1ce2da3d403416962501,0100292929150049,197.46291473765433,88.51372254427118,11.483211795374737,0.09993152484836587,26.775168281915647,
28130,/localhome/local-lintran/MLA2/data/raw/original/images/28130.jpg,1080,1440,0.75,RGB,156233,1f8af18a1f954019d63595d49b289460b7cbd0da16eac2a042e2a7e9dd7ea392,1f8af18a1f954019d63595d49b289460b7cbd0da16eac2a042e2a7e9dd7ea392,6325c33f9d3fea0bb9463b483057232e955f5183d18efe4797f170b36ad8b88e,010075330f0c2114,220.1770556841564,68.7144998761855,14.264845900817335,0.08179044155168684,20.62809246174241,
28140,/localhome/local-lintran/MLA2/data/raw/original/images/28140.jpg,1080,1440,0.75,RGB,224621,923085b6cf68fa54c4a657fdbf9aa484e1159bba0f8fab5ce3ff7bb7df6517eb,923085b6cf68fa54c4a657fdbf9aa484e1159bba0f8fab5ce3ff7bb7df6517eb,8d238351de5f7c518cddba8f50782d594a64c0fefa40acf80edc937b886aed67,0096961f0f0f1700,199.7107773919753,91.26348713309996,5.297237715865581,0.053890229883856215,62.69655971273022,
28175,/localhome/local-lintran/MLA2/data/raw/original/images/28175.jpg,1080,1440,0.75,RGB,175658,f646dc4936649190208abb0870508804c79a18a0ad59851eeb18158a02cecf04,f646dc4936649190208abb0870508804c79a18a0ad59851eeb18158a02cecf04,992a7603fe54db77d1ade7a0fc469bb0df52df9781a0ee774283afc66c95f02b,000914614d0c000c,246.470970936214,35.12607936494106,2.623622240169967,0.005894240481642061,11.516194318956973,
28217,/localhome/local-lintran/MLA2/data/raw/original/images/28217.jpg,1080,1440,0.75,RGB,279163,36290b03738c313deef8685498fe7cbafc451a692a4c27e2fc4cfc47a27baa31,36290b03738c313deef8685498fe7cbafc451a692a4c27e2fc4cfc47a27baa31,2899e140598ed9bd087ff9aba0e8cdd234e226f03230a558ee4263b67185ba93,004d4d4d4d4c0c00,249.36116705246914,19.651464001398892,23.68519926607581,0.024410154368541825,57.9552228528772,
28229,/localhome/local-lintran/MLA2/data/raw/original/images/28229.jpg,1080,1440,0.75,RGB,413586,1c9ffed14e6f544a8580c79cb629b213b498bd363990e7193ac01cefd46056cf,1c9ffed14e6f544a8580c79cb629b213b498bd363990e7193ac01cefd46056cf,3f81fca10a02bf934a51d1f4f8e55313debc8192c35f5777ace4039fd43ec678,200d4d050c4c0c00,220.46481610082304,71.70121936042824,23.238944453045388,0.04912409929749429,55.67409262905904,
28257,/localhome/local-lintran/MLA2/data/raw/original/images/28257.jpg,1080,1440,0.75,RGB,182431,cf94edefa9abfb35d9b55a172fb09f22312f314215d6c8a0948cd074b931f5da,cf94edefa9abfb35d9b55a172fb09f22312f314215d6c8a0948cd074b931f5da,386369bdd369ab9ea9e844bc1b12841042d6f2870a51d056eb69932e8a6e73d1,000d4d4d4d4d4d00,243.97038644547325,33.626000768642385,44.4040944937022,0.06612399129765854,12.276199209750699,
28285,/localhome/local-lintran/MLA2/data/raw/original/images/28285.jpg,1080,1440,0.75,RGB,80981,d3df9e116ba32f8797176084e18ab29b717a1d1c62b214f77f448d259138e98a,d3df9e116ba32f8797176084e18ab29b717a1d1c62b214f77f448d259138e98a,6b02e3cd0b962c83128209ef1f79e7652c9cb738db01915f5f42a765b7a8fbd7,0001204b130f0015,244.15624678497943,37.07076845161721,7.052564382998591,0.011949775411440352,11.308154755009847,
28292,/localhome/local-lintran/MLA2/data/raw/original/images/28292.jpg,1080,1440,0.75,RGB,181947,9528fd06f9175a4d8782989e1f0f024739d03cbf2bf3d7a0ebf95210be80f7ab,9528fd06f9175a4d8782989e1f0f024739d03cbf2bf3d7a0ebf95210be80f7ab,2c49f84985c60ec704cbe0eb3ca1d9aa08e12733f5e12659babb64eb28f8130a,0003104b13074017,240.17225758744857,48.726796776076974,2.3620295777094,0.006765371877437331,12.720059333050182,
28374,/localhome/local-lintran/MLA2/data/raw/original/images/28374.jpg,1080,1440,0.75,RGB,177324,4b8739db7db6861dd390a496159fe8f38a41dd4724513168266d2fe75e9ac706,4b8739db7db6861dd390a496159fe8f38a41dd4724513168266d2fe75e9ac706,b5fa393f8ce318e207f4782c2fbaa0c76e2a17338b48130e320a4981cd9dac1c,000104410f0e000c,245.49193287037036,37.0982461066688,5.729585799283913,0.013113590387140528,16.320369512336384,
28382,/localhome/local-lintran/MLA2/data/raw/original/images/28382.jpg,1080,1440,0.75,RGB,193453,00893252c51632772e141a2694a8a869576e36b25ec4f947b4b0971737af7ceb,00893252c51632772e141a2694a8a869576e36b25ec4f947b4b0971737af7ceb,0dc2a0617b005b63569c47d79be90d752c08d7c7ba612b6e451693d95534f725,00033043030f000b,239.84623521090535,49.747356714068275,10.968997193642757,0.021572093529203633,21.25072782732924,
28383,/localhome/local-lintran/MLA2/data/raw/original/images/28383.jpg,1080,1440,0.75,RGB,92241,5b3052cc00e9aceb26de98a7b4b1df3b0f2e01eddd06d27f3f77e26379f50e45,5b3052cc00e9aceb26de98a7b4b1df3b0f2e01eddd06d27f3f77e26379f50e45,a6da03dd5f9e71b2acf1efa5a8925144abccdd9f38c3ec6c9b3f69a77b0b526e,0001144101070007,243.71618505658435,41.51137234951695,2.5535731526439003,0.007009777441148608,17.001381005701635,
28399,/localhome/local-lintran/MLA2/data/raw/original/images/28399.jpg,1080,1440,0.75,RGB,203578,d7affae91c19979278394fe906cd1e637d11944a653fb562d9f00872d6c4b220,d7affae91c19979278394fe906cd1e637d11944a653fb562d9f00872d6c4b220,daa9154712cd5e1543806a523b7341e113ea761d7df7b390c940c198577fcd52,000910490f0e0006,238.79900205761317,52.00594437950841,9.754693564570722,0.026661252204804146,23.367806350309536,
28412,/localhome/local-lintran/MLA2/data/raw/original/images/28412.jpg,1080,1440,0.75,RGB,182676,ccdec3ba81322fcd000d533ac9be4501b62f3db21ca5126ba59deeb1889614c7,ccdec3ba81322fcd000d533ac9be4501b62f3db21ca5126ba59deeb1889614c7,0df5b95132204f92b84524699cbe15f79fd8de00ce53d048a4bf5ef5b188a7c1,000920410b0f0009,242.4327282664609,45.47890976330372,2.3226353372789696,0.00790506715036373,23.163024955918505,
28437,/localhome/local-lintran/MLA2/data/raw/original/images/28437.jpg,1080,1440,0.75,RGB,568930,32d01ae88a2ad87d387aa164e9dd622eaad24d56b4f0931302b3d9d114e71f01,32d01ae88a2ad87d387aa164e9dd622eaad24d56b4f0931302b3d9d114e71f01,b2532229a0eeecf4690b4aacc098cc16f78f4af980549937d9d0b9b343e2edc4,1d962f6b5b379e9c,228.69285108024692,34.34389402296187,39.53507965344977,0.14500731100358488,46.40797714197459,
28454,/localhome/local-lintran/MLA2/data/raw/original/images/28454.jpg,1080,1440,0.75,RGB,374997,e10616e22acf22eda60b7e61f920d3b0a9a74ccc0cc49479ec8686fc189d7845,e10616e22acf22eda60b7e61f920d3b0a9a74ccc0cc49479ec8686fc189d7845,582bbcb6427ee86d8d9dfce554c6bfebf07d0faf3faccd6b4552de4c353192bf,1e0f179696164d46,185.40388695987653,98.87429354650558,16.846843447461655,0.05570977459373865,31.181806247345456,
28482,/localhome/local-lintran/MLA2/data/raw/original/images/28482.jpg,1080,1440,0.75,RGB,752902,7df9d0a48a1be9514ca7c059af3ad6659fc103b22e22ed4f5d48f1d6fe7267da,7df9d0a48a1be9514ca7c059af3ad6659fc103b22e22ed4f5d48f1d6fe7267da,6e5d32111abaf92a9c0e790b14c0df5933a98c674572c73572546ee00e015668,0f4d1e33372f1f96,183.59396283436215,88.98503755775171,37.41057206246595,0.22038551771896314,106.08422300732332,
28503,/localhome/local-lintran/MLA2/data/raw/original/images/28503.jpg,1800,2400,0.75,RGB,335057,d7c788361e9a071c257f3c8a362db85ce7fcda1abce9870e04abc609cf424108,d7c788361e9a071c257f3c8a362db85ce7fcda1abce9870e04abc609cf424108,e6cc737008e090619215a79e88024526a08e44dba86e271b08932766527fc8f0,0016172b2b333300,192.73565787037037,83.8198994377649,12.015176367125452,0.08057011985947062,9.937845943630006,
28584,/localhome/local-lintran/MLA2/data/raw/original/images/28584.jpg,1800,2400,0.75,RGB,341664,e24d6ef0730d00219df9285d1006096375bd93cd96e88539097210ace7e1cc72,e24d6ef0730d00219df9285d1006096375bd93cd96e88539097210ace7e1cc72,2b82c5d51c7dd9dc9c81a48c6a9a8256560551114dfbf5bfde1b9467ebe80935,8c0e0f0b0b0f0e8c,226.23392708333333,37.021112871692175,5.719641800844043,0.020235751101119383,8.965090900669306,
28592,/localhome/local-lintran/MLA2/data/raw/original/images/28592.jpg,1080,1440,0.75,RGB,116510,2a783f579d17f7792ae73be0d0d7a3786af561588512fc179e828dc8cee245f2,2a783f579d17f7792ae73be0d0d7a3786af561588512fc179e828dc8cee245f2,8f0bf7206dd61afa68723d32a1e0a757b1cec571f57a640df2052ca3ee77d274,0300032b2b2b3b00,205.92082111625515,81.63442138274468,25.55284482550526,0.11213548811794029,34.81344968274193,
28597,/localhome/local-lintran/MLA2/data/raw/original/images/28597.jpg,1080,1440,0.75,RGB,337547,acdd80f6a22b43ce9fa545c6a7715577f96deebb2a800a114b858b83d91a93cd,acdd80f6a22b43ce9fa545c6a7715577f96deebb2a800a114b858b83d91a93cd,cda9cbd74caf188d279aa5b77cd726b8774b784ae002fd7726c40cf491f4b58d,0021081f23060006,229.43585969650206,60.82657207025367,23.937819983722246,0.08126876762444821,38.38452321196443,
28644,/localhome/local-lintran/MLA2/data/raw/original/images/28644.jpg,1800,2400,0.75,RGB,343348,4eb9d382a8ddb40d08febbcdcd45d4443f5a1a888cc807afbcf74c871a56293c,4eb9d382a8ddb40d08febbcdcd45d4443f5a1a888cc807afbcf74c871a56293c,b50862f460a72279e60a30e7d7259d0a4ff00f46ede7afa41dc804263ed96ecb,400e33179e969600,213.34427615740742,73.66945206581518,20.62102207948213,0.06779861171076283,18.84538433034577,
28686,/localhome/local-lintran/MLA2/data/raw/original/images/28686.jpg,1080,1440,0.75,RGB,200680,aee6b216eb5d97ec3513bc44a69631d35b8aedfa323bc008e37c6bd4cceec891,aee6b216eb5d97ec3513bc44a69631d35b8aedfa323bc008e37c6bd4cceec891,9badf3328d3a29c48211790aa182e81ae802ba560d6ce7f56d27edbd9f93b3af,0d4d9e1e1f0f1e0e,184.8066338734568,94.03950282275629,25.11159507847859,0.18911218760285575,79.76902518758769,
28691,/localhome/local-lintran/MLA2/data/raw/original/images/28691.jpg,1800,2400,0.75,RGB,385392,bd4df12eb16d39b04334596eb19c9dd9ccb39868953c3d0763588b1c4e017caf,bd4df12eb16d39b04334596eb19c9dd9ccb39868953c3d0763588b1c4e017caf,4fbdb08343c4aa6ffa81fff2b95b180b928887b2f7217dbb1f8cc3264392d64a,4d0d978e86868656,204.6052837962963,80.13672356336005,17.588121166912426,0.04145124580838149,78.64193218925867,
28697,/localhome/local-lintran/MLA2/data/raw/original/images/28697.jpg,1800,2400,0.75,RGB,391601,381f71e8ec0485011f30183fb31b3d3e723d6d0b09b9e18dc8ea6ef7ae6f1524,381f71e8ec0485011f30183fb31b3d3e723d6d0b09b9e18dc8ea6ef7ae6f1524,49e499e318f46cdc96be593730015b6e8850e64c97d598bc73cef241322a028c,4d0d9e9e96969606,228.0119537037037,52.13598856709468,17.58832698669057,0.0389225943561288,157.25047986289633,
28723,/localhome/local-lintran/MLA2/data/raw/original/images/28723.jpg,1800,2400,0.75,RGB,319040,decb7eb8e31b242962af5011919383855c7c1c993fd084a7d7cf3b46eb38dbc4,decb7eb8e31b242962af5011919383855c7c1c993fd084a7d7cf3b46eb38dbc4,1ef7b5c9c61888ac47fa9c8144235251305117a2d8e1ccee7661c3cdece3c38e,0d4d9696979b0346,227.39770879629629,52.28573377968426,24.354562822229983,0.06599860901683327,55.488273582065354,
28724,/localhome/local-lintran/MLA2/data/raw/original/images/28724.jpg,1800,2400,0.75,RGB,342752,d3f585e42954355b95500792b8ea86cce07f5d4ccc2f68b1598bb421a4969955,d3f585e42954355b95500792b8ea86cce07f5d4ccc2f68b1598bb421a4969955,66cc94bab3492b0bb6a327cf6a450ab843ae2429fb9ab6970630c5a706d801c5,4d0d8d9696060647,228.76843819444446,51.15605698190355,24.89304327295045,0.06279339224443778,62.024431204983905,
28791,/localhome/local-lintran/MLA2/data/raw/original/images/28791.jpg,1800,2400,0.75,RGB,335722,2c94608a788702ae424551aeb2b1bb3158d3896ee35edd5336da8d1d797d686d,2c94608a788702ae424551aeb2b1bb3158d3896ee35edd5336da8d1d797d686d,b666b07ff93a1dc3c6d9c71141546aa460b07c2a7aa8603e998da9f5ca278aa5,0f1e169696969636,193.66615763888888,88.69939015495687,16.407910051467994,0.05420207596346004,38.40354686305843,
28802,/localhome/local-lintran/MLA2/data/raw/original/images/28802.jpg,1800,2400,0.75,RGB,395747,62dfb4d0011f320742aa26e0c758e5d1960178e8201a4343b4332275000232fd,62dfb4d0011f320742aa26e0c758e5d1960178e8201a4343b4332275000232fd,48708c547bc563ff831c61eb00aff0a40efc257ce7c5aea5722207243a9496fa,0f0f169696969696,205.34390208333335,73.97895451245056,20.554191789402456,0.09512722020445515,18.370567058060633,
28829,/localhome/local-lintran/MLA2/data/raw/original/images/28829.jpg,1800,2400,0.75,RGB,221739,5ced1f1370a313bcab8a25c0a77947d3c3456f6ad309c89bdf80c38616b567b2,5ced1f1370a313bcab8a25c0a77947d3c3456f6ad309c89bdf80c38616b567b2,bafdf1da05554d1a09bc68e6458ce180ded5b74b1855ae5cea2225be26d9cd7d,01005b530f4c2104,238.94776759259258,44.27376775914188,8.839244374505101,0.018484710241381132,8.877726441094051,
28926,/localhome/local-lintran/MLA2/data/raw/original/images/28926.jpg,1800,2400,0.75,RGB,1043025,8fa3c6ce59bf011a1a5e68cb29075dcc558411a5cf8fc3bed6099205b7e40d84,8fa3c6ce59bf011a1a5e68cb29075dcc558411a5cf8fc3bed6099205b7e40d84,efbf0b09eb369849ddf611661cf6723bd4105e3278db4f314530fe7433f0516a,0746879317070717,198.8526435185185,71.19235180489412,70.30198206905457,0.22951738048077305,29.04781768915445,
28944,/localhome/local-lintran/MLA2/data/raw/original/images/28944.jpg,1800,2400,0.75,RGB,369875,1b77a5e6903cef24fc742b3f0f92cf19321c10ee7cc53a591b9e37983acf5409,1b77a5e6903cef24fc742b3f0f92cf19321c10ee7cc53a591b9e37983acf5409,769650b42421cb19d746fae5f5581dc6d369ec20ede9838ad5ab952bc4364a68,32320e8e1d154d15,232.90874837962963,44.85444654392862,56.54005870901535,0.1125910143941504,7.19120949998842,
28960,/localhome/local-lintran/MLA2/data/raw/original/images/28960.jpg,1800,2400,0.75,RGB,335040,666c2bc9178ffefd9a0cf5153ada9d61d79a3c04ac840ae390e7fee9f50ad120,666c2bc9178ffefd9a0cf5153ada9d61d79a3c04ac840ae390e7fee9f50ad120,82f38ce51598b580b021fe9d1bb545be73a41abd9d3952391bda5854a92a5272,4d4516163313120e,233.92363773148148,47.22130211252221,23.711801943841433,0.05342458238664574,18.53669723708284,
28968,/localhome/local-lintran/MLA2/data/raw/original/images/28968.jpg,1800,2400,0.75,RGB,370634,14cd0eaa9c388a48910ba71ec3390edc3cd7b084576516932ce061889c5c9e21,14cd0eaa9c388a48910ba71ec3390edc3cd7b084576516932ce061889c5c9e21,a8eecea34fbc29abda8da0b18f059edcda846d84e08d8e54929caab934b1a89f,4d4d1e96969d0d4d,232.605875,54.02904238928258,12.106291824801648,0.027032041649610206,133.51285347043702,
28985,/localhome/local-lintran/MLA2/data/raw/original/images/28985.jpg,1800,2400,0.75,RGB,377591,2d4b4fabba591d91ec03ee3e1da2c24ed65f4e429004704d50a611b08ab9e604,2d4b4fabba591d91ec03ee3e1da2c24ed65f4e429004704d50a611b08ab9e604,81a6ba5acc2d02e0f21d16e2e0d9881ce874e9a2e5ef074eb8b6b24faadfc201,4d4d94949d8d1b1b,238.57110185185186,40.11747747748221,20.20091053363669,0.039182675749225855,22.516736492276337,
28988,/localhome/local-lintran/MLA2/data/raw/original/images/28988.jpg,1800,2400,0.75,RGB,392050,e6044a4541e9190c8279a61831bdab6933c93e6fd90b4433f9089a28694f046a,e6044a4541e9190c8279a61831bdab6933c93e6fd90b4433f9089a28694f046a,270a2cd2052a4061ac92a6426e1f5e48a0568243791cebb417ca278e963c7aa3,4e0c1496968d0c18,239.59689675925927,40.10632530005211,12.23343768723128,0.022764238709044864,32.11376247713009,
29006,/localhome/local-lintran/MLA2/data/raw/original/images/29006.jpg,1080,1440,0.75,RGB,252944,55ba81129de4bd763d27456831cef60bfbeb6e47509678fcd0f9d5c93e18adc1,55ba81129de4bd763d27456831cef60bfbeb6e47509678fcd0f9d5c93e18adc1,db68b502c1bb49c00271127a27accf37841d53dc81e1802306faaf29c6f9f9ff,8e1723232b231b00,161.4166094393004,97.42010730110931,3.324230356006213,0.005889889145876821,107.90190547897602,
29010,/localhome/local-lintran/MLA2/data/raw/original/images/29010.jpg,1080,1440,0.75,RGB,266319,8cc2af161a06142d32899e486e52002a6555dcdc1878ea1ec618c75b2b0dac8e,8cc2af161a06142d32899e486e52002a6555dcdc1878ea1ec618c75b2b0dac8e,a5e83206052ba21c21f5ae41ac3e9725b0f8043661d2042daf5daf52bb7428d9,0008042b0c172b00,229.5648019547325,69.22435937665222,1.715988370511817,0.010028450019204944,57.45066476183121,
29037,/localhome/local-lintran/MLA2/data/raw/original/images/29037.jpg,1800,2400,0.75,RGB,364570,7c7d4866b6c5df7f400fb60865f5d8ddfe37b16c8bf39a70036ad7cbe9e8a3ba,7c7d4866b6c5df7f400fb60865f5d8ddfe37b16c8bf39a70036ad7cbe9e8a3ba,6edf609922cefb6c2461963d069a23c83ae56b879fe2179a30c39263e6dd183f,4d4d0f1b2b2b230f,223.2426287037037,54.777580283200805,23.630323315052877,0.07448528893871127,28.398034113805323,
29072,/localhome/local-lintran/MLA2/data/raw/original/images/29072.jpg,1080,1440,0.75,RGB,580098,3e1567ca6ee00f8e2f67d253aca133fa80700e27989651cb50df2ed686870921,3e1567ca6ee00f8e2f67d253aca133fa80700e27989651cb50df2ed686870921,71cb88e94280bdc4038bcea03d1d4d9f525e5e6cb1457b9644a70ceacd60e0f8,224d8e969f979e00,214.45780028292182,68.91385319243085,37.49540625121329,0.14012247058087954,335.194409694068,
29074,/localhome/local-lintran/MLA2/data/raw/original/images/29074.jpg,1080,1440,0.75,RGB,432625,545f3bc77937e2549071fc482e1ba764c9b09320256ea48396c980186072aee7,545f3bc77937e2549071fc482e1ba764c9b09320256ea48396c980186072aee7,84cd40a36f43757541db8dc9d293fb0081dadb1a0605ae6bb18d598b77394f8c,224d8e868e878600,200.5605658436214,89.18142456467929,14.018591171714395,0.03890934622474929,76.99600756785976,
29104,/localhome/local-lintran/MLA2/data/raw/original/images/29104.jpg,1080,1440,0.75,RGB,533650,976b71cd4b00377f44afd346fe09aff9d159c49e0d634b1f8eb320363d4767e1,976b71cd4b00377f44afd346fe09aff9d159c49e0d634b1f8eb320363d4767e1,dce29042691550de2104aeb7c277c8d85aa357ee389a9108d66165944d3d4d2e,220d8e96170f0700,203.41155092592592,83.90464234326375,58.93934348628098,0.08936817725823079,124.562152335354,
29137,/localhome/local-lintran/MLA2/data/raw/original/images/29137.jpg,1080,1440,0.75,RGB,193304,1b4362b15f846bcfc6c0812bdd80db6bf785fe2d3809a3c3fbf8ff1bc3a3260c,1b4362b15f846bcfc6c0812bdd80db6bf785fe2d3809a3c3fbf8ff1bc3a3260c,fc236a2da9031699d3a04eb2d590112b6ce19965e927c660d810efa46d030922,00011461090e200a,245.1657555298354,35.7881276010308,9.230208852480619,0.011975307521913876,21.04724506737712,
29282,/localhome/local-lintran/MLA2/data/raw/original/images/29282.jpg,1800,2400,0.75,RGB,711974,6782d2ce567d48b0d08d809227c43c85511e19d55acb096287d7575ebc0e8389,6782d2ce567d48b0d08d809227c43c85511e19d55acb096287d7575ebc0e8389,2a0e320a41f12c5a12d7a29f931bc302062cbd7eb5bf7098d693856f4ae72ac0,4d4d0f3333311b97,229.72577314814814,43.6397565470475,26.546981644199175,0.08153913541010055,40.802350795525605,
29290,/localhome/local-lintran/MLA2/data/raw/original/images/29290.jpg,1800,2400,0.75,RGB,375207,3f35ee1911ba30a4bb42a8a7867901632e2c458c660692215397028cef874ff1,3f35ee1911ba30a4bb42a8a7867901632e2c458c660692215397028cef874ff1,946dd2063c5841c13db0ec4125de7996c17773807ca156592e3a5c95b735d0cd,4d4d0f33333b3716,213.09121944444445,67.20906661674775,26.606681035687547,0.08338894057063571,52.958278561337686,
29292,/localhome/local-lintran/MLA2/data/raw/original/images/29292.jpg,1800,2400,0.75,RGB,363084,e2d07d69802a43b72514b7e8d7b18f566c4441ebcbf24cd30394c3c99f4b7f73,e2d07d69802a43b72514b7e8d7b18f566c4441ebcbf24cd30394c3c99f4b7f73,a467802088c1f6464b5fa575255306a44fbc2d8f7ab3ed006a69dfc6ce33059e,4d4d0e3333331397,227.71860023148147,46.47339471909249,23.50246912388644,0.07159777295229885,23.98084775006369,
29308,/localhome/local-lintran/MLA2/data/raw/original/images/29308.jpg,1800,2400,0.75,RGB,386892,ec99bf13dbf944a2b9ec5c28263455f75b899974d3a5b2bf72dfacf20877dce1,ec99bf13dbf944a2b9ec5c28263455f75b899974d3a5b2bf72dfacf20877dce1,71307b0a5bd77b925fc0432a97af899563554464815b4dea2e66b6a5905fc521,0f4c0f9317071797,206.32477407407407,67.65220104372118,31.738452094744193,0.11143577839308269,22.095851455568678,
29417,/localhome/local-lintran/MLA2/data/raw/original/images/29417.jpg,1080,1440,0.75,RGB,386029,19471bdfcd8fed9a3eb67fa88a42061d10f37d95ab7720dd04bd659ebae15401,19471bdfcd8fed9a3eb67fa88a42061d10f37d95ab7720dd04bd659ebae15401,1152c8ab7fdc1e72bdfc1e5b55db64b414103f0c6e22606acf2bdf31dff5d400,0d8d163733168d1d,198.42099729938272,77.20062730682389,21.087585379404537,0.04231739017388326,57.638691970088935,
29423,/localhome/local-lintran/MLA2/data/raw/original/images/29423.jpg,1080,1440,0.75,RGB,520387,65aae5a6e453d32fd07fcc299ab3dd8feef528559cbf787e5041bf2728497db4,65aae5a6e453d32fd07fcc299ab3dd8feef528559cbf787e5041bf2728497db4,a593f01586eaf460753d11efcb5bc148af357d0ac27e01a0607298beffa97503,8d1e2b4d4d0f9e8d,188.68854488168725,78.02482858668714,28.372239978478238,0.10840257088231375,87.0046739256342,
29461,/localhome/local-lintran/MLA2/data/raw/original/images/29461.jpg,1080,1440,0.75,RGB,224282,c30ae93e73a5729797da29d16c41ecda7c6bd1bff89c4d298e846aa35613917d,c30ae93e73a5729797da29d16c41ecda7c6bd1bff89c4d298e846aa35613917d,e32b1d2c31d9b7d37dc9e8fbd3fac76d4be4b28447928e6143922d3bbf60a56a,0d0f8e33278e0f0d,228.02395061728396,44.948183829924346,8.773118010570144,0.024196698114976295,181.18296266265108,
29465,/localhome/local-lintran/MLA2/data/raw/original/images/29465.jpg,1080,1440,0.75,RGB,419610,d50853387071864ffe6745809fc12b207e732019c8a93966ae79fcc7c9c84467,d50853387071864ffe6745809fc12b207e732019c8a93966ae79fcc7c9c84467,68cef27678206682e10e1724718828ae3d993f9e78e024ef74701742011f65dd,0d1e33292b369e0d,211.8938856738683,59.27580579751096,13.14418653382405,0.028810963347564594,90.58066527665162,
29700,/localhome/local-lintran/MLA2/data/raw/original/images/29700.jpg,1800,2400,0.75,RGB,394126,09baf94b3f04fbf803cc5572db8c46b7bdc54397692626a12dc64a9550f778b7,09baf94b3f04fbf803cc5572db8c46b7bdc54397692626a12dc64a9550f778b7,fd37c73989517737ce9c7cf6a4ed1c37f5fdf30c1dbdb4a033763add8fa75fa2,0d4d0f3333351717,208.81446273148148,71.26290441780267,19.050926105512843,0.08805165204590326,116.53543667060377,
29727,/localhome/local-lintran/MLA2/data/raw/original/images/29727.jpg,1080,1440,0.75,RGB,409726,8fe77f4db6ab3d90696ffd35b7252b4423626a7f9dd3669c5c1508194920c8f0,8fe77f4db6ab3d90696ffd35b7252b4423626a7f9dd3669c5c1508194920c8f0,25cb3e5d4d00fb2cfc31cbd1fa6dd50459b129ad5c564b00f27ae119059862b9,2c4d1796332b0b00,226.4867785493827,47.85221735295532,27.04269957652703,0.08660014532679951,28.29218631349988,
29760,/localhome/local-lintran/MLA2/data/raw/original/images/29760.jpg,1080,1440,0.75,RGB,322188,a8017660020eb9675ac70169ff46693e8f9fbb63c692e000bc63c579e29b82af,a8017660020eb9675ac70169ff46693e8f9fbb63c692e000bc63c579e29b82af,9b3c0408a6845e1cb749c10a2695ce6b5037c2e777055268d0facd1ceba4f050,9d1e37534b270e9d,154.72516332304528,97.74817033081061,9.469446274001447,0.08067628012997818,29.17378534563754,
29762,/localhome/local-lintran/MLA2/data/raw/original/images/29762.jpg,1080,1440,0.75,RGB,397476,14841ff7db6bfbb0ad48830105a2d988094768a73af878f7e115eb135b170d6e,14841ff7db6bfbb0ad48830105a2d988094768a73af878f7e115eb135b170d6e,2d411dbfa831897af79cc20df539163061c433b68e9cef2721f7e5f25d32f6d8,0d9c1723370f9c0d,170.2133359053498,96.54885289320187,14.11937431086782,0.16988014017512007,60.14139284657065,
29772,/localhome/local-lintran/MLA2/data/raw/original/images/29772.jpg,1080,1440,0.75,RGB,548544,f52a4ebc5c9cf7b43dfab7df052666280b157ca2e0944272fbb22d0810a5955e,f52a4ebc5c9cf7b43dfab7df052666280b157ca2e0944272fbb22d0810a5955e,29beb1bbaf26d52ee880917e6b926ba0204784741d9fa4e244a219d12815bf53,4d4d0f233317161f,211.26237525720165,57.73530089699711,24.765627590471922,0.10258765703479862,159.74313905298789,
29782,/localhome/local-lintran/MLA2/data/raw/original/images/29782.jpg,1800,2400,0.75,RGB,380866,8c191a89cc799fa1cbcaa038b8c320e555a0e048b5be9b78372a7537a53db4d5,8c191a89cc799fa1cbcaa038b8c320e555a0e048b5be9b78372a7537a53db4d5,07834f2ee71178a8221dfdf78f87b38e08d421ac7bfd5a8b6c988b15e40fcfb9,1717179696969693,189.00095763888888,91.37876275000563,18.654409489963385,0.11475966564833338,46.09298744760184,
29797,/localhome/local-lintran/MLA2/data/raw/original/images/29797.jpg,1800,2400,0.75,RGB,403336,5906247b819a458ad7d4036af261750e044b71848669198691baebbcef839b78,5906247b819a458ad7d4036af261750e044b71848669198691baebbcef839b78,f0404a5dbfbd439800e5614b543ff32cbad18b60a7494847a946f5827d3f7139,0f4d16330707070f,191.6118449074074,78.24378889368094,25.19924051686233,0.12145098301306716,30.244172282822667,
29829,/localhome/local-lintran/MLA2/data/raw/original/images/29829.jpg,1800,2400,0.75,RGB,328048,27fbc1761eb01cb10fce433a95c3b8410bd761d79946aa4899a26fbffb5fe296,27fbc1761eb01cb10fce433a95c3b8410bd761d79946aa4899a26fbffb5fe296,3d8ac1eef5a23d8d173a6ca8a878f1cbc8320922f04c6a6f3a994cfc47d9dbd7,4d4d0f1333251717,202.21436203703703,73.94106406099814,21.37843221733564,0.09311634852897076,42.411596841057,
29840,/localhome/local-lintran/MLA2/data/raw/original/images/29840.jpg,1800,2400,0.75,RGB,362959,40ffd2199028c184acd619ffe6ec618ce356d52f654e1439977df0a01fd6c411,40ffd2199028c184acd619ffe6ec618ce356d52f654e1439977df0a01fd6c411,f98b7c0c85a103acd567ebeb835a373dc12ae062dbb7913fa91b9e60f4907d15,0f4d0f3337270716,194.2349,82.16633742186232,24.9444317949815,0.11861095012616066,85.41485965399848,
29941,/localhome/local-lintran/MLA2/data/raw/original/images/29941.jpg,1080,1440,0.75,RGB,522811,4ca77f7603aac447ad53a512444d1e3d9f7d1208afd18f157575e6ff997a1023,4ca77f7603aac447ad53a512444d1e3d9f7d1208afd18f157575e6ff997a1023,d6af3be568c110783eae51a1e051b381678501fb99640ed356b57fea573af4f8,9e161f0b1f2b169c,152.09169238683128,103.30371835387461,3.513268850383046,0.01095717782491147,48.981924012510135,
29946,/localhome/local-lintran/MLA2/data/raw/original/images/29946.jpg,1080,1440,0.75,RGB,488206,249cc14ce293b7c60a24d6b9333c0cbc661ca43f4339d12fd4f995812e2d1d00,249cc14ce293b7c60a24d6b9333c0cbc661ca43f4339d12fd4f995812e2d1d00,25b82dc716ad6e3c66f295088f5e4a95bd610c64089393abd73f15dac8edb8b1,8d9e060b6b179c8d,189.249893904321,89.89109173968708,0.0,0.0,186.40848230948427,
29964,/localhome/local-lintran/MLA2/data/raw/original/images/29964.jpg,1080,1440,0.75,RGB,191582,eafae5937555a1582e545fdf89937aed89632d524ae6d019b844c9899a8c30ef,eafae5937555a1582e545fdf89937aed89632d524ae6d019b844c9899a8c30ef,5a61ec5d7442cb86ccc3e6e6854a7363b42ad659e640dfeb742c92b59ed34892,000310433b0b000b,240.33577224794237,45.90223837780888,5.8738085096383355,0.014280809603011708,8.84942082705896,
30036,/localhome/local-lintran/MLA2/data/raw/original/images/30036.jpg,1080,1440,0.75,RGB,195068,f6ac789c1f92d1c6b1b9aa8733415cb22f1969d2d4098a18fca8bf9434bc2c7e,f6ac789c1f92d1c6b1b9aa8733415cb22f1969d2d4098a18fca8bf9434bc2c7e,3616efe55158128accdcf182000a904bdf09df97c576a11a5ca97efd9b525b68,0c0c0c06960c0c0c,245.85091049382717,25.393013780612158,0.8660857949560014,0.0016454849604948703,55.37131163365381,
30042,/localhome/local-lintran/MLA2/data/raw/original/images/30042.jpg,1080,1440,0.75,RGB,254458,49587d3f61ae0fdad535d5059050de3f78a09f905765e6f39f1810e2721256a2,49587d3f61ae0fdad535d5059050de3f78a09f905765e6f39f1810e2721256a2,eb6711258e46c9717137ac1b5774fcfa932f744e392f010d02b61f205ca3e1a5,0d0d8e1f078e8e0d,191.76601530349794,88.17153924494755,18.639549331621257,0.12410970773040189,81.48397878939984,
30045,/localhome/local-lintran/MLA2/data/raw/original/images/30045.jpg,1080,1440,0.75,RGB,216736,8fba6c1e90268757b3c23df0404e9556b6ebaeb39c4eb4db262d438f87e992c0,8fba6c1e90268757b3c23df0404e9556b6ebaeb39c4eb4db262d438f87e992c0,a0fa4fb64cf45839f69c8286f84cf057b856d176b6729639cea8c46fe3d28b50,0d0d8e17178e0d0d,216.33417631172838,59.96919909809844,4.929393270003474,0.022930529968128877,25.09770068342407,
30067,/localhome/local-lintran/MLA2/data/raw/original/images/30067.jpg,1080,1440,0.75,RGB,738064,9dbe90c0225bd19aedff635c786dac8a1523e8abeba2b05e8b013f0513af85df,9dbe90c0225bd19aedff635c786dac8a1523e8abeba2b05e8b013f0513af85df,3caf6d947184edf0126a67c68b7b690d68ca637dc9afb4e939a748c743e3438d,3f0f2b2b33330f07,162.45778034979423,87.94013828576371,14.003676249511212,0.054466268010048176,91.30889384403517,
30078,/localhome/local-lintran/MLA2/data/raw/original/images/30078.jpg,1080,1440,0.75,RGB,661797,6d44187783523c35207b7c89469fd397922b8c5160dae6d3be571d52c7279112,6d44187783523c35207b7c89469fd397922b8c5160dae6d3be571d52c7279112,ed7fe4ed041d104ddc4197b1f7b0539e454a4f6b764423035926240b5b66203e,160f0f2727070f36,192.15031442901235,79.49205810676163,13.105215350859817,0.04785995695590362,83.26120699640913,
30107,/localhome/local-lintran/MLA2/data/raw/original/images/30107.jpg,1800,2400,0.75,RGB,385629,1d93ff980fab50b025ca5c9c72c2800b372a7c02427d67bcd740ef9476020017,1d93ff980fab50b025ca5c9c72c2800b372a7c02427d67bcd740ef9476020017,eebc74f0b258545872144882815b27156bb78ec9c9900d34be77fff9078736a4,0d0d0f3317311717,219.2221201388889,69.73052177520293,18.613476541504156,0.04366051461438128,10.792910905764376,
30148,/localhome/local-lintran/MLA2/data/raw/original/images/30148.jpg,1800,2400,0.75,RGB,597500,d6b25b9ce7b914dd1946cc9ac20a4c73b8afdec6b06431493f8e50bbb7f94364,d6b25b9ce7b914dd1946cc9ac20a4c73b8afdec6b06431493f8e50bbb7f94364,49a6c918176ce2c7275d9c69bbdbcd8826e575079789ca515d29d0ee5d3e0093,06008e0633330023,215.57774699074074,86.18445744146392,5.801977635791242,0.03672583794708628,13.5698029134533,
30159,/localhome/local-lintran/MLA2/data/raw/original/images/30159.jpg,1080,1440,0.75,RGB,303288,76c88f767d46294b7d4902c7410f65556a54442e0c1aa58bef0eef368ea58746,76c88f767d46294b7d4902c7410f65556a54442e0c1aa58bef0eef368ea58746,d35b011c23a2af57d5bfbc04c49833ffca55d366a36e563a4036d58c71f23e5e,0300032b2b2b3300,200.080452031893,94.52645937482652,4.882264978629648,0.02282793598342077,22.748292083349423,
30165,/localhome/local-lintran/MLA2/data/raw/original/images/30165.jpg,1080,1440,0.75,RGB,239765,00d5442803305f50725cb19ed90feea7360e03f07a1b1975ff5c86fb370e7f2f,00d5442803305f50725cb19ed90feea7360e03f07a1b1975ff5c86fb370e7f2f,6552b7e118b798f37d3b11bfff203f01723f8c55fbafe53439fad2b106a12c31,8d8f8e1f0f0f8e0d,180.71444830246912,97.76890155071703,4.2009750803732056,0.015284911038507546,211.30040863868618,
30197,/localhome/local-lintran/MLA2/data/raw/original/images/30197.jpg,1080,1440,0.75,RGB,683362,ec9ffa92dfd2745bb60a37f49b06d18ea6d743150401eb93a972af453c2a0d7e,ec9ffa92dfd2745bb60a37f49b06d18ea6d743150401eb93a972af453c2a0d7e,6807f89dbf8be10e5921478d191403c0fbe77e04568c6485b67de9e76ec341d4,214e8b1331210300,202.519375,77.64660706763398,58.85813145201258,0.2725404520937624,49.87401315366102,
30241,/localhome/local-lintran/MLA2/data/raw/original/images/30241.jpg,1080,1440,0.75,RGB,397133,76b97748829e5e2cba35a527c4130116886e2bbb1c5ac6b61bddd2569502e7b8,76b97748829e5e2cba35a527c4130116886e2bbb1c5ac6b61bddd2569502e7b8,74fb9b4ea10c8ef08255213e384b43f8477de4670a8368cf9ffe422907d088a0,3402353e07832003,224.21637152777777,66.2136219410966,24.06340392262959,0.048827117742354986,56.23581348057196,
30267,/localhome/local-lintran/MLA2/data/raw/original/images/30267.jpg,1080,1440,0.75,RGB,179055,ee4cbac357040546a3acea249e6bcdf141af3fafc20be1b8d854211fddb93b1e,ee4cbac357040546a3acea249e6bcdf141af3fafc20be1b8d854211fddb93b1e,ffd5e7f636c38181d83d4ab9102340b7391e7309f128f28dca07cc1ba2bd4503,000110430b0f000f,237.8764101080247,56.39423705570619,5.284716122092319,0.02005482571379241,18.15027864653719,
30289,/localhome/local-lintran/MLA2/data/raw/original/images/30289.jpg,1080,1440,0.75,RGB,184843,018f8cc2a8a065f8b5baed849bccafd1b9f94a7141330dfd13f559693a0d2f32,018f8cc2a8a065f8b5baed849bccafd1b9f94a7141330dfd13f559693a0d2f32,bb9f7c6d40505445b1c10c340a04ccbe317876a4d5860441770358de7ed657ca,00011041010f0003,244.04218878600824,37.65626696599325,8.429700654019031,0.008002903029163705,10.815227100145437,
30344,/localhome/local-lintran/MLA2/data/raw/original/images/30344.jpg,1800,2400,0.75,RGB,364571,a657e2d156e3590332bd6db9f5d90d42889c3e76133aa9265a69ccd563f117aa,a657e2d156e3590332bd6db9f5d90d42889c3e76133aa9265a69ccd563f117aa,5c805acb29272775043600ff1e63ce62956d3d63b6a4812ad687e14228e15b8f,1e0c0e0f1b211717,215.1548125,70.9698923431687,25.76438762685748,0.09965148098637636,15.411749461543806,
30345,/localhome/local-lintran/MLA2/data/raw/original/images/30345.jpg,1080,1440,0.75,RGB,178947,e01946d8adc2b4e9173cb971069ef8db73096762b6dcfaf341d1c4ea4dbbeb27,e01946d8adc2b4e9173cb971069ef8db73096762b6dcfaf341d1c4ea4dbbeb27,693326c935ebdb15abd5b0d50bcc348f57644618e2fc1c44a2dab8ae4c5c6146,0d4d0e2f2b139696,212.0552578446502,70.13764519573277,36.735927131099004,0.10353237197530514,39.81999498050118,
30346,/localhome/local-lintran/MLA2/data/raw/original/images/30346.jpg,1800,2400,0.75,RGB,329067,b4eeff0ee3b2268b4dc58ab31fdbdc6c604ad218341f8ee6ad13366d72492dae,b4eeff0ee3b2268b4dc58ab31fdbdc6c604ad218341f8ee6ad13366d72492dae,eb97391e4afe9d4f764355be1f10aed42f257daa529f9c9ff3e01ee8769a1872,4d4d0e0f0f211f17,211.56025324074074,75.09235805986802,25.575401901271714,0.10240770894267547,19.647013015586282,
30355,/localhome/local-lintran/MLA2/data/raw/original/images/30355.jpg,1800,2400,0.75,RGB,250301,c80b371a1e148d3186a6ff11504c1b05a9fdd43d6a7cef9fe83da6952d71e9b8,c80b371a1e148d3186a6ff11504c1b05a9fdd43d6a7cef9fe83da6952d71e9b8,b7911275d46d591931638a9287f21be99c79add696b9dd56afab195167326093,4d4d0e332323070e,208.20144212962964,69.88868729493458,25.270371725676682,0.09907764217810952,47.33655747006647,
30442,/localhome/local-lintran/MLA2/data/raw/original/images/30442.jpg,1080,1440,0.75,RGB,221716,73e7be648558bb33638363bad8846256757868ed3b8faa556e909b498b28c67d,73e7be648558bb33638363bad8846256757868ed3b8faa556e909b498b28c67d,22dd3057918b3c0503648838672132574a130106bd163d78d73b1a6a71568a98,97061e96964e0d0d,208.25117476851852,70.98984535744918,32.85830328036802,0.1414132964868519,35.31267487805192,
30543,/localhome/local-lintran/MLA2/data/raw/original/images/30543.jpg,1080,1440,0.75,RGB,257925,6344d72c07d7d2a59fa1f0f8c8070583fbb8aefb12f722b8bc479cb28c6a46e4,6344d72c07d7d2a59fa1f0f8c8070583fbb8aefb12f722b8bc479cb28c6a46e4,fe17c95137fcf67b424f1780cb3b17afac55e80e6db82a425582d3249a7e6a37,3d3d2d35138b4726,211.4292991255144,69.11342307819758,1.80979109592008,0.007541541886165991,92.15249687890137,
30547,/localhome/local-lintran/MLA2/data/raw/original/images/30547.jpg,1080,1440,0.75,RGB,393817,40bed24e276dcb6934070e08c69d99c876d50c33fbde2ba1532ffe630d1e4e83,40bed24e276dcb6934070e08c69d99c876d50c33fbde2ba1532ffe630d1e4e83,09700509d704b9814beb508d16257b2f661bd6b863077ffc93da55892a8866ec,3c1d1d3b3c0f4326,185.77392103909466,105.58115588403838,1.652797551513726,0.021869666990208435,38.761262339601274,
30555,/localhome/local-lintran/MLA2/data/raw/original/images/30555.jpg,1080,1440,0.75,RGB,196316,19e7deca0d641a33a727119669bd5683015c274b8c8531e97a5c5dd11d4f483e,19e7deca0d641a33a727119669bd5683015c274b8c8531e97a5c5dd11d4f483e,2a3de947b30dc002e064618aab191a5c1f080e5085ea6cbd99699cfbc1e3b4a5,000210830b0d0009,243.3694380144033,41.88481493437014,2.3494680655453,0.0065567437850080484,15.5031481266973,
30589,/localhome/local-lintran/MLA2/data/raw/original/images/30589.jpg,1800,2400,0.75,RGB,392177,813fc20591f67ec6db9b326640ceefa828d9df131ea89cdf81525cadb0255c9f,813fc20591f67ec6db9b326640ceefa828d9df131ea89cdf81525cadb0255c9f,14c26eb7b7ad3d757a7bfca42b862ccdc448ba0d0e1defbbada5574b9a9cae84,000e2b1796161600,202.10019074074074,73.2971005771659,62.88159086604044,0.22635058182685672,11.245943398411265,
30609,/localhome/local-lintran/MLA2/data/raw/original/images/30609.jpg,1800,2400,0.75,RGB,343951,6963d0119755b2338e572e7c3c6a6694a57a4834338206a99e3c1dd7fe2323d3,6963d0119755b2338e572e7c3c6a6694a57a4834338206a99e3c1dd7fe2323d3,9d96c7ab0e6015580be45256764b1563e230881542dc8cf2d11008f148b0f3ec,0013232b2b133700,172.25252824074073,100.71566102999995,0.0,0.0,10.345900321915746,
30645,/localhome/local-lintran/MLA2/data/raw/original/images/30645.jpg,1800,2400,0.75,RGB,367364,dce78b3858ad37e02524857917f91b092695a3cf06be132a97162774d4a22f29,dce78b3858ad37e02524857917f91b092695a3cf06be132a97162774d4a22f29,c824d0df93272b3ba091d0838e7a2662306883c915410120df7798f1f63acd14,018e1b3b55d49600,183.95590439814814,88.47901811213298,37.458579034522145,0.1371636777065713,11.375099701243661,
30673,/localhome/local-lintran/MLA2/data/raw/original/images/30673.jpg,1080,1440,0.75,RGB,184026,b1e9b25b01fc8ad11fc5ef922f2f6ac6baccd6769303d2bd39948f5e7415c30c,b1e9b25b01fc8ad11fc5ef922f2f6ac6baccd6769303d2bd39948f5e7415c30c,306520d7fbbf770a23f154d8ff5a47856eeab35a4b84b9102470158060e5dbd4,0009144d490f000d,246.48459297839506,32.46248036900519,4.406218889245862,0.006838875429207911,9.833373231913717,
30681,/localhome/local-lintran/MLA2/data/raw/original/images/30681.jpg,1080,1440,0.75,RGB,77232,7a91ac13a83e7855a288b1aa60a4a6ff0cf3954a77d85c61480ee4082b2bd42b,7a91ac13a83e7855a288b1aa60a4a6ff0cf3954a77d85c61480ee4082b2bd42b,045a31644c589b31a24ca53b547990dcf3a53960a254ec30f0d65f5ffe477241,0001104d13074003,242.40767039609054,43.46069646863106,6.873414112814335,0.011384304681388369,18.18587461549352,
30709,/localhome/local-lintran/MLA2/data/raw/original/images/30709.jpg,1080,1440,0.75,RGB,807829,02b661e8a1a688da03977f0b680c08bd7309fad5fe1dc546e18aeac9513c57d2,02b661e8a1a688da03977f0b680c08bd7309fad5fe1dc546e18aeac9513c57d2,8f6874f7c637c53e3a4cff3559da6c5ef0da1e07aeb3c721af4cd0ddb5971ffe,03003b2b3b3b0f00,203.1394219393004,72.81714902094338,57.7855116571807,0.18891836802512313,175.02479761123337,
30725,/localhome/local-lintran/MLA2/data/raw/original/images/30725.jpg,1800,2400,0.75,RGB,391465,27b2b663a58cb3692b5e7a804013593d3602186a5e83e4b7bb32765148a4d29b,27b2b663a58cb3692b5e7a804013593d3602186a5e83e4b7bb32765148a4d29b,ad2fe895fc59878e0a70d64cc69dceebbc316dbf2047ef602b25640d4b49d292,008e0f4d4d8e8e00,224.17596203703704,66.7892455917371,44.04703085355541,0.12742194330827694,46.980762407651866,
30728,/localhome/local-lintran/MLA2/data/raw/original/images/30728.jpg,1800,2400,0.75,RGB,359491,6bfb174a4ae6444c6a9e58142df3130e8c849a79f3759d5122c51e61383a8feb,6bfb174a4ae6444c6a9e58142df3130e8c849a79f3759d5122c51e61383a8feb,3a7c09c6a1753ce1a9f9237342e258629ac38840beb24849fbe4d4ff48584978,204c860f4d4d4d00,230.90861967592593,55.734855947247645,53.92020536089589,0.12357538259593674,24.816269946038584,
30742,/localhome/local-lintran/MLA2/data/raw/original/images/30742.jpg,1800,2400,0.75,RGB,371165,82eb6b3ed470c36fe0af1780d7fa2e56987b983c4c9ea5a5ebfb55421d8dddc5,82eb6b3ed470c36fe0af1780d7fa2e56987b983c4c9ea5a5ebfb55421d8dddc5,717a4dbb386f135562171fbcb0846c18d3288e79907934d477c61ad444d846fd,4d4d0e9616161717,195.07876365740742,81.55817663574501,23.146923561736514,0.14484220756917773,48.465742837953634,
30767,/localhome/local-lintran/MLA2/data/raw/original/images/30767.jpg,1800,2400,0.75,RGB,384121,b26106c635025a5aec526f1fe8635d88475e0c4db2d88c119c2f28388923082c,b26106c635025a5aec526f1fe8635d88475e0c4db2d88c119c2f28388923082c,9799e444ca8d0fc893b346a36b225925b80a6b303ed921c77832ac4097c7f1af,4d4d9696361696b7,202.72394814814814,69.96322887050168,30.862089330455476,0.16664832128386048,12.77444139512263,
30786,/localhome/local-lintran/MLA2/data/raw/original/images/30786.jpg,1800,2400,0.75,RGB,401677,a803168f3c8539ab65757ab0ae9f8a44179d255f68caeae30ef4a97b4a14492e,a803168f3c8539ab65757ab0ae9f8a44179d255f68caeae30ef4a97b4a14492e,aa684049ab0326177fcdeb188e4be4d34b314365d22768328715987b119c5f9c,4d4d0f3333170717,204.32018194444444,73.28005300699255,22.796616404899847,0.08780206608942778,362.0321547511522,
30790,/localhome/local-lintran/MLA2/data/raw/original/images/30790.jpg,1800,2400,0.75,RGB,391362,b4c8874cfcd2d38696112fe7c682390cac72399ac07f5c921df20ca6af5b2c04,b4c8874cfcd2d38696112fe7c682390cac72399ac07f5c921df20ca6af5b2c04,c605e9d11317e7a4d6c08b03e9bec216498cf9fd4a5ce05a3c129518ac170c8e,0d4c0f2323272707,198.168575,62.946017422242264,34.45834037477421,0.16426808236344448,23.666714027652333,
30806,/localhome/local-lintran/MLA2/data/raw/original/images/30806.jpg,1800,2400,0.75,RGB,378542,4befc5bfdc77487072531fad4195db4dd837a013edead57830c72a0e5fffa7cc,4befc5bfdc77487072531fad4195db4dd837a013edead57830c72a0e5fffa7cc,d0ad358645f77cf8b6c5e5fcb26b87ef9748e7c602d8e32041a13d687de53f29,0e4d1e3333270717,196.35943032407408,70.6901223676363,33.94652657632078,0.17714693466026493,21.3843548947405,
30808,/localhome/local-lintran/MLA2/data/raw/original/images/30808.jpg,1800,2400,0.75,RGB,375003,9baf6dc74c405c3e59ffee72b82bd87891c225c58aff2fa5d52bb892627ff621,9baf6dc74c405c3e59ffee72b82bd87891c225c58aff2fa5d52bb892627ff621,097af78d6ed31ab7cccd3958210432831c49110d425ea0d0ee46e0d0c2e992da,2323339292961612,222.1490039351852,57.04557886838516,48.11288451164527,0.11972532490561184,12.399019430741795,
30829,/localhome/local-lintran/MLA2/data/raw/original/images/30829.jpg,1800,2400,0.75,RGB,430208,b40e3c31330503389b7973e2546de7fc27e0f5dd05baed0b8c56df2d5ab23f0b,b40e3c31330503389b7973e2546de7fc27e0f5dd05baed0b8c56df2d5ab23f0b,819d091fc6edd9873f7fe686fa2f114757a950e706d824fd29ff777bc0dfe3ab,2323239696161616,230.0159662037037,44.93533888520802,57.29112913804556,0.1306046141492129,11.681202088978438,
30863,/localhome/local-lintran/MLA2/data/raw/original/images/30863.jpg,1080,1440,0.75,RGB,300322,dcf8c24199c192ae848f0b11c4116e0e1c7017f60cce4b9835b4b8486fb347de,dcf8c24199c192ae848f0b11c4116e0e1c7017f60cce4b9835b4b8486fb347de,83123a7f45a247f6e8825d33f82a2a9d153e7fefac32756f8f5c4e2aa56ed084,4d5d969616969696,212.22139531893004,60.1405462012473,58.87963022986114,0.19315867355711913,23.474792141266715,
30878,/localhome/local-lintran/MLA2/data/raw/original/images/30878.jpg,1800,2400,0.75,RGB,409297,059414029aa1d835ecce89b8bec7f12118249691c2103063559919e79886eef0,059414029aa1d835ecce89b8bec7f12118249691c2103063559919e79886eef0,58deb668b6a7be39ded616675ad911de37e0e0a32696f4c042ab3d155f443d0d,4e1d969696969616,225.4960962962963,49.975255099509965,30.457440546712995,0.08544788646482077,44.16044280784641,
30895,/localhome/local-lintran/MLA2/data/raw/original/images/30895.jpg,1800,2400,0.75,RGB,316941,752ad8195905a3bcd8b1b43f800b8ce04a2c0df4ef90c55e36f8dbdb9cd78b63,752ad8195905a3bcd8b1b43f800b8ce04a2c0df4ef90c55e36f8dbdb9cd78b63,8b98438cea5718fdd873ab14c70a8b6460fd2a0f3782119189e4ce50f39241d7,2323230a1e169696,233.27881689814814,36.789053830442,20.473462284380975,0.062441030547993354,93.00439507631025,
30905,/localhome/local-lintran/MLA2/data/raw/original/images/30905.jpg,1800,2400,0.75,RGB,357198,b55afccb0d400d22df7c3efe5b7c5e4f695c6800e63224c76563e7c66deecd79,b55afccb0d400d22df7c3efe5b7c5e4f695c6800e63224c76563e7c66deecd79,c5f38b946508722612dfed6de64260e63f1dd5fe3893055567ad86aa2e94acf1,2322169696964b4b,199.17438217592593,84.97258054140747,32.70447391745188,0.17460895324540307,11.38749577340837,
30912,/localhome/local-lintran/MLA2/data/raw/original/images/30912.jpg,1800,2400,0.75,RGB,394770,574f885c9eecbb0fa90f42e2ca731362acaa966ac9d7d5df01a3eb4887a77e02,574f885c9eecbb0fa90f42e2ca731362acaa966ac9d7d5df01a3eb4887a77e02,4a84b765f02131e7d73df201e7af24f5a950bae27e0140bb23a6884ce71ed233,0f4e079313039793,200.9399148148148,65.92385559163556,52.18210045833259,0.20496768230052295,51.09922902336784,
30933,/localhome/local-lintran/MLA2/data/raw/original/images/30933.jpg,1800,2400,0.75,RGB,479970,28ebd78c8f1c2db486f3fe5dcb2e9578ae93252f2d64ff91c4490b39f9c93fb9,28ebd78c8f1c2db486f3fe5dcb2e9578ae93252f2d64ff91c4490b39f9c93fb9,7a50e6ebf83c8b3a6139934aab2b93773b78808fc635303f0b5ed86e1bf81d76,0d4c169b1b1b971b,195.1964324074074,75.35552925505414,40.4484539014245,0.2182584411849446,14.075443386831562,
30938,/localhome/local-lintran/MLA2/data/raw/original/images/30938.jpg,1800,2400,0.75,RGB,387982,c09d275e9bd555355bec2c0a64ddc06d16017a972033c30919d821cb1fed39c2,c09d275e9bd555355bec2c0a64ddc06d16017a972033c30919d821cb1fed39c2,864271236df794a8b261a12429cec4399566aec714de26aa3526e5e9cb5cff52,0d45169713171616,181.32611435185186,90.332093097697,31.498199487188018,0.13053582179294795,15.792346047847333,
30950,/localhome/local-lintran/MLA2/data/raw/original/images/30950.jpg,1080,1440,0.75,RGB,233829,f76f61e8f181136097a0dd569acd919924d8785eb0e436307c19eca6652af038,f76f61e8f181136097a0dd569acd919924d8785eb0e436307c19eca6652af038,2a9afd0f87b8db5a49a79d487adc833643d071722e2afee5d1b9c17a01da3a5b,4d469f1b6b0b8f17,205.8045563271605,62.10381957607288,48.37742830994056,0.18816656247021066,25.09679427777134,
30955,/localhome/local-lintran/MLA2/data/raw/original/images/30955.jpg,1800,2400,0.75,RGB,337764,4392ab4fe95d3e2f659d418e8dc76cceb4f2d481321c6a83ac9e33ae588e59b2,4392ab4fe95d3e2f659d418e8dc76cceb4f2d481321c6a83ac9e33ae588e59b2,8ae272e590ff8944ce27a23d132ffcc9b56cc10465b40f47668d1e13f05d9446,0746460686969617,191.71308541666667,88.36459054768919,22.92186944977332,0.08803140918346258,16.38330380509044,
30956,/localhome/local-lintran/MLA2/data/raw/original/images/30956.jpg,1800,2400,0.75,RGB,370413,64f47a69363bb33afa671a598075bac3f543b58f28405ac46f83390870f0addc,64f47a69363bb33afa671a598075bac3f543b58f28405ac46f83390870f0addc,5bf367125bf1cc4226ed36879a2028b38454d602892ede5aebf1c9039fdd02e0,0d46069796969616,208.3591587962963,71.5510700502055,51.154533269524066,0.1583635606184225,12.309228212788623,
31039,/localhome/local-lintran/MLA2/data/raw/original/images/31039.jpg,1800,2400,0.75,RGB,385456,223c8e3d3ca11f5abdf409a949e89c51a6186d1269344b71007c8cfea7050708,223c8e3d3ca11f5abdf409a949e89c51a6186d1269344b71007c8cfea7050708,a28a09523a48d3c9ce9e3f2f6d7716b7a3423c757e03cfc5e20afc16b11ac44a,0d4d0f3333232307,224.72432037037038,52.778589547568394,22.257310053333832,0.06645059648222745,12.145048634753005,
31092,/localhome/local-lintran/MLA2/data/raw/original/images/31092.jpg,1080,1440,0.75,RGB,248922,892f39872ed15f6fcd2b3285aa8b2e913e3d779efddd534f5579ac4cf809fe07,892f39872ed15f6fcd2b3285aa8b2e913e3d779efddd534f5579ac4cf809fe07,6a26c2a436a3ae8fa419e7ca4cee214c1b1653e4e87b67a7dd174e044327ba39,16080e160d0e0004,221.8523778292181,77.31845359842029,36.53950145366331,0.1334607324227874,14.710476594977926,
31096,/localhome/local-lintran/MLA2/data/raw/original/images/31096.jpg,1080,1440,0.75,RGB,316204,9ee3552c4565ed44b51edd6d1e04ed7a48e8a2835c62b910350b4625ab059b9f,9ee3552c4565ed44b51edd6d1e04ed7a48e8a2835c62b910350b4625ab059b9f,8e025af54ea281fb3240eb95c5aa1b4b7d315b3682ea41c1774701c4f8ab87dd,14000e1e0d0d1000,233.0509413580247,54.84569436584671,11.7630486180875,0.03263088614490433,34.86138139181693,
31109,/localhome/local-lintran/MLA2/data/raw/original/images/31109.jpg,1080,1440,0.75,RGB,337801,a2cba0ba4fa006f9f89681e1907db1206ef358e83d8cb7ebe242b902a2474b47,a2cba0ba4fa006f9f89681e1907db1206ef358e83d8cb7ebe242b902a2474b47,8128ce6097b8ffd87dd9635b36c493f2afeec0175f76781bbba1102250063db7,00089e969e9e1600,239.86975308641976,40.89364311306068,47.18992515408728,0.08841061497847118,32.30347568117173,
31229,/localhome/local-lintran/MLA2/data/raw/original/images/31229.jpg,1080,1440,0.75,RGB,241812,9d31f70ef86f63a92f654a7af17ff06e4b1bce2fdca2094d9b0dffdaa4dae314,9d31f70ef86f63a92f654a7af17ff06e4b1bce2fdca2094d9b0dffdaa4dae314,23f311ef17fb21362b1c683288ebeaa63d96dcb774cd0689fceaa70cbeaa92d4,0e9e96260d8d0c0d,209.5123861882716,69.68137980102965,63.96816013810546,0.17887192596784604,13.873565259919946,
31239,/localhome/local-lintran/MLA2/data/raw/original/images/31239.jpg,1800,2400,0.75,RGB,395984,d3bcdd854e09f56a4c9f4fbf79c3b62a626609508c62bc2b8c9ccc4b2517a189,d3bcdd854e09f56a4c9f4fbf79c3b62a626609508c62bc2b8c9ccc4b2517a189,6b7e2b251bd63c0358eb9a9d399f6da868adb8e6f903486e7fca8c7d37f9a6d8,0d4d9e3b171e162e,190.92539953703704,78.99038739602832,99.42405193981905,0.28447201072512984,13.612512679774891,
31245,/localhome/local-lintran/MLA2/data/raw/original/images/31245.jpg,1800,2400,0.75,RGB,782609,2d5bda993120811b02997ffc2750c989321a7f0aaaee4964a36b5ceed15206ae,2d5bda993120811b02997ffc2750c989321a7f0aaaee4964a36b5ceed15206ae,7baa822a09b88a9faefd06c5fce3762c16af7cdab8b02901e049459d523bff94,4d4d0e3623232316,229.70051041666667,57.16888801335845,27.381204789556534,0.06641855955703425,7.5946991593135555,
31267,/localhome/local-lintran/MLA2/data/raw/original/images/31267.jpg,1800,2400,0.75,RGB,344799,1301f818554a75b83df5b1fcf2a514e7072263979d1632a72e497bdb6d6f42a3,1301f818554a75b83df5b1fcf2a514e7072263979d1632a72e497bdb6d6f42a3,d219f78b2bf5df7d9178ba11017f06a17fa7e832c0b4dcf35f0b44862c73eda1,4d4d8e1317171f16,202.4203699074074,65.89208943256463,92.41418044456482,0.2407456987225988,8.858787605085805,
31282,/localhome/local-lintran/MLA2/data/raw/original/images/31282.jpg,1800,2400,0.75,RGB,350749,e3e03f59428e033d020ffc74801764db3afaba50bbbfbfca02058d7614235fa4,e3e03f59428e033d020ffc74801764db3afaba50bbbfbfca02058d7614235fa4,d69004e142583596dfe895e312921426486728a4b0657887462197ef22fcbe11,0f048f9b17171f16,201.0988587962963,67.56308683298417,59.12389445622029,0.23987068847694215,22.805246879270015,
31292,/localhome/local-lintran/MLA2/data/raw/original/images/31292.jpg,1080,1440,0.75,RGB,339284,e0252a358b28b32ca2ba4e62f3403011d3d7c0ff3c84f61f60abbf53fe78b783,e0252a358b28b32ca2ba4e62f3403011d3d7c0ff3c84f61f60abbf53fe78b783,25cdaf4eb94df9edd1a3527362ba83fe3e27ab0f33e1cafc2108a07613542dd7,4d4d9696868e0e1e,188.59271604938272,95.03363175495639,25.763150397164623,0.09643477780261604,39.44376616857794,
31454,/localhome/local-lintran/MLA2/data/raw/original/images/31454.jpg,1800,2400,0.75,RGB,356929,cad8be2c31f694f967f3bd3fd8f2e618f72c8e3120ba9abeaa4246eb67a17d4b,cad8be2c31f694f967f3bd3fd8f2e618f72c8e3120ba9abeaa4246eb67a17d4b,e7fcb4d1d7d5209e06f43db8558da40e0e3767afc08b7b1525525da21ba843a4,06009616071f000a,213.0870849537037,81.75202033553862,0.8362121848353723,0.0079004094354946,5.850434238866115,
31455,/localhome/local-lintran/MLA2/data/raw/original/images/31455.jpg,1800,2400,0.75,RGB,272911,dbd3d47ca4c5ed074f53b7d842ce0540173acf9a2465ede3fc8dd250e52dd26d,dbd3d47ca4c5ed074f53b7d842ce0540173acf9a2465ede3fc8dd250e52dd26d,7cb0ea91e71fc40d879cccab6105def7c7de44f58f973d0ec543d36085e6e0a0,000f2b1796969600,184.4259113425926,97.59314427263317,4.290913033021176,0.05389333039956758,9.289487713935015,
31555,/localhome/local-lintran/MLA2/data/raw/original/images/31555.jpg,1080,1440,0.75,RGB,423589,115d56f0c4ef80ee9146305efbc00f5baab096193ef1e82dbcba5d45674c2102,115d56f0c4ef80ee9146305efbc00f5baab096193ef1e82dbcba5d45674c2102,4bccf9db3d63d443a4f8b51a59947a7d708dc22d0cdb3150c9f2b648df613fc5,1882192e5703331d,209.1019174382716,73.23156560917118,16.587759394104953,0.08193117073168062,40.51811588607025,
31581,/localhome/local-lintran/MLA2/data/raw/original/images/31581.jpg,1800,2400,0.75,RGB,529880,2ef5ef57ed352419b959b22f162834da7ba4912a505272f143f6c9622b9ade45,2ef5ef57ed352419b959b22f162834da7ba4912a505272f143f6c9622b9ade45,0dfa4c21e9f98bce4ed57f944f6f0e83cfb996a4d8f6dc8796b98c6380d14c1f,0d4d0e3317170717,203.46749375,66.82494474794522,80.1776663969182,0.24735576593506675,21.439906783390075,
31587,/localhome/local-lintran/MLA2/data/raw/original/images/31587.jpg,1800,2400,0.75,RGB,386446,87683981779be6127eef7e33df19b4c612d2f2a89d6aadfe7f237bcec6c7e17d,87683981779be6127eef7e33df19b4c612d2f2a89d6aadfe7f237bcec6c7e17d,de6357cda567f5de317c3e4739a60bf14c925990b22698eafe6917cf7415de7f,0f4d163317171717,180.4203777777778,91.58122669008637,24.81535543994302,0.12240265114904485,43.553806364204824,
31624,/localhome/local-lintran/MLA2/data/raw/original/images/31624.jpg,1800,2400,0.75,RGB,376941,e8cdce659cb7edb267e4f681f6cf3fb7389fd7341b13f32872d512d51db1ad36,e8cdce659cb7edb267e4f681f6cf3fb7389fd7341b13f32872d512d51db1ad36,d3a8fd8588bb8dcddc9d471644a7f462f5be91cf9766db88c18b80658868dafb,4d4d0f3333171717,207.32812638888888,69.50841172262926,22.61690649894979,0.08115237388222492,11.952004793997082,
31686,/localhome/local-lintran/MLA2/data/raw/original/images/31686.jpg,1080,1440,0.75,RGB,462177,f4e035d5ee433bfa3dbf086473674bc5cff1743620a7389cbddde7662dc7f709,f4e035d5ee433bfa3dbf086473674bc5cff1743620a7389cbddde7662dc7f709,f7f6c44950124b6075f51aa9683c6b81fcc2e87c1122fcaf001d2cd9996ad63a,3000796e07034001,242.45754886831276,31.23870293102678,36.12249381751203,0.07716365593690806,38.20989806556238,
31694,/localhome/local-lintran/MLA2/data/raw/original/images/31694.jpg,1800,2400,0.75,RGB,380446,710d71e0e239fe1022b6099f40e02dd458dbd522cf2ce3e71406925adaab480c,710d71e0e239fe1022b6099f40e02dd458dbd522cf2ce3e71406925adaab480c,bf2e1abe945bdeeaea4be2305515be4b8e4aafdf17f978822b2dfbfa84b38429,0d4d969e9e961616,205.16690347222223,72.54126129786181,35.50041939882302,0.11980133898589676,68.90861796243544,
31702,/localhome/local-lintran/MLA2/data/raw/original/images/31702.jpg,1080,1440,0.75,RGB,200242,c26781f6b7e51dcdab05b4006ee52f588ed2f982ab09623cd381901856f0dbbf,c26781f6b7e51dcdab05b4006ee52f588ed2f982ab09623cd381901856f0dbbf,f50b17556746cca5be869c05052d7e398295170d9d583d939f582f9cbd294d31,0000101333020000,253.656646090535,6.60950117078437,2.7096405675632753,0.002305701036909547,3.351223341956575,
31743,/localhome/local-lintran/MLA2/data/raw/original/images/31743.jpg,1800,2400,0.75,RGB,965111,7400925f6e3b0511229f55cda7264dfab916c4b5656049fded159be9b5c783fa,7400925f6e3b0511229f55cda7264dfab916c4b5656049fded159be9b5c783fa,9eec3a3562e1f6126567c0532a8d6a2dd5f367da689fb43c8f4cfbb1554d66bd,4d4d163333330f1f,210.5206738425926,61.11565696147734,18.493210709654722,0.06881862526348599,22.6798631279094,
31816,/localhome/local-lintran/MLA2/data/raw/original/images/31816.jpg,1080,1440,0.75,RGB,464099,37519acb0b70d32d5004dfe64b0b805af70c7904da0e47efde3ab93bd0890255,37519acb0b70d32d5004dfe64b0b805af70c7904da0e47efde3ab93bd0890255,41d97d14f48f8745112253d2da1a24b7235bb1945c42c0a9f3640b9a618d0f8d,0d0e1f2727170e1d,209.9317695473251,66.39953168959174,20.255212595823437,0.06504633199675311,104.0820552917101,
31865,/localhome/local-lintran/MLA2/data/raw/original/images/31865.jpg,1080,1440,0.75,RGB,331664,5f6598b5cf4fa13fea5045ccbc74732363b31cb65363e8dfb81cbeba857e19eb,5f6598b5cf4fa13fea5045ccbc74732363b31cb65363e8dfb81cbeba857e19eb,55bc4bf3174ad1bafddab0ee1764155342e20253d2ab95f5f71d9f9da37c22a4,0c2c4d4e4e2d080c,240.65257973251028,40.29688874557657,14.968508940392146,0.02734557811645,57.799459438588364,
31892,/localhome/local-lintran/MLA2/data/raw/original/images/31892.jpg,1080,1440,0.75,RGB,191925,0dd28c5c203d8cbb5429d95bbeff7bc29cc3b59af8cd2cbdea01a3153c3f7efc,0dd28c5c203d8cbb5429d95bbeff7bc29cc3b59af8cd2cbdea01a3153c3f7efc,8a98a4d291bd60b46be380825777e490aabed9eda8b8e36c2157616bb02f2cef,0d45168636271616,196.0173906893004,78.58971710930844,39.052673299830005,0.12406893447164181,109.93904526558298,
31899,/localhome/local-lintran/MLA2/data/raw/original/images/31899.jpg,1080,1440,0.75,RGB,237449,f1cb6c2e5fbad8c6b727277465efcc74e05b3ea1b2eca48eddb6f363023b2316,f1cb6c2e5fbad8c6b727277465efcc74e05b3ea1b2eca48eddb6f363023b2316,632610d312173ad8b46e9a919e6f59ecf534e99c91270ad3887716a86fbb8301,01006d150f0c230c,227.4920363940329,58.71306133085073,55.4142885893654,0.12383351684766689,20.746131124753852,
31936,/localhome/local-lintran/MLA2/data/raw/original/images/31936.jpg,1080,1440,0.75,RGB,273404,05456d08af538ed21bf6864ee61dc3284a6a4958d6a84754042a0e87889b7f50,05456d08af538ed21bf6864ee61dc3284a6a4958d6a84754042a0e87889b7f50,f821b28cd4faa5d9ceae5381fbd5e2b2da0ca4cddfd2dc6db8204859a952d548,0d44169696063616,213.5065920781893,71.28854857682681,29.673757882750753,0.11382148220614706,236.0638602520046,
31941,/localhome/local-lintran/MLA2/data/raw/original/images/31941.jpg,1080,1440,0.75,RGB,245456,75aa15090172512abbb8b4d9bbb5ab4721701c3ce053ef5616c58dedff08e4da,75aa15090172512abbb8b4d9bbb5ab4721701c3ce053ef5616c58dedff08e4da,81e1963647e91c43f14c726c3641eda62799f67f18d057d9f7e61cfce2b30074,2800392c0f030f09,231.60657857510287,49.29230762614193,8.042979271226072,0.02194305887120279,45.14620416489697,
31945,/localhome/local-lintran/MLA2/data/raw/original/images/31945.jpg,1080,1440,0.75,RGB,444738,67e8be6f8b42f9dbc45e0d7e757c4555f51ddaea56e04eb120b670659cf34968,67e8be6f8b42f9dbc45e0d7e757c4555f51ddaea56e04eb120b670659cf34968,46774c378fed252597f7f3335e10082dd5fae7a9075e006c666593e99cff30f9,0806694e07033918,218.61224922839506,73.68439587791039,17.67660595984869,0.03206990297834192,20.677963434881654,
31972,/localhome/local-lintran/MLA2/data/raw/original/images/31972.jpg,1080,1440,0.75,RGB,473352,dbbd3e80b8758fecf4f5b87e4061cc0914b5c8822d076cb7eafabd488d457f5f,dbbd3e80b8758fecf4f5b87e4061cc0914b5c8822d076cb7eafabd488d457f5f,b86ad933f3e89c3ecc8d77b9a06e2a0961f619675e81a5a1a721f0d9223374e7,1802393e1703331d,215.12688721707818,69.12361313300323,18.588188310906002,0.06126413343249836,67.85554204152027,
32036,/localhome/local-lintran/MLA2/data/raw/original/images/32036.jpg,1080,1440,0.75,RGB,317390,9a40c341f2a6e4b340f63d32e96ce317236ed8abc6d6d26d41aea24744467ae9,9a40c341f2a6e4b340f63d32e96ce317236ed8abc6d6d26d41aea24744467ae9,d480638e153552732ada31556ad868f78a1b571d6912844145af3f4d4f9e03b9,9c0d2d0e86470726,181.12217592592592,108.3974966611557,17.625739420978096,0.15794998319843617,44.9969426103968,
32037,/localhome/local-lintran/MLA2/data/raw/original/images/32037.jpg,1080,1440,0.75,RGB,280184,f37430ff9d8819a89cbeb115e12e1834f3a6b7c0009e6cf1301ca33432e5edf8,f37430ff9d8819a89cbeb115e12e1834f3a6b7c0009e6cf1301ca33432e5edf8,f35cc8edf4921c552ec701530367442e36d6b719f1870ff8a494f1627c70b35f,3c3c6c161b4b0310,244.3271746399177,26.356019689714614,18.286502914533084,0.014873882990157744,21.98847638904977,
32038,/localhome/local-lintran/MLA2/data/raw/original/images/32038.jpg,1080,1440,0.75,RGB,263982,462c0df146131a0db146489a6b8eb99613413506b00eb8b3a575ee88030a93e4,462c0df146131a0db146489a6b8eb99613413506b00eb8b3a575ee88030a93e4,76a7a5cb10273ba82baaccf902c32d5749cfd16096f83bc6a400a8721da0e807,9c9d9d9d8d0e460c,207.44017618312756,90.75201031721033,2.2690329734590398,0.016829515991095993,71.39551334028342,
32046,/localhome/local-lintran/MLA2/data/raw/original/images/32046.jpg,1800,2400,0.75,RGB,387104,5b77f854d0c28ac64ee8d7d3241d6310b303e0ceb40e1e2f3b1e090c76483451,5b77f854d0c28ac64ee8d7d3241d6310b303e0ceb40e1e2f3b1e090c76483451,6ebbe9e119afb66e6f94effafcf1d165d7e7ecfd23ea1c0a43cbc407fe308541,4d4d0f333323371e,215.9816627314815,68.47711351648914,26.683648049859812,0.11337992040707158,7.16824648556011,
32138,/localhome/local-lintran/MLA2/data/raw/original/images/32138.jpg,1080,1440,0.75,RGB,280458,82b80d298501c075e7de1c3d621b253e8a33a66976372d33db73374d296bab0f,82b80d298501c075e7de1c3d621b253e8a33a66976372d33db73374d296bab0f,e7fcdc46baa3cdd4ec926164643e2afd2b558811478c7a70d91a3cdd9d0746e5,69715d5d55652537,173.25253279320987,59.50596760847316,53.37637069913877,0.2931247422746325,38.74125062743735,
32186,/localhome/local-lintran/MLA2/data/raw/original/images/32186.jpg,1080,1440,0.75,RGB,304636,21af6d9d09df3f1b1e3fd861e542f3ba503115eb12d8ef7b8a60e4e1b7f5c66f,21af6d9d09df3f1b1e3fd861e542f3ba503115eb12d8ef7b8a60e4e1b7f5c66f,d12286cdadb6c1ee0828ce7ac6c2ef33092499a5180f0bd33bc926872835ab48,08026d3e35030619,234.3586233281893,42.676825653062025,16.206522276352725,0.015831305701125994,61.73936381070054,
32236,/localhome/local-lintran/MLA2/data/raw/original/images/32236.jpg,1800,2400,0.75,RGB,353500,3231d79c0417ecc6679d36a9e92fbed9e7903d3761c92e1360bf39455eb0a07f,3231d79c0417ecc6679d36a9e92fbed9e7903d3761c92e1360bf39455eb0a07f,e43076ee7814517d5dc0f7f43a5ad2bc6019aeb282d55c842d4f6c6c3ad255d7,4d4d869696969696,210.5220402777778,69.70092990747611,48.36731620883184,0.16457913285267534,237.29375147641215,
32281,/localhome/local-lintran/MLA2/data/raw/original/images/32281.jpg,1080,1440,0.75,RGB,267108,3c4e391b3d3d84293aa174baa24f9a0869351f46794029aaf677618f56a7ce15,3c4e391b3d3d84293aa174baa24f9a0869351f46794029aaf677618f56a7ce15,47eb692f2bb085fbe95ce5307a0a956cf9d397c92bc6cbf97b89a42491aeab5f,0d8d16332b968d0d,212.44838348765433,71.99084059420291,11.215844555290046,0.052422420283548495,124.7666782501255,
32286,/localhome/local-lintran/MLA2/data/raw/original/images/32286.jpg,1080,1440,0.75,RGB,246058,2f6d71011c8dd6d9f743d3bcaa7297dd302f048c9f0e458e91a379b1325fd7fc,2f6d71011c8dd6d9f743d3bcaa7297dd302f048c9f0e458e91a379b1325fd7fc,52a75efef9b4a22336fa7f0bdfe44b59e7efd3127ec368174e90e45a12cb153d,0c4d96172b960d4d,229.1675327932099,50.143827439873235,6.038884838448092,0.02002243509727444,132.488525296987,
32305,/localhome/local-lintran/MLA2/data/raw/original/images/32305.jpg,1080,1440,0.75,RGB,245412,5180014e17fecbe6e182e078cb87ed656ffc42cb10f67d7f7a9da692bc37c37e,5180014e17fecbe6e182e078cb87ed656ffc42cb10f67d7f7a9da692bc37c37e,a64887dc436e56ae1c4270ea4d0a81a709043d87364025210baef9db3f35b48f,0c9e163717969d0d,188.12724151234568,83.22210323897941,62.960586570131085,0.25884640421070276,44.37750299239353,
32308,/localhome/local-lintran/MLA2/data/raw/original/images/32308.jpg,1080,1440,0.75,RGB,513617,0e4099e6a254569203bf0bc1a63db8dcf013c771147e8679cb0687e38314b1cb,0e4099e6a254569203bf0bc1a63db8dcf013c771147e8679cb0687e38314b1cb,986e39ca612b235f6bbd3fab19811e65bc4a6c80f645110095148a1370d64788,1c26263723169f0c,219.6469347993827,54.45935083570702,21.40202081287859,0.07074312661508923,109.84896199338456,
32333,/localhome/local-lintran/MLA2/data/raw/original/images/32333.jpg,1080,1440,0.75,RGB,229009,3ed1b84aa3802d4c2af8bf11a1ff2d51336b51517cf6dcb71b28a4b5ad8329c2,3ed1b84aa3802d4c2af8bf11a1ff2d51336b51517cf6dcb71b28a4b5ad8329c2,36386b3b4bd62bb947708536edfb6dfda4a7b5b575ccb9869cc910dacd112da4,0d9e17232b178e0e,177.57609953703704,93.77832223634279,15.31411092259415,0.05840368058844109,99.32669408085255,
32336,/localhome/local-lintran/MLA2/data/raw/original/images/32336.jpg,1080,1440,0.75,RGB,669056,e3fa654619c1a5d07740b7631fe8b5ca06723dbf672ba2fbc146b7c4f7ee732c,e3fa654619c1a5d07740b7631fe8b5ca06723dbf672ba2fbc146b7c4f7ee732c,9c618fd48abe118177eb4fa30b180f70b36cf199a0f0779758ebc62a22e607ea,1c9e072b2b0f0e0e,226.29498585390945,42.084174356738664,11.640162409078286,0.019266011673739564,184.4910408381276,
32360,/localhome/local-lintran/MLA2/data/raw/original/images/32360.jpg,1080,1440,0.75,RGB,286004,2ad043b8c621d32d26f1dbf8fdb771ccac2c3ed49ba6f6f014a111f556954962,2ad043b8c621d32d26f1dbf8fdb771ccac2c3ed49ba6f6f014a111f556954962,de0c971d31c73e640b0257f10fb5d7cb92acc915c7c64335afc1cf0237264b4c,0c0d0e1f0e8c0d0d,223.81656121399178,60.74340936286459,6.969707069495639,0.025641797640021915,111.2344852439605,
32367,/localhome/local-lintran/MLA2/data/raw/original/images/32367.jpg,1080,1440,0.75,RGB,303143,b610ae37a32d83e2414a10c91bf0f215f731b24afb12366b7dee377c9f0d7931,b610ae37a32d83e2414a10c91bf0f215f731b24afb12366b7dee377c9f0d7931,22d5cd75b132700f167a1151cd12b0a77397a1d71b656a430d4dfa48712e01e1,8c9e163b2b96968c,177.21939043209878,95.08135659368943,46.15215473103845,0.10547105327748205,36.38032678224384,
32385,/localhome/local-lintran/MLA2/data/raw/original/images/32385.jpg,1800,2400,0.75,RGB,355786,a545119d992a1ff47c83475788654dfbe827153da878f96a6445eb64e53c28a9,a545119d992a1ff47c83475788654dfbe827153da878f96a6445eb64e53c28a9,d81cd05208462bcb189b4f85f02502932489e99f2503bc002e895ddd01ade9c9,4d9d27261e160f8f,190.09297662037037,86.44725694792338,35.01742483747307,0.18311207470899002,46.61177655804905,
32401,/localhome/local-lintran/MLA2/data/raw/original/images/32401.jpg,1800,2400,0.75,RGB,397784,8d3bfd343579bc250b81b79fc9e9609016bede92c493e3ba967936e2a4f89116,8d3bfd343579bc250b81b79fc9e9609016bede92c493e3ba967936e2a4f89116,da71caf50e3171cffd94e9d28e37050da0789c30b7acf9f90157c75435fe2297,4d1517363637238f,213.24728194444444,62.41374461911969,33.64408860580752,0.10658176679968924,35.49741517867482,
32458,/localhome/local-lintran/MLA2/data/raw/original/images/32458.jpg,1080,1440,0.75,RGB,596747,e34d7de2662906216a46ed1a09d3c0107c79d26dc1b735536fc788d751f08ad9,e34d7de2662906216a46ed1a09d3c0107c79d26dc1b735536fc788d751f08ad9,e6ca0e2ade69b667cc67fd4e0346375e2232c403d916c67337dfb80e604cc35f,1e5d961e1e9e8e96,204.95340534979425,70.40054612924958,48.61178148186688,0.1624186034805844,127.52194743683798,
32502,/localhome/local-lintran/MLA2/data/raw/original/images/32502.jpg,1800,2400,0.75,RGB,321608,5c1c81f2505d3f732d0cb70801cbfa80ecf81d63e146de1631cbe106933142ed,5c1c81f2505d3f732d0cb70801cbfa80ecf81d63e146de1631cbe106933142ed,928b47dff783b9a0e43231bd2a06d5f9e9dcfabfa5890fc91db681d5ef50d49b,1a1c0e3313391797,219.8479462962963,63.40742123104511,16.989478012279807,0.04676035868743652,10.517742652678386,
32546,/localhome/local-lintran/MLA2/data/raw/original/images/32546.jpg,1080,1440,0.75,RGB,213160,c31b2253c12a79dec191f56e33a5e0465a83fdcde7acc327a5d7c467c9a78a84,c31b2253c12a79dec191f56e33a5e0465a83fdcde7acc327a5d7c467c9a78a84,9ad377fd4506be741982a7e5004982259429fc314db1a01c68bca3d6cd91f2f4,0c004d4d4c0c0c04,245.47439493312757,36.17416235529011,11.205016025927668,0.013518451875556517,6.573351609457251,
32558,/localhome/local-lintran/MLA2/data/raw/original/images/32558.jpg,1080,1440,0.75,RGB,397549,cbe412ac95963653d4159527a905950a19dbdc30e2aed450399b74ce75b23091,cbe412ac95963653d4159527a905950a19dbdc30e2aed450399b74ce75b23091,fb712c6c30dd42fea3305bd596e7d20f607641e68ee20049135ab4e544c0efba,2004293e1f034309,232.36681970164608,45.34509740236469,27.391651299214036,0.07107356697974933,31.82462321582558,
32576,/localhome/local-lintran/MLA2/data/raw/original/images/32576.jpg,1080,1440,0.75,RGB,294488,2951c06b36d6b6342c2f983c03e29488f038494fbbda90d14a76ca66f82d347b,2951c06b36d6b6342c2f983c03e29488f038494fbbda90d14a76ca66f82d347b,c619757e361b808c7768599e5ec3c3e44bf9b8e4f47fdce5b4f421c9c8806d58,0d4d96968696960e,210.32416280864197,66.38970149631484,90.02381168528665,0.24408590186730916,19.669586020052254,
32587,/localhome/local-lintran/MLA2/data/raw/original/images/32587.jpg,1080,1440,0.75,RGB,289710,14b0cfd8d659dea3c6608757ee5bb91d2632fc71bc4fe25f0b87152c01ab02a9,14b0cfd8d659dea3c6608757ee5bb91d2632fc71bc4fe25f0b87152c01ab02a9,6100b1fb9642fdbbf35fcc0e1a2a0384eb3367759bc90123a799b3cf2841026b,9f969696965d0d4d,208.5294553755144,80.40615052569223,16.39645972623336,0.0622264312501279,68.15172625712704,
32591,/localhome/local-lintran/MLA2/data/raw/original/images/32591.jpg,1080,1440,0.75,RGB,191647,45d74add16dc714bbbeb9299487677542f8472b6ac8a8ef20885641ac19ef506,45d74add16dc714bbbeb9299487677542f8472b6ac8a8ef20885641ac19ef506,431115017c7cfd0dff533b89702188d002cfa9997102a989c30ec05612538ab1,1e9e8d0d4d4d484a,218.9653838734568,66.7795390717263,28.250624259887452,0.09458662881821492,52.23345753375291,
32602,/localhome/local-lintran/MLA2/data/raw/original/images/32602.jpg,1080,1440,0.75,RGB,473856,2150dae082f1e402b6eb4ec18604e38b11b91c8cfe913d05149811def59b2173,2150dae082f1e402b6eb4ec18604e38b11b91c8cfe913d05149811def59b2173,df781f206ecf92377e8e00b1ba2ab0ec09db8c37efbfe8ad5cb730e7b8e07943,0200072b3b3b2000,216.05874356995884,66.4749670024664,25.882755553207613,0.10489382405611263,40.35407351635198,
32613,/localhome/local-lintran/MLA2/data/raw/original/images/32613.jpg,1080,1440,0.75,RGB,271320,65352afcc38dcfdff5bd9839d46fb57c3fe174e80377c1b21e8158b12358028d,65352afcc38dcfdff5bd9839d46fb57c3fe174e80377c1b21e8158b12358028d,c875b0da693649cb256118fd3309e3c81705d96eff8914efc3a49b01e432a209,04410e3323060106,227.54329153806583,66.47439312762737,2.163031264999561,0.004569438215446017,28.63041687581245,
32614,/localhome/local-lintran/MLA2/data/raw/original/images/32614.jpg,1080,1440,0.75,RGB,282054,b05598567ab6777676c3fe9d3376f9578c6eed8cf9e9d18384b91143791c6285,b05598567ab6777676c3fe9d3376f9578c6eed8cf9e9d18384b91143791c6285,18b38c87675cb723c8a4a7614a23bbeab5d2dd1415a3b93a7da6028abaa49396,0a410e3323060106,227.260625,65.55964208873314,3.0596366575100657,0.011823358808832824,28.20691146376308,
32624,/localhome/local-lintran/MLA2/data/raw/original/images/32624.jpg,1800,2400,0.75,RGB,370205,ad4d346a2bb57249bda7a7f148d90913a189b169257a9cd6df8b442ad62fe776,ad4d346a2bb57249bda7a7f148d90913a189b169257a9cd6df8b442ad62fe776,c0d0505b4d69837ef183e18eaeb5f72d0b99900db8b37ac564ed7dca45ab18f1,800f3b1716968600,195.32656134259258,82.08765346530211,62.54544924368558,0.24154155835103416,8.875660158873526,
32634,/localhome/local-lintran/MLA2/data/raw/original/images/32634.jpg,1800,2400,0.75,RGB,349282,7477a0a8596d7b85a7fa86cdaca493e2e401794e0863541b7a5de468b335f8ce,7477a0a8596d7b85a7fa86cdaca493e2e401794e0863541b7a5de468b335f8ce,b8c3fba77febbef4dab0d978afacb3c8ace9ca3fd6785c6a44644811ea81a86e,0c0696969696b614,229.4384949074074,48.872825138628855,22.36789034308686,0.023306019297663006,5.83579517821163,
32648,/localhome/local-lintran/MLA2/data/raw/original/images/32648.jpg,1800,2400,0.75,RGB,343733,c8d8c49f067d4c20c80c252d233ac11bb496ded3c72d98ccfac1cf441a4038ba,c8d8c49f067d4c20c80c252d233ac11bb496ded3c72d98ccfac1cf441a4038ba,a4531aaead460b478be2af9a62ee8f3289bd3a9833c4ae1fef3e942d1730c560,0086961717373300,193.13397800925927,92.60314542811206,4.173600126422965,0.04499326469310503,13.759477292202227,
32722,/localhome/local-lintran/MLA2/data/raw/original/images/32722.jpg,1080,1440,0.75,RGB,340765,7733cd7f2049305f9303722ad4f9c72d28127df5afe55212f78a43ec3bb84a39,7733cd7f2049305f9303722ad4f9c72d28127df5afe55212f78a43ec3bb84a39,02964dbe83b8b868a3ecc324f3a06fd20030c6c40495952bb91dedcfa2fe3e58,0000013083032300,230.23510673868313,63.58037399288017,16.176610044900944,0.06228059436219125,101.80879248877048,
32728,/localhome/local-lintran/MLA2/data/raw/original/images/32728.jpg,1080,1440,0.75,RGB,201118,31b0cf9500ba6620fb861d22f293aa288763f20dcedfdd9cdd99eb649c16fb80,31b0cf9500ba6620fb861d22f293aa288763f20dcedfdd9cdd99eb649c16fb80,667623ea0859b6d72158530727527b91d05d36198b4e7116e1ecbb07006d158a,2004612c17030411,233.21931327160493,48.39829778610184,22.687687473964633,0.050918220232252884,87.35899584282534,
32740,/localhome/local-lintran/MLA2/data/raw/original/images/32740.jpg,1080,1440,0.75,RGB,434916,e0a76ebd96f81606076c1543934029069b3dfc32ceecfed19b3356510030fbbe,e0a76ebd96f81606076c1543934029069b3dfc32ceecfed19b3356510030fbbe,87b8ba96db81c7b04245565b0c5ce176364ee35e1cbe70fa3abe9ebe6c5d2880,0c622d260b03071b,213.4974492026749,72.75754155631247,21.59640798022397,0.04458509523149783,64.80365972946188,
32767,/localhome/local-lintran/MLA2/data/raw/original/images/32767.jpg,1800,2400,0.75,RGB,371623,87a710a924f269fd43dd7cc84355dea82ef3dbdcb1b2d7a38145004cdb4b7362,87a710a924f269fd43dd7cc84355dea82ef3dbdcb1b2d7a38145004cdb4b7362,6150d5d30ff61b677faed1ecd0fa0d0696dbbb65678ab761c8a7bdcbe7206807,4d4d0f333333171f,220.15115578703703,59.51657797632,17.186956987787468,0.06580284972126146,19.6633855577943,
32770,/localhome/local-lintran/MLA2/data/raw/original/images/32770.jpg,1800,2400,0.75,RGB,482635,21d1b1f23e2b260fde6637dfe7d16d1bc64c168c5b759d153fed948f69a707ae,21d1b1f23e2b260fde6637dfe7d16d1bc64c168c5b759d153fed948f69a707ae,0110ff7005627a839e68918cecbc58a8c8d64b6356c6fdf859be03690a87ebbc,4d4d0e172b2b2b17,214.29725092592594,66.80643892050293,50.9728777271137,0.1795414086572952,40.805566363278444,
32805,/localhome/local-lintran/MLA2/data/raw/original/images/32805.jpg,1080,1440,0.75,RGB,299651,fe650a483db3eed9a5fa19153b75618d0a8327aacc89ee878543284bc7a229b6,fe650a483db3eed9a5fa19153b75618d0a8327aacc89ee878543284bc7a229b6,add795ad3f8583ab10fcd7c5470593c6b7ec3a27366967ea050936dd8f29ec59,000200061a230704,244.4587075617284,27.323829981396038,22.827844269623967,0.027722575439568777,14.020724094881398,
32830,/localhome/local-lintran/MLA2/data/raw/original/images/32830.jpg,1080,1440,0.75,RGB,221724,fa48f6899a7a113e81f642c84e87f918bc7ccb958b8549a839f3f139e951c7fe,fa48f6899a7a113e81f642c84e87f918bc7ccb958b8549a839f3f139e951c7fe,d1eeca00d1958514a408b11f744e86e3c0837a1fa24ba74d1abf06840c84ae33,000802281f070002,245.67213991769546,30.727566719996936,11.955946743833186,0.021290912814710027,59.91958698534049,
32846,/localhome/local-lintran/MLA2/data/raw/original/images/32846.jpg,1080,1440,0.75,RGB,186709,e8446537ed5f1998efd1360c4093c0f75d66a0eb364522472969913ccfb69825,e8446537ed5f1998efd1360c4093c0f75d66a0eb364522472969913ccfb69825,8a282c17b39da9d561d00de199c5924728da5dcb66f8aea01a6e628ff7f56102,200c220c2f03000c,235.41615419238684,54.46227571260848,12.396045785664114,0.04046427631320763,58.524509311813844,
32855,/localhome/local-lintran/MLA2/data/raw/original/images/32855.jpg,1080,1440,0.75,RGB,134726,837a0261a957b0220bd4b348d7e1eddf635d235fc7fca4b532e42f653afac7b6,837a0261a957b0220bd4b348d7e1eddf635d235fc7fca4b532e42f653afac7b6,158a8ff187d5d19b03aab59968d4147f642041afa2aacc1e88c029d8c1f8ab03,000600662f030608,239.97242541152264,42.479808774046035,14.149736355594408,0.03351304738327145,16.424567229107947,
32858,/localhome/local-lintran/MLA2/data/raw/original/images/32858.jpg,1080,1440,0.75,RGB,179426,b03748f78bc9b4e0286e04197c82efde9691d638042de833eb1361eb70c977e5,b03748f78bc9b4e0286e04197c82efde9691d638042de833eb1361eb70c977e5,1b8b1e3d71b860e1668acff3d1c9d619a5a6a1b576aa45c2bb7b8de7839cd755,00100a2c3f0f0409,235.53310249485597,52.28101561298562,14.075954675789825,0.04088517484816342,41.09821550381611,
32919,/localhome/local-lintran/MLA2/data/raw/original/images/32919.jpg,1800,2400,0.75,RGB,386271,3d38de7af6afac9418033d446bb73027009307d550c1bb3142c40c44c4709a3c,3d38de7af6afac9418033d446bb73027009307d550c1bb3142c40c44c4709a3c,268114aaac82e34b7b974ec679d8ec5616603137afb149545b6b8f3ad53c66ba,0d4d8f17171f1f17,198.32818078703704,72.06026614481632,75.408790431129,0.23991822808704352,73.56421095903102,
32963,/localhome/local-lintran/MLA2/data/raw/original/images/32963.jpg,1080,1440,0.75,RGB,534094,cca97092b1021cf17a79bcbbd3e973e22fc0ecc88e27a5066aeed913ad6e378a,cca97092b1021cf17a79bcbbd3e973e22fc0ecc88e27a5066aeed913ad6e378a,18b4510ee75e297fa443ce50faaee3751280e4706cfdc56db0ecb9b78c5f5f39,0f4d1e33171f1f2f,189.7437795781893,82.01668638729203,43.32381316933013,0.18698600392094675,75.26516306935918,
32969,/localhome/local-lintran/MLA2/data/raw/original/images/32969.jpg,1080,1440,0.75,RGB,464224,112864ec2b72054220ad5f2cc70fd684a6f81d19ee659bceabc84690a443f34e,112864ec2b72054220ad5f2cc70fd684a6f81d19ee659bceabc84690a443f34e,7ca38982579abb012eda422490ce2b9d9ea0318657551d03fe2a79c88095f8e5,0d4d1e3f1f1f1f2f,202.3686702674897,70.11847584639825,75.41315047436811,0.22906587491458238,48.18135449245145,
33016,/localhome/local-lintran/MLA2/data/raw/original/images/33016.jpg,1800,2400,0.75,RGB,1005163,580395a5272f2f177d487d42d46489d53b2c52451b3c098f0fb5da632a6f5510,580395a5272f2f177d487d42d46489d53b2c52451b3c098f0fb5da632a6f5510,8121304f4e3c695a78bf9f70c7ba736a21d4978a5af5ee6005467ed4708a8675,4d1d9f9e9e9e9616,202.99120277777777,79.11939386211753,27.973368838230723,0.09433562309393995,55.43321267282707,
33030,/localhome/local-lintran/MLA2/data/raw/original/images/33030.jpg,1800,2400,0.75,RGB,1261830,7662a4f6365fc4c5630ddf60bdf220477c070c3b76a60141afa5c93c09d48273,7662a4f6365fc4c5630ddf60bdf220477c070c3b76a60141afa5c93c09d48273,47bbeb7604e535559002b0f1be55bb179b667460168855c8664b570e2da6ce50,0f5e161e16179f97,197.43896412037037,79.09661670195175,37.88720885589284,0.12480854410596867,94.80551958127793,
33031,/localhome/local-lintran/MLA2/data/raw/original/images/33031.jpg,1800,2400,0.75,RGB,330007,fe942bba4d2f9b7b212c16d2f02bafd1c8d9a99bd29e541639d5f2b46bebece5,fe942bba4d2f9b7b212c16d2f02bafd1c8d9a99bd29e541639d5f2b46bebece5,b44e3d046486417e4d9461f6a50a79c8c6219002ce7d4ab6abcde3fddb542c0c,0f56960e0e0e8b8f,200.79772199074074,78.74235979719585,44.742397740358356,0.11440097781689873,81.30020623451215,
33062,/localhome/local-lintran/MLA2/data/raw/original/images/33062.jpg,1800,2400,0.75,RGB,1295937,155469f329b86934c865a9d177ae7043dada3982ed900a640fb51781c7eba9b6,155469f329b86934c865a9d177ae7043dada3982ed900a640fb51781c7eba9b6,9ebd82b0d3094227f181343f367229052e2f54f7eae681bd3445a57ec74db478,4d0d0e362606061e,209.04465162037036,67.98254113074849,28.474436882156777,0.10545014675409224,51.97269089140554,
33075,/localhome/local-lintran/MLA2/data/raw/original/images/33075.jpg,1800,2400,0.75,RGB,636475,a585d8df206bc6d40f07cfb54e8a524e1525c8304434e2b1dd4f773d26f1bc79,a585d8df206bc6d40f07cfb54e8a524e1525c8304434e2b1dd4f773d26f1bc79,52bf99408145cedcd03d31db7e9cbdc9faa361a02ad0116f89c4a74a5a3fef93,4d4d0f332323068e,206.39157569444444,72.31568963453306,60.07374591293183,0.17418432039830628,23.313749971050743,
33088,/localhome/local-lintran/MLA2/data/raw/original/images/33088.jpg,1080,1440,0.75,RGB,113114,f2af58008a8dfc7a1f00482f12c4e6635cad6c1fda913fe546502acd6cd84f92,f2af58008a8dfc7a1f00482f12c4e6635cad6c1fda913fe546502acd6cd84f92,22f948970ff45025380ed960db7355ed4a33a67534ed9814b90a98ee349ac74e,0008029c3b030418,241.25160815329218,42.122548518240905,6.345339885301484,0.014204358660045576,48.63476839517613,
33142,/localhome/local-lintran/MLA2/data/raw/original/images/33142.jpg,1800,2400,0.75,RGB,385981,3e47cbe4e2dba727cf39e0da687e09ebfebca40820f3aa17ed69d56f376ec38b,3e47cbe4e2dba727cf39e0da687e09ebfebca40820f3aa17ed69d56f376ec38b,d4e676636444682d976fc3f11e5bb87f89e74661b337976081ee1332d5e8559a,2b00171796960c00,216.70833703703704,73.35152671625129,38.54608919476894,0.13773117325048748,25.349122258505293,
33152,/localhome/local-lintran/MLA2/data/raw/original/images/33152.jpg,1800,2400,0.75,RGB,375003,ce9af2c2a271f09ee7109b796d9e99be8d9d4cd8d74d247e64caa2b2283a4507,ce9af2c2a271f09ee7109b796d9e99be8d9d4cd8d74d247e64caa2b2283a4507,ed681581185f13ba32bcde84d3196c635835ef50418180077025fc57857fceb3,2000961e1c1e0800,246.18234513888888,24.22076351406015,24.220866984217626,0.03636922564848123,11.989955070751986,
33167,/localhome/local-lintran/MLA2/data/raw/original/images/33167.jpg,1800,2400,0.75,RGB,748507,6f23a04fc42e5e5dedc058b1749f9236ce9a4be10974a60c6ddce7aa6f81cecd,6f23a04fc42e5e5dedc058b1749f9236ce9a4be10974a60c6ddce7aa6f81cecd,cfa568b70e5ea51f2a3d7efb5e33a9bce8e21215029473c33a74d1bcf8426669,0d1d163636262e16,208.0138724537037,69.46575791091868,43.98162581692854,0.15822862231214543,26.101499687348017,
33210,/localhome/local-lintran/MLA2/data/raw/original/images/33210.jpg,1800,2400,0.75,RGB,323712,862a7edaa54d5341af4763db7602d666dd4e61f42ba3218422aad55f25c22943,862a7edaa54d5341af4763db7602d666dd4e61f42ba3218422aad55f25c22943,ed564551a82e209b053b39b8f05fbf219dca6a34167ea50a6159501ab189a257,0d4d969e9e9e9696,196.7241212962963,81.6523633149851,29.79131439780721,0.12661632634629502,17.64112913684893,
33272,/localhome/local-lintran/MLA2/data/raw/original/images/33272.jpg,1800,2400,0.75,RGB,647444,31d0d016f53a1f4a2fc62db397de3e81ea02cc3ab1447fffa2001705fffdbc80,31d0d016f53a1f4a2fc62db397de3e81ea02cc3ab1447fffa2001705fffdbc80,974ade216d64532968f07ade8481a8e7f2a64e37df582a0800b494d741230730,000806060e0d0000,246.2836548611111,24.47375705926031,14.00010141939098,0.025093468589273134,11.650292503300216,
33277,/localhome/local-lintran/MLA2/data/raw/original/images/33277.jpg,1800,2400,0.75,RGB,318972,88c4b8c79f9c21e7aa2c3651623b4b31923d040139f105fc3cc686e75833e458,88c4b8c79f9c21e7aa2c3651623b4b31923d040139f105fc3cc686e75833e458,25a1d182aef096c0b5c47b21f297d991347d54426ffd9a54132e683831716228,004d4d4d4d951500,228.90377384259259,66.06621607172526,13.53236377407812,0.05814039466546157,28.10766900576669,
33278,/localhome/local-lintran/MLA2/data/raw/original/images/33278.jpg,1800,2400,0.75,RGB,318972,88c4b8c79f9c21e7aa2c3651623b4b31923d040139f105fc3cc686e75833e458,88c4b8c79f9c21e7aa2c3651623b4b31923d040139f105fc3cc686e75833e458,25a1d182aef096c0b5c47b21f297d991347d54426ffd9a54132e683831716228,004d4d4d4d951500,228.90377384259259,66.06621607172526,13.53236377407812,0.05814039466546157,28.10766900576669,
33297,/localhome/local-lintran/MLA2/data/raw/original/images/33297.jpg,1800,2400,0.75,RGB,409145,ac9036bf4046e5b98213c3d9a4eba1433f09921d31b708090e48ac238ff75c40,ac9036bf4046e5b98213c3d9a4eba1433f09921d31b708090e48ac238ff75c40,766714342aba3eaddad55f1d65a168f6ff01a7119b715a8104c05d639aeda609,4d4d0e333733260e,216.38107314814815,57.40904487322325,35.46936507596471,0.1149599176326164,114.06065888510619,
33351,/localhome/local-lintran/MLA2/data/raw/original/images/33351.jpg,1080,1440,0.75,RGB,346853,4ce99f52a193d4f53f50db04a40c92a827eb8981233023657c5eaf9e53197686,4ce99f52a193d4f53f50db04a40c92a827eb8981233023657c5eaf9e53197686,4ddaafd27b968a53f0e3bbde69375842f33ec7ade4b0ca2e6b21da8de2843af4,68846b6c1f072319,211.90298675411523,81.67732006495365,8.51117082879462,0.031220080262058345,28.593007452025176,
33377,/localhome/local-lintran/MLA2/data/raw/original/images/33377.jpg,1080,1440,0.75,RGB,172723,130beee6827a556144df4a39e9c93ff2e19a7bb3a24fce171ee96e10f3c54ce1,130beee6827a556144df4a39e9c93ff2e19a7bb3a24fce171ee96e10f3c54ce1,60bd259f4dbc286244c07e59d0ae79f60a427fe60d0f082ff2b13a516a012b44,001000363b2b2300,215.2184291409465,72.63593919017345,2.7511431201859318,0.01716445187284921,30.277301568915146,
33378,/localhome/local-lintran/MLA2/data/raw/original/images/33378.jpg,1080,1440,0.75,RGB,221611,1bf9b6279dad8f03369be9a2cfd078801a3939a8dc9735d77b0f9ed628194660,1bf9b6279dad8f03369be9a2cfd078801a3939a8dc9735d77b0f9ed628194660,f845dbad5d04c6b48187fa4dc1ea7340440a73014190708aec5d34268de2c912,000002008e3b3300,222.37287937242797,76.21478729069445,1.2314734965363714,0.007258907161117077,77.19280667207228,
33402,/localhome/local-lintran/MLA2/data/raw/original/images/33402.jpg,1080,1440,0.75,RGB,280099,bdc03555af92d9b27bc79ccc03178366362c54f6708a8b87409f4956cce9847a,bdc03555af92d9b27bc79ccc03178366362c54f6708a8b87409f4956cce9847a,4affd1b3dc3450d0cd9196fcc41c74a68b3b30b6fafd6e572ebbfeeb21e4830a,0000010049434380,242.63207111625513,29.380088441482005,2.7872517839147566,0.006039077359862516,77.12712781703283,
33404,/localhome/local-lintran/MLA2/data/raw/original/images/33404.jpg,1080,1440,0.75,RGB,437218,150a15c882db60c42912a0f1d0c45989bdf5e80fa0a79ea36850cd1e64fb9b84,150a15c882db60c42912a0f1d0c45989bdf5e80fa0a79ea36850cd1e64fb9b84,1efa3227446e9343d0893b9aec2755d2be6fde69edaa8548584e6bc6ae713630,4d1437131b232b00,189.17097672325102,92.49077806110166,10.284357571116868,0.08019651208282193,46.154222170740184,
33425,/localhome/local-lintran/MLA2/data/raw/original/images/33425.jpg,1080,1440,0.75,RGB,232611,8b55931d4eacec21c8e9900dd4006a99dfde22d0dbeb50154c2832e386a15743,8b55931d4eacec21c8e9900dd4006a99dfde22d0dbeb50154c2832e386a15743,b22f6bc04402e43fc283ceefb3b80eb17d3359108b2bab530e975521656f0a1b,2100793f3b3b2300,192.32517489711935,86.02527888937125,6.8431260670362875,0.04820655806854828,65.73478255273692,
33482,/localhome/local-lintran/MLA2/data/raw/original/images/33482.jpg,1080,1440,0.75,RGB,303727,50120294578a7264e52c5eb50c46daa62067fda9b3b15a5fc9fccdb8476062c6,50120294578a7264e52c5eb50c46daa62067fda9b3b15a5fc9fccdb8476062c6,0ac40ca3041d2b4b6eae83da708c380409de16128ce91e0aff42456573b93299,00610c3b63070002,229.4587917952675,62.18901081818521,8.648605580840295,0.021584221193586772,21.851171859917372,
33501,/localhome/local-lintran/MLA2/data/raw/original/images/33501.jpg,1800,2400,0.75,RGB,324259,c735cd84aaabaaeeb898ea86afb763f940efe01ee0ad670d4e93c2c969c19010,c735cd84aaabaaeeb898ea86afb763f940efe01ee0ad670d4e93c2c969c19010,09fd695ac88fb1ef8a46b86ed55f2fc1d75752d20e0a9f912dc8d212531fcb80,0016968e96961400,231.5950814814815,50.46732894649132,54.09287998177258,0.11545813060063469,9.760561615600176,
33551,/localhome/local-lintran/MLA2/data/raw/original/images/33551.jpg,1800,2400,0.75,RGB,352975,e89ca71788c8d2868567eb7d7922c990823c514b0f16f38e0fb310611b28ad48,e89ca71788c8d2868567eb7d7922c990823c514b0f16f38e0fb310611b28ad48,e0b0ba7afc01b4dd2f104726311efc79bf75c7b3f6fa3a90a9609e128a230bf0,0f4d0e333707070e,201.80497083333333,74.47082762928592,23.30186970221561,0.08928502248540617,195.40661698974037,
33619,/localhome/local-lintran/MLA2/data/raw/original/images/33619.jpg,1080,1440,0.75,RGB,285559,9922272ffbe7336d52db57102ccf772a7b8b7a0724c03ba79cc2fa052026630a,9922272ffbe7336d52db57102ccf772a7b8b7a0724c03ba79cc2fa052026630a,c962d7fd5f0c24c9d2d67f96ab0f89b99e9b17dfcf0978dbedfd5cccee2b0e31,0000002e33332300,230.99878215020576,44.32828676208565,43.512921781198536,0.14166886595774106,13.689668841782822,
33638,/localhome/local-lintran/MLA2/data/raw/original/images/33638.jpg,1080,1440,0.75,RGB,296520,3bbb1b7a5498948872143dc172f3c6c04eb3e1c8a5d3ea44943675c26da01fdd,3bbb1b7a5498948872143dc172f3c6c04eb3e1c8a5d3ea44943675c26da01fdd,93638eb63815b5a0fefc12d03a0c6f4fb2e947c66c9585b1fc9e0bec801bfbdd,002c016c0f07400b,228.30971900720164,69.1317239058242,12.811429193994417,0.012542839923201134,23.17219326357517,
33652,/localhome/local-lintran/MLA2/data/raw/original/images/33652.jpg,1080,1440,0.75,RGB,264315,8c504e96cb52b389064fb2cb8af5163ecc20aa05ab8b94883759a890475fca3d,8c504e96cb52b389064fb2cb8af5163ecc20aa05ab8b94883759a890475fca3d,def9e1fa992af40f4eb061ca089426d9f160c9fe2298f5a61da062a259751ef0,0016016e0707600b,222.2015245627572,76.71303981555276,15.156024059213937,0.03587576078846026,106.81711327335675,
33704,/localhome/local-lintran/MLA2/data/raw/original/images/33704.jpg,1080,1440,0.75,RGB,392565,7c1b945ba09553c98ce02d508ade296fc523eb3617fc02d1f5150c57c0f90cfd,7c1b945ba09553c98ce02d508ade296fc523eb3617fc02d1f5150c57c0f90cfd,9a374f67784ca7c8dde99755220a6ed99b323f65efa44acb399596dd91b7166c,6804797c0f030908,214.52951131687243,73.56800308139842,3.231910072296471,0.019223399285368797,38.58508179208979,
33758,/localhome/local-lintran/MLA2/data/raw/original/images/33758.jpg,1800,2400,0.75,RGB,660617,32308a4fdc254200eef3ad3ff98c8fbe6a47cdae81cffad9b251f3090d384859,32308a4fdc254200eef3ad3ff98c8fbe6a47cdae81cffad9b251f3090d384859,07955c395b86b65b3daa8df88462a0a3b4ae757d02d394bbcea97ec08add7420,0d4d16961606061e,201.07190694444444,69.67432241123996,72.06026521464221,0.22957757250666178,30.034437458023575,
33822,/localhome/local-lintran/MLA2/data/raw/original/images/33822.jpg,1080,1440,0.75,RGB,461412,098433b7b1ed0b852fb88ad61f0a48645793792f71c71fd40a93cd378b9d4f85,098433b7b1ed0b852fb88ad61f0a48645793792f71c71fd40a93cd378b9d4f85,1dd4031b21dcb62696263ddf868d573c5f87972319e222089c1e638c34e206c4,18023c3f0d031819,226.69001607510287,58.26762087868695,27.913507915341945,0.03429433869442421,73.21387440956536,
33824,/localhome/local-lintran/MLA2/data/raw/original/images/33824.jpg,1080,1440,0.75,RGB,343076,6e96259f25b4e3bb7dddae087e866235bd5e0fa4ca5c382092f2bfabfa7794cc,6e96259f25b4e3bb7dddae087e866235bd5e0fa4ca5c382092f2bfabfa7794cc,aa28f8a0217e76e4215c8567e4823a8f8e1e9402bd81c1d4a42648bf1651b50b,2804292e1f031508,233.8506886574074,50.976872829790764,14.225985262507976,0.018508757965343334,83.8736714416258,
33833,/localhome/local-lintran/MLA2/data/raw/original/images/33833.jpg,1080,1440,0.75,RGB,412387,7c7de3e37353a2d8e15de53bec2dcbff1a74589f544598d9cd9355d92018c045,7c7de3e37353a2d8e15de53bec2dcbff1a74589f544598d9cd9355d92018c045,9e97c604b7ce219d62b8ee6a526fd69e91d8dd5272054abb28e028f846e83d8b,0c232c4f070f251b,207.84780992798355,79.3114243739655,2.0014090295518163,0.011311968161250885,48.940238361841516,
33847,/localhome/local-lintran/MLA2/data/raw/original/images/33847.jpg,1080,1440,0.75,RGB,255188,8caf43e45218d6f9e78fc5e52d98d37b39557eec4398d78d854510ffc3b6c6bd,8caf43e45218d6f9e78fc5e52d98d37b39557eec4398d78d854510ffc3b6c6bd,5ff5308fab57f31482cb9766120887247a001a28373900179738e0f70406243d,2800683e1f0b0108,244.96143004115225,23.395346281601654,15.54479389750296,0.015267375014904,26.583630642109735,
33853,/localhome/local-lintran/MLA2/data/raw/original/images/33853.jpg,1080,1440,0.75,RGB,274474,6d81f81851e0946d6dce6f7f70974c8dac74b62591c0ca8aac91813c8477932f,6d81f81851e0946d6dce6f7f70974c8dac74b62591c0ca8aac91813c8477932f,61cce7bea5f68ff989e842d2b3913c6d869c3216a36515b127588dc0391cd58e,00323c2f1f4b3910,236.81850887345678,39.26680353314614,3.243450921379868,0.01137199323794297,49.140805951323735,
33872,/localhome/local-lintran/MLA2/data/raw/original/images/33872.jpg,1080,1440,0.75,RGB,444960,071f8251b7d5d7e258b38b894f9e3faffc6037193c5cfcdd1855ccde60ac9104,071f8251b7d5d7e258b38b894f9e3faffc6037193c5cfcdd1855ccde60ac9104,87fbb582e7d04591f6565f189df2cd8bfd4f1c74d411df9b826b05f285608061,0d0e8e0f178f160d,216.43160686728396,65.78174100338947,13.534748274546114,0.04010882694723999,284.56886752384264,
33888,/localhome/local-lintran/MLA2/data/raw/original/images/33888.jpg,1080,1440,0.75,RGB,466225,653bf35d224cabd614f1cfa04e1a265141961b73b00bd91ef1cec71f1c0ac336,653bf35d224cabd614f1cfa04e1a265141961b73b00bd91ef1cec71f1c0ac336,a84ee73437fef0e1ecc83424b635e6a89e81ac45038e9b0756f6568ae04c9112,0d1d162b2b360d0d,226.4057298096708,51.4992088562783,3.626139966403166,0.015674299115342915,111.2859595608582,
33898,/localhome/local-lintran/MLA2/data/raw/original/images/33898.jpg,1080,1440,0.75,RGB,465541,b4aa21f3b7b95eea277c1da6efdacca41eda7f4835d59fc755eae89a1349aa63,b4aa21f3b7b95eea277c1da6efdacca41eda7f4835d59fc755eae89a1349aa63,05f5789c0f7177310ef380fd7f799397fb849dbc6d673d6b7b4f171c5ae294fe,0c0d9e132b160d0d,228.18346900720164,46.79998763181906,5.6943804759300995,0.01822819836083421,119.96364145333797,
33901,/localhome/local-lintran/MLA2/data/raw/original/images/33901.jpg,1080,1440,0.75,RGB,348099,876f24ae1fa0e60bf11ae69debfdcc806feb71472be2e9e69fe23add4d03ecd3,876f24ae1fa0e60bf11ae69debfdcc806feb71472be2e9e69fe23add4d03ecd3,a6421497a0323f912b82a778fd41f0e1b4fdfd50ad03e82ef922aa1cd68a22bd,0c4d8e92929e4d4d,236.0340072016461,38.45178175261278,6.058861156764153,0.010873951030046835,33.89412010759746,
33917,/localhome/local-lintran/MLA2/data/raw/original/images/33917.jpg,1080,1440,0.75,RGB,262735,e3d8df93bd28ca6a81a7b40469687918baade165b291469936d8cc014fb59784,e3d8df93bd28ca6a81a7b40469687918baade165b291469936d8cc014fb59784,7aedf463f658f2c9aec8eefedaaf9faee964980417ad2f98bb228d649241307e,4c4d4d160f4d4d4d,238.46628665123455,40.495678864187866,0.0,0.0,52.477277114946524,
33921,/localhome/local-lintran/MLA2/data/raw/original/images/33921.jpg,1080,1440,0.75,RGB,285642,e8778d0d035ccb075f78f5fae96de54e919cad186c5d68361c2560eb63a66a27,e8778d0d035ccb075f78f5fae96de54e919cad186c5d68361c2560eb63a66a27,950e9092c0e23eb92435c062f6190ef0a6b242f864a1c2faa3a19fa2ea7463d4,0d4d4e0e0e4e4d0c,235.02115354938272,41.646412593400846,15.316821019510266,0.04179486610756818,19.4696185180895,
33945,/localhome/local-lintran/MLA2/data/raw/original/images/33945.jpg,1800,2400,0.75,RGB,384644,7c6a12a093ede296f1b6d64c4095c28480e245170b21b6fcb6486f5f486f9b26,7c6a12a093ede296f1b6d64c4095c28480e245170b21b6fcb6486f5f486f9b26,10be530c9ae24903b8b417b95a58778bbc0474053a2eadec789ef59838219416,4d4d0f333323171e,214.64395324074073,68.67860799392339,24.7925152114759,0.0842964255779357,133.71304997799857,
33970,/localhome/local-lintran/MLA2/data/raw/original/images/33970.jpg,1080,1440,0.75,RGB,284568,54310fe6612d230225b45c58d0d0ecd74a674544c61e557bdb70aeb993e00327,54310fe6612d230225b45c58d0d0ecd74a674544c61e557bdb70aeb993e00327,9c1fa386e1e47b7dbdf8f8b486c21a3aa5b46dccabf793c3c13fbaf8c26815ae,1e8d2e0f8f8e868f,197.3954218106996,85.51851476685661,33.76602385793678,0.13699354047745235,22.458542157354852,
33972,/localhome/local-lintran/MLA2/data/raw/original/images/33972.jpg,1800,2400,0.75,RGB,477904,22914c619733b49930d5765ac3758019dfc9417e4746f533bca37d1d6e60fc73,22914c619733b49930d5765ac3758019dfc9417e4746f533bca37d1d6e60fc73,dc7aab8aa59fd9e73fd59e0de6172f4e7fe76a40d24673429a750e2cce6f1047,0d4e071313330797,215.08882986111112,63.48138530926647,30.008818672496183,0.09741816031186558,11.651794969776974,
33984,/localhome/local-lintran/MLA2/data/raw/original/images/33984.jpg,1080,1440,0.75,RGB,294653,ebbb2023dfdba68efe37551808a628a1438c001cc564fea2cc631e8272c6474d,ebbb2023dfdba68efe37551808a628a1438c001cc564fea2cc631e8272c6474d,6dcf487d071bc05e114465b346f1e64c8dd398806f6aaae1d46ecdea11a6fe7e,8f8e864d4d4a0e9c,203.80569058641976,93.8482537861401,14.622444172973932,0.10476412686854049,57.60875677310578,
33986,/localhome/local-lintran/MLA2/data/raw/original/images/33986.jpg,1800,2400,0.75,RGB,345114,6e264f99086351325f9676d86a3b9e1466515ab8d702ee3073737e1b55119f19,6e264f99086351325f9676d86a3b9e1466515ab8d702ee3073737e1b55119f19,917db1c795615d9b02916eb2ea7af183acd66888c2ab767ddc21805649b40c00,4d4d0e3636231637,209.22668541666667,67.24077604420867,23.18175136241436,0.08508690732665604,36.705345654137425,
33987,/localhome/local-lintran/MLA2/data/raw/original/images/33987.jpg,1800,2400,0.75,RGB,860677,d5a3a20496701cded2b1ba573e58370b4322732a7654f85002a5eda8d13a8e3d,d5a3a20496701cded2b1ba573e58370b4322732a7654f85002a5eda8d13a8e3d,631e6e46428f4dfa218fe89325a8237f17ab68fe7b2c34cd0979dfea59ec61f9,4d5d0f130e0f3716,203.08073425925926,72.77141370947577,33.278740949194436,0.1355956693713619,43.546376826698165,
34023,/localhome/local-lintran/MLA2/data/raw/original/images/34023.jpg,1800,2400,0.75,RGB,348478,25d7c6ab6b52131e7cd4175b39ddcf3925298198bd986b32208694268591f9fd,25d7c6ab6b52131e7cd4175b39ddcf3925298198bd986b32208694268591f9fd,9981d542f2f7506a46ddea065c49385169ae61655aa24e4255036629353bba9e,220c971306860600,235.6421960648148,42.059502215022086,49.611870454833024,0.1138062137959909,20.843198545589292,
34026,/localhome/local-lintran/MLA2/data/raw/original/images/34026.jpg,1080,1440,0.75,RGB,283421,928ea3a0bef1201522cef5a27bc8c54ba4349ed5e28b9144a5ce43b99312e1b8,928ea3a0bef1201522cef5a27bc8c54ba4349ed5e28b9144a5ce43b99312e1b8,f53767587422bed055f8e4b2f67d444c0250dce24b645a61a1a8485ff84274c4,08000e0e1c1e0200,248.37344650205762,26.81252814524059,13.777350167099469,0.009988634218708064,56.12563934257436,
34072,/localhome/local-lintran/MLA2/data/raw/original/images/34072.jpg,1080,1440,0.75,RGB,115478,c91f6f857256cad6a54dda28936aa930d5b2aef7d53539911813da3f2c935b5f,c91f6f857256cad6a54dda28936aa930d5b2aef7d53539911813da3f2c935b5f,b582c4eb2d49ed997e556d69885fc083d6e3001c917b4753d0cb8261f3219488,100c333c2f0b2039,221.15849022633745,74.25231478174214,4.419878045438709,0.009300540696695477,25.69407119966022,
34078,/localhome/local-lintran/MLA2/data/raw/original/images/34078.jpg,1080,1440,0.75,RGB,278536,5f811ff725c0b57cc320bf91ad45115fee968ed011ca50ee9fe9f363f1a7f2fb,5f811ff725c0b57cc320bf91ad45115fee968ed011ca50ee9fe9f363f1a7f2fb,c7ecb74aa052d44db7b6ce57cf26865e9673ffefee61e0709b1b7769998babde,0c027d3c17034009,210.6123951903292,84.64530994184149,4.385111731886489,0.008628675604156243,12.17076656756374,
34171,/localhome/local-lintran/MLA2/data/raw/original/images/34171.jpg,1080,1440,0.75,RGB,309801,1f9a6870282780423a533b9b30fcd370b2cc0c182c4d4c7af8ec4fdc1dcf4ed4,1f9a6870282780423a533b9b30fcd370b2cc0c182c4d4c7af8ec4fdc1dcf4ed4,13385b6e225fd4a9da61a5eaaaa5f4781258846d06521a6d07099d0ef5c0a70c,32009617969e2208,220.87304655349794,75.2347481679609,22.024469803388943,0.10034611819763108,57.06973242210124,
34176,/localhome/local-lintran/MLA2/data/raw/original/images/34176.jpg,1800,2400,0.75,RGB,379374,8dd22142b4c3785b49dd87757b312cf3a2e068d045d297c4631ef821ecb21a71,8dd22142b4c3785b49dd87757b312cf3a2e068d045d297c4631ef821ecb21a71,77af7f99a5b75817741dc2cf88abc8d00be57656d0ba58b366fad9c160036386,02080f1f1e160600,247.6128314814815,23.475718781275418,7.265811474480181,0.007093515753740481,13.63592718682693,
34239,/localhome/local-lintran/MLA2/data/raw/original/images/34239.jpg,1800,2400,0.75,RGB,344908,0c19523f65240c4a8889c3760ff81646e78e272a03043bbf4e8908a056830bdf,0c19523f65240c4a8889c3760ff81646e78e272a03043bbf4e8908a056830bdf,b1ddec68aa684e1cd5727ed2bae4f12c4b21d671a9d8de749af7232b62673df8,4d4d0f3333233f16,222.10924282407407,58.573362685071025,24.044504370571264,0.06763271537936964,10.98975856319044,
34257,/localhome/local-lintran/MLA2/data/raw/original/images/34257.jpg,1800,2400,0.75,RGB,355039,d25cf81b3fb8f3136f1eee557752e323fb850b4efb73ac7a49114a46f366f89c,d25cf81b3fb8f3136f1eee557752e323fb850b4efb73ac7a49114a46f366f89c,d65c69e02298f2cf9249d365fb8de5de7280f06e7a5f75aa8666afd63973c06d,484c8e8e0d5d1517,220.41792222222222,69.23505607775765,9.949514012129585,0.02700238664172726,22.64930452303203,
34258,/localhome/local-lintran/MLA2/data/raw/original/images/34258.jpg,1800,2400,0.75,RGB,384109,e7aa7c6208b8d5b988e59989399d11f1726e363a2dc946acb519bbc0a6afa49a,e7aa7c6208b8d5b988e59989399d11f1726e363a2dc946acb519bbc0a6afa49a,c595d9a4ce1723c675650e8663d21cbd2b08317b8eec9d33e576d87b2f16c143,484f8e8e0d5d1515,217.53958680555556,75.30077335946142,12.151747903886289,0.06250185222921122,21.277445980685055,
34267,/localhome/local-lintran/MLA2/data/raw/original/images/34267.jpg,1800,2400,0.75,RGB,513041,a98feeb79d620d0613a9a633937e67262853e58dbc9c61c681654a76a2fb78cc,a98feeb79d620d0613a9a633937e67262853e58dbc9c61c681654a76a2fb78cc,5d4b03537e9ca17fcd7eeaf54b5e03066a69e300bfc0936ff18e649807c3e99f,4d0fb69626260e4d,219.97961388888888,60.80191170741956,38.884721942262374,0.12357067768706356,27.79848884874592,
34298,/localhome/local-lintran/MLA2/data/raw/original/images/34298.jpg,1800,2400,0.75,RGB,454749,6004a06bf3d8ec4a392c1323869e6de0ae723f7f3d8ba593f2765478e75941dc,6004a06bf3d8ec4a392c1323869e6de0ae723f7f3d8ba593f2765478e75941dc,9a10718dbf7b364423c25939c013d3159bf5d6e3a6c0c0366f0c5252095502ca,4d4f0607070d0d4d,216.5026638888889,68.1098491398134,29.01830225578573,0.11149216096285715,14.163009680631788,
34335,/localhome/local-lintran/MLA2/data/raw/original/images/34335.jpg,1800,2400,0.75,RGB,538645,0fce6aaa1ad935fa482eaa6efdcc89454ab2ba1332be6dc7cfac85d194e011f6,0fce6aaa1ad935fa482eaa6efdcc89454ab2ba1332be6dc7cfac85d194e011f6,63514743489b3c93795c0a682075e2ee4e19e0b0859276be7f713e6179762fd9,4f4d0e2327070717,202.08738564814814,70.5189430805152,28.532777177964032,0.11299373274534179,39.818846893165656,
34342,/localhome/local-lintran/MLA2/data/raw/original/images/34342.jpg,1800,2400,0.75,RGB,348655,fde2d076d7f288d810d3fde7d57841be87e8087f0c6e40f32c367f9a2b24af14,fde2d076d7f288d810d3fde7d57841be87e8087f0c6e40f32c367f9a2b24af14,9a09f7b6a7aa3cccfb91807e779218d5a4f030592e70f218917c1acfd39a1d9f,4d4d0e2307270797,202.16529421296298,70.81796074887158,33.6026784231131,0.13805747786259426,9.986327960351096,
34344,/localhome/local-lintran/MLA2/data/raw/original/images/34344.jpg,1800,2400,0.75,RGB,374086,5876f05adae1c4b95a5ed3ca9623d2eb541ea06234db1fd613558e2663864493,5876f05adae1c4b95a5ed3ca9623d2eb541ea06234db1fd613558e2663864493,154bb3773ff5709bb0255c5836fb3f8c7f7de6e5c88aa29ecd4535418c54d899,4d4d0e3337270616,199.00671550925927,73.88346928355597,34.85727470172837,0.14960035936945876,12.290011348109035,
34371,/localhome/local-lintran/MLA2/data/raw/original/images/34371.jpg,1800,2400,0.75,RGB,694640,1864853d3d29ab2430863bea952a67353a222778c23f3a9cb9dc819433e8c7e5,1864853d3d29ab2430863bea952a67353a222778c23f3a9cb9dc819433e8c7e5,da9bc1931cd4c542a3ca64666ffcc6cee2d710f04a1102b058a164f0fa9761ba,0e4c063317078797,170.32665902777777,105.94575145791087,22.258271105868733,0.128749155270327,59.68276893860441,
34394,/localhome/local-lintran/MLA2/data/raw/original/images/34394.jpg,1800,2400,0.75,RGB,366694,b53fd157ad3c144c340bb38feab0bb45b921a4df277823d9cc50a190619784f5,b53fd157ad3c144c340bb38feab0bb45b921a4df277823d9cc50a190619784f5,da77f63b2e32a151c87776ac77d26df9d05bc8bb7562ba4232dd8e20ab38556f,0d4d8f13070f0f96,189.04529189814815,84.3328929406896,76.44682914432582,0.23908370761148734,23.21341937052734,
34425,/localhome/local-lintran/MLA2/data/raw/original/images/34425.jpg,1800,2400,0.75,RGB,408801,44daf21eead093dfb112e32c33feeb0bfb3f5b9f6be6286c19a8625046ef3280,44daf21eead093dfb112e32c33feeb0bfb3f5b9f6be6286c19a8625046ef3280,708ab37ef1fa963df4542956214318613872dffefe2a80d45a9e49fe7189cd87,4d4d0f0707230f96,209.77189074074073,68.62748341630144,68.87104399276375,0.22046368467342345,17.42136906829709,
34429,/localhome/local-lintran/MLA2/data/raw/original/images/34429.jpg,1800,2400,0.75,RGB,368518,1682eb057f5d048cb326b44ec7899147a3429dcebec7691b332da98777ec4f11,1682eb057f5d048cb326b44ec7899147a3429dcebec7691b332da98777ec4f11,338ae528e5013a576e51e0a02223e0efb2d1afc88afe49250f100f323a2a0b5a,0d4507030707161e,202.71304629629628,70.01004806307557,57.35471305016946,0.19610162392351208,16.380089742698996,
34451,/localhome/local-lintran/MLA2/data/raw/original/images/34451.jpg,1080,1440,0.75,RGB,368507,0b833a201a34501d910de1bf981f20ad60cfabf5641440a0ec65110ddb4048a5,0b833a201a34501d910de1bf981f20ad60cfabf5641440a0ec65110ddb4048a5,5c573c76474790c59ffe7a45fcad3ee04c8943ab2cb997705a92c714174ad374,04383f1c0f032c18,223.00365740740742,65.10436010932578,21.36166564178574,0.0504583925240951,28.825990707491925,
34452,/localhome/local-lintran/MLA2/data/raw/original/images/34452.jpg,1080,1440,0.75,RGB,444816,1b2e01a58d29561526155580e5a558d64b895959418e38ca6adbc5ce883b575c,1b2e01a58d29561526155580e5a558d64b895959418e38ca6adbc5ce883b575c,378c83f96b5a9509ea3d92fa41171a8a3c0e3713a112bdf562d6598df319205f,041a2d3617033430,233.4716216563786,42.588782837492296,23.346045377343014,0.06663389797050041,50.16258221038135,
34471,/localhome/local-lintran/MLA2/data/raw/original/images/34471.jpg,1080,1440,0.75,RGB,319914,77810bbe61455a1a9d4315d0397b2d44263486f9acbf8efdb88b758f7854e7d5,77810bbe61455a1a9d4315d0397b2d44263486f9acbf8efdb88b758f7854e7d5,2eb3c96518638494d28b3dacae0fdb70e3bf8fde8e1706dcc5f4b9d211f04a33,2802291e13030003,223.49652263374486,72.29104117562328,11.838199794447922,0.02265024946087437,133.5159472051688,
34507,/localhome/local-lintran/MLA2/data/raw/original/images/34507.jpg,1080,1440,0.75,RGB,425833,c747e7d136de6bd9d714b518ad659fd6b6cc9f67b0211df1b0fc18591f901b54,c747e7d136de6bd9d714b518ad659fd6b6cc9f67b0211df1b0fc18591f901b54,e2f528f8dcfd818bcc3ac41d965b7546b5b935e8909d303cfba6059beaf874d3,6084613c1f03400d,218.39687242798354,74.79464412548676,4.89628214638069,0.03293937491283781,38.3044602751715,
34526,/localhome/local-lintran/MLA2/data/raw/original/images/34526.jpg,1080,1440,0.75,RGB,130783,6f1d07215ca5496c6df2a51478dc4dc5b87fe763456dd6ebb88b5aab6ff55788,6f1d07215ca5496c6df2a51478dc4dc5b87fe763456dd6ebb88b5aab6ff55788,a593bf23fb5560145311230912d1ab00091f4c527fcbaa10fc4f3cac27b84127,08120d6e07076003,222.68112525720164,71.03656129853574,3.315021370969469,0.01496919453855056,27.090551115229673,
34531,/localhome/local-lintran/MLA2/data/raw/original/images/34531.jpg,1080,1440,0.75,RGB,73129,17823172c4e3b084443e12efbf29af7060064f5ebbf9f94f139f2f8d980eba93,17823172c4e3b084443e12efbf29af7060064f5ebbf9f94f139f2f8d980eba93,fe35efa2ce725527dbfaba4ab563b76145712901a522680462513558a97025f6,3882392e17036b09,211.86745434670783,78.58150584680101,9.534278852453966,0.023359897702733345,35.78594282919546,
34534,/localhome/local-lintran/MLA2/data/raw/original/images/34534.jpg,1080,1440,0.75,RGB,283869,6938a70c9a7a4c35266a6a1eaff649bb12322357a2532802f72166076087b7fc,6938a70c9a7a4c35266a6a1eaff649bb12322357a2532802f72166076087b7fc,074e4216de01b92fe2099a53445e08a8ffb9146180c40648dddde6760e1fd296,0802292e0f0b240b,215.50551376028807,69.01220183793775,11.193060811181534,0.05026200089042957,35.92547781767636,
34568,/localhome/local-lintran/MLA2/data/raw/original/images/34568.jpg,1080,1440,0.75,RGB,516840,36be19b89ec57c57dc33438984a6c989d0b566d860a52b257a1e1bff7491d946,36be19b89ec57c57dc33438984a6c989d0b566d860a52b257a1e1bff7491d946,74d1abe985fa65ac704116ebe5e16719435d979cd91f5706bf9cb62f3a7d843f,0d5d96960e1e0e16,188.4419675925926,90.56332242190324,27.111157510580554,0.15063020901536664,45.86286150044403,
34585,/localhome/local-lintran/MLA2/data/raw/original/images/34585.jpg,1080,1440,0.75,RGB,277019,f47d56de6f6ea0af499ba49a5ecb86740d8a21b5cff601dc1216016da039dc85,f47d56de6f6ea0af499ba49a5ecb86740d8a21b5cff601dc1216016da039dc85,aba86c7514619d429b41926ac9c908e2a3fd94e9e6a6e3c6f0a7c415a7a6b0aa,4c4d8e8e8e8e960e,204.4708616255144,84.60044066023386,22.22228610548312,0.0739816572142476,22.79033038598659,
34587,/localhome/local-lintran/MLA2/data/raw/original/images/34587.jpg,1080,1440,0.75,RGB,643240,c8f1760be7b03b5eec4675e46c886fcbe57cc7349e596d115ee08aa9c4a21aef,c8f1760be7b03b5eec4675e46c886fcbe57cc7349e596d115ee08aa9c4a21aef,dc674a2e92034fa00b9c5fcdd6ac3537c6d8ee6bbfc2f4b739fed308b1b78d06,4d5d9e9e9e8e8e8e,209.2556661522634,69.25972398185591,41.45803630575722,0.12315052863183006,153.68335489143726,
34614,/localhome/local-lintran/MLA2/data/raw/original/images/34614.jpg,1080,1440,0.75,RGB,268907,e057e965198f7595cedd28f6a41a7d07beac441a766e5edbe78e4a2ba742daa4,e057e965198f7595cedd28f6a41a7d07beac441a766e5edbe78e4a2ba742daa4,d0f1a7dd74cce012fbb0727b4bab856647fa8599b8526630f876f4618d26cb36,43006363170e6912,209.48362525720165,83.14168625261019,5.4113472448216875,0.0436953630452271,24.690688186159054,
34743,/localhome/local-lintran/MLA2/data/raw/original/images/34743.jpg,1080,1440,0.75,RGB,397618,4e8c8f8e17c96753a5eddb6a3cbfcf2a7e5111939bfce653fc7ff707ebd06b43,4e8c8f8e17c96753a5eddb6a3cbfcf2a7e5111939bfce653fc7ff707ebd06b43,318337c4f6775a022eba797cdd837a8a772347ad75e851b91ab8f9902ddbd338,2882293e1f077119,210.41697402263375,82.51837158863327,6.091248619934131,0.043623309165548095,30.950821138525296,
34749,/localhome/local-lintran/MLA2/data/raw/original/images/34749.jpg,1080,1440,0.75,RGB,280010,1136aba891c163bc655e790ea3da5ed90bbc3fd989273e7fdd12a892b08126bc,1136aba891c163bc655e790ea3da5ed90bbc3fd989273e7fdd12a892b08126bc,695546d014d65d07669b4222fe32d81b4494afbca7645b2914d78d653bad997e,0078184e67030b38,246.27841885288066,15.210159379465397,3.6779136467010423,0.005079820813366106,5.25165353874667,
34764,/localhome/local-lintran/MLA2/data/raw/original/images/34764.jpg,1080,1440,0.75,RGB,260663,e44397e6ada5eedc976dbc3bdcdaf892f6e9b9c243439de6c8f41f77dbbbc5a3,e44397e6ada5eedc976dbc3bdcdaf892f6e9b9c243439de6c8f41f77dbbbc5a3,a2917a4711f8822277fd9ab9a7ceb0c5eb8d2d27539045930868957ab2be1c6c,084d145515171f00,230.26212641460904,57.959485641507854,63.597501823516254,0.11165466211354612,75.46077712138178,
34823,/localhome/local-lintran/MLA2/data/raw/original/images/34823.jpg,1080,1440,0.75,RGB,429394,6bc8ea2a5fc6accd2601bf99bc601fb9fdf08d350ba98d67dcd21df7890e50dc,6bc8ea2a5fc6accd2601bf99bc601fb9fdf08d350ba98d67dcd21df7890e50dc,8bee944aff3e6745780a772dd0c05700d51b87084b9e378b7ad6e620d3c0f47c,2084293e1703071c,241.9196579218107,31.598675377838408,7.550946358335884,0.01284357325766544,49.804208013179405,
34833,/localhome/local-lintran/MLA2/data/raw/original/images/34833.jpg,1080,1440,0.75,RGB,147032,b56c0a888c9523107cb818c10ff6f4d128570a3de679c99c84c90a9923d3f24b,b56c0a888c9523107cb818c10ff6f4d128570a3de679c99c84c90a9923d3f24b,343ba07d191aab55efac60b443fbbe89da1424bde012bd7d77ba43a71f3d7bcc,0034396c0f036009,237.2157227366255,46.77849565866494,32.07400873244288,0.06712757470710601,22.585814124097457,
34846,/localhome/local-lintran/MLA2/data/raw/original/images/34846.jpg,1080,1440,0.75,RGB,390082,fabad77f505b01242dd2654e56e854cd47993e6fd4ecd2a83031e81ffec4e997,fabad77f505b01242dd2654e56e854cd47993e6fd4ecd2a83031e81ffec4e997,733ec02726fef76bcf2a3b970d3b297336cd34c40ef88bbcd0222147cdd3072d,0806092e070b2006,225.68011123971195,66.03086768244123,19.480734300116026,0.044495180961578985,52.23226829864731,
34885,/localhome/local-lintran/MLA2/data/raw/original/images/34885.jpg,1080,1440,0.75,RGB,518979,9d78ff925af0bfd769ff80e1ad6a1dff94a78c1f9ef853e15cbfe58a55ddffb5,9d78ff925af0bfd769ff80e1ad6a1dff94a78c1f9ef853e15cbfe58a55ddffb5,06c302aab9d62b20f19b7389f8d1026b6e7b45ced61e828f6e5f2e9f118eceac,4d9633172b270f00,206.46438143004116,66.24746923763615,49.54984432687176,0.14351887159104615,91.28977534525143,
34927,/localhome/local-lintran/MLA2/data/raw/original/images/34927.jpg,1080,1440,0.75,RGB,406652,8d63e4d1811db59a4da2f16e5ad7c90de2570ec5d0b7ca187e89b51902ecaf3c,8d63e4d1811db59a4da2f16e5ad7c90de2570ec5d0b7ca187e89b51902ecaf3c,e46eb96d59009fdc0b40fc6e8c9c9bbe57c354b3d6e5c60d647e2bb0a564d234,4d0d9d9d8e868e0d,199.59873199588478,90.18259107192287,18.42240080428619,0.08575242601782104,91.23262931644723,
34937,/localhome/local-lintran/MLA2/data/raw/original/images/34937.jpg,1080,1440,0.75,RGB,483615,863cac502129c63ecd99eddcf9748e05557f7b9f6b5ec6a4f594c7abb72a6729,863cac502129c63ecd99eddcf9748e05557f7b9f6b5ec6a4f594c7abb72a6729,dddfb8ebb7d5471892462648bf6268a31cca9989061be439e8941cf5d75732df,4d4d9e1e3e3b9f0f,224.43653485082305,52.458092498431704,36.61464662636105,0.12840133062810746,33.488013050696935,
34939,/localhome/local-lintran/MLA2/data/raw/original/images/34939.jpg,1080,1440,0.75,RGB,290246,42f5496bc0160aa218d22d38dbc281daf27994bd39114298ba2ac472c892ae96,42f5496bc0160aa218d22d38dbc281daf27994bd39114298ba2ac472c892ae96,9bcbc06bdc0fffc2ce301e4b7ca5d89d9e59a12e1fa9ef321805897000da9a7d,0d4d9e2206868e0f,216.09691872427985,65.9178840530899,40.48716948739216,0.13486077334936336,137.87464445216676,
34947,/localhome/local-lintran/MLA2/data/raw/original/images/34947.jpg,1080,1440,0.75,RGB,292594,faba3d27b1d3b5a624e9605a11a59771e479a586b67bbb746a1a84cb5233df2f,faba3d27b1d3b5a624e9605a11a59771e479a586b67bbb746a1a84cb5233df2f,af0fd7caa9aea8666ace25845d3ad017499370a8cc8d9129c342b0dc779cbd16,4d4d96968686064d,214.49180812757203,71.60264160092612,37.20273876266791,0.1206297859050916,218.14583092011276,
34953,/localhome/local-lintran/MLA2/data/raw/original/images/34953.jpg,1080,1440,0.75,RGB,400624,34fcd3960725b9b9c8b2aec571f475d2284212d71983fc364c7798ccc13ec37b,34fcd3960725b9b9c8b2aec571f475d2284212d71983fc364c7798ccc13ec37b,b5f2368ff668ffbfbd3eabc076f3ead2ee2355c26160a52cb61b2ff04b5833d8,5a1d9f979f1b4f4d,214.32954539609054,63.43448407059113,25.091664089508775,0.11215330338473216,251.68013758574978,
34990,/localhome/local-lintran/MLA2/data/raw/original/images/34990.jpg,1080,1440,0.75,RGB,551297,3396492dbb7c4b2978678debffc6a9df556c04960085f5bdeaddf51aff91671f,3396492dbb7c4b2978678debffc6a9df556c04960085f5bdeaddf51aff91671f,a569d1d26ad26e7cf79fe8e3940b06b8e641be3ccf455c9852a6eafce365035e,4a0d9e9696979b9d,204.0493325617284,77.40115708767077,16.177407280224568,0.08375349620449071,89.01517433105525,
35014,/localhome/local-lintran/MLA2/data/raw/original/images/35014.jpg,1080,1440,0.75,RGB,230538,26953df80c5625b39da4778b856f26081e189648b9547dda5a76a0cffaa9ac44,26953df80c5625b39da4778b856f26081e189648b9547dda5a76a0cffaa9ac44,7d7d057bd3cb79b84480b753ecc5c6609d36c3ae9e78415e3b05e1900e1ad78c,4d0d9d9c8e9e8d4d,219.38924639917695,65.54084251754361,29.73505376563819,0.10443364128167076,30.20081309445667,
35022,/localhome/local-lintran/MLA2/data/raw/original/images/35022.jpg,1080,1440,0.75,RGB,415500,4a8b57f896dee7f13be8ed0a579f763a6d7e57c2863f27f42529f93a821dce2e,4a8b57f896dee7f13be8ed0a579f763a6d7e57c2863f27f42529f93a821dce2e,0e8511292ffb51db0f113dacaa66eb6d91bfbae218613c860711811aaa97ca9f,4d1d9e9e9e9e9e0d,216.22045653292182,67.89391517352591,22.16955682011582,0.08820210456837795,43.63290088420403,
35035,/localhome/local-lintran/MLA2/data/raw/original/images/35035.jpg,1080,1440,0.75,RGB,280620,ac320f56dfbc61625029b651c603db67ed21723c8a6a8d9c7444b0eb0cf2d872,ac320f56dfbc61625029b651c603db67ed21723c8a6a8d9c7444b0eb0cf2d872,d379708caf5f3b4e64b766c4712ae0c550350e0ff5754723aeece171386e3cc9,33233336b6954d0d,216.92678562242799,60.955851840326325,39.72241838881498,0.12059909319449133,32.22775557614837,
35075,/localhome/local-lintran/MLA2/data/raw/original/images/35075.jpg,1080,1440,0.75,RGB,366669,b93a047dc1d396c14ae0c5500daf86d557fa8b66f1ab89d8c8152de880541f95,b93a047dc1d396c14ae0c5500daf86d557fa8b66f1ab89d8c8152de880541f95,8d1cd90b1befe7d32294827bc4b21958b4e30c4a9b7b64e04c50e2db54c1907e,00230033230f000a,226.25471965020577,64.24503024844863,12.766848601566679,0.06102784698940674,27.538536880445836,
35080,/localhome/local-lintran/MLA2/data/raw/original/images/35080.jpg,1080,1440,0.75,RGB,156118,bb772904963cc7e30b777eaaf84c0f049061883667a278a84db4343a6894df8e,bb772904963cc7e30b777eaaf84c0f049061883667a278a84db4343a6894df8e,5e4b8d5f0fabfbef4a7515aa4c157ec5e52d9c383b8fb245b270897fbbdadefe,1c0c2c0d0d0d0d0c,241.62869020061729,49.58419120842016,2.646212090115458,0.01374789164280132,240.63387325121948,
35099,/localhome/local-lintran/MLA2/data/raw/original/images/35099.jpg,1080,1440,0.75,RGB,240987,28b263e23729e07674780af56c82b0e1fed827990e00e683c6538741f26c09bc,28b263e23729e07674780af56c82b0e1fed827990e00e683c6538741f26c09bc,9e9e8cb48195a36ab5371861388e42acb0c21712e0305035f628b165951b5122,4d4d9d2d6d4d1d4d,221.22552597736626,57.861438481840864,38.23107534907547,0.1229071680034532,43.58073477740453,
35103,/localhome/local-lintran/MLA2/data/raw/original/images/35103.jpg,1080,1440,0.75,RGB,275237,f3163c49ca11f0290f226bf4956afcf0f1e91a5d7271cd782ef32296d34fd0d3,f3163c49ca11f0290f226bf4956afcf0f1e91a5d7271cd782ef32296d34fd0d3,14157e5881c585a82372aaff10d895f482cffbb855f30b9730226b43760080f5,4d56160e8e8e8e9e,199.64534979423868,80.52776540908692,53.91353234741447,0.17527612545022586,81.56116516725227,
35127,/localhome/local-lintran/MLA2/data/raw/original/images/35127.jpg,1080,1440,0.75,RGB,185489,6a77b7f5dfbbecabd4383c73240fc5189b2f497d574ac4975ce5eec7f4b788e8,6a77b7f5dfbbecabd4383c73240fc5189b2f497d574ac4975ce5eec7f4b788e8,f702e24ac23e708214db942bde8adb1b1bcc2201953d126507762d8105a3847b,161612121616140c,253.9068119855967,9.836291687033675,2.1231702593297337,0.0015027395356748594,24.17231617694377,
35128,/localhome/local-lintran/MLA2/data/raw/original/images/35128.jpg,1080,1440,0.75,RGB,146833,c96a213f4a3af3f06ecf2160e966e125f815b138d47f5475a1bb5d96ad9bd4c0,c96a213f4a3af3f06ecf2160e966e125f815b138d47f5475a1bb5d96ad9bd4c0,49623833c3c4f3123a39efdf24140fe51809460c784b51af1a26611755f04bd7,0016000633130823,235.54754501028808,53.56534364091316,5.859953776730861,0.022575798865964794,7.416889326486222,
35194,/localhome/local-lintran/MLA2/data/raw/original/images/35194.jpg,1080,1440,0.75,RGB,239558,8b99fc492afab239bfc5c1fdbaea0c97a25048bf9114a924a6456ab06451ede9,8b99fc492afab239bfc5c1fdbaea0c97a25048bf9114a924a6456ab06451ede9,4cdb2df487b596969159dd32c6e93d5803083fbddf71393b374aaafba7214955,089e333333339640,210.43559799382717,67.88867319413905,18.754320886554417,0.06232667101362278,126.02833314027569,
35233,/localhome/local-lintran/MLA2/data/raw/original/images/35233.jpg,1080,1440,0.75,RGB,467058,e0683dba7a2763e1377a1046e6c648874132480d6f4e463d7a89a510ffb255f1,e0683dba7a2763e1377a1046e6c648874132480d6f4e463d7a89a510ffb255f1,f0b1283e54fb677b06ce422d74d56b65d6e3060cac03fe921de47d7af96033b4,5804597c1f034009,216.51920846193417,81.35703285756458,2.5387054005520993,0.022485601357129976,395.19278350515464,
35247,/localhome/local-lintran/MLA2/data/raw/original/images/35247.jpg,1080,1440,0.75,RGB,405801,5d2dfe2d6827d99b5599300a9868d0665225ed94b993398387ceea84b97122fc,5d2dfe2d6827d99b5599300a9868d0665225ed94b993398387ceea84b97122fc,b1c4e30dcc751b990b5efe1eb9aa93e16c5fb18eec7e93cf11704ba34d8c29e0,003a190e07472710,210.18250257201646,80.97771058785182,51.15034226073895,0.13823223915406577,36.469147457430786,
35337,/localhome/local-lintran/MLA2/data/raw/original/images/35337.jpg,1080,1440,0.75,RGB,171122,4f2adf813f62bd3eb703ef814e22f0a78fd5a2b46ff9ae6df8f1e577ed9dec38,4f2adf813f62bd3eb703ef814e22f0a78fd5a2b46ff9ae6df8f1e577ed9dec38,95b76907e1562a674f39b49771964167caaca81ec6336172f9c94a57c0938f1d,000008080c4c0008,252.00881687242799,20.95289750923027,3.441631930581969,0.004758380212674162,9.232763169749154,
35401,/localhome/local-lintran/MLA2/data/raw/original/images/35401.jpg,1080,1440,0.75,RGB,225383,433a8587ddc3ba66ccb02477a841d7171086b11623e77b9f35f051d08ba453a6,433a8587ddc3ba66ccb02477a841d7171086b11623e77b9f35f051d08ba453a6,8f9dd7bd2c1c5be41df2b74d58f4b47dd09a51c5d3422cd03202a63a18713394,2004613c1f030005,223.16204218106995,67.30491157956297,5.254473919125464,0.02665981202634446,29.05519518128113,
35423,/localhome/local-lintran/MLA2/data/raw/original/images/35423.jpg,1080,1440,0.75,RGB,386052,18b76b64a075d837c6bcc1f95553e9ed10150fe2b63ecf081938f39ed9d1a063,18b76b64a075d837c6bcc1f95553e9ed10150fe2b63ecf081938f39ed9d1a063,c01326b2fb38df98024b1848776ec98219f73a4ac3bf144aed54133cbd661159,0024433c0f033041,238.7689525462963,39.063723313138674,49.145739278548874,0.07247955232437897,37.12444624631582,
35437,/localhome/local-lintran/MLA2/data/raw/original/images/35437.jpg,1800,2400,0.75,RGB,385384,a37cdeb5a7529ddf6a4fa8b582b707926f38e8bc69edf53c49a04f5ac3d2aef3,a37cdeb5a7529ddf6a4fa8b582b707926f38e8bc69edf53c49a04f5ac3d2aef3,c276b6fd05dd91a945304cce2ab4b40dcbde5aab48c4f80dc4e6c6e48ba2d3e9,220016272b370049,197.80014375,96.39930144123954,3.250383226507129,0.029816786103474928,26.539566919104193,
35445,/localhome/local-lintran/MLA2/data/raw/original/images/35445.jpg,1800,2400,0.75,RGB,409683,6c5033ee6c11093d4480e713f6d20c83408edd2809ea5282f6c8a28133a9b35f,6c5033ee6c11093d4480e713f6d20c83408edd2809ea5282f6c8a28133a9b35f,0f8f4e62d4a44c4a8a5a27c66b25fc7314ab9f495e9e8782b06391de28cbbb40,001416961e960600,248.38063055555557,14.597029663935299,22.36315434807719,0.03593376738533523,2.8404754626091386,
35484,/localhome/local-lintran/MLA2/data/raw/original/images/35484.jpg,1080,1440,0.75,RGB,174734,903d116dd87c3f87a6d1915420e5b4e6a7814806218f810bab592fb2f164bf3d,903d116dd87c3f87a6d1915420e5b4e6a7814806218f810bab592fb2f164bf3d,4dca522694519cb9517e1a3187241d7132342b839a0433a5609bcc8cad6d071a,08623d2e17034009,215.6679610339506,71.68132234404058,1.5651668058155181,0.007613135791218241,66.49788280113775,
35493,/localhome/local-lintran/MLA2/data/raw/original/images/35493.jpg,1080,1440,0.75,RGB,187531,639195d84f0b5d360e13e3b042bcc7145d287a4c3c616502175f6ed98125674a,639195d84f0b5d360e13e3b042bcc7145d287a4c3c616502175f6ed98125674a,cd03ddc99c6f5e482aa99b5fc7677f37853c27dfd7587e108991c3713d28a622,2806393e1f074009,209.98760480967078,83.71441905890869,0.8904229371334462,0.005818132458744945,11.248962636910049,
35540,/localhome/local-lintran/MLA2/data/raw/original/images/35540.jpg,1080,1440,0.75,RGB,318772,7d440474b3b9aa2691ecd81cfc0f748030b388137547daee30a532f193c01c81,7d440474b3b9aa2691ecd81cfc0f748030b388137547daee30a532f193c01c81,b1aa4857c506ff286f4912c66613d0db1ee00d095eebedd3b97554ef662c4a93,1004122d2f030008,241.78752829218107,38.32450038882715,17.194528801768246,0.04299582578617899,40.53382884796067,
35571,/localhome/local-lintran/MLA2/data/raw/original/images/35571.jpg,1080,1440,0.75,RGB,142663,e75a78a5f013c17f3a823cbf0b76b27bc9eef37511ad4c0360e4f941b332cec2,e75a78a5f013c17f3a823cbf0b76b27bc9eef37511ad4c0360e4f941b332cec2,ecd9c542ae7482b43e0d4e403c82cb558ad51c51b1b34070e00898dc839bba74,3806393e0703400d,206.76898791152263,90.57086476721092,5.1351023774365485,0.0487744330220353,21.574331055253097,
35644,/localhome/local-lintran/MLA2/data/raw/original/images/35644.jpg,1080,1440,0.75,RGB,294138,253429654850f2346dba0e62342abba912d035326a9cb39058112ed005141cd9,253429654850f2346dba0e62342abba912d035326a9cb39058112ed005141cd9,4ca76b4bcfc39f86d81023ad330b543d084a9dfa3811f7d6ab08a7f9fbf5f111,0432392c07033003,202.33619598765432,94.85245295358145,0.9075942072096101,0.013887532101073812,11.152614000540561,
35648,/localhome/local-lintran/MLA2/data/raw/original/images/35648.jpg,1080,1440,0.75,RGB,473415,ef8a85d3f3e73a3a781e41e3a8282bafe8760de70a2a6a0c86422bf6dda2ea3f,ef8a85d3f3e73a3a781e41e3a8282bafe8760de70a2a6a0c86422bf6dda2ea3f,96aeef4a4b934eaee1d108e0428ca236cf1d1fbe3fee8bd185f66aeacc24a31d,0c235c4f03032001,206.99033500514403,87.60905024014271,3.424590412695073,0.03396840331169249,32.65979124033103,
35649,/localhome/local-lintran/MLA2/data/raw/original/images/35649.jpg,1080,1440,0.75,RGB,330216,af1c4289ad2a014df14bd8978021ac8d83d7c069abb1a61837f980d8617a1390,af1c4289ad2a014df14bd8978021ac8d83d7c069abb1a61837f980d8617a1390,31991735d0d137cc7bf85b42f3a188f7bbb580650c2d5a442c842470bcadbf20,0832580e03032001,207.91619663065845,89.41704630132622,1.499914979372506,0.013773179369582729,15.903446078999188,
35651,/localhome/local-lintran/MLA2/data/raw/original/images/35651.jpg,1080,1440,0.75,RGB,332520,086080b42cb88e6b7e7c7909cc64e933ce8d3a448d6008c00f758d6a60b34324,086080b42cb88e6b7e7c7909cc64e933ce8d3a448d6008c00f758d6a60b34324,4903a292127b0d658ead556b8eb31cbe92c36ee12c2c91a3210603485e021cbd,2804393c1703200d,212.91090920781892,78.57647552046083,9.231814873147659,0.056386317683696764,23.572096734751664,
35676,/localhome/local-lintran/MLA2/data/raw/original/images/35676.jpg,1080,1440,0.75,RGB,271792,42ef42308f8f828cb0ed66bc2384fba6156e2138a87723da31a44504907a11bf,42ef42308f8f828cb0ed66bc2384fba6156e2138a87723da31a44504907a11bf,8f6261ca59fe5211299b57586b58090ab5c7c869a7acdf87798491c8aae69f7d,0036193e2f0b6005,223.5018499228395,65.50546692994007,14.96348260433104,0.039590699293458896,70.98049924707517,
35680,/localhome/local-lintran/MLA2/data/raw/original/images/35680.jpg,1080,1440,0.75,RGB,426507,447d2ac387eed65fb06730a721f82ce49dd53b106a846f4a51b652cd7df5be7a,447d2ac387eed65fb06730a721f82ce49dd53b106a846f4a51b652cd7df5be7a,8ae34929c11fd77680b460518b7375be58cbabfabdc59f8b7d3fe42495970a2b,3006713e0f072001,217.68533179012346,71.50066547553554,29.168891552409022,0.1307455679353175,19.004217022536263,
35697,/localhome/local-lintran/MLA2/data/raw/original/images/35697.jpg,1080,1440,0.75,RGB,281643,4ea4bd05ec749d0c0d12b32fa74faa2a11d465bc7fc5515ee3190236135bc06d,4ea4bd05ec749d0c0d12b32fa74faa2a11d465bc7fc5515ee3190236135bc06d,5e3b6acaa88211cb2c18d625724e34750abf757f92c7a1e54951eec5f619fff6,005a587e13016310,239.38032278806585,30.95303931187891,23.510686636423383,0.019697954159324644,12.388821318712434,
35712,/localhome/local-lintran/MLA2/data/raw/original/images/35712.jpg,1080,1440,0.75,RGB,463398,dfde25cad5f56dc61ea3c4023013489beb808acde8aafcab8223d4b64be08b41,dfde25cad5f56dc61ea3c4023013489beb808acde8aafcab8223d4b64be08b41,12c4aabbb9d549a1f8d83ee2f8f5dfa1f4e8a15ddab146c4d29c5f0e12ede85b,08022c2e35192319,226.09292373971192,56.133327927320394,22.73366701612161,0.049613211209837575,89.27546108601362,
35777,/localhome/local-lintran/MLA2/data/raw/original/images/35777.jpg,1080,1440,0.75,RGB,313049,e2ecef31bc88840b06c114bc10a64ca2c7a705caa5b08b4900bead0dfbd544a8,e2ecef31bc88840b06c114bc10a64ca2c7a705caa5b08b4900bead0dfbd544a8,a5e5f74668ca64a0f4659b0407adca58ec52a3eea3673f621e260301acfe7d08,1806382e070f0003,216.56848958333333,76.52334471948826,15.363049284375318,0.04215170663544208,32.295300976871694,
35797,/localhome/local-lintran/MLA2/data/raw/original/images/35797.jpg,1080,1440,0.75,RGB,245840,b142ba75519fa096a92b53849852085be21e397b6ce6e419005cbbe478226fd5,b142ba75519fa096a92b53849852085be21e397b6ce6e419005cbbe478226fd5,9b6aa926b6ee8eac60dcc6f977236fabe0d8fe77ff30532d57223879709a155e,0013040b2b030005,241.69493955761317,41.25119112395434,13.891283915196944,0.03396365534769074,49.597748304310336,
35846,/localhome/local-lintran/MLA2/data/raw/original/images/35846.jpg,1080,1440,0.75,RGB,223895,f9ad96d808651295d6ff9f6519272fdb6c44d4de30d944cb82c7259f6f528b62,f9ad96d808651295d6ff9f6519272fdb6c44d4de30d944cb82c7259f6f528b62,1687e6b091f0acb3c77af9a5b374b4151a53f7eee7124c55e68ce00189557e37,1000113c3f470005,238.94832047325102,39.04219060030505,27.91758477333911,0.06122832572628045,48.44899738728651,
35891,/localhome/local-lintran/MLA2/data/raw/original/images/35891.jpg,1800,2400,0.75,RGB,391008,837e9b102befde95fb4b5b2a4dee7257115e909860375f77a5f0851a970d70d4,837e9b102befde95fb4b5b2a4dee7257115e909860375f77a5f0851a970d70d4,debda9351afbc40fbab3c1da5adfbdf856c063694ba78850ed883e10452d8e14,00000e0f0e160000,246.55505833333333,21.425153475536664,49.59236560638218,0.08870697224966603,5.72077699807777,
35895,/localhome/local-lintran/MLA2/data/raw/original/images/35895.jpg,1800,2400,0.75,RGB,363582,e166675b8bf0490e7189a574752e8ff8d49d6a3900a775c4ce43316511f831da,e166675b8bf0490e7189a574752e8ff8d49d6a3900a775c4ce43316511f831da,445864b7e392383a6762a5518711843aef3e8229bc7ff08c7e83e4021c8a5afd,04008e9e0d8e0800,235.08134722222223,51.54039482163653,44.33758448973458,0.09445268797316107,30.266378332059567,
35908,/localhome/local-lintran/MLA2/data/raw/original/images/35908.jpg,1080,1440,0.75,RGB,237246,a811915ba50b8b2692467f8dc539b18769c847f615b4a6086a0425dbe68319d4,a811915ba50b8b2692467f8dc539b18769c847f615b4a6086a0425dbe68319d4,bed2293c024ec6f65db046377c36e73500eea830e6fb14b011347107444bf441,0c15b2232b272300,222.74560570987654,66.97335049517284,9.939093591388751,0.04830156895222483,41.07841036333449,
35931,/localhome/local-lintran/MLA2/data/raw/original/images/35931.jpg,1080,1440,0.75,RGB,422163,52d78226d58ea84709a4e6b0715e670b18fc07365035f5c8508273e65e7a3c43,52d78226d58ea84709a4e6b0715e670b18fc07365035f5c8508273e65e7a3c43,9458b1173d2e17ae7b74bd8914e00b32cacc9e09d09adbbe179406e87df7ffbf,0452186f03070009,200.12530671296295,93.05859362648354,2.7836514118902524,0.024092892621146573,44.490033077210185,
35933,/localhome/local-lintran/MLA2/data/raw/original/images/35933.jpg,1080,1440,0.75,RGB,375542,4d6936948443e5f9aff03b8cc5a602c4d85d4f26fb981705a658ae908fa10608,4d6936948443e5f9aff03b8cc5a602c4d85d4f26fb981705a658ae908fa10608,f951d876fcb0acb3678885d1ea4a361451ee12f3582fbd04ca50da05f0034917,0c723c2f1307200b,203.59745563271605,88.84061874893652,1.9075474239089545,0.01981540338196612,35.56009305378586,
35947,/localhome/local-lintran/MLA2/data/raw/original/images/35947.jpg,1800,2400,0.75,RGB,832893,814c52808eac94d79c28e18ba60e357d6a9e93b4a5e6720df7d97c8f515e5542,814c52808eac94d79c28e18ba60e357d6a9e93b4a5e6720df7d97c8f515e5542,6c867125d71ab6b3981613736d69ec7385ef3bb9ddfc666e192a4c6d110d0974,4d4d0f1333233317,213.10179814814813,71.3813640550477,23.40031171101504,0.07677828835502754,16.528213367609254,
35971,/localhome/local-lintran/MLA2/data/raw/original/images/35971.jpg,1800,2400,0.75,RGB,395993,59eee7796eeb92dc7deecc059736b52fa0c5aef1083b642775584e22a8776344,59eee7796eeb92dc7deecc059736b52fa0c5aef1083b642775584e22a8776344,205ff0ec303d6d5e6fe9838ec2ab5be39899d759f955bc968637720c08585df4,0f4d8f9317170726,176.0608215277778,99.52412860267297,25.683787430868424,0.08578442182059393,38.3164483892633,
35993,/localhome/local-lintran/MLA2/data/raw/original/images/35993.jpg,1800,2400,0.75,RGB,979437,a2910e95f90e309a0162177164dbd9bc9a275055fb3e358caa5428c3fa089079,a2910e95f90e309a0162177164dbd9bc9a275055fb3e358caa5428c3fa089079,ae0ddc300fe47692feb0cb2fd4ea3ebe04e46d092c525ff11874da5dbb71ad51,4d4d0fb626061616,202.38282476851853,79.19447572135283,33.17945630675681,0.11813172633355569,19.64871847425832,
36017,/localhome/local-lintran/MLA2/data/raw/original/images/36017.jpg,1080,1440,0.75,RGB,233949,20bf19d773704488a98de9558819befa754c9915639973ef1606a33080b2b588,20bf19d773704488a98de9558819befa754c9915639973ef1606a33080b2b588,89313a34e35fc4ddcf7dffdedf041622862894765fdc5671bd3c37a6a493d290,002300072b0f000b,226.06554591049382,72.62370513287253,0.0,0.0,37.490261528759156,
36020,/localhome/local-lintran/MLA2/data/raw/original/images/36020.jpg,1080,1440,0.75,RGB,218920,51af3d04557fb5e7faf5b67feae0bca4ce4da01983905ee6591d48cb1502fd17,51af3d04557fb5e7faf5b67feae0bca4ce4da01983905ee6591d48cb1502fd17,03b3e9bd2587cfb08d0b1a46ae3451e274630af62f6732a571e01d4b7ad100f9,04410c332b0e000e,226.570066872428,67.24474339106438,8.929975428321418,0.035756485675790824,34.61161692214629,
36024,/localhome/local-lintran/MLA2/data/raw/original/images/36024.jpg,1080,1440,0.75,RGB,127854,c2152632728a45c8b69fb0627d35a9f712b739807fe078678d666a948a980380,c2152632728a45c8b69fb0627d35a9f712b739807fe078678d666a948a980380,f97186b29b214240a5f89225bfe445fc90bc429b881a1932494f09e701f519e1,02410e33230e0106,225.12299382716049,70.40769627345395,7.84258701691502,0.03995526995907023,21.959535117185993,
36036,/localhome/local-lintran/MLA2/data/raw/original/images/36036.jpg,1080,1440,0.75,RGB,186051,199ba3e4d37ed7039cff7fdd7b5b33b1bf65f88ad52f8ca3948ce4435d428994,199ba3e4d37ed7039cff7fdd7b5b33b1bf65f88ad52f8ca3948ce4435d428994,f0210771cbc922c450e9a893f659fda7bd8789c74ca9a258b0a8caf80107b033,0004010e37232f00,227.52587898662551,56.759437498483955,25.233186666612408,0.0924329038579,29.54455255672677,
36083,/localhome/local-lintran/MLA2/data/raw/original/images/36083.jpg,1080,1440,0.75,RGB,198196,b63c22c98527db9620cb99f1e6c43050086602be1b453ad2106573a3f3654f31,b63c22c98527db9620cb99f1e6c43050086602be1b453ad2106573a3f3654f31,d7d9b8842b24fb7159bbbb0316b33852bb59646cb73a78f450fda2c38de826e4,0c000d9e37330033,219.59059992283952,79.81423110492283,1.3017759718815047,0.013076316214317804,29.534539943627166,
36220,/localhome/local-lintran/MLA2/data/raw/original/images/36220.jpg,1080,1440,0.75,RGB,224009,467a99df55f72d1cc9aa112550a6b645c050db3ea55f2ec3889db6a37a6502cf,467a99df55f72d1cc9aa112550a6b645c050db3ea55f2ec3889db6a37a6502cf,7a9e040af7ce64b2ab0bf48d9af3c5ee791bbd512a524541c4128c872a3251d1,2804292c17030318,236.20170717592592,41.21277136336161,31.441320812834572,0.06500392047801117,35.79710735292225,
36231,/localhome/local-lintran/MLA2/data/raw/original/images/36231.jpg,1080,1440,0.75,RGB,338415,d0e17aa279941a57e4258274e2f8bd9abfc7b52af61bb5dc94e2cfd6a5c8146f,d0e17aa279941a57e4258274e2f8bd9abfc7b52af61bb5dc94e2cfd6a5c8146f,6d5b76eae26195632e98390e06223bf0cd5541024cbd892b386e4cada1a9f5ba,2804382e37030310,241.4131295010288,32.29258962946939,34.79887359003687,0.0422670422691944,11.494019717621015,
36233,/localhome/local-lintran/MLA2/data/raw/original/images/36233.jpg,1080,1440,0.75,RGB,349356,b4c47b3d81d7e265fa93a13eef304fed272942c61abb323868df4e2aa23d2111,b4c47b3d81d7e265fa93a13eef304fed272942c61abb323868df4e2aa23d2111,358c72c129db20016d72d303d54121b7d75ca8ac8270fbee67550650c75d8147,1004392c170b0319,235.34814300411523,45.34825719309115,11.153836863012167,0.02998033529705469,25.900528334427328,
36235,/localhome/local-lintran/MLA2/data/raw/original/images/36235.jpg,1080,1440,0.75,RGB,289204,76c36a2a3e1cf1ea507d220f6f59b8a99046f576c0ee0033d0b1be65506e0ffa,76c36a2a3e1cf1ea507d220f6f59b8a99046f576c0ee0033d0b1be65506e0ffa,b1ce8bf88c351d1aa32c829cc55c61255edcf61189131914d561f930cb620390,4d45862b2f0c252d,218.00232381687243,60.320849901766806,46.28891235021679,0.16864316249056105,51.62899468447945,
36238,/localhome/local-lintran/MLA2/data/raw/original/images/36238.jpg,1080,1440,0.75,RGB,285654,7256c8c14dd61a3b178da7167fb5f223c75107fd33e3c73c2e702c121d514a48,7256c8c14dd61a3b178da7167fb5f223c75107fd33e3c73c2e702c121d514a48,824877152f6710b5cc618608037120d6bad6b50f42b912b31e3ecd8067a64d9e,2606068786869697,198.32610403806584,77.46021454498378,39.0836244517304,0.18682569544396052,48.397673977116234,
36312,/localhome/local-lintran/MLA2/data/raw/original/images/36312.jpg,1800,2400,0.75,RGB,334590,87aa600e6849c2a57731fb498c4297ae3a7600f3cdbd044ed051819794653c79,87aa600e6849c2a57731fb498c4297ae3a7600f3cdbd044ed051819794653c79,84c45ba0485407213d63073a15bcb6df4f86c582596ef9c610948fdddaf116dc,690433690e071300,210.63206643518518,84.07650150713289,22.584733652035517,0.10609819954780018,34.246338961069036,
36405,/localhome/local-lintran/MLA2/data/raw/original/images/36405.jpg,1080,1440,0.75,RGB,385429,308243b61fb540a6d43f87c550b4c92b2974e3c110abcdfebf9e125e412bbbe7,308243b61fb540a6d43f87c550b4c92b2974e3c110abcdfebf9e125e412bbbe7,24255b1047b5a4748301dba76b3291d68faae27710b1ea0dfb74ee712b5bdfc2,9c9d9d9d9d0e4626,214.6936066100823,74.31748843103205,15.513769926204375,0.05010235225902774,160.12344234655134,
36413,/localhome/local-lintran/MLA2/data/raw/original/images/36413.jpg,1080,1440,0.75,RGB,48527,6801098aec43e50c8927b4827e9c30764a4da777cfec6170c3be569f6c80cf89,6801098aec43e50c8927b4827e9c30764a4da777cfec6170c3be569f6c80cf89,4e4cae7c80955a46427e6839bd210a5a0ac4f8cc9d9ead0d92a358c0afc435c9,989d9d9d9d0e4626,205.9768795010288,90.71261126846225,23.55172876598242,0.062026969248500555,53.68523302057994,
36419,/localhome/local-lintran/MLA2/data/raw/original/images/36419.jpg,1080,1440,0.75,RGB,265954,2724c07fbcc4655c17547487206a5fe2e7bc9468b69a994ce1a686c5afdce78c,2724c07fbcc4655c17547487206a5fe2e7bc9468b69a994ce1a686c5afdce78c,0371ad83ee5083bde1db1ce5ca9098bca240deb306b5e4e5edcfbd48dd10cae7,200831382f034001,238.07155671296297,43.58999693685159,22.205194349246444,0.04705926195841058,29.772961633010283,
36422,/localhome/local-lintran/MLA2/data/raw/original/images/36422.jpg,1080,1440,0.75,RGB,232720,3a8d04f73b15e4863acc8a3ed1f2a955f4fb71e6ce87f92b86a4cbd9e68d52ae,3a8d04f73b15e4863acc8a3ed1f2a955f4fb71e6ce87f92b86a4cbd9e68d52ae,97bf164441c6a7f437ce0229c36c34c72d974e9a3eaed08f041e6b39573198be,0880393c31814001,234.93234182098766,53.560602831880395,6.382908289218593,0.011200195034933224,42.11715832014106,
36432,/localhome/local-lintran/MLA2/data/raw/original/images/36432.jpg,1080,1440,0.75,RGB,309699,d0587e946bc96f9934e0a783e7dbd2331f0fa6b17775db1538def16032cdabd7,d0587e946bc96f9934e0a783e7dbd2331f0fa6b17775db1538def16032cdabd7,f40ca2719551598b55e50caa547d32021907add350ffac53ba48eff2bc31341d,1000397c79036619,237.95425733024692,40.46194621343294,13.012246131030974,0.025434520377135873,19.822267269006524,
36441,/localhome/local-lintran/MLA2/data/raw/original/images/36441.jpg,1080,1440,0.75,RGB,251242,88c9b5d008baa9255467eefc0ee23822b4194460294dfd37b07fe8604f414040,88c9b5d008baa9255467eefc0ee23822b4194460294dfd37b07fe8604f414040,cb59f3303688f9fce23911670c132ee4765e257d429990ae113a3700ff3f2521,0c024d6e03036009,215.81285236625516,76.53883820685655,17.020062547942217,0.022007152471295793,30.184354608286036,
36447,/localhome/local-lintran/MLA2/data/raw/original/images/36447.jpg,1080,1440,0.75,RGB,298963,0001cca1f13ca0002250499cbf88c690e1c1a81a4bcd14ea7c60418f30331201,0001cca1f13ca0002250499cbf88c690e1c1a81a4bcd14ea7c60418f30331201,3e82e7b71e66fb67f9ae13734fd3d7e0e1ede2f7acaa342182fe3d0c4a48d7ef,00682d1e590d6208,239.57289994855967,48.35720409527742,8.986947293141814,0.012045902936827863,17.0649645417455,
36464,/localhome/local-lintran/MLA2/data/raw/original/images/36464.jpg,1080,1440,0.75,RGB,354902,24d3760837b31ba8497c6ff4ba45d622ededa6c891e087e1ff372b17eef02839,24d3760837b31ba8497c6ff4ba45d622ededa6c891e087e1ff372b17eef02839,fac132a12543c703a38944bfa84d7c349e5abe9467bfc6ac123503462c7cb570,2800296e3d094019,236.67728716563786,52.51530238795888,9.012045255402718,0.01799713698818948,38.616831409192116,
36484,/localhome/local-lintran/MLA2/data/raw/original/images/36484.jpg,1080,1440,0.75,RGB,289586,bc60b01d5159d432ad6030972fd05ff0887e1796f08a448c5e6ac8e4b4dbe181,bc60b01d5159d432ad6030972fd05ff0887e1796f08a448c5e6ac8e4b4dbe181,6568271d45063e3fb32b7ae17f0dc72cd6560668156983b56945d776dbdf1125,7806793e07032005,220.91818287037037,67.92124076387151,15.211760829167144,0.030607813209160888,26.079172297514706,
36502,/localhome/local-lintran/MLA2/data/raw/original/images/36502.jpg,1800,2400,0.75,RGB,390685,6eca5fa80d887cd9aa26f9abd73ccceabfde69d171d0a02000a3733e492f4c02,6eca5fa80d887cd9aa26f9abd73ccceabfde69d171d0a02000a3733e492f4c02,866830c8f4fbc7f4b5a459fc754cecb59dd6199b5aa7c14cbe1d9dcfac649e31,070607939396968e,218.14230671296298,60.83498662862515,31.80879937058987,0.09915330221379401,148.78725908427708,
36508,/localhome/local-lintran/MLA2/data/raw/original/images/36508.jpg,1080,1440,0.75,RGB,316811,48b7fd78843d790afa958fbbbef323d4f1b19fd5c15d4fbb6d9668e271b6d945,48b7fd78843d790afa958fbbbef323d4f1b19fd5c15d4fbb6d9668e271b6d945,665a979f25ef26809840b625113bf5f43b372b5a1d337abf28656002fba7a68b,081416b616161600,243.51608731995884,26.629148104090316,10.004713302922482,0.02638096771360119,30.68112668442797,
36511,/localhome/local-lintran/MLA2/data/raw/original/images/36511.jpg,1080,1440,0.75,RGB,72607,caecb952a968c7596e0304bf0f874ebaf439ac6e62a6f64f8f6d48a4c9082d57,caecb952a968c7596e0304bf0f874ebaf439ac6e62a6f64f8f6d48a4c9082d57,3b1236db987a1222d9e7e5e78f58c3d20eccc614cbbf17d510d35f2e26a97a15,00000002030d0b00,246.83822145061728,17.78813353693154,7.9057730976352705,0.019749566126623475,14.742121960950874,
36523,/localhome/local-lintran/MLA2/data/raw/original/images/36523.jpg,1080,1440,0.75,RGB,64064,fb58a4102ab755031dead54d617706492d72812010014c2af0d075f6fe21c009,fb58a4102ab755031dead54d617706492d72812010014c2af0d075f6fe21c009,6b13aee8f1669feea75c359e979235727eea58f6781a6acbcb62c70e39886bfe,00224996370b1f00,228.79955825617284,54.68263180505195,61.68626914709541,0.1154722477920862,16.797218039306536,
36561,/localhome/local-lintran/MLA2/data/raw/original/images/36561.jpg,1800,2400,0.75,RGB,409503,8b6cbf2ba0128bdba2e16d1b23542a74b727fafce223fa4b36ec17433ad23ecb,8b6cbf2ba0128bdba2e16d1b23542a74b727fafce223fa4b36ec17433ad23ecb,a773e56a50574b5a0601665310ce46cd95e4d03c9989e0f60c810d9e609e6165,4d4c0f130f070f9b,203.37207847222223,74.69579891732563,25.06208472160654,0.07704524057542567,34.96390814979504,
36666,/localhome/local-lintran/MLA2/data/raw/original/images/36666.jpg,1080,1440,0.75,RGB,214086,ae6e0e40526d516dd2a5b5be9d576e3bae62314ef982643aea2bf3db52f55c13,ae6e0e40526d516dd2a5b5be9d576e3bae62314ef982643aea2bf3db52f55c13,10b618d209a32a2c8368a9a0811a34afd109639ed6adc8d7f50e3ae64d7364e6,04224c1733271700,213.95623456790125,74.68794253252177,29.30837810066063,0.07031988373401334,62.44151704699023,
36718,/localhome/local-lintran/MLA2/data/raw/original/images/36718.jpg,1800,2400,0.75,RGB,312751,6412145d00c468b8b19b28507eb9d1dbf9ac87c329e25c17bac3666ed465f89d,6412145d00c468b8b19b28507eb9d1dbf9ac87c329e25c17bac3666ed465f89d,a82a51e304254d590721b348eb0ec5d67de004f75f26d49465b6ffc6a5b1949a,2200161f8c9e2200,241.64917569444444,33.269386047853004,61.47785549576184,0.12223025465052119,21.51367516616874,
36720,/localhome/local-lintran/MLA2/data/raw/original/images/36720.jpg,1800,2400,0.75,RGB,343388,d33336dcfc843f5ff0a9a4607b39a1a52a1948a7819d1bee7831bb8bd86f5ebd,d33336dcfc843f5ff0a9a4607b39a1a52a1948a7819d1bee7831bb8bd86f5ebd,6d13c56a09b680eec47998634564a77d108537fcb5ab205cd43042622fb1bf94,2200961716060c00,224.67854930555555,72.54597625055084,4.663650507543161,0.026851481718200086,57.66013085064499,
36731,/localhome/local-lintran/MLA2/data/raw/original/images/36731.jpg,1800,2400,0.75,RGB,372607,9b2d4e96aefa5d90d4fe4b68e9d2cada5f8631d664dd5156a3c3bd073c94cbfb,9b2d4e96aefa5d90d4fe4b68e9d2cada5f8631d664dd5156a3c3bd073c94cbfb,fd795e318643573fc499dcc460360b881e229c1e3939be5dcde2e0f822d10e54,0d9d0f0f16160a00,235.5014162037037,42.25818209545798,31.33492434514709,0.05446546305506248,22.337018921234858,
36809,/localhome/local-lintran/MLA2/data/raw/original/images/36809.jpg,1080,1440,0.75,RGB,184174,e2003d430399b0c5864f34133f16d510bc0d81a3f174a974b75904e642b44954,e2003d430399b0c5864f34133f16d510bc0d81a3f174a974b75904e642b44954,7c001c82cbe2c6e3fcd9bf7534e5a621c1d4c3c0ca2315bbf8f8eb797f5737b2,0000080e0e0c0c00,250.7395441100823,17.850204111695795,3.754537681260344,0.004684112524939852,20.284840470031018,
36857,/localhome/local-lintran/MLA2/data/raw/original/images/36857.jpg,1800,2400,0.75,RGB,354980,3c1c23ddec7736f047a45b052cb849d361d42c01f61bd15270c4775ac4048fd6,3c1c23ddec7736f047a45b052cb849d361d42c01f61bd15270c4775ac4048fd6,6c49560fc6d669b1ae1a6d50d176d031f65580c91edf291156f4b94e04648b39,4d4d0e1333233397,216.65205925925926,66.10422917299428,33.255898262178334,0.09689415030664776,60.348460594270364,
36884,/localhome/local-lintran/MLA2/data/raw/original/images/36884.jpg,1080,1440,0.75,RGB,297364,bb5fb49a99417343957d1e0d5d05f76243076e1d03a5f5e7422200682ead6674,bb5fb49a99417343957d1e0d5d05f76243076e1d03a5f5e7422200682ead6674,702d84fd5b7ee7f5802a7d9c1ac489c005962d17be2c355054dd0f1699d32b34,04410c33230e0006,225.44687242798355,68.31956719393084,3.1404159642220404,0.012459570517678212,70.00957051108794,
36901,/localhome/local-lintran/MLA2/data/raw/original/images/36901.jpg,1080,1440,0.75,RGB,477761,74317447cdfbbb300303b490bdc5d6cb6aeb1ebf6a26e99c58d1160b3e4539bb,74317447cdfbbb300303b490bdc5d6cb6aeb1ebf6a26e99c58d1160b3e4539bb,efe2d382d4bdd8f8500397dbc18278f877fbbb88701b1e566e5683fd0aeb8044,0d9c1f1f370e960d,199.6420608281893,80.56284776251314,6.56587284524612,0.02028365698192661,64.84729333178888,
36911,/localhome/local-lintran/MLA2/data/raw/original/images/36911.jpg,1080,1440,0.75,RGB,265918,e0baba66d55565399fdc139e00c737b0a3dfedfeb6584ba2cb32ea05d19342c9,e0baba66d55565399fdc139e00c737b0a3dfedfeb6584ba2cb32ea05d19342c9,fd33d654c2aed1f1f63bdb3d6f8657a20d038c14e0e11cd516431e9a9c4b6e18,002b04072b232300,210.209095936214,75.52458884629434,31.600768816569126,0.1468190910147021,24.733203341184343,
36915,/localhome/local-lintran/MLA2/data/raw/original/images/36915.jpg,1080,1440,0.75,RGB,283604,5197578e47fe85558bed832166c42f5af30ff259844cf1087ddd32064afc88e5,5197578e47fe85558bed832166c42f5af30ff259844cf1087ddd32064afc88e5,23ad5f32d59dd3771ff0182aa1ff92a9feecbd7a99d7a0895f9cabe1c173a625,001900072b2b2b00,210.3727694187243,78.07064803596631,8.322324905917943,0.049801531841687466,38.92903458305984,
36998,/localhome/local-lintran/MLA2/data/raw/original/images/36998.jpg,1080,1440,0.75,RGB,385744,709464615ede410218ee3e0fd2bc4447ed6caec3d95751811d55999de7a86739,709464615ede410218ee3e0fd2bc4447ed6caec3d95751811d55999de7a86739,bcbb4f10f8b057ec64ffb683afae673c95030ad9bfa3430c6a376f912475c7dc,084d361696969600,225.02321051954732,65.42851343135192,10.871173900108484,0.038952643470746735,73.4900781239945,
37004,/localhome/local-lintran/MLA2/data/raw/original/images/37004.jpg,1080,1440,0.75,RGB,275679,9148dd69c952007de3607c4941966d20e7bdd93e99cfb93e1620d8623f04c79f,9148dd69c952007de3607c4941966d20e7bdd93e99cfb93e1620d8623f04c79f,0a014a409977d31c48901c95422e3964b69b6bfd28364a8a9630dfeac23a9aa5,080c162216261600,225.5119463734568,68.35630695401235,22.246300117039514,0.06728602593835536,149.99372433942108,
37061,/localhome/local-lintran/MLA2/data/raw/original/images/37061.jpg,1080,1440,0.75,RGB,323331,f7806431074a878a689d023bbe1208168bde241e9265e97d50a3154d78f5ffc4,f7806431074a878a689d023bbe1208168bde241e9265e97d50a3154d78f5ffc4,c357e1ad78799f995320f1767044c68c9461ca17b0640a4cb2cb7881da2969db,04410e33230f0007,219.85081275720165,73.18730083284566,6.781250218777104,0.04039385384688438,18.6694569931915,
37086,/localhome/local-lintran/MLA2/data/raw/original/images/37086.jpg,1080,1440,0.75,RGB,269361,42fa73219051753ca462f5d29537db3d67202b6fc26e55c2a451f3dbab1f5d28,42fa73219051753ca462f5d29537db3d67202b6fc26e55c2a451f3dbab1f5d28,e55aa9eb9aebc800909eff9ea9c32d546185c3e49da4c7228c1838606c97c43b,000c020c96960e00,228.18710133744855,72.42616821720283,4.805728161909937,0.006773493222341697,67.89435370735035,
37133,/localhome/local-lintran/MLA2/data/raw/original/images/37133.jpg,1800,2400,0.75,RGB,595446,14d6b5e67f5c5b2382cf48ccf073b3ce0161c753c10f114ba7e4129c8a5515b6,14d6b5e67f5c5b2382cf48ccf073b3ce0161c753c10f114ba7e4129c8a5515b6,cc555fc692c9bc8c67172d9fa9f67ee7402ed2103d38db46de673cb7f7a570b7,0d4c871323030717,161.47696736111112,102.84249097553551,14.748550823542152,0.05195972030823193,15.820498969406424,
37144,/localhome/local-lintran/MLA2/data/raw/original/images/37144.jpg,1800,2400,0.75,RGB,627590,2521b538b4aae6f4f03b7f0ec35bf8f4c7239810de93689f028e93f2ffbc3b62,2521b538b4aae6f4f03b7f0ec35bf8f4c7239810de93689f028e93f2ffbc3b62,02ae4b119dcb16feec33645e074f0ddd8f5c83b6079fea07c4ac8286681c32d6,4d4d0f2323232717,207.72461574074075,71.59229289480592,28.561966024705455,0.09357871994502634,32.48326698163459,
37202,/localhome/local-lintran/MLA2/data/raw/original/images/37202.jpg,1800,2400,0.75,RGB,351325,24c8835774ef0bf997b138b80a9e8c877a12183696fc9ab6e0a4eb1dde7668a3,24c8835774ef0bf997b138b80a9e8c877a12183696fc9ab6e0a4eb1dde7668a3,21c6e2391621fedd4239007f9350454a2d824b98dd29bc41f796c297c4ee0767,000c9e9e96960814,231.0089625,56.53258303556979,2.4771462521679632,0.010138559400431119,90.04705574469071,
37209,/localhome/local-lintran/MLA2/data/raw/original/images/37209.jpg,1800,2400,0.75,RGB,360942,1bcd5a110bdb66ec5a02ff08e9df5858597f2ad440bc5acdd91d1dee6b130d41,1bcd5a110bdb66ec5a02ff08e9df5858597f2ad440bc5acdd91d1dee6b130d41,8b823285ca0a0459bc3962e2e18bcd1179a3cd3ffe7ba91dc2af6246a66c002e,008d8d8d0d4d4d00,223.63515694444445,70.09132585690006,7.174925874991405,0.036828767335726056,67.57647166446652,
37222,/localhome/local-lintran/MLA2/data/raw/original/images/37222.jpg,1800,2400,0.75,RGB,328144,bff88749d0e279da979b5bb99931f0e525d2d9d54a0a81db6d11bbcac39df56d,bff88749d0e279da979b5bb99931f0e525d2d9d54a0a81db6d11bbcac39df56d,80df947bbd7212c2cf1bc359f3be65cbc850f0ca0d3614b9e7fc0f46e5c598cc,04000e068d8d0800,237.53500324074074,48.7054349556349,10.808082700000746,0.03652140422469235,55.783299520600295,
37248,/localhome/local-lintran/MLA2/data/raw/original/images/37248.jpg,1080,1440,0.75,RGB,246817,86e22d3bd0d5e37e146fc011b1c807966cd9ba1a66abe28754fd34d84911622d,86e22d3bd0d5e37e146fc011b1c807966cd9ba1a66abe28754fd34d84911622d,6b952943cf52ca604b5c05fe244f5bd7542ca8a4db0af743044cafcc40a723a0,3806793e1703200d,216.82712705761318,72.8278907582923,3.8905393963867936,0.015975087473619518,23.81632141524126,
37292,/localhome/local-lintran/MLA2/data/raw/original/images/37292.jpg,1080,1440,0.75,RGB,86126,1de70a225924f068e00099f706cfc8c9d8214deafc06e664a384b66601fdff67,1de70a225924f068e00099f706cfc8c9d8214deafc06e664a384b66601fdff67,5bc923c7a73615cea9f33d75f756d5fe06b3f6294a1843771bb278b518202a22,0c4c4c0e064c4c4c,245.44207175925925,24.684857547865874,2.3427363574332505,0.006071853943842668,20.138057453955753,
37297,/localhome/local-lintran/MLA2/data/raw/original/images/37297.jpg,1080,1440,0.75,RGB,359569,b8bc754589c83fbd04d8d45ed9089ca7467f23bdb0cf63d00f5c890792619a77,b8bc754589c83fbd04d8d45ed9089ca7467f23bdb0cf63d00f5c890792619a77,0b40d5e210380563e1fc2b298541cf71eb7da8e8d861043de42be9f6bad03aec,9e8e8e171f969e8e,175.34216499485598,96.87961543840824,27.298920666927565,0.04651293715335819,90.64374557576225,
37313,/localhome/local-lintran/MLA2/data/raw/original/images/37313.jpg,1080,1440,0.75,RGB,689716,bc10420bb4b673195672e92d9a7de5f833cdca01ddea2a8726639cc1a0c991e3,bc10420bb4b673195672e92d9a7de5f833cdca01ddea2a8726639cc1a0c991e3,2a2a6edeb661432edf5888657c88cfa9a657754eb38edb596f66af2bafe399d6,071e0f4b4f2f1686,171.04294688786007,97.05703003811182,9.515508366841274,0.040252328056490434,355.33115950422797,
37318,/localhome/local-lintran/MLA2/data/raw/original/images/37318.jpg,1080,1440,0.75,RGB,496221,d8eb3b01ec4e1163d8d22ce34aafd3d6459ffad75c4ad027ab0be522eb97dcbe,d8eb3b01ec4e1163d8d22ce34aafd3d6459ffad75c4ad027ab0be522eb97dcbe,11592c5c969ecf3900ed4318435bbcd41be8c826415d68a6b2fd0906ba569450,16961b6921139616,151.14284915123457,103.96645194484431,21.265010228349922,0.043498048144533064,49.71741637386257,
37416,/localhome/local-lintran/MLA2/data/raw/original/images/37416.jpg,1080,1440,0.75,RGB,307290,da2dcc663216d21e2b25e2db1a7f256f56ac9affdf1759a927aeb6edcdb65231,da2dcc663216d21e2b25e2db1a7f256f56ac9affdf1759a927aeb6edcdb65231,154fd51126fad59a714324beeac209b012760bb6e4848c8260ed4cbcf3c75f6a,08004916572b1600,242.74211033950618,34.48226487510409,11.130963404709107,0.020616105004995652,47.54062898181397,
37423,/localhome/local-lintran/MLA2/data/raw/original/images/37423.jpg,1080,1440,0.75,RGB,497866,3b4c3355dfba30e2f1ae696e219a9301f74f8dd6f8bab3d02f1d62a31ed5608f,3b4c3355dfba30e2f1ae696e219a9301f74f8dd6f8bab3d02f1d62a31ed5608f,7876833a2bd35ad607cd3e46fcb5f9d453734cbd920c2aad9daaa942c820d43b,2857963327230700,208.69989840534978,81.0046342726898,10.901024920043536,0.07101145035939661,116.1118720800031,
37428,/localhome/local-lintran/MLA2/data/raw/original/images/37428.jpg,1080,1440,0.75,RGB,410779,aded5cfa9b0cde51d4533c52c6f78727c23ec00799a5f7c6e5e87723f7dc051b,aded5cfa9b0cde51d4533c52c6f78727c23ec00799a5f7c6e5e87723f7dc051b,03a4061eca6fcaf875d40079fac17a528572eb7de61a338860d03b1df8bc39ae,284d92332b2b2300,215.56549961419753,62.710046908018576,84.73820153199723,0.19790243557505657,61.122560716629984,
37463,/localhome/local-lintran/MLA2/data/raw/original/images/37463.jpg,1080,1440,0.75,RGB,264048,c7074752982bb2239eb34559943df785bb76e9643f4c96177002a5e75396f1a9,c7074752982bb2239eb34559943df785bb76e9643f4c96177002a5e75396f1a9,e622844e84fabc681abc63edcfab26e150623895af30fdce6e1bb14aa4117336,002300032b2b2b00,205.67446502057612,85.75396925972674,1.9833000352056067,0.01646157520839568,24.63252956999627,
37495,/localhome/local-lintran/MLA2/data/raw/original/images/37495.jpg,1080,1440,0.75,RGB,461465,6abf379a7b3c2d79d4659dd062b34649d0dd169135903ccb25953876ea3e703d,6abf379a7b3c2d79d4659dd062b34649d0dd169135903ccb25953876ea3e703d,ee5e7201763db9a7616fd8ac7ff0d7b558ef45e6c8e91a8977df5908921d324c,8d9e234949339e8d,216.57129179526748,57.42947832336918,12.08454300307829,0.040467202716489965,44.5281703283267,
37513,/localhome/local-lintran/MLA2/data/raw/original/images/37513.jpg,1080,1440,0.75,RGB,223907,8809a76520ec1cb5b689601f33f1a06facbe4cfb5a9b1c6bfa4f3881f4f4eb7a,8809a76520ec1cb5b689601f33f1a06facbe4cfb5a9b1c6bfa4f3881f4f4eb7a,f6eed098b29b65df22b854676b4551dc3292f2e5dfb8132c95bbff7ff5711100,00000000334d3302,247.14249485596707,21.56343826610081,0.7492597114417825,0.0006707280238976136,17.011761715381546,
37523,/localhome/local-lintran/MLA2/data/raw/original/images/37523.jpg,1080,1440,0.75,RGB,261926,280384ed0a217eb8d01c80a581aa51c63d20bb90d165e5ba1085a6a1c82e7acf,280384ed0a217eb8d01c80a581aa51c63d20bb90d165e5ba1085a6a1c82e7acf,e81db6ecc3756a2251587e2f2ad6f6550e4ea9b8c30523b42cc9c1c6ec726c71,00000e0e0e1d0800,245.7048231738683,25.453069880587044,30.265121227653122,0.05600948899604093,19.99121394648442,
37524,/localhome/local-lintran/MLA2/data/raw/original/images/37524.jpg,1080,1440,0.75,RGB,275498,f30183799007b31c4a213f275a9bf1ff9389ec396b7a93efdf0840011496d0e4,f30183799007b31c4a213f275a9bf1ff9389ec396b7a93efdf0840011496d0e4,2ac6f7c869e3aee88e1d549be85da0838d7e08851d1d7530f6e2ad0185e6e227,04000e0e8c0d0800,244.22162229938272,26.10630872290517,20.236773879663883,0.03490308275006564,22.166657013784317,
37539,/localhome/local-lintran/MLA2/data/raw/original/images/37539.jpg,1080,1440,0.75,RGB,198218,08994333318d86c19a5f3fd7682a13bd47b2211e4d4b8a989223767b1b4f64c2,08994333318d86c19a5f3fd7682a13bd47b2211e4d4b8a989223767b1b4f64c2,1764b2834f0fccaf39d6b08e637479754582f02ce634c15149e4378f3a582efe,000000101b0d1302,251.6589904835391,8.327910955585962,8.363617771719147,0.0031126648566400187,6.165241257706218,
37570,/localhome/local-lintran/MLA2/data/raw/original/images/37570.jpg,1080,1440,0.75,RGB,304710,76912da8c535658ad2bfde69c705bf3843da5de50151322e45bd381465a7f496,76912da8c535658ad2bfde69c705bf3843da5de50151322e45bd381465a7f496,e0534346b455ff8d84796a9fea47e1d1f903fb3c055bea4b3e6866a1089be506,0800140f17170000,242.96000707304526,27.676726212515497,25.324214105330626,0.04783004486993373,25.851962109219148,
37579,/localhome/local-lintran/MLA2/data/raw/original/images/37579.jpg,1080,1440,0.75,RGB,325585,b083071250d3858d23398a3bfbd4e2db36cfc8e6b4fe1d4e1bc9063296f156d9,b083071250d3858d23398a3bfbd4e2db36cfc8e6b4fe1d4e1bc9063296f156d9,a2f920fa79e5a06ec77b1f1bf05ccedd99a849d4d2dfa5286867fc49f65e2a7e,0000001505333333,245.69791730967077,16.550120069493886,12.44667168945485,0.008079845596885168,13.07638454509183,
37608,/localhome/local-lintran/MLA2/data/raw/original/images/37608.jpg,1080,1440,0.75,RGB,223974,b2325f3ca353bd883cc9e288b43ec9cfdf6e2351600e6596e8747836731383fc,b2325f3ca353bd883cc9e288b43ec9cfdf6e2351600e6596e8747836731383fc,5605ebac6d99e8fd5135fa9ab4f0b2269a2ddf927cc2b03e1463217ecbbc2ded,2a0097974c0e0800,228.84707883230453,58.83980519537991,47.237881842741196,0.10343943260748899,20.59652045767533,
37639,/localhome/local-lintran/MLA2/data/raw/original/images/37639.jpg,1080,1440,0.75,RGB,270160,17119594befa649660c02765a6e63935a7e2a3c8f1c0bfcae5592a5469fab2dc,17119594befa649660c02765a6e63935a7e2a3c8f1c0bfcae5592a5469fab2dc,1010c2e158383941e24f8561f53a28f4e2420d50c4aa028c441c31e540edfa0d,01100f0b0b0f0641,195.33931712962962,93.93935866929418,8.470809578612778,0.017551565714149387,22.310320861809338,
37655,/localhome/local-lintran/MLA2/data/raw/original/images/37655.jpg,1080,1440,0.75,RGB,443654,8ddc01b8bd82cf87b99710042c001806425e3368d5eab429f5937e5a2d8654f9,8ddc01b8bd82cf87b99710042c001806425e3368d5eab429f5937e5a2d8654f9,84e9501d944dbf55c0a4132006c700a4b48a903641786d6e091d7bc07b42474e,0c0d1d8d9c0e4e0c,245.32629822530865,18.124822477293034,12.384036292354686,0.03169618460104177,24.49222556855477,
37656,/localhome/local-lintran/MLA2/data/raw/original/images/37656.jpg,1080,1440,0.75,RGB,431580,713ad73fe5b1c85de2736e64c3a70ff38fcbdc4edac082b748b992b5a240deda,713ad73fe5b1c85de2736e64c3a70ff38fcbdc4edac082b748b992b5a240deda,cdc1fda30c1c529798e79e6c1cb2859e6bfcbf6cac3e05fe0a46cd725eb2e873,183d2d0d06830726,179.92091306584362,105.55447457604218,36.14490184837902,0.10267623561088404,34.33495051288982,
37674,/localhome/local-lintran/MLA2/data/raw/original/images/37674.jpg,1080,1440,0.75,RGB,396297,e873e092a42e6eaeb47844a6075beb1c1d1b100d94eabb6b4429d2e6aa02d2a8,e873e092a42e6eaeb47844a6075beb1c1d1b100d94eabb6b4429d2e6aa02d2a8,3b5818f8de664406624beac5c1d1f2f9302eba31c34a28e68f48026dd199554a,409e1633333b0f00,186.7212326388889,95.6624855938737,45.21363520902789,0.08645456757986614,174.40173108356822,
37686,/localhome/local-lintran/MLA2/data/raw/original/images/37686.jpg,1080,1440,0.75,RGB,722424,6a3907b745981cf683c2181b53f419b3eb0e5aff1c19109e46aaf436dd9a1227,6a3907b745981cf683c2181b53f419b3eb0e5aff1c19109e46aaf436dd9a1227,e6914cc8f4ec13df31d95d2f7b5a1e05fdd735f31737bdefc3ccf4f3fd325596,0c0e2b2b2f0f1700,178.88820730452676,88.34278429569368,2.806783705156842,0.025664973191564463,490.9952681570717,
37747,/localhome/local-lintran/MLA2/data/raw/original/images/37747.jpg,1080,1440,0.75,RGB,257795,1ab89b3d8c461d889cf5c3d4c427b2afc5cd5db08de5be77195c7d9f14b6efaf,1ab89b3d8c461d889cf5c3d4c427b2afc5cd5db08de5be77195c7d9f14b6efaf,1131b4b8b2d89065cd52147525ee026d4f4cef01684e3cfbd43803786aba8d72,4d4d862327270696,203.43893711419753,70.91175845998859,28.22299047432437,0.11655945000914142,80.74785480777894,
37894,/localhome/local-lintran/MLA2/data/raw/original/images/37894.jpg,1800,2400,0.75,RGB,507214,7303d79b6284d8b99bf06057c768d5a61dec03b85357ef47c2a033add5377d22,7303d79b6284d8b99bf06057c768d5a61dec03b85357ef47c2a033add5377d22,855087f01b725ae1d0bbce32678a4cbdee4c2019f55c51c5785e75d78552bc36,8e9f1d5c4e4d0d24,211.375925,78.51083976719349,14.848193901263572,0.04705650473580424,25.519679589615322,
37896,/localhome/local-lintran/MLA2/data/raw/original/images/37896.jpg,1080,1440,0.75,RGB,894235,3cc29b03335c360b72d003252544d9c97f5d2c1004e9254e6ac979138ab89c14,3cc29b03335c360b72d003252544d9c97f5d2c1004e9254e6ac979138ab89c14,f6090e76ecbb0d796ae6a20d345eee8127f3db8f344461b1ebd8b434202a1713,372767666d6e5f0d,194.5022003600823,75.45473111118817,60.71364291162558,0.24258587497640535,69.9844115602919,
37907,/localhome/local-lintran/MLA2/data/raw/original/images/37907.jpg,1080,1440,0.75,RGB,221491,fe0799d3c5c6b4d0d1925c71da6e454d5dc4aa48db5bea1505c7162cc4a984b4,fe0799d3c5c6b4d0d1925c71da6e454d5dc4aa48db5bea1505c7162cc4a984b4,7a16de1015ee37285608c6e11ea566c38d070be9affe7968a6e344c3fd048534,000d0d4d4d4d0c0c,244.25564364711934,29.393643818302813,12.942787305038703,0.024031546350424385,19.429579649149904,
37946,/localhome/local-lintran/MLA2/data/raw/original/images/37946.jpg,1800,2400,0.75,RGB,791031,64425ecb605c30b89fc81e9000898073a4a3e3cab9de0b70bd5eebf0411514a3,64425ecb605c30b89fc81e9000898073a4a3e3cab9de0b70bd5eebf0411514a3,0a38e69fa2d5b81d3700db618c4f9a0cc150ec532690a3ecb8f3c32f54a5e1dd,0d44961323169696,198.21897037037036,78.30460494260629,64.90581373037152,0.26002779045514135,31.690964936659025,
37989,/localhome/local-lintran/MLA2/data/raw/original/images/37989.jpg,1080,1440,0.75,RGB,324287,a19297db666a460954f1828d55b05020be8aeaf367e2bb79a8f2fdcde289817c,a19297db666a460954f1828d55b05020be8aeaf367e2bb79a8f2fdcde289817c,ae6011f6d0e22f4e3497a1cbc908941452496a139b3d52b3020a9be5e648ee0b,1696969696969600,189.16331404320988,96.646429044173,0.0,0.0,19.41583780583549,
37992,/localhome/local-lintran/MLA2/data/raw/original/images/37992.jpg,1080,1440,0.75,RGB,224458,2b334b3923b67a882f68e751cd11ee6625389245f33ca10aa6e5a38a62dd419d,2b334b3923b67a882f68e751cd11ee6625389245f33ca10aa6e5a38a62dd419d,d90a06104cce1b52204a4ba6148b0f341155d6dd672642b4e7f62d4fca1945aa,00030003230e0006,227.06414544753088,72.34947202332542,8.131382509933436,0.034273956581056246,16.901952456336794,
38042,/localhome/local-lintran/MLA2/data/raw/original/images/38042.jpg,1080,1440,0.75,RGB,463722,650e1393f61bd3bced878b7660b0fe6b7f649e718907424d59b6be405e8ca885,650e1393f61bd3bced878b7660b0fe6b7f649e718907424d59b6be405e8ca885,5bae52bf9205cd73418ad770a3516286adee5b6fda4c40554d17281b2f5641a8,4e0e930f0b930e4e,163.811143904321,110.23008170163999,5.914790900718968,0.021550942579542702,88.63122707440442,
38142,/localhome/local-lintran/MLA2/data/raw/original/images/38142.jpg,1080,1440,0.75,RGB,217390,db937664dbd7fe201682317bdcb6b11a1c887ccc2606811652417c4b8a3a5ff6,db937664dbd7fe201682317bdcb6b11a1c887ccc2606811652417c4b8a3a5ff6,cefa11dc6d62f959e058f593e140d9af5fca4fc7734f876badf2a2a871343fd6,0c0e97970f2f1f00,188.24165895061728,83.69447998410415,48.744918972329266,0.14014980615137076,130.15260177355626,
38149,/localhome/local-lintran/MLA2/data/raw/original/images/38149.jpg,1800,2400,0.75,RGB,1126045,e62fce2dbace800d7743922b9a914291f99975484723073ca22fb9df930b9869,e62fce2dbace800d7743922b9a914291f99975484723073ca22fb9df930b9869,fe5d175f8b83b246c48c3de4291dd48a3eaf3637115a38e02d695c3828a5d5a0,0d0d07130206161e,196.04542847222223,76.86499562667714,72.64306952302174,0.2731495608112559,29.832190532434748,
38171,/localhome/local-lintran/MLA2/data/raw/original/images/38171.jpg,1080,1440,0.75,RGB,226291,8448833ba705aea82c2ebfed57f0bbe7774c50fd0280eb04ab2a07a087a0c183,8448833ba705aea82c2ebfed57f0bbe7774c50fd0280eb04ab2a07a087a0c183,ad117173591044357afe614483c4ea9cb0cafa99e2a46ff1b0c655487f37e4ab,000900430b1f4009,239.99723315329217,49.76683155039863,16.420736718815675,0.04556887538158379,24.579763697440054,
38180,/localhome/local-lintran/MLA2/data/raw/original/images/38180.jpg,1080,1440,0.75,RGB,89739,d188e2692f2063747ac0027798e7162bb1f81a25897647a4f8e53db9319fefb0,d188e2692f2063747ac0027798e7162bb1f81a25897647a4f8e53db9319fefb0,3f5967d3cc93aadf7975ccdd4e5eb200efb9e6c52e67f6e8b6e6b1ec9e818584,001104490b0e400a,241.74154256687243,41.29275223482518,12.73045909625576,0.02831948823406608,17.215455551694404,
38212,/localhome/local-lintran/MLA2/data/raw/original/images/38212.jpg,1080,1440,0.75,RGB,171521,8efa83adc823f3ab46e3134fff2f3d9937b2732f5a1bbc1bb05f3e97cd2dfa2a,8efa83adc823f3ab46e3134fff2f3d9937b2732f5a1bbc1bb05f3e97cd2dfa2a,d88e504f170be4ba21c76aa5089ffe6c3c2e11afe0fd56b6e4f9305094a62e83,00001865490f000d,246.68737204218107,33.02819465206978,3.6961367269502294,0.006942646612225717,11.639466131253458,
38223,/localhome/local-lintran/MLA2/data/raw/original/images/38223.jpg,1080,1440,0.75,RGB,200870,bfa1605f4d8d449e1f38b93e820235eb1d4d5d151636555ba91cd3a22bc59e30,bfa1605f4d8d449e1f38b93e820235eb1d4d5d151636555ba91cd3a22bc59e30,0bcaac0ca33f5b5c93db744f2ed082a6fa0f403490852e393ccddc4e843b3c56,0001244b1b1f000c,240.0841602366255,44.69020379172059,2.2402597792902967,0.0065601557389463536,15.449617102333423,
38231,/localhome/local-lintran/MLA2/data/raw/original/images/38231.jpg,1080,1440,0.75,RGB,189414,496a9e3a2a739589bc1b1ee7572f9053b5328f2292754885814a42ae6be3968c,496a9e3a2a739589bc1b1ee7572f9053b5328f2292754885814a42ae6be3968c,478742fa9fa63b8c3fe0386d93e872062b8a7c2b1b83eff0947abe101383d3ed,000114411b8f400d,241.39656057098765,42.52088894331093,3.0316750903707126,0.006851483309116693,10.399552106258929,
38316,/localhome/local-lintran/MLA2/data/raw/original/images/38316.jpg,1080,1440,0.75,RGB,331476,8a094638f5b87915610034d01b4039bdd9900053d7881af4629a5e8709e11178,8a094638f5b87915610034d01b4039bdd9900053d7881af4629a5e8709e11178,decfdc5db06103e70bb0690b454d911c5e35f63b05f043d18ff3da582b2a2279,0a4d8e3b2b3b2f00,198.7939525462963,80.92128938637856,66.36656150960228,0.30500424258070735,39.27902235607552,
38364,/localhome/local-lintran/MLA2/data/raw/original/images/38364.jpg,1080,1440,0.75,RGB,238728,5405475e80e3ecf8b9dc8ccb99796ac071bad33e008a4a9460f51bd3bc1e1dc4,5405475e80e3ecf8b9dc8ccb99796ac071bad33e008a4a9460f51bd3bc1e1dc4,1310b0adf068419e4f3a4726456112021bba691f310dbc91668fca8c6f7bcade,000300232b2b2b00,204.6524659207819,86.55296289457827,2.6603962005205326,0.022282630431968042,20.871923626394842,
38381,/localhome/local-lintran/MLA2/data/raw/original/images/38381.jpg,1080,1440,0.75,RGB,126192,83eaa5ea65d887c7d966752f19a124d32a7b50d1a3bc443146fe6783172b0de4,83eaa5ea65d887c7d966752f19a124d32a7b50d1a3bc443146fe6783172b0de4,531f3656f5d6ef7e3f21a575db9ceb9646d412c1edefb445e582594e3b19a599,0001003b23070007,232.21674639917694,56.7422065736992,13.18842833246552,0.03957616477205535,28.923134741367104,
38449,/localhome/local-lintran/MLA2/data/raw/original/images/38449.jpg,1080,1440,0.75,RGB,289073,2a3c5b2686b327944766291ad5000645d34807fcb1f810e2483efa2f4f04be60,2a3c5b2686b327944766291ad5000645d34807fcb1f810e2483efa2f4f04be60,ccc68317e52b3a55b6c826b84ec4f12469241d2b723405a24e734648af59cf96,0c16921696161600,213.0705992798354,83.19397224592959,11.248644738632763,0.09451688578571978,82.72757378019743,
38476,/localhome/local-lintran/MLA2/data/raw/original/images/38476.jpg,1080,1440,0.75,RGB,444576,21f2622661143c99e4fbdcb946e6a7ed032f28c6e83cadc79f2331c892196923,21f2622661143c99e4fbdcb946e6a7ed032f28c6e83cadc79f2331c892196923,b7b02649df296132a02914fdecbadac4c912bc1001d5c5f3e91dcd845f5cc658,00028023132b2380,224.21494727366255,52.774771077462745,68.5218576643871,0.18821495228619367,32.81468846931027,
38487,/localhome/local-lintran/MLA2/data/raw/original/images/38487.jpg,1080,1440,0.75,RGB,263205,82eb2e941b506a2a518f9b8ff31fb8628883cf1239c2304e4a8b0b1bc0cef424,82eb2e941b506a2a518f9b8ff31fb8628883cf1239c2304e4a8b0b1bc0cef424,12ee9db2cbf6a59f41c46c774c659886e0fab067f1884252aebe48c1cdb1c2c0,00610c2b230f0002,227.82363361625514,67.49224882310654,5.93473729636057,0.009591802229506171,23.318436361764288,
38490,/localhome/local-lintran/MLA2/data/raw/original/images/38490.jpg,1800,2400,0.75,RGB,390359,7d20f55a0875962f637be852c2e9321c9e31adf51431465518421b582b44494e,7d20f55a0875962f637be852c2e9321c9e31adf51431465518421b582b44494e,a02c7102b6cb995fd4e188ae7756c742e7b1c38dcfd7ab73203bd638e2a627d7,2f2726252707070b,211.59878032407408,70.46953539863469,57.23236653161536,0.1711610765314733,16.452746242386347,
38534,/localhome/local-lintran/MLA2/data/raw/original/images/38534.jpg,1080,1440,0.75,RGB,201304,c30674b541ee0d264d7d70c9ba31e58424ca5e0b0f4177cea7f354585fa463e3,c30674b541ee0d264d7d70c9ba31e58424ca5e0b0f4177cea7f354585fa463e3,50c50b84a70ff1c66b2b8cee46c1261932d1ed96283bc086da06e730504bc9c5,1806391e07032001,218.95924961419752,74.0285386332777,5.512833235870646,0.031946301076486716,11.695941284734289,
38549,/localhome/local-lintran/MLA2/data/raw/original/images/38549.jpg,1080,1440,0.75,RGB,397489,4726977f24f4dba2a56305ead02660a58d6dfcf553a88455eafa1e2d4e88d5cd,4726977f24f4dba2a56305ead02660a58d6dfcf553a88455eafa1e2d4e88d5cd,192ce30d04adfbd811239ca91a65b823d912bc8efc8c3c528a8867a8d47c817d,001a492e17490411,234.41620756172838,55.87407907629069,27.96412716413188,0.031082844859545232,150.7949837188051,
38580,/localhome/local-lintran/MLA2/data/raw/original/images/38580.jpg,1800,2400,0.75,RGB,120136,37d96e21d7c349226173bb67b418ba81a2a358da3f6a4e674c61d231883dad4d,37d96e21d7c349226173bb67b418ba81a2a358da3f6a4e674c61d231883dad4d,c57ffa22278cc1e8b1aadc1b4526df728c5e2c3e65d4dfa27eb280c3802f60f1,0017031316820200,239.80638055555556,26.145004115785426,10.23622543484029,0.012837096909073384,8.26042289075708,
38586,/localhome/local-lintran/MLA2/data/raw/original/images/38586.jpg,1800,2400,0.75,RGB,147429,24c8ae375ffd45e57165abe0377380259853d14762a95483a3445d89d55487aa,24c8ae375ffd45e57165abe0377380259853d14762a95483a3445d89d55487aa,951af1918090c8178b265ab26acc3166be1bd897b71feb5ac1e9586f57039c15,0017339696161600,222.48806597222222,51.39028376502071,66.72168050870164,0.16267232889939617,13.00737580768429,
38603,/localhome/local-lintran/MLA2/data/raw/original/images/38603.jpg,1800,2400,0.75,RGB,873527,7751ddfa7ff4649b08903f2f9485bc2ada8e48c095f13d179d2e3ca8b9eea3d7,7751ddfa7ff4649b08903f2f9485bc2ada8e48c095f13d179d2e3ca8b9eea3d7,c1fd9512b02fdbfb54f1038ecd69490191a92999915bdbbacf2cad270b442c26,8016333716060600,208.84680833333334,67.50031278321444,60.07758447380048,0.21135418773487935,13.462645498969406,
38604,/localhome/local-lintran/MLA2/data/raw/original/images/38604.jpg,1800,2400,0.75,RGB,420166,161ef67fd71e11f2f1281f11bb8475f96ba94bb59ff6e25f5d024629156754f2,161ef67fd71e11f2f1281f11bb8475f96ba94bb59ff6e25f5d024629156754f2,e0f86645ae608701f3e51bdb7dfd558c6e65a273961e568c5c4710a42378ac9a,00170f0f8e869200,233.5645460648148,41.58198955199009,19.392530056561046,0.03903744836522107,44.38613932698765,
38605,/localhome/local-lintran/MLA2/data/raw/original/images/38605.jpg,1800,2400,0.75,RGB,591498,37c6f08dc641e42eb08f123743f4e5fe3ad396cf38eb419ade871afef5b8b69b,37c6f08dc641e42eb08f123743f4e5fe3ad396cf38eb419ade871afef5b8b69b,c9b978a7566afff54d2e1cf8707b5f360a56acbadc567e73c419033c78fd8842,00171b0f86063600,229.180475,43.628848621240465,89.69231974689376,0.25706358432896476,46.296656708122,
38650,/localhome/local-lintran/MLA2/data/raw/original/images/38650.jpg,1080,1440,0.75,RGB,314252,8694109540a5316de3c298195c43d6fe76fc318308b99a533cb1ac6ff7dda143,8694109540a5316de3c298195c43d6fe76fc318308b99a533cb1ac6ff7dda143,d05f4962bd1bc8ca9f389352c3844e471d085fd99b613325ad5e2c6e042f3238,1806591e07036001,224.99980709876544,71.00274772050703,21.183772945031183,0.044964792781711546,17.717314696835142,
38651,/localhome/local-lintran/MLA2/data/raw/original/images/38651.jpg,1080,1440,0.75,RGB,230427,d5b27ae448cf55c6affcc16936917458b5e2fcd1b90a56be1c327cf7be01aa8d,d5b27ae448cf55c6affcc16936917458b5e2fcd1b90a56be1c327cf7be01aa8d,bbeef84feda41f9c51d6f522e405b51b038aaa13321cd97a7675d8bf9a6db363,0822282e07030001,220.2848321759259,73.95837684143302,1.244767340348054,0.00412073868052186,26.118846287501448,
38687,/localhome/local-lintran/MLA2/data/raw/original/images/38687.jpg,1080,1440,0.75,RGB,376413,75f8e38558a7a9a81aa25cc32fda4966d9b55b0418c35db2f70d9540487c695b,75f8e38558a7a9a81aa25cc32fda4966d9b55b0418c35db2f70d9540487c695b,5218e25afdd68414641c308acbfafed362d0ee3e211a522e6dd78c732fedc87e,000005000f171500,226.85942644032923,60.69552647463542,19.40564875576527,0.05901344674888305,75.36201976910306,
38717,/localhome/local-lintran/MLA2/data/raw/original/images/38717.jpg,1800,2400,0.75,RGB,998708,7cb093f6532e857188e4d9af6fca21eabd013a2d1844bbb859caa422892a24d0,7cb093f6532e857188e4d9af6fca21eabd013a2d1844bbb859caa422892a24d0,ae483f963929677d60542d12256ae66f47d92bd2d62fb3fb4ebcc93220a1ee9b,4d46078b0b26261e,207.65876087962963,75.69310808248531,33.74896526246693,0.1414801191633155,226.10429838578938,
38738,/localhome/local-lintran/MLA2/data/raw/original/images/38738.jpg,1080,1440,0.75,RGB,156421,75ca8a71b087dc80d3d1976e1c2897c0955ac7f6cb6f39c96e222db74d1beab4,75ca8a71b087dc80d3d1976e1c2897c0955ac7f6cb6f39c96e222db74d1beab4,b837afab2195dc6d3731b2f4ab9717a2a78887ad9a06c6c9aa720dbf873724e5,4d0e232b23231f00,191.2131796553498,85.24088138985132,7.26114565914689,0.004742852934932431,50.42458910897461,
38753,/localhome/local-lintran/MLA2/data/raw/original/images/38753.jpg,1080,1440,0.75,RGB,184897,66448e8426c3315a65676e8017f774b66b772c4393294a717e957cdce0587ecc,66448e8426c3315a65676e8017f774b66b772c4393294a717e957cdce0587ecc,a1741dc7944bc879dbcd9a89dc95b3ee385d0b1b7b6425e66b1aa9acd2f67cfd,0805364173370e41,217.8673186728395,78.7283243641579,2.769434117739145,0.0004403476044976506,67.6114862864718,
38783,/localhome/local-lintran/MLA2/data/raw/original/images/38783.jpg,1080,1440,0.75,RGB,124959,d0785bc874b1ed11c02b361e2ec5e545acb7f6694f7809984d12a672bd2bdb4c,d0785bc874b1ed11c02b361e2ec5e545acb7f6694f7809984d12a672bd2bdb4c,f9feb0d2dc7451702bea26ac9322faff67561bb7fb4c1caa243d87d54d15cef5,1801780f07070019,213.43421167695473,76.72398949397677,9.549506766565662,0.04820801590948594,29.783770930666563,
38787,/localhome/local-lintran/MLA2/data/raw/original/images/38787.jpg,1080,1440,0.75,RGB,464248,e9bf1a81590bfbb04f25cdfeb396c59c6adea4e39a40cf1f3325589597542d34,e9bf1a81590bfbb04f25cdfeb396c59c6adea4e39a40cf1f3325589597542d34,7fb7fa9cd0126ea2375034e26ed59adef252bf279cede39dc763367e665d6515,00393c6e03074001,211.6150713734568,73.13233752423085,22.84089261702402,0.09206256858945572,23.64511435447958,
38822,/localhome/local-lintran/MLA2/data/raw/original/images/38822.jpg,1800,2400,0.75,RGB,339925,d61289cb18361a5e4afed6e09a51e38bd70220555bf62b1f44e5cfe18f94a0a3,d61289cb18361a5e4afed6e09a51e38bd70220555bf62b1f44e5cfe18f94a0a3,7d063ff7fc97e7cc53a97de2a8b9cc475dc9bfc823ac436cd9aa5efc9d72b50a,0d05079393939696,214.0769659722222,67.84049926037194,33.0752795421899,0.09751453799780992,40.57519002292781,
38856,/localhome/local-lintran/MLA2/data/raw/original/images/38856.jpg,1800,2400,0.75,RGB,384834,e578de331c35db0f51fa30827bf463ef8877ab1d2fdfa9befaadf5eafc3ba624,e578de331c35db0f51fa30827bf463ef8877ab1d2fdfa9befaadf5eafc3ba624,a06fb26dc795b52cf4babf7128aab6d9984145d8126234a05add1298146a327c,0d46078b871b0e1e,212.32105277777777,64.61891291357662,30.158103132545143,0.11366521454120779,52.895042844901454,
38937,/localhome/local-lintran/MLA2/data/raw/original/images/38937.jpg,1800,2400,0.75,RGB,324697,5a5c70611437c216c1b5cb3856bdbc144378ab8260263f91cf24d461ea33148b,5a5c70611437c216c1b5cb3856bdbc144378ab8260263f91cf24d461ea33148b,e13fdae1700183cdbbb0493d6bcf16eb56e39667712a79deec223f30dab00049,2a00162333130023,206.5976863425926,80.7172233901967,7.804670351548525,0.054007393250796856,65.84256513582991,
38956,/localhome/local-lintran/MLA2/data/raw/original/images/38956.jpg,1800,2400,0.75,RGB,385981,3e47cbe4e2dba727cf39e0da687e09ebfebca40820f3aa17ed69d56f376ec38b,3e47cbe4e2dba727cf39e0da687e09ebfebca40820f3aa17ed69d56f376ec38b,d4e676636444682d976fc3f11e5bb87f89e74661b337976081ee1332d5e8559a,2b00171796960c00,216.70833703703704,73.35152671625129,38.54608919476894,0.13773117325048748,25.349122258505293,
38963,/localhome/local-lintran/MLA2/data/raw/original/images/38963.jpg,1080,1440,0.75,RGB,517353,8b60916d454fa7426d6bd4e07f6cb898bb38eff0f8932613421ea3b4f723b9a1,8b60916d454fa7426d6bd4e07f6cb898bb38eff0f8932613421ea3b4f723b9a1,9e1216d47bb73aa7ceb5a2e2dbb81833204177f097f3a72537fba589c6330fee,9e968696969f9600,205.62984310699588,76.24450725899369,19.000125907346987,0.03388360779975271,141.25662059024157,
39011,/localhome/local-lintran/MLA2/data/raw/original/images/39011.jpg,1800,2400,0.75,RGB,538776,69d7ec69778bce846fee38b73b4231ae478504100f43a38a0da83d8cfe881507,69d7ec69778bce846fee38b73b4231ae478504100f43a38a0da83d8cfe881507,4bdde4c2c679ce2e7ff175a13622c0c7c2578a0b9fc088bd1c419abb75e1c5b8,00968e0d0d4d4d00,239.5119048611111,34.46254587896064,42.83989601021064,0.08666917392468643,3.1446177540007874,
39033,/localhome/local-lintran/MLA2/data/raw/original/images/39033.jpg,1080,1440,0.75,RGB,182511,4690f5236d4702d21853e1e7ce2a6a1f38adc3296bcb5ebee5cd5dfccf0f87f7,4690f5236d4702d21853e1e7ce2a6a1f38adc3296bcb5ebee5cd5dfccf0f87f7,3a3896c821f4e90ac40deddd10a3cd330cd40daaf32a60dca443fc34b041e056,000600071b180608,248.1741846707819,30.83106861851065,7.472024235473766,0.010394458997206034,9.353978918104946,
39043,/localhome/local-lintran/MLA2/data/raw/original/images/39043.jpg,1080,1440,0.75,RGB,223021,f2ae399b5e77be791a20134d4d2dd48f3bb2130a39c23b25c5d810cada1ab57a,f2ae399b5e77be791a20134d4d2dd48f3bb2130a39c23b25c5d810cada1ab57a,cfe08823e1f6e7a5a52ebf9bc228e6a319acfe3155ec092feb558464d4f2b01a,000a00270b180208,248.10219521604938,29.74941795892851,1.2038232234489623,0.001346650390063158,34.44578876919315,
39062,/localhome/local-lintran/MLA2/data/raw/original/images/39062.jpg,1800,2400,0.75,RGB,357291,0085fbc56954fd275dda6796eb5388c0329f340baf066e9ab241bab6d2b1d33a,0085fbc56954fd275dda6796eb5388c0329f340baf066e9ab241bab6d2b1d33a,828507e19b09e42f376afe20b3c98f1548a9b033bbbc4b41ac1cadf269002353,0e0d261607271716,199.1602175925926,82.08588332332894,44.89308736868909,0.1617482110990375,31.400754996641886,
39142,/localhome/local-lintran/MLA2/data/raw/original/images/39142.jpg,1800,2400,0.75,RGB,408377,0db421d75443f3346a55c96ce14e1ec950d654bfb9f7dc6be51cdd084cca8091,0db421d75443f3346a55c96ce14e1ec950d654bfb9f7dc6be51cdd084cca8091,16ad6687f3f7fdd6bea680fcce26f3afd6b8bca8f10ac715be03a5c4f5510ae0,4d0f068d8d9d4d4d,223.5689148148148,67.19564229428045,16.339913172738797,0.05635146112072328,186.75111211468538,
39178,/localhome/local-lintran/MLA2/data/raw/original/images/39178.jpg,1800,2400,0.75,RGB,1226220,5a268af21e6e0e755977f0a0461ae2f3ed14ae64ac1aba289ee6da3a1282a15f,5a268af21e6e0e755977f0a0461ae2f3ed14ae64ac1aba289ee6da3a1282a15f,d615894c1818ff416e7c0712e45aa2c38500e4a426e270446139f157bef27617,0d459607870e260f,201.6380976851852,75.81799733420877,32.067330075678235,0.14568907032040476,71.87036383427129,
39188,/localhome/local-lintran/MLA2/data/raw/original/images/39188.jpg,1080,1440,0.75,RGB,251410,919849dc1ffc3ed324deec1a1e81326c60f338cad31bcdbfe2d57e9906500ac9,919849dc1ffc3ed324deec1a1e81326c60f338cad31bcdbfe2d57e9906500ac9,7d701633d8eb76fb9b00d900233d1e6b6051a47fccfe234319ead93319826d5d,0024002617074013,238.52574845679013,50.33622839693998,14.133131746943778,0.022821526554944994,29.731942031223856,
39218,/localhome/local-lintran/MLA2/data/raw/original/images/39218.jpg,1800,2400,0.75,RGB,779955,3ed3184a65767ce9ff0b61f47f2e9250ec871b16745bddbe69f1b9003a0bed69,3ed3184a65767ce9ff0b61f47f2e9250ec871b16745bddbe69f1b9003a0bed69,23ef27a9a5e6186de6e6493e600b442c937a85660f00479f5b7740bcf6b5193e,0d440616060b8e8e,212.11756087962962,62.877578369523,26.977622693685863,0.1128005784613702,63.94512992426874,
39220,/localhome/local-lintran/MLA2/data/raw/original/images/39220.jpg,1800,2400,0.75,RGB,375289,d717f55cff8685304413467037e51af14410446dad9bfd0c55b343e5c1eebe0a,d717f55cff8685304413467037e51af14410446dad9bfd0c55b343e5c1eebe0a,8ffa85820231463c1704968b75a7fc956b1d7e413b1d9519116dc1903605e635,4d8d8e0d1d0e0d0d,205.9303627314815,76.88096489928621,23.664932920248354,0.08157141528453725,58.662169457375114,
39241,/localhome/local-lintran/MLA2/data/raw/original/images/39241.jpg,1800,2400,0.75,RGB,348031,18a939494e94226948a2ba163ffc52584d7822ab40f68c03eec0651ad4a9c56f,18a939494e94226948a2ba163ffc52584d7822ab40f68c03eec0651ad4a9c56f,ab3ded224492eaa0c79c8a4c6ef92ce58e437a9e8a50659ac3510d772181c4b2,4c4e16968e4d4e4a,240.05254467592593,35.195876276647894,26.845035148942145,0.05519733199647975,13.887261168623636,
39294,/localhome/local-lintran/MLA2/data/raw/original/images/39294.jpg,1080,1440,0.75,RGB,281802,9138d2fc45050e8190ad387935ab1d5b8bd860d370768283944f9a5f7da0b485,9138d2fc45050e8190ad387935ab1d5b8bd860d370768283944f9a5f7da0b485,c130d1a67238888dab8f418ae668d4b58a915ae1187cde88850d694f3e6d5571,1864191c0f03400b,218.0175,80.14672804797004,1.2148428855633697,0.008315256974005146,21.13297231553342,
39301,/localhome/local-lintran/MLA2/data/raw/original/images/39301.jpg,1080,1440,0.75,RGB,389209,a3a396026f90e888df00b40b9e7feee9c2fd8d4888b4e6b07ab170e7ac69e11d,a3a396026f90e888df00b40b9e7feee9c2fd8d4888b4e6b07ab170e7ac69e11d,60741d50fcf52e316fc1afa3442e3eee18ce7fe0a02b799b489671cca6189606,2886382f07074013,218.64588863168726,70.7521172464172,16.703482369580406,0.0786348066747766,22.718801884242634,
39303,/localhome/local-lintran/MLA2/data/raw/original/images/39303.jpg,1080,1440,0.75,RGB,426160,7aecf9dd36bcc441fadc8ff858e78550125e39145c0a9daff092640ae0347e9a,7aecf9dd36bcc441fadc8ff858e78550125e39145c0a9daff092640ae0347e9a,a61f1c7874e582d6be4c1fdd5100aee381f659258ab1f86db815da7d7257e49d,00725d6e15032009,221.982689686214,59.08389808770947,22.229853729442436,0.07818394006264295,26.345608582055934,
39304,/localhome/local-lintran/MLA2/data/raw/original/images/39304.jpg,1080,1440,0.75,RGB,381553,dbdbd231781cde070ee4f9c1678e72b06efec0ff7631729b576b431fd85a2d02,dbdbd231781cde070ee4f9c1678e72b06efec0ff7631729b576b431fd85a2d02,aecffd27fdc9775c0946df232c740ae774e882ac5576f27398a03c5f68017140,0802186e35034009,220.12336033950618,65.0425391098176,17.560342804740817,0.06550697622975438,23.5132836531655,
39334,/localhome/local-lintran/MLA2/data/raw/original/images/39334.jpg,1800,2400,0.75,RGB,343983,b443bfaf4fc71e1b2f8e5b35a9079ae03f0421b389e210bb961ee1d22b188e3a,b443bfaf4fc71e1b2f8e5b35a9079ae03f0421b389e210bb961ee1d22b188e3a,5631886230261e67459e3345c1e018fde780baa432b3be1649b939bbf4e7f6a3,0000060e0c060400,248.64353935185184,19.620122115441593,6.95651652567256,0.00884792932885223,13.744322934759953,
39371,/localhome/local-lintran/MLA2/data/raw/original/images/39371.jpg,1080,1440,0.75,RGB,201823,a1bda7b009a11f43aed9d39f3ef590a2520ad7de37ed6c7cc9e733933e9c2681,a1bda7b009a11f43aed9d39f3ef590a2520ad7de37ed6c7cc9e733933e9c2681,e43fac829a2e2148e7a7fdbe9215b6df800dc4eb6732488496b7089d4f956822,0d8f9e86969e8d4d,218.87988361625514,62.86852840531281,50.441652911864324,0.15013899488883392,46.862057737106966,
39396,/localhome/local-lintran/MLA2/data/raw/original/images/39396.jpg,1800,2400,0.75,RGB,346102,faa0c80279a42b78cf911652b9e7ac34a6cf51fd1fffc2107951b46283311753,faa0c80279a42b78cf911652b9e7ac34a6cf51fd1fffc2107951b46283311753,655dec656ef68cd80483d8fd1ac126690bfdd542dd1a22abb1abdf3b556f4797,0f0d063707070716,182.57685162037038,87.86267833288743,26.013597347122715,0.14879202842742234,29.147443664744436,
39456,/localhome/local-lintran/MLA2/data/raw/original/images/39456.jpg,1800,2400,0.75,RGB,334492,27ecb2329f9c5903ff43f02d0cdf38a2d593781030b9c7199ef36ead8f71ece9,27ecb2329f9c5903ff43f02d0cdf38a2d593781030b9c7199ef36ead8f71ece9,1af4f5f58537207e21abdf74089a35d6a5e0d898ae520a276082f7a2ac1b1c9b,0d4d0e262696968f,219.66264027777777,61.731458503532686,26.746510846332242,0.09690548302351792,77.53390340211676,
39534,/localhome/local-lintran/MLA2/data/raw/original/images/39534.jpg,1080,1440,0.75,RGB,235556,f71d9a3ac3cce09a4e5991efda0b3d26d6e8d2b7ea17c38d9ba888e8cb8b81cc,f71d9a3ac3cce09a4e5991efda0b3d26d6e8d2b7ea17c38d9ba888e8cb8b81cc,2e6911b3ab6ff4c5d67140a6db21ef35a22ce7be4dfaccdc32851419368457bd,9a3e3c3f5b659c3d,212.07144161522635,56.644915569551536,45.764657042823714,0.16980372568446173,11.843122964850638,
39568,/localhome/local-lintran/MLA2/data/raw/original/images/39568.jpg,1080,1440,0.75,RGB,146137,83f8a5a2270f975f4e117afe5869d224e079ca5e09e11c0c58e64a768b4eb2ba,83f8a5a2270f975f4e117afe5869d224e079ca5e09e11c0c58e64a768b4eb2ba,fa6420d1abd1cb1c99765ea31a6c3db2e09b040c27e64f7ee091d696cedfb3a1,18003a3c3f074005,228.94676311728395,64.73578928254376,1.6231570842789118,0.0071633701878376045,46.23713849955597,
39578,/localhome/local-lintran/MLA2/data/raw/original/images/39578.jpg,1080,1440,0.75,RGB,167417,fc079842200e03787347d16433eace394a1383672f8bb4e156c3d485213b6443,fc079842200e03787347d16433eace394a1383672f8bb4e156c3d485213b6443,0f9d5751925a02bfbef06300a40cd22b1088fae31793c05feea113d2e57ccbc4,201026381f032002,244.79573302469134,33.86377552414544,13.464881460625696,0.025070809257490324,12.998173031133764,
39594,/localhome/local-lintran/MLA2/data/raw/original/images/39594.jpg,1080,1440,0.75,RGB,157585,5d49b69dd6bf413f3a3e6f005f36bac45765cdb535204165e3040847ff875c88,5d49b69dd6bf413f3a3e6f005f36bac45765cdb535204165e3040847ff875c88,41da42af6e972d68a0976e309f245acba2e3c5b0b8a03f9718964874f94b68db,141a3d0e0f47200b,213.54909400720166,83.50172711284384,1.1403040205884276,0.007891813751128188,28.30516557910859,
39644,/localhome/local-lintran/MLA2/data/raw/original/images/39644.jpg,1080,1440,0.75,RGB,295874,6fce40647fc8b63d2e9ba3fef35a5cdb1823a0a79ef4e5707f597fcf033ae962,6fce40647fc8b63d2e9ba3fef35a5cdb1823a0a79ef4e5707f597fcf033ae962,70e68ff042b3e197f1ca354e69e9d31cb5c13d32c933be4c888a3f59d4ec8fd5,2800287e15030005,239.2309786522634,45.99239194939089,8.5230978399989,0.014949705860389986,14.163057775718496,
39662,/localhome/local-lintran/MLA2/data/raw/original/images/39662.jpg,1080,1440,0.75,RGB,255979,3447feab3ab15ca4422b76e95880c6e7a6f2364f16f59dbcc26995dab695c318,3447feab3ab15ca4422b76e95880c6e7a6f2364f16f59dbcc26995dab695c318,6eb4746942773f980b19bc0f68003d19d9e9b0464b7c5f7f67a5c11d4e1e9cf6,00683d36290b0419,234.807583590535,54.55998048029097,1.7778418059397696,0.008902568601609226,25.87710851126813,
39669,/localhome/local-lintran/MLA2/data/raw/original/images/39669.jpg,1080,1440,0.75,RGB,301333,2b1c1fcbb0fde85dff0b2f0329b2bca87607e30613ed96f5c6d751475bf2c267,2b1c1fcbb0fde85dff0b2f0329b2bca87607e30613ed96f5c6d751475bf2c267,9ba360680c75574063275f1a11393793c9e517c30fc1cb2fa17966a5732158be,244a1d2e07030009,208.39555426954732,84.98315869099994,0.0,0.0,21.87408008031198,
39714,/localhome/local-lintran/MLA2/data/raw/original/images/39714.jpg,1080,1440,0.75,RGB,258227,904b4155513f4e40209180189d167017fc4913532c97a32608f7e6f59e18434e,904b4155513f4e40209180189d167017fc4913532c97a32608f7e6f59e18434e,c6a797cf4ae47126663d300c3dda59652244447b97a0d1637a19dffad8eb6a1a,9d1623333327169d,147.21944444444443,107.71313771313243,24.713274894040815,0.0690412801916635,123.10555555555555,
39756,/localhome/local-lintran/MLA2/data/raw/original/images/39756.jpg,1800,2400,0.75,RGB,432217,6044412636d718427b0f80b13ac79904722791f89fbd470ca734b33324a9bf0e,6044412636d718427b0f80b13ac79904722791f89fbd470ca734b33324a9bf0e,59898662184d4285905c020fb4391718164d83b6a00f759880ccaebc5503317d,000e06060e829200,238.43751064814816,35.57939434596027,6.542716800337557,0.014373983400928254,20.052439148660227,
39773,/localhome/local-lintran/MLA2/data/raw/original/images/39773.jpg,1800,2400,0.75,RGB,939869,e31e6fd220b66472c970bec99052f6c7cc6bb8710556aa5e86d93c4e6917414f,e31e6fd220b66472c970bec99052f6c7cc6bb8710556aa5e86d93c4e6917414f,c8bd7db42b427dabb8b824ee0c6ebea2c19cd8217eb830679f7b5f66db2a268d,0d4d0f3333271797,188.6263486111111,87.0613770269272,30.091902267785713,0.15027242216520265,132.81355728479122,
39855,/localhome/local-lintran/MLA2/data/raw/original/images/39855.jpg,1800,2400,0.75,RGB,324564,27396e9bffde29b1f686fde4de27cff6aa773f3397c2a71cdaf30b0f44a3f4bc,27396e9bffde29b1f686fde4de27cff6aa773f3397c2a71cdaf30b0f44a3f4bc,1dc2ad64f902b6a7280a9b393f0e3cf650b23c9edea2c2ee4716bc9e823cf614,6914371796171e00,201.85738148148147,91.16269162700495,7.471859579503158,0.04078873021775242,64.39970934945228,
39873,/localhome/local-lintran/MLA2/data/raw/original/images/39873.jpg,1080,1440,0.75,RGB,162771,3ef405b9306d453bd9aba96f55e949c5b7d8f0de0965177fb043a13afacb5b9c,3ef405b9306d453bd9aba96f55e949c5b7d8f0de0965177fb043a13afacb5b9c,b55b804c6840bb9e0d3ccc57a9da069f7c324222f99959f68964cc2be8542df3,0014033407072003,244.23318672839505,36.22229562846329,9.74926437695621,0.021280568889065647,13.461422577448293,
39895,/localhome/local-lintran/MLA2/data/raw/original/images/39895.jpg,1080,1440,0.75,RGB,220563,827583afe479d34bcd9b27f760b50752d80a57e81f7a33efb9ca1d2ea373942a,827583afe479d34bcd9b27f760b50752d80a57e81f7a33efb9ca1d2ea373942a,5ded040f22d4d994d594a495bc7e1589d999af0702cbe6bd8a7c1ddc0122325c,0802582e0d0d0209,235.16155928497943,54.54426324173847,10.581171755749686,0.019368727119239888,103.94905273047866,
39941,/localhome/local-lintran/MLA2/data/raw/original/images/39941.jpg,1080,1440,0.75,RGB,353446,70c46bee86248028494eee1002521dff1b6c9a714a036620797ce7f52f8be356,70c46bee86248028494eee1002521dff1b6c9a714a036620797ce7f52f8be356,bc04f8caca29bbe2627baa82f0eb81702c07cac0b1a37cb0bf7a4ab96ec78420,1804191e070f4007,219.45019290123457,76.21720832340289,47.483084339594775,0.14020869176114678,15.652651325018985,
39985,/localhome/local-lintran/MLA2/data/raw/original/images/39985.jpg,1080,1440,0.75,RGB,277852,82affc977f81d55ee99b72ff5ac5c83668731ee39fc8ff7f7d8fb5a5e2e84e38,82affc977f81d55ee99b72ff5ac5c83668731ee39fc8ff7f7d8fb5a5e2e84e38,ba4858ddfba1853c16c50bbe1e1c7abe085fdbca3ab3c428dd5db401bcd375e3,1806390e07034009,225.95837962962963,58.363852741567875,5.465344948761325,0.019679388201104177,35.64702433813403,
39986,/localhome/local-lintran/MLA2/data/raw/original/images/39986.jpg,1080,1440,0.75,RGB,349398,fb10de36a7bb800eefd9f5f92d7494bffd1299d3b284eaab43afde72ce6464ed,fb10de36a7bb800eefd9f5f92d7494bffd1299d3b284eaab43afde72ce6464ed,d03e39d66ce72fcc87cec83832f0f2c74f93ecb9ce2cadb4fbaa2a31d76be8fa,1806390e07034003,220.5181590792181,70.77809433421638,5.236166982100252,0.032468741924161125,21.871150108755806,
40055,/localhome/local-lintran/MLA2/data/raw/original/images/40055.jpg,1080,1440,0.75,RGB,439383,a0162198dbd174f192c6f1540b8a478a08826e2bb1144d59c420772c4886d659,a0162198dbd174f192c6f1540b8a478a08826e2bb1144d59c420772c4886d659,97c11f480c30690bc0c7f48642b4738a41f2e78334cd0ddb0c000e6ee471e096,0d4d1e3636171716,180.20048675411522,92.60082124951748,43.26628809507317,0.2398010233260273,44.93016590087133,
40087,/localhome/local-lintran/MLA2/data/raw/original/images/40087.jpg,1080,1440,0.75,RGB,223670,27e7fa633ab2bcf0c61337fe22216042453f5f2b96dcc4e578eb93d9276d2a77,27e7fa633ab2bcf0c61337fe22216042453f5f2b96dcc4e578eb93d9276d2a77,de8adbe0dd23e9160386240751eb892406f8756b195477d8a126067bb9878758,0f4d1e361e1e1e0e,169.27632523148148,106.61993058495936,20.84799939814704,0.07647875662640509,39.46106220317387,
40104,/localhome/local-lintran/MLA2/data/raw/original/images/40104.jpg,1080,1440,0.75,RGB,299615,d726025a7e42830cd6a49f4e7154ab862a9fd13d1b194524bee9d31f8af8cfd6,d726025a7e42830cd6a49f4e7154ab862a9fd13d1b194524bee9d31f8af8cfd6,0a4beebe1d4e222494efb08eab4bb087ffee5d5d78b2c66af1a78dbee0943774,0f4d16270f07070e,181.19999935699587,93.04828184466292,28.808415558493515,0.17172876058111455,51.26088330308764,
40105,/localhome/local-lintran/MLA2/data/raw/original/images/40105.jpg,1080,1440,0.75,RGB,298219,c8652b6b44c8add72c9a8668b7fed7254f729f7c0a29dd3326c7cf36f71be5b7,c8652b6b44c8add72c9a8668b7fed7254f729f7c0a29dd3326c7cf36f71be5b7,2a1161fc68bc4bdbadd78d80a498e653e304f4a7d2d5f2f858ee114732201095,0f449f9b07071f1e,182.76175733024692,98.1098634904696,31.835574779247207,0.12336076460422296,99.30434476234603,
40112,/localhome/local-lintran/MLA2/data/raw/original/images/40112.jpg,1080,1440,0.75,RGB,294675,968d5fd53a24f046de753be60911af6c495b59cb4f55ce226b1a677deab4ca72,968d5fd53a24f046de753be60911af6c495b59cb4f55ce226b1a677deab4ca72,eba25ab4baf3867bc04812d33cafa8f98298c849b74827d9ab555f64eb345302,0e000e9633330032,225.7409027777778,74.34526394566107,15.739891167723012,0.014422081784636779,26.579661376887138,
40122,/localhome/local-lintran/MLA2/data/raw/original/images/40122.jpg,1080,1440,0.75,RGB,193566,4e17f84bd44bd7e84d71b23bb5f831d22380f3073de9b9bfa228b084012d4f3f,4e17f84bd44bd7e84d71b23bb5f831d22380f3073de9b9bfa228b084012d4f3f,a646f8b7be72eac02abd52fe9111d64b142e84cf10ab4b046325fc9098251103,039c37330f000300,212.30298611111112,85.68003390349784,9.554737148336587,0.0261904506765446,53.592319523276316,
40160,/localhome/local-lintran/MLA2/data/raw/original/images/40160.jpg,1080,1440,0.75,RGB,240280,091810a5a21df3930d2e07968d06a2709c64efffc6c145277b46ed4d6470bc3e,091810a5a21df3930d2e07968d06a2709c64efffc6c145277b46ed4d6470bc3e,54d530cb70a11effbe68209387e0fb85833ac701a780ec524921b77e40ff3e5e,000d0d4d4d4d4d00,230.41069444444443,60.98656760148032,11.180420424146385,0.04323788322116994,31.76397673011828,
40220,/localhome/local-lintran/MLA2/data/raw/original/images/40220.jpg,1080,1440,0.75,RGB,208713,bdd0d19dccf6070f6338be61d07cde6a91b78e87099a4c57683c464b5cafae07,bdd0d19dccf6070f6338be61d07cde6a91b78e87099a4c57683c464b5cafae07,06286664420d2b2968911d4d5c74020a04b80c5038447f95bf53db6fe68ab87c,001900232b2b2300,195.5093672839506,97.56291833828043,5.476028374294203,0.025272511847099246,16.179589302032255,
40258,/localhome/local-lintran/MLA2/data/raw/original/images/40258.jpg,1800,2400,0.75,RGB,958015,aef408b425a9958b2205d6dbb3d80ea0140e2fca75b71c5f413476a8b9c3fc70,aef408b425a9958b2205d6dbb3d80ea0140e2fca75b71c5f413476a8b9c3fc70,b24d4a60a8a001a8ac5fa1ee1910640164d61aa17a3a738662b592242603c519,4f4d8f133327271f,206.42975856481482,69.51173745099167,24.83312050770775,0.09213442415702293,131.3070631557007,
40286,/localhome/local-lintran/MLA2/data/raw/original/images/40286.jpg,1080,1440,0.75,RGB,322542,dbdbfce54f009122a5e099d5138a83f97fed31bc797019862989a91743cf62a6,dbdbfce54f009122a5e099d5138a83f97fed31bc797019862989a91743cf62a6,baed46aa6ec3f2a4f35cc44957e961bf4ae460615897a25c25a2e0afc50842df,0004130c0f030003,240.57881944444443,40.997655526732174,32.01803598554139,0.05803981637745686,29.216868090145052,
40288,/localhome/local-lintran/MLA2/data/raw/original/images/40288.jpg,1080,1440,0.75,RGB,245803,5c8e4845e340ba62729e4b34aa6c4ea3ca91660938ccc2002e31aed0544f0a07,5c8e4845e340ba62729e4b34aa6c4ea3ca91660938ccc2002e31aed0544f0a07,44fda932351df166c6569e3380756fe9b7a6e0ceb88a76e04f2062158c492552,0018021c1f070003,243.36398276748972,35.15577466967863,34.65611534596662,0.05050897397307711,6.047354466710426,
40309,/localhome/local-lintran/MLA2/data/raw/original/images/40309.jpg,1080,1440,0.75,RGB,272702,c3f2b6b1fc40f90b5874be4da58d5ce52654969220234efca98a56f7541fe33e,c3f2b6b1fc40f90b5874be4da58d5ce52654969220234efca98a56f7541fe33e,42faa4568086c076540cc72c7dc7b333870d5a67abaa4007bccdf1f59976ef06,1008101e07070002,244.03821502057613,32.503027229274124,34.096252642501724,0.045333248486519324,24.30166061752706,
40383,/localhome/local-lintran/MLA2/data/raw/original/images/40383.jpg,1800,2400,0.75,RGB,368516,22897c805e9f76ed0a80043770745319f2e75b3b6462a7d6ff2a79fa6efb44d6,22897c805e9f76ed0a80043770745319f2e75b3b6462a7d6ff2a79fa6efb44d6,3711af3e21ff3989c2550310464277e7672b49211d1412294b0a417263481ba4,0f4606170736869f,214.17500532407408,68.3594089830813,25.551821565280132,0.10203479746525759,38.88466094629334,
40387,/localhome/local-lintran/MLA2/data/raw/original/images/40387.jpg,1800,2400,0.75,RGB,315184,17152aa65ac3494282909254def941f7563c7d0587b073d57238c1f6638f06c6,17152aa65ac3494282909254def941f7563c7d0587b073d57238c1f6638f06c6,1eb55cb27b99a8c8f48f2f92f4aa3b0613a1a1dbc78354bc60524a6916d57855,0d4516160606060e,204.73935046296296,69.20366846118426,54.55731741218013,0.1846594968650427,27.935096458926793,
40416,/localhome/local-lintran/MLA2/data/raw/original/images/40416.jpg,1800,2400,0.75,RGB,323897,82e947b5f17ce6e86a519d6ae8a23b049f39cd6d72face4280e5ff0452ce81be,82e947b5f17ce6e86a519d6ae8a23b049f39cd6d72face4280e5ff0452ce81be,3f02d1692025b37794b543659fbe9a9f9d7dbcf59ab6a10f28c2874a5e353750,0d9596370d0f0e0f,205.51166111111112,68.77174093372601,60.04334191401897,0.1955945296690158,42.11098080085227,
40483,/localhome/local-lintran/MLA2/data/raw/original/images/40483.jpg,1080,1440,0.75,RGB,207039,bd492eda07d2f6af54a6283a574615052c0504a5502528eeddb59ece56486999,bd492eda07d2f6af54a6283a574615052c0504a5502528eeddb59ece56486999,01c37e70d63db994e3b6fadc91113f38291d25498bfa59ca77eb0f9ed7b2a23e,2804383e07070008,245.52673675411523,23.43852515260094,24.961809256882912,0.034760467844201504,14.794464393734636,
40495,/localhome/local-lintran/MLA2/data/raw/original/images/40495.jpg,1800,2400,0.75,RGB,1232320,d91660fdd6e9a7869cd9474336bfe227af2df56c51350a64de807bb248a669d9,d91660fdd6e9a7869cd9474336bfe227af2df56c51350a64de807bb248a669d9,0327664ec95cab3a7b0a690f02195fb608ff04a1f1b123736aa668651d3813f5,2733179696154d4d,211.68678009259258,69.46890636553117,37.3985971888889,0.16242943445618255,49.399696843372936,
40499,/localhome/local-lintran/MLA2/data/raw/original/images/40499.jpg,1080,1440,0.75,RGB,401069,80f9316f234b872760c172b9b7059c9882378a6e59ae03f144a628731799e2f2,80f9316f234b872760c172b9b7059c9882378a6e59ae03f144a628731799e2f2,2e1b69ffeac1369cf2f17a2739f9889b1636162906b9bf89ebed0d448bc4aefd,4d4d8e92928e4d4d,217.73813207304528,75.66433586316428,27.595229239834477,0.06086349731481537,47.87454921039422,
40506,/localhome/local-lintran/MLA2/data/raw/original/images/40506.jpg,1080,1440,0.75,RGB,421096,9542c493d10582da7f5df6277c70a879b9148aebeff46e8d519f4ca1941a9efd,9542c493d10582da7f5df6277c70a879b9148aebeff46e8d519f4ca1941a9efd,428cfea62a0a392a0dda623b1f6d286ce3722e4d137d62bd44de0bfdf7fd1f5a,0c8e96b696968c0c,225.24851980452675,52.648073490183336,23.05615618670311,0.069185996579893,52.13174060774547,
40517,/localhome/local-lintran/MLA2/data/raw/original/images/40517.jpg,1080,1440,0.75,RGB,308568,6cf3d8a74337a289b7b5fdb0ebe5693b12cd24e10ba06a31bed0ad109aa0dbc1,6cf3d8a74337a289b7b5fdb0ebe5693b12cd24e10ba06a31bed0ad109aa0dbc1,3712cffde5426b820e12397fb057de84372848fe2bf0cbe386bc08004428decf,0c0e9e9e968e8d8d,211.2555947788066,72.3749483012061,27.819635847486254,0.10934323518134023,30.389538849633833,
40561,/localhome/local-lintran/MLA2/data/raw/original/images/40561.jpg,1080,1440,0.75,RGB,595953,e73cb9d6b86f94e78cf7add9a27dbfb23d7d0723474a35fdbc818183c31393e5,e73cb9d6b86f94e78cf7add9a27dbfb23d7d0723474a35fdbc818183c31393e5,7d64e84e3415974baa99ac7c160080a15a09094700d455e8e4acdff35ed36b12,9f0e072737170e95,196.1933101851852,74.26284099378773,10.309958142142893,0.05937588723830338,136.03032099051444,
40565,/localhome/local-lintran/MLA2/data/raw/original/images/40565.jpg,1080,1440,0.75,RGB,176979,f132ac1cee4d55064fdd48e676316389707a09609e7b01641b6074bb883382ec,f132ac1cee4d55064fdd48e676316389707a09609e7b01641b6074bb883382ec,8f5f69cd3fa6dbce3c385927fbd896b121348cf1b5fa0e4e05e4556d246d4aed,4d4d96969696960e,191.7921328446502,85.27612285289996,49.06516916263686,0.2256136098675655,23.31791285377814,
40623,/localhome/local-lintran/MLA2/data/raw/original/images/40623.jpg,1080,1440,0.75,RGB,210132,6df9ab032170a5735baf408974c197d26b4a3733d1c66aa26669db55a6a2d28e,6df9ab032170a5735baf408974c197d26b4a3733d1c66aa26669db55a6a2d28e,ebda833e0f235e14d6f5b6d9c2559ffacdc0ad79d3a08390acf47a05d934850c,4d45160686960e1e,193.23386188271604,84.95865907928311,70.44481943267259,0.2705213780252772,49.4420363720607,
40627,/localhome/local-lintran/MLA2/data/raw/original/images/40627.jpg,1080,1440,0.75,RGB,151698,4fd82ab0a7b29a81595fe69eb8bbb09b4434035a3ab7b5cfe668e7b53f1e9033,4fd82ab0a7b29a81595fe69eb8bbb09b4434035a3ab7b5cfe668e7b53f1e9033,bdbd07fbb6214fa0e93cc7a9fab32bd2aaeab7b7a8a74bcb1b5ffdf124926a95,4d4d868f1796160e,209.4430870627572,67.32075358714451,36.40120040868655,0.14009127080304157,40.68979078986319,
40646,/localhome/local-lintran/MLA2/data/raw/original/images/40646.jpg,1080,1440,0.75,RGB,291228,e4d1f276bc4bcbff6985c2dc768a0cc9c11af516595bfb0f048cf513191e9478,e4d1f276bc4bcbff6985c2dc768a0cc9c11af516595bfb0f048cf513191e9478,139f6b68ebba0c2ac278e6575c397f7929d3195c1b74b1d72d0e952f848091bf,4d45969e9e9e9e8f,194.54884130658436,88.1547142652699,49.90808672464981,0.2043811334660395,67.84203122385678,
40650,/localhome/local-lintran/MLA2/data/raw/original/images/40650.jpg,1080,1440,0.75,RGB,303449,05613bcf5104509ee2533288f26e3672b81c7e0faef151a63a371dd589fb3f45,05613bcf5104509ee2533288f26e3672b81c7e0faef151a63a371dd589fb3f45,e9822ed577aed59bf7abfa728bc25d5f95796b7d552b6e9fcac154f8a05fec33,0d4d160f0d16169e,192.83851594650207,89.82542794620795,50.801624221995375,0.22825784491343454,256.67085826994605,
40651,/localhome/local-lintran/MLA2/data/raw/original/images/40651.jpg,1080,1440,0.75,RGB,281571,88d7b17c5d46819e5d4b3a74bb5a8cbc8d6a3d8bca54922ae8875249b001b3fa,88d7b17c5d46819e5d4b3a74bb5a8cbc8d6a3d8bca54922ae8875249b001b3fa,b425ba607947ce8ffe79d9fa662fed9051322213fae7f38cf37f6973d51a2e4c,0d45968686860e16,196.03915509259258,85.18257079707614,31.752506595433417,0.14592919515640332,166.04456800133855,
40655,/localhome/local-lintran/MLA2/data/raw/original/images/40655.jpg,1080,1440,0.75,RGB,283211,d252c9a8fb9ddaf2c72bac77239583d9231e96661194aa7e539f2f74f3f986fc,d252c9a8fb9ddaf2c72bac77239583d9231e96661194aa7e539f2f74f3f986fc,23513156bc7812d3380711b284124dfe658fad31ff60be166d24ea6d2c9d8e69,4f9d160f0d0e1d1d,192.81850694444444,87.04769031827377,51.72992677277373,0.19759118357145536,67.86198630577758,
40692,/localhome/local-lintran/MLA2/data/raw/original/images/40692.jpg,1080,1440,0.75,RGB,366752,c1e12bb51ad81ad85b39bdbb9ae31f45b522b6ac3f8db854e95b9286891280ee,c1e12bb51ad81ad85b39bdbb9ae31f45b522b6ac3f8db854e95b9286891280ee,192575d47b1bcd89a9732e95771279997c99481c887d4bdfe7f018c426fb0874,0c021d4e03011001,223.99631815843622,68.85654427973964,4.647557258253162,0.027029964505479263,80.15231090003475,
40745,/localhome/local-lintran/MLA2/data/raw/original/images/40745.jpg,1080,1440,0.75,RGB,84055,c1602a7d5c8214535ee71d9b08df328ecdbb5098ceb6a01bfd33299f60b241a8,c1602a7d5c8214535ee71d9b08df328ecdbb5098ceb6a01bfd33299f60b241a8,8cffe373c290bdac4f63ab92b1594f0bdbd552cfbe13b0bd772f993cefafb9af,04000c0606120012,249.214737654321,15.669653482460705,4.471453495010125,0.008714473801897849,3.539297527575067,
40751,/localhome/local-lintran/MLA2/data/raw/original/images/40751.jpg,1080,1440,0.75,RGB,260900,3aa06be44befcc41b7856b18527776d2da9a4bab81f8b3226c1d94b06894d911,3aa06be44befcc41b7856b18527776d2da9a4bab81f8b3226c1d94b06894d911,dc3dff10802f6f2569d763a4e13d79cf9759ad990f93388f5a03ffa84886a3f8,0008013c0f032005,244.35030156893004,33.23358650855034,28.03339580385196,0.04429384611851498,20.708326576315688,
40763,/localhome/local-lintran/MLA2/data/raw/original/images/40763.jpg,1080,1440,0.75,RGB,267003,c9d2c91d63f2460af1ec4e90bf009cdbdab19e690c63e0637fbbf1da329f9246,c9d2c91d63f2460af1ec4e90bf009cdbdab19e690c63e0637fbbf1da329f9246,ad956606a1a433dd0d1cf3a8f4753c2943786981f5e31212e20b0835b10a5941,601063391d2f1300,207.85171167695472,78.08028520393596,26.82574007112525,0.05213898823094642,88.28913600267707,
40826,/localhome/local-lintran/MLA2/data/raw/original/images/40826.jpg,1080,1440,0.75,RGB,224860,0c169407c686e5cfa38e5f18c17ae9982b5099f9616ac6322ab41232b3dfce94,0c169407c686e5cfa38e5f18c17ae9982b5099f9616ac6322ab41232b3dfce94,230fd15365490e23b19f06dbd73b1c7aee73f0f82d86a8c1f7f8c21af888bf4e,04610e17216d8a55,224.95934670781892,39.93323430415955,48.23028809503925,0.09979834335029492,27.084380992831125,
40923,/localhome/local-lintran/MLA2/data/raw/original/images/40923.jpg,1800,2400,0.75,RGB,370420,96c6a8192809e624d4c3a0e528378c20a65ee2407be4816b867b9ebed3bbd5bd,96c6a8192809e624d4c3a0e528378c20a65ee2407be4816b867b9ebed3bbd5bd,c064d3618b2341ba795e814f6d1787ee2b8cca592dd70bec98a10c3166a9ab00,009d8d9595959400,238.29382685185186,39.29555202356478,12.73322344628555,0.03383723475538176,18.06605919544223,
40934,/localhome/local-lintran/MLA2/data/raw/original/images/40934.jpg,1800,2400,0.75,RGB,501759,3b12ba437f9cbf81e4f36358cbce53060141670c750e495fcc2da1e5715ec09e,3b12ba437f9cbf81e4f36358cbce53060141670c750e495fcc2da1e5715ec09e,9386b9638602ecc63ac2d2ace9e11e11219c56070866564f225312bfd4a4ae4b,22080f1714060800,247.96632407407407,18.391338898719923,3.403670720370105,0.0032210107443344667,6.573772898862873,
41006,/localhome/local-lintran/MLA2/data/raw/original/images/41006.jpg,1800,2400,0.75,RGB,1463976,f34c68524cf034ea6832c3320a48f41ab84fd0b84ba191b23f09ab0ce124ea19,f34c68524cf034ea6832c3320a48f41ab84fd0b84ba191b23f09ab0ce124ea19,f4daaee17add14a02e103a1e4ebea50e1f3df9f801aee4a46d73a65177463691,0822330f650f0021,197.94430439814815,86.59915550861619,12.308602839545573,0.08169224051466219,297.3354399129206,
41029,/localhome/local-lintran/MLA2/data/raw/original/images/41029.jpg,1080,1440,0.75,RGB,300678,1a499afc3318775d044444a6764700a73bce9dd05579f2900583fd6c06fdeb68,1a499afc3318775d044444a6764700a73bce9dd05579f2900583fd6c06fdeb68,ec48d9bc4d2d92fe51b3a02796ca0059f22a9ea9632cb7b2781ba4bbc355d892,9d1e060313069e8d,209.23214699074074,63.17862374111189,7.512352631993226,0.04240986502252174,92.90750157663746,
41035,/localhome/local-lintran/MLA2/data/raw/original/images/41035.jpg,1080,1440,0.75,RGB,272013,ccc62daede4191a2145ebaf96d8557d58c165b7497328c1fc168df4cdfc0cfc7,ccc62daede4191a2145ebaf96d8557d58c165b7497328c1fc168df4cdfc0cfc7,edb461245eb11819077c490dd707163846f8db6d10f564e8931706b16fbd325c,181c0e270b360e0c,235.3621624228395,31.83268328435663,4.486479887571986,0.011723003932989664,40.62222479632418,
41152,/localhome/local-lintran/MLA2/data/raw/original/images/41152.jpg,1080,1440,0.75,RGB,260256,30d491c77c7d388a59324c118b02a44e02e00ffeab6fcb7267e19e6617ede988,30d491c77c7d388a59324c118b02a44e02e00ffeab6fcb7267e19e6617ede988,5bcb4ff95ba1c741c208ffcb9353739229569095540fd50ad831729c5a060f3a,9d9f8e8d0d4d0d4d,212.70797453703705,72.03822661129134,21.05266663816344,0.05507663248696401,28.464648570729885,
41252,/localhome/local-lintran/MLA2/data/raw/original/images/41252.jpg,1080,1440,0.75,RGB,305149,071f17a7bf51faf47a45bad3b649589fe4e5202436cc92f974e531f94bbc1572,071f17a7bf51faf47a45bad3b649589fe4e5202436cc92f974e531f94bbc1572,09302cb42805892c41aac3b26cf2b30ad93e12bc24bae5133499a140a3a68893,000300032b0f002b,232.0162069187243,65.31634750271998,6.6372244476226605,0.022594564823723386,76.53714493481087,
41259,/localhome/local-lintran/MLA2/data/raw/original/images/41259.jpg,1080,1440,0.75,RGB,179862,f0fbae323804ad259fcdf050f81bd98b2cb289a3e15a57fb5aa4e5c7c38fa884,f0fbae323804ad259fcdf050f81bd98b2cb289a3e15a57fb5aa4e5c7c38fa884,707505b313889db4535f118acadb6f9464b7fe464600ff477fc9c04a9a0f2f40,000b002b2b2b2300,204.93850887345678,84.87448799119976,4.7166618174006905,0.03620822722374547,49.48209068561206,
41299,/localhome/local-lintran/MLA2/data/raw/original/images/41299.jpg,1800,2400,0.75,RGB,337380,c774f10437763defc698b82f91a9013a5b71ce606caa4452b55717ac15a0c07d,c774f10437763defc698b82f91a9013a5b71ce606caa4452b55717ac15a0c07d,9e1fbc345ed202e37ced70624f7b2bebc66c885e8316fba3444d34c92544bc04,0c00969696963222,225.47058125,58.83412298651781,89.17548740499826,0.1710813801416435,10.96840037981426,
41305,/localhome/local-lintran/MLA2/data/raw/original/images/41305.jpg,1800,2400,0.75,RGB,344141,4e31ce675d48ee46f752ea3855857fcfe976092fa4f715bf93758c832477b540,4e31ce675d48ee46f752ea3855857fcfe976092fa4f715bf93758c832477b540,49466cf692f508695bb804a6ed06b3f3b97f902bbb6cd8d18b904cc398bd44d5,22080f0f8e160e00,232.02674398148147,54.56318567122697,52.393425498419546,0.10481653169638844,48.054784270131314,
41353,/localhome/local-lintran/MLA2/data/raw/original/images/41353.jpg,1080,1440,0.75,RGB,216843,5167ce937ff1852ea4cc8f3baacb86c6ee42a1d4b7692c2511626bcb5382bcec,5167ce937ff1852ea4cc8f3baacb86c6ee42a1d4b7692c2511626bcb5382bcec,de56acd86ebea230a15d8449d6f6c118fb3dd08293c5b8827ed592bdf31f8063,078e0e3d2d0d4d4d,193.31131815843622,97.70679570369319,10.476980076433245,0.02252133987882322,31.647677194743682,
41402,/localhome/local-lintran/MLA2/data/raw/original/images/41402.jpg,1800,2400,0.75,RGB,403407,83c995e00a2c18a81cd9c85ee377e108c3164f72e6691389556fcd70eadf4e1a,83c995e00a2c18a81cd9c85ee377e108c3164f72e6691389556fcd70eadf4e1a,f4ba1adb49521ffef15b0b37e161c7201a1ff06a5e9a5193804d909efba81525,0d4d9e330f17868e,219.7217738425926,59.70368012938877,41.64389208168972,0.13168419672795012,45.156322054702514,
41406,/localhome/local-lintran/MLA2/data/raw/original/images/41406.jpg,1800,2400,0.75,RGB,398760,8306f08b61e286c3ebd18f663bfa453777b7fbc2f83a8e6e232d5b27a22830a6,8306f08b61e286c3ebd18f663bfa453777b7fbc2f83a8e6e232d5b27a22830a6,a875051b1e3869d6dc4b1bb557e74d35a2597f843a5df4cca3191a63ee6f7ee7,0d46179393170e0e,218.5562835648148,56.61899682210745,26.71682015182804,0.09503039794971262,47.43899951365247,
41438,/localhome/local-lintran/MLA2/data/raw/original/images/41438.jpg,1080,1440,0.75,RGB,247092,9f3bb4c41a5ac54dbcdc152a396b2eee4cfea58c6cddff5f4c0d06fe87815729,9f3bb4c41a5ac54dbcdc152a396b2eee4cfea58c6cddff5f4c0d06fe87815729,93c07f26e23edff20ed15a2f725fd2e53006b7820810312024b48d520cc46903,0842283e1d014001,240.80221836419753,37.03311614384774,15.257694843427242,0.015712228638827156,41.28308493249418,
41457,/localhome/local-lintran/MLA2/data/raw/original/images/41457.jpg,1080,1440,0.75,RGB,275664,cfb9a81e61930156f7daa1b9e2d7c1613219fde5fe516e46c5b4eeaac800a32b,cfb9a81e61930156f7daa1b9e2d7c1613219fde5fe516e46c5b4eeaac800a32b,a2eed471715c457e305c9da749ea7d1d955c4edfa48e69d712ae45ebe85e031d,48022d6e13074003,212.93973636831277,78.73176862078506,16.84045840413219,0.04804388935526489,49.23125667657696,
41470,/localhome/local-lintran/MLA2/data/raw/original/images/41470.jpg,1080,1440,0.75,RGB,234135,1f94ad935614820036b9c5b4123f8e3fc051715c80d33c4fa1d5c1bdf0ffcb8f,1f94ad935614820036b9c5b4123f8e3fc051715c80d33c4fa1d5c1bdf0ffcb8f,3d1e77e7110f534c1d00ed4912fe1c77031013c2ede18553e19be314b1eb0cd4,2806391e87432003,225.52876993312756,69.15956172021407,7.057501700462177,0.01403174155078342,33.908864563625364,
41472,/localhome/local-lintran/MLA2/data/raw/original/images/41472.jpg,1080,1440,0.75,RGB,327390,3a93e8ae0896bd572aff4504440831c1b37c9f04e6364cb3801a6344b9861239,3a93e8ae0896bd572aff4504440831c1b37c9f04e6364cb3801a6344b9861239,d35c3048e86fa1ae9c1c078efbf4b2fe608731d95de7ea0fca4684acab9cfd11,08000d0c130b2001,242.239358281893,36.03016243000066,43.59649018319366,0.07717399716770942,16.204713180689087,
41517,/localhome/local-lintran/MLA2/data/raw/original/images/41517.jpg,1080,1440,0.75,RGB,83495,f9b7dba4d1ff8f27df6c35166509388b9aea84fa5c2380db889fcd713b06c03d,f9b7dba4d1ff8f27df6c35166509388b9aea84fa5c2380db889fcd713b06c03d,6bb848de817c4d359292c708dd01b24d5ef471333101c4e77a8ce6adb2c0a67c,000118430b1b0009,241.47497299382715,46.63037706543009,6.989269560274886,0.013278018860145435,11.593611078934837,
41565,/localhome/local-lintran/MLA2/data/raw/original/images/41565.jpg,1080,1440,0.75,RGB,308579,129b98f3c3de39e8f5f6cc65753ccb78aa2da970e3887e8c05961934743bdd84,129b98f3c3de39e8f5f6cc65753ccb78aa2da970e3887e8c05961934743bdd84,91c16f38ab0677972a58ed57ea18d2883f3fd6ee9b2f67c2cc892c4796412b04,4d8d8e9e8e9e9e9f,203.0288683127572,77.5265792564653,30.203402643093938,0.13461068812605564,26.06087268491705,
41654,/localhome/local-lintran/MLA2/data/raw/original/images/41654.jpg,1080,1440,0.75,RGB,304867,a24c3854ecc0aa19543cba20d1a22fd07d647a74d4581f75fbcee3d468706a76,a24c3854ecc0aa19543cba20d1a22fd07d647a74d4581f75fbcee3d468706a76,51e438b0f7ca1ae82cbb2a01623ce57f03f63cd21336339cb6da64f33bcf7c7e,0d4d873323079796,191.44966563786008,85.79806778769667,17.421130074629527,0.07162609736203843,527.37228174833,
41686,/localhome/local-lintran/MLA2/data/raw/original/images/41686.jpg,1080,1440,0.75,RGB,208897,e90532b95a46aa3820dffef07dfadc1ad9b2f0c678b109174df54c35d21fa856,e90532b95a46aa3820dffef07dfadc1ad9b2f0c678b109174df54c35d21fa856,000f299c01b2918874089e6c636a9476a429e38c89383f966cb1e228f9ba70c9,200c233c0f07200f,227.97978652263373,69.22992552223721,8.185969874361321,0.020082666654010584,43.98186931284348,
41716,/localhome/local-lintran/MLA2/data/raw/original/images/41716.jpg,1080,1440,0.75,RGB,76987,36f156d039388d3f3f2b03c797583620ae8151a054d08430be49c0aaa910d7d7,36f156d039388d3f3f2b03c797583620ae8151a054d08430be49c0aaa910d7d7,4ce8c760ecdb9e66a5fc2e2006b87bdf66a6f764b681ba45002a5ed1e28602c8,08302b2c1b034003,241.1947421553498,38.989756199309745,17.282231487101125,0.03606601515591754,30.566245800996178,
41720,/localhome/local-lintran/MLA2/data/raw/original/images/41720.jpg,1080,1440,0.75,RGB,54053,9a575877aec7d0854236345fe209483141f82b021897bdfcbdc8ea3b546781b5,9a575877aec7d0854236345fe209483141f82b021897bdfcbdc8ea3b546781b5,7a7ef50dce91ca4a8b78836b691946f50d63002305ed61784b02a8a98f102e28,18843b1c0f832003,234.66946116255144,45.134202144071146,10.679925636595435,0.030980347360646268,11.200900292160572,
41723,/localhome/local-lintran/MLA2/data/raw/original/images/41723.jpg,1080,1440,0.75,RGB,220950,704e960911bee60c638a9d3b8d41aecbf8443a1f0c6d4a5a9141368854526f71,704e960911bee60c638a9d3b8d41aecbf8443a1f0c6d4a5a9141368854526f71,399aae79db4f77537d03e19f45f60d07f5efdea85ec7778f86bc46a5d240aa8e,1804393c07072007,222.13044560185185,73.77332441217888,10.085473841633714,0.047213813636107854,23.33096129837703,
41725,/localhome/local-lintran/MLA2/data/raw/original/images/41725.jpg,1080,1440,0.75,RGB,240354,666b0b5252cc2a1474d94124d67ea7eaf5bf4f5bff8c98c214873e6a5d637598,666b0b5252cc2a1474d94124d67ea7eaf5bf4f5bff8c98c214873e6a5d637598,139bd05e4e31b380cdbdaaac0bda220574ead345e6d06a1eae2acacefbbaa290,30043b3c0f072001,234.27527520576132,50.6904148987193,29.315554409782564,0.07026840783785789,33.083366153133326,
41745,/localhome/local-lintran/MLA2/data/raw/original/images/41745.jpg,1800,2400,0.75,RGB,396377,aa404fd7b4ef4d031068258886754770a59879ec1082bdb35d496bffe0b7794a,aa404fd7b4ef4d031068258886754770a59879ec1082bdb35d496bffe0b7794a,40a44f302be338646fa6e1ea49e55051d8f19bb2eed2fbb31f2b3f9fa09b1b65,0000070f1e160800,248.5679949074074,19.296147399684333,6.26993974954889,0.0031641983471988075,12.637364459575256,
41756,/localhome/local-lintran/MLA2/data/raw/original/images/41756.jpg,1800,2400,0.75,RGB,386328,dfb918f80a4cf0ef4e1c426d6b6fd408a1b08b6fbdf617a516d4b309bd199182,dfb918f80a4cf0ef4e1c426d6b6fd408a1b08b6fbdf617a516d4b309bd199182,29bbd7695e399721e3818ccfca37d60af14ded02320cc3f53454932632af829b,000296968d8e0c00,243.19790185185184,30.096750742022035,25.764848938261824,0.046848068244733976,21.987046249334167,
41760,/localhome/local-lintran/MLA2/data/raw/original/images/41760.jpg,1080,1440,0.75,RGB,298729,464d89e85a490258f2489d48deeb96edce753b9ec0b4c74eef5d203ccfa2a257,464d89e85a490258f2489d48deeb96edce753b9ec0b4c74eef5d203ccfa2a257,92017587195e58db58aa443a5882d52c487c1ba44b3a23eb5ca519a0716a5ca9,4d4d06969f9f8e1e,199.44215534979423,78.47641640010465,38.98885296200507,0.19169211351745633,54.09547730285597,
41783,/localhome/local-lintran/MLA2/data/raw/original/images/41783.jpg,1080,1440,0.75,RGB,111682,bf266024356468cfa509c0fb307d783b97983a58416c7642180914d8ddcf7fef,bf266024356468cfa509c0fb307d783b97983a58416c7642180914d8ddcf7fef,e540f533c8e3cffd697f5ad6acfac7c969b42119220dd87bb784177e4ea047e4,0d4d9e978d8f8e1d,193.08210905349793,92.92150194680366,22.10881485490667,0.15809155570832759,26.262495334440196,
41791,/localhome/local-lintran/MLA2/data/raw/original/images/41791.jpg,1080,1440,0.75,RGB,120967,b0c4cc7e597fe21be2c9ca319ea175e38ff8f6037a6b9b0d0fda32ae6de0c348,b0c4cc7e597fe21be2c9ca319ea175e38ff8f6037a6b9b0d0fda32ae6de0c348,845da06aebe336c0af08eb4c5b02006f664968b7845afda1a518226306f1f288,4e4d8e8f8e9e164e,195.6849871399177,90.55803134638107,19.91205205778727,0.06624150867176495,45.796099913767584,
41795,/localhome/local-lintran/MLA2/data/raw/original/images/41795.jpg,1080,1440,0.75,RGB,220348,50655d2ae982b402c82983f8db6565a702458595362864dfd1119a796304577d,50655d2ae982b402c82983f8db6565a702458595362864dfd1119a796304577d,33d7875ea111567f39724898880bfb9a18f2a8f48daae2416b2b9e50211c333d,0d4d1e3633178e96,190.06769290123458,88.69456483054508,30.23541629859645,0.11813831350094779,372.69842529312587,
41857,/localhome/local-lintran/MLA2/data/raw/original/images/41857.jpg,1080,1440,0.75,RGB,346753,d24b30693f20f0de768a8cd94340453fd3dfd73af82dc4555dcc73381f086faa,d24b30693f20f0de768a8cd94340453fd3dfd73af82dc4555dcc73381f086faa,dd7f3d4d1696391ed9a767e112d43bca1364fcb8798784a4ca04828d548e2b55,0836183a030f2009,233.6635718878601,47.80863680591154,7.072402870127982,0.015799233469952094,35.981817187278786,
41890,/localhome/local-lintran/MLA2/data/raw/original/images/41890.jpg,1080,1440,0.75,RGB,712561,4649122551e7d5f2c44dbc3b40adac9f8b3e149deb907e6642083892663c4a4d,4649122551e7d5f2c44dbc3b40adac9f8b3e149deb907e6642083892663c4a4d,27f3af71cc30be4acc245c3ebb99b4aa8d6d523b17ec33fae9c9bd2384e0bde3,0f07070746464e4e,205.64960133744856,73.86035489560032,26.900222190459132,0.08699791181706484,108.22638486685457,
41900,/localhome/local-lintran/MLA2/data/raw/original/images/41900.jpg,1080,1440,0.75,RGB,168523,efac081359d471778ff71255e9bfa6bfe8cb8b53dd6cd4fe632b0047de309465,efac081359d471778ff71255e9bfa6bfe8cb8b53dd6cd4fe632b0047de309465,216b616e921c8a99cd8d3c888b73679a87198f724ae67793524788fe12138b49,0002493333133711,214.89696887860083,80.21443106896447,8.27838969232367,0.03036849445311491,78.07385999459439,
41902,/localhome/local-lintran/MLA2/data/raw/original/images/41902.jpg,1080,1440,0.75,RGB,240636,3aac6f303c10cf75dc749287146f7598097c454649c4f7615208686ff7599546,3aac6f303c10cf75dc749287146f7598097c454649c4f7615208686ff7599546,f5bb9a4ff89053d95a47783201121dfba7697f963ea0811570e66d7966d883b7,2200333333330751,213.65820344650206,82.22865505186529,14.54316435147004,0.04026041514273414,73.04863122128268,
41907,/localhome/local-lintran/MLA2/data/raw/original/images/41907.jpg,1080,1440,0.75,RGB,257723,6df20fb5064288d7c4a27f61b05d4d5182a4f882009335407e68a6c10868d2d8,6df20fb5064288d7c4a27f61b05d4d5182a4f882009335407e68a6c10868d2d8,21648d010015050f00ff8682c356fa3ae710f4fc9bb56b53444d506dd5ab7170,02b0333233333200,225.80139403292182,64.28733017156286,15.365379939756776,0.032565629392028464,54.89922969998842,
41945,/localhome/local-lintran/MLA2/data/raw/original/images/41945.jpg,1080,1440,0.75,RGB,145701,8442e9eb786297e0395b2e43437440b386f311084debdb40138d5d6c4ef10d7e,8442e9eb786297e0395b2e43437440b386f311084debdb40138d5d6c4ef10d7e,9e2615a47437d9e869a14e826b569c78f83a41eadb39fe7658c0c1309e6b6aff,002803381f036003,239.96498392489713,47.64159076217776,25.13018806561356,0.03607414808603975,41.85881822979008,
41960,/localhome/local-lintran/MLA2/data/raw/original/images/41960.jpg,1800,2400,0.75,RGB,692633,516422436e55da84822d76a5407802f28356d72534b6b19e11d2890300cbcf86,516422436e55da84822d76a5407802f28356d72534b6b19e11d2890300cbcf86,e489f1ccb980aa6ff32ce40d7f5c02c1a6285d9546d1f4528410e21c0e5b93e8,24080e169c9d0000,244.94839444444443,29.22550733513903,28.41460734763777,0.039383946122566314,90.59803724032516,
41962,/localhome/local-lintran/MLA2/data/raw/original/images/41962.jpg,1080,1440,0.75,RGB,240280,091810a5a21df3930d2e07968d06a2709c64efffc6c145277b46ed4d6470bc3e,091810a5a21df3930d2e07968d06a2709c64efffc6c145277b46ed4d6470bc3e,54d530cb70a11effbe68209387e0fb85833ac701a780ec524921b77e40ff3e5e,000d0d4d4d4d4d00,230.41069444444443,60.98656760148032,11.180420424146385,0.04323788322116994,31.76397673011828,
41966,/localhome/local-lintran/MLA2/data/raw/original/images/41966.jpg,1800,2400,0.75,RGB,346014,d1f4ffc82306a7b2ca0bdf17bf9eba62a2fb6f6064e4f4176619bf7c85260418,d1f4ffc82306a7b2ca0bdf17bf9eba62a2fb6f6064e4f4176619bf7c85260418,cd31d078dba70df850c4abc4ee1441957c50f981da7dd7ea8c3917a409b75468,2b00071796961800,227.63811296296296,65.17692875503641,13.709158558282546,0.03315928422355716,73.7410590796452,
41997,/localhome/local-lintran/MLA2/data/raw/original/images/41997.jpg,1800,2400,0.75,RGB,383402,3de49a11b37dc88484f894890ce5226cc97c958477ed433f2c13fbfb8105e0af,3de49a11b37dc88484f894890ce5226cc97c958477ed433f2c13fbfb8105e0af,5a0e0289c220c454feb172b9b838a6886214e2f5855e798643c9d331dbf15a6c,08108e0e96962200,240.01435439814816,35.68887307428416,37.669666170671285,0.06988277973263422,4.8319289469418,
41998,/localhome/local-lintran/MLA2/data/raw/original/images/41998.jpg,1800,2400,0.75,RGB,383402,3de49a11b37dc88484f894890ce5226cc97c958477ed433f2c13fbfb8105e0af,3de49a11b37dc88484f894890ce5226cc97c958477ed433f2c13fbfb8105e0af,5a0e0289c220c454feb172b9b838a6886214e2f5855e798643c9d331dbf15a6c,08108e0e96962200,240.01435439814816,35.68887307428416,37.669666170671285,0.06988277973263422,4.8319289469418,
42016,/localhome/local-lintran/MLA2/data/raw/original/images/42016.jpg,1080,1440,0.75,RGB,215527,2e062cf3749ecf2fc4d852ca7f5aa5de054cea863dd3008b7d40794ddd7c90c9,2e062cf3749ecf2fc4d852ca7f5aa5de054cea863dd3008b7d40794ddd7c90c9,c00900068abd129127e5a4acfa91ed779deacd7eb42fa3e6982a495ae76ae7e6,08025c0e19010001,236.988521090535,44.34871066071211,6.707534254709563,0.017454640375824757,203.2069738857356,
42028,/localhome/local-lintran/MLA2/data/raw/original/images/42028.jpg,1080,1440,0.75,RGB,97482,7b55c6af56d392578abbb8055933a34fbeb195abfb62b37bd73edb4210d0c6c3,7b55c6af56d392578abbb8055933a34fbeb195abfb62b37bd73edb4210d0c6c3,cd346fcb4264208f3b5ad95dafbb15177b5b68ac93e91f11f74b73b45072dec8,3004393e390b0411,245.8584715792181,29.11836129816853,19.590189390094178,0.014977716414014365,23.461312534589496,
42049,/localhome/local-lintran/MLA2/data/raw/original/images/42049.jpg,1080,1440,0.75,RGB,162264,24646c6611f6c14d0ec34f5f0ea8b4a812ffa530a9f9c379affffeb6b306b1f7,24646c6611f6c14d0ec34f5f0ea8b4a812ffa530a9f9c379affffeb6b306b1f7,a3cfffa93666dcba1164f9faca6bf7fc3d11a0450ffda45181a014b460bf8587,00000013332b2b00,218.7374241255144,66.74911986866505,27.548454731367812,0.10237864764801384,37.027315726475926,
42065,/localhome/local-lintran/MLA2/data/raw/original/images/42065.jpg,1080,1440,0.75,RGB,374420,b382adfbb2d95df7c4818747dc896ce3fe862ca802eafbc47608e4e5f67a43a8,b382adfbb2d95df7c4818747dc896ce3fe862ca802eafbc47608e4e5f67a43a8,8541b851640dfd2c2e5e0b99e7f8416cb6385ebf9efa55df6668263da0f83123,13000f3b2b231700,184.6750970936214,94.66498764736251,0.10635149122228574,3.3298899094744075e-05,33.88741071083825,
42066,/localhome/local-lintran/MLA2/data/raw/original/images/42066.jpg,1080,1440,0.75,RGB,244358,f0c3885961b80dfd119b7bd48c5a9d8b2f061b1db832fbbdf752cf047f841796,f0c3885961b80dfd119b7bd48c5a9d8b2f061b1db832fbbdf752cf047f841796,3535323e9fd23b6d46a7b980d6b850fa161ce6d74dbc7672b822fc7ea04ea987,04000e8e8e8e0e00,225.20735339506172,69.41544132084077,1.0508446914955185,0.002630202929401997,13.160882659562144,
42103,/localhome/local-lintran/MLA2/data/raw/original/images/42103.jpg,1080,1440,0.75,RGB,250555,57164195597d26617c6a4e9d5c7d73c51e1d16d6f0886f19a34ef67f61a503df,57164195597d26617c6a4e9d5c7d73c51e1d16d6f0886f19a34ef67f61a503df,4e771c30f15e45b1bb0d5e2d09330c230a83ecb160ef36193367e03f2fe0aaf2,0f44971307171e0e,171.7572678755144,105.64001117049528,24.28040940113146,0.1891737265847689,71.3660122012433,
42138,/localhome/local-lintran/MLA2/data/raw/original/images/42138.jpg,1080,1440,0.75,RGB,302548,6743c824f97b297134f1825b89dc615be049a4231fbf1c5bb8edb854ec7bd83b,6743c824f97b297134f1825b89dc615be049a4231fbf1c5bb8edb854ec7bd83b,76f193a6259ff5b6887fbe77ceb1653abafbe340e183cddf4f7ecdc25f56f583,0c02292e47038001,216.90030221193416,79.24951716474291,6.129533619164744,0.018473290383986506,19.098393760376847,
42168,/localhome/local-lintran/MLA2/data/raw/original/images/42168.jpg,1080,1440,0.75,RGB,280885,662bdbf52fca1146df7f366212b6382fbb837f71dfc843f8ebff69ec34ce976a,662bdbf52fca1146df7f366212b6382fbb837f71dfc843f8ebff69ec34ce976a,3bc12a68cc18d397a27f6a9dc20e2625882adcaa98668c8333aee33485d276fa,0f4c8733230b0e0e,200.76259580761317,71.37515763047503,62.67247225098984,0.21182286029706449,108.59564719358534,
42208,/localhome/local-lintran/MLA2/data/raw/original/images/42208.jpg,1080,1440,0.75,RGB,314600,2de65c08559f0f6a047d9d0bf06245c4706342d3474461d5cfcaac8230a2f234,2de65c08559f0f6a047d9d0bf06245c4706342d3474461d5cfcaac8230a2f234,f466518013f8b9f78183046061443c54d52f5713bf30eaa321b045d082007f86,4d4d1e172d0e9e8d,200.3083140432099,75.9016867805577,32.77024309170018,0.14054441532013948,168.8218467250988,
42260,/localhome/local-lintran/MLA2/data/raw/original/images/42260.jpg,1080,1440,0.75,RGB,267606,c99e758bfd9b65cabfba83c0879d62259e12a5ef03fd699d7ffda87800e9f463,c99e758bfd9b65cabfba83c0879d62259e12a5ef03fd699d7ffda87800e9f463,c2d162650ab0dc396de40ddd54be038806dddff9162326b5a54dc557bcc0a1fd,0f9e96968e9d9a0a,193.76836741255144,89.78988150539496,41.653162136513885,0.10013975038109944,34.024283434366836,
42349,/localhome/local-lintran/MLA2/data/raw/original/images/42349.jpg,1080,1440,0.75,RGB,576351,70ea581265225b17549e69a40f9eb9cbef948fded651873916790db40ee247c0,70ea581265225b17549e69a40f9eb9cbef948fded651873916790db40ee247c0,0d170c86a9885f536040fa506128f59b3ea80d01d9c5df5592ca0d3f3ca62d51,070e06064e4c0c0d,211.91681327160495,64.42774897465742,54.88479517191991,0.15950445430972054,133.11255872170096,
42401,/localhome/local-lintran/MLA2/data/raw/original/images/42401.jpg,1080,1440,0.75,RGB,281137,4a456170babdee601dd780efb9fad0874d5026f62f03e107b0a0ad5b3e5c9008,4a456170babdee601dd780efb9fad0874d5026f62f03e107b0a0ad5b3e5c9008,c4f0b8ea72c58dca73615f8a0a8b34249c8c431fbfe752f79e8a636864a11cfa,4d4517320f86069f,217.5126691100823,60.23857476868434,65.12296361804336,0.21054496826644686,46.46481106091612,
42418,/localhome/local-lintran/MLA2/data/raw/original/images/42418.jpg,1080,1440,0.75,RGB,303971,59ef240aae8b91a568c27cd9261965537a3fdaad6de9944776ff711f2324141c,59ef240aae8b91a568c27cd9261965537a3fdaad6de9944776ff711f2324141c,992d23e7b1699f35de1e01a8a32ebe94a6aa1df931033a326188ed58a01b028a,00169696163b0f00,237.8662911522634,29.184285992615436,12.279391480184563,0.02481700176237399,8.750903509788023,
42510,/localhome/local-lintran/MLA2/data/raw/original/images/42510.jpg,1080,1440,0.75,RGB,174479,3cb8a322413513317ca18605646f788636420777d90d45488284d5ab1dc9ed7a,3cb8a322413513317ca18605646f788636420777d90d45488284d5ab1dc9ed7a,387bc70e655d10016c8b647d9a419c3ac2a576cba2f64c6e42ed119443d44958,0d46969296979797,184.1194888117284,94.91219213496878,23.556606571293848,0.16012461376429238,79.58163539132785,
42528,/localhome/local-lintran/MLA2/data/raw/original/images/42528.jpg,1080,1440,0.75,RGB,285861,f277093f48a13e27291a219fb4392c62763ccb8e1e8ef5c3488a1cd0efc7170c,f277093f48a13e27291a219fb4392c62763ccb8e1e8ef5c3488a1cd0efc7170c,12d38e92d854bd06b9133b0b450c720d68516382446b9710a454cce01a52c91f,0d4d96960686968f,208.94150141460906,71.14167583596742,63.65059234512345,0.1925672215639517,155.85646839646319,
42565,/localhome/local-lintran/MLA2/data/raw/original/images/42565.jpg,1080,1440,0.75,RGB,209029,9005fdb8a7ca23f46faa323bada937df61534654254a7594a03b03d588fe5e98,9005fdb8a7ca23f46faa323bada937df61534654254a7594a03b03d588fe5e98,0754d675e6dd4ae55349e7087d81727f3a42ab24cf00c9017a0d4cdc78510389,0746972326078706,196.48706211419753,76.66186266180712,26.5857272623098,0.12698997226947087,262.12795893020325,
42590,/localhome/local-lintran/MLA2/data/raw/original/images/42590.jpg,1080,1440,0.75,RGB,327718,151718d2f5a9ad333c3504af9ecdd4102c1d918995f572b09c0a14041a4f8a12,151718d2f5a9ad333c3504af9ecdd4102c1d918995f572b09c0a14041a4f8a12,b1c5a9331096766bf721110545f83e9dd863d7dc3c401869d6a053a7455f8dbb,0400168f0e1e0008,242.56901105967077,37.01521291599498,5.787688648790493,0.013876730854392538,106.75789090955892,
42613,/localhome/local-lintran/MLA2/data/raw/original/images/42613.jpg,1080,1440,0.75,RGB,103277,5d9797626ad75135357e4c1c97d55aeaf9ddb2079843d78d90a52e70be58509b,5d9797626ad75135357e4c1c97d55aeaf9ddb2079843d78d90a52e70be58509b,873ad0f712bced06ac865a903ad12246a0038f064f1802bd9825da1bcd8981ff,21290e3216140c0c,253.37154449588476,11.945328238462716,17.66967181765969,0.012896635149644621,23.763044261683206,
42631,/localhome/local-lintran/MLA2/data/raw/original/images/42631.jpg,1080,1440,0.75,RGB,188356,c1e4db7e366bf9f1fd5b4d0d7afabef656fe60aa1092b13b8b86dc4043854f9c,c1e4db7e366bf9f1fd5b4d0d7afabef656fe60aa1092b13b8b86dc4043854f9c,0d7e1a019a3f6a40ad3da6d344f13577cda7d8ac56e7d219263885d0ec421058,000000002f0f0004,253.1134625771605,12.611877927158634,19.51736238321649,0.014837031253276463,13.019823159195337,
42657,/localhome/local-lintran/MLA2/data/raw/original/images/42657.jpg,1080,1440,0.75,RGB,302747,b28497d119930ccccb287b6e1981769e60b5edd0a136834c3bdb76d8e573ba48,b28497d119930ccccb287b6e1981769e60b5edd0a136834c3bdb76d8e573ba48,79cbaa41b60a789c3838890d258f483013618cacf450d9d3be725079df6f23f7,0d4496961686860f,217.08554269547326,66.97449673034238,48.720666313970526,0.14100460486101163,746.6533048251541,
42680,/localhome/local-lintran/MLA2/data/raw/original/images/42680.jpg,1080,1440,0.75,RGB,292292,b3c5aa3836daff1deb8c5f558af2071f102c030ef045130a0f34dceb157b4326,b3c5aa3836daff1deb8c5f558af2071f102c030ef045130a0f34dceb157b4326,fdffffb2f854bc72916f2d923016f66834cff78cbdefab1f4a11c1bdf980dac9,0505968d8d96969f,200.30250643004115,80.62441823341777,56.162977957230794,0.2327029017428821,272.27902943485594,
42682,/localhome/local-lintran/MLA2/data/raw/original/images/42682.jpg,1080,1440,0.75,RGB,301197,7c4bdec622476fd6377746c2349ed597755646175d0ab9a55fad14b78df15b7f,7c4bdec622476fd6377746c2349ed597755646175d0ab9a55fad14b78df15b7f,1c18bcaeb82310e63573cb8b2f64068d0594352fd6dfb429d6b03ca7f6d361fa,4d0596861686968e,201.36852816358024,83.56211571489092,22.034924729761556,0.11615295114807248,723.6954238902402,
42703,/localhome/local-lintran/MLA2/data/raw/original/images/42703.jpg,1080,1440,0.75,RGB,115274,9ed22e36cc56cb72a3d7e706d4c2665dbf80f2c609847d6092c7b25cb2e00e08,9ed22e36cc56cb72a3d7e706d4c2665dbf80f2c609847d6092c7b25cb2e00e08,b11a6751d8be1c1ea6ec8839fe5a972943c765069ce818d1abed27d073d976ee,002401342f072007,238.71309799382715,50.273965128063075,5.645010515648646,0.009278571161147454,35.72565864833906,
42713,/localhome/local-lintran/MLA2/data/raw/original/images/42713.jpg,1080,1440,0.75,RGB,263904,0a12ed0ae22d17920e3a5d3bb2c4bc8afe78558d9139a0e9a4f52fd77c5198a7,0a12ed0ae22d17920e3a5d3bb2c4bc8afe78558d9139a0e9a4f52fd77c5198a7,420dbfc9d9497ab734591bf9eef562f00a9860602b4f28867c8d165822134517,000c032c0f032003,231.58986175411522,61.702586070579294,1.5065505943628927,0.006617373502710704,42.07595080891154,
42822,/localhome/local-lintran/MLA2/data/raw/original/images/42822.jpg,1080,1440,0.75,RGB,263032,8c28f45c2652bb6e224067fcaf541ad5bad851e0728854a94dcaa89a5cca7b19,8c28f45c2652bb6e224067fcaf541ad5bad851e0728854a94dcaa89a5cca7b19,a26eb8e70fe4081d18be9c4a0a00d80368a155a63ec1b18975ccb59f5a3c0141,4d8d86a69f9e9e8e,191.1359413580247,73.2713986489118,24.77494613614158,0.11497340925902609,21.91874203637206,
42827,/localhome/local-lintran/MLA2/data/raw/original/images/42827.jpg,1080,1440,0.75,RGB,292396,1ccb91988914eeea3f319868edc59c79ff4eb570ab6b869b471bf390830dc430,1ccb91988914eeea3f319868edc59c79ff4eb570ab6b869b471bf390830dc430,52a887e311d2ae12d00365b003700ede21314af9f232feb0993976833a87c28a,8d8d0b1b6bc7869f,193.15450745884775,56.11194654334701,46.67582797661028,0.18056170263048413,20.951043154819363,
42829,/localhome/local-lintran/MLA2/data/raw/original/images/42829.jpg,1080,1440,0.75,RGB,153587,722c50b85b181ea26a1c8d430b163a7aaecc4ea2826911df23652921ad0512f2,722c50b85b181ea26a1c8d430b163a7aaecc4ea2826911df23652921ad0512f2,7397f9fae2673ab924edabf421a2f80d6a1b14196e0aa7164dbbc828dacb5099,00000f0f161e0800,251.8664699074074,14.595360039529961,1.6751435119713163,0.0027811285593623003,4.891106477727583,
42840,/localhome/local-lintran/MLA2/data/raw/original/images/42840.jpg,1080,1440,0.75,RGB,226685,bac78b50366fa7106eadf5f4a76dde72d748d2fb8dcaccda96232ee2211101e5,bac78b50366fa7106eadf5f4a76dde72d748d2fb8dcaccda96232ee2211101e5,1a01f2ab231b9d1fe3f1675547cafdb23b235a20a709e4f03398fcd63ad3e6b3,080d16332b330b00,190.6171032664609,98.72459997628376,3.4924671538337253,0.022609240838951862,81.80840508642547,
42861,/localhome/local-lintran/MLA2/data/raw/original/images/42861.jpg,1080,1440,0.75,RGB,238675,a08ecb26faa54e265361e1e7b1c0273720ac8cf6a41b2e677f4e576174809c0a,a08ecb26faa54e265361e1e7b1c0273720ac8cf6a41b2e677f4e576174809c0a,0011a0154d4fa6979edaf90312110f1cc624e2d1ca0ee2b1a80b95ef647f691d,4a9c17373b270600,224.3508198302469,52.58958743363085,29.797622445099197,0.12132361319051846,98.08135191834948,
42865,/localhome/local-lintran/MLA2/data/raw/original/images/42865.jpg,1080,1440,0.75,RGB,232182,c4dbc737bf2c4b62dbc34823421d62231cf0d2e42e41aca351dd15ffd0d03475,c4dbc737bf2c4b62dbc34823421d62231cf0d2e42e41aca351dd15ffd0d03475,1b12f9c850edb6f72b366dafc6ab3b1e9ff32705567949a2d4413e2083c5712f,0a410e27332b1b00,187.2407761059671,103.61350656048067,1.912248381871577,0.0059768085860053026,26.944643293820867,
42875,/localhome/local-lintran/MLA2/data/raw/original/images/42875.jpg,1080,1440,0.75,RGB,264226,92db2ff61b423ab1f8bc549212952b1c90aa3eaeed8b74ba617c978c095eb91e,92db2ff61b423ab1f8bc549212952b1c90aa3eaeed8b74ba617c978c095eb91e,f2e885b30833cc2966478bd895e22d971e16a0bd065d1de56276f78edcc9da6f,000d000f33332300,199.44629886831277,97.52614832539219,1.9744391364077745,0.006734261956402811,16.83213058419244,
42899,/localhome/local-lintran/MLA2/data/raw/original/images/42899.jpg,1080,1440,0.75,RGB,89497,5ae20a5f9f23d62182cd7c84095c244b73ba4dd769fe1a9e83a65ccd37b98999,5ae20a5f9f23d62182cd7c84095c244b73ba4dd769fe1a9e83a65ccd37b98999,9e1a18eabb2e2ee5727f6fa2fe1d539e549a29cb2f1671d8e0e25661e63e96b9,00004006332f0001,248.4654558899177,29.82417948944886,1.3962344621468081,0.0019529331467881292,13.00245311916805,
42937,/localhome/local-lintran/MLA2/data/raw/original/images/42937.jpg,1080,1440,0.75,RGB,203672,e83c442aa943ff3e14080ea857701a882f13a94bffe6fb4fd497134125fb3000,e83c442aa943ff3e14080ea857701a882f13a94bffe6fb4fd497134125fb3000,2737853be6bd6f1b785d94ec02dff9ac54f31c45da524de4d7ea4ae2e0115fb3,1e3361332b2b2b00,192.0051054526749,97.47152497647136,2.5671810683550413,0.03433758689391093,76.16043154819363,
42974,/localhome/local-lintran/MLA2/data/raw/original/images/42974.jpg,1080,1440,0.75,RGB,502098,51979c2541471adc603562fbf8c324f61ebe9a2ea38b73d368a8f3137e9523e1,51979c2541471adc603562fbf8c324f61ebe9a2ea38b73d368a8f3137e9523e1,8765012df8e5b8ae1aef1500dbe72b67d2e1dfb61d83ffe57a2e6e2e5a61aca6,1e8d2e2f1b1e1d0d,199.36674254115226,82.09579902938218,35.691024190489316,0.1376278622731813,52.899592326602054,
42978,/localhome/local-lintran/MLA2/data/raw/original/images/42978.jpg,1080,1440,0.75,RGB,271002,3c8ccbe9eeedf1128aa89f337c2f47cf13fe068a4f514bfbf3848eff0fc670ea,3c8ccbe9eeedf1128aa89f337c2f47cf13fe068a4f514bfbf3848eff0fc670ea,98fe892c6233aabb219fa267c661c5103fd08d3278205750dd8bda846cde0890,2333272517071392,175.24229488168723,82.10401789487199,44.38265825083591,0.20542279511800304,114.40501692472039,
43025,/localhome/local-lintran/MLA2/data/raw/original/images/43025.jpg,1080,1440,0.75,RGB,316145,ae0f7807235cb8c6bb820c3f9085a4b4e0a42e61f2e5f370135232f669937407,ae0f7807235cb8c6bb820c3f9085a4b4e0a42e61f2e5f370135232f669937407,1ff55c378b142cc547d6d9205a04c2793b02111deafc068e096bbe530ce1b7ce,69715ddd55712537,176.90118119855967,60.695863850203715,37.210672657009695,0.2581905495398322,35.233903175154765,
43085,/localhome/local-lintran/MLA2/data/raw/original/images/43085.jpg,1080,1440,0.75,RGB,261266,54990576fe2a9cedd6d4a50c8da9f891142c9f7981a17a7bc6e0a52611edb967,54990576fe2a9cedd6d4a50c8da9f891142c9f7981a17a7bc6e0a52611edb967,c82b0177c905920eed4b2838e062db4b4bfbb1a2c21268154ad11b5aabdd353c,000e3b179e9e9e00,234.56508101851853,30.16794284535655,73.24661354724083,0.22512151143509238,12.631725806659201,
43130,/localhome/local-lintran/MLA2/data/raw/original/images/43130.jpg,1080,1440,0.75,RGB,421025,de6c146351d6cf117b8c78377e548fecbaf7bf5ccdb2f81ca0a8d7ee3eb8cd6f,de6c146351d6cf117b8c78377e548fecbaf7bf5ccdb2f81ca0a8d7ee3eb8cd6f,66e7ef811ee00fde24a90bdbe8ff6b9445234e3e0708741a33c85ce6b625ae8f,0c003d6f6d0d7900,215.74938207304527,67.16031153834327,32.54406290278693,0.11781608596158388,71.35466298570087,
43137,/localhome/local-lintran/MLA2/data/raw/original/images/43137.jpg,1080,1440,0.75,RGB,218045,80cc4a5a484cce40ff25909d11be35e29617b1b86f3c5b7850a529cdeee7162f,80cc4a5a484cce40ff25909d11be35e29617b1b86f3c5b7850a529cdeee7162f,9c98fcbc77397c43de1dce01d292a9b18352e6becd848210269df9909f03f8d7,000c0f9696968600,222.41619984567902,64.92554124360363,52.41519934682636,0.12379270630990864,26.055146273343887,
43148,/localhome/local-lintran/MLA2/data/raw/original/images/43148.jpg,1080,1440,0.75,RGB,237292,8e893c7f5b4583ebcc17910683ea6109e5543c9199fdd9924645a148edcf6fce,8e893c7f5b4583ebcc17910683ea6109e5543c9199fdd9924645a148edcf6fce,1dac74a78a8ba0e2103b0389a51eb42dbc7ea32640fce10eaf6cbe108bdf2132,8686868e8e8e8e8e,203.1732857510288,78.09460929281785,14.679056140880233,0.0766568002945506,78.2146151074044,
43201,/localhome/local-lintran/MLA2/data/raw/original/images/43201.jpg,1080,1440,0.75,RGB,218899,7d48c6520f968d5db1d2731752ce5c04a4adefa06215703f52d2298c89121064,7d48c6520f968d5db1d2731752ce5c04a4adefa06215703f52d2298c89121064,302aa8fadd3cfbb709cb017d06e061b0e57d376e28c4a4363542310e46e5e21e,96160f27170f1697,183.2917952674897,86.20367332259038,10.442335763709579,0.050578471518306224,137.48244784225903,
43210,/localhome/local-lintran/MLA2/data/raw/original/images/43210.jpg,1080,1440,0.75,RGB,288232,87e183cbfb08a440ed054201258445cb38341c7ce0a7f63269448f3b854bc283,87e183cbfb08a440ed054201258445cb38341c7ce0a7f63269448f3b854bc283,71df739ab098a84531fed37bc85a81b9f5e117e35e063e74fcaa7dd7f9666a87,0e8e0f2b2b0f8e0e,165.8819431584362,100.01291049802452,7.944344890779248,0.013001478305422035,33.90211076360735,
43262,/localhome/local-lintran/MLA2/data/raw/original/images/43262.jpg,1080,1440,0.75,RGB,290469,4c929464e40780abbb619d38a0dc3b24dc6bd3189cf07126b9a20623a0d8b798,4c929464e40780abbb619d38a0dc3b24dc6bd3189cf07126b9a20623a0d8b798,fff6fc221b74700f0903e2b15519a95a5aa6da579fb7c3f882e8d11f75c82a11,4d0d9696969e8d1f,201.63201131687242,87.39422089975268,18.18531650925318,0.07324227182253379,402.3280609289934,
43303,/localhome/local-lintran/MLA2/data/raw/original/images/43303.jpg,1080,1440,0.75,RGB,253279,dd15571061eedf10e1c415eba4b5e5d316863ca96dc7ebe6114d22f5c8f2a69a,dd15571061eedf10e1c415eba4b5e5d316863ca96dc7ebe6114d22f5c8f2a69a,9013431251358d478a7047ba5e67815e14b673e24ac03bb2edff3b7a37da1e85,989e968e8e9e9e0d,194.78700745884774,91.96817653842511,19.798762828578642,0.06566650497691164,64.9657113530767,
43313,/localhome/local-lintran/MLA2/data/raw/original/images/43313.jpg,1080,1440,0.75,RGB,275697,3cbd8b74829be35c2829fda4b9c8fb6513b156ab538e82bf8c59e43aaf34fff9,3cbd8b74829be35c2829fda4b9c8fb6513b156ab538e82bf8c59e43aaf34fff9,75ea6f19825033b36403ba77994ad3aaff5c2c8b33ceca2573f0b8849338e9fd,0f4d179387968e16,194.76428047839505,81.44986735846447,34.72116549401171,0.1477731918834015,34.269789374107106,
43325,/localhome/local-lintran/MLA2/data/raw/original/images/43325.jpg,1080,1440,0.75,RGB,301536,d7a55b0513ecf74abb179f8500a4901d6941d9bb5954b1113e1873a471c33a55,d7a55b0513ecf74abb179f8500a4901d6941d9bb5954b1113e1873a471c33a55,610578a6bd2cdbee844219901f7468781fbd8a70bfcb58d2fcc691d601ddc91d,264e161606068f97,203.2246238425926,68.09306563612053,65.13942530443802,0.18357267771892427,42.0347674298879,
43378,/localhome/local-lintran/MLA2/data/raw/original/images/43378.jpg,1080,1440,0.75,RGB,263561,45fc570921fecf81ce68d45ea743857d2944ef51572079fd94321f73f16f1039,45fc570921fecf81ce68d45ea743857d2944ef51572079fd94321f73f16f1039,07235ff8d9fab6cdd5f156844fdcfd2f207259297ecb3db3b466a8097bcaf42b,5802795a4b0f400d,222.35475244341563,73.83764693255193,27.465397992562,0.03955848584516063,71.34289354801344,
43480,/localhome/local-lintran/MLA2/data/raw/original/images/43480.jpg,1080,1440,0.75,RGB,208029,44b917caac7418394c9b006bc8e866e9907c85e92b54ee67b880859bd80152a0,44b917caac7418394c9b006bc8e866e9907c85e92b54ee67b880859bd80152a0,c78d8aa08448fbd62899ba6c691f01e1b1d152192be2ce5ae0596f91afabcbd9,1804393c07034009,220.3582806069959,68.1099256020058,15.460639426061807,0.07152804355399835,10.125198527613678,
43489,/localhome/local-lintran/MLA2/data/raw/original/images/43489.jpg,1080,1440,0.75,RGB,266394,a6bc4d9e1cc364d10087c9d2c1159e301b24efadb98f6d25aa605d48d00040d3,a6bc4d9e1cc364d10087c9d2c1159e301b24efadb98f6d25aa605d48d00040d3,38873eb53ef077cd7a3e63afb0036a51bbc1d5cecd3ae8a727ab644ffc053fc1,1716169694958d9d,196.80511702674897,82.30298254155672,16.102887157456266,0.07208995608021825,47.09580678790687,
43498,/localhome/local-lintran/MLA2/data/raw/original/images/43498.jpg,1080,1440,0.75,RGB,285909,ec1c2c672596681b4342a83d1a1e5caf78375549cb67d160b3f8a8bd1a0fa5f8,ec1c2c672596681b4342a83d1a1e5caf78375549cb67d160b3f8a8bd1a0fa5f8,68a7cfb847ab3519065249a9fdb3656bd779d087f6b21d59b2d6530630593929,0f4d071323230397,207.68410172325102,68.64108691095161,23.809087844644807,0.08638837911405492,40.218929945815155,
43518,/localhome/local-lintran/MLA2/data/raw/original/images/43518.jpg,1080,1440,0.75,RGB,221632,89d88a88ff250703ffad5dd17cc584a3404ac0c72b5970e0443c4a0e2a5fc272,89d88a88ff250703ffad5dd17cc584a3404ac0c72b5970e0443c4a0e2a5fc272,e8c208427fcb0fabdaef532c1f9899313ab2b0bb8cf6013e2a1f21404980003b,0d4d9636361f1f0e,178.83656057098764,93.25821571298536,28.58368991001729,0.15446104109755213,25.8842371648841,
43522,/localhome/local-lintran/MLA2/data/raw/original/images/43522.jpg,1080,1440,0.75,RGB,296473,994f52e061a2893750fb03eab8c240846f50335dabaf85518d3953d0c38f0a60,994f52e061a2893750fb03eab8c240846f50335dabaf85518d3953d0c38f0a60,c22dd66d3edb4c6c782acf2ec2dc943ce84c00f2e88aa3768b9b6c8cd0afb5bb,96969e8d0d4d4d4d,200.70275077160494,91.14267104225773,14.538041520934705,0.06064093394458048,31.451532555954543,
43555,/localhome/local-lintran/MLA2/data/raw/original/images/43555.jpg,1080,1440,0.75,RGB,260683,dd22f0b6764f42c165d382c860648541e052edbca91c1079afd26ee508d5dbd8,dd22f0b6764f42c165d382c860648541e052edbca91c1079afd26ee508d5dbd8,80c37c3e0398e92ec538f95696e03492a56ce917f21577b2459c55ddec2beb6e,0e1e0e0e064f0b06,241.0951684670782,25.342027733794406,19.490786321816596,0.049066416711996894,13.684977540960398,
43615,/localhome/local-lintran/MLA2/data/raw/original/images/43615.jpg,1080,1440,0.75,RGB,292116,26de1003c10acddbf6e13c9550868e4bf7bdbb4babf44df89a39563ced94c8d8,26de1003c10acddbf6e13c9550868e4bf7bdbb4babf44df89a39563ced94c8d8,0a07ce6ba6af102ccff361ab5f537095d7298f7140ddbee8cbb558c7d4e2c599,0d4d16b636363696,220.3821714248971,62.7620270118546,24.681253005328102,0.08161557781662467,22.0926567306331,
43634,/localhome/local-lintran/MLA2/data/raw/original/images/43634.jpg,1080,1440,0.75,RGB,303773,cfc7a513f8b52ca2f395b7ca1e72a45fbc1b4171892b3030bebad4f587c08796,cfc7a513f8b52ca2f395b7ca1e72a45fbc1b4171892b3030bebad4f587c08796,69e8546be14494f8b9aff4fff69dc63e8a88c6c91fe585b065d0f435a1d84173,4d4d9eb63636321e,218.70649562757202,55.367544294021606,50.8953245481153,0.16350341922962883,22.57831029512079,
43655,/localhome/local-lintran/MLA2/data/raw/original/images/43655.jpg,1080,1440,0.75,RGB,251045,6d232537ba471e732067392364e706d735ac30b55c4f3ce8c4d10b5654efdb77,6d232537ba471e732067392364e706d735ac30b55c4f3ce8c4d10b5654efdb77,a8c20eed65efcf527b124277db7ab27e0ca0f19b7ef243a101e15958f575c05f,054d1e96968e9e95,216.87436535493828,61.28619615593833,26.21727056995649,0.09318757774647435,95.0602941555015,
43659,/localhome/local-lintran/MLA2/data/raw/original/images/43659.jpg,1080,1440,0.75,RGB,306272,f36ae2eea95c766ef37c47263178be3c68916fde2352e6b31a1d4268abbcaf60,f36ae2eea95c766ef37c47263178be3c68916fde2352e6b31a1d4268abbcaf60,ba5e8cec173c0ec6c4266ab9b0e14e0841f65a64e28e4b2a8390773a08c05ac1,4d4d070d0d8f0605,200.5440920781893,74.43508898389861,63.242942287306406,0.2150280074350461,27.15815507677259,
43679,/localhome/local-lintran/MLA2/data/raw/original/images/43679.jpg,1080,1440,0.75,RGB,303540,0e2b839230f2574249b71e569dbb4192f8092d32663b03d7b7d0fc0a2284a08f,0e2b839230f2574249b71e569dbb4192f8092d32663b03d7b7d0fc0a2284a08f,1dd197c8eb0e9336b974693e10e3ca4d1af8fa4d105a0a8407ec8ec977a115d4,4d4d86060c0e0e8d,218.26910429526748,56.22587185931583,65.98957155796877,0.18496532659511344,57.57956195219893,
43682,/localhome/local-lintran/MLA2/data/raw/original/images/43682.jpg,1800,2400,0.75,RGB,362626,a5c3d769395168a08b229f7c0f3d848a6a300c8e2f0871a55ad4972e62d87875,a5c3d769395168a08b229f7c0f3d848a6a300c8e2f0871a55ad4972e62d87875,e3a6e58ba8a30aa62bb0dd1af120f5ff32c59c39da0f38dfcdf621fe0a097bcb,2304171796961600,222.72579166666668,61.34290050739614,68.08057086698413,0.20656015640383693,12.296222469255888,
43697,/localhome/local-lintran/MLA2/data/raw/original/images/43697.jpg,1800,2400,0.75,RGB,364839,da33e12233ec67d63279fc4f16ce8ea7323613cd0aa49ae913a4782a6bdedd6b,da33e12233ec67d63279fc4f16ce8ea7323613cd0aa49ae913a4782a6bdedd6b,a4938f5f802739dd8b67772a5a9e5423dd784c30f6e680b69f4d624a2f53c3bf,23142b2786160600,235.77038217592593,48.541978091106465,30.939440972177273,0.06848427055582974,13.38660459945807,
43745,/localhome/local-lintran/MLA2/data/raw/original/images/43745.jpg,1080,1440,0.75,RGB,245029,ca0c9ddd419b790670780a3311a9706f3308f7ad3cd7ca5b17f21dbe905cc6be,ca0c9ddd419b790670780a3311a9706f3308f7ad3cd7ca5b17f21dbe905cc6be,82fa50a0da2d6b74672e9b85c7d31cf23e60682bce06ac5c8daec1b405680479,000020080b130012,246.08462191358024,34.40323090112713,22.452718220023986,0.0388229039107532,89.2014929791369,
43759,/localhome/local-lintran/MLA2/data/raw/original/images/43759.jpg,1080,1440,0.75,RGB,221153,4fa15798d16e378b00a66b693857d44851740ce38a9dbb2e158ee98e8670a764,4fa15798d16e378b00a66b693857d44851740ce38a9dbb2e158ee98e8670a764,0dd8139b7050fc6f09e819d50a565755db0723fc70d419ae17028282ffa0fb20,1000909296021002,245.9913683127572,36.649373729064706,14.952447899217937,0.02824600597496857,96.0238143042846,
43791,/localhome/local-lintran/MLA2/data/raw/original/images/43791.jpg,1080,1440,0.75,RGB,270846,c0b112614c401cb6e9244f014d11dd9abcc7221c3170c8f4edcd6d4d3334183c,c0b112614c401cb6e9244f014d11dd9abcc7221c3170c8f4edcd6d4d3334183c,cc611b2a25f69a16c0cf907833f5d409e8c0ff6517de349375a439abbb39f0ab,000026671332b240,244.93022119341563,34.21121998771428,21.87358994201231,0.04697463911425849,295.10365458125796,
43793,/localhome/local-lintran/MLA2/data/raw/original/images/43793.jpg,1080,1440,0.75,RGB,267540,697c65407369e91ee44e6defbe941be13b5ce77ba9957324e244b852a54d61eb,697c65407369e91ee44e6defbe941be13b5ce77ba9957324e244b852a54d61eb,31e623b45300fc8fac643a1f1a6d1db0dad6dd1a3d9ef64a726d6204612c428e,1002181797060000,245.28346064814815,30.764086465534675,19.542212816996848,0.03734224613087102,76.74166055317451,
43795,/localhome/local-lintran/MLA2/data/raw/original/images/43795.jpg,1080,1440,0.75,RGB,293851,9cf823d31547e4522edd34299d45746a63ab5b06b961aade15f6923d41d0fcdd,9cf823d31547e4522edd34299d45746a63ab5b06b961aade15f6923d41d0fcdd,b81229810e252e5000232a92de93f19d8d0507b58c6f41908bb938fb680942ab,1802181b93930210,239.37207047325103,45.8348406153186,17.675993623667424,0.05002153683273281,82.38728651041868,
43831,/localhome/local-lintran/MLA2/data/raw/original/images/43831.jpg,1080,1440,0.75,RGB,293468,adcd539153cf0f792be96e0c0a1dc0a40178693dc5555f598190fbab8f68a478,adcd539153cf0f792be96e0c0a1dc0a40178693dc5555f598190fbab8f68a478,b67fee1241bf54ce5c5969d5c24384f984c4a24b22f20c57689c1b55bc83fc44,1002309696b6b616,241.49595357510287,39.14262192505247,18.30201368612403,0.045988588208590905,89.30243510045433,
43837,/localhome/local-lintran/MLA2/data/raw/original/images/43837.jpg,1080,1440,0.75,RGB,234745,ca985eda8aa0c994e47f53006612513a001881b7ac0683bd888df2c9bf504dad,ca985eda8aa0c994e47f53006612513a001881b7ac0683bd888df2c9bf504dad,3a5ae840b3654b0f55fdbede078518acaaccd06e5b2736c8b7e98f5f1badbdf0,100010161b170608,247.96020126028807,27.147288490992942,16.539898625633757,0.028508287097544188,80.60764379577076,
43875,/localhome/local-lintran/MLA2/data/raw/original/images/43875.jpg,1080,1440,0.75,RGB,268596,0125af46c62d99e19e97e7ff13530678f6ed41dbc92f3113f285820e57a2bc5a,0125af46c62d99e19e97e7ff13530678f6ed41dbc92f3113f285820e57a2bc5a,306005401d3eb410e44528f46844af2e058959c05ae24f540d3def2dcaa15f52,4806692e0f036005,219.96755208333335,73.28371618482521,11.165392036116694,0.019525098922501895,76.99624567229108,
43876,/localhome/local-lintran/MLA2/data/raw/original/images/43876.jpg,1080,1440,0.75,RGB,220530,36d15dc3fbb18714bdfecfdda44744f54acb60651f9392c65e7e0dbe6e988974,36d15dc3fbb18714bdfecfdda44744f54acb60651f9392c65e7e0dbe6e988974,6f14befb60ed8230c49df267f78f1ee534e049c5eac2c9d169f16db19a8c971a,0018586e5b0b8608,238.27349987139917,46.87760393762127,5.525115301938331,0.00917381658150731,52.234939572956485,
43919,/localhome/local-lintran/MLA2/data/raw/original/images/43919.jpg,1080,1440,0.75,RGB,240747,163b7b427676cae7475e24364912b308a140b592ecc59a719adaac2c3a3c30f5,163b7b427676cae7475e24364912b308a140b592ecc59a719adaac2c3a3c30f5,c06ffab9957289cd09aea9e6faa596771a81bd0a3faa1e0f6f49e71597a80788,4d8d0e1e5e169e8e,190.4541769547325,91.07511178509898,22.735304312898947,0.11179544232589889,101.7607758343308,
44002,/localhome/local-lintran/MLA2/data/raw/original/images/44002.jpg,1080,1440,0.75,RGB,206823,d85696d2d09345ddaeceed567b639b2c812656523bb208f7bf9565a34862a56f,d85696d2d09345ddaeceed567b639b2c812656523bb208f7bf9565a34862a56f,2ac7ebbe2b300fa96e370428069e210acb7192fb5848c3b91d041a80a64f74a3,08000c0d06064d00,242.83431391460906,36.70279639928661,30.559132886589012,0.03788110178570425,20.63245749514138,
44016,/localhome/local-lintran/MLA2/data/raw/original/images/44016.jpg,1080,1440,0.75,RGB,178050,5989bba19df78e8e764c89c859e1caee463f77a0ff68502c5dd3d013efeaf19c,5989bba19df78e8e764c89c859e1caee463f77a0ff68502c5dd3d013efeaf19c,808adcc910e23d8514b2dbccfcecb05008b82594bd35f6a0499824a82be60f09,0c228e0d4d4d4d00,226.48571823559672,71.9329612188622,0.15246135522449197,0.00010491882010676871,48.123240279547474,
44026,/localhome/local-lintran/MLA2/data/raw/original/images/44026.jpg,1080,1440,0.75,RGB,58966,fcd707d0c7b2fb5dbd6e20897d6e66e4baa19f9aefb810660e24ddd55c9f753f,fcd707d0c7b2fb5dbd6e20897d6e66e4baa19f9aefb810660e24ddd55c9f753f,9f8f687be4d2c8efdb924741fb25a9f92ecece7b4e1c3fde268f468486678d0f,00000800080e1608,252.4689576903292,12.344921706133492,1.7842313407579313,0.001998502112839961,2.4378759797675587,
44035,/localhome/local-lintran/MLA2/data/raw/original/images/44035.jpg,1080,1440,0.75,RGB,156274,c8dfb345b3b9fcedaf4efe38d0a76126386d2e9aacac861e34d9a578699fc4e3,c8dfb345b3b9fcedaf4efe38d0a76126386d2e9aacac861e34d9a578699fc4e3,5d099c077df1774cb160889dcfa158ce67f18ca9114b5838fa953800d38301e0,000008000c4d0d00,250.20516332304527,19.833971688984448,1.8714575254594992,0.0010503837471563594,4.105928156814292,
44051,/localhome/local-lintran/MLA2/data/raw/original/images/44051.jpg,1080,1440,0.75,RGB,174867,8e3e99df92083e87520244c2c175f01a7adcb067764b5f108c5c7c419bb1e2e5,8e3e99df92083e87520244c2c175f01a7adcb067764b5f108c5c7c419bb1e2e5,765dde8c08d1ac6271eaa8a6d12f9d3ca19a0d7708c3f432dc5460a83aa97eb9,08000c0d0e0e1608,247.72493184156377,23.1451512091369,10.507916791850143,0.017851033590609654,8.845321569687375,
44055,/localhome/local-lintran/MLA2/data/raw/original/images/44055.jpg,1080,1440,0.75,RGB,286297,bae370910d2dd0974c057b9bed229482f7ade88b9621f0844b5a31253fd5a2b8,bae370910d2dd0974c057b9bed229482f7ade88b9621f0844b5a31253fd5a2b8,cd7f45f75e8e71ab2f23340ff593cccd9d2efe2bf01f922ff76d6b385fa67ec7,08220c0f96961716,238.4386657664609,36.1323475261671,30.45050847418861,0.05813130692940376,11.879322238953884,
44057,/localhome/local-lintran/MLA2/data/raw/original/images/44057.jpg,1080,1440,0.75,RGB,62333,69d48bc1556cda020cd37e4d83ddec455d26eedd3c891e83dab5c6203fb2bd2e,69d48bc1556cda020cd37e4d83ddec455d26eedd3c891e83dab5c6203fb2bd2e,e2283aa2990504a0096a15bc3da82cab97a82f913fe54de668a49551fb5fc724,000008000c0c0c00,252.2101851851852,11.682121560882566,4.887244946616952,0.001195274792943512,1.774425009974645,
44081,/localhome/local-lintran/MLA2/data/raw/original/images/44081.jpg,1080,1440,0.75,RGB,232218,ed5e0b086520f6081d223727b5edf087bb3dc9c4dc326f926f2b16c5c7216ba1,ed5e0b086520f6081d223727b5edf087bb3dc9c4dc326f926f2b16c5c7216ba1,3b0291aee4d0c9ce53f80d042670aeeb7a3e5a98a33ff77f5e6c8d430acfc06c,00000c0e0e0e1400,250.417795781893,21.843794330390917,14.80782441481664,0.015148699155716337,10.726560227550614,
44151,/localhome/local-lintran/MLA2/data/raw/original/images/44151.jpg,1080,1440,0.75,RGB,78490,78b130f03ec756f0b251b8ea07002fcb1f195a135a7808ee4ae60f89c2607621,78b130f03ec756f0b251b8ea07002fcb1f195a135a7808ee4ae60f89c2607621,d187d667dfcade033085f22f2438761be2982dac61a88ef30e5a03aa3d670e9a,004d4d4d4d4d0c0c,237.11087384259258,42.255569759985825,51.75638463364978,0.09447289723490308,6.713165244475333,
44153,/localhome/local-lintran/MLA2/data/raw/original/images/44153.jpg,1080,1440,0.75,RGB,306693,2e802f19ede5ada8347f3ec7053577a33cb5fbdf82d4cdc692c844534185f8bb,2e802f19ede5ada8347f3ec7053577a33cb5fbdf82d4cdc692c844534185f8bb,4a8a06d734416047ef7f9af65902cb1bfe857ca4e3da65fbd96413bc4df0fa55,002b171323232b00,176.882918595679,88.49725257962116,47.89135951152539,0.2319600271092455,34.62354531062975,
44190,/localhome/local-lintran/MLA2/data/raw/original/images/44190.jpg,1080,1440,0.75,RGB,260337,5c9f933948e28c617c349ecef5e5651f5819522912a4e61436a76145d5446961,5c9f933948e28c617c349ecef5e5651f5819522912a4e61436a76145d5446961,8df1f86ccaf57e85f2baf3686ba1887fa248e8eb529efd9fbf634c11577e1b97,002401242f074003,240.10444380144034,47.27313218466622,11.809947227571675,0.03138026216921947,28.9268195683231,
44208,/localhome/local-lintran/MLA2/data/raw/original/images/44208.jpg,1080,1440,0.75,RGB,297085,8c86b527ea3f8fbe626ec6bdb529ee82bf6becaa4b4772cd70c991d16d99f3d4,8c86b527ea3f8fbe626ec6bdb529ee82bf6becaa4b4772cd70c991d16d99f3d4,c116276a0b07925dafb0168a2ce0bb512fe720ffebdbf077da1ffd5a72321f29,0028033837036003,238.69048739711934,50.65061338838297,15.341592055599262,0.04159046586833955,28.68632637038753,
44211,/localhome/local-lintran/MLA2/data/raw/original/images/44211.jpg,1080,1440,0.75,RGB,237658,4105054bc2871416ad8c413f0e035bb5fcc44469df9af4ff0d71eab784e61450,4105054bc2871416ad8c413f0e035bb5fcc44469df9af4ff0d71eab784e61450,c104f7926de663fd8c6bb44430437bc5a787e411159ade87561cbde177822833,000c013c0f033002,243.96340149176956,41.238938291788855,9.54736693956837,0.01799759905809469,36.02653899120944,
44235,/localhome/local-lintran/MLA2/data/raw/original/images/44235.jpg,1080,1440,0.75,RGB,195564,19baabfcb47576fe0d180446bcd85aec26dfa33bc863b5351e309b5474883b47,19baabfcb47576fe0d180446bcd85aec26dfa33bc863b5351e309b5474883b47,5e30246d8dbafa4abeabfae946dd4582c99f9ce4e3fdce9ca6867c7e9e063edb,0802382e070f0009,214.3050970936214,77.65278361716949,25.046898921667047,0.10859989664286913,41.02194614978699,
44250,/localhome/local-lintran/MLA2/data/raw/original/images/44250.jpg,1080,1440,0.75,RGB,232822,b93a664f2eb77e6da307a4ecf8641b2828af00a4841db3ea515fa598348060f6,b93a664f2eb77e6da307a4ecf8641b2828af00a4841db3ea515fa598348060f6,a7dca595c020e3f4fb7bdc76e1d3a4a1abbb7151167536d0414fc6e2b0761397,2846932b23133300,210.2243203446502,74.06438332992748,48.31316721104954,0.16649311439665238,37.79660475951452,
44269,/localhome/local-lintran/MLA2/data/raw/original/images/44269.jpg,1080,1440,0.75,RGB,210930,7012b6d3654b1248aee8da19d239080804d6caf261e8bdd98aeb4e63fb6af466,7012b6d3654b1248aee8da19d239080804d6caf261e8bdd98aeb4e63fb6af466,5bb64ba1c627392284ec692c97f0d1f2f8e7ef0482a4dfc857f33d6d81f1b651,0600069696961600,205.19967335390947,89.92330767673634,0.8712483177352908,0.002393254195984647,111.27554796195477,
44280,/localhome/local-lintran/MLA2/data/raw/original/images/44280.jpg,1080,1440,0.75,RGB,259931,c236e971abe69619465a1663feb098e821bf19152312ebbdd6df9740758cbd34,c236e971abe69619465a1663feb098e821bf19152312ebbdd6df9740758cbd34,caea7dbe87d55acd6eb89bdd7264e82554ff5f2d4b85e32935d6751de82127f5,4c963b333b2b1f00,166.7380780606996,103.93891860032069,4.80029547916986,0.005058534311842795,72.57294940602597,
44376,/localhome/local-lintran/MLA2/data/raw/original/images/44376.jpg,1080,1440,0.75,RGB,259307,197054043ab6388f26ab1542103008c5dceaa41f43d6a9ccca10bdedbcd010a1,197054043ab6388f26ab1542103008c5dceaa41f43d6a9ccca10bdedbcd010a1,29ab275fd1ff2ecdfa37ae4c170024d4f66cc4d17756da89e3b09594c71cb5f0,254d1f062606078f,207.3528375771605,74.6836475424711,32.27906724982203,0.1310717580662709,66.9932127366565,
44399,/localhome/local-lintran/MLA2/data/raw/original/images/44399.jpg,1080,1440,0.75,RGB,165458,24280c66661faa1745a2e63dd944e8a86fca7becc521a23301a1c0dc1206bdbd,24280c66661faa1745a2e63dd944e8a86fca7becc521a23301a1c0dc1206bdbd,4220fc2294cc563e93460e00753e62f62280814ccc7bc693e6e619f6193bec09,00303d2e5b030009,241.50934092078188,32.38575877750799,2.7055091939278904,0.006696116263075135,48.34680425241644,
44418,/localhome/local-lintran/MLA2/data/raw/original/images/44418.jpg,1080,1440,0.75,RGB,207797,616b05ab5b7fab1726fb7cbe1fa8d49ade896656ba087ab1865153c0f7a14523,616b05ab5b7fab1726fb7cbe1fa8d49ade896656ba087ab1865153c0f7a14523,a29400da54dee531c3fa2e3cf0486a7921b3a826e948ec0857ede5e666019216,6804793c0f034009,217.21787808641974,79.50082822266744,5.7295028178608005,0.04979523819835865,11.187421650771586,
44566,/localhome/local-lintran/MLA2/data/raw/original/images/44566.jpg,1080,1440,0.75,RGB,267666,03c90b67df577e6ce9f23c576fa717f14a42056da7eb933a031530c22ef45c41,03c90b67df577e6ce9f23c576fa717f14a42056da7eb933a031530c22ef45c41,482b9c5c12e293eb79382c97ad0ff37eea601bb8168486658357a3d136eb18b2,0014010c1b034001,231.38436856995884,57.792999686442656,9.337561330757106,0.03437673385332939,15.662856352240112,
44601,/localhome/local-lintran/MLA2/data/raw/original/images/44601.jpg,1080,1440,0.75,RGB,205537,9e2eb823ac5544cad6c6d31b520270e5d2e28aaab138daf4409f54362e8b4e4e,9e2eb823ac5544cad6c6d31b520270e5d2e28aaab138daf4409f54362e8b4e4e,04403e64c91f3e230e78782493a4e74795d6a2c45db0a044d9ea4be1459b7b9f,000006072b2b2300,230.42842335390947,39.72670466788469,13.984521281745472,0.04951900189903785,21.17232454277514,
44608,/localhome/local-lintran/MLA2/data/raw/original/images/44608.jpg,1080,1440,0.75,RGB,227088,7c3d74273586412031a953e7f295202295e10ada0f771e77150e081d67861f28,7c3d74273586412031a953e7f295202295e10ada0f771e77150e081d67861f28,74c86687b04ef66fe993dde48e286097cd4e60e80ff379d30705e6dc40e60bbb,0200020f3f2b3b00,198.19224794238684,91.56780522257858,4.1542054863458295,0.039948511173254604,58.622314246367296,
44668,/localhome/local-lintran/MLA2/data/raw/original/images/44668.jpg,1080,1440,0.75,RGB,200486,8d6efbd184cc9072819f4cbd7ba22b4ec199a5899de9f3a05b57f81d1c764c7f,8d6efbd184cc9072819f4cbd7ba22b4ec199a5899de9f3a05b57f81d1c764c7f,585f105efd1837c04b66d2bd3a2a19880c3e3fd4dda16cbe9c0c5be2d9e7ec20,0d4d1f361e0b8f96,214.40320794753086,58.734169030907836,41.88942397929904,0.13246676641330382,39.59146138203534,
44701,/localhome/local-lintran/MLA2/data/raw/original/images/44701.jpg,1080,1440,0.75,RGB,287824,9ce80bdb62c21b3d826a557a8a4cfa3eeecd40c4c662c64e489b0d56e29bb400,9ce80bdb62c21b3d826a557a8a4cfa3eeecd40c4c662c64e489b0d56e29bb400,76831505138da155df98dd814487fc32f10231c226128ef61b469e9200c822d0,4d4e0f939b9b0f0f,220.69124292695474,55.37753183011649,31.861832239430736,0.10990491819811495,26.187527188951954,
44702,/localhome/local-lintran/MLA2/data/raw/original/images/44702.jpg,1080,1440,0.75,RGB,290048,3383a55e4105f254fd0f06efa63db4fb7875fab2faa8156a793bfb715428e0f6,3383a55e4105f254fd0f06efa63db4fb7875fab2faa8156a793bfb715428e0f6,6a631600e27b12906b32db3f6add5b1b05c8cd109ce1c35719644a7883132692,0d46861e0e168e96,194.94313528806583,82.32566065766741,28.9038544647988,0.138092229410513,26.722790133467186,
44720,/localhome/local-lintran/MLA2/data/raw/original/images/44720.jpg,1080,1440,0.75,RGB,311770,1ab6f996557e362ab8d3911681b939965df4fcfdacc7de487713af049364da65,1ab6f996557e362ab8d3911681b939965df4fcfdacc7de487713af049364da65,f3e2e31f1a46606376dea331ff80c2ad5fb3d7e17fe803108ec1e896a27c218d,0008013c1f034001,246.21179269547326,31.877549721732873,29.111321094167494,0.033845887134726305,179.69914475462372,
44723,/localhome/local-lintran/MLA2/data/raw/original/images/44723.jpg,1080,1440,0.75,RGB,283934,a317f7ecbd51a8d65a2e3ecdabf2178d759f5dc22cf11a069c88d23581bd040f,a317f7ecbd51a8d65a2e3ecdabf2178d759f5dc22cf11a069c88d23581bd040f,f5c3d83efc63583dc40932179fe1a1131aaa5e82f3ef55ed949f91329b5555ef,000400640703000a,248.38987975823045,26.422774989417864,28.06369267528001,0.0296415905227861,123.39849865503173,
44743,/localhome/local-lintran/MLA2/data/raw/original/images/44743.jpg,1080,1440,0.75,RGB,254416,9c38f24b3f1a4b6cdb5a529c529533ec5122f160b25353554cbe636f894b25f8,9c38f24b3f1a4b6cdb5a529c529533ec5122f160b25353554cbe636f894b25f8,ccc5c2867e1ea453e4196badcdb5e7aff074fea74505b1d8914c4edf3ce755ec,002a7c3233034009,241.84423418209877,31.73138230834335,12.357290881806689,0.01753322902920245,32.215008301478825,
44796,/localhome/local-lintran/MLA2/data/raw/original/images/44796.jpg,1080,1440,0.75,RGB,263482,2d711159ee14b08d4e2c3a68e0190e8f95c39ef29d960d6c9f744db9bd04d472,2d711159ee14b08d4e2c3a68e0190e8f95c39ef29d960d6c9f744db9bd04d472,5646d95426951fd9f6e510fb8a9198f8aa07916372384560f17b219c551ab703,6b3b5d7d174d2736,164.80139210390948,72.2474561062776,48.25472446999723,0.3121461344268119,26.536983088150123,
44821,/localhome/local-lintran/MLA2/data/raw/original/images/44821.jpg,1080,1440,0.75,RGB,366423,3c69d1dfe12c7b2d0b6db18c16caa5a72a817e2ef0750f16cb507ba9acd4333a,3c69d1dfe12c7b2d0b6db18c16caa5a72a817e2ef0750f16cb507ba9acd4333a,a80292026a11fffc2e2bf3819b0633ed5cef32d213885a0aec22371c04ae10ee,2800696e07036009,218.12263310185185,74.75770890156973,11.125000085595335,0.023641429989164936,21.843345302907448,
44838,/localhome/local-lintran/MLA2/data/raw/original/images/44838.jpg,1080,1440,0.75,RGB,253702,379a46da8d7e49b2232bea158eb119039ddc55a7375a6a020ddbcbf5469b5d13,379a46da8d7e49b2232bea158eb119039ddc55a7375a6a020ddbcbf5469b5d13,9b2225ed7d0ea607d83ce236a0e5ecec6e3aac7085d08beef179d14ba00448d3,0f4d8e9b1b139e96,198.55512409979423,75.0078631520462,45.979889208496225,0.16492593157333438,61.55835778730196,
44852,/localhome/local-lintran/MLA2/data/raw/original/images/44852.jpg,1080,1440,0.75,RGB,103282,a35283ba3b11ebd705dc55e97db8120d7c89464dc2b36a935251447937fa854b,a35283ba3b11ebd705dc55e97db8120d7c89464dc2b36a935251447937fa854b,d3bf8c33a3dad4b25f418692ec37696a386aa42e9f7cbfd752ad33f8ca03cbdf,4d4d0f931f1f9f96,198.57092785493828,73.53661830922522,22.815452661134195,0.06766167731960608,25.431909854949353,
44872,/localhome/local-lintran/MLA2/data/raw/original/images/44872.jpg,1080,1440,0.75,RGB,246464,66c36588b680d341554dee1a5ae4ab7ec4eefccaea750c9e891dec39fa110a59,66c36588b680d341554dee1a5ae4ab7ec4eefccaea750c9e891dec39fa110a59,2a2b3d760e456ad292c0d8658630ac4ca25dc362f8b405a882068e88f2e3127a,1e36269697989a5a,219.7477745627572,66.30709761351798,29.49678312542384,0.0806868313904057,32.09317798628004,
44886,/localhome/local-lintran/MLA2/data/raw/original/images/44886.jpg,1080,1440,0.75,RGB,288206,7d80d8c3c5e7f84b52206e6d1ebf33cae621b0e4f1ebac4c52c4ba54798b0adb,7d80d8c3c5e7f84b52206e6d1ebf33cae621b0e4f1ebac4c52c4ba54798b0adb,f672ab369fca89dd8fe6b9a847fa571019253dc301a2eba744e91937d30b2107,0d4d8e970f178e96,181.4120441100823,96.59829085398788,25.65321807714904,0.09904110717451808,34.39250904153314,
44905,/localhome/local-lintran/MLA2/data/raw/original/images/44905.jpg,1080,1440,0.75,RGB,233449,9d51ee3bd61b5132b77260115e62869fb6e5d2050eb539da9afb08db8c851901,9d51ee3bd61b5132b77260115e62869fb6e5d2050eb539da9afb08db8c851901,b0814f8bb3599a8601d312e3b2b3223c84182e883866d6c79bca96af6dc31cb1,0f0f96969696565e,186.23433963477368,97.78396577605857,47.740264544518766,0.1057191715736197,24.752321518205335,
44926,/localhome/local-lintran/MLA2/data/raw/original/images/44926.jpg,1080,1440,0.75,RGB,272913,4315741ddbeba20a7343df061563047bf4fd138a70ee7ed29b905094e6513e41,4315741ddbeba20a7343df061563047bf4fd138a70ee7ed29b905094e6513e41,790faa18d1c8725d73cffac441bab3c8e5bf86a7c551e33211227219b95e0e53,0e4c8f331f1b1f96,203.80058063271605,68.67441385337207,67.93649760796168,0.2092513957374849,71.25925743593704,
44943,/localhome/local-lintran/MLA2/data/raw/original/images/44943.jpg,1080,1440,0.75,RGB,188552,23e75949f531ead363f2547858aebcded53638dc530d994b24e88fb5c37b9a7a,23e75949f531ead363f2547858aebcded53638dc530d994b24e88fb5c37b9a7a,a9a746eb072aeefb8b9541d2e2da9280ab83007d835c7537d60ca08ff862df3d,3004737c0f038011,213.40011702674897,84.51670766769315,0.0,0.0,26.92464380864126,
44957,/localhome/local-lintran/MLA2/data/raw/original/images/44957.jpg,1080,1440,0.75,RGB,94552,b81f99effc752bc6a7c255790dbbc59cf72a88eae19d93c94e870018bf5dd614,b81f99effc752bc6a7c255790dbbc59cf72a88eae19d93c94e870018bf5dd614,753fcf9bd4c28ef44887d70a236a13d21456677bf273621792aaccff01b68a11,004d4d4d4d4d0c08,228.68009452160493,64.01553828035323,13.646216967981905,0.03179795814870712,18.531363501808308,
45004,/localhome/local-lintran/MLA2/data/raw/original/images/45004.jpg,1080,1440,0.75,RGB,245720,d35514234968cc9c791d89eb69d9a5d6078115a514de87dfc10b56770ee29610,d35514234968cc9c791d89eb69d9a5d6078115a514de87dfc10b56770ee29610,d8f512e537d5bbbe28bdf4560d6ca425e7bf179fa282d78bc75dd1f44267dcd3,8e160b0f0d33968c,172.80292116769547,89.21022970594781,58.5756052362922,0.1430914697401456,57.25102899725858,
45017,/localhome/local-lintran/MLA2/data/raw/original/images/45017.jpg,1080,1440,0.75,RGB,218486,653987d664444288da37ffd253abb0fac214ea6d50f532390b30a708ee34ccb7,653987d664444288da37ffd253abb0fac214ea6d50f532390b30a708ee34ccb7,e195ed15c804399b1a43a9371e085fafb511694156a1d2d80475aaac1805290b,3b1b1b3b3b1b3b33,202.82668724279836,75.0791263241773,4.350203117201396,0.03413573257493218,125.34750376462412,
45025,/localhome/local-lintran/MLA2/data/raw/original/images/45025.jpg,1080,1440,0.75,RGB,260555,11fc64785875cb89e22fd8095be381b7b534671c94d8553d28478c524524101f,11fc64785875cb89e22fd8095be381b7b534671c94d8553d28478c524524101f,89b8b8da903e254ea12cb740afa1493f52a8aa81e33d58a5ac72fb4940023d5d,0c0c0d0e0e0d0c0c,247.80917438271604,23.904607289776553,4.599509240773421,0.006799952598744569,113.70503108228117,
45048,/localhome/local-lintran/MLA2/data/raw/original/images/45048.jpg,1080,1440,0.75,RGB,325009,2c4c377ad0fe81aa40a99af2afe62132f38c316807db3a182ccf405c2a64022f,2c4c377ad0fe81aa40a99af2afe62132f38c316807db3a182ccf405c2a64022f,e8a051c9706627f1c943defcf1e8fa1e529906ad4d7a04899cd8e0afdbc0ea0b,0e8e96332933960f,190.3526440329218,91.10296136600161,8.266188091033666,0.04252226638844295,128.94945879506287,
45085,/localhome/local-lintran/MLA2/data/raw/original/images/45085.jpg,1080,1440,0.75,RGB,223851,e3efd4010090b68f8f39ee8c6da63987c8cc0b389db3e61cc45724ae623efbb1,e3efd4010090b68f8f39ee8c6da63987c8cc0b389db3e61cc45724ae623efbb1,eabc25c546986e17e7d888f7e0655a122202249c816d886c3e6408bf39fff49a,2d4f5e9f0d4d4d4d,233.8616769547325,45.85075520419286,18.24197672365748,0.03984305288492337,14.486146183250318,
45086,/localhome/local-lintran/MLA2/data/raw/original/images/45086.jpg,1080,1440,0.75,RGB,210195,2f009118afdde5dfbd886bdc24f9666908680f779646d650b52d3d5b28611e03,2f009118afdde5dfbd886bdc24f9666908680f779646d650b52d3d5b28611e03,72b97763db6708db874cdcb4f6903ed1c6a22855d6d3723c8627d7896a5df397,4d4d958d0d4d4d49,239.17108281893005,37.598523886131225,24.025970585884178,0.058989406586067945,10.941012523006036,
45103,/localhome/local-lintran/MLA2/data/raw/original/images/45103.jpg,1080,1440,0.75,RGB,174275,7641f33fe16e68d087051041eeeba6bd2121cf7272ccc9f37fd98b8c767d9c4b,7641f33fe16e68d087051041eeeba6bd2121cf7272ccc9f37fd98b8c767d9c4b,dbd87f7e7077d8f4b6337a586df84a4340e30a2bf4e1092c3ee5144c8cd9ca0f,4d5d1e4e1e8e8e4d,222.73650141460905,51.98726183360087,35.887118903767096,0.13348951643774115,17.361255904346372,
45134,/localhome/local-lintran/MLA2/data/raw/original/images/45134.jpg,1080,1440,0.75,RGB,120056,55e7dfa160457073b023e8cac3b9589314e37e93182d15079da5b1a016d8a80c,55e7dfa160457073b023e8cac3b9589314e37e93182d15079da5b1a016d8a80c,6feb70a77ccf121cb40fc5a8346df0f51867fd6d0b725fc79436f54f25a8f63e,0c0c1696960e0c0c,237.24934799382717,43.20269081652034,11.902931869487203,0.02695226622920158,139.16108150893857,
45154,/localhome/local-lintran/MLA2/data/raw/original/images/45154.jpg,1080,1440,0.75,RGB,113842,f65f11d89c27923351f40696c29b15c6fcc8a00a270581e0a9b4e97d8aef1f8d,f65f11d89c27923351f40696c29b15c6fcc8a00a270581e0a9b4e97d8aef1f8d,56aea5542c3e6fb272ea718069df6539ab6c5c3458669ca211818752576b79ee,4c4d0e1b2b964d4d,237.35829475308643,41.54713967839821,2.404735330878002,0.008630841196853041,157.51533649947874,
45168,/localhome/local-lintran/MLA2/data/raw/original/images/45168.jpg,1080,1440,0.75,RGB,213199,ead381c5a08f98948ee7402916b80369a90b0f637ac9f9d69e381cee8029d4de,ead381c5a08f98948ee7402916b80369a90b0f637ac9f9d69e381cee8029d4de,72ee0382c5890467787363fb18eaf8e801b1bb0c9c8e792aad8c42f83b3be645,4d4d8e9797964d0d,208.0293659979424,78.68255094089253,12.566497235836781,0.08588515998078754,219.01840032433685,
45177,/localhome/local-lintran/MLA2/data/raw/original/images/45177.jpg,1080,1440,0.75,RGB,103759,cde9232b78b191c5304b61ef8557b8ca332e7c5c2da9e48a173022f66b14710d,cde9232b78b191c5304b61ef8557b8ca332e7c5c2da9e48a173022f66b14710d,b31eb2e2c1e82c65991da3efd512dad45352165c6db6990d1fed1ce96442fadf,8d9d9d9f9f8d8d8d,193.17814107510287,96.70470107668193,0.0,0.0,79.90500662831255,
45193,/localhome/local-lintran/MLA2/data/raw/original/images/45193.jpg,1080,1440,0.75,RGB,254241,2dfe8b749b6681cc61ab2c87d34fc14d3a35703fcf0689d22815c2476595bdd3,2dfe8b749b6681cc61ab2c87d34fc14d3a35703fcf0689d22815c2476595bdd3,0ff6754a5d20ae83833d34ff7a48deac6970c0135f55e505791643bfa066616e,0c4d0c4d4d0c4c0c,245.24647440843623,35.18239251072242,0.0,0.0,33.840431419488525,
45203,/localhome/local-lintran/MLA2/data/raw/original/images/45203.jpg,1080,1440,0.75,RGB,181914,b96b555576fa125b4cd1afe5c242a46cc005dfcd476a5dad879d248b54957bb9,b96b555576fa125b4cd1afe5c242a46cc005dfcd476a5dad879d248b54957bb9,1b7a65d32f05afa5166f6b9d232362c0fd27659c54be0216012530de2588bdf4,1c1d8e17170e969e,199.59377700617284,85.19581318327522,7.301373119287943,0.01598137400476946,155.93265312689036,
45218,/localhome/local-lintran/MLA2/data/raw/original/images/45218.jpg,1080,1440,0.75,RGB,73562,266002159e328fe803caf40338cb019055d9e95d2d92e753ae7b4879085e07bc,266002159e328fe803caf40338cb019055d9e95d2d92e753ae7b4879085e07bc,724357a53dadeb9024913f3fb89be678bc9186e49aabcf5bef34aaadcf85b1de,0c0e8d9e9e8d0e0c,222.56339763374487,74.57533580667476,0.3997495142164893,0.00062173535727735,127.01212916843636,
45254,/localhome/local-lintran/MLA2/data/raw/original/images/45254.jpg,1080,1440,0.75,RGB,303511,fcf821a9bf21d34900d02ae195f75ff2bc25cfadb2f3e6a316168be6e8098ace,fcf821a9bf21d34900d02ae195f75ff2bc25cfadb2f3e6a316168be6e8098ace,8f8da7aaab70a89c878be6ebb432970abfb0ad36f0303d3d1a34056c59d88810,0d4d8e17178e4d0d,191.38531185699588,97.07712295970647,6.81134159122878,0.03578928688828662,241.0475050516751,
45317,/localhome/local-lintran/MLA2/data/raw/original/images/45317.jpg,1080,1440,0.75,RGB,195518,0b6b57554eb595cbf2a2baa7146ba6bb9fd47e9c134934297bd22fb3765b0368,0b6b57554eb595cbf2a2baa7146ba6bb9fd47e9c134934297bd22fb3765b0368,004128f45655824bca1a91243a86ca4d57c427f02129452edc86a6d6e46c16e8,0031082b331e0002,229.9449961419753,65.91788075224949,9.197811249248575,0.025134728460595498,24.575145114998005,
45335,/localhome/local-lintran/MLA2/data/raw/original/images/45335.jpg,1080,1440,0.75,RGB,130909,efccf89ab7deb198fb69640e04904276f2d9e3dd2c4e78f59ba9441152a6c485,efccf89ab7deb198fb69640e04904276f2d9e3dd2c4e78f59ba9441152a6c485,d1d627b699d1fc76574a1dcc11c6c09889493aadfa90b7ce3c6d8a2be9fc9415,00383a3c8f4f200a,238.55319315843622,39.788322879534455,24.9828153810392,0.0642641386188406,37.06657850367453,
45347,/localhome/local-lintran/MLA2/data/raw/original/images/45347.jpg,1080,1440,0.75,RGB,132795,7978b6a949e5ba49f7c8025f1616afcfb43b889e34799f481c923104a304e395,7978b6a949e5ba49f7c8025f1616afcfb43b889e34799f481c923104a304e395,994d8cabb298ea4aafc9937388780c73e18c55715c45c72a302f63cc14c005ff,00380d3c33032003,240.51091049382717,33.50083229486663,20.34223587426652,0.05398361128056819,30.35592172155939,
45396,/localhome/local-lintran/MLA2/data/raw/original/images/45396.jpg,1080,1440,0.75,RGB,205833,749ba2bcd5a5b7cbdc788c4686dfb4c0839065dd6645f7093a15cd523a6f8094,749ba2bcd5a5b7cbdc788c4686dfb4c0839065dd6645f7093a15cd523a6f8094,f3b5f6548ce56786c53ae3cb4ce4abac5d694f49b69c0b5470070ecaabd4e327,201065309f47200b,237.6223263888889,56.13465260868174,0.9988859528595508,0.004096534655385298,20.034201449219402,
45402,/localhome/local-lintran/MLA2/data/raw/original/images/45402.jpg,1080,1440,0.75,RGB,253097,9b13889cb9adbee0d831da18aed6a981225bcfc8231d055e8ad3e56977707663,9b13889cb9adbee0d831da18aed6a981225bcfc8231d055e8ad3e56977707663,86b10dcfc1c50366191315b0484e2e72a402a063061a70bf413bc0fbe4043ee1,001401341f03200b,238.26023212448558,46.62356345272721,10.732709203506769,0.03294897232985025,14.818918362356333,
45595,/localhome/local-lintran/MLA2/data/raw/original/images/45595.jpg,1080,1440,0.75,RGB,243272,e2ba618d110c3028fa2414c10e5e8c376f00ce6dcfdd242e5d86672e7bd77360,e2ba618d110c3028fa2414c10e5e8c376f00ce6dcfdd242e5d86672e7bd77360,e59ed65a7b933d6acc6690a9fd6a2cf2d5bba61ce50f02e0ae0e0a0885dc038c,2802797e17034005,215.70452932098766,75.60696478521392,7.189546983480046,0.032065700710078096,33.74876250048264,
45597,/localhome/local-lintran/MLA2/data/raw/original/images/45597.jpg,1080,1440,0.75,RGB,214752,14438d727ffe4f93763922a9139c57e5b529055c6c35a8e04ea0420e298e42bb,14438d727ffe4f93763922a9139c57e5b529055c6c35a8e04ea0420e298e42bb,10ad5a641579e60c3da913f07b0c0354a113dc4fc9e55e5f4190976818a86323,3804797c070b0015,213.74811728395062,80.37106800060741,9.709382612124587,0.06116193209398621,123.86428755292997,
45605,/localhome/local-lintran/MLA2/data/raw/original/images/45605.jpg,1080,1440,0.75,RGB,252722,ea7d7482a7032578d48d8d1a07829396e065059f4daca498bbf94cdf21660d47,ea7d7482a7032578d48d8d1a07829396e065059f4daca498bbf94cdf21660d47,fd2eb98beac334891d0cf9a4cd6a6f0a2c1035b228d4c548e4a84dc0ab93b5fb,1804793c17034009,209.74151298868313,86.52131086305786,6.444251930905746,0.009057625365413045,42.89188321299407,
45643,/localhome/local-lintran/MLA2/data/raw/original/images/45643.jpg,1080,1440,0.75,RGB,199280,c336c1d90cf9b7f00b361322d88063f9257705e47047d115f759aeb3d5029f22,c336c1d90cf9b7f00b361322d88063f9257705e47047d115f759aeb3d5029f22,53b638dd215162cf2728ee78ade2cb26e50d5e981d49e92d0f47244b0d2ce116,3971555d654d2527,198.13312564300412,48.11445839508828,45.77721602723761,0.24549143595240008,29.703187703514935,
45665,/localhome/local-lintran/MLA2/data/raw/original/images/45665.jpg,1080,1440,0.75,RGB,164642,276fdbb1ce315dcff11032ccc294204e4e087da723805e55a70d89f52efd9764,276fdbb1ce315dcff11032ccc294204e4e087da723805e55a70d89f52efd9764,fb39a622ed794a6a487b4911c3071ea99f50dd19b7d23c571bd1a152b2c00117,0d4d3f131b1b1e1c,220.69666087962963,63.64348236176402,27.445330232153548,0.06620949800190613,17.30666981994157,
45668,/localhome/local-lintran/MLA2/data/raw/original/images/45668.jpg,1080,1440,0.75,RGB,262285,e31a08f383c37ac5bee8521ca29da8087bd3b6e7ffdb8c2fc03a358d986a48a9,e31a08f383c37ac5bee8521ca29da8087bd3b6e7ffdb8c2fc03a358d986a48a9,6c51cb959d44e11c409fa22385ce2a00dd548ebaba66c353157e9007d0112396,1600969696968e00,221.31753215020575,74.78873458078914,43.75027305060745,0.13425502020175925,15.306538862504343,
45724,/localhome/local-lintran/MLA2/data/raw/original/images/45724.jpg,1080,1440,0.75,RGB,187430,1143f9e4503ba67dc4e84018f4f36924f91650eaa49e493048414207db7d2c79,1143f9e4503ba67dc4e84018f4f36924f91650eaa49e493048414207db7d2c79,32dd1bf6e834b00fdce0bf1ada214e32086b8c1f0faeb6f264b272b0d8ff06d8,4d4d969e9e9e9e8e,188.41580504115225,91.77013671248083,36.72914462457743,0.21546722513789116,65.46542755833559,
45736,/localhome/local-lintran/MLA2/data/raw/original/images/45736.jpg,1080,1440,0.75,RGB,240763,8ca4650ba0d2538425d6e9dd93d8f017be5867a748022b0d031006ce73011f27,8ca4650ba0d2538425d6e9dd93d8f017be5867a748022b0d031006ce73011f27,39ca19e01c63a504f1657b4b0386557996b9257d98c6a0aaf7e7884195a9cf22,4f4d969e8e96968e,184.67298032407408,99.7046625124785,26.96985462763002,0.11596248315812989,30.610458576264207,
45757,/localhome/local-lintran/MLA2/data/raw/original/images/45757.jpg,1080,1440,0.75,RGB,201238,b29878109aea99ba73d8c613f7e9c244e9d85b49f664a064adea04f81ea9e222,b29878109aea99ba73d8c613f7e9c244e9d85b49f664a064adea04f81ea9e222,d3ce1d7031346da855c5e38f6ba086eb423a833f6ea5acd2bff5c14d9603a0d7,4d0d968e9c9e960e,198.67198302469137,83.76099412684282,43.89594843189402,0.2015182960203378,59.41137881771497,
45766,/localhome/local-lintran/MLA2/data/raw/original/images/45766.jpg,1080,1440,0.75,RGB,236300,6faaa103d56380e7ad32048bc6765cd27f24dfb16256e0257b5ad23864d31649,6faaa103d56380e7ad32048bc6765cd27f24dfb16256e0257b5ad23864d31649,321e9f6a3bc9c95cabb5d2944dfe807e4bf241894301d073b00c44a975421262,004d4d4d4d4d4d00,241.9862493569959,32.01571639499956,24.02652651380444,0.04842193292406165,3.7319774251258093,
45802,/localhome/local-lintran/MLA2/data/raw/original/images/45802.jpg,1080,1440,0.75,RGB,221729,9336ecf9e7a562320e0fdf67d53ed72c3cbf872af2d01c0d3f4fb6be965063fc,9336ecf9e7a562320e0fdf67d53ed72c3cbf872af2d01c0d3f4fb6be965063fc,d388e0b818ef9bbcb37350a70f57b90e1dc13ed319144ab6f992489c221a8917,0020092037034007,242.28261059670783,44.49979017874438,11.324870247099163,0.011395288309812509,32.31256998339704,
45804,/localhome/local-lintran/MLA2/data/raw/original/images/45804.jpg,1080,1440,0.75,RGB,252443,48ac7aa02f96ab7a2e46befdd3192890ca5d0ce19c6de6266890e7cfb5dcdfd6,48ac7aa02f96ab7a2e46befdd3192890ca5d0ce19c6de6266890e7cfb5dcdfd6,9be445adeb94a419fd412b10d518884e90e2cd74c945593351bd730de0a894b1,0054037413032003,239.6264699074074,49.81068937167453,12.242943825671526,0.015322737655462026,36.058167625519644,
45824,/localhome/local-lintran/MLA2/data/raw/original/images/45824.jpg,1080,1440,0.75,RGB,259643,7c8d8a437ddeffc9cebef12db1f16fd0d6a0c901ebeabea26c8aba4f3fd54c45,7c8d8a437ddeffc9cebef12db1f16fd0d6a0c901ebeabea26c8aba4f3fd54c45,2ef85c213d4d6b3190f0177a5e3d19259abf59a1ae64a01bae46c423ba664cd1,00200a203f0f400d,240.21657600308643,49.73126088241939,13.857403934869795,0.015283693712097212,21.426601413181977,
45837,/localhome/local-lintran/MLA2/data/raw/original/images/45837.jpg,1080,1440,0.75,RGB,274412,5e2092a003847bdb4b60ccf4578c1ead12ba1f73f319fed1ccdc45e0f66e3ea7,5e2092a003847bdb4b60ccf4578c1ead12ba1f73f319fed1ccdc45e0f66e3ea7,7ebbc5bb26d5d3bf571dd6c581f8da7f78b284ee4dfc782c790245b94591fc9b,2d44968e8e8e869e,203.44636252572016,78.47844690045913,41.662353001236966,0.1752638706804554,46.01349247718702,
45856,/localhome/local-lintran/MLA2/data/raw/original/images/45856.jpg,1080,1440,0.75,RGB,253379,0aa07b20dbc25b63557b56a12744c308b54ed43008a2cd924824c020b31c5e4a,0aa07b20dbc25b63557b56a12744c308b54ed43008a2cd924824c020b31c5e4a,6ae3e135e7ff198c93ee6c30cc69f0f4096ae3a26f86418e1b9226037af1ecf7,4d0d1e1f1f16160e,194.4093499228395,79.70162409019625,32.91513227427415,0.1800737196920312,62.91161402628158,
45859,/localhome/local-lintran/MLA2/data/raw/original/images/45859.jpg,1080,1440,0.75,RGB,282485,4ef239857e6c06d55922eda8ff64b2792499f8c606d8de977967cf64802f7b12,4ef239857e6c06d55922eda8ff64b2792499f8c606d8de977967cf64802f7b12,728459f84a86b2167d5c6208ec69b3d55652ac20acc879000d18129c5419d0c3,0d4c0f979e961696,202.4186529063786,77.51123164953137,49.273305111782975,0.13941171072834743,204.83234487818063,
45921,/localhome/local-lintran/MLA2/data/raw/original/images/45921.jpg,1080,1440,0.75,RGB,201923,834b4f33fb1a38e39ee353b78e509218d3ba715364d49ea1b74b9b0c56fa491f,834b4f33fb1a38e39ee353b78e509218d3ba715364d49ea1b74b9b0c56fa491f,410892418082f90a652eaf94fe7ca23e1786cd1473616af0d5e46249530d122d,0d8d0e2b23168f8d,210.9695608281893,69.82724074033332,9.311571973935433,0.020593107969057264,119.84141730053928,
45933,/localhome/local-lintran/MLA2/data/raw/original/images/45933.jpg,1080,1440,0.75,RGB,254421,333eb4783b9e28333b90cd89882c8207aac27f99a1ac3cb133901ffb2f1a3531,333eb4783b9e28333b90cd89882c8207aac27f99a1ac3cb133901ffb2f1a3531,78b5ba1073e240233d62ff72c8280d8b4718ae53a4ff7f8657a9b163cafb9507,0c0e0e1616060c0d,243.83845871913582,26.66884379550146,2.938029868566582,0.0027880772054449912,86.65192156711328,
45939,/localhome/local-lintran/MLA2/data/raw/original/images/45939.jpg,1080,1440,0.75,RGB,190891,05c28cd1180ff30df005509c8111d351a65b520fddd14ead8b9990900ad3a433,05c28cd1180ff30df005509c8111d351a65b520fddd14ead8b9990900ad3a433,cd94bb6e47c45eb4d9fdecadcd288dc3e0f0dc8a6ebb650bdf1ddc8ae78a7e88,960f2b2b2b2b0f96,228.7139525462963,38.12570140051438,12.00760239220459,0.017627220339292933,42.62793029331892,
45976,/localhome/local-lintran/MLA2/data/raw/original/images/45976.jpg,1080,1440,0.75,RGB,252053,9115f96e70a11360b2446616e707a29fc372b19d89df98a53c6bce974d80e700,9115f96e70a11360b2446616e707a29fc372b19d89df98a53c6bce974d80e700,69280f9fff8867856c843c97eb1952bd2029ff59c8d4dab0238c75bf45abb56b,4f4426271d1f1e9d,210.2829140946502,64.27307627693453,23.52636573325966,0.07493258251238985,51.17562003680966,
45983,/localhome/local-lintran/MLA2/data/raw/original/images/45983.jpg,1080,1440,0.75,RGB,252395,a7cce31bd876a0c4a32c416a9c1e286ca58e3adc7260515efd77a4e6cf1aa071,a7cce31bd876a0c4a32c416a9c1e286ca58e3adc7260515efd77a4e6cf1aa071,fec004fa54574273ea519e43852cf489436e9f056e57363b99a5ae0815289a06,0d4496121e969686,204.85635866769547,71.61424067064658,27.961230692053135,0.10924111010811943,69.74054596702575,
45985,/localhome/local-lintran/MLA2/data/raw/original/images/45985.jpg,1080,1440,0.75,RGB,281518,f5d262c81d3109335417311ddebc1e8c53917df1dfffad8864b07824b4d269ea,f5d262c81d3109335417311ddebc1e8c53917df1dfffad8864b07824b4d269ea,18409623c2fef19d8d26690b1c28234b6108fc3ac50f0b36260d8c0c966ed2c8,4d0c9f1f4f4f0f0f,232.20158693415638,42.00000247161165,15.361591151863454,0.035276965838744616,91.6270496286858,
45995,/localhome/local-lintran/MLA2/data/raw/original/images/45995.jpg,1080,1440,0.75,RGB,243935,5b353850940eb1dc62d199894acf627564a53bcbdc9b43f591f144916c1414ba,5b353850940eb1dc62d199894acf627564a53bcbdc9b43f591f144916c1414ba,b20d8bbedc6f1cd5f44741233cac527a1cbade7e329205190220d7abcc990525,4a1c39170d0d0d19,232.89850630144034,39.39867655559829,15.36993421180334,0.0494584009577721,136.98061057698496,
46011,/localhome/local-lintran/MLA2/data/raw/original/images/46011.jpg,1080,1440,0.75,RGB,261081,a9fcc6eb6b075f4100b084734ca33076259370bb0f839b2b743cd344b7b32816,a9fcc6eb6b075f4100b084734ca33076259370bb0f839b2b743cd344b7b32816,69fef6c2e87e97cfbafa163643d434ea14b89ea96dacf918a3b888aa04b489c8,9b9c8f9f874f0b0d,200.77243505658436,79.28292156788581,19.252483798702254,0.08031054407521734,96.50748484497471,
46015,/localhome/local-lintran/MLA2/data/raw/original/images/46015.jpg,1080,1440,0.75,RGB,213290,bf138d961755d23860cadc26de7de2ae891d6010695327a25335ee3980f3e630,bf138d961755d23860cadc26de7de2ae891d6010695327a25335ee3980f3e630,d8c5201490a4e1878a1c573a1561c4624d5d6e615d708fb37eeca77eff24c634,4d4d9eb93d1e1f1e,228.20702932098766,46.56540506138686,23.262401683843986,0.06650620249108392,102.01540664375716,
46039,/localhome/local-lintran/MLA2/data/raw/original/images/46039.jpg,1080,1440,0.75,RGB,125137,7a5eb8239c666fe88a5fe17f4b538f86374a2d0a741e69a3680172bb98a8ba22,7a5eb8239c666fe88a5fe17f4b538f86374a2d0a741e69a3680172bb98a8ba22,873fcb62baf02c472b0950d081a37cd8203cc0f85f9e268abe8bb12d8da3b686,49373622160c4c4c,249.66388760288066,21.22467176477286,18.565784240892967,0.02303519756413496,66.5821389500238,
46040,/localhome/local-lintran/MLA2/data/raw/original/images/46040.jpg,1080,1440,0.75,RGB,241363,aac4be5f4710303a2ea17d7623e23d013632885575754218b4c4451e2cfe2d99,aac4be5f4710303a2ea17d7623e23d013632885575754218b4c4451e2cfe2d99,508d09366ddb96517e9d1b26a707b9489221f081df6879ea99ace9abe7140528,0f61e041230e0008,250.45152649176956,20.49211405734324,16.07529871049939,0.019212285616057336,67.38663301028353,
46066,/localhome/local-lintran/MLA2/data/raw/original/images/46066.jpg,1080,1440,0.75,RGB,289776,5c241b44e796aed70ed9fe97d3379f995c19b348a241df2b4bb8e90173a22d09,5c241b44e796aed70ed9fe97d3379f995c19b348a241df2b4bb8e90173a22d09,1af23fd1e2432302ee829f2807156ab9908d93f9dd227e9e373d929c9b3c76f9,00410c336f0e000e,231.1719000771605,53.859750411424685,25.782706537164668,0.075227523568261,29.026029319021326,
46087,/localhome/local-lintran/MLA2/data/raw/original/images/46087.jpg,1080,1440,0.75,RGB,200630,e5377c55000d79372fa5f6a21a4c63102327f6e6b9bbd94b136ff36845accf04,e5377c55000d79372fa5f6a21a4c63102327f6e6b9bbd94b136ff36845accf04,862ea7bb3a11d39ba50e2e4fedf421cb35fd6a1847cc4ca972c7dc99a6458c16,0044192c2b0b0009,243.0629095936214,31.974165904836127,0.9503973802645915,0.0015906779832230418,16.01626188913343,
46095,/localhome/local-lintran/MLA2/data/raw/original/images/46095.jpg,1080,1440,0.75,RGB,248898,fabac7b59a71e240ba631dcd1e9de14a3abea8a380c6ed3db47c753ad7328bd6,fabac7b59a71e240ba631dcd1e9de14a3abea8a380c6ed3db47c753ad7328bd6,18e2fdd2853d40f02c6369998bb46e2ae93535f783ff9a6702b8d4825c60de40,0024022407032002,247.50246720679013,26.027046717535182,29.63217048603185,0.03335962164902938,23.99075768691198,
46105,/localhome/local-lintran/MLA2/data/raw/original/images/46105.jpg,1080,1440,0.75,RGB,246532,0ced9d7b14d715a27f39c7debb5e4e7e4a97715907616734283fe48e33b45d62,0ced9d7b14d715a27f39c7debb5e4e7e4a97715907616734283fe48e33b45d62,d8625f38195a9b491245f8a705ccb9a2180515aecca5fa32a6a2a37ccdbc1e54,000e012607036009,224.14125707304527,73.5893729398831,1.194995403493184,0.010337369266524598,21.54223715201359,
46115,/localhome/local-lintran/MLA2/data/raw/original/images/46115.jpg,1080,1440,0.75,RGB,271275,5f46ba3742ad576646b122e19ac5ad5b6204f306194d2b7b9ce48758c780096d,5f46ba3742ad576646b122e19ac5ad5b6204f306194d2b7b9ce48758c780096d,35c1f3d4ce0dc2d362382830f5291c6c56c03cc6f9cf486bdf9aa1439a6d6482,1802191e07034009,221.51339827674897,67.5560681100543,10.749906537635527,0.05589478436573617,44.45450146080286,
46118,/localhome/local-lintran/MLA2/data/raw/original/images/46118.jpg,1080,1440,0.75,RGB,248462,6a3792282a39efc71f360f658a576dea3c4a691f22a1c41c091add2b3e80734e,6a3792282a39efc71f360f658a576dea3c4a691f22a1c41c091add2b3e80734e,a7c7056d98410a916a2a78d6be5655cb3b519d3a736c93136071ec0373738312,6800687e1b0b0608,242.59498649691358,35.2669030912221,20.248708965235704,0.02628687663383811,26.047996061624,
46128,/localhome/local-lintran/MLA2/data/raw/original/images/46128.jpg,1080,1440,0.75,RGB,212449,3063f4b332e4cb456396cc69ada909e9b147971f946b86b3cb7e7210965c962b,3063f4b332e4cb456396cc69ada909e9b147971f946b86b3cb7e7210965c962b,05783d12d0e99d411ff4161a2d40f1e744c18f508f3a5783f8827ff8c2fd96d9,61692b2b2322360d,237.92433834876545,48.295692438965844,14.263767762298153,0.03308926135785029,21.98283524460404,
46168,/localhome/local-lintran/MLA2/data/raw/original/images/46168.jpg,1080,1440,0.75,RGB,253063,730b2fe91ca42d507e4b1a3be1797f67169670f102b2129651c88185d863e339,730b2fe91ca42d507e4b1a3be1797f67169670f102b2129651c88185d863e339,ba51ef550cffea161ec697fe2945ab86972ca66e523254c2756a80f1e2c26be5,0d0c080c4c4c4d08,245.60289544753087,35.741726109897705,11.877936595156736,0.027170196930030126,72.30170244668392,
46203,/localhome/local-lintran/MLA2/data/raw/original/images/46203.jpg,1080,1440,0.75,RGB,256189,d68382e403bff2ab55113ccb496d32cbc4c662f8a727480d0147458ad75ef99e,d68382e403bff2ab55113ccb496d32cbc4c662f8a727480d0147458ad75ef99e,e8ed5e2b503d170515bc729ab6aa02bbdc7d4b83d6b49945a3f1e630cbd311d7,0012089696960012,232.0773058127572,60.96574754616525,4.63121569506209,0.023345589551790356,130.89847870574152,
46215,/localhome/local-lintran/MLA2/data/raw/original/images/46215.jpg,1080,1440,0.75,RGB,260319,450079785af715e045cc2df4be7f28279fd80b3c245fd83ec84e0d2f6f4993ab,450079785af715e045cc2df4be7f28279fd80b3c245fd83ec84e0d2f6f4993ab,4613136ce9e2700354f8cab33a327ef5334b49bf10e26076a3ff4125afc7978a,5806592e27070005,224.3662287808642,65.45293316334111,60.257643414258155,0.09953820305987778,36.599040503494344,
46248,/localhome/local-lintran/MLA2/data/raw/original/images/46248.jpg,1080,1440,0.75,RGB,285836,726dfe3f9b9696a65033024959b4c7834644968f1913c1dc7dd327992eca6f49,726dfe3f9b9696a65033024959b4c7834644968f1913c1dc7dd327992eca6f49,c5a74411d6d71f4d42b9b9f4431770e78b175f21864a82aecc54e88e1b8b78ed,0d4e0e0e4e969e9e,200.92041087962963,77.00326451988278,48.65733249861671,0.17267977547353902,44.45146498577809,
46271,/localhome/local-lintran/MLA2/data/raw/original/images/46271.jpg,1080,1440,0.75,RGB,156709,3e526a04ef843e2d8e911a8971b92b1e773e8c0f084d372bf89a7917bd16e70a,3e526a04ef843e2d8e911a8971b92b1e773e8c0f084d372bf89a7917bd16e70a,4915c417df745d657f960c804ae8c216c1a7668a20089e84fa6e9b245f6918d0,4e0d9e1b9f8c8e9d,203.9641724537037,77.9563500265899,40.324012094770026,0.15877302430777607,38.32811080221887,
46315,/localhome/local-lintran/MLA2/data/raw/original/images/46315.jpg,1080,1440,0.75,RGB,535091,1af15449fecd4e2443452eeb322461f3dea8c0124c45322e19f257bc3935005f,1af15449fecd4e2443452eeb322461f3dea8c0124c45322e19f257bc3935005f,783929e0d54a67f84f4578d4fb4b0444293f37031beb6dee3b176b7b1bad48f1,9d16372b33371e9d,149.17423225308642,102.37381440654966,13.240709474645193,0.12669974959380775,132.27805320668753,
46379,/localhome/local-lintran/MLA2/data/raw/original/images/46379.jpg,1080,1440,0.75,RGB,288549,944e6316649abf8abfb45174c9e7b936dfb050ca70c063b4519ae4c75db3cd34,944e6316649abf8abfb45174c9e7b936dfb050ca70c063b4519ae4c75db3cd34,7a9ae5379fdb705d5e796343dd0eadeb3a0711e30f8c0e9edb1ae46f24928860,4d4d0f3f3b0f9e96,206.23123585390945,72.80722379912473,33.713105105847916,0.12891261547886126,266.99539493159324,
46388,/localhome/local-lintran/MLA2/data/raw/original/images/46388.jpg,1080,1440,0.75,RGB,211202,a9938766a6b04b9d151388cb53dfbb094f2c86deb032fdd149ddf7403b264403,a9938766a6b04b9d151388cb53dfbb094f2c86deb032fdd149ddf7403b264403,75cf2c543d17da258eb601fac3cc8dce2c4c17a047ddaf8110c183e233d0e6e1,4d0d6e5b1b1b9f86,223.11394740226336,59.34573566380486,25.130696920482794,0.0722167378552327,26.0053200252262,
46402,/localhome/local-lintran/MLA2/data/raw/original/images/46402.jpg,1080,1440,0.75,RGB,257981,13b66de807020006aea83f5c26fc7a5d16631e6b56eed7fde59a12a2ef815a82,13b66de807020006aea83f5c26fc7a5d16631e6b56eed7fde59a12a2ef815a82,67e2b61c3b5ca0361c69a25f583a9078e2d5e92875aade5aadb09058b8628be9,1a5c0f8f8f4b0f96,194.92420396090534,82.40172131072715,45.3530744303415,0.17230383703250052,21.861931927873663,
46459,/localhome/local-lintran/MLA2/data/raw/original/images/46459.jpg,1080,1440,0.75,RGB,257142,9d74565e5a3d4cca023afda19d117d4eb991b46215b91ff2a23233b1a78ecd55,9d74565e5a3d4cca023afda19d117d4eb991b46215b91ff2a23233b1a78ecd55,ad8011df3c4c777d0446ae5d19fa96804601e657574fb5d7857aee98d92c26a2,0c0c0d4e460d0c0c,244.5612075617284,36.160368023134716,2.9886338315983676,0.01039779017588223,113.06476311826711,
46474,/localhome/local-lintran/MLA2/data/raw/original/images/46474.jpg,1080,1440,0.75,RGB,83963,362a96dc82e8dbb1b1b0bceebbbbedd1ee0d06a6f4d7f055a6f58141f62b3868,362a96dc82e8dbb1b1b0bceebbbbedd1ee0d06a6f4d7f055a6f58141f62b3868,0e71dd9ddd9ba341d25895c419f75fb4e146252b3359479ab064711117e29808,8c8c8e8e8f8e0c0c,229.4059124228395,56.42107929154568,1.9888055063088375,0.007391220512301541,147.43749436915195,
46488,/localhome/local-lintran/MLA2/data/raw/original/images/46488.jpg,1080,1440,0.75,RGB,111016,c1a1341e721ef160bd71027f057638e1a4b6bfa92f145d6ff148dc63eae1e10e,c1a1341e721ef160bd71027f057638e1a4b6bfa92f145d6ff148dc63eae1e10e,104060e23e60991c13ea19923900d98e76ae602a515c1e7a68b9c2933dcdccbd,0d0d8e161e8c0d0d,214.2044965277778,79.38294634876348,6.298386453010936,0.02583259345935584,239.11227396167163,
46499,/localhome/local-lintran/MLA2/data/raw/original/images/46499.jpg,1080,1440,0.75,RGB,260710,0d4f8954f5f925dce923c1cfce0564289de79b2fc6692b8515c5066394162b7f,0d4f8954f5f925dce923c1cfce0564289de79b2fc6692b8515c5066394162b7f,96ef6ecd5f231ba7208039517eedadd0683d6321f108f8cc295cf7ec515a5bb9,0c0c0e8e8e8e0d0d,222.3347093621399,70.66370135937903,0.0,0.0,208.29433954978956,
46536,/localhome/local-lintran/MLA2/data/raw/original/images/46536.jpg,1080,1440,0.75,RGB,513545,4d313ccde85d3e2c23446f551be8e4699a2c3cef2883be07feade1fb18ef4930,4d313ccde85d3e2c23446f551be8e4699a2c3cef2883be07feade1fb18ef4930,0ee0125bb633be5c7ff6d6e393a888f81655ed408f879358ca2ca2c4c64752ce,0d8e172333278e0d,169.37392554012345,97.19442520764531,17.589900331859738,0.0388406978208452,127.48694351133248,
46539,/localhome/local-lintran/MLA2/data/raw/original/images/46539.jpg,1080,1440,0.75,RGB,164940,9a453f9b3b5729da78c3554e70257dbce8509b01aa72c1969816078f3405dd6b,9a453f9b3b5729da78c3554e70257dbce8509b01aa72c1969816078f3405dd6b,a7995d6d2542f9a7fb9fa3cde14819e4e0083d9925b3933a21f0a4bdb3bf327f,0d8f163327168f0d,178.13715213477366,97.37476823623481,4.350260370481749,0.03758918697387046,252.4794316382872,
46559,/localhome/local-lintran/MLA2/data/raw/original/images/46559.jpg,1080,1440,0.75,RGB,762801,e9a69e6a350ef2ef7f8e868a185ec10f49e93b44bed127b9458f17ed388c1788,e9a69e6a350ef2ef7f8e868a185ec10f49e93b44bed127b9458f17ed388c1788,0f8df48978a4a8ffeba668f0affffe5077e50e1b53ba05f0c484186cd943abf3,0f8e1f07171f8e0d,178.92858860596706,98.9052254833265,23.5642886693443,0.08357065425322592,341.3425067891939,
46599,/localhome/local-lintran/MLA2/data/raw/original/images/46599.jpg,1080,1440,0.75,RGB,260409,3a1665e531c8791ed7fd52411554115701da5f3a0ce73680a892fc03cb2bae3d,3a1665e531c8791ed7fd52411554115701da5f3a0ce73680a892fc03cb2bae3d,35fd65f2c80abdfae6cc982bdfb8c80f4f5bdbbfbbe0b192e12a9ecb2d2de179,30343b1c0f432003,230.51999228395061,50.468025903849544,22.65885967545821,0.07492721459843965,12.92996705149491,
46630,/localhome/local-lintran/MLA2/data/raw/original/images/46630.jpg,1080,1440,0.75,RGB,260302,808cd5f5d93d289deb982f3fa4e7c0d0562ce57564a5470b593be13ccf05367d,808cd5f5d93d289deb982f3fa4e7c0d0562ce57564a5470b593be13ccf05367d,c4ec2ec709480eff13f2a39f931d0eabb0ac88fb3c8bdeca725c391114769493,004d4d4d4d4d4d00,239.47768518518518,38.85850426410788,38.12675069603614,0.0826601963739805,8.041697877652934,
46635,/localhome/local-lintran/MLA2/data/raw/original/images/46635.jpg,1080,1440,0.75,RGB,202305,b6c267165e8f817b703aa7020ac6d86cbd5d969ecdfd71496e1a45d548610fa3,b6c267165e8f817b703aa7020ac6d86cbd5d969ecdfd71496e1a45d548610fa3,48acf3252bd394fd60d4c009f5a5d94c688c1d0768544aa63ae806a8e7cd7f0a,000c4d4d4d4d4d00,242.10610403806584,33.10391609519071,3.2402354362513597,0.003645621242472087,4.7089160456645685,
46662,/localhome/local-lintran/MLA2/data/raw/original/images/46662.jpg,1080,1440,0.75,RGB,261885,bcd2eee99ad9e2023d9ce652df6ca3c4d9cd3f6150f1351b7ed19cfdf5a3a075,bcd2eee99ad9e2023d9ce652df6ca3c4d9cd3f6150f1351b7ed19cfdf5a3a075,a2a2ad3f1487d76c88eb80e50fde68520d4418cc76782cc7584e4b0f624217f1,004c4d4d4d4d0c00,244.1476652520576,29.873405692760244,37.31645279337414,0.07595661023451118,6.075997142746824,
46669,/localhome/local-lintran/MLA2/data/raw/original/images/46669.jpg,1080,1440,0.75,RGB,228350,e59e1e6f13c2d013d805483ec770caa3c53809b84e35d1095333530e9eab9b08,e59e1e6f13c2d013d805483ec770caa3c53809b84e35d1095333530e9eab9b08,6af15fdfec3b604f3ef1cc0131521899b3ef5393cabb7569c481cd52a7857307,004d4d4d4d4d4d00,224.44433127572017,76.23841725603353,18.625253325181156,0.023347417313718616,32.32245968312805,
46682,/localhome/local-lintran/MLA2/data/raw/original/images/46682.jpg,1080,1440,0.75,RGB,197213,edc7da3ca1baddd5daf637dc6efebd700989272697639a5d7badb7495ff52188,edc7da3ca1baddd5daf637dc6efebd700989272697639a5d7badb7495ff52188,38b21ed1a725ee82fd4694d43b56cf216fff40560f2c7ab932d4a680f84ffbf7,0008000c4d0c0e0c,250.08280478395062,15.993679800893734,5.694197166569318,0.008821460647167862,10.195600216224564,
46702,/localhome/local-lintran/MLA2/data/raw/original/images/46702.jpg,1080,1440,0.75,RGB,217252,4df3fb3e3105da4305e99d1c0d83eb88395b9d0076f9e52b16ee77c270f5d268,4df3fb3e3105da4305e99d1c0d83eb88395b9d0076f9e52b16ee77c270f5d268,45ccd1c38499736afa4bb00d8ef66e831056f2ebaa1c3cde4edd823dc47d64a6,08000c4c0d4e0c14,249.6060050154321,16.016883174641656,18.372893241954564,0.03002598646401492,2.6258652200213652,
46715,/localhome/local-lintran/MLA2/data/raw/original/images/46715.jpg,1080,1440,0.75,RGB,209970,44e3c66ec4dc3205678700c9d1c76b92a0807200c67c71503e2fa4f57a4f6c06,44e3c66ec4dc3205678700c9d1c76b92a0807200c67c71503e2fa4f57a4f6c06,5268992377a82d4fed950cfe52f942cb6b9ed018434ffcc39240aa7f274d707e,08144d4d4d4d0c10,239.49145318930042,50.31352410196509,9.668080330003294,0.031469407817234195,10.66843957939174,
46796,/localhome/local-lintran/MLA2/data/raw/original/images/46796.jpg,1080,1440,0.75,RGB,287304,ef99bae19008167dd656d5cd7ca32cfaa076f9db3b8d88cdc1214fae08f4c537,ef99bae19008167dd656d5cd7ca32cfaa076f9db3b8d88cdc1214fae08f4c537,1e2d68441a5076667f2e8469c50ee1103dd7c493494fffe2fbd6a46ef02e1cbd,7804797c0f034009,213.19845293209877,85.86710330932418,7.000451187515684,0.02135069845597084,19.988585144857588,
46798,/localhome/local-lintran/MLA2/data/raw/original/images/46798.jpg,1080,1440,0.75,RGB,152103,067688cbfd445a61f9967b9ae16391368202bb1f9caf4efc137492b72c2a2c62,067688cbfd445a61f9967b9ae16391368202bb1f9caf4efc137492b72c2a2c62,1c88649b6e363b55cdf597716653ea2d0c01aac17a0ef6595cb60793f2e14894,0c322d4635094019,223.54422260802468,68.24939565160632,27.540972540406784,0.04395113004980994,108.71297540445578,
46799,/localhome/local-lintran/MLA2/data/raw/original/images/46799.jpg,1080,1440,0.75,RGB,216901,4845bc8f58f080675301a82305c2c54ebc1c15dc460d0dae033be2d12c0646e3,4845bc8f58f080675301a82305c2c54ebc1c15dc460d0dae033be2d12c0646e3,bfcd3ed4d972b817fab0903a149e4c10b7f5bc4acaa65e6caa2f3ebfc25e2665,042a3c3f0f014001,220.92637088477366,61.74893742982334,44.7322084482571,0.06157177867032783,78.75756206803351,
46822,/localhome/local-lintran/MLA2/data/raw/original/images/46822.jpg,1080,1440,0.75,RGB,282580,189a1c5522465fd54dbf77fdf5c2c1e0af9639ecaa8e2cb3700a61d932dc3998,189a1c5522465fd54dbf77fdf5c2c1e0af9639ecaa8e2cb3700a61d932dc3998,5165b86e67d9989fef70e3d8ca7e631283511609ddbd6e4e34d93ea22eb344d9,0004022c0f032001,245.79215020576132,29.383669841424954,19.55752972847631,0.03534019550554921,27.318771638544604,
46827,/localhome/local-lintran/MLA2/data/raw/original/images/46827.jpg,1080,1440,0.75,RGB,246694,126f4a8e35e87a40e7378df2150691586f3afe7edc229a008d87efaedc0592fd,126f4a8e35e87a40e7378df2150691586f3afe7edc229a008d87efaedc0592fd,b5967ddec30cebc8db748f8f4ad3f85c5c4b6e334dd5453607d4e676ed417725,300c333c0f03200b,226.5067058899177,71.21471650944594,3.2070275527878045,0.012827661284637488,104.2491209441806,
46878,/localhome/local-lintran/MLA2/data/raw/original/images/46878.jpg,1080,1440,0.75,RGB,297605,c5609670ced361c90284fb288671b06e9f881a0ad7cf66ef0f00289f19c90abd,c5609670ced361c90284fb288671b06e9f881a0ad7cf66ef0f00289f19c90abd,e39cf09aa376bc9035acce39489df1f789e3bc74eea4647422d6c0a5c9c4bb21,9c9d9d9f9d0e4626,202.47403613683127,94.32285635911377,13.303422914708873,0.06411669458297341,27.505285918375225,
46894,/localhome/local-lintran/MLA2/data/raw/original/images/46894.jpg,1080,1440,0.75,RGB,213633,8dfcb07ac5712d801a34eace01f96d364626b4c9ca2ac7c9f00b55936390c66d,8dfcb07ac5712d801a34eace01f96d364626b4c9ca2ac7c9f00b55936390c66d,4c478a25e691a57b0c16084719f0e6520d0e348ce4da39b5140167940b04a0c2,9b8e869616974d5d,202.0488798868313,85.03928103280033,18.94455017367564,0.07507280919019474,117.33976633589457,
46933,/localhome/local-lintran/MLA2/data/raw/original/images/46933.jpg,1080,1440,0.75,RGB,244850,1e866c1b984acc8b626f2f11d74a577f8d7b8164e668d14381ac8f5c87e0988b,1e866c1b984acc8b626f2f11d74a577f8d7b8164e668d14381ac8f5c87e0988b,8ff1be318681a239788f36266c6ae0dc16dd00a823125560f11d23a717f3dda1,0008000c0e0e1600,250.40906378600823,13.710886508381783,7.845955579915563,0.01211134375767313,11.314106722267269,
46950,/localhome/local-lintran/MLA2/data/raw/original/images/46950.jpg,1080,1440,0.75,RGB,212158,48743fb7b43d9dd27c307695a9a7fecbb5cf8b6c8a3ff3a7bc32d855e6bd1bf7,48743fb7b43d9dd27c307695a9a7fecbb5cf8b6c8a3ff3a7bc32d855e6bd1bf7,3f3841cf0ce4b005fdd29be1d319165137e30d3fb0e93fcd0013f7dd210dbcaf,0008000c4d0e0e00,241.57725437242797,46.126229520372206,43.99210910315236,0.06276042866039362,12.693035767146737,
46957,/localhome/local-lintran/MLA2/data/raw/original/images/46957.jpg,1080,1440,0.75,RGB,117307,1cf05688e82883772f344537bce145a67136defe534a60042c0fc2557420d719,1cf05688e82883772f344537bce145a67136defe534a60042c0fc2557420d719,ede0417416aa0ce2b37f49e3066632be0cc25146d921edd62bdfa15adb32ca9e,000008080c0c0800,252.6813470936214,10.15881813835943,7.470973221057384,0.008723767293346308,8.902570884332729,
46979,/localhome/local-lintran/MLA2/data/raw/original/images/46979.jpg,1080,1440,0.75,RGB,240820,367611d6442cfee9d1e0d1eef793ac346357cbb05250b3fb90f18c4254c0de58,367611d6442cfee9d1e0d1eef793ac346357cbb05250b3fb90f18c4254c0de58,a2543a7b45d16dcadda1db8868e2e8965eb8d214f6895682bbb4e2a418ad75cf,081796130b4d0f00,206.93014853395061,76.53562790291775,1.679329215051048,0.009541010706776662,132.15434572763428,
46992,/localhome/local-lintran/MLA2/data/raw/original/images/46992.jpg,1080,1440,0.75,RGB,298003,12877a860066f3661bdeedaa90c89d3236c025f3c8b455a013d60778a26e363e,12877a860066f3661bdeedaa90c89d3236c025f3c8b455a013d60778a26e363e,0c7afa8f1356aeca4b4acb4b76d67a94390e3f905c03b24b479bd68d0dc4dcef,0d4d9e991d169e9f,202.1490367798354,75.77125555708241,38.4832588564762,0.1495381477772989,180.29042820186106,
47006,/localhome/local-lintran/MLA2/data/raw/original/images/47006.jpg,1080,1440,0.75,RGB,298362,7e7004f7fd51a210caa86a06960d25b3001fe11e3e299bd1a7064ddb82a66316,7e7004f7fd51a210caa86a06960d25b3001fe11e3e299bd1a7064ddb82a66316,9779a7ac81389075ec574cf233b3297b93715cd2598c8d8833df8b1f1b787919,0d4c9e9697970f9d,194.97272698045268,81.15920936528805,53.71651782915272,0.20716777485270071,328.04316382871923,
47028,/localhome/local-lintran/MLA2/data/raw/original/images/47028.jpg,1080,1440,0.75,RGB,205433,f9c0f07b4ec845a43d01f6da0b6d70a8cc308e0f7206fe6607a6e6d356780e73,f9c0f07b4ec845a43d01f6da0b6d70a8cc308e0f7206fe6607a6e6d356780e73,2a77e228b2d38edc3bf69038889b984698af2b2d2f997ab1664a47d48ea60e32,4d4d0e9e9e8e8e0f,209.66399369855966,72.07401424343965,26.554657513686703,0.10149667596932761,122.64618035445385,
47054,/localhome/local-lintran/MLA2/data/raw/original/images/47054.jpg,1080,1440,0.75,RGB,294616,9a5731774aa83eb88b968a46f3057878691df4d76d0ec657c1c6412eb3c11f6c,9a5731774aa83eb88b968a46f3057878691df4d76d0ec657c1c6412eb3c11f6c,6cc6c3881b3784e670b407844239f165cbe51f0e3c87903f3009ea3834d226ed,9f8e9f870e8e8d8d,185.00059349279834,85.00802094074398,61.004850616892426,0.27521345789963964,41.101129065472286,
47061,/localhome/local-lintran/MLA2/data/raw/original/images/47061.jpg,1080,1440,0.75,RGB,230867,ff8b012393074e250aedc3408b3a4dd8f912db2693c7835dca2fa1b32ffef064,ff8b012393074e250aedc3408b3a4dd8f912db2693c7835dca2fa1b32ffef064,38b88f6c5482d26264446d5587476d8a3c2bb74d28dfe27b9925fbb89e171078,163e3e1e96968f0d,178.47070216049383,90.97785163906005,63.98567465758902,0.2891655315876834,66.61261213431663,
47143,/localhome/local-lintran/MLA2/data/raw/original/images/47143.jpg,1080,1440,0.75,RGB,188636,78f7f739e3af59cf703489cfd6284b9183e5baa118ad7f9371549b2b85329c68,78f7f739e3af59cf703489cfd6284b9183e5baa118ad7f9371549b2b85329c68,bfb66cb0a25e9d9dad3f117c209450551ccf0845c7662e0ae3f70bf7af101f89,0586aa2b0b272307,211.93458719135802,62.357010720361515,59.239942321232256,0.152558287155508,69.71115294026797,
47174,/localhome/local-lintran/MLA2/data/raw/original/images/47174.jpg,1080,1440,0.75,RGB,274949,6584b1844a9c95611fb0ecba17de9b356fa7c9c2abd5e6f58a9cb75e093abb37,6584b1844a9c95611fb0ecba17de9b356fa7c9c2abd5e6f58a9cb75e093abb37,59cb755afe966ca5a4ad3e194d203d638f5c0b6e22b95585301878465a521be9,0034011c1f03400b,226.3342264660494,69.86538196465787,0.0,0.0,33.75070530393709,
47188,/localhome/local-lintran/MLA2/data/raw/original/images/47188.jpg,1080,1440,0.75,RGB,355191,843a0d9686dd061e164827a92ab75ea45c897b83d0e638656f78e10fd40e2bc7,843a0d9686dd061e164827a92ab75ea45c897b83d0e638656f78e10fd40e2bc7,54a25e6f5189653327045736f65794c43cbe82eca27a7f860ee92d14e1618895,3804393c1f078001,217.1379263117284,74.65704449216265,7.539506896697746,0.044926706243777814,38.83256303332175,
47191,/localhome/local-lintran/MLA2/data/raw/original/images/47191.jpg,1080,1440,0.75,RGB,229487,945a54eeea2b97a033fb4478de2cac7a7bf2ab8852796eee496f86313b043c06,945a54eeea2b97a033fb4478de2cac7a7bf2ab8852796eee496f86313b043c06,4c017756ff267d4e7f55ac3fe1cdff55d5e1936c74102759deb04665373da975,200c233c1f0f0003,223.12620113168725,70.89356979765526,1.235142358699367,0.006774309555103421,31.731232222608337,
47208,/localhome/local-lintran/MLA2/data/raw/original/images/47208.jpg,1080,1440,0.75,RGB,226236,b653c4d5ef40613383d2f396b74a0bd3e046c266a603891016e2dd661b1b0f92,b653c4d5ef40613383d2f396b74a0bd3e046c266a603891016e2dd661b1b0f92,f7b84bd825e83b859094925df1920f738e3b6565d68f62d58f97bdd12e4cd14c,200c613c3f07809d,224.29677983539094,69.6424166469018,7.334268805166307,0.03752226849367548,28.957378341506107,
47225,/localhome/local-lintran/MLA2/data/raw/original/images/47225.jpg,1080,1440,0.75,RGB,242100,ee30e862c59c8b4ae8891c1c21cfb737181d7cd6a8bd2bf6e08ebc4024c4e50e,ee30e862c59c8b4ae8891c1c21cfb737181d7cd6a8bd2bf6e08ebc4024c4e50e,3f3fe247fa9f7c0068230f91a408ad78c937ae757d9cf7f4ea7b13dd36748c60,2804793c1f0f0013,217.49172839506173,78.07633408355076,0.0,0.0,99.67191139941053,
47238,/localhome/local-lintran/MLA2/data/raw/original/images/47238.jpg,1080,1440,0.75,RGB,343160,dc46a2df9656e945b4c22339fa66be7f8bbac6775945e0425a7e1e6353a82340,dc46a2df9656e945b4c22339fa66be7f8bbac6775945e0425a7e1e6353a82340,4023b7d4218f8f31933ad8b534ee3243cbf081ceead7d4e0d35fad73d3f91e0a,1004311c0f074001,218.07395447530865,75.05471621288905,5.071137628122295,0.00916916277055598,28.313010798357723,
47262,/localhome/local-lintran/MLA2/data/raw/original/images/47262.jpg,1080,1440,0.75,RGB,295525,da91e6ceaed9822ebdfe7dae11f23784e30c65a19699d1171f2cb31108d92c1d,da91e6ceaed9822ebdfe7dae11f23784e30c65a19699d1171f2cb31108d92c1d,0378cc3a706500a95c7a473a3eb1f435829ce5bb4290a526778463c79c316908,35315c9c964d6536,196.717449845679,51.37987072551249,41.00762101991086,0.24315214787835962,101.02101303782644,
47266,/localhome/local-lintran/MLA2/data/raw/original/images/47266.jpg,1080,1440,0.75,RGB,291574,ffdcbbbad6b82234e915972e70591d1cc0f0d81c8147905167066c23dcda6e0e,ffdcbbbad6b82234e915972e70591d1cc0f0d81c8147905167066c23dcda6e0e,2cb7e8d1a2ffd1e7dc9308ccebe2d5c089ab0c903a46d20b2f8598220087aa2a,25315d5d514b6326,197.2309336419753,50.75734482218174,39.752673094515785,0.2345018336349755,111.03117848822991,
47277,/localhome/local-lintran/MLA2/data/raw/original/images/47277.jpg,1080,1440,0.75,RGB,204525,9e76cf2875dbb79662a41f4c33e5f6cec4cd5bc0968fe4ed35bb5dfe3ba7acc3,9e76cf2875dbb79662a41f4c33e5f6cec4cd5bc0968fe4ed35bb5dfe3ba7acc3,10d0152290409bf4283959c2f3a68b61300f74678fb19a7d2986706f556ee959,2d35dd9cbc2d2f37,188.6705195473251,58.149259515396395,36.75882064682296,0.1870141670757435,119.58126150301814,
47321,/localhome/local-lintran/MLA2/data/raw/original/images/47321.jpg,1080,1440,0.75,RGB,188166,4d59d5057a63f3b54bf3ee6e477d5dd41953fb860cfe409f00e50739f8e6a01f,4d59d5057a63f3b54bf3ee6e477d5dd41953fb860cfe409f00e50739f8e6a01f,7b78891afac8ad15e0254ab3964da4c533839698f538699cc75f32056a9243f7,0008220807271f00,219.88371013374487,76.2367584068006,7.551819300204942,0.04689030602148761,69.89932494176094,
47322,/localhome/local-lintran/MLA2/data/raw/original/images/47322.jpg,1080,1440,0.75,RGB,208366,86d132770a602c570da820a82f8e04ceddde9e36ecc1b2199e15da0cad68acac,86d132770a602c570da820a82f8e04ceddde9e36ecc1b2199e15da0cad68acac,1576ebbf3439d0d2d05b8ca2b52af6b28f9f06ccddbb9b18091b00701f4620ef,000013001f0b0700,225.64971000514404,67.25492258844199,17.34126176182312,0.07599335829007449,58.00219635249752,
47352,/localhome/local-lintran/MLA2/data/raw/original/images/47352.jpg,1080,1440,0.75,RGB,216090,3995cb1b787777ffbd1d7f472394709af0d312f8350599dc393951fca1cab4ac,3995cb1b787777ffbd1d7f472394709af0d312f8350599dc393951fca1cab4ac,59177499984d9f855ad53898c27601d800b38cb7f98e018499eab28f8570bc77,204c1296172b2380,226.74899755658436,47.85228864979604,11.86833657593596,0.04491696577931732,18.152705381160146,
47368,/localhome/local-lintran/MLA2/data/raw/original/images/47368.jpg,1080,1440,0.75,RGB,269624,ce7fb5ec091b532443be8a70e7fcad02614cc4acda0df5c9a60616748af4ff15,ce7fb5ec091b532443be8a70e7fcad02614cc4acda0df5c9a60616748af4ff15,db94c62e84816f612f915101706defe5d7dc127cae1d2fe2986920e5dffec436,1408459607332300,217.58061085390946,73.87246829226623,8.519156493935808,0.05201320979245434,67.01540664375716,
47379,/localhome/local-lintran/MLA2/data/raw/original/images/47379.jpg,1080,1440,0.75,RGB,214153,a3936894837655e7b78271cb11ab28c437c7f3d676df3a5324d727fdd076c2fe,a3936894837655e7b78271cb11ab28c437c7f3d676df3a5324d727fdd076c2fe,f3698f078d312f748a853e62ffcc6964b41b20c45c4dcf5223f4aaa70e181b7d,0c1692130f0f1300,202.4722382973251,78.09737690006357,28.566463698600426,0.14618280160260655,56.56234989767945,
47428,/localhome/local-lintran/MLA2/data/raw/original/images/47428.jpg,1080,1440,0.75,RGB,256289,3d88d360ef666ea56d2cd27807996dc9c92a99e5cb0f5954743d70a75fbfc15d,3d88d360ef666ea56d2cd27807996dc9c92a99e5cb0f5954743d70a75fbfc15d,b8cd69a2b1a157864c14f77d03001c3c1ba44e6a08702ed0a13505320b9c7aff,000003002b2b2300,219.35179783950616,75.44944676632099,4.6547715481925165,0.03370491322762904,56.02645404584476,
47507,/localhome/local-lintran/MLA2/data/raw/original/images/47507.jpg,1080,1440,0.75,RGB,248126,3a0ccfcd9f45083273a749bda31b57fd59ddfe0423b8614003a27ff043966031,3a0ccfcd9f45083273a749bda31b57fd59ddfe0423b8614003a27ff043966031,6f877d7440745a9f3800f95f9351035f4fc3749956f31eaa7a9edc393d1d22a6,0d0d0e3223230e9d,218.8943454218107,61.141640624724374,24.241028569929917,0.07635003968190032,21.529942275763542,
47533,/localhome/local-lintran/MLA2/data/raw/original/images/47533.jpg,1080,1440,0.75,RGB,302529,3694ffd671b2993f4590b022d64c61b2909210f4f2633ff96b294a5a30cc6c53,3694ffd671b2993f4590b022d64c61b2909210f4f2633ff96b294a5a30cc6c53,9d6edec92a726bc55e7a319b6932433b761540f107bfa4fe0fd85f43af7a47ad,002c002c3f032009,245.47016782407408,32.261122531076744,16.055511193878992,0.02913141740207592,37.36929611181899,
47555,/localhome/local-lintran/MLA2/data/raw/original/images/47555.jpg,1080,1440,0.75,RGB,300289,d86979b68bdd57121f4a6a6dfe3ebcd6ab4505530436b94459b137621e3ee81f,d86979b68bdd57121f4a6a6dfe3ebcd6ab4505530436b94459b137621e3ee81f,9ace6132bb786f7298e6a2654715c0d880bacf8bed66dae875677c4067f80feb,200630161b1b0008,242.93636316872428,37.10649219625734,18.9111742717021,0.03162777465112223,29.143111703154563,
47594,/localhome/local-lintran/MLA2/data/raw/original/images/47594.jpg,1080,1440,0.75,RGB,218171,447c0fcc6e299237df806b9f6ae0a8392f5aaafc4d83118690ab82d17d6d3527,447c0fcc6e299237df806b9f6ae0a8392f5aaafc4d83118690ab82d17d6d3527,8604e554a0fcba2f14bb8cd64c74ed7748e8bdb36b78fe5782cf61f7af55fee7,18401b3c1f03200b,232.59705311213992,58.232733774518245,12.881242857337897,0.04480796513246061,23.708464934296046,
47597,/localhome/local-lintran/MLA2/data/raw/original/images/47597.jpg,1080,1440,0.75,RGB,241320,9d2d7b1f8c8d9a155f5600e5007ca5b2c279606d233d9715631af1dd92d1ef96,9d2d7b1f8c8d9a155f5600e5007ca5b2c279606d233d9715631af1dd92d1ef96,79b5313f309f35f5c0710277e6a517366248a2244902859352b6af4eabfe3b02,0004022c0f07400b,241.09468621399176,42.15629324292925,12.216631534813587,0.03478656128511269,13.54611181898915,
47604,/localhome/local-lintran/MLA2/data/raw/original/images/47604.jpg,1080,1440,0.75,RGB,254440,6def083e2ad8ff53e61edce58743dcf0c860105a7a298ddb0f459a419c970869,6def083e2ad8ff53e61edce58743dcf0c860105a7a298ddb0f459a419c970869,14e177829723868ece098004b833b4879d2ddd12f8175e80046270879a1a7fbf,000c014c0f0f000b,240.94567708333332,45.21294511691547,21.82533373284223,0.03358154375582578,24.48385780660772,
47627,/localhome/local-lintran/MLA2/data/raw/original/images/47627.jpg,1080,1440,0.75,RGB,270593,c04566cd774924c3c1832b638d6a4c2f7dc19a594ba9fc9f4a9d745a3295c947,c04566cd774924c3c1832b638d6a4c2f7dc19a594ba9fc9f4a9d745a3295c947,6248133a07e1002fceacb9b2cce8898dafdbab74230a6196e82af21bd8884bb5,000803081b0f400b,241.8545428240741,39.89639727710363,18.465073451098167,0.04128219804016601,15.276088523366411,
47681,/localhome/local-lintran/MLA2/data/raw/original/images/47681.jpg,1080,1440,0.75,RGB,239005,9884331220a3d393b4ad8fd55073fa5479135c877327aa5bb075e9e2e5a2ed75,9884331220a3d393b4ad8fd55073fa5479135c877327aa5bb075e9e2e5a2ed75,365e53086518e7e33ade79747ac56fe509f93235ecd4929d8eeb01929d0dcd7d,2004213c0f034001,223.51593428497944,69.52362612238775,11.859397246868829,0.036658770089988114,37.75310694106594,
47868,/localhome/local-lintran/MLA2/data/raw/original/images/47868.jpg,1080,1440,0.75,RGB,289305,62782994bc9f788252904a1b215a7848ebe701d4a7a821cc5f1214d230658a42,62782994bc9f788252904a1b215a7848ebe701d4a7a821cc5f1214d230658a42,fac516f0b3e090ebdc8ab6b252a20fe2c146bbea4bca6aaf642f2fce9b424724,08000c55963f3f00,239.18372685185184,40.96078953299278,13.702589571439308,0.03085425438932721,38.411929675534445,
47977,/localhome/local-lintran/MLA2/data/raw/original/images/47977.jpg,1080,1440,0.75,RGB,260618,40686bd44d46f16eea81bdbfc582626736da31c610246733193452909b5bdfb9,40686bd44d46f16eea81bdbfc582626736da31c610246733193452909b5bdfb9,47dc04d4226eb448d16dede06bdf4c1c8276c47f6de015264c86b46b22f444c1,9696962b2b969696,221.27463477366254,51.88252757987496,37.382982556769484,0.10149669751429692,65.24848256689448,
47978,/localhome/local-lintran/MLA2/data/raw/original/images/47978.jpg,1080,1440,0.75,RGB,292527,65fe83d7da709d37aa1334b422e050a77111f57840509200abd91f869634886f,65fe83d7da709d37aa1334b422e050a77111f57840509200abd91f869634886f,7e7203110e8993193c31d141cce14fb21ac6a0025b21f7e95328e161ad4bb4e2,8e868e96968e968e,186.01133744855966,96.6216130910586,15.98121759192726,0.058411883292631354,59.39817110055729,
47991,/localhome/local-lintran/MLA2/data/raw/original/images/47991.jpg,1080,1440,0.75,RGB,295306,d0c5495dc83072a833f6569b42aa2b0ca28d7787b8b662dc02bed1bbbbf10dc1,d0c5495dc83072a833f6569b42aa2b0ca28d7787b8b662dc02bed1bbbbf10dc1,5bc0ff2a0da2c0f774572342b74e9f8d4c2144e05b79694cb19c589c5b8a767e,160f9e2b23960d0e,226.74103716563786,56.296922442038195,1.4417862463471358,0.004058677039760126,181.51071920408768,
48010,/localhome/local-lintran/MLA2/data/raw/original/images/48010.jpg,1080,1440,0.75,RGB,122494,8247b0add6680036fa7bc9bc492691036fef24665d098af561b64bd7257518bf,8247b0add6680036fa7bc9bc492691036fef24665d098af561b64bd7257518bf,ed7afcab8ece352db0d26a780f2311a56739e6b47b0f5e04794781e2108828a6,9e961f2b2b331f9c,184.51959619341565,86.21948208669455,66.8017584137433,0.23607769508602322,83.00583999382215,
48021,/localhome/local-lintran/MLA2/data/raw/original/images/48021.jpg,1080,1440,0.75,RGB,260661,7e313cb0bd01f24c33edc5ffa0389f7eda223ce2cd4304949c8638e5fe8c14b5,7e313cb0bd01f24c33edc5ffa0389f7eda223ce2cd4304949c8638e5fe8c14b5,79eb2e3ebe75e5da687f4360b06769cb27d15c76cd34f2ba9cdc86806fe2c0bb,0e86960b2b17969e,222.59225565843622,51.77899368410663,51.99812319098821,0.11148363793163946,98.09359306022111,
48071,/localhome/local-lintran/MLA2/data/raw/original/images/48071.jpg,1080,1440,0.75,RGB,177557,3e05140829372673564301f43d5944ba99b4932c87456d956ff120cbe0132b23,3e05140829372673564301f43d5944ba99b4932c87456d956ff120cbe0132b23,9c61f8162c5f2834b7ae22b84d3f6324f8e4a80ac963a1ca410ae4ae6baf96b8,0d4d0f363632968e,219.0966595936214,61.033447244232605,20.106319853049435,0.06724977438720707,15.222794959908361,
48084,/localhome/local-lintran/MLA2/data/raw/original/images/48084.jpg,1080,1440,0.75,RGB,279180,fd78ab4725f572944c4e0818603da0d95d9552dcf27c3720c342a191d504ecae,fd78ab4725f572944c4e0818603da0d95d9552dcf27c3720c342a191d504ecae,87377b2faf7502ad8ae946443a0e08db5ee7be8d7d5028448460e3b2b05ee115,0d4f964f0686970f,199.51509452160494,79.7197335786239,58.39193490159099,0.20244927763135206,68.44636247216752,
48099,/localhome/local-lintran/MLA2/data/raw/original/images/48099.jpg,1080,1440,0.75,RGB,237387,3a741648d7cc302ff9f755c747037d7a6c1da21ba394406c7d6c7d5186f1fbf5,3a741648d7cc302ff9f755c747037d7a6c1da21ba394406c7d6c7d5186f1fbf5,bc467eec44e8f5812894ce12252824da06d2b5d3941795415a5417a3ddcb2b5b,06868e8e0d4d4d0d,223.94760738168725,50.68908211109769,15.890044513860339,0.06250241323878747,30.822158834961453,
48103,/localhome/local-lintran/MLA2/data/raw/original/images/48103.jpg,1080,1440,0.75,RGB,291969,424ab35b74330d1b60eab091ef728a1519d49926b6a109cf2a7ac2358cd4d0cc,424ab35b74330d1b60eab091ef728a1519d49926b6a109cf2a7ac2358cd4d0cc,c04e9292bcc8c45aa8b8c731ed329a0167a14b0f2c7184c5ae534ead29f1e310,4e9d9a1b8f27868e,219.1033918467078,57.9686010605499,31.56338337160122,0.09468153025709428,33.260171563895646,
48159,/localhome/local-lintran/MLA2/data/raw/original/images/48159.jpg,1080,1440,0.75,RGB,160232,dc1314df0e4d8320aaf448ee454c45d0face4340e9089c29830071320eab70f1,dc1314df0e4d8320aaf448ee454c45d0face4340e9089c29830071320eab70f1,56dab4b9646fd476fa8714ab79fe7017e45518a51e3ebb4eaa44ba62a75c21e0,0000000a330b4d00,225.8843621399177,58.8306085194611,15.328162835848778,0.07059777156619615,86.58621697105423,
48188,/localhome/local-lintran/MLA2/data/raw/original/images/48188.jpg,1080,1440,0.75,RGB,193424,2b29a28be21727f43f1b12663f389c885d9e576437b05990fa1ffc2b43e35a99,2b29a28be21727f43f1b12663f389c885d9e576437b05990fa1ffc2b43e35a99,badea59a0c729a2bcdd9646134e8e011b7b3a0c54bbbc73febcdb1b9fbbb5761,0b0c1733230b0b00,222.29639081790123,52.11557713369315,42.992244669685086,0.11375370653985732,48.94606033694995,
48231,/localhome/local-lintran/MLA2/data/raw/original/images/48231.jpg,1080,1440,0.75,RGB,214807,7ee33566dd5282455855f76b33bf4523e0d21627ec386cb985f669161558e1a0,7ee33566dd5282455855f76b33bf4523e0d21627ec386cb985f669161558e1a0,1e92388f856bfed9105680478ce517699bfcfb6847bb0468718180d7d388c0c3,00410449070e4006,238.3820942644033,52.673467937126766,9.002594359614706,0.02479754150810852,18.214440068471113,
48232,/localhome/local-lintran/MLA2/data/raw/original/images/48232.jpg,1080,1440,0.75,RGB,204809,44c674928797c7ad7ddb28886e343062fa814dd2df566b3798adaf758efe7a69,44c674928797c7ad7ddb28886e343062fa814dd2df566b3798adaf758efe7a69,b512685cedb44b029b65742015bfd5ad009200d22876a8d862649edc9d57bdb1,00090043030e0002,243.67894740226336,38.062890235967224,11.660558816829113,0.01664267932502159,11.972930743786762,
48244,/localhome/local-lintran/MLA2/data/raw/original/images/48244.jpg,1080,1440,0.75,RGB,250158,3737293d05062835725fc79efa6273e682b4a28c80e3b726229f8addce2f44b3,3737293d05062835725fc79efa6273e682b4a28c80e3b726229f8addce2f44b3,cdccb9d13a472f7bdcd1dda15db34e177a1e9f39f6b48c15df09039da604cfa9,16009e161c0e0600,230.69932291666666,57.65978398861354,49.86832822900986,0.10026806058353593,47.94437236958956,
48248,/localhome/local-lintran/MLA2/data/raw/original/images/48248.jpg,1080,1440,0.75,RGB,253286,ebfa17016c56a0a2affa2d4b94ead3e98e3dfb5faebee8cf9035a22600af5b54,ebfa17016c56a0a2affa2d4b94ead3e98e3dfb5faebee8cf9035a22600af5b54,3910111e19061817992da8102aba479c9c02b57aeadd54613c61ba15ec1008f0,16008e964d4e0400,220.8771199845679,80.64858748442708,10.013572836139488,0.02601514123820343,31.24434341094251,
48259,/localhome/local-lintran/MLA2/data/raw/original/images/48259.jpg,1080,1440,0.75,RGB,287063,aaf2ae9fa781e5f6227521e2c8829cb4057b6161af4d8cda303bfde2172a9694,aaf2ae9fa781e5f6227521e2c8829cb4057b6161af4d8cda303bfde2172a9694,66637e2ea0efed0a2f9bc7c0743e44019351b9093a3bfa868fe4a66c3c0817f9,16008e964d0e0c00,222.02527263374486,77.66714258767547,18.460878036109516,0.043161284191892246,45.707809181821695,
48374,/localhome/local-lintran/MLA2/data/raw/original/images/48374.jpg,1080,1440,0.75,RGB,184527,17265a501446f7045be46046b1057cdfdbae445ab8aa41dd3e9bb3e379cc003d,17265a501446f7045be46046b1057cdfdbae445ab8aa41dd3e9bb3e379cc003d,df0f87cffe8a95922e0651ed56403b9be19f596f82fe8c44c590d97ed1edac77,0f4d0f931b9f9f8f,177.2636445473251,94.77062701135137,21.061063692468668,0.07472586346605337,21.367859441162466,
48376,/localhome/local-lintran/MLA2/data/raw/original/images/48376.jpg,1080,1440,0.75,RGB,191652,1b8a735c8aada951ffa1623a240b067d16c1154fca6ec34c336f80684d06e1e0,1b8a735c8aada951ffa1623a240b067d16c1154fca6ec34c336f80684d06e1e0,a9a78815493e328f65f29976e2f6cd80c77cd8fc8965100aa698e9695ae108a6,8d8b8f9396969696,189.61829732510287,94.13212291856831,13.773519050676704,0.04551609398023777,66.82876430235402,
48391,/localhome/local-lintran/MLA2/data/raw/original/images/48391.jpg,1080,1440,0.75,RGB,228228,546536551a60d95a25be977f4a135104f818720eb16341b6ed31b0507dae799d,546536551a60d95a25be977f4a135104f818720eb16341b6ed31b0507dae799d,f4a390f955b8cdd5208fe10aa61c4708011e63fe9e41e2500e6ca0a17d5f65b9,0e9e969696958d1d,189.82127636316872,94.00519606357481,13.770747073489447,0.038046404383919895,27.793854331570074,
48402,/localhome/local-lintran/MLA2/data/raw/original/images/48402.jpg,1080,1440,0.75,RGB,259860,4f2de86c6b946f09003f491c5f956aafdd575a84f6d403ca525e173e82c5a338,4f2de86c6b946f09003f491c5f956aafdd575a84f6d403ca525e173e82c5a338,a9ac64debe30b5116a44ef90403e5abf21ddc5c4bbf01ac1066819b7b34047d7,4d4d0e1f3b2b9b87,221.3111484053498,61.00566861852853,25.90940104320478,0.09222577311564402,28.330934270306447,
48415,/localhome/local-lintran/MLA2/data/raw/original/images/48415.jpg,1080,1440,0.75,RGB,202530,f3975f8ee252b1640bf9658593f228cce1fbbc31ac8e27455dcf0aa7ae5d13ef,f3975f8ee252b1640bf9658593f228cce1fbbc31ac8e27455dcf0aa7ae5d13ef,e7d869791625cf66d70814932af98dcaf7e18ee268743168c40e2bc061e69403,0d4d16160f0e8e96,193.20812885802468,86.0072544045424,22.209650772107235,0.06067127722327281,27.510730465783748,
48424,/localhome/local-lintran/MLA2/data/raw/original/images/48424.jpg,1080,1440,0.75,RGB,217767,972495f482909ffbbb6d9353a88ac491a0726f668bc99020e3b0ffd59f84e075,972495f482909ffbbb6d9353a88ac491a0726f668bc99020e3b0ffd59f84e075,170ac4d602dbed4d987a1c6009f90e966db4c76a84c65b266159b392fd5d659f,4d4d2d16373b3216,222.54073238168723,58.949316250468705,27.975015767846596,0.08047365085120962,46.94475816312084,
48428,/localhome/local-lintran/MLA2/data/raw/original/images/48428.jpg,1080,1440,0.75,RGB,305698,45ee911a33dc59c554d2eaa543f4917abcf46f2c05cee0ab41d9c5f3a2198a20,45ee911a33dc59c554d2eaa543f4917abcf46f2c05cee0ab41d9c5f3a2198a20,cc76dc2ffca7516ba9a7c67d138996bf8fbd085bb40b23a40d9b5915ede7e1d3,4d4d0e363b3b9e06,221.08163387345678,63.7753450435356,25.26557284298601,0.08156542343483139,17.030088999575273,
48466,/localhome/local-lintran/MLA2/data/raw/original/images/48466.jpg,1080,1440,0.75,RGB,52688,85b86cbb4d99e9a963029169239f9fc8fa2bd96e680902c24c05b51a46e37583,85b86cbb4d99e9a963029169239f9fc8fa2bd96e680902c24c05b51a46e37583,c4d082e0fd876348cab366c1a4be2ddc66832d223897e1a11370a2d762d05c32,4d0d968e8e86864f,194.20776491769547,96.82998516684702,19.307728327394084,0.06770919554344226,17.855503108228117,
48469,/localhome/local-lintran/MLA2/data/raw/original/images/48469.jpg,1080,1440,0.75,RGB,301307,fe61b6f283ecc78d0c1733b4bf5e387e146c5fe59f865a5f0b6829c9ae78bbe1,fe61b6f283ecc78d0c1733b4bf5e387e146c5fe59f865a5f0b6829c9ae78bbe1,32645ca9fa0283843921195e92c433c3b347f907152e1d3903d1bd0827ed7b34,0f4496968e968796,178.07822080761318,109.82288284504841,18.28854162395578,0.11648738037011809,41.0954460918697,
48485,/localhome/local-lintran/MLA2/data/raw/original/images/48485.jpg,1080,1440,0.75,RGB,304878,b59c95733854172c9426155a85ee692c4e15a7cb6d66306e4570964f288bcc99,b59c95733854172c9426155a85ee692c4e15a7cb6d66306e4570964f288bcc99,e022f97708b248c4615750e3e54911d19363b8878ca94542ec3d368db823b17f,4f0d260f8f161696,199.35109375,82.83255093635704,36.91324882101799,0.15790391313483929,310.4825662509492,
48486,/localhome/local-lintran/MLA2/data/raw/original/images/48486.jpg,1080,1440,0.75,RGB,304582,bb295d4c12b98e03b761fb6ba87856c318472ec2929f3b1e5e3b0e72aa7e832b,bb295d4c12b98e03b761fb6ba87856c318472ec2929f3b1e5e3b0e72aa7e832b,e1e1e25373498a1265151732801eeed79e9b16717f0f2c749d870a497ff76c80,0e9d969696878606,208.29813143004114,70.90363373340635,27.087403160700376,0.10693284816580896,171.8244131047531,
48498,/localhome/local-lintran/MLA2/data/raw/original/images/48498.jpg,1080,1440,0.75,RGB,305455,18906d94452a75aa906f35f79dbe2dc6e29ed8253d4113c52b7d951026c9759f,18906d94452a75aa906f35f79dbe2dc6e29ed8253d4113c52b7d951026c9759f,9b14c3bb4bff73d22220fbe19b58bc0d9b800b193ef5f7b56d647ea20fe0f293,139e1652464d4a4e,212.18633809156378,75.39700301050736,16.54145622958715,0.05578373682330771,40.09667619084392,
48503,/localhome/local-lintran/MLA2/data/raw/original/images/48503.jpg,1080,1440,0.75,RGB,173103,34b4ca4c772e184ee91ce9782fe5d267a142423e598fe60631406beb2e20df14,34b4ca4c772e184ee91ce9782fe5d267a142423e598fe60631406beb2e20df14,a7b83b006d42200bc1f66409b39ccc759bb70982ab44808c8cfd6ed2b213b6bd,4d4d0fb3b2232f0d,211.48041152263374,68.25664036558872,25.11210845744884,0.10142046405989988,35.70260627823468,
48506,/localhome/local-lintran/MLA2/data/raw/original/images/48506.jpg,1080,1440,0.75,RGB,179284,5b6c989b90136215a0dbe888848bee32fdd365d5ef44e0189dceec98dce531ee,5b6c989b90136215a0dbe888848bee32fdd365d5ef44e0189dceec98dce531ee,57548bbca236f1aa3cb82515aad063b51d973bd5a58913e7194c58694abf43c2,4d969f939bb29e9e,222.09988490226337,61.95651987837461,27.373930601530983,0.0846593072259502,27.805731881539828,
48514,/localhome/local-lintran/MLA2/data/raw/original/images/48514.jpg,1080,1440,0.75,RGB,258541,1d5e1ad71721c93193779236c1fb2ae8a0f940c0ebeb85b6a8375579129193b2,1d5e1ad71721c93193779236c1fb2ae8a0f940c0ebeb85b6a8375579129193b2,8d4cff7b3356041161d8f84f18326e8d3cf4d4cf216d49e4d1b7cfcb84298639,4f1d9b1f07969e8f,203.3997215792181,71.63620953837794,21.839028435813212,0.09248997779086651,59.73805166222634,
48566,/localhome/local-lintran/MLA2/data/raw/original/images/48566.jpg,1080,1440,0.75,RGB,189834,7265c16395f2b69fbd37a9b3a6a766d6be3ddfbf3656cc2f130db5b17d2166ba,7265c16395f2b69fbd37a9b3a6a766d6be3ddfbf3656cc2f130db5b17d2166ba,8bef76674801f36995b020fde551a9249a40c567b2d9e688bc8117e25c8d084c,0000000a694d0000,253.0536361882716,15.58097701488985,4.6666931035323165,0.0031519755266908017,25.31683784444702,
48625,/localhome/local-lintran/MLA2/data/raw/original/images/48625.jpg,1080,1440,0.75,RGB,238368,50aeb295c7503e6c1a8b7c3f563f8f38cc0d2f6d01371e49140d2a866f13b533,50aeb295c7503e6c1a8b7c3f563f8f38cc0d2f6d01371e49140d2a866f13b533,9b99192c4c40ea19af29f0d69712bd702ab2630a5a3b70190b93125b1885bcaf,1004309692021002,249.68089827674896,28.001367605870005,2.432766667903619,0.004872350646207225,155.54243986254295,
48676,/localhome/local-lintran/MLA2/data/raw/original/images/48676.jpg,1080,1440,0.75,RGB,176441,06c808ef59decd01aee2127af34c6159f8c1e4779ad6770e076d79d1c0abd5bb,06c808ef59decd01aee2127af34c6159f8c1e4779ad6770e076d79d1c0abd5bb,55b77c7031e104ce587a25e01056de1bae684df09da6d590e7c57a1c6ad8e3e1,0004b0b636060000,252.3977874228395,16.189850894374363,1.489280321964714,0.001776599058609846,34.25805050388046,
48692,/localhome/local-lintran/MLA2/data/raw/original/images/48692.jpg,1080,1440,0.75,RGB,250562,aa05bd596d48ef05f192e1b11de93f62a9c71619c4b08ef09c42e2038c3b0a82,aa05bd596d48ef05f192e1b11de93f62a9c71619c4b08ef09c42e2038c3b0a82,c3843029185db2123ef454678852e786e839bec3ceacb8775cb1483fa6aa7c83,1002909202100200,251.1509426440329,21.100579713851445,24.785396423594047,0.019152629371709536,86.29502490443646,
48695,/localhome/local-lintran/MLA2/data/raw/original/images/48695.jpg,1080,1440,0.75,RGB,168625,3fd8bb060b94116b9427c2ef49097447425d9ecfc4268320ac7ed6a16d59cbed,3fd8bb060b94116b9427c2ef49097447425d9ecfc4268320ac7ed6a16d59cbed,b0bf08dfd4fb1882303fa7793dbb37a1149bff58e6ca6c65fc5aa1625ffaae56,0000101616060000,253.41397440843622,12.647401256709355,9.577067143371945,0.003782299619877063,38.79029885323758,
48710,/localhome/local-lintran/MLA2/data/raw/original/images/48710.jpg,1080,1440,0.75,RGB,169791,e5cd59927ce4e0afe8f18b4e40d532c109de272381bc51341c6fb371aaefbba9,e5cd59927ce4e0afe8f18b4e40d532c109de272381bc51341c6fb371aaefbba9,983030fb5ff0ebf4a0c089fdeb28570c78a2f0c020f0f41b389896cb5e82e87e,1004909606040000,252.64218621399178,15.388906200829119,1.293236332675336,0.00141714102123268,27.291735845656845,
48724,/localhome/local-lintran/MLA2/data/raw/original/images/48724.jpg,1080,1440,0.75,RGB,201781,70aa7c5f1d2e93878c16c71aded9aca209606fdf1abb742e6c0043a3a92227a3,70aa7c5f1d2e93878c16c71aded9aca209606fdf1abb742e6c0043a3a92227a3,39679f6ceddd83fc20d9101265cbf5445251908c8f85af6e95eb9aaf91c36497,1002909616060004,251.48173868312756,20.07675874946921,1.403935484954075,0.0025384767025781584,66.66133312740517,
48734,/localhome/local-lintran/MLA2/data/raw/original/images/48734.jpg,1080,1440,0.75,RGB,159432,71587d493596666a8fd3f282c01e8459634433958b01c6bcf4221d2085d25e85,71587d493596666a8fd3f282c01e8459634433958b01c6bcf4221d2085d25e85,e2ed3a819587b28a43542fe35f95637bb37eae30556c46291ec8daaa4aeb9631,0010411a33270c23,246.412879372428,39.92906349890445,14.444539419679968,0.02708619202862191,38.67396939392769,
48744,/localhome/local-lintran/MLA2/data/raw/original/images/48744.jpg,1080,1440,0.75,RGB,227258,52120c7f262791ce6ca53d3882fdcf1c42eb77b84e60247ef44f1b4a47b29e81,52120c7f262791ce6ca53d3882fdcf1c42eb77b84e60247ef44f1b4a47b29e81,86252c6486188e5aa05d16c87bd5fbac4de1401d00605a7b8ebf72758af3eb55,06008e17138e0012,232.40316229423868,59.645930373007204,0.7466230828672477,0.004844732912691375,154.00564564912415,
48759,/localhome/local-lintran/MLA2/data/raw/original/images/48759.jpg,1080,1440,0.75,RGB,218979,02557190e11b909aede9f041669b486f004dce7addaaa0acb67f64ea05d4f22d,02557190e11b909aede9f041669b486f004dce7addaaa0acb67f64ea05d4f22d,dd28dbc819a13cca6282bc212303200c069b3556cdcae72366aba454d278f3ee,36b694330e0c0c0c,250.39638438786008,18.93577882801337,10.926350703631812,0.016190052260447608,83.70700155733168,
48785,/localhome/local-lintran/MLA2/data/raw/original/images/48785.jpg,1080,1440,0.75,RGB,288259,1e7ee751d79839777b185a78f43ae17cf74b08f87c8ba2dc53f866bab6f22dcf,1e7ee751d79839777b185a78f43ae17cf74b08f87c8ba2dc53f866bab6f22dcf,4d181284f5dec2560500e50636885421cbf85882b65087a103041d4af2b6d514,084a169696960c10,233.51135288065845,63.19653168894064,3.568918292642603,0.008182865557046183,462.8229745035201,
48862,/localhome/local-lintran/MLA2/data/raw/original/images/48862.jpg,1080,1440,0.75,RGB,138818,410b89995770b91241d99a207db231fde7d66532ea2be24a83e393ec2cf11e92,410b89995770b91241d99a207db231fde7d66532ea2be24a83e393ec2cf11e92,fac7de2a794db604c9af8ddaa2bc29895267457c50bd34774c60fd65235a5bff,130e0c0c0d0d0c00,251.20001929012346,19.3086008789053,0.0,0.0,135.22348900214936,
48869,/localhome/local-lintran/MLA2/data/raw/original/images/48869.jpg,1080,1440,0.75,RGB,251997,a588d8eb4da8cdeac1c284fcc658b9c24901d7120bcc1a8db6aec56583d84f44,a588d8eb4da8cdeac1c284fcc658b9c24901d7120bcc1a8db6aec56583d84f44,0997e17b42a974bb1689010734b63d84a1cf665cd4b2ba01826658b68add4a3d,130e3a2e06000400,247.58659529320988,26.43844207030717,2.831928348530616,0.006173727821118404,127.35276201140327,
48891,/localhome/local-lintran/MLA2/data/raw/original/images/48891.jpg,1080,1440,0.75,RGB,239444,b7de6407d3e01eadf3eca398d90c65711820b5b637c76486a805d2cea97dc543,b7de6407d3e01eadf3eca398d90c65711820b5b637c76486a805d2cea97dc543,4a1c30a81d3b5de5546781a9e93c3b846f86c7b7a474a4473abd16698f822327,164e0e8606000400,233.34813786008232,58.2770936665839,15.960300343572579,0.0444845015958251,156.45228612430338,
48899,/localhome/local-lintran/MLA2/data/raw/original/images/48899.jpg,1080,1440,0.75,RGB,143693,7edd3a2f97b1e4de6a07c4fa457a9a57ee95faaffa9573e868e54e7ea1fa4d7e,7edd3a2f97b1e4de6a07c4fa457a9a57ee95faaffa9573e868e54e7ea1fa4d7e,ef0917cd14e447e2363d3428ddaf42eac1fa528d3763f3b44963e4886528912e,12160c0e0e0c0008,252.18650462962964,15.427880138581962,1.8967891020208794,0.0023310030773427783,75.30707910215324,
48915,/localhome/local-lintran/MLA2/data/raw/original/images/48915.jpg,1080,1440,0.75,RGB,177926,839c03bbd3260351de1f806a4a0ec8b3495943b58593087ba536a23d4bb54134,839c03bbd3260351de1f806a4a0ec8b3495943b58593087ba536a23d4bb54134,8228a3e9ab855fef0685b33cef3d81673ab3053e30c759057dc19f8c9736a0f9,160c0e0c0d0d0004,250.27822466563785,20.61199179164314,8.929108729534834,0.007572139832554937,66.12475192092359,
48965,/localhome/local-lintran/MLA2/data/raw/original/images/48965.jpg,1080,1440,0.75,RGB,140194,d7f1b26a70f322e0b48c98e42994b297644273c9751126483c1789c3cd15b2cd,d7f1b26a70f322e0b48c98e42994b297644273c9751126483c1789c3cd15b2cd,9e97833cc6606baf8ca6b4d6c12b9a696a8196d07894c57242744ba98cccb16e,0002001b33070002,244.37635288065843,36.19614584800377,0.0,0.0,30.93401032214886,
48980,/localhome/local-lintran/MLA2/data/raw/original/images/48980.jpg,1080,1440,0.75,RGB,113048,a9e5f92b7bdc50b5730969f9a6ac2b8922949d2a501f12daed20c1ee4fe27740,a9e5f92b7bdc50b5730969f9a6ac2b8922949d2a501f12daed20c1ee4fe27740,8d330133b16834e8bbd0ee16b8f4481fc3b8911895bc5aea3531b1b37b20aaf4,040004061e060c10,250.81822145061727,16.63092504106539,0.1883189096368727,7.773556604674242e-05,30.489933330759232,
48989,/localhome/local-lintran/MLA2/data/raw/original/images/48989.jpg,1080,1440,0.75,RGB,86240,0f02738a168312e8c9ba3043ebab664d91dbf9f322f5c620c7855d5494722781,0f02738a168312e8c9ba3043ebab664d91dbf9f322f5c620c7855d5494722781,fafb2713d256be25ab4914851a6e2175cc71449a7da989ec88f2bdd33028fbbb,00000c1e4e040800,252.65308191872427,11.87849020964902,4.882159624333144,0.0022841573719486782,12.276926393554449,
48991,/localhome/local-lintran/MLA2/data/raw/original/images/48991.jpg,1080,1440,0.75,RGB,174194,062b12ba1da402a38626a3a6e81d6848d7a9da1ab28c696e9c82a1f74bcbdc43,062b12ba1da402a38626a3a6e81d6848d7a9da1ab28c696e9c82a1f74bcbdc43,c6fab80e78c2dd73859999d2b7acbd28a6a927bdcb769fc974fa19bbfd943ba0,04000c0e06041000,249.67825295781893,21.91354095812354,2.219080031022397,0.00372286407404136,75.64497599649923,
49039,/localhome/local-lintran/MLA2/data/raw/original/images/49039.jpg,1080,1440,0.75,RGB,99919,9f3780f9faa74475a3f0badf8523aafa212d04d7e03b0a93a39c4b840e9d54de,9f3780f9faa74475a3f0badf8523aafa212d04d7e03b0a93a39c4b840e9d54de,951623bd1711e89b443761e5f0501097eda5d9ef0da4c1128dcdc3a86795274e,0400040e4e0e0400,251.3756886574074,15.960417598564126,0.0,0.0,28.55933498075859,
49063,/localhome/local-lintran/MLA2/data/raw/original/images/49063.jpg,1080,1440,0.75,RGB,193649,ec626ca96ba4fc71ce1d4c83b6c8fd823d2f5eb0639b74ca0822b02cdbc36f86,ec626ca96ba4fc71ce1d4c83b6c8fd823d2f5eb0639b74ca0822b02cdbc36f86,034075a613607bf669c34b4ce8c45d66de358fdd9a224f2bf9a073e3f0ae9e38,2914172b2b2b3b00,196.69275913065843,86.30098938193156,8.309503548879276,0.053351726356740584,48.49312393013887,
49077,/localhome/local-lintran/MLA2/data/raw/original/images/49077.jpg,1080,1440,0.75,RGB,248344,e7113c6f1ed4979d5c10f291b8327b03bc5b9bd470f44a09847af73f694485a0,e7113c6f1ed4979d5c10f291b8327b03bc5b9bd470f44a09847af73f694485a0,c47ec02e6c518f3c04f5355371e36b5c05cc05bbd163ea0809c87b15c048d017,001733392b0f0c23,176.7345730452675,105.52901119053797,13.496693483843258,0.1516607874109304,143.0480411084083,
49080,/localhome/local-lintran/MLA2/data/raw/original/images/49080.jpg,1080,1440,0.75,RGB,178562,ad3a712d303e31c27565d477ade00adc753b1a5556ed6a2b141d77ce92f31cb4,ad3a712d303e31c27565d477ade00adc753b1a5556ed6a2b141d77ce92f31cb4,ee5b61230fca58c1934c30b0a9a76d5adf48825388fda4a31c6c0c188c1f2ded,0005269696161600,220.75181391460904,75.35334915515368,8.982869684338837,0.020604387596563165,43.22867163468345,
49092,/localhome/local-lintran/MLA2/data/raw/original/images/49092.jpg,1080,1440,0.75,RGB,212339,bd22155ead39458e73e5c7c20ae0a7d74cc84561901128e7f92f028ad1caa599,bd22155ead39458e73e5c7c20ae0a7d74cc84561901128e7f92f028ad1caa599,8f95dfc273e5a8b8094f16bbccc34d9d772b4dab2454d1c87df7cc7e088d6649,042525254d5d5c00,242.7922755915638,51.299162640158734,7.771188239589518,0.012085914755374011,19.445429038444214,
49096,/localhome/local-lintran/MLA2/data/raw/original/images/49096.jpg,1080,1440,0.75,RGB,252071,d970c21128cc7201564062486d0daa2fafee0f3bc3ac6b7db73b9f1330596f9a,d970c21128cc7201564062486d0daa2fafee0f3bc3ac6b7db73b9f1330596f9a,121b6438441acebe988ab6616dcce4cdeb1e849e23f950da40a0a354f2946d71,010c0703230f0d22,223.3367103909465,49.47275666036401,28.498719675721,0.11601141411684536,11.573661145217962,
49102,/localhome/local-lintran/MLA2/data/raw/original/images/49102.jpg,1080,1440,0.75,RGB,237268,b4df6788914edc0b5d4016f761147e0498a093175251b3abb69471ad7313cd1e,b4df6788914edc0b5d4016f761147e0498a093175251b3abb69471ad7313cd1e,5db3188b89196061ebb14f01d86f41ca317f6bf74d5f4389bd3c00e9ea3aadba,200c4d4d4d4d0d00,243.12965020576132,44.268370166550596,6.3641176805686275,0.02014259609134796,36.842282842323385,
49115,/localhome/local-lintran/MLA2/data/raw/original/images/49115.jpg,1080,1440,0.75,RGB,182443,831313441b638778e0bc4cfa07687a1270df457ab2baaf2c1ab4df690635d057,831313441b638778e0bc4cfa07687a1270df457ab2baaf2c1ab4df690635d057,2fa6e467bc3ed08d04ef766f879f35e79e6d70d8646d1de70fe01b7ccd978d38,0005269696161600,218.71481610082304,80.33618587495819,9.847344133545137,0.031054791366860013,49.37624940473892,
49125,/localhome/local-lintran/MLA2/data/raw/original/images/49125.jpg,1080,1440,0.75,RGB,197680,93e352a2429fb8f6412bc9125cc0ade17cbf159b84eabbe8c49b6d2bfb8e8d6b,93e352a2429fb8f6412bc9125cc0ade17cbf159b84eabbe8c49b6d2bfb8e8d6b,9376ccb658e85f33f92c962ff89d180e96d429cd65d4dcb00d35ea55bea45ead,084d4d0f8e8e0800,223.623470936214,73.57840704704182,45.982483780694096,0.1073484529326545,17.667969162258515,
49126,/localhome/local-lintran/MLA2/data/raw/original/images/49126.jpg,1080,1440,0.75,RGB,200430,746f2c6bc39adfaf611c591c22604ca35cb1fc965ac28fecbd4f12ef46b708a4,746f2c6bc39adfaf611c591c22604ca35cb1fc965ac28fecbd4f12ef46b708a4,4b528707d5b8384e1afae713d2224a74466b93283701bc12346c74da9b084c13,084d4d0f96960c00,223.22676826131686,75.94240811518037,13.837251326512808,0.07689530251427865,73.49942790583935,
49129,/localhome/local-lintran/MLA2/data/raw/original/images/49129.jpg,1080,1440,0.75,RGB,134743,70051d3fb3b53a11b9c6dc1ac1c2d074f92b4d589ba266a8df926eb8787f6caa,70051d3fb3b53a11b9c6dc1ac1c2d074f92b4d589ba266a8df926eb8787f6caa,f904c039abaf5e23b1f477525f1b0d610aa2c51b99576234dc5b96cae675a729,001c181696961600,240.54567451131686,43.68950233407447,9.68459783063696,0.025945642764852176,23.660094340836842,
49135,/localhome/local-lintran/MLA2/data/raw/original/images/49135.jpg,1080,1440,0.75,RGB,223191,fe4c16861421c5470a4d6760af935dee86738577c948c5e4969b16dd692cab39,fe4c16861421c5470a4d6760af935dee86738577c948c5e4969b16dd692cab39,da840118066127de83c7714b489fa4ea8fec287e69aca45a487568ff5597a8f8,042525254d5d5d00,243.08951260288066,49.881156479193066,3.9502237025751152,0.013230611435200327,42.80245311916805,
49138,/localhome/local-lintran/MLA2/data/raw/original/images/49138.jpg,1080,1440,0.75,RGB,178066,3b47c00dfb0d6b24c465f78054f7a59efe7bd5d729ac3fa617cbc678e33a8a9d,3b47c00dfb0d6b24c465f78054f7a59efe7bd5d729ac3fa617cbc678e33a8a9d,6f9e6af0923328dbe21365bb47b9f8526a2545367afebab70c633ed6c14293d3,000e060f4c4d0d00,242.67711033950619,30.942578950579172,20.704221779007494,0.039993272713190406,10.987206713257912,
49144,/localhome/local-lintran/MLA2/data/raw/original/images/49144.jpg,1080,1440,0.75,RGB,189698,a4ced19ff3e9299f81aed102a24979d69a4150cc45d7ceead6f16da7206385f5,a4ced19ff3e9299f81aed102a24979d69a4150cc45d7ceead6f16da7206385f5,84708d22a4a5e7f00e88139314d40bfdbd74e0610bbe891e6603da45bedda039,00080c4c4d4d0c00,247.94061921296296,31.85739023006901,8.078494362457311,0.01292699022446148,15.86975687606986,
49150,/localhome/local-lintran/MLA2/data/raw/original/images/49150.jpg,1080,1440,0.75,RGB,93444,fea7522b5e24065251ab95671bec643be9e26ef0819ba327377976db1f172d52,fea7522b5e24065251ab95671bec643be9e26ef0819ba327377976db1f172d52,e403ff03feb392919b9bc40ebf112cd529e5a508f70a8d4dc74553913199e53c,080c0c0c0c0c0c00,251.37093492798354,22.429508916651848,10.90805959389906,0.011973734675301006,16.93591000939547,
49154,/localhome/local-lintran/MLA2/data/raw/original/images/49154.jpg,1080,1440,0.75,RGB,180910,6c5683aaa0a7410c3afd5ad4c7acc2ba47e6bf731cfaee8462c23ef817fb9b43,6c5683aaa0a7410c3afd5ad4c7acc2ba47e6bf731cfaee8462c23ef817fb9b43,784edb08d173eb1221074c4986e9e3ef89da9b15e2b349f4061a05990d23393a,400f274c3b030e00,207.6875552983539,86.39636288209657,11.90108265311356,0.06668336579852784,43.17196545555169,
49160,/localhome/local-lintran/MLA2/data/raw/original/images/49160.jpg,1080,1440,0.75,RGB,197801,98a53a0cfbb94f02e8a8d6ad503f55e1c94a6bbb608fb04cbb41e6c4a640f6a1,98a53a0cfbb94f02e8a8d6ad503f55e1c94a6bbb608fb04cbb41e6c4a640f6a1,54786077381412e4a521a0ad8ba84994bce9ab57a434ae79d1d2c7fc612922ce,000e060e4c4d0d00,242.45889081790122,32.793293053525545,21.107781819432798,0.04149542752344436,12.793182490958467,
49162,/localhome/local-lintran/MLA2/data/raw/original/images/49162.jpg,1080,1440,0.75,RGB,160274,5f4e4a16e1c101561ed75c4f009b0c7ded12693d3f41f3b479aa03e89efe02b7,5f4e4a16e1c101561ed75c4f009b0c7ded12693d3f41f3b479aa03e89efe02b7,15c63d73c8c844ee41047598521e22ac3fae9c640fdd264064c77d23524a203a,000c0c0c0c0c0c00,248.6780369084362,35.192715677515025,2.785793626761321,0.0040969099907141,24.73113891141228,
49222,/localhome/local-lintran/MLA2/data/raw/original/images/49222.jpg,1080,1440,0.75,RGB,235445,3c2b0dc4f748ca2f30176fb5bf0b9784223e28775615c59a8e619a1abf4d06ff,3c2b0dc4f748ca2f30176fb5bf0b9784223e28775615c59a8e619a1abf4d06ff,94b7ad6d4f62f3b3d116a7a24e1a6fe1cc1490ab5ae1312b86c43ff5e48acc86,3e3e36363e3b1797,158.61287037037036,105.96283837629574,12.276693801971456,0.1067240188339021,134.7921135951195,
49325,/localhome/local-lintran/MLA2/data/raw/original/images/49325.jpg,1080,1440,0.75,RGB,241375,b872a5159a800174bccf9c2e457ca6510cb664327a0915b6a834b30dd04a2d70,b872a5159a800174bccf9c2e457ca6510cb664327a0915b6a834b30dd04a2d70,000b446e8cb8e87010b736140c1c6e0d51b38ed1a3c563d73acb1c119f254bc5,0c0c4d4d454d4d0c,246.0508236882716,28.582393442831506,0.9728793296375096,0.0013601246633160712,62.471998918877176,
49468,/localhome/local-lintran/MLA2/data/raw/original/images/49468.jpg,1080,1440,0.75,RGB,238952,9ec7bb7966d5458b40aa7b8a2b2044074bb4b99d15834a6fe62dde0495e8f502,9ec7bb7966d5458b40aa7b8a2b2044074bb4b99d15834a6fe62dde0495e8f502,9e38d61dfbd284a3295afeecad4f414a8aabf36c7e1e8d5e5dc77ad883d529f6,1004511e0f034002,228.3295235339506,65.75862797422329,28.25778772788268,0.06792043638844174,18.07763620216997,
49502,/localhome/local-lintran/MLA2/data/raw/original/images/49502.jpg,1080,1440,0.75,RGB,229597,05d7d8bfdf64846848f1f3a6bb5542d27e9b4c76da3f04ac722002bd41ad9119,05d7d8bfdf64846848f1f3a6bb5542d27e9b4c76da3f04ac722002bd41ad9119,66c9e209c91c05ded25b18d187430f3abe36317968cdef0bd4f1508582252a2f,0804192e0f010001,232.76806005658437,48.34464914662832,36.860281893440614,0.09804326989228572,13.074264772127624,
49543,/localhome/local-lintran/MLA2/data/raw/original/images/49543.jpg,1080,1440,0.75,RGB,217302,eca482c30a1a6db26fea46e4a96bb9a448ade7f237ac0eea35568be5d022c73f,eca482c30a1a6db26fea46e4a96bb9a448ade7f237ac0eea35568be5d022c73f,7e5d5794193a10452e5b1dbf1e1c890912450c58c3cd5e37e4ba645911c5c17a,140a4d9616330700,221.79213991769547,64.62813297998298,46.16783540002477,0.12639719325263726,39.84726308609084,
49571,/localhome/local-lintran/MLA2/data/raw/original/images/49571.jpg,1080,1440,0.75,RGB,183071,ab69ffc9839940fee94ad28186bf038358e6d8313efc86cf7a3c66ba7c6bfb69,ab69ffc9839940fee94ad28186bf038358e6d8313efc86cf7a3c66ba7c6bfb69,c00cccb6f4dd8365f18e6eb5ca4b15ac90c6b74570e5a1a7e5ba727d1146e625,0003000b2b0f0007,232.78492669753086,57.661922215333384,14.622398429786992,0.03733251957294074,26.18427352407429,
49623,/localhome/local-lintran/MLA2/data/raw/original/images/49623.jpg,1080,1440,0.75,RGB,248540,3209060e498329585f5752d962f6cdd9a994ee30d40b89236ceb4c9a36e5dbfd,3209060e498329585f5752d962f6cdd9a994ee30d40b89236ceb4c9a36e5dbfd,b71b81140c64ca15aa6b05d6b7cf8ad11c0fc04b0fa1fe8c70cc3e578b7b8119,100039381b032003,242.5681121399177,37.66359998422051,14.047694605840514,0.031322421323318236,12.512431625416683,
49642,/localhome/local-lintran/MLA2/data/raw/original/images/49642.jpg,1080,1440,0.75,RGB,238810,7a8bf0f02788fed9671d1e7094592f7d9cf8f3f9f626e829630c4310fa80fb4c,7a8bf0f02788fed9671d1e7094592f7d9cf8f3f9f626e829630c4310fa80fb4c,70e937d9e90733012f6094a1abec5ee3fdbe3524e53671e4fe3a902097df7e79,4d4e1f9b9b9e1f0e,220.10118184156377,60.53099416005395,32.62684337522083,0.11490602575110763,23.219685444740467,
49650,/localhome/local-lintran/MLA2/data/raw/original/images/49650.jpg,1080,1440,0.75,RGB,279050,91509caf8bbb214a88b7f640ee02a17af06acb766dabdeff6027bf51148ae70b,91509caf8bbb214a88b7f640ee02a17af06acb766dabdeff6027bf51148ae70b,b1a3164c6a8d5bacda84e053236d7b98403af911c68880fc1f007203680d54ea,4d8d165915168f4d,222.66616448045266,54.68314785116856,54.04966424125896,0.16289021607359866,47.643842748111254,
49651,/localhome/local-lintran/MLA2/data/raw/original/images/49651.jpg,1080,1440,0.75,RGB,185435,9d8dd7cb1bd07455df209e3920939b22a51325faa238522ac5109ab22dba9b29,9d8dd7cb1bd07455df209e3920939b22a51325faa238522ac5109ab22dba9b29,6f1fae57dd5de56e04e33013768e9c58f78786018ef213646f3ecac3c4d1ccf8,0646961e0e161e9e,189.7931288580247,83.70600855475111,58.627680420809895,0.22413296655118517,17.660327297064235,
49688,/localhome/local-lintran/MLA2/data/raw/original/images/49688.jpg,1080,1440,0.75,RGB,196789,daf6952956b8bdf63ad29a5845a06e5b532cf21f7c30870bdc51be01aa6af3bb,daf6952956b8bdf63ad29a5845a06e5b532cf21f7c30870bdc51be01aa6af3bb,ec16e042ae95c22216454b0e0997bd3a89d1247646f1dfe58b0f4480ad27b4d6,180c2d0d2d0d4d0d,240.0036188271605,50.38926821359505,11.72791983128901,0.034733992181501736,49.810907757056256,
49689,/localhome/local-lintran/MLA2/data/raw/original/images/49689.jpg,1080,1440,0.75,RGB,294124,b1aa2c2eedb0021d20fc52d9a10d2630cc729aa7f318b4087ec3212f59e577d6,b1aa2c2eedb0021d20fc52d9a10d2630cc729aa7f318b4087ec3212f59e577d6,dec41040a11eea0567f0abbce35319394bda7eb57e3524b4611b895f024d8627,180c0d0d0d4d4d0d,239.1586612654321,50.29726735215961,32.978351326354385,0.0554554433957935,30.492889686860497,
49731,/localhome/local-lintran/MLA2/data/raw/original/images/49731.jpg,1080,1440,0.75,RGB,199197,cc9d5f8c0e0bfac24df4248a2fccf404c2719a34771e46306845c14efc6d2896,cc9d5f8c0e0bfac24df4248a2fccf404c2719a34771e46306845c14efc6d2896,a5db11e69e101dc5b95e002d8af29739408f4a811d4d4bf965b235dd4d6b500f,580d2d2d2d0d4d0d,237.24498906893004,57.367851581645965,7.0315019769522635,0.025638045850748713,33.5024305957759,
49734,/localhome/local-lintran/MLA2/data/raw/original/images/49734.jpg,1080,1440,0.75,RGB,224587,07902251467df4304fa8336611b49faaae7a7a50ff7a3f1367568dc89b0a0aad,07902251467df4304fa8336611b49faaae7a7a50ff7a3f1367568dc89b0a0aad,26c1f3c073c9f8c75cbfa673ba36065eef5154ea2f97d230db4abc6d27cff703,4a4c0d0d4d4d4d0d,239.01485596707818,50.774949526955226,13.234011432793313,0.03665225942614946,11.799757390890253,
49742,/localhome/local-lintran/MLA2/data/raw/original/images/49742.jpg,1080,1440,0.75,RGB,197934,c8eae9df30dbd8bcd64e2591089e8149da82d7d7799253ae8d346876e73e6a09,c8eae9df30dbd8bcd64e2591089e8149da82d7d7799253ae8d346876e73e6a09,0a02dae6292fa1a185e83e7f4484d2049c74d13a096a4ec99dadd5e0e6c978b8,580c0c0c0d0d0d0c,243.97181584362139,38.27881632796659,20.931754898292347,0.04041153647698345,9.193264862221193,
49772,/localhome/local-lintran/MLA2/data/raw/original/images/49772.jpg,1080,1440,0.75,RGB,272147,e2a5bd59229e1792e070090f91d9dd3de68382f688ca67057fd35ee6cdb1c61b,e2a5bd59229e1792e070090f91d9dd3de68382f688ca67057fd35ee6cdb1c61b,e1f9e976dbe520d4768c5d1fb56df322cec28c89be8074556f834cff292a6411,4d4d96b63ebe969c,226.94189429012346,54.14634408185084,41.82159917616825,0.08983741109800267,26.6972592249379,
49775,/localhome/local-lintran/MLA2/data/raw/original/images/49775.jpg,1080,1440,0.75,RGB,214036,909ffa44c947be5112fc7b77c596c20d778a3f55cc37b0fc131d9eb378a2af67,909ffa44c947be5112fc7b77c596c20d778a3f55cc37b0fc131d9eb378a2af67,d875e64697888a2b56c00adf7cc0e820c606ba58506a66ae89d4cf7801a143c2,0f4d969d1d1e869e,183.47934284979425,96.43057826817174,33.13332290478481,0.21586403745652388,22.05227100145437,
49784,/localhome/local-lintran/MLA2/data/raw/original/images/49784.jpg,1080,1440,0.75,RGB,302011,5bbddb5928fb1a885d5701f2e3eb1af1ea4f45b477ffb056c490892c2ba2aa48,5bbddb5928fb1a885d5701f2e3eb1af1ea4f45b477ffb056c490892c2ba2aa48,1b47a2f69887f81b95ba77622286b0d179df5a45c06f4b3a435ade61330f64bf,4d1616b28e32261d,228.99420910493828,51.54448749383945,30.41510492241392,0.08255724947328623,49.419101767121,
49824,/localhome/local-lintran/MLA2/data/raw/original/images/49824.jpg,1080,1440,0.75,RGB,177571,28cc684f10d0d29fbd8220eab2b3f7a7a5dd263aaae80b018a328d7c099cdc9e,28cc684f10d0d29fbd8220eab2b3f7a7a5dd263aaae80b018a328d7c099cdc9e,89b4c046ecef5d85264b7e861cc443ed3786025e3f47ff380623eadc9537aa86,003001302f072001,243.0560931069959,36.5893130172128,38.68758087926747,0.053376790574021615,10.761737261412925,
49829,/localhome/local-lintran/MLA2/data/raw/original/images/49829.jpg,1080,1440,0.75,RGB,236669,b59ebe163d0a884e2dbb661247886c6e4fd6b3c9edefc06434633f6fb11e1213,b59ebe163d0a884e2dbb661247886c6e4fd6b3c9edefc06434633f6fb11e1213,0cad8be3e1f35f37ef3b8e9f74f6bf5fd0000658bbc51052574d740ab5656ec6,0034013407036003,236.77372685185185,53.84043448796985,1.8729583933357683,0.007922359375857573,30.00074391546649,
49843,/localhome/local-lintran/MLA2/data/raw/original/images/49843.jpg,1080,1440,0.75,RGB,92068,f5508d1860bcaf1ba4c275e19d037db08d662b0895bda87b029497029301ff06,f5508d1860bcaf1ba4c275e19d037db08d662b0895bda87b029497029301ff06,c5b79b51b5773163ce654654598e27fd9bf36c45b506e7b3a871d94dfe5081c8,0200163b3b370029,236.92568930041153,31.390621859539014,19.139266971077355,0.060197993323642174,11.859416708495823,
49846,/localhome/local-lintran/MLA2/data/raw/original/images/49846.jpg,1080,1440,0.75,RGB,233681,07ce4ef6b99fa74c032d3a04f77b961d7b12ef4630a623d171eb46dbd308e962,07ce4ef6b99fa74c032d3a04f77b961d7b12ef4630a623d171eb46dbd308e962,cfc61d7563b32190400d36756b080311ca28a9fa4454775e2cc9c24853635323,0d9697372f13964e,169.28636702674896,100.77405818249042,2.1027244925728326,0.005065359374740299,125.56823879943884,
49848,/localhome/local-lintran/MLA2/data/raw/original/images/49848.jpg,1080,1440,0.75,RGB,194706,4fd97641054ed45a4427ac372ee0e01a8caf1d789693fcdd30b6d39f0de75f80,4fd97641054ed45a4427ac372ee0e01a8caf1d789693fcdd30b6d39f0de75f80,7e814b80b8a8f718f3218a80f5323d1fdeef75295e2292b715f5de35a2f1be60,0c0d0e0f2b8e0e0c,235.6681790123457,33.83990943323336,4.088217682440833,0.014846754424439751,80.46051456298184,
49870,/localhome/local-lintran/MLA2/data/raw/original/images/49870.jpg,1080,1440,0.75,RGB,256428,15d391e8bb755fd234dc83ed94ae3235e3588c55da6aee30119ff87e15fbfe78,15d391e8bb755fd234dc83ed94ae3235e3588c55da6aee30119ff87e15fbfe78,d07e1d2cd6f0dc26e5a333bacea30d3b420a96996e8ebfb66265807fe098bfed,484a481f0f484c4a,246.5705452674897,30.73524101228656,0.5667567514112106,0.0015000167730842412,64.71893831164653,
49876,/localhome/local-lintran/MLA2/data/raw/original/images/49876.jpg,1080,1440,0.75,RGB,246453,4b1957b2dbd3f31300eb0318edc247f334793018b3c404b03eed6516d6e21ba4,4b1957b2dbd3f31300eb0318edc247f334793018b3c404b03eed6516d6e21ba4,e7f137a1fc897c22048dca59dbb354da636d66ba219382edf755cefc17d31d04,484c4d16164d4d4c,244.01863361625513,35.76711834588856,0.2964981668397161,0.0004812253344016701,101.48867330784972,
49893,/localhome/local-lintran/MLA2/data/raw/original/images/49893.jpg,1080,1440,0.75,RGB,218501,b3f7d80091b867b28c6501682c49d4bb1a53e6a9a7f160ac0ffabb0c77eadd46,b3f7d80091b867b28c6501682c49d4bb1a53e6a9a7f160ac0ffabb0c77eadd46,34b1aecc595acd01d341fc77c8b49e8b437ad3ed7b9cfb5d306485f6228c05b6,0c0c0d9e9e0d4d4d,237.70847672325104,35.53373018153736,60.946860692729665,0.1554204214067528,32.69506930769528,
49904,/localhome/local-lintran/MLA2/data/raw/original/images/49904.jpg,1080,1440,0.75,RGB,242351,7e6a2dada00b8dc4df43cd62fa024f0f399e29bf790c69754479cffdbbf3eec8,7e6a2dada00b8dc4df43cd62fa024f0f399e29bf790c69754479cffdbbf3eec8,5b791465f59672375aa2ae7f4faccf078713d33ba9ccd5e8a1ebebe87771cbbc,0c0c8c869e0d4d4d,233.46177662037036,44.90643079654374,54.09185434524494,0.13729187252218414,52.786973757030516,
49951,/localhome/local-lintran/MLA2/data/raw/original/images/49951.jpg,1080,1440,0.75,RGB,151647,764806d670e44438c145ec2d153f85380e91d265c4f04d951c8a3f4a405c40ae,764806d670e44438c145ec2d153f85380e91d265c4f04d951c8a3f4a405c40ae,cd4746de1d65befacb39ad11aa31aa4339eba887acc14848a867c020504d41f9,0f9e969696964d4f,177.89015625,103.50616764373002,14.770071274742822,0.061230744488977334,39.444352742062115,
49954,/localhome/local-lintran/MLA2/data/raw/original/images/49954.jpg,1080,1440,0.75,RGB,295181,e1e56f9c163a4db2f84bf2e6c3cb1f0419a1076ee300eb64a4796bdca69e7d9f,e1e56f9c163a4db2f84bf2e6c3cb1f0419a1076ee300eb64a4796bdca69e7d9f,bdc530f40580a065ee16c6f3dd092c6bca11ca5e8ad24ea8b349a016fb81ea2b,8f87969696959d0d,175.0108989197531,108.63063325445998,12.122776513666336,0.06289639876572241,40.91911045471511,
49955,/localhome/local-lintran/MLA2/data/raw/original/images/49955.jpg,1080,1440,0.75,RGB,253819,d0ac340f1c1d9c795e466fac86a4be5d6e31240d80f2b9f066dc944505b0caad,d0ac340f1c1d9c795e466fac86a4be5d6e31240d80f2b9f066dc944505b0caad,aa7fb552e0f8559a9f78417f1a5a4d91c2b9eb4cf217f277b0ae394e82243023,0f8f9e86868d8d2d,219.4269425154321,51.91095320156727,14.891475115185402,0.03694214057877584,33.62891263497947,
49970,/localhome/local-lintran/MLA2/data/raw/original/images/49970.jpg,1080,1440,0.75,RGB,178594,7021b6c033a18e48322bd9a703c87346e07f02f4ed360fd83f2e051ec91ca7b6,7021b6c033a18e48322bd9a703c87346e07f02f4ed360fd83f2e051ec91ca7b6,5676b3f57355d1afdc6399086ae2ef52ba84d229fdb92308d95131dad04a1bc8,4d4d0f1f1f1e1e1e,184.36718621399177,94.65970701331155,27.104512605432213,0.11235706239622056,22.872468692484908,
49975,/localhome/local-lintran/MLA2/data/raw/original/images/49975.jpg,1080,1440,0.75,RGB,207192,000052de659192080a65cef624d2dc8316191c1d607bb1bfaa5f435f0cce7f56,000052de659192080a65cef624d2dc8316191c1d607bb1bfaa5f435f0cce7f56,6b6937d07c7895c809dc2d17bd2ba4a2924173448ad80553be97d77882a2f008,0d4d8e123b1b9696,203.1976768261317,76.03014387500049,25.038183752672747,0.0804796332219793,21.386851165424662,
49982,/localhome/local-lintran/MLA2/data/raw/original/images/49982.jpg,1080,1440,0.75,RGB,283160,aa153345ef8fd21cf2e902e18c20fb76e298417b0899607b81fb8412db3d364a,aa153345ef8fd21cf2e902e18c20fb76e298417b0899607b81fb8412db3d364a,e8fa6b5d584926dd2c1cbacb92e956d68baa7b5f8d1b616ca6762ae0de5f9a97,5300737b0f0c2208,234.32323366769546,50.34585483263118,7.799567800192352,0.02341986318458148,18.892598169813507,
50010,/localhome/local-lintran/MLA2/data/raw/original/images/50010.jpg,1080,1440,0.75,RGB,606871,fa4e38536f72733cb87518ba2bc292f37f4783067ea3d88c3eb6a20252d2aac3,fa4e38536f72733cb87518ba2bc292f37f4783067ea3d88c3eb6a20252d2aac3,878dad84fed054730e7ca33ca0cfd8b2617bfd60607b65de9466c85dc3bfe457,8d9616174b433333,192.7414949845679,56.01301472238137,39.699870051003394,0.17756240226942113,24.254829980565532,
50012,/localhome/local-lintran/MLA2/data/raw/original/images/50012.jpg,1080,1440,0.75,RGB,300954,101a1099be2a3e311789b1823bde7ee07a39d351878ce19e0dcea5cc32c89b3f,101a1099be2a3e311789b1823bde7ee07a39d351878ce19e0dcea5cc32c89b3f,7fac1fb29f657ccb558d43f6e91753fcedfcb5d1c5696c9fb4c65285c9ac466e,9d3d3c2725263676,168.1231500771605,93.6532143231918,40.424118157916155,0.22018563316944356,22.68632637038753,
50024,/localhome/local-lintran/MLA2/data/raw/original/images/50024.jpg,1080,1440,0.75,RGB,240204,1772ecd9deb3f543bcfff31d6cf79d0df4d43d4ce3f4f2b00549398a583678bf,1772ecd9deb3f543bcfff31d6cf79d0df4d43d4ce3f4f2b00549398a583678bf,b733d9df5b6f55f320242a65059782fd8d1068b67d20b81cee7c2be32d47def4,b38e86464e4d494c,210.99983539094652,82.48160180326626,21.786780692434533,0.041189600203410545,19.69517195001094,
50041,/localhome/local-lintran/MLA2/data/raw/original/images/50041.jpg,1080,1440,0.75,RGB,250005,6e8be4240d91f43c7967364816fc33f797607eb89baa313229b3e043de8a7276,6e8be4240d91f43c7967364816fc33f797607eb89baa313229b3e043de8a7276,e88d171ca5f9494555a984b858b245a3d8b9f4bf1a1dc8fd6f7a8e8d414b31ff,4e93333323372713,168.46907728909466,83.95166646666881,27.53885388368762,0.1777963879719622,34.75315842310514,
50043,/localhome/local-lintran/MLA2/data/raw/original/images/50043.jpg,1080,1440,0.75,RGB,244129,9aa90cd8de719c5582a8a62d4fd741e75e729ea51eb327017c0323180a29002c,9aa90cd8de719c5582a8a62d4fd741e75e729ea51eb327017c0323180a29002c,273caa20eaf00ab13c318c57fc90797f0329ab1ae236134c71740b123bd8af39,074b135333971613,170.0163052983539,88.32557672723668,33.59808691496526,0.2185934539880122,27.656714544963126,
50051,/localhome/local-lintran/MLA2/data/raw/original/images/50051.jpg,1080,1440,0.75,RGB,292440,1ac3d1eaf4fce9f2a4cf7b82ae3a38fd0be9c9887a5295eaf494cabd64eec247,1ac3d1eaf4fce9f2a4cf7b82ae3a38fd0be9c9887a5295eaf494cabd64eec247,3ca9ee1b649c2f68f81104dba2cf6e10a38dbe0e2e65343b6d0e53093d52df10,9a184e074f0f9696,186.42444573045267,93.44545182461623,24.149314092536393,0.08399566819877372,17.647459683128048,
50162,/localhome/local-lintran/MLA2/data/raw/original/images/50162.jpg,1080,1440,0.75,RGB,265494,61c4883f36eb582338c557a44398f0593011e197ad134f35da8d1e1a52c42fdc,61c4883f36eb582338c557a44398f0593011e197ad134f35da8d1e1a52c42fdc,c39615e5fb49df28725fc8eab229356ae0c9ae8f32112368ea62a4052752b085,3002303e17072009,240.90180298353908,37.387634067467154,19.107959339096617,0.04632253227965532,21.480339652753646,
50180,/localhome/local-lintran/MLA2/data/raw/original/images/50180.jpg,1080,1440,0.75,RGB,279854,83d661349b7eade8c6aba2ece206c722ba1d96db838265288b08f772b16b3a05,83d661349b7eade8c6aba2ece206c722ba1d96db838265288b08f772b16b3a05,049dca78e03b7a7affa11812eac7bb6ef9ece705459e31f215e871e025013ea1,0a0c171717172f00,213.3272299382716,67.61995310683363,77.22752899900549,0.1752453997519278,25.59380284953087,
50201,/localhome/local-lintran/MLA2/data/raw/original/images/50201.jpg,1080,1440,0.75,RGB,184956,1872ced5ef565d76d8216c22fb9310ef237ab1c9eb0c90f4a73d851c4b90f61a,1872ced5ef565d76d8216c22fb9310ef237ab1c9eb0c90f4a73d851c4b90f61a,0d4f972d42580652b0c100a086240a3d22327b32967e0fc961939bb76fe9bb52,00011061030f0009,246.1833532664609,33.75500987462843,4.070729979003753,0.0069404218080529444,12.88632637038753,
50206,/localhome/local-lintran/MLA2/data/raw/original/images/50206.jpg,1080,1440,0.75,RGB,203007,2de89f7ba4891a9c531ee82370ff114810570634060e64701eaa5fddac14a13f,2de89f7ba4891a9c531ee82370ff114810570634060e64701eaa5fddac14a13f,cfdd3d69e9adedb4468600a156267cc28c234d0661b8a6f731f74bc506b82f4e,000900210d0c2004,247.56798932613168,28.009726928441363,11.023168429000991,0.014607260236548878,8.575318223354827,
50225,/localhome/local-lintran/MLA2/data/raw/original/images/50225.jpg,1080,1440,0.75,RGB,195118,8c014f5a75c46aa5fb19ca114369878b8276fe4a1a74131464b797f074b6ce59,8c014f5a75c46aa5fb19ca114369878b8276fe4a1a74131464b797f074b6ce59,9a08493b03415a1bdd874dcca3037a07e7180ae5a6eee07fa3710dee63c37453,0700070f2b330021,222.60181841563787,59.96527358648852,44.85886321216272,0.15236641756796615,40.2981704570318,
50227,/localhome/local-lintran/MLA2/data/raw/original/images/50227.jpg,1080,1440,0.75,RGB,243125,9ae5baa418685f09a5367334410023ba9c12e604e84adb493940a861db7100c6,9ae5baa418685f09a5367334410023ba9c12e604e84adb493940a861db7100c6,0225b3d959f971995699ca90c4c9b7fc4bbdb436514fe7533d634f4e89dc8ec9,0029000f2b330023,220.45286972736625,76.78240956028596,0.0,0.0,29.965053991788615,
50325,/localhome/local-lintran/MLA2/data/raw/original/images/50325.jpg,1080,1440,0.75,RGB,194287,f46f91496906fa6284b3163cdfc3a8f7b39be2478790dcd73e00c394a0652def,f46f91496906fa6284b3163cdfc3a8f7b39be2478790dcd73e00c394a0652def,81dcf5b95e0ca05b06d3c711b200bb69e9b3e6440a039cad98516b3f54f0edd1,4d1d96969e8e960e,192.39588863168726,91.21644332289746,24.4922949538125,0.12518587495240452,47.741991968801884,
50336,/localhome/local-lintran/MLA2/data/raw/original/images/50336.jpg,1080,1440,0.75,RGB,232428,22fd8be55e51fe09894719085b2e5939c69cc7876faf7adcea4c088e3b8ca0e3,22fd8be55e51fe09894719085b2e5939c69cc7876faf7adcea4c088e3b8ca0e3,3beac1f9d4af206826f7ba16e432ae4fe7998d52e8e16c43e3f0776c2496b02d,4d4d9e96961e9695,210.15895511831275,66.88331486606384,37.4717543483765,0.11000329669746711,129.655802347581,
50354,/localhome/local-lintran/MLA2/data/raw/original/images/50354.jpg,1080,1440,0.75,RGB,202688,2913fc76b7188ebf68af1b0f385dc6a3c4ece424cfb10bd1fc1e5619a741da62,2913fc76b7188ebf68af1b0f385dc6a3c4ece424cfb10bd1fc1e5619a741da62,c0c4af45d116ef014e5ab17ead7c2b923c0c06d714a2de50c899ec7ef5897d9c,4d1d16461e9d9e0e,200.1947800925926,80.26020024475828,34.93706238680344,0.13564377215456924,64.99190670167445,
50377,/localhome/local-lintran/MLA2/data/raw/original/images/50377.jpg,1080,1440,0.75,RGB,198540,8775b6fdab2c06834a461a4064f3e40e1582b8b5a51bd91d3e5ca7173c522df5,8775b6fdab2c06834a461a4064f3e40e1582b8b5a51bd91d3e5ca7173c522df5,7ea2515ba1a706e4a56b896b061ac8947e145827eea488bc9e3427879493e450,003a394e07034009,211.46595679012347,76.43962221688884,16.57104873625441,0.05072279180353956,35.26445937423581,
50386,/localhome/local-lintran/MLA2/data/raw/original/images/50386.jpg,1080,1440,0.75,RGB,278580,77dc41887d98305861b7217a459c8a9158a96338f642428e60feb32b24b81feb,77dc41887d98305861b7217a459c8a9158a96338f642428e60feb32b24b81feb,af2a15951249b9fdd61008a7d7e1623397dc1eea4d44482b54d6889ca7209510,4a4d5696064e080a,228.37080568415638,61.003954367641185,28.319924359081444,0.09387259785985695,63.272264694904564,
50439,/localhome/local-lintran/MLA2/data/raw/original/images/50439.jpg,1080,1440,0.75,RGB,302096,c46f712ef01ad6ad90997688cc9711267d342c9115ff72758ccd1dd550298f27,c46f712ef01ad6ad90997688cc9711267d342c9115ff72758ccd1dd550298f27,cfdaaae50a13a2cd69a67e565a53fede291a097e7f867ad436c988e9baedc41a,adb9bd3d3e0c2c27,182.1474864969136,56.073961860531256,41.34030062867588,0.2533969834036645,33.41712710915479,
50480,/localhome/local-lintran/MLA2/data/raw/original/images/50480.jpg,1080,1440,0.75,RGB,157992,dc96752cb5551fc9ee61bedd55b3263e76914a9882f6118ab0495650f0ed37c8,dc96752cb5551fc9ee61bedd55b3263e76914a9882f6118ab0495650f0ed37c8,324e82be33d721d86c79719482fa0737bfdd1644b452db65c06a143beb88e23e,6973759c969e4d37,179.88248971193417,44.80136128763503,38.182870785219855,0.261336897153314,24.237511422577448,
50569,/localhome/local-lintran/MLA2/data/raw/original/images/50569.jpg,1080,1440,0.75,RGB,253714,2b9cb2f27c526a646aea46b988d90417c384fdc946b2611830a1d703db903660,2b9cb2f27c526a646aea46b988d90417c384fdc946b2611830a1d703db903660,78def1847c4bf11cc31a60f404ab795ab4c6fadd3c688ac4ef517b563330910e,020126273965191b,157.43250707304526,113.00372796712587,8.865632377250915,0.2107159072674929,22.018040593587912,
50594,/localhome/local-lintran/MLA2/data/raw/original/images/50594.jpg,1080,1440,0.75,RGB,209216,b934252faa8b1b69d666f8b59c35b9f5583943eb581e5f3160f6c321266bbce3,b934252faa8b1b69d666f8b59c35b9f5583943eb581e5f3160f6c321266bbce3,09b853a9bbc8077ddf5e43a1a1119e2b92cf942c00aa8cd69db52b18707c3d5e,6b995d3d1f0d2537,179.87871463477367,59.78030687346713,39.78266667026564,0.23870180509597708,41.12964721932636,
50628,/localhome/local-lintran/MLA2/data/raw/original/images/50628.jpg,1080,1440,0.75,RGB,182879,31c1c3021bef80196183df863fa78ed47382833b67b2bed0c05f893694bd2066,31c1c3021bef80196183df863fa78ed47382833b67b2bed0c05f893694bd2066,a9f60b2f5f98d43b8c4113040c0c558082d20b9ee7762b24cf28b8940c66b99f,35315d5d75752736,185.68157021604938,58.30419574626499,43.43387589926566,0.25230580938933034,28.81081380233471,
50665,/localhome/local-lintran/MLA2/data/raw/original/images/50665.jpg,1080,1440,0.75,RGB,285803,65ed3bf34fb7fc063e8d7ddebc37ef1315d239b746cd456afbabfa68ee87ef7a,65ed3bf34fb7fc063e8d7ddebc37ef1315d239b746cd456afbabfa68ee87ef7a,42a97961f3126157a1dca9945dc57610d1a35194fd3f30a89305a2d5d9513ea7,399f969696150d96,203.794793595679,80.85577218959611,23.092996846490813,0.09723336361333287,51.97368881681403,
50701,/localhome/local-lintran/MLA2/data/raw/original/images/50701.jpg,1080,1440,0.75,RGB,293716,923d1a9827953d481b60fceab08799fa00bfb31c611dca856f4b6e4506dbd534,923d1a9827953d481b60fceab08799fa00bfb31c611dca856f4b6e4506dbd534,2df3f3302de54811d4bc1e5259ab389a2ae5066afc37d9b2c2ca88af6ae006a5,0d0d9e1b2b278686,196.72543402777777,82.80841606110155,58.18727216163404,0.22002716887085458,27.965124457829774,
50727,/localhome/local-lintran/MLA2/data/raw/original/images/50727.jpg,1080,1440,0.75,RGB,295647,32ee8d4650429d298fe6947a4d8bbd6b3257d03a7290fffe4191e6532cf59ead,32ee8d4650429d298fe6947a4d8bbd6b3257d03a7290fffe4191e6532cf59ead,eeab7292b46f8de0b2c2f2bf42dc1f4c6f3085a9549add028f3e91b9b02d8ccf,2804697c7f030009,225.53601916152263,59.71853859394884,17.485312737165273,0.0615991408472803,15.118177020991801,
50741,/localhome/local-lintran/MLA2/data/raw/original/images/50741.jpg,1080,1440,0.75,RGB,162065,a7e304fda7dd553f7fea1597551b8d81396b41eb15acd4ba4f1b6cf10797eb29,a7e304fda7dd553f7fea1597551b8d81396b41eb15acd4ba4f1b6cf10797eb29,8e516b2b0d9b74a3bfc7d1a29e9ef9e2433c9f1b6caa202af71fd04aab977c9d,0804591c0d0f0005,215.8487461419753,76.71334584615906,7.041487348306289,0.007273156765940475,46.431319098549494,
50752,/localhome/local-lintran/MLA2/data/raw/original/images/50752.jpg,1080,1440,0.75,RGB,159828,e56d4397c93584afbd62f2f7c50a7517c54ad40f08f9ab3072fbe3e0ab54f5a6,e56d4397c93584afbd62f2f7c50a7517c54ad40f08f9ab3072fbe3e0ab54f5a6,504421109f5f697c8e1a50bf65d20994cf61d77c3e5d10240baf69085251c0b7,0804293c0f0f000b,216.2287924382716,78.9978827932136,9.020625816381678,0.018744644605109387,39.065813351866865,
50759,/localhome/local-lintran/MLA2/data/raw/original/images/50759.jpg,1080,1440,0.75,RGB,241337,f919913f3af66c489b6deb92bd1439105b4048926d42ce57c3908a3f23a79a35,f919913f3af66c489b6deb92bd1439105b4048926d42ce57c3908a3f23a79a35,bc740dcc757dd8d68c8db9de8997fe2f08239a8e0e4eee3216afe5432dddb91a,0884096c17034009,223.4434580761317,67.26003950431456,16.06463548097714,0.05443053102603422,20.735052189917244,
50761,/localhome/local-lintran/MLA2/data/raw/original/images/50761.jpg,1080,1440,0.75,RGB,225307,51083f2362b1308d7fd8131736b89ee7b23ed095d7d630aa9ca8e2bfbd4eeea1,51083f2362b1308d7fd8131736b89ee7b23ed095d7d630aa9ca8e2bfbd4eeea1,835d61dadfeabc47a6afb778926888c45d9f7d04d4bdfb9517a33392db3ce987,2886392e1f074001,223.06695473251028,67.07331577367033,19.340251241777036,0.06947867527318459,19.731780506325855,
50835,/localhome/local-lintran/MLA2/data/raw/original/images/50835.jpg,1080,1440,0.75,RGB,294253,89cc5386f91a20dcfce0f5d85e687a9f9fd0b740d022574b0f96e41fcd902a79,89cc5386f91a20dcfce0f5d85e687a9f9fd0b740d022574b0f96e41fcd902a79,8d44229e5180a83ab72c81f4c2420bc4dd502e137a8e70b1086161dc5ae36106,00610c332b0f0007,230.51154899691358,58.08899687308684,15.07983750992103,0.03920382903749311,25.593291890291773,
50889,/localhome/local-lintran/MLA2/data/raw/original/images/50889.jpg,1080,1440,0.75,RGB,286862,a0f462783e19d92e048e543000ed06e70a74ec9b9829bae2b2c3284b3ecd0d97,a0f462783e19d92e048e543000ed06e70a74ec9b9829bae2b2c3284b3ecd0d97,5a18d458f51b37ae2f930a698c25dd37ee2f873d9d7b5dde3704412e8e68a9ed,090e4f870e4e0e8e,200.5127282664609,85.68066023826917,36.58637127194975,0.1714632588838612,40.23406502181552,
50898,/localhome/local-lintran/MLA2/data/raw/original/images/50898.jpg,1080,1440,0.75,RGB,238458,3d2c1e74b169594db7fe34d3cde73837abac29480c835d51136d2170567f171e,3d2c1e74b169594db7fe34d3cde73837abac29480c835d51136d2170567f171e,1a797b905e3bf0004f5c0d0e9a78c0f0c781ee57bd8c9a6baa42a08ba86491ff,4a9d9e8e8e868e87,212.26855902777777,71.45782007622059,44.93946034323513,0.17732376245962242,187.2367771599933,
50899,/localhome/local-lintran/MLA2/data/raw/original/images/50899.jpg,1080,1440,0.75,RGB,222278,a60da8479827b980a1abf86e5b8e233d325802f3a232f98bcff5f6ffc9dc5489,a60da8479827b980a1abf86e5b8e233d325802f3a232f98bcff5f6ffc9dc5489,33bb9d20b3c55bf83c58c1227bcebfc80c545ff76bb41555fc20b7a841196dd8,4a9d1e8e8e868e87,214.26640432098765,70.61457487740304,37.845766799794944,0.16502096557398077,190.64279347979974,
50905,/localhome/local-lintran/MLA2/data/raw/original/images/50905.jpg,1080,1440,0.75,RGB,258692,60b89f9b80dfc165885504692c3ee1de7fb6ddbf16a53fc266f02b5a55e04e2a,60b89f9b80dfc165885504692c3ee1de7fb6ddbf16a53fc266f02b5a55e04e2a,0fc7f4ea8722236e6361642ac22b8070f0c87b0cc01bb4414921950027634228,4d0c078b4b434b0f,188.12287358539095,92.74893517462876,42.2546390562557,0.2273994797696131,56.76916805024647,
50921,/localhome/local-lintran/MLA2/data/raw/original/images/50921.jpg,1080,1440,0.75,RGB,268413,7b523432ca8faba8cdb0c5f4bb272922e0564e70c0ce2caefbfa1fe6e64fc0c5,7b523432ca8faba8cdb0c5f4bb272922e0564e70c0ce2caefbfa1fe6e64fc0c5,e377a2457cf7393617ef0d78c82d7b56c577a3f447a9a420de27e55282d0ee1c,69795d4cd25a4d37,195.04078896604938,44.46010596128217,39.81697201761633,0.24389500718881743,14.734803145552595,
50936,/localhome/local-lintran/MLA2/data/raw/original/images/50936.jpg,1080,1440,0.75,RGB,170489,5415bbd9c2a6c6720dde477d40ffe8b2a1d615406d10cca1d4820e72c4120260,5415bbd9c2a6c6720dde477d40ffe8b2a1d615406d10cca1d4820e72c4120260,29e21f32d32d125b5d015a00cf76b1bccaed24cd8592623d9c8223af3d6f11da,264e961657171797,184.42240354938272,93.72834767044382,23.784070683534523,0.06974020621212353,27.66823075537022,
50982,/localhome/local-lintran/MLA2/data/raw/original/images/50982.jpg,1080,1440,0.75,RGB,206175,503f3f1f2ce5b288c014a8e271f05b1d08316b17fe7feabe1381912bf32eb817,503f3f1f2ce5b288c014a8e271f05b1d08316b17fe7feabe1381912bf32eb817,1a8e5d2fc3d9fbd7948bde13d7d68e9eafd01334ee8131f44e05775259b47394,6d4e4e4e4d4d4e4c,217.7594290123457,73.3081809494576,31.90850984015535,0.12318746835243934,14.43313384043142,
50995,/localhome/local-lintran/MLA2/data/raw/original/images/50995.jpg,1080,1440,0.75,RGB,596795,ee130d6ae63c69bc3bc48b26c69f1b4df2c612e37e10d99a22240aec745955dd,ee130d6ae63c69bc3bc48b26c69f1b4df2c612e37e10d99a22240aec745955dd,759bdbe859ecd258d9767fd60024b4da54f69f28dfffb3617301ec3297253c57,1d26361779e9f171,192.61705504115227,60.45085493324763,28.063801014790673,0.16712063286995446,31.896865387337993,
51001,/localhome/local-lintran/MLA2/data/raw/original/images/51001.jpg,1080,1440,0.75,RGB,230192,88663312e2c292c16044846fd768e46acf15161ca5652374df5a693baa34cd86,88663312e2c292c16044846fd768e46acf15161ca5652374df5a693baa34cd86,451de4d9e951a5bf2d2dcba8f563e04042f5ac6530ff97664e8e6c7c158e9989,1c3b393977253b2f,189.00028999485596,68.67522054921102,39.733988302636426,0.2148923411310429,17.907777327309933,
51009,/localhome/local-lintran/MLA2/data/raw/original/images/51009.jpg,1080,1440,0.75,RGB,325231,9457bb2c74f807a6ef77e6965eff1d7ced6eb1657ac0d52fce8e8abcb73f5b68,9457bb2c74f807a6ef77e6965eff1d7ced6eb1657ac0d52fce8e8abcb73f5b68,119278b3ea7183134f401d6a973d47166c36d767988e9b774f589834177f06a8,0643030321697466,184.23274691358026,75.37650274669673,42.651886031527624,0.21166071722383487,44.29813409784162,
51012,/localhome/local-lintran/MLA2/data/raw/original/images/51012.jpg,1080,1440,0.75,RGB,165228,f98355ce6bc715e7a1995792347fa460609827b5fd16d2398edbef37fc601462,f98355ce6bc715e7a1995792347fa460609827b5fd16d2398edbef37fc601462,4c885ea31d2535b3334d5e9756ebffd91e668c08bf2996420cf20741b2c6c282,4e161213656b3736,193.86157278806584,69.68734086287611,38.61947940230528,0.1981452080131753,18.019565105473827,
51028,/localhome/local-lintran/MLA2/data/raw/original/images/51028.jpg,1080,1440,0.75,RGB,243825,08a62cfc3e120de5db9ec77c09d5f3e383c6be4c20bfe3e850579a8adf906b05,08a62cfc3e120de5db9ec77c09d5f3e383c6be4c20bfe3e850579a8adf906b05,db1db3f3ff10c713d13b0dcfee62a38afc641fadb337d8fcd6f6c4dc8498a10b,4f96121f35361e9e,192.2441634516461,73.98194826656639,40.214226040279016,0.18705147147963477,36.42646627282907,
51031,/localhome/local-lintran/MLA2/data/raw/original/images/51031.jpg,1080,1440,0.75,RGB,221558,598600f92ec9cae779994d457b7e45ea1bbf9690d8d6f1326f2d9bd5fefd6ef8,598600f92ec9cae779994d457b7e45ea1bbf9690d8d6f1326f2d9bd5fefd6ef8,3754b723b3645300a786ecca7ff6b5a32742d9aed8aec497097ac443edae5f19,9db73e3f35353b3f,185.57784336419752,78.89552718926706,36.24629688723526,0.18421083492787083,41.421063554577394,
51045,/localhome/local-lintran/MLA2/data/raw/original/images/51045.jpg,1080,1440,0.75,RGB,299617,43a6a1ec78a1206ff8e2e66a4d3eaa3978e51b5f0ef4f52cd159f7c23d35dcd7,43a6a1ec78a1206ff8e2e66a4d3eaa3978e51b5f0ef4f52cd159f7c23d35dcd7,b9eddc68a7161b851e2e480fecd9a4e0433f5a18a504f0840c6c04446431dda6,0f460632363e3e2e,210.3583699845679,64.07394870673171,31.126689043462658,0.13363531973257878,55.01063586753671,
51088,/localhome/local-lintran/MLA2/data/raw/original/images/51088.jpg,1080,1440,0.75,RGB,253815,4f19b57812f3e6448b75921cee80147ed7b09f50dc5c4f853e9ce73de5bb0984,4f19b57812f3e6448b75921cee80147ed7b09f50dc5c4f853e9ce73de5bb0984,4caf4eedbf0f4e29942570a34490cd04d53c6afb2f52eb94651b25761729e84e,4d0d0e4f4353470e,206.11083076131686,79.01382795567503,45.512449842886866,0.12901987978963345,110.54416386733078,
51148,/localhome/local-lintran/MLA2/data/raw/original/images/51148.jpg,1080,1440,0.75,RGB,331462,478ca630603996a1c400e75c8da398aa2bfabcafc69edff3e16cddb1f04bdf12,478ca630603996a1c400e75c8da398aa2bfabcafc69edff3e16cddb1f04bdf12,384bb2c08eb86a26a3aa291fabc17c55f16a164b078fd5e08f6fd98695a36053,9c8d8d8d9e0f2316,206.18042759773664,88.15359574877567,7.951641238967569,0.03434518290879159,74.85370606329717,
51163,/localhome/local-lintran/MLA2/data/raw/original/images/51163.jpg,1080,1440,0.75,RGB,195868,ae67661078404135ac90d479fb283ecfd85b50a5a82614e46da5a5d2f73aea26,ae67661078404135ac90d479fb283ecfd85b50a5a82614e46da5a5d2f73aea26,0d33ea9785f3ccddd9375a86ddf119d5fca172560073db33c1141219b3ed8db0,189c1c1c0d064606,239.5751986882716,26.3949349748785,16.00032416799599,0.0479758483294631,74.9248091946922,
51319,/localhome/local-lintran/MLA2/data/raw/original/images/51319.jpg,1080,1440,0.75,RGB,191908,d1b774194aec68feb262513f70935e8e5fbfb01a54aad39dd62ca9df7aee2ce6,d1b774194aec68feb262513f70935e8e5fbfb01a54aad39dd62ca9df7aee2ce6,6bc34d1df424ff623cb0cb15deb0a112a8f058099763dc277872ebfc0875092b,494d9696868e1e08,202.70644290123457,90.4978072776864,11.507056376030237,0.014673000259112919,26.145551951812813,
51329,/localhome/local-lintran/MLA2/data/raw/original/images/51329.jpg,1080,1440,0.75,RGB,101249,e88550a8fe64f329eab2228f3f15eecc0b566796767a27a9bc70b6ee19f666ca,e88550a8fe64f329eab2228f3f15eecc0b566796767a27a9bc70b6ee19f666ca,888a26bf53f1b62d9031651e62321b1657a910a1d45732f32a78516d6192343d,00000006009f9f00,242.5462930812757,48.96359219936639,3.947615472697449,0.00895214125233238,17.859118756193933,
51332,/localhome/local-lintran/MLA2/data/raw/original/images/51332.jpg,1080,1440,0.75,RGB,359995,b0b5f942137b85626243f0dbb9c5139b2863634bbd501d59d40e1dca80ef3292,b0b5f942137b85626243f0dbb9c5139b2863634bbd501d59d40e1dca80ef3292,5b53fb420a76d72d7f9fe4d5ed28d0d6f5a607c497592c4467d39e9323c40d08,0f8f9696b6960d0d,183.2840579989712,99.43467743635075,19.738759148562362,0.044171647258886455,32.63454670064481,
51340,/localhome/local-lintran/MLA2/data/raw/original/images/51340.jpg,1080,1440,0.75,RGB,232469,9589cd387ebc584771a35740ab04d61ac4a148fa8a084ae11b9d7d5f499ab027,9589cd387ebc584771a35740ab04d61ac4a148fa8a084ae11b9d7d5f499ab027,51607d11267504fa448aafaf51ca46be42a59d8d27526cb37495a14b145f8088,0c0d0c0c9d062702,244.29436342592592,21.981394147115495,14.893479673852973,0.0384852096112388,125.62873856133442,
51355,/localhome/local-lintran/MLA2/data/raw/original/images/51355.jpg,1080,1440,0.75,RGB,163131,fee5142ffc3ff0899924c4c4ad55cf98b8c36213276df942acfb9fc0cbd08e59,fee5142ffc3ff0899924c4c4ad55cf98b8c36213276df942acfb9fc0cbd08e59,f25861958e89e4dd945b945f006d33db6469c100e426ab99c610a0e8aa4862f6,9e0f3734b6154d0d,231.25015753600823,46.216854172556836,13.774758736066556,0.03166618826737802,35.33785828281658,
51359,/localhome/local-lintran/MLA2/data/raw/original/images/51359.jpg,1080,1440,0.75,RGB,208710,2c4b9b854ca544bb7afc61f796fba973f447722358bc2dfc18b04f177388032e,2c4b9b854ca544bb7afc61f796fba973f447722358bc2dfc18b04f177388032e,14ebf72c92956b255eb408ae93246de126e6bde7f96b53d626a73f38f524ad67,0b0e8d4d4d484d4d,222.68884130658435,60.06687149248813,23.991725053226727,0.06896313080656208,46.400996499221336,
51381,/localhome/local-lintran/MLA2/data/raw/original/images/51381.jpg,1080,1440,0.75,RGB,156028,4418f7676d774c718d43379eec06db9af945a645ba1a7cbd14b9559998d1fe5f,4418f7676d774c718d43379eec06db9af945a645ba1a7cbd14b9559998d1fe5f,8aa8f95ed0fd18a7d5f16541c1b86536dbbaf2a4a9fae380695d02e07f28a170,8f979696b6951f0d,189.38314814814814,93.48292742735177,21.914326146241905,0.11158065640246051,25.744873675946305,
51386,/localhome/local-lintran/MLA2/data/raw/original/images/51386.jpg,1080,1440,0.75,RGB,167864,d6f7dd1de5f7a59ab324a7caa0271ec9c4efd377b3e554c8d9a29754534cd83e,d6f7dd1de5f7a59ab324a7caa0271ec9c4efd377b3e554c8d9a29754534cd83e,143d4773556b0b6577d7c95a0f3b1b38b2c8713e27d1c8083ad23a27bfb7e289,39595d9cb62e0f17,173.20814300411521,61.65603440664354,43.776078434719615,0.2515084198589004,19.266297604798126,
51427,/localhome/local-lintran/MLA2/data/raw/original/images/51427.jpg,1080,1440,0.75,RGB,269106,e0d9cde7711372d53d6c690e478fff7afe60660a41f0796338dd11aa5a5dde9f,e0d9cde7711372d53d6c690e478fff7afe60660a41f0796338dd11aa5a5dde9f,601dfe5fc09d8ec6eea9756f6a14c5115c92c7f975169b4e9aa8b5a7d4467227,1e980e031307879f,198.26094264403292,75.1119513686859,26.183310401538094,0.10696604425153244,151.320670360503,
51495,/localhome/local-lintran/MLA2/data/raw/original/images/51495.jpg,1080,1440,0.75,RGB,241088,1083e9bf6ae720c8d14e1e11e767c86b5ca4b7d427312f1dda271bb8b2dd5501,1083e9bf6ae720c8d14e1e11e767c86b5ca4b7d427312f1dda271bb8b2dd5501,a590670d5b9e933a5a3d741e4d66747453d3b91f0b80065595c750bf4a4ff094,8707869696164e0c,189.4456121399177,96.17820960388492,22.16848475178705,0.08152948783054503,45.928082165334565,
51549,/localhome/local-lintran/MLA2/data/raw/original/images/51549.jpg,1080,1440,0.75,RGB,229020,6dfb3cf4d8a248966e08868915cfe7a94f9ec1718b1a3d65047131c1b898219d,6dfb3cf4d8a248966e08868915cfe7a94f9ec1718b1a3d65047131c1b898219d,8022c92235ef478213526d6daef794c335676da14c139015bb5194b283e79ff6,4d4f8e17178e4d4d,196.66199074074075,89.88950747737249,2.413144559279261,0.009168664803766755,74.0898509594965,
51565,/localhome/local-lintran/MLA2/data/raw/original/images/51565.jpg,1080,1440,0.75,RGB,227288,eae3f1d087a6ff83da781338c353af839cdb36df6ae55ff6ea7d7a0ac4e6fad9,eae3f1d087a6ff83da781338c353af839cdb36df6ae55ff6ea7d7a0ac4e6fad9,902910ecb816cb0d10fc838f937dcc8826d9e8d7ca76bd20238ce8e3c2df7075,1616068617071616,212.96586291152263,74.02331726738706,18.823497348628305,0.027263437827088267,36.28064918851436,
51576,/localhome/local-lintran/MLA2/data/raw/original/images/51576.jpg,1080,1440,0.75,RGB,273091,6fb06f49dc9ca81596320293e4db3149eafd352d19bb50563b0708da22eb7c6f,6fb06f49dc9ca81596320293e4db3149eafd352d19bb50563b0708da22eb7c6f,1cb3040b6ab234805719e7cf988a04eacc9c5383eca44248d6e7306063bcd26a,8d1e37636b33169d,195.0313721707819,77.0461003978615,10.445977392281861,0.030502901013617644,155.41626575028636,
51592,/localhome/local-lintran/MLA2/data/raw/original/images/51592.jpg,1080,1440,0.75,RGB,274054,6b164aba14f0db7b972aa04a9a57b0cf10e3022a12124bed145869df9685c33e,6b164aba14f0db7b972aa04a9a57b0cf10e3022a12124bed145869df9685c33e,9b06c9b80f59128ee6c2a94f09e6c73174087a50039b1d7d7dcd656947ae43bf,9f8686165656554d,207.12170910493828,85.30290137917042,17.173416010101402,0.059270533457384596,29.093634567615222,
51616,/localhome/local-lintran/MLA2/data/raw/original/images/51616.jpg,1080,1440,0.75,RGB,266550,d0df40452c956cfa90982adaaeaf403abcd85baea2f9f99a5200af991700f23e,d0df40452c956cfa90982adaaeaf403abcd85baea2f9f99a5200af991700f23e,a1c6a921767a66320bf01e0c6a8e482590fc7fc66b4888662bbcea0f90bcb749,9e96964d4d4d4d4d,201.13475437242798,90.9924676918373,13.65979110400124,0.03181444897798915,54.830470288428124,
51660,/localhome/local-lintran/MLA2/data/raw/original/images/51660.jpg,1080,1440,0.75,RGB,243060,4c036b31c793e78015189206d38578a11f0442318800a4b1089ece954de59bbd,4c036b31c793e78015189206d38578a11f0442318800a4b1089ece954de59bbd,25ea8721c13f22ca5142e8f53c8ae11bfc2a8fe55c3a2e4cb17afa6f78a384d3,0e8e8e3b3b8e8e0f,170.63170010288067,109.65626066755665,2.4585842979957198,0.01661061626954475,151.7661415498668,
51674,/localhome/local-lintran/MLA2/data/raw/original/images/51674.jpg,1080,1440,0.75,RGB,174948,7a6e23ab7fc30e75d7414e1c07392284dafac5f7269d1d76fa3abeeede4ff402,7a6e23ab7fc30e75d7414e1c07392284dafac5f7269d1d76fa3abeeede4ff402,f9239a0a2a723d73db188f8b69a24760ad48876110c53e59c4ae7dc1483b5fe8,000110454d0f000c,248.92710455246913,23.981434153684706,12.141565872897404,0.017901123937786395,10.970309664465809,
51688,/localhome/local-lintran/MLA2/data/raw/original/images/51688.jpg,1080,1440,0.75,RGB,38828,36cd3a28785dfabcb8ae5d69a546f4c53564f3cdaa502e4874dcb77e3cb10791,36cd3a28785dfabcb8ae5d69a546f4c53564f3cdaa502e4874dcb77e3cb10791,a5a677623eca92e298262055ebc2f9fccf6e31db10458d6947f37995e552a2a8,00011043090f0005,247.019425154321,31.93623724245844,13.388591318109825,0.021649134709903085,15.097214821679087,
51713,/localhome/local-lintran/MLA2/data/raw/original/images/51713.jpg,1080,1440,0.75,RGB,191737,35b80ca804308c1bba3754b812b30f0f13d1dd30ab6cbf5ab360053bb28d0e1e,35b80ca804308c1bba3754b812b30f0f13d1dd30ab6cbf5ab360053bb28d0e1e,f9911986ba38b3bb6e57d24a3dfdc52e3f338feec31dad7bbbb7613934e31312,000100434f1c400c,243.3203768004115,39.782694404557574,1.772679427926057,0.0030899114353462845,18.176322123119295,
51769,/localhome/local-lintran/MLA2/data/raw/original/images/51769.jpg,1080,1440,0.75,RGB,297003,05f2049e32ad2e9c48092a63d077ac2a0347449b69ce4bec488ea0b39e89472c,05f2049e32ad2e9c48092a63d077ac2a0347449b69ce4bec488ea0b39e89472c,e1c11cf76a134782d0d51a6309634fa6a976b833c69eddccd91a2dc3e3391922,0003001f230f0007,230.7245569701646,61.373677548888736,15.884475781880534,0.04239219407882535,34.547188437134,
51800,/localhome/local-lintran/MLA2/data/raw/original/images/51800.jpg,1080,1440,0.75,RGB,299907,abec14cc8bbb43fff099c3981d03b3f900bb1f2000dabb6d60bcaf90191a06b3,abec14cc8bbb43fff099c3981d03b3f900bb1f2000dabb6d60bcaf90191a06b3,358efac4b968be0d0ece22f34756cf499e85383b0093151d8d4c26c6f93a48fc,47460737363c3e9d,222.95090599279834,61.03944122593643,20.631011823135317,0.07390175987212962,31.509958235195697,
51805,/localhome/local-lintran/MLA2/data/raw/original/images/51805.jpg,1080,1440,0.75,RGB,210656,b40eb3cf7c1e1ee8671fa0cd96082e2a604b3fc1384c01dc2a55b2810839191b,b40eb3cf7c1e1ee8671fa0cd96082e2a604b3fc1384c01dc2a55b2810839191b,1660baff946cd27cfbb75ea2bf85c657c0da6bbb752aa189e2d275bd0acb559b,4d9632137599099d,202.00742605452675,64.40315144799152,30.769774017829384,0.15919326620327037,21.873287256908245,
51810,/localhome/local-lintran/MLA2/data/raw/original/images/51810.jpg,1080,1440,0.75,RGB,270363,1397cb908bcc9b0202b0510adae87f57d14e3392a9e6c9053f1225ca18e085fb,1397cb908bcc9b0202b0510adae87f57d14e3392a9e6c9053f1225ca18e085fb,10cd3ff4b24cd8550f3869f547680a5a7a33d59591272ad03b1be55bf3cf4a76,4d0d0e0e4d4d4d4a,205.21916730967078,90.75949079727077,9.853792769283876,0.017650053433277996,28.44355380516622,
51923,/localhome/local-lintran/MLA2/data/raw/original/images/51923.jpg,1080,1440,0.75,RGB,206612,90d2f1971ba0b7d0f53e2bcb1a2b8e320084bf5915e979ffc0b291960994a473,90d2f1971ba0b7d0f53e2bcb1a2b8e320084bf5915e979ffc0b291960994a473,7f410a1a3012f1af4874f497565f1316ca384cad524c322dedb1de9046b2f606,000d161717333300,230.35498971193417,50.859759608435795,21.469536959237242,0.06567130887017945,64.57057801459516,
51932,/localhome/local-lintran/MLA2/data/raw/original/images/51932.jpg,1080,1440,0.75,RGB,302305,ec990c66aeb4992355a73063817c02eedfdef503c01efbc7da38ee53eef6ceca,ec990c66aeb4992355a73063817c02eedfdef503c01efbc7da38ee53eef6ceca,21df8251a832e5fb9219a605350cec36d9b434eb558d331c7a71290148f7b23a,0f143333232b2b00,185.81076967592594,99.41420899442043,0.5818658911117736,0.00012313327832559544,67.96334736218901,
51936,/localhome/local-lintran/MLA2/data/raw/original/images/51936.jpg,1080,1440,0.75,RGB,59715,9dbde1290512ba1ec63fae542a2f19804923e105891cc28569bb6c066b936622,9dbde1290512ba1ec63fae542a2f19804923e105891cc28569bb6c066b936622,1a4b094553b3771cf28111d2d18758f09fca94cc95194957fa5438d9a04643ab,000c161313173300,230.09461291152263,57.031813883096426,47.51707665362034,0.10197765939257158,28.65099939508604,
51944,/localhome/local-lintran/MLA2/data/raw/original/images/51944.jpg,1080,1440,0.75,RGB,246747,5cf29df03c6d30e63bf37c284eed1d5be4084116c47685dff5fb89a30236c4f7,5cf29df03c6d30e63bf37c284eed1d5be4084116c47685dff5fb89a30236c4f7,d9bf2a1a43b3da24ae0f834a26ebd173b831decfa1cb7e95f415d8077f951878,1600179696961600,214.03292373971195,75.82132719876851,4.767185017969503,0.027845268121945037,23.96355071624387,
51958,/localhome/local-lintran/MLA2/data/raw/original/images/51958.jpg,1080,1440,0.75,RGB,268680,37a0556fd730629295f2160871e786a8360ef5f6e4f77a481c9f894e2a82690d,37a0556fd730629295f2160871e786a8360ef5f6e4f77a481c9f894e2a82690d,bda6d54ca8ba88f1f67276dba5d5f9261bd5cf5dad20f42277bef70a8cc4f72a,3300237323270f00,212.2134162808642,59.952686973374945,29.1670667688854,0.12637007539464049,110.43773376063426,
51981,/localhome/local-lintran/MLA2/data/raw/original/images/51981.jpg,1080,1440,0.75,RGB,290129,5f58eaf2a025ff606333e4622a69d173073a40343139c57c93193af123a35616,5f58eaf2a025ff606333e4622a69d173073a40343139c57c93193af123a35616,997f3936c1ac1edae3f39ce975787df2f96b0f10d27a82de3a2146a51a30b23c,509058581c2564d4,130.97108410493829,52.00489095175505,40.63120981524273,0.3361290962807447,183.17024273781485,
