id,source_partition,path,brightness_mean,contrast_std,laplacian_variance,foreground_fraction,foreground_box_fraction,background_fraction
1163,train,data/raw/teacher/train/images_train/1163.jpg,0.81827354,0.25470456,0.02855228,0.35312500,0.60666667,0.64687500
1542,train,data/raw/teacher/train/images_train/1542.jpg,0.93536568,0.14628129,0.03230444,0.21479167,0.38250000,0.78520833
1562,train,data/raw/teacher/train/images_train/1562.jpg,0.82680875,0.20203215,0.02548227,0.49104167,0.72833333,0.50895833
1581,train,data/raw/teacher/train/images_train/1581.jpg,0.71516514,0.12135958,0.00637348,0.54104167,0.91250000,0.45895833
1610,train,data/raw/teacher/train/images_train/1610.jpg,0.67609215,0.37934238,0.04635014,0.45604167,0.61750000,0.54395833
1627,train,data/raw/teacher/train/images_train/1627.jpg,0.80193496,0.07971223,0.01682447,0.26979167,0.39416667,0.73020833
1654,train,data/raw/teacher/train/images_train/1654.jpg,0.96827507,0.06118904,0.00406108,0.23020833,0.39583333,0.76979167
1755,train,data/raw/teacher/train/images_train/1755.jpg,0.70565015,0.29574841,0.04021120,0.52854167,0.74750000,0.47145833
1803,train,data/raw/teacher/train/images_train/1803.jpg,0.71620059,0.34343639,0.06411888,0.46437500,0.84500000,0.53562500
1833,train,data/raw/teacher/train/images_train/1833.jpg,0.88857949,0.23710141,0.05766543,0.21104167,0.36125000,0.78895833
1867,train,data/raw/teacher/train/images_train/1867.jpg,0.73375362,0.32582325,0.04883173,0.43625000,0.61750000,0.56375000
1888,train,data/raw/teacher/train/images_train/1888.jpg,0.64988440,0.35790464,0.05732312,0.53000000,0.77354167,0.47000000
1920,train,data/raw/teacher/train/images_train/1920.jpg,0.88369364,0.25736713,0.09868579,0.21979167,0.39000000,0.78020833
1942,train,data/raw/teacher/train/images_train/1942.jpg,0.85148615,0.23977633,0.03722033,0.36895833,0.57812500,0.63104167
1977,train,data/raw/teacher/train/images_train/1977.jpg,0.67595315,0.27555865,0.01835396,0.60062500,0.76666667,0.39937500
2001,train,data/raw/teacher/train/images_train/2001.jpg,0.79166788,0.22639212,0.05090148,0.52375000,0.73125000,0.47625000
2028,train,data/raw/teacher/train/images_train/2028.jpg,0.67383760,0.38777867,0.04150302,0.45937500,0.63375000,0.54062500
2055,train,data/raw/teacher/train/images_train/2055.jpg,0.80289131,0.22020382,0.03028663,0.49875000,0.73791667,0.50125000
2098,train,data/raw/teacher/train/images_train/2098.jpg,0.79351944,0.25342914,0.08142526,0.50854167,0.78333333,0.49145833
2113,train,data/raw/teacher/train/images_train/2113.jpg,0.71603376,0.18925253,0.01961062,0.43291667,0.62541667,0.56708333
2131,train,data/raw/teacher/train/images_train/2131.jpg,0.67648304,0.32862568,0.07545315,0.53458333,0.75395833,0.46541667
2151,train,data/raw/teacher/train/images_train/2151.jpg,0.78420460,0.29216629,0.09861712,0.41666667,0.75395833,0.58333333
2168,train,data/raw/teacher/train/images_train/2168.jpg,0.73884010,0.27286077,0.06537968,0.51479167,0.75708333,0.48520833
2198,train,data/raw/teacher/train/images_train/2198.jpg,0.80625415,0.08344599,0.03194434,0.30458333,0.66375000,0.69541667
2218,train,data/raw/teacher/train/images_train/2218.jpg,0.74539340,0.19602261,0.02712997,0.33208333,0.59500000,0.66791667
2235,train,data/raw/teacher/train/images_train/2235.jpg,0.84708285,0.29977292,0.03981926,0.22812500,0.41437500,0.77187500
2254,train,data/raw/teacher/train/images_train/2254.jpg,0.72960520,0.32085240,0.03891776,0.44875000,0.65000000,0.55125000
2278,train,data/raw/teacher/train/images_train/2278.jpg,0.93136066,0.17266175,0.03380758,0.12916667,0.73500000,0.87083333
2295,train,data/raw/teacher/train/images_train/2295.jpg,0.73591053,0.32630125,0.03967405,0.41020833,0.60000000,0.58979167
2313,train,data/raw/teacher/train/images_train/2313.jpg,0.92695254,0.12776203,0.00887422,0.24645833,0.56833333,0.75354167
2333,train,data/raw/teacher/train/images_train/2333.jpg,0.80428606,0.26011747,0.06943186,0.53125000,0.78000000,0.46875000
2354,train,data/raw/teacher/train/images_train/2354.jpg,0.80716157,0.31372318,0.10006995,0.33625000,0.51895833,0.66375000
2377,train,data/raw/teacher/train/images_train/2377.jpg,0.90850556,0.24413863,0.03998845,0.14687500,0.20125000,0.85312500
2400,train,data/raw/teacher/train/images_train/2400.jpg,0.63149852,0.39100018,0.07036281,0.51750000,0.76375000,0.48250000
2492,train,data/raw/teacher/train/images_train/2492.jpg,0.87264997,0.20424023,0.04398248,0.53270833,0.74750000,0.46729167
2509,train,data/raw/teacher/train/images_train/2509.jpg,0.89247173,0.24172516,0.06312194,0.21812500,0.34375000,0.78187500
2562,train,data/raw/teacher/train/images_train/2562.jpg,0.73755729,0.36181962,0.03515239,0.39645833,0.54541667,0.60354167
2606,train,data/raw/teacher/train/images_train/2606.jpg,0.58750874,0.42214426,0.05587839,0.53020833,0.73125000,0.46979167
2626,train,data/raw/teacher/train/images_train/2626.jpg,0.89698386,0.22179295,0.03506927,0.18458333,0.43125000,0.81541667
2651,train,data/raw/teacher/train/images_train/2651.jpg,0.89599985,0.18397006,0.09331530,0.38291667,0.56541667,0.61708333
2674,train,data/raw/teacher/train/images_train/2674.jpg,0.60019195,0.40977234,0.07528345,0.52416667,0.72833333,0.47583333
2697,train,data/raw/teacher/train/images_train/2697.jpg,0.91074735,0.11070742,0.01121910,0.43729167,0.64625000,0.56270833
2719,train,data/raw/teacher/train/images_train/2719.jpg,0.71068662,0.31821546,0.02772968,0.47312500,0.64041667,0.52687500
2745,train,data/raw/teacher/train/images_train/2745.jpg,0.69728142,0.36936405,0.09398256,0.44187500,0.63333333,0.55812500
2781,train,data/raw/teacher/train/images_train/2781.jpg,0.72170717,0.31676173,0.05960122,0.47000000,0.69666667,0.53000000
2822,train,data/raw/teacher/train/images_train/2822.jpg,0.84139293,0.29724690,0.03474312,0.23770833,0.40375000,0.76229167
2840,train,data/raw/teacher/train/images_train/2840.jpg,0.87024289,0.22938886,0.04961112,0.30000000,0.59354167,0.70000000
2856,train,data/raw/teacher/train/images_train/2856.jpg,0.75623745,0.29762825,0.05773429,0.45520833,0.63333333,0.54479167
2874,train,data/raw/teacher/train/images_train/2874.jpg,0.85875428,0.30557099,0.04217973,0.18875000,0.38437500,0.81125000
2901,train,data/raw/teacher/train/images_train/2901.jpg,0.87056893,0.29005796,0.04339148,0.18229167,0.36229167,0.81770833
2938,train,data/raw/teacher/train/images_train/2938.jpg,0.85671723,0.25122151,0.04747111,0.44458333,0.57750000,0.55541667
2971,train,data/raw/teacher/train/images_train/2971.jpg,0.62015015,0.41771698,0.07972179,0.48208333,0.71250000,0.51791667
3011,train,data/raw/teacher/train/images_train/3011.jpg,0.86977357,0.24583842,0.04047036,0.26395833,0.63375000,0.73604167
3044,train,data/raw/teacher/train/images_train/3044.jpg,0.86394244,0.21112506,0.04332605,0.53270833,0.87750000,0.46729167
3073,train,data/raw/teacher/train/images_train/3073.jpg,0.73944801,0.35232553,0.04679616,0.42437500,0.56145833,0.57562500
3101,train,data/raw/teacher/train/images_train/3101.jpg,0.72937441,0.36128667,0.07368150,0.43166667,0.63375000,0.56833333
3129,train,data/raw/teacher/train/images_train/3129.jpg,0.75936007,0.28532317,0.06891622,0.49250000,0.95458333,0.50750000
3163,train,data/raw/teacher/train/images_train/3163.jpg,0.94807047,0.14257100,0.03550995,0.18250000,0.33541667,0.81750000
3198,train,data/raw/teacher/train/images_train/3198.jpg,0.86514646,0.24456605,0.05102442,0.50166667,0.82875000,0.49833333
3215,train,data/raw/teacher/train/images_train/3215.jpg,0.95843697,0.09297732,0.01160313,0.22750000,0.39000000,0.77250000
3238,train,data/raw/teacher/train/images_train/3238.jpg,0.84987497,0.30728018,0.02997408,0.20770833,0.31875000,0.79229167
3254,train,data/raw/teacher/train/images_train/3254.jpg,0.96671700,0.09576812,0.01356459,0.15375000,0.32583333,0.84625000
3277,train,data/raw/teacher/train/images_train/3277.jpg,0.86340576,0.20609123,0.04898665,0.39041667,0.63375000,0.60958333
3295,train,data/raw/teacher/train/images_train/3295.jpg,0.94189858,0.14941837,0.03876261,0.20562500,0.34000000,0.79437500
3313,train,data/raw/teacher/train/images_train/3313.jpg,0.82439768,0.25173399,0.03663825,0.34854167,0.62937500,0.65145833
3340,train,data/raw/teacher/train/images_train/3340.jpg,0.93221617,0.17950326,0.01714691,0.13708333,0.16333333,0.86291667
3358,train,data/raw/teacher/train/images_train/3358.jpg,0.87681520,0.22886196,0.03157074,0.29416667,0.85583333,0.70583333
3386,train,data/raw/teacher/train/images_train/3386.jpg,0.84498280,0.26920941,0.03613009,0.26145833,0.54625000,0.73854167
3414,train,data/raw/teacher/train/images_train/3414.jpg,0.70934474,0.34991229,0.07259993,0.46812500,0.75395833,0.53187500
3433,train,data/raw/teacher/train/images_train/3433.jpg,0.67909724,0.34318474,0.09950396,0.54541667,0.95458333,0.45458333
3455,train,data/raw/teacher/train/images_train/3455.jpg,0.92496532,0.17081073,0.03755304,0.20979167,0.39000000,0.79020833
3479,train,data/raw/teacher/train/images_train/3479.jpg,0.69635355,0.33214387,0.05392189,0.51104167,0.83416667,0.48895833
3503,train,data/raw/teacher/train/images_train/3503.jpg,0.83771420,0.31787962,0.03312542,0.21666667,0.38250000,0.78333333
3525,train,data/raw/teacher/train/images_train/3525.jpg,0.63753492,0.29996556,0.05952355,0.49583333,0.81666667,0.50416667
3539,train,data/raw/teacher/train/images_train/3539.jpg,0.70523000,0.33252534,0.08235684,0.51562500,0.83937500,0.48437500
3558,train,data/raw/teacher/train/images_train/3558.jpg,0.84676898,0.27965155,0.01741722,0.24541667,0.35750000,0.75458333
3581,train,data/raw/teacher/train/images_train/3581.jpg,0.80655414,0.33193767,0.04022145,0.26604167,0.48750000,0.73395833
3602,train,data/raw/teacher/train/images_train/3602.jpg,0.67989820,0.38084698,0.04771342,0.44270833,0.60125000,0.55729167
3624,train,data/raw/teacher/train/images_train/3624.jpg,0.82388866,0.31583753,0.04343011,0.26208333,0.41437500,0.73791667
3645,train,data/raw/teacher/train/images_train/3645.jpg,0.87743062,0.27632433,0.06573015,0.21125000,0.43750000,0.78875000
3661,train,data/raw/teacher/train/images_train/3661.jpg,0.94091266,0.16181576,0.04944906,0.19333333,0.36833333,0.80666667
3677,train,data/raw/teacher/train/images_train/3677.jpg,0.69248515,0.24189922,0.02475811,0.35250000,0.60229167,0.64750000
3694,train,data/raw/teacher/train/images_train/3694.jpg,0.78478187,0.11550080,0.02803691,0.29062500,0.51062500,0.70937500
3711,train,data/raw/teacher/train/images_train/3711.jpg,0.74354106,0.32239833,0.03067869,0.42104167,0.61750000,0.57895833
3730,train,data/raw/teacher/train/images_train/3730.jpg,0.79614532,0.09090308,0.01330705,0.33770833,0.56541667,0.66229167
3749,train,data/raw/teacher/train/images_train/3749.jpg,0.72222495,0.31809276,0.07812054,0.49250000,0.89375000,0.50750000
3767,train,data/raw/teacher/train/images_train/3767.jpg,0.77444613,0.27176768,0.08749175,0.47791667,0.71500000,0.52208333
3787,train,data/raw/teacher/train/images_train/3787.jpg,0.72423089,0.32948947,0.05942705,0.45645833,0.67479167,0.54354167
3812,train,data/raw/teacher/train/images_train/3812.jpg,0.83165848,0.31438953,0.04423421,0.26041667,0.46875000,0.73958333
3828,train,data/raw/teacher/train/images_train/3828.jpg,0.88721728,0.26323396,0.02586017,0.16395833,0.27500000,0.83604167
3851,train,data/raw/teacher/train/images_train/3851.jpg,0.93110430,0.14102906,0.01136295,0.19958333,0.35000000,0.80041667
3869,train,data/raw/teacher/train/images_train/3869.jpg,0.82969499,0.27243561,0.05278205,0.41645833,0.65833333,0.58354167
3889,train,data/raw/teacher/train/images_train/3889.jpg,0.73451310,0.32060352,0.06580069,0.44791667,0.64187500,0.55208333
3910,train,data/raw/teacher/train/images_train/3910.jpg,0.83165193,0.26227018,0.02834561,0.30562500,0.40625000,0.69437500
3928,train,data/raw/teacher/train/images_train/3928.jpg,0.87336749,0.23331863,0.06219024,0.35291667,0.52000000,0.64708333
3942,train,data/raw/teacher/train/images_train/3942.jpg,0.58171916,0.27881670,0.04249573,0.55208333,0.95458333,0.44791667
3956,train,data/raw/teacher/train/images_train/3956.jpg,0.83442324,0.27675521,0.05450438,0.40666667,0.65833333,0.59333333
3978,train,data/raw/teacher/train/images_train/3978.jpg,0.73477560,0.31001824,0.06653546,0.48125000,0.70770833,0.51875000
4000,train,data/raw/teacher/train/images_train/4000.jpg,0.87137878,0.26660737,0.03625398,0.21062500,0.32937500,0.78937500
4016,train,data/raw/teacher/train/images_train/4016.jpg,0.89614046,0.24833143,0.06698713,0.20562500,0.37500000,0.79437500
4037,train,data/raw/teacher/train/images_train/4037.jpg,0.96188802,0.08384870,0.01751782,0.17854167,0.53083333,0.82145833
4054,train,data/raw/teacher/train/images_train/4054.jpg,0.73027223,0.34886560,0.08459378,0.45375000,0.61750000,0.54625000
4070,train,data/raw/teacher/train/images_train/4070.jpg,0.79234952,0.08893952,0.00875058,0.32583333,0.61250000,0.67416667
4089,train,data/raw/teacher/train/images_train/4089.jpg,0.90702248,0.16888191,0.02633392,0.28687500,0.64166667,0.71312500
4105,train,data/raw/teacher/train/images_train/4105.jpg,0.81028938,0.32336181,0.03262602,0.27062500,0.48958333,0.72937500
4133,train,data/raw/teacher/train/images_train/4133.jpg,0.90656900,0.21413454,0.07060915,0.24187500,0.44416667,0.75812500
4155,train,data/raw/teacher/train/images_train/4155.jpg,0.84984016,0.27230507,0.04084839,0.28479167,0.44416667,0.71520833
4173,train,data/raw/teacher/train/images_train/4173.jpg,0.85272354,0.27544615,0.05610434,0.25041667,0.38541667,0.74958333
4197,train,data/raw/teacher/train/images_train/4197.jpg,0.86405110,0.22453512,0.03519196,0.41625000,0.61750000,0.58375000
4214,train,data/raw/teacher/train/images_train/4214.jpg,0.95792562,0.09131605,0.01130853,0.20791667,0.32666667,0.79208333
4232,train,data/raw/teacher/train/images_train/4232.jpg,0.86597526,0.20017260,0.03635773,0.48729167,0.79625000,0.51270833
4250,train,data/raw/teacher/train/images_train/4250.jpg,0.88179135,0.16086285,0.02969113,0.48854167,0.73125000,0.51145833
4270,train,data/raw/teacher/train/images_train/4270.jpg,0.81318951,0.32811496,0.02235737,0.25645833,0.38541667,0.74354167
4298,train,data/raw/teacher/train/images_train/4298.jpg,0.79864591,0.24544935,0.03618507,0.47729167,0.78000000,0.52270833
4320,train,data/raw/teacher/train/images_train/4320.jpg,0.96937788,0.06611606,0.00474952,0.20729167,0.33312500,0.79270833
4344,train,data/raw/teacher/train/images_train/4344.jpg,0.87922311,0.24464536,0.07409458,0.27458333,0.46583333,0.72541667
4366,train,data/raw/teacher/train/images_train/4366.jpg,0.70047379,0.35120091,0.07334582,0.50458333,0.71500000,0.49541667
4389,train,data/raw/teacher/train/images_train/4389.jpg,0.71987784,0.34712714,0.07291629,0.46000000,0.68250000,0.54000000
4407,train,data/raw/teacher/train/images_train/4407.jpg,0.72429770,0.33430576,0.06571073,0.45875000,0.71500000,0.54125000
4429,train,data/raw/teacher/train/images_train/4429.jpg,0.81744695,0.25297248,0.06807547,0.41500000,0.69875000,0.58500000
4450,train,data/raw/teacher/train/images_train/4450.jpg,0.88794595,0.26257318,0.01740025,0.16166667,0.21250000,0.83833333
4474,train,data/raw/teacher/train/images_train/4474.jpg,0.81191814,0.31643766,0.05737680,0.29541667,0.46750000,0.70458333
4491,train,data/raw/teacher/train/images_train/4491.jpg,0.95917886,0.12050173,0.02386041,0.16104167,0.36229167,0.83895833
4510,train,data/raw/teacher/train/images_train/4510.jpg,0.96013975,0.10223586,0.01423548,0.16395833,0.32812500,0.83604167
4527,train,data/raw/teacher/train/images_train/4527.jpg,0.84033334,0.28949460,0.02728811,0.25229167,0.40625000,0.74770833
4546,train,data/raw/teacher/train/images_train/4546.jpg,0.84083283,0.28693503,0.02438130,0.24875000,0.37500000,0.75125000
4564,train,data/raw/teacher/train/images_train/4564.jpg,0.91290444,0.19746348,0.03536301,0.25708333,0.41437500,0.74291667
4588,train,data/raw/teacher/train/images_train/4588.jpg,0.75678831,0.32216281,0.02295820,0.38937500,0.48125000,0.61062500
4610,train,data/raw/teacher/train/images_train/4610.jpg,0.79452997,0.26713496,0.04113130,0.45937500,0.56000000,0.54062500
4630,train,data/raw/teacher/train/images_train/4630.jpg,0.89954203,0.23908316,0.03164572,0.16708333,0.26041667,0.83291667
4653,train,data/raw/teacher/train/images_train/4653.jpg,0.81556278,0.29321969,0.04386581,0.30791667,0.48958333,0.69208333
4674,train,data/raw/teacher/train/images_train/4674.jpg,0.87664640,0.26012060,0.04377412,0.23541667,0.31333333,0.76458333
4693,train,data/raw/teacher/train/images_train/4693.jpg,0.77956688,0.31557792,0.05543957,0.35875000,0.51333333,0.64125000
4714,train,data/raw/teacher/train/images_train/4714.jpg,0.71549022,0.33879626,0.10964584,0.45645833,0.65333333,0.54354167
4733,train,data/raw/teacher/train/images_train/4733.jpg,0.84245545,0.30440223,0.01948102,0.22125000,0.34375000,0.77875000
4750,train,data/raw/teacher/train/images_train/4750.jpg,0.84166706,0.19341809,0.05811076,0.46604167,0.65000000,0.53395833
4764,train,data/raw/teacher/train/images_train/4764.jpg,0.86585855,0.23075280,0.03959919,0.37312500,0.69125000,0.62687500
4779,train,data/raw/teacher/train/images_train/4779.jpg,0.90661234,0.18678589,0.02811696,0.27416667,0.86625000,0.72583333
4793,train,data/raw/teacher/train/images_train/4793.jpg,0.82724035,0.22690661,0.03635317,0.48000000,0.92166667,0.52000000
4819,train,data/raw/teacher/train/images_train/4819.jpg,0.80527407,0.32055107,0.03919497,0.30729167,0.58583333,0.69270833
4841,train,data/raw/teacher/train/images_train/4841.jpg,0.86816120,0.24468476,0.05663039,0.28875000,0.76375000,0.71125000
4858,train,data/raw/teacher/train/images_train/4858.jpg,0.92986351,0.16485554,0.05263248,0.19395833,0.55812500,0.80604167
4879,train,data/raw/teacher/train/images_train/4879.jpg,0.97875184,0.09716843,0.01151531,0.05500000,0.17083333,0.94500000
4901,train,data/raw/teacher/train/images_train/4901.jpg,0.95011759,0.12168058,0.01162338,0.16666667,0.26000000,0.83333333
4919,train,data/raw/teacher/train/images_train/4919.jpg,0.90076363,0.21670426,0.02701677,0.18583333,0.29250000,0.81416667
4934,train,data/raw/teacher/train/images_train/4934.jpg,0.94926757,0.12089654,0.02150245,0.16416667,0.22166667,0.83583333
4949,train,data/raw/teacher/train/images_train/4949.jpg,0.91430879,0.22240652,0.02074289,0.14041667,0.16000000,0.85958333
4966,train,data/raw/teacher/train/images_train/4966.jpg,0.71926785,0.20579611,0.02032000,0.34916667,0.49333333,0.65083333
4983,train,data/raw/teacher/train/images_train/4983.jpg,0.77752948,0.10271578,0.05562033,0.33604167,0.52000000,0.66395833
4997,train,data/raw/teacher/train/images_train/4997.jpg,0.81363893,0.33343053,0.02977590,0.25125000,0.38541667,0.74875000
5020,train,data/raw/teacher/train/images_train/5020.jpg,0.86440492,0.29468518,0.02816318,0.17833333,0.29250000,0.82166667
5067,train,data/raw/teacher/train/images_train/5067.jpg,0.67550689,0.35869762,0.05770086,0.50187500,0.70666667,0.49812500
5084,train,data/raw/teacher/train/images_train/5084.jpg,0.71453470,0.32783526,0.05336554,0.52083333,0.82875000,0.47916667
5111,train,data/raw/teacher/train/images_train/5111.jpg,0.77206284,0.28570136,0.04213408,0.44770833,0.75708333,0.55229167
5135,train,data/raw/teacher/train/images_train/5135.jpg,0.86266196,0.22545660,0.04064412,0.37312500,0.53625000,0.62687500
5151,train,data/raw/teacher/train/images_train/5151.jpg,0.87926048,0.23978083,0.03934858,0.26104167,0.49375000,0.73895833
5169,train,data/raw/teacher/train/images_train/5169.jpg,0.75029939,0.18709952,0.03949399,0.50645833,0.78333333,0.49354167
5189,train,data/raw/teacher/train/images_train/5189.jpg,0.75143832,0.32216173,0.08749906,0.45562500,0.85020833,0.54437500
5214,train,data/raw/teacher/train/images_train/5214.jpg,0.84051067,0.28018406,0.05054454,0.29979167,0.49000000,0.70020833
5232,train,data/raw/teacher/train/images_train/5232.jpg,0.72526217,0.31908786,0.05315279,0.46083333,0.72187500,0.53916667
5264,train,data/raw/teacher/train/images_train/5264.jpg,0.83253908,0.29122034,0.07760748,0.26979167,0.39000000,0.73020833
5285,train,data/raw/teacher/train/images_train/5285.jpg,0.82453501,0.22488613,0.03406529,0.44791667,0.68250000,0.55208333
5315,train,data/raw/teacher/train/images_train/5315.jpg,0.87710887,0.23062558,0.04224935,0.26250000,0.43562500,0.73750000
5348,train,data/raw/teacher/train/images_train/5348.jpg,0.65612066,0.28313777,0.02665492,0.40979167,0.64041667,0.59020833
5362,train,data/raw/teacher/train/images_train/5362.jpg,0.76377749,0.30698347,0.01973218,0.29708333,0.47937500,0.70291667
5377,train,data/raw/teacher/train/images_train/5377.jpg,0.71565288,0.22861826,0.04064624,0.38854167,0.64041667,0.61145833
5395,train,data/raw/teacher/train/images_train/5395.jpg,0.74476850,0.14793923,0.02167512,0.38437500,0.67500000,0.61562500
5412,train,data/raw/teacher/train/images_train/5412.jpg,0.93457258,0.15354392,0.01303157,0.17270833,0.23833333,0.82729167
5431,train,data/raw/teacher/train/images_train/5431.jpg,0.95469493,0.10659114,0.01982961,0.17916667,0.26916667,0.82083333
5446,train,data/raw/teacher/train/images_train/5446.jpg,0.83844674,0.20602790,0.01791921,0.40291667,0.45937500,0.59708333
5469,train,data/raw/teacher/train/images_train/5469.jpg,0.83458519,0.31053525,0.02945662,0.25333333,0.40625000,0.74666667
5490,train,data/raw/teacher/train/images_train/5490.jpg,0.89227498,0.17660005,0.03113275,0.46333333,0.74750000,0.53666667
5506,train,data/raw/teacher/train/images_train/5506.jpg,0.90135550,0.12185980,0.01607918,0.44583333,0.68000000,0.55416667
5537,train,data/raw/teacher/train/images_train/5537.jpg,0.83235556,0.30264613,0.03451758,0.25270833,0.42250000,0.74729167
5566,train,data/raw/teacher/train/images_train/5566.jpg,0.75573713,0.36810508,0.03646524,0.31958333,0.45833333,0.68041667
5584,train,data/raw/teacher/train/images_train/5584.jpg,0.81687450,0.33216971,0.04797021,0.27500000,0.43333333,0.72500000
5606,train,data/raw/teacher/train/images_train/5606.jpg,0.83690357,0.30158755,0.04893103,0.25604167,0.41666667,0.74395833
5625,train,data/raw/teacher/train/images_train/5625.jpg,0.92167950,0.18597695,0.03690939,0.17416667,0.28125000,0.82583333
5665,train,data/raw/teacher/train/images_train/5665.jpg,0.94164532,0.17293079,0.01261357,0.10645833,0.18375000,0.89354167
5688,train,data/raw/teacher/train/images_train/5688.jpg,0.71489245,0.18753099,0.01191295,0.36687500,0.61625000,0.63312500
5710,train,data/raw/teacher/train/images_train/5710.jpg,0.95130605,0.13057375,0.02348389,0.20145833,0.37500000,0.79854167
5731,train,data/raw/teacher/train/images_train/5731.jpg,0.89702070,0.19308618,0.03496085,0.25479167,0.37500000,0.74520833
5759,train,data/raw/teacher/train/images_train/5759.jpg,0.73833698,0.35485944,0.04818117,0.40062500,0.59250000,0.59937500
5781,train,data/raw/teacher/train/images_train/5781.jpg,0.93352765,0.17892243,0.01899769,0.13229167,0.21000000,0.86770833
5800,train,data/raw/teacher/train/images_train/5800.jpg,0.79159200,0.29120517,0.05804304,0.42750000,0.69875000,0.57250000
5816,train,data/raw/teacher/train/images_train/5816.jpg,0.90697706,0.16746862,0.03543769,0.29208333,0.64166667,0.70791667
5834,train,data/raw/teacher/train/images_train/5834.jpg,0.85552126,0.22702031,0.07647585,0.35583333,0.75708333,0.64416667
5851,train,data/raw/teacher/train/images_train/5851.jpg,0.82704639,0.30118370,0.06155731,0.28020833,0.54541667,0.71979167
5870,train,data/raw/teacher/train/images_train/5870.jpg,0.94267619,0.14119819,0.05313445,0.16479167,0.34000000,0.83520833
5892,train,data/raw/teacher/train/images_train/5892.jpg,0.92513013,0.16014718,0.02156123,0.25583333,0.55250000,0.74416667
5912,train,data/raw/teacher/train/images_train/5912.jpg,0.93285573,0.17578436,0.04620471,0.18625000,0.30625000,0.81375000
5931,train,data/raw/teacher/train/images_train/5931.jpg,0.94575727,0.14073414,0.03818622,0.21229167,0.40083333,0.78770833
5947,train,data/raw/teacher/train/images_train/5947.jpg,0.79769659,0.25540432,0.10663714,0.45916667,0.69875000,0.54083333
5969,train,data/raw/teacher/train/images_train/5969.jpg,0.75394148,0.28419757,0.05833434,0.47729167,0.67479167,0.52270833
5988,train,data/raw/teacher/train/images_train/5988.jpg,0.75176692,0.29196379,0.05373270,0.47229167,0.69125000,0.52770833
6006,train,data/raw/teacher/train/images_train/6006.jpg,0.79626191,0.27324459,0.05237658,0.46479167,0.70770833,0.53520833
6032,train,data/raw/teacher/train/images_train/6032.jpg,0.81673455,0.25862953,0.05311625,0.40041667,0.56875000,0.59958333
6055,train,data/raw/teacher/train/images_train/6055.jpg,0.67750704,0.18071374,0.02972766,0.49166667,0.70770833,0.50833333
6079,train,data/raw/teacher/train/images_train/6079.jpg,0.85903716,0.20055844,0.03468655,0.46645833,0.68250000,0.53354167
6099,train,data/raw/teacher/train/images_train/6099.jpg,0.79642344,0.26077309,0.05465896,0.45916667,0.66625000,0.54083333
6115,train,data/raw/teacher/train/images_train/6115.jpg,0.78477925,0.24837667,0.03933147,0.48020833,0.69875000,0.51979167
6134,train,data/raw/teacher/train/images_train/6134.jpg,0.84222108,0.29577300,0.03408619,0.23500000,0.34375000,0.76500000
6154,train,data/raw/teacher/train/images_train/6154.jpg,0.91195691,0.23896320,0.03272276,0.13395833,0.21000000,0.86604167
6173,train,data/raw/teacher/train/images_train/6173.jpg,0.93932283,0.15644675,0.04403813,0.16666667,0.30333333,0.83333333
6200,train,data/raw/teacher/train/images_train/6200.jpg,0.86486977,0.20152445,0.05903582,0.37583333,0.68250000,0.62416667
6220,train,data/raw/teacher/train/images_train/6220.jpg,0.82625461,0.19725366,0.03061314,0.48562500,0.68250000,0.51437500
6241,train,data/raw/teacher/train/images_train/6241.jpg,0.87789583,0.21197616,0.05083904,0.32104167,0.68250000,0.67895833
6259,train,data/raw/teacher/train/images_train/6259.jpg,0.87239361,0.21783550,0.06166193,0.32583333,0.53625000,0.67416667
6293,train,data/raw/teacher/train/images_train/6293.jpg,0.66323680,0.19831780,0.02980689,0.49833333,0.80000000,0.50166667
6315,train,data/raw/teacher/train/images_train/6315.jpg,0.87736899,0.27879742,0.04358593,0.17500000,0.30333333,0.82500000
6339,train,data/raw/teacher/train/images_train/6339.jpg,0.78009826,0.13330932,0.05145468,0.35479167,0.62937500,0.64520833
6360,train,data/raw/teacher/train/images_train/6360.jpg,0.92140311,0.19927551,0.03316915,0.17000000,0.34041667,0.83000000
6385,train,data/raw/teacher/train/images_train/6385.jpg,0.83171111,0.31391031,0.04405072,0.23708333,0.41166667,0.76291667
6405,train,data/raw/teacher/train/images_train/6405.jpg,0.86747122,0.26278231,0.05043559,0.22833333,0.42500000,0.77166667
6423,train,data/raw/teacher/train/images_train/6423.jpg,0.88787639,0.25792411,0.02786692,0.17500000,0.28166667,0.82500000
6442,train,data/raw/teacher/train/images_train/6442.jpg,0.91777748,0.20280285,0.02821549,0.15666667,0.27083333,0.84333333
6458,train,data/raw/teacher/train/images_train/6458.jpg,0.89920920,0.21626255,0.05374425,0.20937500,0.44791667,0.79062500
6480,train,data/raw/teacher/train/images_train/6480.jpg,0.73576373,0.32075888,0.04539743,0.45770833,0.71500000,0.54229167
6501,train,data/raw/teacher/train/images_train/6501.jpg,0.76065540,0.21345328,0.05605809,0.49166667,0.74062500,0.50833333
6521,train,data/raw/teacher/train/images_train/6521.jpg,0.69902855,0.37132192,0.03472956,0.40625000,0.72000000,0.59375000
6540,train,data/raw/teacher/train/images_train/6540.jpg,0.92897713,0.10304558,0.02745792,0.46354167,0.70666667,0.53645833
6560,train,data/raw/teacher/train/images_train/6560.jpg,0.62337017,0.41995591,0.03765828,0.46041667,0.56375000,0.53958333
6577,train,data/raw/teacher/train/images_train/6577.jpg,0.75228709,0.31163028,0.04179306,0.41458333,0.65625000,0.58541667
6595,train,data/raw/teacher/train/images_train/6595.jpg,0.72838074,0.36365202,0.04907446,0.40604167,0.59354167,0.59395833
6618,train,data/raw/teacher/train/images_train/6618.jpg,0.74779195,0.30008194,0.11268973,0.46875000,0.79625000,0.53125000
6642,train,data/raw/teacher/train/images_train/6642.jpg,0.91706866,0.17514330,0.03746800,0.24687500,0.40625000,0.75312500
6659,train,data/raw/teacher/train/images_train/6659.jpg,0.91363829,0.23957640,0.02040868,0.12791667,0.21500000,0.87208333
6681,train,data/raw/teacher/train/images_train/6681.jpg,0.96159911,0.10410558,0.01316868,0.17291667,0.33541667,0.82708333
6700,train,data/raw/teacher/train/images_train/6700.jpg,0.88921744,0.23303474,0.02882007,0.22458333,0.62666667,0.77541667
6715,train,data/raw/teacher/train/images_train/6715.jpg,0.87548566,0.21735765,0.03796474,0.33250000,0.70770833,0.66750000
6735,train,data/raw/teacher/train/images_train/6735.jpg,0.87684846,0.27889991,0.06021847,0.19958333,0.44791667,0.80041667
6757,train,data/raw/teacher/train/images_train/6757.jpg,0.82035649,0.21693526,0.03266612,0.48604167,0.69875000,0.51395833
6774,train,data/raw/teacher/train/images_train/6774.jpg,0.77252197,0.17188418,0.02784857,0.47875000,0.80645833,0.52125000
6794,train,data/raw/teacher/train/images_train/6794.jpg,0.77399737,0.30085358,0.05828300,0.43187500,0.69666667,0.56812500
6810,train,data/raw/teacher/train/images_train/6810.jpg,0.75356239,0.34884351,0.02860266,0.34854167,0.57291667,0.65145833
6834,train,data/raw/teacher/train/images_train/6834.jpg,0.83043987,0.19545597,0.01427051,0.45187500,0.55583333,0.54812500
6856,train,data/raw/teacher/train/images_train/6856.jpg,0.92163068,0.20121405,0.04315656,0.18750000,0.39312500,0.81250000
6874,train,data/raw/teacher/train/images_train/6874.jpg,0.86301404,0.21532477,0.02377246,0.34187500,0.45500000,0.65812500
6892,train,data/raw/teacher/train/images_train/6892.jpg,0.86991763,0.22312342,0.03728727,0.37187500,0.67479167,0.62812500
6908,train,data/raw/teacher/train/images_train/6908.jpg,0.77325183,0.31841201,0.05755084,0.41562500,0.65833333,0.58437500
6932,train,data/raw/teacher/train/images_train/6932.jpg,0.82662535,0.24917078,0.04387030,0.45416667,0.68250000,0.54583333
6951,train,data/raw/teacher/train/images_train/6951.jpg,0.75608772,0.30924684,0.05352374,0.44062500,0.69125000,0.55937500
6977,train,data/raw/teacher/train/images_train/6977.jpg,0.73525697,0.17312232,0.02719441,0.34520833,0.59354167,0.65479167
7002,train,data/raw/teacher/train/images_train/7002.jpg,0.78487462,0.29454562,0.06703123,0.40791667,0.65833333,0.59208333
7026,train,data/raw/teacher/train/images_train/7026.jpg,0.70704824,0.25721648,0.05802685,0.75854167,0.98750000,0.24145833
7043,train,data/raw/teacher/train/images_train/7043.jpg,0.83319479,0.05478926,0.00218948,0.34083333,0.60229167,0.65916667
7069,train,data/raw/teacher/train/images_train/7069.jpg,0.85327858,0.20702359,0.03257326,0.50875000,0.87750000,0.49125000
7087,train,data/raw/teacher/train/images_train/7087.jpg,0.90533000,0.23625802,0.01326070,0.14625000,0.15104167,0.85375000
7108,train,data/raw/teacher/train/images_train/7108.jpg,0.73161459,0.35143757,0.04199747,0.38458333,0.49875000,0.61541667
7127,train,data/raw/teacher/train/images_train/7127.jpg,0.78344053,0.27669576,0.03158453,0.47479167,0.71500000,0.52520833
7146,train,data/raw/teacher/train/images_train/7146.jpg,0.76019567,0.30448386,0.04879780,0.44083333,0.80645833,0.55916667
7166,train,data/raw/teacher/train/images_train/7166.jpg,0.81367034,0.22689302,0.03775809,0.47875000,0.70770833,0.52125000
7181,train,data/raw/teacher/train/images_train/7181.jpg,0.88474822,0.21032120,0.04999429,0.32145833,0.73125000,0.67854167
7202,train,data/raw/teacher/train/images_train/7202.jpg,0.80706775,0.27945969,0.08005962,0.41770833,0.68250000,0.58229167
7226,train,data/raw/teacher/train/images_train/7226.jpg,0.79903018,0.33180219,0.02984900,0.28000000,0.44791667,0.72000000
7241,train,data/raw/teacher/train/images_train/7241.jpg,0.81607574,0.31446850,0.02436566,0.26645833,0.44625000,0.73354167
7260,train,data/raw/teacher/train/images_train/7260.jpg,0.92281026,0.18081191,0.02105815,0.18750000,0.31250000,0.81250000
7277,train,data/raw/teacher/train/images_train/7277.jpg,0.74663562,0.31718761,0.06633434,0.46250000,0.65000000,0.53750000
7296,train,data/raw/teacher/train/images_train/7296.jpg,0.77164990,0.28322336,0.06402221,0.45500000,0.61750000,0.54500000
7314,train,data/raw/teacher/train/images_train/7314.jpg,0.84243882,0.25965598,0.03584290,0.38250000,0.52000000,0.61750000
7341,train,data/raw/teacher/train/images_train/7341.jpg,0.70920825,0.34302017,0.06185534,0.47083333,0.66625000,0.52916667
7366,train,data/raw/teacher/train/images_train/7366.jpg,0.81704766,0.33869019,0.02502744,0.24229167,0.38541667,0.75770833
7384,train,data/raw/teacher/train/images_train/7384.jpg,0.85100657,0.30965355,0.02195649,0.20020833,0.38250000,0.79979167
7398,train,data/raw/teacher/train/images_train/7398.jpg,0.89634573,0.23592895,0.01534594,0.17479167,0.30208333,0.82520833
7419,train,data/raw/teacher/train/images_train/7419.jpg,0.86586863,0.22902012,0.04432008,0.34416667,0.56666667,0.65583333
7440,train,data/raw/teacher/train/images_train/7440.jpg,0.58582222,0.26848835,0.04783450,0.52708333,0.71666667,0.47291667
7459,train,data/raw/teacher/train/images_train/7459.jpg,0.76674825,0.27693233,0.05695225,0.48250000,0.68250000,0.51750000
7493,train,data/raw/teacher/train/images_train/7493.jpg,0.83534032,0.21489657,0.01540666,0.37916667,0.49333333,0.62083333
7508,train,data/raw/teacher/train/images_train/7508.jpg,0.95755887,0.09372404,0.01870957,0.16312500,0.71041667,0.83687500
7527,train,data/raw/teacher/train/images_train/7527.jpg,0.96712685,0.06093875,0.00627807,0.14729167,0.67354167,0.85270833
7551,train,data/raw/teacher/train/images_train/7551.jpg,0.96118253,0.08808344,0.02036236,0.14104167,0.59729167,0.85895833
7565,train,data/raw/teacher/train/images_train/7565.jpg,0.68517220,0.38103664,0.04254003,0.41708333,0.63000000,0.58291667
7580,train,data/raw/teacher/train/images_train/7580.jpg,0.67139471,0.37799093,0.09507935,0.46875000,0.72000000,0.53125000
7600,train,data/raw/teacher/train/images_train/7600.jpg,0.92805463,0.14062065,0.01319021,0.24145833,0.37500000,0.75854167
7618,train,data/raw/teacher/train/images_train/7618.jpg,0.84049213,0.32768106,0.01985993,0.19666667,0.20833333,0.80333333
7638,train,data/raw/teacher/train/images_train/7638.jpg,0.87040365,0.27183750,0.02745381,0.19895833,0.23958333,0.80104167
7656,train,data/raw/teacher/train/images_train/7656.jpg,0.66402763,0.42091116,0.06329028,0.40416667,0.58187500,0.59583333
7675,train,data/raw/teacher/train/images_train/7675.jpg,0.78372699,0.27842236,0.02225147,0.38625000,0.49687500,0.61375000
7689,train,data/raw/teacher/train/images_train/7689.jpg,0.71238458,0.36128861,0.06404857,0.45979167,0.63375000,0.54020833
7703,train,data/raw/teacher/train/images_train/7703.jpg,0.76507902,0.33377534,0.05667185,0.40479167,0.58500000,0.59520833
7724,train,data/raw/teacher/train/images_train/7724.jpg,0.95331919,0.12942204,0.03570788,0.20291667,0.40375000,0.79708333
7748,train,data/raw/teacher/train/images_train/7748.jpg,0.83477968,0.30932009,0.05426995,0.25229167,0.39583333,0.74770833
7775,train,data/raw/teacher/train/images_train/7775.jpg,0.86588418,0.29024372,0.04005918,0.23229167,0.35062500,0.76770833
7793,train,data/raw/teacher/train/images_train/7793.jpg,0.71019632,0.32049671,0.04823900,0.49000000,0.69125000,0.51000000
7810,train,data/raw/teacher/train/images_train/7810.jpg,0.87866026,0.21658504,0.04441776,0.31958333,0.50000000,0.68041667
7831,train,data/raw/teacher/train/images_train/7831.jpg,0.73349047,0.32043114,0.05956979,0.44541667,0.60125000,0.55458333
7848,train,data/raw/teacher/train/images_train/7848.jpg,0.78634596,0.25632378,0.04788908,0.46458333,0.64187500,0.53541667
7864,train,data/raw/teacher/train/images_train/7864.jpg,0.83281624,0.32353070,0.02576724,0.21875000,0.36458333,0.78125000
7880,train,data/raw/teacher/train/images_train/7880.jpg,0.83718729,0.32227576,0.02507593,0.21354167,0.36125000,0.78645833
7906,train,data/raw/teacher/train/images_train/7906.jpg,0.70802093,0.34155884,0.06216649,0.48020833,0.65770833,0.51979167
7933,train,data/raw/teacher/train/images_train/7933.jpg,0.76278341,0.29262048,0.04538080,0.45833333,0.60125000,0.54166667
7952,train,data/raw/teacher/train/images_train/7952.jpg,0.81780660,0.27843124,0.05743757,0.37562500,0.62562500,0.62437500
7970,train,data/raw/teacher/train/images_train/7970.jpg,0.83326298,0.30975962,0.05326486,0.24958333,0.39000000,0.75041667
8040,train,data/raw/teacher/train/images_train/8040.jpg,0.88698274,0.21182318,0.04245989,0.25562500,0.69125000,0.74437500
8081,train,data/raw/teacher/train/images_train/8081.jpg,0.89032000,0.23023443,0.03406861,0.23979167,0.38250000,0.76020833
8102,train,data/raw/teacher/train/images_train/8102.jpg,0.77821290,0.26762334,0.06643119,0.46750000,0.57687500,0.53250000
8120,train,data/raw/teacher/train/images_train/8120.jpg,0.88478941,0.27285814,0.03200114,0.16354167,0.21083333,0.83645833
8147,train,data/raw/teacher/train/images_train/8147.jpg,0.80251294,0.26233283,0.05948519,0.46145833,0.65000000,0.53854167
8167,train,data/raw/teacher/train/images_train/8167.jpg,0.83190691,0.26478690,0.05889061,0.43541667,0.66666667,0.56458333
8196,train,data/raw/teacher/train/images_train/8196.jpg,0.70854014,0.33679521,0.05746141,0.47645833,0.66625000,0.52354167
8221,train,data/raw/teacher/train/images_train/8221.jpg,0.87930340,0.22528584,0.10524214,0.30520833,0.62125000,0.69479167
8256,train,data/raw/teacher/train/images_train/8256.jpg,0.95331174,0.15452516,0.04389003,0.10229167,0.37187500,0.89770833
8280,train,data/raw/teacher/train/images_train/8280.jpg,0.83389068,0.22885124,0.04356293,0.42708333,0.62541667,0.57291667
8309,train,data/raw/teacher/train/images_train/8309.jpg,0.88821012,0.26007316,0.03828926,0.17687500,0.24916667,0.82312500
8331,train,data/raw/teacher/train/images_train/8331.jpg,0.90911806,0.22465205,0.05679204,0.16208333,0.26812500,0.83791667
8352,train,data/raw/teacher/train/images_train/8352.jpg,0.66896790,0.37985709,0.03487254,0.44208333,0.51958333,0.55791667
8378,train,data/raw/teacher/train/images_train/8378.jpg,0.95373595,0.09811344,0.00739881,0.19583333,0.28437500,0.80416667
8391,train,data/raw/teacher/train/images_train/8391.jpg,0.75857759,0.32300627,0.05444670,0.43250000,0.69125000,0.56750000
8408,train,data/raw/teacher/train/images_train/8408.jpg,0.75353050,0.31879282,0.04878559,0.43062500,0.65833333,0.56937500
8439,train,data/raw/teacher/train/images_train/8439.jpg,0.74870366,0.33181638,0.05030470,0.44437500,0.64166667,0.55562500
8460,train,data/raw/teacher/train/images_train/8460.jpg,0.75184870,0.32002664,0.04031566,0.42604167,0.54541667,0.57395833
8479,train,data/raw/teacher/train/images_train/8479.jpg,0.92832792,0.15617457,0.02311539,0.27687500,0.47125000,0.72312500
8495,train,data/raw/teacher/train/images_train/8495.jpg,0.84570158,0.26873255,0.04303209,0.37625000,0.58500000,0.62375000
8519,train,data/raw/teacher/train/images_train/8519.jpg,0.89772034,0.17389393,0.02579780,0.28083333,0.47937500,0.71916667
8532,train,data/raw/teacher/train/images_train/8532.jpg,0.91372234,0.16455479,0.03485237,0.26833333,0.41666667,0.73166667
8585,train,data/raw/teacher/train/images_train/8585.jpg,0.78835517,0.24950835,0.07633704,0.47833333,0.72416667,0.52166667
8607,train,data/raw/teacher/train/images_train/8607.jpg,0.77862430,0.27446157,0.05679281,0.45000000,0.66666667,0.55000000
8636,train,data/raw/teacher/train/images_train/8636.jpg,0.96824259,0.14265348,0.02530862,0.05625000,0.23000000,0.94375000
8660,train,data/raw/teacher/train/images_train/8660.jpg,0.97579795,0.09798604,0.01606709,0.06666667,0.17250000,0.93333333
8681,train,data/raw/teacher/train/images_train/8681.jpg,0.96357501,0.12619795,0.03322049,0.08166667,0.21083333,0.91833333
8699,train,data/raw/teacher/train/images_train/8699.jpg,0.90569133,0.24805132,0.07052475,0.13770833,0.26437500,0.86229167
8719,train,data/raw/teacher/train/images_train/8719.jpg,0.85053122,0.18455386,0.02852728,0.48854167,0.71666667,0.51145833
8746,train,data/raw/teacher/train/images_train/8746.jpg,0.94682515,0.18250632,0.04375495,0.09333333,0.16041667,0.90666667
8775,train,data/raw/teacher/train/images_train/8775.jpg,0.83108157,0.21727893,0.04375058,0.47479167,0.65833333,0.52520833
8793,train,data/raw/teacher/train/images_train/8793.jpg,0.79151064,0.24647410,0.03782351,0.46041667,0.71666667,0.53958333
8810,train,data/raw/teacher/train/images_train/8810.jpg,0.85430777,0.20661765,0.06028739,0.41562500,0.63375000,0.58437500
8834,train,data/raw/teacher/train/images_train/8834.jpg,0.75806057,0.34715661,0.04550608,0.34333333,0.49375000,0.65666667
8856,train,data/raw/teacher/train/images_train/8856.jpg,0.82070464,0.27594835,0.03835434,0.45312500,0.65833333,0.54687500
8888,train,data/raw/teacher/train/images_train/8888.jpg,0.81933808,0.28242192,0.03542258,0.46604167,0.69875000,0.53395833
8911,train,data/raw/teacher/train/images_train/8911.jpg,0.86508626,0.23026913,0.02170123,0.29729167,0.45687500,0.70270833
8932,train,data/raw/teacher/train/images_train/8932.jpg,0.89644551,0.25618416,0.04726905,0.15104167,0.18125000,0.84895833
8958,train,data/raw/teacher/train/images_train/8958.jpg,0.85197783,0.25775993,0.01437544,0.26645833,0.30250000,0.73354167
8977,train,data/raw/teacher/train/images_train/8977.jpg,0.85207868,0.30406284,0.03475139,0.21187500,0.37208333,0.78812500
8998,train,data/raw/teacher/train/images_train/8998.jpg,0.80570030,0.35496154,0.04352885,0.25541667,0.43125000,0.74458333
9016,train,data/raw/teacher/train/images_train/9016.jpg,0.74541956,0.21069214,0.01306131,0.23083333,0.33333333,0.76916667
9032,train,data/raw/teacher/train/images_train/9032.jpg,0.85739279,0.28906277,0.03093220,0.21125000,0.34375000,0.78875000
9047,train,data/raw/teacher/train/images_train/9047.jpg,0.87687105,0.27993217,0.07347606,0.19020833,0.31875000,0.80979167
9064,train,data/raw/teacher/train/images_train/9064.jpg,0.77639061,0.30580923,0.04681149,0.50375000,0.73333333,0.49625000
9089,train,data/raw/teacher/train/images_train/9089.jpg,0.81906158,0.31313196,0.04185988,0.29604167,0.54187500,0.70395833
9109,train,data/raw/teacher/train/images_train/9109.jpg,0.81191015,0.33469647,0.04676519,0.26270833,0.43750000,0.73729167
9127,train,data/raw/teacher/train/images_train/9127.jpg,0.93092477,0.16256200,0.02397398,0.19729167,0.33291667,0.80270833
9144,train,data/raw/teacher/train/images_train/9144.jpg,0.85234529,0.23292664,0.02619724,0.32020833,0.60000000,0.67979167
9166,train,data/raw/teacher/train/images_train/9166.jpg,0.77275318,0.30559298,0.04562443,0.38895833,0.60895833,0.61104167
9187,train,data/raw/teacher/train/images_train/9187.jpg,0.77863759,0.32547870,0.05149156,0.34875000,0.60000000,0.65125000
9211,train,data/raw/teacher/train/images_train/9211.jpg,0.90716952,0.18977551,0.02264758,0.22645833,0.35062500,0.77354167
9229,train,data/raw/teacher/train/images_train/9229.jpg,0.83042878,0.28553221,0.02881108,0.38437500,0.62541667,0.61562500
9250,train,data/raw/teacher/train/images_train/9250.jpg,0.85473287,0.18718284,0.03579742,0.49458333,0.70770833,0.50541667
9268,train,data/raw/teacher/train/images_train/9268.jpg,0.81200194,0.22734153,0.07695643,0.48000000,0.66625000,0.52000000
9334,train,data/raw/teacher/train/images_train/9334.jpg,0.77898794,0.31162298,0.05764456,0.43541667,0.59250000,0.56458333
9357,train,data/raw/teacher/train/images_train/9357.jpg,0.82096589,0.30460796,0.05878846,0.34916667,0.61458333,0.65083333
9374,train,data/raw/teacher/train/images_train/9374.jpg,0.90622640,0.14351387,0.01292741,0.34145833,0.48854167,0.65854167
9396,train,data/raw/teacher/train/images_train/9396.jpg,0.83957195,0.30981040,0.03020139,0.23166667,0.36416667,0.76833333
9418,train,data/raw/teacher/train/images_train/9418.jpg,0.76234591,0.28181660,0.04408725,0.47500000,0.69125000,0.52500000
9437,train,data/raw/teacher/train/images_train/9437.jpg,0.71712983,0.37557715,0.05500924,0.36291667,0.46666667,0.63708333
9456,train,data/raw/teacher/train/images_train/9456.jpg,0.76030433,0.28888804,0.04316195,0.51375000,0.78333333,0.48625000
9472,train,data/raw/teacher/train/images_train/9472.jpg,0.76510423,0.27815896,0.04618134,0.51958333,0.73333333,0.48041667
9494,train,data/raw/teacher/train/images_train/9494.jpg,0.67774159,0.36794272,0.08516116,0.44583333,0.61500000,0.55416667
9514,train,data/raw/teacher/train/images_train/9514.jpg,0.74917793,0.29440254,0.04364489,0.48604167,0.69125000,0.51395833
9541,train,data/raw/teacher/train/images_train/9541.jpg,0.66182005,0.41548893,0.06479552,0.41541667,0.67604167,0.58458333
9571,train,data/raw/teacher/train/images_train/9571.jpg,0.79955190,0.30704966,0.05097812,0.29979167,0.66583333,0.70020833
9590,train,data/raw/teacher/train/images_train/9590.jpg,0.82401896,0.26995140,0.04449891,0.36312500,0.66625000,0.63687500
9612,train,data/raw/teacher/train/images_train/9612.jpg,0.83623523,0.29962373,0.03741395,0.44291667,0.65000000,0.55708333
9633,train,data/raw/teacher/train/images_train/9633.jpg,0.79635161,0.30129781,0.03908778,0.47333333,0.66666667,0.52666667
9655,train,data/raw/teacher/train/images_train/9655.jpg,0.66662753,0.36392498,0.06161746,0.49354167,0.72416667,0.50645833
9683,train,data/raw/teacher/train/images_train/9683.jpg,0.68965846,0.36059925,0.06928517,0.48875000,0.70770833,0.51125000
9702,train,data/raw/teacher/train/images_train/9702.jpg,0.85119200,0.27505243,0.01917869,0.23812500,0.37916667,0.76187500
9733,train,data/raw/teacher/train/images_train/9733.jpg,0.81807405,0.23086321,0.08754485,0.48166667,0.69875000,0.51833333
9769,train,data/raw/teacher/train/images_train/9769.jpg,0.82035476,0.31235912,0.04742042,0.27354167,0.41145833,0.72645833
9791,train,data/raw/teacher/train/images_train/9791.jpg,0.72307515,0.31154811,0.04058123,0.47395833,0.69875000,0.52604167
9818,train,data/raw/teacher/train/images_train/9818.jpg,0.79547900,0.26762891,0.03945635,0.43375000,0.63375000,0.56625000
9834,train,data/raw/teacher/train/images_train/9834.jpg,0.86237526,0.20628394,0.03850438,0.40645833,0.56875000,0.59354167
9860,train,data/raw/teacher/train/images_train/9860.jpg,0.75027066,0.30708557,0.07134163,0.47041667,0.63375000,0.52958333
9892,train,data/raw/teacher/train/images_train/9892.jpg,0.90620232,0.18668981,0.02057744,0.32104167,0.61750000,0.67895833
9920,train,data/raw/teacher/train/images_train/9920.jpg,0.81885093,0.28606099,0.04801618,0.29916667,0.50916667,0.70083333
9941,train,data/raw/teacher/train/images_train/9941.jpg,0.77885556,0.28129891,0.04643026,0.45145833,0.67375000,0.54854167
9959,train,data/raw/teacher/train/images_train/9959.jpg,0.66982871,0.33641705,0.02796704,0.50041667,0.74812500,0.49958333
9980,train,data/raw/teacher/train/images_train/9980.jpg,0.49713144,0.46041751,0.06769204,0.56395833,0.69562500,0.43604167
9998,train,data/raw/teacher/train/images_train/9998.jpg,0.93277097,0.15223543,0.01138914,0.17791667,0.27500000,0.82208333
10016,train,data/raw/teacher/train/images_train/10016.jpg,0.91413766,0.14135422,0.04686614,0.31500000,0.51666667,0.68500000
10032,train,data/raw/teacher/train/images_train/10032.jpg,0.62834615,0.44397897,0.06589321,0.43208333,0.68750000,0.56791667
10049,train,data/raw/teacher/train/images_train/10049.jpg,0.71796125,0.33271322,0.05882411,0.49687500,0.70000000,0.50312500
10071,train,data/raw/teacher/train/images_train/10071.jpg,0.89825255,0.21537423,0.03724784,0.24270833,0.56875000,0.75729167
10095,train,data/raw/teacher/train/images_train/10095.jpg,0.87262738,0.25080651,0.02414132,0.23416667,0.37187500,0.76583333
10114,train,data/raw/teacher/train/images_train/10114.jpg,0.85186189,0.30899835,0.02976716,0.19833333,0.34000000,0.80166667
10143,train,data/raw/teacher/train/images_train/10143.jpg,0.84413320,0.29598862,0.02249254,0.22875000,0.35750000,0.77125000
10164,train,data/raw/teacher/train/images_train/10164.jpg,0.79624194,0.22868732,0.06042710,0.51770833,0.70500000,0.48229167
10183,train,data/raw/teacher/train/images_train/10183.jpg,0.95682395,0.13684915,0.02739113,0.15270833,0.29708333,0.84729167
10203,train,data/raw/teacher/train/images_train/10203.jpg,0.76774234,0.31760138,0.04217294,0.36083333,0.73979167,0.63916667
10225,train,data/raw/teacher/train/images_train/10225.jpg,0.84906471,0.20926310,0.02414113,0.35833333,0.68000000,0.64166667
10247,train,data/raw/teacher/train/images_train/10247.jpg,0.76547718,0.29293704,0.05102041,0.41395833,0.65312500,0.58604167
10267,train,data/raw/teacher/train/images_train/10267.jpg,0.85403872,0.29769707,0.02515508,0.21916667,0.35416667,0.78083333
10287,train,data/raw/teacher/train/images_train/10287.jpg,0.97764605,0.07692089,0.00864739,0.09666667,0.15666667,0.90333333
10304,train,data/raw/teacher/train/images_train/10304.jpg,0.89713866,0.24213153,0.01988175,0.16375000,0.26000000,0.83625000
10325,train,data/raw/teacher/train/images_train/10325.jpg,0.64881408,0.37090707,0.04755064,0.49562500,0.72916667,0.50437500
10348,train,data/raw/teacher/train/images_train/10348.jpg,0.86159778,0.20826937,0.03937165,0.47395833,0.70000000,0.52604167
10373,train,data/raw/teacher/train/images_train/10373.jpg,0.68546796,0.37027779,0.06318786,0.47729167,0.67479167,0.52270833
10396,train,data/raw/teacher/train/images_train/10396.jpg,0.48762920,0.38686576,0.03684552,0.64916667,0.73958333,0.35083333
10415,train,data/raw/teacher/train/images_train/10415.jpg,0.85298216,0.21477546,0.07377917,0.45000000,0.62541667,0.55000000
10436,train,data/raw/teacher/train/images_train/10436.jpg,0.81009328,0.23526587,0.07003062,0.45541667,0.68333333,0.54458333
10451,train,data/raw/teacher/train/images_train/10451.jpg,0.80297524,0.23252878,0.05179043,0.48354167,0.66666667,0.51645833
10468,train,data/raw/teacher/train/images_train/10468.jpg,0.82168895,0.23224309,0.08255523,0.44291667,0.65833333,0.55708333
10485,train,data/raw/teacher/train/images_train/10485.jpg,0.78008866,0.30149040,0.05347541,0.38333333,0.61750000,0.61666667
10504,train,data/raw/teacher/train/images_train/10504.jpg,0.85417563,0.24386941,0.06935030,0.33458333,0.61666667,0.66541667
10570,train,data/raw/teacher/train/images_train/10570.jpg,0.80127734,0.24553634,0.05178051,0.46166667,0.63375000,0.53833333
10585,train,data/raw/teacher/train/images_train/10585.jpg,0.56172955,0.38690788,0.06171970,0.57770833,0.72479167,0.42229167
10608,train,data/raw/teacher/train/images_train/10608.jpg,0.79759163,0.29217497,0.09228216,0.45937500,0.66562500,0.54062500
10629,train,data/raw/teacher/train/images_train/10629.jpg,0.85665447,0.30435973,0.03335434,0.19875000,0.31416667,0.80125000
10649,train,data/raw/teacher/train/images_train/10649.jpg,0.96695274,0.05820850,0.00260635,0.25854167,0.42104167,0.74145833
10684,train,data/raw/teacher/train/images_train/10684.jpg,0.95527893,0.11071138,0.01083726,0.16416667,0.26812500,0.83583333
10708,train,data/raw/teacher/train/images_train/10708.jpg,0.69748545,0.38830227,0.06821028,0.40458333,0.62687500,0.59541667
10729,train,data/raw/teacher/train/images_train/10729.jpg,0.72035182,0.39945796,0.06477792,0.34562500,0.63250000,0.65437500
10748,train,data/raw/teacher/train/images_train/10748.jpg,0.94876730,0.15596838,0.01971898,0.10812500,0.17062500,0.89187500
10766,train,data/raw/teacher/train/images_train/10766.jpg,0.94911742,0.15478985,0.02597052,0.12625000,0.19500000,0.87375000
10787,train,data/raw/teacher/train/images_train/10787.jpg,0.79335809,0.28383642,0.05988491,0.47020833,0.66666667,0.52979167
10803,train,data/raw/teacher/train/images_train/10803.jpg,0.80759126,0.25056547,0.08148111,0.45979167,0.66625000,0.54020833
10825,train,data/raw/teacher/train/images_train/10825.jpg,0.80177855,0.23275313,0.03178564,0.47916667,0.68250000,0.52083333
10843,train,data/raw/teacher/train/images_train/10843.jpg,0.81251091,0.26624203,0.03445297,0.44729167,0.61750000,0.55270833
10870,train,data/raw/teacher/train/images_train/10870.jpg,0.77109700,0.30165058,0.05729701,0.43020833,0.60125000,0.56979167
10987,train,data/raw/teacher/train/images_train/10987.jpg,0.70170158,0.35098758,0.05599672,0.47416667,0.65000000,0.52583333
11005,train,data/raw/teacher/train/images_train/11005.jpg,0.54323339,0.37220818,0.08190069,0.62312500,0.76916667,0.37687500
11026,train,data/raw/teacher/train/images_train/11026.jpg,0.75407928,0.32371983,0.07959174,0.42312500,0.74750000,0.57687500
11045,train,data/raw/teacher/train/images_train/11045.jpg,0.84276634,0.23646173,0.02918378,0.48416667,0.67479167,0.51583333
11062,train,data/raw/teacher/train/images_train/11062.jpg,0.69568861,0.32963654,0.05138561,0.51479167,0.74750000,0.48520833
11079,train,data/raw/teacher/train/images_train/11079.jpg,0.73045713,0.29665697,0.06247402,0.50104167,0.71666667,0.49895833
11092,train,data/raw/teacher/train/images_train/11092.jpg,0.79091460,0.27077261,0.06610493,0.45875000,0.65833333,0.54125000
11115,train,data/raw/teacher/train/images_train/11115.jpg,0.66189486,0.36336926,0.05998621,0.50500000,0.72416667,0.49500000
11133,train,data/raw/teacher/train/images_train/11133.jpg,0.62839061,0.37285945,0.10496551,0.57041667,0.73958333,0.42958333
11151,train,data/raw/teacher/train/images_train/11151.jpg,0.95875776,0.10896890,0.00585935,0.13354167,0.52937500,0.86645833
11167,train,data/raw/teacher/train/images_train/11167.jpg,0.63825697,0.38776216,0.06684311,0.49916667,0.71500000,0.50083333
11205,train,data/raw/teacher/train/images_train/11205.jpg,0.60947537,0.36512014,0.05152466,0.56729167,0.71458333,0.43270833
11229,train,data/raw/teacher/train/images_train/11229.jpg,0.92767173,0.13485858,0.03677682,0.27166667,0.46666667,0.72833333
11258,train,data/raw/teacher/train/images_train/11258.jpg,0.80553526,0.31197819,0.03318480,0.39062500,0.53625000,0.60937500
11276,train,data/raw/teacher/train/images_train/11276.jpg,0.63939434,0.40183479,0.06037171,0.46083333,0.69750000,0.53916667
11292,train,data/raw/teacher/train/images_train/11292.jpg,0.81892484,0.27483341,0.04467569,0.36875000,0.56875000,0.63125000
11307,train,data/raw/teacher/train/images_train/11307.jpg,0.83032501,0.24930243,0.03250503,0.35083333,0.67479167,0.64916667
11334,train,data/raw/teacher/train/images_train/11334.jpg,0.78910625,0.30404875,0.05118401,0.39291667,0.62541667,0.60708333
11354,train,data/raw/teacher/train/images_train/11354.jpg,0.82583266,0.24319999,0.04196672,0.38812500,0.66625000,0.61187500
11372,train,data/raw/teacher/train/images_train/11372.jpg,0.81164324,0.26865041,0.03718675,0.47375000,0.65833333,0.52625000
11388,train,data/raw/teacher/train/images_train/11388.jpg,0.69648975,0.35519305,0.04657201,0.47333333,0.66625000,0.52666667
11413,train,data/raw/teacher/train/images_train/11413.jpg,0.73530388,0.31485724,0.04300408,0.45083333,0.65770833,0.54916667
11428,train,data/raw/teacher/train/images_train/11428.jpg,0.71447861,0.38770866,0.04425037,0.41375000,0.59250000,0.58625000
11445,train,data/raw/teacher/train/images_train/11445.jpg,0.83229738,0.25846452,0.05846659,0.40020833,0.65000000,0.59979167
11466,train,data/raw/teacher/train/images_train/11466.jpg,0.73850268,0.32219276,0.04513637,0.46312500,0.63375000,0.53687500
11489,train,data/raw/teacher/train/images_train/11489.jpg,0.63217241,0.35067937,0.05775779,0.61979167,0.73958333,0.38020833
11510,train,data/raw/teacher/train/images_train/11510.jpg,0.95330322,0.14934754,0.02347833,0.11104167,0.25875000,0.88895833
11535,train,data/raw/teacher/train/images_train/11535.jpg,0.89333385,0.19833165,0.03575844,0.35479167,0.51666667,0.64520833
11554,train,data/raw/teacher/train/images_train/11554.jpg,0.85706520,0.20692204,0.03107516,0.38229167,0.68333333,0.61770833
11571,train,data/raw/teacher/train/images_train/11571.jpg,0.82556826,0.23745364,0.03356198,0.40375000,0.63333333,0.59625000
11590,train,data/raw/teacher/train/images_train/11590.jpg,0.88561463,0.19599780,0.03695727,0.36583333,0.50000000,0.63416667
11607,train,data/raw/teacher/train/images_train/11607.jpg,0.92700827,0.15554859,0.02074787,0.35541667,0.52666667,0.64458333
11635,train,data/raw/teacher/train/images_train/11635.jpg,0.70703131,0.34178030,0.14876248,0.53145833,0.78395833,0.46854167
11654,train,data/raw/teacher/train/images_train/11654.jpg,0.85982054,0.23523587,0.05176767,0.33020833,0.53625000,0.66979167
11678,train,data/raw/teacher/train/images_train/11678.jpg,0.77637219,0.27282077,0.07865544,0.48979167,0.73333333,0.51020833
11697,train,data/raw/teacher/train/images_train/11697.jpg,0.80807251,0.22727977,0.06974562,0.49062500,0.70770833,0.50937500
11712,train,data/raw/teacher/train/images_train/11712.jpg,0.90707660,0.15248273,0.02441748,0.39000000,0.72416667,0.61000000
11732,train,data/raw/teacher/train/images_train/11732.jpg,0.75281698,0.32234478,0.06267945,0.45729167,0.66625000,0.54270833
11750,train,data/raw/teacher/train/images_train/11750.jpg,0.75430965,0.33052963,0.03968951,0.42000000,0.71500000,0.58000000
11774,train,data/raw/teacher/train/images_train/11774.jpg,0.85076547,0.18658713,0.03775124,0.46437500,0.69875000,0.53562500
11803,train,data/raw/teacher/train/images_train/11803.jpg,0.82992423,0.24786843,0.08468461,0.39958333,0.58333333,0.60041667
11846,train,data/raw/teacher/train/images_train/11846.jpg,0.90988868,0.21000551,0.01656200,0.16708333,0.27083333,0.83291667
11865,train,data/raw/teacher/train/images_train/11865.jpg,0.93915790,0.17955661,0.03718391,0.14750000,0.26562500,0.85250000
11881,train,data/raw/teacher/train/images_train/11881.jpg,0.87992150,0.25418463,0.02162872,0.19562500,0.32937500,0.80437500
11899,train,data/raw/teacher/train/images_train/11899.jpg,0.85908073,0.28178215,0.01519587,0.21500000,0.34000000,0.78500000
11919,train,data/raw/teacher/train/images_train/11919.jpg,0.87018251,0.26763710,0.02439957,0.20520833,0.37500000,0.79479167
11937,train,data/raw/teacher/train/images_train/11937.jpg,0.89463603,0.23681195,0.01906320,0.16708333,0.26562500,0.83291667
11953,train,data/raw/teacher/train/images_train/11953.jpg,0.90403634,0.18321846,0.02005806,0.23354167,0.37916667,0.76645833
11968,train,data/raw/teacher/train/images_train/11968.jpg,0.86759543,0.27738294,0.02161778,0.19625000,0.31250000,0.80375000
11990,train,data/raw/teacher/train/images_train/11990.jpg,0.76127762,0.29691148,0.04016979,0.47062500,0.70770833,0.52937500
12010,train,data/raw/teacher/train/images_train/12010.jpg,0.84347624,0.28061110,0.03179723,0.33708333,0.63375000,0.66291667
12033,train,data/raw/teacher/train/images_train/12033.jpg,0.82058179,0.27203265,0.03561939,0.48437500,0.70770833,0.51562500
12055,train,data/raw/teacher/train/images_train/12055.jpg,0.76028270,0.32952133,0.04276314,0.44812500,0.67375000,0.55187500
12072,train,data/raw/teacher/train/images_train/12072.jpg,0.87816852,0.20498523,0.08876760,0.34395833,0.55958333,0.65604167
12088,train,data/raw/teacher/train/images_train/12088.jpg,0.81727529,0.25827175,0.03283494,0.36187500,0.50375000,0.63812500
12108,train,data/raw/teacher/train/images_train/12108.jpg,0.89032388,0.20311642,0.03880116,0.34291667,0.69875000,0.65708333
12124,train,data/raw/teacher/train/images_train/12124.jpg,0.77811861,0.30444568,0.04377765,0.38750000,0.53625000,0.61250000
12141,train,data/raw/teacher/train/images_train/12141.jpg,0.71875018,0.38585752,0.05689973,0.37458333,0.59250000,0.62541667
12158,train,data/raw/teacher/train/images_train/12158.jpg,0.85650128,0.26129416,0.03832524,0.25687500,0.72833333,0.74312500
12176,train,data/raw/teacher/train/images_train/12176.jpg,0.79984683,0.24784073,0.08456805,0.46687500,0.66625000,0.53312500
12194,train,data/raw/teacher/train/images_train/12194.jpg,0.76779145,0.30698738,0.08006032,0.43041667,0.64187500,0.56958333
12218,train,data/raw/teacher/train/images_train/12218.jpg,0.89248812,0.15886150,0.02339445,0.37770833,0.65833333,0.62229167
12239,train,data/raw/teacher/train/images_train/12239.jpg,0.66647512,0.36453179,0.06729079,0.48833333,0.72416667,0.51166667
12263,train,data/raw/teacher/train/images_train/12263.jpg,0.80273569,0.25795597,0.04655493,0.45416667,0.70770833,0.54583333
12286,train,data/raw/teacher/train/images_train/12286.jpg,0.78681964,0.31608796,0.04439694,0.34479167,0.68333333,0.65520833
12321,train,data/raw/teacher/train/images_train/12321.jpg,0.85273814,0.24472803,0.03078100,0.43354167,0.67375000,0.56645833
12361,train,data/raw/teacher/train/images_train/12361.jpg,0.59879690,0.29819170,0.02638167,0.67208333,0.72000000,0.32791667
12396,train,data/raw/teacher/train/images_train/12396.jpg,0.68534487,0.40778086,0.10743205,0.39958333,0.60666667,0.60041667
12418,train,data/raw/teacher/train/images_train/12418.jpg,0.81685621,0.33804548,0.01720994,0.23583333,0.26208333,0.76416667
12437,train,data/raw/teacher/train/images_train/12437.jpg,0.83683842,0.32483917,0.03420842,0.21187500,0.29041667,0.78812500
12456,train,data/raw/teacher/train/images_train/12456.jpg,0.82492167,0.32689828,0.03565894,0.24500000,0.29708333,0.75500000
12483,train,data/raw/teacher/train/images_train/12483.jpg,0.89854228,0.18866952,0.01640406,0.24666667,0.39312500,0.75333333
12505,train,data/raw/teacher/train/images_train/12505.jpg,0.69972962,0.36367676,0.05521364,0.44375000,0.72187500,0.55625000
12532,train,data/raw/teacher/train/images_train/12532.jpg,0.70429260,0.35799637,0.08156639,0.45875000,0.81812500,0.54125000
12556,train,data/raw/teacher/train/images_train/12556.jpg,0.79486591,0.25323069,0.04537948,0.47541667,0.69875000,0.52458333
12584,train,data/raw/teacher/train/images_train/12584.jpg,0.97884351,0.04998994,0.00332560,0.18687500,0.27708333,0.81312500
12600,train,data/raw/teacher/train/images_train/12600.jpg,0.86756122,0.29443765,0.03071991,0.18395833,0.28500000,0.81604167
12623,train,data/raw/teacher/train/images_train/12623.jpg,0.81405360,0.23625170,0.05080399,0.44854167,0.64187500,0.55145833
12645,train,data/raw/teacher/train/images_train/12645.jpg,0.77512068,0.28238836,0.06000200,0.45750000,0.61750000,0.54250000
12661,train,data/raw/teacher/train/images_train/12661.jpg,0.86877388,0.17106287,0.05225335,0.45666667,0.66625000,0.54333333
12678,train,data/raw/teacher/train/images_train/12678.jpg,0.83842540,0.22742736,0.03170608,0.37312500,0.60958333,0.62687500
12705,train,data/raw/teacher/train/images_train/12705.jpg,0.92590737,0.16734956,0.02891567,0.23833333,0.39312500,0.76166667
12721,train,data/raw/teacher/train/images_train/12721.jpg,0.85092711,0.28576910,0.04692732,0.23250000,0.42250000,0.76750000
12743,train,data/raw/teacher/train/images_train/12743.jpg,0.84197932,0.25007695,0.02907852,0.30145833,0.39750000,0.69854167
12768,train,data/raw/teacher/train/images_train/12768.jpg,0.79680037,0.26090127,0.04423525,0.42479167,0.60958333,0.57520833
12785,train,data/raw/teacher/train/images_train/12785.jpg,0.83752167,0.23863855,0.05601589,0.40583333,0.60958333,0.59416667
12807,train,data/raw/teacher/train/images_train/12807.jpg,0.79958200,0.26161054,0.02896313,0.38270833,0.55208333,0.61729167
12828,train,data/raw/teacher/train/images_train/12828.jpg,0.79491627,0.30364487,0.05171135,0.35895833,0.59354167,0.64104167
12844,train,data/raw/teacher/train/images_train/12844.jpg,0.92667055,0.13897486,0.04394483,0.26625000,0.40145833,0.73375000
12878,train,data/raw/teacher/train/images_train/12878.jpg,0.84162468,0.31347057,0.02743734,0.21708333,0.32937500,0.78291667
12900,train,data/raw/teacher/train/images_train/12900.jpg,0.84773928,0.27991918,0.05212744,0.26020833,0.41437500,0.73979167
12926,train,data/raw/teacher/train/images_train/12926.jpg,0.89693582,0.24190030,0.03262688,0.18708333,0.30812500,0.81291667
12955,train,data/raw/teacher/train/images_train/12955.jpg,0.81853914,0.33530781,0.06543528,0.24312500,0.41166667,0.75687500
12975,train,data/raw/teacher/train/images_train/12975.jpg,0.93466550,0.14289652,0.03072401,0.22645833,0.39000000,0.77354167
12995,train,data/raw/teacher/train/images_train/12995.jpg,0.86685699,0.24333283,0.01838788,0.24416667,0.41166667,0.75583333
13036,train,data/raw/teacher/train/images_train/13036.jpg,0.93469465,0.15503687,0.03421693,0.16333333,0.33541667,0.83666667
13058,train,data/raw/teacher/train/images_train/13058.jpg,0.63372272,0.40334445,0.04486197,0.47187500,0.57687500,0.52812500
13083,train,data/raw/teacher/train/images_train/13083.jpg,0.87876737,0.25569972,0.05047759,0.22291667,0.35750000,0.77708333
13100,train,data/raw/teacher/train/images_train/13100.jpg,0.88972718,0.21775465,0.03192542,0.26229167,0.61750000,0.73770833
13118,train,data/raw/teacher/train/images_train/13118.jpg,0.97157359,0.09141071,0.01461696,0.09583333,0.35416667,0.90416667
13143,train,data/raw/teacher/train/images_train/13143.jpg,0.92508161,0.19379318,0.01231178,0.14229167,0.25875000,0.85770833
13165,train,data/raw/teacher/train/images_train/13165.jpg,0.86833090,0.25531065,0.07890644,0.25770833,0.41854167,0.74229167
13190,train,data/raw/teacher/train/images_train/13190.jpg,0.93212485,0.18181726,0.04351913,0.14104167,0.48750000,0.85895833
13209,train,data/raw/teacher/train/images_train/13209.jpg,0.84444714,0.29457042,0.05702272,0.25812500,0.41437500,0.74187500
13235,train,data/raw/teacher/train/images_train/13235.jpg,0.95085961,0.11721071,0.01578230,0.16250000,0.24541667,0.83750000
13253,train,data/raw/teacher/train/images_train/13253.jpg,0.88509214,0.26006162,0.04011927,0.17416667,0.26916667,0.82583333
13270,train,data/raw/teacher/train/images_train/13270.jpg,0.98106444,0.05918217,0.00816432,0.09187500,0.23750000,0.90812500
13291,train,data/raw/teacher/train/images_train/13291.jpg,0.92879599,0.15584143,0.01824786,0.18729167,0.28500000,0.81270833
13310,train,data/raw/teacher/train/images_train/13310.jpg,0.99052310,0.02611807,0.00134548,0.03645833,0.22958333,0.96354167
13326,train,data/raw/teacher/train/images_train/13326.jpg,0.85617268,0.32247499,0.03386389,0.17375000,0.25333333,0.82625000
13343,train,data/raw/teacher/train/images_train/13343.jpg,0.79370898,0.36998650,0.03077088,0.24500000,0.30875000,0.75500000
13366,train,data/raw/teacher/train/images_train/13366.jpg,0.79772341,0.34070933,0.03085370,0.27083333,0.43333333,0.72916667
13387,train,data/raw/teacher/train/images_train/13387.jpg,0.86656231,0.24877122,0.03128295,0.25625000,0.45500000,0.74375000
13406,train,data/raw/teacher/train/images_train/13406.jpg,0.85020351,0.20902993,0.04057376,0.45291667,0.61750000,0.54708333
13430,train,data/raw/teacher/train/images_train/13430.jpg,0.84081209,0.24246667,0.06119236,0.44750000,0.63375000,0.55250000
13454,train,data/raw/teacher/train/images_train/13454.jpg,0.86004710,0.20923945,0.02971643,0.39979167,0.50375000,0.60020833
13479,train,data/raw/teacher/train/images_train/13479.jpg,0.94215637,0.18038121,0.02535110,0.11333333,0.22041667,0.88666667
13498,train,data/raw/teacher/train/images_train/13498.jpg,0.85760862,0.20641546,0.03391930,0.45666667,0.63375000,0.54333333
13515,train,data/raw/teacher/train/images_train/13515.jpg,0.89139783,0.19784427,0.01224406,0.24229167,0.28500000,0.75770833
13530,train,data/raw/teacher/train/images_train/13530.jpg,0.78982311,0.33738840,0.06632042,0.30666667,0.72250000,0.69333333
13550,train,data/raw/teacher/train/images_train/13550.jpg,0.93566245,0.17042202,0.01829077,0.13562500,0.20125000,0.86437500
13573,train,data/raw/teacher/train/images_train/13573.jpg,0.90499228,0.16032024,0.02416644,0.31708333,0.65000000,0.68291667
13637,train,data/raw/teacher/train/images_train/13637.jpg,0.83699989,0.25984126,0.02706689,0.43770833,0.61750000,0.56229167
13661,train,data/raw/teacher/train/images_train/13661.jpg,0.85160297,0.26476917,0.03183720,0.41375000,0.65000000,0.58625000
13691,train,data/raw/teacher/train/images_train/13691.jpg,0.91168475,0.18417749,0.02269002,0.24583333,0.40375000,0.75416667
13715,train,data/raw/teacher/train/images_train/13715.jpg,0.70922017,0.35804501,0.05008486,0.46687500,0.63375000,0.53312500
13737,train,data/raw/teacher/train/images_train/13737.jpg,0.84316868,0.21662363,0.07687139,0.43479167,0.70770833,0.56520833
13757,train,data/raw/teacher/train/images_train/13757.jpg,0.74305207,0.30491745,0.04437832,0.47812500,0.70000000,0.52187500
13785,train,data/raw/teacher/train/images_train/13785.jpg,0.79298764,0.31516039,0.05177210,0.36333333,0.61750000,0.63666667
13821,train,data/raw/teacher/train/images_train/13821.jpg,0.64188242,0.37233669,0.02429110,0.50000000,0.64166667,0.50000000
13846,train,data/raw/teacher/train/images_train/13846.jpg,0.84822822,0.19366521,0.03034819,0.46375000,0.68250000,0.53625000
13867,train,data/raw/teacher/train/images_train/13867.jpg,0.80203384,0.23354064,0.03089038,0.46333333,0.66625000,0.53666667
13884,train,data/raw/teacher/train/images_train/13884.jpg,0.83140427,0.21391898,0.03134267,0.45916667,0.65000000,0.54083333
13902,train,data/raw/teacher/train/images_train/13902.jpg,0.87959474,0.21186712,0.02136016,0.27375000,0.42500000,0.72625000
13919,train,data/raw/teacher/train/images_train/13919.jpg,0.93255627,0.14581114,0.02873573,0.24520833,0.44625000,0.75479167
13936,train,data/raw/teacher/train/images_train/13936.jpg,0.84203595,0.22734715,0.06704017,0.43895833,0.63375000,0.56104167
13959,train,data/raw/teacher/train/images_train/13959.jpg,0.84983963,0.22277072,0.03360715,0.46979167,0.69875000,0.53020833
13983,train,data/raw/teacher/train/images_train/13983.jpg,0.88783526,0.26253989,0.04396700,0.17187500,0.30333333,0.82812500
14002,train,data/raw/teacher/train/images_train/14002.jpg,0.66362500,0.35464725,0.03944169,0.48500000,0.74666667,0.51500000
14019,train,data/raw/teacher/train/images_train/14019.jpg,0.95475119,0.07412145,0.00753509,0.23895833,0.63291667,0.76104167
14035,train,data/raw/teacher/train/images_train/14035.jpg,0.81187385,0.23993497,0.08209295,0.45187500,0.68333333,0.54812500
14050,train,data/raw/teacher/train/images_train/14050.jpg,0.79020393,0.25612450,0.04643376,0.48875000,0.77354167,0.51125000
14074,train,data/raw/teacher/train/images_train/14074.jpg,0.88739270,0.23335788,0.03158396,0.22979167,0.58500000,0.77020833
14097,train,data/raw/teacher/train/images_train/14097.jpg,0.76662123,0.27614492,0.03721234,0.46520833,0.66625000,0.53479167
14120,train,data/raw/teacher/train/images_train/14120.jpg,0.90276927,0.15791427,0.02108073,0.39562500,0.53625000,0.60437500
14141,train,data/raw/teacher/train/images_train/14141.jpg,0.96364105,0.11083400,0.01167105,0.10312500,0.23750000,0.89687500
14164,train,data/raw/teacher/train/images_train/14164.jpg,0.97964519,0.06665689,0.00430731,0.08708333,0.13000000,0.91291667
14296,train,data/raw/teacher/train/images_train/14296.jpg,0.66360563,0.19927907,0.05047360,0.96979167,1.00000000,0.03020833
14315,train,data/raw/teacher/train/images_train/14315.jpg,0.74247783,0.32486376,0.04961655,0.44937500,0.61750000,0.55062500
14334,train,data/raw/teacher/train/images_train/14334.jpg,0.90259379,0.21958588,0.03652442,0.24333333,0.40083333,0.75666667
14356,train,data/raw/teacher/train/images_train/14356.jpg,0.94149911,0.15946025,0.02465326,0.13729167,0.25875000,0.86270833
14385,train,data/raw/teacher/train/images_train/14385.jpg,0.92842388,0.21287882,0.04674784,0.12791667,0.28395833,0.87208333
14437,train,data/raw/teacher/train/images_train/14437.jpg,0.94652760,0.13097738,0.01573903,0.19312500,0.35625000,0.80687500
14466,train,data/raw/teacher/train/images_train/14466.jpg,0.95892698,0.10367201,0.01008457,0.16833333,0.31875000,0.83166667
14488,train,data/raw/teacher/train/images_train/14488.jpg,0.81526023,0.34702754,0.03774663,0.24020833,0.39312500,0.75979167
14505,train,data/raw/teacher/train/images_train/14505.jpg,0.81919897,0.33545288,0.02892793,0.23812500,0.37187500,0.76187500
14530,train,data/raw/teacher/train/images_train/14530.jpg,0.76957417,0.30134720,0.05456085,0.43791667,0.61750000,0.56208333
14550,train,data/raw/teacher/train/images_train/14550.jpg,0.89694577,0.19766723,0.05273673,0.33625000,0.47729167,0.66375000
14569,train,data/raw/teacher/train/images_train/14569.jpg,0.86835080,0.29482919,0.08296519,0.20895833,0.40375000,0.79104167
14595,train,data/raw/teacher/train/images_train/14595.jpg,0.92292655,0.16812728,0.01605145,0.19083333,0.31166667,0.80916667
14611,train,data/raw/teacher/train/images_train/14611.jpg,0.72903877,0.39733127,0.05315423,0.34583333,0.48854167,0.65416667
14630,train,data/raw/teacher/train/images_train/14630.jpg,0.85409230,0.24653350,0.02254225,0.31875000,0.48750000,0.68125000
14646,train,data/raw/teacher/train/images_train/14646.jpg,0.73780352,0.34083730,0.05419743,0.45145833,0.63375000,0.54854167
14664,train,data/raw/teacher/train/images_train/14664.jpg,0.77689183,0.28098005,0.05914879,0.46208333,0.68250000,0.53791667
14691,train,data/raw/teacher/train/images_train/14691.jpg,0.86298960,0.21029207,0.04221808,0.38645833,0.59354167,0.61354167
14712,train,data/raw/teacher/train/images_train/14712.jpg,0.86883527,0.26036802,0.02575991,0.24854167,0.66625000,0.75145833
14735,train,data/raw/teacher/train/images_train/14735.jpg,0.90556419,0.10761078,0.01483411,0.51375000,0.72250000,0.48625000
14762,train,data/raw/teacher/train/images_train/14762.jpg,0.78972542,0.16025032,0.01293989,0.66291667,0.69791667,0.33708333
14782,train,data/raw/teacher/train/images_train/14782.jpg,0.70369768,0.21750592,0.01899290,0.68416667,0.73666667,0.31583333
14801,train,data/raw/teacher/train/images_train/14801.jpg,0.79217815,0.36336064,0.04016756,0.26145833,0.33583333,0.73854167
14815,train,data/raw/teacher/train/images_train/14815.jpg,0.89577669,0.16243316,0.01679473,0.30458333,0.46312500,0.69541667
14846,train,data/raw/teacher/train/images_train/14846.jpg,0.84858078,0.32316172,0.01696310,0.18979167,0.20000000,0.81020833
14861,train,data/raw/teacher/train/images_train/14861.jpg,0.93041748,0.20404404,0.04745936,0.11395833,0.23500000,0.88604167
14877,train,data/raw/teacher/train/images_train/14877.jpg,0.79010409,0.32943103,0.04656086,0.31312500,0.56000000,0.68687500
14893,train,data/raw/teacher/train/images_train/14893.jpg,0.90195251,0.14254372,0.00665876,0.31979167,0.51562500,0.68020833
14911,train,data/raw/teacher/train/images_train/14911.jpg,0.76373535,0.26327235,0.04397210,0.49083333,0.66625000,0.50916667
14932,train,data/raw/teacher/train/images_train/14932.jpg,0.84807819,0.23815268,0.06398299,0.37541667,0.68250000,0.62458333
14956,train,data/raw/teacher/train/images_train/14956.jpg,0.86801481,0.23908722,0.03949729,0.29854167,0.69875000,0.70145833
14976,train,data/raw/teacher/train/images_train/14976.jpg,0.87705016,0.28664774,0.03983434,0.17937500,0.25000000,0.82062500
14996,train,data/raw/teacher/train/images_train/14996.jpg,0.75122458,0.31418374,0.05696702,0.48458333,0.67479167,0.51541667
15014,train,data/raw/teacher/train/images_train/15014.jpg,0.64025491,0.37433076,0.04469643,0.52104167,0.69875000,0.47895833
15030,train,data/raw/teacher/train/images_train/15030.jpg,0.88084918,0.21816008,0.03205433,0.36770833,0.55250000,0.63229167
15045,train,data/raw/teacher/train/images_train/15045.jpg,0.76999193,0.36579144,0.04476464,0.29312500,0.45000000,0.70687500
15059,train,data/raw/teacher/train/images_train/15059.jpg,0.87410033,0.27696082,0.02107108,0.18541667,0.32500000,0.81458333
15084,train,data/raw/teacher/train/images_train/15084.jpg,0.87744272,0.21500309,0.02053905,0.30500000,0.69125000,0.69500000
15101,train,data/raw/teacher/train/images_train/15101.jpg,0.84883535,0.25036705,0.04858353,0.32645833,0.46083333,0.67354167
15119,train,data/raw/teacher/train/images_train/15119.jpg,0.79439890,0.31523913,0.04394276,0.35729167,0.65000000,0.64270833
15152,train,data/raw/teacher/train/images_train/15152.jpg,0.77636737,0.26061979,0.06321841,0.46625000,0.66666667,0.53375000
15182,train,data/raw/teacher/train/images_train/15182.jpg,0.73683321,0.35043389,0.04691351,0.46104167,0.66625000,0.53895833
15207,train,data/raw/teacher/train/images_train/15207.jpg,0.65726060,0.39157173,0.06536187,0.48208333,0.66625000,0.51791667
15229,train,data/raw/teacher/train/images_train/15229.jpg,0.93062705,0.14294460,0.03107814,0.23333333,0.42500000,0.76666667
15251,train,data/raw/teacher/train/images_train/15251.jpg,0.84309697,0.30107293,0.04641872,0.26458333,0.46750000,0.73541667
15269,train,data/raw/teacher/train/images_train/15269.jpg,0.95952189,0.09590946,0.00743909,0.18229167,0.33583333,0.81770833
15287,train,data/raw/teacher/train/images_train/15287.jpg,0.90507954,0.20196944,0.04407905,0.26479167,0.41437500,0.73520833
15304,train,data/raw/teacher/train/images_train/15304.jpg,0.94195330,0.14888357,0.02036049,0.20041667,0.35458333,0.79958333
15324,train,data/raw/teacher/train/images_train/15324.jpg,0.96302480,0.07079118,0.01184227,0.16937500,0.59375000,0.83062500
15348,train,data/raw/teacher/train/images_train/15348.jpg,0.67737120,0.40950403,0.04501929,0.39458333,0.58000000,0.60541667
15366,train,data/raw/teacher/train/images_train/15366.jpg,0.91422677,0.17227815,0.01950986,0.25937500,0.41666667,0.74062500
15388,train,data/raw/teacher/train/images_train/15388.jpg,0.86200970,0.28658724,0.05130946,0.20812500,0.32500000,0.79187500
15418,train,data/raw/teacher/train/images_train/15418.jpg,0.92753315,0.19019391,0.04869555,0.17104167,0.28750000,0.82895833
15468,train,data/raw/teacher/train/images_train/15468.jpg,0.77517122,0.28068003,0.04180539,0.44895833,0.65000000,0.55104167
15488,train,data/raw/teacher/train/images_train/15488.jpg,0.92012697,0.15302353,0.00868643,0.22000000,0.39875000,0.78000000
15506,train,data/raw/teacher/train/images_train/15506.jpg,0.82784957,0.30679804,0.03161173,0.26250000,0.42250000,0.73750000
15530,train,data/raw/teacher/train/images_train/15530.jpg,0.78065658,0.26416394,0.03635618,0.46395833,0.66625000,0.53604167
15561,train,data/raw/teacher/train/images_train/15561.jpg,0.79659808,0.29358152,0.06505675,0.38104167,0.68250000,0.61895833
15583,train,data/raw/teacher/train/images_train/15583.jpg,0.78133190,0.25981006,0.03029681,0.46145833,0.62541667,0.53854167
15611,train,data/raw/teacher/train/images_train/15611.jpg,0.73947704,0.39715067,0.04832467,0.31479167,0.40833333,0.68520833
15632,train,data/raw/teacher/train/images_train/15632.jpg,0.77572095,0.35654491,0.04266834,0.29708333,0.41083333,0.70291667
15651,train,data/raw/teacher/train/images_train/15651.jpg,0.82264447,0.29990128,0.03326785,0.27000000,0.36229167,0.73000000
15681,train,data/raw/teacher/train/images_train/15681.jpg,0.86176646,0.20106982,0.02711371,0.39979167,0.64187500,0.60020833
15698,train,data/raw/teacher/train/images_train/15698.jpg,0.81334668,0.26643214,0.04392048,0.45937500,0.65770833,0.54062500
15719,train,data/raw/teacher/train/images_train/15719.jpg,0.94003588,0.14085208,0.02560018,0.27812500,0.44625000,0.72187500
15739,train,data/raw/teacher/train/images_train/15739.jpg,0.88188088,0.23573010,0.04008083,0.26604167,0.40625000,0.73395833
15758,train,data/raw/teacher/train/images_train/15758.jpg,0.79875857,0.30034864,0.04101076,0.45020833,0.61750000,0.54979167
15771,train,data/raw/teacher/train/images_train/15771.jpg,0.85117525,0.31368238,0.02810576,0.19312500,0.34000000,0.80687500
15792,train,data/raw/teacher/train/images_train/15792.jpg,0.63799191,0.28666124,0.03481929,0.69062500,0.78333333,0.30937500
15814,train,data/raw/teacher/train/images_train/15814.jpg,0.63159764,0.25757587,0.05577389,0.77208333,0.91666667,0.22791667
15831,train,data/raw/teacher/train/images_train/15831.jpg,0.90702659,0.19252817,0.04083492,0.27750000,0.56145833,0.72250000
15850,train,data/raw/teacher/train/images_train/15850.jpg,0.92230207,0.20366904,0.01688303,0.14979167,0.24166667,0.85020833
15864,train,data/raw/teacher/train/images_train/15864.jpg,0.89747012,0.23490551,0.03017081,0.17687500,0.27500000,0.82312500
15881,train,data/raw/teacher/train/images_train/15881.jpg,0.93919039,0.15168807,0.01347420,0.15958333,0.23333333,0.84041667
15898,train,data/raw/teacher/train/images_train/15898.jpg,0.93775177,0.16680416,0.02013326,0.15354167,0.25833333,0.84645833
15923,train,data/raw/teacher/train/images_train/15923.jpg,0.75172973,0.33306116,0.04292008,0.37270833,0.49541667,0.62729167
15942,train,data/raw/teacher/train/images_train/15942.jpg,0.81140566,0.34777296,0.01963108,0.23666667,0.26125000,0.76333333
15961,train,data/raw/teacher/train/images_train/15961.jpg,0.89606649,0.26245606,0.03768257,0.14312500,0.38000000,0.85687500
15983,train,data/raw/teacher/train/images_train/15983.jpg,0.68048435,0.36495301,0.05439556,0.47000000,0.65000000,0.53000000
16002,train,data/raw/teacher/train/images_train/16002.jpg,0.76755995,0.27417901,0.03477655,0.46395833,0.65000000,0.53604167
16026,train,data/raw/teacher/train/images_train/16026.jpg,0.77762395,0.25788957,0.09420841,0.48229167,0.66625000,0.51770833
16041,train,data/raw/teacher/train/images_train/16041.jpg,0.81578523,0.23707981,0.06400020,0.45312500,0.63375000,0.54687500
16058,train,data/raw/teacher/train/images_train/16058.jpg,0.86942250,0.18343751,0.02114760,0.37041667,0.60958333,0.62958333
16079,train,data/raw/teacher/train/images_train/16079.jpg,0.95121187,0.16365147,0.02074083,0.09520833,0.25000000,0.90479167
16100,train,data/raw/teacher/train/images_train/16100.jpg,0.94243550,0.17894815,0.04561620,0.10958333,0.24000000,0.89041667
16114,train,data/raw/teacher/train/images_train/16114.jpg,0.86854714,0.29544026,0.04231783,0.17666667,0.29250000,0.82333333
16131,train,data/raw/teacher/train/images_train/16131.jpg,0.78830659,0.29291493,0.03505060,0.39729167,0.57750000,0.60270833
16152,train,data/raw/teacher/train/images_train/16152.jpg,0.84897786,0.28102100,0.01575064,0.23979167,0.38250000,0.76020833
16166,train,data/raw/teacher/train/images_train/16166.jpg,0.84434670,0.29780054,0.01870019,0.22895833,0.37187500,0.77104167
16181,train,data/raw/teacher/train/images_train/16181.jpg,0.85894918,0.28416115,0.02122751,0.21416667,0.38250000,0.78583333
16201,train,data/raw/teacher/train/images_train/16201.jpg,0.78817302,0.29586264,0.06583216,0.45979167,0.63375000,0.54020833
16219,train,data/raw/teacher/train/images_train/16219.jpg,0.75308031,0.34310484,0.04529269,0.40229167,0.63375000,0.59770833
16239,train,data/raw/teacher/train/images_train/16239.jpg,0.92882955,0.13669412,0.01475162,0.24208333,0.38541667,0.75791667
16286,train,data/raw/teacher/train/images_train/16286.jpg,0.80247867,0.24944365,0.03852256,0.45395833,0.66625000,0.54604167
16316,train,data/raw/teacher/train/images_train/16316.jpg,0.78186995,0.27396294,0.04050886,0.44687500,0.61750000,0.55312500
16338,train,data/raw/teacher/train/images_train/16338.jpg,0.67742938,0.35661277,0.05471119,0.48562500,0.66625000,0.51437500
16358,train,data/raw/teacher/train/images_train/16358.jpg,0.81860769,0.26515245,0.02712859,0.47354167,0.62562500,0.52645833
16381,train,data/raw/teacher/train/images_train/16381.jpg,0.80670583,0.30220243,0.04408941,0.36437500,0.65000000,0.63562500
16402,train,data/raw/teacher/train/images_train/16402.jpg,0.78565997,0.25789106,0.03520482,0.46812500,0.65000000,0.53187500
16421,train,data/raw/teacher/train/images_train/16421.jpg,0.77223468,0.27859184,0.04170075,0.46854167,0.66625000,0.53145833
16436,train,data/raw/teacher/train/images_train/16436.jpg,0.87141418,0.22629137,0.02899635,0.39104167,0.65000000,0.60895833
16455,train,data/raw/teacher/train/images_train/16455.jpg,0.82981908,0.22324032,0.07770779,0.44500000,0.69125000,0.55500000
16472,train,data/raw/teacher/train/images_train/16472.jpg,0.79738301,0.25917757,0.08099178,0.45166667,0.67479167,0.54833333
16499,train,data/raw/teacher/train/images_train/16499.jpg,0.73330086,0.32315651,0.06324920,0.47125000,0.66625000,0.52875000
16514,train,data/raw/teacher/train/images_train/16514.jpg,0.76949507,0.31699902,0.05357744,0.39166667,0.68250000,0.60833333
16535,train,data/raw/teacher/train/images_train/16535.jpg,0.91374654,0.19577557,0.02301375,0.19083333,0.26833333,0.80916667
16567,train,data/raw/teacher/train/images_train/16567.jpg,0.88130230,0.21995755,0.06206894,0.29312500,0.63375000,0.70687500
16616,train,data/raw/teacher/train/images_train/16616.jpg,0.88743573,0.19719590,0.03233046,0.45937500,0.61750000,0.54062500
16639,train,data/raw/teacher/train/images_train/16639.jpg,0.83800852,0.20354734,0.03195213,0.45479167,0.61750000,0.54520833
16735,train,data/raw/teacher/train/images_train/16735.jpg,0.89407086,0.25148809,0.05824662,0.16229167,0.25000000,0.83770833
16757,train,data/raw/teacher/train/images_train/16757.jpg,0.86342752,0.29765174,0.03263940,0.18354167,0.26833333,0.81645833
16775,train,data/raw/teacher/train/images_train/16775.jpg,0.68096453,0.30684799,0.08964287,0.56687500,0.81354167,0.43312500
16794,train,data/raw/teacher/train/images_train/16794.jpg,0.78356951,0.25132987,0.03441558,0.47458333,0.68333333,0.52541667
16815,train,data/raw/teacher/train/images_train/16815.jpg,0.83474582,0.21876909,0.03867223,0.47729167,0.63375000,0.52270833
16837,train,data/raw/teacher/train/images_train/16837.jpg,0.93911833,0.19030979,0.04604841,0.10333333,0.23000000,0.89666667
16856,train,data/raw/teacher/train/images_train/16856.jpg,0.94671649,0.17327191,0.04465592,0.09833333,0.23000000,0.90166667
16883,train,data/raw/teacher/train/images_train/16883.jpg,0.96227521,0.12869002,0.02288299,0.08395833,0.24000000,0.91604167
16902,train,data/raw/teacher/train/images_train/16902.jpg,0.76890391,0.32431835,0.07667590,0.40520833,0.66625000,0.59479167
16921,train,data/raw/teacher/train/images_train/16921.jpg,0.80156404,0.27957901,0.04775243,0.39208333,0.66625000,0.60791667
16950,train,data/raw/teacher/train/images_train/16950.jpg,0.96343273,0.13065609,0.02393307,0.08083333,0.20125000,0.91916667
16979,train,data/raw/teacher/train/images_train/16979.jpg,0.85184622,0.29738805,0.02840112,0.20625000,0.34666667,0.79375000
16999,train,data/raw/teacher/train/images_train/16999.jpg,0.93301392,0.19408883,0.02740519,0.12000000,0.20125000,0.88000000
17023,train,data/raw/teacher/train/images_train/17023.jpg,0.89213544,0.26076433,0.05156171,0.16250000,0.31333333,0.83750000
17040,train,data/raw/teacher/train/images_train/17040.jpg,0.89857441,0.22846279,0.03845424,0.19520833,0.37500000,0.80479167
17061,train,data/raw/teacher/train/images_train/17061.jpg,0.91445637,0.19120029,0.01426382,0.18937500,0.23958333,0.81062500
17080,train,data/raw/teacher/train/images_train/17080.jpg,0.86629885,0.21884735,0.00818377,0.27750000,0.28687500,0.72250000
17097,train,data/raw/teacher/train/images_train/17097.jpg,0.87314171,0.28423205,0.01463574,0.17562500,0.21875000,0.82437500
17118,train,data/raw/teacher/train/images_train/17118.jpg,0.83699816,0.32253864,0.02202557,0.21708333,0.25458333,0.78291667
17135,train,data/raw/teacher/train/images_train/17135.jpg,0.79473048,0.34018564,0.06034508,0.28437500,0.45833333,0.71562500
17158,train,data/raw/teacher/train/images_train/17158.jpg,0.83599466,0.21522215,0.03178821,0.44854167,0.65833333,0.55145833
17174,train,data/raw/teacher/train/images_train/17174.jpg,0.76565456,0.30839103,0.09802949,0.42250000,0.61750000,0.57750000
17195,train,data/raw/teacher/train/images_train/17195.jpg,0.73941159,0.33612525,0.08625084,0.44541667,0.61750000,0.55458333
17210,train,data/raw/teacher/train/images_train/17210.jpg,0.95311695,0.15643513,0.02640394,0.09375000,0.22041667,0.90625000
17223,train,data/raw/teacher/train/images_train/17223.jpg,0.95037538,0.15873717,0.02509223,0.10229167,0.21083333,0.89770833
17240,train,data/raw/teacher/train/images_train/17240.jpg,0.73146665,0.35684711,0.11675429,0.44395833,0.61750000,0.55604167
17261,train,data/raw/teacher/train/images_train/17261.jpg,0.73906946,0.32582301,0.03910404,0.43416667,0.61750000,0.56583333
17278,train,data/raw/teacher/train/images_train/17278.jpg,0.83204937,0.25415444,0.04305805,0.42041667,0.60125000,0.57958333
17296,train,data/raw/teacher/train/images_train/17296.jpg,0.85498679,0.23326974,0.04528337,0.32375000,0.61500000,0.67625000
17311,train,data/raw/teacher/train/images_train/17311.jpg,0.94950908,0.16424128,0.02834042,0.09270833,0.23000000,0.90729167
17324,train,data/raw/teacher/train/images_train/17324.jpg,0.92966115,0.20251447,0.03075868,0.11833333,0.23000000,0.88166667
17361,train,data/raw/teacher/train/images_train/17361.jpg,0.81724393,0.30266881,0.08940364,0.35458333,0.65000000,0.64541667
17383,train,data/raw/teacher/train/images_train/17383.jpg,0.87429708,0.14439747,0.02736405,0.23291667,0.52500000,0.76708333
17399,train,data/raw/teacher/train/images_train/17399.jpg,0.79683751,0.34523484,0.04921335,0.26916667,0.56666667,0.73083333
17418,train,data/raw/teacher/train/images_train/17418.jpg,0.69038624,0.35570768,0.10561985,0.47791667,0.71000000,0.52208333
17438,train,data/raw/teacher/train/images_train/17438.jpg,0.84038311,0.21361636,0.10427128,0.48500000,0.85937500,0.51500000
17457,train,data/raw/teacher/train/images_train/17457.jpg,0.88095212,0.17359495,0.04071256,0.38937500,0.57687500,0.61062500
17489,train,data/raw/teacher/train/images_train/17489.jpg,0.93779945,0.16071457,0.01595559,0.21791667,0.36000000,0.78208333
17506,train,data/raw/teacher/train/images_train/17506.jpg,0.83574444,0.19840069,0.03339595,0.47541667,0.66625000,0.52458333
17535,train,data/raw/teacher/train/images_train/17535.jpg,0.84931540,0.27179188,0.02626809,0.31312500,0.65000000,0.68687500
17550,train,data/raw/teacher/train/images_train/17550.jpg,0.82919312,0.28415996,0.03248211,0.39041667,0.66625000,0.60958333
17564,train,data/raw/teacher/train/images_train/17564.jpg,0.85017502,0.25836599,0.02599016,0.40833333,0.65000000,0.59166667
17589,train,data/raw/teacher/train/images_train/17589.jpg,0.95879108,0.13577364,0.01990529,0.10125000,0.23000000,0.89875000
17617,train,data/raw/teacher/train/images_train/17617.jpg,0.91101193,0.17894061,0.01187763,0.20333333,0.30833333,0.79666667
17641,train,data/raw/teacher/train/images_train/17641.jpg,0.98450845,0.05421091,0.00592108,0.11125000,0.11916667,0.88875000
17665,train,data/raw/teacher/train/images_train/17665.jpg,0.81253427,0.33026385,0.03146945,0.25312500,0.46000000,0.74687500
17686,train,data/raw/teacher/train/images_train/17686.jpg,0.87903178,0.26554680,0.03958108,0.18687500,0.33750000,0.81312500
17712,train,data/raw/teacher/train/images_train/17712.jpg,0.93372905,0.16159251,0.02491750,0.16895833,0.29708333,0.83104167
17745,train,data/raw/teacher/train/images_train/17745.jpg,0.95131671,0.09549909,0.00822788,0.24395833,0.43562500,0.75604167
17761,train,data/raw/teacher/train/images_train/17761.jpg,0.84527183,0.30708599,0.01853640,0.22041667,0.36833333,0.77958333
17779,train,data/raw/teacher/train/images_train/17779.jpg,0.90085602,0.23719172,0.01822407,0.16145833,0.20125000,0.83854167
17797,train,data/raw/teacher/train/images_train/17797.jpg,0.95706236,0.10196844,0.01263528,0.18833333,0.28500000,0.81166667
17815,train,data/raw/teacher/train/images_train/17815.jpg,0.84135246,0.29906714,0.03253979,0.23562500,0.41166667,0.76437500
17836,train,data/raw/teacher/train/images_train/17836.jpg,0.94947624,0.12460457,0.02148308,0.20354167,0.36833333,0.79645833
17856,train,data/raw/teacher/train/images_train/17856.jpg,0.87359834,0.28412396,0.02950247,0.18937500,0.35250000,0.81062500
17875,train,data/raw/teacher/train/images_train/17875.jpg,0.71186757,0.35886243,0.04719217,0.46312500,0.63375000,0.53687500
17894,train,data/raw/teacher/train/images_train/17894.jpg,0.57997185,0.28000093,0.06490934,0.98250000,1.00000000,0.01750000
17909,train,data/raw/teacher/train/images_train/17909.jpg,0.76941401,0.37345147,0.06412847,0.29083333,0.48375000,0.70916667
17923,train,data/raw/teacher/train/images_train/17923.jpg,0.68083596,0.40599173,0.05859862,0.39708333,0.61625000,0.60291667
17942,train,data/raw/teacher/train/images_train/17942.jpg,0.82027978,0.22278570,0.03205149,0.46000000,0.65000000,0.54000000
17963,train,data/raw/teacher/train/images_train/17963.jpg,0.90349895,0.25915831,0.02739855,0.14041667,0.25666667,0.85958333
17981,train,data/raw/teacher/train/images_train/17981.jpg,0.89381981,0.24286203,0.05817760,0.20937500,0.37916667,0.79062500
17996,train,data/raw/teacher/train/images_train/17996.jpg,0.74793774,0.34667927,0.04957824,0.41750000,0.60125000,0.58250000
18013,train,data/raw/teacher/train/images_train/18013.jpg,0.88141501,0.26057601,0.02690827,0.19020833,0.25875000,0.80979167
18033,train,data/raw/teacher/train/images_train/18033.jpg,0.84741771,0.26322478,0.03805658,0.26187500,0.45000000,0.73812500
18052,train,data/raw/teacher/train/images_train/18052.jpg,0.91541606,0.16074960,0.00742969,0.22395833,0.23000000,0.77604167
18164,train,data/raw/teacher/train/images_train/18164.jpg,0.87726980,0.28457576,0.02502745,0.17458333,0.19166667,0.82541667
18197,train,data/raw/teacher/train/images_train/18197.jpg,0.77180845,0.33535296,0.04481618,0.35812500,0.61750000,0.64187500
18220,train,data/raw/teacher/train/images_train/18220.jpg,0.77012545,0.34224209,0.04328717,0.34270833,0.59729167,0.65729167
18234,train,data/raw/teacher/train/images_train/18234.jpg,0.88484985,0.19417399,0.04726703,0.43645833,0.66625000,0.56354167
18256,train,data/raw/teacher/train/images_train/18256.jpg,0.89281809,0.16108470,0.02737404,0.42604167,0.75000000,0.57395833
18272,train,data/raw/teacher/train/images_train/18272.jpg,0.89462298,0.16504727,0.02598211,0.37312500,0.47125000,0.62687500
18288,train,data/raw/teacher/train/images_train/18288.jpg,0.82692820,0.23724413,0.04156338,0.40916667,0.65833333,0.59083333
18305,train,data/raw/teacher/train/images_train/18305.jpg,0.86536252,0.19175129,0.02834273,0.47437500,0.66625000,0.52562500
18320,train,data/raw/teacher/train/images_train/18320.jpg,0.84446180,0.22539093,0.07268046,0.43625000,0.63333333,0.56375000
18355,train,data/raw/teacher/train/images_train/18355.jpg,0.94307935,0.12191717,0.01812485,0.30604167,0.60937500,0.69395833
18377,train,data/raw/teacher/train/images_train/18377.jpg,0.58396441,0.28916976,0.04625069,0.75833333,0.90000000,0.24166667
18408,train,data/raw/teacher/train/images_train/18408.jpg,0.86454022,0.28067857,0.03032454,0.21020833,0.37187500,0.78979167
18445,train,data/raw/teacher/train/images_train/18445.jpg,0.96205598,0.13064182,0.00755142,0.09479167,0.10541667,0.90520833
18461,train,data/raw/teacher/train/images_train/18461.jpg,0.93807757,0.19551969,0.00670726,0.11687500,0.12458333,0.88312500
18476,train,data/raw/teacher/train/images_train/18476.jpg,0.94073671,0.12459104,0.01633010,0.21354167,0.37187500,0.78645833
18495,train,data/raw/teacher/train/images_train/18495.jpg,0.97549987,0.09189804,0.02609492,0.09270833,0.29166667,0.90729167
18538,train,data/raw/teacher/train/images_train/18538.jpg,0.83657867,0.30911165,0.06065605,0.25208333,0.42500000,0.74791667
18554,train,data/raw/teacher/train/images_train/18554.jpg,0.91207415,0.18701856,0.01605516,0.19833333,0.35458333,0.80166667
18574,train,data/raw/teacher/train/images_train/18574.jpg,0.77679551,0.30961987,0.05468240,0.45854167,0.63375000,0.54145833
18598,train,data/raw/teacher/train/images_train/18598.jpg,0.91291767,0.22012326,0.02535374,0.15250000,0.26000000,0.84750000
18623,train,data/raw/teacher/train/images_train/18623.jpg,0.74983811,0.29036415,0.05226911,0.46625000,0.65000000,0.53375000
18640,train,data/raw/teacher/train/images_train/18640.jpg,0.76251376,0.30563575,0.04166678,0.45270833,0.62562500,0.54729167
18670,train,data/raw/teacher/train/images_train/18670.jpg,0.86960816,0.26953307,0.02900323,0.20229167,0.36833333,0.79770833
18694,train,data/raw/teacher/train/images_train/18694.jpg,0.61095762,0.29430380,0.04480321,0.71687500,0.86666667,0.28312500
18716,train,data/raw/teacher/train/images_train/18716.jpg,0.75362659,0.35288432,0.03542668,0.38333333,0.52000000,0.61666667
18738,train,data/raw/teacher/train/images_train/18738.jpg,0.79312241,0.26580197,0.06921884,0.42291667,0.63333333,0.57708333
18760,train,data/raw/teacher/train/images_train/18760.jpg,0.80716491,0.29629561,0.04201105,0.44770833,0.60125000,0.55229167
18782,train,data/raw/teacher/train/images_train/18782.jpg,0.97860330,0.04757636,0.00250860,0.13729167,0.38541667,0.86270833
18801,train,data/raw/teacher/train/images_train/18801.jpg,0.89353383,0.24957821,0.02610730,0.17020833,0.23958333,0.82979167
18843,train,data/raw/teacher/train/images_train/18843.jpg,0.71799576,0.33213237,0.05245467,0.46833333,0.66625000,0.53166667
18860,train,data/raw/teacher/train/images_train/18860.jpg,0.85584289,0.24834372,0.03648036,0.36270833,0.58500000,0.63729167
18876,train,data/raw/teacher/train/images_train/18876.jpg,0.87369829,0.28233486,0.02054941,0.18062500,0.30812500,0.81937500
18891,train,data/raw/teacher/train/images_train/18891.jpg,0.80380768,0.29597169,0.03111482,0.42895833,0.55250000,0.57104167
18918,train,data/raw/teacher/train/images_train/18918.jpg,0.82723117,0.20677339,0.02960066,0.47125000,0.67479167,0.52875000
18937,train,data/raw/teacher/train/images_train/18937.jpg,0.83725667,0.20330554,0.02668152,0.45958333,0.65000000,0.54041667
18960,train,data/raw/teacher/train/images_train/18960.jpg,0.74898386,0.30428961,0.03669250,0.43520833,0.63375000,0.56479167
18984,train,data/raw/teacher/train/images_train/18984.jpg,0.72767168,0.33579904,0.05177519,0.45375000,0.63375000,0.54625000
19004,train,data/raw/teacher/train/images_train/19004.jpg,0.72476554,0.33377683,0.03908631,0.44166667,0.58500000,0.55833333
19020,train,data/raw/teacher/train/images_train/19020.jpg,0.90506977,0.23275025,0.02985453,0.15770833,0.27791667,0.84229167
19036,train,data/raw/teacher/train/images_train/19036.jpg,0.90895367,0.21463679,0.01971903,0.16437500,0.25875000,0.83562500
19053,train,data/raw/teacher/train/images_train/19053.jpg,0.87343812,0.27008805,0.07404513,0.23541667,0.40375000,0.76458333
19072,train,data/raw/teacher/train/images_train/19072.jpg,0.77838427,0.31982100,0.03523833,0.37833333,0.48750000,0.62166667
19089,train,data/raw/teacher/train/images_train/19089.jpg,0.88470936,0.18708673,0.01881833,0.37645833,0.50375000,0.62354167
19109,train,data/raw/teacher/train/images_train/19109.jpg,0.56689745,0.36371619,0.09882908,0.67604167,0.86250000,0.32395833
19125,train,data/raw/teacher/train/images_train/19125.jpg,0.96582258,0.09460071,0.00383547,0.12541667,0.24916667,0.87458333
19142,train,data/raw/teacher/train/images_train/19142.jpg,0.83520210,0.32784641,0.03017543,0.21666667,0.39000000,0.78333333
19163,train,data/raw/teacher/train/images_train/19163.jpg,0.71199465,0.34268901,0.04499853,0.44750000,0.61750000,0.55250000
19186,train,data/raw/teacher/train/images_train/19186.jpg,0.81304306,0.26232028,0.04469239,0.44666667,0.60125000,0.55333333
19211,train,data/raw/teacher/train/images_train/19211.jpg,0.88700032,0.24871226,0.02357897,0.18937500,0.23958333,0.81062500
19240,train,data/raw/teacher/train/images_train/19240.jpg,0.84431714,0.23494591,0.02739370,0.35437500,0.56875000,0.64562500
19259,train,data/raw/teacher/train/images_train/19259.jpg,0.89740223,0.18384971,0.07825445,0.30520833,0.41416667,0.69479167
19283,train,data/raw/teacher/train/images_train/19283.jpg,0.89640206,0.16104683,0.07879655,0.37166667,0.68541667,0.62833333
19305,train,data/raw/teacher/train/images_train/19305.jpg,0.84966409,0.29722172,0.07565835,0.25062500,0.48750000,0.74937500
19325,train,data/raw/teacher/train/images_train/19325.jpg,0.89121765,0.19763570,0.02298389,0.45125000,0.60125000,0.54875000
19341,train,data/raw/teacher/train/images_train/19341.jpg,0.73485136,0.30259654,0.05479102,0.47708333,0.66625000,0.52291667
19357,train,data/raw/teacher/train/images_train/19357.jpg,0.92227435,0.14077421,0.00595280,0.25416667,0.38000000,0.74583333
19379,train,data/raw/teacher/train/images_train/19379.jpg,0.86031759,0.22794972,0.03230627,0.34687500,0.56875000,0.65312500
19405,train,data/raw/teacher/train/images_train/19405.jpg,0.83027422,0.21736644,0.03083572,0.45708333,0.64187500,0.54291667
19431,train,data/raw/teacher/train/images_train/19431.jpg,0.87752420,0.18076016,0.02462947,0.36458333,0.60895833,0.63541667
19456,train,data/raw/teacher/train/images_train/19456.jpg,0.78489566,0.27048996,0.02745146,0.43500000,0.60958333,0.56500000
19487,train,data/raw/teacher/train/images_train/19487.jpg,0.75496173,0.36787900,0.04537851,0.32375000,0.36458333,0.67625000
19504,train,data/raw/teacher/train/images_train/19504.jpg,0.95305419,0.07996807,0.00905200,0.34000000,0.58625000,0.66000000
19522,train,data/raw/teacher/train/images_train/19522.jpg,0.70799226,0.35391307,0.09412912,0.46583333,0.63375000,0.53416667
19537,train,data/raw/teacher/train/images_train/19537.jpg,0.75069308,0.29094249,0.04436394,0.49187500,0.69875000,0.50812500
19566,train,data/raw/teacher/train/images_train/19566.jpg,0.76815146,0.29263639,0.04451472,0.44895833,0.61750000,0.55104167
19590,train,data/raw/teacher/train/images_train/19590.jpg,0.87299192,0.21460666,0.03919363,0.39125000,0.58500000,0.60875000
19608,train,data/raw/teacher/train/images_train/19608.jpg,0.78668374,0.29250669,0.03879807,0.42062500,0.55250000,0.57937500
19624,train,data/raw/teacher/train/images_train/19624.jpg,0.78469396,0.26247731,0.04316938,0.44979167,0.74750000,0.55020833
19645,train,data/raw/teacher/train/images_train/19645.jpg,0.73577869,0.33285525,0.03782187,0.42395833,0.56875000,0.57604167
19673,train,data/raw/teacher/train/images_train/19673.jpg,0.85561138,0.25333661,0.03071895,0.37666667,0.61750000,0.62333333
19700,train,data/raw/teacher/train/images_train/19700.jpg,0.89503151,0.20441967,0.02234829,0.33375000,0.65000000,0.66625000
19724,train,data/raw/teacher/train/images_train/19724.jpg,0.85395694,0.23265460,0.03867461,0.43500000,0.71500000,0.56500000
19753,train,data/raw/teacher/train/images_train/19753.jpg,0.59554797,0.33314210,0.03105364,0.61458333,0.98750000,0.38541667
19786,train,data/raw/teacher/train/images_train/19786.jpg,0.76585752,0.31814301,0.04461121,0.41937500,0.58500000,0.58062500
19814,train,data/raw/teacher/train/images_train/19814.jpg,0.71862376,0.33771867,0.04591372,0.44312500,0.76375000,0.55687500
19834,train,data/raw/teacher/train/images_train/19834.jpg,0.71717888,0.32968396,0.03839256,0.46291667,0.71500000,0.53708333
19856,train,data/raw/teacher/train/images_train/19856.jpg,0.71371144,0.32349876,0.04573231,0.48875000,0.71500000,0.51125000
19871,train,data/raw/teacher/train/images_train/19871.jpg,0.89163959,0.24456842,0.03289630,0.17583333,0.30354167,0.82416667
19900,train,data/raw/teacher/train/images_train/19900.jpg,0.82858777,0.33160213,0.04136619,0.22479167,0.39750000,0.77520833
19917,train,data/raw/teacher/train/images_train/19917.jpg,0.67400724,0.41562030,0.03609319,0.39291667,0.52250000,0.60708333
19939,train,data/raw/teacher/train/images_train/19939.jpg,0.91593570,0.21095426,0.05886560,0.20791667,0.35416667,0.79208333
19971,train,data/raw/teacher/train/images_train/19971.jpg,0.68767440,0.41480890,0.02971135,0.37020833,0.45041667,0.62979167
20005,train,data/raw/teacher/train/images_train/20005.jpg,0.80952960,0.24052720,0.03533810,0.43625000,0.60125000,0.56375000
20026,train,data/raw/teacher/train/images_train/20026.jpg,0.83577502,0.26338997,0.03474573,0.45937500,0.68333333,0.54062500
20053,train,data/raw/teacher/train/images_train/20053.jpg,0.87483203,0.24315985,0.04178822,0.22104167,0.45000000,0.77895833
20081,train,data/raw/teacher/train/images_train/20081.jpg,0.64218903,0.28695321,0.04553347,0.69520833,0.81666667,0.30479167
20107,train,data/raw/teacher/train/images_train/20107.jpg,0.86929750,0.20012751,0.04289646,0.40625000,0.71500000,0.59375000
20125,train,data/raw/teacher/train/images_train/20125.jpg,0.80497342,0.26195991,0.05494699,0.42895833,0.60125000,0.57104167
20144,train,data/raw/teacher/train/images_train/20144.jpg,0.88139772,0.21325570,0.02678879,0.34937500,0.60895833,0.65062500
20159,train,data/raw/teacher/train/images_train/20159.jpg,0.78616256,0.27428123,0.08446674,0.45041667,0.63375000,0.54958333
20182,train,data/raw/teacher/train/images_train/20182.jpg,0.76303267,0.30748725,0.05399850,0.44895833,0.61750000,0.55104167
20201,train,data/raw/teacher/train/images_train/20201.jpg,0.90988076,0.20137638,0.02541839,0.24104167,0.60125000,0.75895833
20217,train,data/raw/teacher/train/images_train/20217.jpg,0.72120112,0.34760052,0.04509928,0.45416667,0.61750000,0.54583333
20232,train,data/raw/teacher/train/images_train/20232.jpg,0.82959408,0.26772189,0.05089613,0.42687500,0.56875000,0.57312500
20258,train,data/raw/teacher/train/images_train/20258.jpg,0.72121888,0.33768588,0.05677818,0.47062500,0.66625000,0.52937500
20284,train,data/raw/teacher/train/images_train/20284.jpg,0.64064038,0.26950374,0.05457436,0.78645833,1.00000000,0.21354167
20310,train,data/raw/teacher/train/images_train/20310.jpg,0.90652466,0.19444428,0.07340067,0.27375000,0.52000000,0.72625000
20331,train,data/raw/teacher/train/images_train/20331.jpg,0.74735779,0.33523712,0.03623115,0.40104167,0.56875000,0.59895833
20357,train,data/raw/teacher/train/images_train/20357.jpg,0.85254902,0.25346944,0.04054626,0.38958333,0.65000000,0.61041667
20377,train,data/raw/teacher/train/images_train/20377.jpg,0.82262206,0.21615958,0.02809007,0.42895833,0.68250000,0.57104167
20397,train,data/raw/teacher/train/images_train/20397.jpg,0.82456976,0.31522915,0.04199361,0.25187500,0.56375000,0.74812500
20427,train,data/raw/teacher/train/images_train/20427.jpg,0.83107382,0.27622548,0.01922823,0.28229167,0.29250000,0.71770833
20457,train,data/raw/teacher/train/images_train/20457.jpg,0.79530936,0.34230512,0.02092522,0.27333333,0.28395833,0.72666667
20478,train,data/raw/teacher/train/images_train/20478.jpg,0.79994529,0.33127725,0.01735503,0.27687500,0.28166667,0.72312500
20496,train,data/raw/teacher/train/images_train/20496.jpg,0.82807177,0.28287253,0.02450383,0.27645833,0.28687500,0.72354167
20519,train,data/raw/teacher/train/images_train/20519.jpg,0.95275891,0.16873924,0.01816227,0.09479167,0.20125000,0.90520833
20544,train,data/raw/teacher/train/images_train/20544.jpg,0.93681449,0.17378016,0.02272026,0.12541667,0.18208333,0.87458333
20567,train,data/raw/teacher/train/images_train/20567.jpg,0.89059192,0.19304085,0.03674211,0.27291667,0.42166667,0.72708333
20586,train,data/raw/teacher/train/images_train/20586.jpg,0.79057986,0.34119898,0.03266478,0.27395833,0.37812500,0.72604167
20613,train,data/raw/teacher/train/images_train/20613.jpg,0.74966073,0.39600068,0.04679538,0.30333333,0.56000000,0.69666667
20630,train,data/raw/teacher/train/images_train/20630.jpg,0.91880959,0.22857007,0.02873092,0.12375000,0.19583333,0.87625000
20681,train,data/raw/teacher/train/images_train/20681.jpg,0.82391530,0.32021099,0.02150132,0.24875000,0.43333333,0.75125000
20710,train,data/raw/teacher/train/images_train/20710.jpg,0.83039135,0.32122925,0.02992774,0.22916667,0.37187500,0.77083333
20762,train,data/raw/teacher/train/images_train/20762.jpg,0.87485981,0.28183815,0.03019832,0.17458333,0.28750000,0.82541667
20785,train,data/raw/teacher/train/images_train/20785.jpg,0.88753498,0.21861017,0.04714922,0.26812500,0.60958333,0.73187500
20807,train,data/raw/teacher/train/images_train/20807.jpg,0.83720070,0.30703300,0.03458988,0.24458333,0.41166667,0.75541667
20841,train,data/raw/teacher/train/images_train/20841.jpg,0.74324679,0.34945884,0.04360824,0.35916667,0.50166667,0.64083333
20861,train,data/raw/teacher/train/images_train/20861.jpg,0.84146363,0.26549506,0.01401437,0.26916667,0.27791667,0.73083333
20885,train,data/raw/teacher/train/images_train/20885.jpg,0.91156781,0.18971248,0.05991988,0.25958333,0.41666667,0.74041667
20905,train,data/raw/teacher/train/images_train/20905.jpg,0.89551556,0.24935110,0.03048417,0.16041667,0.29062500,0.83958333
20929,train,data/raw/teacher/train/images_train/20929.jpg,0.84260577,0.32394624,0.02637182,0.20145833,0.23958333,0.79854167
20947,train,data/raw/teacher/train/images_train/20947.jpg,0.93509316,0.16510512,0.02074793,0.16666667,0.26437500,0.83333333
20969,train,data/raw/teacher/train/images_train/20969.jpg,0.85377860,0.31872219,0.04163289,0.18541667,0.23500000,0.81458333
21006,train,data/raw/teacher/train/images_train/21006.jpg,0.94003415,0.20082058,0.03428354,0.09083333,0.16291667,0.90916667
21042,train,data/raw/teacher/train/images_train/21042.jpg,0.85208219,0.32060581,0.03145797,0.18708333,0.36416667,0.81291667
21113,train,data/raw/teacher/train/images_train/21113.jpg,0.85006714,0.20385231,0.02723660,0.44854167,0.60125000,0.55145833
21132,train,data/raw/teacher/train/images_train/21132.jpg,0.79868680,0.27286237,0.03658494,0.44312500,0.61750000,0.55687500
21155,train,data/raw/teacher/train/images_train/21155.jpg,0.87328196,0.17021076,0.02941875,0.49000000,0.79625000,0.51000000
21174,train,data/raw/teacher/train/images_train/21174.jpg,0.90345681,0.17088294,0.02205684,0.45062500,0.73125000,0.54937500
21192,train,data/raw/teacher/train/images_train/21192.jpg,0.60311347,0.37134731,0.04429423,0.54375000,0.66000000,0.45625000
21248,train,data/raw/teacher/train/images_train/21248.jpg,0.64005178,0.40618300,0.03521363,0.45104167,0.49000000,0.54895833
21275,train,data/raw/teacher/train/images_train/21275.jpg,0.91377503,0.24109286,0.04504241,0.12270833,0.22520833,0.87729167
21291,train,data/raw/teacher/train/images_train/21291.jpg,0.97174561,0.09927927,0.01309164,0.07791667,0.19166667,0.92208333
21312,train,data/raw/teacher/train/images_train/21312.jpg,0.95693135,0.13877904,0.02985226,0.09541667,0.22520833,0.90458333
21340,train,data/raw/teacher/train/images_train/21340.jpg,0.95650512,0.15267237,0.03008579,0.07895833,0.21541667,0.92104167
21356,train,data/raw/teacher/train/images_train/21356.jpg,0.96085274,0.13256185,0.02822086,0.09208333,0.21083333,0.90791667
21387,train,data/raw/teacher/train/images_train/21387.jpg,0.89551598,0.22761588,0.02298996,0.19708333,0.34500000,0.80291667
21405,train,data/raw/teacher/train/images_train/21405.jpg,0.88507485,0.20170395,0.03555399,0.37833333,0.61750000,0.62166667
21427,train,data/raw/teacher/train/images_train/21427.jpg,0.83271945,0.25352886,0.03505180,0.42812500,0.60125000,0.57187500
21454,train,data/raw/teacher/train/images_train/21454.jpg,0.72069979,0.37686232,0.05507506,0.41250000,0.56875000,0.58750000
21487,train,data/raw/teacher/train/images_train/21487.jpg,0.77269453,0.35762611,0.07257327,0.30479167,0.49875000,0.69520833
21521,train,data/raw/teacher/train/images_train/21521.jpg,0.91995341,0.18878230,0.02943825,0.16854167,0.40562500,0.83145833
21546,train,data/raw/teacher/train/images_train/21546.jpg,0.84202313,0.26385787,0.02916483,0.28062500,0.51750000,0.71937500
21568,train,data/raw/teacher/train/images_train/21568.jpg,0.83794689,0.31951761,0.03807241,0.22583333,0.36125000,0.77416667
21590,train,data/raw/teacher/train/images_train/21590.jpg,0.84266281,0.24653918,0.02996989,0.36000000,0.60125000,0.64000000
21638,train,data/raw/teacher/train/images_train/21638.jpg,0.81654590,0.22683434,0.03042270,0.60104167,0.88229167,0.39895833
21662,train,data/raw/teacher/train/images_train/21662.jpg,0.95985371,0.07202299,0.00209123,0.23604167,0.47916667,0.76395833
21678,train,data/raw/teacher/train/images_train/21678.jpg,0.85699809,0.19386452,0.06700400,0.49250000,0.76500000,0.50750000
21698,train,data/raw/teacher/train/images_train/21698.jpg,0.84886026,0.20569661,0.09465066,0.48812500,0.75000000,0.51187500
21729,train,data/raw/teacher/train/images_train/21729.jpg,0.88363177,0.25591168,0.03411578,0.18312500,0.31875000,0.81687500
21770,train,data/raw/teacher/train/images_train/21770.jpg,0.89489025,0.26257312,0.03823338,0.15437500,0.23000000,0.84562500
21821,train,data/raw/teacher/train/images_train/21821.jpg,0.86119741,0.31277594,0.01557552,0.17125000,0.17708333,0.82875000
21879,train,data/raw/teacher/train/images_train/21879.jpg,0.84110457,0.21293633,0.03311948,0.41083333,0.69125000,0.58916667
21903,train,data/raw/teacher/train/images_train/21903.jpg,0.79492259,0.26352596,0.04860239,0.42708333,0.73333333,0.57291667
21917,train,data/raw/teacher/train/images_train/21917.jpg,0.88236982,0.21919908,0.03454764,0.25666667,0.45916667,0.74333333
21934,train,data/raw/teacher/train/images_train/21934.jpg,0.90361929,0.17391743,0.01606340,0.25333333,0.50791667,0.74666667
21951,train,data/raw/teacher/train/images_train/21951.jpg,0.79771686,0.34632665,0.05633997,0.27062500,0.47916667,0.72937500
21980,train,data/raw/teacher/train/images_train/21980.jpg,0.91209614,0.17625955,0.01686333,0.22583333,0.25875000,0.77416667
22004,train,data/raw/teacher/train/images_train/22004.jpg,0.77231419,0.37463915,0.05089206,0.28937500,0.49000000,0.71062500
22024,train,data/raw/teacher/train/images_train/22024.jpg,0.89929545,0.19053508,0.03273026,0.37000000,0.66625000,0.63000000
22045,train,data/raw/teacher/train/images_train/22045.jpg,0.92295855,0.15059097,0.01921439,0.36937500,0.51020833,0.63062500
22065,train,data/raw/teacher/train/images_train/22065.jpg,0.86808807,0.21151522,0.02756650,0.39229167,0.66666667,0.60770833
22094,train,data/raw/teacher/train/images_train/22094.jpg,0.96954018,0.08607501,0.01545828,0.14937500,0.30625000,0.85062500
22111,train,data/raw/teacher/train/images_train/22111.jpg,0.93418264,0.15577640,0.03799352,0.22020833,0.38250000,0.77979167
22142,train,data/raw/teacher/train/images_train/22142.jpg,0.86154968,0.28328827,0.01757093,0.20604167,0.36125000,0.79395833
22168,train,data/raw/teacher/train/images_train/22168.jpg,0.83784235,0.28928515,0.02394378,0.25145833,0.40083333,0.74854167
22187,train,data/raw/teacher/train/images_train/22187.jpg,0.83450925,0.29460573,0.02223253,0.25104167,0.38250000,0.74895833
22208,train,data/raw/teacher/train/images_train/22208.jpg,0.86961365,0.19097978,0.02432754,0.43583333,0.65000000,0.56416667
22225,train,data/raw/teacher/train/images_train/22225.jpg,0.75505567,0.34537843,0.10791308,0.41083333,0.56875000,0.58916667
22252,train,data/raw/teacher/train/images_train/22252.jpg,0.88275278,0.24887414,0.05651311,0.23958333,0.41437500,0.76041667
22267,train,data/raw/teacher/train/images_train/22267.jpg,0.87459821,0.27532339,0.03583615,0.20375000,0.29708333,0.79625000
22312,train,data/raw/teacher/train/images_train/22312.jpg,0.68791920,0.37960836,0.06752124,0.48083333,0.65770833,0.51916667
22330,train,data/raw/teacher/train/images_train/22330.jpg,0.85006112,0.26744196,0.05306791,0.29958333,0.63375000,0.70041667
22361,train,data/raw/teacher/train/images_train/22361.jpg,0.87102765,0.26455486,0.03966791,0.21791667,0.37916667,0.78208333
22381,train,data/raw/teacher/train/images_train/22381.jpg,0.87939638,0.22840174,0.02528863,0.26333333,0.66625000,0.73666667
22401,train,data/raw/teacher/train/images_train/22401.jpg,0.86424196,0.24944922,0.02501750,0.30604167,0.68250000,0.69395833
22462,train,data/raw/teacher/train/images_train/22462.jpg,0.94935250,0.10153866,0.01167590,0.20854167,0.56875000,0.79145833
22492,train,data/raw/teacher/train/images_train/22492.jpg,0.91957295,0.17888148,0.03593288,0.20583333,0.33541667,0.79416667
22538,train,data/raw/teacher/train/images_train/22538.jpg,0.82039094,0.27941769,0.02609169,0.33020833,0.49270833,0.66979167
22559,train,data/raw/teacher/train/images_train/22559.jpg,0.84808725,0.29059991,0.01496795,0.24250000,0.25416667,0.75750000
22584,train,data/raw/teacher/train/images_train/22584.jpg,0.79549491,0.25112876,0.02766307,0.41958333,0.51666667,0.58041667
22601,train,data/raw/teacher/train/images_train/22601.jpg,0.77367890,0.31832635,0.03350872,0.34604167,0.56000000,0.65395833
22621,train,data/raw/teacher/train/images_train/22621.jpg,0.71844757,0.39030457,0.03905432,0.35125000,0.51333333,0.64875000
22637,train,data/raw/teacher/train/images_train/22637.jpg,0.86266357,0.30734390,0.06519682,0.18645833,0.29291667,0.81354167
22654,train,data/raw/teacher/train/images_train/22654.jpg,0.69039410,0.37916213,0.03065177,0.41333333,0.49000000,0.58666667
22671,train,data/raw/teacher/train/images_train/22671.jpg,0.72059685,0.39992580,0.05452379,0.35895833,0.45500000,0.64104167
22692,train,data/raw/teacher/train/images_train/22692.jpg,0.91607392,0.18862510,0.03100960,0.24541667,0.48958333,0.75458333
22719,train,data/raw/teacher/train/images_train/22719.jpg,0.91416746,0.19763967,0.04958234,0.25812500,0.43750000,0.74187500
22736,train,data/raw/teacher/train/images_train/22736.jpg,0.86652851,0.27978617,0.06720171,0.24041667,0.50916667,0.75958333
22751,train,data/raw/teacher/train/images_train/22751.jpg,0.88296038,0.19576970,0.05878527,0.36729167,0.65000000,0.63270833
22764,train,data/raw/teacher/train/images_train/22764.jpg,0.86958945,0.19741085,0.03399365,0.38625000,0.65000000,0.61375000
22780,train,data/raw/teacher/train/images_train/22780.jpg,0.92808896,0.16082594,0.02191022,0.34729167,0.55250000,0.65270833
22802,train,data/raw/teacher/train/images_train/22802.jpg,0.80311424,0.25678626,0.07992524,0.47166667,0.68250000,0.52833333
22822,train,data/raw/teacher/train/images_train/22822.jpg,0.81555450,0.31257659,0.02880522,0.27354167,0.44791667,0.72645833
22837,train,data/raw/teacher/train/images_train/22837.jpg,0.79988080,0.30711436,0.02131528,0.31333333,0.49937500,0.68666667
22853,train,data/raw/teacher/train/images_train/22853.jpg,0.82145602,0.30267617,0.02025447,0.27354167,0.44416667,0.72645833
22866,train,data/raw/teacher/train/images_train/22866.jpg,0.89464784,0.19658339,0.01971796,0.25395833,0.43750000,0.74604167
22884,train,data/raw/teacher/train/images_train/22884.jpg,0.79009539,0.34721416,0.03840099,0.28250000,0.48750000,0.71750000
22915,train,data/raw/teacher/train/images_train/22915.jpg,0.91851300,0.22898878,0.03805399,0.12104167,0.22520833,0.87895833
22934,train,data/raw/teacher/train/images_train/22934.jpg,0.81119823,0.27307403,0.06836441,0.42645833,0.73500000,0.57354167
22948,train,data/raw/teacher/train/images_train/22948.jpg,0.74098694,0.33491835,0.06885996,0.43166667,0.81708333,0.56833333
22976,train,data/raw/teacher/train/images_train/22976.jpg,0.87552685,0.23342623,0.03737342,0.25479167,0.43562500,0.74520833
23030,train,data/raw/teacher/train/images_train/23030.jpg,0.94033694,0.05052510,0.00308028,0.57187500,0.66125000,0.42812500
23045,train,data/raw/teacher/train/images_train/23045.jpg,0.79020846,0.32910427,0.04313871,0.32354167,0.52000000,0.67645833
23069,train,data/raw/teacher/train/images_train/23069.jpg,0.75858957,0.30296457,0.06104638,0.46520833,0.65000000,0.53479167
23104,train,data/raw/teacher/train/images_train/23104.jpg,0.65761298,0.41560128,0.04188044,0.41562500,0.62500000,0.58437500
23119,train,data/raw/teacher/train/images_train/23119.jpg,0.79821026,0.23960917,0.03004795,0.47875000,0.67375000,0.52125000
23139,train,data/raw/teacher/train/images_train/23139.jpg,0.75952435,0.27356789,0.03439968,0.48166667,0.66625000,0.51833333
23159,train,data/raw/teacher/train/images_train/23159.jpg,0.80121213,0.26094210,0.04713245,0.44770833,0.63375000,0.55229167
23180,train,data/raw/teacher/train/images_train/23180.jpg,0.87477094,0.23786505,0.02328420,0.25833333,0.66625000,0.74166667
23219,train,data/raw/teacher/train/images_train/23219.jpg,0.83144093,0.23424625,0.06675731,0.42041667,0.60125000,0.57958333
23238,train,data/raw/teacher/train/images_train/23238.jpg,0.84581876,0.23599464,0.06210770,0.37000000,0.48750000,0.63000000
23255,train,data/raw/teacher/train/images_train/23255.jpg,0.82723665,0.33123532,0.02532619,0.22354167,0.37187500,0.77645833
23272,train,data/raw/teacher/train/images_train/23272.jpg,0.87605786,0.21110912,0.04739102,0.34500000,0.44375000,0.65500000
23292,train,data/raw/teacher/train/images_train/23292.jpg,0.86265993,0.19515221,0.07889985,0.44541667,0.68250000,0.55458333
23315,train,data/raw/teacher/train/images_train/23315.jpg,0.86564028,0.19968989,0.03335606,0.35812500,0.50375000,0.64187500
23330,train,data/raw/teacher/train/images_train/23330.jpg,0.75470805,0.31846392,0.05262408,0.41916667,0.65833333,0.58083333
23442,train,data/raw/teacher/train/images_train/23442.jpg,0.88939899,0.17955479,0.02139816,0.34812500,0.47125000,0.65187500
23466,train,data/raw/teacher/train/images_train/23466.jpg,0.86363691,0.26127818,0.05362443,0.23229167,0.46500000,0.76770833
23482,train,data/raw/teacher/train/images_train/23482.jpg,0.89899701,0.18305843,0.03595088,0.26000000,0.48291667,0.74000000
23522,train,data/raw/teacher/train/images_train/23522.jpg,0.91708273,0.16088091,0.02903866,0.26291667,0.33250000,0.73708333
23544,train,data/raw/teacher/train/images_train/23544.jpg,0.87736684,0.28896421,0.02763248,0.17687500,0.19062500,0.82312500
23562,train,data/raw/teacher/train/images_train/23562.jpg,0.95796132,0.06611285,0.00364655,0.30187500,0.38104167,0.69812500
23585,train,data/raw/teacher/train/images_train/23585.jpg,0.95211548,0.11666019,0.01283850,0.22708333,0.29000000,0.77291667
23603,train,data/raw/teacher/train/images_train/23603.jpg,0.90769786,0.18369240,0.02043568,0.29145833,0.29708333,0.70854167
23631,train,data/raw/teacher/train/images_train/23631.jpg,0.83289516,0.27273446,0.04271126,0.44729167,0.63375000,0.55270833
23668,train,data/raw/teacher/train/images_train/23668.jpg,0.61407465,0.43251213,0.07025286,0.48208333,0.65833333,0.51791667
23689,train,data/raw/teacher/train/images_train/23689.jpg,0.80646706,0.34932238,0.01887854,0.24645833,0.26125000,0.75354167
23714,train,data/raw/teacher/train/images_train/23714.jpg,0.96343148,0.12539910,0.01792106,0.07083333,0.19583333,0.92916667
23730,train,data/raw/teacher/train/images_train/23730.jpg,0.94766021,0.17048241,0.03901349,0.09916667,0.21541667,0.90083333
23756,train,data/raw/teacher/train/images_train/23756.jpg,0.93512249,0.18638684,0.03251783,0.11916667,0.22520833,0.88083333
23778,train,data/raw/teacher/train/images_train/23778.jpg,0.97247314,0.09746350,0.01238780,0.08250000,0.18604167,0.91750000
23803,train,data/raw/teacher/train/images_train/23803.jpg,0.83669764,0.29271376,0.01985670,0.24479167,0.40375000,0.75520833
23820,train,data/raw/teacher/train/images_train/23820.jpg,0.86764854,0.29105163,0.04593928,0.18729167,0.32500000,0.81270833
23835,train,data/raw/teacher/train/images_train/23835.jpg,0.86060935,0.25622594,0.04389720,0.25729167,0.42250000,0.74270833
23853,train,data/raw/teacher/train/images_train/23853.jpg,0.85513550,0.26362014,0.03297721,0.24208333,0.39312500,0.75791667
23875,train,data/raw/teacher/train/images_train/23875.jpg,0.74747580,0.29582456,0.04157106,0.47770833,0.66625000,0.52229167
23893,train,data/raw/teacher/train/images_train/23893.jpg,0.92539358,0.18152398,0.03725262,0.17291667,0.31875000,0.82708333
23931,train,data/raw/teacher/train/images_train/23931.jpg,0.85839438,0.27931499,0.03072279,0.21812500,0.36458333,0.78187500
23957,train,data/raw/teacher/train/images_train/23957.jpg,0.82495373,0.22917683,0.03700244,0.46541667,0.68250000,0.53458333
23976,train,data/raw/teacher/train/images_train/23976.jpg,0.82499290,0.27316937,0.03054051,0.47791667,0.69875000,0.52208333
24032,train,data/raw/teacher/train/images_train/24032.jpg,0.83497101,0.21921572,0.03051076,0.45979167,0.63375000,0.54020833
24068,train,data/raw/teacher/train/images_train/24068.jpg,0.82545036,0.22920328,0.06457508,0.44041667,0.64187500,0.55958333
24094,train,data/raw/teacher/train/images_train/24094.jpg,0.87368023,0.23677075,0.04604300,0.30583333,0.61750000,0.69416667
24112,train,data/raw/teacher/train/images_train/24112.jpg,0.87692416,0.29006928,0.05232334,0.17354167,0.29250000,0.82645833
24134,train,data/raw/teacher/train/images_train/24134.jpg,0.88824177,0.20417538,0.05328956,0.28020833,0.65000000,0.71979167
24173,train,data/raw/teacher/train/images_train/24173.jpg,0.77537030,0.27480376,0.03566423,0.45729167,0.65833333,0.54270833
24190,train,data/raw/teacher/train/images_train/24190.jpg,0.94069082,0.15810592,0.04293725,0.22208333,0.37500000,0.77791667
24236,train,data/raw/teacher/train/images_train/24236.jpg,0.78585142,0.32651216,0.03595243,0.35020833,0.48750000,0.64979167
24266,train,data/raw/teacher/train/images_train/24266.jpg,0.71370810,0.34020597,0.04157441,0.44770833,0.63375000,0.55229167
24298,train,data/raw/teacher/train/images_train/24298.jpg,0.72909027,0.38944978,0.07827307,0.33750000,0.57229167,0.66250000
24327,train,data/raw/teacher/train/images_train/24327.jpg,0.70807737,0.39434800,0.03607816,0.36791667,0.45916667,0.63208333
24354,train,data/raw/teacher/train/images_train/24354.jpg,0.87621397,0.20200524,0.03685640,0.38875000,0.53333333,0.61125000
24377,train,data/raw/teacher/train/images_train/24377.jpg,0.84668446,0.22690575,0.03343687,0.37541667,0.50375000,0.62458333
24392,train,data/raw/teacher/train/images_train/24392.jpg,0.79513288,0.28217646,0.03750281,0.38000000,0.52000000,0.62000000
24417,train,data/raw/teacher/train/images_train/24417.jpg,0.83604634,0.30379209,0.04531462,0.25083333,0.44625000,0.74916667
24451,train,data/raw/teacher/train/images_train/24451.jpg,0.83773077,0.30312172,0.03047411,0.24229167,0.40375000,0.75770833
24481,train,data/raw/teacher/train/images_train/24481.jpg,0.90692991,0.23411497,0.01978362,0.14479167,0.21875000,0.85520833
24508,train,data/raw/teacher/train/images_train/24508.jpg,0.80000973,0.27037936,0.03824770,0.40291667,0.56666667,0.59708333
24525,train,data/raw/teacher/train/images_train/24525.jpg,0.89751035,0.18813756,0.02787032,0.29354167,0.63375000,0.70645833
24546,train,data/raw/teacher/train/images_train/24546.jpg,0.83260846,0.23535265,0.03280217,0.42520833,0.52000000,0.57479167
24566,train,data/raw/teacher/train/images_train/24566.jpg,0.83109915,0.22694083,0.02889897,0.43208333,0.71500000,0.56791667
24605,train,data/raw/teacher/train/images_train/24605.jpg,0.90299755,0.19368592,0.02382777,0.23604167,0.49083333,0.76395833
24625,train,data/raw/teacher/train/images_train/24625.jpg,0.76077819,0.31138778,0.02666899,0.39645833,0.53666667,0.60354167
24653,train,data/raw/teacher/train/images_train/24653.jpg,0.86105782,0.23637579,0.04165361,0.26729167,0.48875000,0.73270833
24676,train,data/raw/teacher/train/images_train/24676.jpg,0.78600740,0.35608852,0.04178717,0.27687500,0.41208333,0.72312500
24698,train,data/raw/teacher/train/images_train/24698.jpg,0.92253071,0.13827723,0.02215806,0.25104167,0.63375000,0.74895833
24718,train,data/raw/teacher/train/images_train/24718.jpg,0.85599118,0.28425363,0.02365822,0.21354167,0.32937500,0.78645833
24754,train,data/raw/teacher/train/images_train/24754.jpg,0.90442121,0.15753703,0.02563971,0.31458333,0.52000000,0.68541667
24786,train,data/raw/teacher/train/images_train/24786.jpg,0.91481626,0.18317609,0.02190710,0.20791667,0.23958333,0.79208333
24841,train,data/raw/teacher/train/images_train/24841.jpg,0.91993529,0.10534390,0.01695643,0.34333333,0.43000000,0.65666667
24875,train,data/raw/teacher/train/images_train/24875.jpg,0.85220629,0.24188709,0.04982060,0.38062500,0.58500000,0.61937500
24928,train,data/raw/teacher/train/images_train/24928.jpg,0.79963362,0.26281285,0.02543212,0.42479167,0.55250000,0.57520833
24972,train,data/raw/teacher/train/images_train/24972.jpg,0.79519725,0.27246165,0.03375030,0.41979167,0.58500000,0.58020833
25004,train,data/raw/teacher/train/images_train/25004.jpg,0.85459197,0.26745987,0.03784643,0.33500000,0.71500000,0.66500000
25025,train,data/raw/teacher/train/images_train/25025.jpg,0.78793353,0.30722585,0.04852336,0.33270833,0.54833333,0.66729167
25042,train,data/raw/teacher/train/images_train/25042.jpg,0.71573693,0.37931523,0.03844832,0.36937500,0.59583333,0.63062500
25065,train,data/raw/teacher/train/images_train/25065.jpg,0.79367924,0.31486639,0.07160114,0.41645833,0.65145833,0.58354167
25078,train,data/raw/teacher/train/images_train/25078.jpg,0.81925589,0.29381856,0.08360339,0.35812500,0.65250000,0.64187500
25106,train,data/raw/teacher/train/images_train/25106.jpg,0.90694517,0.26124468,0.03509971,0.12541667,0.15333333,0.87458333
25122,train,data/raw/teacher/train/images_train/25122.jpg,0.87276500,0.26690915,0.03247812,0.26145833,0.28687500,0.73854167
25145,train,data/raw/teacher/train/images_train/25145.jpg,0.84111828,0.25465116,0.04247683,0.30145833,0.50916667,0.69854167
25179,train,data/raw/teacher/train/images_train/25179.jpg,0.84736776,0.24476485,0.03004021,0.28937500,0.54187500,0.71062500
25192,train,data/raw/teacher/train/images_train/25192.jpg,0.83315158,0.30449852,0.06421579,0.26583333,0.51333333,0.73416667
25214,train,data/raw/teacher/train/images_train/25214.jpg,0.87222767,0.23620445,0.04339454,0.24187500,0.43937500,0.75812500
25228,train,data/raw/teacher/train/images_train/25228.jpg,0.77877992,0.34216452,0.03990147,0.30770833,0.49562500,0.69229167
25243,train,data/raw/teacher/train/images_train/25243.jpg,0.73133177,0.35258472,0.06760303,0.39000000,0.56000000,0.61000000
25265,train,data/raw/teacher/train/images_train/25265.jpg,0.93030429,0.10966534,0.01175356,0.28250000,0.46666667,0.71750000
25291,train,data/raw/teacher/train/images_train/25291.jpg,0.75747454,0.38849264,0.06593008,0.29520833,0.51000000,0.70479167
25311,train,data/raw/teacher/train/images_train/25311.jpg,0.89282268,0.14534280,0.06807317,0.44520833,0.73500000,0.55479167
25330,train,data/raw/teacher/train/images_train/25330.jpg,0.74055237,0.31103942,0.08731199,0.50437500,0.71000000,0.49562500
25354,train,data/raw/teacher/train/images_train/25354.jpg,0.81021529,0.35647890,0.04802798,0.23395833,0.36750000,0.76604167
25372,train,data/raw/teacher/train/images_train/25372.jpg,0.76458079,0.31936279,0.03857899,0.44145833,0.60125000,0.55854167
25391,train,data/raw/teacher/train/images_train/25391.jpg,0.71715009,0.34335554,0.04596988,0.45333333,0.61750000,0.54666667
25424,train,data/raw/teacher/train/images_train/25424.jpg,0.82720691,0.32127792,0.03361752,0.24812500,0.41166667,0.75187500
25451,train,data/raw/teacher/train/images_train/25451.jpg,0.89285809,0.23929553,0.06340942,0.24395833,0.42250000,0.75604167
25473,train,data/raw/teacher/train/images_train/25473.jpg,0.88200980,0.25185376,0.05913714,0.22375000,0.40375000,0.77625000
25490,train,data/raw/teacher/train/images_train/25490.jpg,0.92773652,0.15013295,0.03069814,0.24854167,0.40625000,0.75145833
25527,train,data/raw/teacher/train/images_train/25527.jpg,0.87819654,0.20721163,0.02765576,0.44687500,0.65833333,0.55312500
25556,train,data/raw/teacher/train/images_train/25556.jpg,0.76903868,0.29060328,0.04423322,0.45791667,0.65000000,0.54208333
25588,train,data/raw/teacher/train/images_train/25588.jpg,0.88970029,0.22295253,0.02944491,0.23583333,0.34833333,0.76416667
25604,train,data/raw/teacher/train/images_train/25604.jpg,0.64241570,0.37707105,0.08551577,0.58937500,0.78000000,0.41062500
25626,train,data/raw/teacher/train/images_train/25626.jpg,0.93507791,0.10823081,0.01909378,0.39937500,0.52500000,0.60062500
25642,train,data/raw/teacher/train/images_train/25642.jpg,0.79369533,0.31078991,0.08911375,0.40229167,0.70000000,0.59770833
25660,train,data/raw/teacher/train/images_train/25660.jpg,0.85359335,0.24531569,0.03595864,0.35062500,0.59166667,0.64937500
25674,train,data/raw/teacher/train/images_train/25674.jpg,0.83470571,0.29169270,0.05958597,0.33416667,0.58333333,0.66583333
25704,train,data/raw/teacher/train/images_train/25704.jpg,0.86314678,0.22127444,0.02796693,0.42520833,0.58500000,0.57479167
25722,train,data/raw/teacher/train/images_train/25722.jpg,0.91571307,0.20834760,0.02540813,0.16416667,0.23500000,0.83583333
25750,train,data/raw/teacher/train/images_train/25750.jpg,0.92572784,0.17118639,0.01255992,0.18041667,0.23437500,0.81958333
25764,train,data/raw/teacher/train/images_train/25764.jpg,0.79138368,0.31473446,0.10752927,0.37458333,0.53833333,0.62541667
25786,train,data/raw/teacher/train/images_train/25786.jpg,0.79444766,0.31956354,0.11161678,0.33000000,0.52937500,0.67000000
25822,train,data/raw/teacher/train/images_train/25822.jpg,0.85276294,0.22771667,0.03442292,0.36937500,0.59250000,0.63062500
25843,train,data/raw/teacher/train/images_train/25843.jpg,0.82307839,0.27901116,0.07159827,0.35479167,0.67479167,0.64520833
25867,train,data/raw/teacher/train/images_train/25867.jpg,0.63318455,0.37733126,0.03271729,0.50354167,0.56791667,0.49645833
25884,train,data/raw/teacher/train/images_train/25884.jpg,0.75797749,0.32170171,0.03231353,0.38166667,0.47833333,0.61833333
25899,train,data/raw/teacher/train/images_train/25899.jpg,0.77723414,0.34190214,0.03768836,0.33645833,0.55250000,0.66354167
25921,train,data/raw/teacher/train/images_train/25921.jpg,0.86872822,0.21940164,0.02805829,0.39437500,0.75395833,0.60562500
25942,train,data/raw/teacher/train/images_train/25942.jpg,0.84878761,0.23851351,0.05515972,0.35354167,0.57812500,0.64645833
25961,train,data/raw/teacher/train/images_train/25961.jpg,0.78992218,0.34280756,0.03835375,0.34104167,0.79000000,0.65895833
25984,train,data/raw/teacher/train/images_train/25984.jpg,0.93988007,0.13603836,0.01136137,0.21562500,0.35645833,0.78437500
26025,train,data/raw/teacher/train/images_train/26025.jpg,0.90739775,0.21446037,0.01270596,0.17500000,0.18770833,0.82500000
26050,train,data/raw/teacher/train/images_train/26050.jpg,0.73358971,0.30399632,0.04935089,0.50708333,0.75000000,0.49291667
26068,train,data/raw/teacher/train/images_train/26068.jpg,0.80691212,0.25620130,0.03439441,0.47937500,0.67375000,0.52062500
26093,train,data/raw/teacher/train/images_train/26093.jpg,0.82049835,0.26443380,0.03418996,0.47750000,0.68250000,0.52250000
26123,train,data/raw/teacher/train/images_train/26123.jpg,0.81720388,0.25343528,0.02787290,0.49041667,0.69875000,0.50958333
26148,train,data/raw/teacher/train/images_train/26148.jpg,0.84748155,0.23040937,0.03020869,0.36187500,0.60958333,0.63812500
26169,train,data/raw/teacher/train/images_train/26169.jpg,0.77930117,0.34044462,0.05166030,0.37812500,0.61750000,0.62187500
26207,train,data/raw/teacher/train/images_train/26207.jpg,0.93691099,0.18770148,0.02068058,0.11937500,0.14000000,0.88062500
26243,train,data/raw/teacher/train/images_train/26243.jpg,0.89624381,0.19616881,0.02816469,0.29500000,0.60125000,0.70500000
26268,train,data/raw/teacher/train/images_train/26268.jpg,0.73280466,0.32271156,0.04634674,0.45979167,0.61750000,0.54020833
26292,train,data/raw/teacher/train/images_train/26292.jpg,0.76533407,0.28317186,0.04341010,0.46125000,0.63375000,0.53875000
26323,train,data/raw/teacher/train/images_train/26323.jpg,0.83930427,0.30560905,0.05125210,0.24020833,0.36416667,0.75979167
26344,train,data/raw/teacher/train/images_train/26344.jpg,0.90152180,0.13716216,0.03664979,0.41500000,0.61250000,0.58500000
26379,train,data/raw/teacher/train/images_train/26379.jpg,0.80628186,0.26893130,0.03352206,0.38458333,0.60125000,0.61541667
26411,train,data/raw/teacher/train/images_train/26411.jpg,0.84466094,0.19569588,0.03707901,0.46895833,0.65000000,0.53104167
26439,train,data/raw/teacher/train/images_train/26439.jpg,0.81559300,0.29968613,0.02519295,0.29208333,0.37208333,0.70791667
26453,train,data/raw/teacher/train/images_train/26453.jpg,0.83909798,0.30765167,0.02571093,0.23354167,0.39312500,0.76645833
26476,train,data/raw/teacher/train/images_train/26476.jpg,0.70553952,0.36831093,0.07163706,0.46812500,0.63375000,0.53187500
26497,train,data/raw/teacher/train/images_train/26497.jpg,0.87291908,0.22576696,0.03916303,0.35375000,0.63375000,0.64625000
26532,train,data/raw/teacher/train/images_train/26532.jpg,0.94578350,0.11169254,0.00900414,0.21229167,0.36458333,0.78770833
26551,train,data/raw/teacher/train/images_train/26551.jpg,0.87560081,0.26449817,0.04455216,0.23229167,0.36125000,0.76770833
26590,train,data/raw/teacher/train/images_train/26590.jpg,0.87273461,0.28912228,0.02852972,0.17354167,0.28166667,0.82645833
26610,train,data/raw/teacher/train/images_train/26610.jpg,0.87026548,0.24633053,0.05975384,0.31250000,0.51000000,0.68750000
26637,train,data/raw/teacher/train/images_train/26637.jpg,0.82395464,0.31441003,0.03153891,0.26145833,0.46583333,0.73854167
26654,train,data/raw/teacher/train/images_train/26654.jpg,0.82052439,0.33875608,0.05193974,0.25416667,0.40083333,0.74583333
26671,train,data/raw/teacher/train/images_train/26671.jpg,0.82798117,0.33570200,0.03496392,0.24500000,0.43562500,0.75500000
26693,train,data/raw/teacher/train/images_train/26693.jpg,0.82972383,0.32350126,0.04225824,0.23916667,0.34687500,0.76083333
26713,train,data/raw/teacher/train/images_train/26713.jpg,0.71636879,0.34815064,0.05332394,0.46541667,0.65000000,0.53458333
26734,train,data/raw/teacher/train/images_train/26734.jpg,0.82829183,0.28761041,0.02543498,0.32854167,0.34312500,0.67145833
26797,train,data/raw/teacher/train/images_train/26797.jpg,0.72697347,0.24425071,0.03280588,0.68625000,0.73312500,0.31375000
26818,train,data/raw/teacher/train/images_train/26818.jpg,0.82812274,0.26542643,0.03896972,0.31812500,0.60125000,0.68187500
26843,train,data/raw/teacher/train/images_train/26843.jpg,0.89707029,0.14251447,0.01879579,0.39479167,0.61750000,0.60520833
26865,train,data/raw/teacher/train/images_train/26865.jpg,0.82072961,0.25280648,0.03190614,0.40625000,0.56875000,0.59375000
26880,train,data/raw/teacher/train/images_train/26880.jpg,0.87195891,0.19914077,0.03066198,0.37687500,0.55250000,0.62312500
26897,train,data/raw/teacher/train/images_train/26897.jpg,0.85316926,0.25615209,0.03162536,0.33625000,0.52000000,0.66375000
26913,train,data/raw/teacher/train/images_train/26913.jpg,0.79691356,0.27219224,0.05288630,0.42708333,0.55250000,0.57291667
26936,train,data/raw/teacher/train/images_train/26936.jpg,0.85790843,0.25820678,0.03557360,0.31666667,0.55250000,0.68333333
26953,train,data/raw/teacher/train/images_train/26953.jpg,0.78723097,0.29979721,0.03683767,0.40770833,0.56875000,0.59229167
26983,train,data/raw/teacher/train/images_train/26983.jpg,0.80341697,0.30607995,0.03366592,0.33583333,0.53625000,0.66416667
27006,train,data/raw/teacher/train/images_train/27006.jpg,0.81430250,0.30765864,0.03946228,0.31187500,0.47125000,0.68812500
27026,train,data/raw/teacher/train/images_train/27026.jpg,0.82599610,0.27052009,0.06557063,0.33250000,0.56875000,0.66750000
27056,train,data/raw/teacher/train/images_train/27056.jpg,0.94546092,0.13115744,0.02045326,0.26125000,0.42166667,0.73875000
27086,train,data/raw/teacher/train/images_train/27086.jpg,0.94008452,0.15612063,0.03462635,0.14250000,0.31625000,0.85750000
27107,train,data/raw/teacher/train/images_train/27107.jpg,0.74058515,0.35327357,0.05889547,0.40604167,0.56875000,0.59395833
27145,train,data/raw/teacher/train/images_train/27145.jpg,0.82567859,0.22780485,0.02958897,0.55395833,0.86125000,0.44604167
27173,train,data/raw/teacher/train/images_train/27173.jpg,0.77314758,0.27981612,0.03871667,0.47500000,0.66625000,0.52500000
27199,train,data/raw/teacher/train/images_train/27199.jpg,0.93121481,0.15290749,0.02408442,0.22583333,0.40375000,0.77416667
27217,train,data/raw/teacher/train/images_train/27217.jpg,0.93973732,0.12368739,0.01046975,0.20437500,0.27500000,0.79562500
27232,train,data/raw/teacher/train/images_train/27232.jpg,0.90941709,0.13569674,0.01355674,0.33895833,0.43333333,0.66104167
27280,train,data/raw/teacher/train/images_train/27280.jpg,0.79580319,0.29854506,0.03815728,0.36312500,0.48750000,0.63687500
27306,train,data/raw/teacher/train/images_train/27306.jpg,0.89326334,0.24890971,0.02434715,0.18562500,0.19125000,0.81437500
27331,train,data/raw/teacher/train/images_train/27331.jpg,0.95838284,0.11154323,0.00927240,0.13416667,0.15458333,0.86583333
27360,train,data/raw/teacher/train/images_train/27360.jpg,0.75047803,0.32114026,0.06303496,0.45458333,0.61750000,0.54541667
27380,train,data/raw/teacher/train/images_train/27380.jpg,0.92171854,0.19918928,0.00912739,0.14458333,0.16041667,0.85541667
27410,train,data/raw/teacher/train/images_train/27410.jpg,0.74271321,0.33529928,0.03664012,0.40500000,0.53333333,0.59500000
27435,train,data/raw/teacher/train/images_train/27435.jpg,0.86460543,0.27901900,0.06972883,0.25520833,0.44000000,0.74479167
27455,train,data/raw/teacher/train/images_train/27455.jpg,0.92125052,0.14587426,0.01075716,0.23604167,0.51041667,0.76395833
27473,train,data/raw/teacher/train/images_train/27473.jpg,0.93285078,0.11076508,0.00526970,0.27416667,0.51041667,0.72583333
27489,train,data/raw/teacher/train/images_train/27489.jpg,0.76024801,0.13420148,0.00737410,0.82791667,1.00000000,0.17208333
27506,train,data/raw/teacher/train/images_train/27506.jpg,0.82748824,0.31968451,0.04549383,0.23520833,0.48958333,0.76479167
27529,train,data/raw/teacher/train/images_train/27529.jpg,0.83385164,0.20768386,0.05767325,0.45958333,0.63375000,0.54041667
27566,train,data/raw/teacher/train/images_train/27566.jpg,0.69026440,0.35294187,0.05971596,0.47604167,0.71500000,0.52395833
27593,train,data/raw/teacher/train/images_train/27593.jpg,0.69254619,0.36339167,0.04984837,0.45645833,0.63375000,0.54354167
27622,train,data/raw/teacher/train/images_train/27622.jpg,0.77108306,0.30975589,0.04243201,0.39187500,0.56875000,0.60812500
27666,train,data/raw/teacher/train/images_train/27666.jpg,0.82358521,0.29009068,0.11791350,0.34875000,0.53666667,0.65125000
27685,train,data/raw/teacher/train/images_train/27685.jpg,0.75557834,0.35711098,0.04528640,0.33500000,0.50000000,0.66500000
27712,train,data/raw/teacher/train/images_train/27712.jpg,0.85300428,0.22441541,0.02259413,0.30833333,0.52104167,0.69166667
27738,train,data/raw/teacher/train/images_train/27738.jpg,0.83219147,0.25330210,0.03232377,0.31604167,0.53666667,0.68395833
27754,train,data/raw/teacher/train/images_train/27754.jpg,0.81774223,0.32721943,0.01712451,0.24520833,0.26916667,0.75479167
27767,train,data/raw/teacher/train/images_train/27767.jpg,0.75654143,0.38395709,0.02239170,0.29812500,0.30000000,0.70187500
27783,train,data/raw/teacher/train/images_train/27783.jpg,0.76894146,0.37054884,0.01880675,0.29270833,0.30833333,0.70729167
27803,train,data/raw/teacher/train/images_train/27803.jpg,0.90578979,0.22971177,0.02408934,0.14875000,0.21083333,0.85125000
27829,train,data/raw/teacher/train/images_train/27829.jpg,0.93399030,0.16335085,0.01575251,0.15416667,0.20125000,0.84583333
27849,train,data/raw/teacher/train/images_train/27849.jpg,0.73003638,0.33435157,0.04573148,0.43500000,0.60125000,0.56500000
27869,train,data/raw/teacher/train/images_train/27869.jpg,0.83512294,0.26250255,0.03212231,0.38666667,0.55250000,0.61333333
27892,train,data/raw/teacher/train/images_train/27892.jpg,0.74871230,0.32125810,0.04187097,0.46854167,0.82875000,0.53145833
27914,train,data/raw/teacher/train/images_train/27914.jpg,0.81865811,0.29125386,0.03838849,0.33958333,0.53625000,0.66041667
27932,train,data/raw/teacher/train/images_train/27932.jpg,0.81501895,0.24849090,0.03399684,0.41645833,0.56875000,0.58354167
27953,train,data/raw/teacher/train/images_train/27953.jpg,0.98471922,0.03574820,0.00103575,0.07166667,0.31645833,0.92833333
27971,train,data/raw/teacher/train/images_train/27971.jpg,0.83710480,0.26537943,0.03807702,0.36479167,0.49000000,0.63520833
27987,train,data/raw/teacher/train/images_train/27987.jpg,0.92964703,0.17992437,0.01946495,0.20958333,0.31645833,0.79041667
28008,train,data/raw/teacher/train/images_train/28008.jpg,0.68850118,0.38987735,0.02711334,0.40041667,0.41854167,0.59958333
28028,train,data/raw/teacher/train/images_train/28028.jpg,0.90907288,0.24102484,0.01747320,0.15437500,0.33333333,0.84562500
28048,train,data/raw/teacher/train/images_train/28048.jpg,0.97923779,0.04309218,0.00137117,0.19083333,0.31645833,0.80916667
28065,train,data/raw/teacher/train/images_train/28065.jpg,0.76708311,0.32821143,0.02741930,0.34666667,0.38000000,0.65333333
28085,train,data/raw/teacher/train/images_train/28085.jpg,0.95726591,0.09271483,0.01386156,0.26291667,0.32666667,0.73708333
28104,train,data/raw/teacher/train/images_train/28104.jpg,0.83850455,0.29675978,0.03128496,0.24000000,0.35062500,0.76000000
28125,train,data/raw/teacher/train/images_train/28125.jpg,0.82920837,0.34274974,0.03286318,0.20604167,0.33687500,0.79395833
28144,train,data/raw/teacher/train/images_train/28144.jpg,0.98359764,0.03518637,0.00231878,0.07125000,0.34000000,0.92875000
28162,train,data/raw/teacher/train/images_train/28162.jpg,0.95841062,0.15747796,0.04008270,0.07458333,0.18604167,0.92541667
28177,train,data/raw/teacher/train/images_train/28177.jpg,0.97092450,0.11310958,0.00894085,0.07187500,0.22041667,0.92812500
28195,train,data/raw/teacher/train/images_train/28195.jpg,0.97253335,0.12643838,0.01192482,0.05604167,0.21083333,0.94395833
28212,train,data/raw/teacher/train/images_train/28212.jpg,0.96341330,0.14246088,0.02220898,0.06895833,0.18604167,0.93104167
28229,train,data/raw/teacher/train/images_train/28229.jpg,0.86369783,0.27815917,0.02862515,0.20541667,0.23750000,0.79458333
28251,train,data/raw/teacher/train/images_train/28251.jpg,0.86693412,0.28285110,0.02632422,0.21041667,0.22500000,0.78958333
28274,train,data/raw/teacher/train/images_train/28274.jpg,0.97447294,0.05740047,0.00221662,0.16270833,0.20187500,0.83729167
28296,train,data/raw/teacher/train/images_train/28296.jpg,0.95250916,0.14088368,0.02283598,0.10270833,0.19583333,0.89729167
28313,train,data/raw/teacher/train/images_train/28313.jpg,0.83954960,0.31772381,0.02212245,0.21854167,0.36833333,0.78145833
28330,train,data/raw/teacher/train/images_train/28330.jpg,0.86003023,0.30619398,0.02664836,0.18250000,0.31416667,0.81750000
28353,train,data/raw/teacher/train/images_train/28353.jpg,0.95747721,0.15273990,0.03347319,0.07625000,0.19583333,0.92375000
28369,train,data/raw/teacher/train/images_train/28369.jpg,0.96154600,0.13031854,0.02092065,0.09354167,0.21541667,0.90645833
28387,train,data/raw/teacher/train/images_train/28387.jpg,0.95791888,0.14275840,0.02501659,0.09854167,0.20562500,0.90145833
28415,train,data/raw/teacher/train/images_train/28415.jpg,0.96167600,0.13992080,0.02660219,0.07645833,0.22520833,0.92354167
28434,train,data/raw/teacher/train/images_train/28434.jpg,0.92030954,0.14332628,0.02498161,0.30333333,0.36458333,0.69666667
28454,train,data/raw/teacher/train/images_train/28454.jpg,0.72351265,0.38256744,0.05728919,0.38812500,0.65833333,0.61187500
28472,train,data/raw/teacher/train/images_train/28472.jpg,0.79488331,0.26828623,0.03915218,0.40958333,0.55250000,0.59041667
28496,train,data/raw/teacher/train/images_train/28496.jpg,0.85467660,0.22299755,0.02488145,0.38437500,0.60125000,0.61562500
28511,train,data/raw/teacher/train/images_train/28511.jpg,0.88482493,0.24100786,0.05640616,0.19437500,0.66500000,0.80562500
28527,train,data/raw/teacher/train/images_train/28527.jpg,0.80289483,0.30220938,0.05718673,0.34708333,0.54833333,0.65291667
28553,train,data/raw/teacher/train/images_train/28553.jpg,0.74048525,0.35581133,0.12767160,0.37854167,0.60666667,0.62145833
28569,train,data/raw/teacher/train/images_train/28569.jpg,0.76239204,0.32816944,0.09337508,0.37687500,0.61833333,0.62312500
28591,train,data/raw/teacher/train/images_train/28591.jpg,0.88065743,0.25880939,0.02268520,0.18979167,0.23000000,0.81020833
28607,train,data/raw/teacher/train/images_train/28607.jpg,0.92901033,0.19234072,0.05653165,0.16562500,0.32583333,0.83437500
28625,train,data/raw/teacher/train/images_train/28625.jpg,0.85362732,0.19152276,0.01707451,0.38270833,0.65333333,0.61729167
28643,train,data/raw/teacher/train/images_train/28643.jpg,0.92295367,0.14011815,0.00731139,0.28125000,0.44333333,0.71875000
28661,train,data/raw/teacher/train/images_train/28661.jpg,0.80664045,0.34789541,0.04140988,0.27687500,0.47812500,0.72312500
28700,train,data/raw/teacher/train/images_train/28700.jpg,0.90336406,0.16891962,0.01827647,0.34104167,0.45500000,0.65895833
28714,train,data/raw/teacher/train/images_train/28714.jpg,0.91661948,0.16683230,0.02460670,0.31437500,0.43875000,0.68562500
28737,train,data/raw/teacher/train/images_train/28737.jpg,0.88608724,0.19360030,0.04449347,0.33854167,0.50375000,0.66145833
28752,train,data/raw/teacher/train/images_train/28752.jpg,0.83118701,0.23799028,0.02808988,0.37312500,0.51020833,0.62687500
28773,train,data/raw/teacher/train/images_train/28773.jpg,0.82083213,0.25106081,0.02953245,0.39104167,0.50375000,0.60895833
28805,train,data/raw/teacher/train/images_train/28805.jpg,0.84940696,0.20329030,0.03633757,0.45895833,0.63375000,0.54104167
28832,train,data/raw/teacher/train/images_train/28832.jpg,0.93034172,0.17239834,0.01847824,0.20604167,0.32500000,0.79395833
28860,train,data/raw/teacher/train/images_train/28860.jpg,0.81802249,0.24502552,0.03271227,0.47645833,0.68250000,0.52354167
28889,train,data/raw/teacher/train/images_train/28889.jpg,0.83202016,0.32812244,0.02121062,0.21437500,0.25000000,0.78562500
28910,train,data/raw/teacher/train/images_train/28910.jpg,0.90859628,0.18552296,0.02896311,0.24145833,0.52000000,0.75854167
28933,train,data/raw/teacher/train/images_train/28933.jpg,0.79807758,0.24825427,0.03913540,0.46270833,0.61750000,0.53729167
28954,train,data/raw/teacher/train/images_train/28954.jpg,0.87144798,0.21797094,0.03320732,0.32520833,0.60125000,0.67479167
28973,train,data/raw/teacher/train/images_train/28973.jpg,0.95709991,0.11285433,0.01548633,0.22437500,0.34979167,0.77562500
28999,train,data/raw/teacher/train/images_train/28999.jpg,0.77543724,0.28809747,0.05113040,0.45812500,0.63375000,0.54187500
29018,train,data/raw/teacher/train/images_train/29018.jpg,0.84444010,0.21734563,0.03720620,0.44333333,0.61750000,0.55666667
29041,train,data/raw/teacher/train/images_train/29041.jpg,0.77106875,0.31281081,0.04662355,0.39645833,0.58500000,0.60354167
29063,train,data/raw/teacher/train/images_train/29063.jpg,0.91990888,0.19634840,0.06030199,0.17916667,0.38250000,0.82083333
29087,train,data/raw/teacher/train/images_train/29087.jpg,0.76881558,0.36637986,0.02389713,0.29458333,0.35416667,0.70541667
29118,train,data/raw/teacher/train/images_train/29118.jpg,0.93309700,0.14372963,0.03564898,0.35625000,0.68750000,0.64375000
29140,train,data/raw/teacher/train/images_train/29140.jpg,0.94659752,0.15792382,0.02551350,0.11937500,0.22520833,0.88062500
29187,train,data/raw/teacher/train/images_train/29187.jpg,0.87123293,0.19149092,0.02961371,0.45250000,0.73125000,0.54750000
29212,train,data/raw/teacher/train/images_train/29212.jpg,0.90537852,0.15458132,0.01361096,0.34062500,0.66083333,0.65937500
29230,train,data/raw/teacher/train/images_train/29230.jpg,0.89623487,0.24463078,0.02851851,0.17250000,0.30000000,0.82750000
29250,train,data/raw/teacher/train/images_train/29250.jpg,0.93395525,0.14728346,0.03547863,0.23791667,0.46875000,0.76208333
29274,train,data/raw/teacher/train/images_train/29274.jpg,0.87898171,0.20305765,0.02298386,0.42937500,0.58500000,0.57062500
29294,train,data/raw/teacher/train/images_train/29294.jpg,0.86762744,0.17498289,0.01988477,0.45916667,0.63375000,0.54083333
29343,train,data/raw/teacher/train/images_train/29343.jpg,0.84679139,0.22290948,0.05165718,0.39666667,0.61750000,0.60333333
29413,train,data/raw/teacher/train/images_train/29413.jpg,0.87078530,0.17811933,0.05955742,0.43666667,0.66562500,0.56333333
29446,train,data/raw/teacher/train/images_train/29446.jpg,0.65088409,0.38833836,0.05731087,0.45875000,0.62708333,0.54125000
29472,train,data/raw/teacher/train/images_train/29472.jpg,0.79537660,0.28250149,0.06705694,0.44312500,0.68041667,0.55687500
29503,train,data/raw/teacher/train/images_train/29503.jpg,0.81926614,0.25818714,0.04189709,0.40729167,0.70500000,0.59270833
29531,train,data/raw/teacher/train/images_train/29531.jpg,0.68463898,0.39056170,0.05198747,0.42395833,0.63000000,0.57604167
29564,train,data/raw/teacher/train/images_train/29564.jpg,0.85146511,0.31241691,0.02872585,0.21833333,0.36750000,0.78166667
29582,train,data/raw/teacher/train/images_train/29582.jpg,0.93615741,0.20547183,0.02743893,0.09812500,0.16500000,0.90187500
29635,train,data/raw/teacher/train/images_train/29635.jpg,0.62144041,0.39691892,0.06036360,0.50250000,0.69875000,0.49750000
29685,train,data/raw/teacher/train/images_train/29685.jpg,0.79825997,0.29696086,0.04458637,0.38645833,0.63375000,0.61354167
29711,train,data/raw/teacher/train/images_train/29711.jpg,0.82346708,0.25998247,0.03430191,0.47145833,0.65833333,0.52854167
29737,train,data/raw/teacher/train/images_train/29737.jpg,0.86263049,0.23344687,0.02389278,0.27583333,0.55000000,0.72416667
29753,train,data/raw/teacher/train/images_train/29753.jpg,0.67826009,0.34102151,0.04475737,0.56416667,0.77291667,0.43583333
29777,train,data/raw/teacher/train/images_train/29777.jpg,0.73648733,0.35817623,0.04659650,0.42937500,0.63375000,0.57062500
29826,train,data/raw/teacher/train/images_train/29826.jpg,0.70372707,0.32852560,0.05888556,0.48250000,0.70770833,0.51750000
29868,train,data/raw/teacher/train/images_train/29868.jpg,0.96212739,0.14369600,0.02217272,0.07583333,0.22520833,0.92416667
29893,train,data/raw/teacher/train/images_train/29893.jpg,0.94796062,0.16122790,0.05428430,0.12375000,0.25000000,0.87625000
29917,train,data/raw/teacher/train/images_train/29917.jpg,0.82574457,0.21853541,0.09825560,0.48375000,0.71000000,0.51625000
29934,train,data/raw/teacher/train/images_train/29934.jpg,0.88512307,0.16383490,0.04248342,0.40708333,0.58333333,0.59291667
29955,train,data/raw/teacher/train/images_train/29955.jpg,0.95984250,0.14319634,0.02196872,0.07979167,0.17625000,0.92020833
29988,train,data/raw/teacher/train/images_train/29988.jpg,0.86610597,0.17150149,0.05894589,0.44770833,0.69520833,0.55229167
30036,train,data/raw/teacher/train/images_train/30036.jpg,0.96375257,0.08471767,0.00598428,0.18041667,0.40833333,0.81958333
30056,train,data/raw/teacher/train/images_train/30056.jpg,0.69826853,0.38412115,0.04489566,0.40062500,0.50291667,0.59937500
30087,train,data/raw/teacher/train/images_train/30087.jpg,0.85222226,0.20848383,0.04218422,0.43583333,0.66562500,0.56416667
30140,train,data/raw/teacher/train/images_train/30140.jpg,0.86211383,0.19539848,0.03787869,0.42750000,0.56875000,0.57250000
30159,train,data/raw/teacher/train/images_train/30159.jpg,0.78326827,0.36748505,0.02432945,0.26958333,0.28333333,0.73041667
30191,train,data/raw/teacher/train/images_train/30191.jpg,0.71994323,0.38619688,0.04084888,0.35708333,0.41958333,0.64291667
30213,train,data/raw/teacher/train/images_train/30213.jpg,0.72628313,0.31804132,0.04897447,0.48541667,0.69125000,0.51458333
30247,train,data/raw/teacher/train/images_train/30247.jpg,0.88507861,0.25455996,0.01919526,0.18458333,0.28687500,0.81541667
30265,train,data/raw/teacher/train/images_train/30265.jpg,0.94672263,0.16185939,0.02925839,0.10812500,0.21083333,0.89187500
30291,train,data/raw/teacher/train/images_train/30291.jpg,0.84092295,0.27106336,0.04800069,0.43937500,0.65000000,0.56062500
30314,train,data/raw/teacher/train/images_train/30314.jpg,0.75927615,0.29590565,0.03519071,0.45333333,0.65000000,0.54666667
30333,train,data/raw/teacher/train/images_train/30333.jpg,0.73799080,0.33102155,0.08319308,0.45187500,0.63375000,0.54812500
30353,train,data/raw/teacher/train/images_train/30353.jpg,0.86259443,0.20363821,0.02696764,0.45833333,0.63375000,0.54166667
30464,train,data/raw/teacher/train/images_train/30464.jpg,0.79833883,0.23985532,0.02733654,0.55625000,0.87750000,0.44375000
30486,train,data/raw/teacher/train/images_train/30486.jpg,0.81211203,0.22516116,0.03311116,0.55708333,0.82875000,0.44291667
30525,train,data/raw/teacher/train/images_train/30525.jpg,0.77212453,0.27665287,0.04774977,0.54312500,0.94645833,0.45687500
30546,train,data/raw/teacher/train/images_train/30546.jpg,0.75376701,0.36616412,0.04252062,0.36354167,0.60500000,0.63645833
30571,train,data/raw/teacher/train/images_train/30571.jpg,0.96381938,0.12661657,0.01699654,0.08729167,0.21000000,0.91270833
30596,train,data/raw/teacher/train/images_train/30596.jpg,0.76305759,0.29694697,0.02307295,0.39958333,0.44000000,0.60041667
30619,train,data/raw/teacher/train/images_train/30619.jpg,0.75893116,0.33925983,0.04698632,0.35687500,0.59500000,0.64312500
30645,train,data/raw/teacher/train/images_train/30645.jpg,0.71311319,0.34689099,0.04683918,0.42229167,0.67687500,0.57770833
30675,train,data/raw/teacher/train/images_train/30675.jpg,0.97246051,0.10178164,0.01073665,0.07770833,0.21541667,0.92229167
30709,train,data/raw/teacher/train/images_train/30709.jpg,0.79009527,0.28567681,0.03809841,0.37041667,0.43083333,0.62958333
30730,train,data/raw/teacher/train/images_train/30730.jpg,0.90788358,0.21876125,0.02023425,0.15750000,0.20250000,0.84250000
30747,train,data/raw/teacher/train/images_train/30747.jpg,0.92944109,0.13473946,0.01445220,0.37000000,0.55250000,0.63000000
30773,train,data/raw/teacher/train/images_train/30773.jpg,0.81087536,0.25039682,0.02597191,0.38812500,0.56875000,0.61187500
30787,train,data/raw/teacher/train/images_train/30787.jpg,0.84454793,0.22937323,0.02784288,0.45458333,0.66625000,0.54541667
30805,train,data/raw/teacher/train/images_train/30805.jpg,0.75064456,0.26723912,0.04238286,0.49375000,0.73125000,0.50625000
30824,train,data/raw/teacher/train/images_train/30824.jpg,0.90290833,0.17876765,0.02477408,0.26020833,0.58500000,0.73979167
30841,train,data/raw/teacher/train/images_train/30841.jpg,0.81912678,0.26033965,0.02626535,0.34854167,0.47125000,0.65145833
30860,train,data/raw/teacher/train/images_train/30860.jpg,0.84970319,0.21004771,0.02222047,0.37895833,0.50375000,0.62104167
30873,train,data/raw/teacher/train/images_train/30873.jpg,0.80080324,0.27913538,0.02820642,0.36916667,0.52666667,0.63083333
30890,train,data/raw/teacher/train/images_train/30890.jpg,0.78573972,0.31799200,0.07704810,0.33750000,0.51020833,0.66250000
30911,train,data/raw/teacher/train/images_train/30911.jpg,0.69925386,0.36140016,0.03991922,0.43958333,0.61750000,0.56041667
30929,train,data/raw/teacher/train/images_train/30929.jpg,0.85522157,0.20307398,0.01984511,0.35833333,0.61750000,0.64166667
30949,train,data/raw/teacher/train/images_train/30949.jpg,0.77478707,0.28594515,0.03422084,0.43250000,0.58500000,0.56750000
31014,train,data/raw/teacher/train/images_train/31014.jpg,0.76623201,0.33593979,0.05004105,0.39937500,0.65000000,0.60062500
31038,train,data/raw/teacher/train/images_train/31038.jpg,0.79672581,0.25071099,0.03420032,0.45687500,0.61750000,0.54312500
31085,train,data/raw/teacher/train/images_train/31085.jpg,0.70368856,0.35449564,0.05808476,0.43833333,0.68250000,0.56166667
31105,train,data/raw/teacher/train/images_train/31105.jpg,0.84499192,0.28863272,0.06505049,0.32062500,0.40000000,0.67937500
31124,train,data/raw/teacher/train/images_train/31124.jpg,0.87515664,0.26522356,0.02881101,0.18895833,0.23333333,0.81104167
31150,train,data/raw/teacher/train/images_train/31150.jpg,0.86068064,0.30968848,0.04924556,0.18333333,0.27708333,0.81666667
31168,train,data/raw/teacher/train/images_train/31168.jpg,0.93695080,0.09915034,0.00294713,0.30145833,0.40854167,0.69854167
31189,train,data/raw/teacher/train/images_train/31189.jpg,0.74358356,0.39616066,0.02490509,0.30375000,0.31666667,0.69625000
31207,train,data/raw/teacher/train/images_train/31207.jpg,0.93890887,0.14617975,0.03139773,0.19812500,0.30666667,0.80187500
31238,train,data/raw/teacher/train/images_train/31238.jpg,0.85539186,0.22417934,0.05195202,0.37916667,0.63375000,0.62083333
31257,train,data/raw/teacher/train/images_train/31257.jpg,0.81459618,0.22870353,0.02698966,0.45166667,0.63375000,0.54833333
31285,train,data/raw/teacher/train/images_train/31285.jpg,0.67978615,0.38687569,0.07475286,0.45083333,0.64166667,0.54916667
31305,train,data/raw/teacher/train/images_train/31305.jpg,0.79063040,0.29380271,0.03636827,0.36708333,0.56875000,0.63291667
31325,train,data/raw/teacher/train/images_train/31325.jpg,0.86217934,0.20392635,0.02418689,0.37083333,0.52000000,0.62916667
31363,train,data/raw/teacher/train/images_train/31363.jpg,0.85680562,0.20744899,0.03334155,0.46520833,0.63375000,0.53479167
31422,train,data/raw/teacher/train/images_train/31422.jpg,0.94862038,0.06818254,0.00520096,0.33833333,0.52500000,0.66166667
31454,train,data/raw/teacher/train/images_train/31454.jpg,0.83547008,0.31732586,0.01692573,0.22125000,0.26125000,0.77875000
31468,train,data/raw/teacher/train/images_train/31468.jpg,0.97414613,0.04526083,0.00196559,0.16250000,0.33583333,0.83750000
31562,train,data/raw/teacher/train/images_train/31562.jpg,0.77685529,0.31856397,0.04620958,0.38791667,0.61750000,0.61208333
31588,train,data/raw/teacher/train/images_train/31588.jpg,0.72251940,0.32526687,0.05035578,0.47250000,0.65000000,0.52750000
31605,train,data/raw/teacher/train/images_train/31605.jpg,0.67828321,0.38331416,0.03896327,0.42937500,0.57750000,0.57062500
31641,train,data/raw/teacher/train/images_train/31641.jpg,0.87944740,0.25369743,0.02971655,0.25083333,0.66625000,0.74916667
31694,train,data/raw/teacher/train/images_train/31694.jpg,0.80148917,0.27406713,0.03372866,0.37562500,0.50375000,0.62437500
31716,train,data/raw/teacher/train/images_train/31716.jpg,0.98795158,0.06653157,0.00981164,0.04020833,0.12750000,0.95979167
31783,train,data/raw/teacher/train/images_train/31783.jpg,0.85270947,0.19654769,0.02476750,0.43166667,0.55250000,0.56833333
31828,train,data/raw/teacher/train/images_train/31828.jpg,0.81955361,0.25639609,0.17540193,0.42187500,0.77291667,0.57812500
31847,train,data/raw/teacher/train/images_train/31847.jpg,0.94926655,0.11909626,0.01519013,0.17354167,0.32541667,0.82645833
31868,train,data/raw/teacher/train/images_train/31868.jpg,0.93957812,0.16039141,0.03208636,0.14104167,0.34500000,0.85895833
31884,train,data/raw/teacher/train/images_train/31884.jpg,0.75935340,0.30376020,0.04374492,0.42604167,0.56875000,0.57395833
31899,train,data/raw/teacher/train/images_train/31899.jpg,0.88129902,0.24419145,0.01910209,0.19416667,0.30208333,0.80583333
31922,train,data/raw/teacher/train/images_train/31922.jpg,0.73440295,0.39192319,0.03760938,0.33395833,0.40250000,0.66604167
31942,train,data/raw/teacher/train/images_train/31942.jpg,0.97336537,0.05462687,0.00557412,0.15708333,0.28750000,0.84291667
31967,train,data/raw/teacher/train/images_train/31967.jpg,0.85165572,0.24244465,0.06036654,0.43500000,0.64812500,0.56500000
31986,train,data/raw/teacher/train/images_train/31986.jpg,0.84233767,0.28129432,0.02991040,0.26250000,0.45375000,0.73750000
32003,train,data/raw/teacher/train/images_train/32003.jpg,0.75665200,0.33762500,0.03269235,0.34958333,0.66583333,0.65041667
32034,train,data/raw/teacher/train/images_train/32034.jpg,0.68789643,0.41492209,0.08946470,0.38062500,0.65000000,0.61937500
32073,train,data/raw/teacher/train/images_train/32073.jpg,0.85750222,0.20882982,0.02847616,0.35729167,0.65000000,0.64270833
32159,train,data/raw/teacher/train/images_train/32159.jpg,0.87636030,0.15629748,0.00690349,0.37791667,0.67000000,0.62208333
32172,train,data/raw/teacher/train/images_train/32172.jpg,0.87503600,0.17500693,0.01309478,0.35437500,0.55583333,0.64562500
32193,train,data/raw/teacher/train/images_train/32193.jpg,0.85970277,0.29507270,0.07233793,0.21333333,0.40625000,0.78666667
32212,train,data/raw/teacher/train/images_train/32212.jpg,0.90667236,0.21081084,0.03699365,0.25437500,0.47125000,0.74562500
32233,train,data/raw/teacher/train/images_train/32233.jpg,0.84525228,0.21797162,0.03151728,0.35625000,0.49375000,0.64375000
32253,train,data/raw/teacher/train/images_train/32253.jpg,0.82944226,0.23958254,0.05121087,0.44208333,0.72416667,0.55791667
32275,train,data/raw/teacher/train/images_train/32275.jpg,0.85447216,0.21234073,0.03804000,0.38041667,0.53625000,0.61958333
32297,train,data/raw/teacher/train/images_train/32297.jpg,0.83524925,0.25532877,0.05139970,0.40354167,0.66562500,0.59645833
32315,train,data/raw/teacher/train/images_train/32315.jpg,0.79566354,0.24926977,0.03059058,0.49395833,0.71000000,0.50604167
32330,train,data/raw/teacher/train/images_train/32330.jpg,0.69455880,0.34516385,0.09737757,0.48479167,0.72000000,0.51520833
32350,train,data/raw/teacher/train/images_train/32350.jpg,0.86848676,0.21966468,0.03862431,0.35270833,0.56875000,0.64729167
32364,train,data/raw/teacher/train/images_train/32364.jpg,0.86264497,0.23748137,0.03649216,0.34020833,0.54729167,0.65979167
32378,train,data/raw/teacher/train/images_train/32378.jpg,0.89841604,0.17781152,0.05501310,0.35395833,0.47125000,0.64604167
32399,train,data/raw/teacher/train/images_train/32399.jpg,0.84080863,0.23807360,0.04771628,0.45145833,0.61750000,0.54854167
32421,train,data/raw/teacher/train/images_train/32421.jpg,0.77783847,0.28614002,0.05152239,0.44958333,0.62562500,0.55041667
32439,train,data/raw/teacher/train/images_train/32439.jpg,0.65831172,0.40192941,0.04602384,0.45833333,0.62562500,0.54166667
32460,train,data/raw/teacher/train/images_train/32460.jpg,0.69685149,0.36222705,0.04458186,0.45937500,0.62562500,0.54062500
32492,train,data/raw/teacher/train/images_train/32492.jpg,0.78480518,0.24831581,0.03711234,0.46145833,0.66625000,0.53854167
32514,train,data/raw/teacher/train/images_train/32514.jpg,0.84973580,0.30218929,0.02646176,0.25250000,0.35062500,0.74750000
32531,train,data/raw/teacher/train/images_train/32531.jpg,0.78160107,0.31489357,0.05390380,0.38500000,0.42166667,0.61500000
32545,train,data/raw/teacher/train/images_train/32545.jpg,0.96170104,0.13946395,0.01356691,0.11541667,0.20000000,0.88458333
32559,train,data/raw/teacher/train/images_train/32559.jpg,0.78315407,0.35440272,0.06180674,0.30520833,0.56875000,0.69479167
32574,train,data/raw/teacher/train/images_train/32574.jpg,0.65880525,0.40147185,0.05909954,0.45541667,0.81250000,0.54458333
32589,train,data/raw/teacher/train/images_train/32589.jpg,0.84162611,0.28148174,0.02199402,0.30145833,0.49729167,0.69854167
32606,train,data/raw/teacher/train/images_train/32606.jpg,0.83010381,0.30502284,0.01422729,0.24333333,0.26125000,0.75666667
32625,train,data/raw/teacher/train/images_train/32625.jpg,0.72888136,0.35400328,0.04328941,0.37916667,0.65333333,0.62083333
32648,train,data/raw/teacher/train/images_train/32648.jpg,0.75584930,0.35858700,0.03079722,0.32645833,0.38791667,0.67354167
32728,train,data/raw/teacher/train/images_train/32728.jpg,0.91394258,0.18232241,0.03067643,0.21916667,0.36125000,0.78083333
32768,train,data/raw/teacher/train/images_train/32768.jpg,0.81720102,0.24239914,0.05976511,0.44270833,0.61750000,0.55729167
32811,train,data/raw/teacher/train/images_train/32811.jpg,0.95180124,0.11985315,0.01174510,0.17208333,0.33750000,0.82791667
32845,train,data/raw/teacher/train/images_train/32845.jpg,0.91265237,0.22980277,0.04210622,0.13729167,0.26250000,0.86270833
32862,train,data/raw/teacher/train/images_train/32862.jpg,0.90537882,0.14736374,0.01449090,0.31333333,0.40375000,0.68666667
32925,train,data/raw/teacher/train/images_train/32925.jpg,0.72876531,0.33037984,0.05424499,0.46145833,0.66625000,0.53854167
32954,train,data/raw/teacher/train/images_train/32954.jpg,0.70810986,0.36580700,0.09376070,0.45395833,0.64166667,0.54604167
33016,train,data/raw/teacher/train/images_train/33016.jpg,0.79301739,0.29552609,0.03334078,0.36666667,0.50375000,0.63333333
33036,train,data/raw/teacher/train/images_train/33036.jpg,0.82278937,0.26715043,0.06912427,0.38041667,0.56875000,0.61958333
33063,train,data/raw/teacher/train/images_train/33063.jpg,0.80609244,0.26390639,0.06883100,0.43604167,0.61750000,0.56395833
33083,train,data/raw/teacher/train/images_train/33083.jpg,0.71820831,0.35490805,0.05712664,0.42583333,0.58500000,0.57416667
33108,train,data/raw/teacher/train/images_train/33108.jpg,0.97170311,0.08941466,0.00572627,0.10520833,0.18333333,0.89479167
33126,train,data/raw/teacher/train/images_train/33126.jpg,0.88886797,0.20045617,0.02389956,0.28916667,0.56833333,0.71083333
33146,train,data/raw/teacher/train/images_train/33146.jpg,0.80748314,0.31135458,0.02486202,0.28270833,0.42875000,0.71729167
33174,train,data/raw/teacher/train/images_train/33174.jpg,0.81669331,0.24510700,0.04334442,0.44145833,0.60125000,0.55854167
33196,train,data/raw/teacher/train/images_train/33196.jpg,0.82359636,0.25102234,0.04403353,0.40687500,0.55250000,0.59312500
33222,train,data/raw/teacher/train/images_train/33222.jpg,0.78702950,0.28041294,0.03938509,0.40937500,0.53625000,0.59062500
33244,train,data/raw/teacher/train/images_train/33244.jpg,0.75826740,0.30275875,0.03678650,0.47020833,0.67479167,0.52979167
33271,train,data/raw/teacher/train/images_train/33271.jpg,0.86999226,0.28353661,0.02035023,0.17875000,0.26562500,0.82125000
33300,train,data/raw/teacher/train/images_train/33300.jpg,0.90445781,0.19202924,0.03209061,0.27958333,0.60125000,0.72041667
33330,train,data/raw/teacher/train/images_train/33330.jpg,0.79931974,0.28447548,0.03718806,0.48270833,0.70770833,0.51729167
33373,train,data/raw/teacher/train/images_train/33373.jpg,0.96873188,0.07634057,0.00912275,0.16583333,0.19583333,0.83416667
33392,train,data/raw/teacher/train/images_train/33392.jpg,0.83555692,0.31593916,0.02019954,0.21812500,0.24000000,0.78187500
33412,train,data/raw/teacher/train/images_train/33412.jpg,0.80791646,0.34078056,0.06966840,0.25979167,0.45000000,0.74020833
33431,train,data/raw/teacher/train/images_train/33431.jpg,0.86120605,0.27396327,0.03055940,0.21666667,0.32312500,0.78333333
33455,train,data/raw/teacher/train/images_train/33455.jpg,0.81039959,0.29378518,0.02454836,0.30645833,0.35250000,0.69354167
33472,train,data/raw/teacher/train/images_train/33472.jpg,0.95631409,0.14236608,0.01310680,0.10333333,0.15333333,0.89666667
33493,train,data/raw/teacher/train/images_train/33493.jpg,0.90632641,0.19977994,0.07212507,0.20437500,0.35833333,0.79562500
33513,train,data/raw/teacher/train/images_train/33513.jpg,0.86089885,0.30697629,0.06122912,0.20020833,0.40250000,0.79979167
33528,train,data/raw/teacher/train/images_train/33528.jpg,0.89557147,0.21756063,0.02948355,0.20729167,0.43083333,0.79270833
33546,train,data/raw/teacher/train/images_train/33546.jpg,0.86485493,0.23632506,0.03847520,0.32083333,0.65000000,0.67916667
33562,train,data/raw/teacher/train/images_train/33562.jpg,0.83305591,0.24485134,0.03880347,0.39312500,0.53625000,0.60687500
33606,train,data/raw/teacher/train/images_train/33606.jpg,0.83749580,0.31292742,0.01621204,0.22062500,0.25000000,0.77937500
33635,train,data/raw/teacher/train/images_train/33635.jpg,0.78696185,0.34990939,0.04406953,0.28041667,0.47000000,0.71958333
33655,train,data/raw/teacher/train/images_train/33655.jpg,0.85337645,0.30344430,0.03923519,0.19958333,0.35062500,0.80041667
33697,train,data/raw/teacher/train/images_train/33697.jpg,0.91457742,0.21746075,0.02357928,0.16229167,0.28687500,0.83770833
33719,train,data/raw/teacher/train/images_train/33719.jpg,0.82409537,0.25908300,0.04875360,0.37083333,0.76375000,0.62916667
33736,train,data/raw/teacher/train/images_train/33736.jpg,0.91490662,0.15048890,0.02328599,0.28354167,0.48750000,0.71645833
33757,train,data/raw/teacher/train/images_train/33757.jpg,0.84579813,0.20750163,0.03495179,0.43187500,0.56875000,0.56812500
33776,train,data/raw/teacher/train/images_train/33776.jpg,0.75065714,0.31489357,0.04548419,0.44604167,0.63250000,0.55395833
33834,train,data/raw/teacher/train/images_train/33834.jpg,0.90228432,0.19882171,0.06331029,0.26895833,0.46875000,0.73104167
33852,train,data/raw/teacher/train/images_train/33852.jpg,0.87040281,0.24736919,0.01920370,0.30354167,0.43125000,0.69645833
33868,train,data/raw/teacher/train/images_train/33868.jpg,0.76188767,0.32530430,0.08013929,0.41604167,0.62708333,0.58395833
33887,train,data/raw/teacher/train/images_train/33887.jpg,0.81341743,0.27117443,0.04719125,0.40354167,0.63604167,0.59645833
33904,train,data/raw/teacher/train/images_train/33904.jpg,0.94491291,0.10311467,0.02531188,0.27625000,0.41416667,0.72375000
33919,train,data/raw/teacher/train/images_train/33919.jpg,0.95843911,0.10581679,0.02791185,0.15291667,0.35500000,0.84708333
33934,train,data/raw/teacher/train/images_train/33934.jpg,0.86438435,0.22359310,0.03325678,0.42187500,0.65000000,0.57812500
33952,train,data/raw/teacher/train/images_train/33952.jpg,0.77895635,0.26721418,0.05129585,0.47229167,0.66625000,0.52770833
33967,train,data/raw/teacher/train/images_train/33967.jpg,0.69086993,0.38137358,0.06516852,0.42541667,0.60125000,0.57458333
33982,train,data/raw/teacher/train/images_train/33982.jpg,0.75648063,0.38873112,0.04667587,0.31250000,0.63375000,0.68750000
33998,train,data/raw/teacher/train/images_train/33998.jpg,0.82259798,0.26084995,0.02563430,0.36750000,0.69875000,0.63250000
34017,train,data/raw/teacher/train/images_train/34017.jpg,0.85626161,0.31301719,0.02382065,0.18104167,0.27625000,0.81895833
34034,train,data/raw/teacher/train/images_train/34034.jpg,0.92448038,0.17437766,0.04937864,0.18187500,0.30062500,0.81812500
34053,train,data/raw/teacher/train/images_train/34053.jpg,0.95058388,0.12666713,0.00691786,0.14437500,0.18208333,0.85562500
34072,train,data/raw/teacher/train/images_train/34072.jpg,0.86626780,0.28816551,0.03377151,0.18750000,0.35625000,0.81250000
34092,train,data/raw/teacher/train/images_train/34092.jpg,0.98289430,0.04280237,0.00630365,0.11583333,0.23333333,0.88416667
34112,train,data/raw/teacher/train/images_train/34112.jpg,0.93493807,0.13828447,0.01500949,0.19354167,0.28750000,0.80645833
34131,train,data/raw/teacher/train/images_train/34131.jpg,0.87921315,0.26502588,0.02999821,0.18854167,0.24916667,0.81145833
34157,train,data/raw/teacher/train/images_train/34157.jpg,0.88751650,0.19019745,0.01245452,0.26500000,0.35833333,0.73500000
34177,train,data/raw/teacher/train/images_train/34177.jpg,0.97089303,0.08353203,0.01655675,0.18500000,0.33333333,0.81500000
34192,train,data/raw/teacher/train/images_train/34192.jpg,0.77303475,0.27070859,0.04901639,0.44875000,0.60125000,0.55125000
34216,train,data/raw/teacher/train/images_train/34216.jpg,0.84700644,0.20916426,0.03181626,0.44083333,0.61750000,0.55916667
34235,train,data/raw/teacher/train/images_train/34235.jpg,0.85293376,0.21874176,0.03088601,0.45187500,0.65000000,0.54812500
34255,train,data/raw/teacher/train/images_train/34255.jpg,0.70219749,0.36307144,0.05024515,0.43583333,0.61750000,0.56416667
34272,train,data/raw/teacher/train/images_train/34272.jpg,0.89129180,0.20856327,0.03587414,0.33041667,0.56875000,0.66958333
34293,train,data/raw/teacher/train/images_train/34293.jpg,0.87260425,0.21987782,0.03025226,0.34375000,0.58500000,0.65625000
34310,train,data/raw/teacher/train/images_train/34310.jpg,0.69713712,0.37069595,0.05239950,0.43375000,0.74750000,0.56625000
34330,train,data/raw/teacher/train/images_train/34330.jpg,0.78757131,0.27346286,0.03683249,0.44604167,0.63375000,0.55395833
34348,train,data/raw/teacher/train/images_train/34348.jpg,0.77132547,0.29334331,0.05244600,0.43750000,0.65000000,0.56250000
34366,train,data/raw/teacher/train/images_train/34366.jpg,0.68197227,0.40546280,0.07087683,0.43250000,0.61750000,0.56750000
34388,train,data/raw/teacher/train/images_train/34388.jpg,0.72829062,0.32835147,0.04617564,0.45291667,0.61750000,0.54708333
34406,train,data/raw/teacher/train/images_train/34406.jpg,0.69722795,0.37462336,0.04552186,0.43291667,0.63375000,0.56708333
34429,train,data/raw/teacher/train/images_train/34429.jpg,0.79806340,0.26517347,0.03815672,0.44833333,0.66625000,0.55166667
34449,train,data/raw/teacher/train/images_train/34449.jpg,0.92986071,0.16648267,0.01498880,0.18687500,0.30937500,0.81312500
34465,train,data/raw/teacher/train/images_train/34465.jpg,0.76718158,0.33500811,0.03786748,0.34229167,0.42750000,0.65770833
34496,train,data/raw/teacher/train/images_train/34496.jpg,0.73968214,0.30811805,0.03649847,0.44354167,0.60125000,0.55645833
34523,train,data/raw/teacher/train/images_train/34523.jpg,0.81768537,0.32791907,0.02764214,0.32708333,0.47916667,0.67291667
34547,train,data/raw/teacher/train/images_train/34547.jpg,0.87156850,0.28978312,0.03154780,0.18770833,0.22520833,0.81229167
34564,train,data/raw/teacher/train/images_train/34564.jpg,0.75341058,0.34308866,0.04780310,0.39375000,0.65000000,0.60625000
34587,train,data/raw/teacher/train/images_train/34587.jpg,0.81395847,0.26729986,0.04259806,0.38916667,0.52000000,0.61083333
34609,train,data/raw/teacher/train/images_train/34609.jpg,0.71213043,0.24907246,0.03819547,0.67687500,0.83333333,0.32312500
34632,train,data/raw/teacher/train/images_train/34632.jpg,0.89741415,0.17045295,0.02605459,0.38479167,0.52083333,0.61520833
34653,train,data/raw/teacher/train/images_train/34653.jpg,0.82516187,0.31476095,0.02759382,0.26104167,0.40625000,0.73895833
34744,train,data/raw/teacher/train/images_train/34744.jpg,0.95615715,0.11216182,0.01455490,0.18104167,0.36458333,0.81895833
34765,train,data/raw/teacher/train/images_train/34765.jpg,0.90548402,0.17940998,0.06872374,0.25291667,0.43166667,0.74708333
34780,train,data/raw/teacher/train/images_train/34780.jpg,0.85777754,0.24430870,0.06338866,0.36062500,0.69000000,0.63937500
34808,train,data/raw/teacher/train/images_train/34808.jpg,0.85916197,0.29359990,0.02834220,0.20166667,0.25875000,0.79833333
34833,train,data/raw/teacher/train/images_train/34833.jpg,0.92703003,0.18549852,0.03588134,0.17770833,0.41437500,0.82229167
34851,train,data/raw/teacher/train/images_train/34851.jpg,0.78691489,0.34607905,0.02189675,0.38687500,0.59583333,0.61312500
34891,train,data/raw/teacher/train/images_train/34891.jpg,0.79641867,0.26084563,0.02362796,0.38979167,0.58750000,0.61020833
34921,train,data/raw/teacher/train/images_train/34921.jpg,0.86373025,0.22450675,0.03368993,0.37020833,0.53625000,0.62979167
34939,train,data/raw/teacher/train/images_train/34939.jpg,0.84107828,0.25160399,0.04092085,0.34375000,0.55250000,0.65625000
34957,train,data/raw/teacher/train/images_train/34957.jpg,0.83826548,0.24986579,0.03101830,0.32187500,0.47500000,0.67812500
34973,train,data/raw/teacher/train/images_train/34973.jpg,0.79898936,0.28830835,0.03725082,0.37125000,0.50375000,0.62875000
34994,train,data/raw/teacher/train/images_train/34994.jpg,0.78059477,0.29602700,0.05232332,0.37833333,0.57000000,0.62166667
35010,train,data/raw/teacher/train/images_train/35010.jpg,0.76054698,0.34057614,0.04936090,0.36854167,0.50375000,0.63145833
35031,train,data/raw/teacher/train/images_train/35031.jpg,0.77649093,0.29807726,0.03770244,0.45437500,0.60125000,0.54562500
35052,train,data/raw/teacher/train/images_train/35052.jpg,0.80866814,0.27943742,0.04477163,0.41354167,0.55958333,0.58645833
35084,train,data/raw/teacher/train/images_train/35084.jpg,0.94184428,0.18655662,0.02429884,0.09625000,0.21000000,0.90375000
35116,train,data/raw/teacher/train/images_train/35116.jpg,0.98769987,0.05451405,0.02735516,0.04666667,0.40083333,0.95333333
35148,train,data/raw/teacher/train/images_train/35148.jpg,0.95686007,0.09152730,0.01762028,0.20916667,0.52708333,0.79083333
35181,train,data/raw/teacher/train/images_train/35181.jpg,0.88364178,0.16972876,0.02040905,0.34083333,0.45125000,0.65916667
35200,train,data/raw/teacher/train/images_train/35200.jpg,0.80484056,0.30783582,0.03179149,0.30104167,0.40375000,0.69895833
35240,train,data/raw/teacher/train/images_train/35240.jpg,0.69529653,0.41221923,0.04248250,0.36333333,0.66000000,0.63666667
35267,train,data/raw/teacher/train/images_train/35267.jpg,0.73132455,0.35976970,0.04370023,0.41458333,0.56875000,0.58541667
35313,train,data/raw/teacher/train/images_train/35313.jpg,0.99169832,0.05146226,0.00783637,0.03166667,0.11562500,0.96833333
35326,train,data/raw/teacher/train/images_train/35326.jpg,0.99187011,0.04547413,0.00389493,0.02958333,0.09895833,0.97041667
35381,train,data/raw/teacher/train/images_train/35381.jpg,0.87797892,0.29149115,0.02292340,0.15250000,0.24375000,0.84750000
35411,train,data/raw/teacher/train/images_train/35411.jpg,0.83206195,0.32801470,0.02481707,0.21458333,0.35750000,0.78541667
35432,train,data/raw/teacher/train/images_train/35432.jpg,0.93338275,0.11445425,0.00560970,0.26416667,0.38500000,0.73583333
35450,train,data/raw/teacher/train/images_train/35450.jpg,0.93493807,0.13828447,0.01500949,0.19354167,0.28750000,0.80645833
35470,train,data/raw/teacher/train/images_train/35470.jpg,0.85366851,0.28090456,0.02216024,0.23229167,0.38437500,0.76770833
35493,train,data/raw/teacher/train/images_train/35493.jpg,0.82270694,0.32648364,0.02068365,0.23583333,0.40083333,0.76416667
35534,train,data/raw/teacher/train/images_train/35534.jpg,0.97002983,0.09340967,0.00969513,0.12875000,0.24375000,0.87125000
35560,train,data/raw/teacher/train/images_train/35560.jpg,0.95938253,0.10724287,0.01223366,0.12770833,0.30000000,0.87229167
35578,train,data/raw/teacher/train/images_train/35578.jpg,0.90464079,0.25324491,0.02144824,0.13229167,0.20166667,0.86770833
35648,train,data/raw/teacher/train/images_train/35648.jpg,0.81072408,0.34107953,0.03341677,0.25041667,0.39000000,0.74958333
35668,train,data/raw/teacher/train/images_train/35668.jpg,0.85765928,0.30611852,0.02551497,0.18395833,0.28125000,0.81604167
35690,train,data/raw/teacher/train/images_train/35690.jpg,0.82908893,0.33675486,0.03561471,0.22250000,0.36458333,0.77750000
35711,train,data/raw/teacher/train/images_train/35711.jpg,0.91182697,0.18667765,0.03165804,0.20375000,0.31625000,0.79625000
35796,train,data/raw/teacher/train/images_train/35796.jpg,0.92826527,0.18226524,0.03671150,0.14666667,0.28416667,0.85333333
35820,train,data/raw/teacher/train/images_train/35820.jpg,0.94408417,0.13695878,0.01526345,0.15208333,0.28416667,0.84791667
35879,train,data/raw/teacher/train/images_train/35879.jpg,0.94926208,0.11479485,0.01062245,0.19375000,0.30000000,0.80625000
35894,train,data/raw/teacher/train/images_train/35894.jpg,0.92838025,0.14370865,0.00924199,0.21041667,0.31666667,0.78958333
35931,train,data/raw/teacher/train/images_train/35931.jpg,0.78394645,0.36143935,0.03757620,0.27687500,0.41666667,0.72312500
35981,train,data/raw/teacher/train/images_train/35981.jpg,0.81189287,0.30579212,0.06141955,0.39104167,0.58500000,0.60895833
36000,train,data/raw/teacher/train/images_train/36000.jpg,0.91033190,0.22663073,0.02560706,0.16291667,0.24541667,0.83708333
36026,train,data/raw/teacher/train/images_train/36026.jpg,0.89499086,0.26523247,0.03551712,0.15312500,0.19166667,0.84687500
36052,train,data/raw/teacher/train/images_train/36052.jpg,0.80924487,0.27213520,0.02539795,0.35104167,0.52083333,0.64895833
36073,train,data/raw/teacher/train/images_train/36073.jpg,0.87529421,0.24835174,0.05417264,0.21645833,0.36000000,0.78354167
36104,train,data/raw/teacher/train/images_train/36104.jpg,0.79813713,0.32340175,0.01637603,0.28979167,0.30000000,0.71020833
36141,train,data/raw/teacher/train/images_train/36141.jpg,0.91996634,0.15463997,0.01067724,0.22875000,0.38541667,0.77125000
36216,train,data/raw/teacher/train/images_train/36216.jpg,0.80161023,0.33334610,0.02703181,0.27187500,0.30833333,0.72812500
36233,train,data/raw/teacher/train/images_train/36233.jpg,0.92172873,0.17557782,0.03012697,0.18645833,0.30250000,0.81354167
36259,train,data/raw/teacher/train/images_train/36259.jpg,0.88332254,0.24500138,0.02982294,0.22375000,0.42750000,0.77625000
36278,train,data/raw/teacher/train/images_train/36278.jpg,0.90741539,0.19583800,0.03023528,0.21854167,0.34833333,0.78145833
36294,train,data/raw/teacher/train/images_train/36294.jpg,0.91159588,0.23787731,0.02832205,0.13020833,0.27500000,0.86979167
36318,train,data/raw/teacher/train/images_train/36318.jpg,0.87692708,0.25614724,0.05118984,0.21645833,0.33333333,0.78354167
36346,train,data/raw/teacher/train/images_train/36346.jpg,0.84142709,0.22484140,0.07857170,0.35854167,0.42750000,0.64145833
36359,train,data/raw/teacher/train/images_train/36359.jpg,0.98006839,0.06156560,0.00293486,0.09583333,0.22500000,0.90416667
36379,train,data/raw/teacher/train/images_train/36379.jpg,0.78469515,0.38425884,0.04223699,0.24937500,0.42500000,0.75062500
36395,train,data/raw/teacher/train/images_train/36395.jpg,0.83239704,0.29433155,0.02764663,0.26145833,0.44666667,0.73854167
36410,train,data/raw/teacher/train/images_train/36410.jpg,0.77403760,0.38574117,0.04328428,0.26708333,0.42500000,0.73291667
36434,train,data/raw/teacher/train/images_train/36434.jpg,0.86539245,0.26142463,0.02459589,0.22625000,0.36125000,0.77375000
36448,train,data/raw/teacher/train/images_train/36448.jpg,0.95664001,0.10665943,0.01721043,0.22062500,0.35416667,0.77937500
36471,train,data/raw/teacher/train/images_train/36471.jpg,0.90318584,0.19859038,0.03456931,0.29229167,0.58500000,0.70770833
36498,train,data/raw/teacher/train/images_train/36498.jpg,0.73949403,0.36585349,0.04021167,0.36562500,0.50375000,0.63437500
36516,train,data/raw/teacher/train/images_train/36516.jpg,0.94350564,0.15821974,0.00733025,0.16541667,0.22041667,0.83458333
36558,train,data/raw/teacher/train/images_train/36558.jpg,0.70512295,0.36856356,0.06239924,0.44104167,0.60125000,0.55895833
36619,train,data/raw/teacher/train/images_train/36619.jpg,0.93130851,0.15918146,0.01896787,0.18125000,0.41250000,0.81875000
36665,train,data/raw/teacher/train/images_train/36665.jpg,0.81946838,0.31803402,0.03654467,0.26041667,0.55208333,0.73958333
36698,train,data/raw/teacher/train/images_train/36698.jpg,0.94186950,0.13159922,0.01995905,0.20437500,0.27791667,0.79562500
36717,train,data/raw/teacher/train/images_train/36717.jpg,0.94882852,0.13385470,0.02121020,0.17854167,0.26125000,0.82145833
36742,train,data/raw/teacher/train/images_train/36742.jpg,0.87375557,0.22007711,0.03661963,0.28395833,0.50375000,0.71604167
36756,train,data/raw/teacher/train/images_train/36756.jpg,0.86701220,0.28956228,0.03563197,0.21375000,0.40500000,0.78625000
36770,train,data/raw/teacher/train/images_train/36770.jpg,0.67758232,0.40631801,0.05992473,0.40458333,0.48125000,0.59541667
36787,train,data/raw/teacher/train/images_train/36787.jpg,0.88157123,0.17281853,0.01641860,0.35333333,0.53958333,0.64666667
36805,train,data/raw/teacher/train/images_train/36805.jpg,0.83297032,0.26246226,0.07537243,0.38562500,0.54000000,0.61437500
36830,train,data/raw/teacher/train/images_train/36830.jpg,0.80967683,0.27345958,0.04871171,0.36666667,0.52000000,0.63333333
36885,train,data/raw/teacher/train/images_train/36885.jpg,0.87909925,0.27854854,0.04028963,0.17375000,0.22041667,0.82625000
36902,train,data/raw/teacher/train/images_train/36902.jpg,0.89454406,0.12597676,0.01814078,0.45354167,0.68041667,0.54645833
36920,train,data/raw/teacher/train/images_train/36920.jpg,0.82434195,0.29245305,0.01666306,0.26583333,0.29166667,0.73416667
36940,train,data/raw/teacher/train/images_train/36940.jpg,0.87967390,0.28681830,0.02293160,0.17833333,0.22083333,0.82166667
36978,train,data/raw/teacher/train/images_train/36978.jpg,0.87373960,0.27410224,0.01860114,0.18979167,0.20125000,0.81020833
37003,train,data/raw/teacher/train/images_train/37003.jpg,0.84112781,0.28264007,0.03986787,0.25625000,0.31500000,0.74375000
37060,train,data/raw/teacher/train/images_train/37060.jpg,0.85620177,0.28831032,0.02307391,0.22166667,0.27791667,0.77833333
37079,train,data/raw/teacher/train/images_train/37079.jpg,0.79644310,0.34430918,0.05257898,0.27208333,0.50000000,0.72791667
37117,train,data/raw/teacher/train/images_train/37117.jpg,0.82770276,0.26454625,0.02566057,0.48416667,0.69875000,0.51583333
37152,train,data/raw/teacher/train/images_train/37152.jpg,0.56765038,0.36317515,0.09828384,0.67500000,0.86250000,0.32500000
37185,train,data/raw/teacher/train/images_train/37185.jpg,0.86507243,0.23036486,0.03640162,0.40000000,0.53625000,0.60000000
37226,train,data/raw/teacher/train/images_train/37226.jpg,0.69002289,0.36714092,0.04374681,0.43625000,0.52500000,0.56375000
37244,train,data/raw/teacher/train/images_train/37244.jpg,0.90291119,0.18207318,0.02128736,0.22937500,0.39583333,0.77062500
37265,train,data/raw/teacher/train/images_train/37265.jpg,0.81998771,0.26656303,0.05477156,0.42250000,0.56875000,0.57750000
37288,train,data/raw/teacher/train/images_train/37288.jpg,0.92728353,0.11685859,0.01230140,0.30375000,0.48000000,0.69625000
37304,train,data/raw/teacher/train/images_train/37304.jpg,0.74870628,0.32673487,0.03461429,0.40333333,0.57000000,0.59666667
37323,train,data/raw/teacher/train/images_train/37323.jpg,0.84654623,0.28173834,0.03196122,0.30812500,0.53250000,0.69187500
37405,train,data/raw/teacher/train/images_train/37405.jpg,0.86068928,0.23041229,0.02616161,0.28020833,0.54833333,0.71979167
37428,train,data/raw/teacher/train/images_train/37428.jpg,0.82832104,0.26250532,0.03673052,0.31354167,0.47250000,0.68645833
37470,train,data/raw/teacher/train/images_train/37470.jpg,0.92102814,0.11849450,0.01783839,0.30895833,0.45000000,0.69104167
37490,train,data/raw/teacher/train/images_train/37490.jpg,0.95192873,0.07858857,0.00571014,0.27375000,0.49875000,0.72625000
37522,train,data/raw/teacher/train/images_train/37522.jpg,0.95140404,0.08377460,0.00452173,0.30187500,0.43541667,0.69812500
37541,train,data/raw/teacher/train/images_train/37541.jpg,0.95919228,0.06485688,0.00246579,0.29770833,0.39583333,0.70229167
37564,train,data/raw/teacher/train/images_train/37564.jpg,0.93175060,0.13946375,0.02129627,0.22354167,0.24375000,0.77645833
37587,train,data/raw/teacher/train/images_train/37587.jpg,0.94703299,0.11002772,0.01394589,0.22312500,0.24541667,0.77687500
37626,train,data/raw/teacher/train/images_train/37626.jpg,0.88084394,0.26239315,0.02802409,0.18395833,0.28500000,0.81604167
37655,train,data/raw/teacher/train/images_train/37655.jpg,0.96272093,0.06721307,0.00189412,0.25354167,0.35750000,0.74645833
37683,train,data/raw/teacher/train/images_train/37683.jpg,0.65649849,0.38005945,0.03694102,0.46437500,0.57500000,0.53562500
37704,train,data/raw/teacher/train/images_train/37704.jpg,0.96370423,0.12168384,0.01632694,0.09416667,0.16000000,0.90583333
37725,train,data/raw/teacher/train/images_train/37725.jpg,0.82120186,0.27331331,0.04894913,0.45041667,0.61750000,0.54958333
37748,train,data/raw/teacher/train/images_train/37748.jpg,0.79751241,0.26956096,0.05833806,0.46354167,0.66625000,0.53645833
37773,train,data/raw/teacher/train/images_train/37773.jpg,0.78911662,0.28361523,0.04567479,0.44020833,0.65833333,0.55979167
37800,train,data/raw/teacher/train/images_train/37800.jpg,0.86147195,0.22467178,0.03192960,0.33645833,0.60125000,0.66354167
37870,train,data/raw/teacher/train/images_train/37870.jpg,0.82178473,0.32247564,0.04818719,0.27312500,0.29166667,0.72687500
37887,train,data/raw/teacher/train/images_train/37887.jpg,0.79245818,0.32045999,0.09182860,0.39645833,0.82125000,0.60354167
37906,train,data/raw/teacher/train/images_train/37906.jpg,0.97108275,0.07599702,0.00338886,0.13250000,0.17666667,0.86750000
37929,train,data/raw/teacher/train/images_train/37929.jpg,0.81629652,0.25667685,0.04018458,0.39541667,0.69875000,0.60458333
37949,train,data/raw/teacher/train/images_train/37949.jpg,0.78789854,0.29787850,0.04988202,0.40541667,0.63375000,0.59458333
37973,train,data/raw/teacher/train/images_train/37973.jpg,0.84099251,0.31133673,0.02390401,0.22208333,0.35750000,0.77791667
38000,train,data/raw/teacher/train/images_train/38000.jpg,0.89582634,0.24414375,0.03922408,0.16541667,0.29250000,0.83458333
38016,train,data/raw/teacher/train/images_train/38016.jpg,0.62474382,0.39336088,0.05455965,0.52000000,0.73000000,0.48000000
38031,train,data/raw/teacher/train/images_train/38031.jpg,0.89075440,0.11593609,0.01361703,0.53416667,0.62708333,0.46583333
38045,train,data/raw/teacher/train/images_train/38045.jpg,0.59506595,0.42038813,0.05647467,0.50125000,0.72000000,0.49875000
38130,train,data/raw/teacher/train/images_train/38130.jpg,0.69175100,0.40363878,0.08547071,0.39541667,0.54666667,0.60458333
38149,train,data/raw/teacher/train/images_train/38149.jpg,0.77621394,0.28686494,0.04706401,0.43395833,0.60958333,0.56604167
38190,train,data/raw/teacher/train/images_train/38190.jpg,0.94823122,0.14498906,0.02716908,0.10687500,0.25458333,0.89312500
38219,train,data/raw/teacher/train/images_train/38219.jpg,0.95528269,0.14070527,0.02035665,0.09979167,0.21083333,0.90020833
38232,train,data/raw/teacher/train/images_train/38232.jpg,0.94931185,0.15726753,0.03149319,0.10312500,0.20562500,0.89687500
38286,train,data/raw/teacher/train/images_train/38286.jpg,0.95529824,0.10855343,0.00707018,0.15604167,0.22958333,0.84395833
38302,train,data/raw/teacher/train/images_train/38302.jpg,0.88707763,0.23187473,0.00802593,0.20020833,0.20833333,0.79979167
38318,train,data/raw/teacher/train/images_train/38318.jpg,0.94483441,0.09948173,0.01128505,0.28229167,0.53083333,0.71770833
38340,train,data/raw/teacher/train/images_train/38340.jpg,0.97542733,0.07358257,0.00751505,0.14666667,0.25437500,0.85333333
38373,train,data/raw/teacher/train/images_train/38373.jpg,0.91597217,0.20587865,0.01815514,0.15604167,0.20125000,0.84395833
38386,train,data/raw/teacher/train/images_train/38386.jpg,0.89493114,0.24812700,0.02507688,0.16812500,0.21083333,0.83187500
38418,train,data/raw/teacher/train/images_train/38418.jpg,0.92722046,0.19481100,0.03032316,0.13416667,0.22041667,0.86583333
38434,train,data/raw/teacher/train/images_train/38434.jpg,0.77230990,0.33391231,0.06550708,0.33416667,0.54833333,0.66583333
38454,train,data/raw/teacher/train/images_train/38454.jpg,0.81518006,0.26472327,0.04727053,0.34708333,0.45041667,0.65291667
38476,train,data/raw/teacher/train/images_train/38476.jpg,0.87720561,0.20237066,0.02099297,0.28291667,0.28333333,0.71708333
38493,train,data/raw/teacher/train/images_train/38493.jpg,0.92368227,0.16066039,0.01715588,0.19916667,0.27500000,0.80083333
38528,train,data/raw/teacher/train/images_train/38528.jpg,0.94123727,0.17841054,0.05593492,0.12812500,0.37500000,0.87187500
38544,train,data/raw/teacher/train/images_train/38544.jpg,0.87719828,0.27128947,0.04090688,0.22104167,0.36458333,0.77895833
38571,train,data/raw/teacher/train/images_train/38571.jpg,0.93640190,0.12350000,0.00723538,0.21416667,0.30625000,0.78583333
38587,train,data/raw/teacher/train/images_train/38587.jpg,0.94650787,0.07985854,0.00593660,0.32750000,0.51562500,0.67250000
38602,train,data/raw/teacher/train/images_train/38602.jpg,0.88144815,0.16990884,0.02161821,0.35666667,0.58333333,0.64333333
38619,train,data/raw/teacher/train/images_train/38619.jpg,0.85822439,0.25768590,0.03483558,0.32791667,0.55000000,0.67208333
38643,train,data/raw/teacher/train/images_train/38643.jpg,0.93873698,0.08950146,0.00982258,0.37854167,0.65333333,0.62145833
38663,train,data/raw/teacher/train/images_train/38663.jpg,0.85381216,0.28502798,0.04053310,0.22958333,0.38541667,0.77041667
38681,train,data/raw/teacher/train/images_train/38681.jpg,0.90203601,0.18638232,0.02840495,0.23354167,0.25000000,0.76645833
38742,train,data/raw/teacher/train/images_train/38742.jpg,0.84745961,0.31958303,0.06688216,0.20437500,0.44916667,0.79562500
38760,train,data/raw/teacher/train/images_train/38760.jpg,0.68737304,0.40861738,0.04382737,0.38020833,0.58458333,0.61979167
38786,train,data/raw/teacher/train/images_train/38786.jpg,0.86905026,0.25421327,0.03271796,0.22770833,0.35333333,0.77229167
38806,train,data/raw/teacher/train/images_train/38806.jpg,0.72359657,0.34741852,0.09794635,0.43562500,0.61750000,0.56437500
38839,train,data/raw/teacher/train/images_train/38839.jpg,0.81570035,0.29116118,0.04573899,0.35687500,0.48750000,0.64312500
38934,train,data/raw/teacher/train/images_train/38934.jpg,0.86111981,0.29707542,0.03404865,0.19041667,0.25875000,0.80958333
38958,train,data/raw/teacher/train/images_train/38958.jpg,0.83344829,0.30069888,0.03504230,0.25000000,0.34937500,0.75000000
38978,train,data/raw/teacher/train/images_train/38978.jpg,0.82107747,0.26814109,0.03003019,0.45270833,0.65000000,0.54729167
39003,train,data/raw/teacher/train/images_train/39003.jpg,0.95739865,0.11165850,0.02388460,0.14979167,0.21375000,0.85020833
39024,train,data/raw/teacher/train/images_train/39024.jpg,0.94946665,0.10772511,0.01569186,0.21645833,0.45000000,0.78354167
39043,train,data/raw/teacher/train/images_train/39043.jpg,0.97262561,0.10541426,0.01948885,0.07895833,0.17500000,0.92104167
39120,train,data/raw/teacher/train/images_train/39120.jpg,0.87876505,0.24719267,0.03485273,0.24520833,0.63375000,0.75479167
39137,train,data/raw/teacher/train/images_train/39137.jpg,0.85270709,0.27946326,0.03789474,0.24458333,0.34833333,0.75541667
39159,train,data/raw/teacher/train/images_train/39159.jpg,0.81438410,0.28590056,0.04942824,0.34812500,0.50375000,0.65187500
39174,train,data/raw/teacher/train/images_train/39174.jpg,0.74163389,0.33853433,0.05365283,0.41250000,0.60000000,0.58750000
39194,train,data/raw/teacher/train/images_train/39194.jpg,0.92780679,0.18044929,0.02166007,0.16208333,0.30000000,0.83791667
39212,train,data/raw/teacher/train/images_train/39212.jpg,0.82670838,0.32488248,0.02652777,0.23937500,0.39312500,0.76062500
39233,train,data/raw/teacher/train/images_train/39233.jpg,0.82758325,0.26726463,0.06737126,0.34458333,0.52000000,0.65541667
39258,train,data/raw/teacher/train/images_train/39258.jpg,0.84077990,0.31544206,0.02499495,0.21104167,0.34666667,0.78895833
39272,train,data/raw/teacher/train/images_train/39272.jpg,0.87233925,0.22756878,0.02456496,0.26333333,0.41437500,0.73666667
39302,train,data/raw/teacher/train/images_train/39302.jpg,0.86028516,0.26677418,0.02032838,0.22875000,0.36458333,0.77125000
39323,train,data/raw/teacher/train/images_train/39323.jpg,0.84600633,0.23742102,0.01782522,0.31083333,0.34833333,0.68916667
39345,train,data/raw/teacher/train/images_train/39345.jpg,0.76474273,0.32104290,0.03960622,0.38729167,0.52937500,0.61270833
39375,train,data/raw/teacher/train/images_train/39375.jpg,0.94075888,0.11601643,0.02910652,0.30812500,0.57291667,0.69187500
39414,train,data/raw/teacher/train/images_train/39414.jpg,0.95159596,0.05214649,0.00161517,0.45770833,0.70062500,0.54229167
39464,train,data/raw/teacher/train/images_train/39464.jpg,0.78329831,0.29463154,0.05119547,0.38750000,0.56875000,0.61250000
39484,train,data/raw/teacher/train/images_train/39484.jpg,0.94971120,0.13609025,0.01282786,0.13854167,0.19250000,0.86145833
39508,train,data/raw/teacher/train/images_train/39508.jpg,0.63666117,0.39043054,0.03867167,0.47666667,0.54166667,0.52333333
39524,train,data/raw/teacher/train/images_train/39524.jpg,0.78729612,0.32040057,0.06068499,0.34854167,0.43000000,0.65145833
39549,train,data/raw/teacher/train/images_train/39549.jpg,0.77924377,0.32171306,0.04860483,0.33833333,0.56791667,0.66166667
39577,train,data/raw/teacher/train/images_train/39577.jpg,0.93504679,0.16427365,0.02349585,0.13895833,0.27791667,0.86104167
39596,train,data/raw/teacher/train/images_train/39596.jpg,0.89455301,0.26251748,0.04039139,0.15395833,0.31166667,0.84604167
39613,train,data/raw/teacher/train/images_train/39613.jpg,0.95149058,0.14644757,0.01301980,0.11125000,0.22000000,0.88875000
39633,train,data/raw/teacher/train/images_train/39633.jpg,0.79188222,0.35928512,0.04068536,0.26312500,0.40375000,0.73687500
39655,train,data/raw/teacher/train/images_train/39655.jpg,0.93600249,0.17831637,0.04347908,0.19666667,0.39583333,0.80333333
39673,train,data/raw/teacher/train/images_train/39673.jpg,0.95197225,0.13294448,0.02299579,0.19500000,0.37916667,0.80500000
39711,train,data/raw/teacher/train/images_train/39711.jpg,0.71884394,0.35232675,0.05195590,0.48937500,0.73958333,0.51062500
39728,train,data/raw/teacher/train/images_train/39728.jpg,0.78277051,0.30224001,0.04762867,0.43270833,0.58500000,0.56729167
39743,train,data/raw/teacher/train/images_train/39743.jpg,0.97391051,0.07394575,0.01451284,0.11625000,0.24541667,0.88375000
39769,train,data/raw/teacher/train/images_train/39769.jpg,0.70593834,0.33089036,0.05337095,0.47416667,0.66666667,0.52583333
39798,train,data/raw/teacher/train/images_train/39798.jpg,0.79699618,0.30551815,0.03779842,0.47791667,0.68250000,0.52208333
39818,train,data/raw/teacher/train/images_train/39818.jpg,0.83314818,0.33134392,0.03086581,0.21229167,0.36458333,0.78770833
39841,train,data/raw/teacher/train/images_train/39841.jpg,0.91731423,0.15856813,0.05741549,0.28895833,0.46312500,0.71104167
39860,train,data/raw/teacher/train/images_train/39860.jpg,0.93554014,0.12344538,0.00486185,0.22041667,0.30875000,0.77958333
39876,train,data/raw/teacher/train/images_train/39876.jpg,0.78486818,0.30734840,0.07558943,0.37166667,0.58229167,0.62833333
39893,train,data/raw/teacher/train/images_train/39893.jpg,0.88067263,0.24604440,0.02583207,0.20958333,0.34666667,0.79041667
39931,train,data/raw/teacher/train/images_train/39931.jpg,0.78673291,0.31792969,0.02482817,0.33020833,0.35416667,0.66979167
39949,train,data/raw/teacher/train/images_train/39949.jpg,0.96957958,0.07999891,0.00422933,0.11791667,0.31250000,0.88208333
39966,train,data/raw/teacher/train/images_train/39966.jpg,0.88996786,0.23517372,0.01782070,0.20437500,0.35416667,0.79562500
39986,train,data/raw/teacher/train/images_train/39986.jpg,0.86405337,0.27488536,0.02959059,0.22833333,0.35062500,0.77166667
40006,train,data/raw/teacher/train/images_train/40006.jpg,0.94295979,0.19782403,0.04098482,0.08479167,0.22041667,0.91520833
40023,train,data/raw/teacher/train/images_train/40023.jpg,0.68470711,0.38632065,0.06431020,0.45520833,0.63375000,0.54479167
40044,train,data/raw/teacher/train/images_train/40044.jpg,0.70524985,0.36822674,0.05962292,0.44791667,0.63375000,0.55208333
40080,train,data/raw/teacher/train/images_train/40080.jpg,0.84645712,0.21517052,0.03478703,0.40479167,0.61750000,0.59520833
40100,train,data/raw/teacher/train/images_train/40100.jpg,0.77275693,0.27550721,0.04770377,0.44708333,0.65000000,0.55291667
40121,train,data/raw/teacher/train/images_train/40121.jpg,0.80217683,0.34719726,0.05571150,0.27791667,0.43916667,0.72208333
40145,train,data/raw/teacher/train/images_train/40145.jpg,0.89902931,0.19361889,0.01596346,0.22333333,0.28125000,0.77666667
40165,train,data/raw/teacher/train/images_train/40165.jpg,0.94298887,0.17026213,0.02257440,0.11645833,0.19583333,0.88354167
40178,train,data/raw/teacher/train/images_train/40178.jpg,0.94933593,0.18080270,0.03425054,0.08166667,0.19583333,0.91833333
40210,train,data/raw/teacher/train/images_train/40210.jpg,0.93857342,0.19191118,0.02979814,0.10187500,0.21000000,0.89812500
40256,train,data/raw/teacher/train/images_train/40256.jpg,0.86078858,0.20229392,0.04089612,0.42750000,0.65000000,0.57250000
40282,train,data/raw/teacher/train/images_train/40282.jpg,0.77879751,0.32139277,0.04429533,0.37708333,0.58500000,0.62291667
40302,train,data/raw/teacher/train/images_train/40302.jpg,0.93164366,0.18660006,0.03370269,0.15375000,0.23750000,0.84625000
40315,train,data/raw/teacher/train/images_train/40315.jpg,0.94482636,0.12817657,0.04577870,0.21958333,0.38541667,0.78041667
40375,train,data/raw/teacher/train/images_train/40375.jpg,0.82757485,0.23276199,0.03389914,0.41770833,0.56875000,0.58229167
40411,train,data/raw/teacher/train/images_train/40411.jpg,0.85332358,0.22332126,0.04372411,0.40875000,0.79625000,0.59125000
40435,train,data/raw/teacher/train/images_train/40435.jpg,0.86628670,0.22377531,0.04593201,0.38958333,0.56875000,0.61041667
40473,train,data/raw/teacher/train/images_train/40473.jpg,0.82786041,0.33232188,0.02755831,0.22520833,0.36458333,0.77479167
40500,train,data/raw/teacher/train/images_train/40500.jpg,0.86952281,0.23903950,0.02487559,0.33458333,0.44375000,0.66541667
40515,train,data/raw/teacher/train/images_train/40515.jpg,0.88351154,0.17447852,0.02968142,0.36604167,0.45854167,0.63395833
40554,train,data/raw/teacher/train/images_train/40554.jpg,0.91822243,0.22019073,0.02191490,0.18125000,0.35500000,0.81875000
40571,train,data/raw/teacher/train/images_train/40571.jpg,0.91751158,0.17664652,0.02285130,0.35729167,0.47125000,0.64270833
40594,train,data/raw/teacher/train/images_train/40594.jpg,0.78083193,0.28288254,0.04173867,0.42604167,0.61750000,0.57395833
40615,train,data/raw/teacher/train/images_train/40615.jpg,0.76944220,0.32536331,0.06130347,0.37041667,0.58500000,0.62958333
40638,train,data/raw/teacher/train/images_train/40638.jpg,0.73965335,0.33455068,0.05550364,0.41020833,0.60125000,0.58979167
40660,train,data/raw/teacher/train/images_train/40660.jpg,0.80988443,0.27600917,0.04978430,0.37833333,0.48750000,0.62166667
40687,train,data/raw/teacher/train/images_train/40687.jpg,0.98084861,0.07706342,0.01885376,0.06770833,0.37500000,0.93229167
40743,train,data/raw/teacher/train/images_train/40743.jpg,0.93490297,0.14878410,0.01134366,0.16770833,0.23250000,0.83229167
40761,train,data/raw/teacher/train/images_train/40761.jpg,0.82103574,0.27975684,0.08380002,0.36375000,0.47791667,0.63625000
40781,train,data/raw/teacher/train/images_train/40781.jpg,0.92147338,0.20551829,0.05086447,0.15416667,0.28166667,0.84583333
40924,train,data/raw/teacher/train/images_train/40924.jpg,0.93390167,0.14666289,0.01535913,0.18645833,0.24750000,0.81354167
40945,train,data/raw/teacher/train/images_train/40945.jpg,0.87872231,0.26518336,0.02340867,0.18229167,0.25000000,0.81770833
40977,train,data/raw/teacher/train/images_train/40977.jpg,0.92374307,0.16183808,0.01431256,0.19312500,0.29166667,0.80687500
40995,train,data/raw/teacher/train/images_train/40995.jpg,0.86915833,0.21362814,0.01492729,0.28458333,0.32625000,0.71541667
41008,train,data/raw/teacher/train/images_train/41008.jpg,0.88881671,0.25219110,0.02843824,0.17416667,0.22500000,0.82583333
41034,train,data/raw/teacher/train/images_train/41034.jpg,0.62272102,0.38648713,0.14178659,0.53687500,0.81354167,0.46312500
41078,train,data/raw/teacher/train/images_train/41078.jpg,0.84751189,0.30559590,0.03464213,0.21145833,0.36458333,0.78854167
41209,train,data/raw/teacher/train/images_train/41209.jpg,0.88189840,0.27474961,0.04423077,0.19500000,0.31875000,0.80500000
41248,train,data/raw/teacher/train/images_train/41248.jpg,0.89030844,0.27232814,0.02860126,0.14854167,0.18208333,0.85145833
41263,train,data/raw/teacher/train/images_train/41263.jpg,0.78872740,0.34398785,0.01769943,0.28333333,0.29166667,0.71666667
41276,train,data/raw/teacher/train/images_train/41276.jpg,0.78846073,0.34785333,0.01881051,0.27708333,0.29895833,0.72291667
41313,train,data/raw/teacher/train/images_train/41313.jpg,0.82829577,0.26376975,0.02746532,0.34020833,0.60125000,0.65979167
41350,train,data/raw/teacher/train/images_train/41350.jpg,0.75515932,0.34062704,0.05362788,0.37375000,0.64166667,0.62625000
41382,train,data/raw/teacher/train/images_train/41382.jpg,0.85660249,0.21250577,0.03210180,0.44312500,0.74750000,0.55687500
41406,train,data/raw/teacher/train/images_train/41406.jpg,0.85185951,0.21623637,0.03298424,0.41708333,0.60125000,0.58291667
41439,train,data/raw/teacher/train/images_train/41439.jpg,0.82210165,0.32756683,0.03587374,0.23937500,0.39312500,0.76062500
41452,train,data/raw/teacher/train/images_train/41452.jpg,0.95005423,0.14168309,0.04010356,0.16833333,0.39583333,0.83166667
41472,train,data/raw/teacher/train/images_train/41472.jpg,0.94935709,0.13645506,0.02637064,0.16937500,0.29333333,0.83062500
41520,train,data/raw/teacher/train/images_train/41520.jpg,0.94840986,0.19441715,0.03773290,0.07729167,0.23000000,0.92270833
41565,train,data/raw/teacher/train/images_train/41565.jpg,0.79335499,0.30193487,0.02641726,0.34625000,0.47125000,0.65375000
41607,train,data/raw/teacher/train/images_train/41607.jpg,0.80830979,0.24882177,0.03594199,0.46020833,0.61750000,0.53979167
41671,train,data/raw/teacher/train/images_train/41671.jpg,0.95123839,0.13283893,0.01106656,0.13854167,0.30250000,0.86145833
41689,train,data/raw/teacher/train/images_train/41689.jpg,0.92855459,0.20377848,0.02593223,0.11666667,0.18750000,0.88333333
41709,train,data/raw/teacher/train/images_train/41709.jpg,0.90388936,0.22399785,0.05844946,0.17791667,0.37583333,0.82208333
41729,train,data/raw/teacher/train/images_train/41729.jpg,0.89811218,0.23894207,0.02318586,0.17083333,0.29333333,0.82916667
41751,train,data/raw/teacher/train/images_train/41751.jpg,0.94386208,0.12279250,0.01610236,0.22416667,0.35000000,0.77583333
41767,train,data/raw/teacher/train/images_train/41767.jpg,0.76729256,0.30942795,0.04478953,0.40937500,0.56875000,0.59062500
41782,train,data/raw/teacher/train/images_train/41782.jpg,0.70319074,0.39787984,0.05818241,0.40666667,0.73125000,0.59333333
41797,train,data/raw/teacher/train/images_train/41797.jpg,0.79219902,0.27727538,0.09781102,0.41145833,0.56875000,0.58854167
41837,train,data/raw/teacher/train/images_train/41837.jpg,0.87812966,0.24552755,0.02444465,0.22854167,0.37500000,0.77145833
41857,train,data/raw/teacher/train/images_train/41857.jpg,0.91593850,0.17998792,0.04357618,0.21500000,0.41666667,0.78500000
41872,train,data/raw/teacher/train/images_train/41872.jpg,0.87039775,0.27609825,0.03671155,0.19562500,0.35333333,0.80437500
41904,train,data/raw/teacher/train/images_train/41904.jpg,0.80319732,0.27933958,0.07318962,0.43145833,0.49500000,0.56854167
41961,train,data/raw/teacher/train/images_train/41961.jpg,0.90256286,0.23277766,0.03040541,0.16000000,0.20250000,0.84000000
41985,train,data/raw/teacher/train/images_train/41985.jpg,0.94403195,0.13582228,0.02230848,0.21166667,0.30833333,0.78833333
42010,train,data/raw/teacher/train/images_train/42010.jpg,0.91054446,0.22958545,0.02280147,0.14312500,0.22750000,0.85687500
42034,train,data/raw/teacher/train/images_train/42034.jpg,0.82577229,0.29963911,0.02598442,0.26687500,0.42500000,0.73312500
42059,train,data/raw/teacher/train/images_train/42059.jpg,0.95520246,0.16018271,0.01869008,0.08062500,0.12270833,0.91937500
42087,train,data/raw/teacher/train/images_train/42087.jpg,0.91430336,0.20561904,0.05549540,0.23541667,0.42500000,0.76458333
42108,train,data/raw/teacher/train/images_train/42108.jpg,0.77818775,0.26662457,0.04232075,0.45541667,0.65000000,0.54458333
42132,train,data/raw/teacher/train/images_train/42132.jpg,0.90032613,0.23193516,0.01763035,0.17708333,0.33333333,0.82291667
42164,train,data/raw/teacher/train/images_train/42164.jpg,0.75865591,0.31007114,0.04686603,0.44125000,0.60125000,0.55875000
42205,train,data/raw/teacher/train/images_train/42205.jpg,0.76897514,0.27190104,0.04559009,0.50250000,0.87750000,0.49750000
42223,train,data/raw/teacher/train/images_train/42223.jpg,0.75850940,0.31621191,0.04180354,0.41145833,0.53625000,0.58854167
42245,train,data/raw/teacher/train/images_train/42245.jpg,0.77210379,0.29118147,0.03749488,0.42020833,0.56875000,0.57979167
42263,train,data/raw/teacher/train/images_train/42263.jpg,0.76848155,0.32756764,0.04897333,0.36979167,0.65000000,0.63020833
42313,train,data/raw/teacher/train/images_train/42313.jpg,0.86643463,0.22098458,0.06110326,0.32000000,0.47500000,0.68000000
42396,train,data/raw/teacher/train/images_train/42396.jpg,0.80795151,0.26655900,0.06115387,0.42687500,0.66625000,0.57312500
42425,train,data/raw/teacher/train/images_train/42425.jpg,0.86355996,0.20871271,0.03008753,0.36479167,0.50375000,0.63520833
42519,train,data/raw/teacher/train/images_train/42519.jpg,0.84483916,0.23334064,0.03264440,0.44375000,0.61750000,0.55625000
42538,train,data/raw/teacher/train/images_train/42538.jpg,0.70911437,0.38006529,0.04919900,0.40500000,0.53625000,0.59500000
42560,train,data/raw/teacher/train/images_train/42560.jpg,0.79348874,0.28558806,0.03291786,0.37854167,0.48750000,0.62145833
42612,train,data/raw/teacher/train/images_train/42612.jpg,0.99056160,0.03884371,0.00631345,0.06229167,0.52416667,0.93770833
42649,train,data/raw/teacher/train/images_train/42649.jpg,0.75064588,0.37154615,0.04525789,0.35791667,0.46520833,0.64208333
42663,train,data/raw/teacher/train/images_train/42663.jpg,0.87277466,0.22239520,0.04937101,0.35708333,0.48750000,0.64291667
42676,train,data/raw/teacher/train/images_train/42676.jpg,0.75753093,0.37368128,0.04993078,0.34562500,0.47125000,0.65437500
42690,train,data/raw/teacher/train/images_train/42690.jpg,0.96141458,0.12468569,0.02203527,0.10291667,0.20166667,0.89708333
42722,train,data/raw/teacher/train/images_train/42722.jpg,0.95734906,0.13184433,0.01291199,0.10812500,0.20625000,0.89187500
42801,train,data/raw/teacher/train/images_train/42801.jpg,0.87683624,0.25770912,0.03805780,0.20750000,0.44000000,0.79250000
42820,train,data/raw/teacher/train/images_train/42820.jpg,0.77683991,0.22150953,0.02830446,0.41479167,0.62562500,0.58520833
42836,train,data/raw/teacher/train/images_train/42836.jpg,0.79162580,0.32229286,0.02795466,0.30875000,0.34375000,0.69125000
42859,train,data/raw/teacher/train/images_train/42859.jpg,0.84195316,0.23418610,0.02937995,0.32312500,0.49562500,0.67687500
42882,train,data/raw/teacher/train/images_train/42882.jpg,0.88927996,0.23789059,0.02367422,0.19666667,0.22500000,0.80333333
42900,train,data/raw/teacher/train/images_train/42900.jpg,0.92390287,0.16456157,0.01403194,0.19187500,0.25875000,0.80812500
42919,train,data/raw/teacher/train/images_train/42919.jpg,0.79202008,0.34961233,0.02466865,0.27312500,0.28583333,0.72687500
42942,train,data/raw/teacher/train/images_train/42942.jpg,0.88665670,0.26275265,0.02962731,0.17312500,0.23000000,0.82687500
42982,train,data/raw/teacher/train/images_train/42982.jpg,0.69084185,0.28529534,0.04750245,0.68208333,0.80000000,0.31791667
43006,train,data/raw/teacher/train/images_train/43006.jpg,0.83361185,0.31383073,0.04268919,0.23520833,0.38250000,0.76479167
43037,train,data/raw/teacher/train/images_train/43037.jpg,0.79420000,0.27603510,0.08146383,0.43333333,0.62541667,0.56666667
43056,train,data/raw/teacher/train/images_train/43056.jpg,0.70268625,0.39714065,0.04405943,0.37916667,0.66500000,0.62083333
43078,train,data/raw/teacher/train/images_train/43078.jpg,0.81967038,0.34607914,0.04162012,0.23104167,0.29000000,0.76895833
43111,train,data/raw/teacher/train/images_train/43111.jpg,0.85661429,0.29421896,0.01783612,0.22145833,0.22875000,0.77854167
43156,train,data/raw/teacher/train/images_train/43156.jpg,0.94266278,0.11840416,0.01242625,0.21020833,0.32083333,0.78979167
43182,train,data/raw/teacher/train/images_train/43182.jpg,0.59861296,0.39271143,0.09343909,0.58125000,0.81000000,0.41875000
43200,train,data/raw/teacher/train/images_train/43200.jpg,0.68843406,0.36105281,0.06774098,0.48166667,0.70500000,0.51833333
43222,train,data/raw/teacher/train/images_train/43222.jpg,0.89619905,0.24495926,0.06056340,0.19583333,0.36125000,0.80416667
43236,train,data/raw/teacher/train/images_train/43236.jpg,0.90386617,0.23456015,0.04009981,0.19750000,0.36458333,0.80250000
43271,train,data/raw/teacher/train/images_train/43271.jpg,0.81453311,0.31044456,0.05049910,0.27625000,0.50166667,0.72375000
43300,train,data/raw/teacher/train/images_train/43300.jpg,0.93523353,0.17988074,0.05639743,0.14687500,0.23833333,0.85312500
43325,train,data/raw/teacher/train/images_train/43325.jpg,0.78393513,0.27441987,0.03170160,0.41791667,0.58500000,0.58208333
43343,train,data/raw/teacher/train/images_train/43343.jpg,0.95265847,0.12717265,0.02961074,0.15291667,0.32291667,0.84708333
43368,train,data/raw/teacher/train/images_train/43368.jpg,0.93806732,0.17532469,0.01832119,0.12500000,0.20187500,0.87500000
43401,train,data/raw/teacher/train/images_train/43401.jpg,0.70947921,0.35788503,0.03447857,0.40979167,0.59500000,0.59020833
43464,train,data/raw/teacher/train/images_train/43464.jpg,0.85509074,0.21556433,0.05745518,0.41458333,0.69666667,0.58541667
43480,train,data/raw/teacher/train/images_train/43480.jpg,0.86265445,0.26632869,0.01767175,0.21770833,0.36125000,0.78229167
43493,train,data/raw/teacher/train/images_train/43493.jpg,0.80489761,0.26969743,0.04619555,0.44666667,0.63375000,0.55333333
43507,train,data/raw/teacher/train/images_train/43507.jpg,0.74664807,0.31625414,0.05590677,0.43625000,0.58500000,0.56375000
43525,train,data/raw/teacher/train/images_train/43525.jpg,0.89855349,0.19255006,0.01742028,0.30312500,0.56875000,0.69687500
43538,train,data/raw/teacher/train/images_train/43538.jpg,0.80356598,0.27635467,0.03849838,0.40875000,0.63375000,0.59125000
43566,train,data/raw/teacher/train/images_train/43566.jpg,0.69240689,0.31478122,0.03474066,0.50104167,0.67000000,0.49895833
43586,train,data/raw/teacher/train/images_train/43586.jpg,0.91382283,0.15266283,0.01137530,0.25145833,0.37458333,0.74854167
43627,train,data/raw/teacher/train/images_train/43627.jpg,0.80266500,0.26665026,0.03482449,0.38000000,0.53625000,0.62000000
43645,train,data/raw/teacher/train/images_train/43645.jpg,0.80910528,0.30305237,0.03285986,0.32583333,0.45500000,0.67416667
43661,train,data/raw/teacher/train/images_train/43661.jpg,0.79988974,0.26125693,0.03700690,0.43583333,0.71500000,0.56416667
43688,train,data/raw/teacher/train/images_train/43688.jpg,0.94882721,0.12246537,0.01131958,0.16229167,0.19166667,0.83770833
43707,train,data/raw/teacher/train/images_train/43707.jpg,0.94491464,0.12863328,0.03804364,0.18437500,0.53958333,0.81562500
43731,train,data/raw/teacher/train/images_train/43731.jpg,0.96709085,0.08421154,0.01317915,0.14083333,0.18562500,0.85916667
43763,train,data/raw/teacher/train/images_train/43763.jpg,0.97072130,0.10386693,0.01103711,0.09166667,0.19833333,0.90833333
43803,train,data/raw/teacher/train/images_train/43803.jpg,0.95989585,0.14521268,0.02594398,0.09166667,0.25500000,0.90833333
43849,train,data/raw/teacher/train/images_train/43849.jpg,0.95261788,0.13446361,0.02376685,0.14041667,0.30250000,0.85958333
43880,train,data/raw/teacher/train/images_train/43880.jpg,0.90622693,0.17835930,0.02483595,0.19541667,0.35416667,0.80458333
43911,train,data/raw/teacher/train/images_train/43911.jpg,0.82709140,0.26304352,0.05817185,0.40270833,0.71500000,0.59729167
43931,train,data/raw/teacher/train/images_train/43931.jpg,0.96207643,0.12099344,0.02670274,0.11250000,0.35750000,0.88750000
43948,train,data/raw/teacher/train/images_train/43948.jpg,0.95513409,0.10322611,0.00934513,0.18125000,0.45937500,0.81875000
43974,train,data/raw/teacher/train/images_train/43974.jpg,0.98981148,0.03850061,0.00195676,0.07708333,0.12375000,0.92291667
44004,train,data/raw/teacher/train/images_train/44004.jpg,0.97338909,0.10244519,0.00925797,0.07604167,0.11625000,0.92395833
44020,train,data/raw/teacher/train/images_train/44020.jpg,0.89486849,0.25137377,0.01450900,0.18291667,0.24916667,0.81708333
44042,train,data/raw/teacher/train/images_train/44042.jpg,0.95256919,0.13942823,0.01409522,0.13354167,0.19166667,0.86645833
44063,train,data/raw/teacher/train/images_train/44063.jpg,0.86939353,0.24541488,0.02538139,0.27625000,0.39291667,0.72375000
44096,train,data/raw/teacher/train/images_train/44096.jpg,0.95311064,0.10866766,0.02807119,0.19208333,0.20979167,0.80791667
44124,train,data/raw/teacher/train/images_train/44124.jpg,0.91518271,0.23578085,0.01238145,0.13333333,0.19791667,0.86666667
44150,train,data/raw/teacher/train/images_train/44150.jpg,0.90787190,0.20910600,0.01853703,0.18666667,0.21604167,0.81333333
44171,train,data/raw/teacher/train/images_train/44171.jpg,0.96775389,0.10934091,0.00946509,0.08833333,0.17416667,0.91166667
44188,train,data/raw/teacher/train/images_train/44188.jpg,0.93458802,0.19737044,0.03363977,0.10937500,0.18333333,0.89062500
44205,train,data/raw/teacher/train/images_train/44205.jpg,0.97147256,0.10006005,0.01321139,0.10104167,0.22000000,0.89895833
44227,train,data/raw/teacher/train/images_train/44227.jpg,0.88133198,0.25255996,0.07135556,0.22229167,0.36750000,0.77770833
44259,train,data/raw/teacher/train/images_train/44259.jpg,0.93368846,0.13225015,0.01921138,0.22229167,0.23000000,0.77770833
44289,train,data/raw/teacher/train/images_train/44289.jpg,0.86507720,0.21164477,0.02482624,0.34687500,0.56875000,0.65312500
44371,train,data/raw/teacher/train/images_train/44371.jpg,0.68700045,0.38422748,0.04396748,0.43291667,0.56145833,0.56708333
44398,train,data/raw/teacher/train/images_train/44398.jpg,0.84231198,0.29627672,0.06397557,0.24291667,0.39312500,0.75708333
44422,train,data/raw/teacher/train/images_train/44422.jpg,0.81235856,0.34521225,0.02349941,0.23937500,0.36458333,0.76062500
44461,train,data/raw/teacher/train/images_train/44461.jpg,0.92546439,0.21285979,0.02412071,0.12062500,0.21083333,0.87937500
44510,train,data/raw/teacher/train/images_train/44510.jpg,0.86242384,0.29899946,0.04521186,0.21541667,0.42708333,0.78458333
44530,train,data/raw/teacher/train/images_train/44530.jpg,0.84870684,0.30894792,0.02412596,0.20770833,0.35062500,0.79229167
44549,train,data/raw/teacher/train/images_train/44549.jpg,0.86236024,0.29671821,0.02405961,0.18750000,0.30333333,0.81250000
44564,train,data/raw/teacher/train/images_train/44564.jpg,0.89109784,0.22743860,0.01905164,0.19937500,0.32937500,0.80062500
44585,train,data/raw/teacher/train/images_train/44585.jpg,0.75432360,0.33355483,0.05290782,0.39187500,0.61750000,0.60812500
44611,train,data/raw/teacher/train/images_train/44611.jpg,0.81764913,0.33379707,0.03719246,0.24687500,0.39583333,0.75312500
44630,train,data/raw/teacher/train/images_train/44630.jpg,0.72723043,0.36857969,0.06099329,0.38166667,0.58500000,0.61833333
44664,train,data/raw/teacher/train/images_train/44664.jpg,0.80460042,0.31660226,0.04084164,0.30958333,0.60125000,0.69041667
44684,train,data/raw/teacher/train/images_train/44684.jpg,0.80385226,0.26369774,0.05924959,0.40895833,0.71500000,0.59104167
44703,train,data/raw/teacher/train/images_train/44703.jpg,0.87064838,0.22539574,0.03813797,0.40395833,0.56875000,0.59604167
44724,train,data/raw/teacher/train/images_train/44724.jpg,0.95450824,0.14466400,0.03957637,0.11104167,0.19250000,0.88895833
44747,train,data/raw/teacher/train/images_train/44747.jpg,0.82236671,0.33255911,0.05109356,0.23937500,0.39312500,0.76062500
44765,train,data/raw/teacher/train/images_train/44765.jpg,0.83770841,0.30123818,0.03476756,0.27562500,0.41437500,0.72437500
44784,train,data/raw/teacher/train/images_train/44784.jpg,0.91766357,0.20630728,0.04704798,0.21520833,0.35062500,0.78479167
44812,train,data/raw/teacher/train/images_train/44812.jpg,0.72854072,0.33760640,0.04234147,0.42541667,0.63375000,0.57458333
44838,train,data/raw/teacher/train/images_train/44838.jpg,0.77798963,0.28756216,0.03229953,0.42312500,0.57750000,0.57687500
44853,train,data/raw/teacher/train/images_train/44853.jpg,0.87214863,0.27063456,0.03080085,0.18729167,0.26666667,0.81270833
44872,train,data/raw/teacher/train/images_train/44872.jpg,0.85880899,0.25694871,0.03198125,0.33541667,0.60125000,0.66458333
44887,train,data/raw/teacher/train/images_train/44887.jpg,0.72156888,0.36063367,0.03921688,0.41083333,0.56145833,0.58916667
44905,train,data/raw/teacher/train/images_train/44905.jpg,0.72359812,0.38204518,0.04574401,0.37395833,0.60125000,0.62604167
44929,train,data/raw/teacher/train/images_train/44929.jpg,0.76324069,0.33289367,0.07437672,0.41604167,0.60958333,0.58395833
44956,train,data/raw/teacher/train/images_train/44956.jpg,0.86760771,0.29484445,0.02019940,0.19125000,0.20187500,0.80875000
44978,train,data/raw/teacher/train/images_train/44978.jpg,0.88276654,0.22499417,0.04667468,0.26729167,0.39000000,0.73270833
45000,train,data/raw/teacher/train/images_train/45000.jpg,0.69915295,0.34869453,0.09105530,0.55750000,0.75000000,0.44250000
45015,train,data/raw/teacher/train/images_train/45015.jpg,0.67758042,0.37121487,0.08929759,0.45875000,0.62125000,0.54125000
45030,train,data/raw/teacher/train/images_train/45030.jpg,0.73285359,0.38239047,0.05992543,0.34729167,0.55500000,0.65270833
45093,train,data/raw/teacher/train/images_train/45093.jpg,0.78498834,0.25219959,0.03119045,0.57708333,0.97500000,0.42291667
45115,train,data/raw/teacher/train/images_train/45115.jpg,0.92631274,0.12805752,0.03776440,0.31104167,0.51000000,0.68895833
45133,train,data/raw/teacher/train/images_train/45133.jpg,0.94072610,0.11825123,0.03259400,0.26041667,0.38458333,0.73958333
45156,train,data/raw/teacher/train/images_train/45156.jpg,0.61587924,0.42376998,0.09425490,0.48104167,0.69000000,0.51895833
45177,train,data/raw/teacher/train/images_train/45177.jpg,0.75634152,0.37110922,0.05178643,0.33750000,0.45000000,0.66250000
45198,train,data/raw/teacher/train/images_train/45198.jpg,0.98197836,0.05531985,0.00778575,0.09958333,0.29166667,0.90041667
45219,train,data/raw/teacher/train/images_train/45219.jpg,0.95417005,0.09455264,0.02582640,0.23041667,0.45854167,0.76958333
45236,train,data/raw/teacher/train/images_train/45236.jpg,0.73001611,0.38010871,0.06587549,0.37145833,0.58500000,0.62854167
45256,train,data/raw/teacher/train/images_train/45256.jpg,0.70663470,0.34658855,0.07754439,0.49958333,0.71458333,0.50041667
45272,train,data/raw/teacher/train/images_train/45272.jpg,0.76052004,0.34468362,0.08303966,0.39875000,0.59166667,0.60125000
45295,train,data/raw/teacher/train/images_train/45295.jpg,0.91470563,0.15215024,0.05084630,0.28687500,0.51000000,0.71312500
45317,train,data/raw/teacher/train/images_train/45317.jpg,0.90021902,0.25332609,0.03466805,0.15604167,0.22041667,0.84395833
45337,train,data/raw/teacher/train/images_train/45337.jpg,0.91125876,0.20483674,0.05499076,0.19375000,0.47812500,0.80625000
45353,train,data/raw/teacher/train/images_train/45353.jpg,0.93133992,0.16378403,0.01307192,0.16479167,0.27187500,0.83520833
45366,train,data/raw/teacher/train/images_train/45366.jpg,0.91384315,0.20729201,0.02768863,0.16083333,0.34500000,0.83916667
45382,train,data/raw/teacher/train/images_train/45382.jpg,0.90746683,0.25284043,0.03505095,0.12979167,0.28416667,0.87020833
45400,train,data/raw/teacher/train/images_train/45400.jpg,0.91326183,0.22000030,0.03035879,0.15416667,0.28416667,0.84583333
45417,train,data/raw/teacher/train/images_train/45417.jpg,0.90902525,0.24843141,0.03264308,0.12770833,0.25875000,0.87229167
45512,train,data/raw/teacher/train/images_train/45512.jpg,0.67762566,0.40021509,0.04825307,0.43187500,0.60958333,0.56812500
45578,train,data/raw/teacher/train/images_train/45578.jpg,0.84084892,0.32832482,0.04020333,0.20041667,0.32500000,0.79958333
45592,train,data/raw/teacher/train/images_train/45592.jpg,0.89859599,0.20745832,0.01859937,0.20708333,0.36833333,0.79291667
45606,train,data/raw/teacher/train/images_train/45606.jpg,0.81914693,0.32212585,0.02112222,0.25187500,0.42250000,0.74812500
45623,train,data/raw/teacher/train/images_train/45623.jpg,0.85720354,0.26545534,0.02299969,0.23500000,0.41166667,0.76500000
45637,train,data/raw/teacher/train/images_train/45637.jpg,0.72475201,0.22555771,0.03555669,0.66583333,0.81666667,0.33416667
45653,train,data/raw/teacher/train/images_train/45653.jpg,0.71944302,0.23412260,0.03588414,0.64062500,0.78333333,0.35937500
45671,train,data/raw/teacher/train/images_train/45671.jpg,0.97821248,0.08589956,0.00707286,0.07375000,0.10312500,0.92625000
45716,train,data/raw/teacher/train/images_train/45716.jpg,0.89685464,0.24984510,0.01879091,0.16125000,0.17000000,0.83875000
45764,train,data/raw/teacher/train/images_train/45764.jpg,0.93661195,0.16285966,0.00536260,0.14812500,0.15166667,0.85187500
45779,train,data/raw/teacher/train/images_train/45779.jpg,0.72572470,0.38845462,0.04682253,0.39583333,0.55250000,0.60416667
45803,train,data/raw/teacher/train/images_train/45803.jpg,0.94354409,0.18396847,0.03389172,0.10833333,0.24916667,0.89166667
45835,train,data/raw/teacher/train/images_train/45835.jpg,0.82878846,0.24375826,0.02755776,0.36729167,0.64166667,0.63270833
45866,train,data/raw/teacher/train/images_train/45866.jpg,0.84684736,0.31093046,0.06276642,0.21583333,0.41166667,0.78416667
45890,train,data/raw/teacher/train/images_train/45890.jpg,0.88694155,0.22836666,0.02292641,0.31333333,0.44375000,0.68666667
45908,train,data/raw/teacher/train/images_train/45908.jpg,0.82057607,0.32352567,0.09410240,0.32166667,0.61500000,0.67833333
45925,train,data/raw/teacher/train/images_train/45925.jpg,0.84142685,0.25643000,0.04750884,0.44937500,0.72000000,0.55062500
45947,train,data/raw/teacher/train/images_train/45947.jpg,0.71104431,0.35452169,0.04516325,0.44416667,0.78000000,0.55583333
45977,train,data/raw/teacher/train/images_train/45977.jpg,0.82467574,0.25635207,0.03881039,0.41625000,0.72187500,0.58375000
45994,train,data/raw/teacher/train/images_train/45994.jpg,0.84477955,0.23034208,0.03376948,0.36312500,0.60166667,0.63687500
46018,train,data/raw/teacher/train/images_train/46018.jpg,0.80992770,0.26017100,0.03328083,0.38083333,0.63375000,0.61916667
46054,train,data/raw/teacher/train/images_train/46054.jpg,0.96630913,0.13448367,0.01289236,0.07291667,0.11000000,0.92708333
46080,train,data/raw/teacher/train/images_train/46080.jpg,0.88953453,0.22497590,0.04490271,0.22958333,0.38250000,0.77041667
46105,train,data/raw/teacher/train/images_train/46105.jpg,0.87836671,0.28564051,0.03225356,0.16583333,0.27625000,0.83416667
46122,train,data/raw/teacher/train/images_train/46122.jpg,0.98478830,0.05842598,0.00583362,0.06500000,0.45625000,0.93500000
46150,train,data/raw/teacher/train/images_train/46150.jpg,0.96047181,0.14211334,0.03093575,0.08979167,0.51708333,0.91020833
46176,train,data/raw/teacher/train/images_train/46176.jpg,0.75747770,0.12544164,0.01393901,0.14895833,0.48125000,0.85104167
46239,train,data/raw/teacher/train/images_train/46239.jpg,0.84854215,0.26428488,0.03639677,0.38354167,0.65000000,0.61645833
46262,train,data/raw/teacher/train/images_train/46262.jpg,0.83975887,0.25320056,0.04724854,0.39458333,0.53625000,0.60541667
46279,train,data/raw/teacher/train/images_train/46279.jpg,0.84630531,0.24292547,0.05695340,0.36750000,0.76375000,0.63250000
46298,train,data/raw/teacher/train/images_train/46298.jpg,0.96533215,0.10792792,0.00611215,0.10812500,0.11687500,0.89187500
46315,train,data/raw/teacher/train/images_train/46315.jpg,0.58314329,0.38961905,0.08939319,0.56270833,0.78000000,0.43729167
46342,train,data/raw/teacher/train/images_train/46342.jpg,0.83211207,0.26829469,0.03746606,0.31270833,0.55250000,0.68729167
46379,train,data/raw/teacher/train/images_train/46379.jpg,0.80027819,0.27611491,0.03088277,0.42854167,0.60958333,0.57145833
46398,train,data/raw/teacher/train/images_train/46398.jpg,0.75688297,0.31982654,0.04157047,0.40145833,0.56875000,0.59854167
46423,train,data/raw/teacher/train/images_train/46423.jpg,0.90817279,0.22276425,0.04193940,0.19270833,0.35500000,0.80729167
46462,train,data/raw/teacher/train/images_train/46462.jpg,0.82436532,0.28258339,0.07826859,0.42437500,0.63000000,0.57562500
46481,train,data/raw/teacher/train/images_train/46481.jpg,0.97383565,0.08914171,0.02045963,0.09937500,0.30000000,0.90062500
46507,train,data/raw/teacher/train/images_train/46507.jpg,0.72057432,0.37194651,0.04650646,0.40645833,0.48812500,0.59354167
46531,train,data/raw/teacher/train/images_train/46531.jpg,0.82752156,0.28061017,0.04228194,0.37437500,0.60000000,0.62562500
46553,train,data/raw/teacher/train/images_train/46553.jpg,0.74797523,0.30416366,0.06204465,0.47104167,0.75000000,0.52895833
46574,train,data/raw/teacher/train/images_train/46574.jpg,0.95330453,0.15561835,0.01974114,0.14229167,0.26625000,0.85770833
46589,train,data/raw/teacher/train/images_train/46589.jpg,0.95479184,0.13128808,0.01479968,0.11562500,0.18333333,0.88437500
46608,train,data/raw/teacher/train/images_train/46608.jpg,0.96521288,0.09380831,0.00854905,0.13562500,0.32083333,0.86437500
46623,train,data/raw/teacher/train/images_train/46623.jpg,0.63483417,0.41486362,0.04487524,0.44875000,0.60708333,0.55125000
46644,train,data/raw/teacher/train/images_train/46644.jpg,0.92541385,0.18697274,0.00871461,0.14875000,0.16333333,0.85125000
46661,train,data/raw/teacher/train/images_train/46661.jpg,0.89706522,0.25765449,0.01333845,0.14187500,0.16250000,0.85812500
46688,train,data/raw/teacher/train/images_train/46688.jpg,0.98429668,0.05332159,0.00263085,0.07854167,0.10291667,0.92145833
46721,train,data/raw/teacher/train/images_train/46721.jpg,0.98433149,0.06156365,0.00554124,0.06687500,0.12270833,0.93312500
46740,train,data/raw/teacher/train/images_train/46740.jpg,0.72891968,0.38964021,0.07226294,0.37562500,0.60000000,0.62437500
46759,train,data/raw/teacher/train/images_train/46759.jpg,0.96630776,0.09677812,0.00323433,0.12187500,0.15312500,0.87812500
46780,train,data/raw/teacher/train/images_train/46780.jpg,0.96566856,0.13378789,0.00481858,0.11604167,0.14208333,0.88395833
46797,train,data/raw/teacher/train/images_train/46797.jpg,0.81007040,0.32055855,0.03631287,0.27729167,0.42250000,0.72270833
46819,train,data/raw/teacher/train/images_train/46819.jpg,0.93413872,0.18892622,0.01974127,0.12750000,0.20166667,0.87250000
46839,train,data/raw/teacher/train/images_train/46839.jpg,0.93973553,0.16244127,0.01340651,0.12833333,0.18687500,0.87166667
46864,train,data/raw/teacher/train/images_train/46864.jpg,0.83145010,0.31739670,0.04453943,0.24645833,0.43270833,0.75354167
46879,train,data/raw/teacher/train/images_train/46879.jpg,0.79311633,0.35301751,0.03473871,0.26458333,0.48166667,0.73541667
46901,train,data/raw/teacher/train/images_train/46901.jpg,0.69633049,0.36590311,0.04216438,0.43625000,0.48375000,0.56375000
46923,train,data/raw/teacher/train/images_train/46923.jpg,0.92736816,0.21566975,0.01325353,0.17854167,0.19479167,0.82145833
46941,train,data/raw/teacher/train/images_train/46941.jpg,0.97309202,0.08166841,0.00454027,0.10916667,0.14375000,0.89083333
46962,train,data/raw/teacher/train/images_train/46962.jpg,0.92451316,0.19172436,0.01973616,0.15145833,0.21666667,0.84854167
46995,train,data/raw/teacher/train/images_train/46995.jpg,0.75993121,0.31886765,0.03434479,0.38104167,0.55250000,0.61895833
47018,train,data/raw/teacher/train/images_train/47018.jpg,0.72539192,0.35185421,0.03111155,0.39791667,0.58500000,0.60208333
47041,train,data/raw/teacher/train/images_train/47041.jpg,0.70184791,0.34494662,0.02994867,0.44625000,0.63375000,0.55375000
47058,train,data/raw/teacher/train/images_train/47058.jpg,0.74108726,0.31569678,0.04243515,0.43520833,0.69875000,0.56479167
47078,train,data/raw/teacher/train/images_train/47078.jpg,0.69136721,0.33202428,0.05415130,0.49104167,0.66625000,0.50895833
47100,train,data/raw/teacher/train/images_train/47100.jpg,0.91142315,0.22081816,0.03523029,0.15687500,0.27500000,0.84312500
47123,train,data/raw/teacher/train/images_train/47123.jpg,0.92890239,0.18931845,0.03842607,0.15125000,0.22500000,0.84875000
47139,train,data/raw/teacher/train/images_train/47139.jpg,0.84592676,0.25190461,0.06022636,0.38833333,0.60645833,0.61166667
47159,train,data/raw/teacher/train/images_train/47159.jpg,0.89003927,0.25607201,0.03526456,0.17083333,0.23000000,0.82916667
47182,train,data/raw/teacher/train/images_train/47182.jpg,0.87618488,0.25342911,0.01935545,0.21083333,0.33333333,0.78916667
47199,train,data/raw/teacher/train/images_train/47199.jpg,0.82407361,0.33836240,0.01948586,0.22375000,0.35062500,0.77625000
47221,train,data/raw/teacher/train/images_train/47221.jpg,0.89745647,0.24953143,0.01817169,0.15395833,0.23958333,0.84604167
47235,train,data/raw/teacher/train/images_train/47235.jpg,0.89350981,0.25890896,0.02607904,0.19208333,0.28125000,0.80791667
47253,train,data/raw/teacher/train/images_train/47253.jpg,0.67768639,0.25685483,0.05280675,0.70708333,0.86666667,0.29291667
47268,train,data/raw/teacher/train/images_train/47268.jpg,0.79589146,0.17286533,0.03530888,0.69562500,0.86666667,0.30437500
47287,train,data/raw/teacher/train/images_train/47287.jpg,0.86686808,0.25222778,0.02072871,0.23229167,0.23958333,0.76770833
47305,train,data/raw/teacher/train/images_train/47305.jpg,0.82516021,0.31102535,0.06340660,0.25416667,0.53854167,0.74583333
47324,train,data/raw/teacher/train/images_train/47324.jpg,0.87611163,0.29781553,0.01835354,0.15208333,0.15583333,0.84791667
47341,train,data/raw/teacher/train/images_train/47341.jpg,0.82904822,0.34570852,0.03656883,0.20562500,0.27791667,0.79437500
47356,train,data/raw/teacher/train/images_train/47356.jpg,0.82562548,0.34058693,0.02413718,0.21625000,0.24375000,0.78375000
47380,train,data/raw/teacher/train/images_train/47380.jpg,0.85498953,0.28922564,0.05863668,0.21937500,0.45208333,0.78062500
47398,train,data/raw/teacher/train/images_train/47398.jpg,0.89663786,0.21791813,0.02629505,0.19479167,0.34125000,0.80520833
47419,train,data/raw/teacher/train/images_train/47419.jpg,0.73026735,0.40601781,0.05594084,0.32083333,0.44062500,0.67916667
47448,train,data/raw/teacher/train/images_train/47448.jpg,0.92233777,0.21102306,0.01869381,0.13729167,0.21083333,0.86270833
47511,train,data/raw/teacher/train/images_train/47511.jpg,0.75740355,0.18483609,0.02657079,0.70270833,0.85000000,0.29729167
47527,train,data/raw/teacher/train/images_train/47527.jpg,0.80053478,0.17833783,0.02067573,0.64479167,0.80000000,0.35520833
47541,train,data/raw/teacher/train/images_train/47541.jpg,0.96433002,0.11632191,0.01382184,0.11229167,0.22000000,0.88770833
47559,train,data/raw/teacher/train/images_train/47559.jpg,0.92220366,0.22799179,0.02952207,0.11645833,0.17416667,0.88354167
47576,train,data/raw/teacher/train/images_train/47576.jpg,0.94127709,0.17213097,0.01590186,0.11770833,0.20166667,0.88229167
47592,train,data/raw/teacher/train/images_train/47592.jpg,0.93752646,0.18921424,0.02135185,0.11750000,0.20166667,0.88250000
47608,train,data/raw/teacher/train/images_train/47608.jpg,0.93250263,0.19782394,0.04421304,0.11937500,0.25666667,0.88062500
47622,train,data/raw/teacher/train/images_train/47622.jpg,0.95958281,0.13652971,0.02277199,0.09895833,0.18333333,0.90104167
47639,train,data/raw/teacher/train/images_train/47639.jpg,0.91918617,0.14411484,0.01130972,0.26270833,0.52250000,0.73729167
47655,train,data/raw/teacher/train/images_train/47655.jpg,0.78731447,0.30645999,0.02567580,0.34770833,0.52937500,0.65229167
47674,train,data/raw/teacher/train/images_train/47674.jpg,0.80690885,0.27830112,0.04948726,0.36166667,0.76375000,0.63833333
47857,train,data/raw/teacher/train/images_train/47857.jpg,0.77995694,0.31119716,0.05361748,0.35854167,0.63750000,0.64145833
47946,train,data/raw/teacher/train/images_train/47946.jpg,0.85446918,0.26284307,0.03776993,0.24979167,0.47916667,0.75020833
47995,train,data/raw/teacher/train/images_train/47995.jpg,0.85651833,0.27439284,0.03714240,0.23625000,0.39000000,0.76375000
48024,train,data/raw/teacher/train/images_train/48024.jpg,0.76274049,0.35997474,0.08074465,0.32208333,0.52500000,0.67791667
48042,train,data/raw/teacher/train/images_train/48042.jpg,0.71836793,0.35885414,0.06908397,0.41166667,0.66000000,0.58833333
48079,train,data/raw/teacher/train/images_train/48079.jpg,0.75968266,0.30218014,0.03008419,0.42270833,0.64166667,0.57729167
48097,train,data/raw/teacher/train/images_train/48097.jpg,0.82963651,0.26793185,0.03220213,0.32020833,0.60125000,0.67979167
48111,train,data/raw/teacher/train/images_train/48111.jpg,0.85342669,0.21651740,0.01885227,0.33208333,0.52000000,0.66791667
48129,train,data/raw/teacher/train/images_train/48129.jpg,0.90180784,0.17197475,0.00756445,0.25145833,0.27000000,0.74854167
48150,train,data/raw/teacher/train/images_train/48150.jpg,0.90336323,0.25421521,0.01564384,0.13104167,0.13895833,0.86895833
48175,train,data/raw/teacher/train/images_train/48175.jpg,0.76335245,0.38731962,0.03093121,0.28062500,0.33145833,0.71937500
48192,train,data/raw/teacher/train/images_train/48192.jpg,0.82685119,0.28431463,0.03466188,0.28291667,0.37375000,0.71708333
48207,train,data/raw/teacher/train/images_train/48207.jpg,0.94158894,0.15733251,0.02644477,0.10791667,0.23000000,0.89208333
48221,train,data/raw/teacher/train/images_train/48221.jpg,0.94356626,0.17484869,0.03377382,0.10812500,0.22041667,0.89187500
48240,train,data/raw/teacher/train/images_train/48240.jpg,0.93077564,0.15707964,0.02136442,0.17750000,0.28437500,0.82250000
48258,train,data/raw/teacher/train/images_train/48258.jpg,0.79036105,0.37546575,0.04180382,0.24916667,0.36562500,0.75083333
48337,train,data/raw/teacher/train/images_train/48337.jpg,0.95942485,0.10389757,0.01052884,0.13666667,0.55500000,0.86333333
48361,train,data/raw/teacher/train/images_train/48361.jpg,0.84117931,0.20248781,0.04194251,0.46208333,0.69875000,0.53791667
48393,train,data/raw/teacher/train/images_train/48393.jpg,0.63474256,0.27640402,0.04419518,0.48437500,1.00000000,0.51562500
48410,train,data/raw/teacher/train/images_train/48410.jpg,0.83886462,0.24794441,0.02688148,0.38937500,0.57750000,0.61062500
48427,train,data/raw/teacher/train/images_train/48427.jpg,0.81790745,0.26627529,0.06250402,0.43708333,0.89375000,0.56291667
48444,train,data/raw/teacher/train/images_train/48444.jpg,0.71640068,0.37448272,0.05671312,0.40104167,0.56145833,0.59895833
48459,train,data/raw/teacher/train/images_train/48459.jpg,0.89468759,0.17608744,0.01377848,0.31416667,0.47125000,0.68583333
48477,train,data/raw/teacher/train/images_train/48477.jpg,0.89098674,0.20142737,0.03531277,0.34520833,0.54541667,0.65479167
48495,train,data/raw/teacher/train/images_train/48495.jpg,0.77292669,0.28266743,0.04559118,0.42333333,0.61750000,0.57666667
48511,train,data/raw/teacher/train/images_train/48511.jpg,0.65170622,0.41713905,0.06885297,0.44687500,0.76375000,0.55312500
48535,train,data/raw/teacher/train/images_train/48535.jpg,0.86491853,0.29514807,0.01962035,0.18020833,0.21312500,0.81979167
48576,train,data/raw/teacher/train/images_train/48576.jpg,0.94387108,0.17301333,0.03781686,0.13000000,0.29166667,0.87000000
48590,train,data/raw/teacher/train/images_train/48590.jpg,0.99612242,0.02338084,0.00374913,0.02291667,0.17000000,0.97708333
48609,train,data/raw/teacher/train/images_train/48609.jpg,0.99567431,0.03181764,0.00364606,0.01812500,0.09687500,0.98187500
48633,train,data/raw/teacher/train/images_train/48633.jpg,0.99275392,0.04495151,0.00369720,0.02916667,0.14062500,0.97083333
48653,train,data/raw/teacher/train/images_train/48653.jpg,0.99645144,0.02820146,0.00311092,0.01645833,0.09000000,0.98354167
48676,train,data/raw/teacher/train/images_train/48676.jpg,0.98954022,0.04933329,0.00250935,0.03937500,0.18750000,0.96062500
48702,train,data/raw/teacher/train/images_train/48702.jpg,0.99456400,0.02870455,0.00188092,0.03083333,0.14500000,0.96916667
48728,train,data/raw/teacher/train/images_train/48728.jpg,0.99533713,0.02614307,0.00156986,0.02854167,0.13500000,0.97145833
48745,train,data/raw/teacher/train/images_train/48745.jpg,0.95226479,0.15778263,0.04658422,0.10729167,0.22166667,0.89270833
48766,train,data/raw/teacher/train/images_train/48766.jpg,0.96829915,0.07622168,0.01380823,0.15500000,0.85000000,0.84500000
48786,train,data/raw/teacher/train/images_train/48786.jpg,0.97312498,0.10939424,0.03368706,0.08708333,0.28666667,0.91291667
48804,train,data/raw/teacher/train/images_train/48804.jpg,0.96359569,0.10655344,0.01896032,0.14354167,0.31354167,0.85645833
48836,train,data/raw/teacher/train/images_train/48836.jpg,0.97475505,0.07925261,0.01896906,0.10708333,0.26583333,0.89291667
48859,train,data/raw/teacher/train/images_train/48859.jpg,0.96645916,0.10600211,0.04272572,0.11000000,0.42000000,0.89000000
48885,train,data/raw/teacher/train/images_train/48885.jpg,0.98027265,0.06107298,0.00963613,0.09875000,0.30000000,0.90125000
48906,train,data/raw/teacher/train/images_train/48906.jpg,0.98766613,0.04355431,0.00433766,0.07583333,0.16125000,0.92416667
48927,train,data/raw/teacher/train/images_train/48927.jpg,0.98451316,0.05273943,0.00389235,0.08166667,0.13500000,0.91833333
48946,train,data/raw/teacher/train/images_train/48946.jpg,0.97644359,0.07063702,0.00560057,0.11083333,0.16291667,0.88916667
48961,train,data/raw/teacher/train/images_train/48961.jpg,0.95240521,0.13710496,0.03368026,0.13625000,0.17875000,0.86375000
48983,train,data/raw/teacher/train/images_train/48983.jpg,0.97650820,0.07371661,0.00773483,0.10541667,0.16000000,0.89458333
49010,train,data/raw/teacher/train/images_train/49010.jpg,0.98192924,0.06203197,0.00533725,0.08458333,0.12270833,0.91541667
49047,train,data/raw/teacher/train/images_train/49047.jpg,0.98358947,0.06703547,0.00955886,0.07562500,0.16666667,0.92437500
49068,train,data/raw/teacher/train/images_train/49068.jpg,0.85897207,0.21948650,0.01529863,0.32354167,0.50833333,0.67645833
49087,train,data/raw/teacher/train/images_train/49087.jpg,0.95589072,0.18463551,0.02215106,0.05937500,0.14083333,0.94062500
49102,train,data/raw/teacher/train/images_train/49102.jpg,0.95141315,0.16352755,0.02649499,0.09187500,0.12000000,0.90812500
49123,train,data/raw/teacher/train/images_train/49123.jpg,0.88878375,0.22342639,0.03191016,0.23395833,0.33125000,0.76604167
49143,train,data/raw/teacher/train/images_train/49143.jpg,0.96390563,0.12868181,0.02717434,0.08187500,0.10125000,0.91812500
49158,train,data/raw/teacher/train/images_train/49158.jpg,0.95233947,0.12204095,0.00367431,0.16583333,0.35416667,0.83416667
49235,train,data/raw/teacher/train/images_train/49235.jpg,0.87273234,0.28910834,0.01955129,0.16750000,0.21250000,0.83250000
49300,train,data/raw/teacher/train/images_train/49300.jpg,0.71124768,0.35992026,0.04298592,0.42250000,0.61416667,0.57750000
49355,train,data/raw/teacher/train/images_train/49355.jpg,0.88735861,0.25744653,0.02081562,0.21458333,0.32291667,0.78541667
49417,train,data/raw/teacher/train/images_train/49417.jpg,0.93878275,0.14846031,0.01713387,0.19937500,0.32291667,0.80062500
49487,train,data/raw/teacher/train/images_train/49487.jpg,0.88029420,0.26824570,0.04744474,0.21583333,0.34000000,0.78416667
49511,train,data/raw/teacher/train/images_train/49511.jpg,0.87387228,0.25900388,0.02006298,0.23500000,0.35416667,0.76500000
49529,train,data/raw/teacher/train/images_train/49529.jpg,0.93876910,0.13004732,0.01923379,0.19562500,0.38125000,0.80437500
49549,train,data/raw/teacher/train/images_train/49549.jpg,0.88864535,0.23540588,0.02538142,0.20979167,0.44083333,0.79020833
49573,train,data/raw/teacher/train/images_train/49573.jpg,0.91739774,0.21688978,0.02129804,0.14208333,0.18208333,0.85791667
49594,train,data/raw/teacher/train/images_train/49594.jpg,0.94684863,0.15539008,0.02463257,0.11750000,0.22916667,0.88250000
49614,train,data/raw/teacher/train/images_train/49614.jpg,0.91553211,0.21404836,0.02360665,0.14541667,0.27500000,0.85458333
49637,train,data/raw/teacher/train/images_train/49637.jpg,0.74978518,0.33061060,0.02926386,0.39416667,0.58500000,0.60583333
49662,train,data/raw/teacher/train/images_train/49662.jpg,0.93552715,0.19801511,0.03206936,0.10729167,0.21083333,0.89270833
49676,train,data/raw/teacher/train/images_train/49676.jpg,0.97150022,0.10251574,0.01564860,0.08083333,0.18208333,0.91916667
49697,train,data/raw/teacher/train/images_train/49697.jpg,0.93352783,0.20765956,0.02510120,0.10000000,0.22500000,0.90000000
49720,train,data/raw/teacher/train/images_train/49720.jpg,0.95396954,0.14614016,0.01292255,0.09666667,0.22500000,0.90333333
49745,train,data/raw/teacher/train/images_train/49745.jpg,0.93214762,0.20032285,0.02075694,0.10875000,0.21000000,0.89125000
49766,train,data/raw/teacher/train/images_train/49766.jpg,0.86058718,0.21515602,0.04057588,0.38354167,0.55250000,0.61645833
49786,train,data/raw/teacher/train/images_train/49786.jpg,0.83573997,0.27592385,0.06126510,0.33645833,0.49083333,0.66354167
49812,train,data/raw/teacher/train/images_train/49812.jpg,0.94745374,0.14879099,0.01879810,0.12000000,0.19250000,0.88000000
49828,train,data/raw/teacher/train/images_train/49828.jpg,0.93238038,0.20203938,0.03334090,0.11770833,0.19687500,0.88229167
49849,train,data/raw/teacher/train/images_train/49849.jpg,0.77263713,0.29456949,0.03711646,0.38854167,0.62125000,0.61145833
49868,train,data/raw/teacher/train/images_train/49868.jpg,0.91352153,0.15770723,0.07966289,0.31520833,0.58333333,0.68479167
49897,train,data/raw/teacher/train/images_train/49897.jpg,0.90459913,0.15944125,0.01078342,0.28416667,0.48812500,0.71583333
49926,train,data/raw/teacher/train/images_train/49926.jpg,0.81995654,0.31059256,0.03467678,0.27562500,0.34833333,0.72437500
49952,train,data/raw/teacher/train/images_train/49952.jpg,0.85892427,0.19919281,0.02890577,0.39958333,0.56875000,0.60041667
49973,train,data/raw/teacher/train/images_train/49973.jpg,0.85055751,0.26732677,0.03620754,0.32729167,0.63375000,0.67270833
49990,train,data/raw/teacher/train/images_train/49990.jpg,0.96121132,0.09483498,0.01887613,0.18791667,0.60375000,0.81208333
50008,train,data/raw/teacher/train/images_train/50008.jpg,0.70359355,0.33337799,0.04849963,0.57708333,0.96250000,0.42291667
50032,train,data/raw/teacher/train/images_train/50032.jpg,0.68557686,0.40201777,0.05176915,0.40666667,0.61750000,0.59333333
50150,train,data/raw/teacher/train/images_train/50150.jpg,0.96010363,0.13060045,0.00946255,0.09812500,0.16500000,0.90187500
50175,train,data/raw/teacher/train/images_train/50175.jpg,0.89209074,0.26408720,0.02462360,0.15666667,0.27791667,0.84333333
50200,train,data/raw/teacher/train/images_train/50200.jpg,0.93712991,0.19697809,0.03318634,0.10229167,0.20125000,0.89770833
50215,train,data/raw/teacher/train/images_train/50215.jpg,0.87066424,0.28554437,0.03330501,0.19312500,0.21083333,0.80687500
50230,train,data/raw/teacher/train/images_train/50230.jpg,0.95606101,0.15172380,0.00982749,0.10625000,0.23958333,0.89375000
50278,train,data/raw/teacher/train/images_train/50278.jpg,0.84203863,0.30472788,0.01785716,0.22062500,0.35416667,0.77937500
50313,train,data/raw/teacher/train/images_train/50313.jpg,0.93076998,0.21459273,0.02791523,0.10375000,0.21000000,0.89625000
50330,train,data/raw/teacher/train/images_train/50330.jpg,0.75852507,0.34563032,0.04061608,0.35541667,0.50375000,0.64458333
50353,train,data/raw/teacher/train/images_train/50353.jpg,0.75922841,0.33400562,0.03745193,0.36583333,0.60958333,0.63416667
50391,train,data/raw/teacher/train/images_train/50391.jpg,0.86520332,0.17809838,0.03186978,0.41604167,0.45854167,0.58395833
50421,train,data/raw/teacher/train/images_train/50421.jpg,0.85368174,0.31534111,0.04751332,0.18916667,0.30333333,0.81083333
50448,train,data/raw/teacher/train/images_train/50448.jpg,0.84934634,0.25492102,0.02060859,0.27020833,0.42250000,0.72979167
50469,train,data/raw/teacher/train/images_train/50469.jpg,0.62369913,0.28684190,0.04592095,0.74333333,0.86666667,0.25666667
50486,train,data/raw/teacher/train/images_train/50486.jpg,0.74412131,0.20225303,0.04217703,0.72812500,0.91666667,0.27187500
50508,train,data/raw/teacher/train/images_train/50508.jpg,0.72329456,0.23148824,0.03151955,0.67520833,0.75000000,0.32479167
50533,train,data/raw/teacher/train/images_train/50533.jpg,0.72482431,0.21587110,0.02509990,0.74312500,0.96666667,0.25687500
50554,train,data/raw/teacher/train/images_train/50554.jpg,0.81829214,0.24886681,0.03039758,0.42395833,0.59354167,0.57604167
50572,train,data/raw/teacher/train/images_train/50572.jpg,0.59151971,0.32053003,0.04332839,0.70187500,1.00000000,0.29812500
50596,train,data/raw/teacher/train/images_train/50596.jpg,0.74185944,0.21774904,0.03426889,0.70812500,0.96666667,0.29187500
50616,train,data/raw/teacher/train/images_train/50616.jpg,0.65333629,0.26495871,0.04034713,0.72145833,0.81666667,0.27854167
50631,train,data/raw/teacher/train/images_train/50631.jpg,0.68443006,0.23216046,0.04377943,0.71104167,1.00000000,0.28895833
50651,train,data/raw/teacher/train/images_train/50651.jpg,0.76393473,0.35935009,0.04672162,0.33875000,0.65000000,0.66125000
50669,train,data/raw/teacher/train/images_train/50669.jpg,0.77195853,0.31195232,0.06697939,0.38166667,0.71500000,0.61833333
50688,train,data/raw/teacher/train/images_train/50688.jpg,0.79289412,0.17372544,0.01940761,0.68166667,0.96666667,0.31833333
50728,train,data/raw/teacher/train/images_train/50728.jpg,0.84682453,0.32174176,0.02486175,0.19666667,0.31416667,0.80333333
50752,train,data/raw/teacher/train/images_train/50752.jpg,0.84726381,0.30717716,0.01931499,0.21416667,0.32291667,0.78583333
50816,train,data/raw/teacher/train/images_train/50816.jpg,0.83255947,0.27999416,0.01189607,0.27000000,0.28000000,0.73000000
50835,train,data/raw/teacher/train/images_train/50835.jpg,0.90217745,0.22568490,0.01825049,0.17312500,0.23000000,0.82687500
50865,train,data/raw/teacher/train/images_train/50865.jpg,0.76810515,0.31035906,0.04768135,0.37520833,0.60937500,0.62479167
50890,train,data/raw/teacher/train/images_train/50890.jpg,0.78493541,0.33302227,0.05582065,0.31125000,0.47500000,0.68875000
50906,train,data/raw/teacher/train/images_train/50906.jpg,0.80656868,0.29381192,0.03276027,0.32333333,0.44333333,0.67666667
50955,train,data/raw/teacher/train/images_train/50955.jpg,0.80639130,0.29658219,0.04503100,0.36145833,0.65000000,0.63854167
50982,train,data/raw/teacher/train/images_train/50982.jpg,0.84849602,0.29250497,0.02912380,0.22541667,0.38000000,0.77458333
51005,train,data/raw/teacher/train/images_train/51005.jpg,0.65559834,0.30888778,0.03712083,0.67916667,0.96250000,0.32083333
51018,train,data/raw/teacher/train/images_train/51018.jpg,0.63751644,0.35936081,0.05430774,0.66916667,0.92625000,0.33083333
51038,train,data/raw/teacher/train/images_train/51038.jpg,0.77565312,0.15462784,0.01754509,0.76562500,1.00000000,0.23437500
51059,train,data/raw/teacher/train/images_train/51059.jpg,0.77677900,0.34584039,0.03893821,0.34541667,0.61750000,0.65458333
51135,train,data/raw/teacher/train/images_train/51135.jpg,0.77850962,0.36523595,0.02788284,0.27750000,0.39083333,0.72250000
51165,train,data/raw/teacher/train/images_train/51165.jpg,0.79656076,0.34809923,0.03192731,0.26250000,0.46750000,0.73750000
51184,train,data/raw/teacher/train/images_train/51184.jpg,0.76131731,0.37953666,0.03551567,0.29229167,0.49583333,0.70770833
51231,train,data/raw/teacher/train/images_train/51231.jpg,0.78448230,0.31274348,0.03177853,0.37270833,0.47125000,0.62729167
51316,train,data/raw/teacher/train/images_train/51316.jpg,0.65761554,0.36686605,0.03939715,0.46833333,0.58125000,0.53166667
51342,train,data/raw/teacher/train/images_train/51342.jpg,0.75761747,0.36819181,0.03033457,0.31125000,0.48125000,0.68875000
51364,train,data/raw/teacher/train/images_train/51364.jpg,0.82763958,0.28336251,0.04769827,0.29500000,0.60958333,0.70500000
51381,train,data/raw/teacher/train/images_train/51381.jpg,0.73834962,0.36373812,0.04726856,0.37812500,0.65000000,0.62187500
51402,train,data/raw/teacher/train/images_train/51402.jpg,0.85070807,0.22822557,0.02461389,0.40708333,0.56145833,0.59291667
51420,train,data/raw/teacher/train/images_train/51420.jpg,0.82652962,0.24667181,0.03103010,0.43104167,0.61750000,0.56895833
51442,train,data/raw/teacher/train/images_train/51442.jpg,0.86148357,0.23795427,0.03416262,0.33687500,0.52000000,0.66312500
51485,train,data/raw/teacher/train/images_train/51485.jpg,0.72754902,0.37623385,0.05151789,0.38979167,0.58500000,0.61020833
51508,train,data/raw/teacher/train/images_train/51508.jpg,0.78514737,0.35674900,0.05526100,0.32229167,0.50375000,0.67770833
51524,train,data/raw/teacher/train/images_train/51524.jpg,0.59051150,0.39568144,0.06002207,0.60291667,0.76916667,0.39708333
51540,train,data/raw/teacher/train/images_train/51540.jpg,0.85508394,0.18765354,0.03307278,0.56520833,0.65083333,0.43479167
51555,train,data/raw/teacher/train/images_train/51555.jpg,0.78210926,0.27751109,0.02621168,0.49250000,0.72479167,0.50750000
51579,train,data/raw/teacher/train/images_train/51579.jpg,0.81451923,0.29025382,0.03942028,0.37895833,0.54729167,0.62104167
51596,train,data/raw/teacher/train/images_train/51596.jpg,0.79647321,0.34149465,0.04762259,0.30500000,0.53625000,0.69500000
51611,train,data/raw/teacher/train/images_train/51611.jpg,0.80650938,0.33554533,0.04222733,0.28354167,0.48750000,0.71645833
51627,train,data/raw/teacher/train/images_train/51627.jpg,0.96668398,0.07810184,0.01100391,0.17312500,0.35000000,0.82687500
51645,train,data/raw/teacher/train/images_train/51645.jpg,0.93695259,0.10638259,0.01875946,0.31125000,0.51041667,0.68875000
51670,train,data/raw/teacher/train/images_train/51670.jpg,0.96872181,0.10905513,0.01765978,0.08875000,0.22041667,0.91125000
51695,train,data/raw/teacher/train/images_train/51695.jpg,0.95385844,0.14496171,0.03838861,0.10333333,0.23958333,0.89666667
51717,train,data/raw/teacher/train/images_train/51717.jpg,0.95055133,0.16726656,0.03252028,0.08979167,0.22041667,0.91020833
51736,train,data/raw/teacher/train/images_train/51736.jpg,0.94618469,0.17274863,0.03507861,0.09750000,0.18208333,0.90250000
51770,train,data/raw/teacher/train/images_train/51770.jpg,0.90541047,0.24202113,0.02791653,0.14604167,0.18208333,0.85395833
51800,train,data/raw/teacher/train/images_train/51800.jpg,0.87204975,0.23693284,0.02720900,0.33895833,0.65000000,0.66104167
51829,train,data/raw/teacher/train/images_train/51829.jpg,0.76470244,0.26682484,0.03529678,0.58083333,0.97500000,0.41916667
51879,train,data/raw/teacher/train/images_train/51879.jpg,0.85982227,0.24558765,0.01608057,0.24958333,0.25000000,0.75041667
51892,train,data/raw/teacher/train/images_train/51892.jpg,0.92936563,0.16014573,0.00642829,0.17020833,0.18229167,0.82979167
51909,train,data/raw/teacher/train/images_train/51909.jpg,0.89284259,0.15957628,0.01883554,0.33041667,0.50791667,0.66958333
51928,train,data/raw/teacher/train/images_train/51928.jpg,0.86557209,0.20847797,0.01913964,0.31437500,0.58458333,0.68562500
51949,train,data/raw/teacher/train/images_train/51949.jpg,0.74250031,0.33162579,0.04158911,0.39333333,0.48125000,0.60666667
51999,train,data/raw/teacher/train/images_train/51999.jpg,0.81194186,0.29072303,0.03322748,0.34937500,0.58500000,0.65062500
