model,fold,partition,dimensions,slice,rows,families,accuracy
G2,0,train,gender,Boys,548,318,0.9927007299270073
G2,0,train,gender,Girls,436,266,0.9931192660550459
G2,0,train,gender,Men,14203,9883,0.9989438850946983
G2,0,train,gender,Unisex,1411,1141,0.9681077250177179
G2,0,train,gender,Women,9622,6734,0.998545001039285
G2,0,train,articleType,Accessory Gift Set,74,26,1.0
G2,0,train,articleType,Baby Dolls,2,2,1.0
G2,0,train,articleType,Backpacks,485,343,0.9855670103092784
G2,0,train,articleType,Bangle,32,17,1.0
G2,0,train,articleType,Basketballs,9,9,1.0
G2,0,train,articleType,Belts,542,329,0.992619926199262
G2,0,train,articleType,Blazers,6,6,1.0
G2,0,train,articleType,Body Wash and Scrub,1,1,1.0
G2,0,train,articleType,Booties,7,4,1.0
G2,0,train,articleType,Boxers,27,22,1.0
G2,0,train,articleType,Bra,202,157,1.0
G2,0,train,articleType,Bracelet,28,15,1.0
G2,0,train,articleType,Briefs,456,324,1.0
G2,0,train,articleType,Camisoles,10,10,1.0
G2,0,train,articleType,Capris,110,80,0.990909090909091
G2,0,train,articleType,Caps,185,160,0.9891891891891892
G2,0,train,articleType,Casual Shoes,1819,1400,0.9956019791094007
G2,0,train,articleType,Churidar,21,19,1.0
G2,0,train,articleType,Clothing Set,6,6,1.0
G2,0,train,articleType,Clutches,152,124,1.0
G2,0,train,articleType,Compact,4,1,1.0
G2,0,train,articleType,Concealer,2,1,1.0
G2,0,train,articleType,Cufflinks,25,16,1.0
G2,0,train,articleType,Cushion Covers,1,1,1.0
G2,0,train,articleType,Deodorant,199,179,0.9748743718592965
G2,0,train,articleType,Dresses,232,184,1.0
G2,0,train,articleType,Duffel Bag,59,46,1.0
G2,0,train,articleType,Dupatta,80,58,1.0
G2,0,train,articleType,Earrings,126,32,0.9920634920634921
G2,0,train,articleType,Eyeshadow,2,2,1.0
G2,0,train,articleType,Flats,287,185,1.0
G2,0,train,articleType,Flip Flops,587,488,0.9982964224872232
G2,0,train,articleType,Footballs,5,5,1.0
G2,0,train,articleType,Formal Shoes,414,180,1.0
G2,0,train,articleType,Foundation and Primer,7,4,1.0
G2,0,train,articleType,Fragrance Gift Set,38,37,1.0
G2,0,train,articleType,Free Gifts,46,34,1.0
G2,0,train,articleType,Gloves,14,10,0.9285714285714286
G2,0,train,articleType,Handbags,978,635,0.9989775051124744
G2,0,train,articleType,Hat,2,2,1.0
G2,0,train,articleType,Headband,4,4,1.0
G2,0,train,articleType,Heels,711,380,0.9985935302390999
G2,0,train,articleType,Highlighter and Blush,4,1,1.0
G2,0,train,articleType,Innerwear Vests,165,129,1.0
G2,0,train,articleType,Ipad,1,1,1.0
G2,0,train,articleType,Jackets,155,135,1.0
G2,0,train,articleType,Jeans,378,182,1.0
G2,0,train,articleType,Jeggings,18,11,1.0
G2,0,train,articleType,Jewellery Set,32,12,1.0
G2,0,train,articleType,Jumpsuit,8,8,1.0
G2,0,train,articleType,Kajal and Eyeliner,8,7,1.0
G2,0,train,articleType,Key chain,1,1,1.0
G2,0,train,articleType,Kurta Sets,51,47,1.0
G2,0,train,articleType,Kurtas,1059,560,1.0
G2,0,train,articleType,Kurtis,139,108,1.0
G2,0,train,articleType,Laptop Bag,55,39,0.9272727272727272
G2,0,train,articleType,Leggings,109,91,1.0
G2,0,train,articleType,Lehenga Choli,2,2,1.0
G2,0,train,articleType,Lip Gloss,4,4,1.0
G2,0,train,articleType,Lip Liner,9,6,1.0
G2,0,train,articleType,Lip Plumper,2,2,1.0
G2,0,train,articleType,Lipstick,10,2,1.0
G2,0,train,articleType,Lounge Pants,36,33,1.0
G2,0,train,articleType,Lounge Shorts,23,18,1.0
G2,0,train,articleType,Lounge Tshirts,1,1,1.0
G2,0,train,articleType,Messenger Bag,30,29,1.0
G2,0,train,articleType,Mobile Pouch,32,31,1.0
G2,0,train,articleType,Mufflers,26,22,1.0
G2,0,train,articleType,Nail Polish,12,11,1.0
G2,0,train,articleType,Necklace and Chains,43,29,1.0
G2,0,train,articleType,Nehru Jackets,4,3,1.0
G2,0,train,articleType,Night suits,48,26,1.0
G2,0,train,articleType,Nightdress,27,21,1.0
G2,0,train,articleType,Patiala,19,16,1.0
G2,0,train,articleType,Pendant,100,7,1.0
G2,0,train,articleType,Perfume and Body Mist,379,323,0.9947229551451188
G2,0,train,articleType,Rain Jacket,1,1,1.0
G2,0,train,articleType,Rain Trousers,1,1,1.0
G2,0,train,articleType,Ring,79,4,1.0
G2,0,train,articleType,Robe,2,2,1.0
G2,0,train,articleType,Rompers,8,6,1.0
G2,0,train,articleType,Rucksacks,8,8,1.0
G2,0,train,articleType,Salwar,23,20,1.0
G2,0,train,articleType,Salwar and Dupatta,5,5,1.0
G2,0,train,articleType,Sandals,589,394,1.0
G2,0,train,articleType,Sarees,104,84,1.0
G2,0,train,articleType,Scarves,75,59,1.0
G2,0,train,articleType,Shapewear,2,2,1.0
G2,0,train,articleType,Shirts,2091,1223,1.0
G2,0,train,articleType,Shoe Accessories,16,14,1.0
G2,0,train,articleType,Shoe Laces,1,1,1.0
G2,0,train,articleType,Shorts,359,277,0.9972144846796658
G2,0,train,articleType,Shrug,2,2,1.0
G2,0,train,articleType,Skirts,80,65,1.0
G2,0,train,articleType,Socks,418,238,0.992822966507177
G2,0,train,articleType,Sports Sandals,44,43,1.0
G2,0,train,articleType,Sports Shoes,1352,1233,0.9933431952662722
G2,0,train,articleType,Stockings,14,9,1.0
G2,0,train,articleType,Stoles,62,41,1.0
G2,0,train,articleType,Sunglasses,711,340,0.9971870604781997
G2,0,train,articleType,Suspenders,28,14,1.0
G2,0,train,articleType,Sweaters,188,159,1.0
G2,0,train,articleType,Sweatshirts,191,163,0.9947643979057592
G2,0,train,articleType,Swimwear,12,12,1.0
G2,0,train,articleType,Tablet Sleeve,2,2,0.5
G2,0,train,articleType,Ties,145,68,1.0
G2,0,train,articleType,Tights,6,5,1.0
G2,0,train,articleType,Tops,1095,771,0.9981735159817352
G2,0,train,articleType,Track Pants,200,161,0.995
G2,0,train,articleType,Tracksuits,19,15,1.0
G2,0,train,articleType,Travel Accessory,9,9,1.0
G2,0,train,articleType,Trolley Bag,3,2,1.0
G2,0,train,articleType,Trousers,350,224,1.0
G2,0,train,articleType,Trunk,96,69,1.0
G2,0,train,articleType,Tshirts,4597,3677,0.999564933652382
G2,0,train,articleType,Tunics,120,106,1.0
G2,0,train,articleType,Umbrellas,4,3,1.0
G2,0,train,articleType,Waist Pouch,12,12,1.0
G2,0,train,articleType,Waistcoat,9,8,1.0
G2,0,train,articleType,Wallets,565,339,0.9805309734513274
G2,0,train,articleType,Watches,1523,1050,0.9934340118187788
G2,0,train,articleType,Water Bottle,8,8,1.0
G2,0,train,articleType,Wristbands,4,4,1.0
G2,0,train,family_size_bin,1,15250,15250,0.9958688524590164
G2,0,train,family_size_bin,2-3,5020,2241,0.998406374501992
G2,0,train,family_size_bin,4+,5950,850,0.9983193277310924
G2,0,train,gender x articleType,Boys | Blazers,1,1,1.0
G2,0,train,gender x articleType,Boys | Booties,3,2,1.0
G2,0,train,gender x articleType,Boys | Capris,9,2,1.0
G2,0,train,gender x articleType,Boys | Casual Shoes,17,14,0.9411764705882353
G2,0,train,gender x articleType,Boys | Churidar,1,1,1.0
G2,0,train,gender x articleType,Boys | Clothing Set,4,4,1.0
G2,0,train,gender x articleType,Boys | Flip Flops,11,10,1.0
G2,0,train,gender x articleType,Boys | Gloves,4,2,0.75
G2,0,train,gender x articleType,Boys | Innerwear Vests,3,1,1.0
G2,0,train,gender x articleType,Boys | Jackets,2,1,1.0
G2,0,train,gender x articleType,Boys | Jeans,21,8,1.0
G2,0,train,gender x articleType,Boys | Kurta Sets,2,2,1.0
G2,0,train,gender x articleType,Boys | Kurtas,5,4,1.0
G2,0,train,gender x articleType,Boys | Leggings,3,3,1.0
G2,0,train,gender x articleType,Boys | Rompers,4,3,1.0
G2,0,train,gender x articleType,Boys | Sandals,8,6,1.0
G2,0,train,gender x articleType,Boys | Shirts,52,22,1.0
G2,0,train,gender x articleType,Boys | Shorts,39,22,0.9743589743589743
G2,0,train,gender x articleType,Boys | Socks,1,1,1.0
G2,0,train,gender x articleType,Boys | Sports Shoes,2,2,1.0
G2,0,train,gender x articleType,Boys | Sweatshirts,1,1,1.0
G2,0,train,gender x articleType,Boys | Trousers,2,2,1.0
G2,0,train,gender x articleType,Boys | Tshirts,346,198,0.9971098265895953
G2,0,train,gender x articleType,Boys | Waistcoat,2,2,1.0
G2,0,train,gender x articleType,Boys | Watches,5,5,1.0
G2,0,train,gender x articleType,Girls | Backpacks,1,1,0.0
G2,0,train,gender x articleType,Girls | Booties,4,2,1.0
G2,0,train,gender x articleType,Girls | Capris,21,11,1.0
G2,0,train,gender x articleType,Girls | Casual Shoes,8,8,1.0
G2,0,train,gender x articleType,Girls | Clothing Set,2,2,1.0
G2,0,train,gender x articleType,Girls | Dresses,42,28,1.0
G2,0,train,gender x articleType,Girls | Earrings,1,1,0.0
G2,0,train,gender x articleType,Girls | Flip Flops,6,5,1.0
G2,0,train,gender x articleType,Girls | Gloves,4,2,1.0
G2,0,train,gender x articleType,Girls | Innerwear Vests,3,2,1.0
G2,0,train,gender x articleType,Girls | Jeans,12,4,1.0
G2,0,train,gender x articleType,Girls | Leggings,15,7,1.0
G2,0,train,gender x articleType,Girls | Lehenga Choli,2,2,1.0
G2,0,train,gender x articleType,Girls | Rompers,4,3,1.0
G2,0,train,gender x articleType,Girls | Salwar,4,4,1.0
G2,0,train,gender x articleType,Girls | Sandals,31,25,1.0
G2,0,train,gender x articleType,Girls | Shirts,1,1,1.0
G2,0,train,gender x articleType,Girls | Shorts,25,14,1.0
G2,0,train,gender x articleType,Girls | Skirts,16,8,1.0
G2,0,train,gender x articleType,Girls | Tops,154,78,0.9935064935064936
G2,0,train,gender x articleType,Girls | Tshirts,72,56,1.0
G2,0,train,gender x articleType,Girls | Watches,8,2,1.0
G2,0,train,gender x articleType,Men | Accessory Gift Set,74,26,1.0
G2,0,train,gender x articleType,Men | Backpacks,36,23,0.8888888888888888
G2,0,train,gender x articleType,Men | Bangle,14,2,1.0
G2,0,train,gender x articleType,Men | Belts,359,193,1.0
G2,0,train,gender x articleType,Men | Blazers,4,4,1.0
G2,0,train,gender x articleType,Men | Body Wash and Scrub,1,1,1.0
G2,0,train,gender x articleType,Men | Boxers,27,22,1.0
G2,0,train,gender x articleType,Men | Briefs,349,251,1.0
G2,0,train,gender x articleType,Men | Caps,74,61,0.9864864864864865
G2,0,train,gender x articleType,Men | Casual Shoes,1432,1051,0.9993016759776536
G2,0,train,gender x articleType,Men | Churidar,6,5,1.0
G2,0,train,gender x articleType,Men | Cufflinks,25,16,1.0
G2,0,train,gender x articleType,Men | Deodorant,124,110,1.0
G2,0,train,gender x articleType,Men | Duffel Bag,1,1,1.0
G2,0,train,gender x articleType,Men | Flip Flops,323,282,1.0
G2,0,train,gender x articleType,Men | Formal Shoes,414,180,1.0
G2,0,train,gender x articleType,Men | Fragrance Gift Set,20,19,1.0
G2,0,train,gender x articleType,Men | Free Gifts,26,18,1.0
G2,0,train,gender x articleType,Men | Gloves,6,6,1.0
G2,0,train,gender x articleType,Men | Handbags,1,1,1.0
G2,0,train,gender x articleType,Men | Heels,1,1,1.0
G2,0,train,gender x articleType,Men | Innerwear Vests,158,125,1.0
G2,0,train,gender x articleType,Men | Jackets,120,105,1.0
G2,0,train,gender x articleType,Men | Jeans,207,98,1.0
G2,0,train,gender x articleType,Men | Kurtas,45,34,1.0
G2,0,train,gender x articleType,Men | Kurtis,2,2,1.0
G2,0,train,gender x articleType,Men | Laptop Bag,12,8,0.8333333333333334
G2,0,train,gender x articleType,Men | Lounge Pants,22,20,1.0
G2,0,train,gender x articleType,Men | Lounge Shorts,16,12,1.0
G2,0,train,gender x articleType,Men | Messenger Bag,9,9,1.0
G2,0,train,gender x articleType,Men | Mufflers,22,19,1.0
G2,0,train,gender x articleType,Men | Nehru Jackets,4,3,1.0
G2,0,train,gender x articleType,Men | Night suits,10,6,1.0
G2,0,train,gender x articleType,Men | Perfume and Body Mist,212,182,0.9952830188679245
G2,0,train,gender x articleType,Men | Rain Trousers,1,1,1.0
G2,0,train,gender x articleType,Men | Ring,25,1,1.0
G2,0,train,gender x articleType,Men | Sandals,486,305,1.0
G2,0,train,gender x articleType,Men | Scarves,27,20,1.0
G2,0,train,gender x articleType,Men | Shirts,1852,1040,1.0
G2,0,train,gender x articleType,Men | Shoe Accessories,2,2,1.0
G2,0,train,gender x articleType,Men | Shorts,251,200,1.0
G2,0,train,gender x articleType,Men | Socks,316,160,1.0
G2,0,train,gender x articleType,Men | Sports Sandals,18,17,1.0
G2,0,train,gender x articleType,Men | Sports Shoes,1057,954,0.9990539262062441
G2,0,train,gender x articleType,Men | Sunglasses,412,164,0.9975728155339806
G2,0,train,gender x articleType,Men | Suspenders,28,14,1.0
G2,0,train,gender x articleType,Men | Sweaters,134,111,1.0
G2,0,train,gender x articleType,Men | Sweatshirts,149,123,1.0
G2,0,train,gender x articleType,Men | Ties,145,68,1.0
G2,0,train,gender x articleType,Men | Tights,1,1,1.0
G2,0,train,gender x articleType,Men | Tops,1,1,1.0
G2,0,train,gender x articleType,Men | Track Pants,141,107,1.0
G2,0,train,gender x articleType,Men | Tracksuits,19,15,1.0
G2,0,train,gender x articleType,Men | Trousers,282,169,1.0
G2,0,train,gender x articleType,Men | Trunk,96,69,1.0
G2,0,train,gender x articleType,Men | Tshirts,3449,2778,1.0
G2,0,train,gender x articleType,Men | Tunics,1,1,1.0
G2,0,train,gender x articleType,Men | Waist Pouch,1,1,1.0
G2,0,train,gender x articleType,Men | Waistcoat,5,4,1.0
G2,0,train,gender x articleType,Men | Wallets,277,127,0.9927797833935018
G2,0,train,gender x articleType,Men | Watches,869,564,0.997698504027618
G2,0,train,gender x articleType,Men | Water Bottle,2,2,1.0
G2,0,train,gender x articleType,Unisex | Backpacks,421,296,0.997624703087886
G2,0,train,gender x articleType,Unisex | Basketballs,9,9,1.0
G2,0,train,gender x articleType,Unisex | Belts,7,7,0.42857142857142855
G2,0,train,gender x articleType,Unisex | Caps,95,83,0.9894736842105263
G2,0,train,gender x articleType,Unisex | Casual Shoes,147,139,0.9659863945578231
G2,0,train,gender x articleType,Unisex | Cushion Covers,1,1,1.0
G2,0,train,gender x articleType,Unisex | Deodorant,2,2,0.0
G2,0,train,gender x articleType,Unisex | Duffel Bag,54,41,1.0
G2,0,train,gender x articleType,Unisex | Flip Flops,101,91,0.9900990099009901
G2,0,train,gender x articleType,Unisex | Footballs,5,5,1.0
G2,0,train,gender x articleType,Unisex | Fragrance Gift Set,1,1,1.0
G2,0,train,gender x articleType,Unisex | Free Gifts,1,1,1.0
G2,0,train,gender x articleType,Unisex | Handbags,42,38,0.9761904761904762
G2,0,train,gender x articleType,Unisex | Hat,2,2,1.0
G2,0,train,gender x articleType,Unisex | Headband,4,4,1.0
G2,0,train,gender x articleType,Unisex | Jackets,1,1,1.0
G2,0,train,gender x articleType,Unisex | Key chain,1,1,1.0
G2,0,train,gender x articleType,Unisex | Laptop Bag,35,23,0.9428571428571428
G2,0,train,gender x articleType,Unisex | Messenger Bag,21,20,1.0
G2,0,train,gender x articleType,Unisex | Mobile Pouch,4,3,1.0
G2,0,train,gender x articleType,Unisex | Mufflers,1,1,1.0
G2,0,train,gender x articleType,Unisex | Perfume and Body Mist,5,4,1.0
G2,0,train,gender x articleType,Unisex | Rain Jacket,1,1,1.0
G2,0,train,gender x articleType,Unisex | Rucksacks,8,8,1.0
G2,0,train,gender x articleType,Unisex | Sandals,63,57,1.0
G2,0,train,gender x articleType,Unisex | Scarves,4,4,1.0
G2,0,train,gender x articleType,Unisex | Shoe Accessories,14,12,1.0
G2,0,train,gender x articleType,Unisex | Shoe Laces,1,1,1.0
G2,0,train,gender x articleType,Unisex | Socks,47,33,0.9361702127659575
G2,0,train,gender x articleType,Unisex | Sports Shoes,30,30,0.7333333333333333
G2,0,train,gender x articleType,Unisex | Sunglasses,95,64,0.9894736842105263
G2,0,train,gender x articleType,Unisex | Sweatshirts,1,1,0.0
G2,0,train,gender x articleType,Unisex | Swimwear,4,4,1.0
G2,0,train,gender x articleType,Unisex | Tablet Sleeve,1,1,0.0
G2,0,train,gender x articleType,Unisex | Track Pants,1,1,0.0
G2,0,train,gender x articleType,Unisex | Travel Accessory,6,6,1.0
G2,0,train,gender x articleType,Unisex | Trolley Bag,3,2,1.0
G2,0,train,gender x articleType,Unisex | Tshirts,48,37,0.9791666666666666
G2,0,train,gender x articleType,Unisex | Waist Pouch,11,11,1.0
G2,0,train,gender x articleType,Unisex | Wallets,15,11,0.6666666666666666
G2,0,train,gender x articleType,Unisex | Watches,88,75,0.9204545454545454
G2,0,train,gender x articleType,Unisex | Water Bottle,6,6,1.0
G2,0,train,gender x articleType,Unisex | Wristbands,4,4,1.0
G2,0,train,gender x articleType,Women | Baby Dolls,2,2,1.0
G2,0,train,gender x articleType,Women | Backpacks,27,23,0.9629629629629629
G2,0,train,gender x articleType,Women | Bangle,18,15,1.0
G2,0,train,gender x articleType,Women | Belts,176,129,1.0
G2,0,train,gender x articleType,Women | Blazers,1,1,1.0
G2,0,train,gender x articleType,Women | Bra,202,157,1.0
G2,0,train,gender x articleType,Women | Bracelet,28,15,1.0
G2,0,train,gender x articleType,Women | Briefs,107,73,1.0
G2,0,train,gender x articleType,Women | Camisoles,10,10,1.0
G2,0,train,gender x articleType,Women | Capris,80,67,0.9875
G2,0,train,gender x articleType,Women | Caps,16,16,1.0
G2,0,train,gender x articleType,Women | Casual Shoes,215,188,0.9953488372093023
G2,0,train,gender x articleType,Women | Churidar,14,13,1.0
G2,0,train,gender x articleType,Women | Clutches,152,124,1.0
G2,0,train,gender x articleType,Women | Compact,4,1,1.0
G2,0,train,gender x articleType,Women | Concealer,2,1,1.0
G2,0,train,gender x articleType,Women | Deodorant,73,67,0.958904109589041
G2,0,train,gender x articleType,Women | Dresses,190,156,1.0
G2,0,train,gender x articleType,Women | Duffel Bag,4,4,1.0
G2,0,train,gender x articleType,Women | Dupatta,80,58,1.0
G2,0,train,gender x articleType,Women | Earrings,125,31,1.0
G2,0,train,gender x articleType,Women | Eyeshadow,2,2,1.0
G2,0,train,gender x articleType,Women | Flats,287,185,1.0
G2,0,train,gender x articleType,Women | Flip Flops,146,100,1.0
G2,0,train,gender x articleType,Women | Foundation and Primer,7,4,1.0
G2,0,train,gender x articleType,Women | Fragrance Gift Set,17,17,1.0
G2,0,train,gender x articleType,Women | Free Gifts,19,15,1.0
G2,0,train,gender x articleType,Women | Handbags,935,596,1.0
G2,0,train,gender x articleType,Women | Heels,710,379,0.9985915492957746
G2,0,train,gender x articleType,Women | Highlighter and Blush,4,1,1.0
G2,0,train,gender x articleType,Women | Innerwear Vests,1,1,1.0
G2,0,train,gender x articleType,Women | Ipad,1,1,1.0
G2,0,train,gender x articleType,Women | Jackets,32,28,1.0
G2,0,train,gender x articleType,Women | Jeans,138,72,1.0
G2,0,train,gender x articleType,Women | Jeggings,18,11,1.0
G2,0,train,gender x articleType,Women | Jewellery Set,32,12,1.0
G2,0,train,gender x articleType,Women | Jumpsuit,8,8,1.0
G2,0,train,gender x articleType,Women | Kajal and Eyeliner,8,7,1.0
G2,0,train,gender x articleType,Women | Kurta Sets,49,45,1.0
G2,0,train,gender x articleType,Women | Kurtas,1009,522,1.0
G2,0,train,gender x articleType,Women | Kurtis,137,106,1.0
G2,0,train,gender x articleType,Women | Laptop Bag,8,8,1.0
G2,0,train,gender x articleType,Women | Leggings,91,81,1.0
G2,0,train,gender x articleType,Women | Lip Gloss,4,4,1.0
G2,0,train,gender x articleType,Women | Lip Liner,9,6,1.0
G2,0,train,gender x articleType,Women | Lip Plumper,2,2,1.0
G2,0,train,gender x articleType,Women | Lipstick,10,2,1.0
G2,0,train,gender x articleType,Women | Lounge Pants,14,13,1.0
G2,0,train,gender x articleType,Women | Lounge Shorts,7,6,1.0
G2,0,train,gender x articleType,Women | Lounge Tshirts,1,1,1.0
G2,0,train,gender x articleType,Women | Mobile Pouch,28,28,1.0
G2,0,train,gender x articleType,Women | Mufflers,3,2,1.0
G2,0,train,gender x articleType,Women | Nail Polish,12,11,1.0
G2,0,train,gender x articleType,Women | Necklace and Chains,43,29,1.0
G2,0,train,gender x articleType,Women | Night suits,38,20,1.0
G2,0,train,gender x articleType,Women | Nightdress,27,21,1.0
G2,0,train,gender x articleType,Women | Patiala,19,16,1.0
G2,0,train,gender x articleType,Women | Pendant,100,7,1.0
G2,0,train,gender x articleType,Women | Perfume and Body Mist,162,137,0.9938271604938271
G2,0,train,gender x articleType,Women | Ring,54,3,1.0
G2,0,train,gender x articleType,Women | Robe,2,2,1.0
G2,0,train,gender x articleType,Women | Salwar,19,16,1.0
G2,0,train,gender x articleType,Women | Salwar and Dupatta,5,5,1.0
G2,0,train,gender x articleType,Women | Sandals,1,1,1.0
G2,0,train,gender x articleType,Women | Sarees,104,84,1.0
G2,0,train,gender x articleType,Women | Scarves,44,35,1.0
G2,0,train,gender x articleType,Women | Shapewear,2,2,1.0
G2,0,train,gender x articleType,Women | Shirts,186,160,1.0
G2,0,train,gender x articleType,Women | Shorts,44,41,1.0
G2,0,train,gender x articleType,Women | Shrug,2,2,1.0
G2,0,train,gender x articleType,Women | Skirts,64,57,1.0
G2,0,train,gender x articleType,Women | Socks,54,44,1.0
G2,0,train,gender x articleType,Women | Sports Sandals,26,26,1.0
G2,0,train,gender x articleType,Women | Sports Shoes,263,247,1.0
G2,0,train,gender x articleType,Women | Stockings,14,9,1.0
G2,0,train,gender x articleType,Women | Stoles,62,41,1.0
G2,0,train,gender x articleType,Women | Sunglasses,204,113,1.0
G2,0,train,gender x articleType,Women | Sweaters,54,48,1.0
G2,0,train,gender x articleType,Women | Sweatshirts,40,38,1.0
G2,0,train,gender x articleType,Women | Swimwear,8,8,1.0
G2,0,train,gender x articleType,Women | Tablet Sleeve,1,1,1.0
G2,0,train,gender x articleType,Women | Tights,5,4,1.0
G2,0,train,gender x articleType,Women | Tops,940,692,0.9989361702127659
G2,0,train,gender x articleType,Women | Track Pants,58,53,1.0
G2,0,train,gender x articleType,Women | Travel Accessory,3,3,1.0
G2,0,train,gender x articleType,Women | Trousers,66,53,1.0
G2,0,train,gender x articleType,Women | Tshirts,682,608,1.0
G2,0,train,gender x articleType,Women | Tunics,119,105,1.0
G2,0,train,gender x articleType,Women | Umbrellas,4,3,1.0
G2,0,train,gender x articleType,Women | Waistcoat,2,2,1.0
G2,0,train,gender x articleType,Women | Wallets,273,201,0.9853479853479854
G2,0,train,gender x articleType,Women | Watches,553,404,0.9981916817359855
G2,0,train,gender x family_size_bin,Boys | 1,219,219,0.9863013698630136
G2,0,train,gender x family_size_bin,Boys | 2-3,193,81,0.9948186528497409
G2,0,train,gender x family_size_bin,Boys | 4+,136,18,1.0
G2,0,train,gender x family_size_bin,Girls | 1,178,178,0.9831460674157303
G2,0,train,gender x family_size_bin,Girls | 2-3,174,74,1.0
G2,0,train,gender x family_size_bin,Girls | 4+,84,14,1.0
G2,0,train,gender x family_size_bin,Men | 1,8217,8217,0.9990264086649628
G2,0,train,gender x family_size_bin,Men | 2-3,2683,1205,0.9996272828922848
G2,0,train,gender x family_size_bin,Men | 4+,3303,461,0.9981834695731153
G2,0,train,gender x family_size_bin,Unisex | 1,1018,1018,0.9597249508840865
G2,0,train,gender x family_size_bin,Unisex | 2-3,199,91,0.9849246231155779
G2,0,train,gender x family_size_bin,Unisex | 4+,194,32,0.9948453608247423
G2,0,train,gender x family_size_bin,Women | 1,5618,5618,0.9985760056959773
G2,0,train,gender x family_size_bin,Women | 2-3,1771,790,0.9983060417843026
G2,0,train,gender x family_size_bin,Women | 4+,2233,326,0.9986565158978952
G2,0,validation,gender,Boys,136,79,0.6470588235294118
G2,0,validation,gender,Girls,107,70,0.6542056074766355
G2,0,validation,gender,Men,3550,2462,0.952112676056338
G2,0,validation,gender,Unisex,355,287,0.523943661971831
G2,0,validation,gender,Women,2405,1667,0.9114345114345115
G2,0,validation,articleType,Accessory Gift Set,17,7,1.0
G2,0,validation,articleType,Backpacks,119,85,0.7647058823529411
G2,0,validation,articleType,Bangle,18,1,1.0
G2,0,validation,articleType,Basketballs,3,3,1.0
G2,0,validation,articleType,Belts,134,81,0.8955223880597015
G2,0,validation,articleType,Blazers,1,1,1.0
G2,0,validation,articleType,Booties,2,1,0.0
G2,0,validation,articleType,Boxers,7,5,1.0
G2,0,validation,articleType,Bra,49,39,1.0
G2,0,validation,articleType,Bracelet,16,1,0.375
G2,0,validation,articleType,Briefs,112,78,0.9642857142857143
G2,0,validation,articleType,Camisoles,3,3,1.0
G2,0,validation,articleType,Capris,26,20,0.7692307692307693
G2,0,validation,articleType,Caps,45,41,0.6222222222222222
G2,0,validation,articleType,Casual Shoes,457,359,0.862144420131291
G2,0,validation,articleType,Churidar,5,5,1.0
G2,0,validation,articleType,Clothing Set,1,1,1.0
G2,0,validation,articleType,Clutches,37,30,0.8918918918918919
G2,0,validation,articleType,Cufflinks,13,1,1.0
G2,0,validation,articleType,Deodorant,49,44,0.8367346938775511
G2,0,validation,articleType,Dresses,57,43,0.9122807017543859
G2,0,validation,articleType,Duffel Bag,14,11,0.5
G2,0,validation,articleType,Dupatta,19,15,1.0
G2,0,validation,articleType,Earrings,80,1,0.975
G2,0,validation,articleType,Eyeshadow,2,1,1.0
G2,0,validation,articleType,Flats,69,49,0.9130434782608695
G2,0,validation,articleType,Flip Flops,147,122,0.8027210884353742
G2,0,validation,articleType,Footballs,2,2,0.0
G2,0,validation,articleType,Formal Shoes,103,43,0.9902912621359223
G2,0,validation,articleType,Foundation and Primer,4,1,1.0
G2,0,validation,articleType,Fragrance Gift Set,9,9,0.7777777777777778
G2,0,validation,articleType,Free Gifts,11,6,0.9090909090909091
G2,0,validation,articleType,Gloves,4,2,0.5
G2,0,validation,articleType,Handbags,244,158,0.9467213114754098
G2,0,validation,articleType,Headband,2,2,0.0
G2,0,validation,articleType,Heels,179,92,0.9776536312849162
G2,0,validation,articleType,Innerwear Vests,40,32,0.925
G2,0,validation,articleType,Jackets,38,35,0.868421052631579
G2,0,validation,articleType,Jeans,94,44,0.8723404255319149
G2,0,validation,articleType,Jeggings,4,3,1.0
G2,0,validation,articleType,Jewellery Set,6,4,1.0
G2,0,validation,articleType,Jumpsuit,2,2,1.0
G2,0,validation,articleType,Kajal and Eyeliner,3,2,0.6666666666666666
G2,0,validation,articleType,Kurta Sets,13,12,1.0
G2,0,validation,articleType,Kurtas,263,139,0.9961977186311787
G2,0,validation,articleType,Kurtis,33,26,1.0
G2,0,validation,articleType,Laptop Bag,12,10,0.5833333333333334
G2,0,validation,articleType,Leggings,26,23,0.9230769230769231
G2,0,validation,articleType,Lip Gloss,1,1,1.0
G2,0,validation,articleType,Lip Liner,2,1,1.0
G2,0,validation,articleType,Lip Plumper,1,1,1.0
G2,0,validation,articleType,Lounge Pants,9,9,1.0
G2,0,validation,articleType,Lounge Shorts,6,5,1.0
G2,0,validation,articleType,Messenger Bag,7,7,0.5714285714285714
G2,0,validation,articleType,Mobile Pouch,8,8,0.625
G2,0,validation,articleType,Mufflers,7,5,0.7142857142857143
G2,0,validation,articleType,Nail Polish,4,4,1.0
G2,0,validation,articleType,Necklace and Chains,10,8,1.0
G2,0,validation,articleType,Night suits,11,9,0.9090909090909091
G2,0,validation,articleType,Nightdress,7,5,1.0
G2,0,validation,articleType,Patiala,4,3,1.0
G2,0,validation,articleType,Pendant,5,3,1.0
G2,0,validation,articleType,Perfume and Body Mist,95,82,0.7684210526315789
G2,0,validation,articleType,Rompers,3,1,1.0
G2,0,validation,articleType,Rucksacks,2,2,1.0
G2,0,validation,articleType,Salwar,5,4,1.0
G2,0,validation,articleType,Salwar and Dupatta,1,1,1.0
G2,0,validation,articleType,Sandals,146,100,0.8698630136986302
G2,0,validation,articleType,Sarees,25,22,1.0
G2,0,validation,articleType,Scarves,18,15,0.6666666666666666
G2,0,validation,articleType,Shirts,528,304,0.9829545454545454
G2,0,validation,articleType,Shoe Accessories,4,3,0.0
G2,0,validation,articleType,Shorts,88,70,0.8181818181818182
G2,0,validation,articleType,Skirts,19,16,0.5263157894736842
G2,0,validation,articleType,Socks,103,57,0.7669902912621359
G2,0,validation,articleType,Sports Sandals,10,10,0.8
G2,0,validation,articleType,Sports Shoes,339,311,0.8643067846607669
G2,0,validation,articleType,Stockings,8,1,1.0
G2,0,validation,articleType,Stoles,15,11,0.9333333333333333
G2,0,validation,articleType,Sunglasses,175,85,0.8114285714285714
G2,0,validation,articleType,Suspenders,6,5,1.0
G2,0,validation,articleType,Sweaters,46,40,1.0
G2,0,validation,articleType,Sweatshirts,46,40,0.9565217391304348
G2,0,validation,articleType,Swimwear,3,2,1.0
G2,0,validation,articleType,Ties,34,17,1.0
G2,0,validation,articleType,Ties and Cufflinks,1,1,1.0
G2,0,validation,articleType,Tights,2,2,1.0
G2,0,validation,articleType,Tops,274,196,0.9124087591240876
G2,0,validation,articleType,Track Pants,49,39,0.9183673469387755
G2,0,validation,articleType,Tracksuits,5,5,1.0
G2,0,validation,articleType,Travel Accessory,3,2,0.0
G2,0,validation,articleType,Trousers,85,55,0.9411764705882353
G2,0,validation,articleType,Trunk,23,17,0.9565217391304348
G2,0,validation,articleType,Tshirts,1151,926,0.9530842745438749
G2,0,validation,articleType,Tunics,28,26,0.9642857142857143
G2,0,validation,articleType,Umbrellas,1,1,1.0
G2,0,validation,articleType,Waist Pouch,3,2,0.6666666666666666
G2,0,validation,articleType,Waistcoat,3,2,1.0
G2,0,validation,articleType,Wallets,139,83,0.920863309352518
G2,0,validation,articleType,Watches,388,254,0.8247422680412371
G2,0,validation,articleType,Water Bottle,2,2,0.0
G2,0,validation,articleType,Wristbands,1,1,1.0
G2,0,validation,family_size_bin,1,3793,3793,0.8924334300026364
G2,0,validation,family_size_bin,2-3,1281,572,0.8985167837626854
G2,0,validation,family_size_bin,4+,1479,199,0.9330628803245437
G2,0,validation,gender x articleType,Boys | Booties,2,1,0.0
G2,0,validation,gender x articleType,Boys | Capris,2,1,1.0
G2,0,validation,gender x articleType,Boys | Casual Shoes,7,6,0.2857142857142857
G2,0,validation,gender x articleType,Boys | Flip Flops,3,3,0.3333333333333333
G2,0,validation,gender x articleType,Boys | Gloves,2,1,0.0
G2,0,validation,gender x articleType,Boys | Jackets,2,1,0.0
G2,0,validation,gender x articleType,Boys | Jeans,4,2,0.0
G2,0,validation,gender x articleType,Boys | Rompers,2,1,1.0
G2,0,validation,gender x articleType,Boys | Sandals,3,3,0.6666666666666666
G2,0,validation,gender x articleType,Boys | Shirts,13,3,0.9230769230769231
G2,0,validation,gender x articleType,Boys | Shorts,7,4,0.2857142857142857
G2,0,validation,gender x articleType,Boys | Sweatshirts,1,1,0.0
G2,0,validation,gender x articleType,Boys | Trousers,2,1,0.0
G2,0,validation,gender x articleType,Boys | Tshirts,86,51,0.7558139534883721
G2,0,validation,gender x articleType,Girls | Capris,8,4,0.75
G2,0,validation,gender x articleType,Girls | Casual Shoes,6,5,0.3333333333333333
G2,0,validation,gender x articleType,Girls | Clothing Set,1,1,1.0
G2,0,validation,gender x articleType,Girls | Dresses,12,8,0.75
G2,0,validation,gender x articleType,Girls | Gloves,2,1,1.0
G2,0,validation,gender x articleType,Girls | Innerwear Vests,2,2,0.5
G2,0,validation,gender x articleType,Girls | Jeans,1,1,1.0
G2,0,validation,gender x articleType,Girls | Leggings,1,1,0.0
G2,0,validation,gender x articleType,Girls | Rompers,1,1,1.0
G2,0,validation,gender x articleType,Girls | Sandals,8,7,0.375
G2,0,validation,gender x articleType,Girls | Shorts,7,4,1.0
G2,0,validation,gender x articleType,Girls | Skirts,4,3,0.0
G2,0,validation,gender x articleType,Girls | Tops,38,21,0.7105263157894737
G2,0,validation,gender x articleType,Girls | Tshirts,16,11,0.625
G2,0,validation,gender x articleType,Men | Accessory Gift Set,17,7,1.0
G2,0,validation,gender x articleType,Men | Backpacks,11,5,0.0
G2,0,validation,gender x articleType,Men | Belts,84,47,0.9523809523809523
G2,0,validation,gender x articleType,Men | Blazers,1,1,1.0
G2,0,validation,gender x articleType,Men | Boxers,7,5,1.0
G2,0,validation,gender x articleType,Men | Bracelet,16,1,0.375
G2,0,validation,gender x articleType,Men | Briefs,88,56,1.0
G2,0,validation,gender x articleType,Men | Caps,20,18,0.65
G2,0,validation,gender x articleType,Men | Casual Shoes,354,267,0.96045197740113
G2,0,validation,gender x articleType,Men | Cufflinks,13,1,1.0
G2,0,validation,gender x articleType,Men | Deodorant,33,29,0.8787878787878788
G2,0,validation,gender x articleType,Men | Duffel Bag,2,1,0.5
G2,0,validation,gender x articleType,Men | Flip Flops,78,68,0.9102564102564102
G2,0,validation,gender x articleType,Men | Formal Shoes,103,43,0.9902912621359223
G2,0,validation,gender x articleType,Men | Fragrance Gift Set,7,7,0.7142857142857143
G2,0,validation,gender x articleType,Men | Free Gifts,4,1,0.75
G2,0,validation,gender x articleType,Men | Handbags,3,2,0.3333333333333333
G2,0,validation,gender x articleType,Men | Innerwear Vests,38,30,0.9473684210526315
G2,0,validation,gender x articleType,Men | Jackets,24,22,1.0
G2,0,validation,gender x articleType,Men | Jeans,56,19,0.9464285714285714
G2,0,validation,gender x articleType,Men | Kurtas,6,6,1.0
G2,0,validation,gender x articleType,Men | Laptop Bag,2,2,0.5
G2,0,validation,gender x articleType,Men | Lounge Pants,7,7,1.0
G2,0,validation,gender x articleType,Men | Lounge Shorts,6,5,1.0
G2,0,validation,gender x articleType,Men | Messenger Bag,1,1,0.0
G2,0,validation,gender x articleType,Men | Mufflers,3,3,0.6666666666666666
G2,0,validation,gender x articleType,Men | Night suits,5,4,0.8
G2,0,validation,gender x articleType,Men | Perfume and Body Mist,54,49,0.7407407407407407
G2,0,validation,gender x articleType,Men | Sandals,116,72,0.9741379310344828
G2,0,validation,gender x articleType,Men | Scarves,10,8,0.8
G2,0,validation,gender x articleType,Men | Shirts,468,261,0.9871794871794872
G2,0,validation,gender x articleType,Men | Shorts,65,53,0.8461538461538461
G2,0,validation,gender x articleType,Men | Socks,79,36,0.8860759493670886
G2,0,validation,gender x articleType,Men | Sports Sandals,6,6,1.0
G2,0,validation,gender x articleType,Men | Sports Shoes,260,234,0.9653846153846154
G2,0,validation,gender x articleType,Men | Stoles,1,1,1.0
G2,0,validation,gender x articleType,Men | Sunglasses,91,45,0.989010989010989
G2,0,validation,gender x articleType,Men | Suspenders,6,5,1.0
G2,0,validation,gender x articleType,Men | Sweaters,28,24,1.0
G2,0,validation,gender x articleType,Men | Sweatshirts,33,28,1.0
G2,0,validation,gender x articleType,Men | Ties,34,17,1.0
G2,0,validation,gender x articleType,Men | Track Pants,37,28,0.918918918918919
G2,0,validation,gender x articleType,Men | Tracksuits,5,5,1.0
G2,0,validation,gender x articleType,Men | Trousers,72,47,0.9861111111111112
G2,0,validation,gender x articleType,Men | Trunk,23,17,0.9565217391304348
G2,0,validation,gender x articleType,Men | Tshirts,868,706,0.9850230414746544
G2,0,validation,gender x articleType,Men | Waistcoat,1,1,1.0
G2,0,validation,gender x articleType,Men | Wallets,67,29,0.9552238805970149
G2,0,validation,gender x articleType,Men | Watches,236,137,0.9110169491525424
G2,0,validation,gender x articleType,Men | Water Bottle,1,1,0.0
G2,0,validation,gender x articleType,Unisex | Backpacks,105,77,0.8380952380952381
G2,0,validation,gender x articleType,Unisex | Basketballs,3,3,1.0
G2,0,validation,gender x articleType,Unisex | Belts,1,1,0.0
G2,0,validation,gender x articleType,Unisex | Caps,22,21,0.6818181818181818
G2,0,validation,gender x articleType,Unisex | Casual Shoes,39,34,0.358974358974359
G2,0,validation,gender x articleType,Unisex | Deodorant,1,1,0.0
G2,0,validation,gender x articleType,Unisex | Duffel Bag,10,8,0.4
G2,0,validation,gender x articleType,Unisex | Flip Flops,24,23,0.375
G2,0,validation,gender x articleType,Unisex | Footballs,2,2,0.0
G2,0,validation,gender x articleType,Unisex | Handbags,8,8,0.625
G2,0,validation,gender x articleType,Unisex | Headband,2,2,0.0
G2,0,validation,gender x articleType,Unisex | Jeans,3,1,0.0
G2,0,validation,gender x articleType,Unisex | Laptop Bag,10,8,0.6
G2,0,validation,gender x articleType,Unisex | Messenger Bag,6,6,0.6666666666666666
G2,0,validation,gender x articleType,Unisex | Mobile Pouch,2,2,0.0
G2,0,validation,gender x articleType,Unisex | Perfume and Body Mist,2,1,0.0
G2,0,validation,gender x articleType,Unisex | Rucksacks,2,2,1.0
G2,0,validation,gender x articleType,Unisex | Sandals,17,16,0.47058823529411764
G2,0,validation,gender x articleType,Unisex | Scarves,1,1,0.0
G2,0,validation,gender x articleType,Unisex | Shoe Accessories,4,3,0.0
G2,0,validation,gender x articleType,Unisex | Socks,11,9,0.2727272727272727
G2,0,validation,gender x articleType,Unisex | Sports Sandals,3,3,0.3333333333333333
G2,0,validation,gender x articleType,Unisex | Sports Shoes,8,8,0.125
G2,0,validation,gender x articleType,Unisex | Sunglasses,24,7,0.20833333333333334
G2,0,validation,gender x articleType,Unisex | Travel Accessory,3,2,0.0
G2,0,validation,gender x articleType,Unisex | Tshirts,12,11,0.6666666666666666
G2,0,validation,gender x articleType,Unisex | Waist Pouch,3,2,0.6666666666666666
G2,0,validation,gender x articleType,Unisex | Wallets,3,3,0.0
G2,0,validation,gender x articleType,Unisex | Watches,22,20,0.3181818181818182
G2,0,validation,gender x articleType,Unisex | Water Bottle,1,1,0.0
G2,0,validation,gender x articleType,Unisex | Wristbands,1,1,1.0
G2,0,validation,gender x articleType,Women | Backpacks,3,3,1.0
G2,0,validation,gender x articleType,Women | Bangle,18,1,1.0
G2,0,validation,gender x articleType,Women | Belts,49,33,0.8163265306122449
G2,0,validation,gender x articleType,Women | Bra,49,39,1.0
G2,0,validation,gender x articleType,Women | Briefs,24,22,0.8333333333333334
G2,0,validation,gender x articleType,Women | Camisoles,3,3,1.0
G2,0,validation,gender x articleType,Women | Capris,16,15,0.75
G2,0,validation,gender x articleType,Women | Caps,3,2,0.0
G2,0,validation,gender x articleType,Women | Casual Shoes,51,47,0.7058823529411765
G2,0,validation,gender x articleType,Women | Churidar,5,5,1.0
G2,0,validation,gender x articleType,Women | Clutches,37,30,0.8918918918918919
G2,0,validation,gender x articleType,Women | Deodorant,15,14,0.8
G2,0,validation,gender x articleType,Women | Dresses,45,35,0.9555555555555556
G2,0,validation,gender x articleType,Women | Duffel Bag,2,2,1.0
G2,0,validation,gender x articleType,Women | Dupatta,19,15,1.0
G2,0,validation,gender x articleType,Women | Earrings,80,1,0.975
G2,0,validation,gender x articleType,Women | Eyeshadow,2,1,1.0
G2,0,validation,gender x articleType,Women | Flats,69,49,0.9130434782608695
G2,0,validation,gender x articleType,Women | Flip Flops,42,28,0.8809523809523809
G2,0,validation,gender x articleType,Women | Foundation and Primer,4,1,1.0
G2,0,validation,gender x articleType,Women | Fragrance Gift Set,2,2,1.0
G2,0,validation,gender x articleType,Women | Free Gifts,7,5,1.0
G2,0,validation,gender x articleType,Women | Handbags,233,148,0.9656652360515021
G2,0,validation,gender x articleType,Women | Heels,179,92,0.9776536312849162
G2,0,validation,gender x articleType,Women | Jackets,12,12,0.75
G2,0,validation,gender x articleType,Women | Jeans,30,21,0.9333333333333333
G2,0,validation,gender x articleType,Women | Jeggings,4,3,1.0
G2,0,validation,gender x articleType,Women | Jewellery Set,6,4,1.0
G2,0,validation,gender x articleType,Women | Jumpsuit,2,2,1.0
G2,0,validation,gender x articleType,Women | Kajal and Eyeliner,3,2,0.6666666666666666
G2,0,validation,gender x articleType,Women | Kurta Sets,13,12,1.0
G2,0,validation,gender x articleType,Women | Kurtas,257,133,0.9961089494163424
G2,0,validation,gender x articleType,Women | Kurtis,33,26,1.0
G2,0,validation,gender x articleType,Women | Leggings,25,22,0.96
G2,0,validation,gender x articleType,Women | Lip Gloss,1,1,1.0
G2,0,validation,gender x articleType,Women | Lip Liner,2,1,1.0
G2,0,validation,gender x articleType,Women | Lip Plumper,1,1,1.0
G2,0,validation,gender x articleType,Women | Lounge Pants,2,2,1.0
G2,0,validation,gender x articleType,Women | Mobile Pouch,6,6,0.8333333333333334
G2,0,validation,gender x articleType,Women | Mufflers,4,2,0.75
G2,0,validation,gender x articleType,Women | Nail Polish,4,4,1.0
G2,0,validation,gender x articleType,Women | Necklace and Chains,10,8,1.0
G2,0,validation,gender x articleType,Women | Night suits,6,5,1.0
G2,0,validation,gender x articleType,Women | Nightdress,7,5,1.0
G2,0,validation,gender x articleType,Women | Patiala,4,3,1.0
G2,0,validation,gender x articleType,Women | Pendant,5,3,1.0
G2,0,validation,gender x articleType,Women | Perfume and Body Mist,39,32,0.8461538461538461
G2,0,validation,gender x articleType,Women | Salwar,5,4,1.0
G2,0,validation,gender x articleType,Women | Salwar and Dupatta,1,1,1.0
G2,0,validation,gender x articleType,Women | Sandals,2,2,0.5
G2,0,validation,gender x articleType,Women | Sarees,25,22,1.0
G2,0,validation,gender x articleType,Women | Scarves,7,6,0.5714285714285714
G2,0,validation,gender x articleType,Women | Shirts,47,40,0.9574468085106383
G2,0,validation,gender x articleType,Women | Shorts,9,9,0.8888888888888888
G2,0,validation,gender x articleType,Women | Skirts,15,13,0.6666666666666666
G2,0,validation,gender x articleType,Women | Socks,13,12,0.46153846153846156
G2,0,validation,gender x articleType,Women | Sports Sandals,1,1,1.0
G2,0,validation,gender x articleType,Women | Sports Shoes,71,69,0.5774647887323944
G2,0,validation,gender x articleType,Women | Stockings,8,1,1.0
G2,0,validation,gender x articleType,Women | Stoles,14,10,0.9285714285714286
G2,0,validation,gender x articleType,Women | Sunglasses,60,33,0.7833333333333333
G2,0,validation,gender x articleType,Women | Sweaters,18,16,1.0
G2,0,validation,gender x articleType,Women | Sweatshirts,12,11,0.9166666666666666
G2,0,validation,gender x articleType,Women | Swimwear,3,2,1.0
G2,0,validation,gender x articleType,Women | Ties and Cufflinks,1,1,1.0
G2,0,validation,gender x articleType,Women | Tights,2,2,1.0
G2,0,validation,gender x articleType,Women | Tops,236,175,0.9449152542372882
G2,0,validation,gender x articleType,Women | Track Pants,12,11,0.9166666666666666
G2,0,validation,gender x articleType,Women | Trousers,11,7,0.8181818181818182
G2,0,validation,gender x articleType,Women | Tshirts,169,147,0.9408284023668639
G2,0,validation,gender x articleType,Women | Tunics,28,26,0.9642857142857143
G2,0,validation,gender x articleType,Women | Umbrellas,1,1,1.0
G2,0,validation,gender x articleType,Women | Waistcoat,2,1,1.0
G2,0,validation,gender x articleType,Women | Wallets,69,51,0.927536231884058
G2,0,validation,gender x articleType,Women | Watches,130,97,0.7538461538461538
G2,0,validation,gender x family_size_bin,Boys | 1,48,48,0.6875
G2,0,validation,gender x family_size_bin,Boys | 2-3,60,27,0.65
G2,0,validation,gender x family_size_bin,Boys | 4+,28,4,0.5714285714285714
G2,0,validation,gender x family_size_bin,Girls | 1,47,47,0.5106382978723404
G2,0,validation,gender x family_size_bin,Girls | 2-3,45,20,0.7555555555555555
G2,0,validation,gender x family_size_bin,Girls | 4+,15,3,0.8
G2,0,validation,gender x family_size_bin,Men | 1,2049,2049,0.9536359199609565
G2,0,validation,gender x family_size_bin,Men | 2-3,673,302,0.9390787518573551
G2,0,validation,gender x family_size_bin,Men | 4+,828,111,0.9589371980676329
G2,0,validation,gender x family_size_bin,Unisex | 1,257,257,0.5252918287937743
G2,0,validation,gender x family_size_bin,Unisex | 2-3,53,24,0.49056603773584906
G2,0,validation,gender x family_size_bin,Unisex | 4+,45,6,0.5555555555555556
G2,0,validation,gender x family_size_bin,Women | 1,1392,1392,0.8900862068965517
G2,0,validation,gender x family_size_bin,Women | 2-3,450,200,0.9333333333333333
G2,0,validation,gender x family_size_bin,Women | 4+,563,75,0.9467140319715808
G2,4,train,gender,Boys,546,315,0.9945054945054945
G2,4,train,gender,Girls,434,272,0.9930875576036866
G2,4,train,gender,Men,14201,9876,0.9989437363565946
G2,4,train,gender,Unisex,1413,1137,0.9752300070771408
G2,4,train,gender,Women,9622,6737,0.9994803575140303
G2,4,train,articleType,Accessory Gift Set,73,27,1.0
G2,4,train,articleType,Baby Dolls,2,2,1.0
G2,4,train,articleType,Backpacks,478,342,0.9895397489539749
G2,4,train,articleType,Bangle,37,17,1.0
G2,4,train,articleType,Basketballs,10,10,1.0
G2,4,train,articleType,Belts,540,328,0.9962962962962963
G2,4,train,articleType,Blazers,5,5,1.0
G2,4,train,articleType,Body Wash and Scrub,1,1,1.0
G2,4,train,articleType,Booties,7,4,0.8571428571428571
G2,4,train,articleType,Boxers,27,21,1.0
G2,4,train,articleType,Bra,201,157,1.0
G2,4,train,articleType,Bracelet,37,14,1.0
G2,4,train,articleType,Briefs,455,323,1.0
G2,4,train,articleType,Camisoles,10,10,1.0
G2,4,train,articleType,Capris,109,80,1.0
G2,4,train,articleType,Caps,184,160,0.9782608695652174
G2,4,train,articleType,Casual Shoes,1824,1408,0.9945175438596491
G2,4,train,articleType,Churidar,20,18,1.0
G2,4,train,articleType,Clothing Set,5,5,1.0
G2,4,train,articleType,Clutches,151,123,1.0
G2,4,train,articleType,Compact,4,1,1.0
G2,4,train,articleType,Cufflinks,31,15,1.0
G2,4,train,articleType,Deodorant,199,178,0.9798994974874372
G2,4,train,articleType,Dresses,231,182,1.0
G2,4,train,articleType,Duffel Bag,59,45,1.0
G2,4,train,articleType,Dupatta,80,58,1.0
G2,4,train,articleType,Earrings,161,30,0.9937888198757764
G2,4,train,articleType,Eyeshadow,3,2,1.0
G2,4,train,articleType,Flats,284,186,1.0
G2,4,train,articleType,Flip Flops,585,488,1.0
G2,4,train,articleType,Footballs,6,6,1.0
G2,4,train,articleType,Formal Shoes,415,178,0.9975903614457832
G2,4,train,articleType,Foundation and Primer,9,4,1.0
G2,4,train,articleType,Fragrance Gift Set,38,37,1.0
G2,4,train,articleType,Free Gifts,47,33,1.0
G2,4,train,articleType,Gloves,14,9,1.0
G2,4,train,articleType,Handbags,976,636,1.0
G2,4,train,articleType,Hat,2,2,1.0
G2,4,train,articleType,Headband,5,5,1.0
G2,4,train,articleType,Heels,707,379,1.0
G2,4,train,articleType,Highlighter and Blush,4,1,1.0
G2,4,train,articleType,Innerwear Vests,165,130,1.0
G2,4,train,articleType,Ipad,1,1,1.0
G2,4,train,articleType,Jackets,155,136,1.0
G2,4,train,articleType,Jeans,377,178,1.0
G2,4,train,articleType,Jeggings,18,11,1.0
G2,4,train,articleType,Jewellery Set,32,13,1.0
G2,4,train,articleType,Jumpsuit,8,8,1.0
G2,4,train,articleType,Kajal and Eyeliner,9,7,1.0
G2,4,train,articleType,Key chain,1,1,1.0
G2,4,train,articleType,Kurta Sets,52,48,1.0
G2,4,train,articleType,Kurtas,1055,558,1.0
G2,4,train,articleType,Kurtis,138,107,1.0
G2,4,train,articleType,Laptop Bag,54,40,0.9444444444444444
G2,4,train,articleType,Leggings,108,91,1.0
G2,4,train,articleType,Lehenga Choli,1,1,1.0
G2,4,train,articleType,Lip Gloss,4,4,1.0
G2,4,train,articleType,Lip Liner,7,6,1.0
G2,4,train,articleType,Lip Plumper,3,3,1.0
G2,4,train,articleType,Lipstick,6,1,1.0
G2,4,train,articleType,Lounge Pants,36,33,1.0
G2,4,train,articleType,Lounge Shorts,23,18,1.0
G2,4,train,articleType,Lounge Tshirts,1,1,1.0
G2,4,train,articleType,Messenger Bag,30,29,1.0
G2,4,train,articleType,Mobile Pouch,32,31,1.0
G2,4,train,articleType,Mufflers,27,22,1.0
G2,4,train,articleType,Nail Polish,13,12,1.0
G2,4,train,articleType,Necklace and Chains,42,29,1.0
G2,4,train,articleType,Nehru Jackets,3,2,1.0
G2,4,train,articleType,Night suits,47,27,1.0
G2,4,train,articleType,Nightdress,27,20,1.0
G2,4,train,articleType,Patiala,18,16,1.0
G2,4,train,articleType,Pendant,77,9,1.0
G2,4,train,articleType,Perfume and Body Mist,379,324,0.9973614775725593
G2,4,train,articleType,Rain Jacket,1,1,1.0
G2,4,train,articleType,Ring,76,3,1.0
G2,4,train,articleType,Robe,2,2,1.0
G2,4,train,articleType,Rompers,9,6,1.0
G2,4,train,articleType,Rucksacks,8,8,1.0
G2,4,train,articleType,Salwar,22,20,1.0
G2,4,train,articleType,Salwar and Dupatta,5,5,1.0
G2,4,train,articleType,Sandals,584,398,0.9982876712328768
G2,4,train,articleType,Sarees,104,84,1.0
G2,4,train,articleType,Scarves,75,59,0.9866666666666667
G2,4,train,articleType,Shapewear,2,2,1.0
G2,4,train,articleType,Shirts,2100,1225,0.9995238095238095
G2,4,train,articleType,Shoe Accessories,16,13,0.9375
G2,4,train,articleType,Shoe Laces,1,1,1.0
G2,4,train,articleType,Shorts,357,277,1.0
G2,4,train,articleType,Shrug,2,2,1.0
G2,4,train,articleType,Skirts,80,65,1.0
G2,4,train,articleType,Socks,417,236,0.9928057553956835
G2,4,train,articleType,Sports Sandals,43,42,1.0
G2,4,train,articleType,Sports Shoes,1355,1233,0.9977859778597786
G2,4,train,articleType,Stockings,18,8,1.0
G2,4,train,articleType,Stoles,63,42,1.0
G2,4,train,articleType,Sunglasses,700,341,0.9971428571428571
G2,4,train,articleType,Suspenders,27,15,1.0
G2,4,train,articleType,Sweaters,188,160,1.0
G2,4,train,articleType,Sweatshirts,190,162,0.9947368421052631
G2,4,train,articleType,Swimwear,12,11,1.0
G2,4,train,articleType,Tablet Sleeve,1,1,1.0
G2,4,train,articleType,Ties,144,68,1.0
G2,4,train,articleType,Ties and Cufflinks,1,1,1.0
G2,4,train,articleType,Tights,6,5,1.0
G2,4,train,articleType,Tops,1094,774,1.0
G2,4,train,articleType,Track Pants,200,161,1.0
G2,4,train,articleType,Tracksuits,19,16,1.0
G2,4,train,articleType,Travel Accessory,10,9,1.0
G2,4,train,articleType,Trolley Bag,2,1,1.0
G2,4,train,articleType,Trousers,348,222,1.0
G2,4,train,articleType,Trunk,96,69,1.0
G2,4,train,articleType,Tshirts,4601,3682,0.9997826559443599
G2,4,train,articleType,Tunics,119,106,1.0
G2,4,train,articleType,Umbrellas,3,3,1.0
G2,4,train,articleType,Waist Pouch,12,11,1.0
G2,4,train,articleType,Waistcoat,10,9,1.0
G2,4,train,articleType,Wallets,563,341,0.9822380106571936
G2,4,train,articleType,Watches,1533,1036,0.9967384213959556
G2,4,train,articleType,Water Bottle,8,8,1.0
G2,4,train,articleType,Wristbands,4,4,1.0
G2,4,train,family_size_bin,1,15248,15248,0.9968520461699895
G2,4,train,family_size_bin,2-3,5005,2237,0.9988011988011988
G2,4,train,family_size_bin,4+,5963,850,0.9988260942478618
G2,4,train,gender x articleType,Boys | Booties,3,2,0.6666666666666666
G2,4,train,gender x articleType,Boys | Capris,11,3,1.0
G2,4,train,gender x articleType,Boys | Casual Shoes,18,16,0.9444444444444444
G2,4,train,gender x articleType,Boys | Churidar,1,1,1.0
G2,4,train,gender x articleType,Boys | Clothing Set,3,3,1.0
G2,4,train,gender x articleType,Boys | Flip Flops,12,11,1.0
G2,4,train,gender x articleType,Boys | Gloves,4,2,1.0
G2,4,train,gender x articleType,Boys | Innerwear Vests,3,1,1.0
G2,4,train,gender x articleType,Boys | Jackets,2,1,1.0
G2,4,train,gender x articleType,Boys | Jeans,19,8,1.0
G2,4,train,gender x articleType,Boys | Kurta Sets,2,2,1.0
G2,4,train,gender x articleType,Boys | Kurtas,4,3,1.0
G2,4,train,gender x articleType,Boys | Leggings,3,3,1.0
G2,4,train,gender x articleType,Boys | Rompers,6,4,1.0
G2,4,train,gender x articleType,Boys | Sandals,9,8,1.0
G2,4,train,gender x articleType,Boys | Shirts,53,20,1.0
G2,4,train,gender x articleType,Boys | Shorts,37,20,1.0
G2,4,train,gender x articleType,Boys | Socks,1,1,0.0
G2,4,train,gender x articleType,Boys | Sports Shoes,2,2,1.0
G2,4,train,gender x articleType,Boys | Sweatshirts,1,1,1.0
G2,4,train,gender x articleType,Boys | Trousers,3,2,1.0
G2,4,train,gender x articleType,Boys | Tshirts,347,200,1.0
G2,4,train,gender x articleType,Boys | Waistcoat,2,2,1.0
G2,4,train,gender x articleType,Girls | Backpacks,1,1,0.0
G2,4,train,gender x articleType,Girls | Booties,4,2,1.0
G2,4,train,gender x articleType,Girls | Capris,21,12,1.0
G2,4,train,gender x articleType,Girls | Casual Shoes,10,9,1.0
G2,4,train,gender x articleType,Girls | Clothing Set,2,2,1.0
G2,4,train,gender x articleType,Girls | Dresses,45,31,1.0
G2,4,train,gender x articleType,Girls | Earrings,1,1,0.0
G2,4,train,gender x articleType,Girls | Flip Flops,4,4,1.0
G2,4,train,gender x articleType,Girls | Gloves,6,3,1.0
G2,4,train,gender x articleType,Girls | Innerwear Vests,4,3,1.0
G2,4,train,gender x articleType,Girls | Jeans,9,4,1.0
G2,4,train,gender x articleType,Girls | Leggings,14,6,1.0
G2,4,train,gender x articleType,Girls | Lehenga Choli,1,1,1.0
G2,4,train,gender x articleType,Girls | Rompers,3,3,1.0
G2,4,train,gender x articleType,Girls | Salwar,4,4,1.0
G2,4,train,gender x articleType,Girls | Sandals,30,26,1.0
G2,4,train,gender x articleType,Girls | Shirts,1,1,1.0
G2,4,train,gender x articleType,Girls | Shorts,26,14,1.0
G2,4,train,gender x articleType,Girls | Skirts,16,9,1.0
G2,4,train,gender x articleType,Girls | Tops,154,81,1.0
G2,4,train,gender x articleType,Girls | Tshirts,71,54,0.9859154929577465
G2,4,train,gender x articleType,Girls | Watches,7,1,1.0
G2,4,train,gender x articleType,Men | Accessory Gift Set,73,27,1.0
G2,4,train,gender x articleType,Men | Backpacks,36,21,0.8888888888888888
G2,4,train,gender x articleType,Men | Bangle,1,1,1.0
G2,4,train,gender x articleType,Men | Belts,349,187,1.0
G2,4,train,gender x articleType,Men | Blazers,4,4,1.0
G2,4,train,gender x articleType,Men | Body Wash and Scrub,1,1,1.0
G2,4,train,gender x articleType,Men | Boxers,27,21,1.0
G2,4,train,gender x articleType,Men | Bracelet,16,1,1.0
G2,4,train,gender x articleType,Men | Briefs,350,246,1.0
G2,4,train,gender x articleType,Men | Caps,73,62,0.958904109589041
G2,4,train,gender x articleType,Men | Casual Shoes,1432,1055,0.9993016759776536
G2,4,train,gender x articleType,Men | Churidar,6,5,1.0
G2,4,train,gender x articleType,Men | Cufflinks,31,15,1.0
G2,4,train,gender x articleType,Men | Deodorant,127,110,1.0
G2,4,train,gender x articleType,Men | Duffel Bag,3,2,1.0
G2,4,train,gender x articleType,Men | Flip Flops,318,280,1.0
G2,4,train,gender x articleType,Men | Formal Shoes,415,178,0.9975903614457832
G2,4,train,gender x articleType,Men | Fragrance Gift Set,20,19,1.0
G2,4,train,gender x articleType,Men | Free Gifts,25,15,1.0
G2,4,train,gender x articleType,Men | Gloves,4,4,1.0
G2,4,train,gender x articleType,Men | Handbags,4,3,1.0
G2,4,train,gender x articleType,Men | Innerwear Vests,157,125,1.0
G2,4,train,gender x articleType,Men | Jackets,124,109,1.0
G2,4,train,gender x articleType,Men | Jeans,208,91,1.0
G2,4,train,gender x articleType,Men | Kurtas,36,29,1.0
G2,4,train,gender x articleType,Men | Kurtis,2,2,1.0
G2,4,train,gender x articleType,Men | Laptop Bag,13,9,0.8461538461538461
G2,4,train,gender x articleType,Men | Lounge Pants,22,20,1.0
G2,4,train,gender x articleType,Men | Lounge Shorts,19,14,1.0
G2,4,train,gender x articleType,Men | Messenger Bag,8,8,1.0
G2,4,train,gender x articleType,Men | Mufflers,20,18,1.0
G2,4,train,gender x articleType,Men | Nehru Jackets,3,2,1.0
G2,4,train,gender x articleType,Men | Night suits,12,8,1.0
G2,4,train,gender x articleType,Men | Perfume and Body Mist,214,186,0.9953271028037384
G2,4,train,gender x articleType,Men | Ring,25,1,1.0
G2,4,train,gender x articleType,Men | Sandals,478,302,1.0
G2,4,train,gender x articleType,Men | Scarves,34,25,0.9705882352941176
G2,4,train,gender x articleType,Men | Shirts,1859,1040,0.9994620763851533
G2,4,train,gender x articleType,Men | Shoe Accessories,2,2,1.0
G2,4,train,gender x articleType,Men | Shorts,253,204,1.0
G2,4,train,gender x articleType,Men | Socks,313,156,1.0
G2,4,train,gender x articleType,Men | Sports Sandals,19,18,1.0
G2,4,train,gender x articleType,Men | Sports Shoes,1056,949,1.0
G2,4,train,gender x articleType,Men | Stoles,1,1,1.0
G2,4,train,gender x articleType,Men | Sunglasses,382,163,1.0
G2,4,train,gender x articleType,Men | Suspenders,27,15,1.0
G2,4,train,gender x articleType,Men | Sweaters,129,107,1.0
G2,4,train,gender x articleType,Men | Sweatshirts,148,122,1.0
G2,4,train,gender x articleType,Men | Ties,144,68,1.0
G2,4,train,gender x articleType,Men | Tights,1,1,1.0
G2,4,train,gender x articleType,Men | Track Pants,144,111,1.0
G2,4,train,gender x articleType,Men | Tracksuits,19,16,1.0
G2,4,train,gender x articleType,Men | Trousers,285,174,1.0
G2,4,train,gender x articleType,Men | Trunk,96,69,1.0
G2,4,train,gender x articleType,Men | Tshirts,3455,2786,1.0
G2,4,train,gender x articleType,Men | Tunics,1,1,1.0
G2,4,train,gender x articleType,Men | Waist Pouch,1,1,1.0
G2,4,train,gender x articleType,Men | Waistcoat,4,4,1.0
G2,4,train,gender x articleType,Men | Wallets,278,129,0.9964028776978417
G2,4,train,gender x articleType,Men | Watches,892,560,1.0
G2,4,train,gender x articleType,Men | Water Bottle,2,2,1.0
G2,4,train,gender x articleType,Unisex | Backpacks,417,298,1.0
G2,4,train,gender x articleType,Unisex | Basketballs,10,10,1.0
G2,4,train,gender x articleType,Unisex | Belts,6,6,0.6666666666666666
G2,4,train,gender x articleType,Unisex | Caps,96,84,1.0
G2,4,train,gender x articleType,Unisex | Casual Shoes,150,139,0.9533333333333334
G2,4,train,gender x articleType,Unisex | Deodorant,3,3,0.0
G2,4,train,gender x articleType,Unisex | Duffel Bag,53,40,1.0
G2,4,train,gender x articleType,Unisex | Flip Flops,101,93,1.0
G2,4,train,gender x articleType,Unisex | Footballs,6,6,1.0
G2,4,train,gender x articleType,Unisex | Fragrance Gift Set,1,1,1.0
G2,4,train,gender x articleType,Unisex | Free Gifts,1,1,1.0
G2,4,train,gender x articleType,Unisex | Handbags,38,35,1.0
G2,4,train,gender x articleType,Unisex | Hat,2,2,1.0
G2,4,train,gender x articleType,Unisex | Headband,5,5,1.0
G2,4,train,gender x articleType,Unisex | Jackets,1,1,1.0
G2,4,train,gender x articleType,Unisex | Jeans,3,1,1.0
G2,4,train,gender x articleType,Unisex | Key chain,1,1,1.0
G2,4,train,gender x articleType,Unisex | Laptop Bag,34,24,0.9705882352941176
G2,4,train,gender x articleType,Unisex | Messenger Bag,22,21,1.0
G2,4,train,gender x articleType,Unisex | Mobile Pouch,6,5,1.0
G2,4,train,gender x articleType,Unisex | Mufflers,1,1,1.0
G2,4,train,gender x articleType,Unisex | Perfume and Body Mist,7,5,1.0
G2,4,train,gender x articleType,Unisex | Rain Jacket,1,1,1.0
G2,4,train,gender x articleType,Unisex | Rucksacks,8,8,1.0
G2,4,train,gender x articleType,Unisex | Sandals,64,59,0.984375
G2,4,train,gender x articleType,Unisex | Scarves,2,2,1.0
G2,4,train,gender x articleType,Unisex | Shoe Accessories,14,11,0.9285714285714286
G2,4,train,gender x articleType,Unisex | Shoe Laces,1,1,1.0
G2,4,train,gender x articleType,Unisex | Socks,46,31,0.9565217391304348
G2,4,train,gender x articleType,Unisex | Sports Sandals,3,3,1.0
G2,4,train,gender x articleType,Unisex | Sports Shoes,29,29,0.896551724137931
G2,4,train,gender x articleType,Unisex | Sunglasses,95,54,0.9789473684210527
G2,4,train,gender x articleType,Unisex | Sweatshirts,1,1,0.0
G2,4,train,gender x articleType,Unisex | Swimwear,2,2,1.0
G2,4,train,gender x articleType,Unisex | Track Pants,1,1,1.0
G2,4,train,gender x articleType,Unisex | Travel Accessory,8,7,1.0
G2,4,train,gender x articleType,Unisex | Trolley Bag,2,1,1.0
G2,4,train,gender x articleType,Unisex | Tshirts,49,38,1.0
G2,4,train,gender x articleType,Unisex | Waist Pouch,11,10,1.0
G2,4,train,gender x articleType,Unisex | Wallets,14,12,0.5
G2,4,train,gender x articleType,Unisex | Watches,88,75,0.9431818181818182
G2,4,train,gender x articleType,Unisex | Water Bottle,6,6,1.0
G2,4,train,gender x articleType,Unisex | Wristbands,4,4,1.0
G2,4,train,gender x articleType,Women | Baby Dolls,2,2,1.0
G2,4,train,gender x articleType,Women | Backpacks,24,22,1.0
G2,4,train,gender x articleType,Women | Bangle,36,16,1.0
G2,4,train,gender x articleType,Women | Belts,185,135,1.0
G2,4,train,gender x articleType,Women | Blazers,1,1,1.0
G2,4,train,gender x articleType,Women | Bra,201,157,1.0
G2,4,train,gender x articleType,Women | Bracelet,21,13,1.0
G2,4,train,gender x articleType,Women | Briefs,105,77,1.0
G2,4,train,gender x articleType,Women | Camisoles,10,10,1.0
G2,4,train,gender x articleType,Women | Capris,77,65,1.0
G2,4,train,gender x articleType,Women | Caps,15,14,0.9333333333333333
G2,4,train,gender x articleType,Women | Casual Shoes,214,189,0.9953271028037384
G2,4,train,gender x articleType,Women | Churidar,13,12,1.0
G2,4,train,gender x articleType,Women | Clutches,151,123,1.0
G2,4,train,gender x articleType,Women | Compact,4,1,1.0
G2,4,train,gender x articleType,Women | Deodorant,69,65,0.9855072463768116
G2,4,train,gender x articleType,Women | Dresses,186,151,1.0
G2,4,train,gender x articleType,Women | Duffel Bag,3,3,1.0
G2,4,train,gender x articleType,Women | Dupatta,80,58,1.0
G2,4,train,gender x articleType,Women | Earrings,160,29,1.0
G2,4,train,gender x articleType,Women | Eyeshadow,3,2,1.0
G2,4,train,gender x articleType,Women | Flats,284,186,1.0
G2,4,train,gender x articleType,Women | Flip Flops,150,100,1.0
G2,4,train,gender x articleType,Women | Foundation and Primer,9,4,1.0
G2,4,train,gender x articleType,Women | Fragrance Gift Set,17,17,1.0
G2,4,train,gender x articleType,Women | Free Gifts,21,17,1.0
G2,4,train,gender x articleType,Women | Handbags,934,598,1.0
G2,4,train,gender x articleType,Women | Heels,707,379,1.0
G2,4,train,gender x articleType,Women | Highlighter and Blush,4,1,1.0
G2,4,train,gender x articleType,Women | Innerwear Vests,1,1,1.0
G2,4,train,gender x articleType,Women | Ipad,1,1,1.0
G2,4,train,gender x articleType,Women | Jackets,28,25,1.0
G2,4,train,gender x articleType,Women | Jeans,138,74,1.0
G2,4,train,gender x articleType,Women | Jeggings,18,11,1.0
G2,4,train,gender x articleType,Women | Jewellery Set,32,13,1.0
G2,4,train,gender x articleType,Women | Jumpsuit,8,8,1.0
G2,4,train,gender x articleType,Women | Kajal and Eyeliner,9,7,1.0
G2,4,train,gender x articleType,Women | Kurta Sets,50,46,1.0
G2,4,train,gender x articleType,Women | Kurtas,1015,526,1.0
G2,4,train,gender x articleType,Women | Kurtis,136,105,1.0
G2,4,train,gender x articleType,Women | Laptop Bag,7,7,1.0
G2,4,train,gender x articleType,Women | Leggings,91,82,1.0
G2,4,train,gender x articleType,Women | Lip Gloss,4,4,1.0
G2,4,train,gender x articleType,Women | Lip Liner,7,6,1.0
G2,4,train,gender x articleType,Women | Lip Plumper,3,3,1.0
G2,4,train,gender x articleType,Women | Lipstick,6,1,1.0
G2,4,train,gender x articleType,Women | Lounge Pants,14,13,1.0
G2,4,train,gender x articleType,Women | Lounge Shorts,4,4,1.0
G2,4,train,gender x articleType,Women | Lounge Tshirts,1,1,1.0
G2,4,train,gender x articleType,Women | Mobile Pouch,26,26,1.0
G2,4,train,gender x articleType,Women | Mufflers,6,3,1.0
G2,4,train,gender x articleType,Women | Nail Polish,13,12,1.0
G2,4,train,gender x articleType,Women | Necklace and Chains,42,29,1.0
G2,4,train,gender x articleType,Women | Night suits,35,19,1.0
G2,4,train,gender x articleType,Women | Nightdress,27,20,1.0
G2,4,train,gender x articleType,Women | Patiala,18,16,1.0
G2,4,train,gender x articleType,Women | Pendant,77,9,1.0
G2,4,train,gender x articleType,Women | Perfume and Body Mist,158,133,1.0
G2,4,train,gender x articleType,Women | Ring,51,2,1.0
G2,4,train,gender x articleType,Women | Robe,2,2,1.0
G2,4,train,gender x articleType,Women | Salwar,18,16,1.0
G2,4,train,gender x articleType,Women | Salwar and Dupatta,5,5,1.0
G2,4,train,gender x articleType,Women | Sandals,3,3,1.0
G2,4,train,gender x articleType,Women | Sarees,104,84,1.0
G2,4,train,gender x articleType,Women | Scarves,39,32,1.0
G2,4,train,gender x articleType,Women | Shapewear,2,2,1.0
G2,4,train,gender x articleType,Women | Shirts,187,164,1.0
G2,4,train,gender x articleType,Women | Shorts,41,39,1.0
G2,4,train,gender x articleType,Women | Shrug,2,2,1.0
G2,4,train,gender x articleType,Women | Skirts,64,56,1.0
G2,4,train,gender x articleType,Women | Socks,57,48,1.0
G2,4,train,gender x articleType,Women | Sports Sandals,21,21,1.0
G2,4,train,gender x articleType,Women | Sports Shoes,268,253,1.0
G2,4,train,gender x articleType,Women | Stockings,18,8,1.0
G2,4,train,gender x articleType,Women | Stoles,62,41,1.0
G2,4,train,gender x articleType,Women | Sunglasses,223,125,1.0
G2,4,train,gender x articleType,Women | Sweaters,59,53,1.0
G2,4,train,gender x articleType,Women | Sweatshirts,40,38,1.0
G2,4,train,gender x articleType,Women | Swimwear,10,9,1.0
G2,4,train,gender x articleType,Women | Tablet Sleeve,1,1,1.0
G2,4,train,gender x articleType,Women | Ties and Cufflinks,1,1,1.0
G2,4,train,gender x articleType,Women | Tights,5,4,1.0
G2,4,train,gender x articleType,Women | Tops,940,693,1.0
G2,4,train,gender x articleType,Women | Track Pants,55,49,1.0
G2,4,train,gender x articleType,Women | Travel Accessory,2,2,1.0
G2,4,train,gender x articleType,Women | Trousers,60,46,1.0
G2,4,train,gender x articleType,Women | Tshirts,679,604,1.0
G2,4,train,gender x articleType,Women | Tunics,118,105,1.0
G2,4,train,gender x articleType,Women | Umbrellas,3,3,1.0
G2,4,train,gender x articleType,Women | Waistcoat,4,3,1.0
G2,4,train,gender x articleType,Women | Wallets,271,200,0.992619926199262
G2,4,train,gender x articleType,Women | Watches,546,400,1.0
G2,4,train,gender x family_size_bin,Boys | 1,211,211,0.990521327014218
G2,4,train,gender x family_size_bin,Boys | 2-3,202,86,0.995049504950495
G2,4,train,gender x family_size_bin,Boys | 4+,133,18,1.0
G2,4,train,gender x family_size_bin,Girls | 1,184,184,0.9836956521739131
G2,4,train,gender x family_size_bin,Girls | 2-3,174,75,1.0
G2,4,train,gender x family_size_bin,Girls | 4+,76,13,1.0
G2,4,train,gender x family_size_bin,Men | 1,8206,8206,0.9989032415305874
G2,4,train,gender x family_size_bin,Men | 2-3,2678,1204,0.9996265870052278
G2,4,train,gender x family_size_bin,Men | 4+,3317,466,0.9984926138076575
G2,4,train,gender x family_size_bin,Unisex | 1,1016,1016,0.968503937007874
G2,4,train,gender x family_size_bin,Unisex | 2-3,195,89,0.9897435897435898
G2,4,train,gender x family_size_bin,Unisex | 4+,202,32,0.995049504950495
G2,4,train,gender x family_size_bin,Women | 1,5631,5631,0.9996448232995916
G2,4,train,gender x family_size_bin,Women | 2-3,1756,784,0.9988610478359908
G2,4,train,gender x family_size_bin,Women | 4+,2235,322,0.9995525727069351
G2,4,validation,gender,Boys,138,82,0.6811594202898551
G2,4,validation,gender,Girls,109,64,0.47706422018348627
G2,4,validation,gender,Men,3552,2469,0.9498873873873874
G2,4,validation,gender,Unisex,353,291,0.5580736543909348
G2,4,validation,gender,Women,2405,1664,0.9176715176715177
G2,4,validation,articleType,Accessory Gift Set,18,6,1.0
G2,4,validation,articleType,Backpacks,126,86,0.7857142857142857
G2,4,validation,articleType,Bangle,13,1,0.3076923076923077
G2,4,validation,articleType,Basketballs,2,2,0.5
G2,4,validation,articleType,Belts,136,82,0.8235294117647058
G2,4,validation,articleType,Blazers,2,2,0.5
G2,4,validation,articleType,Booties,2,1,0.0
G2,4,validation,articleType,Boxers,7,6,1.0
G2,4,validation,articleType,Bra,50,39,1.0
G2,4,validation,articleType,Bracelet,7,2,0.7142857142857143
G2,4,validation,articleType,Briefs,113,79,0.9911504424778761
G2,4,validation,articleType,Camisoles,3,3,1.0
G2,4,validation,articleType,Capris,27,20,0.5555555555555556
G2,4,validation,articleType,Caps,46,41,0.5652173913043478
G2,4,validation,articleType,Casual Shoes,452,351,0.8805309734513275
G2,4,validation,articleType,Churidar,6,6,1.0
G2,4,validation,articleType,Clothing Set,2,2,1.0
G2,4,validation,articleType,Clutches,38,31,0.9736842105263158
G2,4,validation,articleType,Concealer,2,1,1.0
G2,4,validation,articleType,Cufflinks,7,2,1.0
G2,4,validation,articleType,Cushion Covers,1,1,0.0
G2,4,validation,articleType,Deodorant,49,45,0.8163265306122449
G2,4,validation,articleType,Dresses,58,45,0.8103448275862069
G2,4,validation,articleType,Duffel Bag,14,12,0.8571428571428571
G2,4,validation,articleType,Dupatta,19,15,1.0
G2,4,validation,articleType,Earrings,45,3,0.9555555555555556
G2,4,validation,articleType,Eyeshadow,1,1,1.0
G2,4,validation,articleType,Flats,72,48,0.9305555555555556
G2,4,validation,articleType,Flip Flops,149,122,0.7919463087248322
G2,4,validation,articleType,Footballs,1,1,0.0
G2,4,validation,articleType,Formal Shoes,102,45,1.0
G2,4,validation,articleType,Foundation and Primer,2,1,1.0
G2,4,validation,articleType,Fragrance Gift Set,9,9,0.8888888888888888
G2,4,validation,articleType,Free Gifts,10,7,0.6
G2,4,validation,articleType,Gloves,4,3,1.0
G2,4,validation,articleType,Handbags,246,157,0.926829268292683
G2,4,validation,articleType,Headband,1,1,0.0
G2,4,validation,articleType,Heels,183,93,0.994535519125683
G2,4,validation,articleType,Innerwear Vests,40,31,0.95
G2,4,validation,articleType,Jackets,38,34,0.8947368421052632
G2,4,validation,articleType,Jeans,95,48,0.9473684210526315
G2,4,validation,articleType,Jeggings,4,3,1.0
G2,4,validation,articleType,Jewellery Set,6,3,1.0
G2,4,validation,articleType,Jumpsuit,2,2,1.0
G2,4,validation,articleType,Kajal and Eyeliner,2,2,1.0
G2,4,validation,articleType,Kurta Sets,12,11,1.0
G2,4,validation,articleType,Kurtas,267,141,0.9962546816479401
G2,4,validation,articleType,Kurtis,34,27,1.0
G2,4,validation,articleType,Laptop Bag,13,9,0.6923076923076923
G2,4,validation,articleType,Leggings,27,23,0.9259259259259259
G2,4,validation,articleType,Lehenga Choli,1,1,1.0
G2,4,validation,articleType,Lip Gloss,1,1,1.0
G2,4,validation,articleType,Lip Liner,4,1,1.0
G2,4,validation,articleType,Lipstick,4,1,1.0
G2,4,validation,articleType,Lounge Pants,9,9,1.0
G2,4,validation,articleType,Lounge Shorts,6,5,0.8333333333333334
G2,4,validation,articleType,Messenger Bag,7,7,0.5714285714285714
G2,4,validation,articleType,Mobile Pouch,8,8,0.625
G2,4,validation,articleType,Mufflers,6,5,0.8333333333333334
G2,4,validation,articleType,Nail Polish,3,3,1.0
G2,4,validation,articleType,Necklace and Chains,11,8,0.8181818181818182
G2,4,validation,articleType,Nehru Jackets,1,1,1.0
G2,4,validation,articleType,Night suits,12,8,1.0
G2,4,validation,articleType,Nightdress,7,6,1.0
G2,4,validation,articleType,Patiala,5,3,1.0
G2,4,validation,articleType,Pendant,28,1,1.0
G2,4,validation,articleType,Perfume and Body Mist,95,81,0.8105263157894737
G2,4,validation,articleType,Rain Trousers,1,1,1.0
G2,4,validation,articleType,Ring,3,1,1.0
G2,4,validation,articleType,Rompers,2,1,1.0
G2,4,validation,articleType,Rucksacks,2,2,1.0
G2,4,validation,articleType,Salwar,6,4,1.0
G2,4,validation,articleType,Salwar and Dupatta,1,1,1.0
G2,4,validation,articleType,Sandals,151,96,0.8874172185430463
G2,4,validation,articleType,Sarees,25,22,1.0
G2,4,validation,articleType,Scarves,18,15,0.7777777777777778
G2,4,validation,articleType,Shirts,519,302,0.9807321772639692
G2,4,validation,articleType,Shoe Accessories,4,4,0.0
G2,4,validation,articleType,Shorts,90,70,0.7777777777777778
G2,4,validation,articleType,Skirts,19,16,0.631578947368421
G2,4,validation,articleType,Socks,104,59,0.7980769230769231
G2,4,validation,articleType,Sports Sandals,11,11,0.8181818181818182
G2,4,validation,articleType,Sports Shoes,336,311,0.8690476190476191
G2,4,validation,articleType,Stockings,4,2,1.0
G2,4,validation,articleType,Stoles,14,10,0.9285714285714286
G2,4,validation,articleType,Sunglasses,186,84,0.8279569892473119
G2,4,validation,articleType,Suspenders,7,4,0.8571428571428571
G2,4,validation,articleType,Sweaters,46,39,1.0
G2,4,validation,articleType,Sweatshirts,47,41,0.9148936170212766
G2,4,validation,articleType,Swimwear,3,3,0.6666666666666666
G2,4,validation,articleType,Tablet Sleeve,1,1,0.0
G2,4,validation,articleType,Ties,35,17,1.0
G2,4,validation,articleType,Tights,2,2,1.0
G2,4,validation,articleType,Tops,275,193,0.9418181818181818
G2,4,validation,articleType,Track Pants,49,39,0.9183673469387755
G2,4,validation,articleType,Tracksuits,5,4,1.0
G2,4,validation,articleType,Travel Accessory,2,2,1.0
G2,4,validation,articleType,Trolley Bag,1,1,0.0
G2,4,validation,articleType,Trousers,87,57,0.9655172413793104
G2,4,validation,articleType,Trunk,23,17,1.0
G2,4,validation,articleType,Tshirts,1147,921,0.9380993897122929
G2,4,validation,articleType,Tunics,29,26,1.0
G2,4,validation,articleType,Umbrellas,2,1,1.0
G2,4,validation,articleType,Waist Pouch,3,3,0.3333333333333333
G2,4,validation,articleType,Waistcoat,2,1,1.0
G2,4,validation,articleType,Wallets,141,81,0.9078014184397163
G2,4,validation,articleType,Watches,378,268,0.828042328042328
G2,4,validation,articleType,Water Bottle,2,2,0.5
G2,4,validation,articleType,Wristbands,1,1,0.0
G2,4,validation,family_size_bin,1,3795,3795,0.8837944664031621
G2,4,validation,family_size_bin,2-3,1296,576,0.9050925925925926
G2,4,validation,family_size_bin,4+,1466,199,0.9529331514324693
G2,4,validation,gender x articleType,Boys | Blazers,1,1,0.0
G2,4,validation,gender x articleType,Boys | Booties,2,1,0.0
G2,4,validation,gender x articleType,Boys | Casual Shoes,6,4,0.6666666666666666
G2,4,validation,gender x articleType,Boys | Clothing Set,1,1,1.0
G2,4,validation,gender x articleType,Boys | Flip Flops,2,2,0.5
G2,4,validation,gender x articleType,Boys | Gloves,2,1,1.0
G2,4,validation,gender x articleType,Boys | Jackets,2,1,0.0
G2,4,validation,gender x articleType,Boys | Jeans,6,2,1.0
G2,4,validation,gender x articleType,Boys | Kurtas,1,1,1.0
G2,4,validation,gender x articleType,Boys | Sandals,2,1,0.0
G2,4,validation,gender x articleType,Boys | Shirts,12,5,0.9166666666666666
G2,4,validation,gender x articleType,Boys | Shorts,9,6,0.2222222222222222
G2,4,validation,gender x articleType,Boys | Sweatshirts,1,1,0.0
G2,4,validation,gender x articleType,Boys | Trousers,1,1,1.0
G2,4,validation,gender x articleType,Boys | Tshirts,85,49,0.7647058823529411
G2,4,validation,gender x articleType,Boys | Watches,5,5,0.0
G2,4,validation,gender x articleType,Girls | Capris,8,3,0.375
G2,4,validation,gender x articleType,Girls | Casual Shoes,4,4,0.25
G2,4,validation,gender x articleType,Girls | Clothing Set,1,1,1.0
G2,4,validation,gender x articleType,Girls | Dresses,9,5,0.0
G2,4,validation,gender x articleType,Girls | Flip Flops,2,1,0.0
G2,4,validation,gender x articleType,Girls | Innerwear Vests,1,1,0.0
G2,4,validation,gender x articleType,Girls | Jeans,4,1,0.5
G2,4,validation,gender x articleType,Girls | Leggings,2,2,0.5
G2,4,validation,gender x articleType,Girls | Lehenga Choli,1,1,1.0
G2,4,validation,gender x articleType,Girls | Rompers,2,1,1.0
G2,4,validation,gender x articleType,Girls | Sandals,9,6,0.7777777777777778
G2,4,validation,gender x articleType,Girls | Shorts,6,4,0.3333333333333333
G2,4,validation,gender x articleType,Girls | Skirts,4,2,0.0
G2,4,validation,gender x articleType,Girls | Tops,38,18,0.7105263157894737
G2,4,validation,gender x articleType,Girls | Tshirts,17,13,0.29411764705882354
G2,4,validation,gender x articleType,Girls | Watches,1,1,0.0
G2,4,validation,gender x articleType,Men | Accessory Gift Set,18,6,1.0
G2,4,validation,gender x articleType,Men | Backpacks,11,7,0.0
G2,4,validation,gender x articleType,Men | Bangle,13,1,0.3076923076923077
G2,4,validation,gender x articleType,Men | Belts,94,53,0.9468085106382979
G2,4,validation,gender x articleType,Men | Blazers,1,1,1.0
G2,4,validation,gender x articleType,Men | Boxers,7,6,1.0
G2,4,validation,gender x articleType,Men | Briefs,87,61,1.0
G2,4,validation,gender x articleType,Men | Caps,21,17,0.47619047619047616
G2,4,validation,gender x articleType,Men | Casual Shoes,354,263,0.963276836158192
G2,4,validation,gender x articleType,Men | Cufflinks,7,2,1.0
G2,4,validation,gender x articleType,Men | Deodorant,30,29,0.8666666666666667
G2,4,validation,gender x articleType,Men | Flip Flops,83,70,0.9156626506024096
G2,4,validation,gender x articleType,Men | Formal Shoes,102,45,1.0
G2,4,validation,gender x articleType,Men | Fragrance Gift Set,7,7,0.8571428571428571
G2,4,validation,gender x articleType,Men | Free Gifts,5,4,1.0
G2,4,validation,gender x articleType,Men | Gloves,2,2,1.0
G2,4,validation,gender x articleType,Men | Heels,1,1,1.0
G2,4,validation,gender x articleType,Men | Innerwear Vests,39,30,0.9743589743589743
G2,4,validation,gender x articleType,Men | Jackets,20,18,1.0
G2,4,validation,gender x articleType,Men | Jeans,55,26,0.9818181818181818
G2,4,validation,gender x articleType,Men | Kurtas,15,11,1.0
G2,4,validation,gender x articleType,Men | Laptop Bag,1,1,0.0
G2,4,validation,gender x articleType,Men | Lounge Pants,7,7,1.0
G2,4,validation,gender x articleType,Men | Lounge Shorts,3,3,0.6666666666666666
G2,4,validation,gender x articleType,Men | Messenger Bag,2,2,0.0
G2,4,validation,gender x articleType,Men | Mufflers,5,4,0.8
G2,4,validation,gender x articleType,Men | Nehru Jackets,1,1,1.0
G2,4,validation,gender x articleType,Men | Night suits,3,2,1.0
G2,4,validation,gender x articleType,Men | Perfume and Body Mist,52,45,0.8653846153846154
G2,4,validation,gender x articleType,Men | Rain Trousers,1,1,1.0
G2,4,validation,gender x articleType,Men | Sandals,124,75,0.9516129032258065
G2,4,validation,gender x articleType,Men | Scarves,3,3,1.0
G2,4,validation,gender x articleType,Men | Shirts,461,261,0.9804772234273319
G2,4,validation,gender x articleType,Men | Shorts,63,49,0.8888888888888888
G2,4,validation,gender x articleType,Men | Socks,82,40,0.9146341463414634
G2,4,validation,gender x articleType,Men | Sports Sandals,5,5,1.0
G2,4,validation,gender x articleType,Men | Sports Shoes,261,239,0.9540229885057471
G2,4,validation,gender x articleType,Men | Sunglasses,121,46,0.9173553719008265
G2,4,validation,gender x articleType,Men | Suspenders,7,4,0.8571428571428571
G2,4,validation,gender x articleType,Men | Sweaters,33,28,1.0
G2,4,validation,gender x articleType,Men | Sweatshirts,34,29,0.9705882352941176
G2,4,validation,gender x articleType,Men | Ties,35,17,1.0
G2,4,validation,gender x articleType,Men | Tops,1,1,1.0
G2,4,validation,gender x articleType,Men | Track Pants,34,24,0.9117647058823529
G2,4,validation,gender x articleType,Men | Tracksuits,5,4,1.0
G2,4,validation,gender x articleType,Men | Trousers,69,42,0.9855072463768116
G2,4,validation,gender x articleType,Men | Trunk,23,17,1.0
G2,4,validation,gender x articleType,Men | Tshirts,862,698,0.9721577726218097
G2,4,validation,gender x articleType,Men | Waistcoat,2,1,1.0
G2,4,validation,gender x articleType,Men | Wallets,66,27,0.9242424242424242
G2,4,validation,gender x articleType,Men | Watches,213,141,0.92018779342723
G2,4,validation,gender x articleType,Men | Water Bottle,1,1,1.0
G2,4,validation,gender x articleType,Unisex | Backpacks,109,75,0.908256880733945
G2,4,validation,gender x articleType,Unisex | Basketballs,2,2,0.5
G2,4,validation,gender x articleType,Unisex | Belts,2,2,0.0
G2,4,validation,gender x articleType,Unisex | Caps,21,20,0.7142857142857143
G2,4,validation,gender x articleType,Unisex | Casual Shoes,36,34,0.3888888888888889
G2,4,validation,gender x articleType,Unisex | Cushion Covers,1,1,0.0
G2,4,validation,gender x articleType,Unisex | Duffel Bag,11,9,0.8181818181818182
G2,4,validation,gender x articleType,Unisex | Flip Flops,24,21,0.5
G2,4,validation,gender x articleType,Unisex | Footballs,1,1,0.0
G2,4,validation,gender x articleType,Unisex | Handbags,12,11,0.25
G2,4,validation,gender x articleType,Unisex | Headband,1,1,0.0
G2,4,validation,gender x articleType,Unisex | Laptop Bag,11,7,0.7272727272727273
G2,4,validation,gender x articleType,Unisex | Messenger Bag,5,5,0.8
G2,4,validation,gender x articleType,Unisex | Rucksacks,2,2,1.0
G2,4,validation,gender x articleType,Unisex | Sandals,16,14,0.5625
G2,4,validation,gender x articleType,Unisex | Scarves,3,3,0.0
G2,4,validation,gender x articleType,Unisex | Shoe Accessories,4,4,0.0
G2,4,validation,gender x articleType,Unisex | Socks,12,11,0.16666666666666666
G2,4,validation,gender x articleType,Unisex | Sports Shoes,9,9,0.0
G2,4,validation,gender x articleType,Unisex | Sunglasses,24,17,0.20833333333333334
G2,4,validation,gender x articleType,Unisex | Swimwear,2,2,0.5
G2,4,validation,gender x articleType,Unisex | Tablet Sleeve,1,1,0.0
G2,4,validation,gender x articleType,Unisex | Travel Accessory,1,1,1.0
G2,4,validation,gender x articleType,Unisex | Trolley Bag,1,1,0.0
G2,4,validation,gender x articleType,Unisex | Tshirts,11,10,0.2727272727272727
G2,4,validation,gender x articleType,Unisex | Waist Pouch,3,3,0.3333333333333333
G2,4,validation,gender x articleType,Unisex | Wallets,4,2,0.0
G2,4,validation,gender x articleType,Unisex | Watches,22,20,0.36363636363636365
G2,4,validation,gender x articleType,Unisex | Water Bottle,1,1,0.0
G2,4,validation,gender x articleType,Unisex | Wristbands,1,1,0.0
G2,4,validation,gender x articleType,Women | Backpacks,6,4,0.0
G2,4,validation,gender x articleType,Women | Belts,40,27,0.575
G2,4,validation,gender x articleType,Women | Bra,50,39,1.0
G2,4,validation,gender x articleType,Women | Bracelet,7,2,0.7142857142857143
G2,4,validation,gender x articleType,Women | Briefs,26,18,0.9615384615384616
G2,4,validation,gender x articleType,Women | Camisoles,3,3,1.0
G2,4,validation,gender x articleType,Women | Capris,19,17,0.631578947368421
G2,4,validation,gender x articleType,Women | Caps,4,4,0.25
G2,4,validation,gender x articleType,Women | Casual Shoes,52,46,0.7307692307692307
G2,4,validation,gender x articleType,Women | Churidar,6,6,1.0
G2,4,validation,gender x articleType,Women | Clutches,38,31,0.9736842105263158
G2,4,validation,gender x articleType,Women | Concealer,2,1,1.0
G2,4,validation,gender x articleType,Women | Deodorant,19,16,0.7368421052631579
G2,4,validation,gender x articleType,Women | Dresses,49,40,0.9591836734693877
G2,4,validation,gender x articleType,Women | Duffel Bag,3,3,1.0
G2,4,validation,gender x articleType,Women | Dupatta,19,15,1.0
G2,4,validation,gender x articleType,Women | Earrings,45,3,0.9555555555555556
G2,4,validation,gender x articleType,Women | Eyeshadow,1,1,1.0
G2,4,validation,gender x articleType,Women | Flats,72,48,0.9305555555555556
G2,4,validation,gender x articleType,Women | Flip Flops,38,28,0.7631578947368421
G2,4,validation,gender x articleType,Women | Foundation and Primer,2,1,1.0
G2,4,validation,gender x articleType,Women | Fragrance Gift Set,2,2,1.0
G2,4,validation,gender x articleType,Women | Free Gifts,5,3,0.2
G2,4,validation,gender x articleType,Women | Handbags,234,146,0.9615384615384616
G2,4,validation,gender x articleType,Women | Heels,182,92,0.9945054945054945
G2,4,validation,gender x articleType,Women | Jackets,16,15,0.875
G2,4,validation,gender x articleType,Women | Jeans,30,19,0.9333333333333333
G2,4,validation,gender x articleType,Women | Jeggings,4,3,1.0
G2,4,validation,gender x articleType,Women | Jewellery Set,6,3,1.0
G2,4,validation,gender x articleType,Women | Jumpsuit,2,2,1.0
G2,4,validation,gender x articleType,Women | Kajal and Eyeliner,2,2,1.0
G2,4,validation,gender x articleType,Women | Kurta Sets,12,11,1.0
G2,4,validation,gender x articleType,Women | Kurtas,251,129,0.9960159362549801
G2,4,validation,gender x articleType,Women | Kurtis,34,27,1.0
G2,4,validation,gender x articleType,Women | Laptop Bag,1,1,1.0
G2,4,validation,gender x articleType,Women | Leggings,25,21,0.96
G2,4,validation,gender x articleType,Women | Lip Gloss,1,1,1.0
G2,4,validation,gender x articleType,Women | Lip Liner,4,1,1.0
G2,4,validation,gender x articleType,Women | Lipstick,4,1,1.0
G2,4,validation,gender x articleType,Women | Lounge Pants,2,2,1.0
G2,4,validation,gender x articleType,Women | Lounge Shorts,3,2,1.0
G2,4,validation,gender x articleType,Women | Mobile Pouch,8,8,0.625
G2,4,validation,gender x articleType,Women | Mufflers,1,1,1.0
G2,4,validation,gender x articleType,Women | Nail Polish,3,3,1.0
G2,4,validation,gender x articleType,Women | Necklace and Chains,11,8,0.8181818181818182
G2,4,validation,gender x articleType,Women | Night suits,9,6,1.0
G2,4,validation,gender x articleType,Women | Nightdress,7,6,1.0
G2,4,validation,gender x articleType,Women | Patiala,5,3,1.0
G2,4,validation,gender x articleType,Women | Pendant,28,1,1.0
G2,4,validation,gender x articleType,Women | Perfume and Body Mist,43,36,0.7441860465116279
G2,4,validation,gender x articleType,Women | Ring,3,1,1.0
G2,4,validation,gender x articleType,Women | Salwar,6,4,1.0
G2,4,validation,gender x articleType,Women | Salwar and Dupatta,1,1,1.0
G2,4,validation,gender x articleType,Women | Sarees,25,22,1.0
G2,4,validation,gender x articleType,Women | Scarves,12,9,0.9166666666666666
G2,4,validation,gender x articleType,Women | Shirts,46,36,1.0
G2,4,validation,gender x articleType,Women | Shorts,12,11,0.8333333333333334
G2,4,validation,gender x articleType,Women | Skirts,15,14,0.8
G2,4,validation,gender x articleType,Women | Socks,10,8,0.6
G2,4,validation,gender x articleType,Women | Sports Sandals,6,6,0.6666666666666666
G2,4,validation,gender x articleType,Women | Sports Shoes,66,63,0.6515151515151515
G2,4,validation,gender x articleType,Women | Stockings,4,2,1.0
G2,4,validation,gender x articleType,Women | Stoles,14,10,0.9285714285714286
G2,4,validation,gender x articleType,Women | Sunglasses,41,21,0.926829268292683
G2,4,validation,gender x articleType,Women | Sweaters,13,11,1.0
G2,4,validation,gender x articleType,Women | Sweatshirts,12,11,0.8333333333333334
G2,4,validation,gender x articleType,Women | Swimwear,1,1,1.0
G2,4,validation,gender x articleType,Women | Tights,2,2,1.0
G2,4,validation,gender x articleType,Women | Tops,236,174,0.9788135593220338
G2,4,validation,gender x articleType,Women | Track Pants,15,15,0.9333333333333333
G2,4,validation,gender x articleType,Women | Travel Accessory,1,1,1.0
G2,4,validation,gender x articleType,Women | Trousers,17,14,0.8823529411764706
G2,4,validation,gender x articleType,Women | Tshirts,172,151,0.9593023255813954
G2,4,validation,gender x articleType,Women | Tunics,29,26,1.0
G2,4,validation,gender x articleType,Women | Umbrellas,2,1,1.0
G2,4,validation,gender x articleType,Women | Wallets,71,52,0.9436619718309859
G2,4,validation,gender x articleType,Women | Watches,137,101,0.7956204379562044
G2,4,validation,gender x family_size_bin,Boys | 1,56,56,0.5178571428571429
G2,4,validation,gender x family_size_bin,Boys | 2-3,51,22,0.6666666666666666
G2,4,validation,gender x family_size_bin,Boys | 4+,31,4,1.0
G2,4,validation,gender x family_size_bin,Girls | 1,41,41,0.36585365853658536
G2,4,validation,gender x family_size_bin,Girls | 2-3,45,19,0.5111111111111111
G2,4,validation,gender x family_size_bin,Girls | 4+,23,4,0.6086956521739131
G2,4,validation,gender x family_size_bin,Men | 1,2060,2060,0.9475728155339805
G2,4,validation,gender x family_size_bin,Men | 2-3,678,303,0.948377581120944
G2,4,validation,gender x family_size_bin,Men | 4+,814,106,0.957002457002457
G2,4,validation,gender x family_size_bin,Unisex | 1,259,259,0.5019305019305019
G2,4,validation,gender x family_size_bin,Unisex | 2-3,57,26,0.6491228070175439
G2,4,validation,gender x family_size_bin,Unisex | 4+,37,6,0.8108108108108109
G2,4,validation,gender x family_size_bin,Women | 1,1379,1379,0.8905003625815808
G2,4,validation,gender x family_size_bin,Women | 2-3,465,206,0.9376344086021505
G2,4,validation,gender x family_size_bin,Women | 4+,561,79,0.9679144385026738
CompactBlurCNN,0,train,gender,Boys,548,318,0.8813868613138686
CompactBlurCNN,0,train,gender,Girls,436,266,0.7706422018348624
CompactBlurCNN,0,train,gender,Men,14203,9883,0.9851439836654228
CompactBlurCNN,0,train,gender,Unisex,1411,1141,0.6378454996456414
CompactBlurCNN,0,train,gender,Women,9622,6734,0.9728746622323842
CompactBlurCNN,0,train,articleType,Accessory Gift Set,74,26,1.0
CompactBlurCNN,0,train,articleType,Baby Dolls,2,2,1.0
CompactBlurCNN,0,train,articleType,Backpacks,485,343,0.911340206185567
CompactBlurCNN,0,train,articleType,Bangle,32,17,0.90625
CompactBlurCNN,0,train,articleType,Basketballs,9,9,0.7777777777777778
CompactBlurCNN,0,train,articleType,Belts,542,329,0.9464944649446494
CompactBlurCNN,0,train,articleType,Blazers,6,6,1.0
CompactBlurCNN,0,train,articleType,Body Wash and Scrub,1,1,1.0
CompactBlurCNN,0,train,articleType,Booties,7,4,0.5714285714285714
CompactBlurCNN,0,train,articleType,Boxers,27,22,1.0
CompactBlurCNN,0,train,articleType,Bra,202,157,1.0
CompactBlurCNN,0,train,articleType,Bracelet,28,15,0.9642857142857143
CompactBlurCNN,0,train,articleType,Briefs,456,324,0.9978070175438597
CompactBlurCNN,0,train,articleType,Camisoles,10,10,1.0
CompactBlurCNN,0,train,articleType,Capris,110,80,0.8636363636363636
CompactBlurCNN,0,train,articleType,Caps,185,160,0.7945945945945946
CompactBlurCNN,0,train,articleType,Casual Shoes,1819,1400,0.9312809235843871
CompactBlurCNN,0,train,articleType,Churidar,21,19,0.9523809523809523
CompactBlurCNN,0,train,articleType,Clothing Set,6,6,1.0
CompactBlurCNN,0,train,articleType,Clutches,152,124,1.0
CompactBlurCNN,0,train,articleType,Compact,4,1,1.0
CompactBlurCNN,0,train,articleType,Concealer,2,1,1.0
CompactBlurCNN,0,train,articleType,Cufflinks,25,16,1.0
CompactBlurCNN,0,train,articleType,Cushion Covers,1,1,1.0
CompactBlurCNN,0,train,articleType,Deodorant,199,179,0.9698492462311558
CompactBlurCNN,0,train,articleType,Dresses,232,184,0.9482758620689655
CompactBlurCNN,0,train,articleType,Duffel Bag,59,46,0.7966101694915254
CompactBlurCNN,0,train,articleType,Dupatta,80,58,1.0
CompactBlurCNN,0,train,articleType,Earrings,126,32,0.9920634920634921
CompactBlurCNN,0,train,articleType,Eyeshadow,2,2,1.0
CompactBlurCNN,0,train,articleType,Flats,287,185,0.9721254355400697
CompactBlurCNN,0,train,articleType,Flip Flops,587,488,0.8568994889267462
CompactBlurCNN,0,train,articleType,Footballs,5,5,0.6
CompactBlurCNN,0,train,articleType,Formal Shoes,414,180,0.9951690821256038
CompactBlurCNN,0,train,articleType,Foundation and Primer,7,4,1.0
CompactBlurCNN,0,train,articleType,Fragrance Gift Set,38,37,0.9473684210526315
CompactBlurCNN,0,train,articleType,Free Gifts,46,34,0.9565217391304348
CompactBlurCNN,0,train,articleType,Gloves,14,10,0.7142857142857143
CompactBlurCNN,0,train,articleType,Handbags,978,635,0.9683026584867076
CompactBlurCNN,0,train,articleType,Hat,2,2,0.5
CompactBlurCNN,0,train,articleType,Headband,4,4,0.25
CompactBlurCNN,0,train,articleType,Heels,711,380,0.9971870604781997
CompactBlurCNN,0,train,articleType,Highlighter and Blush,4,1,1.0
CompactBlurCNN,0,train,articleType,Innerwear Vests,165,129,0.9878787878787879
CompactBlurCNN,0,train,articleType,Ipad,1,1,1.0
CompactBlurCNN,0,train,articleType,Jackets,155,135,0.9741935483870968
CompactBlurCNN,0,train,articleType,Jeans,378,182,0.9629629629629629
CompactBlurCNN,0,train,articleType,Jeggings,18,11,1.0
CompactBlurCNN,0,train,articleType,Jewellery Set,32,12,1.0
CompactBlurCNN,0,train,articleType,Jumpsuit,8,8,1.0
CompactBlurCNN,0,train,articleType,Kajal and Eyeliner,8,7,1.0
CompactBlurCNN,0,train,articleType,Key chain,1,1,0.0
CompactBlurCNN,0,train,articleType,Kurta Sets,51,47,1.0
CompactBlurCNN,0,train,articleType,Kurtas,1059,560,0.9981114258734656
CompactBlurCNN,0,train,articleType,Kurtis,139,108,1.0
CompactBlurCNN,0,train,articleType,Laptop Bag,55,39,0.6363636363636364
CompactBlurCNN,0,train,articleType,Leggings,109,91,0.9357798165137615
CompactBlurCNN,0,train,articleType,Lehenga Choli,2,2,1.0
CompactBlurCNN,0,train,articleType,Lip Gloss,4,4,1.0
CompactBlurCNN,0,train,articleType,Lip Liner,9,6,1.0
CompactBlurCNN,0,train,articleType,Lip Plumper,2,2,1.0
CompactBlurCNN,0,train,articleType,Lipstick,10,2,1.0
CompactBlurCNN,0,train,articleType,Lounge Pants,36,33,1.0
CompactBlurCNN,0,train,articleType,Lounge Shorts,23,18,1.0
CompactBlurCNN,0,train,articleType,Lounge Tshirts,1,1,1.0
CompactBlurCNN,0,train,articleType,Messenger Bag,30,29,0.6
CompactBlurCNN,0,train,articleType,Mobile Pouch,32,31,0.78125
CompactBlurCNN,0,train,articleType,Mufflers,26,22,0.8846153846153846
CompactBlurCNN,0,train,articleType,Nail Polish,12,11,1.0
CompactBlurCNN,0,train,articleType,Necklace and Chains,43,29,1.0
CompactBlurCNN,0,train,articleType,Nehru Jackets,4,3,1.0
CompactBlurCNN,0,train,articleType,Night suits,48,26,1.0
CompactBlurCNN,0,train,articleType,Nightdress,27,21,1.0
CompactBlurCNN,0,train,articleType,Patiala,19,16,1.0
CompactBlurCNN,0,train,articleType,Pendant,100,7,0.99
CompactBlurCNN,0,train,articleType,Perfume and Body Mist,379,323,0.9287598944591029
CompactBlurCNN,0,train,articleType,Rain Jacket,1,1,0.0
CompactBlurCNN,0,train,articleType,Rain Trousers,1,1,1.0
CompactBlurCNN,0,train,articleType,Ring,79,4,1.0
CompactBlurCNN,0,train,articleType,Robe,2,2,1.0
CompactBlurCNN,0,train,articleType,Rompers,8,6,1.0
CompactBlurCNN,0,train,articleType,Rucksacks,8,8,0.75
CompactBlurCNN,0,train,articleType,Salwar,23,20,0.9565217391304348
CompactBlurCNN,0,train,articleType,Salwar and Dupatta,5,5,1.0
CompactBlurCNN,0,train,articleType,Sandals,589,394,0.9066213921901528
CompactBlurCNN,0,train,articleType,Sarees,104,84,1.0
CompactBlurCNN,0,train,articleType,Scarves,75,59,0.8933333333333333
CompactBlurCNN,0,train,articleType,Shapewear,2,2,1.0
CompactBlurCNN,0,train,articleType,Shirts,2091,1223,0.9971305595408895
CompactBlurCNN,0,train,articleType,Shoe Accessories,16,14,0.3125
CompactBlurCNN,0,train,articleType,Shoe Laces,1,1,0.0
CompactBlurCNN,0,train,articleType,Shorts,359,277,0.9164345403899722
CompactBlurCNN,0,train,articleType,Shrug,2,2,1.0
CompactBlurCNN,0,train,articleType,Skirts,80,65,0.925
CompactBlurCNN,0,train,articleType,Socks,418,238,0.8755980861244019
CompactBlurCNN,0,train,articleType,Sports Sandals,44,43,0.9090909090909091
CompactBlurCNN,0,train,articleType,Sports Shoes,1352,1233,0.9423076923076923
CompactBlurCNN,0,train,articleType,Stockings,14,9,1.0
CompactBlurCNN,0,train,articleType,Stoles,62,41,0.9838709677419355
CompactBlurCNN,0,train,articleType,Sunglasses,711,340,0.8917018284106891
CompactBlurCNN,0,train,articleType,Suspenders,28,14,1.0
CompactBlurCNN,0,train,articleType,Sweaters,188,159,1.0
CompactBlurCNN,0,train,articleType,Sweatshirts,191,163,0.9738219895287958
CompactBlurCNN,0,train,articleType,Swimwear,12,12,0.75
CompactBlurCNN,0,train,articleType,Tablet Sleeve,2,2,0.5
CompactBlurCNN,0,train,articleType,Ties,145,68,0.993103448275862
CompactBlurCNN,0,train,articleType,Tights,6,5,0.8333333333333334
CompactBlurCNN,0,train,articleType,Tops,1095,771,0.9689497716894977
CompactBlurCNN,0,train,articleType,Track Pants,200,161,0.98
CompactBlurCNN,0,train,articleType,Tracksuits,19,15,1.0
CompactBlurCNN,0,train,articleType,Travel Accessory,9,9,0.6666666666666666
CompactBlurCNN,0,train,articleType,Trolley Bag,3,2,0.6666666666666666
CompactBlurCNN,0,train,articleType,Trousers,350,224,0.9971428571428571
CompactBlurCNN,0,train,articleType,Trunk,96,69,1.0
CompactBlurCNN,0,train,articleType,Tshirts,4597,3677,0.9817272134000435
CompactBlurCNN,0,train,articleType,Tunics,120,106,1.0
CompactBlurCNN,0,train,articleType,Umbrellas,4,3,1.0
CompactBlurCNN,0,train,articleType,Waist Pouch,12,12,0.5
CompactBlurCNN,0,train,articleType,Waistcoat,9,8,1.0
CompactBlurCNN,0,train,articleType,Wallets,565,339,0.9415929203539823
CompactBlurCNN,0,train,articleType,Watches,1523,1050,0.933026920551543
CompactBlurCNN,0,train,articleType,Water Bottle,8,8,0.75
CompactBlurCNN,0,train,articleType,Wristbands,4,4,0.75
CompactBlurCNN,0,train,family_size_bin,1,15250,15250,0.9442622950819672
CompactBlurCNN,0,train,family_size_bin,2-3,5020,2241,0.9611553784860558
CompactBlurCNN,0,train,family_size_bin,4+,5950,850,0.9826890756302521
CompactBlurCNN,0,train,gender x articleType,Boys | Blazers,1,1,1.0
CompactBlurCNN,0,train,gender x articleType,Boys | Booties,3,2,0.6666666666666666
CompactBlurCNN,0,train,gender x articleType,Boys | Capris,9,2,1.0
CompactBlurCNN,0,train,gender x articleType,Boys | Casual Shoes,17,14,0.6470588235294118
CompactBlurCNN,0,train,gender x articleType,Boys | Churidar,1,1,0.0
CompactBlurCNN,0,train,gender x articleType,Boys | Clothing Set,4,4,1.0
CompactBlurCNN,0,train,gender x articleType,Boys | Flip Flops,11,10,0.8181818181818182
CompactBlurCNN,0,train,gender x articleType,Boys | Gloves,4,2,0.5
CompactBlurCNN,0,train,gender x articleType,Boys | Innerwear Vests,3,1,0.6666666666666666
CompactBlurCNN,0,train,gender x articleType,Boys | Jackets,2,1,0.0
CompactBlurCNN,0,train,gender x articleType,Boys | Jeans,21,8,0.8571428571428571
CompactBlurCNN,0,train,gender x articleType,Boys | Kurta Sets,2,2,1.0
CompactBlurCNN,0,train,gender x articleType,Boys | Kurtas,5,4,0.8
CompactBlurCNN,0,train,gender x articleType,Boys | Leggings,3,3,0.3333333333333333
CompactBlurCNN,0,train,gender x articleType,Boys | Rompers,4,3,1.0
CompactBlurCNN,0,train,gender x articleType,Boys | Sandals,8,6,0.625
CompactBlurCNN,0,train,gender x articleType,Boys | Shirts,52,22,0.9423076923076923
CompactBlurCNN,0,train,gender x articleType,Boys | Shorts,39,22,0.6923076923076923
CompactBlurCNN,0,train,gender x articleType,Boys | Socks,1,1,0.0
CompactBlurCNN,0,train,gender x articleType,Boys | Sports Shoes,2,2,0.0
CompactBlurCNN,0,train,gender x articleType,Boys | Sweatshirts,1,1,1.0
CompactBlurCNN,0,train,gender x articleType,Boys | Trousers,2,2,1.0
CompactBlurCNN,0,train,gender x articleType,Boys | Tshirts,346,198,0.9421965317919075
CompactBlurCNN,0,train,gender x articleType,Boys | Waistcoat,2,2,1.0
CompactBlurCNN,0,train,gender x articleType,Boys | Watches,5,5,0.4
CompactBlurCNN,0,train,gender x articleType,Girls | Backpacks,1,1,0.0
CompactBlurCNN,0,train,gender x articleType,Girls | Booties,4,2,0.5
CompactBlurCNN,0,train,gender x articleType,Girls | Capris,21,11,0.6190476190476191
CompactBlurCNN,0,train,gender x articleType,Girls | Casual Shoes,8,8,0.75
CompactBlurCNN,0,train,gender x articleType,Girls | Clothing Set,2,2,1.0
CompactBlurCNN,0,train,gender x articleType,Girls | Dresses,42,28,0.8809523809523809
CompactBlurCNN,0,train,gender x articleType,Girls | Earrings,1,1,0.0
CompactBlurCNN,0,train,gender x articleType,Girls | Flip Flops,6,5,0.6666666666666666
CompactBlurCNN,0,train,gender x articleType,Girls | Gloves,4,2,0.5
CompactBlurCNN,0,train,gender x articleType,Girls | Innerwear Vests,3,2,0.6666666666666666
CompactBlurCNN,0,train,gender x articleType,Girls | Jeans,12,4,0.4166666666666667
CompactBlurCNN,0,train,gender x articleType,Girls | Leggings,15,7,0.6666666666666666
CompactBlurCNN,0,train,gender x articleType,Girls | Lehenga Choli,2,2,1.0
CompactBlurCNN,0,train,gender x articleType,Girls | Rompers,4,3,1.0
CompactBlurCNN,0,train,gender x articleType,Girls | Salwar,4,4,0.75
CompactBlurCNN,0,train,gender x articleType,Girls | Sandals,31,25,0.41935483870967744
CompactBlurCNN,0,train,gender x articleType,Girls | Shirts,1,1,1.0
CompactBlurCNN,0,train,gender x articleType,Girls | Shorts,25,14,0.72
CompactBlurCNN,0,train,gender x articleType,Girls | Skirts,16,8,0.75
CompactBlurCNN,0,train,gender x articleType,Girls | Tops,154,78,0.8571428571428571
CompactBlurCNN,0,train,gender x articleType,Girls | Tshirts,72,56,0.8472222222222222
CompactBlurCNN,0,train,gender x articleType,Girls | Watches,8,2,0.875
CompactBlurCNN,0,train,gender x articleType,Men | Accessory Gift Set,74,26,1.0
CompactBlurCNN,0,train,gender x articleType,Men | Backpacks,36,23,0.3611111111111111
CompactBlurCNN,0,train,gender x articleType,Men | Bangle,14,2,0.9285714285714286
CompactBlurCNN,0,train,gender x articleType,Men | Belts,359,193,0.9860724233983287
CompactBlurCNN,0,train,gender x articleType,Men | Blazers,4,4,1.0
CompactBlurCNN,0,train,gender x articleType,Men | Body Wash and Scrub,1,1,1.0
CompactBlurCNN,0,train,gender x articleType,Men | Boxers,27,22,1.0
CompactBlurCNN,0,train,gender x articleType,Men | Briefs,349,251,0.997134670487106
CompactBlurCNN,0,train,gender x articleType,Men | Caps,74,61,0.7702702702702703
CompactBlurCNN,0,train,gender x articleType,Men | Casual Shoes,1432,1051,0.9902234636871509
CompactBlurCNN,0,train,gender x articleType,Men | Churidar,6,5,1.0
CompactBlurCNN,0,train,gender x articleType,Men | Cufflinks,25,16,1.0
CompactBlurCNN,0,train,gender x articleType,Men | Deodorant,124,110,0.9919354838709677
CompactBlurCNN,0,train,gender x articleType,Men | Duffel Bag,1,1,0.0
CompactBlurCNN,0,train,gender x articleType,Men | Flip Flops,323,282,0.9690402476780186
CompactBlurCNN,0,train,gender x articleType,Men | Formal Shoes,414,180,0.9951690821256038
CompactBlurCNN,0,train,gender x articleType,Men | Fragrance Gift Set,20,19,0.95
CompactBlurCNN,0,train,gender x articleType,Men | Free Gifts,26,18,1.0
CompactBlurCNN,0,train,gender x articleType,Men | Gloves,6,6,1.0
CompactBlurCNN,0,train,gender x articleType,Men | Handbags,1,1,1.0
CompactBlurCNN,0,train,gender x articleType,Men | Heels,1,1,1.0
CompactBlurCNN,0,train,gender x articleType,Men | Innerwear Vests,158,125,1.0
CompactBlurCNN,0,train,gender x articleType,Men | Jackets,120,105,1.0
CompactBlurCNN,0,train,gender x articleType,Men | Jeans,207,98,0.9903381642512077
CompactBlurCNN,0,train,gender x articleType,Men | Kurtas,45,34,0.9777777777777777
CompactBlurCNN,0,train,gender x articleType,Men | Kurtis,2,2,1.0
CompactBlurCNN,0,train,gender x articleType,Men | Laptop Bag,12,8,0.3333333333333333
CompactBlurCNN,0,train,gender x articleType,Men | Lounge Pants,22,20,1.0
CompactBlurCNN,0,train,gender x articleType,Men | Lounge Shorts,16,12,1.0
CompactBlurCNN,0,train,gender x articleType,Men | Messenger Bag,9,9,0.3333333333333333
CompactBlurCNN,0,train,gender x articleType,Men | Mufflers,22,19,0.9545454545454546
CompactBlurCNN,0,train,gender x articleType,Men | Nehru Jackets,4,3,1.0
CompactBlurCNN,0,train,gender x articleType,Men | Night suits,10,6,1.0
CompactBlurCNN,0,train,gender x articleType,Men | Perfume and Body Mist,212,182,0.9528301886792453
CompactBlurCNN,0,train,gender x articleType,Men | Rain Trousers,1,1,1.0
CompactBlurCNN,0,train,gender x articleType,Men | Ring,25,1,1.0
CompactBlurCNN,0,train,gender x articleType,Men | Sandals,486,305,0.9897119341563786
CompactBlurCNN,0,train,gender x articleType,Men | Scarves,27,20,0.9629629629629629
CompactBlurCNN,0,train,gender x articleType,Men | Shirts,1852,1040,0.9983801295896328
CompactBlurCNN,0,train,gender x articleType,Men | Shoe Accessories,2,2,1.0
CompactBlurCNN,0,train,gender x articleType,Men | Shorts,251,200,0.9561752988047809
CompactBlurCNN,0,train,gender x articleType,Men | Socks,316,160,0.990506329113924
CompactBlurCNN,0,train,gender x articleType,Men | Sports Sandals,18,17,1.0
CompactBlurCNN,0,train,gender x articleType,Men | Sports Shoes,1057,954,0.9858088930936613
CompactBlurCNN,0,train,gender x articleType,Men | Sunglasses,412,164,0.9781553398058253
CompactBlurCNN,0,train,gender x articleType,Men | Suspenders,28,14,1.0
CompactBlurCNN,0,train,gender x articleType,Men | Sweaters,134,111,1.0
CompactBlurCNN,0,train,gender x articleType,Men | Sweatshirts,149,123,0.9932885906040269
CompactBlurCNN,0,train,gender x articleType,Men | Ties,145,68,0.993103448275862
CompactBlurCNN,0,train,gender x articleType,Men | Tights,1,1,0.0
CompactBlurCNN,0,train,gender x articleType,Men | Tops,1,1,1.0
CompactBlurCNN,0,train,gender x articleType,Men | Track Pants,141,107,0.9787234042553191
CompactBlurCNN,0,train,gender x articleType,Men | Tracksuits,19,15,1.0
CompactBlurCNN,0,train,gender x articleType,Men | Trousers,282,169,0.9964539007092199
CompactBlurCNN,0,train,gender x articleType,Men | Trunk,96,69,1.0
CompactBlurCNN,0,train,gender x articleType,Men | Tshirts,3449,2778,0.9942012177442737
CompactBlurCNN,0,train,gender x articleType,Men | Tunics,1,1,1.0
CompactBlurCNN,0,train,gender x articleType,Men | Waist Pouch,1,1,1.0
CompactBlurCNN,0,train,gender x articleType,Men | Waistcoat,5,4,1.0
CompactBlurCNN,0,train,gender x articleType,Men | Wallets,277,127,0.9711191335740073
CompactBlurCNN,0,train,gender x articleType,Men | Watches,869,564,0.9712313003452244
CompactBlurCNN,0,train,gender x articleType,Men | Water Bottle,2,2,1.0
CompactBlurCNN,0,train,gender x articleType,Unisex | Backpacks,421,296,0.9643705463182898
CompactBlurCNN,0,train,gender x articleType,Unisex | Basketballs,9,9,0.7777777777777778
CompactBlurCNN,0,train,gender x articleType,Unisex | Belts,7,7,0.0
CompactBlurCNN,0,train,gender x articleType,Unisex | Caps,95,83,0.8105263157894737
CompactBlurCNN,0,train,gender x articleType,Unisex | Casual Shoes,147,139,0.4557823129251701
CompactBlurCNN,0,train,gender x articleType,Unisex | Cushion Covers,1,1,1.0
CompactBlurCNN,0,train,gender x articleType,Unisex | Deodorant,2,2,0.0
CompactBlurCNN,0,train,gender x articleType,Unisex | Duffel Bag,54,41,0.7962962962962963
CompactBlurCNN,0,train,gender x articleType,Unisex | Flip Flops,101,91,0.43564356435643564
CompactBlurCNN,0,train,gender x articleType,Unisex | Footballs,5,5,0.6
CompactBlurCNN,0,train,gender x articleType,Unisex | Fragrance Gift Set,1,1,0.0
CompactBlurCNN,0,train,gender x articleType,Unisex | Free Gifts,1,1,1.0
CompactBlurCNN,0,train,gender x articleType,Unisex | Handbags,42,38,0.5952380952380952
CompactBlurCNN,0,train,gender x articleType,Unisex | Hat,2,2,0.5
CompactBlurCNN,0,train,gender x articleType,Unisex | Headband,4,4,0.25
CompactBlurCNN,0,train,gender x articleType,Unisex | Jackets,1,1,0.0
CompactBlurCNN,0,train,gender x articleType,Unisex | Key chain,1,1,0.0
CompactBlurCNN,0,train,gender x articleType,Unisex | Laptop Bag,35,23,0.7142857142857143
CompactBlurCNN,0,train,gender x articleType,Unisex | Messenger Bag,21,20,0.7142857142857143
CompactBlurCNN,0,train,gender x articleType,Unisex | Mobile Pouch,4,3,0.5
CompactBlurCNN,0,train,gender x articleType,Unisex | Mufflers,1,1,0.0
CompactBlurCNN,0,train,gender x articleType,Unisex | Perfume and Body Mist,5,4,0.0
CompactBlurCNN,0,train,gender x articleType,Unisex | Rain Jacket,1,1,0.0
CompactBlurCNN,0,train,gender x articleType,Unisex | Rucksacks,8,8,0.75
CompactBlurCNN,0,train,gender x articleType,Unisex | Sandals,63,57,0.5555555555555556
CompactBlurCNN,0,train,gender x articleType,Unisex | Scarves,4,4,0.25
CompactBlurCNN,0,train,gender x articleType,Unisex | Shoe Accessories,14,12,0.21428571428571427
CompactBlurCNN,0,train,gender x articleType,Unisex | Shoe Laces,1,1,0.0
CompactBlurCNN,0,train,gender x articleType,Unisex | Socks,47,33,0.1702127659574468
CompactBlurCNN,0,train,gender x articleType,Unisex | Sports Shoes,30,30,0.1
CompactBlurCNN,0,train,gender x articleType,Unisex | Sunglasses,95,64,0.35789473684210527
CompactBlurCNN,0,train,gender x articleType,Unisex | Sweatshirts,1,1,0.0
CompactBlurCNN,0,train,gender x articleType,Unisex | Swimwear,4,4,0.25
CompactBlurCNN,0,train,gender x articleType,Unisex | Tablet Sleeve,1,1,0.0
CompactBlurCNN,0,train,gender x articleType,Unisex | Track Pants,1,1,0.0
CompactBlurCNN,0,train,gender x articleType,Unisex | Travel Accessory,6,6,0.5
CompactBlurCNN,0,train,gender x articleType,Unisex | Trolley Bag,3,2,0.6666666666666666
CompactBlurCNN,0,train,gender x articleType,Unisex | Tshirts,48,37,0.5208333333333334
CompactBlurCNN,0,train,gender x articleType,Unisex | Waist Pouch,11,11,0.45454545454545453
CompactBlurCNN,0,train,gender x articleType,Unisex | Wallets,15,11,0.06666666666666667
CompactBlurCNN,0,train,gender x articleType,Unisex | Watches,88,75,0.5454545454545454
CompactBlurCNN,0,train,gender x articleType,Unisex | Water Bottle,6,6,0.6666666666666666
CompactBlurCNN,0,train,gender x articleType,Unisex | Wristbands,4,4,0.75
CompactBlurCNN,0,train,gender x articleType,Women | Baby Dolls,2,2,1.0
CompactBlurCNN,0,train,gender x articleType,Women | Backpacks,27,23,0.8518518518518519
CompactBlurCNN,0,train,gender x articleType,Women | Bangle,18,15,0.8888888888888888
CompactBlurCNN,0,train,gender x articleType,Women | Belts,176,129,0.9034090909090909
CompactBlurCNN,0,train,gender x articleType,Women | Blazers,1,1,1.0
CompactBlurCNN,0,train,gender x articleType,Women | Bra,202,157,1.0
CompactBlurCNN,0,train,gender x articleType,Women | Bracelet,28,15,0.9642857142857143
CompactBlurCNN,0,train,gender x articleType,Women | Briefs,107,73,1.0
CompactBlurCNN,0,train,gender x articleType,Women | Camisoles,10,10,1.0
CompactBlurCNN,0,train,gender x articleType,Women | Capris,80,67,0.9125
CompactBlurCNN,0,train,gender x articleType,Women | Caps,16,16,0.8125
CompactBlurCNN,0,train,gender x articleType,Women | Casual Shoes,215,188,0.8930232558139535
CompactBlurCNN,0,train,gender x articleType,Women | Churidar,14,13,1.0
CompactBlurCNN,0,train,gender x articleType,Women | Clutches,152,124,1.0
CompactBlurCNN,0,train,gender x articleType,Women | Compact,4,1,1.0
CompactBlurCNN,0,train,gender x articleType,Women | Concealer,2,1,1.0
CompactBlurCNN,0,train,gender x articleType,Women | Deodorant,73,67,0.958904109589041
CompactBlurCNN,0,train,gender x articleType,Women | Dresses,190,156,0.9631578947368421
CompactBlurCNN,0,train,gender x articleType,Women | Duffel Bag,4,4,1.0
CompactBlurCNN,0,train,gender x articleType,Women | Dupatta,80,58,1.0
CompactBlurCNN,0,train,gender x articleType,Women | Earrings,125,31,1.0
CompactBlurCNN,0,train,gender x articleType,Women | Eyeshadow,2,2,1.0
CompactBlurCNN,0,train,gender x articleType,Women | Flats,287,185,0.9721254355400697
CompactBlurCNN,0,train,gender x articleType,Women | Flip Flops,146,100,0.910958904109589
CompactBlurCNN,0,train,gender x articleType,Women | Foundation and Primer,7,4,1.0
CompactBlurCNN,0,train,gender x articleType,Women | Fragrance Gift Set,17,17,1.0
CompactBlurCNN,0,train,gender x articleType,Women | Free Gifts,19,15,0.8947368421052632
CompactBlurCNN,0,train,gender x articleType,Women | Handbags,935,596,0.9850267379679144
CompactBlurCNN,0,train,gender x articleType,Women | Heels,710,379,0.9971830985915493
CompactBlurCNN,0,train,gender x articleType,Women | Highlighter and Blush,4,1,1.0
CompactBlurCNN,0,train,gender x articleType,Women | Innerwear Vests,1,1,1.0
CompactBlurCNN,0,train,gender x articleType,Women | Ipad,1,1,1.0
CompactBlurCNN,0,train,gender x articleType,Women | Jackets,32,28,0.96875
CompactBlurCNN,0,train,gender x articleType,Women | Jeans,138,72,0.9855072463768116
CompactBlurCNN,0,train,gender x articleType,Women | Jeggings,18,11,1.0
CompactBlurCNN,0,train,gender x articleType,Women | Jewellery Set,32,12,1.0
CompactBlurCNN,0,train,gender x articleType,Women | Jumpsuit,8,8,1.0
CompactBlurCNN,0,train,gender x articleType,Women | Kajal and Eyeliner,8,7,1.0
CompactBlurCNN,0,train,gender x articleType,Women | Kurta Sets,49,45,1.0
CompactBlurCNN,0,train,gender x articleType,Women | Kurtas,1009,522,1.0
CompactBlurCNN,0,train,gender x articleType,Women | Kurtis,137,106,1.0
CompactBlurCNN,0,train,gender x articleType,Women | Laptop Bag,8,8,0.75
CompactBlurCNN,0,train,gender x articleType,Women | Leggings,91,81,1.0
CompactBlurCNN,0,train,gender x articleType,Women | Lip Gloss,4,4,1.0
CompactBlurCNN,0,train,gender x articleType,Women | Lip Liner,9,6,1.0
CompactBlurCNN,0,train,gender x articleType,Women | Lip Plumper,2,2,1.0
CompactBlurCNN,0,train,gender x articleType,Women | Lipstick,10,2,1.0
CompactBlurCNN,0,train,gender x articleType,Women | Lounge Pants,14,13,1.0
CompactBlurCNN,0,train,gender x articleType,Women | Lounge Shorts,7,6,1.0
CompactBlurCNN,0,train,gender x articleType,Women | Lounge Tshirts,1,1,1.0
CompactBlurCNN,0,train,gender x articleType,Women | Mobile Pouch,28,28,0.8214285714285714
CompactBlurCNN,0,train,gender x articleType,Women | Mufflers,3,2,0.6666666666666666
CompactBlurCNN,0,train,gender x articleType,Women | Nail Polish,12,11,1.0
CompactBlurCNN,0,train,gender x articleType,Women | Necklace and Chains,43,29,1.0
CompactBlurCNN,0,train,gender x articleType,Women | Night suits,38,20,1.0
CompactBlurCNN,0,train,gender x articleType,Women | Nightdress,27,21,1.0
CompactBlurCNN,0,train,gender x articleType,Women | Patiala,19,16,1.0
CompactBlurCNN,0,train,gender x articleType,Women | Pendant,100,7,0.99
CompactBlurCNN,0,train,gender x articleType,Women | Perfume and Body Mist,162,137,0.9259259259259259
CompactBlurCNN,0,train,gender x articleType,Women | Ring,54,3,1.0
CompactBlurCNN,0,train,gender x articleType,Women | Robe,2,2,1.0
CompactBlurCNN,0,train,gender x articleType,Women | Salwar,19,16,1.0
CompactBlurCNN,0,train,gender x articleType,Women | Salwar and Dupatta,5,5,1.0
CompactBlurCNN,0,train,gender x articleType,Women | Sandals,1,1,0.0
CompactBlurCNN,0,train,gender x articleType,Women | Sarees,104,84,1.0
CompactBlurCNN,0,train,gender x articleType,Women | Scarves,44,35,0.9090909090909091
CompactBlurCNN,0,train,gender x articleType,Women | Shapewear,2,2,1.0
CompactBlurCNN,0,train,gender x articleType,Women | Shirts,186,160,1.0
CompactBlurCNN,0,train,gender x articleType,Women | Shorts,44,41,1.0
CompactBlurCNN,0,train,gender x articleType,Women | Shrug,2,2,1.0
CompactBlurCNN,0,train,gender x articleType,Women | Skirts,64,57,0.96875
CompactBlurCNN,0,train,gender x articleType,Women | Socks,54,44,0.8333333333333334
CompactBlurCNN,0,train,gender x articleType,Women | Sports Sandals,26,26,0.8461538461538461
CompactBlurCNN,0,train,gender x articleType,Women | Sports Shoes,263,247,0.870722433460076
CompactBlurCNN,0,train,gender x articleType,Women | Stockings,14,9,1.0
CompactBlurCNN,0,train,gender x articleType,Women | Stoles,62,41,0.9838709677419355
CompactBlurCNN,0,train,gender x articleType,Women | Sunglasses,204,113,0.9656862745098039
CompactBlurCNN,0,train,gender x articleType,Women | Sweaters,54,48,1.0
CompactBlurCNN,0,train,gender x articleType,Women | Sweatshirts,40,38,0.925
CompactBlurCNN,0,train,gender x articleType,Women | Swimwear,8,8,1.0
CompactBlurCNN,0,train,gender x articleType,Women | Tablet Sleeve,1,1,1.0
CompactBlurCNN,0,train,gender x articleType,Women | Tights,5,4,1.0
CompactBlurCNN,0,train,gender x articleType,Women | Tops,940,692,0.9872340425531915
CompactBlurCNN,0,train,gender x articleType,Women | Track Pants,58,53,1.0
CompactBlurCNN,0,train,gender x articleType,Women | Travel Accessory,3,3,1.0
CompactBlurCNN,0,train,gender x articleType,Women | Trousers,66,53,1.0
CompactBlurCNN,0,train,gender x articleType,Women | Tshirts,682,608,0.9853372434017595
CompactBlurCNN,0,train,gender x articleType,Women | Tunics,119,105,1.0
CompactBlurCNN,0,train,gender x articleType,Women | Umbrellas,4,3,1.0
CompactBlurCNN,0,train,gender x articleType,Women | Waistcoat,2,2,1.0
CompactBlurCNN,0,train,gender x articleType,Women | Wallets,273,201,0.9597069597069597
CompactBlurCNN,0,train,gender x articleType,Women | Watches,553,404,0.9403254972875226
CompactBlurCNN,0,train,gender x family_size_bin,Boys | 1,219,219,0.817351598173516
CompactBlurCNN,0,train,gender x family_size_bin,Boys | 2-3,193,81,0.8963730569948186
CompactBlurCNN,0,train,gender x family_size_bin,Boys | 4+,136,18,0.9632352941176471
CompactBlurCNN,0,train,gender x family_size_bin,Girls | 1,178,178,0.6292134831460674
CompactBlurCNN,0,train,gender x family_size_bin,Girls | 2-3,174,74,0.8620689655172413
CompactBlurCNN,0,train,gender x family_size_bin,Girls | 4+,84,14,0.8809523809523809
CompactBlurCNN,0,train,gender x family_size_bin,Men | 1,8217,8217,0.9832055494706097
CompactBlurCNN,0,train,gender x family_size_bin,Men | 2-3,2683,1205,0.9828550130450988
CompactBlurCNN,0,train,gender x family_size_bin,Men | 4+,3303,461,0.9918256130790191
CompactBlurCNN,0,train,gender x family_size_bin,Unisex | 1,1018,1018,0.6021611001964636
CompactBlurCNN,0,train,gender x family_size_bin,Unisex | 2-3,199,91,0.6582914572864321
CompactBlurCNN,0,train,gender x family_size_bin,Unisex | 4+,194,32,0.8041237113402062
CompactBlurCNN,0,train,gender x family_size_bin,Women | 1,5618,5618,0.9642221431114275
CompactBlurCNN,0,train,gender x family_size_bin,Women | 2-3,1771,790,0.9791078486730661
CompactBlurCNN,0,train,gender x family_size_bin,Women | 4+,2233,326,0.9896999552171966
CompactBlurCNN,0,validation,gender,Boys,136,79,0.6176470588235294
CompactBlurCNN,0,validation,gender,Girls,107,70,0.514018691588785
CompactBlurCNN,0,validation,gender,Men,3550,2462,0.94
CompactBlurCNN,0,validation,gender,Unisex,355,287,0.4647887323943662
CompactBlurCNN,0,validation,gender,Women,2405,1667,0.9072765072765073
CompactBlurCNN,0,validation,articleType,Accessory Gift Set,17,7,1.0
CompactBlurCNN,0,validation,articleType,Backpacks,119,85,0.7226890756302521
CompactBlurCNN,0,validation,articleType,Bangle,18,1,1.0
CompactBlurCNN,0,validation,articleType,Basketballs,3,3,0.6666666666666666
CompactBlurCNN,0,validation,articleType,Belts,134,81,0.8656716417910447
CompactBlurCNN,0,validation,articleType,Blazers,1,1,1.0
CompactBlurCNN,0,validation,articleType,Booties,2,1,0.0
CompactBlurCNN,0,validation,articleType,Boxers,7,5,1.0
CompactBlurCNN,0,validation,articleType,Bra,49,39,1.0
CompactBlurCNN,0,validation,articleType,Bracelet,16,1,0.25
CompactBlurCNN,0,validation,articleType,Briefs,112,78,0.9642857142857143
CompactBlurCNN,0,validation,articleType,Camisoles,3,3,1.0
CompactBlurCNN,0,validation,articleType,Capris,26,20,0.5
CompactBlurCNN,0,validation,articleType,Caps,45,41,0.4666666666666667
CompactBlurCNN,0,validation,articleType,Casual Shoes,457,359,0.8512035010940919
CompactBlurCNN,0,validation,articleType,Churidar,5,5,1.0
CompactBlurCNN,0,validation,articleType,Clothing Set,1,1,1.0
CompactBlurCNN,0,validation,articleType,Clutches,37,30,0.8648648648648649
CompactBlurCNN,0,validation,articleType,Cufflinks,13,1,1.0
CompactBlurCNN,0,validation,articleType,Deodorant,49,44,0.8571428571428571
CompactBlurCNN,0,validation,articleType,Dresses,57,43,0.9298245614035088
CompactBlurCNN,0,validation,articleType,Duffel Bag,14,11,0.5714285714285714
CompactBlurCNN,0,validation,articleType,Dupatta,19,15,1.0
CompactBlurCNN,0,validation,articleType,Earrings,80,1,1.0
CompactBlurCNN,0,validation,articleType,Eyeshadow,2,1,1.0
CompactBlurCNN,0,validation,articleType,Flats,69,49,0.8985507246376812
CompactBlurCNN,0,validation,articleType,Flip Flops,147,122,0.7619047619047619
CompactBlurCNN,0,validation,articleType,Footballs,2,2,0.5
CompactBlurCNN,0,validation,articleType,Formal Shoes,103,43,0.9902912621359223
CompactBlurCNN,0,validation,articleType,Foundation and Primer,4,1,1.0
CompactBlurCNN,0,validation,articleType,Fragrance Gift Set,9,9,0.7777777777777778
CompactBlurCNN,0,validation,articleType,Free Gifts,11,6,0.8181818181818182
CompactBlurCNN,0,validation,articleType,Gloves,4,2,0.5
CompactBlurCNN,0,validation,articleType,Handbags,244,158,0.9344262295081968
CompactBlurCNN,0,validation,articleType,Headband,2,2,0.0
CompactBlurCNN,0,validation,articleType,Heels,179,92,0.9776536312849162
CompactBlurCNN,0,validation,articleType,Innerwear Vests,40,32,0.9
CompactBlurCNN,0,validation,articleType,Jackets,38,35,0.868421052631579
CompactBlurCNN,0,validation,articleType,Jeans,94,44,0.8191489361702128
CompactBlurCNN,0,validation,articleType,Jeggings,4,3,1.0
CompactBlurCNN,0,validation,articleType,Jewellery Set,6,4,1.0
CompactBlurCNN,0,validation,articleType,Jumpsuit,2,2,1.0
CompactBlurCNN,0,validation,articleType,Kajal and Eyeliner,3,2,0.3333333333333333
CompactBlurCNN,0,validation,articleType,Kurta Sets,13,12,1.0
CompactBlurCNN,0,validation,articleType,Kurtas,263,139,0.9961977186311787
CompactBlurCNN,0,validation,articleType,Kurtis,33,26,1.0
CompactBlurCNN,0,validation,articleType,Laptop Bag,12,10,0.5833333333333334
CompactBlurCNN,0,validation,articleType,Leggings,26,23,0.9230769230769231
CompactBlurCNN,0,validation,articleType,Lip Gloss,1,1,1.0
CompactBlurCNN,0,validation,articleType,Lip Liner,2,1,1.0
CompactBlurCNN,0,validation,articleType,Lip Plumper,1,1,1.0
CompactBlurCNN,0,validation,articleType,Lounge Pants,9,9,0.7777777777777778
CompactBlurCNN,0,validation,articleType,Lounge Shorts,6,5,1.0
CompactBlurCNN,0,validation,articleType,Messenger Bag,7,7,0.2857142857142857
CompactBlurCNN,0,validation,articleType,Mobile Pouch,8,8,0.75
CompactBlurCNN,0,validation,articleType,Mufflers,7,5,0.2857142857142857
CompactBlurCNN,0,validation,articleType,Nail Polish,4,4,1.0
CompactBlurCNN,0,validation,articleType,Necklace and Chains,10,8,1.0
CompactBlurCNN,0,validation,articleType,Night suits,11,9,0.7272727272727273
CompactBlurCNN,0,validation,articleType,Nightdress,7,5,1.0
CompactBlurCNN,0,validation,articleType,Patiala,4,3,1.0
CompactBlurCNN,0,validation,articleType,Pendant,5,3,1.0
CompactBlurCNN,0,validation,articleType,Perfume and Body Mist,95,82,0.7578947368421053
CompactBlurCNN,0,validation,articleType,Rompers,3,1,1.0
CompactBlurCNN,0,validation,articleType,Rucksacks,2,2,1.0
CompactBlurCNN,0,validation,articleType,Salwar,5,4,1.0
CompactBlurCNN,0,validation,articleType,Salwar and Dupatta,1,1,1.0
CompactBlurCNN,0,validation,articleType,Sandals,146,100,0.863013698630137
CompactBlurCNN,0,validation,articleType,Sarees,25,22,1.0
CompactBlurCNN,0,validation,articleType,Scarves,18,15,0.7222222222222222
CompactBlurCNN,0,validation,articleType,Shirts,528,304,0.9791666666666666
CompactBlurCNN,0,validation,articleType,Shoe Accessories,4,3,0.25
CompactBlurCNN,0,validation,articleType,Shorts,88,70,0.7727272727272727
CompactBlurCNN,0,validation,articleType,Skirts,19,16,0.631578947368421
CompactBlurCNN,0,validation,articleType,Socks,103,57,0.7864077669902912
CompactBlurCNN,0,validation,articleType,Sports Sandals,10,10,0.7
CompactBlurCNN,0,validation,articleType,Sports Shoes,339,311,0.8584070796460177
CompactBlurCNN,0,validation,articleType,Stockings,8,1,1.0
CompactBlurCNN,0,validation,articleType,Stoles,15,11,0.9333333333333333
CompactBlurCNN,0,validation,articleType,Sunglasses,175,85,0.7828571428571428
CompactBlurCNN,0,validation,articleType,Suspenders,6,5,1.0
CompactBlurCNN,0,validation,articleType,Sweaters,46,40,1.0
CompactBlurCNN,0,validation,articleType,Sweatshirts,46,40,0.9130434782608695
CompactBlurCNN,0,validation,articleType,Swimwear,3,2,1.0
CompactBlurCNN,0,validation,articleType,Ties,34,17,1.0
CompactBlurCNN,0,validation,articleType,Ties and Cufflinks,1,1,1.0
CompactBlurCNN,0,validation,articleType,Tights,2,2,1.0
CompactBlurCNN,0,validation,articleType,Tops,274,196,0.8868613138686131
CompactBlurCNN,0,validation,articleType,Track Pants,49,39,0.9387755102040817
CompactBlurCNN,0,validation,articleType,Tracksuits,5,5,0.6
CompactBlurCNN,0,validation,articleType,Travel Accessory,3,2,0.0
CompactBlurCNN,0,validation,articleType,Trousers,85,55,0.9411764705882353
CompactBlurCNN,0,validation,articleType,Trunk,23,17,1.0
CompactBlurCNN,0,validation,articleType,Tshirts,1151,926,0.9391833188531712
CompactBlurCNN,0,validation,articleType,Tunics,28,26,1.0
CompactBlurCNN,0,validation,articleType,Umbrellas,1,1,1.0
CompactBlurCNN,0,validation,articleType,Waist Pouch,3,2,0.6666666666666666
CompactBlurCNN,0,validation,articleType,Waistcoat,3,2,1.0
CompactBlurCNN,0,validation,articleType,Wallets,139,83,0.9280575539568345
CompactBlurCNN,0,validation,articleType,Watches,388,254,0.8067010309278351
CompactBlurCNN,0,validation,articleType,Water Bottle,2,2,0.0
CompactBlurCNN,0,validation,articleType,Wristbands,1,1,0.0
CompactBlurCNN,0,validation,family_size_bin,1,3793,3793,0.8776693909833905
CompactBlurCNN,0,validation,family_size_bin,2-3,1281,572,0.8821233411397346
CompactBlurCNN,0,validation,family_size_bin,4+,1479,199,0.9222447599729547
CompactBlurCNN,0,validation,gender x articleType,Boys | Booties,2,1,0.0
CompactBlurCNN,0,validation,gender x articleType,Boys | Capris,2,1,1.0
CompactBlurCNN,0,validation,gender x articleType,Boys | Casual Shoes,7,6,0.0
CompactBlurCNN,0,validation,gender x articleType,Boys | Flip Flops,3,3,0.3333333333333333
CompactBlurCNN,0,validation,gender x articleType,Boys | Gloves,2,1,0.0
CompactBlurCNN,0,validation,gender x articleType,Boys | Jackets,2,1,0.0
CompactBlurCNN,0,validation,gender x articleType,Boys | Jeans,4,2,0.0
CompactBlurCNN,0,validation,gender x articleType,Boys | Rompers,2,1,1.0
CompactBlurCNN,0,validation,gender x articleType,Boys | Sandals,3,3,0.6666666666666666
CompactBlurCNN,0,validation,gender x articleType,Boys | Shirts,13,3,0.9230769230769231
CompactBlurCNN,0,validation,gender x articleType,Boys | Shorts,7,4,0.14285714285714285
CompactBlurCNN,0,validation,gender x articleType,Boys | Sweatshirts,1,1,0.0
CompactBlurCNN,0,validation,gender x articleType,Boys | Trousers,2,1,0.0
CompactBlurCNN,0,validation,gender x articleType,Boys | Tshirts,86,51,0.7441860465116279
CompactBlurCNN,0,validation,gender x articleType,Girls | Capris,8,4,0.0
CompactBlurCNN,0,validation,gender x articleType,Girls | Casual Shoes,6,5,0.3333333333333333
CompactBlurCNN,0,validation,gender x articleType,Girls | Clothing Set,1,1,1.0
CompactBlurCNN,0,validation,gender x articleType,Girls | Dresses,12,8,0.6666666666666666
CompactBlurCNN,0,validation,gender x articleType,Girls | Gloves,2,1,1.0
CompactBlurCNN,0,validation,gender x articleType,Girls | Innerwear Vests,2,2,1.0
CompactBlurCNN,0,validation,gender x articleType,Girls | Jeans,1,1,0.0
CompactBlurCNN,0,validation,gender x articleType,Girls | Leggings,1,1,0.0
CompactBlurCNN,0,validation,gender x articleType,Girls | Rompers,1,1,1.0
CompactBlurCNN,0,validation,gender x articleType,Girls | Sandals,8,7,0.25
CompactBlurCNN,0,validation,gender x articleType,Girls | Shorts,7,4,0.5714285714285714
CompactBlurCNN,0,validation,gender x articleType,Girls | Skirts,4,3,0.25
CompactBlurCNN,0,validation,gender x articleType,Girls | Tops,38,21,0.5263157894736842
CompactBlurCNN,0,validation,gender x articleType,Girls | Tshirts,16,11,0.75
CompactBlurCNN,0,validation,gender x articleType,Men | Accessory Gift Set,17,7,1.0
CompactBlurCNN,0,validation,gender x articleType,Men | Backpacks,11,5,0.0
CompactBlurCNN,0,validation,gender x articleType,Men | Belts,84,47,0.9285714285714286
CompactBlurCNN,0,validation,gender x articleType,Men | Blazers,1,1,1.0
CompactBlurCNN,0,validation,gender x articleType,Men | Boxers,7,5,1.0
CompactBlurCNN,0,validation,gender x articleType,Men | Bracelet,16,1,0.25
CompactBlurCNN,0,validation,gender x articleType,Men | Briefs,88,56,1.0
CompactBlurCNN,0,validation,gender x articleType,Men | Caps,20,18,0.35
CompactBlurCNN,0,validation,gender x articleType,Men | Casual Shoes,354,267,0.9491525423728814
CompactBlurCNN,0,validation,gender x articleType,Men | Cufflinks,13,1,1.0
CompactBlurCNN,0,validation,gender x articleType,Men | Deodorant,33,29,0.9090909090909091
CompactBlurCNN,0,validation,gender x articleType,Men | Duffel Bag,2,1,0.5
CompactBlurCNN,0,validation,gender x articleType,Men | Flip Flops,78,68,0.8717948717948718
CompactBlurCNN,0,validation,gender x articleType,Men | Formal Shoes,103,43,0.9902912621359223
CompactBlurCNN,0,validation,gender x articleType,Men | Fragrance Gift Set,7,7,0.7142857142857143
CompactBlurCNN,0,validation,gender x articleType,Men | Free Gifts,4,1,0.75
CompactBlurCNN,0,validation,gender x articleType,Men | Handbags,3,2,0.3333333333333333
CompactBlurCNN,0,validation,gender x articleType,Men | Innerwear Vests,38,30,0.8947368421052632
CompactBlurCNN,0,validation,gender x articleType,Men | Jackets,24,22,0.9583333333333334
CompactBlurCNN,0,validation,gender x articleType,Men | Jeans,56,19,0.8928571428571429
CompactBlurCNN,0,validation,gender x articleType,Men | Kurtas,6,6,1.0
CompactBlurCNN,0,validation,gender x articleType,Men | Laptop Bag,2,2,0.5
CompactBlurCNN,0,validation,gender x articleType,Men | Lounge Pants,7,7,0.8571428571428571
CompactBlurCNN,0,validation,gender x articleType,Men | Lounge Shorts,6,5,1.0
CompactBlurCNN,0,validation,gender x articleType,Men | Messenger Bag,1,1,0.0
CompactBlurCNN,0,validation,gender x articleType,Men | Mufflers,3,3,0.0
CompactBlurCNN,0,validation,gender x articleType,Men | Night suits,5,4,0.4
CompactBlurCNN,0,validation,gender x articleType,Men | Perfume and Body Mist,54,49,0.7962962962962963
CompactBlurCNN,0,validation,gender x articleType,Men | Sandals,116,72,0.9827586206896551
CompactBlurCNN,0,validation,gender x articleType,Men | Scarves,10,8,0.6
CompactBlurCNN,0,validation,gender x articleType,Men | Shirts,468,261,0.9850427350427351
CompactBlurCNN,0,validation,gender x articleType,Men | Shorts,65,53,0.8307692307692308
CompactBlurCNN,0,validation,gender x articleType,Men | Socks,79,36,0.9367088607594937
CompactBlurCNN,0,validation,gender x articleType,Men | Sports Sandals,6,6,1.0
CompactBlurCNN,0,validation,gender x articleType,Men | Sports Shoes,260,234,0.9653846153846154
CompactBlurCNN,0,validation,gender x articleType,Men | Stoles,1,1,1.0
CompactBlurCNN,0,validation,gender x articleType,Men | Sunglasses,91,45,0.945054945054945
CompactBlurCNN,0,validation,gender x articleType,Men | Suspenders,6,5,1.0
CompactBlurCNN,0,validation,gender x articleType,Men | Sweaters,28,24,1.0
CompactBlurCNN,0,validation,gender x articleType,Men | Sweatshirts,33,28,0.9696969696969697
CompactBlurCNN,0,validation,gender x articleType,Men | Ties,34,17,1.0
CompactBlurCNN,0,validation,gender x articleType,Men | Track Pants,37,28,0.972972972972973
CompactBlurCNN,0,validation,gender x articleType,Men | Tracksuits,5,5,0.6
CompactBlurCNN,0,validation,gender x articleType,Men | Trousers,72,47,0.9722222222222222
CompactBlurCNN,0,validation,gender x articleType,Men | Trunk,23,17,1.0
CompactBlurCNN,0,validation,gender x articleType,Men | Tshirts,868,706,0.9746543778801844
CompactBlurCNN,0,validation,gender x articleType,Men | Waistcoat,1,1,1.0
CompactBlurCNN,0,validation,gender x articleType,Men | Wallets,67,29,0.9552238805970149
CompactBlurCNN,0,validation,gender x articleType,Men | Watches,236,137,0.885593220338983
CompactBlurCNN,0,validation,gender x articleType,Men | Water Bottle,1,1,0.0
CompactBlurCNN,0,validation,gender x articleType,Unisex | Backpacks,105,77,0.8
CompactBlurCNN,0,validation,gender x articleType,Unisex | Basketballs,3,3,0.6666666666666666
CompactBlurCNN,0,validation,gender x articleType,Unisex | Belts,1,1,0.0
CompactBlurCNN,0,validation,gender x articleType,Unisex | Caps,22,21,0.5909090909090909
CompactBlurCNN,0,validation,gender x articleType,Unisex | Casual Shoes,39,34,0.3076923076923077
CompactBlurCNN,0,validation,gender x articleType,Unisex | Deodorant,1,1,0.0
CompactBlurCNN,0,validation,gender x articleType,Unisex | Duffel Bag,10,8,0.5
CompactBlurCNN,0,validation,gender x articleType,Unisex | Flip Flops,24,23,0.375
CompactBlurCNN,0,validation,gender x articleType,Unisex | Footballs,2,2,0.5
CompactBlurCNN,0,validation,gender x articleType,Unisex | Handbags,8,8,0.5
CompactBlurCNN,0,validation,gender x articleType,Unisex | Headband,2,2,0.0
CompactBlurCNN,0,validation,gender x articleType,Unisex | Jeans,3,1,0.0
CompactBlurCNN,0,validation,gender x articleType,Unisex | Laptop Bag,10,8,0.6
CompactBlurCNN,0,validation,gender x articleType,Unisex | Messenger Bag,6,6,0.3333333333333333
CompactBlurCNN,0,validation,gender x articleType,Unisex | Mobile Pouch,2,2,0.0
CompactBlurCNN,0,validation,gender x articleType,Unisex | Perfume and Body Mist,2,1,0.0
CompactBlurCNN,0,validation,gender x articleType,Unisex | Rucksacks,2,2,1.0
CompactBlurCNN,0,validation,gender x articleType,Unisex | Sandals,17,16,0.4117647058823529
CompactBlurCNN,0,validation,gender x articleType,Unisex | Scarves,1,1,0.0
CompactBlurCNN,0,validation,gender x articleType,Unisex | Shoe Accessories,4,3,0.25
CompactBlurCNN,0,validation,gender x articleType,Unisex | Socks,11,9,0.0
CompactBlurCNN,0,validation,gender x articleType,Unisex | Sports Sandals,3,3,0.0
CompactBlurCNN,0,validation,gender x articleType,Unisex | Sports Shoes,8,8,0.125
CompactBlurCNN,0,validation,gender x articleType,Unisex | Sunglasses,24,7,0.20833333333333334
CompactBlurCNN,0,validation,gender x articleType,Unisex | Travel Accessory,3,2,0.0
CompactBlurCNN,0,validation,gender x articleType,Unisex | Tshirts,12,11,0.3333333333333333
CompactBlurCNN,0,validation,gender x articleType,Unisex | Waist Pouch,3,2,0.6666666666666666
CompactBlurCNN,0,validation,gender x articleType,Unisex | Wallets,3,3,0.0
CompactBlurCNN,0,validation,gender x articleType,Unisex | Watches,22,20,0.22727272727272727
CompactBlurCNN,0,validation,gender x articleType,Unisex | Water Bottle,1,1,0.0
CompactBlurCNN,0,validation,gender x articleType,Unisex | Wristbands,1,1,0.0
CompactBlurCNN,0,validation,gender x articleType,Women | Backpacks,3,3,0.6666666666666666
CompactBlurCNN,0,validation,gender x articleType,Women | Bangle,18,1,1.0
CompactBlurCNN,0,validation,gender x articleType,Women | Belts,49,33,0.7755102040816326
CompactBlurCNN,0,validation,gender x articleType,Women | Bra,49,39,1.0
CompactBlurCNN,0,validation,gender x articleType,Women | Briefs,24,22,0.8333333333333334
CompactBlurCNN,0,validation,gender x articleType,Women | Camisoles,3,3,1.0
CompactBlurCNN,0,validation,gender x articleType,Women | Capris,16,15,0.6875
CompactBlurCNN,0,validation,gender x articleType,Women | Caps,3,2,0.3333333333333333
CompactBlurCNN,0,validation,gender x articleType,Women | Casual Shoes,51,47,0.7647058823529411
CompactBlurCNN,0,validation,gender x articleType,Women | Churidar,5,5,1.0
CompactBlurCNN,0,validation,gender x articleType,Women | Clutches,37,30,0.8648648648648649
CompactBlurCNN,0,validation,gender x articleType,Women | Deodorant,15,14,0.8
CompactBlurCNN,0,validation,gender x articleType,Women | Dresses,45,35,1.0
CompactBlurCNN,0,validation,gender x articleType,Women | Duffel Bag,2,2,1.0
CompactBlurCNN,0,validation,gender x articleType,Women | Dupatta,19,15,1.0
CompactBlurCNN,0,validation,gender x articleType,Women | Earrings,80,1,1.0
CompactBlurCNN,0,validation,gender x articleType,Women | Eyeshadow,2,1,1.0
CompactBlurCNN,0,validation,gender x articleType,Women | Flats,69,49,0.8985507246376812
CompactBlurCNN,0,validation,gender x articleType,Women | Flip Flops,42,28,0.8095238095238095
CompactBlurCNN,0,validation,gender x articleType,Women | Foundation and Primer,4,1,1.0
CompactBlurCNN,0,validation,gender x articleType,Women | Fragrance Gift Set,2,2,1.0
CompactBlurCNN,0,validation,gender x articleType,Women | Free Gifts,7,5,0.8571428571428571
CompactBlurCNN,0,validation,gender x articleType,Women | Handbags,233,148,0.9570815450643777
CompactBlurCNN,0,validation,gender x articleType,Women | Heels,179,92,0.9776536312849162
CompactBlurCNN,0,validation,gender x articleType,Women | Jackets,12,12,0.8333333333333334
CompactBlurCNN,0,validation,gender x articleType,Women | Jeans,30,21,0.9
CompactBlurCNN,0,validation,gender x articleType,Women | Jeggings,4,3,1.0
CompactBlurCNN,0,validation,gender x articleType,Women | Jewellery Set,6,4,1.0
CompactBlurCNN,0,validation,gender x articleType,Women | Jumpsuit,2,2,1.0
CompactBlurCNN,0,validation,gender x articleType,Women | Kajal and Eyeliner,3,2,0.3333333333333333
CompactBlurCNN,0,validation,gender x articleType,Women | Kurta Sets,13,12,1.0
CompactBlurCNN,0,validation,gender x articleType,Women | Kurtas,257,133,0.9961089494163424
CompactBlurCNN,0,validation,gender x articleType,Women | Kurtis,33,26,1.0
CompactBlurCNN,0,validation,gender x articleType,Women | Leggings,25,22,0.96
CompactBlurCNN,0,validation,gender x articleType,Women | Lip Gloss,1,1,1.0
CompactBlurCNN,0,validation,gender x articleType,Women | Lip Liner,2,1,1.0
CompactBlurCNN,0,validation,gender x articleType,Women | Lip Plumper,1,1,1.0
CompactBlurCNN,0,validation,gender x articleType,Women | Lounge Pants,2,2,0.5
CompactBlurCNN,0,validation,gender x articleType,Women | Mobile Pouch,6,6,1.0
CompactBlurCNN,0,validation,gender x articleType,Women | Mufflers,4,2,0.5
CompactBlurCNN,0,validation,gender x articleType,Women | Nail Polish,4,4,1.0
CompactBlurCNN,0,validation,gender x articleType,Women | Necklace and Chains,10,8,1.0
CompactBlurCNN,0,validation,gender x articleType,Women | Night suits,6,5,1.0
CompactBlurCNN,0,validation,gender x articleType,Women | Nightdress,7,5,1.0
CompactBlurCNN,0,validation,gender x articleType,Women | Patiala,4,3,1.0
CompactBlurCNN,0,validation,gender x articleType,Women | Pendant,5,3,1.0
CompactBlurCNN,0,validation,gender x articleType,Women | Perfume and Body Mist,39,32,0.7435897435897436
CompactBlurCNN,0,validation,gender x articleType,Women | Salwar,5,4,1.0
CompactBlurCNN,0,validation,gender x articleType,Women | Salwar and Dupatta,1,1,1.0
CompactBlurCNN,0,validation,gender x articleType,Women | Sandals,2,2,0.5
CompactBlurCNN,0,validation,gender x articleType,Women | Sarees,25,22,1.0
CompactBlurCNN,0,validation,gender x articleType,Women | Scarves,7,6,1.0
CompactBlurCNN,0,validation,gender x articleType,Women | Shirts,47,40,0.9361702127659575
CompactBlurCNN,0,validation,gender x articleType,Women | Shorts,9,9,1.0
CompactBlurCNN,0,validation,gender x articleType,Women | Skirts,15,13,0.7333333333333333
CompactBlurCNN,0,validation,gender x articleType,Women | Socks,13,12,0.5384615384615384
CompactBlurCNN,0,validation,gender x articleType,Women | Sports Sandals,1,1,1.0
CompactBlurCNN,0,validation,gender x articleType,Women | Sports Shoes,71,69,0.5492957746478874
CompactBlurCNN,0,validation,gender x articleType,Women | Stockings,8,1,1.0
CompactBlurCNN,0,validation,gender x articleType,Women | Stoles,14,10,0.9285714285714286
CompactBlurCNN,0,validation,gender x articleType,Women | Sunglasses,60,33,0.7666666666666667
CompactBlurCNN,0,validation,gender x articleType,Women | Sweaters,18,16,1.0
CompactBlurCNN,0,validation,gender x articleType,Women | Sweatshirts,12,11,0.8333333333333334
CompactBlurCNN,0,validation,gender x articleType,Women | Swimwear,3,2,1.0
CompactBlurCNN,0,validation,gender x articleType,Women | Ties and Cufflinks,1,1,1.0
CompactBlurCNN,0,validation,gender x articleType,Women | Tights,2,2,1.0
CompactBlurCNN,0,validation,gender x articleType,Women | Tops,236,175,0.9449152542372882
CompactBlurCNN,0,validation,gender x articleType,Women | Track Pants,12,11,0.8333333333333334
CompactBlurCNN,0,validation,gender x articleType,Women | Trousers,11,7,0.9090909090909091
CompactBlurCNN,0,validation,gender x articleType,Women | Tshirts,169,147,0.9171597633136095
CompactBlurCNN,0,validation,gender x articleType,Women | Tunics,28,26,1.0
CompactBlurCNN,0,validation,gender x articleType,Women | Umbrellas,1,1,1.0
CompactBlurCNN,0,validation,gender x articleType,Women | Waistcoat,2,1,1.0
CompactBlurCNN,0,validation,gender x articleType,Women | Wallets,69,51,0.9420289855072463
CompactBlurCNN,0,validation,gender x articleType,Women | Watches,130,97,0.7615384615384615
CompactBlurCNN,0,validation,gender x family_size_bin,Boys | 1,48,48,0.6458333333333334
CompactBlurCNN,0,validation,gender x family_size_bin,Boys | 2-3,60,27,0.6166666666666667
CompactBlurCNN,0,validation,gender x family_size_bin,Boys | 4+,28,4,0.5714285714285714
CompactBlurCNN,0,validation,gender x family_size_bin,Girls | 1,47,47,0.5319148936170213
CompactBlurCNN,0,validation,gender x family_size_bin,Girls | 2-3,45,20,0.4666666666666667
CompactBlurCNN,0,validation,gender x family_size_bin,Girls | 4+,15,3,0.6
CompactBlurCNN,0,validation,gender x family_size_bin,Men | 1,2049,2049,0.9380185456320156
CompactBlurCNN,0,validation,gender x family_size_bin,Men | 2-3,673,302,0.937592867756315
CompactBlurCNN,0,validation,gender x family_size_bin,Men | 4+,828,111,0.9468599033816425
CompactBlurCNN,0,validation,gender x family_size_bin,Unisex | 1,257,257,0.45136186770428016
CompactBlurCNN,0,validation,gender x family_size_bin,Unisex | 2-3,53,24,0.49056603773584906
CompactBlurCNN,0,validation,gender x family_size_bin,Unisex | 4+,45,6,0.5111111111111111
CompactBlurCNN,0,validation,gender x family_size_bin,Women | 1,1392,1392,0.8872126436781609
CompactBlurCNN,0,validation,gender x family_size_bin,Women | 2-3,450,200,0.9222222222222223
CompactBlurCNN,0,validation,gender x family_size_bin,Women | 4+,563,75,0.9449378330373002
CompactBlurCNN,4,train,gender,Boys,546,315,0.891941391941392
CompactBlurCNN,4,train,gender,Girls,434,272,0.8202764976958525
CompactBlurCNN,4,train,gender,Men,14201,9876,0.9817618477572002
CompactBlurCNN,4,train,gender,Unisex,1413,1137,0.7013446567586695
CompactBlurCNN,4,train,gender,Women,9622,6737,0.9668468093951361
CompactBlurCNN,4,train,articleType,Accessory Gift Set,73,27,1.0
CompactBlurCNN,4,train,articleType,Baby Dolls,2,2,1.0
CompactBlurCNN,4,train,articleType,Backpacks,478,342,0.897489539748954
CompactBlurCNN,4,train,articleType,Bangle,37,17,0.8918918918918919
CompactBlurCNN,4,train,articleType,Basketballs,10,10,0.9
CompactBlurCNN,4,train,articleType,Belts,540,328,0.9388888888888889
CompactBlurCNN,4,train,articleType,Blazers,5,5,1.0
CompactBlurCNN,4,train,articleType,Body Wash and Scrub,1,1,1.0
CompactBlurCNN,4,train,articleType,Booties,7,4,0.5714285714285714
CompactBlurCNN,4,train,articleType,Boxers,27,21,1.0
CompactBlurCNN,4,train,articleType,Bra,201,157,0.9950248756218906
CompactBlurCNN,4,train,articleType,Bracelet,37,14,0.8378378378378378
CompactBlurCNN,4,train,articleType,Briefs,455,323,0.9956043956043956
CompactBlurCNN,4,train,articleType,Camisoles,10,10,1.0
CompactBlurCNN,4,train,articleType,Capris,109,80,0.8532110091743119
CompactBlurCNN,4,train,articleType,Caps,184,160,0.7391304347826086
CompactBlurCNN,4,train,articleType,Casual Shoes,1824,1408,0.9259868421052632
CompactBlurCNN,4,train,articleType,Churidar,20,18,0.95
CompactBlurCNN,4,train,articleType,Clothing Set,5,5,1.0
CompactBlurCNN,4,train,articleType,Clutches,151,123,0.9801324503311258
CompactBlurCNN,4,train,articleType,Compact,4,1,1.0
CompactBlurCNN,4,train,articleType,Cufflinks,31,15,0.967741935483871
CompactBlurCNN,4,train,articleType,Deodorant,199,178,0.9447236180904522
CompactBlurCNN,4,train,articleType,Dresses,231,182,0.9523809523809523
CompactBlurCNN,4,train,articleType,Duffel Bag,59,45,0.864406779661017
CompactBlurCNN,4,train,articleType,Dupatta,80,58,1.0
CompactBlurCNN,4,train,articleType,Earrings,161,30,0.9937888198757764
CompactBlurCNN,4,train,articleType,Eyeshadow,3,2,1.0
CompactBlurCNN,4,train,articleType,Flats,284,186,0.9612676056338029
CompactBlurCNN,4,train,articleType,Flip Flops,585,488,0.8615384615384616
CompactBlurCNN,4,train,articleType,Footballs,6,6,0.6666666666666666
CompactBlurCNN,4,train,articleType,Formal Shoes,415,178,0.9975903614457832
CompactBlurCNN,4,train,articleType,Foundation and Primer,9,4,1.0
CompactBlurCNN,4,train,articleType,Fragrance Gift Set,38,37,0.9210526315789473
CompactBlurCNN,4,train,articleType,Free Gifts,47,33,1.0
CompactBlurCNN,4,train,articleType,Gloves,14,9,0.7857142857142857
CompactBlurCNN,4,train,articleType,Handbags,976,636,0.9713114754098361
CompactBlurCNN,4,train,articleType,Hat,2,2,0.5
CompactBlurCNN,4,train,articleType,Headband,5,5,0.6
CompactBlurCNN,4,train,articleType,Heels,707,379,0.9929278642149929
CompactBlurCNN,4,train,articleType,Highlighter and Blush,4,1,1.0
CompactBlurCNN,4,train,articleType,Innerwear Vests,165,130,0.9878787878787879
CompactBlurCNN,4,train,articleType,Ipad,1,1,1.0
CompactBlurCNN,4,train,articleType,Jackets,155,136,0.9806451612903225
CompactBlurCNN,4,train,articleType,Jeans,377,178,0.9761273209549072
CompactBlurCNN,4,train,articleType,Jeggings,18,11,1.0
CompactBlurCNN,4,train,articleType,Jewellery Set,32,13,1.0
CompactBlurCNN,4,train,articleType,Jumpsuit,8,8,1.0
CompactBlurCNN,4,train,articleType,Kajal and Eyeliner,9,7,1.0
CompactBlurCNN,4,train,articleType,Key chain,1,1,0.0
CompactBlurCNN,4,train,articleType,Kurta Sets,52,48,1.0
CompactBlurCNN,4,train,articleType,Kurtas,1055,558,1.0
CompactBlurCNN,4,train,articleType,Kurtis,138,107,1.0
CompactBlurCNN,4,train,articleType,Laptop Bag,54,40,0.6666666666666666
CompactBlurCNN,4,train,articleType,Leggings,108,91,0.9537037037037037
CompactBlurCNN,4,train,articleType,Lehenga Choli,1,1,1.0
CompactBlurCNN,4,train,articleType,Lip Gloss,4,4,1.0
CompactBlurCNN,4,train,articleType,Lip Liner,7,6,1.0
CompactBlurCNN,4,train,articleType,Lip Plumper,3,3,1.0
CompactBlurCNN,4,train,articleType,Lipstick,6,1,1.0
CompactBlurCNN,4,train,articleType,Lounge Pants,36,33,1.0
CompactBlurCNN,4,train,articleType,Lounge Shorts,23,18,1.0
CompactBlurCNN,4,train,articleType,Lounge Tshirts,1,1,1.0
CompactBlurCNN,4,train,articleType,Messenger Bag,30,29,0.6
CompactBlurCNN,4,train,articleType,Mobile Pouch,32,31,0.75
CompactBlurCNN,4,train,articleType,Mufflers,27,22,0.8518518518518519
CompactBlurCNN,4,train,articleType,Nail Polish,13,12,1.0
CompactBlurCNN,4,train,articleType,Necklace and Chains,42,29,0.9761904761904762
CompactBlurCNN,4,train,articleType,Nehru Jackets,3,2,1.0
CompactBlurCNN,4,train,articleType,Night suits,47,27,0.9787234042553191
CompactBlurCNN,4,train,articleType,Nightdress,27,20,1.0
CompactBlurCNN,4,train,articleType,Patiala,18,16,1.0
CompactBlurCNN,4,train,articleType,Pendant,77,9,0.987012987012987
CompactBlurCNN,4,train,articleType,Perfume and Body Mist,379,324,0.9129287598944591
CompactBlurCNN,4,train,articleType,Rain Jacket,1,1,0.0
CompactBlurCNN,4,train,articleType,Ring,76,3,0.9868421052631579
CompactBlurCNN,4,train,articleType,Robe,2,2,1.0
CompactBlurCNN,4,train,articleType,Rompers,9,6,1.0
CompactBlurCNN,4,train,articleType,Rucksacks,8,8,0.875
CompactBlurCNN,4,train,articleType,Salwar,22,20,0.8636363636363636
CompactBlurCNN,4,train,articleType,Salwar and Dupatta,5,5,1.0
CompactBlurCNN,4,train,articleType,Sandals,584,398,0.910958904109589
CompactBlurCNN,4,train,articleType,Sarees,104,84,1.0
CompactBlurCNN,4,train,articleType,Scarves,75,59,0.9333333333333333
CompactBlurCNN,4,train,articleType,Shapewear,2,2,1.0
CompactBlurCNN,4,train,articleType,Shirts,2100,1225,0.9971428571428571
CompactBlurCNN,4,train,articleType,Shoe Accessories,16,13,0.5625
CompactBlurCNN,4,train,articleType,Shoe Laces,1,1,1.0
CompactBlurCNN,4,train,articleType,Shorts,357,277,0.9467787114845938
CompactBlurCNN,4,train,articleType,Shrug,2,2,1.0
CompactBlurCNN,4,train,articleType,Skirts,80,65,0.85
CompactBlurCNN,4,train,articleType,Socks,417,236,0.8992805755395683
CompactBlurCNN,4,train,articleType,Sports Sandals,43,42,0.8604651162790697
CompactBlurCNN,4,train,articleType,Sports Shoes,1355,1233,0.9476014760147602
CompactBlurCNN,4,train,articleType,Stockings,18,8,1.0
CompactBlurCNN,4,train,articleType,Stoles,63,42,1.0
CompactBlurCNN,4,train,articleType,Sunglasses,700,341,0.8871428571428571
CompactBlurCNN,4,train,articleType,Suspenders,27,15,1.0
CompactBlurCNN,4,train,articleType,Sweaters,188,160,1.0
CompactBlurCNN,4,train,articleType,Sweatshirts,190,162,0.9842105263157894
CompactBlurCNN,4,train,articleType,Swimwear,12,11,0.9166666666666666
CompactBlurCNN,4,train,articleType,Tablet Sleeve,1,1,1.0
CompactBlurCNN,4,train,articleType,Ties,144,68,1.0
CompactBlurCNN,4,train,articleType,Ties and Cufflinks,1,1,1.0
CompactBlurCNN,4,train,articleType,Tights,6,5,0.8333333333333334
CompactBlurCNN,4,train,articleType,Tops,1094,774,0.973491773308958
CompactBlurCNN,4,train,articleType,Track Pants,200,161,0.95
CompactBlurCNN,4,train,articleType,Tracksuits,19,16,0.9473684210526315
CompactBlurCNN,4,train,articleType,Travel Accessory,10,9,0.9
CompactBlurCNN,4,train,articleType,Trolley Bag,2,1,1.0
CompactBlurCNN,4,train,articleType,Trousers,348,222,0.9942528735632183
CompactBlurCNN,4,train,articleType,Trunk,96,69,1.0
CompactBlurCNN,4,train,articleType,Tshirts,4601,3682,0.9832645077157139
CompactBlurCNN,4,train,articleType,Tunics,119,106,1.0
CompactBlurCNN,4,train,articleType,Umbrellas,3,3,1.0
CompactBlurCNN,4,train,articleType,Waist Pouch,12,11,0.75
CompactBlurCNN,4,train,articleType,Waistcoat,10,9,1.0
CompactBlurCNN,4,train,articleType,Wallets,563,341,0.9520426287744227
CompactBlurCNN,4,train,articleType,Watches,1533,1036,0.9321591650358774
CompactBlurCNN,4,train,articleType,Water Bottle,8,8,0.75
CompactBlurCNN,4,train,articleType,Wristbands,4,4,0.5
CompactBlurCNN,4,train,family_size_bin,1,15248,15248,0.9445173137460651
CompactBlurCNN,4,train,family_size_bin,2-3,5005,2237,0.9632367632367632
CompactBlurCNN,4,train,family_size_bin,4+,5963,850,0.9820560120744591
CompactBlurCNN,4,train,gender x articleType,Boys | Booties,3,2,0.0
CompactBlurCNN,4,train,gender x articleType,Boys | Capris,11,3,1.0
CompactBlurCNN,4,train,gender x articleType,Boys | Casual Shoes,18,16,0.3333333333333333
CompactBlurCNN,4,train,gender x articleType,Boys | Churidar,1,1,0.0
CompactBlurCNN,4,train,gender x articleType,Boys | Clothing Set,3,3,1.0
CompactBlurCNN,4,train,gender x articleType,Boys | Flip Flops,12,11,0.5833333333333334
CompactBlurCNN,4,train,gender x articleType,Boys | Gloves,4,2,1.0
CompactBlurCNN,4,train,gender x articleType,Boys | Innerwear Vests,3,1,1.0
CompactBlurCNN,4,train,gender x articleType,Boys | Jackets,2,1,1.0
CompactBlurCNN,4,train,gender x articleType,Boys | Jeans,19,8,0.8421052631578947
CompactBlurCNN,4,train,gender x articleType,Boys | Kurta Sets,2,2,1.0
CompactBlurCNN,4,train,gender x articleType,Boys | Kurtas,4,3,1.0
CompactBlurCNN,4,train,gender x articleType,Boys | Leggings,3,3,0.3333333333333333
CompactBlurCNN,4,train,gender x articleType,Boys | Rompers,6,4,1.0
CompactBlurCNN,4,train,gender x articleType,Boys | Sandals,9,8,0.6666666666666666
CompactBlurCNN,4,train,gender x articleType,Boys | Shirts,53,20,0.9622641509433962
CompactBlurCNN,4,train,gender x articleType,Boys | Shorts,37,20,0.8648648648648649
CompactBlurCNN,4,train,gender x articleType,Boys | Socks,1,1,0.0
CompactBlurCNN,4,train,gender x articleType,Boys | Sports Shoes,2,2,0.0
CompactBlurCNN,4,train,gender x articleType,Boys | Sweatshirts,1,1,0.0
CompactBlurCNN,4,train,gender x articleType,Boys | Trousers,3,2,1.0
CompactBlurCNN,4,train,gender x articleType,Boys | Tshirts,347,200,0.9452449567723343
CompactBlurCNN,4,train,gender x articleType,Boys | Waistcoat,2,2,1.0
CompactBlurCNN,4,train,gender x articleType,Girls | Backpacks,1,1,0.0
CompactBlurCNN,4,train,gender x articleType,Girls | Booties,4,2,1.0
CompactBlurCNN,4,train,gender x articleType,Girls | Capris,21,12,0.6190476190476191
CompactBlurCNN,4,train,gender x articleType,Girls | Casual Shoes,10,9,0.7
CompactBlurCNN,4,train,gender x articleType,Girls | Clothing Set,2,2,1.0
CompactBlurCNN,4,train,gender x articleType,Girls | Dresses,45,31,0.8888888888888888
CompactBlurCNN,4,train,gender x articleType,Girls | Earrings,1,1,0.0
CompactBlurCNN,4,train,gender x articleType,Girls | Flip Flops,4,4,1.0
CompactBlurCNN,4,train,gender x articleType,Girls | Gloves,6,3,0.5
CompactBlurCNN,4,train,gender x articleType,Girls | Innerwear Vests,4,3,1.0
CompactBlurCNN,4,train,gender x articleType,Girls | Jeans,9,4,0.7777777777777778
CompactBlurCNN,4,train,gender x articleType,Girls | Leggings,14,6,0.7857142857142857
CompactBlurCNN,4,train,gender x articleType,Girls | Lehenga Choli,1,1,1.0
CompactBlurCNN,4,train,gender x articleType,Girls | Rompers,3,3,1.0
CompactBlurCNN,4,train,gender x articleType,Girls | Salwar,4,4,0.25
CompactBlurCNN,4,train,gender x articleType,Girls | Sandals,30,26,0.5666666666666667
CompactBlurCNN,4,train,gender x articleType,Girls | Shirts,1,1,1.0
CompactBlurCNN,4,train,gender x articleType,Girls | Shorts,26,14,0.8846153846153846
CompactBlurCNN,4,train,gender x articleType,Girls | Skirts,16,9,0.5625
CompactBlurCNN,4,train,gender x articleType,Girls | Tops,154,81,0.8961038961038961
CompactBlurCNN,4,train,gender x articleType,Girls | Tshirts,71,54,0.8732394366197183
CompactBlurCNN,4,train,gender x articleType,Girls | Watches,7,1,0.8571428571428571
CompactBlurCNN,4,train,gender x articleType,Men | Accessory Gift Set,73,27,1.0
CompactBlurCNN,4,train,gender x articleType,Men | Backpacks,36,21,0.2222222222222222
CompactBlurCNN,4,train,gender x articleType,Men | Bangle,1,1,0.0
CompactBlurCNN,4,train,gender x articleType,Men | Belts,349,187,0.9828080229226361
CompactBlurCNN,4,train,gender x articleType,Men | Blazers,4,4,1.0
CompactBlurCNN,4,train,gender x articleType,Men | Body Wash and Scrub,1,1,1.0
CompactBlurCNN,4,train,gender x articleType,Men | Boxers,27,21,1.0
CompactBlurCNN,4,train,gender x articleType,Men | Bracelet,16,1,0.75
CompactBlurCNN,4,train,gender x articleType,Men | Briefs,350,246,1.0
CompactBlurCNN,4,train,gender x articleType,Men | Caps,73,62,0.7123287671232876
CompactBlurCNN,4,train,gender x articleType,Men | Casual Shoes,1432,1055,0.9818435754189944
CompactBlurCNN,4,train,gender x articleType,Men | Churidar,6,5,1.0
CompactBlurCNN,4,train,gender x articleType,Men | Cufflinks,31,15,0.967741935483871
CompactBlurCNN,4,train,gender x articleType,Men | Deodorant,127,110,0.984251968503937
CompactBlurCNN,4,train,gender x articleType,Men | Duffel Bag,3,2,0.3333333333333333
CompactBlurCNN,4,train,gender x articleType,Men | Flip Flops,318,280,0.9339622641509434
CompactBlurCNN,4,train,gender x articleType,Men | Formal Shoes,415,178,0.9975903614457832
CompactBlurCNN,4,train,gender x articleType,Men | Fragrance Gift Set,20,19,0.95
CompactBlurCNN,4,train,gender x articleType,Men | Free Gifts,25,15,1.0
CompactBlurCNN,4,train,gender x articleType,Men | Gloves,4,4,1.0
CompactBlurCNN,4,train,gender x articleType,Men | Handbags,4,3,0.5
CompactBlurCNN,4,train,gender x articleType,Men | Innerwear Vests,157,125,0.9872611464968153
CompactBlurCNN,4,train,gender x articleType,Men | Jackets,124,109,1.0
CompactBlurCNN,4,train,gender x articleType,Men | Jeans,208,91,0.9807692307692307
CompactBlurCNN,4,train,gender x articleType,Men | Kurtas,36,29,1.0
CompactBlurCNN,4,train,gender x articleType,Men | Kurtis,2,2,1.0
CompactBlurCNN,4,train,gender x articleType,Men | Laptop Bag,13,9,0.3076923076923077
CompactBlurCNN,4,train,gender x articleType,Men | Lounge Pants,22,20,1.0
CompactBlurCNN,4,train,gender x articleType,Men | Lounge Shorts,19,14,1.0
CompactBlurCNN,4,train,gender x articleType,Men | Messenger Bag,8,8,0.375
CompactBlurCNN,4,train,gender x articleType,Men | Mufflers,20,18,0.95
CompactBlurCNN,4,train,gender x articleType,Men | Nehru Jackets,3,2,1.0
CompactBlurCNN,4,train,gender x articleType,Men | Night suits,12,8,0.9166666666666666
CompactBlurCNN,4,train,gender x articleType,Men | Perfume and Body Mist,214,186,0.9345794392523364
CompactBlurCNN,4,train,gender x articleType,Men | Ring,25,1,1.0
CompactBlurCNN,4,train,gender x articleType,Men | Sandals,478,302,0.9853556485355649
CompactBlurCNN,4,train,gender x articleType,Men | Scarves,34,25,0.9411764705882353
CompactBlurCNN,4,train,gender x articleType,Men | Shirts,1859,1040,0.9978483055406132
CompactBlurCNN,4,train,gender x articleType,Men | Shoe Accessories,2,2,1.0
CompactBlurCNN,4,train,gender x articleType,Men | Shorts,253,204,0.9683794466403162
CompactBlurCNN,4,train,gender x articleType,Men | Socks,313,156,0.9712460063897763
CompactBlurCNN,4,train,gender x articleType,Men | Sports Sandals,19,18,1.0
CompactBlurCNN,4,train,gender x articleType,Men | Sports Shoes,1056,949,0.990530303030303
CompactBlurCNN,4,train,gender x articleType,Men | Stoles,1,1,1.0
CompactBlurCNN,4,train,gender x articleType,Men | Sunglasses,382,163,0.9712041884816754
CompactBlurCNN,4,train,gender x articleType,Men | Suspenders,27,15,1.0
CompactBlurCNN,4,train,gender x articleType,Men | Sweaters,129,107,1.0
CompactBlurCNN,4,train,gender x articleType,Men | Sweatshirts,148,122,0.9932432432432432
CompactBlurCNN,4,train,gender x articleType,Men | Ties,144,68,1.0
CompactBlurCNN,4,train,gender x articleType,Men | Tights,1,1,0.0
CompactBlurCNN,4,train,gender x articleType,Men | Track Pants,144,111,0.9513888888888888
CompactBlurCNN,4,train,gender x articleType,Men | Tracksuits,19,16,0.9473684210526315
CompactBlurCNN,4,train,gender x articleType,Men | Trousers,285,174,0.9929824561403509
CompactBlurCNN,4,train,gender x articleType,Men | Trunk,96,69,1.0
CompactBlurCNN,4,train,gender x articleType,Men | Tshirts,3455,2786,0.9939218523878437
CompactBlurCNN,4,train,gender x articleType,Men | Tunics,1,1,1.0
CompactBlurCNN,4,train,gender x articleType,Men | Waist Pouch,1,1,0.0
CompactBlurCNN,4,train,gender x articleType,Men | Waistcoat,4,4,1.0
CompactBlurCNN,4,train,gender x articleType,Men | Wallets,278,129,0.9784172661870504
CompactBlurCNN,4,train,gender x articleType,Men | Watches,892,560,0.9831838565022422
CompactBlurCNN,4,train,gender x articleType,Men | Water Bottle,2,2,0.5
CompactBlurCNN,4,train,gender x articleType,Unisex | Backpacks,417,298,0.9712230215827338
CompactBlurCNN,4,train,gender x articleType,Unisex | Basketballs,10,10,0.9
CompactBlurCNN,4,train,gender x articleType,Unisex | Belts,6,6,0.0
CompactBlurCNN,4,train,gender x articleType,Unisex | Caps,96,84,0.8125
CompactBlurCNN,4,train,gender x articleType,Unisex | Casual Shoes,150,139,0.54
CompactBlurCNN,4,train,gender x articleType,Unisex | Deodorant,3,3,0.0
CompactBlurCNN,4,train,gender x articleType,Unisex | Duffel Bag,53,40,0.8867924528301887
CompactBlurCNN,4,train,gender x articleType,Unisex | Flip Flops,101,93,0.5445544554455446
CompactBlurCNN,4,train,gender x articleType,Unisex | Footballs,6,6,0.6666666666666666
CompactBlurCNN,4,train,gender x articleType,Unisex | Fragrance Gift Set,1,1,0.0
CompactBlurCNN,4,train,gender x articleType,Unisex | Free Gifts,1,1,1.0
CompactBlurCNN,4,train,gender x articleType,Unisex | Handbags,38,35,0.631578947368421
CompactBlurCNN,4,train,gender x articleType,Unisex | Hat,2,2,0.5
CompactBlurCNN,4,train,gender x articleType,Unisex | Headband,5,5,0.6
CompactBlurCNN,4,train,gender x articleType,Unisex | Jackets,1,1,0.0
CompactBlurCNN,4,train,gender x articleType,Unisex | Jeans,3,1,1.0
CompactBlurCNN,4,train,gender x articleType,Unisex | Key chain,1,1,0.0
CompactBlurCNN,4,train,gender x articleType,Unisex | Laptop Bag,34,24,0.7647058823529411
CompactBlurCNN,4,train,gender x articleType,Unisex | Messenger Bag,22,21,0.6818181818181818
CompactBlurCNN,4,train,gender x articleType,Unisex | Mobile Pouch,6,5,0.3333333333333333
CompactBlurCNN,4,train,gender x articleType,Unisex | Mufflers,1,1,0.0
CompactBlurCNN,4,train,gender x articleType,Unisex | Perfume and Body Mist,7,5,0.0
CompactBlurCNN,4,train,gender x articleType,Unisex | Rain Jacket,1,1,0.0
CompactBlurCNN,4,train,gender x articleType,Unisex | Rucksacks,8,8,0.875
CompactBlurCNN,4,train,gender x articleType,Unisex | Sandals,64,59,0.578125
CompactBlurCNN,4,train,gender x articleType,Unisex | Scarves,2,2,0.5
CompactBlurCNN,4,train,gender x articleType,Unisex | Shoe Accessories,14,11,0.5
CompactBlurCNN,4,train,gender x articleType,Unisex | Shoe Laces,1,1,1.0
CompactBlurCNN,4,train,gender x articleType,Unisex | Socks,46,31,0.5217391304347826
CompactBlurCNN,4,train,gender x articleType,Unisex | Sports Sandals,3,3,0.3333333333333333
CompactBlurCNN,4,train,gender x articleType,Unisex | Sports Shoes,29,29,0.1724137931034483
CompactBlurCNN,4,train,gender x articleType,Unisex | Sunglasses,95,54,0.4421052631578947
CompactBlurCNN,4,train,gender x articleType,Unisex | Sweatshirts,1,1,0.0
CompactBlurCNN,4,train,gender x articleType,Unisex | Swimwear,2,2,0.5
CompactBlurCNN,4,train,gender x articleType,Unisex | Track Pants,1,1,0.0
CompactBlurCNN,4,train,gender x articleType,Unisex | Travel Accessory,8,7,0.875
CompactBlurCNN,4,train,gender x articleType,Unisex | Trolley Bag,2,1,1.0
CompactBlurCNN,4,train,gender x articleType,Unisex | Tshirts,49,38,0.6530612244897959
CompactBlurCNN,4,train,gender x articleType,Unisex | Waist Pouch,11,10,0.8181818181818182
CompactBlurCNN,4,train,gender x articleType,Unisex | Wallets,14,12,0.14285714285714285
CompactBlurCNN,4,train,gender x articleType,Unisex | Watches,88,75,0.5909090909090909
CompactBlurCNN,4,train,gender x articleType,Unisex | Water Bottle,6,6,0.8333333333333334
CompactBlurCNN,4,train,gender x articleType,Unisex | Wristbands,4,4,0.5
CompactBlurCNN,4,train,gender x articleType,Women | Baby Dolls,2,2,1.0
CompactBlurCNN,4,train,gender x articleType,Women | Backpacks,24,22,0.6666666666666666
CompactBlurCNN,4,train,gender x articleType,Women | Bangle,36,16,0.9166666666666666
CompactBlurCNN,4,train,gender x articleType,Women | Belts,185,135,0.8864864864864865
CompactBlurCNN,4,train,gender x articleType,Women | Blazers,1,1,1.0
CompactBlurCNN,4,train,gender x articleType,Women | Bra,201,157,0.9950248756218906
CompactBlurCNN,4,train,gender x articleType,Women | Bracelet,21,13,0.9047619047619048
CompactBlurCNN,4,train,gender x articleType,Women | Briefs,105,77,0.9809523809523809
CompactBlurCNN,4,train,gender x articleType,Women | Camisoles,10,10,1.0
CompactBlurCNN,4,train,gender x articleType,Women | Capris,77,65,0.8961038961038961
CompactBlurCNN,4,train,gender x articleType,Women | Caps,15,14,0.4
CompactBlurCNN,4,train,gender x articleType,Women | Casual Shoes,214,189,0.883177570093458
CompactBlurCNN,4,train,gender x articleType,Women | Churidar,13,12,1.0
CompactBlurCNN,4,train,gender x articleType,Women | Clutches,151,123,0.9801324503311258
CompactBlurCNN,4,train,gender x articleType,Women | Compact,4,1,1.0
CompactBlurCNN,4,train,gender x articleType,Women | Deodorant,69,65,0.9130434782608695
CompactBlurCNN,4,train,gender x articleType,Women | Dresses,186,151,0.967741935483871
CompactBlurCNN,4,train,gender x articleType,Women | Duffel Bag,3,3,1.0
CompactBlurCNN,4,train,gender x articleType,Women | Dupatta,80,58,1.0
CompactBlurCNN,4,train,gender x articleType,Women | Earrings,160,29,1.0
CompactBlurCNN,4,train,gender x articleType,Women | Eyeshadow,3,2,1.0
CompactBlurCNN,4,train,gender x articleType,Women | Flats,284,186,0.9612676056338029
CompactBlurCNN,4,train,gender x articleType,Women | Flip Flops,150,100,0.94
CompactBlurCNN,4,train,gender x articleType,Women | Foundation and Primer,9,4,1.0
CompactBlurCNN,4,train,gender x articleType,Women | Fragrance Gift Set,17,17,0.9411764705882353
CompactBlurCNN,4,train,gender x articleType,Women | Free Gifts,21,17,1.0
CompactBlurCNN,4,train,gender x articleType,Women | Handbags,934,598,0.987152034261242
CompactBlurCNN,4,train,gender x articleType,Women | Heels,707,379,0.9929278642149929
CompactBlurCNN,4,train,gender x articleType,Women | Highlighter and Blush,4,1,1.0
CompactBlurCNN,4,train,gender x articleType,Women | Innerwear Vests,1,1,1.0
CompactBlurCNN,4,train,gender x articleType,Women | Ipad,1,1,1.0
CompactBlurCNN,4,train,gender x articleType,Women | Jackets,28,25,0.9285714285714286
CompactBlurCNN,4,train,gender x articleType,Women | Jeans,138,74,1.0
CompactBlurCNN,4,train,gender x articleType,Women | Jeggings,18,11,1.0
CompactBlurCNN,4,train,gender x articleType,Women | Jewellery Set,32,13,1.0
CompactBlurCNN,4,train,gender x articleType,Women | Jumpsuit,8,8,1.0
CompactBlurCNN,4,train,gender x articleType,Women | Kajal and Eyeliner,9,7,1.0
CompactBlurCNN,4,train,gender x articleType,Women | Kurta Sets,50,46,1.0
CompactBlurCNN,4,train,gender x articleType,Women | Kurtas,1015,526,1.0
CompactBlurCNN,4,train,gender x articleType,Women | Kurtis,136,105,1.0
CompactBlurCNN,4,train,gender x articleType,Women | Laptop Bag,7,7,0.8571428571428571
CompactBlurCNN,4,train,gender x articleType,Women | Leggings,91,82,1.0
CompactBlurCNN,4,train,gender x articleType,Women | Lip Gloss,4,4,1.0
CompactBlurCNN,4,train,gender x articleType,Women | Lip Liner,7,6,1.0
CompactBlurCNN,4,train,gender x articleType,Women | Lip Plumper,3,3,1.0
CompactBlurCNN,4,train,gender x articleType,Women | Lipstick,6,1,1.0
CompactBlurCNN,4,train,gender x articleType,Women | Lounge Pants,14,13,1.0
CompactBlurCNN,4,train,gender x articleType,Women | Lounge Shorts,4,4,1.0
CompactBlurCNN,4,train,gender x articleType,Women | Lounge Tshirts,1,1,1.0
CompactBlurCNN,4,train,gender x articleType,Women | Mobile Pouch,26,26,0.8461538461538461
CompactBlurCNN,4,train,gender x articleType,Women | Mufflers,6,3,0.6666666666666666
CompactBlurCNN,4,train,gender x articleType,Women | Nail Polish,13,12,1.0
CompactBlurCNN,4,train,gender x articleType,Women | Necklace and Chains,42,29,0.9761904761904762
CompactBlurCNN,4,train,gender x articleType,Women | Night suits,35,19,1.0
CompactBlurCNN,4,train,gender x articleType,Women | Nightdress,27,20,1.0
CompactBlurCNN,4,train,gender x articleType,Women | Patiala,18,16,1.0
CompactBlurCNN,4,train,gender x articleType,Women | Pendant,77,9,0.987012987012987
CompactBlurCNN,4,train,gender x articleType,Women | Perfume and Body Mist,158,133,0.9240506329113924
CompactBlurCNN,4,train,gender x articleType,Women | Ring,51,2,0.9803921568627451
CompactBlurCNN,4,train,gender x articleType,Women | Robe,2,2,1.0
CompactBlurCNN,4,train,gender x articleType,Women | Salwar,18,16,1.0
CompactBlurCNN,4,train,gender x articleType,Women | Salwar and Dupatta,5,5,1.0
CompactBlurCNN,4,train,gender x articleType,Women | Sandals,3,3,0.3333333333333333
CompactBlurCNN,4,train,gender x articleType,Women | Sarees,104,84,1.0
CompactBlurCNN,4,train,gender x articleType,Women | Scarves,39,32,0.9487179487179487
CompactBlurCNN,4,train,gender x articleType,Women | Shapewear,2,2,1.0
CompactBlurCNN,4,train,gender x articleType,Women | Shirts,187,164,1.0
CompactBlurCNN,4,train,gender x articleType,Women | Shorts,41,39,0.926829268292683
CompactBlurCNN,4,train,gender x articleType,Women | Shrug,2,2,1.0
CompactBlurCNN,4,train,gender x articleType,Women | Skirts,64,56,0.921875
CompactBlurCNN,4,train,gender x articleType,Women | Socks,57,48,0.8245614035087719
CompactBlurCNN,4,train,gender x articleType,Women | Sports Sandals,21,21,0.8095238095238095
CompactBlurCNN,4,train,gender x articleType,Women | Sports Shoes,268,253,0.8694029850746269
CompactBlurCNN,4,train,gender x articleType,Women | Stockings,18,8,1.0
CompactBlurCNN,4,train,gender x articleType,Women | Stoles,62,41,1.0
CompactBlurCNN,4,train,gender x articleType,Women | Sunglasses,223,125,0.9327354260089686
CompactBlurCNN,4,train,gender x articleType,Women | Sweaters,59,53,1.0
CompactBlurCNN,4,train,gender x articleType,Women | Sweatshirts,40,38,1.0
CompactBlurCNN,4,train,gender x articleType,Women | Swimwear,10,9,1.0
CompactBlurCNN,4,train,gender x articleType,Women | Tablet Sleeve,1,1,1.0
CompactBlurCNN,4,train,gender x articleType,Women | Ties and Cufflinks,1,1,1.0
CompactBlurCNN,4,train,gender x articleType,Women | Tights,5,4,1.0
CompactBlurCNN,4,train,gender x articleType,Women | Tops,940,693,0.9861702127659574
CompactBlurCNN,4,train,gender x articleType,Women | Track Pants,55,49,0.9636363636363636
CompactBlurCNN,4,train,gender x articleType,Women | Travel Accessory,2,2,1.0
CompactBlurCNN,4,train,gender x articleType,Women | Trousers,60,46,1.0
CompactBlurCNN,4,train,gender x articleType,Women | Tshirts,679,604,0.9837997054491899
CompactBlurCNN,4,train,gender x articleType,Women | Tunics,118,105,1.0
CompactBlurCNN,4,train,gender x articleType,Women | Umbrellas,3,3,1.0
CompactBlurCNN,4,train,gender x articleType,Women | Waistcoat,4,3,1.0
CompactBlurCNN,4,train,gender x articleType,Women | Wallets,271,200,0.966789667896679
CompactBlurCNN,4,train,gender x articleType,Women | Watches,546,400,0.9047619047619048
CompactBlurCNN,4,train,gender x family_size_bin,Boys | 1,211,211,0.7962085308056872
CompactBlurCNN,4,train,gender x family_size_bin,Boys | 2-3,202,86,0.9257425742574258
CompactBlurCNN,4,train,gender x family_size_bin,Boys | 4+,133,18,0.9924812030075187
CompactBlurCNN,4,train,gender x family_size_bin,Girls | 1,184,184,0.6847826086956522
CompactBlurCNN,4,train,gender x family_size_bin,Girls | 2-3,174,75,0.9080459770114943
CompactBlurCNN,4,train,gender x family_size_bin,Girls | 4+,76,13,0.9473684210526315
CompactBlurCNN,4,train,gender x family_size_bin,Men | 1,8206,8206,0.9790397270290032
CompactBlurCNN,4,train,gender x family_size_bin,Men | 2-3,2678,1204,0.9824495892457058
CompactBlurCNN,4,train,gender x family_size_bin,Men | 4+,3317,466,0.9879409104612602
CompactBlurCNN,4,train,gender x family_size_bin,Unisex | 1,1016,1016,0.672244094488189
CompactBlurCNN,4,train,gender x family_size_bin,Unisex | 2-3,195,89,0.717948717948718
CompactBlurCNN,4,train,gender x family_size_bin,Unisex | 4+,202,32,0.8316831683168316
CompactBlurCNN,4,train,gender x family_size_bin,Women | 1,5631,5631,0.9573787959509856
CompactBlurCNN,4,train,gender x family_size_bin,Women | 2-3,1756,784,0.9709567198177677
CompactBlurCNN,4,train,gender x family_size_bin,Women | 4+,2235,322,0.9874720357941834
CompactBlurCNN,4,validation,gender,Boys,138,82,0.644927536231884
CompactBlurCNN,4,validation,gender,Girls,109,64,0.4954128440366973
CompactBlurCNN,4,validation,gender,Men,3552,2469,0.9349662162162162
CompactBlurCNN,4,validation,gender,Unisex,353,291,0.4730878186968839
CompactBlurCNN,4,validation,gender,Women,2405,1664,0.9064449064449065
CompactBlurCNN,4,validation,articleType,Accessory Gift Set,18,6,1.0
CompactBlurCNN,4,validation,articleType,Backpacks,126,86,0.7777777777777778
CompactBlurCNN,4,validation,articleType,Bangle,13,1,0.3076923076923077
CompactBlurCNN,4,validation,articleType,Basketballs,2,2,0.5
CompactBlurCNN,4,validation,articleType,Belts,136,82,0.7941176470588235
CompactBlurCNN,4,validation,articleType,Blazers,2,2,0.5
CompactBlurCNN,4,validation,articleType,Booties,2,1,0.0
CompactBlurCNN,4,validation,articleType,Boxers,7,6,1.0
CompactBlurCNN,4,validation,articleType,Bra,50,39,0.98
CompactBlurCNN,4,validation,articleType,Bracelet,7,2,0.8571428571428571
CompactBlurCNN,4,validation,articleType,Briefs,113,79,0.9911504424778761
CompactBlurCNN,4,validation,articleType,Camisoles,3,3,1.0
CompactBlurCNN,4,validation,articleType,Capris,27,20,0.6296296296296297
CompactBlurCNN,4,validation,articleType,Caps,46,41,0.5434782608695652
CompactBlurCNN,4,validation,articleType,Casual Shoes,452,351,0.8539823008849557
CompactBlurCNN,4,validation,articleType,Churidar,6,6,1.0
CompactBlurCNN,4,validation,articleType,Clothing Set,2,2,0.5
CompactBlurCNN,4,validation,articleType,Clutches,38,31,0.9473684210526315
CompactBlurCNN,4,validation,articleType,Concealer,2,1,1.0
CompactBlurCNN,4,validation,articleType,Cufflinks,7,2,0.7142857142857143
CompactBlurCNN,4,validation,articleType,Cushion Covers,1,1,0.0
CompactBlurCNN,4,validation,articleType,Deodorant,49,45,0.7959183673469388
CompactBlurCNN,4,validation,articleType,Dresses,58,45,0.8103448275862069
CompactBlurCNN,4,validation,articleType,Duffel Bag,14,12,0.6428571428571429
CompactBlurCNN,4,validation,articleType,Dupatta,19,15,1.0
CompactBlurCNN,4,validation,articleType,Earrings,45,3,0.9777777777777777
CompactBlurCNN,4,validation,articleType,Eyeshadow,1,1,1.0
CompactBlurCNN,4,validation,articleType,Flats,72,48,0.9305555555555556
CompactBlurCNN,4,validation,articleType,Flip Flops,149,122,0.7919463087248322
CompactBlurCNN,4,validation,articleType,Footballs,1,1,0.0
CompactBlurCNN,4,validation,articleType,Formal Shoes,102,45,0.9901960784313726
CompactBlurCNN,4,validation,articleType,Foundation and Primer,2,1,1.0
CompactBlurCNN,4,validation,articleType,Fragrance Gift Set,9,9,0.8888888888888888
CompactBlurCNN,4,validation,articleType,Free Gifts,10,7,0.6
CompactBlurCNN,4,validation,articleType,Gloves,4,3,0.75
CompactBlurCNN,4,validation,articleType,Handbags,246,157,0.8943089430894309
CompactBlurCNN,4,validation,articleType,Headband,1,1,0.0
CompactBlurCNN,4,validation,articleType,Heels,183,93,0.9890710382513661
CompactBlurCNN,4,validation,articleType,Innerwear Vests,40,31,0.975
CompactBlurCNN,4,validation,articleType,Jackets,38,34,0.8947368421052632
CompactBlurCNN,4,validation,articleType,Jeans,95,48,0.968421052631579
CompactBlurCNN,4,validation,articleType,Jeggings,4,3,1.0
CompactBlurCNN,4,validation,articleType,Jewellery Set,6,3,1.0
CompactBlurCNN,4,validation,articleType,Jumpsuit,2,2,1.0
CompactBlurCNN,4,validation,articleType,Kajal and Eyeliner,2,2,1.0
CompactBlurCNN,4,validation,articleType,Kurta Sets,12,11,1.0
CompactBlurCNN,4,validation,articleType,Kurtas,267,141,0.9925093632958801
CompactBlurCNN,4,validation,articleType,Kurtis,34,27,1.0
CompactBlurCNN,4,validation,articleType,Laptop Bag,13,9,0.46153846153846156
CompactBlurCNN,4,validation,articleType,Leggings,27,23,0.9259259259259259
CompactBlurCNN,4,validation,articleType,Lehenga Choli,1,1,1.0
CompactBlurCNN,4,validation,articleType,Lip Gloss,1,1,1.0
CompactBlurCNN,4,validation,articleType,Lip Liner,4,1,1.0
CompactBlurCNN,4,validation,articleType,Lipstick,4,1,1.0
CompactBlurCNN,4,validation,articleType,Lounge Pants,9,9,0.7777777777777778
CompactBlurCNN,4,validation,articleType,Lounge Shorts,6,5,0.6666666666666666
CompactBlurCNN,4,validation,articleType,Messenger Bag,7,7,0.42857142857142855
CompactBlurCNN,4,validation,articleType,Mobile Pouch,8,8,0.75
CompactBlurCNN,4,validation,articleType,Mufflers,6,5,0.8333333333333334
CompactBlurCNN,4,validation,articleType,Nail Polish,3,3,1.0
CompactBlurCNN,4,validation,articleType,Necklace and Chains,11,8,0.8181818181818182
CompactBlurCNN,4,validation,articleType,Nehru Jackets,1,1,1.0
CompactBlurCNN,4,validation,articleType,Night suits,12,8,0.9166666666666666
CompactBlurCNN,4,validation,articleType,Nightdress,7,6,1.0
CompactBlurCNN,4,validation,articleType,Patiala,5,3,1.0
CompactBlurCNN,4,validation,articleType,Pendant,28,1,1.0
CompactBlurCNN,4,validation,articleType,Perfume and Body Mist,95,81,0.7894736842105263
CompactBlurCNN,4,validation,articleType,Rain Trousers,1,1,1.0
CompactBlurCNN,4,validation,articleType,Ring,3,1,1.0
CompactBlurCNN,4,validation,articleType,Rompers,2,1,1.0
CompactBlurCNN,4,validation,articleType,Rucksacks,2,2,1.0
CompactBlurCNN,4,validation,articleType,Salwar,6,4,1.0
CompactBlurCNN,4,validation,articleType,Salwar and Dupatta,1,1,1.0
CompactBlurCNN,4,validation,articleType,Sandals,151,96,0.8278145695364238
CompactBlurCNN,4,validation,articleType,Sarees,25,22,1.0
CompactBlurCNN,4,validation,articleType,Scarves,18,15,0.5555555555555556
CompactBlurCNN,4,validation,articleType,Shirts,519,302,0.9826589595375722
CompactBlurCNN,4,validation,articleType,Shoe Accessories,4,4,0.0
CompactBlurCNN,4,validation,articleType,Shorts,90,70,0.7444444444444445
CompactBlurCNN,4,validation,articleType,Skirts,19,16,0.631578947368421
CompactBlurCNN,4,validation,articleType,Socks,104,59,0.7596153846153846
CompactBlurCNN,4,validation,articleType,Sports Sandals,11,11,0.7272727272727273
CompactBlurCNN,4,validation,articleType,Sports Shoes,336,311,0.8630952380952381
CompactBlurCNN,4,validation,articleType,Stockings,4,2,1.0
CompactBlurCNN,4,validation,articleType,Stoles,14,10,0.9285714285714286
CompactBlurCNN,4,validation,articleType,Sunglasses,186,84,0.7741935483870968
CompactBlurCNN,4,validation,articleType,Suspenders,7,4,1.0
CompactBlurCNN,4,validation,articleType,Sweaters,46,39,1.0
CompactBlurCNN,4,validation,articleType,Sweatshirts,47,41,0.9148936170212766
CompactBlurCNN,4,validation,articleType,Swimwear,3,3,0.3333333333333333
CompactBlurCNN,4,validation,articleType,Tablet Sleeve,1,1,0.0
CompactBlurCNN,4,validation,articleType,Ties,35,17,0.9142857142857143
CompactBlurCNN,4,validation,articleType,Tights,2,2,1.0
CompactBlurCNN,4,validation,articleType,Tops,275,193,0.9018181818181819
CompactBlurCNN,4,validation,articleType,Track Pants,49,39,0.8775510204081632
CompactBlurCNN,4,validation,articleType,Tracksuits,5,4,1.0
CompactBlurCNN,4,validation,articleType,Travel Accessory,2,2,1.0
CompactBlurCNN,4,validation,articleType,Trolley Bag,1,1,0.0
CompactBlurCNN,4,validation,articleType,Trousers,87,57,0.9310344827586207
CompactBlurCNN,4,validation,articleType,Trunk,23,17,1.0
CompactBlurCNN,4,validation,articleType,Tshirts,1147,921,0.9319965126416739
CompactBlurCNN,4,validation,articleType,Tunics,29,26,0.9655172413793104
CompactBlurCNN,4,validation,articleType,Umbrellas,2,1,0.5
CompactBlurCNN,4,validation,articleType,Waist Pouch,3,3,0.3333333333333333
CompactBlurCNN,4,validation,articleType,Waistcoat,2,1,1.0
CompactBlurCNN,4,validation,articleType,Wallets,141,81,0.8723404255319149
CompactBlurCNN,4,validation,articleType,Watches,378,268,0.8095238095238095
CompactBlurCNN,4,validation,articleType,Water Bottle,2,2,0.5
CompactBlurCNN,4,validation,articleType,Wristbands,1,1,0.0
CompactBlurCNN,4,validation,family_size_bin,1,3795,3795,0.867193675889328
CompactBlurCNN,4,validation,family_size_bin,2-3,1296,576,0.8865740740740741
CompactBlurCNN,4,validation,family_size_bin,4+,1466,199,0.9351978171896317
CompactBlurCNN,4,validation,gender x articleType,Boys | Blazers,1,1,0.0
CompactBlurCNN,4,validation,gender x articleType,Boys | Booties,2,1,0.0
CompactBlurCNN,4,validation,gender x articleType,Boys | Casual Shoes,6,4,0.6666666666666666
CompactBlurCNN,4,validation,gender x articleType,Boys | Clothing Set,1,1,0.0
CompactBlurCNN,4,validation,gender x articleType,Boys | Flip Flops,2,2,1.0
CompactBlurCNN,4,validation,gender x articleType,Boys | Gloves,2,1,0.5
CompactBlurCNN,4,validation,gender x articleType,Boys | Jackets,2,1,0.0
CompactBlurCNN,4,validation,gender x articleType,Boys | Jeans,6,2,1.0
CompactBlurCNN,4,validation,gender x articleType,Boys | Kurtas,1,1,1.0
CompactBlurCNN,4,validation,gender x articleType,Boys | Sandals,2,1,0.0
CompactBlurCNN,4,validation,gender x articleType,Boys | Shirts,12,5,0.4166666666666667
CompactBlurCNN,4,validation,gender x articleType,Boys | Shorts,9,6,0.6666666666666666
CompactBlurCNN,4,validation,gender x articleType,Boys | Sweatshirts,1,1,0.0
CompactBlurCNN,4,validation,gender x articleType,Boys | Trousers,1,1,0.0
CompactBlurCNN,4,validation,gender x articleType,Boys | Tshirts,85,49,0.7529411764705882
CompactBlurCNN,4,validation,gender x articleType,Boys | Watches,5,5,0.0
CompactBlurCNN,4,validation,gender x articleType,Girls | Capris,8,3,0.375
CompactBlurCNN,4,validation,gender x articleType,Girls | Casual Shoes,4,4,0.25
CompactBlurCNN,4,validation,gender x articleType,Girls | Clothing Set,1,1,1.0
CompactBlurCNN,4,validation,gender x articleType,Girls | Dresses,9,5,0.2222222222222222
CompactBlurCNN,4,validation,gender x articleType,Girls | Flip Flops,2,1,0.5
CompactBlurCNN,4,validation,gender x articleType,Girls | Innerwear Vests,1,1,0.0
CompactBlurCNN,4,validation,gender x articleType,Girls | Jeans,4,1,1.0
CompactBlurCNN,4,validation,gender x articleType,Girls | Leggings,2,2,0.0
CompactBlurCNN,4,validation,gender x articleType,Girls | Lehenga Choli,1,1,1.0
CompactBlurCNN,4,validation,gender x articleType,Girls | Rompers,2,1,1.0
CompactBlurCNN,4,validation,gender x articleType,Girls | Sandals,9,6,0.2222222222222222
CompactBlurCNN,4,validation,gender x articleType,Girls | Shorts,6,4,0.5
CompactBlurCNN,4,validation,gender x articleType,Girls | Skirts,4,2,0.0
CompactBlurCNN,4,validation,gender x articleType,Girls | Tops,38,18,0.5789473684210527
CompactBlurCNN,4,validation,gender x articleType,Girls | Tshirts,17,13,0.6470588235294118
CompactBlurCNN,4,validation,gender x articleType,Girls | Watches,1,1,1.0
CompactBlurCNN,4,validation,gender x articleType,Men | Accessory Gift Set,18,6,1.0
CompactBlurCNN,4,validation,gender x articleType,Men | Backpacks,11,7,0.0
CompactBlurCNN,4,validation,gender x articleType,Men | Bangle,13,1,0.3076923076923077
CompactBlurCNN,4,validation,gender x articleType,Men | Belts,94,53,0.8936170212765957
CompactBlurCNN,4,validation,gender x articleType,Men | Blazers,1,1,1.0
CompactBlurCNN,4,validation,gender x articleType,Men | Boxers,7,6,1.0
CompactBlurCNN,4,validation,gender x articleType,Men | Briefs,87,61,1.0
CompactBlurCNN,4,validation,gender x articleType,Men | Caps,21,17,0.42857142857142855
CompactBlurCNN,4,validation,gender x articleType,Men | Casual Shoes,354,263,0.9519774011299436
CompactBlurCNN,4,validation,gender x articleType,Men | Cufflinks,7,2,0.7142857142857143
CompactBlurCNN,4,validation,gender x articleType,Men | Deodorant,30,29,0.7666666666666667
CompactBlurCNN,4,validation,gender x articleType,Men | Flip Flops,83,70,0.927710843373494
CompactBlurCNN,4,validation,gender x articleType,Men | Formal Shoes,102,45,0.9901960784313726
CompactBlurCNN,4,validation,gender x articleType,Men | Fragrance Gift Set,7,7,0.8571428571428571
CompactBlurCNN,4,validation,gender x articleType,Men | Free Gifts,5,4,0.8
CompactBlurCNN,4,validation,gender x articleType,Men | Gloves,2,2,1.0
CompactBlurCNN,4,validation,gender x articleType,Men | Heels,1,1,1.0
CompactBlurCNN,4,validation,gender x articleType,Men | Innerwear Vests,39,30,1.0
CompactBlurCNN,4,validation,gender x articleType,Men | Jackets,20,18,1.0
CompactBlurCNN,4,validation,gender x articleType,Men | Jeans,55,26,0.9636363636363636
CompactBlurCNN,4,validation,gender x articleType,Men | Kurtas,15,11,0.8666666666666667
CompactBlurCNN,4,validation,gender x articleType,Men | Laptop Bag,1,1,0.0
CompactBlurCNN,4,validation,gender x articleType,Men | Lounge Pants,7,7,0.7142857142857143
CompactBlurCNN,4,validation,gender x articleType,Men | Lounge Shorts,3,3,0.6666666666666666
CompactBlurCNN,4,validation,gender x articleType,Men | Messenger Bag,2,2,0.0
CompactBlurCNN,4,validation,gender x articleType,Men | Mufflers,5,4,0.8
CompactBlurCNN,4,validation,gender x articleType,Men | Nehru Jackets,1,1,1.0
CompactBlurCNN,4,validation,gender x articleType,Men | Night suits,3,2,0.6666666666666666
CompactBlurCNN,4,validation,gender x articleType,Men | Perfume and Body Mist,52,45,0.8461538461538461
CompactBlurCNN,4,validation,gender x articleType,Men | Rain Trousers,1,1,1.0
CompactBlurCNN,4,validation,gender x articleType,Men | Sandals,124,75,0.9435483870967742
CompactBlurCNN,4,validation,gender x articleType,Men | Scarves,3,3,0.6666666666666666
CompactBlurCNN,4,validation,gender x articleType,Men | Shirts,461,261,0.9956616052060737
CompactBlurCNN,4,validation,gender x articleType,Men | Shorts,63,49,0.8095238095238095
CompactBlurCNN,4,validation,gender x articleType,Men | Socks,82,40,0.8536585365853658
CompactBlurCNN,4,validation,gender x articleType,Men | Sports Sandals,5,5,1.0
CompactBlurCNN,4,validation,gender x articleType,Men | Sports Shoes,261,239,0.9578544061302682
CompactBlurCNN,4,validation,gender x articleType,Men | Sunglasses,121,46,0.8677685950413223
CompactBlurCNN,4,validation,gender x articleType,Men | Suspenders,7,4,1.0
CompactBlurCNN,4,validation,gender x articleType,Men | Sweaters,33,28,1.0
CompactBlurCNN,4,validation,gender x articleType,Men | Sweatshirts,34,29,0.9705882352941176
CompactBlurCNN,4,validation,gender x articleType,Men | Ties,35,17,0.9142857142857143
CompactBlurCNN,4,validation,gender x articleType,Men | Tops,1,1,1.0
CompactBlurCNN,4,validation,gender x articleType,Men | Track Pants,34,24,0.9117647058823529
CompactBlurCNN,4,validation,gender x articleType,Men | Tracksuits,5,4,1.0
CompactBlurCNN,4,validation,gender x articleType,Men | Trousers,69,42,0.9420289855072463
CompactBlurCNN,4,validation,gender x articleType,Men | Trunk,23,17,1.0
CompactBlurCNN,4,validation,gender x articleType,Men | Tshirts,862,698,0.9640371229698376
CompactBlurCNN,4,validation,gender x articleType,Men | Waistcoat,2,1,1.0
CompactBlurCNN,4,validation,gender x articleType,Men | Wallets,66,27,0.8939393939393939
CompactBlurCNN,4,validation,gender x articleType,Men | Watches,213,141,0.8873239436619719
CompactBlurCNN,4,validation,gender x articleType,Men | Water Bottle,1,1,1.0
CompactBlurCNN,4,validation,gender x articleType,Unisex | Backpacks,109,75,0.8807339449541285
CompactBlurCNN,4,validation,gender x articleType,Unisex | Basketballs,2,2,0.5
CompactBlurCNN,4,validation,gender x articleType,Unisex | Belts,2,2,0.0
CompactBlurCNN,4,validation,gender x articleType,Unisex | Caps,21,20,0.6666666666666666
CompactBlurCNN,4,validation,gender x articleType,Unisex | Casual Shoes,36,34,0.19444444444444445
CompactBlurCNN,4,validation,gender x articleType,Unisex | Cushion Covers,1,1,0.0
CompactBlurCNN,4,validation,gender x articleType,Unisex | Duffel Bag,11,9,0.6363636363636364
CompactBlurCNN,4,validation,gender x articleType,Unisex | Flip Flops,24,21,0.4166666666666667
CompactBlurCNN,4,validation,gender x articleType,Unisex | Footballs,1,1,0.0
CompactBlurCNN,4,validation,gender x articleType,Unisex | Handbags,12,11,0.25
CompactBlurCNN,4,validation,gender x articleType,Unisex | Headband,1,1,0.0
CompactBlurCNN,4,validation,gender x articleType,Unisex | Laptop Bag,11,7,0.45454545454545453
CompactBlurCNN,4,validation,gender x articleType,Unisex | Messenger Bag,5,5,0.6
CompactBlurCNN,4,validation,gender x articleType,Unisex | Rucksacks,2,2,1.0
CompactBlurCNN,4,validation,gender x articleType,Unisex | Sandals,16,14,0.375
CompactBlurCNN,4,validation,gender x articleType,Unisex | Scarves,3,3,0.0
CompactBlurCNN,4,validation,gender x articleType,Unisex | Shoe Accessories,4,4,0.0
CompactBlurCNN,4,validation,gender x articleType,Unisex | Socks,12,11,0.08333333333333333
CompactBlurCNN,4,validation,gender x articleType,Unisex | Sports Shoes,9,9,0.0
CompactBlurCNN,4,validation,gender x articleType,Unisex | Sunglasses,24,17,0.125
CompactBlurCNN,4,validation,gender x articleType,Unisex | Swimwear,2,2,0.0
CompactBlurCNN,4,validation,gender x articleType,Unisex | Tablet Sleeve,1,1,0.0
CompactBlurCNN,4,validation,gender x articleType,Unisex | Travel Accessory,1,1,1.0
CompactBlurCNN,4,validation,gender x articleType,Unisex | Trolley Bag,1,1,0.0
CompactBlurCNN,4,validation,gender x articleType,Unisex | Tshirts,11,10,0.0
CompactBlurCNN,4,validation,gender x articleType,Unisex | Waist Pouch,3,3,0.3333333333333333
CompactBlurCNN,4,validation,gender x articleType,Unisex | Wallets,4,2,0.0
CompactBlurCNN,4,validation,gender x articleType,Unisex | Watches,22,20,0.3181818181818182
CompactBlurCNN,4,validation,gender x articleType,Unisex | Water Bottle,1,1,0.0
CompactBlurCNN,4,validation,gender x articleType,Unisex | Wristbands,1,1,0.0
CompactBlurCNN,4,validation,gender x articleType,Women | Backpacks,6,4,0.3333333333333333
CompactBlurCNN,4,validation,gender x articleType,Women | Belts,40,27,0.6
CompactBlurCNN,4,validation,gender x articleType,Women | Bra,50,39,0.98
CompactBlurCNN,4,validation,gender x articleType,Women | Bracelet,7,2,0.8571428571428571
CompactBlurCNN,4,validation,gender x articleType,Women | Briefs,26,18,0.9615384615384616
CompactBlurCNN,4,validation,gender x articleType,Women | Camisoles,3,3,1.0
CompactBlurCNN,4,validation,gender x articleType,Women | Capris,19,17,0.7368421052631579
CompactBlurCNN,4,validation,gender x articleType,Women | Caps,4,4,0.5
CompactBlurCNN,4,validation,gender x articleType,Women | Casual Shoes,52,46,0.7115384615384616
CompactBlurCNN,4,validation,gender x articleType,Women | Churidar,6,6,1.0
CompactBlurCNN,4,validation,gender x articleType,Women | Clutches,38,31,0.9473684210526315
CompactBlurCNN,4,validation,gender x articleType,Women | Concealer,2,1,1.0
CompactBlurCNN,4,validation,gender x articleType,Women | Deodorant,19,16,0.8421052631578947
CompactBlurCNN,4,validation,gender x articleType,Women | Dresses,49,40,0.9183673469387755
CompactBlurCNN,4,validation,gender x articleType,Women | Duffel Bag,3,3,0.6666666666666666
CompactBlurCNN,4,validation,gender x articleType,Women | Dupatta,19,15,1.0
CompactBlurCNN,4,validation,gender x articleType,Women | Earrings,45,3,0.9777777777777777
CompactBlurCNN,4,validation,gender x articleType,Women | Eyeshadow,1,1,1.0
CompactBlurCNN,4,validation,gender x articleType,Women | Flats,72,48,0.9305555555555556
CompactBlurCNN,4,validation,gender x articleType,Women | Flip Flops,38,28,0.7368421052631579
CompactBlurCNN,4,validation,gender x articleType,Women | Foundation and Primer,2,1,1.0
CompactBlurCNN,4,validation,gender x articleType,Women | Fragrance Gift Set,2,2,1.0
CompactBlurCNN,4,validation,gender x articleType,Women | Free Gifts,5,3,0.4
CompactBlurCNN,4,validation,gender x articleType,Women | Handbags,234,146,0.9273504273504274
CompactBlurCNN,4,validation,gender x articleType,Women | Heels,182,92,0.989010989010989
CompactBlurCNN,4,validation,gender x articleType,Women | Jackets,16,15,0.875
CompactBlurCNN,4,validation,gender x articleType,Women | Jeans,30,19,0.9666666666666667
CompactBlurCNN,4,validation,gender x articleType,Women | Jeggings,4,3,1.0
CompactBlurCNN,4,validation,gender x articleType,Women | Jewellery Set,6,3,1.0
CompactBlurCNN,4,validation,gender x articleType,Women | Jumpsuit,2,2,1.0
CompactBlurCNN,4,validation,gender x articleType,Women | Kajal and Eyeliner,2,2,1.0
CompactBlurCNN,4,validation,gender x articleType,Women | Kurta Sets,12,11,1.0
CompactBlurCNN,4,validation,gender x articleType,Women | Kurtas,251,129,1.0
CompactBlurCNN,4,validation,gender x articleType,Women | Kurtis,34,27,1.0
CompactBlurCNN,4,validation,gender x articleType,Women | Laptop Bag,1,1,1.0
CompactBlurCNN,4,validation,gender x articleType,Women | Leggings,25,21,1.0
CompactBlurCNN,4,validation,gender x articleType,Women | Lip Gloss,1,1,1.0
CompactBlurCNN,4,validation,gender x articleType,Women | Lip Liner,4,1,1.0
CompactBlurCNN,4,validation,gender x articleType,Women | Lipstick,4,1,1.0
CompactBlurCNN,4,validation,gender x articleType,Women | Lounge Pants,2,2,1.0
CompactBlurCNN,4,validation,gender x articleType,Women | Lounge Shorts,3,2,0.6666666666666666
CompactBlurCNN,4,validation,gender x articleType,Women | Mobile Pouch,8,8,0.75
CompactBlurCNN,4,validation,gender x articleType,Women | Mufflers,1,1,1.0
CompactBlurCNN,4,validation,gender x articleType,Women | Nail Polish,3,3,1.0
CompactBlurCNN,4,validation,gender x articleType,Women | Necklace and Chains,11,8,0.8181818181818182
CompactBlurCNN,4,validation,gender x articleType,Women | Night suits,9,6,1.0
CompactBlurCNN,4,validation,gender x articleType,Women | Nightdress,7,6,1.0
CompactBlurCNN,4,validation,gender x articleType,Women | Patiala,5,3,1.0
CompactBlurCNN,4,validation,gender x articleType,Women | Pendant,28,1,1.0
CompactBlurCNN,4,validation,gender x articleType,Women | Perfume and Body Mist,43,36,0.7209302325581395
CompactBlurCNN,4,validation,gender x articleType,Women | Ring,3,1,1.0
CompactBlurCNN,4,validation,gender x articleType,Women | Salwar,6,4,1.0
CompactBlurCNN,4,validation,gender x articleType,Women | Salwar and Dupatta,1,1,1.0
CompactBlurCNN,4,validation,gender x articleType,Women | Sarees,25,22,1.0
CompactBlurCNN,4,validation,gender x articleType,Women | Scarves,12,9,0.6666666666666666
CompactBlurCNN,4,validation,gender x articleType,Women | Shirts,46,36,1.0
CompactBlurCNN,4,validation,gender x articleType,Women | Shorts,12,11,0.5833333333333334
CompactBlurCNN,4,validation,gender x articleType,Women | Skirts,15,14,0.8
CompactBlurCNN,4,validation,gender x articleType,Women | Socks,10,8,0.8
CompactBlurCNN,4,validation,gender x articleType,Women | Sports Sandals,6,6,0.5
CompactBlurCNN,4,validation,gender x articleType,Women | Sports Shoes,66,63,0.6060606060606061
CompactBlurCNN,4,validation,gender x articleType,Women | Stockings,4,2,1.0
CompactBlurCNN,4,validation,gender x articleType,Women | Stoles,14,10,0.9285714285714286
CompactBlurCNN,4,validation,gender x articleType,Women | Sunglasses,41,21,0.8780487804878049
CompactBlurCNN,4,validation,gender x articleType,Women | Sweaters,13,11,1.0
CompactBlurCNN,4,validation,gender x articleType,Women | Sweatshirts,12,11,0.8333333333333334
CompactBlurCNN,4,validation,gender x articleType,Women | Swimwear,1,1,1.0
CompactBlurCNN,4,validation,gender x articleType,Women | Tights,2,2,1.0
CompactBlurCNN,4,validation,gender x articleType,Women | Tops,236,174,0.9533898305084746
CompactBlurCNN,4,validation,gender x articleType,Women | Track Pants,15,15,0.8
CompactBlurCNN,4,validation,gender x articleType,Women | Travel Accessory,1,1,1.0
CompactBlurCNN,4,validation,gender x articleType,Women | Trousers,17,14,0.9411764705882353
CompactBlurCNN,4,validation,gender x articleType,Women | Tshirts,172,151,0.9476744186046512
CompactBlurCNN,4,validation,gender x articleType,Women | Tunics,29,26,0.9655172413793104
CompactBlurCNN,4,validation,gender x articleType,Women | Umbrellas,2,1,0.5
CompactBlurCNN,4,validation,gender x articleType,Women | Wallets,71,52,0.9014084507042254
CompactBlurCNN,4,validation,gender x articleType,Women | Watches,137,101,0.7956204379562044
CompactBlurCNN,4,validation,gender x family_size_bin,Boys | 1,56,56,0.5535714285714286
CompactBlurCNN,4,validation,gender x family_size_bin,Boys | 2-3,51,22,0.5882352941176471
CompactBlurCNN,4,validation,gender x family_size_bin,Boys | 4+,31,4,0.9032258064516129
CompactBlurCNN,4,validation,gender x family_size_bin,Girls | 1,41,41,0.4634146341463415
CompactBlurCNN,4,validation,gender x family_size_bin,Girls | 2-3,45,19,0.4444444444444444
CompactBlurCNN,4,validation,gender x family_size_bin,Girls | 4+,23,4,0.6521739130434783
CompactBlurCNN,4,validation,gender x family_size_bin,Men | 1,2060,2060,0.9339805825242719
CompactBlurCNN,4,validation,gender x family_size_bin,Men | 2-3,678,303,0.93952802359882
CompactBlurCNN,4,validation,gender x family_size_bin,Men | 4+,814,106,0.9336609336609336
CompactBlurCNN,4,validation,gender x family_size_bin,Unisex | 1,259,259,0.41312741312741313
CompactBlurCNN,4,validation,gender x family_size_bin,Unisex | 2-3,57,26,0.5614035087719298
CompactBlurCNN,4,validation,gender x family_size_bin,Unisex | 4+,37,6,0.7567567567567568
CompactBlurCNN,4,validation,gender x family_size_bin,Women | 1,1379,1379,0.8774474256707759
CompactBlurCNN,4,validation,gender x family_size_bin,Women | 2-3,465,206,0.9247311827956989
CompactBlurCNN,4,validation,gender x family_size_bin,Women | 4+,561,79,0.9625668449197861
