id,y_true,i2_prediction,rf_prediction
1525,Fall,Summer,Summer
1532,Fall,Summer,Summer
1534,Fall,Fall,Fall
1550,Fall,Fall,Fall
1561,Fall,Summer,Summer
1579,Fall,Fall,Fall
1587,Spring,Summer,Summer
1588,Fall,Summer,Fall
1592,Summer,Fall,Fall
1595,Spring,Summer,Fall
1597,Summer,Summer,Summer
1608,Fall,Fall,Fall
1616,Summer,Summer,Fall
1621,Fall,Fall,Fall
1624,Summer,Summer,Summer
1634,Fall,Summer,Summer
1641,Fall,Summer,Summer
1644,Fall,Summer,Summer
1657,Fall,Summer,Summer
1727,Winter,Summer,Summer
1754,Fall,Summer,Summer
1757,Fall,Fall,Fall
1760,Fall,Summer,Fall
1788,Fall,Summer,Summer
1793,Summer,Summer,Summer
1798,Fall,Fall,Fall
1801,Summer,Summer,Summer
1802,Spring,Fall,Fall
1806,Spring,Fall,Fall
1845,Summer,Summer,Fall
1848,Summer,Fall,Fall
1859,Summer,Summer,Summer
1862,Summer,Summer,Fall
1871,Winter,Winter,Winter
1877,Winter,Fall,Fall
1882,Winter,Summer,Fall
1889,Winter,Fall,Fall
1904,Winter,Winter,Fall
1909,Fall,Summer,Summer
1918,Fall,Summer,Summer
1923,Fall,Summer,Fall
1932,Fall,Winter,Winter
1938,Fall,Winter,Winter
1986,Fall,Fall,Fall
1988,Fall,Fall,Fall
1990,Summer,Fall,Fall
1991,Fall,Fall,Fall
1996,Fall,Winter,Fall
2006,Fall,Winter,Fall
2023,Fall,Fall,Fall
2034,Fall,Fall,Fall
2037,Fall,Fall,Fall
2041,Fall,Fall,Fall
2044,Fall,Fall,Fall
2045,Fall,Winter,Fall
2046,Fall,Winter,Fall
2056,Winter,Winter,Winter
2057,Winter,Fall,Fall
2059,Winter,Winter,Fall
2060,Winter,Fall,Fall
2096,Winter,Summer,Winter
2109,Fall,Fall,Fall
2116,Fall,Fall,Fall
2147,Spring,Spring,Spring
2148,Spring,Spring,Spring
2159,Spring,Spring,Spring
2180,Summer,Spring,Spring
2184,Summer,Summer,Summer
2190,Fall,Summer,Summer
2191,Fall,Summer,Summer
2193,Fall,Fall,Fall
2194,Fall,Fall,Fall
2195,Fall,Summer,Summer
2197,Fall,Summer,Summer
2201,Fall,Fall,Fall
2204,Fall,Summer,Summer
2210,Fall,Fall,Fall
2220,Fall,Fall,Fall
2233,Fall,Fall,Fall
2238,Fall,Summer,Summer
2242,Fall,Fall,Fall
2247,Winter,Summer,Summer
2257,Fall,Fall,Fall
2259,Fall,Fall,Fall
2271,Fall,Fall,Fall
2273,Summer,Summer,Summer
2299,Fall,Fall,Fall
2307,Fall,Fall,Fall
2336,Fall,Spring,Fall
2337,Fall,Fall,Fall
2346,Fall,Fall,Fall
2351,Fall,Fall,Fall
2362,Summer,Fall,Fall
2366,Winter,Summer,Summer
2369,Winter,Winter,Winter
2381,Winter,Winter,Winter
2382,Winter,Winter,Winter
2391,Winter,Winter,Winter
2403,Fall,Fall,Fall
2483,Fall,Summer,Summer
2484,Fall,Summer,Summer
2486,Fall,Summer,Summer
2491,Fall,Fall,Fall
2496,Fall,Fall,Fall
2507,Fall,Fall,Fall
2542,Summer,Fall,Fall
2545,Summer,Summer,Summer
2551,Summer,Fall,Fall
2552,Fall,Summer,Summer
2572,Summer,Summer,Summer
2587,Summer,Summer,Summer
2602,Fall,Summer,Fall
2605,Fall,Fall,Fall
2608,Winter,Summer,Summer
2615,Fall,Fall,Fall
2617,Summer,Summer,Summer
2630,Fall,Winter,Winter
2632,Fall,Summer,Fall
2639,Fall,Fall,Fall
2647,Winter,Winter,Winter
2648,Winter,Winter,Winter
2653,Winter,Winter,Winter
2663,Winter,Winter,Fall
2668,Winter,Winter,Winter
2669,Winter,Winter,Winter
2694,Summer,Fall,Fall
2701,Summer,Summer,Summer
2706,Summer,Summer,Summer
2718,Summer,Summer,Summer
2738,Summer,Summer,Fall
2766,Summer,Summer,Summer
2778,Summer,Winter,Fall
2786,Summer,Summer,Summer
2787,Summer,Summer,Summer
2802,Fall,Winter,Winter
2803,Fall,Fall,Fall
2825,Summer,Fall,Winter
2837,Summer,Summer,Summer
2844,Summer,Summer,Summer
2853,Summer,Summer,Summer
2882,Winter,Winter,Winter
2892,Winter,Winter,Winter
2900,Winter,Winter,Winter
2903,Winter,Winter,Winter
2922,Fall,Fall,Fall
2975,Fall,Fall,Fall
2977,Summer,Spring,Summer
2979,Fall,Fall,Fall
2985,Fall,Summer,Summer
2986,Fall,Summer,Summer
3017,Summer,Summer,Summer
3045,Summer,Summer,Summer
3046,Summer,Summer,Summer
3047,Summer,Summer,Summer
3059,Summer,Summer,Summer
3061,Summer,Summer,Summer
3080,Summer,Summer,Summer
3082,Summer,Summer,Summer
3098,Summer,Summer,Summer
3107,Summer,Summer,Summer
3108,Summer,Summer,Summer
3120,Summer,Summer,Summer
3135,Winter,Winter,Winter
3139,Winter,Winter,Winter
3193,Summer,Summer,Summer
3211,Summer,Summer,Summer
3213,Summer,Fall,Fall
3227,Fall,Fall,Fall
3229,Fall,Fall,Fall
3236,Fall,Summer,Summer
3239,Fall,Summer,Summer
3247,Fall,Fall,Fall
3255,Fall,Winter,Fall
3260,Summer,Summer,Summer
3266,Summer,Summer,Summer
3271,Summer,Summer,Summer
3272,Summer,Summer,Summer
3275,Summer,Summer,Summer
3276,Summer,Summer,Summer
3280,Summer,Summer,Summer
3289,Summer,Summer,Summer
3291,Summer,Summer,Summer
3307,Spring,Spring,Spring
3312,Spring,Spring,Summer
3314,Summer,Summer,Summer
3315,Summer,Summer,Summer
3318,Summer,Summer,Summer
3327,Summer,Summer,Summer
3334,Summer,Summer,Summer
3342,Summer,Summer,Summer
3344,Summer,Summer,Summer
3348,Summer,Summer,Summer
3352,Summer,Summer,Summer
3359,Summer,Summer,Summer
3361,Summer,Summer,Summer
3362,Summer,Summer,Summer
3367,Spring,Spring,Spring
3371,Spring,Fall,Spring
3390,Winter,Winter,Winter
3396,Winter,Winter,Winter
3402,Winter,Winter,Winter
3404,Winter,Winter,Winter
3412,Summer,Summer,Summer
3418,Summer,Summer,Summer
3420,Summer,Summer,Summer
3423,Summer,Summer,Summer
3432,Summer,Summer,Summer
3448,Summer,Summer,Summer
3450,Summer,Summer,Summer
3458,Summer,Summer,Summer
3460,Summer,Summer,Summer
3464,Winter,Winter,Winter
3472,Fall,Summer,Summer
3478,Fall,Summer,Summer
3481,Fall,Fall,Fall
3496,Summer,Summer,Summer
3497,Summer,Summer,Summer
3498,Fall,Fall,Fall
3506,Fall,Fall,Fall
3518,Summer,Summer,Summer
3544,Summer,Summer,Summer
3547,Winter,Summer,Summer
3563,Winter,Summer,Summer
3564,Winter,Summer,Winter
3571,Summer,Summer,Summer
3576,Summer,Summer,Summer
3580,Summer,Summer,Summer
3583,Summer,Fall,Fall
3589,Summer,Fall,Fall
3590,Summer,Fall,Fall
3592,Summer,Fall,Fall
3604,Summer,Summer,Summer
3608,Summer,Fall,Fall
3617,Summer,Summer,Summer
3632,Summer,Fall,Fall
3633,Summer,Fall,Fall
3635,Fall,Summer,Summer
3636,Summer,Fall,Fall
3638,Summer,Summer,Summer
3649,Fall,Fall,Fall
3651,Summer,Summer,Summer
3688,Summer,Summer,Summer
3699,Summer,Summer,Summer
3702,Summer,Summer,Summer
3708,Summer,Summer,Summer
3710,Summer,Summer,Summer
3714,Summer,Summer,Summer
3717,Summer,Summer,Summer
3720,Summer,Summer,Summer
3729,Summer,Summer,Summer
3736,Fall,Summer,Summer
3744,Summer,Summer,Summer
3755,Summer,Summer,Summer
3764,Summer,Summer,Summer
3768,Summer,Summer,Summer
3773,Summer,Summer,Summer
3779,Summer,Summer,Summer
3782,Summer,Summer,Summer
3783,Summer,Summer,Summer
3791,Summer,Summer,Summer
3795,Fall,Summer,Summer
3796,Summer,Summer,Summer
3805,Summer,Summer,Summer
3807,Summer,Summer,Summer
3823,Summer,Summer,Summer
3832,Summer,Summer,Summer
3833,Summer,Winter,Summer
3839,Summer,Fall,Fall
3849,Summer,Summer,Summer
3874,Summer,Summer,Summer
3883,Summer,Summer,Summer
3885,Summer,Summer,Summer
3886,Summer,Summer,Summer
3891,Summer,Summer,Summer
3895,Summer,Summer,Summer
3896,Summer,Summer,Summer
3898,Summer,Summer,Summer
3909,Summer,Summer,Fall
3912,Summer,Fall,Fall
3918,Summer,Fall,Fall
3927,Summer,Summer,Summer
3953,Summer,Summer,Summer
3958,Summer,Summer,Summer
3961,Summer,Summer,Summer
3969,Summer,Summer,Summer
3971,Summer,Summer,Summer
3973,Summer,Summer,Summer
3982,Summer,Summer,Summer
3983,Summer,Summer,Summer
3992,Summer,Summer,Summer
4002,Summer,Summer,Summer
4003,Summer,Summer,Summer
4011,Summer,Fall,Fall
4017,Summer,Summer,Summer
4022,Summer,Summer,Summer
4035,Summer,Summer,Summer
4038,Summer,Summer,Summer
4048,Summer,Summer,Summer
4061,Summer,Summer,Summer
4062,Summer,Summer,Summer
4082,Summer,Summer,Summer
4085,Summer,Summer,Summer
4086,Summer,Summer,Summer
4106,Summer,Winter,Winter
4110,Summer,Summer,Summer
4113,Summer,Summer,Summer
4114,Summer,Summer,Summer
4120,Summer,Summer,Summer
4121,Summer,Summer,Summer
4130,Summer,Summer,Summer
4138,Winter,Fall,Fall
4160,Summer,Fall,Fall
4189,Summer,Summer,Summer
4196,Summer,Summer,Summer
4203,Summer,Summer,Summer
4207,Summer,Summer,Summer
4213,Summer,Summer,Summer
4215,Summer,Summer,Summer
4224,Summer,Summer,Summer
4227,Summer,Summer,Summer
4228,Summer,Summer,Summer
4233,Summer,Summer,Summer
4237,Summer,Summer,Summer
4240,Summer,Summer,Summer
4241,Summer,Summer,Summer
4248,Summer,Summer,Summer
4253,Summer,Summer,Summer
4259,Summer,Summer,Summer
4261,Summer,Summer,Summer
4262,Summer,Summer,Summer
4276,Summer,Summer,Summer
4278,Summer,Summer,Summer
4293,Summer,Summer,Summer
4297,Summer,Summer,Summer
4304,Summer,Summer,Summer
4313,Summer,Summer,Fall
4314,Summer,Summer,Summer
4317,Summer,Summer,Summer
4331,Summer,Summer,Summer
4336,Summer,Summer,Summer
4337,Summer,Summer,Summer
4339,Summer,Summer,Summer
4351,Summer,Summer,Summer
4352,Summer,Fall,Fall
4353,Summer,Summer,Summer
4367,Summer,Fall,Fall
4370,Summer,Summer,Summer
4373,Summer,Summer,Summer
4378,Summer,Summer,Summer
4380,Summer,Summer,Summer
4381,Summer,Summer,Summer
4398,Summer,Summer,Summer
4406,Summer,Summer,Summer
4409,Summer,Summer,Summer
4412,Summer,Summer,Summer
4419,Summer,Summer,Summer
4421,Summer,Summer,Summer
4438,Summer,Summer,Summer
4441,Fall,Summer,Summer
4444,Summer,Summer,Summer
4451,Summer,Fall,Fall
4453,Summer,Fall,Summer
4455,Summer,Summer,Summer
4466,Summer,Summer,Summer
4468,Summer,Summer,Summer
4469,Summer,Summer,Summer
4471,Summer,Summer,Summer
4475,Summer,Summer,Summer
4482,Summer,Summer,Summer
4494,Summer,Fall,Fall
4504,Summer,Summer,Summer
4507,Summer,Summer,Summer
4509,Winter,Summer,Summer
4516,Summer,Summer,Summer
4521,Summer,Summer,Summer
4524,Summer,Fall,Fall
4528,Summer,Summer,Summer
4536,Summer,Summer,Summer
4544,Summer,Summer,Summer
4558,Summer,Summer,Summer
4567,Summer,Summer,Summer
4573,Summer,Winter,Winter
4576,Summer,Summer,Summer
4580,Summer,Summer,Summer
4584,Winter,Summer,Summer
4585,Winter,Summer,Summer
4590,Winter,Winter,Winter
4600,Winter,Summer,Summer
4604,Winter,Summer,Summer
4621,Summer,Summer,Summer
4634,Summer,Summer,Summer
4637,Summer,Summer,Summer
4638,Summer,Summer,Summer
4641,Summer,Summer,Summer
4655,Summer,Fall,Fall
4658,Summer,Winter,Winter
4662,Summer,Summer,Summer
4670,Summer,Summer,Summer
4677,Summer,Winter,Winter
4683,Summer,Summer,Summer
4695,Winter,Winter,Winter
4699,Winter,Winter,Winter
4702,Winter,Winter,Winter
4703,Winter,Winter,Winter
4712,Winter,Winter,Winter
4717,Summer,Summer,Summer
4719,Summer,Summer,Summer
4720,Summer,Summer,Summer
4727,Summer,Summer,Summer
4732,Summer,Winter,Winter
4746,Summer,Summer,Summer
4757,Summer,Summer,Summer
4769,Summer,Summer,Summer
4780,Summer,Summer,Summer
4797,Summer,Summer,Summer
4798,Summer,Summer,Summer
4799,Summer,Summer,Summer
4800,Summer,Summer,Summer
4803,Summer,Summer,Summer
4804,Summer,Summer,Summer
4829,Summer,Summer,Summer
4854,Winter,Fall,Fall
4864,Summer,Summer,Summer
4867,Summer,Summer,Summer
4880,Summer,Summer,Summer
4888,Summer,Fall,Fall
4889,Summer,Fall,Fall
4897,Summer,Summer,Summer
4906,Summer,Summer,Summer
4915,Summer,Summer,Fall
4916,Summer,Fall,Fall
4942,Summer,Summer,Summer
4954,Summer,Summer,Summer
4965,Summer,Summer,Fall
4967,Summer,Summer,Summer
4968,Summer,Summer,Summer
5004,Summer,Summer,Summer
5005,Summer,Summer,Summer
5008,Summer,Summer,Summer
5037,Winter,Summer,Summer
5043,Summer,Summer,Summer
5079,Winter,Winter,Winter
5081,Winter,Winter,Winter
5101,Summer,Summer,Summer
5104,Summer,Summer,Summer
5116,Summer,Summer,Summer
5119,Summer,Summer,Summer
5131,Summer,Summer,Summer
5133,Summer,Summer,Summer
5134,Summer,Summer,Summer
5138,Summer,Summer,Summer
5170,Summer,Summer,Summer
5171,Summer,Summer,Summer
5199,Summer,Summer,Summer
5210,Summer,Summer,Summer
5218,Winter,Summer,Summer
5227,Winter,Fall,Fall
5238,Summer,Summer,Summer
5240,Summer,Summer,Summer
5242,Summer,Summer,Summer
5252,Summer,Winter,Winter
5253,Winter,Summer,Summer
5261,Summer,Summer,Summer
5288,Summer,Winter,Winter
5290,Summer,Summer,Winter
5301,Summer,Winter,Winter
5316,Winter,Winter,Winter
5317,Winter,Winter,Winter
5320,Summer,Summer,Summer
5324,Summer,Summer,Summer
5327,Summer,Summer,Summer
5332,Summer,Fall,Fall
5336,Summer,Summer,Summer
5352,Summer,Fall,Summer
5394,Summer,Fall,Fall
5410,Summer,Fall,Fall
5411,Fall,Fall,Fall
5436,Summer,Summer,Summer
5447,Summer,Summer,Summer
5449,Summer,Summer,Summer
5454,Summer,Summer,Summer
5466,Summer,Summer,Summer
5467,Summer,Summer,Summer
5482,Summer,Summer,Summer
5485,Summer,Summer,Summer
5501,Summer,Summer,Summer
5502,Summer,Summer,Summer
5515,Summer,Summer,Summer
5516,Summer,Summer,Summer
5544,Summer,Fall,Fall
5558,Summer,Summer,Summer
5575,Summer,Summer,Summer
5581,Summer,Summer,Summer
5600,Summer,Summer,Summer
5627,Summer,Summer,Summer
5638,Summer,Summer,Summer
5660,Summer,Summer,Summer
5667,Summer,Summer,Summer
5668,Summer,Summer,Summer
5669,Summer,Summer,Summer
5676,Winter,Summer,Summer
5680,Winter,Summer,Winter
5683,Winter,Summer,Summer
5690,Winter,Fall,Fall
5692,Winter,Winter,Winter
5704,Winter,Winter,Winter
5709,Summer,Summer,Summer
5717,Summer,Summer,Summer
5742,Summer,Summer,Summer
5743,Summer,Summer,Summer
5746,Summer,Summer,Summer
5751,Summer,Summer,Summer
5754,Summer,Summer,Summer
5757,Summer,Summer,Summer
5763,Summer,Summer,Summer
5764,Summer,Summer,Summer
5768,Summer,Summer,Summer
5771,Summer,Summer,Summer
5775,Summer,Summer,Summer
5790,Summer,Summer,Summer
5806,Summer,Summer,Summer
5810,Summer,Summer,Summer
5818,Summer,Summer,Summer
5819,Summer,Summer,Summer
5835,Summer,Summer,Summer
5837,Summer,Summer,Summer
5842,Summer,Summer,Summer
5852,Summer,Summer,Summer
5856,Summer,Winter,Winter
5866,Summer,Summer,Summer
5875,Summer,Summer,Summer
5876,Summer,Fall,Summer
5896,Summer,Summer,Summer
5904,Summer,Summer,Summer
5921,Summer,Summer,Summer
5923,Summer,Summer,Summer
5934,Summer,Summer,Summer
5939,Summer,Summer,Summer
5952,Summer,Summer,Summer
5956,Summer,Summer,Summer
5966,Summer,Summer,Summer
5970,Summer,Summer,Summer
5975,Summer,Summer,Summer
5993,Summer,Summer,Summer
6009,Summer,Summer,Summer
6010,Summer,Summer,Summer
6016,Summer,Summer,Summer
6021,Summer,Summer,Summer
6022,Summer,Summer,Summer
6025,Summer,Summer,Summer
6031,Summer,Summer,Summer
6037,Summer,Summer,Summer
6038,Summer,Summer,Summer
6060,Summer,Summer,Summer
6065,Summer,Fall,Fall
6073,Summer,Summer,Summer
6082,Summer,Summer,Summer
6089,Summer,Summer,Summer
6092,Summer,Summer,Summer
6100,Summer,Summer,Summer
6104,Summer,Summer,Summer
6117,Summer,Summer,Summer
6133,Summer,Summer,Summer
6145,Summer,Summer,Summer
6147,Summer,Summer,Summer
6156,Summer,Summer,Summer
6157,Summer,Summer,Summer
6166,Summer,Summer,Summer
6171,Summer,Summer,Summer
6175,Summer,Fall,Fall
6176,Summer,Summer,Summer
6201,Winter,Summer,Summer
6217,Summer,Summer,Summer
6228,Summer,Summer,Summer
6229,Summer,Summer,Summer
6232,Summer,Summer,Summer
6239,Summer,Summer,Summer
6257,Winter,Fall,Fall
6274,Summer,Summer,Summer
6282,Summer,Summer,Summer
6283,Summer,Summer,Summer
6286,Summer,Summer,Summer
6287,Summer,Summer,Summer
6288,Summer,Winter,Winter
6291,Summer,Summer,Summer
6294,Summer,Summer,Summer
6301,Summer,Summer,Summer
6313,Winter,Summer,Summer
6318,Summer,Summer,Summer
6341,Summer,Summer,Summer
6350,Summer,Fall,Fall
6376,Summer,Summer,Summer
6381,Summer,Summer,Summer
6383,Summer,Summer,Summer
6389,Summer,Summer,Summer
6391,Summer,Summer,Summer
6393,Summer,Fall,Fall
6403,Summer,Summer,Summer
6408,Summer,Summer,Summer
6424,Summer,Fall,Fall
6435,Summer,Summer,Summer
6445,Summer,Summer,Summer
6447,Summer,Summer,Summer
6463,Summer,Summer,Summer
6472,Summer,Summer,Summer
6475,Summer,Summer,Summer
6478,Summer,Summer,Summer
6481,Summer,Summer,Summer
6490,Winter,Summer,Summer
6504,Summer,Summer,Summer
6508,Summer,Summer,Summer
6519,Summer,Summer,Summer
6526,Summer,Summer,Summer
6536,Summer,Summer,Summer
6538,Summer,Summer,Fall
6544,Summer,Summer,Summer
6547,Summer,Fall,Fall
6550,Summer,Summer,Summer
6559,Summer,Summer,Summer
6572,Summer,Summer,Fall
6588,Summer,Summer,Summer
6590,Summer,Summer,Fall
6596,Summer,Summer,Summer
6604,Summer,Summer,Summer
6606,Summer,Summer,Summer
6611,Summer,Summer,Summer
6616,Summer,Summer,Summer
6621,Summer,Summer,Summer
6628,Summer,Summer,Summer
6629,Summer,Fall,Fall
6630,Summer,Summer,Summer
6632,Summer,Summer,Summer
6634,Summer,Summer,Summer
6644,Summer,Summer,Summer
6657,Summer,Summer,Summer
6660,Summer,Fall,Fall
6669,Summer,Summer,Summer
6678,Summer,Summer,Summer
6679,Summer,Summer,Summer
6696,Summer,Fall,Fall
6701,Summer,Summer,Summer
6718,Summer,Summer,Summer
6738,Summer,Summer,Summer
6742,Summer,Summer,Summer
6748,Summer,Summer,Summer
6752,Summer,Summer,Summer
6756,Summer,Summer,Summer
6772,Summer,Summer,Summer
6781,Summer,Fall,Fall
6786,Summer,Fall,Fall
6791,Summer,Summer,Summer
6792,Summer,Summer,Summer
6812,Summer,Summer,Summer
6815,Fall,Summer,Summer
6821,Summer,Summer,Summer
6832,Summer,Summer,Summer
6841,Summer,Summer,Summer
6844,Summer,Fall,Fall
6868,Summer,Summer,Summer
6869,Summer,Summer,Summer
6884,Summer,Summer,Summer
6901,Summer,Summer,Summer
6907,Summer,Summer,Summer
6910,Summer,Summer,Summer
6940,Summer,Summer,Summer
6943,Summer,Summer,Summer
6950,Summer,Summer,Summer
6952,Summer,Summer,Summer
6958,Summer,Summer,Summer
6969,Summer,Summer,Summer
6979,Summer,Summer,Summer
6984,Summer,Summer,Summer
6987,Summer,Summer,Summer
7005,Summer,Summer,Summer
7042,Summer,Summer,Summer
7046,Summer,Summer,Summer
7049,Summer,Summer,Summer
7051,Summer,Summer,Summer
7053,Summer,Summer,Summer
7055,Summer,Summer,Summer
7056,Summer,Summer,Summer
7075,Winter,Winter,Winter
7079,Winter,Winter,Winter
7086,Winter,Winter,Winter
7096,Winter,Summer,Summer
7102,Winter,Winter,Winter
7112,Summer,Winter,Winter
7118,Winter,Summer,Summer
7126,Fall,Summer,Summer
7128,Fall,Summer,Summer
7147,Fall,Fall,Fall
7149,Fall,Fall,Fall
7183,Fall,Summer,Summer
7194,Fall,Fall,Fall
7197,Fall,Summer,Summer
7199,Fall,Summer,Fall
7200,Fall,Fall,Fall
7206,Fall,Fall,Fall
7209,Fall,Summer,Summer
7212,Fall,Summer,Summer
7219,Fall,Fall,Fall
7230,Fall,Fall,Fall
7248,Fall,Fall,Fall
7257,Fall,Fall,Fall
7282,Fall,Fall,Fall
7308,Summer,Summer,Summer
7312,Summer,Fall,Fall
7315,Summer,Summer,Summer
7325,Winter,Summer,Winter
7330,Summer,Summer,Summer
7340,Fall,Fall,Fall
7351,Fall,Fall,Fall
7380,Winter,Winter,Winter
7381,Winter,Fall,Summer
7402,Winter,Summer,Summer
7406,Winter,Winter,Winter
7413,Summer,Fall,Fall
7414,Summer,Fall,Fall
7416,Summer,Summer,Summer
7422,Summer,Summer,Summer
7423,Summer,Fall,Fall
7432,Summer,Summer,Summer
7436,Summer,Summer,Summer
7437,Summer,Summer,Summer
7455,Summer,Summer,Summer
7456,Summer,Fall,Fall
7460,Summer,Summer,Fall
7462,Summer,Summer,Summer
7463,Summer,Summer,Summer
7468,Summer,Summer,Summer
7472,Summer,Summer,Summer
7475,Summer,Summer,Summer
7479,Summer,Summer,Summer
7480,Summer,Summer,Fall
7484,Summer,Summer,Fall
7490,Summer,Summer,Summer
7497,Summer,Fall,Summer
7506,Summer,Summer,Fall
7509,Summer,Fall,Fall
7519,Summer,Summer,Fall
7522,Summer,Summer,Summer
7533,Summer,Summer,Summer
7538,Summer,Summer,Summer
7539,Summer,Summer,Fall
7544,Summer,Summer,Summer
7545,Summer,Summer,Summer
7575,Summer,Summer,Summer
7582,Summer,Summer,Summer
7594,Summer,Summer,Summer
7607,Summer,Summer,Summer
7610,Summer,Winter,Summer
7611,Summer,Summer,Summer
7625,Summer,Winter,Winter
7633,Fall,Fall,Fall
7665,Summer,Fall,Fall
7670,Summer,Fall,Fall
7685,Fall,Summer,Summer
7702,Fall,Fall,Fall
7708,Fall,Fall,Fall
7709,Fall,Fall,Fall
7710,Fall,Summer,Summer
7716,Fall,Fall,Fall
7730,Fall,Fall,Fall
7745,Fall,Fall,Fall
7752,Fall,Fall,Fall
7754,Fall,Fall,Fall
7769,Summer,Fall,Fall
7784,Fall,Fall,Fall
7788,Fall,Fall,Fall
7800,Fall,Fall,Fall
7804,Fall,Fall,Fall
7820,Fall,Fall,Fall
7827,Fall,Fall,Fall
7829,Fall,Fall,Fall
7834,Fall,Fall,Fall
7843,Fall,Summer,Summer
7873,Fall,Fall,Fall
7883,Fall,Fall,Fall
7892,Fall,Fall,Fall
7904,Fall,Fall,Fall
7905,Fall,Fall,Fall
7910,Fall,Fall,Fall
7911,Fall,Fall,Fall
7918,Fall,Summer,Fall
7922,Fall,Fall,Fall
7927,Fall,Summer,Summer
7930,Fall,Fall,Fall
7937,Fall,Fall,Fall
7943,Fall,Fall,Fall
7947,Fall,Fall,Fall
7996,Fall,Fall,Fall
8004,Fall,Fall,Fall
8011,Fall,Fall,Fall
8022,Fall,Fall,Fall
8030,Fall,Summer,Summer
8075,Fall,Summer,Summer
8078,Fall,Fall,Fall
8080,Fall,Summer,Summer
8082,Fall,Fall,Fall
8094,Fall,Fall,Fall
8096,Winter,Winter,Winter
8099,Winter,Winter,Winter
8107,Winter,Winter,Winter
8114,Winter,Winter,Winter
8123,Winter,Winter,Winter
8124,Winter,Winter,Winter
8131,Winter,Winter,Winter
8132,Winter,Winter,Winter
8133,Winter,Winter,Winter
8140,Winter,Winter,Winter
8159,Summer,Summer,Summer
8175,Winter,Summer,Summer
8192,Summer,Summer,Summer
8195,Summer,Summer,Summer
8202,Summer,Summer,Summer
8204,Summer,Summer,Summer
8207,Summer,Fall,Fall
8209,Summer,Summer,Summer
8214,Fall,Fall,Fall
8215,Summer,Summer,Summer
8223,Winter,Summer,Summer
8235,Winter,Winter,Winter
8236,Winter,Summer,Summer
8237,Winter,Summer,Summer
8240,Winter,Summer,Summer
8243,Winter,Summer,Summer
8244,Winter,Summer,Summer
8247,Fall,Summer,Summer
8249,Summer,Summer,Summer
8253,Winter,Summer,Summer
8255,Fall,Winter,Winter
8258,Summer,Fall,Fall
8265,Summer,Summer,Summer
8268,Fall,Fall,Fall
8271,Fall,Fall,Fall
8275,Fall,Fall,Fall
8285,Fall,Fall,Fall
8289,Fall,Fall,Fall
8295,Fall,Fall,Fall
8298,Fall,Fall,Fall
8315,Spring,Fall,Fall
8316,Spring,Fall,Fall
8334,Fall,Fall,Fall
8335,Fall,Fall,Fall
8338,Fall,Fall,Fall
8339,Fall,Fall,Fall
8342,Fall,Fall,Fall
8350,Fall,Fall,Fall
8355,Fall,Summer,Summer
8357,Fall,Fall,Fall
8360,Fall,Summer,Summer
8372,Fall,Summer,Fall
8375,Fall,Summer,Fall
8399,Fall,Fall,Fall
8405,Fall,Fall,Fall
8410,Fall,Fall,Fall
8414,Fall,Summer,Summer
8415,Fall,Summer,Summer
8435,Fall,Fall,Fall
8440,Fall,Fall,Fall
8445,Fall,Fall,Fall
8446,Fall,Fall,Fall
8447,Fall,Fall,Fall
8450,Fall,Fall,Fall
8469,Fall,Summer,Summer
8473,Fall,Fall,Fall
8486,Fall,Fall,Fall
8506,Summer,Fall,Fall
8512,Summer,Summer,Summer
8517,Summer,Summer,Summer
8535,Summer,Fall,Fall
8542,Fall,Winter,Winter
8546,Fall,Winter,Winter
8550,Fall,Fall,Fall
8553,Fall,Fall,Fall
8555,Fall,Fall,Fall
8557,Fall,Fall,Fall
8581,Fall,Fall,Fall
8598,Fall,Fall,Fall
8614,Winter,Winter,Winter
8640,Winter,Winter,Winter
8648,Winter,Winter,Winter
8651,Winter,Winter,Winter
8664,Winter,Winter,Winter
8683,Winter,Winter,Winter
8685,Winter,Winter,Winter
8708,Winter,Winter,Winter
8710,Winter,Winter,Winter
8741,Fall,Fall,Fall
8752,Fall,Summer,Summer
8771,Fall,Winter,Summer
8783,Fall,Fall,Fall
8813,Fall,Fall,Fall
8827,Fall,Fall,Fall
8832,Fall,Fall,Fall
8835,Summer,Fall,Fall
8839,Summer,Fall,Fall
8845,Summer,Summer,Summer
8851,Fall,Fall,Fall
8855,Fall,Fall,Fall
8857,Fall,Fall,Fall
8860,Fall,Fall,Fall
8864,Fall,Fall,Fall
8866,Fall,Fall,Fall
8868,Fall,Fall,Fall
8883,Fall,Fall,Fall
8885,Summer,Fall,Fall
8887,Fall,Fall,Fall
8889,Fall,Fall,Fall
8896,Fall,Fall,Fall
8905,Fall,Fall,Fall
8914,Fall,Fall,Fall
8920,Fall,Fall,Fall
8931,Winter,Summer,Summer
8941,Fall,Fall,Fall
8942,Fall,Fall,Fall
8943,Fall,Fall,Fall
8944,Fall,Fall,Fall
8946,Fall,Fall,Summer
8947,Fall,Fall,Fall
8949,Fall,Fall,Fall
8950,Fall,Fall,Fall
8963,Fall,Fall,Fall
8969,Fall,Fall,Fall
8974,Fall,Fall,Fall
8978,Fall,Fall,Fall
8983,Fall,Fall,Fall
8988,Fall,Fall,Fall
8999,Fall,Fall,Fall
9003,Winter,Fall,Summer
9030,Winter,Summer,Summer
9050,Fall,Fall,Fall
9053,Fall,Fall,Fall
9059,Fall,Fall,Fall
9076,Fall,Fall,Fall
9077,Fall,Summer,Summer
9082,Fall,Fall,Fall
9086,Fall,Summer,Summer
9097,Fall,Fall,Fall
9101,Winter,Fall,Fall
9105,Winter,Summer,Summer
9106,Fall,Fall,Fall
9110,Fall,Fall,Summer
9114,Fall,Fall,Fall
9121,Summer,Fall,Fall
9136,Summer,Fall,Fall
9140,Fall,Summer,Summer
9145,Summer,Fall,Fall
9160,Fall,Fall,Fall
9161,Fall,Fall,Fall
9163,Fall,Fall,Fall
9182,Fall,Fall,Fall
9195,Fall,Fall,Fall
9201,Summer,Fall,Fall
9210,Fall,Summer,Summer
9214,Fall,Summer,Summer
9236,Fall,Fall,Fall
9249,Fall,Fall,Fall
9252,Fall,Fall,Fall
9272,Summer,Summer,Summer
9321,Fall,Fall,Fall
9331,Fall,Fall,Fall
9335,Fall,Fall,Fall
9336,Fall,Summer,Fall
9340,Fall,Summer,Summer
9343,Fall,Fall,Fall
9355,Fall,Summer,Summer
9360,Fall,Summer,Summer
9361,Fall,Summer,Summer
9368,Fall,Fall,Fall
9373,Fall,Fall,Fall
9376,Fall,Summer,Summer
9384,Fall,Summer,Summer
9397,Fall,Fall,Fall
9398,Fall,Summer,Fall
9399,Fall,Summer,Summer
9408,Winter,Winter,Winter
9422,Fall,Fall,Fall
9423,Fall,Fall,Fall
9428,Summer,Winter,Winter
9442,Fall,Fall,Fall
9443,Summer,Fall,Summer
9475,Fall,Fall,Fall
9476,Fall,Fall,Fall
9479,Fall,Fall,Fall
9480,Fall,Fall,Fall
9484,Fall,Summer,Summer
9487,Fall,Fall,Fall
9491,Fall,Fall,Fall
9492,Fall,Fall,Fall
9506,Fall,Fall,Fall
9507,Fall,Fall,Fall
9517,Fall,Fall,Fall
9529,Summer,Fall,Fall
9535,Summer,Summer,Summer
9543,Fall,Summer,Summer
9547,Summer,Summer,Summer
9557,Summer,Fall,Fall
9558,Fall,Summer,Fall
9562,Summer,Fall,Fall
9569,Fall,Fall,Fall
9570,Fall,Fall,Fall
9574,Fall,Fall,Fall
9577,Fall,Winter,Winter
9580,Fall,Fall,Fall
9581,Fall,Fall,Fall
9585,Fall,Fall,Fall
9586,Fall,Summer,Summer
9591,Fall,Fall,Fall
9592,Fall,Fall,Fall
9593,Fall,Fall,Fall
9596,Fall,Fall,Fall
9601,Fall,Fall,Fall
9646,Fall,Fall,Fall
9653,Fall,Fall,Fall
9659,Fall,Fall,Fall
9660,Fall,Fall,Fall
9661,Fall,Fall,Fall
9662,Fall,Fall,Fall
9667,Fall,Fall,Fall
9675,Fall,Fall,Fall
9708,Fall,Fall,Fall
9709,Fall,Fall,Fall
9710,Fall,Fall,Fall
9712,Fall,Fall,Fall
9713,Fall,Summer,Fall
9714,Fall,Summer,Summer
9756,Fall,Fall,Fall
9758,Fall,Summer,Summer
9761,Fall,Summer,Summer
9767,Fall,Fall,Fall
9776,Fall,Fall,Fall
9778,Fall,Fall,Fall
9790,Fall,Fall,Fall
9793,Fall,Fall,Fall
9796,Fall,Summer,Summer
9801,Fall,Summer,Summer
9802,Fall,Fall,Fall
9803,Fall,Fall,Fall
9804,Fall,Fall,Fall
9805,Fall,Fall,Fall
9806,Fall,Fall,Fall
9807,Fall,Fall,Fall
9880,Fall,Fall,Fall
9881,Fall,Fall,Fall
9903,Fall,Fall,Fall
9907,Fall,Summer,Summer
9908,Fall,Summer,Summer
9923,Fall,Fall,Fall
9926,Fall,Winter,Winter
9943,Fall,Fall,Fall
9949,Fall,Fall,Fall
9952,Summer,Summer,Summer
9963,Fall,Summer,Fall
9969,Fall,Fall,Fall
9973,Fall,Fall,Fall
9975,Fall,Summer,Fall
9994,Summer,Summer,Summer
10003,Fall,Fall,Fall
10005,Fall,Fall,Fall
10006,Fall,Fall,Fall
10028,Fall,Summer,Summer
10035,Fall,Summer,Summer
10046,Fall,Fall,Fall
10052,Fall,Summer,Summer
10058,Fall,Fall,Fall
10064,Fall,Fall,Fall
10069,Fall,Fall,Fall
10079,Fall,Fall,Fall
10093,Fall,Fall,Fall
10105,Winter,Winter,Winter
10108,Winter,Winter,Winter
10128,Fall,Fall,Fall
10140,Winter,Winter,Winter
10141,Winter,Winter,Winter
10151,Fall,Fall,Fall
10152,Fall,Fall,Fall
10159,Fall,Fall,Fall
10167,Fall,Fall,Fall
10174,Fall,Summer,Summer
10176,Fall,Fall,Fall
10188,Fall,Fall,Fall
10189,Fall,Fall,Fall
10194,Winter,Winter,Winter
10199,Winter,Winter,Winter
10209,Winter,Summer,Summer
10217,Winter,Winter,Winter
10238,Winter,Winter,Winter
10242,Winter,Winter,Winter
10261,Fall,Fall,Fall
10266,Fall,Fall,Winter
10270,Fall,Winter,Winter
10271,Fall,Winter,Winter
10273,Summer,Winter,Winter
10274,Fall,Fall,Fall
10285,Fall,Fall,Fall
10321,Winter,Winter,Winter
10339,Fall,Fall,Fall
10340,Fall,Fall,Fall
10344,Fall,Fall,Fall
10345,Fall,Fall,Fall
10354,Fall,Fall,Fall
10358,Fall,Fall,Fall
10360,Fall,Fall,Fall
10366,Fall,Fall,Fall
10367,Fall,Fall,Fall
10372,Fall,Fall,Fall
10384,Winter,Winter,Winter
10386,Winter,Winter,Winter
10389,Winter,Winter,Winter
10398,Winter,Winter,Winter
10406,Fall,Fall,Fall
10407,Fall,Fall,Fall
10412,Fall,Fall,Fall
10413,Fall,Summer,Summer
10424,Fall,Fall,Fall
10426,Fall,Fall,Fall
10465,Fall,Fall,Fall
10476,Fall,Fall,Fall
10483,Fall,Fall,Fall
10488,Fall,Fall,Fall
10491,Fall,Fall,Fall
10493,Fall,Fall,Fall
10494,Fall,Fall,Fall
10506,Fall,Fall,Fall
10507,Fall,Fall,Fall
10564,Fall,Fall,Fall
10598,Fall,Fall,Fall
10622,Fall,Winter,Winter
10626,Winter,Summer,Winter
10634,Winter,Fall,Fall
10635,Fall,Winter,Winter
10636,Winter,Winter,Winter
10656,Fall,Fall,Fall
10662,Fall,Summer,Summer
10664,Fall,Summer,Summer
10665,Fall,Fall,Fall
10671,Fall,Summer,Summer
10678,Fall,Fall,Fall
10681,Fall,Fall,Fall
10690,Fall,Summer,Summer
10718,Fall,Summer,Summer
10720,Summer,Summer,Summer
10722,Summer,Summer,Summer
10724,Winter,Winter,Winter
10725,Winter,Summer,Summer
10735,Winter,Winter,Winter
10744,Winter,Winter,Winter
10759,Winter,Winter,Summer
10784,Fall,Summer,Fall
10786,Fall,Summer,Fall
10790,Fall,Fall,Fall
10813,Fall,Fall,Fall
10816,Fall,Fall,Fall
10829,Fall,Fall,Fall
10835,Fall,Fall,Fall
10837,Fall,Fall,Fall
10849,Fall,Fall,Fall
10853,Fall,Fall,Fall
10856,Fall,Fall,Fall
10863,Fall,Fall,Fall
10869,Fall,Fall,Fall
10872,Fall,Fall,Fall
10878,Fall,Fall,Fall
10885,Fall,Fall,Fall
10998,Winter,Winter,Winter
11001,Winter,Winter,Winter
11006,Winter,Winter,Winter
11010,Fall,Fall,Fall
11038,Fall,Fall,Fall
11078,Fall,Fall,Fall
11094,Fall,Fall,Fall
11110,Fall,Fall,Fall
11111,Fall,Fall,Fall
11112,Fall,Fall,Fall
11113,Fall,Fall,Fall
11129,Fall,Fall,Fall
11140,Fall,Summer,Summer
11145,Fall,Fall,Fall
11146,Fall,Fall,Fall
11157,Fall,Summer,Fall
11171,Fall,Fall,Fall
11176,Fall,Fall,Fall
11192,Winter,Winter,Winter
11198,Winter,Winter,Winter
11204,Winter,Winter,Winter
11209,Winter,Winter,Winter
11222,Winter,Winter,Winter
11237,Fall,Fall,Fall
11241,Fall,Fall,Fall
11248,Fall,Fall,Fall
11254,Fall,Fall,Fall
11256,Summer,Summer,Summer
11262,Fall,Fall,Fall
11268,Fall,Fall,Fall
11277,Fall,Fall,Fall
11278,Fall,Fall,Fall
11286,Summer,Summer,Fall
11323,Fall,Fall,Fall
11327,Fall,Fall,Fall
11328,Fall,Fall,Fall
11330,Fall,Fall,Fall
11331,Fall,Fall,Fall
11332,Fall,Fall,Fall
11335,Fall,Fall,Fall
11336,Fall,Fall,Fall
11360,Fall,Fall,Fall
11376,Fall,Fall,Fall
11397,Fall,Fall,Fall
11433,Fall,Summer,Summer
11434,Fall,Summer,Summer
11435,Fall,Fall,Fall
11449,Fall,Fall,Fall
11478,Fall,Fall,Fall
11483,Winter,Winter,Winter
11485,Winter,Winter,Winter
11490,Winter,Winter,Winter
11493,Winter,Winter,Winter
11500,Winter,Winter,Winter
11508,Winter,Winter,Winter
11509,Winter,Winter,Winter
11514,Winter,Winter,Winter
11515,Winter,Winter,Winter
11516,Winter,Winter,Winter
11525,Fall,Summer,Summer
11530,Fall,Fall,Fall
11542,Summer,Summer,Summer
11584,Summer,Summer,Summer
11586,Summer,Summer,Summer
11588,Summer,Fall,Fall
11608,Summer,Summer,Summer
11609,Summer,Summer,Summer
11610,Summer,Summer,Summer
11614,Summer,Summer,Summer
11615,Summer,Summer,Summer
11616,Summer,Summer,Summer
11621,Summer,Summer,Summer
11634,Winter,Winter,Winter
11647,Winter,Winter,Winter
11648,Winter,Winter,Winter
11658,Fall,Fall,Fall
11668,Fall,Summer,Fall
11684,Fall,Fall,Fall
11686,Fall,Fall,Fall
11692,Fall,Fall,Fall
11701,Fall,Fall,Fall
11726,Summer,Fall,Fall
11741,Fall,Fall,Fall
11744,Summer,Fall,Fall
11759,Summer,Fall,Fall
11761,Summer,Fall,Fall
11765,Fall,Fall,Fall
11766,Fall,Fall,Fall
11768,Fall,Fall,Fall
11775,Fall,Fall,Fall
11777,Fall,Fall,Fall
11800,Fall,Fall,Fall
11807,Fall,Fall,Fall
11809,Fall,Fall,Fall
11815,Summer,Summer,Fall
11818,Summer,Summer,Summer
11819,Summer,Summer,Summer
11821,Summer,Summer,Summer
11822,Summer,Summer,Summer
11824,Summer,Summer,Summer
11827,Summer,Summer,Summer
11830,Summer,Fall,Fall
11831,Summer,Fall,Fall
11835,Summer,Summer,Summer
11836,Summer,Summer,Summer
11838,Fall,Fall,Fall
11840,Fall,Summer,Fall
11841,Summer,Fall,Fall
11842,Summer,Summer,Fall
11843,Summer,Summer,Summer
11851,Summer,Summer,Summer
11868,Fall,Summer,Summer
11874,Summer,Summer,Summer
11876,Summer,Summer,Summer
11893,Summer,Winter,Fall
11894,Summer,Summer,Summer
11905,Fall,Summer,Summer
11907,Summer,Summer,Summer
11911,Summer,Summer,Summer
11913,Summer,Summer,Summer
11914,Summer,Summer,Summer
11916,Summer,Summer,Summer
11918,Summer,Summer,Summer
11927,Summer,Fall,Fall
11928,Fall,Fall,Fall
11950,Summer,Winter,Summer
11965,Fall,Summer,Fall
12064,Fall,Fall,Fall
12076,Fall,Fall,Fall
12098,Fall,Fall,Fall
12115,Fall,Fall,Fall
12119,Fall,Fall,Fall
12131,Fall,Fall,Fall
12139,Fall,Fall,Fall
12142,Fall,Fall,Fall
12143,Fall,Fall,Fall
12161,Fall,Fall,Fall
12170,Fall,Fall,Fall
12172,Fall,Fall,Fall
12180,Fall,Fall,Fall
12183,Fall,Summer,Summer
12187,Fall,Fall,Fall
12196,Fall,Fall,Fall
12210,Fall,Fall,Fall
12212,Summer,Summer,Summer
12215,Summer,Summer,Summer
12236,Fall,Fall,Fall
12247,Fall,Fall,Fall
12251,Fall,Fall,Fall
12279,Fall,Winter,Fall
12284,Winter,Fall,Fall
12304,Fall,Fall,Fall
12305,Fall,Fall,Fall
12309,Fall,Fall,Fall
12313,Fall,Winter,Fall
12318,Fall,Fall,Fall
12322,Fall,Fall,Fall
12324,Winter,Fall,Fall
12329,Fall,Fall,Fall
12350,Fall,Fall,Fall
12354,Fall,Fall,Fall
12367,Fall,Summer,Summer
12369,Fall,Fall,Fall
12378,Fall,Fall,Fall
12385,Fall,Fall,Fall
12398,Summer,Summer,Summer
12404,Summer,Summer,Summer
12405,Summer,Summer,Summer
12406,Summer,Summer,Summer
12409,Summer,Summer,Summer
12410,Summer,Summer,Summer
12439,Fall,Fall,Summer
12442,Fall,Summer,Summer
12444,Fall,Fall,Fall
12454,Fall,Fall,Fall
12460,Fall,Fall,Fall
12464,Fall,Summer,Summer
12465,Fall,Fall,Fall
12471,Fall,Fall,Fall
12488,Summer,Summer,Summer
12501,Fall,Fall,Fall
12535,Fall,Fall,Fall
12543,Fall,Fall,Fall
12579,Fall,Fall,Fall
12601,Fall,Summer,Summer
12603,Fall,Summer,Summer
12605,Fall,Summer,Summer
12607,Fall,Fall,Fall
12620,Fall,Fall,Fall
12625,Fall,Fall,Fall
12626,Fall,Fall,Fall
12629,Fall,Fall,Fall
12631,Fall,Fall,Fall
12635,Fall,Summer,Fall
12640,Fall,Fall,Fall
12642,Fall,Fall,Fall
12660,Fall,Fall,Fall
12665,Fall,Summer,Fall
12667,Fall,Fall,Fall
12675,Fall,Fall,Fall
12679,Fall,Fall,Fall
12699,Fall,Fall,Fall
12703,Fall,Fall,Fall
12706,Fall,Summer,Fall
12708,Fall,Fall,Fall
12709,Fall,Fall,Fall
12723,Fall,Fall,Fall
12724,Fall,Summer,Summer
12729,Fall,Summer,Summer
12736,Fall,Fall,Fall
12739,Fall,Fall,Fall
12748,Fall,Summer,Summer
12750,Summer,Fall,Fall
12751,Fall,Summer,Summer
12752,Fall,Summer,Summer
12759,Fall,Fall,Fall
12762,Fall,Summer,Summer
12775,Fall,Fall,Fall
12776,Fall,Fall,Fall
12780,Fall,Fall,Fall
12793,Fall,Fall,Fall
12794,Fall,Summer,Summer
12800,Fall,Summer,Summer
12803,Fall,Summer,Summer
12808,Fall,Fall,Fall
12821,Fall,Summer,Summer
12824,Fall,Fall,Fall
12839,Fall,Fall,Fall
12845,Fall,Summer,Summer
12849,Fall,Summer,Summer
12852,Fall,Summer,Summer
12853,Fall,Winter,Winter
12854,Spring,Fall,Fall
12855,Fall,Fall,Fall
12856,Spring,Winter,Winter
12858,Spring,Summer,Summer
12859,Fall,Fall,Fall
12860,Fall,Fall,Fall
12861,Spring,Fall,Fall
12862,Fall,Fall,Fall
12865,Fall,Summer,Summer
12868,Spring,Fall,Fall
12869,Fall,Summer,Summer
12871,Spring,Fall,Summer
12872,Spring,Fall,Fall
12891,Fall,Fall,Fall
12914,Fall,Fall,Fall
12915,Fall,Fall,Fall
12916,Fall,Fall,Fall
12929,Fall,Fall,Fall
12936,Fall,Fall,Fall
12941,Fall,Summer,Fall
12942,Fall,Fall,Fall
12943,Fall,Summer,Summer
12948,Fall,Summer,Summer
12950,Fall,Fall,Fall
12953,Fall,Fall,Fall
12961,Fall,Fall,Fall
12970,Fall,Fall,Fall
12974,Fall,Summer,Summer
12976,Fall,Fall,Fall
12982,Fall,Summer,Summer
12994,Fall,Summer,Summer
13000,Winter,Winter,Winter
13014,Winter,Winter,Winter
13028,Winter,Winter,Winter
13033,Winter,Winter,Winter
13035,Winter,Winter,Winter
13049,Fall,Fall,Fall
13056,Winter,Winter,Winter
13062,Winter,Winter,Winter
13074,Fall,Fall,Fall
13088,Fall,Summer,Summer
13099,Fall,Fall,Fall
13110,Fall,Summer,Summer
13111,Fall,Fall,Fall
13113,Fall,Fall,Fall
13114,Summer,Summer,Summer
13115,Fall,Fall,Fall
13123,Fall,Fall,Fall
13125,Fall,Winter,Winter
13126,Fall,Fall,Fall
13144,Winter,Winter,Winter
13152,Fall,Summer,Summer
13162,Fall,Fall,Fall
13171,Fall,Summer,Summer
13174,Winter,Winter,Winter
13183,Fall,Summer,Summer
13189,Fall,Summer,Summer
13195,Fall,Fall,Fall
13201,Spring,Summer,Summer
13211,Fall,Summer,Summer
13222,Fall,Summer,Summer
13223,Fall,Summer,Summer
13230,Fall,Summer,Summer
13231,Fall,Summer,Summer
13232,Fall,Fall,Fall
13233,Fall,Fall,Fall
13236,Fall,Summer,Summer
13237,Fall,Summer,Summer
13298,Fall,Summer,Summer
13299,Fall,Summer,Fall
13304,Fall,Summer,Summer
13305,Fall,Summer,Summer
13318,Fall,Fall,Fall
13319,Fall,Fall,Fall
13339,Fall,Summer,Summer
13340,Fall,Summer,Summer
13346,Fall,Summer,Summer
13347,Fall,Summer,Fall
13348,Fall,Summer,Summer
13349,Fall,Summer,Summer
13353,Fall,Fall,Winter
13354,Fall,Summer,Summer
13357,Fall,Fall,Fall
13362,Fall,Winter,Winter
13364,Fall,Fall,Winter
13371,Fall,Winter,Fall
13376,Fall,Winter,Winter
13380,Fall,Summer,Summer
13381,Fall,Fall,Fall
13386,Fall,Winter,Winter
13421,Summer,Fall,Fall
13422,Summer,Fall,Fall
13423,Summer,Summer,Fall
13426,Summer,Fall,Fall
13429,Summer,Fall,Fall
13436,Summer,Fall,Fall
13438,Summer,Fall,Fall
13440,Summer,Summer,Summer
13446,Summer,Fall,Fall
13448,Summer,Fall,Fall
13453,Summer,Fall,Fall
13462,Summer,Fall,Fall
13469,Fall,Summer,Summer
13473,Winter,Winter,Winter
13511,Fall,Fall,Fall
13527,Fall,Fall,Fall
13534,Fall,Summer,Summer
13535,Fall,Summer,Summer
13541,Fall,Winter,Winter
13544,Winter,Winter,Winter
13548,Spring,Winter,Winter
13556,Spring,Winter,Winter
13560,Fall,Summer,Summer
13562,Spring,Winter,Winter
13563,Fall,Fall,Fall
13576,Summer,Summer,Summer
13578,Summer,Summer,Summer
13580,Summer,Summer,Summer
13582,Summer,Summer,Summer
13618,Summer,Summer,Summer
13627,Summer,Summer,Summer
13630,Summer,Summer,Summer
13632,Summer,Summer,Summer
13634,Winter,Fall,Fall
13635,Summer,Summer,Summer
13643,Fall,Winter,Winter
13649,Fall,Fall,Fall
13650,Fall,Summer,Summer
13652,Fall,Summer,Summer
13653,Fall,Fall,Fall
13671,Fall,Summer,Fall
13672,Fall,Summer,Fall
13681,Fall,Fall,Fall
13686,Fall,Fall,Fall
13687,Fall,Fall,Fall
13698,Fall,Summer,Summer
13718,Summer,Fall,Fall
13724,Fall,Summer,Fall
13725,Fall,Fall,Fall
13738,Fall,Summer,Fall
13741,Fall,Fall,Fall
13745,Fall,Fall,Fall
13756,Fall,Fall,Fall
13758,Fall,Fall,Fall
13760,Fall,Fall,Fall
13761,Fall,Fall,Fall
13767,Fall,Fall,Fall
13814,Fall,Fall,Fall
13815,Fall,Fall,Fall
13816,Fall,Fall,Fall
13827,Fall,Fall,Fall
13829,Fall,Fall,Fall
13831,Fall,Fall,Fall
13835,Summer,Fall,Fall
13837,Winter,Winter,Winter
13845,Fall,Fall,Fall
13849,Fall,Fall,Fall
13850,Fall,Fall,Fall
13892,Fall,Summer,Summer
13894,Fall,Fall,Fall
13901,Fall,Fall,Fall
13906,Fall,Fall,Fall
13917,Fall,Fall,Fall
13939,Summer,Fall,Fall
13942,Summer,Fall,Fall
13949,Summer,Winter,Winter
13957,Summer,Summer,Summer
13963,Summer,Summer,Fall
13965,Fall,Fall,Fall
13966,Fall,Fall,Fall
13968,Fall,Summer,Summer
13972,Fall,Fall,Fall
13974,Fall,Summer,Summer
13980,Fall,Summer,Fall
13989,Fall,Fall,Fall
13994,Fall,Summer,Fall
13997,Fall,Fall,Fall
13999,Fall,Fall,Fall
14006,Fall,Summer,Fall
14020,Fall,Fall,Fall
14027,Fall,Summer,Fall
14058,Fall,Fall,Fall
14059,Fall,Fall,Fall
14061,Fall,Fall,Fall
14070,Fall,Fall,Fall
14071,Fall,Fall,Fall
14083,Fall,Fall,Fall
14090,Fall,Fall,Fall
14092,Fall,Fall,Fall
14094,Fall,Fall,Fall
14100,Fall,Fall,Fall
14103,Fall,Summer,Fall
14133,Fall,Summer,Fall
14136,Summer,Fall,Fall
14158,Fall,Winter,Winter
14161,Fall,Summer,Summer
14200,Fall,Fall,Fall
14283,Fall,Fall,Fall
14288,Fall,Fall,Fall
14306,Fall,Fall,Fall
14313,Fall,Summer,Fall
14318,Fall,Fall,Fall
14329,Fall,Summer,Summer
14331,Fall,Summer,Summer
14339,Fall,Summer,Summer
14341,Summer,Fall,Fall
14343,Fall,Summer,Summer
14352,Winter,Winter,Summer
14353,Winter,Winter,Winter
14354,Winter,Winter,Winter
14357,Winter,Winter,Winter
14359,Winter,Winter,Winter
14360,Winter,Winter,Winter
14366,Winter,Winter,Winter
14367,Winter,Winter,Winter
14372,Winter,Winter,Winter
14373,Winter,Winter,Winter
14379,Winter,Winter,Winter
14386,Winter,Winter,Winter
14395,Summer,Winter,Winter
14398,Summer,Summer,Summer
14408,Summer,Summer,Summer
14411,Summer,Winter,Winter
14419,Summer,Winter,Winter
14420,Summer,Winter,Winter
14430,Summer,Winter,Summer
14462,Summer,Summer,Winter
14468,Summer,Winter,Winter
14490,Fall,Fall,Fall
14492,Fall,Summer,Fall
14496,Fall,Summer,Summer
14501,Fall,Fall,Fall
14514,Fall,Fall,Fall
14515,Fall,Fall,Fall
14516,Fall,Fall,Fall
14519,Fall,Fall,Fall
14521,Fall,Fall,Fall
14528,Fall,Fall,Fall
14544,Fall,Fall,Fall
14545,Fall,Summer,Summer
14548,Fall,Fall,Fall
14554,Spring,Fall,Fall
14570,Fall,Fall,Fall
14571,Spring,Fall,Summer
14588,Summer,Fall,Fall
14593,Summer,Summer,Summer
14609,Summer,Summer,Summer
14617,Summer,Summer,Summer
14625,Fall,Summer,Summer
14629,Summer,Fall,Fall
14645,Fall,Fall,Fall
14656,Fall,Fall,Fall
14660,Fall,Fall,Fall
14665,Fall,Fall,Fall
14667,Fall,Fall,Fall
14668,Fall,Fall,Fall
14669,Fall,Fall,Fall
14675,Fall,Fall,Fall
14676,Fall,Fall,Fall
14681,Summer,Fall,Fall
14684,Fall,Fall,Fall
14702,Fall,Fall,Fall
14706,Fall,Fall,Fall
14713,Fall,Fall,Fall
14717,Fall,Fall,Fall
14732,Fall,Fall,Fall
14740,Fall,Fall,Fall
14747,Fall,Fall,Fall
14751,Fall,Fall,Fall
14752,Fall,Fall,Fall
14757,Fall,Fall,Fall
14758,Summer,Fall,Fall
14759,Fall,Summer,Summer
14766,Fall,Fall,Fall
14769,Fall,Fall,Fall
14775,Fall,Fall,Fall
14776,Fall,Fall,Fall
14777,Fall,Fall,Fall
14778,Fall,Fall,Fall
14790,Summer,Summer,Summer
14799,Summer,Summer,Summer
14822,Summer,Summer,Summer
14823,Summer,Summer,Summer
14826,Summer,Fall,Fall
14828,Summer,Summer,Summer
14832,Summer,Summer,Summer
14833,Summer,Summer,Summer
14834,Summer,Summer,Summer
14852,Summer,Summer,Summer
14856,Summer,Winter,Winter
14874,Summer,Summer,Summer
14894,Summer,Summer,Summer
14908,Winter,Winter,Winter
14913,Fall,Fall,Fall
14922,Fall,Fall,Fall
14940,Fall,Fall,Fall
14946,Fall,Fall,Fall
14961,Fall,Fall,Fall
14986,Fall,Fall,Fall
14993,Fall,Fall,Fall
14994,Fall,Fall,Fall
15006,Fall,Fall,Fall
15017,Fall,Fall,Fall
15022,Fall,Fall,Fall
15027,Fall,Fall,Fall
15038,Fall,Fall,Fall
15060,Summer,Winter,Winter
15064,Summer,Fall,Fall
15067,Summer,Summer,Summer
15068,Fall,Fall,Fall
15069,Summer,Summer,Summer
15070,Fall,Fall,Summer
15073,Fall,Summer,Fall
15074,Summer,Fall,Fall
15080,Fall,Fall,Fall
15086,Fall,Fall,Fall
15097,Fall,Fall,Fall
15108,Fall,Summer,Fall
15114,Fall,Fall,Fall
15117,Fall,Fall,Fall
15123,Fall,Summer,Summer
15127,Fall,Fall,Fall
15134,Fall,Fall,Fall
15168,Fall,Fall,Fall
15184,Fall,Fall,Fall
15187,Fall,Fall,Fall
15189,Fall,Fall,Fall
15190,Fall,Fall,Fall
15195,Fall,Fall,Fall
15210,Fall,Fall,Fall
15211,Fall,Fall,Fall
15214,Summer,Summer,Summer
15222,Fall,Summer,Fall
15225,Fall,Fall,Fall
15227,Fall,Fall,Fall
15230,Fall,Summer,Fall
15235,Fall,Fall,Fall
15247,Fall,Fall,Fall
15253,Fall,Winter,Winter
15254,Fall,Fall,Fall
15265,Fall,Fall,Fall
15274,Fall,Summer,Summer
15278,Fall,Fall,Fall
15286,Winter,Summer,Summer
15299,Fall,Fall,Fall
15306,Fall,Summer,Fall
15308,Fall,Fall,Fall
15310,Fall,Fall,Fall
15315,Fall,Summer,Fall
15321,Fall,Fall,Fall
15325,Fall,Fall,Fall
15326,Fall,Summer,Summer
15332,Fall,Summer,Summer
15337,Fall,Fall,Fall
15338,Fall,Summer,Summer
15344,Fall,Fall,Fall
15345,Fall,Fall,Fall
15351,Fall,Summer,Summer
15378,Fall,Summer,Fall
15392,Summer,Fall,Summer
15398,Fall,Fall,Fall
15401,Fall,Fall,Fall
15405,Fall,Summer,Summer
15409,Summer,Fall,Fall
15415,Fall,Fall,Fall
15466,Fall,Fall,Fall
15484,Fall,Fall,Fall
15513,Fall,Fall,Fall
15518,Fall,Fall,Fall
15527,Fall,Fall,Fall
15532,Summer,Summer,Summer
15535,Summer,Summer,Summer
15542,Winter,Winter,Winter
15543,Winter,Winter,Winter
15547,Summer,Summer,Summer
15548,Fall,Summer,Summer
15550,Fall,Summer,Summer
15563,Winter,Winter,Winter
15568,Winter,Winter,Winter
15571,Fall,Summer,Fall
15578,Fall,Fall,Fall
15606,Fall,Summer,Summer
15612,Fall,Summer,Summer
15616,Fall,Fall,Fall
15619,Fall,Fall,Fall
15622,Summer,Fall,Fall
15633,Fall,Summer,Fall
15637,Fall,Summer,Summer
15641,Fall,Summer,Summer
15648,Fall,Summer,Summer
15658,Winter,Summer,Summer
15660,Fall,Fall,Summer
15708,Fall,Summer,Summer
15723,Spring,Fall,Fall
15738,Summer,Summer,Fall
15756,Summer,Summer,Summer
15772,Summer,Summer,Summer
15784,Summer,Summer,Summer
15787,Summer,Summer,Summer
15790,Summer,Summer,Summer
15804,Summer,Summer,Summer
15806,Summer,Summer,Summer
15807,Summer,Summer,Summer
15812,Summer,Summer,Summer
15813,Summer,Summer,Summer
15815,Summer,Summer,Summer
15819,Summer,Summer,Summer
15822,Summer,Summer,Summer
15824,Summer,Summer,Summer
15849,Fall,Fall,Fall
15866,Spring,Summer,Fall
15872,Spring,Winter,Winter
15907,Fall,Fall,Fall
15917,Fall,Winter,Winter
15919,Fall,Fall,Fall
15935,Fall,Fall,Fall
15941,Fall,Summer,Summer
15971,Fall,Fall,Fall
15973,Fall,Fall,Fall
15982,Fall,Fall,Fall
15985,Fall,Summer,Fall
15987,Fall,Fall,Fall
16011,Fall,Winter,Winter
16015,Fall,Winter,Winter
16017,Fall,Fall,Fall
16055,Fall,Fall,Fall
16059,Fall,Fall,Fall
16061,Fall,Fall,Fall
16063,Fall,Fall,Fall
16065,Fall,Fall,Fall
16068,Fall,Fall,Fall
16073,Fall,Fall,Summer
16076,Fall,Fall,Fall
16081,Winter,Winter,Winter
16120,Fall,Summer,Fall
16126,Fall,Fall,Fall
16128,Fall,Fall,Fall
16141,Fall,Summer,Fall
16162,Fall,Summer,Summer
16177,Summer,Fall,Summer
16189,Fall,Summer,Summer
16195,Fall,Fall,Fall
16199,Fall,Fall,Fall
16200,Fall,Fall,Fall
16205,Fall,Fall,Fall
16208,Fall,Fall,Fall
16215,Fall,Fall,Fall
16230,Fall,Summer,Summer
16236,Fall,Summer,Summer
16250,Fall,Fall,Fall
16276,Fall,Fall,Fall
16280,Fall,Fall,Fall
16333,Fall,Fall,Fall
16376,Fall,Fall,Fall
16396,Fall,Fall,Fall
16397,Fall,Fall,Fall
16398,Fall,Summer,Summer
16404,Fall,Fall,Fall
16405,Fall,Summer,Summer
16406,Fall,Fall,Fall
16411,Fall,Summer,Summer
16416,Fall,Fall,Fall
16426,Fall,Fall,Fall
16435,Fall,Fall,Fall
16441,Fall,Fall,Fall
16458,Fall,Fall,Fall
16461,Fall,Fall,Fall
16464,Fall,Fall,Fall
16467,Fall,Fall,Fall
16475,Fall,Fall,Fall
16489,Fall,Fall,Fall
16502,Fall,Fall,Fall
16526,Fall,Fall,Fall
16538,Fall,Fall,Fall
16543,Fall,Fall,Fall
16544,Fall,Fall,Fall
16548,Fall,Fall,Fall
16550,Fall,Fall,Fall
16620,Fall,Fall,Fall
16633,Summer,Summer,Summer
16724,Fall,Fall,Fall
16731,Fall,Fall,Fall
16740,Winter,Summer,Summer
16741,Winter,Summer,Summer
16747,Winter,Winter,Winter
16752,Winter,Winter,Winter
16754,Winter,Winter,Winter
16761,Winter,Fall,Summer
16773,Winter,Winter,Winter
16776,Winter,Winter,Winter
16778,Winter,Winter,Winter
16782,Winter,Winter,Winter
16801,Fall,Fall,Fall
16802,Fall,Fall,Fall
16813,Fall,Fall,Fall
16818,Fall,Fall,Fall
16826,Fall,Fall,Fall
16827,Fall,Fall,Fall
16843,Winter,Winter,Winter
16846,Winter,Winter,Winter
16847,Winter,Winter,Winter
16849,Winter,Winter,Winter
16855,Winter,Winter,Winter
16858,Winter,Winter,Winter
16860,Winter,Winter,Winter
16861,Winter,Winter,Winter
16862,Winter,Winter,Winter
16864,Winter,Winter,Winter
16868,Winter,Winter,Winter
16869,Winter,Winter,Winter
16873,Winter,Winter,Winter
16874,Winter,Winter,Winter
16876,Winter,Winter,Winter
16877,Winter,Winter,Winter
16915,Fall,Fall,Fall
16923,Fall,Fall,Fall
16929,Fall,Fall,Fall
16932,Fall,Fall,Fall
16937,Winter,Winter,Winter
16939,Winter,Winter,Winter
16945,Winter,Winter,Winter
16951,Winter,Winter,Winter
16952,Winter,Winter,Winter
16953,Winter,Winter,Winter
16954,Winter,Winter,Winter
16960,Winter,Winter,Winter
16970,Fall,Summer,Fall
16976,Fall,Summer,Summer
16987,Fall,Summer,Summer
16992,Summer,Summer,Summer
17000,Winter,Winter,Winter
17001,Winter,Winter,Winter
17005,Winter,Winter,Winter
17010,Winter,Winter,Winter
17011,Winter,Winter,Winter
17012,Winter,Winter,Winter
17025,Summer,Summer,Summer
17027,Spring,Fall,Summer
17028,Spring,Summer,Summer
17043,Summer,Summer,Summer
17050,Summer,Fall,Fall
17065,Winter,Winter,Winter
17067,Winter,Fall,Summer
17069,Winter,Winter,Winter
17072,Winter,Winter,Winter
17083,Winter,Winter,Winter
17087,Winter,Winter,Winter
17093,Winter,Winter,Winter
17099,Winter,Summer,Summer
17105,Winter,Winter,Winter
17106,Winter,Winter,Winter
17107,Winter,Winter,Winter
17127,Winter,Winter,Winter
17134,Winter,Winter,Winter
17155,Fall,Fall,Fall
17184,Winter,Winter,Fall
17185,Winter,Fall,Fall
17193,Winter,Winter,Winter
17205,Winter,Winter,Winter
17226,Winter,Winter,Winter
17233,Fall,Fall,Fall
17236,Fall,Fall,Fall
17239,Fall,Fall,Fall
17242,Fall,Fall,Fall
17246,Fall,Fall,Fall
17247,Fall,Fall,Fall
17248,Fall,Fall,Fall
17249,Fall,Fall,Fall
17254,Fall,Fall,Fall
17263,Fall,Fall,Fall
17287,Fall,Fall,Fall
17289,Fall,Fall,Fall
17304,Fall,Summer,Summer
17305,Fall,Summer,Fall
17325,Winter,Winter,Winter
17334,Winter,Winter,Winter
17365,Fall,Fall,Fall
17366,Fall,Fall,Fall
17379,Fall,Fall,Fall
17386,Fall,Fall,Fall
17410,Fall,Summer,Summer
17413,Fall,Fall,Fall
17416,Fall,Fall,Fall
17425,Winter,Winter,Winter
17433,Winter,Winter,Winter
17440,Winter,Winter,Winter
17444,Winter,Winter,Winter
17445,Winter,Winter,Winter
17459,Winter,Winter,Winter
17491,Fall,Winter,Fall
17515,Fall,Fall,Fall
17531,Fall,Summer,Summer
17545,Fall,Fall,Fall
17551,Fall,Fall,Fall
17567,Fall,Fall,Fall
17577,Fall,Summer,Summer
17579,Fall,Fall,Fall
17587,Summer,Winter,Winter
17590,Summer,Winter,Winter
17592,Summer,Winter,Winter
17597,Winter,Winter,Winter
17607,Winter,Winter,Winter
17623,Fall,Fall,Fall
17629,Fall,Fall,Fall
17640,Fall,Summer,Summer
17648,Spring,Winter,Spring
17650,Summer,Fall,Fall
17653,Summer,Fall,Fall
17661,Winter,Winter,Winter
17664,Winter,Winter,Winter
17671,Winter,Winter,Winter
17673,Winter,Winter,Winter
17677,Winter,Winter,Winter
17680,Winter,Winter,Winter
17691,Fall,Summer,Summer
17692,Spring,Summer,Summer
17694,Fall,Summer,Summer
17705,Fall,Summer,Summer
17706,Fall,Summer,Summer
17709,Fall,Summer,Summer
17710,Fall,Summer,Fall
17714,Fall,Fall,Fall
17718,Fall,Fall,Fall
17719,Fall,Fall,Fall
17720,Fall,Fall,Fall
17732,Fall,Winter,Winter
17734,Summer,Fall,Fall
17736,Summer,Summer,Summer
17737,Fall,Summer,Summer
17738,Fall,Fall,Fall
17739,Fall,Fall,Fall
17741,Fall,Fall,Fall
17760,Winter,Fall,Summer
17762,Winter,Winter,Summer
17763,Winter,Winter,Winter
17765,Winter,Summer,Summer
17771,Fall,Summer,Summer
17786,Summer,Summer,Summer
17787,Summer,Summer,Summer
17792,Summer,Summer,Summer
17826,Fall,Fall,Fall
17832,Fall,Fall,Fall
17837,Fall,Fall,Fall
17864,Summer,Summer,Summer
17870,Summer,Summer,Summer
17891,Summer,Summer,Summer
17893,Summer,Summer,Summer
17898,Fall,Fall,Fall
17935,Fall,Fall,Fall
17953,Fall,Summer,Summer
17959,Fall,Fall,Fall
17968,Fall,Summer,Summer
18001,Summer,Summer,Summer
18010,Winter,Winter,Winter
18021,Winter,Winter,Winter
18027,Winter,Winter,Winter
18031,Winter,Winter,Winter
18039,Winter,Winter,Winter
18042,Winter,Winter,Winter
18049,Winter,Winter,Winter
18057,Winter,Summer,Winter
18058,Winter,Winter,Winter
18059,Winter,Winter,Winter
18168,Fall,Fall,Fall
18169,Fall,Fall,Fall
18170,Fall,Fall,Fall
18174,Fall,Summer,Summer
18175,Fall,Summer,Summer
18194,Fall,Fall,Fall
18198,Fall,Fall,Fall
18200,Fall,Fall,Fall
18201,Fall,Fall,Fall
18202,Fall,Fall,Fall
18258,Fall,Fall,Fall
18270,Fall,Fall,Fall
18301,Fall,Fall,Fall
18307,Fall,Fall,Fall
18324,Fall,Summer,Fall
18364,Summer,Summer,Summer
18375,Summer,Summer,Summer
18383,Summer,Summer,Summer
18394,Summer,Summer,Summer
18395,Summer,Summer,Summer
18404,Fall,Fall,Fall
18405,Summer,Winter,Winter
18411,Summer,Fall,Fall
18412,Fall,Fall,Fall
18413,Fall,Summer,Summer
18415,Fall,Fall,Fall
18418,Fall,Summer,Summer
18419,Fall,Summer,Summer
18420,Summer,Summer,Summer
18421,Summer,Fall,Fall
18427,Fall,Winter,Winter
18437,Fall,Winter,Winter
18439,Fall,Winter,Winter
18441,Spring,Spring,Spring
18442,Spring,Spring,Spring
18448,Spring,Spring,Spring
18450,Spring,Spring,Spring
18453,Spring,Spring,Spring
18471,Spring,Spring,Spring
18478,Fall,Fall,Fall
18484,Fall,Fall,Fall
18517,Fall,Fall,Fall
18523,Fall,Fall,Fall
18525,Winter,Summer,Winter
18526,Winter,Winter,Winter
18530,Winter,Summer,Summer
18533,Winter,Winter,Winter
18534,Winter,Winter,Winter
18542,Winter,Winter,Winter
18545,Winter,Winter,Winter
18547,Winter,Winter,Winter
18555,Winter,Winter,Winter
18556,Winter,Winter,Winter
18559,Winter,Winter,Winter
18572,Fall,Fall,Fall
18586,Summer,Summer,Summer
18588,Fall,Summer,Summer
18595,Fall,Summer,Winter
18596,Fall,Winter,Winter
18603,Fall,Fall,Fall
18605,Summer,Fall,Fall
18609,Fall,Fall,Fall
18612,Fall,Fall,Fall
18613,Fall,Summer,Summer
18628,Fall,Fall,Fall
18631,Fall,Fall,Fall
18634,Fall,Fall,Fall
18639,Fall,Fall,Fall
18649,Fall,Summer,Summer
18653,Fall,Summer,Summer
18665,Summer,Fall,Fall
18674,Fall,Fall,Fall
18675,Summer,Summer,Summer
18693,Summer,Summer,Summer
18697,Summer,Summer,Summer
18699,Summer,Summer,Summer
18713,Fall,Summer,Summer
18725,Fall,Fall,Fall
18737,Fall,Fall,Fall
18740,Fall,Fall,Fall
18743,Fall,Fall,Fall
18746,Fall,Fall,Fall
18748,Fall,Fall,Fall
18762,Fall,Fall,Fall
18764,Fall,Fall,Fall
18765,Winter,Winter,Winter
18768,Summer,Fall,Summer
18769,Summer,Summer,Summer
18770,Summer,Fall,Fall
18773,Summer,Fall,Fall
18777,Summer,Fall,Fall
18780,Summer,Fall,Fall
18785,Summer,Fall,Summer
18807,Summer,Winter,Summer
18808,Summer,Winter,Winter
18809,Summer,Summer,Summer
18810,Summer,Winter,Summer
18812,Summer,Fall,Fall
18813,Summer,Winter,Summer
18817,Summer,Summer,Summer
18818,Fall,Fall,Winter
18819,Fall,Fall,Fall
18820,Summer,Summer,Summer
18822,Summer,Fall,Fall
18823,Fall,Fall,Fall
18824,Summer,Summer,Summer
18825,Fall,Winter,Winter
18826,Summer,Summer,Summer
18827,Summer,Summer,Summer
18828,Summer,Summer,Summer
18830,Summer,Summer,Summer
18831,Summer,Fall,Fall
18832,Summer,Winter,Winter
18833,Summer,Fall,Fall
18834,Summer,Summer,Summer
18835,Summer,Fall,Fall
18837,Summer,Summer,Summer
18838,Summer,Summer,Fall
18839,Fall,Summer,Summer
18840,Fall,Summer,Fall
18842,Fall,Fall,Fall
18850,Fall,Fall,Fall
18857,Fall,Fall,Fall
18868,Fall,Fall,Fall
18882,Fall,Fall,Fall
18886,Fall,Fall,Fall
18893,Fall,Fall,Fall
18895,Fall,Fall,Fall
18900,Fall,Fall,Fall
18901,Fall,Summer,Summer
18903,Summer,Summer,Summer
18904,Fall,Fall,Fall
18910,Spring,Fall,Fall
18911,Fall,Fall,Fall
18912,Fall,Fall,Fall
18915,Fall,Fall,Fall
18920,Fall,Fall,Fall
18943,Summer,Fall,Fall
18944,Summer,Summer,Summer
18945,Summer,Summer,Summer
18946,Summer,Summer,Summer
18955,Summer,Summer,Summer
18964,Fall,Fall,Fall
18973,Fall,Fall,Fall
18977,Summer,Summer,Summer
18986,Summer,Fall,Fall
18988,Summer,Fall,Fall
18994,Summer,Summer,Summer
19005,Summer,Fall,Fall
19013,Summer,Summer,Summer
19025,Winter,Winter,Winter
19034,Winter,Winter,Winter
19041,Winter,Summer,Winter
19043,Winter,Winter,Winter
19054,Fall,Fall,Fall
19060,Fall,Fall,Fall
19066,Fall,Fall,Fall
19067,Fall,Fall,Fall
19069,Fall,Fall,Fall
19071,Fall,Fall,Fall
19085,Fall,Fall,Fall
19090,Fall,Fall,Fall
19092,Fall,Fall,Fall
19156,Summer,Fall,Fall
19157,Summer,Summer,Fall
19165,Summer,Summer,Fall
19171,Fall,Fall,Fall
19174,Fall,Fall,Fall
19180,Summer,Fall,Fall
19191,Summer,Fall,Fall
19217,Summer,Fall,Fall
19219,Summer,Summer,Summer
19220,Summer,Fall,Summer
19223,Summer,Summer,Summer
19230,Summer,Summer,Fall
19234,Summer,Winter,Winter
19242,Fall,Fall,Fall
19251,Winter,Winter,Winter
19258,Winter,Winter,Winter
19261,Winter,Winter,Winter
19267,Winter,Winter,Winter
19268,Winter,Winter,Winter
19271,Winter,Winter,Winter
19276,Winter,Winter,Winter
19277,Winter,Winter,Winter
19279,Winter,Winter,Winter
19280,Winter,Winter,Winter
19281,Winter,Winter,Winter
19284,Winter,Winter,Winter
19288,Winter,Winter,Winter
19294,Winter,Winter,Winter
19295,Winter,Winter,Winter
19296,Summer,Winter,Winter
19315,Fall,Winter,Winter
19317,Spring,Fall,Fall
19336,Fall,Fall,Fall
19351,Summer,Summer,Summer
19369,Winter,Fall,Winter
19372,Winter,Winter,Winter
19380,Summer,Winter,Winter
19385,Summer,Summer,Summer
19389,Fall,Fall,Fall
19390,Summer,Fall,Fall
19394,Summer,Fall,Fall
19396,Fall,Fall,Fall
19409,Fall,Fall,Fall
19411,Summer,Summer,Summer
19424,Summer,Summer,Summer
19426,Summer,Fall,Fall
19441,Summer,Winter,Winter
19473,Summer,Fall,Fall
19476,Summer,Summer,Fall
19495,Summer,Fall,Fall
19500,Summer,Summer,Summer
19502,Fall,Summer,Summer
19516,Fall,Fall,Fall
19548,Fall,Fall,Fall
19552,Fall,Fall,Fall
19561,Summer,Fall,Fall
19573,Summer,Fall,Fall
19574,Summer,Fall,Fall
19576,Summer,Summer,Summer
19579,Summer,Summer,Summer
19580,Summer,Fall,Fall
19581,Summer,Fall,Fall
19586,Summer,Fall,Fall
19592,Fall,Fall,Fall
19602,Fall,Fall,Fall
19610,Summer,Summer,Summer
19619,Summer,Summer,Summer
19627,Summer,Fall,Fall
19629,Summer,Fall,Fall
19639,Fall,Fall,Fall
19656,Fall,Fall,Fall
19657,Fall,Summer,Summer
19658,Fall,Fall,Fall
19659,Summer,Fall,Fall
19663,Summer,Summer,Summer
19665,Fall,Fall,Fall
19667,Summer,Fall,Fall
19669,Summer,Summer,Summer
19676,Summer,Summer,Fall
19678,Summer,Fall,Fall
19683,Summer,Fall,Fall
19684,Summer,Fall,Fall
19685,Fall,Fall,Fall
19695,Fall,Fall,Fall
19712,Summer,Fall,Fall
19714,Summer,Fall,Fall
19715,Fall,Summer,Summer
19716,Fall,Fall,Fall
19718,Fall,Fall,Fall
19726,Summer,Summer,Fall
19727,Summer,Fall,Fall
19731,Summer,Fall,Fall
19734,Summer,Fall,Fall
19736,Summer,Fall,Fall
19747,Fall,Winter,Summer
19764,Winter,Winter,Winter
19779,Fall,Summer,Summer
19780,Fall,Fall,Winter
19796,Fall,Summer,Summer
19797,Fall,Fall,Fall
19798,Fall,Fall,Fall
19802,Fall,Fall,Fall
19803,Fall,Fall,Fall
19810,Fall,Fall,Fall
19813,Fall,Summer,Summer
19815,Fall,Fall,Fall
19818,Fall,Fall,Fall
19825,Fall,Fall,Fall
19836,Fall,Summer,Summer
19837,Fall,Fall,Fall
19843,Fall,Fall,Fall
19846,Fall,Fall,Fall
19859,Fall,Fall,Fall
19860,Winter,Fall,Fall
19872,Fall,Fall,Fall
19873,Fall,Fall,Fall
19884,Fall,Summer,Summer
19914,Winter,Winter,Winter
19933,Fall,Fall,Fall
19943,Spring,Winter,Winter
19944,Fall,Winter,Summer
19947,Fall,Fall,Fall
19948,Summer,Summer,Summer
19950,Fall,Fall,Fall
19954,Fall,Fall,Fall
19955,Fall,Fall,Fall
19959,Fall,Fall,Fall
19965,Fall,Fall,Fall
19969,Fall,Fall,Fall
19973,Fall,Fall,Fall
19976,Summer,Fall,Fall
19977,Fall,Fall,Fall
19981,Summer,Fall,Fall
19992,Summer,Fall,Fall
20000,Summer,Fall,Fall
20003,Summer,Fall,Fall
20004,Summer,Fall,Fall
20014,Summer,Fall,Fall
20016,Summer,Fall,Fall
20020,Summer,Fall,Fall
20022,Fall,Fall,Fall
20030,Fall,Fall,Fall
20033,Summer,Fall,Fall
20037,Fall,Fall,Fall
20038,Fall,Summer,Summer
20039,Fall,Fall,Fall
20046,Summer,Fall,Winter
20048,Fall,Fall,Fall
20055,Fall,Summer,Summer
20057,Fall,Summer,Summer
20059,Fall,Summer,Summer
20079,Summer,Summer,Summer
20091,Summer,Summer,Summer
20093,Fall,Fall,Fall
20104,Fall,Fall,Fall
20106,Fall,Fall,Fall
20109,Fall,Fall,Fall
20127,Fall,Fall,Fall
20131,Fall,Fall,Fall
20137,Fall,Fall,Fall
20141,Fall,Fall,Fall
20142,Fall,Summer,Summer
20165,Fall,Fall,Fall
20170,Fall,Fall,Fall
20173,Winter,Fall,Fall
20176,Fall,Fall,Fall
20196,Fall,Fall,Fall
20204,Fall,Fall,Fall
20205,Fall,Fall,Fall
20208,Fall,Summer,Summer
20220,Fall,Fall,Fall
20235,Fall,Summer,Fall
20236,Fall,Fall,Fall
20237,Fall,Fall,Fall
20240,Fall,Fall,Fall
20241,Fall,Fall,Fall
20245,Fall,Fall,Fall
20246,Fall,Fall,Fall
20247,Summer,Summer,Fall
20248,Fall,Fall,Fall
20265,Winter,Winter,Winter
20266,Winter,Winter,Winter
20275,Winter,Winter,Winter
20279,Winter,Winter,Winter
20280,Winter,Winter,Winter
20289,Summer,Winter,Winter
20298,Fall,Fall,Fall
20307,Fall,Fall,Fall
20309,Fall,Summer,Summer
20317,Fall,Fall,Fall
20319,Summer,Fall,Fall
20328,Summer,Fall,Fall
20330,Fall,Fall,Fall
20340,Summer,Summer,Fall
20341,Fall,Fall,Fall
20344,Summer,Fall,Fall
20353,Fall,Fall,Fall
20360,Fall,Fall,Fall
20367,Fall,Summer,Summer
20368,Summer,Fall,Fall
20375,Fall,Summer,Fall
20396,Winter,Winter,Winter
20403,Winter,Winter,Winter
20447,Fall,Fall,Fall
20463,Winter,Winter,Winter
20475,Winter,Winter,Winter
20486,Winter,Summer,Summer
20495,Winter,Winter,Winter
20514,Winter,Summer,Summer
20517,Winter,Winter,Winter
20524,Winter,Winter,Summer
20529,Winter,Summer,Summer
20587,Winter,Winter,Winter
20590,Winter,Winter,Winter
20599,Winter,Winter,Winter
20602,Winter,Summer,Summer
20603,Winter,Summer,Winter
20610,Winter,Summer,Summer
20626,Winter,Winter,Winter
20629,Winter,Winter,Summer
20670,Fall,Fall,Fall
20676,Winter,Fall,Winter
20678,Summer,Summer,Summer
20687,Winter,Winter,Winter
20704,Winter,Fall,Fall
20711,Winter,Summer,Winter
20716,Winter,Winter,Winter
20729,Summer,Winter,Winter
20733,Summer,Fall,Fall
20765,Fall,Winter,Winter
20771,Fall,Summer,Summer
20778,Fall,Winter,Winter
20787,Fall,Fall,Fall
20790,Fall,Fall,Fall
20794,Fall,Fall,Fall
20797,Fall,Fall,Fall
20818,Winter,Winter,Winter
20833,Fall,Fall,Fall
20837,Spring,Summer,Summer
20850,Winter,Summer,Winter
20852,Winter,Summer,Summer
20863,Fall,Fall,Fall
20886,Fall,Summer,Summer
20888,Fall,Summer,Summer
20897,Spring,Summer,Summer
20906,Winter,Summer,Summer
20924,Winter,Summer,Summer
20927,Winter,Winter,Winter
20930,Winter,Summer,Summer
20931,Winter,Summer,Summer
20935,Winter,Summer,Summer
20937,Winter,Summer,Summer
20946,Fall,Fall,Fall
20954,Fall,Fall,Fall
20957,Fall,Fall,Fall
20959,Winter,Winter,Summer
20972,Winter,Winter,Winter
20975,Winter,Winter,Winter
20988,Winter,Summer,Summer
21008,Winter,Summer,Summer
21023,Fall,Summer,Summer
21030,Fall,Summer,Summer
21063,Summer,Fall,Fall
21087,Fall,Summer,Summer
21099,Fall,Fall,Summer
21122,Fall,Fall,Fall
21126,Fall,Fall,Fall
21137,Fall,Fall,Fall
21142,Fall,Fall,Fall
21147,Fall,Summer,Summer
21148,Fall,Fall,Fall
21152,Fall,Fall,Fall
21159,Fall,Summer,Fall
21160,Fall,Fall,Fall
21161,Fall,Fall,Fall
21172,Fall,Fall,Fall
21179,Summer,Summer,Summer
21188,Summer,Fall,Fall
21199,Summer,Summer,Summer
21210,Fall,Fall,Fall
21227,Summer,Summer,Summer
21235,Fall,Summer,Summer
21236,Fall,Fall,Fall
21239,Spring,Spring,Spring
21241,Spring,Spring,Spring
21247,Fall,Summer,Summer
21261,Summer,Winter,Winter
21263,Fall,Winter,Winter
21278,Winter,Winter,Winter
21279,Winter,Winter,Winter
21319,Winter,Winter,Winter
21321,Winter,Winter,Winter
21326,Winter,Winter,Winter
21329,Winter,Winter,Winter
21334,Winter,Winter,Winter
21364,Fall,Fall,Fall
21376,Fall,Fall,Fall
21380,Fall,Fall,Fall
21400,Fall,Fall,Fall
21408,Fall,Fall,Fall
21410,Fall,Fall,Fall
21421,Winter,Summer,Summer
21435,Winter,Summer,Summer
21438,Winter,Summer,Summer
21478,Winter,Winter,Winter
21481,Winter,Winter,Winter
21483,Winter,Winter,Winter
21499,Winter,Winter,Winter
21500,Winter,Winter,Summer
21506,Winter,Winter,Winter
21519,Winter,Summer,Summer
21532,Winter,Winter,Winter
21549,Winter,Summer,Summer
21558,Winter,Summer,Summer
21559,Winter,Summer,Summer
21577,Winter,Summer,Summer
21585,Fall,Summer,Summer
21591,Summer,Summer,Summer
21592,Fall,Summer,Summer
21593,Summer,Summer,Summer
21613,Summer,Summer,Summer
21616,Summer,Summer,Summer
21618,Summer,Winter,Winter
21626,Summer,Summer,Summer
21644,Fall,Summer,Summer
21654,Summer,Summer,Summer
21674,Winter,Winter,Winter
21679,Winter,Winter,Winter
21687,Winter,Winter,Winter
21697,Winter,Winter,Winter
21705,Winter,Winter,Winter
21712,Winter,Winter,Winter
21715,Winter,Fall,Fall
21719,Winter,Winter,Winter
21721,Winter,Winter,Winter
21723,Winter,Winter,Winter
21725,Fall,Summer,Summer
21727,Fall,Fall,Fall
21732,Winter,Winter,Winter
21733,Winter,Winter,Winter
21734,Winter,Winter,Winter
21747,Fall,Summer,Summer
21748,Fall,Fall,Fall
21754,Fall,Summer,Fall
21774,Fall,Summer,Summer
21778,Fall,Fall,Fall
21791,Fall,Fall,Fall
21800,Fall,Summer,Summer
21806,Winter,Fall,Fall
21807,Winter,Fall,Fall
21820,Winter,Fall,Fall
21881,Fall,Fall,Fall
21883,Fall,Fall,Fall
21884,Fall,Fall,Fall
21886,Fall,Fall,Fall
21890,Fall,Fall,Fall
21892,Fall,Fall,Fall
21894,Fall,Fall,Fall
21895,Fall,Fall,Fall
21898,Fall,Fall,Fall
21899,Summer,Fall,Fall
21901,Fall,Fall,Fall
21906,Fall,Fall,Fall
21918,Fall,Fall,Fall
21928,Fall,Fall,Fall
21932,Fall,Fall,Fall
21940,Winter,Winter,Winter
21942,Winter,Winter,Winter
21948,Winter,Winter,Winter
21952,Winter,Winter,Winter
21956,Winter,Winter,Winter
21964,Winter,Winter,Winter
21965,Winter,Winter,Winter
21966,Winter,Winter,Winter
21967,Winter,Winter,Winter
21973,Winter,Winter,Winter
21975,Winter,Winter,Winter
21977,Winter,Winter,Winter
21985,Winter,Winter,Winter
21986,Winter,Winter,Winter
21987,Winter,Winter,Winter
21991,Winter,Winter,Winter
22006,Winter,Winter,Winter
22007,Winter,Winter,Winter
22013,Winter,Winter,Winter
22016,Fall,Fall,Fall
22019,Fall,Fall,Fall
22027,Fall,Fall,Fall
22030,Fall,Fall,Fall
22036,Fall,Fall,Fall
22041,Fall,Fall,Fall
22043,Fall,Fall,Fall
22059,Fall,Fall,Fall
22067,Fall,Fall,Fall
22074,Fall,Fall,Fall
22080,Fall,Fall,Fall
22148,Fall,Fall,Fall
22149,Fall,Summer,Summer
22150,Fall,Winter,Summer
22151,Summer,Summer,Summer
22152,Summer,Summer,Summer
22153,Summer,Fall,Fall
22162,Summer,Fall,Summer
22169,Fall,Fall,Fall
22196,Fall,Summer,Winter
22198,Fall,Fall,Fall
22199,Summer,Fall,Fall
22205,Summer,Summer,Summer
22223,Fall,Summer,Summer
22226,Fall,Fall,Fall
22228,Fall,Fall,Fall
22235,Summer,Summer,Summer
22240,Fall,Summer,Fall
22242,Fall,Winter,Winter
22245,Summer,Summer,Fall
22246,Summer,Fall,Fall
22247,Fall,Fall,Fall
22250,Fall,Winter,Winter
22251,Summer,Summer,Summer
22269,Winter,Fall,Fall
22275,Winter,Winter,Winter
22294,Winter,Winter,Winter
22304,Winter,Winter,Winter
22307,Winter,Winter,Winter
22308,Winter,Winter,Winter
22332,Fall,Fall,Fall
22343,Fall,Fall,Fall
22344,Fall,Fall,Fall
22350,Fall,Fall,Fall
22353,Fall,Fall,Fall
22356,Fall,Fall,Fall
22359,Summer,Fall,Fall
22360,Fall,Fall,Fall
22362,Winter,Winter,Winter
22367,Fall,Fall,Fall
22370,Fall,Summer,Summer
22372,Fall,Fall,Fall
22376,Fall,Fall,Fall
22390,Fall,Fall,Fall
22391,Fall,Summer,Summer
22393,Fall,Fall,Fall
22465,Fall,Summer,Fall
22471,Fall,Fall,Fall
22476,Summer,Summer,Summer
22477,Summer,Summer,Summer
22485,Summer,Fall,Fall
22491,Fall,Summer,Summer
22500,Winter,Summer,Summer
22502,Winter,Winter,Fall
22504,Winter,Summer,Winter
22510,Fall,Fall,Fall
22540,Winter,Summer,Summer
22547,Summer,Summer,Summer
22548,Spring,Spring,Spring
22563,Winter,Winter,Winter
22564,Winter,Winter,Winter
22565,Winter,Winter,Winter
22567,Summer,Summer,Summer
22570,Summer,Summer,Summer
22577,Fall,Summer,Summer
22581,Fall,Fall,Fall
22586,Fall,Summer,Summer
22592,Fall,Fall,Fall
22603,Fall,Summer,Summer
22606,Fall,Summer,Summer
22623,Fall,Summer,Summer
22627,Fall,Fall,Fall
22639,Summer,Summer,Summer
22643,Summer,Summer,Summer
22651,Winter,Winter,Winter
22676,Winter,Winter,Winter
22677,Winter,Winter,Winter
22679,Winter,Winter,Summer
22680,Winter,Winter,Winter
22685,Winter,Winter,Winter
22687,Fall,Fall,Fall
22689,Summer,Summer,Summer
22691,Fall,Summer,Summer
22697,Fall,Fall,Fall
22698,Fall,Fall,Fall
22703,Fall,Fall,Fall
22707,Fall,Summer,Summer
22710,Fall,Fall,Fall
22713,Fall,Summer,Fall
22720,Fall,Summer,Summer
22724,Fall,Fall,Fall
22732,Fall,Summer,Summer
22739,Fall,Summer,Summer
22776,Summer,Summer,Summer
22779,Summer,Fall,Fall
22783,Summer,Fall,Fall
22810,Fall,Fall,Fall
22845,Summer,Summer,Summer
22870,Summer,Summer,Summer
22877,Summer,Summer,Summer
22883,Winter,Summer,Summer
22885,Winter,Summer,Summer
22886,Summer,Summer,Summer
22893,Summer,Summer,Summer
22895,Summer,Summer,Summer
22909,Fall,Fall,Fall
22920,Winter,Winter,Winter
22923,Winter,Winter,Winter
22926,Winter,Winter,Winter
22977,Fall,Fall,Fall
22982,Fall,Summer,Summer
22990,Summer,Summer,Summer
23027,Fall,Fall,Fall
23028,Fall,Fall,Fall
23029,Fall,Fall,Fall
23035,Fall,Fall,Fall
23047,Fall,Fall,Fall
23049,Fall,Summer,Summer
23050,Fall,Fall,Fall
23052,Fall,Fall,Fall
23077,Fall,Fall,Fall
23088,Fall,Fall,Fall
23099,Fall,Fall,Fall
23103,Fall,Fall,Fall
23111,Fall,Fall,Fall
23114,Fall,Fall,Fall
23138,Fall,Fall,Fall
23142,Fall,Fall,Fall
23143,Fall,Fall,Fall
23150,Fall,Summer,Summer
23151,Winter,Fall,Fall
23152,Winter,Fall,Fall
23161,Fall,Summer,Summer
23162,Fall,Fall,Fall
23163,Fall,Fall,Fall
23175,Fall,Fall,Fall
23176,Fall,Fall,Fall
23187,Fall,Fall,Fall
23194,Fall,Summer,Fall
23197,Fall,Fall,Fall
23201,Fall,Fall,Fall
23205,Fall,Fall,Fall
23206,Fall,Fall,Fall
23207,Fall,Fall,Fall
23209,Fall,Fall,Fall
23217,Fall,Fall,Fall
23218,Fall,Fall,Fall
23220,Fall,Summer,Summer
23222,Fall,Summer,Summer
23231,Fall,Summer,Summer
23237,Fall,Summer,Summer
23258,Winter,Winter,Winter
23260,Winter,Winter,Winter
23261,Winter,Winter,Winter
23280,Winter,Winter,Winter
23281,Winter,Winter,Winter
23287,Winter,Winter,Winter
23297,Fall,Summer,Summer
23303,Fall,Summer,Summer
23306,Fall,Fall,Fall
23308,Fall,Fall,Fall
23314,Fall,Summer,Summer
23401,Summer,Summer,Summer
23448,Fall,Summer,Summer
23483,Summer,Fall,Fall
23516,Winter,Winter,Winter
23524,Spring,Spring,Spring
23530,Spring,Spring,Spring
23531,Spring,Spring,Spring
23535,Spring,Spring,Spring
23536,Spring,Spring,Spring
23545,Spring,Spring,Spring
23566,Spring,Spring,Spring
23569,Spring,Spring,Spring
23574,Spring,Spring,Spring
23577,Spring,Spring,Spring
23581,Spring,Spring,Spring
23591,Spring,Spring,Spring
23600,Spring,Spring,Spring
23601,Spring,Spring,Spring
23611,Spring,Spring,Spring
23612,Spring,Spring,Spring
23618,Spring,Spring,Spring
23620,Spring,Spring,Spring
23625,Fall,Summer,Summer
23627,Spring,Summer,Fall
23649,Summer,Summer,Fall
23666,Fall,Fall,Fall
23679,Summer,Winter,Winter
23703,Winter,Winter,Winter
23704,Winter,Winter,Winter
23706,Winter,Winter,Winter
23734,Winter,Winter,Winter
23739,Winter,Winter,Winter
23743,Winter,Winter,Winter
23750,Winter,Winter,Winter
23759,Winter,Winter,Winter
23760,Winter,Winter,Winter
23761,Winter,Winter,Winter
23780,Winter,Winter,Winter
23783,Winter,Winter,Winter
23787,Winter,Winter,Winter
23815,Fall,Summer,Summer
23825,Summer,Fall,Summer
23827,Summer,Summer,Summer
23837,Fall,Summer,Summer
23839,Fall,Fall,Fall
23847,Fall,Summer,Summer
23848,Fall,Summer,Summer
23850,Fall,Fall,Fall
23858,Fall,Summer,Summer
23867,Fall,Fall,Fall
23868,Fall,Summer,Summer
23894,Summer,Fall,Fall
23899,Fall,Summer,Summer
23913,Winter,Fall,Fall
23917,Summer,Summer,Fall
23926,Summer,Fall,Fall
23929,Fall,Summer,Summer
23954,Fall,Fall,Fall
23956,Fall,Summer,Summer
23968,Fall,Fall,Fall
24015,Fall,Summer,Summer
24020,Fall,Summer,Summer
24024,Fall,Summer,Summer
24041,Fall,Summer,Fall
24042,Fall,Fall,Fall
24044,Fall,Summer,Summer
24051,Summer,Summer,Summer
24053,Fall,Fall,Fall
24055,Summer,Summer,Summer
24066,Fall,Fall,Fall
24071,Winter,Winter,Winter
24072,Winter,Summer,Summer
24089,Fall,Fall,Fall
24100,Summer,Winter,Winter
24114,Fall,Summer,Summer
24136,Fall,Fall,Fall
24143,Spring,Summer,Summer
24144,Spring,Fall,Fall
24148,Spring,Summer,Summer
24151,Fall,Fall,Fall
24153,Fall,Fall,Fall
24158,Fall,Fall,Fall
24159,Fall,Fall,Fall
24162,Fall,Fall,Fall
24167,Fall,Fall,Fall
24168,Fall,Fall,Fall
24170,Summer,Fall,Fall
24171,Fall,Fall,Fall
24178,Fall,Fall,Fall
24184,Summer,Summer,Summer
24188,Summer,Fall,Fall
24215,Summer,Summer,Summer
24259,Fall,Fall,Fall
24273,Summer,Fall,Fall
24275,Summer,Summer,Summer
24285,Summer,Summer,Summer
24290,Summer,Fall,Fall
24292,Summer,Summer,Summer
24333,Summer,Fall,Fall
24334,Summer,Summer,Summer
24339,Fall,Summer,Summer
24359,Fall,Fall,Fall
24366,Fall,Summer,Summer
24372,Fall,Fall,Fall
24374,Fall,Fall,Fall
24375,Fall,Fall,Fall
24408,Summer,Summer,Summer
24412,Summer,Summer,Summer
24413,Fall,Summer,Summer
24414,Summer,Summer,Summer
24419,Summer,Summer,Fall
24420,Summer,Fall,Fall
24421,Summer,Summer,Summer
24423,Summer,Summer,Summer
24424,Summer,Summer,Summer
24444,Fall,Summer,Summer
24455,Summer,Summer,Fall
24463,Fall,Fall,Fall
24468,Fall,Fall,Fall
24472,Fall,Fall,Fall
24518,Fall,Fall,Fall
24526,Fall,Fall,Fall
24527,Fall,Fall,Fall
24529,Fall,Fall,Fall
24535,Fall,Fall,Fall
24562,Summer,Summer,Summer
24592,Fall,Summer,Summer
24593,Fall,Fall,Fall
24602,Fall,Fall,Fall
24609,Fall,Fall,Fall
24610,Fall,Fall,Fall
24619,Summer,Summer,Winter
24638,Summer,Summer,Fall
24645,Summer,Summer,Summer
24646,Summer,Summer,Summer
24681,Winter,Winter,Summer
24689,Fall,Summer,Summer
24694,Summer,Summer,Summer
24697,Fall,Fall,Fall
24699,Fall,Summer,Summer
24701,Fall,Summer,Fall
24711,Fall,Fall,Fall
24712,Fall,Summer,Summer
24721,Fall,Summer,Fall
24727,Fall,Summer,Summer
24729,Fall,Fall,Fall
24732,Fall,Fall,Fall
24741,Winter,Winter,Winter
24755,Summer,Fall,Fall
24769,Summer,Summer,Summer
24779,Winter,Fall,Fall
24780,Winter,Fall,Fall
24782,Winter,Summer,Summer
24788,Winter,Summer,Summer
24796,Summer,Summer,Summer
24816,Fall,Summer,Summer
24822,Winter,Summer,Winter
24833,Winter,Winter,Winter
24835,Fall,Summer,Summer
24840,Fall,Summer,Summer
24845,Summer,Summer,Summer
24866,Summer,Summer,Summer
24876,Summer,Summer,Summer
24884,Summer,Summer,Summer
24887,Summer,Fall,Fall
24906,Summer,Summer,Summer
24908,Summer,Summer,Fall
24912,Summer,Summer,Summer
24919,Summer,Summer,Summer
24922,Summer,Summer,Summer
24924,Summer,Summer,Summer
24929,Summer,Summer,Summer
24942,Summer,Summer,Summer
24944,Summer,Summer,Summer
24946,Summer,Summer,Summer
24949,Summer,Fall,Fall
24955,Summer,Summer,Summer
24989,Summer,Summer,Summer
24995,Summer,Summer,Summer
25003,Summer,Summer,Summer
25020,Fall,Fall,Fall
25024,Fall,Summer,Summer
25034,Summer,Summer,Fall
25036,Fall,Summer,Fall
25038,Fall,Summer,Summer
25041,Fall,Summer,Summer
25048,Winter,Winter,Winter
25051,Winter,Winter,Winter
25054,Winter,Winter,Winter
25059,Winter,Winter,Winter
25060,Winter,Winter,Winter
25061,Winter,Winter,Winter
25085,Winter,Summer,Summer
25088,Summer,Summer,Summer
25093,Winter,Summer,Winter
25094,Winter,Summer,Winter
25097,Winter,Winter,Winter
25101,Winter,Summer,Summer
25111,Winter,Summer,Summer
25139,Winter,Summer,Summer
25149,Winter,Winter,Winter
25175,Winter,Winter,Winter
25195,Winter,Winter,Winter
25198,Winter,Winter,Winter
25199,Winter,Winter,Winter
25201,Winter,Winter,Winter
25202,Winter,Summer,Summer
25203,Winter,Winter,Winter
25245,Summer,Winter,Summer
25248,Summer,Winter,Winter
25251,Summer,Summer,Summer
25253,Summer,Summer,Summer
25261,Summer,Summer,Summer
25262,Summer,Summer,Winter
25263,Summer,Winter,Winter
25264,Summer,Summer,Summer
25267,Summer,Winter,Winter
25268,Summer,Winter,Winter
25272,Summer,Winter,Winter
25275,Summer,Summer,Summer
25278,Summer,Winter,Winter
25285,Fall,Summer,Winter
25286,Summer,Summer,Summer
25287,Summer,Summer,Summer
25295,Summer,Summer,Summer
25300,Winter,Winter,Winter
25304,Winter,Fall,Summer
25306,Winter,Winter,Winter
25315,Winter,Winter,Winter
25316,Winter,Summer,Winter
25324,Winter,Winter,Winter
25338,Winter,Winter,Winter
25342,Summer,Summer,Summer
25345,Summer,Summer,Summer
25346,Summer,Summer,Summer
25347,Summer,Summer,Summer
25348,Summer,Summer,Summer
25359,Summer,Summer,Summer
25364,Summer,Summer,Summer
25400,Summer,Summer,Summer
25412,Summer,Summer,Summer
25413,Summer,Summer,Summer
25415,Summer,Summer,Summer
25417,Summer,Fall,Fall
25425,Summer,Summer,Summer
25448,Summer,Summer,Summer
25449,Summer,Summer,Summer
25469,Summer,Summer,Summer
25475,Summer,Summer,Summer
25484,Summer,Winter,Summer
25488,Summer,Fall,Fall
25492,Summer,Summer,Summer
25523,Summer,Summer,Summer
25526,Summer,Summer,Fall
25528,Summer,Fall,Fall
25546,Summer,Fall,Fall
25584,Summer,Summer,Summer
25585,Summer,Fall,Fall
25609,Winter,Winter,Winter
25615,Winter,Winter,Winter
25640,Winter,Winter,Winter
25641,Winter,Winter,Winter
25652,Winter,Winter,Winter
25653,Winter,Winter,Winter
25655,Summer,Winter,Winter
25691,Summer,Fall,Fall
25698,Summer,Fall,Fall
25699,Summer,Fall,Fall
25719,Summer,Summer,Summer
25729,Summer,Summer,Summer
25736,Summer,Summer,Winter
25741,Summer,Winter,Winter
25749,Winter,Summer,Summer
25754,Winter,Summer,Fall
25778,Summer,Summer,Summer
25780,Summer,Summer,Summer
25783,Summer,Summer,Summer
25785,Summer,Summer,Summer
25791,Summer,Summer,Summer
25793,Summer,Summer,Summer
25820,Summer,Summer,Summer
25827,Summer,Summer,Summer
25832,Summer,Summer,Summer
25840,Summer,Fall,Fall
25853,Summer,Summer,Summer
25863,Winter,Winter,Winter
25865,Winter,Winter,Winter
25866,Winter,Summer,Summer
25877,Winter,Winter,Winter
25881,Winter,Winter,Winter
25882,Winter,Summer,Summer
25893,Summer,Summer,Summer
25902,Summer,Summer,Summer
25919,Summer,Summer,Summer
25922,Summer,Summer,Summer
25924,Summer,Summer,Summer
25925,Summer,Summer,Summer
25931,Summer,Summer,Summer
25932,Summer,Fall,Fall
25940,Summer,Summer,Summer
25949,Summer,Fall,Fall
25954,Summer,Summer,Summer
25958,Summer,Summer,Summer
25970,Summer,Summer,Summer
25979,Spring,Spring,Spring
25987,Spring,Summer,Summer
25990,Spring,Spring,Spring
25994,Spring,Spring,Spring
25999,Spring,Spring,Spring
26001,Spring,Spring,Spring
26003,Spring,Spring,Spring
26004,Spring,Spring,Spring
26012,Spring,Spring,Spring
26015,Spring,Summer,Summer
26028,Spring,Spring,Spring
26044,Summer,Summer,Summer
26045,Summer,Summer,Summer
26114,Summer,Summer,Summer
26115,Summer,Summer,Summer
26141,Summer,Summer,Summer
26145,Summer,Summer,Summer
26146,Summer,Summer,Summer
26156,Summer,Summer,Summer
26159,Summer,Fall,Summer
26174,Winter,Winter,Winter
26178,Winter,Winter,Winter
26182,Spring,Winter,Winter
26184,Winter,Winter,Winter
26185,Winter,Summer,Summer
26210,Spring,Spring,Spring
26213,Spring,Spring,Spring
26220,Summer,Summer,Summer
26224,Summer,Winter,Winter
26236,Summer,Fall,Fall
26254,Summer,Summer,Summer
26258,Summer,Summer,Summer
26261,Summer,Fall,Fall
26262,Summer,Summer,Summer
26273,Summer,Summer,Summer
26278,Summer,Summer,Summer
26311,Summer,Summer,Summer
26312,Summer,Summer,Summer
26315,Fall,Summer,Summer
26321,Fall,Fall,Fall
26330,Winter,Winter,Winter
26332,Winter,Winter,Winter
26336,Winter,Winter,Winter
26338,Winter,Winter,Winter
26342,Winter,Winter,Winter
26346,Winter,Winter,Winter
26355,Summer,Summer,Summer
26357,Summer,Summer,Fall
26365,Summer,Fall,Fall
26368,Summer,Summer,Summer
26375,Summer,Summer,Summer
26380,Summer,Summer,Summer
26408,Summer,Summer,Summer
26426,Summer,Winter,Winter
26434,Winter,Summer,Summer
26462,Summer,Summer,Summer
26463,Summer,Summer,Summer
26465,Summer,Summer,Summer
26473,Summer,Summer,Summer
26474,Summer,Summer,Summer
26481,Summer,Summer,Summer
26483,Summer,Summer,Summer
26490,Summer,Summer,Summer
26491,Summer,Summer,Summer
26495,Summer,Summer,Summer
26498,Summer,Summer,Summer
26502,Spring,Summer,Summer
26504,Fall,Fall,Fall
26518,Spring,Summer,Summer
26521,Spring,Fall,Fall
26535,Summer,Summer,Winter
26537,Winter,Winter,Winter
26542,Summer,Fall,Fall
26548,Summer,Summer,Summer
26550,Fall,Summer,Summer
26553,Fall,Summer,Summer
26554,Fall,Summer,Summer
26585,Summer,Fall,Fall
26594,Summer,Fall,Fall
26595,Summer,Summer,Summer
26600,Summer,Summer,Summer
26616,Summer,Fall,Fall
26619,Summer,Summer,Summer
26622,Summer,Fall,Fall
26626,Summer,Winter,Winter
26627,Summer,Fall,Fall
26646,Summer,Summer,Summer
26648,Summer,Summer,Summer
26653,Summer,Fall,Fall
26670,Summer,Fall,Summer
26672,Summer,Summer,Summer
26673,Summer,Summer,Summer
26677,Winter,Summer,Fall
26681,Summer,Fall,Fall
26688,Summer,Fall,Fall
26709,Fall,Summer,Summer
26715,Summer,Summer,Summer
26717,Summer,Summer,Summer
26732,Spring,Spring,Spring
26781,Spring,Spring,Spring
26785,Spring,Spring,Spring
26788,Summer,Summer,Summer
26796,Summer,Summer,Summer
26801,Summer,Summer,Summer
26810,Summer,Summer,Summer
26812,Summer,Summer,Summer
26814,Summer,Summer,Summer
26819,Summer,Fall,Fall
26848,Spring,Spring,Spring
26855,Spring,Spring,Spring
26911,Summer,Summer,Summer
26923,Summer,Summer,Summer
26947,Summer,Summer,Summer
26982,Summer,Summer,Summer
26984,Summer,Summer,Summer
26986,Summer,Summer,Summer
26989,Summer,Summer,Summer
26990,Summer,Summer,Summer
26994,Summer,Summer,Summer
27005,Summer,Summer,Summer
27013,Summer,Summer,Summer
27020,Summer,Summer,Summer
27027,Summer,Summer,Summer
27034,Winter,Winter,Winter
27044,Fall,Summer,Summer
27054,Summer,Winter,Winter
27074,Winter,Winter,Winter
27084,Winter,Winter,Winter
27089,Summer,Fall,Fall
27092,Summer,Summer,Summer
27098,Summer,Summer,Summer
27109,Summer,Summer,Summer
27115,Summer,Summer,Summer
27141,Summer,Summer,Summer
27186,Summer,Summer,Summer
27189,Summer,Summer,Summer
27193,Winter,Winter,Winter
27195,Summer,Summer,Summer
27207,Summer,Summer,Summer
27210,Summer,Summer,Summer
27268,Fall,Fall,Fall
27269,Fall,Fall,Fall
27276,Fall,Summer,Summer
27278,Fall,Summer,Summer
27285,Fall,Fall,Fall
27289,Fall,Fall,Fall
27296,Fall,Fall,Fall
27297,Fall,Fall,Fall
27298,Fall,Fall,Fall
27300,Fall,Summer,Summer
27304,Spring,Spring,Spring
27316,Spring,Spring,Spring
27323,Spring,Spring,Spring
27327,Spring,Spring,Spring
27343,Spring,Spring,Spring
27347,Fall,Summer,Summer
27348,Fall,Summer,Summer
27353,Fall,Summer,Summer
27357,Fall,Fall,Fall
27364,Fall,Fall,Fall
27384,Summer,Summer,Summer
27385,Summer,Summer,Summer
27386,Summer,Summer,Summer
27398,Winter,Summer,Summer
27399,Summer,Summer,Summer
27401,Summer,Summer,Summer
27408,Summer,Winter,Fall
27412,Summer,Summer,Summer
27421,Winter,Summer,Summer
27425,Winter,Summer,Summer
27428,Fall,Summer,Summer
27429,Winter,Summer,Summer
27431,Winter,Summer,Summer
27434,Fall,Winter,Winter
27440,Fall,Summer,Summer
27443,Winter,Summer,Summer
27457,Fall,Winter,Winter
27459,Fall,Winter,Winter
27465,Fall,Winter,Summer
27466,Winter,Summer,Summer
27476,Winter,Summer,Summer
27478,Winter,Summer,Summer
27490,Winter,Winter,Winter
27515,Winter,Summer,Summer
27517,Winter,Winter,Winter
27520,Winter,Winter,Winter
27525,Summer,Summer,Summer
27537,Summer,Summer,Summer
27539,Summer,Summer,Summer
27624,Summer,Summer,Summer
27626,Summer,Summer,Fall
27630,Summer,Summer,Summer
27644,Summer,Summer,Summer
27680,Winter,Summer,Summer
27692,Winter,Winter,Winter
27703,Winter,Winter,Winter
27715,Winter,Summer,Summer
27724,Winter,Winter,Winter
27726,Winter,Winter,Winter
27733,Winter,Winter,Winter
27742,Winter,Winter,Summer
27743,Winter,Winter,Winter
27748,Winter,Winter,Summer
27772,Winter,Summer,Summer
27808,Summer,Summer,Summer
27818,Summer,Summer,Summer
27820,Fall,Summer,Summer
27840,Summer,Summer,Summer
27846,Summer,Summer,Summer
27850,Summer,Summer,Summer
27860,Summer,Summer,Summer
27861,Summer,Summer,Summer
27867,Summer,Summer,Summer
27875,Summer,Summer,Summer
27876,Summer,Summer,Summer
27879,Summer,Summer,Summer
27882,Summer,Summer,Summer
27888,Summer,Summer,Summer
27893,Summer,Summer,Summer
27895,Summer,Summer,Summer
27900,Summer,Summer,Summer
27902,Summer,Summer,Summer
27903,Summer,Summer,Summer
27906,Summer,Fall,Fall
27909,Summer,Summer,Summer
27910,Summer,Summer,Summer
27911,Summer,Summer,Summer
27921,Summer,Summer,Summer
27924,Summer,Summer,Summer
27937,Summer,Summer,Summer
27938,Summer,Summer,Summer
27939,Summer,Summer,Summer
27946,Summer,Summer,Summer
27948,Summer,Summer,Summer
27949,Summer,Summer,Summer
27955,Summer,Summer,Summer
27957,Summer,Summer,Summer
27973,Summer,Summer,Summer
27984,Summer,Summer,Summer
27985,Summer,Summer,Summer
27995,Winter,Summer,Summer
28011,Winter,Summer,Summer
28019,Summer,Summer,Summer
28021,Summer,Summer,Summer
28026,Summer,Summer,Summer
28030,Summer,Summer,Summer
28044,Summer,Summer,Summer
28047,Summer,Summer,Summer
28084,Summer,Summer,Summer
28092,Summer,Summer,Summer
28093,Summer,Summer,Summer
28103,Summer,Summer,Summer
28108,Summer,Summer,Summer
28113,Summer,Summer,Summer
28118,Summer,Summer,Summer
28119,Summer,Summer,Summer
28121,Summer,Summer,Summer
28130,Summer,Summer,Summer
28136,Summer,Summer,Summer
28137,Summer,Summer,Summer
28146,Fall,Summer,Summer
28148,Summer,Summer,Summer
28151,Summer,Summer,Summer
28155,Winter,Winter,Winter
28208,Winter,Winter,Winter
28210,Winter,Winter,Winter
28211,Winter,Winter,Winter
28216,Spring,Spring,Spring
28220,Spring,Spring,Spring
28236,Spring,Spring,Spring
28244,Spring,Spring,Spring
28248,Spring,Spring,Spring
28249,Spring,Spring,Spring
28254,Spring,Spring,Spring
28256,Spring,Spring,Spring
28257,Spring,Spring,Spring
28265,Spring,Spring,Spring
28266,Spring,Spring,Spring
28268,Spring,Spring,Spring
28270,Spring,Spring,Spring
28275,Spring,Spring,Spring
28280,Winter,Winter,Winter
28284,Winter,Winter,Winter
28285,Winter,Winter,Winter
28286,Winter,Winter,Winter
28287,Winter,Winter,Winter
28291,Winter,Winter,Winter
28292,Summer,Winter,Winter
28294,Winter,Winter,Winter
28297,Winter,Winter,Winter
28309,Winter,Winter,Winter
28375,Winter,Winter,Winter
28431,Winter,Winter,Winter
28432,Winter,Winter,Winter
28442,Summer,Summer,Summer
28444,Summer,Summer,Summer
28451,Summer,Summer,Summer
28452,Summer,Summer,Summer
28453,Summer,Summer,Summer
28463,Summer,Summer,Summer
28467,Summer,Summer,Summer
28468,Summer,Summer,Summer
28476,Summer,Summer,Summer
28478,Summer,Summer,Summer
28488,Summer,Summer,Summer
28512,Summer,Summer,Summer
28528,Summer,Summer,Summer
28529,Summer,Summer,Summer
28531,Summer,Summer,Summer
28533,Summer,Summer,Summer
28536,Summer,Summer,Summer
28542,Summer,Summer,Summer
28546,Summer,Summer,Summer
28550,Summer,Summer,Summer
28551,Summer,Summer,Summer
28565,Summer,Summer,Summer
28578,Winter,Winter,Winter
28608,Summer,Fall,Fall
28617,Summer,Summer,Summer
28622,Summer,Summer,Summer
28626,Summer,Summer,Summer
28644,Summer,Summer,Summer
28656,Summer,Fall,Fall
28671,Summer,Summer,Summer
28672,Summer,Summer,Summer
28681,Summer,Summer,Summer
28692,Summer,Summer,Summer
28693,Summer,Summer,Summer
28696,Summer,Summer,Summer
28725,Summer,Summer,Summer
28732,Summer,Summer,Summer
28733,Summer,Summer,Summer
28738,Summer,Summer,Summer
28740,Summer,Summer,Summer
28753,Summer,Fall,Fall
28763,Summer,Fall,Fall
28769,Summer,Fall,Fall
28776,Summer,Summer,Summer
28778,Summer,Summer,Summer
28784,Summer,Summer,Summer
28818,Summer,Summer,Summer
28821,Summer,Summer,Summer
28825,Summer,Summer,Summer
28834,Summer,Summer,Summer
28835,Summer,Summer,Summer
28836,Summer,Summer,Fall
28850,Summer,Summer,Summer
28852,Summer,Summer,Summer
28854,Summer,Summer,Summer
28861,Summer,Summer,Summer
28872,Summer,Summer,Summer
28875,Summer,Summer,Summer
28879,Summer,Summer,Summer
28882,Summer,Summer,Summer
28887,Summer,Summer,Summer
28891,Summer,Summer,Summer
28893,Summer,Summer,Summer
28896,Summer,Summer,Summer
28903,Summer,Summer,Summer
28904,Summer,Summer,Summer
28905,Summer,Summer,Summer
28927,Summer,Summer,Summer
28928,Summer,Summer,Summer
28931,Summer,Summer,Summer
28934,Summer,Summer,Summer
28936,Summer,Summer,Summer
28939,Summer,Summer,Summer
28940,Summer,Summer,Fall
28944,Summer,Summer,Summer
28953,Summer,Summer,Summer
28964,Summer,Summer,Summer
28968,Summer,Summer,Summer
28971,Summer,Fall,Fall
28975,Summer,Fall,Fall
28977,Summer,Summer,Summer
28997,Summer,Summer,Summer
29001,Summer,Summer,Summer
29019,Summer,Summer,Summer
29020,Summer,Summer,Summer
29024,Summer,Summer,Summer
29031,Fall,Summer,Summer
29036,Summer,Summer,Summer
29047,Summer,Summer,Summer
29050,Summer,Summer,Summer
29068,Winter,Winter,Winter
29069,Winter,Winter,Winter
29082,Winter,Summer,Winter
29086,Winter,Winter,Winter
29097,Winter,Winter,Winter
29102,Summer,Summer,Summer
29103,Summer,Summer,Summer
29106,Summer,Summer,Summer
29112,Winter,Summer,Fall
29113,Summer,Summer,Summer
29114,Summer,Summer,Summer
29117,Summer,Summer,Summer
29122,Summer,Fall,Fall
29123,Summer,Fall,Fall
29154,Summer,Fall,Fall
29157,Summer,Summer,Summer
29158,Summer,Summer,Summer
29168,Summer,Summer,Summer
29169,Summer,Summer,Summer
29173,Summer,Summer,Summer
29184,Summer,Summer,Summer
29188,Summer,Winter,Winter
29190,Summer,Winter,Winter
29196,Summer,Summer,Fall
29200,Summer,Summer,Summer
29224,Summer,Summer,Summer
29227,Summer,Summer,Summer
29233,Summer,Summer,Summer
29236,Summer,Summer,Summer
29237,Summer,Winter,Winter
29263,Summer,Summer,Summer
29286,Summer,Summer,Summer
29292,Summer,Summer,Summer
29296,Summer,Summer,Summer
29348,Summer,Summer,Summer
29371,Summer,Summer,Summer
29447,Winter,Winter,Winter
29495,Winter,Winter,Winter
29497,Winter,Winter,Winter
29513,Winter,Winter,Winter
29514,Winter,Winter,Winter
29522,Winter,Winter,Winter
29523,Winter,Winter,Winter
29524,Winter,Winter,Winter
29559,Summer,Summer,Summer
29568,Summer,Summer,Summer
29575,Summer,Summer,Summer
29611,Summer,Summer,Summer
29612,Summer,Summer,Summer
29628,Summer,Summer,Summer
29657,Summer,Summer,Summer
29672,Summer,Summer,Summer
29683,Summer,Summer,Summer
29690,Summer,Summer,Summer
29750,Winter,Winter,Winter
29762,Winter,Winter,Winter
29778,Summer,Summer,Summer
29781,Summer,Summer,Summer
29786,Summer,Summer,Summer
29796,Summer,Summer,Summer
29797,Summer,Summer,Summer
29798,Summer,Summer,Summer
29800,Summer,Summer,Summer
29808,Summer,Summer,Summer
29838,Summer,Summer,Summer
29849,Summer,Summer,Summer
29862,Winter,Winter,Winter
29863,Summer,Winter,Winter
29867,Winter,Winter,Winter
29870,Winter,Winter,Winter
29875,Winter,Winter,Winter
29877,Summer,Winter,Winter
29878,Summer,Winter,Winter
29879,Summer,Winter,Winter
29880,Winter,Winter,Winter
29892,Winter,Winter,Winter
29911,Winter,Winter,Winter
29930,Winter,Winter,Winter
29932,Winter,Winter,Winter
29936,Winter,Winter,Winter
29937,Winter,Winter,Winter
29950,Winter,Winter,Winter
29956,Winter,Winter,Winter
29957,Winter,Winter,Winter
29959,Winter,Winter,Winter
29960,Winter,Winter,Winter
29981,Winter,Winter,Winter
30014,Winter,Winter,Winter
30023,Winter,Winter,Winter
30029,Winter,Winter,Winter
30046,Winter,Winter,Winter
30047,Winter,Winter,Winter
30057,Winter,Winter,Winter
30059,Winter,Winter,Winter
30064,Winter,Winter,Winter
30065,Winter,Winter,Winter
30083,Winter,Winter,Winter
30086,Winter,Winter,Winter
30095,Winter,Winter,Winter
30107,Summer,Summer,Summer
30112,Summer,Summer,Summer
30118,Summer,Summer,Summer
30122,Summer,Summer,Summer
30136,Summer,Summer,Summer
30139,Summer,Fall,Fall
30142,Summer,Fall,Fall
30172,Winter,Winter,Winter
30180,Fall,Summer,Summer
30182,Summer,Summer,Summer
30184,Summer,Summer,Summer
30189,Summer,Summer,Summer
30199,Spring,Summer,Summer
30202,Summer,Summer,Summer
30210,Summer,Summer,Summer
30261,Winter,Winter,Summer
30303,Summer,Summer,Summer
30305,Summer,Summer,Summer
30324,Summer,Summer,Summer
30336,Summer,Summer,Summer
30351,Summer,Summer,Summer
30354,Summer,Summer,Summer
30355,Summer,Summer,Summer
30359,Summer,Summer,Summer
30472,Summer,Summer,Summer
30485,Summer,Summer,Summer
30495,Summer,Summer,Summer
30499,Summer,Summer,Summer
30505,Summer,Summer,Summer
30508,Summer,Summer,Summer
30510,Summer,Summer,Summer
30550,Fall,Summer,Summer
30551,Fall,Summer,Summer
30559,Winter,Winter,Winter
30563,Winter,Winter,Winter
30569,Winter,Winter,Winter
30585,Fall,Summer,Summer
30588,Summer,Fall,Fall
30589,Summer,Summer,Summer
30592,Summer,Summer,Summer
30594,Summer,Summer,Summer
30597,Summer,Summer,Summer
30599,Summer,Summer,Summer
30606,Summer,Summer,Summer
30608,Summer,Summer,Summer
30612,Summer,Summer,Summer
30636,Summer,Summer,Summer
30644,Summer,Summer,Summer
30661,Winter,Winter,Winter
30662,Winter,Winter,Winter
30663,Winter,Winter,Winter
30665,Winter,Winter,Winter
30666,Winter,Winter,Winter
30668,Winter,Winter,Winter
30670,Winter,Winter,Winter
30676,Winter,Winter,Winter
30680,Winter,Winter,Winter
30681,Winter,Winter,Winter
30683,Winter,Winter,Winter
30717,Summer,Summer,Summer
30718,Summer,Fall,Fall
30731,Summer,Fall,Fall
30739,Summer,Spring,Spring
30756,Summer,Summer,Summer
30757,Summer,Summer,Summer
30766,Summer,Summer,Summer
30767,Summer,Summer,Summer
30769,Summer,Summer,Summer
30770,Summer,Summer,Summer
30772,Summer,Summer,Summer
30778,Summer,Summer,Summer
30799,Summer,Summer,Summer
30810,Summer,Summer,Summer
30823,Summer,Summer,Summer
30826,Summer,Summer,Summer
30827,Summer,Summer,Summer
30856,Summer,Summer,Summer
30875,Summer,Summer,Summer
30891,Summer,Summer,Fall
30900,Summer,Summer,Summer
30906,Summer,Summer,Summer
30915,Summer,Summer,Summer
30920,Summer,Summer,Summer
30921,Summer,Summer,Summer
30936,Spring,Summer,Summer
30938,Summer,Summer,Summer
30943,Summer,Summer,Summer
30946,Summer,Summer,Summer
30955,Summer,Summer,Summer
30976,Spring,Spring,Spring
31018,Summer,Summer,Summer
31032,Summer,Summer,Summer
31049,Summer,Summer,Summer
31062,Summer,Summer,Summer
31070,Summer,Summer,Summer
31072,Summer,Summer,Summer
31074,Summer,Summer,Summer
31078,Summer,Summer,Summer
31107,Summer,Summer,Summer
31109,Summer,Summer,Summer
31121,Summer,Summer,Summer
31143,Summer,Summer,Summer
31151,Summer,Summer,Summer
31167,Summer,Summer,Summer
31178,Summer,Summer,Summer
31208,Summer,Summer,Summer
31209,Summer,Summer,Summer
31210,Summer,Summer,Summer
31211,Summer,Summer,Summer
31213,Summer,Summer,Summer
31218,Summer,Summer,Summer
31219,Summer,Summer,Summer
31235,Summer,Summer,Summer
31242,Summer,Summer,Fall
31248,Summer,Summer,Summer
31260,Summer,Fall,Fall
31265,Summer,Summer,Summer
31270,Summer,Summer,Summer
31271,Summer,Summer,Summer
31272,Summer,Summer,Summer
31282,Summer,Summer,Summer
31287,Summer,Summer,Summer
31295,Summer,Summer,Summer
31302,Summer,Summer,Summer
31303,Summer,Summer,Summer
31306,Summer,Summer,Summer
31309,Summer,Summer,Summer
31311,Summer,Summer,Summer
31313,Summer,Summer,Summer
31327,Winter,Summer,Summer
31328,Summer,Summer,Summer
31332,Summer,Summer,Summer
31358,Fall,Summer,Summer
31443,Summer,Summer,Fall
31448,Summer,Summer,Summer
31451,Summer,Summer,Summer
31474,Fall,Summer,Summer
31543,Summer,Summer,Summer
31555,Summer,Summer,Summer
31585,Summer,Summer,Summer
31608,Summer,Spring,Summer
31640,Summer,Summer,Summer
31661,Summer,Summer,Summer
31662,Summer,Summer,Summer
31668,Summer,Summer,Summer
31672,Summer,Summer,Summer
31683,Summer,Summer,Summer
31686,Summer,Summer,Summer
31688,Summer,Summer,Summer
31689,Summer,Summer,Summer
31690,Summer,Summer,Summer
31691,Summer,Summer,Summer
31692,Summer,Summer,Summer
31693,Summer,Summer,Summer
31695,Summer,Summer,Summer
31696,Summer,Summer,Summer
31698,Summer,Summer,Summer
31725,Winter,Summer,Winter
31726,Winter,Winter,Winter
31727,Winter,Winter,Winter
31728,Winter,Winter,Winter
31781,Summer,Summer,Summer
31813,Winter,Winter,Winter
31814,Winter,Winter,Winter
31816,Winter,Winter,Winter
31819,Winter,Winter,Winter
31824,Winter,Winter,Winter
31827,Winter,Winter,Winter
31830,Winter,Winter,Winter
31836,Winter,Winter,Winter
31840,Winter,Winter,Winter
31842,Winter,Winter,Winter
31846,Winter,Winter,Winter
31862,Winter,Winter,Winter
31863,Winter,Winter,Winter
31864,Winter,Winter,Winter
31866,Winter,Winter,Winter
31889,Summer,Summer,Summer
31902,Summer,Summer,Summer
31905,Summer,Summer,Summer
31906,Summer,Summer,Summer
31920,Summer,Summer,Summer
31925,Summer,Summer,Summer
31943,Summer,Summer,Summer
31952,Summer,Summer,Summer
31953,Summer,Summer,Summer
31978,Summer,Summer,Summer
31979,Summer,Summer,Summer
32009,Summer,Summer,Summer
32024,Summer,Summer,Summer
32028,Summer,Summer,Summer
32029,Summer,Summer,Summer
32031,Summer,Summer,Summer
32032,Summer,Summer,Summer
32174,Summer,Summer,Summer
32179,Summer,Summer,Summer
32190,Summer,Summer,Summer
32199,Summer,Summer,Summer
32221,Summer,Summer,Summer
32228,Summer,Summer,Summer
32230,Summer,Summer,Summer
32247,Summer,Summer,Summer
32251,Summer,Winter,Winter
32256,Summer,Summer,Summer
32262,Summer,Summer,Summer
32263,Summer,Summer,Summer
32274,Summer,Summer,Summer
32282,Winter,Winter,Winter
32283,Winter,Winter,Winter
32317,Winter,Winter,Winter
32332,Winter,Winter,Winter
32339,Winter,Winter,Winter
32372,Winter,Winter,Winter
32381,Summer,Summer,Summer
32382,Summer,Summer,Summer
32383,Summer,Fall,Fall
32389,Summer,Fall,Fall
32397,Summer,Summer,Summer
32408,Summer,Summer,Summer
32412,Summer,Summer,Summer
32413,Summer,Summer,Summer
32430,Summer,Summer,Summer
32435,Summer,Summer,Summer
32440,Summer,Summer,Summer
32466,Summer,Summer,Summer
32471,Summer,Summer,Summer
32477,Summer,Summer,Summer
32479,Summer,Summer,Summer
32480,Summer,Summer,Summer
32490,Summer,Summer,Summer
32535,Spring,Spring,Spring
32571,Summer,Summer,Summer
32577,Summer,Summer,Summer
32584,Summer,Summer,Summer
32596,Summer,Summer,Summer
32598,Summer,Summer,Summer
32615,Spring,Fall,Fall
32622,Fall,Summer,Summer
32634,Summer,Summer,Summer
32637,Summer,Summer,Summer
32638,Summer,Summer,Summer
32645,Summer,Summer,Summer
32651,Summer,Summer,Summer
32685,Fall,Summer,Summer
32736,Summer,Summer,Summer
32742,Summer,Summer,Summer
32803,Winter,Winter,Winter
32815,Winter,Winter,Winter
32816,Winter,Winter,Winter
32818,Winter,Winter,Winter
32824,Winter,Winter,Winter
32833,Winter,Winter,Winter
32836,Winter,Winter,Summer
32837,Winter,Winter,Winter
32840,Winter,Winter,Winter
32858,Winter,Summer,Summer
32859,Winter,Winter,Winter
32867,Spring,Summer,Summer
32886,Summer,Summer,Summer
32914,Summer,Summer,Summer
32947,Summer,Summer,Summer
32948,Summer,Summer,Summer
32959,Summer,Summer,Summer
33021,Summer,Summer,Summer
33025,Summer,Summer,Summer
33032,Summer,Summer,Summer
33047,Summer,Summer,Summer
33052,Summer,Summer,Summer
33053,Summer,Summer,Summer
33054,Winter,Summer,Summer
33055,Summer,Summer,Summer
33060,Summer,Summer,Summer
33073,Summer,Summer,Summer
33074,Summer,Summer,Summer
33076,Summer,Summer,Summer
33079,Summer,Summer,Summer
33084,Summer,Summer,Summer
33085,Summer,Summer,Summer
33100,Winter,Winter,Winter
33102,Winter,Winter,Winter
33106,Winter,Summer,Summer
33115,Winter,Summer,Summer
33121,Winter,Summer,Summer
33135,Winter,Winter,Winter
33138,Summer,Summer,Summer
33141,Summer,Summer,Summer
33142,Summer,Summer,Summer
33149,Summer,Summer,Summer
33151,Summer,Summer,Summer
33152,Summer,Summer,Summer
33154,Summer,Summer,Summer
33162,Summer,Summer,Summer
33171,Summer,Summer,Summer
33172,Summer,Summer,Summer
33186,Summer,Summer,Summer
33188,Summer,Summer,Summer
33191,Summer,Summer,Summer
33199,Summer,Summer,Summer
33203,Summer,Summer,Summer
33204,Summer,Summer,Summer
33221,Summer,Summer,Summer
33230,Summer,Summer,Summer
33236,Summer,Summer,Summer
33237,Summer,Fall,Fall
33240,Summer,Summer,Summer
33241,Summer,Summer,Summer
33242,Fall,Summer,Summer
33245,Summer,Summer,Summer
33247,Summer,Summer,Summer
33249,Summer,Summer,Summer
33250,Summer,Fall,Fall
33255,Summer,Summer,Summer
33256,Summer,Summer,Summer
33260,Summer,Summer,Summer
33273,Summer,Summer,Summer
33277,Summer,Summer,Summer
33278,Summer,Summer,Summer
33283,Summer,Summer,Summer
33290,Summer,Summer,Summer
33298,Summer,Summer,Summer
33314,Fall,Summer,Summer
33315,Summer,Summer,Summer
33316,Summer,Summer,Summer
33326,Summer,Summer,Summer
33344,Summer,Summer,Summer
33352,Summer,Winter,Winter
33355,Summer,Summer,Summer
33371,Fall,Summer,Summer
33377,Summer,Summer,Summer
33383,Summer,Summer,Summer
33393,Summer,Winter,Summer
33401,Summer,Summer,Summer
33422,Summer,Summer,Summer
33434,Summer,Winter,Summer
33437,Summer,Summer,Summer
33439,Fall,Winter,Winter
33441,Summer,Winter,Summer
33467,Summer,Summer,Summer
33476,Summer,Summer,Summer
33478,Summer,Summer,Summer
33483,Summer,Summer,Summer
33489,Summer,Summer,Summer
33512,Summer,Winter,Winter
33515,Summer,Winter,Winter
33531,Summer,Winter,Winter
33537,Summer,Winter,Winter
33574,Summer,Summer,Summer
33585,Summer,Summer,Summer
33587,Summer,Summer,Summer
33593,Summer,Summer,Summer
33603,Summer,Summer,Summer
33608,Summer,Summer,Summer
33611,Summer,Summer,Summer
33618,Summer,Summer,Summer
33624,Summer,Summer,Summer
33628,Summer,Summer,Summer
33631,Summer,Summer,Summer
33634,Summer,Summer,Summer
33637,Winter,Winter,Winter
33652,Summer,Summer,Summer
33661,Summer,Summer,Summer
33687,Winter,Winter,Winter
33694,Winter,Summer,Winter
33703,Winter,Summer,Summer
33706,Winter,Summer,Summer
33707,Winter,Summer,Summer
33720,Fall,Summer,Summer
33724,Summer,Summer,Summer
33743,Summer,Summer,Summer
33745,Summer,Summer,Summer
33748,Summer,Summer,Summer
33755,Summer,Summer,Summer
33763,Summer,Summer,Summer
33768,Summer,Summer,Summer
33769,Summer,Summer,Summer
33774,Summer,Summer,Summer
33777,Summer,Fall,Fall
33778,Summer,Summer,Summer
33829,Summer,Summer,Summer
33865,Winter,Summer,Fall
33874,Summer,Winter,Winter
33882,Winter,Winter,Winter
33883,Winter,Winter,Winter
33884,Winter,Winter,Winter
33886,Winter,Winter,Winter
33891,Winter,Winter,Winter
33894,Winter,Winter,Winter
33914,Winter,Winter,Winter
33915,Winter,Winter,Winter
33935,Summer,Summer,Summer
33996,Summer,Summer,Summer
34009,Summer,Summer,Summer
34010,Summer,Summer,Summer
34020,Summer,Summer,Summer
34021,Summer,Summer,Summer
34022,Summer,Summer,Summer
34023,Summer,Summer,Summer
34081,Summer,Summer,Summer
34084,Fall,Summer,Summer
34098,Summer,Summer,Fall
34161,Summer,Summer,Summer
34170,Summer,Summer,Summer
34171,Summer,Summer,Summer
34186,Summer,Summer,Summer
34195,Summer,Summer,Summer
34199,Summer,Summer,Summer
34203,Winter,Summer,Summer
34206,Summer,Summer,Summer
34209,Summer,Summer,Summer
34211,Winter,Summer,Summer
34223,Summer,Summer,Summer
34250,Summer,Summer,Summer
34251,Summer,Summer,Summer
34267,Summer,Summer,Summer
34269,Summer,Summer,Summer
34277,Summer,Summer,Summer
34280,Summer,Summer,Summer
34304,Summer,Summer,Summer
34305,Summer,Summer,Summer
34314,Summer,Summer,Summer
34319,Summer,Summer,Summer
34362,Summer,Summer,Summer
34364,Summer,Summer,Summer
34379,Summer,Summer,Summer
34382,Summer,Summer,Summer
34385,Summer,Summer,Summer
34394,Summer,Summer,Summer
34409,Summer,Summer,Summer
34425,Summer,Summer,Summer
34440,Summer,Summer,Summer
34447,Summer,Summer,Summer
34476,Summer,Summer,Summer
34507,Summer,Summer,Summer
34508,Summer,Summer,Summer
34516,Summer,Summer,Summer
34535,Winter,Winter,Winter
34543,Winter,Winter,Winter
34546,Summer,Summer,Summer
34550,Summer,Winter,Winter
34569,Summer,Summer,Summer
34585,Summer,Summer,Summer
34590,Summer,Summer,Summer
34596,Summer,Summer,Summer
34601,Summer,Summer,Summer
34602,Summer,Summer,Summer
34625,Winter,Winter,Winter
34629,Summer,Summer,Summer
34634,Summer,Summer,Summer
34639,Summer,Summer,Summer
34642,Summer,Summer,Summer
34644,Fall,Summer,Summer
34654,Summer,Summer,Summer
34721,Summer,Summer,Summer
34730,Summer,Summer,Summer
34733,Summer,Summer,Summer
34736,Summer,Summer,Summer
34748,Summer,Summer,Summer
34753,Summer,Summer,Summer
34754,Summer,Summer,Summer
34760,Summer,Summer,Summer
34762,Summer,Summer,Summer
34772,Summer,Summer,Summer
34785,Summer,Summer,Summer
34790,Summer,Summer,Summer
34797,Summer,Summer,Winter
34822,Summer,Summer,Summer
34823,Summer,Summer,Summer
34825,Summer,Summer,Summer
34829,Summer,Summer,Summer
34835,Summer,Summer,Summer
34847,Summer,Summer,Summer
34850,Summer,Summer,Summer
34860,Summer,Summer,Summer
34872,Summer,Summer,Summer
34874,Summer,Summer,Summer
34880,Summer,Summer,Summer
34888,Summer,Summer,Summer
34889,Summer,Summer,Summer
34902,Summer,Summer,Summer
34904,Summer,Summer,Summer
34914,Summer,Summer,Summer
34920,Summer,Summer,Summer
34936,Summer,Summer,Summer
34942,Summer,Summer,Summer
34943,Summer,Summer,Summer
34945,Summer,Summer,Summer
34946,Summer,Summer,Summer
34982,Summer,Summer,Summer
34983,Summer,Summer,Summer
34984,Summer,Summer,Summer
34996,Summer,Summer,Summer
34999,Summer,Summer,Summer
35007,Summer,Summer,Summer
35011,Summer,Summer,Summer
35013,Summer,Summer,Summer
35023,Summer,Summer,Summer
35034,Summer,Summer,Summer
35045,Summer,Summer,Summer
35048,Summer,Summer,Summer
35049,Fall,Summer,Summer
35060,Summer,Summer,Summer
35061,Summer,Summer,Summer
35073,Summer,Summer,Summer
35074,Summer,Summer,Summer
35075,Summer,Summer,Summer
35086,Summer,Summer,Summer
35089,Summer,Fall,Fall
35093,Summer,Summer,Summer
35099,Spring,Summer,Summer
35100,Spring,Summer,Summer
35106,Summer,Summer,Summer
35124,Fall,Summer,Summer
35127,Summer,Summer,Summer
35128,Winter,Summer,Summer
35131,Winter,Winter,Winter
35134,Summer,Fall,Summer
35142,Summer,Summer,Summer
35144,Summer,Winter,Winter
35146,Summer,Summer,Winter
35149,Summer,Winter,Winter
35194,Spring,Spring,Spring
35282,Winter,Winter,Winter
35337,Winter,Winter,Summer
35338,Winter,Winter,Winter
35339,Winter,Winter,Winter
35378,Summer,Winter,Winter
35410,Summer,Summer,Summer
35419,Summer,Summer,Summer
35421,Spring,Summer,Summer
35424,Summer,Summer,Summer
35438,Summer,Summer,Fall
35465,Fall,Summer,Summer
35471,Winter,Winter,Winter
35476,Summer,Summer,Summer
35477,Summer,Summer,Summer
35489,Summer,Summer,Summer
35490,Summer,Summer,Summer
35657,Summer,Summer,Summer
35659,Winter,Summer,Summer
35678,Summer,Summer,Summer
35680,Summer,Summer,Summer
35681,Summer,Summer,Summer
35682,Summer,Summer,Summer
35684,Summer,Summer,Summer
35691,Summer,Summer,Summer
35694,Summer,Summer,Summer
35698,Winter,Summer,Summer
35701,Summer,Summer,Summer
35702,Summer,Summer,Summer
35706,Summer,Summer,Summer
35714,Summer,Summer,Summer
35782,Summer,Winter,Winter
35784,Summer,Summer,Summer
35787,Summer,Summer,Summer
35800,Summer,Winter,Winter
35807,Summer,Winter,Winter
35809,Summer,Winter,Winter
35816,Summer,Summer,Summer
35817,Summer,Summer,Summer
35874,Summer,Summer,Summer
35881,Summer,Summer,Summer
35888,Summer,Summer,Summer
35927,Summer,Summer,Summer
35928,Winter,Summer,Summer
35958,Summer,Summer,Summer
35987,Summer,Summer,Summer
35994,Summer,Summer,Summer
35997,Summer,Summer,Summer
36002,Summer,Summer,Summer
36036,Summer,Summer,Summer
36037,Summer,Summer,Summer
36045,Summer,Winter,Winter
36047,Summer,Summer,Summer
36056,Summer,Summer,Summer
36061,Summer,Summer,Summer
36063,Summer,Summer,Summer
36068,Winter,Summer,Summer
36069,Winter,Summer,Summer
36074,Winter,Summer,Summer
36075,Winter,Winter,Winter
36110,Summer,Summer,Summer
36131,Summer,Summer,Summer
36133,Summer,Summer,Summer
36134,Summer,Winter,Winter
36147,Fall,Summer,Summer
36164,Summer,Summer,Summer
36173,Summer,Summer,Summer
36203,Summer,Summer,Summer
36208,Summer,Summer,Summer
36209,Summer,Summer,Summer
36211,Summer,Summer,Summer
36219,Summer,Summer,Summer
36224,Summer,Summer,Summer
36227,Summer,Summer,Summer
36237,Summer,Summer,Summer
36243,Summer,Summer,Summer
36248,Summer,Summer,Summer
36268,Summer,Summer,Summer
36277,Summer,Summer,Summer
36303,Summer,Summer,Summer
36309,Summer,Summer,Summer
36332,Summer,Summer,Summer
36345,Summer,Summer,Summer
36413,Summer,Summer,Summer
36417,Spring,Fall,Fall
36419,Spring,Summer,Fall
36432,Spring,Summer,Summer
36436,Summer,Summer,Summer
36456,Spring,Summer,Summer
36459,Spring,Summer,Summer
36460,Summer,Summer,Summer
36463,Spring,Summer,Summer
36470,Summer,Summer,Summer
36477,Summer,Summer,Summer
36480,Spring,Summer,Summer
36494,Summer,Summer,Summer
36497,Summer,Summer,Summer
36505,Summer,Summer,Summer
36520,Summer,Summer,Summer
36563,Summer,Summer,Summer
36651,Summer,Summer,Summer
36654,Summer,Summer,Summer
36662,Summer,Summer,Summer
36693,Summer,Summer,Summer
36701,Spring,Spring,Spring
36708,Spring,Spring,Spring
36714,Spring,Spring,Spring
36729,Summer,Summer,Summer
36736,Summer,Summer,Summer
36798,Winter,Winter,Winter
36807,Spring,Spring,Spring
36813,Spring,Spring,Spring
36818,Summer,Summer,Summer
36841,Summer,Summer,Summer
36875,Summer,Summer,Summer
36901,Winter,Winter,Winter
36904,Winter,Winter,Winter
36908,Winter,Summer,Winter
36915,Winter,Summer,Summer
36923,Winter,Summer,Summer
36934,Spring,Spring,Spring
36938,Spring,Spring,Spring
36992,Summer,Summer,Winter
36993,Summer,Winter,Winter
37068,Summer,Summer,Summer
37074,Summer,Summer,Summer
37086,Summer,Summer,Summer
37099,Summer,Summer,Summer
37103,Summer,Summer,Summer
37111,Summer,Summer,Summer
37142,Summer,Summer,Summer
37146,Summer,Summer,Summer
37158,Summer,Summer,Summer
37159,Summer,Summer,Summer
37200,Summer,Summer,Summer
37202,Summer,Summer,Summer
37204,Summer,Summer,Summer
37205,Summer,Summer,Summer
37206,Summer,Summer,Summer
37221,Summer,Summer,Summer
37222,Summer,Summer,Summer
37223,Summer,Summer,Summer
37225,Summer,Winter,Winter
37238,Summer,Summer,Summer
37241,Summer,Summer,Summer
37242,Summer,Summer,Summer
37247,Summer,Summer,Summer
37250,Summer,Summer,Summer
37255,Summer,Summer,Summer
37256,Summer,Summer,Summer
37285,Summer,Summer,Summer
37289,Summer,Winter,Winter
37295,Winter,Winter,Winter
37307,Winter,Summer,Summer
37325,Winter,Winter,Winter
37341,Spring,Summer,Summer
37406,Summer,Summer,Summer
37410,Summer,Summer,Winter
37473,Winter,Winter,Winter
37478,Winter,Winter,Winter
37503,Winter,Winter,Winter
37532,Summer,Summer,Summer
37534,Summer,Summer,Summer
37539,Summer,Summer,Summer
37544,Summer,Summer,Summer
37547,Summer,Summer,Summer
37551,Summer,Summer,Summer
37558,Summer,Summer,Summer
37562,Summer,Summer,Summer
37570,Summer,Summer,Summer
37576,Summer,Summer,Summer
37581,Summer,Summer,Summer
37593,Summer,Summer,Summer
37596,Summer,Summer,Summer
37597,Summer,Summer,Summer
37599,Summer,Summer,Summer
37601,Summer,Summer,Fall
37621,Summer,Summer,Summer
37625,Summer,Summer,Summer
37638,Summer,Winter,Winter
37639,Summer,Winter,Winter
37679,Summer,Winter,Winter
37684,Summer,Summer,Summer
37690,Summer,Summer,Summer
37692,Summer,Spring,Summer
37696,Summer,Winter,Winter
37700,Summer,Summer,Summer
37701,Summer,Summer,Summer
37720,Summer,Summer,Summer
37726,Summer,Summer,Summer
37729,Summer,Summer,Summer
37733,Summer,Summer,Summer
37736,Summer,Summer,Summer
37737,Summer,Summer,Summer
37746,Summer,Summer,Summer
37747,Summer,Summer,Summer
37749,Summer,Summer,Summer
37751,Summer,Summer,Summer
37758,Summer,Summer,Summer
37760,Summer,Summer,Summer
37780,Summer,Summer,Summer
37783,Summer,Summer,Summer
37787,Summer,Summer,Summer
37793,Summer,Summer,Summer
37797,Summer,Summer,Summer
37802,Summer,Summer,Summer
37812,Summer,Summer,Summer
37847,Summer,Summer,Summer
37849,Summer,Summer,Summer
37856,Summer,Winter,Winter
37858,Summer,Winter,Winter
37886,Summer,Summer,Summer
37901,Summer,Summer,Summer
37925,Summer,Summer,Summer
37933,Summer,Summer,Summer
37935,Summer,Summer,Summer
37945,Summer,Summer,Summer
37948,Summer,Summer,Summer
37952,Summer,Summer,Summer
37959,Fall,Winter,Winter
37961,Fall,Winter,Winter
37963,Winter,Summer,Summer
37966,Fall,Winter,Fall
37974,Fall,Winter,Winter
38004,Winter,Winter,Winter
38017,Winter,Winter,Winter
38053,Winter,Winter,Winter
38054,Winter,Winter,Winter
38086,Summer,Summer,Summer
38141,Summer,Winter,Winter
38150,Summer,Summer,Summer
38152,Summer,Summer,Summer
38158,Winter,Winter,Winter
38159,Winter,Winter,Winter
38161,Winter,Winter,Winter
38162,Winter,Winter,Winter
38165,Winter,Winter,Winter
38166,Winter,Winter,Winter
38167,Winter,Winter,Winter
38168,Winter,Winter,Winter
38169,Winter,Winter,Winter
38170,Winter,Winter,Winter
38171,Winter,Winter,Winter
38173,Winter,Winter,Winter
38174,Winter,Winter,Winter
38175,Winter,Winter,Winter
38178,Winter,Winter,Winter
38179,Winter,Winter,Winter
38180,Winter,Winter,Winter
38181,Winter,Winter,Winter
38182,Winter,Winter,Winter
38183,Winter,Winter,Winter
38184,Winter,Winter,Winter
38185,Winter,Winter,Winter
38186,Winter,Winter,Winter
38187,Winter,Winter,Winter
38247,Summer,Summer,Summer
38284,Summer,Summer,Summer
38288,Summer,Summer,Summer
38307,Summer,Fall,Fall
38313,Winter,Winter,Winter
38319,Summer,Summer,Summer
38334,Summer,Summer,Summer
38335,Summer,Summer,Summer
38358,Summer,Summer,Summer
38360,Summer,Summer,Summer
38389,Summer,Summer,Summer
38396,Summer,Summer,Summer
38403,Summer,Summer,Summer
38405,Summer,Winter,Summer
38407,Summer,Summer,Summer
38415,Summer,Summer,Summer
38416,Summer,Summer,Summer
38419,Summer,Fall,Fall
38430,Summer,Summer,Summer
38447,Summer,Summer,Winter
38448,Winter,Summer,Summer
38457,Summer,Summer,Summer
38459,Fall,Winter,Winter
38463,Summer,Summer,Summer
38468,Summer,Summer,Summer
38471,Summer,Winter,Winter
38480,Summer,Summer,Summer
38488,Summer,Summer,Summer
38522,Summer,Summer,Summer
38546,Summer,Fall,Fall
38548,Summer,Summer,Summer
38549,Summer,Summer,Fall
38550,Summer,Summer,Summer
38551,Summer,Summer,Summer
38568,Summer,Summer,Summer
38573,Fall,Summer,Fall
38576,Spring,Summer,Summer
38610,Summer,Summer,Summer
38616,Summer,Summer,Summer
38623,Summer,Summer,Summer
38630,Summer,Summer,Summer
38636,Summer,Summer,Summer
38639,Summer,Summer,Summer
38650,Summer,Summer,Summer
38653,Summer,Summer,Summer
38656,Summer,Fall,Fall
38657,Summer,Summer,Summer
38660,Summer,Summer,Summer
38665,Summer,Summer,Summer
38667,Summer,Summer,Summer
38683,Summer,Summer,Summer
38736,Summer,Winter,Winter
38740,Summer,Summer,Summer
38743,Summer,Spring,Summer
38745,Summer,Summer,Summer
38746,Summer,Summer,Summer
38750,Summer,Summer,Summer
38758,Summer,Summer,Summer
38762,Fall,Summer,Summer
38765,Summer,Summer,Summer
38766,Summer,Summer,Summer
38767,Summer,Summer,Summer
38768,Summer,Summer,Summer
38769,Summer,Summer,Summer
38811,Summer,Summer,Summer
38818,Fall,Summer,Summer
38828,Summer,Summer,Summer
38837,Fall,Summer,Summer
38838,Fall,Summer,Summer
38840,Summer,Summer,Summer
38842,Fall,Summer,Summer
38850,Fall,Summer,Summer
38863,Summer,Summer,Summer
38866,Summer,Summer,Summer
38932,Summer,Summer,Summer
38933,Summer,Summer,Summer
38942,Summer,Summer,Summer
38943,Summer,Summer,Summer
38946,Summer,Summer,Summer
38947,Summer,Summer,Summer
38948,Summer,Summer,Summer
38949,Summer,Summer,Summer
38954,Summer,Summer,Summer
38955,Summer,Summer,Summer
38956,Summer,Summer,Summer
38957,Summer,Summer,Summer
38964,Summer,Summer,Summer
38979,Summer,Summer,Summer
38981,Summer,Summer,Summer
38983,Summer,Summer,Summer
38986,Summer,Summer,Fall
38987,Summer,Summer,Summer
38991,Summer,Fall,Fall
38997,Summer,Summer,Summer
38999,Summer,Summer,Summer
39013,Summer,Summer,Summer
39020,Winter,Winter,Winter
39021,Winter,Winter,Winter
39029,Winter,Winter,Winter
39034,Summer,Fall,Fall
39056,Summer,Summer,Fall
39062,Summer,Summer,Summer
39092,Summer,Fall,Fall
39123,Fall,Summer,Summer
39126,Fall,Fall,Fall
39138,Summer,Summer,Summer
39139,Summer,Summer,Summer
39144,Summer,Summer,Summer
39150,Summer,Summer,Summer
39158,Summer,Summer,Summer
39169,Summer,Summer,Summer
39173,Summer,Summer,Summer
39189,Winter,Winter,Winter
39216,Summer,Summer,Summer
39217,Summer,Summer,Summer
39230,Summer,Summer,Summer
39239,Summer,Summer,Summer
39241,Summer,Summer,Summer
39245,Winter,Winter,Winter
39247,Winter,Winter,Winter
39249,Winter,Fall,Fall
39253,Winter,Winter,Winter
39274,Winter,Winter,Winter
39277,Winter,Summer,Summer
39278,Summer,Summer,Summer
39286,Summer,Summer,Summer
39288,Winter,Summer,Summer
39290,Winter,Summer,Summer
39293,Winter,Winter,Winter
39295,Winter,Winter,Winter
39296,Winter,Winter,Winter
39298,Winter,Summer,Summer
39299,Winter,Winter,Winter
39300,Winter,Fall,Fall
39301,Winter,Summer,Winter
39304,Winter,Winter,Winter
39309,Winter,Winter,Winter
39327,Summer,Summer,Summer
39340,Summer,Summer,Summer
39342,Summer,Summer,Summer
39344,Fall,Summer,Summer
39366,Winter,Winter,Winter
39377,Winter,Summer,Summer
39380,Summer,Summer,Summer
39412,Summer,Summer,Summer
39447,Summer,Summer,Summer
39448,Summer,Summer,Summer
39452,Summer,Summer,Summer
39458,Summer,Summer,Summer
39459,Summer,Summer,Summer
39461,Summer,Summer,Summer
39469,Summer,Summer,Summer
39470,Summer,Summer,Summer
39482,Summer,Winter,Summer
39492,Spring,Fall,Summer
39493,Summer,Summer,Summer
39516,Fall,Winter,Winter
39532,Winter,Summer,Winter
39540,Winter,Winter,Winter
39560,Winter,Winter,Winter
39567,Winter,Winter,Winter
39578,Winter,Winter,Winter
39599,Winter,Winter,Winter
39604,Spring,Winter,Winter
39610,Winter,Winter,Winter
39625,Summer,Summer,Summer
39626,Summer,Summer,Fall
39628,Summer,Summer,Summer
39629,Summer,Summer,Summer
39631,Summer,Summer,Summer
39669,Summer,Summer,Summer
39718,Summer,Summer,Summer
39719,Summer,Summer,Summer
39726,Summer,Summer,Summer
39730,Summer,Summer,Summer
39745,Summer,Summer,Summer
39749,Summer,Summer,Summer
39750,Summer,Summer,Summer
39792,Summer,Summer,Summer
39800,Summer,Summer,Summer
39809,Summer,Summer,Summer
39847,Summer,Summer,Summer
39871,Winter,Winter,Winter
39878,Summer,Summer,Summer
39888,Summer,Summer,Summer
39894,Summer,Summer,Summer
39903,Summer,Fall,Summer
39907,Summer,Fall,Summer
39909,Summer,Summer,Summer
39922,Fall,Winter,Winter
39927,Winter,Summer,Summer
39932,Winter,Fall,Fall
39938,Summer,Summer,Summer
39953,Summer,Summer,Summer
39967,Summer,Winter,Winter
39970,Spring,Summer,Fall
39971,Summer,Winter,Winter
39973,Winter,Summer,Winter
39974,Winter,Winter,Winter
39981,Summer,Fall,Summer
40017,Summer,Fall,Fall
40026,Summer,Summer,Fall
40028,Summer,Summer,Summer
40040,Summer,Summer,Summer
40051,Fall,Summer,Summer
40057,Summer,Summer,Summer
40064,Summer,Summer,Summer
40067,Summer,Summer,Summer
40070,Summer,Summer,Summer
40087,Summer,Summer,Summer
40093,Summer,Summer,Summer
40105,Summer,Summer,Summer
40119,Summer,Summer,Summer
40128,Summer,Summer,Summer
40136,Summer,Summer,Summer
40143,Summer,Summer,Summer
40147,Summer,Summer,Summer
40148,Summer,Summer,Summer
40150,Summer,Summer,Summer
40158,Summer,Summer,Summer
40183,Summer,Summer,Summer
40184,Summer,Summer,Summer
40197,Summer,Summer,Summer
40203,Summer,Summer,Summer
40224,Summer,Summer,Summer
40255,Summer,Summer,Summer
40285,Spring,Summer,Summer
40319,Summer,Summer,Summer
40322,Spring,Summer,Summer
40382,Summer,Summer,Summer
40383,Summer,Summer,Summer
40396,Summer,Summer,Summer
40405,Summer,Summer,Summer
40413,Summer,Summer,Summer
40417,Summer,Summer,Summer
40430,Summer,Summer,Summer
40449,Winter,Winter,Winter
40452,Winter,Winter,Winter
40466,Summer,Summer,Summer
40467,Summer,Summer,Summer
40472,Fall,Summer,Summer
40487,Fall,Summer,Summer
40525,Winter,Winter,Winter
40529,Winter,Winter,Winter
40530,Summer,Winter,Winter
40531,Winter,Winter,Winter
40532,Winter,Winter,Winter
40533,Winter,Winter,Winter
40534,Winter,Winter,Winter
40535,Winter,Winter,Winter
40536,Winter,Winter,Winter
40537,Winter,Winter,Winter
40538,Winter,Winter,Winter
40539,Winter,Winter,Winter
40540,Winter,Winter,Winter
40542,Winter,Winter,Winter
40543,Winter,Winter,Winter
40545,Winter,Winter,Winter
40547,Winter,Winter,Winter
40548,Winter,Winter,Winter
40549,Winter,Summer,Summer
40551,Winter,Winter,Winter
40552,Winter,Winter,Winter
40553,Winter,Winter,Winter
40564,Winter,Winter,Winter
40566,Summer,Summer,Summer
40570,Summer,Summer,Summer
40572,Summer,Fall,Fall
40577,Summer,Summer,Summer
40586,Summer,Summer,Summer
40588,Summer,Summer,Summer
40599,Summer,Summer,Summer
40600,Summer,Summer,Summer
40602,Summer,Summer,Summer
40604,Summer,Summer,Summer
40611,Summer,Summer,Summer
40612,Summer,Summer,Summer
40617,Summer,Summer,Summer
40620,Summer,Summer,Summer
40631,Summer,Summer,Summer
40636,Summer,Summer,Summer
40637,Summer,Summer,Summer
40641,Summer,Summer,Summer
40645,Summer,Summer,Summer
40646,Summer,Summer,Summer
40653,Summer,Summer,Summer
40655,Summer,Summer,Summer
40657,Summer,Summer,Summer
40662,Summer,Summer,Summer
40663,Summer,Summer,Summer
40664,Summer,Summer,Summer
40665,Summer,Summer,Summer
40667,Summer,Summer,Summer
40692,Summer,Summer,Summer
40738,Summer,Summer,Summer
40741,Winter,Summer,Summer
40742,Summer,Summer,Summer
40747,Winter,Fall,Summer
40760,Summer,Winter,Winter
40767,Summer,Summer,Summer
40776,Summer,Summer,Summer
40778,Summer,Summer,Summer
40782,Summer,Summer,Summer
40783,Summer,Summer,Summer
40790,Summer,Summer,Summer
40934,Summer,Summer,Summer
40935,Summer,Summer,Summer
40938,Summer,Summer,Summer
40948,Summer,Fall,Fall
40949,Summer,Summer,Fall
40957,Summer,Summer,Fall
40960,Summer,Summer,Summer
40978,Summer,Summer,Summer
41080,Summer,Summer,Summer
41234,Summer,Fall,Fall
41236,Summer,Summer,Summer
41298,Summer,Summer,Summer
41300,Summer,Summer,Summer
41307,Summer,Fall,Fall
41322,Summer,Summer,Summer
41327,Fall,Fall,Fall
41377,Summer,Summer,Summer
41378,Summer,Summer,Summer
41381,Winter,Summer,Summer
41396,Summer,Summer,Summer
41397,Summer,Summer,Summer
41398,Summer,Summer,Summer
41456,Summer,Summer,Summer
41517,Winter,Winter,Winter
41531,Summer,Summer,Summer
41536,Summer,Summer,Summer
41551,Spring,Summer,Summer
41585,Summer,Summer,Summer
41586,Summer,Summer,Summer
41593,Summer,Summer,Summer
41597,Summer,Summer,Summer
41603,Summer,Summer,Summer
41636,Summer,Summer,Summer
41637,Summer,Summer,Summer
41665,Summer,Summer,Summer
41666,Summer,Summer,Summer
41679,Winter,Summer,Summer
41680,Winter,Winter,Winter
41691,Winter,Winter,Winter
41694,Summer,Summer,Summer
41695,Summer,Summer,Summer
41696,Summer,Summer,Summer
41716,Winter,Winter,Winter
41718,Winter,Winter,Winter
41743,Winter,Winter,Winter
41748,Summer,Summer,Summer
41775,Summer,Summer,Summer
41778,Summer,Summer,Summer
41793,Summer,Summer,Summer
41830,Summer,Summer,Summer
41833,Fall,Summer,Summer
41834,Spring,Summer,Fall
41836,Summer,Summer,Summer
41844,Summer,Winter,Winter
41848,Summer,Winter,Winter
41855,Summer,Fall,Winter
41876,Summer,Winter,Summer
41899,Spring,Spring,Spring
41921,Winter,Winter,Winter
41957,Summer,Summer,Summer
41958,Summer,Summer,Summer
41971,Summer,Summer,Summer
41972,Summer,Summer,Summer
41983,Summer,Summer,Summer
41984,Summer,Summer,Summer
41995,Summer,Summer,Summer
41997,Summer,Summer,Summer
41998,Summer,Summer,Summer
42006,Summer,Summer,Summer
42016,Summer,Summer,Summer
42020,Summer,Summer,Summer
42031,Summer,Fall,Fall
42046,Summer,Summer,Summer
42066,Summer,Summer,Summer
42068,Summer,Summer,Summer
42074,Summer,Summer,Summer
42076,Summer,Summer,Summer
42080,Summer,Summer,Summer
42083,Summer,Summer,Summer
42084,Summer,Summer,Summer
42093,Fall,Fall,Fall
42103,Summer,Summer,Summer
42110,Summer,Summer,Summer
42121,Summer,Summer,Summer
42126,Fall,Summer,Summer
42128,Summer,Summer,Summer
42131,Summer,Summer,Summer
42140,Summer,Summer,Summer
42144,Summer,Summer,Summer
42147,Summer,Summer,Summer
42152,Summer,Summer,Summer
42173,Winter,Summer,Summer
42198,Summer,Summer,Summer
42209,Summer,Summer,Summer
42210,Summer,Summer,Summer
42222,Summer,Summer,Summer
42228,Summer,Summer,Summer
42229,Summer,Summer,Summer
42238,Summer,Summer,Summer
42240,Summer,Summer,Summer
42241,Summer,Summer,Summer
42269,Summer,Summer,Summer
42271,Summer,Summer,Summer
42330,Summer,Summer,Summer
42349,Summer,Fall,Fall
42394,Summer,Summer,Summer
42399,Summer,Summer,Summer
42408,Summer,Summer,Summer
42414,Summer,Summer,Summer
42417,Summer,Summer,Summer
42509,Summer,Summer,Summer
42520,Summer,Summer,Summer
42523,Summer,Summer,Summer
42535,Summer,Summer,Summer
42583,Summer,Summer,Summer
42589,Summer,Summer,Summer
42590,Summer,Summer,Summer
42594,Summer,Summer,Summer
42598,Summer,Summer,Summer
42600,Summer,Summer,Summer
42610,Winter,Fall,Fall
42616,Winter,Winter,Winter
42617,Winter,Winter,Winter
42618,Winter,Summer,Summer
42620,Winter,Summer,Summer
42636,Winter,Winter,Winter
42637,Winter,Winter,Winter
42639,Winter,Winter,Winter
42641,Summer,Summer,Summer
42642,Summer,Summer,Summer
42696,Spring,Winter,Winter
42699,Winter,Winter,Winter
42701,Winter,Winter,Winter
42703,Winter,Winter,Winter
42727,Winter,Winter,Winter
42732,Winter,Winter,Winter
42749,Winter,Winter,Winter
42750,Winter,Winter,Winter
42777,Fall,Summer,Summer
42778,Summer,Summer,Summer
42830,Summer,Winter,Winter
42833,Summer,Winter,Winter
42845,Summer,Summer,Summer
42847,Summer,Summer,Summer
42849,Summer,Summer,Summer
42856,Summer,Summer,Summer
42866,Summer,Summer,Summer
42871,Summer,Summer,Summer
42875,Summer,Summer,Summer
42876,Summer,Summer,Summer
42879,Summer,Summer,Summer
42880,Summer,Summer,Summer
42888,Summer,Winter,Winter
42892,Summer,Summer,Summer
42893,Summer,Summer,Summer
42908,Summer,Winter,Winter
42911,Summer,Summer,Summer
42913,Spring,Summer,Summer
42927,Summer,Summer,Summer
42930,Summer,Summer,Summer
42931,Summer,Summer,Winter
42939,Summer,Summer,Summer
42944,Summer,Summer,Summer
42946,Summer,Summer,Summer
42948,Summer,Summer,Summer
42953,Summer,Summer,Summer
42957,Summer,Summer,Summer
42959,Summer,Summer,Summer
42960,Summer,Summer,Summer
42962,Summer,Summer,Summer
42963,Summer,Summer,Summer
42965,Summer,Summer,Summer
42966,Summer,Summer,Summer
42967,Summer,Summer,Summer
42979,Summer,Summer,Summer
42984,Summer,Summer,Summer
42988,Summer,Summer,Summer
42989,Summer,Winter,Winter
42991,Summer,Summer,Summer
42993,Summer,Summer,Summer
42998,Summer,Winter,Winter
43044,Summer,Summer,Summer
43059,Summer,Summer,Summer
43065,Summer,Summer,Summer
43067,Summer,Summer,Summer
43079,Summer,Summer,Summer
43092,Spring,Spring,Spring
43094,Spring,Spring,Spring
43099,Spring,Spring,Spring
43100,Spring,Spring,Spring
43104,Spring,Spring,Spring
43122,Spring,Summer,Summer
43125,Spring,Winter,Winter
43137,Spring,Spring,Spring
43147,Summer,Summer,Summer
43152,Winter,Winter,Winter
43164,Winter,Winter,Winter
43165,Winter,Winter,Winter
43174,Winter,Winter,Winter
43175,Winter,Winter,Winter
43183,Winter,Winter,Winter
43188,Summer,Winter,Winter
43201,Winter,Winter,Winter
43202,Winter,Winter,Winter
43203,Winter,Winter,Winter
43205,Winter,Winter,Winter
43209,Winter,Winter,Winter
43210,Winter,Winter,Winter
43239,Summer,Summer,Summer
43241,Summer,Summer,Summer
43252,Summer,Summer,Summer
43253,Summer,Summer,Summer
43256,Summer,Summer,Summer
43257,Summer,Summer,Summer
43261,Summer,Summer,Summer
43263,Summer,Summer,Summer
43264,Summer,Summer,Summer
43270,Summer,Summer,Summer
43280,Summer,Winter,Winter
43298,Summer,Summer,Summer
43301,Summer,Summer,Summer
43303,Summer,Summer,Summer
43320,Summer,Summer,Summer
43327,Summer,Summer,Summer
43329,Summer,Summer,Summer
43341,Summer,Summer,Fall
43364,Summer,Summer,Summer
43379,Summer,Summer,Summer
43380,Summer,Summer,Summer
43386,Summer,Summer,Summer
43387,Summer,Summer,Winter
43388,Spring,Summer,Summer
43389,Summer,Summer,Summer
43390,Spring,Summer,Summer
43392,Summer,Summer,Summer
43393,Summer,Summer,Summer
43394,Summer,Summer,Summer
43397,Summer,Summer,Summer
43420,Summer,Summer,Summer
43465,Summer,Summer,Summer
43471,Summer,Summer,Summer
43512,Summer,Summer,Summer
43515,Summer,Summer,Summer
43540,Winter,Winter,Winter
43554,Summer,Fall,Summer
43555,Summer,Summer,Summer
43559,Summer,Summer,Summer
43561,Summer,Summer,Summer
43563,Summer,Summer,Summer
43564,Summer,Summer,Summer
43590,Summer,Summer,Summer
43598,Summer,Summer,Summer
43620,Summer,Summer,Summer
43621,Summer,Summer,Summer
43622,Summer,Summer,Summer
43623,Summer,Summer,Summer
43634,Summer,Summer,Summer
43638,Summer,Summer,Summer
43642,Summer,Summer,Summer
43660,Summer,Summer,Summer
43662,Summer,Summer,Summer
43663,Summer,Summer,Summer
43665,Summer,Summer,Summer
43667,Summer,Summer,Summer
43669,Summer,Summer,Summer
43670,Summer,Summer,Summer
43699,Summer,Summer,Summer
43759,Summer,Winter,Winter
43765,Summer,Summer,Summer
43768,Summer,Summer,Summer
43772,Winter,Winter,Winter
43779,Summer,Summer,Summer
43783,Summer,Summer,Summer
43784,Summer,Summer,Summer
43786,Fall,Summer,Summer
43790,Summer,Summer,Summer
43793,Summer,Summer,Summer
43796,Summer,Summer,Summer
43797,Summer,Summer,Summer
43798,Fall,Summer,Summer
43806,Summer,Summer,Summer
43808,Summer,Summer,Summer
43812,Summer,Summer,Summer
43814,Summer,Summer,Summer
43820,Summer,Summer,Summer
43821,Fall,Summer,Summer
43822,Summer,Summer,Summer
43826,Fall,Summer,Summer
43827,Summer,Summer,Summer
43831,Summer,Summer,Summer
43835,Summer,Summer,Summer
43837,Fall,Summer,Summer
43841,Fall,Summer,Summer
43842,Fall,Summer,Summer
43861,Summer,Summer,Summer
43862,Summer,Summer,Winter
43867,Summer,Summer,Summer
43869,Summer,Summer,Summer
43870,Summer,Summer,Summer
43877,Summer,Summer,Summer
43882,Summer,Fall,Summer
43909,Summer,Summer,Summer
43915,Summer,Summer,Summer
43925,Summer,Summer,Summer
43937,Winter,Summer,Summer
43947,Winter,Winter,Winter
43951,Winter,Winter,Winter
43952,Winter,Winter,Winter
43957,Fall,Summer,Summer
43966,Spring,Spring,Spring
43975,Spring,Spring,Spring
43983,Spring,Spring,Spring
43992,Spring,Spring,Spring
43994,Spring,Spring,Spring
44000,Spring,Spring,Spring
44025,Spring,Spring,Spring
44030,Spring,Spring,Spring
44038,Spring,Spring,Spring
44050,Spring,Spring,Spring
44055,Spring,Spring,Spring
44098,Spring,Spring,Spring
44099,Spring,Spring,Spring
44101,Spring,Spring,Spring
44127,Spring,Spring,Spring
44128,Spring,Spring,Spring
44132,Spring,Spring,Spring
44146,Spring,Spring,Spring
44156,Spring,Summer,Fall
44168,Spring,Spring,Spring
44178,Spring,Spring,Spring
44183,Spring,Spring,Spring
44207,Winter,Winter,Winter
44209,Winter,Winter,Winter
44213,Winter,Winter,Winter
44215,Winter,Winter,Winter
44216,Winter,Winter,Winter
44217,Winter,Winter,Winter
44223,Summer,Summer,Summer
44229,Summer,Summer,Summer
44232,Summer,Summer,Summer
44237,Summer,Summer,Summer
44242,Summer,Winter,Winter
44244,Summer,Winter,Winter
44245,Summer,Winter,Winter
44251,Summer,Summer,Summer
44258,Summer,Summer,Summer
44280,Summer,Summer,Summer
44284,Summer,Summer,Summer
44378,Spring,Spring,Spring
44382,Spring,Spring,Spring
44386,Spring,Spring,Spring
44389,Spring,Spring,Spring
44391,Spring,Spring,Spring
44400,Summer,Summer,Summer
44404,Fall,Summer,Summer
44405,Fall,Summer,Fall
44419,Winter,Summer,Summer
44425,Summer,Fall,Fall
44426,Summer,Fall,Fall
44447,Summer,Summer,Summer
44497,Summer,Summer,Summer
44500,Fall,Summer,Summer
44502,Fall,Fall,Fall
44572,Summer,Summer,Summer
44583,Summer,Summer,Summer
44629,Summer,Summer,Summer
44636,Summer,Summer,Summer
44637,Summer,Summer,Summer
44638,Summer,Summer,Summer
44644,Summer,Summer,Summer
44645,Summer,Summer,Summer
44648,Summer,Summer,Summer
44658,Summer,Summer,Summer
44659,Summer,Summer,Summer
44660,Summer,Summer,Summer
44677,Summer,Summer,Summer
44688,Summer,Summer,Summer
44700,Summer,Summer,Summer
44705,Summer,Summer,Summer
44706,Fall,Summer,Summer
44725,Summer,Winter,Summer
44734,Spring,Winter,Winter
44735,Spring,Winter,Summer
44740,Summer,Summer,Summer
44741,Summer,Fall,Fall
44746,Summer,Summer,Summer
44751,Summer,Summer,Summer
44760,Summer,Summer,Summer
44782,Summer,Summer,Summer
44783,Summer,Summer,Summer
44800,Summer,Summer,Summer
44810,Summer,Summer,Summer
44821,Fall,Summer,Winter
44833,Summer,Summer,Summer
44835,Summer,Summer,Summer
44848,Summer,Summer,Summer
44857,Summer,Summer,Summer
44861,Summer,Summer,Summer
44866,Summer,Summer,Summer
44868,Summer,Summer,Summer
44869,Summer,Summer,Summer
44902,Summer,Summer,Summer
44906,Summer,Summer,Summer
44915,Summer,Summer,Summer
44919,Summer,Summer,Summer
44920,Summer,Summer,Summer
44923,Summer,Summer,Summer
44924,Summer,Summer,Summer
44925,Summer,Summer,Summer
44928,Summer,Summer,Summer
44930,Summer,Summer,Summer
44931,Summer,Summer,Summer
44932,Summer,Summer,Summer
44936,Summer,Winter,Winter
44937,Summer,Summer,Summer
44938,Summer,Summer,Summer
44943,Summer,Summer,Summer
44957,Spring,Spring,Spring
44958,Spring,Spring,Spring
44971,Winter,Winter,Winter
44976,Winter,Winter,Winter
44980,Winter,Winter,Winter
44992,Winter,Winter,Winter
44993,Winter,Winter,Winter
45008,Winter,Winter,Winter
45011,Winter,Winter,Winter
45027,Winter,Winter,Winter
45036,Winter,Winter,Winter
45037,Winter,Winter,Winter
45042,Winter,Winter,Winter
45045,Winter,Winter,Winter
45049,Fall,Summer,Summer
45076,Winter,Summer,Summer
45082,Summer,Summer,Summer
45084,Summer,Summer,Summer
45086,Winter,Summer,Summer
45088,Winter,Summer,Summer
45100,Summer,Summer,Summer
45138,Winter,Winter,Winter
45141,Winter,Winter,Winter
45163,Winter,Winter,Winter
45166,Winter,Winter,Winter
45170,Summer,Winter,Winter
45173,Winter,Winter,Winter
45178,Winter,Winter,Winter
45191,Winter,Winter,Winter
45209,Winter,Winter,Winter
45214,Winter,Winter,Winter
45223,Winter,Summer,Winter
45227,Winter,Winter,Winter
45230,Winter,Winter,Winter
45231,Winter,Winter,Winter
45239,Winter,Winter,Winter
45247,Winter,Winter,Winter
45249,Winter,Winter,Winter
45252,Summer,Winter,Winter
45277,Summer,Summer,Summer
45287,Winter,Winter,Winter
45291,Winter,Winter,Winter
45292,Winter,Winter,Winter
45293,Winter,Winter,Winter
45296,Winter,Winter,Winter
45319,Summer,Summer,Summer
45323,Summer,Summer,Summer
45326,Summer,Summer,Summer
45328,Summer,Fall,Fall
45335,Summer,Winter,Winter
45336,Summer,Winter,Winter
45341,Summer,Winter,Winter
45343,Summer,Summer,Summer
45396,Winter,Winter,Winter
45412,Winter,Winter,Winter
45488,Summer,Summer,Summer
45531,Summer,Summer,Summer
45566,Spring,Spring,Spring
45581,Summer,Summer,Summer
45594,Summer,Winter,Winter
45650,Summer,Summer,Summer
45656,Summer,Summer,Summer
45657,Summer,Summer,Summer
45662,Summer,Summer,Summer
45672,Spring,Summer,Summer
45676,Spring,Spring,Spring
45693,Spring,Summer,Summer
45708,Spring,Spring,Spring
45710,Spring,Spring,Spring
45725,Summer,Summer,Summer
45727,Summer,Summer,Summer
45731,Summer,Summer,Summer
45732,Summer,Summer,Summer
45735,Summer,Summer,Summer
45736,Summer,Summer,Summer
45748,Summer,Summer,Summer
45771,Spring,Spring,Spring
45778,Summer,Summer,Summer
45781,Summer,Summer,Summer
45797,Summer,Winter,Winter
45821,Summer,Summer,Summer
45924,Winter,Winter,Winter
45941,Summer,Summer,Summer
45943,Summer,Summer,Summer
45946,Summer,Summer,Summer
45991,Summer,Fall,Fall
45995,Summer,Summer,Summer
45996,Summer,Summer,Summer
45997,Summer,Summer,Summer
46017,Summer,Summer,Summer
46020,Summer,Summer,Summer
46021,Summer,Summer,Summer
46029,Winter,Summer,Summer
46034,Winter,Summer,Summer
46036,Winter,Summer,Summer
46040,Winter,Summer,Summer
46042,Winter,Winter,Winter
46046,Winter,Summer,Summer
46055,Winter,Winter,Winter
46066,Summer,Summer,Summer
46067,Summer,Summer,Summer
46077,Summer,Summer,Summer
46081,Summer,Fall,Fall
46086,Summer,Summer,Summer
46096,Summer,Winter,Winter
46104,Summer,Summer,Summer
46125,Winter,Fall,Fall
46129,Winter,Winter,Winter
46151,Fall,Winter,Winter
46152,Winter,Fall,Fall
46162,Winter,Winter,Winter
46242,Summer,Summer,Summer
46278,Summer,Summer,Summer
46290,Summer,Fall,Fall
46305,Summer,Summer,Summer
46309,Winter,Winter,Winter
46317,Winter,Winter,Winter
46318,Winter,Winter,Winter
46333,Summer,Summer,Summer
46362,Summer,Summer,Summer
46376,Summer,Summer,Summer
46381,Summer,Summer,Summer
46382,Summer,Summer,Summer
46384,Summer,Summer,Summer
46386,Summer,Summer,Summer
46391,Summer,Summer,Summer
46392,Summer,Summer,Summer
46399,Summer,Summer,Summer
46402,Summer,Summer,Summer
46404,Summer,Summer,Summer
46409,Summer,Summer,Summer
46414,Summer,Summer,Summer
46420,Winter,Winter,Winter
46422,Winter,Winter,Winter
46426,Winter,Winter,Winter
46431,Winter,Winter,Winter
46433,Winter,Winter,Winter
46440,Winter,Winter,Winter
46442,Winter,Winter,Winter
46447,Winter,Winter,Winter
46453,Winter,Winter,Winter
46454,Winter,Winter,Winter
46458,Winter,Winter,Winter
46460,Winter,Winter,Winter
46461,Winter,Winter,Winter
46467,Winter,Winter,Winter
46471,Winter,Winter,Winter
46477,Winter,Winter,Winter
46480,Winter,Winter,Winter
46482,Winter,Winter,Winter
46495,Winter,Winter,Winter
46500,Winter,Winter,Winter
46503,Winter,Winter,Winter
46508,Winter,Winter,Winter
46514,Winter,Winter,Winter
46517,Winter,Winter,Winter
46519,Winter,Winter,Winter
46524,Winter,Winter,Winter
46528,Winter,Winter,Winter
46541,Winter,Winter,Winter
46543,Winter,Winter,Winter
46567,Winter,Winter,Winter
46568,Winter,Winter,Winter
46569,Winter,Winter,Winter
46572,Winter,Winter,Winter
46579,Winter,Winter,Winter
46610,Summer,Winter,Winter
46616,Winter,Winter,Winter
46633,Spring,Spring,Spring
46634,Spring,Spring,Spring
46635,Spring,Spring,Spring
46657,Spring,Spring,Spring
46663,Spring,Spring,Spring
46666,Spring,Spring,Spring
46699,Spring,Winter,Winter
46702,Spring,Spring,Spring
46720,Spring,Spring,Spring
46737,Winter,Winter,Winter
46746,Summer,Summer,Summer
46753,Spring,Spring,Spring
46770,Spring,Spring,Spring
46774,Spring,Spring,Spring
46803,Summer,Summer,Summer
46809,Summer,Summer,Summer
46850,Fall,Winter,Winter
46925,Spring,Spring,Spring
46926,Spring,Spring,Spring
46937,Spring,Spring,Spring
46946,Spring,Summer,Summer
46948,Spring,Spring,Spring
46953,Spring,Spring,Spring
46958,Fall,Winter,Fall
46965,Summer,Winter,Winter
46967,Summer,Winter,Summer
46973,Summer,Summer,Summer
46976,Summer,Winter,Winter
46977,Summer,Summer,Summer
46980,Summer,Winter,Winter
46982,Summer,Winter,Winter
46984,Summer,Winter,Winter
46985,Summer,Summer,Summer
46988,Summer,Summer,Summer
46997,Summer,Summer,Summer
46999,Summer,Summer,Summer
47011,Fall,Summer,Summer
47027,Fall,Summer,Summer
47029,Fall,Summer,Summer
47030,Fall,Summer,Summer
47042,Summer,Summer,Summer
47043,Summer,Summer,Summer
47064,Summer,Summer,Summer
47076,Fall,Summer,Summer
47088,Winter,Winter,Winter
47142,Summer,Summer,Summer
47151,Summer,Summer,Summer
47155,Summer,Summer,Summer
47169,Summer,Summer,Summer
47171,Summer,Summer,Summer
47172,Summer,Summer,Summer
47174,Summer,Summer,Summer
47175,Summer,Fall,Summer
47176,Summer,Summer,Summer
47177,Summer,Summer,Summer
47178,Summer,Summer,Summer
47179,Summer,Summer,Summer
47188,Summer,Summer,Summer
47192,Summer,Summer,Winter
47193,Summer,Summer,Summer
47194,Summer,Summer,Winter
47201,Summer,Summer,Summer
47203,Summer,Summer,Summer
47204,Summer,Winter,Winter
47205,Summer,Fall,Summer
47208,Summer,Summer,Summer
47210,Summer,Winter,Summer
47212,Summer,Summer,Summer
47214,Summer,Winter,Winter
47220,Summer,Summer,Summer
47226,Summer,Summer,Summer
47251,Summer,Summer,Summer
47260,Summer,Summer,Summer
47275,Summer,Summer,Summer
47279,Summer,Winter,Summer
47289,Summer,Winter,Winter
47295,Summer,Winter,Winter
47304,Summer,Summer,Summer
47307,Spring,Summer,Summer
47337,Fall,Summer,Summer
47351,Summer,Summer,Summer
47358,Fall,Summer,Summer
47361,Summer,Summer,Summer
47368,Summer,Summer,Summer
47378,Summer,Winter,Winter
47388,Fall,Winter,Winter
47400,Summer,Summer,Summer
47403,Summer,Summer,Summer
47404,Winter,Summer,Summer
47409,Summer,Summer,Summer
47417,Summer,Summer,Summer
47420,Fall,Summer,Summer
47424,Fall,Summer,Summer
47446,Summer,Winter,Fall
47450,Summer,Winter,Winter
47452,Summer,Winter,Summer
47453,Fall,Winter,Winter
47454,Fall,Winter,Winter
47456,Fall,Winter,Winter
47457,Summer,Winter,Winter
47476,Summer,Fall,Fall
47488,Fall,Winter,Winter
47509,Summer,Summer,Summer
47510,Summer,Summer,Summer
47520,Summer,Summer,Summer
47534,Winter,Winter,Winter
47542,Winter,Winter,Winter
47551,Winter,Summer,Summer
47555,Winter,Winter,Winter
47557,Winter,Winter,Winter
47558,Winter,Winter,Winter
47575,Winter,Winter,Winter
47579,Winter,Winter,Winter
47603,Winter,Winter,Winter
47633,Spring,Winter,Winter
47634,Winter,Winter,Winter
47635,Spring,Summer,Summer
47646,Winter,Winter,Winter
47648,Winter,Winter,Winter
47667,Summer,Summer,Summer
47671,Summer,Summer,Summer
47673,Summer,Summer,Summer
47682,Spring,Winter,Fall
47689,Summer,Winter,Summer
47724,Summer,Winter,Summer
47734,Fall,Winter,Winter
47880,Summer,Winter,Winter
48027,Winter,Winter,Winter
48077,Summer,Summer,Summer
48081,Summer,Summer,Summer
48083,Summer,Summer,Summer
48090,Summer,Summer,Summer
48124,Summer,Summer,Summer
48131,Summer,Summer,Winter
48138,Summer,Summer,Summer
48153,Winter,Summer,Summer
48154,Winter,Summer,Summer
48155,Winter,Summer,Summer
48162,Winter,Summer,Summer
48163,Winter,Summer,Summer
48177,Winter,Summer,Summer
48201,Winter,Winter,Winter
48219,Winter,Winter,Winter
48225,Winter,Winter,Winter
48226,Winter,Winter,Winter
48231,Winter,Winter,Winter
48238,Summer,Summer,Summer
48252,Summer,Summer,Summer
48253,Summer,Summer,Summer
48313,Winter,Winter,Winter
48335,Winter,Summer,Summer
48347,Fall,Winter,Winter
48348,Summer,Summer,Summer
48359,Summer,Summer,Summer
48368,Summer,Summer,Summer
48371,Summer,Summer,Summer
48382,Summer,Summer,Summer
48384,Summer,Summer,Summer
48387,Summer,Summer,Summer
48388,Summer,Summer,Summer
48398,Summer,Winter,Summer
48399,Summer,Summer,Summer
48409,Summer,Summer,Summer
48419,Summer,Summer,Summer
48429,Summer,Summer,Summer
48436,Summer,Summer,Summer
48440,Summer,Summer,Summer
48465,Summer,Summer,Summer
48473,Winter,Summer,Summer
48476,Winter,Summer,Summer
48483,Winter,Summer,Summer
48484,Winter,Summer,Summer
48485,Summer,Summer,Summer
48490,Winter,Summer,Summer
48492,Winter,Summer,Summer
48503,Summer,Summer,Summer
48505,Summer,Summer,Summer
48509,Summer,Summer,Summer
48515,Summer,Summer,Summer
48516,Summer,Summer,Summer
48520,Summer,Summer,Summer
48529,Fall,Summer,Summer
48530,Fall,Summer,Summer
48532,Fall,Summer,Summer
48536,Summer,Summer,Summer
48537,Summer,Fall,Summer
48557,Spring,Summer,Summer
48558,Spring,Summer,Summer
48594,Summer,Summer,Summer
48747,Summer,Summer,Summer
48748,Summer,Winter,Winter
48749,Summer,Summer,Summer
48750,Summer,Summer,Summer
48751,Summer,Summer,Summer
48752,Summer,Summer,Summer
48753,Summer,Summer,Summer
48791,Summer,Spring,Summer
48806,Summer,Summer,Summer
48807,Summer,Summer,Summer
48808,Summer,Summer,Summer
48809,Fall,Summer,Summer
48810,Summer,Summer,Summer
48811,Summer,Summer,Summer
48943,Summer,Summer,Summer
49014,Summer,Summer,Summer
49017,Summer,Summer,Summer
49019,Fall,Summer,Summer
49020,Fall,Summer,Summer
49024,Summer,Summer,Summer
49025,Summer,Summer,Summer
49029,Summer,Summer,Summer
49065,Summer,Summer,Summer
49079,Spring,Spring,Spring
49080,Spring,Spring,Spring
49081,Spring,Spring,Spring
49083,Spring,Spring,Spring
49101,Spring,Spring,Spring
49109,Spring,Summer,Summer
49114,Spring,Spring,Spring
49115,Spring,Spring,Spring
49125,Spring,Spring,Spring
49126,Spring,Spring,Spring
49144,Spring,Spring,Spring
49150,Spring,Spring,Spring
49163,Spring,Spring,Spring
49166,Spring,Spring,Spring
49228,Summer,Summer,Summer
49249,Summer,Summer,Summer
49250,Summer,Summer,Summer
49266,Summer,Summer,Summer
49267,Summer,Summer,Summer
49268,Summer,Summer,Summer
49269,Summer,Summer,Summer
49270,Summer,Summer,Summer
49287,Summer,Summer,Summer
49288,Summer,Summer,Summer
49301,Summer,Summer,Summer
49302,Summer,Summer,Summer
49303,Summer,Summer,Summer
49310,Summer,Summer,Summer
49321,Winter,Winter,Winter
49322,Winter,Winter,Winter
49327,Winter,Winter,Winter
49363,Summer,Winter,Winter
49372,Summer,Summer,Summer
49378,Summer,Summer,Summer
49406,Summer,Summer,Summer
49419,Summer,Summer,Summer
49461,Summer,Summer,Summer
49468,Summer,Summer,Summer
49470,Summer,Summer,Summer
49473,Fall,Summer,Summer
49492,Summer,Summer,Summer
49499,Fall,Summer,Summer
49504,Summer,Summer,Summer
49505,Summer,Summer,Winter
49510,Summer,Summer,Summer
49513,Winter,Winter,Winter
49516,Winter,Winter,Winter
49536,Summer,Summer,Summer
49546,Summer,Summer,Summer
49548,Summer,Summer,Summer
49557,Summer,Winter,Summer
49562,Summer,Summer,Summer
49568,Summer,Winter,Summer
49607,Winter,Fall,Winter
49610,Winter,Winter,Winter
49618,Winter,Winter,Winter
49624,Winter,Winter,Winter
49633,Summer,Summer,Summer
49635,Summer,Summer,Summer
49638,Summer,Summer,Summer
49657,Summer,Summer,Summer
49699,Summer,Summer,Summer
49734,Summer,Summer,Summer
49736,Summer,Summer,Summer
49752,Summer,Summer,Summer
49757,Summer,Summer,Summer
49758,Summer,Summer,Summer
49762,Summer,Summer,Summer
49775,Summer,Summer,Summer
49781,Summer,Summer,Summer
49785,Summer,Summer,Summer
49790,Summer,Summer,Fall
49794,Summer,Fall,Fall
49799,Summer,Fall,Fall
49802,Winter,Summer,Summer
49809,Winter,Winter,Winter
49814,Winter,Winter,Winter
49835,Winter,Winter,Winter
49839,Winter,Winter,Winter
49844,Winter,Winter,Winter
49867,Winter,Winter,Winter
49876,Winter,Winter,Winter
49880,Winter,Winter,Winter
49885,Winter,Winter,Winter
49886,Winter,Winter,Winter
49890,Winter,Winter,Winter
49893,Winter,Winter,Winter
49894,Winter,Winter,Winter
49895,Winter,Winter,Winter
49898,Winter,Winter,Winter
49917,Fall,Summer,Summer
49919,Fall,Fall,Fall
49921,Fall,Fall,Fall
49923,Fall,Summer,Fall
49938,Summer,Summer,Summer
49961,Summer,Summer,Summer
49962,Summer,Summer,Summer
49963,Summer,Summer,Fall
49974,Summer,Summer,Summer
49980,Summer,Summer,Summer
49981,Summer,Summer,Summer
49984,Winter,Summer,Summer
50000,Winter,Winter,Winter
50002,Winter,Winter,Winter
50020,Winter,Summer,Summer
50028,Winter,Summer,Summer
50034,Summer,Summer,Summer
50036,Winter,Summer,Summer
50047,Winter,Winter,Winter
50051,Summer,Summer,Summer
50153,Winter,Winter,Winter
50155,Winter,Winter,Winter
50163,Winter,Winter,Winter
50173,Winter,Winter,Winter
50178,Winter,Summer,Summer
50179,Summer,Summer,Summer
50181,Spring,Winter,Winter
50190,Winter,Summer,Summer
50191,Winter,Summer,Summer
50192,Summer,Summer,Summer
50221,Summer,Summer,Summer
50236,Summer,Summer,Summer
50242,Summer,Summer,Summer
50280,Summer,Summer,Summer
50281,Summer,Summer,Summer
50284,Summer,Summer,Summer
50286,Summer,Summer,Summer
50288,Summer,Summer,Summer
50290,Summer,Summer,Summer
50291,Summer,Summer,Summer
50293,Summer,Summer,Summer
50294,Summer,Summer,Summer
50295,Summer,Summer,Summer
50297,Summer,Summer,Summer
50306,Summer,Summer,Summer
50342,Summer,Summer,Summer
50344,Summer,Summer,Summer
50384,Summer,Summer,Summer
50388,Winter,Winter,Winter
50401,Winter,Summer,Summer
50419,Summer,Fall,Fall
50429,Summer,Summer,Summer
50433,Winter,Summer,Fall
50435,Winter,Summer,Summer
50438,Summer,Summer,Summer
50442,Summer,Summer,Summer
50443,Summer,Summer,Summer
50445,Summer,Summer,Summer
50455,Summer,Summer,Summer
50456,Summer,Summer,Summer
50463,Summer,Summer,Summer
50464,Summer,Summer,Summer
50471,Summer,Summer,Summer
50475,Winter,Summer,Summer
50490,Winter,Summer,Summer
50491,Winter,Winter,Winter
50494,Winter,Summer,Summer
50495,Winter,Summer,Summer
50510,Winter,Summer,Summer
50513,Winter,Summer,Summer
50519,Summer,Summer,Summer
50524,Winter,Summer,Summer
50541,Summer,Summer,Summer
50542,Summer,Summer,Summer
50550,Winter,Summer,Summer
50553,Summer,Summer,Summer
50557,Summer,Summer,Summer
50570,Summer,Summer,Summer
50571,Summer,Summer,Summer
50575,Summer,Summer,Summer
50581,Winter,Summer,Summer
50583,Winter,Summer,Summer
50591,Summer,Summer,Summer
50600,Summer,Summer,Summer
50601,Summer,Summer,Summer
50606,Winter,Summer,Summer
50610,Winter,Summer,Summer
50612,Summer,Summer,Summer
50620,Summer,Summer,Summer
50635,Winter,Summer,Summer
50641,Winter,Summer,Summer
50666,Summer,Summer,Summer
50668,Fall,Winter,Winter
50684,Summer,Summer,Summer
50694,Summer,Summer,Summer
50698,Summer,Summer,Summer
50701,Fall,Summer,Summer
50702,Fall,Summer,Summer
50733,Winter,Summer,Summer
50734,Winter,Summer,Summer
50735,Winter,Winter,Winter
50736,Winter,Winter,Summer
50742,Winter,Winter,Winter
50743,Winter,Winter,Winter
50748,Winter,Summer,Summer
50749,Winter,Summer,Summer
50750,Summer,Summer,Summer
50754,Winter,Summer,Summer
50756,Winter,Summer,Summer
50761,Winter,Winter,Winter
50764,Winter,Summer,Summer
50765,Winter,Summer,Summer
50774,Fall,Summer,Summer
50830,Summer,Summer,Summer
50831,Winter,Summer,Summer
50853,Summer,Fall,Fall
50854,Summer,Fall,Fall
50870,Fall,Fall,Fall
50877,Summer,Fall,Fall
50878,Fall,Summer,Summer
50881,Summer,Fall,Fall
50884,Fall,Summer,Fall
50889,Fall,Summer,Summer
50895,Fall,Summer,Summer
50916,Summer,Summer,Summer
50943,Winter,Fall,Fall
50945,Summer,Summer,Summer
50948,Winter,Summer,Summer
50951,Winter,Summer,Summer
50953,Winter,Summer,Summer
50956,Summer,Summer,Summer
50961,Summer,Summer,Summer
50962,Winter,Summer,Summer
50964,Summer,Summer,Summer
50972,Summer,Summer,Summer
50973,Summer,Summer,Summer
50974,Summer,Summer,Summer
50979,Summer,Summer,Summer
50992,Summer,Fall,Fall
51003,Summer,Summer,Summer
51024,Summer,Summer,Summer
51031,Summer,Summer,Summer
51039,Summer,Summer,Summer
51048,Summer,Summer,Summer
51051,Summer,Summer,Summer
51052,Summer,Summer,Summer
51058,Summer,Summer,Summer
51075,Summer,Summer,Summer
51077,Summer,Summer,Summer
51090,Summer,Summer,Summer
51154,Summer,Summer,Summer
51158,Summer,Summer,Summer
51161,Summer,Summer,Summer
51166,Summer,Summer,Summer
51174,Summer,Summer,Summer
51180,Summer,Summer,Summer
51181,Summer,Summer,Summer
51188,Fall,Summer,Summer
51204,Summer,Summer,Summer
51226,Summer,Summer,Summer
51245,Winter,Winter,Winter
51269,Winter,Summer,Summer
51271,Winter,Summer,Summer
51272,Winter,Summer,Summer
51278,Fall,Winter,Winter
51288,Fall,Winter,Winter
51294,Fall,Winter,Winter
51301,Winter,Summer,Summer
51331,Summer,Summer,Summer
51332,Summer,Summer,Summer
51333,Summer,Summer,Summer
51339,Summer,Summer,Summer
51343,Summer,Summer,Summer
51354,Summer,Summer,Summer
51355,Summer,Summer,Summer
51359,Summer,Summer,Summer
51361,Summer,Summer,Summer
51363,Summer,Summer,Summer
51379,Summer,Summer,Summer
51385,Summer,Summer,Summer
51390,Summer,Summer,Summer
51396,Summer,Summer,Summer
51399,Summer,Summer,Summer
51414,Summer,Summer,Summer
51415,Summer,Summer,Summer
51418,Summer,Summer,Summer
51421,Summer,Summer,Summer
51423,Summer,Summer,Summer
51427,Summer,Summer,Summer
51428,Summer,Summer,Summer
51429,Summer,Summer,Summer
51439,Summer,Summer,Summer
51444,Summer,Summer,Summer
51448,Summer,Summer,Summer
51455,Summer,Summer,Summer
51457,Summer,Summer,Summer
51462,Summer,Summer,Summer
51466,Summer,Summer,Summer
51500,Summer,Summer,Summer
51519,Winter,Winter,Winter
51521,Summer,Winter,Winter
51532,Winter,Winter,Winter
51550,Winter,Winter,Winter
51574,Winter,Winter,Winter
51617,Fall,Summer,Summer
51619,Fall,Summer,Summer
51628,Winter,Winter,Winter
51635,Winter,Winter,Winter
51642,Winter,Winter,Winter
51646,Winter,Winter,Winter
51647,Winter,Winter,Winter
51651,Winter,Winter,Winter
51652,Winter,Winter,Winter
51657,Winter,Winter,Winter
51661,Winter,Winter,Winter
51665,Winter,Winter,Winter
51667,Winter,Winter,Winter
51669,Winter,Winter,Winter
51674,Winter,Winter,Winter
51682,Winter,Winter,Winter
51688,Winter,Winter,Winter
51703,Winter,Winter,Winter
51708,Winter,Winter,Winter
51711,Winter,Winter,Winter
51715,Winter,Winter,Winter
51725,Winter,Winter,Winter
51733,Winter,Winter,Winter
51734,Winter,Winter,Winter
51752,Winter,Winter,Winter
51761,Winter,Summer,Summer
51763,Winter,Winter,Winter
51764,Summer,Summer,Summer
51765,Summer,Summer,Summer
51767,Summer,Summer,Winter
51768,Summer,Summer,Summer
51776,Summer,Summer,Summer
51784,Summer,Summer,Summer
51826,Summer,Summer,Summer
51846,Summer,Summer,Summer
51905,Summer,Winter,Winter
51934,Summer,Summer,Summer
51955,Summer,Summer,Winter
51960,Summer,Summer,Summer
